/home/hjj/2605_E-Nudge_traffic_RL_V2/venv/lib/python3.13/site-packages/torch/cuda/__init__.py:187: UserWarning: CUDA initialization: The NVIDIA driver on your system is too old (found version 12020). Please update your GPU driver by downloading and installing a new version from the URL: http://www.nvidia.com/Download/index.aspx Alternatively, go to: https://pytorch.org to install a PyTorch version that has been compiled with your version of the CUDA driver. (Triggered internally at /pytorch/c10/cuda/CUDAFunctions.cpp:119.)
  return torch._C._cuda_getDeviceCount() > 0

============================================================
 학습 시작 | mode=attention | use_signal=True
 episodes=23000 | batch=128
 memory=80000 | warmup=2000 steps
 학습 토폴로지 (1개):
   - gangnam_clean_topology   w=1.00 nodes=1995 routes=30 max_steps=300
 ε: 1.0 → 0.05 (decay=0.99997, ~99856ep)
 shaping_w=0.0  uturn_penalty=300.0  revisit_penalty=50.0  arrival_bonus=700.0
 dynamic_od_boost=False (floor=0.15)
 penalty_anneal_frac=0.5 floor=0.2
 fuel_shaping_w=1500.0
============================================================
Ep  100/23000 | R=-15434.4 | Fuel=3954.9mL | Wait=2051s | Steps=276.9 | Reach=7% | ε=0.463 | Loss=1683.647 | t=357s
          ├ 토폴로지 도달률(최근50): gangnam_clean_topology=6%
          ├ OD별 도달률(최근200): rnd0=0%(n3)  rnd1=0%(n4)  rnd10=0%(n2)  rnd11=0%(n1)  rnd12=0%(n3)  rnd13=0%(n5)  rnd14=0%(n3)  rnd15=17%(n6)  rnd16=50%(n2)  rnd17=0%(n6)  rnd18=0%(n5)  rnd19=100%(n1)  rnd2=0%(n2)  rnd20=0%(n6)  rnd21=17%(n6)  rnd22=0%(n1)  rnd23=0%(n6)  rnd24=20%(n5)  rnd25=0%(n1)  rnd26=0%(n3)  rnd27=25%(n4)  rnd28=0%(n4)  rnd29=0%(n1)  rnd3=0%(n3)  rnd4=0%(n3)  rnd6=17%(n6)  rnd7=0%(n2)  rnd8=0%(n4)  rnd9=0%(n2)
          └ 이동 분포: straight=49%  left=24%  right=27%
Ep  200/23000 | R=-11952.5 | Fuel=3817.7mL | Wait=1798s | Steps=261.7 | Reach=21% | ε=0.211 | Loss=1650.582 | t=718s
          ├ 토폴로지 도달률(최근50): gangnam_clean_topology=24%
          ├ OD별 도달률(최근200): rnd0=0%(n4)  rnd1=0%(n7)  rnd10=50%(n4)  rnd11=33%(n6)  rnd12=0%(n8)  rnd13=0%(n7)  rnd14=0%(n9)  rnd15=22%(n9)  rnd16=33%(n6)  rnd17=0%(n8)  rnd18=0%(n9)  rnd19=100%(n2)  rnd2=20%(n5)  rnd20=0%(n11)  rnd21=25%(n8)  rnd22=0%(n3)  rnd23=11%(n9)  rnd24=17%(n6)  rnd25=50%(n4)  rnd26=0%(n9)  rnd27=17%(n6)  rnd28=0%(n8)  rnd29=0%(n4)  rnd3=33%(n6)  rnd4=0%(n11)  rnd5=0%(n3)  rnd6=30%(n10)  rnd7=33%(n6)  rnd8=25%(n8)  rnd9=25%(n4)
          └ 이동 분포: straight=50%  left=23%  right=27%
Ep  300/23000 | R=-10841.6 | Fuel=4009.1mL | Wait=2040s | Steps=267.6 | Reach=18% | ε=0.095 | Loss=1621.461 | t=1090s
          ├ 토폴로지 도달률(최근50): gangnam_clean_topology=14%
          ├ OD별 도달률(최근200): rnd0=0%(n7)  rnd1=0%(n14)  rnd10=50%(n6)  rnd11=17%(n12)  rnd12=0%(n11)  rnd13=22%(n9)  rnd14=7%(n14)  rnd15=42%(n12)  rnd16=33%(n6)  rnd17=0%(n9)  rnd18=0%(n12)  rnd19=100%(n3)  rnd2=33%(n6)  rnd20=0%(n16)  rnd21=15%(n13)  rnd22=0%(n5)  rnd23=25%(n16)  rnd24=11%(n9)  rnd25=22%(n9)  rnd26=0%(n9)  rnd27=11%(n9)  rnd28=0%(n11)  rnd29=0%(n9)  rnd3=40%(n10)  rnd4=0%(n13)  rnd5=0%(n7)  rnd6=36%(n11)  rnd7=44%(n9)  rnd8=23%(n13)  rnd9=10%(n10)
          └ 이동 분포: straight=52%  left=23%  right=25%
Ep  400/23000 | R=-10112.1 | Fuel=3787.7mL | Wait=1908s | Steps=265.4 | Reach=25% | ε=0.050 | Loss=1490.846 | t=1467s
          ├ 토폴로지 도달률(최근50): gangnam_clean_topology=32%
          ├ OD별 도달률(최근200): rnd0=0%(n9)  rnd1=0%(n15)  rnd10=44%(n9)  rnd11=27%(n15)  rnd12=0%(n17)  rnd13=31%(n13)  rnd14=7%(n15)  rnd15=38%(n13)  rnd16=30%(n10)  rnd17=18%(n11)  rnd18=0%(n14)  rnd19=50%(n6)  rnd2=40%(n10)  rnd20=0%(n18)  rnd21=26%(n19)  rnd22=0%(n10)  rnd23=32%(n19)  rnd24=8%(n13)  rnd25=13%(n15)  rnd26=0%(n11)  rnd27=15%(n13)  rnd28=0%(n18)  rnd29=0%(n13)  rnd3=38%(n13)  rnd4=21%(n19)  rnd5=0%(n10)  rnd6=46%(n13)  rnd7=50%(n10)  rnd8=20%(n15)  rnd9=14%(n14)
          └ 이동 분포: straight=56%  left=22%  right=22%
Ep  500/23000 | R=-8089.0 | Fuel=3238.4mL | Wait=1428s | Steps=232.4 | Reach=31% | ε=0.050 | Loss=1398.874 | t=1791s
          ├ 토폴로지 도달률(최근50): gangnam_clean_topology=22%
          ├ OD별 도달률(최근200): rnd0=0%(n11)  rnd1=0%(n16)  rnd10=58%(n12)  rnd11=29%(n17)  rnd12=0%(n19)  rnd13=44%(n18)  rnd14=5%(n20)  rnd15=31%(n16)  rnd16=33%(n12)  rnd17=23%(n13)  rnd18=0%(n18)  rnd19=27%(n11)  rnd2=50%(n12)  rnd20=0%(n18)  rnd21=30%(n23)  rnd22=0%(n12)  rnd23=30%(n23)  rnd24=7%(n14)  rnd25=11%(n19)  rnd26=0%(n16)  rnd27=13%(n15)  rnd28=0%(n22)  rnd29=0%(n18)  rnd3=47%(n15)  rnd4=25%(n20)  rnd5=0%(n14)  rnd6=56%(n16)  rnd7=71%(n17)  rnd8=23%(n22)  rnd9=14%(n21)
          └ 이동 분포: straight=54%  left=22%  right=23%
Ep  600/23000 | R=-6556.5 | Fuel=3030.3mL | Wait=1278s | Steps=213.5 | Reach=41% | ε=0.050 | Loss=1505.649 | t=2099s
          ├ 토폴로지 도달률(최근50): gangnam_clean_topology=42%
          ├ OD별 도달률(최근200): rnd0=0%(n12)  rnd1=5%(n19)  rnd10=65%(n17)  rnd11=38%(n21)  rnd12=0%(n21)  rnd13=42%(n19)  rnd14=4%(n24)  rnd15=33%(n18)  rnd16=43%(n14)  rnd17=29%(n17)  rnd18=0%(n22)  rnd19=16%(n19)  rnd2=58%(n19)  rnd20=0%(n23)  rnd21=36%(n25)  rnd22=0%(n14)  rnd23=34%(n29)  rnd24=6%(n17)  rnd25=10%(n20)  rnd26=0%(n17)  rnd27=11%(n18)  rnd28=0%(n26)  rnd29=0%(n22)  rnd3=58%(n19)  rnd4=26%(n23)  rnd5=0%(n15)  rnd6=73%(n26)  rnd7=72%(n18)  rnd8=29%(n24)  rnd9=14%(n22)
          └ 이동 분포: straight=56%  left=22%  right=22%
Ep  700/23000 | R=-7129.6 | Fuel=2946.2mL | Wait=1171s | Steps=212.0 | Reach=44% | ε=0.050 | Loss=1546.103 | t=2396s
          ├ 토폴로지 도달률(최근50): gangnam_clean_topology=46%
          ├ OD별 도달률(최근200): rnd0=8%(n13)  rnd1=10%(n21)  rnd10=74%(n23)  rnd11=50%(n26)  rnd12=4%(n25)  rnd13=39%(n23)  rnd14=4%(n26)  rnd15=35%(n23)  rnd16=50%(n20)  rnd17=30%(n20)  rnd18=0%(n23)  rnd19=18%(n22)  rnd2=59%(n22)  rnd20=0%(n24)  rnd21=43%(n28)  rnd22=0%(n16)  rnd23=36%(n33)  rnd24=4%(n23)  rnd25=12%(n25)  rnd26=0%(n20)  rnd27=9%(n22)  rnd28=0%(n28)  rnd29=0%(n26)  rnd3=67%(n24)  rnd4=30%(n27)  rnd5=0%(n19)  rnd6=74%(n27)  rnd7=75%(n20)  rnd8=32%(n25)  rnd9=19%(n26)
          └ 이동 분포: straight=56%  left=22%  right=21%
Ep  800/23000 | R=-5267.9 | Fuel=2572.6mL | Wait=1177s | Steps=185.7 | Reach=48% | ε=0.050 | Loss=1702.887 | t=2665s
          ├ 토폴로지 도달률(최근50): gangnam_clean_topology=48%
          ├ OD별 도달률(최근200): rnd0=6%(n17)  rnd1=9%(n22)  rnd10=74%(n23)  rnd11=58%(n31)  rnd12=4%(n28)  rnd13=50%(n28)  rnd14=3%(n33)  rnd15=33%(n24)  rnd16=54%(n26)  rnd17=36%(n28)  rnd18=0%(n25)  rnd19=30%(n27)  rnd2=70%(n30)  rnd20=0%(n27)  rnd21=48%(n31)  rnd22=0%(n20)  rnd23=45%(n38)  rnd24=3%(n29)  rnd25=12%(n25)  rnd26=0%(n20)  rnd27=8%(n26)  rnd28=0%(n30)  rnd29=0%(n27)  rnd3=63%(n27)  rnd4=32%(n28)  rnd5=0%(n20)  rnd6=74%(n27)  rnd7=81%(n26)  rnd8=30%(n30)  rnd9=22%(n27)
          └ 이동 분포: straight=57%  left=22%  right=21%
Ep  900/23000 | R=-5281.2 | Fuel=2651.7mL | Wait=1270s | Steps=184.8 | Reach=54% | ε=0.050 | Loss=1799.646 | t=2922s
          ├ 토폴로지 도달률(최근50): gangnam_clean_topology=60%
          ├ OD별 도달률(최근200): rnd0=33%(n27)  rnd1=12%(n24)  rnd10=74%(n27)  rnd11=61%(n33)  rnd12=4%(n28)  rnd13=56%(n32)  rnd14=3%(n36)  rnd15=34%(n29)  rnd16=57%(n28)  rnd17=39%(n33)  rnd18=0%(n28)  rnd19=39%(n31)  rnd2=74%(n34)  rnd20=0%(n33)  rnd21=52%(n33)  rnd22=0%(n22)  rnd23=49%(n41)  rnd24=3%(n31)  rnd25=12%(n26)  rnd26=0%(n22)  rnd27=10%(n30)  rnd28=0%(n32)  rnd29=3%(n31)  rnd3=57%(n30)  rnd4=34%(n32)  rnd5=0%(n25)  rnd6=77%(n30)  rnd7=83%(n30)  rnd8=36%(n33)  rnd9=28%(n29)
          └ 이동 분포: straight=56%  left=20%  right=24%
Ep 1000/23000 | R=-3703.0 | Fuel=2178.0mL | Wait=1078s | Steps=151.9 | Reach=57% | ε=0.050 | Loss=2087.697 | t=3132s
          ├ 토폴로지 도달률(최근50): gangnam_clean_topology=58%
          ├ OD별 도달률(최근200): rnd0=42%(n31)  rnd1=12%(n26)  rnd10=72%(n32)  rnd11=64%(n36)  rnd12=3%(n30)  rnd13=59%(n34)  rnd14=5%(n39)  rnd15=34%(n32)  rnd16=62%(n32)  rnd17=46%(n37)  rnd18=0%(n30)  rnd19=41%(n32)  rnd2=78%(n40)  rnd20=0%(n41)  rnd21=53%(n36)  rnd22=4%(n27)  rnd23=49%(n41)  rnd24=3%(n32)  rnd25=19%(n31)  rnd26=0%(n25)  rnd27=14%(n35)  rnd28=0%(n35)  rnd29=3%(n31)  rnd3=62%(n34)  rnd4=35%(n34)  rnd5=0%(n29)  rnd6=79%(n34)  rnd7=86%(n35)  rnd8=41%(n37)  rnd9=34%(n32)
          └ 이동 분포: straight=59%  left=21%  right=20%
Ep 1100/23000 | R=-3171.0 | Fuel=2078.4mL | Wait=1001s | Steps=137.7 | Reach=68% | ε=0.050 | Loss=2266.636 | t=3326s
          ├ 토폴로지 도달률(최근50): gangnam_clean_topology=68%
          ├ OD별 도달률(최근200): rnd0=50%(n36)  rnd1=17%(n29)  rnd10=74%(n35)  rnd11=66%(n38)  rnd12=3%(n36)  rnd13=59%(n34)  rnd14=7%(n42)  rnd15=31%(n35)  rnd16=66%(n35)  rnd17=51%(n41)  rnd18=3%(n32)  rnd19=44%(n36)  rnd2=79%(n42)  rnd20=0%(n45)  rnd21=54%(n37)  rnd22=7%(n30)  rnd23=51%(n43)  rnd24=14%(n36)  rnd25=31%(n36)  rnd26=0%(n28)  rnd27=21%(n38)  rnd28=0%(n36)  rnd29=6%(n34)  rnd3=68%(n41)  rnd4=32%(n37)  rnd5=0%(n32)  rnd6=82%(n40)  rnd7=88%(n41)  rnd8=42%(n38)  rnd9=43%(n37)
          └ 이동 분포: straight=58%  left=20%  right=22%
Ep 1200/23000 | R=-3882.2 | Fuel=2185.0mL | Wait=1151s | Steps=144.9 | Reach=57% | ε=0.050 | Loss=2312.509 | t=3529s
          ├ 토폴로지 도달률(최근50): gangnam_clean_topology=54%
          ├ OD별 도달률(최근200): rnd0=51%(n37)  rnd1=20%(n30)  rnd10=77%(n39)  rnd11=65%(n40)  rnd12=2%(n40)  rnd13=64%(n39)  rnd14=6%(n47)  rnd15=32%(n38)  rnd16=67%(n36)  rnd17=55%(n44)  rnd18=8%(n38)  rnd19=49%(n39)  rnd2=80%(n44)  rnd20=0%(n49)  rnd21=59%(n41)  rnd22=8%(n36)  rnd23=52%(n44)  rnd24=18%(n38)  rnd25=32%(n37)  rnd26=3%(n31)  rnd27=25%(n40)  rnd28=0%(n41)  rnd29=5%(n40)  rnd3=72%(n47)  rnd4=32%(n41)  rnd5=0%(n34)  rnd6=84%(n44)  rnd7=89%(n46)  rnd8=49%(n43)  rnd9=43%(n37)
          └ 이동 분포: straight=58%  left=20%  right=23%
Ep 1300/23000 | R=-2692.3 | Fuel=1817.5mL | Wait= 907s | Steps=123.8 | Reach=66% | ε=0.050 | Loss=2269.269 | t=3707s
          ├ 토폴로지 도달률(최근50): gangnam_clean_topology=66%
          ├ OD별 도달률(최근200): rnd0=56%(n41)  rnd1=19%(n36)  rnd10=78%(n41)  rnd11=67%(n43)  rnd12=2%(n43)  rnd13=67%(n42)  rnd14=6%(n52)  rnd15=34%(n47)  rnd16=71%(n41)  rnd17=57%(n47)  rnd18=8%(n39)  rnd19=55%(n44)  rnd2=80%(n45)  rnd20=0%(n50)  rnd21=60%(n42)  rnd22=15%(n40)  rnd23=55%(n47)  rnd24=18%(n38)  rnd25=34%(n38)  rnd26=6%(n34)  rnd27=32%(n44)  rnd28=11%(n47)  rnd29=13%(n47)  rnd3=73%(n49)  rnd4=34%(n44)  rnd5=0%(n38)  rnd6=85%(n47)  rnd7=90%(n48)  rnd8=49%(n47)  rnd9=46%(n39)
          └ 이동 분포: straight=60%  left=20%  right=20%
Ep 1400/23000 | R=-1944.6 | Fuel=1855.4mL | Wait= 899s | Steps=115.1 | Reach=80% | ε=0.050 | Loss=2404.731 | t=3873s
          ├ 토폴로지 도달률(최근50): gangnam_clean_topology=86%
          ├ OD별 도달률(최근200): rnd0=59%(n44)  rnd1=24%(n42)  rnd10=80%(n45)  rnd11=70%(n47)  rnd12=2%(n45)  rnd13=68%(n44)  rnd14=6%(n54)  rnd15=34%(n47)  rnd16=72%(n43)  rnd17=61%(n51)  rnd18=7%(n42)  rnd19=56%(n45)  rnd2=81%(n47)  rnd20=2%(n54)  rnd21=65%(n48)  rnd22=26%(n46)  rnd23=61%(n56)  rnd24=18%(n38)  rnd25=40%(n42)  rnd26=11%(n36)  rnd27=36%(n47)  rnd28=19%(n52)  rnd29=18%(n51)  rnd3=76%(n54)  rnd4=35%(n46)  rnd5=2%(n42)  rnd6=85%(n48)  rnd7=90%(n49)  rnd8=53%(n53)  rnd9=50%(n42)
          └ 이동 분포: straight=58%  left=21%  right=21%
Ep 1500/23000 | R=-1998.6 | Fuel=1613.0mL | Wait= 762s | Steps=103.8 | Reach=66% | ε=0.050 | Loss=2328.049 | t=4028s
          ├ 토폴로지 도달률(최근50): gangnam_clean_topology=70%
          ├ OD별 도달률(최근200): rnd0=60%(n45)  rnd1=23%(n43)  rnd10=82%(n49)  rnd11=71%(n49)  rnd12=2%(n48)  rnd13=71%(n48)  rnd14=5%(n60)  rnd15=37%(n49)  rnd16=74%(n47)  rnd17=63%(n54)  rnd18=7%(n44)  rnd19=58%(n48)  rnd2=82%(n49)  rnd20=2%(n59)  rnd21=69%(n54)  rnd22=27%(n49)  rnd23=65%(n63)  rnd24=18%(n39)  rnd25=46%(n46)  rnd26=18%(n40)  rnd27=39%(n51)  rnd28=24%(n55)  rnd29=16%(n55)  rnd3=78%(n59)  rnd4=35%(n51)  rnd5=4%(n48)  rnd6=86%(n49)  rnd7=90%(n50)  rnd8=55%(n55)  rnd9=52%(n44)
          └ 이동 분포: straight=60%  left=20%  right=20%
Ep 1600/23000 | R=-1334.2 | Fuel=1503.8mL | Wait= 679s | Steps=93.6 | Reach=76% | ε=0.050 | Loss=2419.384 | t=4165s
          ├ 토폴로지 도달률(최근50): gangnam_clean_topology=76%
          ├ OD별 도달률(최근200): rnd0=62%(n48)  rnd1=22%(n46)  rnd10=84%(n55)  rnd11=73%(n51)  rnd12=2%(n52)  rnd13=73%(n52)  rnd14=5%(n61)  rnd15=42%(n53)  rnd16=76%(n50)  rnd17=66%(n58)  rnd18=7%(n45)  rnd19=62%(n52)  rnd2=83%(n54)  rnd20=2%(n63)  rnd21=69%(n55)  rnd22=38%(n58)  rnd23=66%(n64)  rnd24=19%(n42)  rnd25=51%(n51)  rnd26=17%(n41)  rnd27=42%(n53)  rnd28=26%(n57)  rnd29=18%(n62)  rnd3=80%(n65)  rnd4=37%(n54)  rnd5=8%(n52)  rnd6=86%(n51)  rnd7=90%(n52)  rnd8=56%(n57)  rnd9=54%(n46)
          └ 이동 분포: straight=60%  left=20%  right=20%
Ep 1700/23000 | R= -815.5 | Fuel=1436.9mL | Wait= 679s | Steps=85.1 | Reach=76% | ε=0.050 | Loss=2453.449 | t=4282s
          ├ 토폴로지 도달률(최근50): gangnam_clean_topology=78%
          ├ OD별 도달률(최근200): rnd0=64%(n50)  rnd1=20%(n49)  rnd10=85%(n61)  rnd11=75%(n57)  rnd12=2%(n56)  rnd13=75%(n55)  rnd14=5%(n64)  rnd15=44%(n55)  rnd16=77%(n52)  rnd17=68%(n62)  rnd18=7%(n46)  rnd19=67%(n60)  rnd2=84%(n58)  rnd20=1%(n67)  rnd21=70%(n56)  rnd22=45%(n65)  rnd23=66%(n65)  rnd24=23%(n44)  rnd25=54%(n54)  rnd26=16%(n45)  rnd27=43%(n54)  rnd28=29%(n59)  rnd29=17%(n64)  rnd3=81%(n69)  rnd4=39%(n56)  rnd5=12%(n58)  rnd6=86%(n51)  rnd7=91%(n55)  rnd8=60%(n63)  rnd9=58%(n50)
          └ 이동 분포: straight=62%  left=18%  right=20%
Ep 1800/23000 | R= -479.5 | Fuel=1200.0mL | Wait= 573s | Steps=75.5 | Reach=72% | ε=0.050 | Loss=2430.846 | t=4386s
          ├ 토폴로지 도달률(최근50): gangnam_clean_topology=72%
          ├ OD별 도달률(최근200): rnd0=65%(n52)  rnd1=19%(n54)  rnd10=85%(n68)  rnd11=76%(n59)  rnd12=4%(n57)  rnd13=76%(n59)  rnd14=4%(n69)  rnd15=48%(n60)  rnd16=78%(n55)  rnd17=68%(n66)  rnd18=6%(n50)  rnd19=68%(n63)  rnd2=85%(n61)  rnd20=1%(n70)  rnd21=71%(n59)  rnd22=45%(n65)  rnd23=66%(n65)  rnd24=22%(n46)  rnd25=57%(n58)  rnd26=16%(n45)  rnd27=45%(n56)  rnd28=35%(n65)  rnd29=16%(n70)  rnd3=82%(n72)  rnd4=44%(n61)  rnd5=20%(n65)  rnd6=87%(n55)  rnd7=91%(n57)  rnd8=62%(n66)  rnd9=60%(n52)
          └ 이동 분포: straight=63%  left=17%  right=20%
Ep 1900/23000 | R= -318.6 | Fuel=1234.2mL | Wait= 673s | Steps=77.9 | Reach=76% | ε=0.050 | Loss=2381.476 | t=4495s
          ├ 토폴로지 도달률(최근50): gangnam_clean_topology=84%
          ├ OD별 도달률(최근200): rnd0=67%(n54)  rnd1=16%(n61)  rnd10=86%(n69)  rnd11=77%(n61)  rnd12=4%(n57)  rnd13=77%(n62)  rnd14=4%(n71)  rnd15=52%(n64)  rnd16=79%(n57)  rnd17=69%(n67)  rnd18=6%(n53)  rnd19=69%(n65)  rnd2=87%(n69)  rnd20=1%(n74)  rnd21=73%(n62)  rnd22=45%(n66)  rnd23=69%(n70)  rnd24=25%(n48)  rnd25=59%(n61)  rnd26=14%(n50)  rnd27=47%(n60)  rnd28=39%(n69)  rnd29=15%(n72)  rnd3=83%(n78)  rnd4=48%(n65)  rnd5=25%(n69)  rnd6=89%(n61)  rnd7=92%(n59)  rnd8=63%(n68)  rnd9=64%(n58)
          └ 이동 분포: straight=63%  left=18%  right=19%
Ep 2000/23000 | R= -930.8 | Fuel=1368.3mL | Wait= 647s | Steps=87.2 | Reach=77% | ε=0.050 | Loss=2378.699 | t=4613s
          ├ 토폴로지 도달률(최근50): gangnam_clean_topology=78%
          ├ OD별 도달률(최근200): rnd0=70%(n60)  rnd1=15%(n65)  rnd10=86%(n72)  rnd11=78%(n65)  rnd12=5%(n61)  rnd13=79%(n66)  rnd14=4%(n74)  rnd15=56%(n70)  rnd16=81%(n63)  rnd17=70%(n71)  rnd18=7%(n54)  rnd19=71%(n68)  rnd2=88%(n72)  rnd20=1%(n77)  rnd21=73%(n62)  rnd22=47%(n70)  rnd23=69%(n70)  rnd24=26%(n53)  rnd25=60%(n63)  rnd26=13%(n54)  rnd27=51%(n65)  rnd28=42%(n72)  rnd29=16%(n74)  rnd3=84%(n82)  rnd4=50%(n68)  rnd5=27%(n73)  rnd6=89%(n62)  rnd7=92%(n61)  rnd8=65%(n72)  rnd9=66%(n61)
          └ 이동 분포: straight=61%  left=19%  right=20%
Ep 2100/23000 | R= -881.2 | Fuel=1425.9mL | Wait= 681s | Steps=93.1 | Reach=81% | ε=0.050 | Loss=2313.923 | t=4744s
          ├ 토폴로지 도달률(최근50): gangnam_clean_topology=78%
          ├ OD별 도달률(최근200): rnd0=72%(n64)  rnd1=16%(n67)  rnd10=86%(n74)  rnd11=79%(n71)  rnd12=5%(n64)  rnd13=80%(n69)  rnd14=5%(n76)  rnd15=57%(n72)  rnd16=82%(n65)  rnd17=72%(n74)  rnd18=7%(n55)  rnd19=71%(n70)  rnd2=87%(n75)  rnd20=1%(n81)  rnd21=74%(n65)  rnd22=47%(n74)  rnd23=72%(n78)  rnd24=30%(n57)  rnd25=63%(n67)  rnd26=12%(n57)  rnd27=52%(n67)  rnd28=43%(n74)  rnd29=17%(n75)  rnd3=85%(n86)  rnd4=52%(n71)  rnd5=33%(n79)  rnd6=90%(n68)  rnd7=92%(n64)  rnd8=67%(n78)  rnd9=67%(n63)
          └ 이동 분포: straight=60%  left=19%  right=21%
Ep 2200/23000 | R= -755.5 | Fuel=1321.4mL | Wait= 639s | Steps=83.8 | Reach=78% | ε=0.050 | Loss=2252.103 | t=4862s
          ├ 토폴로지 도달률(최근50): gangnam_clean_topology=76%
          ├ OD별 도달률(최근200): rnd0=74%(n68)  rnd1=17%(n72)  rnd10=86%(n74)  rnd11=79%(n73)  rnd12=7%(n70)  rnd13=81%(n72)  rnd14=5%(n81)  rnd15=59%(n76)  rnd16=83%(n71)  rnd17=72%(n80)  rnd18=7%(n59)  rnd19=73%(n73)  rnd2=87%(n79)  rnd20=1%(n82)  rnd21=75%(n68)  rnd22=49%(n77)  rnd23=72%(n79)  rnd24=32%(n60)  rnd25=65%(n71)  rnd26=12%(n58)  rnd27=54%(n69)  rnd28=45%(n76)  rnd29=22%(n81)  rnd3=86%(n90)  rnd4=53%(n73)  rnd5=34%(n80)  rnd6=90%(n71)  rnd7=93%(n69)  rnd8=69%(n83)  rnd9=68%(n65)
          └ 이동 분포: straight=58%  left=21%  right=21%
Ep 2300/23000 | R=  -53.5 | Fuel=1241.3mL | Wait= 582s | Steps=71.9 | Reach=84% | ε=0.050 | Loss=2277.348 | t=4965s
          ├ 토폴로지 도달률(최근50): gangnam_clean_topology=84%
          ├ OD별 도달률(최근200): rnd0=75%(n72)  rnd1=16%(n74)  rnd10=86%(n79)  rnd11=80%(n76)  rnd12=7%(n71)  rnd13=81%(n75)  rnd14=5%(n82)  rnd15=61%(n79)  rnd16=84%(n75)  rnd17=73%(n83)  rnd18=8%(n64)  rnd19=74%(n76)  rnd2=88%(n81)  rnd20=1%(n84)  rnd21=76%(n72)  rnd22=51%(n81)  rnd23=73%(n82)  rnd24=35%(n63)  rnd25=66%(n73)  rnd26=17%(n63)  rnd27=57%(n74)  rnd28=46%(n78)  rnd29=25%(n84)  rnd3=86%(n95)  rnd4=55%(n75)  rnd5=34%(n85)  rnd6=91%(n78)  rnd7=93%(n72)  rnd8=70%(n86)  rnd9=69%(n68)
          └ 이동 분포: straight=62%  left=18%  right=20%
Ep 2400/23000 | R=  -45.8 | Fuel=1212.8mL | Wait= 608s | Steps=71.0 | Reach=83% | ε=0.050 | Loss=2154.096 | t=5067s
          ├ 토폴로지 도달률(최근50): gangnam_clean_topology=80%
          ├ OD별 도달률(최근200): rnd0=75%(n73)  rnd1=17%(n78)  rnd10=87%(n83)  rnd11=82%(n85)  rnd12=9%(n75)  rnd13=82%(n78)  rnd14=5%(n83)  rnd15=62%(n81)  rnd16=84%(n76)  rnd17=76%(n90)  rnd18=9%(n68)  rnd19=74%(n77)  rnd2=88%(n83)  rnd20=1%(n89)  rnd21=77%(n75)  rnd22=53%(n85)  rnd23=74%(n85)  rnd24=36%(n64)  rnd25=67%(n75)  rnd26=22%(n67)  rnd27=59%(n78)  rnd28=48%(n80)  rnd29=26%(n85)  rnd3=87%(n101)  rnd4=55%(n76)  rnd5=33%(n87)  rnd6=90%(n81)  rnd7=93%(n76)  rnd8=72%(n92)  rnd9=72%(n74)
          └ 이동 분포: straight=64%  left=18%  right=18%
Ep 2500/23000 | R=  308.7 | Fuel=1084.4mL | Wait= 521s | Steps=63.7 | Reach=83% | ε=0.050 | Loss=2207.728 | t=5153s
          ├ 토폴로지 도달률(최근50): gangnam_clean_topology=86%
          ├ OD별 도달률(최근200): rnd0=76%(n75)  rnd1=16%(n79)  rnd10=87%(n89)  rnd11=83%(n89)  rnd12=9%(n75)  rnd13=82%(n79)  rnd14=5%(n84)  rnd15=62%(n84)  rnd16=85%(n78)  rnd17=77%(n94)  rnd18=8%(n71)  rnd19=75%(n79)  rnd2=89%(n90)  rnd20=1%(n96)  rnd21=78%(n78)  rnd22=54%(n87)  rnd23=75%(n89)  rnd24=42%(n71)  rnd25=68%(n77)  rnd26=23%(n71)  rnd27=60%(n80)  rnd28=49%(n82)  rnd29=28%(n87)  rnd3=88%(n105)  rnd4=57%(n80)  rnd5=37%(n92)  rnd6=90%(n83)  rnd7=94%(n85)  rnd8=73%(n95)  rnd9=72%(n76)
          └ 이동 분포: straight=63%  left=19%  right=19%
  [체크포인트] model_rl_signal_attention_ep2500.pth
Ep 2600/23000 | R=  275.5 | Fuel=1043.1mL | Wait= 508s | Steps=60.0 | Reach=82% | ε=0.050 | Loss=2073.798 | t=5238s
          ├ 토폴로지 도달률(최근50): gangnam_clean_topology=86%
          ├ OD별 도달률(최근200): rnd0=77%(n78)  rnd1=16%(n81)  rnd10=88%(n96)  rnd11=84%(n92)  rnd12=9%(n75)  rnd13=83%(n84)  rnd14=4%(n90)  rnd15=63%(n87)  rnd16=85%(n79)  rnd17=78%(n99)  rnd18=8%(n74)  rnd19=76%(n83)  rnd2=89%(n95)  rnd20=1%(n102)  rnd21=79%(n80)  rnd22=56%(n91)  rnd23=76%(n91)  rnd24=45%(n74)  rnd25=69%(n80)  rnd26=24%(n72)  rnd27=60%(n80)  rnd28=50%(n84)  rnd29=32%(n92)  rnd3=88%(n112)  rnd4=59%(n82)  rnd5=37%(n94)  rnd6=91%(n86)  rnd7=94%(n87)  rnd8=74%(n101)  rnd9=73%(n79)
          └ 이동 분포: straight=63%  left=17%  right=19%
Ep 2700/23000 | R=  457.4 | Fuel=1122.8mL | Wait= 462s | Steps=63.4 | Reach=87% | ε=0.050 | Loss=1981.832 | t=5328s
          ├ 토폴로지 도달률(최근50): gangnam_clean_topology=88%
          ├ OD별 도달률(최근200): rnd0=78%(n83)  rnd1=16%(n86)  rnd10=88%(n99)  rnd11=84%(n95)  rnd12=9%(n76)  rnd13=84%(n86)  rnd14=4%(n91)  rnd15=64%(n90)  rnd16=85%(n82)  rnd17=79%(n105)  rnd18=9%(n78)  rnd19=77%(n87)  rnd2=90%(n101)  rnd20=1%(n105)  rnd21=80%(n84)  rnd22=59%(n97)  rnd23=76%(n93)  rnd24=47%(n77)  rnd25=70%(n84)  rnd26=25%(n75)  rnd27=62%(n84)  rnd28=52%(n87)  rnd29=33%(n94)  rnd3=89%(n115)  rnd4=60%(n84)  rnd5=39%(n97)  rnd6=91%(n90)  rnd7=95%(n91)  rnd8=75%(n103)  rnd9=74%(n81)
          └ 이동 분포: straight=65%  left=19%  right=17%
Ep 2800/23000 | R=  696.3 | Fuel=946.6mL | Wait= 432s | Steps=54.2 | Reach=84% | ε=0.050 | Loss=1825.429 | t=5404s
          ├ 토폴로지 도달률(최근50): gangnam_clean_topology=80%
          ├ OD별 도달률(최근200): rnd0=80%(n89)  rnd1=15%(n94)  rnd10=88%(n102)  rnd11=85%(n101)  rnd12=9%(n78)  rnd13=84%(n89)  rnd14=4%(n92)  rnd15=66%(n93)  rnd16=86%(n84)  rnd17=81%(n113)  rnd18=9%(n79)  rnd19=78%(n90)  rnd2=91%(n108)  rnd20=1%(n106)  rnd21=80%(n86)  rnd22=61%(n103)  rnd23=77%(n96)  rnd24=50%(n82)  rnd25=71%(n87)  rnd26=27%(n79)  rnd27=63%(n86)  rnd28=54%(n91)  rnd29=35%(n98)  rnd3=89%(n119)  rnd4=60%(n86)  rnd5=40%(n98)  rnd6=91%(n91)  rnd7=95%(n94)  rnd8=75%(n104)  rnd9=74%(n82)
          └ 이동 분포: straight=68%  left=15%  right=17%
Ep 2900/23000 | R=  449.6 | Fuel=1021.4mL | Wait= 451s | Steps=56.9 | Reach=82% | ε=0.050 | Loss=1647.497 | t=5483s
          ├ 토폴로지 도달률(최근50): gangnam_clean_topology=88%
          ├ OD별 도달률(최근200): rnd0=80%(n91)  rnd1=14%(n101)  rnd10=89%(n106)  rnd11=86%(n104)  rnd12=10%(n80)  rnd13=85%(n93)  rnd14=4%(n94)  rnd15=66%(n94)  rnd16=86%(n87)  rnd17=81%(n115)  rnd18=10%(n82)  rnd19=78%(n92)  rnd2=91%(n114)  rnd20=1%(n108)  rnd21=81%(n89)  rnd22=63%(n107)  rnd23=78%(n100)  rnd24=51%(n83)  rnd25=72%(n90)  rnd26=27%(n83)  rnd27=64%(n90)  rnd28=55%(n93)  rnd29=36%(n102)  rnd3=89%(n121)  rnd4=62%(n90)  rnd5=44%(n106)  rnd6=91%(n93)  rnd7=95%(n97)  rnd8=76%(n110)  rnd9=75%(n85)
          └ 이동 분포: straight=64%  left=17%  right=19%
Ep 3000/23000 | R=  716.8 | Fuel=934.9mL | Wait= 398s | Steps=53.4 | Reach=86% | ε=0.050 | Loss=1586.844 | t=5561s
          ├ 토폴로지 도달률(최근50): gangnam_clean_topology=92%
          ├ OD별 도달률(최근200): rnd0=81%(n94)  rnd1=14%(n103)  rnd10=89%(n109)  rnd11=86%(n106)  rnd12=11%(n83)  rnd13=85%(n96)  rnd14=4%(n97)  rnd15=67%(n98)  rnd16=87%(n90)  rnd17=82%(n121)  rnd18=11%(n89)  rnd19=79%(n96)  rnd2=92%(n121)  rnd20=2%(n111)  rnd21=82%(n92)  rnd22=63%(n109)  rnd23=79%(n104)  rnd24=53%(n88)  rnd25=72%(n90)  rnd26=28%(n85)  rnd27=66%(n94)  rnd28=55%(n94)  rnd29=38%(n105)  rnd3=90%(n124)  rnd4=63%(n93)  rnd5=45%(n108)  rnd6=92%(n98)  rnd7=95%(n100)  rnd8=77%(n115)  rnd9=76%(n87)
          └ 이동 분포: straight=65%  left=15%  right=20%
Ep 3100/23000 | R=  299.0 | Fuel=1039.3mL | Wait= 465s | Steps=61.0 | Reach=82% | ε=0.050 | Loss=1652.255 | t=5646s
          ├ 토폴로지 도달률(최근50): gangnam_clean_topology=86%
          ├ OD별 도달률(최근200): rnd0=81%(n96)  rnd1=13%(n107)  rnd10=89%(n112)  rnd11=86%(n107)  rnd12=12%(n86)  rnd13=86%(n101)  rnd14=4%(n103)  rnd15=69%(n102)  rnd16=87%(n91)  rnd17=83%(n126)  rnd18=12%(n93)  rnd19=80%(n98)  rnd2=92%(n125)  rnd20=3%(n114)  rnd21=82%(n93)  rnd22=64%(n111)  rnd23=79%(n107)  rnd24=54%(n90)  rnd25=73%(n93)  rnd26=29%(n87)  rnd27=67%(n96)  rnd28=58%(n99)  rnd29=39%(n107)  rnd3=90%(n129)  rnd4=66%(n99)  rnd5=48%(n113)  rnd6=92%(n101)  rnd7=95%(n103)  rnd8=79%(n122)  rnd9=76%(n89)
          └ 이동 분포: straight=60%  left=16%  right=24%
Ep 3200/23000 | R=  896.2 | Fuel=859.1mL | Wait= 383s | Steps=47.1 | Reach=90% | ε=0.050 | Loss=1592.565 | t=5716s
          ├ 토폴로지 도달률(최근50): gangnam_clean_topology=92%
          ├ OD별 도달률(최근200): rnd0=82%(n100)  rnd1=12%(n112)  rnd10=90%(n119)  rnd11=86%(n110)  rnd12=11%(n87)  rnd13=87%(n105)  rnd14=4%(n104)  rnd15=71%(n109)  rnd16=88%(n98)  rnd17=83%(n130)  rnd18=13%(n97)  rnd19=80%(n101)  rnd2=92%(n126)  rnd20=3%(n115)  rnd21=82%(n94)  rnd22=65%(n113)  rnd23=80%(n110)  rnd24=56%(n93)  rnd25=75%(n99)  rnd26=31%(n90)  rnd27=68%(n99)  rnd28=58%(n101)  rnd29=41%(n111)  rnd3=90%(n132)  rnd4=66%(n100)  rnd5=48%(n114)  rnd6=92%(n106)  rnd7=95%(n107)  rnd8=79%(n126)  rnd9=77%(n92)
          └ 이동 분포: straight=64%  left=18%  right=18%
Ep 3300/23000 | R=  887.5 | Fuel=882.2mL | Wait= 385s | Steps=48.7 | Reach=88% | ε=0.050 | Loss=1462.502 | t=5784s
          ├ 토폴로지 도달률(최근50): gangnam_clean_topology=86%
          ├ OD별 도달률(최근200): rnd0=82%(n102)  rnd1=13%(n116)  rnd10=90%(n123)  rnd11=87%(n115)  rnd12=12%(n92)  rnd13=87%(n107)  rnd14=4%(n106)  rnd15=72%(n115)  rnd16=88%(n101)  rnd17=84%(n134)  rnd18=13%(n98)  rnd19=81%(n104)  rnd2=92%(n132)  rnd20=3%(n117)  rnd21=83%(n99)  rnd22=65%(n115)  rnd23=81%(n113)  rnd24=58%(n97)  rnd25=75%(n102)  rnd26=33%(n92)  rnd27=70%(n105)  rnd28=60%(n104)  rnd29=43%(n115)  rnd3=90%(n132)  rnd4=67%(n102)  rnd5=50%(n119)  rnd6=93%(n109)  rnd7=95%(n109)  rnd8=80%(n129)  rnd9=78%(n96)
          └ 이동 분포: straight=65%  left=17%  right=17%
Ep 3400/23000 | R=  659.5 | Fuel=982.0mL | Wait= 472s | Steps=53.3 | Reach=81% | ε=0.050 | Loss=1359.513 | t=5859s
          ├ 토폴로지 도달률(최근50): gangnam_clean_topology=76%
          ├ OD별 도달률(최근200): rnd0=83%(n103)  rnd1=13%(n120)  rnd10=91%(n127)  rnd11=87%(n120)  rnd12=11%(n96)  rnd13=87%(n109)  rnd14=4%(n109)  rnd15=73%(n119)  rnd16=88%(n103)  rnd17=84%(n136)  rnd18=14%(n101)  rnd19=81%(n105)  rnd2=92%(n133)  rnd20=3%(n124)  rnd21=83%(n99)  rnd22=66%(n119)  rnd23=81%(n116)  rnd24=60%(n102)  rnd25=76%(n104)  rnd26=37%(n98)  rnd27=70%(n107)  rnd28=61%(n108)  rnd29=45%(n119)  rnd3=90%(n136)  rnd4=69%(n108)  rnd5=53%(n125)  rnd6=93%(n111)  rnd7=96%(n112)  rnd8=80%(n131)  rnd9=79%(n100)
          └ 이동 분포: straight=68%  left=15%  right=17%
Ep 3500/23000 | R=  532.5 | Fuel=979.6mL | Wait= 423s | Steps=55.0 | Reach=84% | ε=0.050 | Loss=1294.146 | t=5939s
          ├ 토폴로지 도달률(최근50): gangnam_clean_topology=82%
          ├ OD별 도달률(최근200): rnd0=83%(n103)  rnd1=14%(n122)  rnd10=91%(n131)  rnd11=87%(n124)  rnd12=11%(n98)  rnd13=87%(n110)  rnd14=4%(n114)  rnd15=75%(n126)  rnd16=88%(n104)  rnd17=84%(n141)  rnd18=14%(n106)  rnd19=81%(n108)  rnd2=93%(n136)  rnd20=3%(n127)  rnd21=83%(n102)  rnd22=68%(n127)  rnd23=82%(n119)  rnd24=62%(n108)  rnd25=76%(n105)  rnd26=39%(n101)  rnd27=71%(n109)  rnd28=62%(n111)  rnd29=46%(n121)  rnd3=91%(n143)  rnd4=69%(n110)  rnd5=54%(n127)  rnd6=93%(n115)  rnd7=96%(n114)  rnd8=81%(n135)  rnd9=80%(n103)
          └ 이동 분포: straight=64%  left=18%  right=18%
Ep 3600/23000 | R=  763.0 | Fuel=854.0mL | Wait= 378s | Steps=48.6 | Reach=82% | ε=0.050 | Loss=1257.903 | t=6012s
          ├ 토폴로지 도달률(최근50): gangnam_clean_topology=82%
          ├ OD별 도달률(최근200): rnd0=83%(n106)  rnd1=14%(n125)  rnd10=91%(n134)  rnd11=87%(n126)  rnd12=11%(n103)  rnd13=88%(n114)  rnd14=3%(n120)  rnd15=75%(n127)  rnd16=89%(n111)  rnd17=85%(n144)  rnd18=14%(n107)  rnd19=82%(n113)  rnd2=93%(n138)  rnd20=3%(n131)  rnd21=84%(n104)  rnd22=69%(n131)  rnd23=82%(n125)  rnd24=63%(n111)  rnd25=76%(n105)  rnd26=40%(n103)  rnd27=72%(n116)  rnd28=62%(n112)  rnd29=48%(n126)  rnd3=91%(n145)  rnd4=70%(n114)  rnd5=55%(n131)  rnd6=93%(n118)  rnd7=96%(n118)  rnd8=81%(n137)  rnd9=80%(n105)
          └ 이동 분포: straight=67%  left=16%  right=18%
Ep 3700/23000 | R=  741.7 | Fuel=926.2mL | Wait= 408s | Steps=50.0 | Reach=84% | ε=0.050 | Loss=1163.518 | t=6087s
          ├ 토폴로지 도달률(최근50): gangnam_clean_topology=90%
          ├ OD별 도달률(최근200): rnd0=83%(n108)  rnd1=15%(n132)  rnd10=91%(n138)  rnd11=88%(n129)  rnd12=12%(n105)  rnd13=88%(n118)  rnd14=3%(n123)  rnd15=75%(n130)  rnd16=89%(n112)  rnd17=85%(n147)  rnd18=14%(n111)  rnd19=82%(n114)  rnd2=93%(n145)  rnd20=3%(n135)  rnd21=84%(n107)  rnd22=69%(n134)  rnd23=83%(n128)  rnd24=63%(n112)  rnd25=77%(n109)  rnd26=43%(n108)  rnd27=74%(n123)  rnd28=63%(n115)  rnd29=50%(n130)  rnd3=91%(n147)  rnd4=70%(n115)  rnd5=57%(n136)  rnd6=93%(n119)  rnd7=96%(n125)  rnd8=81%(n139)  rnd9=80%(n106)
          └ 이동 분포: straight=68%  left=16%  right=16%
Ep 3800/23000 | R=  885.7 | Fuel=856.8mL | Wait= 365s | Steps=46.5 | Reach=87% | ε=0.050 | Loss=1162.355 | t=6154s
          ├ 토폴로지 도달률(최근50): gangnam_clean_topology=86%
          ├ OD별 도달률(최근200): rnd0=84%(n112)  rnd1=16%(n139)  rnd10=92%(n144)  rnd11=88%(n132)  rnd12=12%(n106)  rnd13=89%(n123)  rnd14=3%(n125)  rnd15=76%(n133)  rnd16=90%(n116)  rnd17=85%(n148)  rnd18=14%(n114)  rnd19=83%(n118)  rnd2=93%(n147)  rnd20=3%(n137)  rnd21=85%(n111)  rnd22=70%(n141)  rnd23=83%(n129)  rnd24=64%(n114)  rnd25=78%(n115)  rnd26=44%(n111)  rnd27=75%(n127)  rnd28=65%(n119)  rnd29=51%(n133)  rnd3=91%(n150)  rnd4=71%(n117)  rnd5=57%(n137)  rnd6=94%(n124)  rnd7=96%(n127)  rnd8=82%(n141)  rnd9=81%(n110)
          └ 이동 분포: straight=66%  left=17%  right=17%
Ep 3900/23000 | R=  764.7 | Fuel=925.1mL | Wait= 396s | Steps=52.2 | Reach=87% | ε=0.050 | Loss=1089.397 | t=6229s
          ├ 토폴로지 도달률(최근50): gangnam_clean_topology=86%
          ├ OD별 도달률(최근200): rnd0=84%(n113)  rnd1=16%(n142)  rnd10=92%(n144)  rnd11=88%(n138)  rnd12=14%(n111)  rnd13=89%(n126)  rnd14=3%(n129)  rnd15=77%(n138)  rnd16=90%(n120)  rnd17=85%(n150)  rnd18=14%(n116)  rnd19=84%(n124)  rnd2=93%(n151)  rnd20=3%(n139)  rnd21=85%(n116)  rnd22=71%(n143)  rnd23=83%(n132)  rnd24=66%(n121)  rnd25=79%(n118)  rnd26=46%(n114)  rnd27=75%(n127)  rnd28=65%(n120)  rnd29=52%(n136)  rnd3=92%(n153)  rnd4=72%(n120)  rnd5=58%(n140)  rnd6=94%(n128)  rnd7=96%(n128)  rnd8=82%(n148)  rnd9=82%(n115)
          └ 이동 분포: straight=65%  left=17%  right=17%
Ep 4000/23000 | R=  802.0 | Fuel=910.6mL | Wait= 391s | Steps=49.4 | Reach=88% | ε=0.050 | Loss=1047.405 | t=6299s
          ├ 토폴로지 도달률(최근50): gangnam_clean_topology=90%
          ├ OD별 도달률(최근200): rnd0=84%(n116)  rnd1=17%(n144)  rnd10=92%(n147)  rnd11=89%(n140)  rnd12=13%(n114)  rnd13=89%(n130)  rnd14=4%(n136)  rnd15=78%(n143)  rnd16=90%(n124)  rnd17=85%(n151)  rnd18=14%(n116)  rnd19=84%(n125)  rnd2=94%(n154)  rnd20=3%(n141)  rnd21=86%(n121)  rnd22=71%(n147)  rnd23=84%(n136)  rnd24=67%(n124)  rnd25=80%(n123)  rnd26=48%(n120)  rnd27=76%(n131)  rnd28=66%(n122)  rnd29=54%(n140)  rnd3=92%(n155)  rnd4=72%(n122)  rnd5=59%(n143)  rnd6=94%(n131)  rnd7=96%(n134)  rnd8=83%(n151)  rnd9=82%(n119)
          └ 이동 분포: straight=67%  left=16%  right=17%
Ep 4100/23000 | R=  907.1 | Fuel=857.4mL | Wait= 371s | Steps=46.7 | Reach=85% | ε=0.050 | Loss=978.577 | t=6367s
          ├ 토폴로지 도달률(최근50): gangnam_clean_topology=78%
          ├ OD별 도달률(최근200): rnd0=85%(n119)  rnd1=16%(n147)  rnd10=92%(n148)  rnd11=89%(n142)  rnd12=13%(n116)  rnd13=90%(n135)  rnd14=4%(n138)  rnd15=78%(n147)  rnd16=90%(n125)  rnd17=86%(n154)  rnd18=13%(n120)  rnd19=85%(n132)  rnd2=94%(n159)  rnd20=3%(n145)  rnd21=86%(n125)  rnd22=72%(n150)  rnd23=84%(n138)  rnd24=68%(n128)  rnd25=80%(n128)  rnd26=50%(n125)  rnd27=76%(n133)  rnd28=66%(n124)  rnd29=55%(n144)  rnd3=92%(n158)  rnd4=73%(n127)  rnd5=59%(n144)  rnd6=94%(n132)  rnd7=96%(n137)  rnd8=83%(n157)  rnd9=83%(n123)
          └ 이동 분포: straight=66%  left=16%  right=18%
Ep 4200/23000 | R=  459.6 | Fuel=1092.0mL | Wait= 444s | Steps=58.5 | Reach=81% | ε=0.050 | Loss=930.958 | t=6450s
          ├ 토폴로지 도달률(최근50): gangnam_clean_topology=84%
          ├ OD별 도달률(최근200): rnd0=85%(n123)  rnd1=17%(n148)  rnd10=92%(n150)  rnd11=89%(n146)  rnd12=12%(n121)  rnd13=90%(n137)  rnd14=4%(n140)  rnd15=79%(n150)  rnd16=91%(n127)  rnd17=86%(n161)  rnd18=13%(n124)  rnd19=84%(n133)  rnd2=94%(n161)  rnd20=3%(n152)  rnd21=87%(n131)  rnd22=73%(n153)  rnd23=85%(n143)  rnd24=68%(n130)  rnd25=81%(n132)  rnd26=53%(n131)  rnd27=76%(n136)  rnd28=67%(n126)  rnd29=55%(n145)  rnd3=92%(n160)  rnd4=74%(n129)  rnd5=61%(n152)  rnd6=94%(n136)  rnd7=96%(n138)  rnd8=84%(n161)  rnd9=83%(n124)
          └ 이동 분포: straight=66%  left=16%  right=18%
Ep 4300/23000 | R=  580.2 | Fuel=938.4mL | Wait= 407s | Steps=50.3 | Reach=80% | ε=0.050 | Loss=949.964 | t=6519s
          ├ 토폴로지 도달률(최근50): gangnam_clean_topology=76%
          ├ OD별 도달률(최근200): rnd0=86%(n126)  rnd1=18%(n152)  rnd10=92%(n152)  rnd11=89%(n148)  rnd12=12%(n124)  rnd13=90%(n142)  rnd14=3%(n145)  rnd15=79%(n152)  rnd16=91%(n128)  rnd17=87%(n163)  rnd18=13%(n126)  rnd19=85%(n138)  rnd2=94%(n164)  rnd20=3%(n158)  rnd21=88%(n136)  rnd22=73%(n157)  rnd23=85%(n144)  rnd24=69%(n134)  rnd25=81%(n135)  rnd26=55%(n137)  rnd27=77%(n140)  rnd28=67%(n126)  rnd29=56%(n149)  rnd3=92%(n165)  rnd4=74%(n133)  rnd5=61%(n155)  rnd6=94%(n138)  rnd7=96%(n141)  rnd8=84%(n167)  rnd9=83%(n125)
          └ 이동 분포: straight=65%  left=18%  right=18%
Ep 4400/23000 | R=  913.1 | Fuel=816.9mL | Wait= 383s | Steps=46.1 | Reach=83% | ε=0.050 | Loss=897.713 | t=6586s
          ├ 토폴로지 도달률(최근50): gangnam_clean_topology=82%
          ├ OD별 도달률(최근200): rnd0=86%(n133)  rnd1=18%(n154)  rnd10=92%(n154)  rnd11=90%(n153)  rnd12=12%(n129)  rnd13=90%(n144)  rnd14=3%(n148)  rnd15=80%(n158)  rnd16=91%(n132)  rnd17=87%(n164)  rnd18=12%(n129)  rnd19=85%(n143)  rnd2=94%(n165)  rnd20=2%(n160)  rnd21=88%(n139)  rnd22=74%(n159)  rnd23=85%(n148)  rnd24=69%(n137)  rnd25=82%(n137)  rnd26=56%(n142)  rnd27=78%(n144)  rnd28=67%(n129)  rnd29=58%(n153)  rnd3=92%(n169)  rnd4=75%(n137)  rnd5=61%(n157)  rnd6=94%(n139)  rnd7=97%(n145)  rnd8=85%(n171)  rnd9=84%(n128)
          └ 이동 분포: straight=64%  left=18%  right=18%
Ep 4500/23000 | R= 1103.1 | Fuel=866.9mL | Wait= 412s | Steps=47.3 | Reach=93% | ε=0.050 | Loss=855.413 | t=6654s
          ├ 토폴로지 도달률(최근50): gangnam_clean_topology=90%
          ├ OD별 도달률(최근200): rnd0=87%(n135)  rnd1=17%(n155)  rnd10=92%(n155)  rnd11=90%(n155)  rnd12=12%(n130)  rnd13=90%(n147)  rnd14=3%(n149)  rnd15=80%(n160)  rnd16=91%(n136)  rnd17=87%(n164)  rnd18=14%(n133)  rnd19=86%(n146)  rnd2=94%(n168)  rnd20=2%(n163)  rnd21=88%(n139)  rnd22=74%(n159)  rnd23=85%(n151)  rnd24=70%(n140)  rnd25=83%(n147)  rnd26=57%(n145)  rnd27=78%(n146)  rnd28=69%(n136)  rnd29=59%(n159)  rnd3=93%(n176)  rnd4=76%(n142)  rnd5=63%(n164)  rnd6=94%(n144)  rnd7=97%(n150)  rnd8=85%(n176)  rnd9=84%(n130)
          └ 이동 분포: straight=67%  left=16%  right=17%
Ep 4600/23000 | R=  895.3 | Fuel=919.6mL | Wait= 390s | Steps=48.7 | Reach=89% | ε=0.050 | Loss=806.218 | t=6719s
          ├ 토폴로지 도달률(최근50): gangnam_clean_topology=90%
          ├ OD별 도달률(최근200): rnd0=87%(n138)  rnd1=18%(n159)  rnd10=92%(n159)  rnd11=90%(n157)  rnd12=12%(n132)  rnd13=91%(n150)  rnd14=3%(n151)  rnd15=80%(n164)  rnd16=91%(n139)  rnd17=87%(n167)  rnd18=14%(n135)  rnd19=86%(n148)  rnd2=94%(n172)  rnd20=3%(n168)  rnd21=88%(n141)  rnd22=74%(n164)  rnd23=86%(n154)  rnd24=70%(n141)  rnd25=83%(n149)  rnd26=57%(n148)  rnd27=79%(n151)  rnd28=70%(n138)  rnd29=61%(n167)  rnd3=93%(n179)  rnd4=77%(n148)  rnd5=63%(n167)  rnd6=95%(n147)  rnd7=97%(n154)  rnd8=86%(n180)  rnd9=84%(n133)
          └ 이동 분포: straight=66%  left=17%  right=17%
Ep 4700/23000 | R=  806.9 | Fuel=938.5mL | Wait= 393s | Steps=51.0 | Reach=88% | ε=0.050 | Loss=737.144 | t=6790s
          ├ 토폴로지 도달률(최근50): gangnam_clean_topology=82%
          ├ OD별 도달률(최근200): rnd0=87%(n141)  rnd1=19%(n160)  rnd10=93%(n165)  rnd11=90%(n160)  rnd12=13%(n135)  rnd13=91%(n154)  rnd14=3%(n156)  rnd15=81%(n167)  rnd16=91%(n141)  rnd17=87%(n171)  rnd18=14%(n137)  rnd19=86%(n150)  rnd2=94%(n174)  rnd20=3%(n173)  rnd21=89%(n148)  rnd22=75%(n166)  rnd23=86%(n158)  rnd24=71%(n144)  rnd25=83%(n151)  rnd26=59%(n152)  rnd27=79%(n153)  rnd28=70%(n142)  rnd29=62%(n170)  rnd3=93%(n181)  rnd4=77%(n150)  rnd5=64%(n171)  rnd6=95%(n151)  rnd7=97%(n158)  rnd8=86%(n185)  rnd9=85%(n136)
          └ 이동 분포: straight=64%  left=16%  right=19%
Ep 4800/23000 | R=  851.9 | Fuel=953.9mL | Wait= 447s | Steps=50.7 | Reach=91% | ε=0.050 | Loss=754.233 | t=6861s
          ├ 토폴로지 도달률(최근50): gangnam_clean_topology=88%
          ├ OD별 도달률(최근200): rnd0=88%(n144)  rnd1=20%(n165)  rnd10=93%(n171)  rnd11=90%(n162)  rnd12=14%(n138)  rnd13=91%(n158)  rnd14=4%(n160)  rnd15=81%(n168)  rnd16=92%(n147)  rnd17=87%(n172)  rnd18=14%(n137)  rnd19=86%(n151)  rnd2=94%(n181)  rnd20=3%(n176)  rnd21=89%(n149)  rnd22=75%(n168)  rnd23=86%(n162)  rnd24=72%(n149)  rnd25=84%(n156)  rnd26=60%(n157)  rnd27=80%(n157)  rnd28=71%(n145)  rnd29=63%(n177)  rnd3=93%(n181)  rnd4=78%(n153)  rnd5=65%(n172)  rnd6=95%(n154)  rnd7=97%(n162)  rnd8=86%(n190)  rnd9=85%(n138)
          └ 이동 분포: straight=67%  left=17%  right=16%
Ep 4900/23000 | R=  787.4 | Fuel=944.3mL | Wait= 410s | Steps=50.1 | Reach=87% | ε=0.050 | Loss=748.595 | t=6930s
          ├ 토폴로지 도달률(최근50): gangnam_clean_topology=90%
          ├ OD별 도달률(최근200): rnd0=88%(n149)  rnd1=23%(n172)  rnd10=93%(n176)  rnd11=90%(n164)  rnd12=14%(n143)  rnd13=91%(n159)  rnd14=4%(n162)  rnd15=81%(n171)  rnd16=92%(n148)  rnd17=88%(n177)  rnd18=13%(n141)  rnd19=86%(n154)  rnd2=95%(n185)  rnd20=4%(n179)  rnd21=89%(n152)  rnd22=76%(n173)  rnd23=87%(n166)  rnd24=72%(n151)  rnd25=84%(n160)  rnd26=60%(n159)  rnd27=80%(n162)  rnd28=71%(n146)  rnd29=64%(n181)  rnd3=93%(n183)  rnd4=78%(n156)  rnd5=65%(n174)  rnd6=95%(n158)  rnd7=97%(n165)  rnd8=86%(n192)  rnd9=85%(n142)
          └ 이동 분포: straight=66%  left=17%  right=17%
Ep 5000/23000 | R= 1029.4 | Fuel=899.1mL | Wait= 394s | Steps=49.7 | Reach=93% | ε=0.050 | Loss=712.988 | t=6998s
          ├ 토폴로지 도달률(최근50): gangnam_clean_topology=90%
          ├ OD별 도달률(최근200): rnd0=88%(n154)  rnd1=24%(n176)  rnd10=93%(n179)  rnd11=91%(n171)  rnd12=14%(n146)  rnd13=91%(n163)  rnd14=4%(n165)  rnd15=82%(n174)  rnd16=92%(n149)  rnd17=88%(n181)  rnd18=14%(n142)  rnd19=87%(n158)  rnd2=95%(n188)  rnd20=5%(n183)  rnd21=89%(n155)  rnd22=76%(n177)  rnd23=87%(n169)  rnd24=73%(n154)  rnd25=85%(n162)  rnd26=61%(n163)  rnd27=81%(n167)  rnd28=72%(n149)  rnd29=65%(n185)  rnd3=93%(n188)  rnd4=79%(n161)  rnd5=65%(n175)  rnd6=95%(n161)  rnd7=97%(n166)  rnd8=87%(n194)  rnd9=86%(n145)
          └ 이동 분포: straight=68%  left=16%  right=16%
  [체크포인트] model_rl_signal_attention_ep5000.pth
Ep 5100/23000 | R=  828.4 | Fuel=840.5mL | Wait= 353s | Steps=47.9 | Reach=83% | ε=0.050 | Loss=724.690 | t=7063s
          ├ 토폴로지 도달률(최근50): gangnam_clean_topology=82%
          ├ OD별 도달률(최근200): rnd0=89%(n157)  rnd1=26%(n180)  rnd10=93%(n183)  rnd11=91%(n175)  rnd12=15%(n150)  rnd13=92%(n167)  rnd14=5%(n174)  rnd15=82%(n180)  rnd16=92%(n153)  rnd17=88%(n185)  rnd18=15%(n147)  rnd19=87%(n159)  rnd2=95%(n191)  rnd20=5%(n185)  rnd21=89%(n161)  rnd22=77%(n179)  rnd23=87%(n171)  rnd24=74%(n160)  rnd25=85%(n166)  rnd26=62%(n165)  rnd27=81%(n168)  rnd28=72%(n151)  rnd29=65%(n187)  rnd3=93%(n191)  rnd4=79%(n162)  rnd5=65%(n176)  rnd6=95%(n165)  rnd7=97%(n167)  rnd8=87%(n197)  rnd9=86%(n148)
          └ 이동 분포: straight=66%  left=16%  right=17%
Ep 5200/23000 | R= 1047.8 | Fuel=826.5mL | Wait= 360s | Steps=45.2 | Reach=87% | ε=0.050 | Loss=694.029 | t=7125s
          ├ 토폴로지 도달률(최근50): gangnam_clean_topology=84%
          ├ OD별 도달률(최근200): rnd0=89%(n162)  rnd1=27%(n186)  rnd10=94%(n187)  rnd11=91%(n181)  rnd12=15%(n153)  rnd13=92%(n175)  rnd14=5%(n175)  rnd15=82%(n180)  rnd16=92%(n156)  rnd17=88%(n185)  rnd18=15%(n151)  rnd19=87%(n164)  rnd2=95%(n196)  rnd20=5%(n190)  rnd21=90%(n163)  rnd22=77%(n180)  rnd23=87%(n172)  rnd24=75%(n167)  rnd25=85%(n170)  rnd26=62%(n166)  rnd27=82%(n174)  rnd28=73%(n154)  rnd29=65%(n190)  rnd3=93%(n191)  rnd4=79%(n164)  rnd5=66%(n179)  rnd6=95%(n169)  rnd7=97%(n171)  rnd8=87%(n199)  rnd9=86%(n150)
          └ 이동 분포: straight=69%  left=15%  right=16%
Ep 5300/23000 | R=  788.3 | Fuel=929.5mL | Wait= 390s | Steps=49.7 | Reach=90% | ε=0.050 | Loss=692.332 | t=7194s
          ├ 토폴로지 도달률(최근50): gangnam_clean_topology=92%
          ├ OD별 도달률(최근200): rnd0=89%(n165)  rnd1=27%(n186)  rnd10=94%(n189)  rnd11=91%(n186)  rnd12=15%(n154)  rnd13=92%(n177)  rnd14=5%(n179)  rnd15=83%(n185)  rnd16=93%(n162)  rnd17=88%(n188)  rnd18=15%(n154)  rnd19=88%(n170)  rnd2=96%(n200)  rnd20=6%(n194)  rnd21=90%(n165)  rnd22=77%(n181)  rnd23=88%(n176)  rnd24=75%(n170)  rnd25=85%(n171)  rnd26=62%(n170)  rnd27=82%(n180)  rnd28=73%(n156)  rnd29=66%(n196)  rnd3=93%(n192)  rnd4=80%(n168)  rnd5=66%(n180)  rnd6=95%(n174)  rnd7=97%(n175)  rnd8=90%(n200)  rnd9=86%(n151)
          └ 이동 분포: straight=65%  left=17%  right=18%
Ep 5400/23000 | R=  851.1 | Fuel=944.9mL | Wait= 432s | Steps=53.0 | Reach=90% | ε=0.050 | Loss=661.717 | t=7271s
          ├ 토폴로지 도달률(최근50): gangnam_clean_topology=92%
          ├ OD별 도달률(최근200): rnd0=89%(n171)  rnd1=28%(n189)  rnd10=94%(n191)  rnd11=91%(n187)  rnd12=16%(n158)  rnd13=92%(n180)  rnd14=5%(n182)  rnd15=83%(n187)  rnd16=93%(n165)  rnd17=88%(n191)  rnd18=15%(n156)  rnd19=88%(n171)  rnd2=97%(n200)  rnd20=7%(n196)  rnd21=90%(n166)  rnd22=77%(n183)  rnd23=88%(n181)  rnd24=76%(n173)  rnd25=85%(n172)  rnd26=64%(n176)  rnd27=83%(n183)  rnd28=75%(n166)  rnd29=69%(n200)  rnd3=93%(n197)  rnd4=80%(n170)  rnd5=67%(n184)  rnd6=95%(n174)  rnd7=97%(n177)  rnd8=90%(n200)  rnd9=86%(n155)
          └ 이동 분포: straight=66%  left=17%  right=17%
Ep 5500/23000 | R=  732.5 | Fuel=981.1mL | Wait= 369s | Steps=53.7 | Reach=86% | ε=0.050 | Loss=623.318 | t=7349s
          ├ 토폴로지 도달률(최근50): gangnam_clean_topology=90%
          ├ OD별 도달률(최근200): rnd0=90%(n173)  rnd1=29%(n192)  rnd10=94%(n193)  rnd11=91%(n187)  rnd12=17%(n165)  rnd13=92%(n186)  rnd14=5%(n188)  rnd15=83%(n188)  rnd16=93%(n170)  rnd17=89%(n193)  rnd18=15%(n156)  rnd19=88%(n174)  rnd2=97%(n200)  rnd20=9%(n200)  rnd21=90%(n170)  rnd22=77%(n189)  rnd23=88%(n184)  rnd24=76%(n176)  rnd25=86%(n175)  rnd26=64%(n179)  rnd27=83%(n185)  rnd28=75%(n169)  rnd29=71%(n200)  rnd3=93%(n199)  rnd4=80%(n172)  rnd5=68%(n192)  rnd6=96%(n179)  rnd7=97%(n179)  rnd8=91%(n200)  rnd9=87%(n158)
          └ 이동 분포: straight=66%  left=17%  right=17%
Ep 5600/23000 | R=  863.0 | Fuel=1014.4mL | Wait= 382s | Steps=56.9 | Reach=96% | ε=0.050 | Loss=587.841 | t=7428s
          ├ 토폴로지 도달률(최근50): gangnam_clean_topology=96%
          ├ OD별 도달률(최근200): rnd0=90%(n178)  rnd1=30%(n195)  rnd10=94%(n197)  rnd11=92%(n191)  rnd12=17%(n167)  rnd13=93%(n187)  rnd14=5%(n189)  rnd15=83%(n190)  rnd16=93%(n174)  rnd17=89%(n194)  rnd18=18%(n163)  rnd19=88%(n178)  rnd2=98%(n200)  rnd20=10%(n200)  rnd21=90%(n175)  rnd22=78%(n192)  rnd23=88%(n188)  rnd24=77%(n179)  rnd25=87%(n186)  rnd26=65%(n183)  rnd27=83%(n190)  rnd28=76%(n172)  rnd29=71%(n200)  rnd3=94%(n200)  rnd4=80%(n173)  rnd5=68%(n199)  rnd6=96%(n181)  rnd7=97%(n179)  rnd8=93%(n200)  rnd9=87%(n161)
          └ 이동 분포: straight=64%  left=18%  right=18%
Ep 5700/23000 | R=  826.5 | Fuel=1019.5mL | Wait= 457s | Steps=56.7 | Reach=95% | ε=0.050 | Loss=610.418 | t=7509s
          ├ 토폴로지 도달률(최근50): gangnam_clean_topology=94%
          ├ OD별 도달률(최근200): rnd0=90%(n181)  rnd1=31%(n198)  rnd10=95%(n200)  rnd11=92%(n192)  rnd12=20%(n172)  rnd13=93%(n191)  rnd14=5%(n192)  rnd15=83%(n190)  rnd16=93%(n177)  rnd17=89%(n198)  rnd18=21%(n171)  rnd19=88%(n182)  rnd2=98%(n200)  rnd20=10%(n200)  rnd21=91%(n180)  rnd22=78%(n194)  rnd23=88%(n190)  rnd24=77%(n183)  rnd25=87%(n188)  rnd26=66%(n190)  rnd27=83%(n193)  rnd28=76%(n174)  rnd29=72%(n200)  rnd3=94%(n200)  rnd4=81%(n177)  rnd5=69%(n200)  rnd6=96%(n186)  rnd7=97%(n181)  rnd8=94%(n200)  rnd9=87%(n163)
          └ 이동 분포: straight=68%  left=16%  right=16%
Ep 5800/23000 | R=  973.7 | Fuel=991.9mL | Wait= 409s | Steps=54.0 | Reach=96% | ε=0.050 | Loss=591.658 | t=7591s
          ├ 토폴로지 도달률(최근50): gangnam_clean_topology=98%
          ├ OD별 도달률(최근200): rnd0=90%(n183)  rnd1=32%(n200)  rnd10=96%(n200)  rnd11=92%(n199)  rnd12=21%(n174)  rnd13=93%(n195)  rnd14=6%(n196)  rnd15=84%(n194)  rnd16=93%(n178)  rnd17=90%(n200)  rnd18=22%(n175)  rnd19=89%(n184)  rnd2=98%(n200)  rnd20=10%(n200)  rnd21=91%(n186)  rnd22=78%(n198)  rnd23=89%(n192)  rnd24=77%(n184)  rnd25=87%(n188)  rnd26=66%(n194)  rnd27=84%(n197)  rnd28=77%(n180)  rnd29=73%(n200)  rnd3=96%(n200)  rnd4=81%(n181)  rnd5=71%(n200)  rnd6=96%(n188)  rnd7=97%(n184)  rnd8=96%(n200)  rnd9=87%(n167)
          └ 이동 분포: straight=67%  left=17%  right=16%
Ep 5900/23000 | R= 1073.4 | Fuel=918.3mL | Wait= 384s | Steps=51.2 | Reach=97% | ε=0.050 | Loss=607.367 | t=7666s
          ├ 토폴로지 도달률(최근50): gangnam_clean_topology=98%
          ├ OD별 도달률(최근200): rnd0=90%(n187)  rnd1=34%(n200)  rnd10=96%(n200)  rnd11=92%(n200)  rnd12=22%(n177)  rnd13=94%(n200)  rnd14=6%(n198)  rnd15=84%(n196)  rnd16=94%(n185)  rnd17=90%(n200)  rnd18=23%(n177)  rnd19=89%(n185)  rnd2=100%(n200)  rnd20=12%(n200)  rnd21=91%(n189)  rnd22=80%(n200)  rnd23=89%(n197)  rnd24=78%(n187)  rnd25=86%(n191)  rnd26=67%(n198)  rnd27=86%(n200)  rnd28=77%(n185)  rnd29=75%(n200)  rnd3=97%(n200)  rnd4=82%(n186)  rnd5=72%(n200)  rnd6=96%(n191)  rnd7=97%(n187)  rnd8=96%(n200)  rnd9=87%(n167)
          └ 이동 분포: straight=67%  left=15%  right=18%
Ep 6000/23000 | R=  886.6 | Fuel=918.3mL | Wait= 354s | Steps=53.3 | Reach=91% | ε=0.050 | Loss=570.587 | t=7743s
          ├ 토폴로지 도달률(최근50): gangnam_clean_topology=94%
          ├ OD별 도달률(최근200): rnd0=91%(n192)  rnd1=35%(n200)  rnd10=96%(n200)  rnd11=92%(n200)  rnd12=22%(n180)  rnd13=95%(n200)  rnd14=6%(n200)  rnd15=84%(n198)  rnd16=94%(n191)  rnd17=92%(n200)  rnd18=24%(n181)  rnd19=89%(n188)  rnd2=100%(n200)  rnd20=12%(n200)  rnd21=91%(n195)  rnd22=81%(n200)  rnd23=89%(n199)  rnd24=78%(n189)  rnd25=87%(n193)  rnd26=69%(n200)  rnd27=88%(n200)  rnd28=78%(n187)  rnd29=77%(n200)  rnd3=97%(n200)  rnd4=82%(n192)  rnd5=73%(n200)  rnd6=96%(n197)  rnd7=97%(n192)  rnd8=96%(n200)  rnd9=87%(n167)
          └ 이동 분포: straight=66%  left=18%  right=16%
Ep 6100/23000 | R=  991.2 | Fuel=988.7mL | Wait= 441s | Steps=55.7 | Reach=98% | ε=0.050 | Loss=553.839 | t=7821s
          ├ 토폴로지 도달률(최근50): gangnam_clean_topology=98%
          ├ OD별 도달률(최근200): rnd0=91%(n197)  rnd1=35%(n200)  rnd10=96%(n200)  rnd11=94%(n200)  rnd12=23%(n183)  rnd13=96%(n200)  rnd14=6%(n200)  rnd15=85%(n200)  rnd16=94%(n194)  rnd17=94%(n200)  rnd18=27%(n189)  rnd19=89%(n193)  rnd2=100%(n200)  rnd20=15%(n200)  rnd21=91%(n198)  rnd22=82%(n200)  rnd23=91%(n200)  rnd24=78%(n193)  rnd25=87%(n195)  rnd26=71%(n200)  rnd27=90%(n200)  rnd28=78%(n187)  rnd29=78%(n200)  rnd3=97%(n200)  rnd4=83%(n196)  rnd5=75%(n200)  rnd6=96%(n200)  rnd7=97%(n194)  rnd8=98%(n200)  rnd9=88%(n172)
          └ 이동 분포: straight=68%  left=16%  right=17%
Ep 6200/23000 | R=  893.0 | Fuel=927.1mL | Wait= 356s | Steps=52.2 | Reach=98% | ε=0.050 | Loss=548.063 | t=7896s
          ├ 토폴로지 도달률(최근50): gangnam_clean_topology=100%
          ├ OD별 도달률(최근200): rnd0=92%(n200)  rnd1=36%(n200)  rnd10=96%(n200)  rnd11=96%(n200)  rnd12=25%(n186)  rnd13=96%(n200)  rnd14=6%(n200)  rnd15=86%(n200)  rnd16=94%(n197)  rnd17=94%(n200)  rnd18=28%(n192)  rnd19=89%(n198)  rnd2=100%(n200)  rnd20=19%(n200)  rnd21=94%(n200)  rnd22=83%(n200)  rnd23=92%(n200)  rnd24=80%(n200)  rnd25=87%(n198)  rnd26=72%(n200)  rnd27=92%(n200)  rnd28=78%(n189)  rnd29=79%(n200)  rnd3=97%(n200)  rnd4=83%(n197)  rnd5=76%(n200)  rnd6=98%(n200)  rnd7=97%(n199)  rnd8=98%(n200)  rnd9=88%(n175)
          └ 이동 분포: straight=66%  left=16%  right=18%
Ep 6300/23000 | R= 1007.4 | Fuel=959.8mL | Wait= 426s | Steps=52.8 | Reach=99% | ε=0.050 | Loss=538.611 | t=7968s
          ├ 토폴로지 도달률(최근50): gangnam_clean_topology=100%
          ├ OD별 도달률(최근200): rnd0=94%(n200)  rnd1=36%(n200)  rnd10=97%(n200)  rnd11=98%(n200)  rnd12=25%(n186)  rnd13=97%(n200)  rnd14=7%(n200)  rnd15=86%(n200)  rnd16=94%(n198)  rnd17=96%(n200)  rnd18=29%(n195)  rnd19=90%(n200)  rnd2=100%(n200)  rnd20=20%(n200)  rnd21=94%(n200)  rnd22=84%(n200)  rnd23=94%(n200)  rnd24=81%(n200)  rnd25=88%(n200)  rnd26=73%(n200)  rnd27=92%(n200)  rnd28=78%(n194)  rnd29=82%(n200)  rnd3=97%(n200)  rnd4=83%(n198)  rnd5=78%(n200)  rnd6=99%(n200)  rnd7=98%(n200)  rnd8=98%(n200)  rnd9=88%(n180)
          └ 이동 분포: straight=65%  left=17%  right=17%
Ep 6400/23000 | R= 1022.9 | Fuel=965.2mL | Wait= 461s | Steps=52.9 | Reach=97% | ε=0.050 | Loss=537.346 | t=8043s
          ├ 토폴로지 도달률(최근50): gangnam_clean_topology=96%
          ├ OD별 도달률(최근200): rnd0=98%(n200)  rnd1=38%(n200)  rnd10=97%(n200)  rnd11=98%(n200)  rnd12=27%(n192)  rnd13=98%(n200)  rnd14=9%(n200)  rnd15=86%(n200)  rnd16=94%(n200)  rnd17=96%(n200)  rnd18=30%(n196)  rnd19=92%(n200)  rnd2=100%(n200)  rnd20=22%(n200)  rnd21=98%(n200)  rnd22=84%(n200)  rnd23=94%(n200)  rnd24=82%(n200)  rnd25=88%(n200)  rnd26=74%(n200)  rnd27=94%(n200)  rnd28=79%(n197)  rnd29=84%(n200)  rnd3=98%(n200)  rnd4=84%(n200)  rnd5=79%(n200)  rnd6=100%(n200)  rnd7=99%(n200)  rnd8=98%(n200)  rnd9=89%(n184)
          └ 이동 분포: straight=68%  left=16%  right=16%
Ep 6500/23000 | R=  971.4 | Fuel=1011.2mL | Wait= 423s | Steps=56.0 | Reach=98% | ε=0.050 | Loss=538.517 | t=8122s
          ├ 토폴로지 도달률(최근50): gangnam_clean_topology=96%
          ├ OD별 도달률(최근200): rnd0=100%(n200)  rnd1=40%(n200)  rnd10=97%(n200)  rnd11=98%(n200)  rnd12=27%(n194)  rnd13=98%(n200)  rnd14=12%(n200)  rnd15=88%(n200)  rnd16=95%(n200)  rnd17=96%(n200)  rnd18=31%(n199)  rnd19=96%(n200)  rnd2=100%(n200)  rnd20=22%(n200)  rnd21=98%(n200)  rnd22=86%(n200)  rnd23=95%(n200)  rnd24=84%(n200)  rnd25=89%(n200)  rnd26=74%(n200)  rnd27=98%(n200)  rnd28=80%(n200)  rnd29=84%(n200)  rnd3=98%(n200)  rnd4=87%(n200)  rnd5=79%(n200)  rnd6=100%(n200)  rnd7=100%(n200)  rnd8=98%(n200)  rnd9=89%(n188)
          └ 이동 분포: straight=65%  left=16%  right=18%
Ep 6600/23000 | R= 1025.2 | Fuel=1011.8mL | Wait= 400s | Steps=55.3 | Reach=99% | ε=0.050 | Loss=523.526 | t=8202s
          ├ 토폴로지 도달률(최근50): gangnam_clean_topology=98%
          ├ OD별 도달률(최근200): rnd0=100%(n200)  rnd1=42%(n200)  rnd10=97%(n200)  rnd11=98%(n200)  rnd12=29%(n198)  rnd13=100%(n200)  rnd14=13%(n200)  rnd15=88%(n200)  rnd16=96%(n200)  rnd17=97%(n200)  rnd18=32%(n200)  rnd19=98%(n200)  rnd2=100%(n200)  rnd20=24%(n200)  rnd21=100%(n200)  rnd22=88%(n200)  rnd23=95%(n200)  rnd24=88%(n200)  rnd25=90%(n200)  rnd26=76%(n200)  rnd27=99%(n200)  rnd28=81%(n200)  rnd29=85%(n200)  rnd3=99%(n200)  rnd4=89%(n200)  rnd5=80%(n200)  rnd6=100%(n200)  rnd7=100%(n200)  rnd8=98%(n200)  rnd9=89%(n192)
          └ 이동 분포: straight=69%  left=15%  right=15%
Ep 6700/23000 | R= 1037.5 | Fuel=1013.7mL | Wait= 415s | Steps=53.1 | Reach=99% | ε=0.050 | Loss=521.163 | t=8276s
          ├ 토폴로지 도달률(최근50): gangnam_clean_topology=98%
          ├ OD별 도달률(최근200): rnd0=100%(n200)  rnd1=44%(n200)  rnd10=98%(n200)  rnd11=98%(n200)  rnd12=32%(n200)  rnd13=100%(n200)  rnd14=14%(n200)  rnd15=89%(n200)  rnd16=97%(n200)  rnd17=98%(n200)  rnd18=34%(n200)  rnd19=98%(n200)  rnd2=100%(n200)  rnd20=26%(n200)  rnd21=100%(n200)  rnd22=90%(n200)  rnd23=96%(n200)  rnd24=89%(n200)  rnd25=92%(n200)  rnd26=78%(n200)  rnd27=99%(n200)  rnd28=82%(n200)  rnd29=86%(n200)  rnd3=100%(n200)  rnd4=90%(n200)  rnd5=80%(n200)  rnd6=100%(n200)  rnd7=100%(n200)  rnd8=100%(n200)  rnd9=90%(n200)
          └ 이동 분포: straight=68%  left=16%  right=16%
Ep 6800/23000 | R=  985.6 | Fuel=1023.0mL | Wait= 404s | Steps=57.5 | Reach=99% | ε=0.050 | Loss=511.036 | t=8356s
          ├ 토폴로지 도달률(최근50): gangnam_clean_topology=98%
          ├ OD별 도달률(최근200): rnd0=100%(n200)  rnd1=44%(n200)  rnd10=98%(n200)  rnd11=98%(n200)  rnd12=33%(n200)  rnd13=100%(n200)  rnd14=16%(n200)  rnd15=90%(n200)  rnd16=98%(n200)  rnd17=99%(n200)  rnd18=35%(n200)  rnd19=98%(n200)  rnd2=100%(n200)  rnd20=26%(n200)  rnd21=100%(n200)  rnd22=92%(n200)  rnd23=98%(n200)  rnd24=92%(n200)  rnd25=94%(n200)  rnd26=80%(n200)  rnd27=99%(n200)  rnd28=85%(n200)  rnd29=86%(n200)  rnd3=100%(n200)  rnd4=90%(n200)  rnd5=82%(n200)  rnd6=100%(n200)  rnd7=100%(n200)  rnd8=100%(n200)  rnd9=91%(n200)
          └ 이동 분포: straight=71%  left=14%  right=16%
Ep 6900/23000 | R= 1096.5 | Fuel=944.2mL | Wait= 386s | Steps=52.6 | Reach=99% | ε=0.050 | Loss=519.919 | t=8431s
          ├ 토폴로지 도달률(최근50): gangnam_clean_topology=100%
          ├ OD별 도달률(최근200): rnd0=100%(n200)  rnd1=46%(n200)  rnd10=98%(n200)  rnd11=98%(n200)  rnd12=34%(n200)  rnd13=100%(n200)  rnd14=18%(n200)  rnd15=91%(n200)  rnd16=98%(n200)  rnd17=99%(n200)  rnd18=36%(n200)  rnd19=99%(n200)  rnd2=100%(n200)  rnd20=26%(n200)  rnd21=100%(n200)  rnd22=93%(n200)  rnd23=98%(n200)  rnd24=94%(n200)  rnd25=96%(n200)  rnd26=82%(n200)  rnd27=99%(n200)  rnd28=86%(n200)  rnd29=86%(n200)  rnd3=100%(n200)  rnd4=91%(n200)  rnd5=82%(n200)  rnd6=100%(n200)  rnd7=100%(n200)  rnd8=100%(n200)  rnd9=93%(n200)
          └ 이동 분포: straight=67%  left=18%  right=16%
Ep 7000/23000 | R=  964.7 | Fuel=1014.0mL | Wait= 449s | Steps=53.6 | Reach=99% | ε=0.050 | Loss=454.211 | t=8506s
          ├ 토폴로지 도달률(최근50): gangnam_clean_topology=98%
          ├ OD별 도달률(최근200): rnd0=100%(n200)  rnd1=46%(n200)  rnd10=98%(n200)  rnd11=98%(n200)  rnd12=36%(n200)  rnd13=100%(n200)  rnd14=19%(n200)  rnd15=92%(n200)  rnd16=98%(n200)  rnd17=99%(n200)  rnd18=36%(n200)  rnd19=99%(n200)  rnd2=100%(n200)  rnd20=30%(n200)  rnd21=100%(n200)  rnd22=94%(n200)  rnd23=99%(n200)  rnd24=94%(n200)  rnd25=96%(n200)  rnd26=82%(n200)  rnd27=100%(n200)  rnd28=87%(n200)  rnd29=86%(n200)  rnd3=100%(n200)  rnd4=93%(n200)  rnd5=85%(n200)  rnd6=100%(n200)  rnd7=100%(n200)  rnd8=100%(n200)  rnd9=94%(n200)
          └ 이동 분포: straight=65%  left=16%  right=18%
Ep 7100/23000 | R= 1177.2 | Fuel=906.5mL | Wait= 373s | Steps=51.4 | Reach=100% | ε=0.050 | Loss=469.168 | t=8580s
          ├ 토폴로지 도달률(최근50): gangnam_clean_topology=100%
          ├ OD별 도달률(최근200): rnd0=100%(n200)  rnd1=46%(n200)  rnd10=98%(n200)  rnd11=99%(n200)  rnd12=36%(n200)  rnd13=100%(n200)  rnd14=20%(n200)  rnd15=93%(n200)  rnd16=100%(n200)  rnd17=99%(n200)  rnd18=38%(n200)  rnd19=99%(n200)  rnd2=100%(n200)  rnd20=32%(n200)  rnd21=100%(n200)  rnd22=95%(n200)  rnd23=100%(n200)  rnd24=94%(n200)  rnd25=98%(n200)  rnd26=82%(n200)  rnd27=100%(n200)  rnd28=87%(n200)  rnd29=88%(n200)  rnd3=100%(n200)  rnd4=94%(n200)  rnd5=86%(n200)  rnd6=100%(n200)  rnd7=100%(n200)  rnd8=100%(n200)  rnd9=95%(n200)
          └ 이동 분포: straight=68%  left=16%  right=15%
Ep 7200/23000 | R= 1139.5 | Fuel=954.1mL | Wait= 414s | Steps=51.4 | Reach=99% | ε=0.050 | Loss=441.585 | t=8652s
          ├ 토폴로지 도달률(최근50): gangnam_clean_topology=100%
          ├ OD별 도달률(최근200): rnd0=100%(n200)  rnd1=48%(n200)  rnd10=98%(n200)  rnd11=99%(n200)  rnd12=37%(n200)  rnd13=100%(n200)  rnd14=21%(n200)  rnd15=94%(n200)  rnd16=100%(n200)  rnd17=99%(n200)  rnd18=40%(n200)  rnd19=100%(n200)  rnd2=100%(n200)  rnd20=34%(n200)  rnd21=100%(n200)  rnd22=95%(n200)  rnd23=100%(n200)  rnd24=95%(n200)  rnd25=100%(n200)  rnd26=85%(n200)  rnd27=100%(n200)  rnd28=88%(n200)  rnd29=89%(n200)  rnd3=100%(n200)  rnd4=94%(n200)  rnd5=88%(n200)  rnd6=100%(n200)  rnd7=100%(n200)  rnd8=100%(n200)  rnd9=96%(n200)
          └ 이동 분포: straight=70%  left=15%  right=15%
Ep 7300/23000 | R=  992.3 | Fuel=1028.7mL | Wait= 492s | Steps=55.9 | Reach=100% | ε=0.050 | Loss=442.732 | t=8733s
          ├ 토폴로지 도달률(최근50): gangnam_clean_topology=100%
          ├ OD별 도달률(최근200): rnd0=100%(n200)  rnd1=50%(n200)  rnd10=98%(n200)  rnd11=99%(n200)  rnd12=40%(n200)  rnd13=100%(n200)  rnd14=23%(n200)  rnd15=96%(n200)  rnd16=100%(n200)  rnd17=99%(n200)  rnd18=41%(n200)  rnd19=100%(n200)  rnd2=100%(n200)  rnd20=35%(n200)  rnd21=100%(n200)  rnd22=96%(n200)  rnd23=100%(n200)  rnd24=96%(n200)  rnd25=100%(n200)  rnd26=87%(n200)  rnd27=100%(n200)  rnd28=90%(n200)  rnd29=91%(n200)  rnd3=100%(n200)  rnd4=95%(n200)  rnd5=91%(n200)  rnd6=100%(n200)  rnd7=100%(n200)  rnd8=100%(n200)  rnd9=98%(n200)
          └ 이동 분포: straight=70%  left=14%  right=16%
Ep 7400/23000 | R= 1035.3 | Fuel=973.6mL | Wait= 405s | Steps=56.1 | Reach=99% | ε=0.050 | Loss=448.932 | t=8813s
          ├ 토폴로지 도달률(최근50): gangnam_clean_topology=98%
          ├ OD별 도달률(최근200): rnd0=100%(n200)  rnd1=50%(n200)  rnd10=98%(n200)  rnd11=99%(n200)  rnd12=42%(n200)  rnd13=100%(n200)  rnd14=24%(n200)  rnd15=98%(n200)  rnd16=100%(n200)  rnd17=99%(n200)  rnd18=43%(n200)  rnd19=100%(n200)  rnd2=100%(n200)  rnd20=36%(n200)  rnd21=100%(n200)  rnd22=96%(n200)  rnd23=100%(n200)  rnd24=96%(n200)  rnd25=100%(n200)  rnd26=88%(n200)  rnd27=100%(n200)  rnd28=94%(n200)  rnd29=92%(n200)  rnd3=100%(n200)  rnd4=97%(n200)  rnd5=92%(n200)  rnd6=100%(n200)  rnd7=100%(n200)  rnd8=100%(n200)  rnd9=100%(n200)
          └ 이동 분포: straight=64%  left=17%  right=19%
Ep 7500/23000 | R= 1131.9 | Fuel=953.7mL | Wait= 412s | Steps=52.8 | Reach=100% | ε=0.050 | Loss=420.589 | t=8890s
          ├ 토폴로지 도달률(최근50): gangnam_clean_topology=100%
          ├ OD별 도달률(최근200): rnd0=100%(n200)  rnd1=54%(n200)  rnd10=98%(n200)  rnd11=99%(n200)  rnd12=44%(n200)  rnd13=100%(n200)  rnd14=25%(n200)  rnd15=100%(n200)  rnd16=100%(n200)  rnd17=99%(n200)  rnd18=44%(n200)  rnd19=100%(n200)  rnd2=100%(n200)  rnd20=38%(n200)  rnd21=100%(n200)  rnd22=96%(n200)  rnd23=100%(n200)  rnd24=96%(n200)  rnd25=100%(n200)  rnd26=89%(n200)  rnd27=100%(n200)  rnd28=95%(n200)  rnd29=92%(n200)  rnd3=100%(n200)  rnd4=98%(n200)  rnd5=92%(n200)  rnd6=100%(n200)  rnd7=100%(n200)  rnd8=100%(n200)  rnd9=100%(n200)
          └ 이동 분포: straight=68%  left=15%  right=17%
  [체크포인트] model_rl_signal_attention_ep7500.pth
Ep 7600/23000 | R= 1156.7 | Fuel=920.9mL | Wait= 353s | Steps=50.7 | Reach=99% | ε=0.050 | Loss=414.703 | t=8963s
          ├ 토폴로지 도달률(최근50): gangnam_clean_topology=98%
          ├ OD별 도달률(최근200): rnd0=100%(n200)  rnd1=55%(n200)  rnd10=98%(n200)  rnd11=99%(n200)  rnd12=44%(n200)  rnd13=100%(n200)  rnd14=26%(n200)  rnd15=100%(n200)  rnd16=100%(n200)  rnd17=100%(n200)  rnd18=45%(n200)  rnd19=100%(n200)  rnd2=100%(n200)  rnd20=40%(n200)  rnd21=100%(n200)  rnd22=96%(n200)  rnd23=100%(n200)  rnd24=96%(n200)  rnd25=100%(n200)  rnd26=90%(n200)  rnd27=100%(n200)  rnd28=96%(n200)  rnd29=94%(n200)  rnd3=100%(n200)  rnd4=99%(n200)  rnd5=93%(n200)  rnd6=100%(n200)  rnd7=100%(n200)  rnd8=100%(n200)  rnd9=100%(n200)
          └ 이동 분포: straight=68%  left=16%  right=16%
Ep 7700/23000 | R= 1196.9 | Fuel=868.7mL | Wait= 390s | Steps=48.8 | Reach=99% | ε=0.050 | Loss=413.614 | t=9030s
          ├ 토폴로지 도달률(최근50): gangnam_clean_topology=98%
          ├ OD별 도달률(최근200): rnd0=100%(n200)  rnd1=55%(n200)  rnd10=98%(n200)  rnd11=99%(n200)  rnd12=46%(n200)  rnd13=100%(n200)  rnd14=28%(n200)  rnd15=100%(n200)  rnd16=100%(n200)  rnd17=100%(n200)  rnd18=46%(n200)  rnd19=99%(n200)  rnd2=100%(n200)  rnd20=42%(n200)  rnd21=100%(n200)  rnd22=96%(n200)  rnd23=100%(n200)  rnd24=98%(n200)  rnd25=100%(n200)  rnd26=90%(n200)  rnd27=100%(n200)  rnd28=97%(n200)  rnd29=96%(n200)  rnd3=100%(n200)  rnd4=100%(n200)  rnd5=94%(n200)  rnd6=100%(n200)  rnd7=100%(n200)  rnd8=100%(n200)  rnd9=100%(n200)
          └ 이동 분포: straight=68%  left=14%  right=18%
Ep 7800/23000 | R= 1117.4 | Fuel=963.3mL | Wait= 455s | Steps=51.6 | Reach=100% | ε=0.050 | Loss=378.218 | t=9103s
          ├ 토폴로지 도달률(최근50): gangnam_clean_topology=100%
          ├ OD별 도달률(최근200): rnd0=100%(n200)  rnd1=57%(n200)  rnd10=99%(n200)  rnd11=99%(n200)  rnd12=46%(n200)  rnd13=100%(n200)  rnd14=30%(n200)  rnd15=100%(n200)  rnd16=100%(n200)  rnd17=100%(n200)  rnd18=46%(n200)  rnd19=99%(n200)  rnd2=100%(n200)  rnd20=44%(n200)  rnd21=100%(n200)  rnd22=96%(n200)  rnd23=100%(n200)  rnd24=98%(n200)  rnd25=100%(n200)  rnd26=92%(n200)  rnd27=100%(n200)  rnd28=98%(n200)  rnd29=96%(n200)  rnd3=100%(n200)  rnd4=100%(n200)  rnd5=94%(n200)  rnd6=100%(n200)  rnd7=100%(n200)  rnd8=100%(n200)  rnd9=100%(n200)
          └ 이동 분포: straight=66%  left=17%  right=17%
Ep 7900/23000 | R= 1116.0 | Fuel=962.0mL | Wait= 423s | Steps=54.8 | Reach=99% | ε=0.050 | Loss=374.693 | t=9184s
          ├ 토폴로지 도달률(최근50): gangnam_clean_topology=100%
          ├ OD별 도달률(최근200): rnd0=100%(n200)  rnd1=58%(n200)  rnd10=99%(n200)  rnd11=99%(n200)  rnd12=48%(n200)  rnd13=100%(n200)  rnd14=33%(n200)  rnd15=100%(n200)  rnd16=100%(n200)  rnd17=100%(n200)  rnd18=46%(n200)  rnd19=99%(n200)  rnd2=100%(n200)  rnd20=48%(n200)  rnd21=100%(n200)  rnd22=96%(n200)  rnd23=100%(n200)  rnd24=99%(n200)  rnd25=100%(n200)  rnd26=92%(n200)  rnd27=100%(n200)  rnd28=100%(n200)  rnd29=97%(n200)  rnd3=100%(n200)  rnd4=100%(n200)  rnd5=94%(n200)  rnd6=100%(n200)  rnd7=100%(n200)  rnd8=100%(n200)  rnd9=100%(n200)
          └ 이동 분포: straight=69%  left=14%  right=17%
Ep 8000/23000 | R= 1105.0 | Fuel=925.9mL | Wait= 410s | Steps=50.3 | Reach=97% | ε=0.050 | Loss=351.685 | t=9255s
          ├ 토폴로지 도달률(최근50): gangnam_clean_topology=96%
          ├ OD별 도달률(최근200): rnd0=100%(n200)  rnd1=60%(n200)  rnd10=99%(n200)  rnd11=99%(n200)  rnd12=50%(n200)  rnd13=100%(n200)  rnd14=34%(n200)  rnd15=100%(n200)  rnd16=100%(n200)  rnd17=100%(n200)  rnd18=48%(n200)  rnd19=99%(n200)  rnd2=100%(n200)  rnd20=49%(n200)  rnd21=100%(n200)  rnd22=96%(n200)  rnd23=100%(n200)  rnd24=99%(n200)  rnd25=100%(n200)  rnd26=92%(n200)  rnd27=100%(n200)  rnd28=100%(n200)  rnd29=96%(n200)  rnd3=100%(n200)  rnd4=100%(n200)  rnd5=94%(n200)  rnd6=100%(n200)  rnd7=100%(n200)  rnd8=100%(n200)  rnd9=100%(n200)
          └ 이동 분포: straight=67%  left=15%  right=18%
Ep 8100/23000 | R= 1075.1 | Fuel=1002.0mL | Wait= 424s | Steps=56.5 | Reach=99% | ε=0.050 | Loss=334.007 | t=9337s
          ├ 토폴로지 도달률(최근50): gangnam_clean_topology=98%
          ├ OD별 도달률(최근200): rnd0=100%(n200)  rnd1=60%(n200)  rnd10=100%(n200)  rnd11=99%(n200)  rnd12=52%(n200)  rnd13=100%(n200)  rnd14=38%(n200)  rnd15=100%(n200)  rnd16=100%(n200)  rnd17=100%(n200)  rnd18=50%(n200)  rnd19=99%(n200)  rnd2=100%(n200)  rnd20=50%(n200)  rnd21=100%(n200)  rnd22=96%(n200)  rnd23=100%(n200)  rnd24=99%(n200)  rnd25=100%(n200)  rnd26=92%(n200)  rnd27=100%(n200)  rnd28=100%(n200)  rnd29=96%(n200)  rnd3=100%(n200)  rnd4=100%(n200)  rnd5=94%(n200)  rnd6=100%(n200)  rnd7=100%(n200)  rnd8=100%(n200)  rnd9=100%(n200)
          └ 이동 분포: straight=66%  left=20%  right=15%
Ep 8200/23000 | R= 1100.9 | Fuel=986.7mL | Wait= 381s | Steps=52.6 | Reach=99% | ε=0.050 | Loss=320.271 | t=9411s
          ├ 토폴로지 도달률(최근50): gangnam_clean_topology=100%
          ├ OD별 도달률(최근200): rnd0=100%(n200)  rnd1=61%(n200)  rnd10=100%(n200)  rnd11=99%(n200)  rnd12=54%(n200)  rnd13=100%(n200)  rnd14=40%(n200)  rnd15=100%(n200)  rnd16=100%(n200)  rnd17=100%(n200)  rnd18=51%(n200)  rnd19=99%(n200)  rnd2=100%(n200)  rnd20=52%(n200)  rnd21=100%(n200)  rnd22=98%(n200)  rnd23=100%(n200)  rnd24=99%(n200)  rnd25=100%(n200)  rnd26=93%(n200)  rnd27=100%(n200)  rnd28=100%(n200)  rnd29=96%(n200)  rnd3=100%(n200)  rnd4=100%(n200)  rnd5=94%(n200)  rnd6=100%(n200)  rnd7=100%(n200)  rnd8=100%(n200)  rnd9=100%(n200)
          └ 이동 분포: straight=67%  left=18%  right=15%
Ep 8300/23000 | R= 1301.3 | Fuel=843.8mL | Wait= 396s | Steps=46.2 | Reach=100% | ε=0.050 | Loss=300.347 | t=9479s
          ├ 토폴로지 도달률(최근50): gangnam_clean_topology=100%
          ├ OD별 도달률(최근200): rnd0=100%(n200)  rnd1=62%(n200)  rnd10=100%(n200)  rnd11=100%(n200)  rnd12=56%(n200)  rnd13=100%(n200)  rnd14=40%(n200)  rnd15=100%(n200)  rnd16=100%(n200)  rnd17=100%(n200)  rnd18=53%(n200)  rnd19=99%(n200)  rnd2=100%(n200)  rnd20=53%(n200)  rnd21=100%(n200)  rnd22=98%(n200)  rnd23=100%(n200)  rnd24=99%(n200)  rnd25=100%(n200)  rnd26=94%(n200)  rnd27=100%(n200)  rnd28=100%(n200)  rnd29=97%(n200)  rnd3=100%(n200)  rnd4=100%(n200)  rnd5=94%(n200)  rnd6=100%(n200)  rnd7=100%(n200)  rnd8=100%(n200)  rnd9=100%(n200)
          └ 이동 분포: straight=70%  left=15%  right=15%
Ep 8400/23000 | R= 1159.0 | Fuel=906.3mL | Wait= 343s | Steps=49.5 | Reach=99% | ε=0.050 | Loss=309.472 | t=9551s
          ├ 토폴로지 도달률(최근50): gangnam_clean_topology=98%
          ├ OD별 도달률(최근200): rnd0=100%(n200)  rnd1=63%(n200)  rnd10=100%(n200)  rnd11=100%(n200)  rnd12=56%(n200)  rnd13=100%(n200)  rnd14=41%(n200)  rnd15=100%(n200)  rnd16=100%(n200)  rnd17=100%(n200)  rnd18=55%(n200)  rnd19=99%(n200)  rnd2=100%(n200)  rnd20=54%(n200)  rnd21=100%(n200)  rnd22=98%(n200)  rnd23=100%(n200)  rnd24=99%(n200)  rnd25=100%(n200)  rnd26=94%(n200)  rnd27=100%(n200)  rnd28=100%(n200)  rnd29=98%(n200)  rnd3=100%(n200)  rnd4=100%(n200)  rnd5=94%(n200)  rnd6=100%(n200)  rnd7=100%(n200)  rnd8=100%(n200)  rnd9=100%(n200)
          └ 이동 분포: straight=63%  left=17%  right=21%
Ep 8500/23000 | R= 1114.1 | Fuel=1007.1mL | Wait= 450s | Steps=55.9 | Reach=100% | ε=0.050 | Loss=296.846 | t=9616s
          ├ 토폴로지 도달률(최근50): gangnam_clean_topology=100%
          ├ OD별 도달률(최근200): rnd0=100%(n200)  rnd1=65%(n200)  rnd10=100%(n200)  rnd11=100%(n200)  rnd12=60%(n200)  rnd13=100%(n200)  rnd14=43%(n200)  rnd15=100%(n200)  rnd16=100%(n200)  rnd17=100%(n200)  rnd18=56%(n200)  rnd19=99%(n200)  rnd2=100%(n200)  rnd20=55%(n200)  rnd21=100%(n200)  rnd22=98%(n200)  rnd23=100%(n200)  rnd24=99%(n200)  rnd25=100%(n200)  rnd26=96%(n200)  rnd27=100%(n200)  rnd28=100%(n200)  rnd29=98%(n200)  rnd3=100%(n200)  rnd4=100%(n200)  rnd5=94%(n200)  rnd6=100%(n200)  rnd7=100%(n200)  rnd8=100%(n200)  rnd9=100%(n200)
          └ 이동 분포: straight=70%  left=15%  right=15%
Ep 8600/23000 | R= 1212.9 | Fuel=928.6mL | Wait= 386s | Steps=52.7 | Reach=100% | ε=0.050 | Loss=300.658 | t=9704s
          ├ 토폴로지 도달률(최근50): gangnam_clean_topology=100%
          ├ OD별 도달률(최근200): rnd0=100%(n200)  rnd1=66%(n200)  rnd10=100%(n200)  rnd11=100%(n200)  rnd12=60%(n200)  rnd13=100%(n200)  rnd14=46%(n200)  rnd15=100%(n200)  rnd16=100%(n200)  rnd17=100%(n200)  rnd18=57%(n200)  rnd19=99%(n200)  rnd2=100%(n200)  rnd20=56%(n200)  rnd21=100%(n200)  rnd22=98%(n200)  rnd23=100%(n200)  rnd24=99%(n200)  rnd25=100%(n200)  rnd26=96%(n200)  rnd27=100%(n200)  rnd28=100%(n200)  rnd29=98%(n200)  rnd3=100%(n200)  rnd4=100%(n200)  rnd5=94%(n200)  rnd6=100%(n200)  rnd7=100%(n200)  rnd8=100%(n200)  rnd9=100%(n200)
          └ 이동 분포: straight=70%  left=14%  right=15%
Ep 8700/23000 | R= 1179.7 | Fuel=951.1mL | Wait= 418s | Steps=52.4 | Reach=100% | ε=0.050 | Loss=280.454 | t=9792s
          ├ 토폴로지 도달률(최근50): gangnam_clean_topology=100%
          ├ OD별 도달률(최근200): rnd0=100%(n200)  rnd1=69%(n200)  rnd10=100%(n200)  rnd11=100%(n200)  rnd12=61%(n200)  rnd13=100%(n200)  rnd14=48%(n200)  rnd15=100%(n200)  rnd16=100%(n200)  rnd17=100%(n200)  rnd18=58%(n200)  rnd19=99%(n200)  rnd2=100%(n200)  rnd20=57%(n200)  rnd21=100%(n200)  rnd22=98%(n200)  rnd23=100%(n200)  rnd24=99%(n200)  rnd25=100%(n200)  rnd26=96%(n200)  rnd27=100%(n200)  rnd28=100%(n200)  rnd29=98%(n200)  rnd3=100%(n200)  rnd4=100%(n200)  rnd5=94%(n200)  rnd6=100%(n200)  rnd7=100%(n200)  rnd8=100%(n200)  rnd9=100%(n200)
          └ 이동 분포: straight=70%  left=15%  right=15%
Ep 8800/23000 | R= 1207.6 | Fuel=931.0mL | Wait= 439s | Steps=52.8 | Reach=100% | ε=0.050 | Loss=280.596 | t=9870s
          ├ 토폴로지 도달률(최근50): gangnam_clean_topology=100%
          ├ OD별 도달률(최근200): rnd0=100%(n200)  rnd1=70%(n200)  rnd10=100%(n200)  rnd11=100%(n200)  rnd12=62%(n200)  rnd13=100%(n200)  rnd14=50%(n200)  rnd15=100%(n200)  rnd16=100%(n200)  rnd17=100%(n200)  rnd18=60%(n200)  rnd19=99%(n200)  rnd2=100%(n200)  rnd20=60%(n200)  rnd21=100%(n200)  rnd22=98%(n200)  rnd23=100%(n200)  rnd24=99%(n200)  rnd25=100%(n200)  rnd26=96%(n200)  rnd27=100%(n200)  rnd28=100%(n200)  rnd29=98%(n200)  rnd3=100%(n200)  rnd4=100%(n200)  rnd5=94%(n200)  rnd6=100%(n200)  rnd7=100%(n200)  rnd8=100%(n200)  rnd9=100%(n200)
          └ 이동 분포: straight=69%  left=16%  right=15%
Ep 8900/23000 | R= 1267.8 | Fuel=871.7mL | Wait= 356s | Steps=48.6 | Reach=100% | ε=0.050 | Loss=279.386 | t=9959s
          ├ 토폴로지 도달률(최근50): gangnam_clean_topology=100%
          ├ OD별 도달률(최근200): rnd0=100%(n200)  rnd1=71%(n200)  rnd10=100%(n200)  rnd11=100%(n200)  rnd12=63%(n200)  rnd13=100%(n200)  rnd14=52%(n200)  rnd15=100%(n200)  rnd16=100%(n200)  rnd17=100%(n200)  rnd18=61%(n200)  rnd19=99%(n200)  rnd2=100%(n200)  rnd20=60%(n200)  rnd21=100%(n200)  rnd22=98%(n200)  rnd23=100%(n200)  rnd24=99%(n200)  rnd25=100%(n200)  rnd26=96%(n200)  rnd27=100%(n200)  rnd28=100%(n200)  rnd29=98%(n200)  rnd3=100%(n200)  rnd4=100%(n200)  rnd5=95%(n200)  rnd6=100%(n200)  rnd7=100%(n200)  rnd8=100%(n200)  rnd9=100%(n200)
          └ 이동 분포: straight=67%  left=15%  right=18%
Ep 9000/23000 | R= 1262.6 | Fuel=876.1mL | Wait= 363s | Steps=48.6 | Reach=100% | ε=0.050 | Loss=269.437 | t=10055s
          ├ 토폴로지 도달률(최근50): gangnam_clean_topology=100%
          ├ OD별 도달률(최근200): rnd0=100%(n200)  rnd1=73%(n200)  rnd10=100%(n200)  rnd11=100%(n200)  rnd12=65%(n200)  rnd13=100%(n200)  rnd14=52%(n200)  rnd15=100%(n200)  rnd16=100%(n200)  rnd17=100%(n200)  rnd18=62%(n200)  rnd19=99%(n200)  rnd2=100%(n200)  rnd20=62%(n200)  rnd21=100%(n200)  rnd22=98%(n200)  rnd23=100%(n200)  rnd24=99%(n200)  rnd25=100%(n200)  rnd26=96%(n200)  rnd27=100%(n200)  rnd28=100%(n200)  rnd29=98%(n200)  rnd3=100%(n200)  rnd4=100%(n200)  rnd5=96%(n200)  rnd6=100%(n200)  rnd7=100%(n200)  rnd8=100%(n200)  rnd9=100%(n200)
          └ 이동 분포: straight=69%  left=14%  right=17%
Ep 9100/23000 | R= 1138.8 | Fuel=980.2mL | Wait= 387s | Steps=52.4 | Reach=99% | ε=0.050 | Loss=252.971 | t=10152s
          ├ 토폴로지 도달률(최근50): gangnam_clean_topology=100%
          ├ OD별 도달률(최근200): rnd0=100%(n200)  rnd1=74%(n200)  rnd10=100%(n200)  rnd11=100%(n200)  rnd12=66%(n200)  rnd13=100%(n200)  rnd14=54%(n200)  rnd15=100%(n200)  rnd16=100%(n200)  rnd17=100%(n200)  rnd18=64%(n200)  rnd19=99%(n200)  rnd2=100%(n200)  rnd20=62%(n200)  rnd21=100%(n200)  rnd22=98%(n200)  rnd23=100%(n200)  rnd24=99%(n200)  rnd25=100%(n200)  rnd26=96%(n200)  rnd27=100%(n200)  rnd28=100%(n200)  rnd29=98%(n200)  rnd3=100%(n200)  rnd4=100%(n200)  rnd5=97%(n200)  rnd6=100%(n200)  rnd7=100%(n200)  rnd8=100%(n200)  rnd9=100%(n200)
          └ 이동 분포: straight=70%  left=15%  right=15%
Ep 9200/23000 | R= 1145.9 | Fuel=1004.0mL | Wait= 444s | Steps=54.0 | Reach=100% | ε=0.050 | Loss=247.714 | t=10260s
          ├ 토폴로지 도달률(최근50): gangnam_clean_topology=100%
          ├ OD별 도달률(최근200): rnd0=100%(n200)  rnd1=76%(n200)  rnd10=100%(n200)  rnd11=100%(n200)  rnd12=68%(n200)  rnd13=100%(n200)  rnd14=58%(n200)  rnd15=100%(n200)  rnd16=100%(n200)  rnd17=100%(n200)  rnd18=66%(n200)  rnd19=99%(n200)  rnd2=100%(n200)  rnd20=62%(n200)  rnd21=100%(n200)  rnd22=98%(n200)  rnd23=100%(n200)  rnd24=99%(n200)  rnd25=100%(n200)  rnd26=96%(n200)  rnd27=100%(n200)  rnd28=100%(n200)  rnd29=98%(n200)  rnd3=100%(n200)  rnd4=100%(n200)  rnd5=97%(n200)  rnd6=100%(n200)  rnd7=100%(n200)  rnd8=100%(n200)  rnd9=100%(n200)
          └ 이동 분포: straight=71%  left=14%  right=15%
Ep 9300/23000 | R= 1215.8 | Fuel=921.8mL | Wait= 360s | Steps=50.7 | Reach=99% | ε=0.050 | Loss=242.371 | t=10351s
          ├ 토폴로지 도달률(최근50): gangnam_clean_topology=100%
          ├ OD별 도달률(최근200): rnd0=100%(n200)  rnd1=76%(n200)  rnd10=100%(n200)  rnd11=100%(n200)  rnd12=70%(n200)  rnd13=100%(n200)  rnd14=60%(n200)  rnd15=100%(n200)  rnd16=100%(n200)  rnd17=100%(n200)  rnd18=68%(n200)  rnd19=99%(n200)  rnd2=100%(n200)  rnd20=63%(n200)  rnd21=100%(n200)  rnd22=98%(n200)  rnd23=100%(n200)  rnd24=99%(n200)  rnd25=100%(n200)  rnd26=96%(n200)  rnd27=100%(n200)  rnd28=100%(n200)  rnd29=97%(n200)  rnd3=100%(n200)  rnd4=100%(n200)  rnd5=97%(n200)  rnd6=100%(n200)  rnd7=100%(n200)  rnd8=100%(n200)  rnd9=100%(n200)
          └ 이동 분포: straight=70%  left=15%  right=15%
Ep 9400/23000 | R= 1215.3 | Fuel=937.6mL | Wait= 363s | Steps=51.4 | Reach=100% | ε=0.050 | Loss=235.042 | t=10431s
          ├ 토폴로지 도달률(최근50): gangnam_clean_topology=100%
          ├ OD별 도달률(최근200): rnd0=100%(n200)  rnd1=78%(n200)  rnd10=100%(n200)  rnd11=100%(n200)  rnd12=72%(n200)  rnd13=100%(n200)  rnd14=60%(n200)  rnd15=100%(n200)  rnd16=100%(n200)  rnd17=100%(n200)  rnd18=70%(n200)  rnd19=99%(n200)  rnd2=100%(n200)  rnd20=65%(n200)  rnd21=100%(n200)  rnd22=98%(n200)  rnd23=100%(n200)  rnd24=99%(n200)  rnd25=100%(n200)  rnd26=96%(n200)  rnd27=100%(n200)  rnd28=100%(n200)  rnd29=97%(n200)  rnd3=100%(n200)  rnd4=100%(n200)  rnd5=97%(n200)  rnd6=100%(n200)  rnd7=100%(n200)  rnd8=100%(n200)  rnd9=100%(n200)
          └ 이동 분포: straight=71%  left=15%  right=15%
Ep 9500/23000 | R= 1175.8 | Fuel=951.8mL | Wait= 415s | Steps=54.1 | Reach=100% | ε=0.050 | Loss=232.859 | t=10525s
          ├ 토폴로지 도달률(최근50): gangnam_clean_topology=100%
          ├ OD별 도달률(최근200): rnd0=100%(n200)  rnd1=80%(n200)  rnd10=100%(n200)  rnd11=100%(n200)  rnd12=74%(n200)  rnd13=100%(n200)  rnd14=62%(n200)  rnd15=100%(n200)  rnd16=100%(n200)  rnd17=100%(n200)  rnd18=70%(n200)  rnd19=99%(n200)  rnd2=100%(n200)  rnd20=66%(n200)  rnd21=100%(n200)  rnd22=98%(n200)  rnd23=100%(n200)  rnd24=99%(n200)  rnd25=100%(n200)  rnd26=96%(n200)  rnd27=100%(n200)  rnd28=100%(n200)  rnd29=97%(n200)  rnd3=100%(n200)  rnd4=100%(n200)  rnd5=97%(n200)  rnd6=100%(n200)  rnd7=100%(n200)  rnd8=100%(n200)  rnd9=100%(n200)
          └ 이동 분포: straight=68%  left=16%  right=16%
Ep 9600/23000 | R= 1297.2 | Fuel=854.6mL | Wait= 393s | Steps=49.5 | Reach=100% | ε=0.050 | Loss=229.298 | t=10606s
          ├ 토폴로지 도달률(최근50): gangnam_clean_topology=100%
          ├ OD별 도달률(최근200): rnd0=100%(n200)  rnd1=82%(n200)  rnd10=100%(n200)  rnd11=100%(n200)  rnd12=74%(n200)  rnd13=100%(n200)  rnd14=63%(n200)  rnd15=100%(n200)  rnd16=100%(n200)  rnd17=100%(n200)  rnd18=72%(n200)  rnd19=99%(n200)  rnd2=100%(n200)  rnd20=68%(n200)  rnd21=100%(n200)  rnd22=98%(n200)  rnd23=100%(n200)  rnd24=99%(n200)  rnd25=100%(n200)  rnd26=96%(n200)  rnd27=100%(n200)  rnd28=100%(n200)  rnd29=97%(n200)  rnd3=100%(n200)  rnd4=100%(n200)  rnd5=97%(n200)  rnd6=100%(n200)  rnd7=100%(n200)  rnd8=100%(n200)  rnd9=100%(n200)
          └ 이동 분포: straight=72%  left=14%  right=15%
Ep 9700/23000 | R= 1206.6 | Fuel=903.7mL | Wait= 418s | Steps=49.9 | Reach=99% | ε=0.050 | Loss=249.895 | t=10679s
          ├ 토폴로지 도달률(최근50): gangnam_clean_topology=100%
          ├ OD별 도달률(최근200): rnd0=100%(n200)  rnd1=82%(n200)  rnd10=100%(n200)  rnd11=100%(n200)  rnd12=76%(n200)  rnd13=100%(n200)  rnd14=64%(n200)  rnd15=100%(n200)  rnd16=100%(n200)  rnd17=100%(n200)  rnd18=73%(n200)  rnd19=99%(n200)  rnd2=100%(n200)  rnd20=70%(n200)  rnd21=100%(n200)  rnd22=98%(n200)  rnd23=100%(n200)  rnd24=99%(n200)  rnd25=100%(n200)  rnd26=96%(n200)  rnd27=100%(n200)  rnd28=100%(n200)  rnd29=97%(n200)  rnd3=100%(n200)  rnd4=100%(n200)  rnd5=97%(n200)  rnd6=100%(n200)  rnd7=100%(n200)  rnd8=100%(n200)  rnd9=100%(n200)
          └ 이동 분포: straight=67%  left=17%  right=16%
Ep 9800/23000 | R= 1150.8 | Fuel=969.5mL | Wait= 396s | Steps=51.1 | Reach=98% | ε=0.050 | Loss=221.270 | t=10767s
          ├ 토폴로지 도달률(최근50): gangnam_clean_topology=98%
          ├ OD별 도달률(최근200): rnd0=100%(n200)  rnd1=86%(n200)  rnd10=100%(n200)  rnd11=100%(n200)  rnd12=78%(n200)  rnd13=100%(n200)  rnd14=64%(n200)  rnd15=100%(n200)  rnd16=100%(n200)  rnd17=100%(n200)  rnd18=74%(n200)  rnd19=99%(n200)  rnd2=100%(n200)  rnd20=72%(n200)  rnd21=100%(n200)  rnd22=98%(n200)  rnd23=100%(n200)  rnd24=99%(n200)  rnd25=100%(n200)  rnd26=96%(n200)  rnd27=100%(n200)  rnd28=100%(n200)  rnd29=96%(n200)  rnd3=100%(n200)  rnd4=100%(n200)  rnd5=97%(n200)  rnd6=100%(n200)  rnd7=100%(n200)  rnd8=100%(n200)  rnd9=100%(n200)
          └ 이동 분포: straight=69%  left=16%  right=15%
Ep 9900/23000 | R= 1073.5 | Fuel=1039.3mL | Wait= 386s | Steps=55.5 | Reach=99% | ε=0.050 | Loss=213.025 | t=10861s
          ├ 토폴로지 도달률(최근50): gangnam_clean_topology=98%
          ├ OD별 도달률(최근200): rnd0=100%(n200)  rnd1=87%(n200)  rnd10=100%(n200)  rnd11=100%(n200)  rnd12=78%(n200)  rnd13=100%(n200)  rnd14=66%(n200)  rnd15=100%(n200)  rnd16=100%(n200)  rnd17=100%(n200)  rnd18=76%(n200)  rnd19=99%(n200)  rnd2=100%(n200)  rnd20=74%(n200)  rnd21=100%(n200)  rnd22=99%(n200)  rnd23=100%(n200)  rnd24=99%(n200)  rnd25=100%(n200)  rnd26=96%(n200)  rnd27=100%(n200)  rnd28=100%(n200)  rnd29=96%(n200)  rnd3=100%(n200)  rnd4=100%(n200)  rnd5=97%(n200)  rnd6=100%(n200)  rnd7=100%(n200)  rnd8=100%(n200)  rnd9=100%(n200)
          └ 이동 분포: straight=66%  left=16%  right=18%
Ep 10000/23000 | R= 1244.9 | Fuel=879.5mL | Wait= 388s | Steps=49.5 | Reach=98% | ε=0.050 | Loss=222.014 | t=10936s
          ├ 토폴로지 도달률(최근50): gangnam_clean_topology=98%
          ├ OD별 도달률(최근200): rnd0=100%(n200)  rnd1=87%(n200)  rnd10=100%(n200)  rnd11=100%(n200)  rnd12=80%(n200)  rnd13=100%(n200)  rnd14=68%(n200)  rnd15=100%(n200)  rnd16=100%(n200)  rnd17=100%(n200)  rnd18=78%(n200)  rnd19=99%(n200)  rnd2=100%(n200)  rnd20=76%(n200)  rnd21=100%(n200)  rnd22=99%(n200)  rnd23=100%(n200)  rnd24=99%(n200)  rnd25=100%(n200)  rnd26=96%(n200)  rnd27=100%(n200)  rnd28=100%(n200)  rnd29=96%(n200)  rnd3=100%(n200)  rnd4=100%(n200)  rnd5=97%(n200)  rnd6=100%(n200)  rnd7=100%(n200)  rnd8=100%(n200)  rnd9=100%(n200)
          └ 이동 분포: straight=69%  left=16%  right=16%
  [체크포인트] model_rl_signal_attention_ep10000.pth
Ep 10100/23000 | R= 1062.8 | Fuel=1066.6mL | Wait= 399s | Steps=55.1 | Reach=100% | ε=0.050 | Loss=215.872 | t=11035s
          ├ 토폴로지 도달률(최근50): gangnam_clean_topology=100%
          ├ OD별 도달률(최근200): rnd0=100%(n200)  rnd1=88%(n200)  rnd10=100%(n200)  rnd11=100%(n200)  rnd12=82%(n200)  rnd13=100%(n200)  rnd14=70%(n200)  rnd15=100%(n200)  rnd16=100%(n200)  rnd17=100%(n200)  rnd18=78%(n200)  rnd19=99%(n200)  rnd2=100%(n200)  rnd20=78%(n200)  rnd21=100%(n200)  rnd22=100%(n200)  rnd23=100%(n200)  rnd24=99%(n200)  rnd25=100%(n200)  rnd26=96%(n200)  rnd27=100%(n200)  rnd28=100%(n200)  rnd29=96%(n200)  rnd3=100%(n200)  rnd4=100%(n200)  rnd5=97%(n200)  rnd6=100%(n200)  rnd7=100%(n200)  rnd8=100%(n200)  rnd9=100%(n200)
          └ 이동 분포: straight=69%  left=15%  right=16%
Ep 10200/23000 | R= 1243.7 | Fuel=897.4mL | Wait= 379s | Steps=50.2 | Reach=100% | ε=0.050 | Loss=218.123 | t=11120s
          ├ 토폴로지 도달률(최근50): gangnam_clean_topology=100%
          ├ OD별 도달률(최근200): rnd0=100%(n200)  rnd1=90%(n200)  rnd10=100%(n200)  rnd11=100%(n200)  rnd12=84%(n200)  rnd13=100%(n200)  rnd14=70%(n200)  rnd15=100%(n200)  rnd16=100%(n200)  rnd17=100%(n200)  rnd18=80%(n200)  rnd19=99%(n200)  rnd2=100%(n200)  rnd20=80%(n200)  rnd21=100%(n200)  rnd22=100%(n200)  rnd23=100%(n200)  rnd24=99%(n200)  rnd25=100%(n200)  rnd26=97%(n200)  rnd27=100%(n200)  rnd28=100%(n200)  rnd29=96%(n200)  rnd3=100%(n200)  rnd4=100%(n200)  rnd5=97%(n200)  rnd6=100%(n200)  rnd7=100%(n200)  rnd8=100%(n200)  rnd9=100%(n200)
          └ 이동 분포: straight=67%  left=16%  right=16%
Ep 10300/23000 | R= 1241.6 | Fuel=895.6mL | Wait= 351s | Steps=49.0 | Reach=100% | ε=0.050 | Loss=215.819 | t=11206s
          ├ 토폴로지 도달률(최근50): gangnam_clean_topology=100%
          ├ OD별 도달률(최근200): rnd0=100%(n200)  rnd1=92%(n200)  rnd10=100%(n200)  rnd11=100%(n200)  rnd12=86%(n200)  rnd13=100%(n200)  rnd14=70%(n200)  rnd15=100%(n200)  rnd16=100%(n200)  rnd17=100%(n200)  rnd18=81%(n200)  rnd19=100%(n200)  rnd2=100%(n200)  rnd20=81%(n200)  rnd21=100%(n200)  rnd22=100%(n200)  rnd23=100%(n200)  rnd24=100%(n200)  rnd25=100%(n200)  rnd26=97%(n200)  rnd27=100%(n200)  rnd28=100%(n200)  rnd29=96%(n200)  rnd3=100%(n200)  rnd4=100%(n200)  rnd5=97%(n200)  rnd6=100%(n200)  rnd7=100%(n200)  rnd8=100%(n200)  rnd9=100%(n200)
          └ 이동 분포: straight=67%  left=15%  right=17%
Ep 10400/23000 | R= 1202.3 | Fuel=934.8mL | Wait= 380s | Steps=51.5 | Reach=100% | ε=0.050 | Loss=216.323 | t=11289s
          ├ 토폴로지 도달률(최근50): gangnam_clean_topology=100%
          ├ OD별 도달률(최근200): rnd0=100%(n200)  rnd1=92%(n200)  rnd10=100%(n200)  rnd11=100%(n200)  rnd12=88%(n200)  rnd13=100%(n200)  rnd14=73%(n200)  rnd15=100%(n200)  rnd16=100%(n200)  rnd17=100%(n200)  rnd18=82%(n200)  rnd19=100%(n200)  rnd2=100%(n200)  rnd20=84%(n200)  rnd21=100%(n200)  rnd22=100%(n200)  rnd23=100%(n200)  rnd24=100%(n200)  rnd25=100%(n200)  rnd26=97%(n200)  rnd27=100%(n200)  rnd28=100%(n200)  rnd29=96%(n200)  rnd3=100%(n200)  rnd4=100%(n200)  rnd5=97%(n200)  rnd6=100%(n200)  rnd7=100%(n200)  rnd8=100%(n200)  rnd9=100%(n200)
          └ 이동 분포: straight=68%  left=16%  right=16%
Ep 10500/23000 | R= 1018.5 | Fuel=1044.2mL | Wait= 424s | Steps=58.3 | Reach=98% | ε=0.050 | Loss=227.969 | t=11376s
          ├ 토폴로지 도달률(최근50): gangnam_clean_topology=100%
          ├ OD별 도달률(최근200): rnd0=100%(n200)  rnd1=93%(n200)  rnd10=100%(n200)  rnd11=100%(n200)  rnd12=88%(n200)  rnd13=100%(n200)  rnd14=76%(n200)  rnd15=100%(n200)  rnd16=100%(n200)  rnd17=100%(n200)  rnd18=83%(n200)  rnd19=100%(n200)  rnd2=100%(n200)  rnd20=86%(n200)  rnd21=100%(n200)  rnd22=100%(n200)  rnd23=100%(n200)  rnd24=100%(n200)  rnd25=100%(n200)  rnd26=97%(n200)  rnd27=100%(n200)  rnd28=100%(n200)  rnd29=95%(n200)  rnd3=100%(n200)  rnd4=100%(n200)  rnd5=97%(n200)  rnd6=100%(n200)  rnd7=100%(n200)  rnd8=100%(n200)  rnd9=100%(n200)
          └ 이동 분포: straight=67%  left=16%  right=17%
Ep 10600/23000 | R= 1301.1 | Fuel=818.8mL | Wait= 343s | Steps=43.6 | Reach=98% | ε=0.050 | Loss=212.392 | t=11442s
          ├ 토폴로지 도달률(최근50): gangnam_clean_topology=98%
          ├ OD별 도달률(최근200): rnd0=100%(n200)  rnd1=94%(n200)  rnd10=100%(n200)  rnd11=100%(n200)  rnd12=88%(n200)  rnd13=100%(n200)  rnd14=76%(n200)  rnd15=100%(n200)  rnd16=100%(n200)  rnd17=100%(n200)  rnd18=84%(n200)  rnd19=100%(n200)  rnd2=100%(n200)  rnd20=86%(n200)  rnd21=100%(n200)  rnd22=100%(n200)  rnd23=100%(n200)  rnd24=100%(n200)  rnd25=100%(n200)  rnd26=97%(n200)  rnd27=100%(n200)  rnd28=100%(n200)  rnd29=95%(n200)  rnd3=100%(n200)  rnd4=100%(n200)  rnd5=97%(n200)  rnd6=100%(n200)  rnd7=100%(n200)  rnd8=100%(n200)  rnd9=100%(n200)
          └ 이동 분포: straight=66%  left=16%  right=18%
Ep 10700/23000 | R= 1189.9 | Fuel=939.9mL | Wait= 377s | Steps=52.9 | Reach=99% | ε=0.050 | Loss=215.994 | t=11518s
          ├ 토폴로지 도달률(최근50): gangnam_clean_topology=100%
          ├ OD별 도달률(최근200): rnd0=100%(n200)  rnd1=94%(n200)  rnd10=100%(n200)  rnd11=100%(n200)  rnd12=90%(n200)  rnd13=100%(n200)  rnd14=80%(n200)  rnd15=100%(n200)  rnd16=100%(n200)  rnd17=100%(n200)  rnd18=85%(n200)  rnd19=100%(n200)  rnd2=100%(n200)  rnd20=86%(n200)  rnd21=100%(n200)  rnd22=99%(n200)  rnd23=100%(n200)  rnd24=100%(n200)  rnd25=100%(n200)  rnd26=97%(n200)  rnd27=100%(n200)  rnd28=100%(n200)  rnd29=95%(n200)  rnd3=100%(n200)  rnd4=100%(n200)  rnd5=97%(n200)  rnd6=100%(n200)  rnd7=100%(n200)  rnd8=100%(n200)  rnd9=100%(n200)
          └ 이동 분포: straight=68%  left=17%  right=15%
Ep 10800/23000 | R= 1349.6 | Fuel=799.8mL | Wait= 344s | Steps=43.6 | Reach=100% | ε=0.050 | Loss=215.556 | t=11570s
          ├ 토폴로지 도달률(최근50): gangnam_clean_topology=100%
          ├ OD별 도달률(최근200): rnd0=100%(n200)  rnd1=95%(n200)  rnd10=100%(n200)  rnd11=100%(n200)  rnd12=91%(n200)  rnd13=100%(n200)  rnd14=80%(n200)  rnd15=100%(n200)  rnd16=100%(n200)  rnd17=100%(n200)  rnd18=86%(n200)  rnd19=100%(n200)  rnd2=100%(n200)  rnd20=89%(n200)  rnd21=100%(n200)  rnd22=99%(n200)  rnd23=100%(n200)  rnd24=100%(n200)  rnd25=100%(n200)  rnd26=97%(n200)  rnd27=100%(n200)  rnd28=100%(n200)  rnd29=95%(n200)  rnd3=100%(n200)  rnd4=100%(n200)  rnd5=98%(n200)  rnd6=100%(n200)  rnd7=100%(n200)  rnd8=100%(n200)  rnd9=100%(n200)
          └ 이동 분포: straight=67%  left=16%  right=18%
Ep 10900/23000 | R= 1251.9 | Fuel=887.3mL | Wait= 351s | Steps=50.3 | Reach=100% | ε=0.050 | Loss=213.014 | t=11664s
          ├ 토폴로지 도달률(최근50): gangnam_clean_topology=100%
          ├ OD별 도달률(최근200): rnd0=100%(n200)  rnd1=96%(n200)  rnd10=100%(n200)  rnd11=100%(n200)  rnd12=92%(n200)  rnd13=100%(n200)  rnd14=82%(n200)  rnd15=100%(n200)  rnd16=100%(n200)  rnd17=100%(n200)  rnd18=86%(n200)  rnd19=100%(n200)  rnd2=100%(n200)  rnd20=91%(n200)  rnd21=100%(n200)  rnd22=99%(n200)  rnd23=100%(n200)  rnd24=100%(n200)  rnd25=100%(n200)  rnd26=97%(n200)  rnd27=100%(n200)  rnd28=100%(n200)  rnd29=95%(n200)  rnd3=100%(n200)  rnd4=100%(n200)  rnd5=98%(n200)  rnd6=100%(n200)  rnd7=100%(n200)  rnd8=100%(n200)  rnd9=100%(n200)
          └ 이동 분포: straight=67%  left=18%  right=16%
Ep 11000/23000 | R= 1256.0 | Fuel=890.9mL | Wait= 400s | Steps=48.9 | Reach=99% | ε=0.050 | Loss=214.723 | t=11756s
          ├ 토폴로지 도달률(최근50): gangnam_clean_topology=98%
          ├ OD별 도달률(최근200): rnd0=100%(n200)  rnd1=96%(n200)  rnd10=100%(n200)  rnd11=100%(n200)  rnd12=92%(n200)  rnd13=100%(n200)  rnd14=84%(n200)  rnd15=100%(n200)  rnd16=100%(n200)  rnd17=100%(n200)  rnd18=88%(n200)  rnd19=100%(n200)  rnd2=100%(n200)  rnd20=92%(n200)  rnd21=100%(n200)  rnd22=99%(n200)  rnd23=100%(n200)  rnd24=100%(n200)  rnd25=100%(n200)  rnd26=97%(n200)  rnd27=100%(n200)  rnd28=100%(n200)  rnd29=94%(n200)  rnd3=100%(n200)  rnd4=100%(n200)  rnd5=98%(n200)  rnd6=100%(n200)  rnd7=100%(n200)  rnd8=100%(n200)  rnd9=100%(n200)
          └ 이동 분포: straight=71%  left=14%  right=16%
Ep 11100/23000 | R= 1244.7 | Fuel=886.6mL | Wait= 356s | Steps=48.2 | Reach=99% | ε=0.050 | Loss=211.257 | t=11840s
          ├ 토폴로지 도달률(최근50): gangnam_clean_topology=100%
          ├ OD별 도달률(최근200): rnd0=100%(n200)  rnd1=96%(n200)  rnd10=100%(n200)  rnd11=100%(n200)  rnd12=93%(n200)  rnd13=100%(n200)  rnd14=84%(n200)  rnd15=100%(n200)  rnd16=100%(n200)  rnd17=100%(n200)  rnd18=90%(n200)  rnd19=100%(n200)  rnd2=100%(n200)  rnd20=92%(n200)  rnd21=100%(n200)  rnd22=99%(n200)  rnd23=100%(n200)  rnd24=100%(n200)  rnd25=100%(n200)  rnd26=97%(n200)  rnd27=100%(n200)  rnd28=100%(n200)  rnd29=94%(n200)  rnd3=100%(n200)  rnd4=100%(n200)  rnd5=98%(n200)  rnd6=100%(n200)  rnd7=100%(n200)  rnd8=100%(n200)  rnd9=100%(n200)
          └ 이동 분포: straight=70%  left=15%  right=15%
Ep 11200/23000 | R= 1196.0 | Fuel=959.8mL | Wait= 407s | Steps=50.8 | Reach=100% | ε=0.050 | Loss=197.446 | t=11923s
          ├ 토폴로지 도달률(최근50): gangnam_clean_topology=100%
          ├ OD별 도달률(최근200): rnd0=100%(n200)  rnd1=96%(n200)  rnd10=100%(n200)  rnd11=100%(n200)  rnd12=94%(n200)  rnd13=100%(n200)  rnd14=88%(n200)  rnd15=100%(n200)  rnd16=100%(n200)  rnd17=100%(n200)  rnd18=92%(n200)  rnd19=100%(n200)  rnd2=100%(n200)  rnd20=94%(n200)  rnd21=100%(n200)  rnd22=99%(n200)  rnd23=100%(n200)  rnd24=100%(n200)  rnd25=100%(n200)  rnd26=97%(n200)  rnd27=100%(n200)  rnd28=100%(n200)  rnd29=95%(n200)  rnd3=100%(n200)  rnd4=100%(n200)  rnd5=98%(n200)  rnd6=100%(n200)  rnd7=100%(n200)  rnd8=100%(n200)  rnd9=100%(n200)
          └ 이동 분포: straight=70%  left=15%  right=15%
Ep 11300/23000 | R= 1197.8 | Fuel=938.9mL | Wait= 380s | Steps=52.5 | Reach=100% | ε=0.050 | Loss=192.471 | t=12022s
          ├ 토폴로지 도달률(최근50): gangnam_clean_topology=100%
          ├ OD별 도달률(최근200): rnd0=100%(n200)  rnd1=97%(n200)  rnd10=100%(n200)  rnd11=100%(n200)  rnd12=96%(n200)  rnd13=100%(n200)  rnd14=90%(n200)  rnd15=100%(n200)  rnd16=100%(n200)  rnd17=100%(n200)  rnd18=92%(n200)  rnd19=100%(n200)  rnd2=100%(n200)  rnd20=97%(n200)  rnd21=100%(n200)  rnd22=99%(n200)  rnd23=100%(n200)  rnd24=100%(n200)  rnd25=100%(n200)  rnd26=98%(n200)  rnd27=100%(n200)  rnd28=100%(n200)  rnd29=95%(n200)  rnd3=100%(n200)  rnd4=100%(n200)  rnd5=98%(n200)  rnd6=100%(n200)  rnd7=100%(n200)  rnd8=100%(n200)  rnd9=100%(n200)
          └ 이동 분포: straight=66%  left=18%  right=16%
Ep 11400/23000 | R= 1282.9 | Fuel=873.8mL | Wait= 373s | Steps=48.6 | Reach=100% | ε=0.050 | Loss=203.660 | t=12084s
          ├ 토폴로지 도달률(최근50): gangnam_clean_topology=100%
          ├ OD별 도달률(최근200): rnd0=100%(n200)  rnd1=97%(n200)  rnd10=100%(n200)  rnd11=100%(n200)  rnd12=96%(n200)  rnd13=100%(n200)  rnd14=91%(n200)  rnd15=100%(n200)  rnd16=100%(n200)  rnd17=100%(n200)  rnd18=93%(n200)  rnd19=100%(n200)  rnd2=100%(n200)  rnd20=98%(n200)  rnd21=100%(n200)  rnd22=99%(n200)  rnd23=100%(n200)  rnd24=100%(n200)  rnd25=100%(n200)  rnd26=98%(n200)  rnd27=100%(n200)  rnd28=100%(n200)  rnd29=95%(n200)  rnd3=100%(n200)  rnd4=100%(n200)  rnd5=98%(n200)  rnd6=100%(n200)  rnd7=100%(n200)  rnd8=100%(n200)  rnd9=100%(n200)
          └ 이동 분포: straight=68%  left=16%  right=17%
Ep 11500/23000 | R= 1274.0 | Fuel=876.1mL | Wait= 373s | Steps=46.8 | Reach=100% | ε=0.050 | Loss=209.004 | t=12114s
          ├ 토폴로지 도달률(최근50): gangnam_clean_topology=100%
          ├ OD별 도달률(최근200): rnd0=100%(n200)  rnd1=97%(n200)  rnd10=100%(n200)  rnd11=100%(n200)  rnd12=96%(n200)  rnd13=100%(n200)  rnd14=92%(n200)  rnd15=100%(n200)  rnd16=100%(n200)  rnd17=100%(n200)  rnd18=94%(n200)  rnd19=100%(n200)  rnd2=100%(n200)  rnd20=98%(n200)  rnd21=100%(n200)  rnd22=100%(n200)  rnd23=100%(n200)  rnd24=100%(n200)  rnd25=100%(n200)  rnd26=98%(n200)  rnd27=100%(n200)  rnd28=100%(n200)  rnd29=96%(n200)  rnd3=100%(n200)  rnd4=100%(n200)  rnd5=98%(n200)  rnd6=100%(n200)  rnd7=100%(n200)  rnd8=100%(n200)  rnd9=100%(n200)
          └ 이동 분포: straight=69%  left=15%  right=16%
Ep 11600/23000 | R= 1226.2 | Fuel=900.2mL | Wait= 390s | Steps=49.6 | Reach=100% | ε=0.050 | Loss=211.895 | t=12147s
          ├ 토폴로지 도달률(최근50): gangnam_clean_topology=100%
          ├ OD별 도달률(최근200): rnd0=100%(n200)  rnd1=98%(n200)  rnd10=100%(n200)  rnd11=100%(n200)  rnd12=96%(n200)  rnd13=100%(n200)  rnd14=94%(n200)  rnd15=100%(n200)  rnd16=100%(n200)  rnd17=100%(n200)  rnd18=95%(n200)  rnd19=100%(n200)  rnd2=100%(n200)  rnd20=98%(n200)  rnd21=100%(n200)  rnd22=100%(n200)  rnd23=100%(n200)  rnd24=100%(n200)  rnd25=100%(n200)  rnd26=98%(n200)  rnd27=100%(n200)  rnd28=100%(n200)  rnd29=96%(n200)  rnd3=100%(n200)  rnd4=100%(n200)  rnd5=98%(n200)  rnd6=100%(n200)  rnd7=100%(n200)  rnd8=100%(n200)  rnd9=100%(n200)
          └ 이동 분포: straight=68%  left=17%  right=16%
Ep 11700/23000 | R= 1216.8 | Fuel=911.5mL | Wait= 379s | Steps=50.0 | Reach=100% | ε=0.050 | Loss=220.814 | t=12180s
          ├ 토폴로지 도달률(최근50): gangnam_clean_topology=100%
          ├ OD별 도달률(최근200): rnd0=100%(n200)  rnd1=98%(n200)  rnd10=100%(n200)  rnd11=100%(n200)  rnd12=97%(n200)  rnd13=100%(n200)  rnd14=96%(n200)  rnd15=100%(n200)  rnd16=100%(n200)  rnd17=100%(n200)  rnd18=96%(n200)  rnd19=100%(n200)  rnd2=100%(n200)  rnd20=98%(n200)  rnd21=100%(n200)  rnd22=100%(n200)  rnd23=100%(n200)  rnd24=100%(n200)  rnd25=100%(n200)  rnd26=98%(n200)  rnd27=100%(n200)  rnd28=100%(n200)  rnd29=96%(n200)  rnd3=100%(n200)  rnd4=100%(n200)  rnd5=98%(n200)  rnd6=100%(n200)  rnd7=100%(n200)  rnd8=100%(n200)  rnd9=100%(n200)
          └ 이동 분포: straight=69%  left=16%  right=15%
Ep 11800/23000 | R= 1165.0 | Fuel=953.0mL | Wait= 404s | Steps=50.4 | Reach=99% | ε=0.050 | Loss=220.778 | t=12213s
          ├ 토폴로지 도달률(최근50): gangnam_clean_topology=100%
          ├ OD별 도달률(최근200): rnd0=100%(n200)  rnd1=98%(n200)  rnd10=100%(n200)  rnd11=100%(n200)  rnd12=97%(n200)  rnd13=100%(n200)  rnd14=96%(n200)  rnd15=100%(n200)  rnd16=100%(n200)  rnd17=100%(n200)  rnd18=96%(n200)  rnd19=100%(n200)  rnd2=100%(n200)  rnd20=98%(n200)  rnd21=100%(n200)  rnd22=100%(n200)  rnd23=100%(n200)  rnd24=100%(n200)  rnd25=100%(n200)  rnd26=98%(n200)  rnd27=100%(n200)  rnd28=100%(n200)  rnd29=96%(n200)  rnd3=100%(n200)  rnd4=100%(n200)  rnd5=98%(n200)  rnd6=100%(n200)  rnd7=100%(n200)  rnd8=100%(n200)  rnd9=100%(n200)
          └ 이동 분포: straight=68%  left=15%  right=17%
Ep 11900/23000 | R= 1198.2 | Fuel=934.5mL | Wait= 352s | Steps=51.5 | Reach=100% | ε=0.050 | Loss=200.357 | t=12247s
          ├ 토폴로지 도달률(최근50): gangnam_clean_topology=100%
          ├ OD별 도달률(최근200): rnd0=100%(n200)  rnd1=98%(n200)  rnd10=100%(n200)  rnd11=100%(n200)  rnd12=98%(n200)  rnd13=100%(n200)  rnd14=96%(n200)  rnd15=100%(n200)  rnd16=100%(n200)  rnd17=100%(n200)  rnd18=97%(n200)  rnd19=100%(n200)  rnd2=100%(n200)  rnd20=98%(n200)  rnd21=100%(n200)  rnd22=100%(n200)  rnd23=100%(n200)  rnd24=100%(n200)  rnd25=100%(n200)  rnd26=98%(n200)  rnd27=100%(n200)  rnd28=100%(n200)  rnd29=96%(n200)  rnd3=100%(n200)  rnd4=100%(n200)  rnd5=98%(n200)  rnd6=100%(n200)  rnd7=100%(n200)  rnd8=100%(n200)  rnd9=100%(n200)
          └ 이동 분포: straight=69%  left=16%  right=15%
Ep 12000/23000 | R= 1231.9 | Fuel=923.2mL | Wait= 382s | Steps=50.6 | Reach=100% | ε=0.050 | Loss=191.506 | t=12281s
          ├ 토폴로지 도달률(최근50): gangnam_clean_topology=100%
          ├ OD별 도달률(최근200): rnd0=100%(n200)  rnd1=98%(n200)  rnd10=100%(n200)  rnd11=100%(n200)  rnd12=98%(n200)  rnd13=100%(n200)  rnd14=98%(n200)  rnd15=100%(n200)  rnd16=100%(n200)  rnd17=100%(n200)  rnd18=97%(n200)  rnd19=100%(n200)  rnd2=100%(n200)  rnd20=98%(n200)  rnd21=100%(n200)  rnd22=100%(n200)  rnd23=100%(n200)  rnd24=100%(n200)  rnd25=100%(n200)  rnd26=98%(n200)  rnd27=100%(n200)  rnd28=100%(n200)  rnd29=96%(n200)  rnd3=100%(n200)  rnd4=100%(n200)  rnd5=98%(n200)  rnd6=100%(n200)  rnd7=100%(n200)  rnd8=100%(n200)  rnd9=100%(n200)
          └ 이동 분포: straight=70%  left=15%  right=16%
Ep 12100/23000 | R= 1197.7 | Fuel=908.8mL | Wait= 351s | Steps=48.8 | Reach=99% | ε=0.050 | Loss=181.100 | t=12313s
          ├ 토폴로지 도달률(최근50): gangnam_clean_topology=100%
          ├ OD별 도달률(최근200): rnd0=100%(n200)  rnd1=98%(n200)  rnd10=100%(n200)  rnd11=100%(n200)  rnd12=98%(n200)  rnd13=100%(n200)  rnd14=98%(n200)  rnd15=100%(n200)  rnd16=100%(n200)  rnd17=100%(n200)  rnd18=98%(n200)  rnd19=100%(n200)  rnd2=100%(n200)  rnd20=98%(n200)  rnd21=100%(n200)  rnd22=100%(n200)  rnd23=100%(n200)  rnd24=100%(n200)  rnd25=100%(n200)  rnd26=98%(n200)  rnd27=100%(n200)  rnd28=100%(n200)  rnd29=96%(n200)  rnd3=100%(n200)  rnd4=100%(n200)  rnd5=98%(n200)  rnd6=100%(n200)  rnd7=100%(n200)  rnd8=100%(n200)  rnd9=100%(n200)
          └ 이동 분포: straight=66%  left=19%  right=15%
Ep 12200/23000 | R= 1203.2 | Fuel=939.9mL | Wait= 369s | Steps=47.9 | Reach=99% | ε=0.050 | Loss=183.917 | t=12344s
          ├ 토폴로지 도달률(최근50): gangnam_clean_topology=98%
          ├ OD별 도달률(최근200): rnd0=100%(n200)  rnd1=98%(n200)  rnd10=100%(n200)  rnd11=100%(n200)  rnd12=98%(n200)  rnd13=100%(n200)  rnd14=98%(n200)  rnd15=100%(n200)  rnd16=100%(n200)  rnd17=100%(n200)  rnd18=98%(n200)  rnd19=100%(n200)  rnd2=100%(n200)  rnd20=98%(n200)  rnd21=100%(n200)  rnd22=100%(n200)  rnd23=100%(n200)  rnd24=100%(n200)  rnd25=100%(n200)  rnd26=98%(n200)  rnd27=100%(n200)  rnd28=100%(n200)  rnd29=96%(n200)  rnd3=100%(n200)  rnd4=100%(n200)  rnd5=98%(n200)  rnd6=100%(n200)  rnd7=100%(n200)  rnd8=100%(n200)  rnd9=100%(n200)
          └ 이동 분포: straight=70%  left=14%  right=16%
Ep 12300/23000 | R= 1144.3 | Fuel=970.1mL | Wait= 370s | Steps=55.4 | Reach=100% | ε=0.050 | Loss=179.776 | t=12380s
          ├ 토폴로지 도달률(최근50): gangnam_clean_topology=100%
          ├ OD별 도달률(최근200): rnd0=100%(n200)  rnd1=98%(n200)  rnd10=100%(n200)  rnd11=100%(n200)  rnd12=98%(n200)  rnd13=100%(n200)  rnd14=98%(n200)  rnd15=100%(n200)  rnd16=100%(n200)  rnd17=100%(n200)  rnd18=98%(n200)  rnd19=100%(n200)  rnd2=100%(n200)  rnd20=99%(n200)  rnd21=100%(n200)  rnd22=100%(n200)  rnd23=100%(n200)  rnd24=100%(n200)  rnd25=100%(n200)  rnd26=98%(n200)  rnd27=100%(n200)  rnd28=100%(n200)  rnd29=96%(n200)  rnd3=100%(n200)  rnd4=100%(n200)  rnd5=99%(n200)  rnd6=100%(n200)  rnd7=100%(n200)  rnd8=100%(n200)  rnd9=100%(n200)
          └ 이동 분포: straight=66%  left=17%  right=17%
Ep 12400/23000 | R= 1283.8 | Fuel=881.4mL | Wait= 333s | Steps=46.1 | Reach=100% | ε=0.050 | Loss=179.236 | t=12410s
          ├ 토폴로지 도달률(최근50): gangnam_clean_topology=100%
          ├ OD별 도달률(최근200): rnd0=100%(n200)  rnd1=98%(n200)  rnd10=100%(n200)  rnd11=100%(n200)  rnd12=98%(n200)  rnd13=100%(n200)  rnd14=98%(n200)  rnd15=100%(n200)  rnd16=100%(n200)  rnd17=100%(n200)  rnd18=98%(n200)  rnd19=100%(n200)  rnd2=100%(n200)  rnd20=99%(n200)  rnd21=100%(n200)  rnd22=100%(n200)  rnd23=100%(n200)  rnd24=100%(n200)  rnd25=100%(n200)  rnd26=98%(n200)  rnd27=100%(n200)  rnd28=100%(n200)  rnd29=96%(n200)  rnd3=100%(n200)  rnd4=100%(n200)  rnd5=99%(n200)  rnd6=100%(n200)  rnd7=100%(n200)  rnd8=100%(n200)  rnd9=100%(n200)
          └ 이동 분포: straight=68%  left=16%  right=16%
Ep 12500/23000 | R= 1063.1 | Fuel=1049.7mL | Wait= 426s | Steps=55.6 | Reach=99% | ε=0.050 | Loss=185.507 | t=12447s
          ├ 토폴로지 도달률(최근50): gangnam_clean_topology=98%
          ├ OD별 도달률(최근200): rnd0=100%(n200)  rnd1=98%(n200)  rnd10=100%(n200)  rnd11=100%(n200)  rnd12=98%(n200)  rnd13=100%(n200)  rnd14=98%(n200)  rnd15=100%(n200)  rnd16=100%(n200)  rnd17=100%(n200)  rnd18=99%(n200)  rnd19=100%(n200)  rnd2=100%(n200)  rnd20=99%(n200)  rnd21=100%(n200)  rnd22=100%(n200)  rnd23=100%(n200)  rnd24=100%(n200)  rnd25=100%(n200)  rnd26=98%(n200)  rnd27=100%(n200)  rnd28=100%(n200)  rnd29=96%(n200)  rnd3=100%(n200)  rnd4=100%(n200)  rnd5=98%(n200)  rnd6=100%(n200)  rnd7=100%(n200)  rnd8=100%(n200)  rnd9=100%(n200)
          └ 이동 분포: straight=67%  left=16%  right=18%
  [체크포인트] model_rl_signal_attention_ep12500.pth
Ep 12600/23000 | R= 1187.0 | Fuel=931.6mL | Wait= 376s | Steps=50.4 | Reach=99% | ε=0.050 | Loss=192.448 | t=12479s
          ├ 토폴로지 도달률(최근50): gangnam_clean_topology=100%
          ├ OD별 도달률(최근200): rnd0=100%(n200)  rnd1=98%(n200)  rnd10=100%(n200)  rnd11=100%(n200)  rnd12=98%(n200)  rnd13=100%(n200)  rnd14=98%(n200)  rnd15=100%(n200)  rnd16=100%(n200)  rnd17=100%(n200)  rnd18=99%(n200)  rnd19=100%(n200)  rnd2=100%(n200)  rnd20=99%(n200)  rnd21=100%(n200)  rnd22=100%(n200)  rnd23=100%(n200)  rnd24=100%(n200)  rnd25=100%(n200)  rnd26=98%(n200)  rnd27=100%(n200)  rnd28=100%(n200)  rnd29=96%(n200)  rnd3=100%(n200)  rnd4=100%(n200)  rnd5=98%(n200)  rnd6=100%(n200)  rnd7=100%(n200)  rnd8=100%(n200)  rnd9=100%(n200)
          └ 이동 분포: straight=69%  left=15%  right=15%
Ep 12700/23000 | R= 1228.6 | Fuel=930.6mL | Wait= 425s | Steps=51.8 | Reach=100% | ε=0.050 | Loss=178.001 | t=12513s
          ├ 토폴로지 도달률(최근50): gangnam_clean_topology=100%
          ├ OD별 도달률(최근200): rnd0=100%(n200)  rnd1=98%(n200)  rnd10=100%(n200)  rnd11=100%(n200)  rnd12=98%(n200)  rnd13=100%(n200)  rnd14=98%(n200)  rnd15=100%(n200)  rnd16=100%(n200)  rnd17=100%(n200)  rnd18=100%(n200)  rnd19=100%(n200)  rnd2=100%(n200)  rnd20=99%(n200)  rnd21=100%(n200)  rnd22=100%(n200)  rnd23=100%(n200)  rnd24=100%(n200)  rnd25=100%(n200)  rnd26=98%(n200)  rnd27=100%(n200)  rnd28=100%(n200)  rnd29=96%(n200)  rnd3=100%(n200)  rnd4=100%(n200)  rnd5=98%(n200)  rnd6=100%(n200)  rnd7=100%(n200)  rnd8=100%(n200)  rnd9=100%(n200)
          └ 이동 분포: straight=70%  left=15%  right=15%
Ep 12800/23000 | R= 1251.3 | Fuel=909.3mL | Wait= 361s | Steps=48.3 | Reach=100% | ε=0.050 | Loss=184.511 | t=12545s
          ├ 토폴로지 도달률(최근50): gangnam_clean_topology=100%
          ├ OD별 도달률(최근200): rnd0=100%(n200)  rnd1=98%(n200)  rnd10=100%(n200)  rnd11=100%(n200)  rnd12=98%(n200)  rnd13=100%(n200)  rnd14=98%(n200)  rnd15=100%(n200)  rnd16=100%(n200)  rnd17=100%(n200)  rnd18=100%(n200)  rnd19=100%(n200)  rnd2=100%(n200)  rnd20=99%(n200)  rnd21=100%(n200)  rnd22=100%(n200)  rnd23=100%(n200)  rnd24=100%(n200)  rnd25=100%(n200)  rnd26=98%(n200)  rnd27=100%(n200)  rnd28=100%(n200)  rnd29=96%(n200)  rnd3=100%(n200)  rnd4=100%(n200)  rnd5=98%(n200)  rnd6=100%(n200)  rnd7=100%(n200)  rnd8=100%(n200)  rnd9=100%(n200)
          └ 이동 분포: straight=69%  left=16%  right=16%
Ep 12900/23000 | R= 1139.1 | Fuel=962.3mL | Wait= 404s | Steps=50.4 | Reach=100% | ε=0.050 | Loss=192.280 | t=12577s
          ├ 토폴로지 도달률(최근50): gangnam_clean_topology=100%
          ├ OD별 도달률(최근200): rnd0=100%(n200)  rnd1=98%(n200)  rnd10=100%(n200)  rnd11=100%(n200)  rnd12=98%(n200)  rnd13=100%(n200)  rnd14=98%(n200)  rnd15=100%(n200)  rnd16=100%(n200)  rnd17=100%(n200)  rnd18=100%(n200)  rnd19=100%(n200)  rnd2=100%(n200)  rnd20=99%(n200)  rnd21=100%(n200)  rnd22=100%(n200)  rnd23=100%(n200)  rnd24=100%(n200)  rnd25=100%(n200)  rnd26=98%(n200)  rnd27=100%(n200)  rnd28=100%(n200)  rnd29=96%(n200)  rnd3=100%(n200)  rnd4=100%(n200)  rnd5=98%(n200)  rnd6=100%(n200)  rnd7=100%(n200)  rnd8=100%(n200)  rnd9=100%(n200)
          └ 이동 분포: straight=66%  left=16%  right=17%
Ep 13000/23000 | R= 1291.3 | Fuel=860.2mL | Wait= 350s | Steps=46.9 | Reach=100% | ε=0.050 | Loss=173.835 | t=12608s
          ├ 토폴로지 도달률(최근50): gangnam_clean_topology=100%
          ├ OD별 도달률(최근200): rnd0=100%(n200)  rnd1=98%(n200)  rnd10=100%(n200)  rnd11=100%(n200)  rnd12=98%(n200)  rnd13=100%(n200)  rnd14=98%(n200)  rnd15=100%(n200)  rnd16=100%(n200)  rnd17=100%(n200)  rnd18=100%(n200)  rnd19=100%(n200)  rnd2=100%(n200)  rnd20=99%(n200)  rnd21=100%(n200)  rnd22=100%(n200)  rnd23=100%(n200)  rnd24=100%(n200)  rnd25=100%(n200)  rnd26=98%(n200)  rnd27=100%(n200)  rnd28=100%(n200)  rnd29=96%(n200)  rnd3=100%(n200)  rnd4=100%(n200)  rnd5=98%(n200)  rnd6=100%(n200)  rnd7=100%(n200)  rnd8=100%(n200)  rnd9=100%(n200)
          └ 이동 분포: straight=69%  left=15%  right=15%
Ep 13100/23000 | R= 1084.5 | Fuel=1022.3mL | Wait= 408s | Steps=55.4 | Reach=100% | ε=0.050 | Loss=180.118 | t=12644s
          ├ 토폴로지 도달률(최근50): gangnam_clean_topology=100%
          ├ OD별 도달률(최근200): rnd0=100%(n200)  rnd1=98%(n200)  rnd10=100%(n200)  rnd11=100%(n200)  rnd12=98%(n200)  rnd13=100%(n200)  rnd14=98%(n200)  rnd15=100%(n200)  rnd16=100%(n200)  rnd17=100%(n200)  rnd18=100%(n200)  rnd19=100%(n200)  rnd2=100%(n200)  rnd20=99%(n200)  rnd21=100%(n200)  rnd22=100%(n200)  rnd23=100%(n200)  rnd24=100%(n200)  rnd25=100%(n200)  rnd26=98%(n200)  rnd27=100%(n200)  rnd28=100%(n200)  rnd29=96%(n200)  rnd3=100%(n200)  rnd4=100%(n200)  rnd5=98%(n200)  rnd6=100%(n200)  rnd7=100%(n200)  rnd8=100%(n200)  rnd9=100%(n200)
          └ 이동 분포: straight=68%  left=16%  right=16%
Ep 13200/23000 | R= 1169.8 | Fuel=949.4mL | Wait= 451s | Steps=51.5 | Reach=99% | ε=0.050 | Loss=181.901 | t=12677s
          ├ 토폴로지 도달률(최근50): gangnam_clean_topology=100%
          ├ OD별 도달률(최근200): rnd0=100%(n200)  rnd1=99%(n200)  rnd10=100%(n200)  rnd11=100%(n200)  rnd12=98%(n200)  rnd13=100%(n200)  rnd14=99%(n200)  rnd15=100%(n200)  rnd16=100%(n200)  rnd17=100%(n200)  rnd18=99%(n200)  rnd19=100%(n200)  rnd2=100%(n200)  rnd20=99%(n200)  rnd21=100%(n200)  rnd22=100%(n200)  rnd23=100%(n200)  rnd24=100%(n200)  rnd25=100%(n200)  rnd26=98%(n200)  rnd27=100%(n200)  rnd28=100%(n200)  rnd29=96%(n200)  rnd3=100%(n200)  rnd4=100%(n200)  rnd5=98%(n200)  rnd6=100%(n200)  rnd7=100%(n200)  rnd8=100%(n200)  rnd9=100%(n200)
          └ 이동 분포: straight=66%  left=14%  right=20%
Ep 13300/23000 | R= 1180.9 | Fuel=940.9mL | Wait= 406s | Steps=52.0 | Reach=100% | ε=0.050 | Loss=173.825 | t=12711s
          ├ 토폴로지 도달률(최근50): gangnam_clean_topology=100%
          ├ OD별 도달률(최근200): rnd0=100%(n200)  rnd1=99%(n200)  rnd10=100%(n200)  rnd11=100%(n200)  rnd12=98%(n200)  rnd13=100%(n200)  rnd14=99%(n200)  rnd15=100%(n200)  rnd16=100%(n200)  rnd17=100%(n200)  rnd18=99%(n200)  rnd19=100%(n200)  rnd2=100%(n200)  rnd20=99%(n200)  rnd21=100%(n200)  rnd22=100%(n200)  rnd23=100%(n200)  rnd24=100%(n200)  rnd25=100%(n200)  rnd26=98%(n200)  rnd27=100%(n200)  rnd28=100%(n200)  rnd29=96%(n200)  rnd3=100%(n200)  rnd4=100%(n200)  rnd5=98%(n200)  rnd6=100%(n200)  rnd7=100%(n200)  rnd8=100%(n200)  rnd9=100%(n200)
          └ 이동 분포: straight=67%  left=18%  right=15%
Ep 13400/23000 | R= 1166.3 | Fuel=903.9mL | Wait= 338s | Steps=48.9 | Reach=99% | ε=0.050 | Loss=174.348 | t=12743s
          ├ 토폴로지 도달률(최근50): gangnam_clean_topology=100%
          ├ OD별 도달률(최근200): rnd0=100%(n200)  rnd1=99%(n200)  rnd10=100%(n200)  rnd11=100%(n200)  rnd12=98%(n200)  rnd13=100%(n200)  rnd14=99%(n200)  rnd15=100%(n200)  rnd16=100%(n200)  rnd17=100%(n200)  rnd18=99%(n200)  rnd19=100%(n200)  rnd2=100%(n200)  rnd20=99%(n200)  rnd21=100%(n200)  rnd22=100%(n200)  rnd23=100%(n200)  rnd24=100%(n200)  rnd25=100%(n200)  rnd26=98%(n200)  rnd27=100%(n200)  rnd28=100%(n200)  rnd29=96%(n200)  rnd3=100%(n200)  rnd4=100%(n200)  rnd5=98%(n200)  rnd6=100%(n200)  rnd7=100%(n200)  rnd8=100%(n200)  rnd9=100%(n200)
          └ 이동 분포: straight=63%  left=19%  right=17%
Ep 13500/23000 | R= 1224.5 | Fuel=937.5mL | Wait= 391s | Steps=48.2 | Reach=100% | ε=0.050 | Loss=172.200 | t=12775s
          ├ 토폴로지 도달률(최근50): gangnam_clean_topology=100%
          ├ OD별 도달률(최근200): rnd0=100%(n200)  rnd1=100%(n200)  rnd10=100%(n200)  rnd11=100%(n200)  rnd12=98%(n200)  rnd13=100%(n200)  rnd14=99%(n200)  rnd15=100%(n200)  rnd16=100%(n200)  rnd17=100%(n200)  rnd18=99%(n200)  rnd19=100%(n200)  rnd2=100%(n200)  rnd20=99%(n200)  rnd21=100%(n200)  rnd22=100%(n200)  rnd23=100%(n200)  rnd24=100%(n200)  rnd25=100%(n200)  rnd26=98%(n200)  rnd27=100%(n200)  rnd28=100%(n200)  rnd29=96%(n200)  rnd3=100%(n200)  rnd4=100%(n200)  rnd5=98%(n200)  rnd6=100%(n200)  rnd7=100%(n200)  rnd8=100%(n200)  rnd9=100%(n200)
          └ 이동 분포: straight=69%  left=15%  right=15%
Ep 13600/23000 | R= 1270.3 | Fuel=889.4mL | Wait= 364s | Steps=48.1 | Reach=100% | ε=0.050 | Loss=176.249 | t=12806s
          ├ 토폴로지 도달률(최근50): gangnam_clean_topology=100%
          ├ OD별 도달률(최근200): rnd0=100%(n200)  rnd1=100%(n200)  rnd10=100%(n200)  rnd11=100%(n200)  rnd12=98%(n200)  rnd13=100%(n200)  rnd14=99%(n200)  rnd15=100%(n200)  rnd16=100%(n200)  rnd17=100%(n200)  rnd18=99%(n200)  rnd19=100%(n200)  rnd2=100%(n200)  rnd20=99%(n200)  rnd21=100%(n200)  rnd22=100%(n200)  rnd23=100%(n200)  rnd24=100%(n200)  rnd25=100%(n200)  rnd26=98%(n200)  rnd27=100%(n200)  rnd28=100%(n200)  rnd29=96%(n200)  rnd3=100%(n200)  rnd4=100%(n200)  rnd5=98%(n200)  rnd6=100%(n200)  rnd7=100%(n200)  rnd8=100%(n200)  rnd9=100%(n200)
          └ 이동 분포: straight=68%  left=16%  right=16%
Ep 13700/23000 | R= 1279.8 | Fuel=874.8mL | Wait= 377s | Steps=48.0 | Reach=100% | ε=0.050 | Loss=170.777 | t=12838s
          ├ 토폴로지 도달률(최근50): gangnam_clean_topology=100%
          ├ OD별 도달률(최근200): rnd0=100%(n200)  rnd1=100%(n200)  rnd10=100%(n200)  rnd11=100%(n200)  rnd12=99%(n200)  rnd13=100%(n200)  rnd14=99%(n200)  rnd15=100%(n200)  rnd16=100%(n200)  rnd17=100%(n200)  rnd18=99%(n200)  rnd19=100%(n200)  rnd2=100%(n200)  rnd20=99%(n200)  rnd21=100%(n200)  rnd22=100%(n200)  rnd23=100%(n200)  rnd24=100%(n200)  rnd25=100%(n200)  rnd26=98%(n200)  rnd27=100%(n200)  rnd28=100%(n200)  rnd29=96%(n200)  rnd3=100%(n200)  rnd4=100%(n200)  rnd5=98%(n200)  rnd6=100%(n200)  rnd7=100%(n200)  rnd8=100%(n200)  rnd9=100%(n200)
          └ 이동 분포: straight=70%  left=15%  right=15%
Ep 13800/23000 | R= 1283.9 | Fuel=865.6mL | Wait= 342s | Steps=44.1 | Reach=100% | ε=0.050 | Loss=187.410 | t=12867s
          ├ 토폴로지 도달률(최근50): gangnam_clean_topology=100%
          ├ OD별 도달률(최근200): rnd0=100%(n200)  rnd1=100%(n200)  rnd10=100%(n200)  rnd11=100%(n200)  rnd12=99%(n200)  rnd13=100%(n200)  rnd14=99%(n200)  rnd15=100%(n200)  rnd16=100%(n200)  rnd17=100%(n200)  rnd18=99%(n200)  rnd19=100%(n200)  rnd2=100%(n200)  rnd20=99%(n200)  rnd21=100%(n200)  rnd22=100%(n200)  rnd23=100%(n200)  rnd24=100%(n200)  rnd25=100%(n200)  rnd26=98%(n200)  rnd27=100%(n200)  rnd28=100%(n200)  rnd29=96%(n200)  rnd3=100%(n200)  rnd4=100%(n200)  rnd5=98%(n200)  rnd6=100%(n200)  rnd7=100%(n200)  rnd8=100%(n200)  rnd9=100%(n200)
          └ 이동 분포: straight=68%  left=16%  right=16%
Ep 13900/23000 | R= 1175.9 | Fuel=958.5mL | Wait= 425s | Steps=53.5 | Reach=100% | ε=0.050 | Loss=170.923 | t=12902s
          ├ 토폴로지 도달률(최근50): gangnam_clean_topology=100%
          ├ OD별 도달률(최근200): rnd0=100%(n200)  rnd1=100%(n200)  rnd10=100%(n200)  rnd11=100%(n200)  rnd12=99%(n200)  rnd13=100%(n200)  rnd14=100%(n200)  rnd15=100%(n200)  rnd16=100%(n200)  rnd17=100%(n200)  rnd18=99%(n200)  rnd19=100%(n200)  rnd2=100%(n200)  rnd20=99%(n200)  rnd21=100%(n200)  rnd22=100%(n200)  rnd23=100%(n200)  rnd24=100%(n200)  rnd25=100%(n200)  rnd26=98%(n200)  rnd27=100%(n200)  rnd28=100%(n200)  rnd29=96%(n200)  rnd3=100%(n200)  rnd4=100%(n200)  rnd5=99%(n200)  rnd6=100%(n200)  rnd7=100%(n200)  rnd8=100%(n200)  rnd9=100%(n200)
          └ 이동 분포: straight=69%  left=15%  right=17%
Ep 14000/23000 | R= 1215.7 | Fuel=933.9mL | Wait= 405s | Steps=53.5 | Reach=100% | ε=0.050 | Loss=168.303 | t=12937s
          ├ 토폴로지 도달률(최근50): gangnam_clean_topology=100%
          ├ OD별 도달률(최근200): rnd0=100%(n200)  rnd1=100%(n200)  rnd10=100%(n200)  rnd11=100%(n200)  rnd12=99%(n200)  rnd13=100%(n200)  rnd14=100%(n200)  rnd15=100%(n200)  rnd16=100%(n200)  rnd17=100%(n200)  rnd18=99%(n200)  rnd19=100%(n200)  rnd2=100%(n200)  rnd20=99%(n200)  rnd21=100%(n200)  rnd22=100%(n200)  rnd23=100%(n200)  rnd24=100%(n200)  rnd25=100%(n200)  rnd26=98%(n200)  rnd27=100%(n200)  rnd28=100%(n200)  rnd29=96%(n200)  rnd3=100%(n200)  rnd4=100%(n200)  rnd5=99%(n200)  rnd6=100%(n200)  rnd7=100%(n200)  rnd8=100%(n200)  rnd9=100%(n200)
          └ 이동 분포: straight=71%  left=15%  right=14%
Ep 14100/23000 | R= 1265.0 | Fuel=891.3mL | Wait= 367s | Steps=47.1 | Reach=100% | ε=0.050 | Loss=175.626 | t=12968s
          ├ 토폴로지 도달률(최근50): gangnam_clean_topology=100%
          ├ OD별 도달률(최근200): rnd0=100%(n200)  rnd1=100%(n200)  rnd10=100%(n200)  rnd11=100%(n200)  rnd12=99%(n200)  rnd13=100%(n200)  rnd14=100%(n200)  rnd15=100%(n200)  rnd16=100%(n200)  rnd17=100%(n200)  rnd18=99%(n200)  rnd19=100%(n200)  rnd2=100%(n200)  rnd20=99%(n200)  rnd21=100%(n200)  rnd22=100%(n200)  rnd23=100%(n200)  rnd24=100%(n200)  rnd25=100%(n200)  rnd26=98%(n200)  rnd27=100%(n200)  rnd28=100%(n200)  rnd29=96%(n200)  rnd3=100%(n200)  rnd4=100%(n200)  rnd5=100%(n200)  rnd6=100%(n200)  rnd7=100%(n200)  rnd8=100%(n200)  rnd9=100%(n200)
          └ 이동 분포: straight=68%  left=15%  right=16%
Ep 14200/23000 | R= 1235.8 | Fuel=899.9mL | Wait= 374s | Steps=49.0 | Reach=100% | ε=0.050 | Loss=167.994 | t=13001s
          ├ 토폴로지 도달률(최근50): gangnam_clean_topology=100%
          ├ OD별 도달률(최근200): rnd0=100%(n200)  rnd1=100%(n200)  rnd10=100%(n200)  rnd11=100%(n200)  rnd12=99%(n200)  rnd13=100%(n200)  rnd14=100%(n200)  rnd15=100%(n200)  rnd16=100%(n200)  rnd17=100%(n200)  rnd18=99%(n200)  rnd19=100%(n200)  rnd2=100%(n200)  rnd20=99%(n200)  rnd21=100%(n200)  rnd22=100%(n200)  rnd23=100%(n200)  rnd24=100%(n200)  rnd25=100%(n200)  rnd26=98%(n200)  rnd27=100%(n200)  rnd28=100%(n200)  rnd29=96%(n200)  rnd3=100%(n200)  rnd4=100%(n200)  rnd5=100%(n200)  rnd6=100%(n200)  rnd7=100%(n200)  rnd8=100%(n200)  rnd9=100%(n200)
          └ 이동 분포: straight=67%  left=16%  right=16%
Ep 14300/23000 | R= 1210.3 | Fuel=897.3mL | Wait= 350s | Steps=50.0 | Reach=100% | ε=0.050 | Loss=162.687 | t=13034s
          ├ 토폴로지 도달률(최근50): gangnam_clean_topology=100%
          ├ OD별 도달률(최근200): rnd0=100%(n200)  rnd1=100%(n200)  rnd10=100%(n200)  rnd11=100%(n200)  rnd12=99%(n200)  rnd13=100%(n200)  rnd14=100%(n200)  rnd15=100%(n200)  rnd16=100%(n200)  rnd17=100%(n200)  rnd18=99%(n200)  rnd19=100%(n200)  rnd2=100%(n200)  rnd20=99%(n200)  rnd21=100%(n200)  rnd22=100%(n200)  rnd23=100%(n200)  rnd24=100%(n200)  rnd25=100%(n200)  rnd26=98%(n200)  rnd27=100%(n200)  rnd28=100%(n200)  rnd29=96%(n200)  rnd3=100%(n200)  rnd4=100%(n200)  rnd5=100%(n200)  rnd6=100%(n200)  rnd7=100%(n200)  rnd8=100%(n200)  rnd9=100%(n200)
          └ 이동 분포: straight=68%  left=15%  right=16%
Ep 14400/23000 | R= 1256.8 | Fuel=902.4mL | Wait= 336s | Steps=46.7 | Reach=100% | ε=0.050 | Loss=160.205 | t=13065s
          ├ 토폴로지 도달률(최근50): gangnam_clean_topology=100%
          ├ OD별 도달률(최근200): rnd0=100%(n200)  rnd1=100%(n200)  rnd10=100%(n200)  rnd11=100%(n200)  rnd12=99%(n200)  rnd13=100%(n200)  rnd14=100%(n200)  rnd15=100%(n200)  rnd16=100%(n200)  rnd17=100%(n200)  rnd18=99%(n200)  rnd19=100%(n200)  rnd2=100%(n200)  rnd20=99%(n200)  rnd21=100%(n200)  rnd22=100%(n200)  rnd23=100%(n200)  rnd24=100%(n200)  rnd25=100%(n200)  rnd26=99%(n200)  rnd27=100%(n200)  rnd28=100%(n200)  rnd29=96%(n200)  rnd3=100%(n200)  rnd4=100%(n200)  rnd5=100%(n200)  rnd6=100%(n200)  rnd7=100%(n200)  rnd8=100%(n200)  rnd9=100%(n200)
          └ 이동 분포: straight=68%  left=17%  right=15%
Ep 14500/23000 | R= 1141.4 | Fuel=990.4mL | Wait= 398s | Steps=53.4 | Reach=100% | ε=0.050 | Loss=155.364 | t=13100s
          ├ 토폴로지 도달률(최근50): gangnam_clean_topology=100%
          ├ OD별 도달률(최근200): rnd0=100%(n200)  rnd1=100%(n200)  rnd10=100%(n200)  rnd11=100%(n200)  rnd12=100%(n200)  rnd13=100%(n200)  rnd14=100%(n200)  rnd15=100%(n200)  rnd16=100%(n200)  rnd17=100%(n200)  rnd18=99%(n200)  rnd19=100%(n200)  rnd2=100%(n200)  rnd20=99%(n200)  rnd21=100%(n200)  rnd22=100%(n200)  rnd23=100%(n200)  rnd24=100%(n200)  rnd25=100%(n200)  rnd26=99%(n200)  rnd27=100%(n200)  rnd28=100%(n200)  rnd29=96%(n200)  rnd3=100%(n200)  rnd4=100%(n200)  rnd5=100%(n200)  rnd6=100%(n200)  rnd7=100%(n200)  rnd8=100%(n200)  rnd9=100%(n200)
          └ 이동 분포: straight=69%  left=15%  right=16%
Ep 14600/23000 | R= 1233.6 | Fuel=923.2mL | Wait= 352s | Steps=50.0 | Reach=100% | ε=0.050 | Loss=151.339 | t=13132s
          ├ 토폴로지 도달률(최근50): gangnam_clean_topology=100%
          ├ OD별 도달률(최근200): rnd0=100%(n200)  rnd1=100%(n200)  rnd10=100%(n200)  rnd11=100%(n200)  rnd12=100%(n200)  rnd13=100%(n200)  rnd14=100%(n200)  rnd15=100%(n200)  rnd16=100%(n200)  rnd17=100%(n200)  rnd18=99%(n200)  rnd19=100%(n200)  rnd2=100%(n200)  rnd20=99%(n200)  rnd21=100%(n200)  rnd22=100%(n200)  rnd23=100%(n200)  rnd24=100%(n200)  rnd25=100%(n200)  rnd26=99%(n200)  rnd27=100%(n200)  rnd28=100%(n200)  rnd29=96%(n200)  rnd3=100%(n200)  rnd4=100%(n200)  rnd5=100%(n200)  rnd6=100%(n200)  rnd7=100%(n200)  rnd8=100%(n200)  rnd9=100%(n200)
          └ 이동 분포: straight=70%  left=15%  right=15%
Ep 14700/23000 | R= 1337.0 | Fuel=834.9mL | Wait= 332s | Steps=45.5 | Reach=100% | ε=0.050 | Loss=153.051 | t=13162s
          ├ 토폴로지 도달률(최근50): gangnam_clean_topology=100%
          ├ OD별 도달률(최근200): rnd0=100%(n200)  rnd1=100%(n200)  rnd10=100%(n200)  rnd11=100%(n200)  rnd12=100%(n200)  rnd13=100%(n200)  rnd14=100%(n200)  rnd15=100%(n200)  rnd16=100%(n200)  rnd17=100%(n200)  rnd18=99%(n200)  rnd19=100%(n200)  rnd2=100%(n200)  rnd20=99%(n200)  rnd21=100%(n200)  rnd22=100%(n200)  rnd23=100%(n200)  rnd24=100%(n200)  rnd25=100%(n200)  rnd26=99%(n200)  rnd27=100%(n200)  rnd28=100%(n200)  rnd29=96%(n200)  rnd3=100%(n200)  rnd4=100%(n200)  rnd5=100%(n200)  rnd6=100%(n200)  rnd7=100%(n200)  rnd8=100%(n200)  rnd9=100%(n200)
          └ 이동 분포: straight=69%  left=15%  right=16%
Ep 14800/23000 | R= 1227.9 | Fuel=909.4mL | Wait= 395s | Steps=50.9 | Reach=100% | ε=0.050 | Loss=142.620 | t=13196s
          ├ 토폴로지 도달률(최근50): gangnam_clean_topology=100%
          ├ OD별 도달률(최근200): rnd0=100%(n200)  rnd1=100%(n200)  rnd10=100%(n200)  rnd11=100%(n200)  rnd12=100%(n200)  rnd13=100%(n200)  rnd14=100%(n200)  rnd15=100%(n200)  rnd16=100%(n200)  rnd17=100%(n200)  rnd18=99%(n200)  rnd19=100%(n200)  rnd2=100%(n200)  rnd20=99%(n200)  rnd21=100%(n200)  rnd22=100%(n200)  rnd23=100%(n200)  rnd24=100%(n200)  rnd25=100%(n200)  rnd26=99%(n200)  rnd27=100%(n200)  rnd28=100%(n200)  rnd29=96%(n200)  rnd3=100%(n200)  rnd4=100%(n200)  rnd5=100%(n200)  rnd6=100%(n200)  rnd7=100%(n200)  rnd8=100%(n200)  rnd9=100%(n200)
          └ 이동 분포: straight=67%  left=18%  right=15%
Ep 14900/23000 | R= 1268.6 | Fuel=858.8mL | Wait= 373s | Steps=48.3 | Reach=99% | ε=0.050 | Loss=133.719 | t=13228s
          ├ 토폴로지 도달률(최근50): gangnam_clean_topology=98%
          ├ OD별 도달률(최근200): rnd0=100%(n200)  rnd1=100%(n200)  rnd10=100%(n200)  rnd11=100%(n200)  rnd12=100%(n200)  rnd13=100%(n200)  rnd14=99%(n200)  rnd15=100%(n200)  rnd16=100%(n200)  rnd17=100%(n200)  rnd18=99%(n200)  rnd19=100%(n200)  rnd2=100%(n200)  rnd20=99%(n200)  rnd21=100%(n200)  rnd22=100%(n200)  rnd23=100%(n200)  rnd24=100%(n200)  rnd25=100%(n200)  rnd26=99%(n200)  rnd27=100%(n200)  rnd28=100%(n200)  rnd29=97%(n200)  rnd3=100%(n200)  rnd4=100%(n200)  rnd5=100%(n200)  rnd6=100%(n200)  rnd7=100%(n200)  rnd8=100%(n200)  rnd9=100%(n200)
          └ 이동 분포: straight=67%  left=17%  right=16%
Ep 15000/23000 | R= 1225.5 | Fuel=898.7mL | Wait= 356s | Steps=47.3 | Reach=99% | ε=0.050 | Loss=132.865 | t=13259s
          ├ 토폴로지 도달률(최근50): gangnam_clean_topology=98%
          ├ OD별 도달률(최근200): rnd0=100%(n200)  rnd1=100%(n200)  rnd10=100%(n200)  rnd11=100%(n200)  rnd12=100%(n200)  rnd13=100%(n200)  rnd14=99%(n200)  rnd15=100%(n200)  rnd16=100%(n200)  rnd17=100%(n200)  rnd18=99%(n200)  rnd19=100%(n200)  rnd2=100%(n200)  rnd20=99%(n200)  rnd21=100%(n200)  rnd22=100%(n200)  rnd23=100%(n200)  rnd24=100%(n200)  rnd25=100%(n200)  rnd26=99%(n200)  rnd27=100%(n200)  rnd28=100%(n200)  rnd29=97%(n200)  rnd3=100%(n200)  rnd4=100%(n200)  rnd5=100%(n200)  rnd6=100%(n200)  rnd7=100%(n200)  rnd8=100%(n200)  rnd9=100%(n200)
          └ 이동 분포: straight=68%  left=16%  right=16%
  [체크포인트] model_rl_signal_attention_ep15000.pth
Ep 15100/23000 | R= 1422.6 | Fuel=745.9mL | Wait= 315s | Steps=39.8 | Reach=100% | ε=0.050 | Loss=147.094 | t=13285s
          ├ 토폴로지 도달률(최근50): gangnam_clean_topology=100%
          ├ OD별 도달률(최근200): rnd0=100%(n200)  rnd1=100%(n200)  rnd10=100%(n200)  rnd11=100%(n200)  rnd12=100%(n200)  rnd13=100%(n200)  rnd14=99%(n200)  rnd15=100%(n200)  rnd16=100%(n200)  rnd17=100%(n200)  rnd18=99%(n200)  rnd19=100%(n200)  rnd2=100%(n200)  rnd20=99%(n200)  rnd21=100%(n200)  rnd22=100%(n200)  rnd23=100%(n200)  rnd24=100%(n200)  rnd25=100%(n200)  rnd26=99%(n200)  rnd27=100%(n200)  rnd28=100%(n200)  rnd29=97%(n200)  rnd3=100%(n200)  rnd4=100%(n200)  rnd5=100%(n200)  rnd6=100%(n200)  rnd7=100%(n200)  rnd8=100%(n200)  rnd9=100%(n200)
          └ 이동 분포: straight=69%  left=15%  right=15%
Ep 15200/23000 | R= 1247.8 | Fuel=885.7mL | Wait= 357s | Steps=48.2 | Reach=99% | ε=0.050 | Loss=142.916 | t=13317s
          ├ 토폴로지 도달률(최근50): gangnam_clean_topology=100%
          ├ OD별 도달률(최근200): rnd0=100%(n200)  rnd1=100%(n200)  rnd10=100%(n200)  rnd11=100%(n200)  rnd12=100%(n200)  rnd13=100%(n200)  rnd14=100%(n200)  rnd15=100%(n200)  rnd16=100%(n200)  rnd17=100%(n200)  rnd18=99%(n200)  rnd19=100%(n200)  rnd2=100%(n200)  rnd20=99%(n200)  rnd21=100%(n200)  rnd22=100%(n200)  rnd23=100%(n200)  rnd24=100%(n200)  rnd25=100%(n200)  rnd26=99%(n200)  rnd27=100%(n200)  rnd28=100%(n200)  rnd29=97%(n200)  rnd3=100%(n200)  rnd4=100%(n200)  rnd5=99%(n200)  rnd6=100%(n200)  rnd7=100%(n200)  rnd8=100%(n200)  rnd9=100%(n200)
          └ 이동 분포: straight=69%  left=15%  right=15%
Ep 15300/23000 | R= 1177.3 | Fuel=945.1mL | Wait= 390s | Steps=49.5 | Reach=99% | ε=0.050 | Loss=138.757 | t=13350s
          ├ 토폴로지 도달률(최근50): gangnam_clean_topology=98%
          ├ OD별 도달률(최근200): rnd0=100%(n200)  rnd1=100%(n200)  rnd10=100%(n200)  rnd11=100%(n200)  rnd12=100%(n200)  rnd13=100%(n200)  rnd14=100%(n200)  rnd15=100%(n200)  rnd16=100%(n200)  rnd17=100%(n200)  rnd18=99%(n200)  rnd19=100%(n200)  rnd2=100%(n200)  rnd20=99%(n200)  rnd21=100%(n200)  rnd22=100%(n200)  rnd23=100%(n200)  rnd24=100%(n200)  rnd25=100%(n200)  rnd26=99%(n200)  rnd27=100%(n200)  rnd28=100%(n200)  rnd29=98%(n200)  rnd3=100%(n200)  rnd4=100%(n200)  rnd5=99%(n200)  rnd6=100%(n200)  rnd7=100%(n200)  rnd8=99%(n200)  rnd9=100%(n200)
          └ 이동 분포: straight=69%  left=16%  right=15%
Ep 15400/23000 | R= 1194.1 | Fuel=926.1mL | Wait= 350s | Steps=49.6 | Reach=99% | ε=0.050 | Loss=143.474 | t=13382s
          ├ 토폴로지 도달률(최근50): gangnam_clean_topology=100%
          ├ OD별 도달률(최근200): rnd0=100%(n200)  rnd1=100%(n200)  rnd10=100%(n200)  rnd11=100%(n200)  rnd12=100%(n200)  rnd13=100%(n200)  rnd14=100%(n200)  rnd15=100%(n200)  rnd16=100%(n200)  rnd17=100%(n200)  rnd18=99%(n200)  rnd19=100%(n200)  rnd2=100%(n200)  rnd20=99%(n200)  rnd21=100%(n200)  rnd22=100%(n200)  rnd23=100%(n200)  rnd24=100%(n200)  rnd25=100%(n200)  rnd26=98%(n200)  rnd27=100%(n200)  rnd28=100%(n200)  rnd29=98%(n200)  rnd3=100%(n200)  rnd4=100%(n200)  rnd5=99%(n200)  rnd6=100%(n200)  rnd7=100%(n200)  rnd8=99%(n200)  rnd9=100%(n200)
          └ 이동 분포: straight=67%  left=16%  right=17%
Ep 15500/23000 | R= 1203.8 | Fuel=924.0mL | Wait= 361s | Steps=47.5 | Reach=100% | ε=0.050 | Loss=147.450 | t=13414s
          ├ 토폴로지 도달률(최근50): gangnam_clean_topology=100%
          ├ OD별 도달률(최근200): rnd0=100%(n200)  rnd1=100%(n200)  rnd10=100%(n200)  rnd11=100%(n200)  rnd12=100%(n200)  rnd13=100%(n200)  rnd14=100%(n200)  rnd15=100%(n200)  rnd16=100%(n200)  rnd17=100%(n200)  rnd18=99%(n200)  rnd19=100%(n200)  rnd2=100%(n200)  rnd20=99%(n200)  rnd21=100%(n200)  rnd22=100%(n200)  rnd23=100%(n200)  rnd24=100%(n200)  rnd25=100%(n200)  rnd26=98%(n200)  rnd27=100%(n200)  rnd28=100%(n200)  rnd29=98%(n200)  rnd3=100%(n200)  rnd4=100%(n200)  rnd5=99%(n200)  rnd6=100%(n200)  rnd7=100%(n200)  rnd8=99%(n200)  rnd9=100%(n200)
          └ 이동 분포: straight=66%  left=16%  right=19%
Ep 15600/23000 | R= 1219.7 | Fuel=924.9mL | Wait= 352s | Steps=48.9 | Reach=100% | ε=0.050 | Loss=162.950 | t=13446s
          ├ 토폴로지 도달률(최근50): gangnam_clean_topology=100%
          ├ OD별 도달률(최근200): rnd0=100%(n200)  rnd1=100%(n200)  rnd10=100%(n200)  rnd11=100%(n200)  rnd12=100%(n200)  rnd13=100%(n200)  rnd14=100%(n200)  rnd15=100%(n200)  rnd16=100%(n200)  rnd17=100%(n200)  rnd18=99%(n200)  rnd19=100%(n200)  rnd2=100%(n200)  rnd20=99%(n200)  rnd21=100%(n200)  rnd22=100%(n200)  rnd23=100%(n200)  rnd24=100%(n200)  rnd25=100%(n200)  rnd26=98%(n200)  rnd27=100%(n200)  rnd28=100%(n200)  rnd29=98%(n200)  rnd3=100%(n200)  rnd4=100%(n200)  rnd5=99%(n200)  rnd6=100%(n200)  rnd7=100%(n200)  rnd8=99%(n200)  rnd9=100%(n200)
          └ 이동 분포: straight=68%  left=15%  right=16%
Ep 15700/23000 | R= 1257.3 | Fuel=903.2mL | Wait= 344s | Steps=46.2 | Reach=100% | ε=0.050 | Loss=148.962 | t=13477s
          ├ 토폴로지 도달률(최근50): gangnam_clean_topology=100%
          ├ OD별 도달률(최근200): rnd0=100%(n200)  rnd1=100%(n200)  rnd10=100%(n200)  rnd11=100%(n200)  rnd12=100%(n200)  rnd13=100%(n200)  rnd14=100%(n200)  rnd15=100%(n200)  rnd16=100%(n200)  rnd17=100%(n200)  rnd18=99%(n200)  rnd19=100%(n200)  rnd2=100%(n200)  rnd20=99%(n200)  rnd21=100%(n200)  rnd22=100%(n200)  rnd23=100%(n200)  rnd24=100%(n200)  rnd25=100%(n200)  rnd26=98%(n200)  rnd27=100%(n200)  rnd28=100%(n200)  rnd29=98%(n200)  rnd3=100%(n200)  rnd4=100%(n200)  rnd5=99%(n200)  rnd6=100%(n200)  rnd7=100%(n200)  rnd8=99%(n200)  rnd9=100%(n200)
          └ 이동 분포: straight=70%  left=15%  right=16%
Ep 15800/23000 | R= 1268.5 | Fuel=878.7mL | Wait= 373s | Steps=46.8 | Reach=100% | ε=0.050 | Loss=160.346 | t=13508s
          ├ 토폴로지 도달률(최근50): gangnam_clean_topology=100%
          ├ OD별 도달률(최근200): rnd0=100%(n200)  rnd1=100%(n200)  rnd10=100%(n200)  rnd11=100%(n200)  rnd12=100%(n200)  rnd13=100%(n200)  rnd14=100%(n200)  rnd15=100%(n200)  rnd16=100%(n200)  rnd17=100%(n200)  rnd18=99%(n200)  rnd19=100%(n200)  rnd2=100%(n200)  rnd20=99%(n200)  rnd21=100%(n200)  rnd22=100%(n200)  rnd23=100%(n200)  rnd24=100%(n200)  rnd25=100%(n200)  rnd26=98%(n200)  rnd27=100%(n200)  rnd28=100%(n200)  rnd29=98%(n200)  rnd3=100%(n200)  rnd4=100%(n200)  rnd5=99%(n200)  rnd6=100%(n200)  rnd7=100%(n200)  rnd8=99%(n200)  rnd9=100%(n200)
          └ 이동 분포: straight=70%  left=16%  right=15%
Ep 15900/23000 | R= 1268.3 | Fuel=893.4mL | Wait= 376s | Steps=49.2 | Reach=100% | ε=0.050 | Loss=145.931 | t=13540s
          ├ 토폴로지 도달률(최근50): gangnam_clean_topology=100%
          ├ OD별 도달률(최근200): rnd0=100%(n200)  rnd1=100%(n200)  rnd10=100%(n200)  rnd11=100%(n200)  rnd12=100%(n200)  rnd13=100%(n200)  rnd14=100%(n200)  rnd15=100%(n200)  rnd16=100%(n200)  rnd17=100%(n200)  rnd18=99%(n200)  rnd19=100%(n200)  rnd2=100%(n200)  rnd20=100%(n200)  rnd21=100%(n200)  rnd22=100%(n200)  rnd23=100%(n200)  rnd24=100%(n200)  rnd25=100%(n200)  rnd26=98%(n200)  rnd27=100%(n200)  rnd28=100%(n200)  rnd29=98%(n200)  rnd3=100%(n200)  rnd4=100%(n200)  rnd5=99%(n200)  rnd6=100%(n200)  rnd7=100%(n200)  rnd8=99%(n200)  rnd9=100%(n200)
          └ 이동 분포: straight=69%  left=16%  right=15%
Ep 16000/23000 | R= 1174.7 | Fuel=953.0mL | Wait= 435s | Steps=54.1 | Reach=100% | ε=0.050 | Loss=146.800 | t=13576s
          ├ 토폴로지 도달률(최근50): gangnam_clean_topology=100%
          ├ OD별 도달률(최근200): rnd0=100%(n200)  rnd1=100%(n200)  rnd10=100%(n200)  rnd11=100%(n200)  rnd12=100%(n200)  rnd13=100%(n200)  rnd14=100%(n200)  rnd15=100%(n200)  rnd16=100%(n200)  rnd17=100%(n200)  rnd18=99%(n200)  rnd19=100%(n200)  rnd2=100%(n200)  rnd20=100%(n200)  rnd21=100%(n200)  rnd22=100%(n200)  rnd23=100%(n200)  rnd24=100%(n200)  rnd25=100%(n200)  rnd26=98%(n200)  rnd27=100%(n200)  rnd28=100%(n200)  rnd29=98%(n200)  rnd3=100%(n200)  rnd4=100%(n200)  rnd5=99%(n200)  rnd6=100%(n200)  rnd7=100%(n200)  rnd8=99%(n200)  rnd9=100%(n200)
          └ 이동 분포: straight=68%  left=15%  right=17%
Ep 16100/23000 | R= 1249.8 | Fuel=905.2mL | Wait= 349s | Steps=48.0 | Reach=100% | ε=0.050 | Loss=144.154 | t=13607s
          ├ 토폴로지 도달률(최근50): gangnam_clean_topology=100%
          ├ OD별 도달률(최근200): rnd0=100%(n200)  rnd1=100%(n200)  rnd10=100%(n200)  rnd11=100%(n200)  rnd12=100%(n200)  rnd13=100%(n200)  rnd14=100%(n200)  rnd15=100%(n200)  rnd16=100%(n200)  rnd17=100%(n200)  rnd18=99%(n200)  rnd19=100%(n200)  rnd2=100%(n200)  rnd20=100%(n200)  rnd21=100%(n200)  rnd22=100%(n200)  rnd23=100%(n200)  rnd24=100%(n200)  rnd25=100%(n200)  rnd26=98%(n200)  rnd27=100%(n200)  rnd28=100%(n200)  rnd29=99%(n200)  rnd3=100%(n200)  rnd4=100%(n200)  rnd5=99%(n200)  rnd6=100%(n200)  rnd7=100%(n200)  rnd8=99%(n200)  rnd9=100%(n200)
          └ 이동 분포: straight=69%  left=15%  right=15%
Ep 16200/23000 | R= 1254.5 | Fuel=886.4mL | Wait= 331s | Steps=45.7 | Reach=100% | ε=0.050 | Loss=149.890 | t=13637s
          ├ 토폴로지 도달률(최근50): gangnam_clean_topology=100%
          ├ OD별 도달률(최근200): rnd0=100%(n200)  rnd1=100%(n200)  rnd10=100%(n200)  rnd11=100%(n200)  rnd12=100%(n200)  rnd13=100%(n200)  rnd14=100%(n200)  rnd15=100%(n200)  rnd16=100%(n200)  rnd17=100%(n200)  rnd18=99%(n200)  rnd19=100%(n200)  rnd2=100%(n200)  rnd20=100%(n200)  rnd21=100%(n200)  rnd22=100%(n200)  rnd23=100%(n200)  rnd24=100%(n200)  rnd25=100%(n200)  rnd26=98%(n200)  rnd27=100%(n200)  rnd28=100%(n200)  rnd29=99%(n200)  rnd3=100%(n200)  rnd4=100%(n200)  rnd5=99%(n200)  rnd6=100%(n200)  rnd7=100%(n200)  rnd8=99%(n200)  rnd9=100%(n200)
          └ 이동 분포: straight=68%  left=16%  right=16%
Ep 16300/23000 | R= 1268.4 | Fuel=872.2mL | Wait= 352s | Steps=45.5 | Reach=100% | ε=0.050 | Loss=153.561 | t=13667s
          ├ 토폴로지 도달률(최근50): gangnam_clean_topology=100%
          ├ OD별 도달률(최근200): rnd0=100%(n200)  rnd1=100%(n200)  rnd10=100%(n200)  rnd11=100%(n200)  rnd12=100%(n200)  rnd13=100%(n200)  rnd14=100%(n200)  rnd15=100%(n200)  rnd16=100%(n200)  rnd17=100%(n200)  rnd18=99%(n200)  rnd19=100%(n200)  rnd2=100%(n200)  rnd20=100%(n200)  rnd21=100%(n200)  rnd22=100%(n200)  rnd23=100%(n200)  rnd24=100%(n200)  rnd25=100%(n200)  rnd26=98%(n200)  rnd27=100%(n200)  rnd28=100%(n200)  rnd29=99%(n200)  rnd3=100%(n200)  rnd4=100%(n200)  rnd5=99%(n200)  rnd6=100%(n200)  rnd7=100%(n200)  rnd8=99%(n200)  rnd9=100%(n200)
          └ 이동 분포: straight=65%  left=16%  right=18%
Ep 16400/23000 | R= 1300.4 | Fuel=843.6mL | Wait= 374s | Steps=48.0 | Reach=100% | ε=0.050 | Loss=155.286 | t=13699s
          ├ 토폴로지 도달률(최근50): gangnam_clean_topology=100%
          ├ OD별 도달률(최근200): rnd0=100%(n200)  rnd1=100%(n200)  rnd10=100%(n200)  rnd11=100%(n200)  rnd12=100%(n200)  rnd13=100%(n200)  rnd14=100%(n200)  rnd15=100%(n200)  rnd16=100%(n200)  rnd17=100%(n200)  rnd18=99%(n200)  rnd19=100%(n200)  rnd2=100%(n200)  rnd20=100%(n200)  rnd21=100%(n200)  rnd22=100%(n200)  rnd23=100%(n200)  rnd24=100%(n200)  rnd25=100%(n200)  rnd26=98%(n200)  rnd27=100%(n200)  rnd28=100%(n200)  rnd29=99%(n200)  rnd3=100%(n200)  rnd4=100%(n200)  rnd5=99%(n200)  rnd6=100%(n200)  rnd7=100%(n200)  rnd8=99%(n200)  rnd9=100%(n200)
          └ 이동 분포: straight=68%  left=17%  right=16%
Ep 16500/23000 | R= 1288.2 | Fuel=856.5mL | Wait= 324s | Steps=44.7 | Reach=99% | ε=0.050 | Loss=156.944 | t=13728s
          ├ 토폴로지 도달률(최근50): gangnam_clean_topology=100%
          ├ OD별 도달률(최근200): rnd0=100%(n200)  rnd1=100%(n200)  rnd10=100%(n200)  rnd11=100%(n200)  rnd12=100%(n200)  rnd13=100%(n200)  rnd14=99%(n200)  rnd15=100%(n200)  rnd16=100%(n200)  rnd17=100%(n200)  rnd18=99%(n200)  rnd19=100%(n200)  rnd2=100%(n200)  rnd20=100%(n200)  rnd21=100%(n200)  rnd22=100%(n200)  rnd23=100%(n200)  rnd24=100%(n200)  rnd25=100%(n200)  rnd26=98%(n200)  rnd27=100%(n200)  rnd28=100%(n200)  rnd29=99%(n200)  rnd3=100%(n200)  rnd4=100%(n200)  rnd5=99%(n200)  rnd6=100%(n200)  rnd7=100%(n200)  rnd8=99%(n200)  rnd9=100%(n200)
          └ 이동 분포: straight=69%  left=15%  right=15%
Ep 16600/23000 | R= 1242.1 | Fuel=921.9mL | Wait= 351s | Steps=45.9 | Reach=100% | ε=0.050 | Loss=149.407 | t=13758s
          ├ 토폴로지 도달률(최근50): gangnam_clean_topology=100%
          ├ OD별 도달률(최근200): rnd0=100%(n200)  rnd1=100%(n200)  rnd10=100%(n200)  rnd11=100%(n200)  rnd12=100%(n200)  rnd13=100%(n200)  rnd14=99%(n200)  rnd15=100%(n200)  rnd16=100%(n200)  rnd17=100%(n200)  rnd18=99%(n200)  rnd19=100%(n200)  rnd2=100%(n200)  rnd20=100%(n200)  rnd21=100%(n200)  rnd22=100%(n200)  rnd23=100%(n200)  rnd24=100%(n200)  rnd25=100%(n200)  rnd26=98%(n200)  rnd27=100%(n200)  rnd28=100%(n200)  rnd29=99%(n200)  rnd3=100%(n200)  rnd4=100%(n200)  rnd5=99%(n200)  rnd6=100%(n200)  rnd7=100%(n200)  rnd8=99%(n200)  rnd9=100%(n200)
          └ 이동 분포: straight=69%  left=15%  right=16%
Ep 16700/23000 | R= 1211.3 | Fuel=941.4mL | Wait= 386s | Steps=49.7 | Reach=100% | ε=0.050 | Loss=148.317 | t=13791s
          ├ 토폴로지 도달률(최근50): gangnam_clean_topology=100%
          ├ OD별 도달률(최근200): rnd0=100%(n200)  rnd1=100%(n200)  rnd10=100%(n200)  rnd11=100%(n200)  rnd12=100%(n200)  rnd13=100%(n200)  rnd14=99%(n200)  rnd15=100%(n200)  rnd16=100%(n200)  rnd17=100%(n200)  rnd18=99%(n200)  rnd19=100%(n200)  rnd2=100%(n200)  rnd20=100%(n200)  rnd21=100%(n200)  rnd22=100%(n200)  rnd23=100%(n200)  rnd24=100%(n200)  rnd25=100%(n200)  rnd26=98%(n200)  rnd27=100%(n200)  rnd28=100%(n200)  rnd29=99%(n200)  rnd3=100%(n200)  rnd4=100%(n200)  rnd5=99%(n200)  rnd6=100%(n200)  rnd7=100%(n200)  rnd8=100%(n200)  rnd9=100%(n200)
          └ 이동 분포: straight=72%  left=14%  right=15%
Ep 16800/23000 | R= 1184.5 | Fuel=967.0mL | Wait= 409s | Steps=49.7 | Reach=100% | ε=0.050 | Loss=143.779 | t=13823s
          ├ 토폴로지 도달률(최근50): gangnam_clean_topology=100%
          ├ OD별 도달률(최근200): rnd0=100%(n200)  rnd1=100%(n200)  rnd10=100%(n200)  rnd11=100%(n200)  rnd12=100%(n200)  rnd13=100%(n200)  rnd14=99%(n200)  rnd15=100%(n200)  rnd16=100%(n200)  rnd17=100%(n200)  rnd18=99%(n200)  rnd19=100%(n200)  rnd2=100%(n200)  rnd20=100%(n200)  rnd21=100%(n200)  rnd22=100%(n200)  rnd23=100%(n200)  rnd24=100%(n200)  rnd25=100%(n200)  rnd26=98%(n200)  rnd27=100%(n200)  rnd28=100%(n200)  rnd29=99%(n200)  rnd3=100%(n200)  rnd4=100%(n200)  rnd5=99%(n200)  rnd6=100%(n200)  rnd7=100%(n200)  rnd8=100%(n200)  rnd9=100%(n200)
          └ 이동 분포: straight=69%  left=15%  right=15%
Ep 16900/23000 | R= 1246.4 | Fuel=909.8mL | Wait= 350s | Steps=47.1 | Reach=100% | ε=0.050 | Loss=157.532 | t=13854s
          ├ 토폴로지 도달률(최근50): gangnam_clean_topology=100%
          ├ OD별 도달률(최근200): rnd0=100%(n200)  rnd1=100%(n200)  rnd10=100%(n200)  rnd11=100%(n200)  rnd12=100%(n200)  rnd13=100%(n200)  rnd14=99%(n200)  rnd15=100%(n200)  rnd16=100%(n200)  rnd17=100%(n200)  rnd18=100%(n200)  rnd19=100%(n200)  rnd2=100%(n200)  rnd20=100%(n200)  rnd21=100%(n200)  rnd22=100%(n200)  rnd23=100%(n200)  rnd24=100%(n200)  rnd25=100%(n200)  rnd26=98%(n200)  rnd27=100%(n200)  rnd28=100%(n200)  rnd29=100%(n200)  rnd3=100%(n200)  rnd4=100%(n200)  rnd5=99%(n200)  rnd6=100%(n200)  rnd7=100%(n200)  rnd8=100%(n200)  rnd9=100%(n200)
          └ 이동 분포: straight=69%  left=16%  right=16%
Ep 17000/23000 | R= 1288.0 | Fuel=852.4mL | Wait= 391s | Steps=48.1 | Reach=100% | ε=0.050 | Loss=138.994 | t=13885s
          ├ 토폴로지 도달률(최근50): gangnam_clean_topology=100%
          ├ OD별 도달률(최근200): rnd0=100%(n200)  rnd1=100%(n200)  rnd10=100%(n200)  rnd11=100%(n200)  rnd12=100%(n200)  rnd13=100%(n200)  rnd14=99%(n200)  rnd15=100%(n200)  rnd16=100%(n200)  rnd17=100%(n200)  rnd18=100%(n200)  rnd19=100%(n200)  rnd2=100%(n200)  rnd20=100%(n200)  rnd21=100%(n200)  rnd22=100%(n200)  rnd23=100%(n200)  rnd24=100%(n200)  rnd25=100%(n200)  rnd26=98%(n200)  rnd27=100%(n200)  rnd28=100%(n200)  rnd29=100%(n200)  rnd3=100%(n200)  rnd4=100%(n200)  rnd5=99%(n200)  rnd6=100%(n200)  rnd7=100%(n200)  rnd8=100%(n200)  rnd9=100%(n200)
          └ 이동 분포: straight=69%  left=15%  right=15%
Ep 17100/23000 | R= 1119.9 | Fuel=978.5mL | Wait= 404s | Steps=55.1 | Reach=100% | ε=0.050 | Loss=156.825 | t=13921s
          ├ 토폴로지 도달률(최근50): gangnam_clean_topology=100%
          ├ OD별 도달률(최근200): rnd0=100%(n200)  rnd1=100%(n200)  rnd10=100%(n200)  rnd11=100%(n200)  rnd12=100%(n200)  rnd13=100%(n200)  rnd14=99%(n200)  rnd15=100%(n200)  rnd16=100%(n200)  rnd17=100%(n200)  rnd18=100%(n200)  rnd19=100%(n200)  rnd2=100%(n200)  rnd20=100%(n200)  rnd21=100%(n200)  rnd22=100%(n200)  rnd23=100%(n200)  rnd24=100%(n200)  rnd25=100%(n200)  rnd26=98%(n200)  rnd27=100%(n200)  rnd28=100%(n200)  rnd29=100%(n200)  rnd3=100%(n200)  rnd4=100%(n200)  rnd5=99%(n200)  rnd6=100%(n200)  rnd7=100%(n200)  rnd8=100%(n200)  rnd9=100%(n200)
          └ 이동 분포: straight=67%  left=16%  right=17%
Ep 17200/23000 | R= 1292.7 | Fuel=844.8mL | Wait= 314s | Steps=46.8 | Reach=99% | ε=0.050 | Loss=141.319 | t=13952s
          ├ 토폴로지 도달률(최근50): gangnam_clean_topology=100%
          ├ OD별 도달률(최근200): rnd0=100%(n200)  rnd1=100%(n200)  rnd10=100%(n200)  rnd11=100%(n200)  rnd12=100%(n200)  rnd13=100%(n200)  rnd14=99%(n200)  rnd15=100%(n200)  rnd16=100%(n200)  rnd17=100%(n200)  rnd18=100%(n200)  rnd19=100%(n200)  rnd2=100%(n200)  rnd20=100%(n200)  rnd21=100%(n200)  rnd22=100%(n200)  rnd23=100%(n200)  rnd24=100%(n200)  rnd25=100%(n200)  rnd26=98%(n200)  rnd27=100%(n200)  rnd28=100%(n200)  rnd29=100%(n200)  rnd3=100%(n200)  rnd4=100%(n200)  rnd5=99%(n200)  rnd6=100%(n200)  rnd7=100%(n200)  rnd8=100%(n200)  rnd9=100%(n200)
          └ 이동 분포: straight=68%  left=15%  right=17%
Ep 17300/23000 | R= 1052.5 | Fuel=985.1mL | Wait= 443s | Steps=53.0 | Reach=98% | ε=0.050 | Loss=147.307 | t=13987s
          ├ 토폴로지 도달률(최근50): gangnam_clean_topology=96%
          ├ OD별 도달률(최근200): rnd0=100%(n200)  rnd1=100%(n200)  rnd10=100%(n200)  rnd11=100%(n200)  rnd12=100%(n200)  rnd13=100%(n200)  rnd14=99%(n200)  rnd15=100%(n200)  rnd16=100%(n200)  rnd17=100%(n200)  rnd18=100%(n200)  rnd19=100%(n200)  rnd2=100%(n200)  rnd20=100%(n200)  rnd21=100%(n200)  rnd22=100%(n200)  rnd23=100%(n200)  rnd24=100%(n200)  rnd25=100%(n200)  rnd26=98%(n200)  rnd27=100%(n200)  rnd28=100%(n200)  rnd29=100%(n200)  rnd3=100%(n200)  rnd4=100%(n200)  rnd5=99%(n200)  rnd6=100%(n200)  rnd7=100%(n200)  rnd8=100%(n200)  rnd9=100%(n200)
          └ 이동 분포: straight=66%  left=16%  right=18%
Ep 17400/23000 | R= 1255.3 | Fuel=894.1mL | Wait= 379s | Steps=48.1 | Reach=100% | ε=0.050 | Loss=152.653 | t=14018s
          ├ 토폴로지 도달률(최근50): gangnam_clean_topology=100%
          ├ OD별 도달률(최근200): rnd0=100%(n200)  rnd1=100%(n200)  rnd10=100%(n200)  rnd11=100%(n200)  rnd12=100%(n200)  rnd13=100%(n200)  rnd14=99%(n200)  rnd15=100%(n200)  rnd16=100%(n200)  rnd17=100%(n200)  rnd18=100%(n200)  rnd19=100%(n200)  rnd2=100%(n200)  rnd20=100%(n200)  rnd21=100%(n200)  rnd22=100%(n200)  rnd23=100%(n200)  rnd24=100%(n200)  rnd25=100%(n200)  rnd26=98%(n200)  rnd27=100%(n200)  rnd28=100%(n200)  rnd29=100%(n200)  rnd3=100%(n200)  rnd4=100%(n200)  rnd5=99%(n200)  rnd6=100%(n200)  rnd7=100%(n200)  rnd8=100%(n200)  rnd9=100%(n200)
          └ 이동 분포: straight=68%  left=16%  right=17%
Ep 17500/23000 | R= 1189.2 | Fuel=959.8mL | Wait= 381s | Steps=50.3 | Reach=100% | ε=0.050 | Loss=149.313 | t=14051s
          ├ 토폴로지 도달률(최근50): gangnam_clean_topology=100%
          ├ OD별 도달률(최근200): rnd0=100%(n200)  rnd1=100%(n200)  rnd10=100%(n200)  rnd11=100%(n200)  rnd12=100%(n200)  rnd13=100%(n200)  rnd14=99%(n200)  rnd15=100%(n200)  rnd16=100%(n200)  rnd17=100%(n200)  rnd18=100%(n200)  rnd19=100%(n200)  rnd2=100%(n200)  rnd20=100%(n200)  rnd21=100%(n200)  rnd22=100%(n200)  rnd23=100%(n200)  rnd24=100%(n200)  rnd25=100%(n200)  rnd26=98%(n200)  rnd27=100%(n200)  rnd28=100%(n200)  rnd29=100%(n200)  rnd3=100%(n200)  rnd4=100%(n200)  rnd5=99%(n200)  rnd6=100%(n200)  rnd7=100%(n200)  rnd8=100%(n200)  rnd9=100%(n200)
          └ 이동 분포: straight=69%  left=16%  right=15%
  [체크포인트] model_rl_signal_attention_ep17500.pth
Ep 17600/23000 | R= 1305.6 | Fuel=842.8mL | Wait= 360s | Steps=45.8 | Reach=100% | ε=0.050 | Loss=147.331 | t=14081s
          ├ 토폴로지 도달률(최근50): gangnam_clean_topology=100%
          ├ OD별 도달률(최근200): rnd0=100%(n200)  rnd1=100%(n200)  rnd10=100%(n200)  rnd11=100%(n200)  rnd12=100%(n200)  rnd13=100%(n200)  rnd14=99%(n200)  rnd15=100%(n200)  rnd16=100%(n200)  rnd17=100%(n200)  rnd18=100%(n200)  rnd19=100%(n200)  rnd2=100%(n200)  rnd20=100%(n200)  rnd21=100%(n200)  rnd22=100%(n200)  rnd23=100%(n200)  rnd24=100%(n200)  rnd25=100%(n200)  rnd26=98%(n200)  rnd27=100%(n200)  rnd28=100%(n200)  rnd29=100%(n200)  rnd3=100%(n200)  rnd4=100%(n200)  rnd5=99%(n200)  rnd6=100%(n200)  rnd7=100%(n200)  rnd8=100%(n200)  rnd9=100%(n200)
          └ 이동 분포: straight=68%  left=16%  right=16%
Ep 17700/23000 | R= 1296.3 | Fuel=860.9mL | Wait= 347s | Steps=44.8 | Reach=100% | ε=0.050 | Loss=134.085 | t=14110s
          ├ 토폴로지 도달률(최근50): gangnam_clean_topology=100%
          ├ OD별 도달률(최근200): rnd0=100%(n200)  rnd1=100%(n200)  rnd10=100%(n200)  rnd11=100%(n200)  rnd12=100%(n200)  rnd13=100%(n200)  rnd14=99%(n200)  rnd15=100%(n200)  rnd16=100%(n200)  rnd17=100%(n200)  rnd18=100%(n200)  rnd19=100%(n200)  rnd2=100%(n200)  rnd20=100%(n200)  rnd21=100%(n200)  rnd22=100%(n200)  rnd23=100%(n200)  rnd24=100%(n200)  rnd25=100%(n200)  rnd26=98%(n200)  rnd27=100%(n200)  rnd28=100%(n200)  rnd29=100%(n200)  rnd3=100%(n200)  rnd4=100%(n200)  rnd5=99%(n200)  rnd6=100%(n200)  rnd7=100%(n200)  rnd8=100%(n200)  rnd9=100%(n200)
          └ 이동 분포: straight=69%  left=16%  right=16%
Ep 17800/23000 | R= 1272.9 | Fuel=858.3mL | Wait= 378s | Steps=46.8 | Reach=99% | ε=0.050 | Loss=148.594 | t=14141s
          ├ 토폴로지 도달률(최근50): gangnam_clean_topology=100%
          ├ OD별 도달률(최근200): rnd0=100%(n200)  rnd1=99%(n200)  rnd10=100%(n200)  rnd11=100%(n200)  rnd12=100%(n200)  rnd13=100%(n200)  rnd14=99%(n200)  rnd15=100%(n200)  rnd16=100%(n200)  rnd17=100%(n200)  rnd18=100%(n200)  rnd19=100%(n200)  rnd2=100%(n200)  rnd20=100%(n200)  rnd21=100%(n200)  rnd22=100%(n200)  rnd23=100%(n200)  rnd24=100%(n200)  rnd25=100%(n200)  rnd26=98%(n200)  rnd27=100%(n200)  rnd28=100%(n200)  rnd29=100%(n200)  rnd3=100%(n200)  rnd4=100%(n200)  rnd5=99%(n200)  rnd6=100%(n200)  rnd7=100%(n200)  rnd8=100%(n200)  rnd9=100%(n200)
          └ 이동 분포: straight=68%  left=15%  right=17%
Ep 17900/23000 | R= 1273.3 | Fuel=867.4mL | Wait= 352s | Steps=47.0 | Reach=99% | ε=0.050 | Loss=138.732 | t=14172s
          ├ 토폴로지 도달률(최근50): gangnam_clean_topology=100%
          ├ OD별 도달률(최근200): rnd0=100%(n200)  rnd1=99%(n200)  rnd10=100%(n200)  rnd11=100%(n200)  rnd12=100%(n200)  rnd13=100%(n200)  rnd14=99%(n200)  rnd15=100%(n200)  rnd16=100%(n200)  rnd17=100%(n200)  rnd18=99%(n200)  rnd19=100%(n200)  rnd2=100%(n200)  rnd20=100%(n200)  rnd21=100%(n200)  rnd22=100%(n200)  rnd23=100%(n200)  rnd24=100%(n200)  rnd25=100%(n200)  rnd26=98%(n200)  rnd27=100%(n200)  rnd28=100%(n200)  rnd29=100%(n200)  rnd3=100%(n200)  rnd4=100%(n200)  rnd5=99%(n200)  rnd6=100%(n200)  rnd7=100%(n200)  rnd8=100%(n200)  rnd9=100%(n200)
          └ 이동 분포: straight=66%  left=18%  right=16%
Ep 18000/23000 | R= 1159.1 | Fuel=935.1mL | Wait= 363s | Steps=48.6 | Reach=100% | ε=0.050 | Loss=133.249 | t=14204s
          ├ 토폴로지 도달률(최근50): gangnam_clean_topology=100%
          ├ OD별 도달률(최근200): rnd0=100%(n200)  rnd1=99%(n200)  rnd10=100%(n200)  rnd11=100%(n200)  rnd12=100%(n200)  rnd13=100%(n200)  rnd14=99%(n200)  rnd15=100%(n200)  rnd16=100%(n200)  rnd17=100%(n200)  rnd18=99%(n200)  rnd19=100%(n200)  rnd2=100%(n200)  rnd20=100%(n200)  rnd21=100%(n200)  rnd22=100%(n200)  rnd23=100%(n200)  rnd24=100%(n200)  rnd25=100%(n200)  rnd26=98%(n200)  rnd27=100%(n200)  rnd28=100%(n200)  rnd29=100%(n200)  rnd3=100%(n200)  rnd4=100%(n200)  rnd5=99%(n200)  rnd6=100%(n200)  rnd7=100%(n200)  rnd8=100%(n200)  rnd9=100%(n200)
          └ 이동 분포: straight=69%  left=15%  right=17%
Ep 18100/23000 | R= 1306.9 | Fuel=851.0mL | Wait= 366s | Steps=47.6 | Reach=100% | ε=0.050 | Loss=133.018 | t=14235s
          ├ 토폴로지 도달률(최근50): gangnam_clean_topology=100%
          ├ OD별 도달률(최근200): rnd0=100%(n200)  rnd1=99%(n200)  rnd10=100%(n200)  rnd11=100%(n200)  rnd12=100%(n200)  rnd13=100%(n200)  rnd14=99%(n200)  rnd15=100%(n200)  rnd16=100%(n200)  rnd17=100%(n200)  rnd18=99%(n200)  rnd19=100%(n200)  rnd2=100%(n200)  rnd20=100%(n200)  rnd21=100%(n200)  rnd22=100%(n200)  rnd23=100%(n200)  rnd24=100%(n200)  rnd25=100%(n200)  rnd26=98%(n200)  rnd27=100%(n200)  rnd28=100%(n200)  rnd29=100%(n200)  rnd3=100%(n200)  rnd4=100%(n200)  rnd5=99%(n200)  rnd6=100%(n200)  rnd7=100%(n200)  rnd8=100%(n200)  rnd9=100%(n200)
          └ 이동 분포: straight=71%  left=15%  right=15%
Ep 18200/23000 | R= 1199.2 | Fuel=946.4mL | Wait= 365s | Steps=49.5 | Reach=100% | ε=0.050 | Loss=149.678 | t=14268s
          ├ 토폴로지 도달률(최근50): gangnam_clean_topology=100%
          ├ OD별 도달률(최근200): rnd0=100%(n200)  rnd1=99%(n200)  rnd10=100%(n200)  rnd11=100%(n200)  rnd12=100%(n200)  rnd13=100%(n200)  rnd14=99%(n200)  rnd15=100%(n200)  rnd16=100%(n200)  rnd17=100%(n200)  rnd18=99%(n200)  rnd19=100%(n200)  rnd2=100%(n200)  rnd20=100%(n200)  rnd21=100%(n200)  rnd22=100%(n200)  rnd23=100%(n200)  rnd24=100%(n200)  rnd25=100%(n200)  rnd26=98%(n200)  rnd27=100%(n200)  rnd28=100%(n200)  rnd29=100%(n200)  rnd3=100%(n200)  rnd4=100%(n200)  rnd5=99%(n200)  rnd6=100%(n200)  rnd7=100%(n200)  rnd8=100%(n200)  rnd9=100%(n200)
          └ 이동 분포: straight=69%  left=15%  right=16%
Ep 18300/23000 | R= 1174.1 | Fuel=953.0mL | Wait= 356s | Steps=51.8 | Reach=99% | ε=0.050 | Loss=138.107 | t=14302s
          ├ 토폴로지 도달률(최근50): gangnam_clean_topology=98%
          ├ OD별 도달률(최근200): rnd0=100%(n200)  rnd1=99%(n200)  rnd10=100%(n200)  rnd11=100%(n200)  rnd12=100%(n200)  rnd13=100%(n200)  rnd14=99%(n200)  rnd15=100%(n200)  rnd16=100%(n200)  rnd17=100%(n200)  rnd18=99%(n200)  rnd19=100%(n200)  rnd2=100%(n200)  rnd20=100%(n200)  rnd21=100%(n200)  rnd22=100%(n200)  rnd23=100%(n200)  rnd24=100%(n200)  rnd25=100%(n200)  rnd26=98%(n200)  rnd27=100%(n200)  rnd28=100%(n200)  rnd29=100%(n200)  rnd3=100%(n200)  rnd4=100%(n200)  rnd5=99%(n200)  rnd6=100%(n200)  rnd7=100%(n200)  rnd8=100%(n200)  rnd9=100%(n200)
          └ 이동 분포: straight=71%  left=14%  right=15%
Ep 18400/23000 | R= 1347.6 | Fuel=824.1mL | Wait= 346s | Steps=44.1 | Reach=100% | ε=0.050 | Loss=133.844 | t=14331s
          ├ 토폴로지 도달률(최근50): gangnam_clean_topology=100%
          ├ OD별 도달률(최근200): rnd0=100%(n200)  rnd1=99%(n200)  rnd10=100%(n200)  rnd11=100%(n200)  rnd12=100%(n200)  rnd13=100%(n200)  rnd14=99%(n200)  rnd15=100%(n200)  rnd16=100%(n200)  rnd17=100%(n200)  rnd18=99%(n200)  rnd19=100%(n200)  rnd2=100%(n200)  rnd20=100%(n200)  rnd21=100%(n200)  rnd22=100%(n200)  rnd23=100%(n200)  rnd24=100%(n200)  rnd25=100%(n200)  rnd26=98%(n200)  rnd27=100%(n200)  rnd28=100%(n200)  rnd29=100%(n200)  rnd3=100%(n200)  rnd4=100%(n200)  rnd5=100%(n200)  rnd6=100%(n200)  rnd7=100%(n200)  rnd8=100%(n200)  rnd9=100%(n200)
          └ 이동 분포: straight=69%  left=16%  right=15%
Ep 18500/23000 | R= 1220.9 | Fuel=935.6mL | Wait= 385s | Steps=51.6 | Reach=100% | ε=0.050 | Loss=133.291 | t=14365s
          ├ 토폴로지 도달률(최근50): gangnam_clean_topology=100%
          ├ OD별 도달률(최근200): rnd0=100%(n200)  rnd1=99%(n200)  rnd10=100%(n200)  rnd11=100%(n200)  rnd12=100%(n200)  rnd13=100%(n200)  rnd14=99%(n200)  rnd15=100%(n200)  rnd16=100%(n200)  rnd17=100%(n200)  rnd18=99%(n200)  rnd19=100%(n200)  rnd2=100%(n200)  rnd20=100%(n200)  rnd21=100%(n200)  rnd22=100%(n200)  rnd23=100%(n200)  rnd24=100%(n200)  rnd25=100%(n200)  rnd26=98%(n200)  rnd27=100%(n200)  rnd28=100%(n200)  rnd29=100%(n200)  rnd3=100%(n200)  rnd4=100%(n200)  rnd5=100%(n200)  rnd6=100%(n200)  rnd7=100%(n200)  rnd8=100%(n200)  rnd9=100%(n200)
          └ 이동 분포: straight=70%  left=15%  right=15%
Ep 18600/23000 | R= 1199.3 | Fuel=947.1mL | Wait= 401s | Steps=49.1 | Reach=100% | ε=0.050 | Loss=126.566 | t=14397s
          ├ 토폴로지 도달률(최근50): gangnam_clean_topology=100%
          ├ OD별 도달률(최근200): rnd0=100%(n200)  rnd1=99%(n200)  rnd10=100%(n200)  rnd11=100%(n200)  rnd12=100%(n200)  rnd13=100%(n200)  rnd14=99%(n200)  rnd15=100%(n200)  rnd16=100%(n200)  rnd17=100%(n200)  rnd18=99%(n200)  rnd19=100%(n200)  rnd2=100%(n200)  rnd20=100%(n200)  rnd21=100%(n200)  rnd22=100%(n200)  rnd23=100%(n200)  rnd24=100%(n200)  rnd25=100%(n200)  rnd26=98%(n200)  rnd27=100%(n200)  rnd28=100%(n200)  rnd29=100%(n200)  rnd3=100%(n200)  rnd4=100%(n200)  rnd5=100%(n200)  rnd6=100%(n200)  rnd7=100%(n200)  rnd8=100%(n200)  rnd9=100%(n200)
          └ 이동 분포: straight=68%  left=17%  right=15%
Ep 18700/23000 | R= 1286.4 | Fuel=876.1mL | Wait= 360s | Steps=44.4 | Reach=100% | ε=0.050 | Loss=123.131 | t=14426s
          ├ 토폴로지 도달률(최근50): gangnam_clean_topology=100%
          ├ OD별 도달률(최근200): rnd0=100%(n200)  rnd1=99%(n200)  rnd10=100%(n200)  rnd11=100%(n200)  rnd12=100%(n200)  rnd13=100%(n200)  rnd14=99%(n200)  rnd15=100%(n200)  rnd16=100%(n200)  rnd17=100%(n200)  rnd18=99%(n200)  rnd19=100%(n200)  rnd2=100%(n200)  rnd20=100%(n200)  rnd21=100%(n200)  rnd22=100%(n200)  rnd23=100%(n200)  rnd24=100%(n200)  rnd25=100%(n200)  rnd26=98%(n200)  rnd27=100%(n200)  rnd28=100%(n200)  rnd29=100%(n200)  rnd3=100%(n200)  rnd4=100%(n200)  rnd5=100%(n200)  rnd6=100%(n200)  rnd7=100%(n200)  rnd8=100%(n200)  rnd9=100%(n200)
          └ 이동 분포: straight=68%  left=14%  right=18%
Ep 18800/23000 | R= 1150.9 | Fuel=966.6mL | Wait= 363s | Steps=52.2 | Reach=99% | ε=0.050 | Loss=130.216 | t=14461s
          ├ 토폴로지 도달률(최근50): gangnam_clean_topology=98%
          ├ OD별 도달률(최근200): rnd0=100%(n200)  rnd1=99%(n200)  rnd10=100%(n200)  rnd11=100%(n200)  rnd12=100%(n200)  rnd13=100%(n200)  rnd14=99%(n200)  rnd15=100%(n200)  rnd16=100%(n200)  rnd17=100%(n200)  rnd18=99%(n200)  rnd19=100%(n200)  rnd2=100%(n200)  rnd20=100%(n200)  rnd21=100%(n200)  rnd22=100%(n200)  rnd23=100%(n200)  rnd24=100%(n200)  rnd25=100%(n200)  rnd26=98%(n200)  rnd27=100%(n200)  rnd28=100%(n200)  rnd29=100%(n200)  rnd3=100%(n200)  rnd4=100%(n200)  rnd5=100%(n200)  rnd6=100%(n200)  rnd7=100%(n200)  rnd8=100%(n200)  rnd9=100%(n200)
          └ 이동 분포: straight=68%  left=16%  right=16%
Ep 18900/23000 | R= 1200.1 | Fuel=937.5mL | Wait= 400s | Steps=50.2 | Reach=100% | ε=0.050 | Loss=119.267 | t=14494s
          ├ 토폴로지 도달률(최근50): gangnam_clean_topology=100%
          ├ OD별 도달률(최근200): rnd0=100%(n200)  rnd1=99%(n200)  rnd10=100%(n200)  rnd11=100%(n200)  rnd12=100%(n200)  rnd13=100%(n200)  rnd14=99%(n200)  rnd15=100%(n200)  rnd16=100%(n200)  rnd17=100%(n200)  rnd18=99%(n200)  rnd19=100%(n200)  rnd2=100%(n200)  rnd20=100%(n200)  rnd21=100%(n200)  rnd22=100%(n200)  rnd23=100%(n200)  rnd24=100%(n200)  rnd25=100%(n200)  rnd26=98%(n200)  rnd27=100%(n200)  rnd28=100%(n200)  rnd29=100%(n200)  rnd3=100%(n200)  rnd4=100%(n200)  rnd5=100%(n200)  rnd6=100%(n200)  rnd7=100%(n200)  rnd8=100%(n200)  rnd9=100%(n200)
          └ 이동 분포: straight=66%  left=17%  right=17%
Ep 19000/23000 | R= 1336.0 | Fuel=810.0mL | Wait= 297s | Steps=43.8 | Reach=100% | ε=0.050 | Loss=129.747 | t=14523s
          ├ 토폴로지 도달률(최근50): gangnam_clean_topology=100%
          ├ OD별 도달률(최근200): rnd0=100%(n200)  rnd1=99%(n200)  rnd10=100%(n200)  rnd11=100%(n200)  rnd12=100%(n200)  rnd13=100%(n200)  rnd14=99%(n200)  rnd15=100%(n200)  rnd16=100%(n200)  rnd17=100%(n200)  rnd18=99%(n200)  rnd19=100%(n200)  rnd2=100%(n200)  rnd20=100%(n200)  rnd21=100%(n200)  rnd22=100%(n200)  rnd23=100%(n200)  rnd24=100%(n200)  rnd25=100%(n200)  rnd26=98%(n200)  rnd27=100%(n200)  rnd28=100%(n200)  rnd29=100%(n200)  rnd3=100%(n200)  rnd4=100%(n200)  rnd5=100%(n200)  rnd6=100%(n200)  rnd7=100%(n200)  rnd8=100%(n200)  rnd9=100%(n200)
          └ 이동 분포: straight=67%  left=16%  right=17%
Ep 19100/23000 | R= 1278.4 | Fuel=891.8mL | Wait= 349s | Steps=45.6 | Reach=100% | ε=0.050 | Loss=124.017 | t=14553s
          ├ 토폴로지 도달률(최근50): gangnam_clean_topology=100%
          ├ OD별 도달률(최근200): rnd0=100%(n200)  rnd1=99%(n200)  rnd10=100%(n200)  rnd11=100%(n200)  rnd12=100%(n200)  rnd13=100%(n200)  rnd14=99%(n200)  rnd15=100%(n200)  rnd16=100%(n200)  rnd17=100%(n200)  rnd18=99%(n200)  rnd19=100%(n200)  rnd2=100%(n200)  rnd20=100%(n200)  rnd21=100%(n200)  rnd22=100%(n200)  rnd23=100%(n200)  rnd24=100%(n200)  rnd25=100%(n200)  rnd26=98%(n200)  rnd27=100%(n200)  rnd28=100%(n200)  rnd29=100%(n200)  rnd3=100%(n200)  rnd4=100%(n200)  rnd5=100%(n200)  rnd6=100%(n200)  rnd7=100%(n200)  rnd8=100%(n200)  rnd9=100%(n200)
          └ 이동 분포: straight=69%  left=15%  right=16%
Ep 19200/23000 | R= 1227.0 | Fuel=887.9mL | Wait= 381s | Steps=46.8 | Reach=99% | ε=0.050 | Loss=135.032 | t=14584s
          ├ 토폴로지 도달률(최근50): gangnam_clean_topology=98%
          ├ OD별 도달률(최근200): rnd0=100%(n200)  rnd1=99%(n200)  rnd10=100%(n200)  rnd11=100%(n200)  rnd12=100%(n200)  rnd13=100%(n200)  rnd14=99%(n200)  rnd15=100%(n200)  rnd16=100%(n200)  rnd17=100%(n200)  rnd18=100%(n200)  rnd19=100%(n200)  rnd2=100%(n200)  rnd20=100%(n200)  rnd21=100%(n200)  rnd22=100%(n200)  rnd23=100%(n200)  rnd24=100%(n200)  rnd25=100%(n200)  rnd26=98%(n200)  rnd27=100%(n200)  rnd28=100%(n200)  rnd29=100%(n200)  rnd3=100%(n200)  rnd4=100%(n200)  rnd5=100%(n200)  rnd6=100%(n200)  rnd7=100%(n200)  rnd8=100%(n200)  rnd9=100%(n200)
          └ 이동 분포: straight=68%  left=16%  right=17%
Ep 19300/23000 | R= 1238.1 | Fuel=848.5mL | Wait= 327s | Steps=45.2 | Reach=99% | ε=0.050 | Loss=137.821 | t=14614s
          ├ 토폴로지 도달률(최근50): gangnam_clean_topology=100%
          ├ OD별 도달률(최근200): rnd0=100%(n200)  rnd1=99%(n200)  rnd10=100%(n200)  rnd11=100%(n200)  rnd12=100%(n200)  rnd13=100%(n200)  rnd14=99%(n200)  rnd15=100%(n200)  rnd16=100%(n200)  rnd17=100%(n200)  rnd18=100%(n200)  rnd19=100%(n200)  rnd2=100%(n200)  rnd20=100%(n200)  rnd21=100%(n200)  rnd22=100%(n200)  rnd23=100%(n200)  rnd24=100%(n200)  rnd25=100%(n200)  rnd26=98%(n200)  rnd27=100%(n200)  rnd28=100%(n200)  rnd29=100%(n200)  rnd3=100%(n200)  rnd4=100%(n200)  rnd5=100%(n200)  rnd6=100%(n200)  rnd7=100%(n200)  rnd8=100%(n200)  rnd9=100%(n200)
          └ 이동 분포: straight=68%  left=15%  right=17%
Ep 19400/23000 | R= 1155.6 | Fuel=943.0mL | Wait= 381s | Steps=49.7 | Reach=100% | ε=0.050 | Loss=138.094 | t=14646s
          ├ 토폴로지 도달률(최근50): gangnam_clean_topology=100%
          ├ OD별 도달률(최근200): rnd0=100%(n200)  rnd1=99%(n200)  rnd10=100%(n200)  rnd11=100%(n200)  rnd12=100%(n200)  rnd13=100%(n200)  rnd14=99%(n200)  rnd15=100%(n200)  rnd16=100%(n200)  rnd17=100%(n200)  rnd18=100%(n200)  rnd19=100%(n200)  rnd2=100%(n200)  rnd20=100%(n200)  rnd21=100%(n200)  rnd22=100%(n200)  rnd23=100%(n200)  rnd24=100%(n200)  rnd25=100%(n200)  rnd26=98%(n200)  rnd27=100%(n200)  rnd28=100%(n200)  rnd29=100%(n200)  rnd3=100%(n200)  rnd4=100%(n200)  rnd5=100%(n200)  rnd6=100%(n200)  rnd7=100%(n200)  rnd8=100%(n200)  rnd9=100%(n200)
          └ 이동 분포: straight=67%  left=16%  right=17%
Ep 19500/23000 | R= 1206.5 | Fuel=941.3mL | Wait= 397s | Steps=50.5 | Reach=100% | ε=0.050 | Loss=133.288 | t=14680s
          ├ 토폴로지 도달률(최근50): gangnam_clean_topology=100%
          ├ OD별 도달률(최근200): rnd0=100%(n200)  rnd1=99%(n200)  rnd10=100%(n200)  rnd11=100%(n200)  rnd12=100%(n200)  rnd13=100%(n200)  rnd14=99%(n200)  rnd15=100%(n200)  rnd16=100%(n200)  rnd17=100%(n200)  rnd18=100%(n200)  rnd19=100%(n200)  rnd2=100%(n200)  rnd20=100%(n200)  rnd21=100%(n200)  rnd22=100%(n200)  rnd23=100%(n200)  rnd24=100%(n200)  rnd25=100%(n200)  rnd26=98%(n200)  rnd27=100%(n200)  rnd28=100%(n200)  rnd29=100%(n200)  rnd3=100%(n200)  rnd4=100%(n200)  rnd5=100%(n200)  rnd6=100%(n200)  rnd7=100%(n200)  rnd8=100%(n200)  rnd9=100%(n200)
          └ 이동 분포: straight=68%  left=16%  right=16%
Ep 19600/23000 | R= 1234.5 | Fuel=914.5mL | Wait= 371s | Steps=50.3 | Reach=100% | ε=0.050 | Loss=129.491 | t=14713s
          ├ 토폴로지 도달률(최근50): gangnam_clean_topology=100%
          ├ OD별 도달률(최근200): rnd0=100%(n200)  rnd1=99%(n200)  rnd10=100%(n200)  rnd11=100%(n200)  rnd12=100%(n200)  rnd13=100%(n200)  rnd14=99%(n200)  rnd15=100%(n200)  rnd16=100%(n200)  rnd17=100%(n200)  rnd18=100%(n200)  rnd19=100%(n200)  rnd2=100%(n200)  rnd20=100%(n200)  rnd21=100%(n200)  rnd22=100%(n200)  rnd23=100%(n200)  rnd24=100%(n200)  rnd25=100%(n200)  rnd26=98%(n200)  rnd27=100%(n200)  rnd28=100%(n200)  rnd29=100%(n200)  rnd3=100%(n200)  rnd4=100%(n200)  rnd5=100%(n200)  rnd6=100%(n200)  rnd7=100%(n200)  rnd8=100%(n200)  rnd9=100%(n200)
          └ 이동 분포: straight=69%  left=15%  right=16%
Ep 19700/23000 | R= 1314.5 | Fuel=852.2mL | Wait= 370s | Steps=44.4 | Reach=100% | ε=0.050 | Loss=131.267 | t=14742s
          ├ 토폴로지 도달률(최근50): gangnam_clean_topology=100%
          ├ OD별 도달률(최근200): rnd0=100%(n200)  rnd1=99%(n200)  rnd10=100%(n200)  rnd11=100%(n200)  rnd12=100%(n200)  rnd13=100%(n200)  rnd14=99%(n200)  rnd15=100%(n200)  rnd16=100%(n200)  rnd17=100%(n200)  rnd18=100%(n200)  rnd19=100%(n200)  rnd2=100%(n200)  rnd20=100%(n200)  rnd21=100%(n200)  rnd22=100%(n200)  rnd23=100%(n200)  rnd24=100%(n200)  rnd25=100%(n200)  rnd26=98%(n200)  rnd27=100%(n200)  rnd28=100%(n200)  rnd29=100%(n200)  rnd3=100%(n200)  rnd4=100%(n200)  rnd5=100%(n200)  rnd6=100%(n200)  rnd7=100%(n200)  rnd8=100%(n200)  rnd9=100%(n200)
          └ 이동 분포: straight=69%  left=15%  right=16%
Ep 19800/23000 | R= 1109.9 | Fuel=993.7mL | Wait= 364s | Steps=52.2 | Reach=100% | ε=0.050 | Loss=127.364 | t=14776s
          ├ 토폴로지 도달률(최근50): gangnam_clean_topology=100%
          ├ OD별 도달률(최근200): rnd0=100%(n200)  rnd1=99%(n200)  rnd10=100%(n200)  rnd11=100%(n200)  rnd12=100%(n200)  rnd13=100%(n200)  rnd14=99%(n200)  rnd15=100%(n200)  rnd16=100%(n200)  rnd17=100%(n200)  rnd18=100%(n200)  rnd19=100%(n200)  rnd2=100%(n200)  rnd20=100%(n200)  rnd21=100%(n200)  rnd22=100%(n200)  rnd23=100%(n200)  rnd24=100%(n200)  rnd25=100%(n200)  rnd26=98%(n200)  rnd27=100%(n200)  rnd28=100%(n200)  rnd29=100%(n200)  rnd3=100%(n200)  rnd4=100%(n200)  rnd5=100%(n200)  rnd6=100%(n200)  rnd7=100%(n200)  rnd8=100%(n200)  rnd9=100%(n200)
          └ 이동 분포: straight=71%  left=14%  right=15%
Ep 19900/23000 | R= 1198.3 | Fuel=940.5mL | Wait= 379s | Steps=49.6 | Reach=100% | ε=0.050 | Loss=114.522 | t=14809s
          ├ 토폴로지 도달률(최근50): gangnam_clean_topology=100%
          ├ OD별 도달률(최근200): rnd0=100%(n200)  rnd1=99%(n200)  rnd10=100%(n200)  rnd11=100%(n200)  rnd12=100%(n200)  rnd13=100%(n200)  rnd14=99%(n200)  rnd15=100%(n200)  rnd16=100%(n200)  rnd17=100%(n200)  rnd18=100%(n200)  rnd19=100%(n200)  rnd2=100%(n200)  rnd20=100%(n200)  rnd21=100%(n200)  rnd22=100%(n200)  rnd23=100%(n200)  rnd24=100%(n200)  rnd25=100%(n200)  rnd26=98%(n200)  rnd27=100%(n200)  rnd28=100%(n200)  rnd29=100%(n200)  rnd3=100%(n200)  rnd4=100%(n200)  rnd5=100%(n200)  rnd6=100%(n200)  rnd7=100%(n200)  rnd8=100%(n200)  rnd9=100%(n200)
          └ 이동 분포: straight=70%  left=14%  right=16%
Ep 20000/23000 | R= 1273.1 | Fuel=845.7mL | Wait= 321s | Steps=44.6 | Reach=99% | ε=0.050 | Loss=122.353 | t=14838s
          ├ 토폴로지 도달률(최근50): gangnam_clean_topology=98%
          ├ OD별 도달률(최근200): rnd0=100%(n200)  rnd1=99%(n200)  rnd10=100%(n200)  rnd11=100%(n200)  rnd12=100%(n200)  rnd13=100%(n200)  rnd14=98%(n200)  rnd15=100%(n200)  rnd16=100%(n200)  rnd17=100%(n200)  rnd18=100%(n200)  rnd19=100%(n200)  rnd2=100%(n200)  rnd20=100%(n200)  rnd21=100%(n200)  rnd22=100%(n200)  rnd23=100%(n200)  rnd24=100%(n200)  rnd25=100%(n200)  rnd26=98%(n200)  rnd27=100%(n200)  rnd28=100%(n200)  rnd29=100%(n200)  rnd3=100%(n200)  rnd4=100%(n200)  rnd5=100%(n200)  rnd6=100%(n200)  rnd7=100%(n200)  rnd8=100%(n200)  rnd9=100%(n200)
          └ 이동 분포: straight=68%  left=18%  right=14%
  [체크포인트] model_rl_signal_attention_ep20000.pth
Ep 20100/23000 | R= 1419.5 | Fuel=745.7mL | Wait= 265s | Steps=39.2 | Reach=100% | ε=0.050 | Loss=119.181 | t=14864s
          ├ 토폴로지 도달률(최근50): gangnam_clean_topology=100%
          ├ OD별 도달률(최근200): rnd0=100%(n200)  rnd1=99%(n200)  rnd10=100%(n200)  rnd11=100%(n200)  rnd12=100%(n200)  rnd13=100%(n200)  rnd14=98%(n200)  rnd15=100%(n200)  rnd16=100%(n200)  rnd17=100%(n200)  rnd18=100%(n200)  rnd19=100%(n200)  rnd2=100%(n200)  rnd20=100%(n200)  rnd21=100%(n200)  rnd22=100%(n200)  rnd23=100%(n200)  rnd24=100%(n200)  rnd25=100%(n200)  rnd26=98%(n200)  rnd27=100%(n200)  rnd28=100%(n200)  rnd29=100%(n200)  rnd3=100%(n200)  rnd4=100%(n200)  rnd5=100%(n200)  rnd6=100%(n200)  rnd7=100%(n200)  rnd8=100%(n200)  rnd9=100%(n200)
          └ 이동 분포: straight=71%  left=14%  right=14%
Ep 20200/23000 | R= 1239.3 | Fuel=918.1mL | Wait= 394s | Steps=49.2 | Reach=100% | ε=0.050 | Loss=121.192 | t=14897s
          ├ 토폴로지 도달률(최근50): gangnam_clean_topology=100%
          ├ OD별 도달률(최근200): rnd0=100%(n200)  rnd1=99%(n200)  rnd10=100%(n200)  rnd11=100%(n200)  rnd12=100%(n200)  rnd13=100%(n200)  rnd14=98%(n200)  rnd15=100%(n200)  rnd16=100%(n200)  rnd17=100%(n200)  rnd18=100%(n200)  rnd19=100%(n200)  rnd2=100%(n200)  rnd20=100%(n200)  rnd21=100%(n200)  rnd22=100%(n200)  rnd23=100%(n200)  rnd24=100%(n200)  rnd25=100%(n200)  rnd26=98%(n200)  rnd27=100%(n200)  rnd28=100%(n200)  rnd29=100%(n200)  rnd3=100%(n200)  rnd4=100%(n200)  rnd5=100%(n200)  rnd6=100%(n200)  rnd7=100%(n200)  rnd8=100%(n200)  rnd9=100%(n200)
          └ 이동 분포: straight=70%  left=15%  right=15%
Ep 20300/23000 | R= 1202.2 | Fuel=919.1mL | Wait= 355s | Steps=49.4 | Reach=100% | ε=0.050 | Loss=123.953 | t=14929s
          ├ 토폴로지 도달률(최근50): gangnam_clean_topology=100%
          ├ OD별 도달률(최근200): rnd0=100%(n200)  rnd1=99%(n200)  rnd10=100%(n200)  rnd11=100%(n200)  rnd12=100%(n200)  rnd13=100%(n200)  rnd14=98%(n200)  rnd15=100%(n200)  rnd16=100%(n200)  rnd17=100%(n200)  rnd18=100%(n200)  rnd19=100%(n200)  rnd2=100%(n200)  rnd20=100%(n200)  rnd21=100%(n200)  rnd22=100%(n200)  rnd23=100%(n200)  rnd24=100%(n200)  rnd25=100%(n200)  rnd26=98%(n200)  rnd27=100%(n200)  rnd28=100%(n200)  rnd29=100%(n200)  rnd3=100%(n200)  rnd4=100%(n200)  rnd5=100%(n200)  rnd6=100%(n200)  rnd7=100%(n200)  rnd8=100%(n200)  rnd9=100%(n200)
          └ 이동 분포: straight=68%  left=16%  right=16%
Ep 20400/23000 | R= 1299.5 | Fuel=866.0mL | Wait= 355s | Steps=47.5 | Reach=100% | ε=0.050 | Loss=108.081 | t=14961s
          ├ 토폴로지 도달률(최근50): gangnam_clean_topology=100%
          ├ OD별 도달률(최근200): rnd0=100%(n200)  rnd1=99%(n200)  rnd10=100%(n200)  rnd11=100%(n200)  rnd12=100%(n200)  rnd13=100%(n200)  rnd14=98%(n200)  rnd15=100%(n200)  rnd16=100%(n200)  rnd17=100%(n200)  rnd18=100%(n200)  rnd19=100%(n200)  rnd2=100%(n200)  rnd20=100%(n200)  rnd21=100%(n200)  rnd22=100%(n200)  rnd23=100%(n200)  rnd24=100%(n200)  rnd25=100%(n200)  rnd26=98%(n200)  rnd27=100%(n200)  rnd28=100%(n200)  rnd29=100%(n200)  rnd3=100%(n200)  rnd4=100%(n200)  rnd5=100%(n200)  rnd6=100%(n200)  rnd7=100%(n200)  rnd8=100%(n200)  rnd9=100%(n200)
          └ 이동 분포: straight=69%  left=15%  right=16%
Ep 20500/23000 | R= 1163.8 | Fuel=949.3mL | Wait= 377s | Steps=50.6 | Reach=99% | ε=0.050 | Loss=115.424 | t=14994s
          ├ 토폴로지 도달률(최근50): gangnam_clean_topology=98%
          ├ OD별 도달률(최근200): rnd0=100%(n200)  rnd1=99%(n200)  rnd10=100%(n200)  rnd11=100%(n200)  rnd12=100%(n200)  rnd13=100%(n200)  rnd14=98%(n200)  rnd15=100%(n200)  rnd16=100%(n200)  rnd17=100%(n200)  rnd18=100%(n200)  rnd19=100%(n200)  rnd2=100%(n200)  rnd20=100%(n200)  rnd21=100%(n200)  rnd22=100%(n200)  rnd23=100%(n200)  rnd24=100%(n200)  rnd25=100%(n200)  rnd26=98%(n200)  rnd27=100%(n200)  rnd28=100%(n200)  rnd29=100%(n200)  rnd3=100%(n200)  rnd4=100%(n200)  rnd5=100%(n200)  rnd6=100%(n200)  rnd7=100%(n200)  rnd8=100%(n200)  rnd9=100%(n200)
          └ 이동 분포: straight=68%  left=13%  right=19%
Ep 20600/23000 | R= 1301.1 | Fuel=857.5mL | Wait= 361s | Steps=46.9 | Reach=100% | ε=0.050 | Loss=121.384 | t=15025s
          ├ 토폴로지 도달률(최근50): gangnam_clean_topology=100%
          ├ OD별 도달률(최근200): rnd0=100%(n200)  rnd1=99%(n200)  rnd10=100%(n200)  rnd11=100%(n200)  rnd12=100%(n200)  rnd13=100%(n200)  rnd14=98%(n200)  rnd15=100%(n200)  rnd16=100%(n200)  rnd17=100%(n200)  rnd18=100%(n200)  rnd19=100%(n200)  rnd2=100%(n200)  rnd20=100%(n200)  rnd21=100%(n200)  rnd22=100%(n200)  rnd23=100%(n200)  rnd24=100%(n200)  rnd25=100%(n200)  rnd26=98%(n200)  rnd27=100%(n200)  rnd28=100%(n200)  rnd29=100%(n200)  rnd3=100%(n200)  rnd4=100%(n200)  rnd5=100%(n200)  rnd6=100%(n200)  rnd7=100%(n200)  rnd8=100%(n200)  rnd9=100%(n200)
          └ 이동 분포: straight=70%  left=15%  right=15%
Ep 20700/23000 | R= 1221.1 | Fuel=922.2mL | Wait= 379s | Steps=48.7 | Reach=99% | ε=0.050 | Loss=117.483 | t=15057s
          ├ 토폴로지 도달률(최근50): gangnam_clean_topology=100%
          ├ OD별 도달률(최근200): rnd0=100%(n200)  rnd1=99%(n200)  rnd10=100%(n200)  rnd11=100%(n200)  rnd12=100%(n200)  rnd13=100%(n200)  rnd14=98%(n200)  rnd15=100%(n200)  rnd16=100%(n200)  rnd17=100%(n200)  rnd18=100%(n200)  rnd19=100%(n200)  rnd2=100%(n200)  rnd20=100%(n200)  rnd21=100%(n200)  rnd22=100%(n200)  rnd23=100%(n200)  rnd24=100%(n200)  rnd25=100%(n200)  rnd26=98%(n200)  rnd27=100%(n200)  rnd28=100%(n200)  rnd29=100%(n200)  rnd3=100%(n200)  rnd4=100%(n200)  rnd5=100%(n200)  rnd6=100%(n200)  rnd7=100%(n200)  rnd8=100%(n200)  rnd9=100%(n200)
          └ 이동 분포: straight=68%  left=15%  right=16%
Ep 20800/23000 | R= 1280.0 | Fuel=880.5mL | Wait= 366s | Steps=46.4 | Reach=100% | ε=0.050 | Loss=122.936 | t=15088s
          ├ 토폴로지 도달률(최근50): gangnam_clean_topology=100%
          ├ OD별 도달률(최근200): rnd0=100%(n200)  rnd1=99%(n200)  rnd10=100%(n200)  rnd11=100%(n200)  rnd12=100%(n200)  rnd13=100%(n200)  rnd14=98%(n200)  rnd15=100%(n200)  rnd16=100%(n200)  rnd17=100%(n200)  rnd18=100%(n200)  rnd19=100%(n200)  rnd2=100%(n200)  rnd20=100%(n200)  rnd21=100%(n200)  rnd22=100%(n200)  rnd23=100%(n200)  rnd24=100%(n200)  rnd25=100%(n200)  rnd26=98%(n200)  rnd27=100%(n200)  rnd28=100%(n200)  rnd29=100%(n200)  rnd3=100%(n200)  rnd4=100%(n200)  rnd5=100%(n200)  rnd6=100%(n200)  rnd7=100%(n200)  rnd8=100%(n200)  rnd9=100%(n200)
          └ 이동 분포: straight=68%  left=16%  right=16%
Ep 20900/23000 | R= 1238.4 | Fuel=906.9mL | Wait= 343s | Steps=48.0 | Reach=99% | ε=0.050 | Loss=116.628 | t=15119s
          ├ 토폴로지 도달률(최근50): gangnam_clean_topology=98%
          ├ OD별 도달률(최근200): rnd0=100%(n200)  rnd1=99%(n200)  rnd10=100%(n200)  rnd11=100%(n200)  rnd12=100%(n200)  rnd13=100%(n200)  rnd14=99%(n200)  rnd15=100%(n200)  rnd16=100%(n200)  rnd17=100%(n200)  rnd18=100%(n200)  rnd19=100%(n200)  rnd2=100%(n200)  rnd20=100%(n200)  rnd21=100%(n200)  rnd22=100%(n200)  rnd23=100%(n200)  rnd24=100%(n200)  rnd25=100%(n200)  rnd26=98%(n200)  rnd27=100%(n200)  rnd28=100%(n200)  rnd29=99%(n200)  rnd3=100%(n200)  rnd4=100%(n200)  rnd5=100%(n200)  rnd6=100%(n200)  rnd7=100%(n200)  rnd8=100%(n200)  rnd9=100%(n200)
          └ 이동 분포: straight=68%  left=16%  right=16%
Ep 21000/23000 | R= 1271.3 | Fuel=862.1mL | Wait= 368s | Steps=46.3 | Reach=99% | ε=0.050 | Loss=116.839 | t=15150s
          ├ 토폴로지 도달률(최근50): gangnam_clean_topology=98%
          ├ OD별 도달률(최근200): rnd0=100%(n200)  rnd1=98%(n200)  rnd10=100%(n200)  rnd11=100%(n200)  rnd12=100%(n200)  rnd13=100%(n200)  rnd14=99%(n200)  rnd15=100%(n200)  rnd16=100%(n200)  rnd17=100%(n200)  rnd18=100%(n200)  rnd19=100%(n200)  rnd2=100%(n200)  rnd20=100%(n200)  rnd21=100%(n200)  rnd22=100%(n200)  rnd23=100%(n200)  rnd24=100%(n200)  rnd25=100%(n200)  rnd26=98%(n200)  rnd27=100%(n200)  rnd28=100%(n200)  rnd29=99%(n200)  rnd3=100%(n200)  rnd4=100%(n200)  rnd5=100%(n200)  rnd6=100%(n200)  rnd7=100%(n200)  rnd8=100%(n200)  rnd9=100%(n200)
          └ 이동 분포: straight=67%  left=15%  right=17%
Ep 21100/23000 | R= 1199.6 | Fuel=933.9mL | Wait= 357s | Steps=49.8 | Reach=100% | ε=0.050 | Loss=109.906 | t=15182s
          ├ 토폴로지 도달률(최근50): gangnam_clean_topology=100%
          ├ OD별 도달률(최근200): rnd0=100%(n200)  rnd1=98%(n200)  rnd10=100%(n200)  rnd11=100%(n200)  rnd12=100%(n200)  rnd13=100%(n200)  rnd14=99%(n200)  rnd15=100%(n200)  rnd16=100%(n200)  rnd17=100%(n200)  rnd18=100%(n200)  rnd19=100%(n200)  rnd2=100%(n200)  rnd20=100%(n200)  rnd21=100%(n200)  rnd22=100%(n200)  rnd23=100%(n200)  rnd24=100%(n200)  rnd25=100%(n200)  rnd26=98%(n200)  rnd27=100%(n200)  rnd28=100%(n200)  rnd29=99%(n200)  rnd3=100%(n200)  rnd4=100%(n200)  rnd5=100%(n200)  rnd6=100%(n200)  rnd7=100%(n200)  rnd8=100%(n200)  rnd9=100%(n200)
          └ 이동 분포: straight=69%  left=15%  right=17%
Ep 21200/23000 | R= 1296.2 | Fuel=868.2mL | Wait= 325s | Steps=45.4 | Reach=100% | ε=0.050 | Loss=112.130 | t=15212s
          ├ 토폴로지 도달률(최근50): gangnam_clean_topology=100%
          ├ OD별 도달률(최근200): rnd0=100%(n200)  rnd1=98%(n200)  rnd10=100%(n200)  rnd11=100%(n200)  rnd12=100%(n200)  rnd13=100%(n200)  rnd14=99%(n200)  rnd15=100%(n200)  rnd16=100%(n200)  rnd17=100%(n200)  rnd18=100%(n200)  rnd19=100%(n200)  rnd2=100%(n200)  rnd20=100%(n200)  rnd21=100%(n200)  rnd22=100%(n200)  rnd23=100%(n200)  rnd24=100%(n200)  rnd25=100%(n200)  rnd26=98%(n200)  rnd27=100%(n200)  rnd28=100%(n200)  rnd29=99%(n200)  rnd3=100%(n200)  rnd4=100%(n200)  rnd5=100%(n200)  rnd6=100%(n200)  rnd7=100%(n200)  rnd8=100%(n200)  rnd9=100%(n200)
          └ 이동 분포: straight=71%  left=14%  right=15%
Ep 21300/23000 | R= 1232.4 | Fuel=879.8mL | Wait= 352s | Steps=49.2 | Reach=99% | ε=0.050 | Loss=103.529 | t=15245s
          ├ 토폴로지 도달률(최근50): gangnam_clean_topology=98%
          ├ OD별 도달률(최근200): rnd0=100%(n200)  rnd1=98%(n200)  rnd10=100%(n200)  rnd11=100%(n200)  rnd12=100%(n200)  rnd13=100%(n200)  rnd14=99%(n200)  rnd15=100%(n200)  rnd16=100%(n200)  rnd17=100%(n200)  rnd18=100%(n200)  rnd19=100%(n200)  rnd2=100%(n200)  rnd20=100%(n200)  rnd21=100%(n200)  rnd22=100%(n200)  rnd23=100%(n200)  rnd24=100%(n200)  rnd25=100%(n200)  rnd26=98%(n200)  rnd27=100%(n200)  rnd28=100%(n200)  rnd29=99%(n200)  rnd3=100%(n200)  rnd4=100%(n200)  rnd5=100%(n200)  rnd6=100%(n200)  rnd7=100%(n200)  rnd8=100%(n200)  rnd9=100%(n200)
          └ 이동 분포: straight=65%  left=18%  right=17%
Ep 21400/23000 | R= 1257.4 | Fuel=892.5mL | Wait= 351s | Steps=47.1 | Reach=99% | ε=0.050 | Loss=106.391 | t=15276s
          ├ 토폴로지 도달률(최근50): gangnam_clean_topology=100%
          ├ OD별 도달률(최근200): rnd0=100%(n200)  rnd1=98%(n200)  rnd10=100%(n200)  rnd11=100%(n200)  rnd12=100%(n200)  rnd13=100%(n200)  rnd14=99%(n200)  rnd15=100%(n200)  rnd16=100%(n200)  rnd17=100%(n200)  rnd18=100%(n200)  rnd19=100%(n200)  rnd2=100%(n200)  rnd20=100%(n200)  rnd21=100%(n200)  rnd22=100%(n200)  rnd23=100%(n200)  rnd24=100%(n200)  rnd25=100%(n200)  rnd26=98%(n200)  rnd27=100%(n200)  rnd28=100%(n200)  rnd29=98%(n200)  rnd3=100%(n200)  rnd4=100%(n200)  rnd5=100%(n200)  rnd6=100%(n200)  rnd7=100%(n200)  rnd8=100%(n200)  rnd9=100%(n200)
          └ 이동 분포: straight=69%  left=15%  right=16%
Ep 21500/23000 | R= 1318.8 | Fuel=850.2mL | Wait= 344s | Steps=45.1 | Reach=100% | ε=0.050 | Loss=100.318 | t=15306s
          ├ 토폴로지 도달률(최근50): gangnam_clean_topology=100%
          ├ OD별 도달률(최근200): rnd0=100%(n200)  rnd1=98%(n200)  rnd10=100%(n200)  rnd11=100%(n200)  rnd12=100%(n200)  rnd13=100%(n200)  rnd14=99%(n200)  rnd15=100%(n200)  rnd16=100%(n200)  rnd17=100%(n200)  rnd18=100%(n200)  rnd19=100%(n200)  rnd2=100%(n200)  rnd20=100%(n200)  rnd21=100%(n200)  rnd22=100%(n200)  rnd23=100%(n200)  rnd24=100%(n200)  rnd25=100%(n200)  rnd26=98%(n200)  rnd27=100%(n200)  rnd28=100%(n200)  rnd29=98%(n200)  rnd3=100%(n200)  rnd4=100%(n200)  rnd5=100%(n200)  rnd6=100%(n200)  rnd7=100%(n200)  rnd8=100%(n200)  rnd9=100%(n200)
          └ 이동 분포: straight=70%  left=15%  right=15%
Ep 21600/23000 | R= 1228.7 | Fuel=919.9mL | Wait= 356s | Steps=49.2 | Reach=100% | ε=0.050 | Loss=106.143 | t=15338s
          ├ 토폴로지 도달률(최근50): gangnam_clean_topology=100%
          ├ OD별 도달률(최근200): rnd0=100%(n200)  rnd1=98%(n200)  rnd10=100%(n200)  rnd11=100%(n200)  rnd12=100%(n200)  rnd13=100%(n200)  rnd14=99%(n200)  rnd15=100%(n200)  rnd16=100%(n200)  rnd17=100%(n200)  rnd18=100%(n200)  rnd19=100%(n200)  rnd2=100%(n200)  rnd20=100%(n200)  rnd21=100%(n200)  rnd22=100%(n200)  rnd23=100%(n200)  rnd24=100%(n200)  rnd25=100%(n200)  rnd26=98%(n200)  rnd27=100%(n200)  rnd28=100%(n200)  rnd29=98%(n200)  rnd3=100%(n200)  rnd4=100%(n200)  rnd5=100%(n200)  rnd6=100%(n200)  rnd7=100%(n200)  rnd8=100%(n200)  rnd9=100%(n200)
          └ 이동 분포: straight=67%  left=16%  right=17%
Ep 21700/23000 | R= 1294.0 | Fuel=862.4mL | Wait= 339s | Steps=45.0 | Reach=100% | ε=0.050 | Loss=107.387 | t=15367s
          ├ 토폴로지 도달률(최근50): gangnam_clean_topology=100%
          ├ OD별 도달률(최근200): rnd0=100%(n200)  rnd1=98%(n200)  rnd10=100%(n200)  rnd11=100%(n200)  rnd12=100%(n200)  rnd13=100%(n200)  rnd14=99%(n200)  rnd15=100%(n200)  rnd16=100%(n200)  rnd17=100%(n200)  rnd18=100%(n200)  rnd19=100%(n200)  rnd2=100%(n200)  rnd20=100%(n200)  rnd21=100%(n200)  rnd22=100%(n200)  rnd23=100%(n200)  rnd24=100%(n200)  rnd25=100%(n200)  rnd26=98%(n200)  rnd27=100%(n200)  rnd28=100%(n200)  rnd29=98%(n200)  rnd3=100%(n200)  rnd4=100%(n200)  rnd5=100%(n200)  rnd6=100%(n200)  rnd7=100%(n200)  rnd8=100%(n200)  rnd9=100%(n200)
          └ 이동 분포: straight=69%  left=15%  right=16%
Ep 21800/23000 | R= 1293.4 | Fuel=869.3mL | Wait= 341s | Steps=45.4 | Reach=100% | ε=0.050 | Loss=103.032 | t=15397s
          ├ 토폴로지 도달률(최근50): gangnam_clean_topology=100%
          ├ OD별 도달률(최근200): rnd0=100%(n200)  rnd1=98%(n200)  rnd10=100%(n200)  rnd11=100%(n200)  rnd12=100%(n200)  rnd13=100%(n200)  rnd14=99%(n200)  rnd15=100%(n200)  rnd16=100%(n200)  rnd17=100%(n200)  rnd18=100%(n200)  rnd19=100%(n200)  rnd2=100%(n200)  rnd20=100%(n200)  rnd21=100%(n200)  rnd22=100%(n200)  rnd23=100%(n200)  rnd24=100%(n200)  rnd25=100%(n200)  rnd26=98%(n200)  rnd27=100%(n200)  rnd28=100%(n200)  rnd29=98%(n200)  rnd3=100%(n200)  rnd4=100%(n200)  rnd5=100%(n200)  rnd6=100%(n200)  rnd7=100%(n200)  rnd8=100%(n200)  rnd9=100%(n200)
          └ 이동 분포: straight=71%  left=15%  right=14%
Ep 21900/23000 | R= 1364.2 | Fuel=809.1mL | Wait= 296s | Steps=41.3 | Reach=100% | ε=0.050 | Loss=103.354 | t=15424s
          ├ 토폴로지 도달률(최근50): gangnam_clean_topology=100%
          ├ OD별 도달률(최근200): rnd0=100%(n200)  rnd1=98%(n200)  rnd10=100%(n200)  rnd11=100%(n200)  rnd12=100%(n200)  rnd13=100%(n200)  rnd14=99%(n200)  rnd15=100%(n200)  rnd16=100%(n200)  rnd17=100%(n200)  rnd18=100%(n200)  rnd19=100%(n200)  rnd2=100%(n200)  rnd20=100%(n200)  rnd21=100%(n200)  rnd22=100%(n200)  rnd23=100%(n200)  rnd24=100%(n200)  rnd25=100%(n200)  rnd26=98%(n200)  rnd27=100%(n200)  rnd28=100%(n200)  rnd29=98%(n200)  rnd3=100%(n200)  rnd4=100%(n200)  rnd5=100%(n200)  rnd6=100%(n200)  rnd7=100%(n200)  rnd8=100%(n200)  rnd9=100%(n200)
          └ 이동 분포: straight=70%  left=14%  right=15%
Ep 22000/23000 | R= 1319.7 | Fuel=844.3mL | Wait= 346s | Steps=47.0 | Reach=100% | ε=0.050 | Loss=110.355 | t=15455s
          ├ 토폴로지 도달률(최근50): gangnam_clean_topology=100%
          ├ OD별 도달률(최근200): rnd0=100%(n200)  rnd1=98%(n200)  rnd10=100%(n200)  rnd11=100%(n200)  rnd12=100%(n200)  rnd13=100%(n200)  rnd14=99%(n200)  rnd15=100%(n200)  rnd16=100%(n200)  rnd17=100%(n200)  rnd18=100%(n200)  rnd19=100%(n200)  rnd2=100%(n200)  rnd20=100%(n200)  rnd21=100%(n200)  rnd22=100%(n200)  rnd23=100%(n200)  rnd24=100%(n200)  rnd25=100%(n200)  rnd26=98%(n200)  rnd27=100%(n200)  rnd28=100%(n200)  rnd29=98%(n200)  rnd3=100%(n200)  rnd4=100%(n200)  rnd5=100%(n200)  rnd6=100%(n200)  rnd7=100%(n200)  rnd8=100%(n200)  rnd9=100%(n200)
          └ 이동 분포: straight=68%  left=15%  right=17%
Ep 22100/23000 | R= 1314.4 | Fuel=845.3mL | Wait= 318s | Steps=46.4 | Reach=100% | ε=0.050 | Loss=100.435 | t=15486s
          ├ 토폴로지 도달률(최근50): gangnam_clean_topology=100%
          ├ OD별 도달률(최근200): rnd0=100%(n200)  rnd1=98%(n200)  rnd10=100%(n200)  rnd11=100%(n200)  rnd12=100%(n200)  rnd13=100%(n200)  rnd14=99%(n200)  rnd15=100%(n200)  rnd16=100%(n200)  rnd17=100%(n200)  rnd18=100%(n200)  rnd19=100%(n200)  rnd2=100%(n200)  rnd20=100%(n200)  rnd21=100%(n200)  rnd22=100%(n200)  rnd23=100%(n200)  rnd24=100%(n200)  rnd25=100%(n200)  rnd26=98%(n200)  rnd27=100%(n200)  rnd28=100%(n200)  rnd29=98%(n200)  rnd3=100%(n200)  rnd4=100%(n200)  rnd5=100%(n200)  rnd6=100%(n200)  rnd7=100%(n200)  rnd8=100%(n200)  rnd9=100%(n200)
          └ 이동 분포: straight=70%  left=13%  right=17%
Ep 22200/23000 | R= 1244.1 | Fuel=919.7mL | Wait= 375s | Steps=48.6 | Reach=100% | ε=0.050 | Loss=89.631 | t=15518s
          ├ 토폴로지 도달률(최근50): gangnam_clean_topology=100%
          ├ OD별 도달률(최근200): rnd0=100%(n200)  rnd1=98%(n200)  rnd10=100%(n200)  rnd11=100%(n200)  rnd12=100%(n200)  rnd13=100%(n200)  rnd14=100%(n200)  rnd15=100%(n200)  rnd16=100%(n200)  rnd17=100%(n200)  rnd18=100%(n200)  rnd19=100%(n200)  rnd2=100%(n200)  rnd20=100%(n200)  rnd21=100%(n200)  rnd22=100%(n200)  rnd23=100%(n200)  rnd24=100%(n200)  rnd25=100%(n200)  rnd26=98%(n200)  rnd27=100%(n200)  rnd28=100%(n200)  rnd29=98%(n200)  rnd3=100%(n200)  rnd4=100%(n200)  rnd5=100%(n200)  rnd6=100%(n200)  rnd7=100%(n200)  rnd8=100%(n200)  rnd9=100%(n200)
          └ 이동 분포: straight=69%  left=15%  right=16%
Ep 22300/23000 | R= 1331.3 | Fuel=841.2mL | Wait= 345s | Steps=44.7 | Reach=100% | ε=0.050 | Loss=93.806 | t=15547s
          ├ 토폴로지 도달률(최근50): gangnam_clean_topology=100%
          ├ OD별 도달률(최근200): rnd0=100%(n200)  rnd1=98%(n200)  rnd10=100%(n200)  rnd11=100%(n200)  rnd12=100%(n200)  rnd13=100%(n200)  rnd14=100%(n200)  rnd15=100%(n200)  rnd16=100%(n200)  rnd17=100%(n200)  rnd18=100%(n200)  rnd19=100%(n200)  rnd2=100%(n200)  rnd20=100%(n200)  rnd21=100%(n200)  rnd22=100%(n200)  rnd23=100%(n200)  rnd24=100%(n200)  rnd25=100%(n200)  rnd26=98%(n200)  rnd27=100%(n200)  rnd28=100%(n200)  rnd29=98%(n200)  rnd3=100%(n200)  rnd4=100%(n200)  rnd5=100%(n200)  rnd6=100%(n200)  rnd7=100%(n200)  rnd8=100%(n200)  rnd9=100%(n200)
          └ 이동 분포: straight=69%  left=16%  right=16%
Ep 22400/23000 | R= 1293.9 | Fuel=844.4mL | Wait= 363s | Steps=45.9 | Reach=99% | ε=0.050 | Loss=99.173 | t=15578s
          ├ 토폴로지 도달률(최근50): gangnam_clean_topology=100%
          ├ OD별 도달률(최근200): rnd0=100%(n200)  rnd1=98%(n200)  rnd10=100%(n200)  rnd11=100%(n200)  rnd12=100%(n200)  rnd13=100%(n200)  rnd14=100%(n200)  rnd15=100%(n200)  rnd16=100%(n200)  rnd17=100%(n200)  rnd18=100%(n200)  rnd19=100%(n200)  rnd2=100%(n200)  rnd20=100%(n200)  rnd21=100%(n200)  rnd22=100%(n200)  rnd23=100%(n200)  rnd24=100%(n200)  rnd25=100%(n200)  rnd26=98%(n200)  rnd27=100%(n200)  rnd28=100%(n200)  rnd29=98%(n200)  rnd3=100%(n200)  rnd4=100%(n200)  rnd5=100%(n200)  rnd6=100%(n200)  rnd7=100%(n200)  rnd8=100%(n200)  rnd9=100%(n200)
          └ 이동 분포: straight=68%  left=15%  right=17%
Ep 22500/23000 | R= 1271.1 | Fuel=881.9mL | Wait= 341s | Steps=45.9 | Reach=100% | ε=0.050 | Loss=93.393 | t=15608s
          ├ 토폴로지 도달률(최근50): gangnam_clean_topology=100%
          ├ OD별 도달률(최근200): rnd0=100%(n200)  rnd1=98%(n200)  rnd10=100%(n200)  rnd11=100%(n200)  rnd12=100%(n200)  rnd13=100%(n200)  rnd14=100%(n200)  rnd15=100%(n200)  rnd16=100%(n200)  rnd17=100%(n200)  rnd18=100%(n200)  rnd19=100%(n200)  rnd2=100%(n200)  rnd20=100%(n200)  rnd21=100%(n200)  rnd22=100%(n200)  rnd23=100%(n200)  rnd24=100%(n200)  rnd25=100%(n200)  rnd26=98%(n200)  rnd27=100%(n200)  rnd28=100%(n200)  rnd29=98%(n200)  rnd3=100%(n200)  rnd4=100%(n200)  rnd5=100%(n200)  rnd6=100%(n200)  rnd7=100%(n200)  rnd8=100%(n200)  rnd9=100%(n200)
          └ 이동 분포: straight=69%  left=15%  right=16%
  [체크포인트] model_rl_signal_attention_ep22500.pth
Ep 22600/23000 | R= 1259.1 | Fuel=899.3mL | Wait= 383s | Steps=48.1 | Reach=100% | ε=0.050 | Loss=91.614 | t=15640s
          ├ 토폴로지 도달률(최근50): gangnam_clean_topology=100%
          ├ OD별 도달률(최근200): rnd0=100%(n200)  rnd1=98%(n200)  rnd10=100%(n200)  rnd11=100%(n200)  rnd12=100%(n200)  rnd13=100%(n200)  rnd14=100%(n200)  rnd15=100%(n200)  rnd16=100%(n200)  rnd17=100%(n200)  rnd18=100%(n200)  rnd19=100%(n200)  rnd2=100%(n200)  rnd20=100%(n200)  rnd21=100%(n200)  rnd22=100%(n200)  rnd23=100%(n200)  rnd24=100%(n200)  rnd25=100%(n200)  rnd26=98%(n200)  rnd27=100%(n200)  rnd28=100%(n200)  rnd29=98%(n200)  rnd3=100%(n200)  rnd4=100%(n200)  rnd5=100%(n200)  rnd6=100%(n200)  rnd7=100%(n200)  rnd8=100%(n200)  rnd9=100%(n200)
          └ 이동 분포: straight=70%  left=15%  right=15%
Ep 22700/23000 | R= 1323.5 | Fuel=829.0mL | Wait= 350s | Steps=44.5 | Reach=100% | ε=0.050 | Loss=90.420 | t=15669s
          ├ 토폴로지 도달률(최근50): gangnam_clean_topology=100%
          ├ OD별 도달률(최근200): rnd0=100%(n200)  rnd1=98%(n200)  rnd10=100%(n200)  rnd11=100%(n200)  rnd12=100%(n200)  rnd13=100%(n200)  rnd14=100%(n200)  rnd15=100%(n200)  rnd16=100%(n200)  rnd17=100%(n200)  rnd18=100%(n200)  rnd19=100%(n200)  rnd2=100%(n200)  rnd20=100%(n200)  rnd21=100%(n200)  rnd22=100%(n200)  rnd23=100%(n200)  rnd24=100%(n200)  rnd25=100%(n200)  rnd26=98%(n200)  rnd27=100%(n200)  rnd28=100%(n200)  rnd29=98%(n200)  rnd3=100%(n200)  rnd4=100%(n200)  rnd5=100%(n200)  rnd6=100%(n200)  rnd7=100%(n200)  rnd8=100%(n200)  rnd9=100%(n200)
          └ 이동 분포: straight=68%  left=16%  right=16%
Ep 22800/23000 | R= 1247.6 | Fuel=887.0mL | Wait= 340s | Steps=48.6 | Reach=100% | ε=0.050 | Loss=96.897 | t=15702s
          ├ 토폴로지 도달률(최근50): gangnam_clean_topology=100%
          ├ OD별 도달률(최근200): rnd0=100%(n200)  rnd1=98%(n200)  rnd10=100%(n200)  rnd11=100%(n200)  rnd12=100%(n200)  rnd13=100%(n200)  rnd14=100%(n200)  rnd15=100%(n200)  rnd16=100%(n200)  rnd17=100%(n200)  rnd18=100%(n200)  rnd19=100%(n200)  rnd2=100%(n200)  rnd20=100%(n200)  rnd21=100%(n200)  rnd22=100%(n200)  rnd23=100%(n200)  rnd24=100%(n200)  rnd25=100%(n200)  rnd26=98%(n200)  rnd27=100%(n200)  rnd28=100%(n200)  rnd29=98%(n200)  rnd3=100%(n200)  rnd4=100%(n200)  rnd5=100%(n200)  rnd6=100%(n200)  rnd7=100%(n200)  rnd8=100%(n200)  rnd9=100%(n200)
          └ 이동 분포: straight=67%  left=17%  right=16%
Ep 22900/23000 | R= 1237.0 | Fuel=906.7mL | Wait= 366s | Steps=47.0 | Reach=100% | ε=0.050 | Loss=96.137 | t=15733s
          ├ 토폴로지 도달률(최근50): gangnam_clean_topology=100%
          ├ OD별 도달률(최근200): rnd0=100%(n200)  rnd1=99%(n200)  rnd10=100%(n200)  rnd11=100%(n200)  rnd12=100%(n200)  rnd13=100%(n200)  rnd14=100%(n200)  rnd15=100%(n200)  rnd16=100%(n200)  rnd17=100%(n200)  rnd18=100%(n200)  rnd19=100%(n200)  rnd2=100%(n200)  rnd20=100%(n200)  rnd21=100%(n200)  rnd22=100%(n200)  rnd23=100%(n200)  rnd24=100%(n200)  rnd25=100%(n200)  rnd26=98%(n200)  rnd27=100%(n200)  rnd28=100%(n200)  rnd29=98%(n200)  rnd3=100%(n200)  rnd4=100%(n200)  rnd5=100%(n200)  rnd6=100%(n200)  rnd7=100%(n200)  rnd8=100%(n200)  rnd9=100%(n200)
          └ 이동 분포: straight=68%  left=14%  right=18%
Ep 23000/23000 | R= 1235.9 | Fuel=915.4mL | Wait= 373s | Steps=48.9 | Reach=100% | ε=0.050 | Loss=93.091 | t=15765s
          ├ 토폴로지 도달률(최근50): gangnam_clean_topology=100%
          ├ OD별 도달률(최근200): rnd0=100%(n200)  rnd1=99%(n200)  rnd10=100%(n200)  rnd11=100%(n200)  rnd12=100%(n200)  rnd13=100%(n200)  rnd14=100%(n200)  rnd15=100%(n200)  rnd16=100%(n200)  rnd17=100%(n200)  rnd18=100%(n200)  rnd19=100%(n200)  rnd2=100%(n200)  rnd20=100%(n200)  rnd21=100%(n200)  rnd22=100%(n200)  rnd23=100%(n200)  rnd24=100%(n200)  rnd25=100%(n200)  rnd26=98%(n200)  rnd27=100%(n200)  rnd28=100%(n200)  rnd29=98%(n200)  rnd3=100%(n200)  rnd4=100%(n200)  rnd5=100%(n200)  rnd6=100%(n200)  rnd7=100%(n200)  rnd8=100%(n200)  rnd9=100%(n200)
          └ 이동 분포: straight=69%  left=15%  right=16%

============================================================
 학습 완료 | 최종 도달률(최근200): 100.0%
 최고 도달률: 100.0%  → model_rl_signal_attention_best.pth
 모델 저장 → models/model_rl_signal_attention.pth
============================================================

