/home/hjj/2605_E-Nudge_traffic_RL_V2/venv/lib/python3.13/site-packages/torch/cuda/__init__.py:187: UserWarning: CUDA initialization: The NVIDIA driver on your system is too old (found version 12020). Please update your GPU driver by downloading and installing a new version from the URL: http://www.nvidia.com/Download/index.aspx Alternatively, go to: https://pytorch.org to install a PyTorch version that has been compiled with your version of the CUDA driver. (Triggered internally at /pytorch/c10/cuda/CUDAFunctions.cpp:119.)
  return torch._C._cuda_getDeviceCount() > 0

============================================================
 학습 시작 | mode=base | use_signal=False
 episodes=15000 | batch=128
 memory=80000 | warmup=2000 steps
 학습 토폴로지 (1개):
   - gangnam_clean_topology   w=1.00 nodes=1995 routes=30 max_steps=300
 ε: 1.0 → 0.05 (decay=0.99997, ~99856ep)
 shaping_w=0.0  uturn_penalty=300.0  revisit_penalty=50.0  arrival_bonus=700.0
 dynamic_od_boost=False (floor=0.15)
 penalty_anneal_frac=0.5 floor=0.2
 fuel_shaping_w=1500.0
============================================================
Ep  100/15000 | R=-15018.1 | Fuel=4072.8mL | Wait=2001s | Steps=269.7 | Reach=18% | ε=0.473 | Loss=5348.131 | t=291s
          ├ 토폴로지 도달률(최근50): gangnam_clean_topology=20%
          ├ OD별 도달률(최근200): rnd0=25%(n4)  rnd1=50%(n2)  rnd10=33%(n3)  rnd11=50%(n2)  rnd12=75%(n4)  rnd13=0%(n8)  rnd14=0%(n3)  rnd15=33%(n3)  rnd16=60%(n5)  rnd17=40%(n5)  rnd18=33%(n3)  rnd19=0%(n4)  rnd2=20%(n5)  rnd20=50%(n2)  rnd21=0%(n1)  rnd22=0%(n8)  rnd23=0%(n4)  rnd24=0%(n2)  rnd25=0%(n2)  rnd26=0%(n1)  rnd27=0%(n3)  rnd28=0%(n2)  rnd29=0%(n1)  rnd3=0%(n3)  rnd4=0%(n4)  rnd5=14%(n7)  rnd6=20%(n5)  rnd8=0%(n2)  rnd9=0%(n2)
          └ 이동 분포: straight=50%  left=23%  right=27%
Ep  200/15000 | R=-11218.6 | Fuel=3655.7mL | Wait=1723s | Steps=235.1 | Reach=27% | ε=0.234 | Loss=5956.320 | t=584s
          ├ 토폴로지 도달률(최근50): gangnam_clean_topology=34%
          ├ OD별 도달률(최근200): rnd0=17%(n6)  rnd1=50%(n6)  rnd10=33%(n6)  rnd11=50%(n2)  rnd12=78%(n9)  rnd13=0%(n9)  rnd14=0%(n8)  rnd15=17%(n6)  rnd16=57%(n7)  rnd17=42%(n12)  rnd18=50%(n8)  rnd19=0%(n5)  rnd2=50%(n10)  rnd20=20%(n5)  rnd21=0%(n4)  rnd22=9%(n11)  rnd23=0%(n8)  rnd24=0%(n6)  rnd25=0%(n6)  rnd26=50%(n2)  rnd27=0%(n9)  rnd28=0%(n4)  rnd29=33%(n3)  rnd3=0%(n8)  rnd4=12%(n8)  rnd5=33%(n9)  rnd6=43%(n7)  rnd7=25%(n4)  rnd8=0%(n5)  rnd9=0%(n7)
          └ 이동 분포: straight=51%  left=23%  right=27%
Ep  300/15000 | R=-8288.4 | Fuel=3134.4mL | Wait=1751s | Steps=211.9 | Reach=45% | ε=0.124 | Loss=6221.486 | t=864s
          ├ 토폴로지 도달률(최근50): gangnam_clean_topology=52%
          ├ OD별 도달률(최근200): rnd0=12%(n8)  rnd1=38%(n8)  rnd10=55%(n11)  rnd11=25%(n4)  rnd12=82%(n11)  rnd13=9%(n11)  rnd14=10%(n10)  rnd15=27%(n11)  rnd16=75%(n12)  rnd17=42%(n19)  rnd18=67%(n12)  rnd19=0%(n10)  rnd2=64%(n14)  rnd20=11%(n9)  rnd21=14%(n7)  rnd22=13%(n15)  rnd23=0%(n11)  rnd24=0%(n6)  rnd25=0%(n8)  rnd26=50%(n6)  rnd27=0%(n11)  rnd28=11%(n9)  rnd29=29%(n7)  rnd3=0%(n9)  rnd4=17%(n12)  rnd5=50%(n12)  rnd6=69%(n13)  rnd7=50%(n8)  rnd8=0%(n7)  rnd9=0%(n9)
          └ 이동 분포: straight=54%  left=22%  right=24%
Ep  400/15000 | R=-9417.9 | Fuel=3422.0mL | Wait=1723s | Steps=221.7 | Reach=41% | ε=0.064 | Loss=5592.897 | t=1166s
          ├ 토폴로지 도달률(최근50): gangnam_clean_topology=50%
          ├ OD별 도달률(최근200): rnd0=9%(n11)  rnd1=30%(n10)  rnd10=58%(n12)  rnd11=12%(n8)  rnd12=86%(n14)  rnd13=21%(n14)  rnd14=31%(n13)  rnd15=33%(n12)  rnd16=79%(n14)  rnd17=50%(n22)  rnd18=71%(n14)  rnd19=0%(n12)  rnd2=72%(n18)  rnd20=13%(n15)  rnd21=25%(n8)  rnd22=20%(n20)  rnd23=0%(n16)  rnd24=12%(n8)  rnd25=0%(n11)  rnd26=50%(n10)  rnd27=0%(n16)  rnd28=7%(n15)  rnd29=33%(n12)  rnd3=14%(n14)  rnd4=39%(n18)  rnd5=47%(n15)  rnd6=71%(n14)  rnd7=44%(n9)  rnd8=8%(n13)  rnd9=8%(n12)
          └ 이동 분포: straight=54%  left=20%  right=26%
Ep  500/15000 | R=-6823.9 | Fuel=2669.5mL | Wait=1298s | Steps=180.3 | Reach=54% | ε=0.050 | Loss=4346.255 | t=1425s
          ├ 토폴로지 도달률(최근50): gangnam_clean_topology=52%
          ├ OD별 도달률(최근200): rnd0=13%(n15)  rnd1=40%(n15)  rnd10=69%(n16)  rnd11=10%(n10)  rnd12=89%(n18)  rnd13=32%(n19)  rnd14=47%(n17)  rnd15=47%(n17)  rnd16=83%(n18)  rnd17=48%(n25)  rnd18=75%(n16)  rnd19=0%(n15)  rnd2=75%(n20)  rnd20=13%(n15)  rnd21=27%(n11)  rnd22=22%(n23)  rnd23=0%(n19)  rnd24=9%(n11)  rnd25=0%(n12)  rnd26=62%(n13)  rnd27=0%(n19)  rnd28=10%(n20)  rnd29=27%(n15)  rnd3=33%(n18)  rnd4=52%(n23)  rnd5=44%(n16)  rnd6=78%(n18)  rnd7=36%(n11)  rnd8=6%(n17)  rnd9=22%(n18)
          └ 이동 분포: straight=53%  left=22%  right=25%
Ep  600/15000 | R=-4463.3 | Fuel=2126.4mL | Wait= 987s | Steps=138.0 | Reach=68% | ε=0.050 | Loss=3369.170 | t=1622s
          ├ 토폴로지 도달률(최근50): gangnam_clean_topology=64%
          ├ OD별 도달률(최근200): rnd0=22%(n18)  rnd1=47%(n17)  rnd10=77%(n22)  rnd11=25%(n12)  rnd12=89%(n19)  rnd13=42%(n26)  rnd14=50%(n22)  rnd15=53%(n19)  rnd16=86%(n21)  rnd17=52%(n27)  rnd18=83%(n24)  rnd19=0%(n16)  rnd2=79%(n24)  rnd20=11%(n18)  rnd21=24%(n17)  rnd22=33%(n27)  rnd23=4%(n26)  rnd24=18%(n17)  rnd25=0%(n13)  rnd26=69%(n16)  rnd27=10%(n21)  rnd28=18%(n22)  rnd29=29%(n17)  rnd3=37%(n19)  rnd4=56%(n25)  rnd5=44%(n18)  rnd6=81%(n21)  rnd7=53%(n15)  rnd8=5%(n21)  rnd9=25%(n20)
          └ 이동 분포: straight=53%  left=22%  right=25%
Ep  700/15000 | R=-3933.2 | Fuel=1997.0mL | Wait= 964s | Steps=133.9 | Reach=73% | ε=0.050 | Loss=3215.938 | t=1826s
          ├ 토폴로지 도달률(최근50): gangnam_clean_topology=72%
          ├ OD별 도달률(최근200): rnd0=36%(n22)  rnd1=53%(n19)  rnd10=78%(n23)  rnd11=40%(n15)  rnd12=91%(n23)  rnd13=53%(n32)  rnd14=52%(n25)  rnd15=61%(n23)  rnd16=88%(n26)  rnd17=52%(n27)  rnd18=85%(n27)  rnd19=0%(n19)  rnd2=83%(n29)  rnd20=20%(n20)  rnd21=19%(n21)  rnd22=40%(n30)  rnd23=7%(n30)  rnd24=18%(n22)  rnd25=12%(n17)  rnd26=68%(n19)  rnd27=9%(n22)  rnd28=25%(n24)  rnd29=32%(n19)  rnd3=50%(n24)  rnd4=62%(n29)  rnd5=48%(n23)  rnd6=85%(n26)  rnd7=53%(n15)  rnd8=4%(n26)  rnd9=35%(n23)
          └ 이동 분포: straight=51%  left=24%  right=25%
Ep  800/15000 | R=-2971.5 | Fuel=1879.7mL | Wait= 946s | Steps=116.9 | Reach=78% | ε=0.050 | Loss=2821.272 | t=1990s
          ├ 토폴로지 도달률(최근50): gangnam_clean_topology=74%
          ├ OD별 도달률(최근200): rnd0=39%(n23)  rnd1=61%(n28)  rnd10=81%(n26)  rnd11=53%(n19)  rnd12=92%(n25)  rnd13=56%(n36)  rnd14=60%(n30)  rnd15=68%(n28)  rnd16=90%(n30)  rnd17=54%(n28)  rnd18=86%(n29)  rnd19=0%(n20)  rnd2=84%(n32)  rnd20=29%(n24)  rnd21=28%(n25)  rnd22=51%(n37)  rnd23=8%(n37)  rnd24=15%(n26)  rnd25=17%(n18)  rnd26=74%(n23)  rnd27=8%(n24)  rnd28=31%(n26)  rnd29=32%(n22)  rnd3=57%(n28)  rnd4=65%(n31)  rnd5=50%(n26)  rnd6=85%(n27)  rnd7=65%(n20)  rnd8=4%(n27)  rnd9=40%(n25)
          └ 이동 분포: straight=55%  left=21%  right=24%
Ep  900/15000 | R=-2364.7 | Fuel=1760.7mL | Wait= 886s | Steps=111.5 | Reach=81% | ε=0.050 | Loss=2954.648 | t=2152s
          ├ 토폴로지 도달률(최근50): gangnam_clean_topology=80%
          ├ OD별 도달률(최근200): rnd0=46%(n28)  rnd1=61%(n28)  rnd10=83%(n29)  rnd11=57%(n23)  rnd12=93%(n27)  rnd13=59%(n39)  rnd14=65%(n37)  rnd15=70%(n30)  rnd16=90%(n31)  rnd17=55%(n29)  rnd18=87%(n31)  rnd19=0%(n23)  rnd2=86%(n35)  rnd20=37%(n27)  rnd21=34%(n32)  rnd22=56%(n41)  rnd23=8%(n38)  rnd24=16%(n32)  rnd25=32%(n22)  rnd26=79%(n29)  rnd27=8%(n26)  rnd28=40%(n30)  rnd29=38%(n24)  rnd3=61%(n31)  rnd4=66%(n32)  rnd5=52%(n27)  rnd6=89%(n35)  rnd7=71%(n24)  rnd8=15%(n33)  rnd9=44%(n27)
          └ 이동 분포: straight=58%  left=19%  right=23%
Ep 1000/15000 | R=-1730.7 | Fuel=1543.8mL | Wait= 726s | Steps=97.7 | Reach=82% | ε=0.050 | Loss=2949.175 | t=2299s
          ├ 토폴로지 도달률(최근50): gangnam_clean_topology=88%
          ├ OD별 도달률(최근200): rnd0=52%(n33)  rnd1=67%(n33)  rnd10=82%(n34)  rnd11=63%(n27)  rnd12=93%(n28)  rnd13=61%(n41)  rnd14=62%(n40)  rnd15=73%(n33)  rnd16=91%(n32)  rnd17=59%(n32)  rnd18=84%(n37)  rnd19=0%(n24)  rnd2=88%(n40)  rnd20=39%(n31)  rnd21=38%(n37)  rnd22=61%(n46)  rnd23=10%(n40)  rnd24=15%(n33)  rnd25=44%(n27)  rnd26=82%(n33)  rnd27=10%(n30)  rnd28=44%(n32)  rnd29=46%(n28)  rnd3=65%(n34)  rnd4=69%(n36)  rnd5=55%(n31)  rnd6=89%(n35)  rnd7=73%(n26)  rnd8=22%(n37)  rnd9=50%(n30)
          └ 이동 분포: straight=59%  left=19%  right=22%
Ep 1100/15000 | R= -655.7 | Fuel=1239.8mL | Wait= 602s | Steps=79.3 | Reach=85% | ε=0.050 | Loss=2806.178 | t=2416s
          ├ 토폴로지 도달률(최근50): gangnam_clean_topology=88%
          ├ OD별 도달률(최근200): rnd0=57%(n37)  rnd1=68%(n34)  rnd10=83%(n35)  rnd11=71%(n34)  rnd12=93%(n30)  rnd13=62%(n42)  rnd14=64%(n44)  rnd15=74%(n35)  rnd16=91%(n35)  rnd17=63%(n35)  rnd18=85%(n39)  rnd19=10%(n29)  rnd2=89%(n45)  rnd20=44%(n36)  rnd21=35%(n43)  rnd22=64%(n50)  rnd23=12%(n41)  rnd24=13%(n38)  rnd25=55%(n33)  rnd26=83%(n36)  rnd27=10%(n31)  rnd28=47%(n34)  rnd29=55%(n33)  rnd3=65%(n34)  rnd4=72%(n40)  rnd5=63%(n38)  rnd6=89%(n38)  rnd7=77%(n31)  rnd8=24%(n38)  rnd9=53%(n32)
          └ 이동 분포: straight=62%  left=18%  right=20%
Ep 1200/15000 | R=-1137.6 | Fuel=1381.4mL | Wait= 666s | Steps=90.9 | Reach=88% | ε=0.050 | Loss=2630.673 | t=2550s
          ├ 토폴로지 도달률(최근50): gangnam_clean_topology=82%
          ├ OD별 도달률(최근200): rnd0=62%(n42)  rnd1=71%(n38)  rnd10=82%(n38)  rnd11=71%(n34)  rnd12=93%(n30)  rnd13=64%(n44)  rnd14=62%(n45)  rnd15=78%(n40)  rnd16=92%(n39)  rnd17=66%(n38)  rnd18=86%(n42)  rnd19=19%(n32)  rnd2=90%(n49)  rnd20=49%(n43)  rnd21=35%(n48)  rnd22=66%(n53)  rnd23=20%(n45)  rnd24=12%(n41)  rnd25=62%(n39)  rnd26=85%(n39)  rnd27=15%(n33)  rnd28=54%(n39)  rnd29=58%(n36)  rnd3=68%(n37)  rnd4=75%(n44)  rnd5=66%(n41)  rnd6=90%(n41)  rnd7=79%(n33)  rnd8=26%(n42)  rnd9=57%(n35)
          └ 이동 분포: straight=60%  left=18%  right=22%
Ep 1300/15000 | R= -264.8 | Fuel=1081.6mL | Wait= 442s | Steps=66.5 | Reach=93% | ε=0.050 | Loss=2588.205 | t=2645s
          ├ 토폴로지 도달률(최근50): gangnam_clean_topology=90%
          ├ OD별 도달률(최근200): rnd0=67%(n48)  rnd1=75%(n44)  rnd10=82%(n39)  rnd11=74%(n38)  rnd12=95%(n38)  rnd13=66%(n47)  rnd14=65%(n48)  rnd15=81%(n48)  rnd16=93%(n41)  rnd17=68%(n40)  rnd18=87%(n46)  rnd19=26%(n35)  rnd2=90%(n51)  rnd20=51%(n45)  rnd21=36%(n50)  rnd22=68%(n57)  rnd23=22%(n46)  rnd24=11%(n44)  rnd25=64%(n42)  rnd26=85%(n41)  rnd27=18%(n34)  rnd28=57%(n42)  rnd29=62%(n39)  rnd3=65%(n40)  rnd4=76%(n46)  rnd5=66%(n44)  rnd6=91%(n45)  rnd7=81%(n37)  rnd8=31%(n45)  rnd9=62%(n40)
          └ 이동 분포: straight=58%  left=23%  right=19%
Ep 1400/15000 | R= -507.4 | Fuel=1243.7mL | Wait= 634s | Steps=79.2 | Reach=91% | ε=0.050 | Loss=2604.235 | t=2764s
          ├ 토폴로지 도달률(최근50): gangnam_clean_topology=92%
          ├ OD별 도달률(최근200): rnd0=69%(n51)  rnd1=77%(n48)  rnd10=83%(n41)  rnd11=76%(n41)  rnd12=95%(n41)  rnd13=69%(n51)  rnd14=66%(n53)  rnd15=82%(n51)  rnd16=93%(n43)  rnd17=67%(n43)  rnd18=88%(n51)  rnd19=33%(n39)  rnd2=91%(n53)  rnd20=55%(n53)  rnd21=38%(n53)  rnd22=69%(n58)  rnd23=28%(n50)  rnd24=11%(n45)  rnd25=67%(n46)  rnd26=86%(n42)  rnd27=21%(n38)  rnd28=58%(n43)  rnd29=62%(n40)  rnd3=68%(n44)  rnd4=78%(n49)  rnd5=70%(n50)  rnd6=92%(n48)  rnd7=83%(n41)  rnd8=32%(n47)  rnd9=68%(n47)
          └ 이동 분포: straight=62%  left=17%  right=21%
Ep 1500/15000 | R= -972.1 | Fuel=1268.4mL | Wait= 578s | Steps=83.5 | Reach=88% | ε=0.050 | Loss=2625.259 | t=2892s
          ├ 토폴로지 도달률(최근50): gangnam_clean_topology=88%
          ├ OD별 도달률(최근200): rnd0=70%(n54)  rnd1=78%(n51)  rnd10=84%(n45)  rnd11=76%(n42)  rnd12=95%(n43)  rnd13=70%(n54)  rnd14=66%(n56)  rnd15=84%(n55)  rnd16=93%(n45)  rnd17=68%(n47)  rnd18=87%(n54)  rnd19=40%(n43)  rnd2=91%(n53)  rnd20=58%(n57)  rnd21=40%(n57)  rnd22=70%(n61)  rnd23=32%(n53)  rnd24=10%(n48)  rnd25=69%(n48)  rnd26=87%(n47)  rnd27=32%(n44)  rnd28=62%(n47)  rnd29=66%(n44)  rnd3=71%(n48)  rnd4=79%(n52)  rnd5=72%(n53)  rnd6=92%(n52)  rnd7=84%(n44)  rnd8=31%(n52)  rnd9=69%(n51)
          └ 이동 분포: straight=58%  left=20%  right=22%
Ep 1600/15000 | R=  334.5 | Fuel=959.0mL | Wait= 440s | Steps=61.4 | Reach=89% | ε=0.050 | Loss=2543.870 | t=2983s
          ├ 토폴로지 도달률(최근50): gangnam_clean_topology=92%
          ├ OD별 도달률(최근200): rnd0=72%(n58)  rnd1=80%(n55)  rnd10=86%(n49)  rnd11=78%(n45)  rnd12=96%(n45)  rnd13=72%(n57)  rnd14=65%(n62)  rnd15=84%(n57)  rnd16=94%(n47)  rnd17=70%(n50)  rnd18=88%(n57)  rnd19=42%(n45)  rnd2=91%(n55)  rnd20=61%(n61)  rnd21=40%(n60)  rnd22=71%(n63)  rnd23=35%(n55)  rnd24=10%(n52)  rnd25=71%(n55)  rnd26=88%(n52)  rnd27=33%(n45)  rnd28=64%(n50)  rnd29=68%(n47)  rnd3=72%(n50)  rnd4=80%(n56)  rnd5=73%(n55)  rnd6=93%(n58)  rnd7=86%(n51)  rnd8=31%(n54)  rnd9=70%(n54)
          └ 이동 분포: straight=61%  left=18%  right=21%
Ep 1700/15000 | R=  633.1 | Fuel=869.1mL | Wait= 372s | Steps=53.9 | Reach=95% | ε=0.050 | Loss=2609.947 | t=3059s
          ├ 토폴로지 도달률(최근50): gangnam_clean_topology=96%
          ├ OD별 도달률(최근200): rnd0=73%(n59)  rnd1=81%(n57)  rnd10=87%(n52)  rnd11=78%(n46)  rnd12=96%(n48)  rnd13=72%(n58)  rnd14=64%(n64)  rnd15=86%(n63)  rnd16=94%(n51)  rnd17=73%(n55)  rnd18=89%(n65)  rnd19=45%(n47)  rnd2=92%(n60)  rnd20=61%(n62)  rnd21=41%(n61)  rnd22=73%(n66)  rnd23=38%(n58)  rnd24=9%(n54)  rnd25=73%(n60)  rnd26=89%(n56)  rnd27=38%(n48)  rnd28=67%(n54)  rnd29=71%(n51)  rnd3=74%(n53)  rnd4=81%(n59)  rnd5=75%(n59)  rnd6=93%(n61)  rnd7=88%(n58)  rnd8=33%(n58)  rnd9=72%(n57)
          └ 이동 분포: straight=63%  left=16%  right=21%
Ep 1800/15000 | R=  944.7 | Fuel=787.5mL | Wait= 350s | Steps=45.5 | Reach=93% | ε=0.050 | Loss=2462.352 | t=3127s
          ├ 토폴로지 도달률(최근50): gangnam_clean_topology=92%
          ├ OD별 도달률(최근200): rnd0=75%(n63)  rnd1=82%(n62)  rnd10=88%(n56)  rnd11=80%(n49)  rnd12=96%(n53)  rnd13=73%(n60)  rnd14=65%(n65)  rnd15=87%(n67)  rnd16=95%(n55)  rnd17=73%(n60)  rnd18=90%(n72)  rnd19=47%(n49)  rnd2=92%(n62)  rnd20=62%(n64)  rnd21=45%(n65)  rnd22=74%(n69)  rnd23=45%(n65)  rnd24=10%(n60)  rnd25=74%(n62)  rnd26=90%(n59)  rnd27=42%(n52)  rnd28=68%(n56)  rnd29=72%(n53)  rnd3=75%(n55)  rnd4=83%(n63)  rnd5=75%(n61)  rnd6=94%(n64)  rnd7=88%(n58)  rnd8=33%(n60)  rnd9=74%(n61)
          └ 이동 분포: straight=67%  left=16%  right=18%
Ep 1900/15000 | R=  692.9 | Fuel=908.9mL | Wait= 340s | Steps=53.5 | Reach=94% | ε=0.050 | Loss=2451.732 | t=3205s
          ├ 토폴로지 도달률(최근50): gangnam_clean_topology=94%
          ├ OD별 도달률(최근200): rnd0=76%(n66)  rnd1=83%(n63)  rnd10=89%(n62)  rnd11=81%(n53)  rnd12=96%(n56)  rnd13=75%(n63)  rnd14=66%(n68)  rnd15=87%(n70)  rnd16=95%(n58)  rnd17=75%(n65)  rnd18=91%(n76)  rnd19=49%(n51)  rnd2=92%(n63)  rnd20=65%(n68)  rnd21=45%(n67)  rnd22=75%(n72)  rnd23=46%(n67)  rnd24=9%(n64)  rnd25=75%(n65)  rnd26=90%(n61)  rnd27=45%(n55)  rnd28=70%(n60)  rnd29=73%(n56)  rnd3=76%(n59)  rnd4=84%(n67)  rnd5=77%(n66)  rnd6=94%(n68)  rnd7=88%(n60)  rnd8=38%(n66)  rnd9=75%(n65)
          └ 이동 분포: straight=64%  left=17%  right=19%
Ep 2000/15000 | R=  -93.6 | Fuel=1099.5mL | Wait= 454s | Steps=68.0 | Reach=90% | ε=0.050 | Loss=2169.782 | t=3309s
          ├ 토폴로지 도달률(최근50): gangnam_clean_topology=90%
          ├ OD별 도달률(최근200): rnd0=76%(n68)  rnd1=83%(n64)  rnd10=89%(n64)  rnd11=83%(n59)  rnd12=97%(n61)  rnd13=76%(n67)  rnd14=68%(n72)  rnd15=88%(n75)  rnd16=95%(n61)  rnd17=76%(n67)  rnd18=91%(n78)  rnd19=52%(n56)  rnd2=92%(n65)  rnd20=66%(n70)  rnd21=48%(n73)  rnd22=76%(n74)  rnd23=47%(n70)  rnd24=9%(n68)  rnd25=76%(n67)  rnd26=91%(n65)  rnd27=49%(n61)  rnd28=71%(n63)  rnd29=74%(n58)  rnd3=75%(n61)  rnd4=85%(n71)  rnd5=78%(n68)  rnd6=95%(n74)  rnd7=89%(n63)  rnd8=41%(n71)  rnd9=76%(n66)
          └ 이동 분포: straight=59%  left=19%  right=22%
Ep 2100/15000 | R=  517.1 | Fuel=858.7mL | Wait= 372s | Steps=52.8 | Reach=91% | ε=0.050 | Loss=2045.537 | t=3389s
          ├ 토폴로지 도달률(최근50): gangnam_clean_topology=86%
          ├ OD별 도달률(최근200): rnd0=77%(n71)  rnd1=84%(n67)  rnd10=89%(n64)  rnd11=82%(n62)  rnd12=97%(n66)  rnd13=78%(n73)  rnd14=71%(n79)  rnd15=88%(n77)  rnd16=95%(n63)  rnd17=77%(n70)  rnd18=91%(n82)  rnd19=53%(n58)  rnd2=93%(n68)  rnd20=66%(n73)  rnd21=49%(n75)  rnd22=76%(n78)  rnd23=49%(n72)  rnd24=8%(n73)  rnd25=77%(n70)  rnd26=91%(n68)  rnd27=51%(n63)  rnd28=74%(n70)  rnd29=76%(n62)  rnd3=76%(n62)  rnd4=85%(n75)  rnd5=79%(n71)  rnd6=95%(n76)  rnd7=90%(n68)  rnd8=43%(n75)  rnd9=77%(n69)
          └ 이동 분포: straight=64%  left=19%  right=17%
Ep 2200/15000 | R=  317.6 | Fuel=984.7mL | Wait= 413s | Steps=60.0 | Reach=92% | ε=0.050 | Loss=2030.604 | t=3481s
          ├ 토폴로지 도달률(최근50): gangnam_clean_topology=94%
          ├ OD별 도달률(최근200): rnd0=78%(n73)  rnd1=85%(n71)  rnd10=89%(n65)  rnd11=83%(n65)  rnd12=97%(n68)  rnd13=79%(n77)  rnd14=71%(n80)  rnd15=89%(n81)  rnd16=95%(n65)  rnd17=79%(n76)  rnd18=92%(n83)  rnd19=56%(n61)  rnd2=93%(n69)  rnd20=67%(n76)  rnd21=50%(n76)  rnd22=77%(n82)  rnd23=53%(n78)  rnd24=8%(n78)  rnd25=77%(n71)  rnd26=92%(n76)  rnd27=54%(n68)  rnd28=76%(n75)  rnd29=74%(n66)  rnd3=77%(n64)  rnd4=86%(n81)  rnd5=80%(n75)  rnd6=95%(n77)  rnd7=90%(n71)  rnd8=45%(n80)  rnd9=78%(n72)
          └ 이동 분포: straight=64%  left=18%  right=18%
Ep 2300/15000 | R=  536.8 | Fuel=898.9mL | Wait= 412s | Steps=58.9 | Reach=91% | ε=0.050 | Loss=1856.224 | t=3573s
          ├ 토폴로지 도달률(최근50): gangnam_clean_topology=96%
          ├ OD별 도달률(최근200): rnd0=79%(n75)  rnd1=85%(n73)  rnd10=90%(n70)  rnd11=83%(n65)  rnd12=97%(n69)  rnd13=80%(n79)  rnd14=74%(n87)  rnd15=90%(n86)  rnd16=96%(n68)  rnd17=79%(n78)  rnd18=91%(n88)  rnd19=58%(n65)  rnd2=93%(n70)  rnd20=68%(n77)  rnd21=52%(n80)  rnd22=78%(n85)  rnd23=54%(n82)  rnd24=7%(n82)  rnd25=78%(n72)  rnd26=93%(n81)  rnd27=54%(n72)  rnd28=78%(n80)  rnd29=75%(n68)  rnd3=78%(n67)  rnd4=87%(n86)  rnd5=81%(n80)  rnd6=95%(n85)  rnd7=91%(n75)  rnd8=46%(n82)  rnd9=77%(n73)
          └ 이동 분포: straight=63%  left=17%  right=20%
Ep 2400/15000 | R= 1029.2 | Fuel=868.8mL | Wait= 365s | Steps=51.1 | Reach=99% | ε=0.050 | Loss=1579.854 | t=3645s
          ├ 토폴로지 도달률(최근50): gangnam_clean_topology=98%
          ├ OD별 도달률(최근200): rnd0=79%(n77)  rnd1=86%(n80)  rnd10=90%(n73)  rnd11=84%(n67)  rnd12=97%(n71)  rnd13=80%(n81)  rnd14=75%(n91)  rnd15=90%(n87)  rnd16=96%(n72)  rnd17=80%(n81)  rnd18=91%(n89)  rnd19=62%(n71)  rnd2=93%(n71)  rnd20=69%(n81)  rnd21=55%(n84)  rnd22=79%(n90)  rnd23=56%(n86)  rnd24=7%(n83)  rnd25=79%(n78)  rnd26=93%(n85)  rnd27=55%(n73)  rnd28=79%(n86)  rnd29=76%(n72)  rnd3=79%(n70)  rnd4=88%(n89)  rnd5=82%(n85)  rnd6=95%(n86)  rnd7=91%(n78)  rnd8=49%(n86)  rnd9=78%(n77)
          └ 이동 분포: straight=68%  left=16%  right=16%
Ep 2500/15000 | R=  798.1 | Fuel=915.2mL | Wait= 396s | Steps=56.0 | Reach=98% | ε=0.050 | Loss=1589.408 | t=3734s
          ├ 토폴로지 도달률(최근50): gangnam_clean_topology=98%
          ├ OD별 도달률(최근200): rnd0=80%(n81)  rnd1=87%(n84)  rnd10=91%(n77)  rnd11=84%(n68)  rnd12=97%(n75)  rnd13=80%(n81)  rnd14=76%(n94)  rnd15=90%(n90)  rnd16=96%(n76)  rnd17=81%(n84)  rnd18=91%(n92)  rnd19=64%(n74)  rnd2=93%(n74)  rnd20=71%(n87)  rnd21=57%(n88)  rnd22=80%(n96)  rnd23=58%(n91)  rnd24=8%(n85)  rnd25=80%(n81)  rnd26=93%(n89)  rnd27=58%(n78)  rnd28=80%(n90)  rnd29=77%(n74)  rnd3=78%(n73)  rnd4=88%(n89)  rnd5=83%(n89)  rnd6=95%(n88)  rnd7=92%(n83)  rnd8=49%(n87)  rnd9=79%(n82)
          └ 이동 분포: straight=68%  left=15%  right=17%
  [체크포인트] model_rl_base_ep2500.pth
Ep 2600/15000 | R= 1144.3 | Fuel=785.5mL | Wait= 314s | Steps=46.3 | Reach=97% | ε=0.050 | Loss=1390.085 | t=3801s
          ├ 토폴로지 도달률(최근50): gangnam_clean_topology=100%
          ├ OD별 도달률(최근200): rnd0=81%(n84)  rnd1=88%(n90)  rnd10=91%(n82)  rnd11=84%(n69)  rnd12=97%(n77)  rnd13=81%(n85)  rnd14=77%(n98)  rnd15=90%(n91)  rnd16=96%(n79)  rnd17=82%(n90)  rnd18=92%(n96)  rnd19=64%(n76)  rnd2=94%(n79)  rnd20=74%(n95)  rnd21=58%(n91)  rnd22=81%(n102)  rnd23=59%(n93)  rnd24=8%(n88)  rnd25=81%(n84)  rnd26=93%(n90)  rnd27=58%(n79)  rnd28=80%(n92)  rnd29=78%(n79)  rnd3=79%(n77)  rnd4=88%(n93)  rnd5=83%(n90)  rnd6=96%(n90)  rnd7=92%(n88)  rnd8=52%(n91)  rnd9=79%(n82)
          └ 이동 분포: straight=65%  left=17%  right=18%
Ep 2700/15000 | R= 1029.3 | Fuel=759.3mL | Wait= 312s | Steps=48.8 | Reach=97% | ε=0.050 | Loss=1346.040 | t=3876s
          ├ 토폴로지 도달률(최근50): gangnam_clean_topology=96%
          ├ OD별 도달률(최근200): rnd0=81%(n86)  rnd1=88%(n94)  rnd10=92%(n86)  rnd11=83%(n72)  rnd12=98%(n82)  rnd13=82%(n90)  rnd14=77%(n100)  rnd15=91%(n95)  rnd16=96%(n84)  rnd17=83%(n92)  rnd18=92%(n98)  rnd19=67%(n83)  rnd2=94%(n81)  rnd20=74%(n95)  rnd21=59%(n93)  rnd22=82%(n105)  rnd23=61%(n97)  rnd24=8%(n90)  rnd25=82%(n90)  rnd26=93%(n92)  rnd27=60%(n83)  rnd28=81%(n94)  rnd29=80%(n83)  rnd3=80%(n81)  rnd4=89%(n97)  rnd5=84%(n92)  rnd6=96%(n96)  rnd7=92%(n91)  rnd8=53%(n93)  rnd9=80%(n85)
          └ 이동 분포: straight=69%  left=15%  right=15%
Ep 2800/15000 | R=  877.5 | Fuel=816.2mL | Wait= 363s | Steps=48.2 | Reach=93% | ε=0.050 | Loss=1462.947 | t=3947s
          ├ 토폴로지 도달률(최근50): gangnam_clean_topology=94%
          ├ OD별 도달률(최근200): rnd0=82%(n90)  rnd1=89%(n96)  rnd10=92%(n89)  rnd11=84%(n74)  rnd12=98%(n85)  rnd13=83%(n93)  rnd14=77%(n106)  rnd15=91%(n99)  rnd16=97%(n88)  rnd17=83%(n95)  rnd18=92%(n100)  rnd19=68%(n85)  rnd2=94%(n83)  rnd20=74%(n97)  rnd21=60%(n95)  rnd22=83%(n109)  rnd23=64%(n105)  rnd24=8%(n93)  rnd25=83%(n93)  rnd26=94%(n95)  rnd27=60%(n83)  rnd28=81%(n97)  rnd29=81%(n90)  rnd3=80%(n81)  rnd4=89%(n103)  rnd5=84%(n95)  rnd6=96%(n100)  rnd7=92%(n93)  rnd8=54%(n102)  rnd9=80%(n86)
          └ 이동 분포: straight=64%  left=16%  right=20%
Ep 2900/15000 | R=  851.7 | Fuel=819.5mL | Wait= 387s | Steps=50.8 | Reach=94% | ε=0.050 | Loss=1339.526 | t=4021s
          ├ 토폴로지 도달률(최근50): gangnam_clean_topology=94%
          ├ OD별 도달률(최근200): rnd0=82%(n91)  rnd1=89%(n100)  rnd10=92%(n95)  rnd11=84%(n76)  rnd12=98%(n90)  rnd13=83%(n96)  rnd14=78%(n109)  rnd15=91%(n102)  rnd16=97%(n94)  rnd17=84%(n97)  rnd18=92%(n103)  rnd19=70%(n89)  rnd2=94%(n85)  rnd20=75%(n100)  rnd21=62%(n99)  rnd22=83%(n112)  rnd23=64%(n107)  rnd24=7%(n97)  rnd25=84%(n97)  rnd26=94%(n96)  rnd27=62%(n88)  rnd28=83%(n104)  rnd29=82%(n93)  rnd3=80%(n84)  rnd4=89%(n104)  rnd5=85%(n99)  rnd6=96%(n101)  rnd7=93%(n97)  rnd8=55%(n105)  rnd9=81%(n90)
          └ 이동 분포: straight=66%  left=17%  right=16%
Ep 3000/15000 | R= 1208.0 | Fuel=706.2mL | Wait= 310s | Steps=41.2 | Reach=95% | ε=0.050 | Loss=1386.094 | t=4080s
          ├ 토폴로지 도달률(최근50): gangnam_clean_topology=92%
          ├ OD별 도달률(최근200): rnd0=83%(n92)  rnd1=90%(n105)  rnd10=92%(n99)  rnd11=85%(n78)  rnd12=98%(n93)  rnd13=84%(n99)  rnd14=79%(n112)  rnd15=92%(n108)  rnd16=97%(n98)  rnd17=84%(n100)  rnd18=93%(n108)  rnd19=71%(n93)  rnd2=94%(n90)  rnd20=75%(n101)  rnd21=63%(n103)  rnd22=84%(n119)  rnd23=65%(n109)  rnd24=7%(n101)  rnd25=84%(n100)  rnd26=94%(n98)  rnd27=63%(n89)  rnd28=83%(n105)  rnd29=82%(n96)  rnd3=80%(n87)  rnd4=90%(n111)  rnd5=85%(n100)  rnd6=96%(n104)  rnd7=93%(n98)  rnd8=58%(n111)  rnd9=81%(n93)
          └ 이동 분포: straight=69%  left=17%  right=15%
Ep 3100/15000 | R= 1072.5 | Fuel=728.8mL | Wait= 350s | Steps=44.8 | Reach=93% | ε=0.050 | Loss=1244.984 | t=4143s
          ├ 토폴로지 도달률(최근50): gangnam_clean_topology=94%
          ├ OD별 도달률(최근200): rnd0=84%(n99)  rnd1=90%(n108)  rnd10=92%(n103)  rnd11=84%(n81)  rnd12=98%(n97)  rnd13=84%(n101)  rnd14=78%(n116)  rnd15=92%(n110)  rnd16=97%(n104)  rnd17=84%(n103)  rnd18=93%(n112)  rnd19=71%(n94)  rnd2=95%(n95)  rnd20=76%(n103)  rnd21=64%(n105)  rnd22=85%(n124)  rnd23=65%(n110)  rnd24=7%(n106)  rnd25=84%(n102)  rnd26=94%(n103)  rnd27=64%(n92)  rnd28=83%(n107)  rnd29=83%(n100)  rnd3=81%(n89)  rnd4=91%(n116)  rnd5=85%(n103)  rnd6=96%(n106)  rnd7=93%(n101)  rnd8=58%(n113)  rnd9=81%(n97)
          └ 이동 분포: straight=66%  left=18%  right=17%
Ep 3200/15000 | R= 1188.4 | Fuel=686.8mL | Wait= 266s | Steps=41.5 | Reach=93% | ε=0.050 | Loss=1203.290 | t=4203s
          ├ 토폴로지 도달률(최근50): gangnam_clean_topology=92%
          ├ OD별 도달률(최근200): rnd0=84%(n99)  rnd1=90%(n111)  rnd10=92%(n106)  rnd11=85%(n84)  rnd12=98%(n102)  rnd13=85%(n104)  rnd14=78%(n118)  rnd15=92%(n113)  rnd16=97%(n109)  rnd17=85%(n106)  rnd18=93%(n118)  rnd19=72%(n97)  rnd2=95%(n99)  rnd20=77%(n107)  rnd21=64%(n105)  rnd22=85%(n127)  rnd23=66%(n112)  rnd24=6%(n112)  rnd25=85%(n105)  rnd26=94%(n107)  rnd27=66%(n98)  rnd28=83%(n109)  rnd29=83%(n102)  rnd3=82%(n94)  rnd4=91%(n121)  rnd5=86%(n106)  rnd6=96%(n108)  rnd7=93%(n103)  rnd8=60%(n118)  rnd9=82%(n100)
          └ 이동 분포: straight=64%  left=15%  right=21%
Ep 3300/15000 | R= 1181.8 | Fuel=761.5mL | Wait= 343s | Steps=45.4 | Reach=99% | ε=0.050 | Loss=1430.334 | t=4276s
          ├ 토폴로지 도달률(최근50): gangnam_clean_topology=100%
          ├ OD별 도달률(최근200): rnd0=84%(n102)  rnd1=90%(n113)  rnd10=93%(n108)  rnd11=85%(n86)  rnd12=98%(n103)  rnd13=85%(n109)  rnd14=78%(n119)  rnd15=92%(n115)  rnd16=97%(n116)  rnd17=85%(n109)  rnd18=93%(n123)  rnd19=73%(n100)  rnd2=95%(n102)  rnd20=77%(n110)  rnd21=65%(n109)  rnd22=85%(n129)  rnd23=67%(n114)  rnd24=7%(n114)  rnd25=86%(n111)  rnd26=95%(n111)  rnd27=68%(n102)  rnd28=84%(n114)  rnd29=84%(n104)  rnd3=83%(n98)  rnd4=91%(n128)  rnd5=86%(n107)  rnd6=96%(n114)  rnd7=93%(n104)  rnd8=61%(n121)  rnd9=83%(n105)
          └ 이동 분포: straight=67%  left=16%  right=17%
Ep 3400/15000 | R= 1418.7 | Fuel=685.4mL | Wait= 254s | Steps=39.5 | Reach=100% | ε=0.050 | Loss=1227.975 | t=4334s
          ├ 토폴로지 도달률(최근50): gangnam_clean_topology=100%
          ├ OD별 도달률(최근200): rnd0=85%(n104)  rnd1=90%(n115)  rnd10=93%(n112)  rnd11=85%(n88)  rnd12=98%(n108)  rnd13=85%(n110)  rnd14=80%(n127)  rnd15=92%(n117)  rnd16=98%(n120)  rnd17=86%(n111)  rnd18=94%(n125)  rnd19=74%(n104)  rnd2=95%(n105)  rnd20=77%(n111)  rnd21=65%(n110)  rnd22=86%(n132)  rnd23=68%(n117)  rnd24=8%(n115)  rnd25=86%(n114)  rnd26=95%(n113)  rnd27=69%(n105)  rnd28=85%(n118)  rnd29=84%(n105)  rnd3=84%(n104)  rnd4=92%(n136)  rnd5=87%(n114)  rnd6=97%(n118)  rnd7=94%(n109)  rnd8=62%(n124)  rnd9=83%(n109)
          └ 이동 분포: straight=69%  left=15%  right=16%
Ep 3500/15000 | R= 1282.3 | Fuel=696.5mL | Wait= 283s | Steps=39.8 | Reach=98% | ε=0.050 | Loss=1077.012 | t=4394s
          ├ 토폴로지 도달률(최근50): gangnam_clean_topology=96%
          ├ OD별 도달률(최근200): rnd0=85%(n107)  rnd1=91%(n117)  rnd10=93%(n115)  rnd11=86%(n96)  rnd12=98%(n112)  rnd13=86%(n112)  rnd14=80%(n128)  rnd15=93%(n122)  rnd16=98%(n123)  rnd17=86%(n115)  rnd18=94%(n130)  rnd19=74%(n104)  rnd2=95%(n110)  rnd20=78%(n113)  rnd21=65%(n110)  rnd22=86%(n136)  rnd23=68%(n119)  rnd24=9%(n119)  rnd25=86%(n118)  rnd26=95%(n116)  rnd27=70%(n110)  rnd28=85%(n124)  rnd29=84%(n108)  rnd3=84%(n107)  rnd4=92%(n140)  rnd5=87%(n117)  rnd6=97%(n119)  rnd7=94%(n111)  rnd8=63%(n127)  rnd9=84%(n115)
          └ 이동 분포: straight=68%  left=14%  right=18%
Ep 3600/15000 | R= 1171.8 | Fuel=754.2mL | Wait= 324s | Steps=45.0 | Reach=96% | ε=0.050 | Loss=1112.019 | t=4465s
          ├ 토폴로지 도달률(최근50): gangnam_clean_topology=92%
          ├ OD별 도달률(최근200): rnd0=86%(n113)  rnd1=91%(n121)  rnd10=93%(n118)  rnd11=87%(n99)  rnd12=98%(n117)  rnd13=86%(n112)  rnd14=80%(n132)  rnd15=93%(n125)  rnd16=98%(n128)  rnd17=86%(n117)  rnd18=94%(n134)  rnd19=75%(n107)  rnd2=96%(n114)  rnd20=78%(n116)  rnd21=67%(n114)  rnd22=86%(n140)  rnd23=69%(n124)  rnd24=10%(n124)  rnd25=87%(n120)  rnd26=95%(n117)  rnd27=71%(n113)  rnd28=86%(n127)  rnd29=85%(n112)  rnd3=84%(n109)  rnd4=92%(n142)  rnd5=88%(n120)  rnd6=97%(n125)  rnd7=94%(n113)  rnd8=63%(n128)  rnd9=85%(n119)
          └ 이동 분포: straight=67%  left=16%  right=17%
Ep 3700/15000 | R= 1231.2 | Fuel=698.1mL | Wait= 321s | Steps=41.8 | Reach=98% | ε=0.050 | Loss=1005.551 | t=4529s
          ├ 토폴로지 도달률(최근50): gangnam_clean_topology=100%
          ├ OD별 도달률(최근200): rnd0=86%(n115)  rnd1=91%(n125)  rnd10=93%(n120)  rnd11=87%(n102)  rnd12=98%(n120)  rnd13=86%(n117)  rnd14=80%(n133)  rnd15=93%(n127)  rnd16=98%(n134)  rnd17=87%(n120)  rnd18=94%(n139)  rnd19=75%(n110)  rnd2=96%(n119)  rnd20=80%(n122)  rnd21=68%(n119)  rnd22=87%(n144)  rnd23=71%(n130)  rnd24=10%(n126)  rnd25=87%(n125)  rnd26=95%(n118)  rnd27=72%(n116)  rnd28=86%(n128)  rnd29=85%(n112)  rnd3=84%(n109)  rnd4=93%(n147)  rnd5=88%(n122)  rnd6=97%(n127)  rnd7=94%(n118)  rnd8=64%(n132)  rnd9=85%(n124)
          └ 이동 분포: straight=73%  left=13%  right=14%
Ep 3800/15000 | R= 1382.3 | Fuel=697.3mL | Wait= 293s | Steps=42.6 | Reach=98% | ε=0.050 | Loss=904.790 | t=4595s
          ├ 토폴로지 도달률(최근50): gangnam_clean_topology=98%
          ├ OD별 도달률(최근200): rnd0=86%(n116)  rnd1=91%(n128)  rnd10=93%(n122)  rnd11=88%(n105)  rnd12=98%(n123)  rnd13=87%(n121)  rnd14=81%(n135)  rnd15=93%(n130)  rnd16=98%(n138)  rnd17=87%(n123)  rnd18=94%(n141)  rnd19=77%(n117)  rnd2=96%(n124)  rnd20=80%(n126)  rnd21=68%(n120)  rnd22=87%(n147)  rnd23=72%(n134)  rnd24=9%(n128)  rnd25=88%(n128)  rnd26=95%(n122)  rnd27=72%(n119)  rnd28=86%(n130)  rnd29=85%(n116)  rnd3=85%(n112)  rnd4=93%(n150)  rnd5=88%(n127)  rnd6=97%(n129)  rnd7=94%(n126)  rnd8=65%(n135)  rnd9=86%(n128)
          └ 이동 분포: straight=72%  left=13%  right=15%
Ep 3900/15000 | R= 1172.1 | Fuel=749.3mL | Wait= 345s | Steps=44.8 | Reach=96% | ε=0.050 | Loss=883.318 | t=4667s
          ├ 토폴로지 도달률(최근50): gangnam_clean_topology=94%
          ├ OD별 도달률(최근200): rnd0=87%(n120)  rnd1=92%(n132)  rnd10=94%(n128)  rnd11=87%(n109)  rnd12=98%(n128)  rnd13=87%(n124)  rnd14=81%(n138)  rnd15=93%(n134)  rnd16=98%(n142)  rnd17=87%(n126)  rnd18=94%(n142)  rnd19=77%(n118)  rnd2=96%(n127)  rnd20=81%(n130)  rnd21=69%(n123)  rnd22=87%(n151)  rnd23=72%(n137)  rnd24=9%(n131)  rnd25=88%(n132)  rnd26=95%(n125)  rnd27=72%(n120)  rnd28=87%(n134)  rnd29=86%(n118)  rnd3=85%(n117)  rnd4=93%(n152)  rnd5=88%(n130)  rnd6=97%(n132)  rnd7=95%(n130)  rnd8=66%(n137)  rnd9=86%(n133)
          └ 이동 분포: straight=65%  left=16%  right=19%
Ep 4000/15000 | R= 1391.1 | Fuel=659.6mL | Wait= 280s | Steps=39.1 | Reach=98% | ε=0.050 | Loss=859.185 | t=4728s
          ├ 토폴로지 도달률(최근50): gangnam_clean_topology=98%
          ├ OD별 도달률(최근200): rnd0=87%(n123)  rnd1=92%(n137)  rnd10=94%(n134)  rnd11=88%(n112)  rnd12=98%(n132)  rnd13=87%(n125)  rnd14=82%(n145)  rnd15=93%(n137)  rnd16=98%(n145)  rnd17=88%(n128)  rnd18=95%(n146)  rnd19=78%(n123)  rnd2=96%(n129)  rnd20=81%(n133)  rnd21=70%(n125)  rnd22=88%(n157)  rnd23=73%(n140)  rnd24=9%(n133)  rnd25=88%(n133)  rnd26=95%(n129)  rnd27=73%(n122)  rnd28=87%(n138)  rnd29=86%(n119)  rnd3=86%(n121)  rnd4=93%(n158)  rnd5=89%(n132)  rnd6=97%(n135)  rnd7=95%(n134)  rnd8=66%(n138)  rnd9=87%(n137)
          └ 이동 분포: straight=70%  left=15%  right=15%
Ep 4100/15000 | R= 1125.7 | Fuel=833.7mL | Wait= 403s | Steps=50.0 | Reach=96% | ε=0.050 | Loss=745.303 | t=4806s
          ├ 토폴로지 도달률(최근50): gangnam_clean_topology=96%
          ├ OD별 도달률(최근200): rnd0=88%(n128)  rnd1=92%(n138)  rnd10=94%(n141)  rnd11=87%(n115)  rnd12=99%(n136)  rnd13=88%(n129)  rnd14=82%(n147)  rnd15=94%(n142)  rnd16=98%(n147)  rnd17=88%(n130)  rnd18=95%(n150)  rnd19=79%(n128)  rnd2=96%(n131)  rnd20=82%(n142)  rnd21=71%(n129)  rnd22=88%(n161)  rnd23=74%(n144)  rnd24=9%(n136)  rnd25=88%(n136)  rnd26=95%(n130)  rnd27=73%(n124)  rnd28=87%(n140)  rnd29=86%(n123)  rnd3=87%(n126)  rnd4=93%(n159)  rnd5=89%(n134)  rnd6=97%(n140)  rnd7=95%(n134)  rnd8=66%(n139)  rnd9=87%(n141)
          └ 이동 분포: straight=69%  left=15%  right=16%
Ep 4200/15000 | R= 1261.1 | Fuel=749.6mL | Wait= 343s | Steps=45.3 | Reach=98% | ε=0.050 | Loss=674.470 | t=4879s
          ├ 토폴로지 도달률(최근50): gangnam_clean_topology=100%
          ├ OD별 도달률(최근200): rnd0=88%(n129)  rnd1=92%(n141)  rnd10=94%(n145)  rnd11=87%(n118)  rnd12=99%(n143)  rnd13=88%(n130)  rnd14=83%(n152)  rnd15=94%(n146)  rnd16=98%(n149)  rnd17=88%(n134)  rnd18=95%(n152)  rnd19=79%(n130)  rnd2=96%(n134)  rnd20=83%(n148)  rnd21=71%(n130)  rnd22=88%(n164)  rnd23=74%(n146)  rnd24=9%(n138)  rnd25=89%(n140)  rnd26=95%(n132)  rnd27=74%(n128)  rnd28=87%(n143)  rnd29=87%(n128)  rnd3=87%(n127)  rnd4=93%(n161)  rnd5=89%(n142)  rnd6=97%(n144)  rnd7=95%(n139)  rnd8=67%(n142)  rnd9=88%(n145)
          └ 이동 분포: straight=67%  left=16%  right=17%
Ep 4300/15000 | R= 1353.5 | Fuel=683.2mL | Wait= 299s | Steps=39.1 | Reach=97% | ε=0.050 | Loss=669.430 | t=4939s
          ├ 토폴로지 도달률(최근50): gangnam_clean_topology=98%
          ├ OD별 도달률(최근200): rnd0=88%(n133)  rnd1=92%(n143)  rnd10=95%(n150)  rnd11=88%(n123)  rnd12=99%(n149)  rnd13=88%(n135)  rnd14=83%(n155)  rnd15=94%(n149)  rnd16=98%(n151)  rnd17=88%(n141)  rnd18=95%(n155)  rnd19=80%(n134)  rnd2=96%(n140)  rnd20=83%(n151)  rnd21=72%(n134)  rnd22=89%(n166)  rnd23=75%(n150)  rnd24=9%(n140)  rnd25=89%(n142)  rnd26=95%(n132)  rnd27=74%(n129)  rnd28=88%(n147)  rnd29=87%(n130)  rnd3=87%(n127)  rnd4=93%(n165)  rnd5=90%(n144)  rnd6=97%(n151)  rnd7=95%(n142)  rnd8=68%(n146)  rnd9=88%(n146)
          └ 이동 분포: straight=69%  left=16%  right=14%
Ep 4400/15000 | R= 1427.6 | Fuel=661.5mL | Wait= 272s | Steps=40.3 | Reach=98% | ε=0.050 | Loss=650.260 | t=5003s
          ├ 토폴로지 도달률(최근50): gangnam_clean_topology=98%
          ├ OD별 도달률(최근200): rnd0=88%(n138)  rnd1=92%(n146)  rnd10=95%(n151)  rnd11=88%(n127)  rnd12=99%(n153)  rnd13=89%(n140)  rnd14=83%(n157)  rnd15=94%(n150)  rnd16=98%(n152)  rnd17=88%(n144)  rnd18=95%(n158)  rnd19=80%(n137)  rnd2=97%(n145)  rnd20=84%(n155)  rnd21=72%(n136)  rnd22=89%(n170)  rnd23=75%(n151)  rnd24=8%(n142)  rnd25=89%(n146)  rnd26=96%(n135)  rnd27=75%(n131)  rnd28=88%(n153)  rnd29=87%(n135)  rnd3=87%(n128)  rnd4=93%(n168)  rnd5=90%(n151)  rnd6=97%(n158)  rnd7=95%(n144)  rnd8=69%(n150)  rnd9=88%(n149)
          └ 이동 분포: straight=69%  left=15%  right=15%
Ep 4500/15000 | R= 1214.9 | Fuel=815.6mL | Wait= 355s | Steps=47.2 | Reach=99% | ε=0.050 | Loss=613.355 | t=5080s
          ├ 토폴로지 도달률(최근50): gangnam_clean_topology=100%
          ├ OD별 도달률(최근200): rnd0=89%(n141)  rnd1=92%(n146)  rnd10=95%(n153)  rnd11=88%(n128)  rnd12=99%(n157)  rnd13=89%(n140)  rnd14=84%(n161)  rnd15=94%(n152)  rnd16=98%(n153)  rnd17=88%(n147)  rnd18=95%(n164)  rnd19=81%(n139)  rnd2=97%(n148)  rnd20=84%(n160)  rnd21=73%(n143)  rnd22=89%(n175)  rnd23=76%(n158)  rnd24=8%(n143)  rnd25=89%(n150)  rnd26=96%(n136)  rnd27=76%(n136)  rnd28=89%(n159)  rnd29=88%(n139)  rnd3=87%(n129)  rnd4=93%(n169)  rnd5=90%(n157)  rnd6=98%(n161)  rnd7=95%(n145)  rnd8=70%(n155)  rnd9=88%(n156)
          └ 이동 분포: straight=68%  left=16%  right=16%
Ep 4600/15000 | R= 1120.2 | Fuel=774.3mL | Wait= 365s | Steps=47.4 | Reach=96% | ε=0.050 | Loss=617.142 | t=5145s
          ├ 토폴로지 도달률(최근50): gangnam_clean_topology=96%
          ├ OD별 도달률(최근200): rnd0=89%(n145)  rnd1=93%(n150)  rnd10=95%(n155)  rnd11=88%(n130)  rnd12=99%(n160)  rnd13=89%(n143)  rnd14=84%(n166)  rnd15=94%(n154)  rnd16=98%(n155)  rnd17=89%(n151)  rnd18=95%(n167)  rnd19=81%(n144)  rnd2=97%(n151)  rnd20=85%(n164)  rnd21=74%(n149)  rnd22=89%(n178)  rnd23=77%(n162)  rnd24=8%(n146)  rnd25=90%(n155)  rnd26=96%(n138)  rnd27=76%(n139)  rnd28=89%(n164)  rnd29=88%(n143)  rnd3=87%(n132)  rnd4=94%(n173)  rnd5=91%(n160)  rnd6=98%(n164)  rnd7=95%(n148)  rnd8=70%(n157)  rnd9=89%(n157)
          └ 이동 분포: straight=69%  left=15%  right=16%
Ep 4700/15000 | R= 1069.3 | Fuel=771.1mL | Wait= 353s | Steps=47.8 | Reach=95% | ε=0.050 | Loss=564.477 | t=5214s
          ├ 토폴로지 도달률(최근50): gangnam_clean_topology=92%
          ├ OD별 도달률(최근200): rnd0=89%(n149)  rnd1=93%(n153)  rnd10=95%(n157)  rnd11=88%(n133)  rnd12=99%(n163)  rnd13=89%(n145)  rnd14=84%(n171)  rnd15=94%(n157)  rnd16=98%(n156)  rnd17=89%(n156)  rnd18=95%(n169)  rnd19=82%(n146)  rnd2=97%(n153)  rnd20=85%(n165)  rnd21=75%(n152)  rnd22=90%(n183)  rnd23=78%(n171)  rnd24=8%(n147)  rnd25=90%(n157)  rnd26=96%(n141)  rnd27=76%(n143)  rnd28=89%(n171)  rnd29=88%(n147)  rnd3=87%(n134)  rnd4=94%(n177)  rnd5=91%(n165)  rnd6=98%(n167)  rnd7=95%(n151)  rnd8=71%(n160)  rnd9=89%(n161)
          └ 이동 분포: straight=67%  left=17%  right=16%
Ep 4800/15000 | R= 1237.3 | Fuel=758.6mL | Wait= 338s | Steps=44.8 | Reach=95% | ε=0.050 | Loss=662.966 | t=5280s
          ├ 토폴로지 도달률(최근50): gangnam_clean_topology=94%
          ├ OD별 도달률(최근200): rnd0=90%(n154)  rnd1=93%(n155)  rnd10=95%(n160)  rnd11=88%(n138)  rnd12=99%(n168)  rnd13=89%(n148)  rnd14=84%(n172)  rnd15=94%(n163)  rnd16=98%(n159)  rnd17=89%(n158)  rnd18=95%(n171)  rnd19=82%(n152)  rnd2=97%(n156)  rnd20=85%(n167)  rnd21=76%(n159)  rnd22=90%(n185)  rnd23=78%(n176)  rnd24=9%(n152)  rnd25=90%(n159)  rnd26=96%(n144)  rnd27=77%(n147)  rnd28=90%(n172)  rnd29=89%(n149)  rnd3=87%(n137)  rnd4=94%(n182)  rnd5=91%(n169)  rnd6=98%(n168)  rnd7=95%(n155)  rnd8=71%(n162)  rnd9=89%(n163)
          └ 이동 분포: straight=70%  left=14%  right=15%
Ep 4900/15000 | R= 1283.7 | Fuel=762.8mL | Wait= 311s | Steps=45.5 | Reach=99% | ε=0.050 | Loss=563.184 | t=5352s
          ├ 토폴로지 도달률(최근50): gangnam_clean_topology=98%
          ├ OD별 도달률(최근200): rnd0=90%(n156)  rnd1=93%(n157)  rnd10=95%(n165)  rnd11=89%(n142)  rnd12=99%(n173)  rnd13=89%(n150)  rnd14=84%(n174)  rnd15=95%(n168)  rnd16=98%(n161)  rnd17=90%(n163)  rnd18=95%(n173)  rnd19=83%(n156)  rnd2=97%(n160)  rnd20=85%(n167)  rnd21=76%(n161)  rnd22=90%(n189)  rnd23=79%(n181)  rnd24=10%(n155)  rnd25=90%(n161)  rnd26=96%(n145)  rnd27=77%(n151)  rnd28=90%(n174)  rnd29=89%(n154)  rnd3=87%(n143)  rnd4=94%(n186)  rnd5=91%(n173)  rnd6=98%(n170)  rnd7=96%(n162)  rnd8=71%(n164)  rnd9=89%(n166)
          └ 이동 분포: straight=67%  left=17%  right=16%
Ep 5000/15000 | R= 1208.1 | Fuel=735.0mL | Wait= 316s | Steps=43.2 | Reach=96% | ε=0.050 | Loss=524.102 | t=5411s
          ├ 토폴로지 도달률(최근50): gangnam_clean_topology=92%
          ├ OD별 도달률(최근200): rnd0=90%(n159)  rnd1=93%(n163)  rnd10=95%(n167)  rnd11=88%(n147)  rnd12=99%(n178)  rnd13=90%(n157)  rnd14=84%(n175)  rnd15=95%(n172)  rnd16=98%(n165)  rnd17=90%(n165)  rnd18=95%(n175)  rnd19=83%(n158)  rnd2=97%(n165)  rnd20=85%(n169)  rnd21=77%(n164)  rnd22=90%(n193)  rnd23=79%(n183)  rnd24=10%(n157)  rnd25=90%(n163)  rnd26=96%(n147)  rnd27=78%(n156)  rnd28=90%(n178)  rnd29=89%(n158)  rnd3=88%(n147)  rnd4=94%(n192)  rnd5=92%(n178)  rnd6=98%(n171)  rnd7=96%(n164)  rnd8=71%(n167)  rnd9=89%(n167)
          └ 이동 분포: straight=68%  left=16%  right=16%
  [체크포인트] model_rl_base_ep5000.pth
Ep 5100/15000 | R= 1127.6 | Fuel=826.5mL | Wait= 356s | Steps=47.7 | Reach=94% | ε=0.050 | Loss=521.273 | t=5483s
          ├ 토폴로지 도달률(최근50): gangnam_clean_topology=90%
          ├ OD별 도달률(최근200): rnd0=90%(n163)  rnd1=93%(n167)  rnd10=95%(n168)  rnd11=89%(n149)  rnd12=99%(n180)  rnd13=90%(n157)  rnd14=84%(n178)  rnd15=95%(n175)  rnd16=98%(n167)  rnd17=90%(n168)  rnd18=95%(n179)  rnd19=84%(n164)  rnd2=97%(n166)  rnd20=85%(n172)  rnd21=77%(n166)  rnd22=92%(n200)  rnd23=80%(n189)  rnd24=10%(n164)  rnd25=90%(n167)  rnd26=96%(n152)  rnd27=79%(n160)  rnd28=90%(n182)  rnd29=89%(n161)  rnd3=88%(n150)  rnd4=94%(n194)  rnd5=92%(n180)  rnd6=98%(n174)  rnd7=96%(n166)  rnd8=72%(n170)  rnd9=89%(n170)
          └ 이동 분포: straight=68%  left=14%  right=18%
Ep 5200/15000 | R= 1241.8 | Fuel=738.6mL | Wait= 331s | Steps=42.3 | Reach=98% | ε=0.050 | Loss=517.180 | t=5548s
          ├ 토폴로지 도달률(최근50): gangnam_clean_topology=98%
          ├ OD별 도달률(최근200): rnd0=91%(n170)  rnd1=94%(n170)  rnd10=95%(n169)  rnd11=89%(n151)  rnd12=99%(n186)  rnd13=90%(n157)  rnd14=84%(n180)  rnd15=95%(n180)  rnd16=98%(n170)  rnd17=90%(n173)  rnd18=95%(n183)  rnd19=84%(n168)  rnd2=97%(n169)  rnd20=86%(n176)  rnd21=77%(n168)  rnd22=92%(n200)  rnd23=80%(n192)  rnd24=10%(n165)  rnd25=91%(n169)  rnd26=96%(n156)  rnd27=79%(n162)  rnd28=90%(n186)  rnd29=90%(n163)  rnd3=88%(n154)  rnd4=94%(n198)  rnd5=92%(n182)  rnd6=98%(n178)  rnd7=96%(n172)  rnd8=72%(n171)  rnd9=90%(n178)
          └ 이동 분포: straight=67%  left=15%  right=17%
Ep 5300/15000 | R= 1182.1 | Fuel=830.7mL | Wait= 383s | Steps=50.2 | Reach=96% | ε=0.050 | Loss=560.039 | t=5622s
          ├ 토폴로지 도달률(최근50): gangnam_clean_topology=94%
          ├ OD별 도달률(최근200): rnd0=91%(n172)  rnd1=94%(n172)  rnd10=95%(n170)  rnd11=89%(n154)  rnd12=99%(n189)  rnd13=90%(n160)  rnd14=85%(n183)  rnd15=95%(n182)  rnd16=98%(n175)  rnd17=90%(n177)  rnd18=95%(n185)  rnd19=84%(n174)  rnd2=97%(n170)  rnd20=86%(n181)  rnd21=77%(n171)  rnd22=95%(n200)  rnd23=81%(n198)  rnd24=11%(n170)  rnd25=91%(n175)  rnd26=96%(n161)  rnd27=79%(n164)  rnd28=90%(n186)  rnd29=90%(n169)  rnd3=89%(n158)  rnd4=94%(n200)  rnd5=92%(n187)  rnd6=98%(n180)  rnd7=96%(n176)  rnd8=72%(n173)  rnd9=90%(n179)
          └ 이동 분포: straight=68%  left=16%  right=17%
Ep 5400/15000 | R= 1216.9 | Fuel=854.2mL | Wait= 371s | Steps=48.9 | Reach=98% | ε=0.050 | Loss=448.328 | t=5693s
          ├ 토폴로지 도달률(최근50): gangnam_clean_topology=100%
          ├ OD별 도달률(최근200): rnd0=91%(n177)  rnd1=94%(n174)  rnd10=95%(n174)  rnd11=89%(n157)  rnd12=99%(n191)  rnd13=90%(n162)  rnd14=85%(n188)  rnd15=95%(n183)  rnd16=98%(n177)  rnd17=91%(n183)  rnd18=95%(n186)  rnd19=85%(n177)  rnd2=97%(n170)  rnd20=87%(n188)  rnd21=76%(n174)  rnd22=96%(n200)  rnd23=83%(n200)  rnd24=12%(n173)  rnd25=91%(n180)  rnd26=96%(n164)  rnd27=80%(n166)  rnd28=91%(n190)  rnd29=90%(n175)  rnd3=89%(n162)  rnd4=95%(n200)  rnd5=92%(n189)  rnd6=98%(n182)  rnd7=96%(n182)  rnd8=73%(n177)  rnd9=90%(n183)
          └ 이동 분포: straight=66%  left=16%  right=18%
Ep 5500/15000 | R= 1400.9 | Fuel=733.8mL | Wait= 315s | Steps=42.2 | Reach=100% | ε=0.050 | Loss=470.748 | t=5754s
          ├ 토폴로지 도달률(최근50): gangnam_clean_topology=100%
          ├ OD별 도달률(최근200): rnd0=91%(n180)  rnd1=94%(n178)  rnd10=95%(n177)  rnd11=89%(n159)  rnd12=99%(n194)  rnd13=90%(n165)  rnd14=85%(n190)  rnd15=95%(n188)  rnd16=98%(n180)  rnd17=91%(n185)  rnd18=95%(n189)  rnd19=85%(n181)  rnd2=97%(n170)  rnd20=87%(n193)  rnd21=77%(n178)  rnd22=98%(n200)  rnd23=84%(n200)  rnd24=14%(n176)  rnd25=91%(n184)  rnd26=96%(n166)  rnd27=80%(n168)  rnd28=91%(n194)  rnd29=91%(n179)  rnd3=89%(n166)  rnd4=99%(n200)  rnd5=92%(n193)  rnd6=98%(n184)  rnd7=96%(n184)  rnd8=73%(n180)  rnd9=90%(n186)
          └ 이동 분포: straight=70%  left=15%  right=15%
Ep 5600/15000 | R= 1405.9 | Fuel=733.3mL | Wait= 307s | Steps=42.3 | Reach=100% | ε=0.050 | Loss=464.063 | t=5819s
          ├ 토폴로지 도달률(최근50): gangnam_clean_topology=100%
          ├ OD별 도달률(최근200): rnd0=91%(n186)  rnd1=94%(n183)  rnd10=96%(n180)  rnd11=90%(n164)  rnd12=99%(n197)  rnd13=91%(n169)  rnd14=85%(n192)  rnd15=95%(n191)  rnd16=98%(n185)  rnd17=91%(n189)  rnd18=95%(n193)  rnd19=85%(n185)  rnd2=97%(n175)  rnd20=87%(n197)  rnd21=77%(n181)  rnd22=99%(n200)  rnd23=84%(n200)  rnd24=15%(n179)  rnd25=91%(n188)  rnd26=96%(n169)  rnd27=80%(n169)  rnd28=91%(n196)  rnd29=91%(n183)  rnd3=89%(n168)  rnd4=100%(n200)  rnd5=92%(n195)  rnd6=98%(n186)  rnd7=96%(n188)  rnd8=74%(n182)  rnd9=90%(n189)
          └ 이동 분포: straight=70%  left=14%  right=16%
Ep 5700/15000 | R= 1380.2 | Fuel=752.6mL | Wait= 338s | Steps=45.7 | Reach=100% | ε=0.050 | Loss=460.574 | t=5889s
          ├ 토폴로지 도달률(최근50): gangnam_clean_topology=100%
          ├ OD별 도달률(최근200): rnd0=92%(n191)  rnd1=94%(n184)  rnd10=96%(n183)  rnd11=90%(n165)  rnd12=99%(n200)  rnd13=91%(n169)  rnd14=86%(n194)  rnd15=95%(n197)  rnd16=98%(n189)  rnd17=91%(n191)  rnd18=95%(n196)  rnd19=86%(n189)  rnd2=97%(n178)  rnd20=88%(n200)  rnd21=77%(n182)  rnd22=100%(n200)  rnd23=86%(n200)  rnd24=17%(n184)  rnd25=92%(n193)  rnd26=97%(n173)  rnd27=80%(n173)  rnd28=91%(n200)  rnd29=91%(n184)  rnd3=90%(n173)  rnd4=100%(n200)  rnd5=92%(n198)  rnd6=98%(n186)  rnd7=96%(n197)  rnd8=74%(n183)  rnd9=91%(n193)
          └ 이동 분포: straight=70%  left=15%  right=15%
Ep 5800/15000 | R= 1310.3 | Fuel=807.4mL | Wait= 317s | Steps=45.8 | Reach=99% | ε=0.050 | Loss=385.539 | t=5959s
          ├ 토폴로지 도달률(최근50): gangnam_clean_topology=98%
          ├ OD별 도달률(최근200): rnd0=92%(n194)  rnd1=94%(n189)  rnd10=96%(n188)  rnd11=90%(n172)  rnd12=100%(n200)  rnd13=91%(n174)  rnd14=86%(n195)  rnd15=96%(n200)  rnd16=98%(n190)  rnd17=91%(n194)  rnd18=95%(n198)  rnd19=86%(n191)  rnd2=97%(n181)  rnd20=92%(n200)  rnd21=78%(n188)  rnd22=100%(n200)  rnd23=88%(n200)  rnd24=18%(n187)  rnd25=92%(n197)  rnd26=97%(n176)  rnd27=81%(n176)  rnd28=92%(n200)  rnd29=91%(n188)  rnd3=90%(n176)  rnd4=100%(n200)  rnd5=94%(n200)  rnd6=98%(n187)  rnd7=96%(n200)  rnd8=74%(n188)  rnd9=91%(n194)
          └ 이동 분포: straight=70%  left=16%  right=15%
Ep 5900/15000 | R= 1126.7 | Fuel=835.5mL | Wait= 431s | Steps=48.8 | Reach=97% | ε=0.050 | Loss=444.653 | t=6031s
          ├ 토폴로지 도달률(최근50): gangnam_clean_topology=96%
          ├ OD별 도달률(최근200): rnd0=92%(n198)  rnd1=94%(n191)  rnd10=96%(n192)  rnd11=90%(n172)  rnd12=100%(n200)  rnd13=91%(n177)  rnd14=86%(n195)  rnd15=96%(n200)  rnd16=98%(n192)  rnd17=91%(n198)  rnd18=96%(n200)  rnd19=86%(n194)  rnd2=97%(n183)  rnd20=94%(n200)  rnd21=79%(n192)  rnd22=100%(n200)  rnd23=90%(n200)  rnd24=21%(n194)  rnd25=92%(n199)  rnd26=97%(n178)  rnd27=81%(n179)  rnd28=94%(n200)  rnd29=91%(n191)  rnd3=90%(n178)  rnd4=100%(n200)  rnd5=96%(n200)  rnd6=98%(n196)  rnd7=98%(n200)  rnd8=75%(n191)  rnd9=91%(n198)
          └ 이동 분포: straight=64%  left=16%  right=20%
Ep 6000/15000 | R= 1442.4 | Fuel=701.3mL | Wait= 264s | Steps=38.8 | Reach=99% | ε=0.050 | Loss=424.112 | t=6087s
          ├ 토폴로지 도달률(최근50): gangnam_clean_topology=100%
          ├ OD별 도달률(최근200): rnd0=92%(n199)  rnd1=94%(n197)  rnd10=96%(n198)  rnd11=90%(n174)  rnd12=100%(n200)  rnd13=91%(n177)  rnd14=86%(n197)  rnd15=98%(n200)  rnd16=98%(n194)  rnd17=93%(n200)  rnd18=96%(n200)  rnd19=86%(n197)  rnd2=97%(n185)  rnd20=96%(n200)  rnd21=79%(n196)  rnd22=100%(n200)  rnd23=92%(n200)  rnd24=21%(n194)  rnd25=94%(n200)  rnd26=97%(n178)  rnd27=81%(n181)  rnd28=96%(n200)  rnd29=91%(n196)  rnd3=90%(n186)  rnd4=100%(n200)  rnd5=96%(n200)  rnd6=98%(n198)  rnd7=98%(n200)  rnd8=75%(n194)  rnd9=91%(n200)
          └ 이동 분포: straight=67%  left=16%  right=17%
Ep 6100/15000 | R= 1394.3 | Fuel=744.9mL | Wait= 337s | Steps=41.3 | Reach=99% | ε=0.050 | Loss=449.353 | t=6149s
          ├ 토폴로지 도달률(최근50): gangnam_clean_topology=100%
          ├ OD별 도달률(최근200): rnd0=93%(n200)  rnd1=94%(n200)  rnd10=97%(n200)  rnd11=90%(n178)  rnd12=100%(n200)  rnd13=91%(n181)  rnd14=86%(n199)  rnd15=98%(n200)  rnd16=98%(n196)  rnd17=94%(n200)  rnd18=96%(n200)  rnd19=87%(n200)  rnd2=97%(n189)  rnd20=96%(n200)  rnd21=80%(n200)  rnd22=100%(n200)  rnd23=93%(n200)  rnd24=21%(n197)  rnd25=95%(n200)  rnd26=97%(n181)  rnd27=81%(n183)  rnd28=97%(n200)  rnd29=91%(n199)  rnd3=90%(n193)  rnd4=100%(n200)  rnd5=96%(n200)  rnd6=99%(n200)  rnd7=100%(n200)  rnd8=76%(n196)  rnd9=92%(n200)
          └ 이동 분포: straight=70%  left=15%  right=15%
Ep 6200/15000 | R= 1336.3 | Fuel=792.4mL | Wait= 320s | Steps=46.1 | Reach=99% | ε=0.050 | Loss=394.627 | t=6216s
          ├ 토폴로지 도달률(최근50): gangnam_clean_topology=98%
          ├ OD별 도달률(최근200): rnd0=96%(n200)  rnd1=96%(n200)  rnd10=97%(n200)  rnd11=91%(n185)  rnd12=100%(n200)  rnd13=91%(n182)  rnd14=88%(n200)  rnd15=100%(n200)  rnd16=98%(n198)  rnd17=94%(n200)  rnd18=96%(n200)  rnd19=90%(n200)  rnd2=97%(n193)  rnd20=96%(n200)  rnd21=81%(n200)  rnd22=100%(n200)  rnd23=94%(n200)  rnd24=22%(n200)  rnd25=96%(n200)  rnd26=97%(n186)  rnd27=82%(n185)  rnd28=98%(n200)  rnd29=94%(n200)  rnd3=90%(n195)  rnd4=100%(n200)  rnd5=96%(n200)  rnd6=99%(n200)  rnd7=100%(n200)  rnd8=76%(n200)  rnd9=92%(n200)
          └ 이동 분포: straight=70%  left=15%  right=15%
Ep 6300/15000 | R= 1388.8 | Fuel=722.5mL | Wait= 331s | Steps=43.2 | Reach=99% | ε=0.050 | Loss=416.070 | t=6276s
          ├ 토폴로지 도달률(최근50): gangnam_clean_topology=100%
          ├ OD별 도달률(최근200): rnd0=98%(n200)  rnd1=96%(n200)  rnd10=98%(n200)  rnd11=91%(n186)  rnd12=100%(n200)  rnd13=91%(n184)  rnd14=90%(n200)  rnd15=100%(n200)  rnd16=99%(n200)  rnd17=96%(n200)  rnd18=96%(n200)  rnd19=91%(n200)  rnd2=97%(n196)  rnd20=97%(n200)  rnd21=81%(n200)  rnd22=100%(n200)  rnd23=94%(n200)  rnd24=24%(n200)  rnd25=98%(n200)  rnd26=97%(n189)  rnd27=82%(n189)  rnd28=100%(n200)  rnd29=94%(n200)  rnd3=90%(n198)  rnd4=100%(n200)  rnd5=98%(n200)  rnd6=100%(n200)  rnd7=100%(n200)  rnd8=78%(n200)  rnd9=92%(n200)
          └ 이동 분포: straight=68%  left=16%  right=17%
Ep 6400/15000 | R= 1306.2 | Fuel=807.9mL | Wait= 313s | Steps=46.9 | Reach=99% | ε=0.050 | Loss=399.536 | t=6343s
          ├ 토폴로지 도달률(최근50): gangnam_clean_topology=100%
          ├ OD별 도달률(최근200): rnd0=99%(n200)  rnd1=98%(n200)  rnd10=98%(n200)  rnd11=91%(n193)  rnd12=100%(n200)  rnd13=91%(n186)  rnd14=90%(n200)  rnd15=100%(n200)  rnd16=99%(n200)  rnd17=97%(n200)  rnd18=96%(n200)  rnd19=94%(n200)  rnd2=98%(n200)  rnd20=98%(n200)  rnd21=82%(n200)  rnd22=100%(n200)  rnd23=96%(n200)  rnd24=24%(n200)  rnd25=99%(n200)  rnd26=97%(n192)  rnd27=82%(n194)  rnd28=100%(n200)  rnd29=94%(n200)  rnd3=92%(n200)  rnd4=100%(n200)  rnd5=99%(n200)  rnd6=100%(n200)  rnd7=100%(n200)  rnd8=80%(n200)  rnd9=94%(n200)
          └ 이동 분포: straight=68%  left=15%  right=18%
Ep 6500/15000 | R= 1490.8 | Fuel=674.5mL | Wait= 290s | Steps=38.2 | Reach=100% | ε=0.050 | Loss=401.503 | t=6404s
          ├ 토폴로지 도달률(최근50): gangnam_clean_topology=100%
          ├ OD별 도달률(최근200): rnd0=99%(n200)  rnd1=98%(n200)  rnd10=98%(n200)  rnd11=91%(n197)  rnd12=100%(n200)  rnd13=92%(n193)  rnd14=90%(n200)  rnd15=100%(n200)  rnd16=100%(n200)  rnd17=98%(n200)  rnd18=96%(n200)  rnd19=96%(n200)  rnd2=98%(n200)  rnd20=98%(n200)  rnd21=82%(n200)  rnd22=100%(n200)  rnd23=96%(n200)  rnd24=26%(n200)  rnd25=100%(n200)  rnd26=97%(n195)  rnd27=83%(n196)  rnd28=100%(n200)  rnd29=96%(n200)  rnd3=94%(n200)  rnd4=100%(n200)  rnd5=100%(n200)  rnd6=100%(n200)  rnd7=100%(n200)  rnd8=82%(n200)  rnd9=96%(n200)
          └ 이동 분포: straight=70%  left=14%  right=16%
Ep 6600/15000 | R= 1273.5 | Fuel=778.5mL | Wait= 355s | Steps=49.4 | Reach=99% | ε=0.050 | Loss=398.039 | t=6477s
          ├ 토폴로지 도달률(최근50): gangnam_clean_topology=98%
          ├ OD별 도달률(최근200): rnd0=99%(n200)  rnd1=98%(n200)  rnd10=98%(n200)  rnd11=91%(n198)  rnd12=100%(n200)  rnd13=92%(n198)  rnd14=90%(n200)  rnd15=100%(n200)  rnd16=100%(n200)  rnd17=98%(n200)  rnd18=96%(n200)  rnd19=100%(n200)  rnd2=100%(n200)  rnd20=98%(n200)  rnd21=82%(n200)  rnd22=100%(n200)  rnd23=98%(n200)  rnd24=26%(n200)  rnd25=100%(n200)  rnd26=97%(n200)  rnd27=83%(n200)  rnd28=100%(n200)  rnd29=97%(n200)  rnd3=94%(n200)  rnd4=100%(n200)  rnd5=100%(n200)  rnd6=100%(n200)  rnd7=100%(n200)  rnd8=84%(n200)  rnd9=97%(n200)
          └ 이동 분포: straight=69%  left=15%  right=17%
Ep 6700/15000 | R= 1434.4 | Fuel=694.7mL | Wait= 291s | Steps=38.9 | Reach=98% | ε=0.050 | Loss=412.526 | t=6531s
          ├ 토폴로지 도달률(최근50): gangnam_clean_topology=96%
          ├ OD별 도달률(최근200): rnd0=99%(n200)  rnd1=99%(n200)  rnd10=98%(n200)  rnd11=92%(n200)  rnd12=100%(n200)  rnd13=92%(n198)  rnd14=90%(n200)  rnd15=100%(n200)  rnd16=100%(n200)  rnd17=98%(n200)  rnd18=96%(n200)  rnd19=100%(n200)  rnd2=100%(n200)  rnd20=98%(n200)  rnd21=82%(n200)  rnd22=100%(n200)  rnd23=98%(n200)  rnd24=27%(n200)  rnd25=100%(n200)  rnd26=98%(n200)  rnd27=86%(n200)  rnd28=100%(n200)  rnd29=98%(n200)  rnd3=96%(n200)  rnd4=100%(n200)  rnd5=100%(n200)  rnd6=100%(n200)  rnd7=100%(n200)  rnd8=85%(n200)  rnd9=98%(n200)
          └ 이동 분포: straight=69%  left=14%  right=17%
Ep 6800/15000 | R= 1401.0 | Fuel=724.0mL | Wait= 330s | Steps=42.5 | Reach=99% | ε=0.050 | Loss=366.887 | t=6593s
          ├ 토폴로지 도달률(최근50): gangnam_clean_topology=98%
          ├ OD별 도달률(최근200): rnd0=99%(n200)  rnd1=99%(n200)  rnd10=98%(n200)  rnd11=93%(n200)  rnd12=100%(n200)  rnd13=93%(n200)  rnd14=90%(n200)  rnd15=100%(n200)  rnd16=100%(n200)  rnd17=98%(n200)  rnd18=96%(n200)  rnd19=100%(n200)  rnd2=100%(n200)  rnd20=98%(n200)  rnd21=82%(n200)  rnd22=100%(n200)  rnd23=98%(n200)  rnd24=28%(n200)  rnd25=100%(n200)  rnd26=100%(n200)  rnd27=87%(n200)  rnd28=100%(n200)  rnd29=99%(n200)  rnd3=96%(n200)  rnd4=100%(n200)  rnd5=100%(n200)  rnd6=100%(n200)  rnd7=100%(n200)  rnd8=87%(n200)  rnd9=98%(n200)
          └ 이동 분포: straight=69%  left=15%  right=16%
Ep 6900/15000 | R= 1334.4 | Fuel=766.3mL | Wait= 291s | Steps=42.0 | Reach=99% | ε=0.050 | Loss=378.660 | t=6656s
          ├ 토폴로지 도달률(최근50): gangnam_clean_topology=100%
          ├ OD별 도달률(최근200): rnd0=100%(n200)  rnd1=100%(n200)  rnd10=98%(n200)  rnd11=95%(n200)  rnd12=100%(n200)  rnd13=95%(n200)  rnd14=91%(n200)  rnd15=100%(n200)  rnd16=100%(n200)  rnd17=98%(n200)  rnd18=96%(n200)  rnd19=100%(n200)  rnd2=100%(n200)  rnd20=99%(n200)  rnd21=83%(n200)  rnd22=100%(n200)  rnd23=99%(n200)  rnd24=29%(n200)  rnd25=100%(n200)  rnd26=100%(n200)  rnd27=89%(n200)  rnd28=100%(n200)  rnd29=99%(n200)  rnd3=96%(n200)  rnd4=100%(n200)  rnd5=100%(n200)  rnd6=100%(n200)  rnd7=100%(n200)  rnd8=90%(n200)  rnd9=98%(n200)
          └ 이동 분포: straight=68%  left=15%  right=17%
Ep 7000/15000 | R= 1345.0 | Fuel=799.9mL | Wait= 343s | Steps=45.9 | Reach=100% | ε=0.050 | Loss=292.412 | t=6725s
          ├ 토폴로지 도달률(최근50): gangnam_clean_topology=100%
          ├ OD별 도달률(최근200): rnd0=100%(n200)  rnd1=100%(n200)  rnd10=99%(n200)  rnd11=96%(n200)  rnd12=100%(n200)  rnd13=97%(n200)  rnd14=91%(n200)  rnd15=100%(n200)  rnd16=100%(n200)  rnd17=98%(n200)  rnd18=96%(n200)  rnd19=100%(n200)  rnd2=100%(n200)  rnd20=100%(n200)  rnd21=86%(n200)  rnd22=100%(n200)  rnd23=99%(n200)  rnd24=31%(n200)  rnd25=100%(n200)  rnd26=100%(n200)  rnd27=92%(n200)  rnd28=100%(n200)  rnd29=99%(n200)  rnd3=96%(n200)  rnd4=100%(n200)  rnd5=100%(n200)  rnd6=100%(n200)  rnd7=100%(n200)  rnd8=90%(n200)  rnd9=98%(n200)
          └ 이동 분포: straight=70%  left=15%  right=16%
Ep 7100/15000 | R= 1419.3 | Fuel=733.6mL | Wait= 310s | Steps=41.3 | Reach=100% | ε=0.050 | Loss=318.774 | t=6785s
          ├ 토폴로지 도달률(최근50): gangnam_clean_topology=100%
          ├ OD별 도달률(최근200): rnd0=100%(n200)  rnd1=100%(n200)  rnd10=100%(n200)  rnd11=96%(n200)  rnd12=100%(n200)  rnd13=98%(n200)  rnd14=92%(n200)  rnd15=100%(n200)  rnd16=100%(n200)  rnd17=98%(n200)  rnd18=96%(n200)  rnd19=100%(n200)  rnd2=100%(n200)  rnd20=100%(n200)  rnd21=88%(n200)  rnd22=100%(n200)  rnd23=99%(n200)  rnd24=32%(n200)  rnd25=100%(n200)  rnd26=100%(n200)  rnd27=93%(n200)  rnd28=100%(n200)  rnd29=99%(n200)  rnd3=96%(n200)  rnd4=100%(n200)  rnd5=100%(n200)  rnd6=100%(n200)  rnd7=100%(n200)  rnd8=90%(n200)  rnd9=98%(n200)
          └ 이동 분포: straight=69%  left=14%  right=17%
Ep 7200/15000 | R= 1385.3 | Fuel=734.6mL | Wait= 307s | Steps=39.9 | Reach=98% | ε=0.050 | Loss=316.463 | t=6838s
          ├ 토폴로지 도달률(최근50): gangnam_clean_topology=100%
          ├ OD별 도달률(최근200): rnd0=100%(n200)  rnd1=100%(n200)  rnd10=100%(n200)  rnd11=96%(n200)  rnd12=100%(n200)  rnd13=98%(n200)  rnd14=92%(n200)  rnd15=100%(n200)  rnd16=100%(n200)  rnd17=99%(n200)  rnd18=96%(n200)  rnd19=100%(n200)  rnd2=100%(n200)  rnd20=100%(n200)  rnd21=88%(n200)  rnd22=100%(n200)  rnd23=99%(n200)  rnd24=33%(n200)  rnd25=100%(n200)  rnd26=100%(n200)  rnd27=94%(n200)  rnd28=100%(n200)  rnd29=99%(n200)  rnd3=96%(n200)  rnd4=100%(n200)  rnd5=100%(n200)  rnd6=100%(n200)  rnd7=100%(n200)  rnd8=90%(n200)  rnd9=97%(n200)
          └ 이동 분포: straight=68%  left=15%  right=17%
Ep 7300/15000 | R= 1368.5 | Fuel=768.6mL | Wait= 306s | Steps=42.6 | Reach=100% | ε=0.050 | Loss=313.453 | t=6904s
          ├ 토폴로지 도달률(최근50): gangnam_clean_topology=100%
          ├ OD별 도달률(최근200): rnd0=100%(n200)  rnd1=100%(n200)  rnd10=100%(n200)  rnd11=96%(n200)  rnd12=100%(n200)  rnd13=98%(n200)  rnd14=93%(n200)  rnd15=100%(n200)  rnd16=100%(n200)  rnd17=99%(n200)  rnd18=96%(n200)  rnd19=100%(n200)  rnd2=100%(n200)  rnd20=100%(n200)  rnd21=88%(n200)  rnd22=100%(n200)  rnd23=99%(n200)  rnd24=34%(n200)  rnd25=100%(n200)  rnd26=100%(n200)  rnd27=96%(n200)  rnd28=100%(n200)  rnd29=99%(n200)  rnd3=96%(n200)  rnd4=100%(n200)  rnd5=100%(n200)  rnd6=100%(n200)  rnd7=100%(n200)  rnd8=92%(n200)  rnd9=97%(n200)
          └ 이동 분포: straight=68%  left=16%  right=16%
Ep 7400/15000 | R= 1444.5 | Fuel=709.1mL | Wait= 280s | Steps=39.6 | Reach=100% | ε=0.050 | Loss=295.787 | t=6966s
          ├ 토폴로지 도달률(최근50): gangnam_clean_topology=100%
          ├ OD별 도달률(최근200): rnd0=100%(n200)  rnd1=100%(n200)  rnd10=100%(n200)  rnd11=96%(n200)  rnd12=100%(n200)  rnd13=98%(n200)  rnd14=94%(n200)  rnd15=100%(n200)  rnd16=100%(n200)  rnd17=99%(n200)  rnd18=97%(n200)  rnd19=100%(n200)  rnd2=100%(n200)  rnd20=100%(n200)  rnd21=88%(n200)  rnd22=100%(n200)  rnd23=99%(n200)  rnd24=34%(n200)  rnd25=100%(n200)  rnd26=100%(n200)  rnd27=97%(n200)  rnd28=100%(n200)  rnd29=99%(n200)  rnd3=96%(n200)  rnd4=100%(n200)  rnd5=100%(n200)  rnd6=100%(n200)  rnd7=100%(n200)  rnd8=92%(n200)  rnd9=97%(n200)
          └ 이동 분포: straight=70%  left=15%  right=16%
Ep 7500/15000 | R= 1422.2 | Fuel=745.7mL | Wait= 305s | Steps=40.1 | Reach=100% | ε=0.050 | Loss=267.706 | t=7023s
          ├ 토폴로지 도달률(최근50): gangnam_clean_topology=100%
          ├ OD별 도달률(최근200): rnd0=100%(n200)  rnd1=100%(n200)  rnd10=100%(n200)  rnd11=96%(n200)  rnd12=100%(n200)  rnd13=99%(n200)  rnd14=94%(n200)  rnd15=100%(n200)  rnd16=100%(n200)  rnd17=100%(n200)  rnd18=97%(n200)  rnd19=100%(n200)  rnd2=100%(n200)  rnd20=100%(n200)  rnd21=90%(n200)  rnd22=100%(n200)  rnd23=99%(n200)  rnd24=36%(n200)  rnd25=100%(n200)  rnd26=100%(n200)  rnd27=97%(n200)  rnd28=100%(n200)  rnd29=99%(n200)  rnd3=98%(n200)  rnd4=100%(n200)  rnd5=100%(n200)  rnd6=100%(n200)  rnd7=100%(n200)  rnd8=92%(n200)  rnd9=98%(n200)
          └ 이동 분포: straight=71%  left=14%  right=16%
  [체크포인트] model_rl_base_ep7500.pth
Ep 7600/15000 | R= 1397.4 | Fuel=723.6mL | Wait= 309s | Steps=41.1 | Reach=99% | ε=0.050 | Loss=264.773 | t=7085s
          ├ 토폴로지 도달률(최근50): gangnam_clean_topology=98%
          ├ OD별 도달률(최근200): rnd0=100%(n200)  rnd1=100%(n200)  rnd10=100%(n200)  rnd11=96%(n200)  rnd12=100%(n200)  rnd13=100%(n200)  rnd14=94%(n200)  rnd15=100%(n200)  rnd16=100%(n200)  rnd17=100%(n200)  rnd18=97%(n200)  rnd19=100%(n200)  rnd2=100%(n200)  rnd20=100%(n200)  rnd21=92%(n200)  rnd22=100%(n200)  rnd23=100%(n200)  rnd24=37%(n200)  rnd25=100%(n200)  rnd26=100%(n200)  rnd27=98%(n200)  rnd28=100%(n200)  rnd29=99%(n200)  rnd3=98%(n200)  rnd4=100%(n200)  rnd5=100%(n200)  rnd6=100%(n200)  rnd7=100%(n200)  rnd8=95%(n200)  rnd9=98%(n200)
          └ 이동 분포: straight=68%  left=14%  right=18%
Ep 7700/15000 | R= 1497.5 | Fuel=666.4mL | Wait= 270s | Steps=38.8 | Reach=100% | ε=0.050 | Loss=249.812 | t=7140s
          ├ 토폴로지 도달률(최근50): gangnam_clean_topology=100%
          ├ OD별 도달률(최근200): rnd0=100%(n200)  rnd1=100%(n200)  rnd10=100%(n200)  rnd11=96%(n200)  rnd12=100%(n200)  rnd13=100%(n200)  rnd14=95%(n200)  rnd15=100%(n200)  rnd16=100%(n200)  rnd17=100%(n200)  rnd18=97%(n200)  rnd19=100%(n200)  rnd2=100%(n200)  rnd20=100%(n200)  rnd21=92%(n200)  rnd22=100%(n200)  rnd23=100%(n200)  rnd24=38%(n200)  rnd25=100%(n200)  rnd26=100%(n200)  rnd27=98%(n200)  rnd28=100%(n200)  rnd29=99%(n200)  rnd3=98%(n200)  rnd4=100%(n200)  rnd5=100%(n200)  rnd6=100%(n200)  rnd7=100%(n200)  rnd8=96%(n200)  rnd9=98%(n200)
          └ 이동 분포: straight=70%  left=15%  right=15%
Ep 7800/15000 | R= 1239.3 | Fuel=850.9mL | Wait= 366s | Steps=49.3 | Reach=99% | ε=0.050 | Loss=252.739 | t=7215s
          ├ 토폴로지 도달률(최근50): gangnam_clean_topology=98%
          ├ OD별 도달률(최근200): rnd0=100%(n200)  rnd1=100%(n200)  rnd10=100%(n200)  rnd11=96%(n200)  rnd12=100%(n200)  rnd13=100%(n200)  rnd14=96%(n200)  rnd15=100%(n200)  rnd16=100%(n200)  rnd17=100%(n200)  rnd18=97%(n200)  rnd19=100%(n200)  rnd2=100%(n200)  rnd20=100%(n200)  rnd21=94%(n200)  rnd22=100%(n200)  rnd23=100%(n200)  rnd24=40%(n200)  rnd25=100%(n200)  rnd26=100%(n200)  rnd27=98%(n200)  rnd28=100%(n200)  rnd29=99%(n200)  rnd3=98%(n200)  rnd4=100%(n200)  rnd5=100%(n200)  rnd6=100%(n200)  rnd7=100%(n200)  rnd8=96%(n200)  rnd9=98%(n200)
          └ 이동 분포: straight=69%  left=15%  right=16%
Ep 7900/15000 | R= 1368.2 | Fuel=743.3mL | Wait= 318s | Steps=45.2 | Reach=99% | ε=0.050 | Loss=247.437 | t=7281s
          ├ 토폴로지 도달률(최근50): gangnam_clean_topology=98%
          ├ OD별 도달률(최근200): rnd0=100%(n200)  rnd1=100%(n200)  rnd10=100%(n200)  rnd11=96%(n200)  rnd12=100%(n200)  rnd13=100%(n200)  rnd14=96%(n200)  rnd15=100%(n200)  rnd16=100%(n200)  rnd17=100%(n200)  rnd18=97%(n200)  rnd19=100%(n200)  rnd2=100%(n200)  rnd20=100%(n200)  rnd21=96%(n200)  rnd22=100%(n200)  rnd23=100%(n200)  rnd24=42%(n200)  rnd25=100%(n200)  rnd26=100%(n200)  rnd27=98%(n200)  rnd28=100%(n200)  rnd29=99%(n200)  rnd3=98%(n200)  rnd4=100%(n200)  rnd5=100%(n200)  rnd6=100%(n200)  rnd7=100%(n200)  rnd8=97%(n200)  rnd9=98%(n200)
          └ 이동 분포: straight=69%  left=15%  right=16%
Ep 8000/15000 | R= 1231.6 | Fuel=861.2mL | Wait= 398s | Steps=48.5 | Reach=98% | ε=0.050 | Loss=232.965 | t=7354s
          ├ 토폴로지 도달률(최근50): gangnam_clean_topology=98%
          ├ OD별 도달률(최근200): rnd0=100%(n200)  rnd1=100%(n200)  rnd10=100%(n200)  rnd11=96%(n200)  rnd12=100%(n200)  rnd13=100%(n200)  rnd14=96%(n200)  rnd15=100%(n200)  rnd16=100%(n200)  rnd17=100%(n200)  rnd18=97%(n200)  rnd19=100%(n200)  rnd2=100%(n200)  rnd20=100%(n200)  rnd21=97%(n200)  rnd22=100%(n200)  rnd23=100%(n200)  rnd24=45%(n200)  rnd25=100%(n200)  rnd26=100%(n200)  rnd27=98%(n200)  rnd28=100%(n200)  rnd29=100%(n200)  rnd3=97%(n200)  rnd4=100%(n200)  rnd5=100%(n200)  rnd6=100%(n200)  rnd7=100%(n200)  rnd8=97%(n200)  rnd9=98%(n200)
          └ 이동 분포: straight=69%  left=15%  right=16%
Ep 8100/15000 | R= 1376.1 | Fuel=782.6mL | Wait= 312s | Steps=44.3 | Reach=100% | ε=0.050 | Loss=235.693 | t=7421s
          ├ 토폴로지 도달률(최근50): gangnam_clean_topology=100%
          ├ OD별 도달률(최근200): rnd0=100%(n200)  rnd1=100%(n200)  rnd10=100%(n200)  rnd11=96%(n200)  rnd12=100%(n200)  rnd13=100%(n200)  rnd14=96%(n200)  rnd15=100%(n200)  rnd16=100%(n200)  rnd17=100%(n200)  rnd18=97%(n200)  rnd19=100%(n200)  rnd2=100%(n200)  rnd20=100%(n200)  rnd21=97%(n200)  rnd22=100%(n200)  rnd23=100%(n200)  rnd24=46%(n200)  rnd25=100%(n200)  rnd26=100%(n200)  rnd27=98%(n200)  rnd28=100%(n200)  rnd29=100%(n200)  rnd3=98%(n200)  rnd4=100%(n200)  rnd5=100%(n200)  rnd6=100%(n200)  rnd7=100%(n200)  rnd8=98%(n200)  rnd9=98%(n200)
          └ 이동 분포: straight=69%  left=14%  right=17%
Ep 8200/15000 | R= 1464.2 | Fuel=702.5mL | Wait= 300s | Steps=41.1 | Reach=100% | ε=0.050 | Loss=235.767 | t=7478s
          ├ 토폴로지 도달률(최근50): gangnam_clean_topology=100%
          ├ OD별 도달률(최근200): rnd0=100%(n200)  rnd1=100%(n200)  rnd10=100%(n200)  rnd11=96%(n200)  rnd12=100%(n200)  rnd13=100%(n200)  rnd14=96%(n200)  rnd15=100%(n200)  rnd16=100%(n200)  rnd17=100%(n200)  rnd18=97%(n200)  rnd19=100%(n200)  rnd2=100%(n200)  rnd20=100%(n200)  rnd21=97%(n200)  rnd22=100%(n200)  rnd23=100%(n200)  rnd24=48%(n200)  rnd25=100%(n200)  rnd26=100%(n200)  rnd27=98%(n200)  rnd28=100%(n200)  rnd29=100%(n200)  rnd3=98%(n200)  rnd4=100%(n200)  rnd5=100%(n200)  rnd6=100%(n200)  rnd7=100%(n200)  rnd8=98%(n200)  rnd9=98%(n200)
          └ 이동 분포: straight=71%  left=14%  right=15%
Ep 8300/15000 | R= 1408.8 | Fuel=744.8mL | Wait= 296s | Steps=40.6 | Reach=100% | ε=0.050 | Loss=213.032 | t=7538s
          ├ 토폴로지 도달률(최근50): gangnam_clean_topology=100%
          ├ OD별 도달률(최근200): rnd0=100%(n200)  rnd1=100%(n200)  rnd10=100%(n200)  rnd11=96%(n200)  rnd12=100%(n200)  rnd13=100%(n200)  rnd14=96%(n200)  rnd15=100%(n200)  rnd16=100%(n200)  rnd17=100%(n200)  rnd18=98%(n200)  rnd19=100%(n200)  rnd2=100%(n200)  rnd20=100%(n200)  rnd21=98%(n200)  rnd22=100%(n200)  rnd23=100%(n200)  rnd24=50%(n200)  rnd25=100%(n200)  rnd26=100%(n200)  rnd27=98%(n200)  rnd28=100%(n200)  rnd29=100%(n200)  rnd3=98%(n200)  rnd4=100%(n200)  rnd5=100%(n200)  rnd6=100%(n200)  rnd7=100%(n200)  rnd8=98%(n200)  rnd9=98%(n200)
          └ 이동 분포: straight=70%  left=14%  right=16%
Ep 8400/15000 | R= 1450.5 | Fuel=715.1mL | Wait= 290s | Steps=42.0 | Reach=100% | ε=0.050 | Loss=222.748 | t=7599s
          ├ 토폴로지 도달률(최근50): gangnam_clean_topology=100%
          ├ OD별 도달률(최근200): rnd0=100%(n200)  rnd1=100%(n200)  rnd10=100%(n200)  rnd11=96%(n200)  rnd12=100%(n200)  rnd13=100%(n200)  rnd14=96%(n200)  rnd15=100%(n200)  rnd16=100%(n200)  rnd17=100%(n200)  rnd18=98%(n200)  rnd19=100%(n200)  rnd2=100%(n200)  rnd20=100%(n200)  rnd21=98%(n200)  rnd22=100%(n200)  rnd23=100%(n200)  rnd24=54%(n200)  rnd25=100%(n200)  rnd26=100%(n200)  rnd27=98%(n200)  rnd28=100%(n200)  rnd29=100%(n200)  rnd3=98%(n200)  rnd4=100%(n200)  rnd5=100%(n200)  rnd6=100%(n200)  rnd7=100%(n200)  rnd8=98%(n200)  rnd9=98%(n200)
          └ 이동 분포: straight=70%  left=14%  right=15%
Ep 8500/15000 | R= 1465.5 | Fuel=688.3mL | Wait= 274s | Steps=39.3 | Reach=100% | ε=0.050 | Loss=211.777 | t=7664s
          ├ 토폴로지 도달률(최근50): gangnam_clean_topology=100%
          ├ OD별 도달률(최근200): rnd0=100%(n200)  rnd1=100%(n200)  rnd10=100%(n200)  rnd11=96%(n200)  rnd12=100%(n200)  rnd13=100%(n200)  rnd14=96%(n200)  rnd15=100%(n200)  rnd16=100%(n200)  rnd17=100%(n200)  rnd18=98%(n200)  rnd19=100%(n200)  rnd2=100%(n200)  rnd20=100%(n200)  rnd21=98%(n200)  rnd22=100%(n200)  rnd23=100%(n200)  rnd24=54%(n200)  rnd25=100%(n200)  rnd26=100%(n200)  rnd27=98%(n200)  rnd28=100%(n200)  rnd29=100%(n200)  rnd3=98%(n200)  rnd4=100%(n200)  rnd5=100%(n200)  rnd6=100%(n200)  rnd7=100%(n200)  rnd8=98%(n200)  rnd9=98%(n200)
          └ 이동 분포: straight=71%  left=14%  right=15%
Ep 8600/15000 | R= 1424.5 | Fuel=716.6mL | Wait= 254s | Steps=38.7 | Reach=99% | ε=0.050 | Loss=248.292 | t=7723s
          ├ 토폴로지 도달률(최근50): gangnam_clean_topology=100%
          ├ OD별 도달률(최근200): rnd0=100%(n200)  rnd1=100%(n200)  rnd10=100%(n200)  rnd11=96%(n200)  rnd12=100%(n200)  rnd13=100%(n200)  rnd14=96%(n200)  rnd15=100%(n200)  rnd16=100%(n200)  rnd17=100%(n200)  rnd18=98%(n200)  rnd19=100%(n200)  rnd2=100%(n200)  rnd20=100%(n200)  rnd21=98%(n200)  rnd22=100%(n200)  rnd23=100%(n200)  rnd24=55%(n200)  rnd25=100%(n200)  rnd26=100%(n200)  rnd27=98%(n200)  rnd28=100%(n200)  rnd29=100%(n200)  rnd3=98%(n200)  rnd4=100%(n200)  rnd5=100%(n200)  rnd6=100%(n200)  rnd7=100%(n200)  rnd8=98%(n200)  rnd9=98%(n200)
          └ 이동 분포: straight=68%  left=14%  right=17%
Ep 8700/15000 | R= 1429.9 | Fuel=738.0mL | Wait= 334s | Steps=43.1 | Reach=100% | ε=0.050 | Loss=220.000 | t=7788s
          ├ 토폴로지 도달률(최근50): gangnam_clean_topology=100%
          ├ OD별 도달률(최근200): rnd0=100%(n200)  rnd1=100%(n200)  rnd10=100%(n200)  rnd11=96%(n200)  rnd12=100%(n200)  rnd13=100%(n200)  rnd14=96%(n200)  rnd15=100%(n200)  rnd16=100%(n200)  rnd17=100%(n200)  rnd18=98%(n200)  rnd19=100%(n200)  rnd2=100%(n200)  rnd20=100%(n200)  rnd21=98%(n200)  rnd22=100%(n200)  rnd23=100%(n200)  rnd24=56%(n200)  rnd25=100%(n200)  rnd26=100%(n200)  rnd27=98%(n200)  rnd28=100%(n200)  rnd29=100%(n200)  rnd3=98%(n200)  rnd4=100%(n200)  rnd5=100%(n200)  rnd6=100%(n200)  rnd7=100%(n200)  rnd8=99%(n200)  rnd9=98%(n200)
          └ 이동 분포: straight=70%  left=15%  right=15%
Ep 8800/15000 | R= 1451.4 | Fuel=714.5mL | Wait= 287s | Steps=41.8 | Reach=100% | ε=0.050 | Loss=201.742 | t=7851s
          ├ 토폴로지 도달률(최근50): gangnam_clean_topology=100%
          ├ OD별 도달률(최근200): rnd0=100%(n200)  rnd1=100%(n200)  rnd10=100%(n200)  rnd11=96%(n200)  rnd12=100%(n200)  rnd13=100%(n200)  rnd14=96%(n200)  rnd15=100%(n200)  rnd16=100%(n200)  rnd17=100%(n200)  rnd18=98%(n200)  rnd19=100%(n200)  rnd2=100%(n200)  rnd20=100%(n200)  rnd21=98%(n200)  rnd22=100%(n200)  rnd23=100%(n200)  rnd24=57%(n200)  rnd25=100%(n200)  rnd26=100%(n200)  rnd27=99%(n200)  rnd28=100%(n200)  rnd29=100%(n200)  rnd3=98%(n200)  rnd4=100%(n200)  rnd5=100%(n200)  rnd6=100%(n200)  rnd7=100%(n200)  rnd8=100%(n200)  rnd9=98%(n200)
          └ 이동 분포: straight=70%  left=15%  right=16%
Ep 8900/15000 | R= 1373.0 | Fuel=738.4mL | Wait= 296s | Steps=40.1 | Reach=100% | ε=0.050 | Loss=190.920 | t=7915s
          ├ 토폴로지 도달률(최근50): gangnam_clean_topology=100%
          ├ OD별 도달률(최근200): rnd0=100%(n200)  rnd1=100%(n200)  rnd10=100%(n200)  rnd11=97%(n200)  rnd12=100%(n200)  rnd13=100%(n200)  rnd14=96%(n200)  rnd15=100%(n200)  rnd16=100%(n200)  rnd17=100%(n200)  rnd18=98%(n200)  rnd19=100%(n200)  rnd2=100%(n200)  rnd20=100%(n200)  rnd21=98%(n200)  rnd22=100%(n200)  rnd23=100%(n200)  rnd24=59%(n200)  rnd25=100%(n200)  rnd26=100%(n200)  rnd27=99%(n200)  rnd28=100%(n200)  rnd29=100%(n200)  rnd3=98%(n200)  rnd4=100%(n200)  rnd5=100%(n200)  rnd6=100%(n200)  rnd7=100%(n200)  rnd8=100%(n200)  rnd9=98%(n200)
          └ 이동 분포: straight=68%  left=15%  right=18%
Ep 9000/15000 | R= 1376.9 | Fuel=755.9mL | Wait= 289s | Steps=42.7 | Reach=100% | ε=0.050 | Loss=193.281 | t=7979s
          ├ 토폴로지 도달률(최근50): gangnam_clean_topology=100%
          ├ OD별 도달률(최근200): rnd0=100%(n200)  rnd1=100%(n200)  rnd10=100%(n200)  rnd11=98%(n200)  rnd12=100%(n200)  rnd13=100%(n200)  rnd14=96%(n200)  rnd15=100%(n200)  rnd16=100%(n200)  rnd17=100%(n200)  rnd18=98%(n200)  rnd19=100%(n200)  rnd2=100%(n200)  rnd20=100%(n200)  rnd21=98%(n200)  rnd22=100%(n200)  rnd23=100%(n200)  rnd24=62%(n200)  rnd25=100%(n200)  rnd26=100%(n200)  rnd27=99%(n200)  rnd28=100%(n200)  rnd29=100%(n200)  rnd3=98%(n200)  rnd4=100%(n200)  rnd5=100%(n200)  rnd6=100%(n200)  rnd7=100%(n200)  rnd8=100%(n200)  rnd9=98%(n200)
          └ 이동 분포: straight=68%  left=15%  right=17%
Ep 9100/15000 | R= 1325.5 | Fuel=779.5mL | Wait= 334s | Steps=43.4 | Reach=99% | ε=0.050 | Loss=208.494 | t=8046s
          ├ 토폴로지 도달률(최근50): gangnam_clean_topology=98%
          ├ OD별 도달률(최근200): rnd0=100%(n200)  rnd1=100%(n200)  rnd10=100%(n200)  rnd11=98%(n200)  rnd12=100%(n200)  rnd13=100%(n200)  rnd14=97%(n200)  rnd15=100%(n200)  rnd16=100%(n200)  rnd17=100%(n200)  rnd18=98%(n200)  rnd19=100%(n200)  rnd2=100%(n200)  rnd20=100%(n200)  rnd21=98%(n200)  rnd22=100%(n200)  rnd23=100%(n200)  rnd24=62%(n200)  rnd25=100%(n200)  rnd26=100%(n200)  rnd27=99%(n200)  rnd28=100%(n200)  rnd29=100%(n200)  rnd3=98%(n200)  rnd4=100%(n200)  rnd5=100%(n200)  rnd6=100%(n200)  rnd7=100%(n200)  rnd8=99%(n200)  rnd9=98%(n200)
          └ 이동 분포: straight=68%  left=16%  right=16%
Ep 9200/15000 | R= 1283.0 | Fuel=848.4mL | Wait= 363s | Steps=48.0 | Reach=100% | ε=0.050 | Loss=214.893 | t=8116s
          ├ 토폴로지 도달률(최근50): gangnam_clean_topology=100%
          ├ OD별 도달률(최근200): rnd0=100%(n200)  rnd1=100%(n200)  rnd10=100%(n200)  rnd11=98%(n200)  rnd12=100%(n200)  rnd13=100%(n200)  rnd14=97%(n200)  rnd15=100%(n200)  rnd16=100%(n200)  rnd17=100%(n200)  rnd18=98%(n200)  rnd19=100%(n200)  rnd2=100%(n200)  rnd20=100%(n200)  rnd21=98%(n200)  rnd22=100%(n200)  rnd23=100%(n200)  rnd24=66%(n200)  rnd25=100%(n200)  rnd26=100%(n200)  rnd27=99%(n200)  rnd28=100%(n200)  rnd29=100%(n200)  rnd3=98%(n200)  rnd4=100%(n200)  rnd5=100%(n200)  rnd6=100%(n200)  rnd7=100%(n200)  rnd8=99%(n200)  rnd9=98%(n200)
          └ 이동 분포: straight=69%  left=15%  right=15%
Ep 9300/15000 | R= 1443.3 | Fuel=716.3mL | Wait= 294s | Steps=40.2 | Reach=100% | ε=0.050 | Loss=186.394 | t=8175s
          ├ 토폴로지 도달률(최근50): gangnam_clean_topology=100%
          ├ OD별 도달률(최근200): rnd0=100%(n200)  rnd1=100%(n200)  rnd10=100%(n200)  rnd11=98%(n200)  rnd12=100%(n200)  rnd13=100%(n200)  rnd14=98%(n200)  rnd15=100%(n200)  rnd16=100%(n200)  rnd17=100%(n200)  rnd18=98%(n200)  rnd19=100%(n200)  rnd2=100%(n200)  rnd20=100%(n200)  rnd21=98%(n200)  rnd22=100%(n200)  rnd23=100%(n200)  rnd24=67%(n200)  rnd25=100%(n200)  rnd26=100%(n200)  rnd27=99%(n200)  rnd28=100%(n200)  rnd29=100%(n200)  rnd3=98%(n200)  rnd4=100%(n200)  rnd5=100%(n200)  rnd6=100%(n200)  rnd7=100%(n200)  rnd8=99%(n200)  rnd9=98%(n200)
          └ 이동 분포: straight=71%  left=14%  right=15%
Ep 9400/15000 | R= 1431.4 | Fuel=677.3mL | Wait= 267s | Steps=39.0 | Reach=98% | ε=0.050 | Loss=174.039 | t=8233s
          ├ 토폴로지 도달률(최근50): gangnam_clean_topology=98%
          ├ OD별 도달률(최근200): rnd0=100%(n200)  rnd1=100%(n200)  rnd10=100%(n200)  rnd11=98%(n200)  rnd12=100%(n200)  rnd13=100%(n200)  rnd14=98%(n200)  rnd15=100%(n200)  rnd16=100%(n200)  rnd17=100%(n200)  rnd18=98%(n200)  rnd19=100%(n200)  rnd2=100%(n200)  rnd20=100%(n200)  rnd21=97%(n200)  rnd22=100%(n200)  rnd23=100%(n200)  rnd24=68%(n200)  rnd25=100%(n200)  rnd26=100%(n200)  rnd27=99%(n200)  rnd28=100%(n200)  rnd29=100%(n200)  rnd3=98%(n200)  rnd4=100%(n200)  rnd5=100%(n200)  rnd6=100%(n200)  rnd7=100%(n200)  rnd8=99%(n200)  rnd9=98%(n200)
          └ 이동 분포: straight=66%  left=14%  right=21%
Ep 9500/15000 | R= 1418.4 | Fuel=745.2mL | Wait= 298s | Steps=39.7 | Reach=100% | ε=0.050 | Loss=204.073 | t=8291s
          ├ 토폴로지 도달률(최근50): gangnam_clean_topology=100%
          ├ OD별 도달률(최근200): rnd0=100%(n200)  rnd1=100%(n200)  rnd10=100%(n200)  rnd11=98%(n200)  rnd12=100%(n200)  rnd13=100%(n200)  rnd14=98%(n200)  rnd15=100%(n200)  rnd16=100%(n200)  rnd17=100%(n200)  rnd18=98%(n200)  rnd19=100%(n200)  rnd2=100%(n200)  rnd20=100%(n200)  rnd21=97%(n200)  rnd22=100%(n200)  rnd23=100%(n200)  rnd24=70%(n200)  rnd25=100%(n200)  rnd26=100%(n200)  rnd27=99%(n200)  rnd28=100%(n200)  rnd29=100%(n200)  rnd3=98%(n200)  rnd4=100%(n200)  rnd5=100%(n200)  rnd6=100%(n200)  rnd7=100%(n200)  rnd8=99%(n200)  rnd9=98%(n200)
          └ 이동 분포: straight=70%  left=14%  right=16%
Ep 9600/15000 | R= 1368.4 | Fuel=753.2mL | Wait= 327s | Steps=44.1 | Reach=99% | ε=0.050 | Loss=227.028 | t=8357s
          ├ 토폴로지 도달률(최근50): gangnam_clean_topology=100%
          ├ OD별 도달률(최근200): rnd0=100%(n200)  rnd1=100%(n200)  rnd10=100%(n200)  rnd11=98%(n200)  rnd12=100%(n200)  rnd13=100%(n200)  rnd14=98%(n200)  rnd15=100%(n200)  rnd16=100%(n200)  rnd17=100%(n200)  rnd18=98%(n200)  rnd19=100%(n200)  rnd2=100%(n200)  rnd20=100%(n200)  rnd21=97%(n200)  rnd22=100%(n200)  rnd23=100%(n200)  rnd24=72%(n200)  rnd25=100%(n200)  rnd26=100%(n200)  rnd27=99%(n200)  rnd28=100%(n200)  rnd29=100%(n200)  rnd3=98%(n200)  rnd4=100%(n200)  rnd5=100%(n200)  rnd6=100%(n200)  rnd7=100%(n200)  rnd8=98%(n200)  rnd9=98%(n200)
          └ 이동 분포: straight=70%  left=15%  right=15%
Ep 9700/15000 | R= 1422.3 | Fuel=714.8mL | Wait= 275s | Steps=40.0 | Reach=99% | ε=0.050 | Loss=200.097 | t=8419s
          ├ 토폴로지 도달률(최근50): gangnam_clean_topology=98%
          ├ OD별 도달률(최근200): rnd0=100%(n200)  rnd1=100%(n200)  rnd10=100%(n200)  rnd11=98%(n200)  rnd12=100%(n200)  rnd13=100%(n200)  rnd14=98%(n200)  rnd15=100%(n200)  rnd16=100%(n200)  rnd17=100%(n200)  rnd18=98%(n200)  rnd19=100%(n200)  rnd2=100%(n200)  rnd20=100%(n200)  rnd21=96%(n200)  rnd22=100%(n200)  rnd23=100%(n200)  rnd24=72%(n200)  rnd25=100%(n200)  rnd26=100%(n200)  rnd27=99%(n200)  rnd28=100%(n200)  rnd29=100%(n200)  rnd3=98%(n200)  rnd4=100%(n200)  rnd5=100%(n200)  rnd6=100%(n200)  rnd7=100%(n200)  rnd8=98%(n200)  rnd9=98%(n200)
          └ 이동 분포: straight=67%  left=16%  right=18%
Ep 9800/15000 | R= 1465.2 | Fuel=703.5mL | Wait= 261s | Steps=37.0 | Reach=100% | ε=0.050 | Loss=202.190 | t=8476s
          ├ 토폴로지 도달률(최근50): gangnam_clean_topology=100%
          ├ OD별 도달률(최근200): rnd0=100%(n200)  rnd1=100%(n200)  rnd10=100%(n200)  rnd11=98%(n200)  rnd12=100%(n200)  rnd13=100%(n200)  rnd14=98%(n200)  rnd15=100%(n200)  rnd16=100%(n200)  rnd17=100%(n200)  rnd18=98%(n200)  rnd19=100%(n200)  rnd2=100%(n200)  rnd20=100%(n200)  rnd21=96%(n200)  rnd22=100%(n200)  rnd23=100%(n200)  rnd24=73%(n200)  rnd25=100%(n200)  rnd26=100%(n200)  rnd27=99%(n200)  rnd28=100%(n200)  rnd29=100%(n200)  rnd3=98%(n200)  rnd4=100%(n200)  rnd5=100%(n200)  rnd6=100%(n200)  rnd7=100%(n200)  rnd8=98%(n200)  rnd9=98%(n200)
          └ 이동 분포: straight=69%  left=14%  right=16%
Ep 9900/15000 | R= 1387.8 | Fuel=759.7mL | Wait= 313s | Steps=42.4 | Reach=100% | ε=0.050 | Loss=197.200 | t=8539s
          ├ 토폴로지 도달률(최근50): gangnam_clean_topology=100%
          ├ OD별 도달률(최근200): rnd0=100%(n200)  rnd1=100%(n200)  rnd10=100%(n200)  rnd11=98%(n200)  rnd12=100%(n200)  rnd13=100%(n200)  rnd14=98%(n200)  rnd15=100%(n200)  rnd16=100%(n200)  rnd17=100%(n200)  rnd18=98%(n200)  rnd19=100%(n200)  rnd2=100%(n200)  rnd20=100%(n200)  rnd21=96%(n200)  rnd22=100%(n200)  rnd23=100%(n200)  rnd24=74%(n200)  rnd25=100%(n200)  rnd26=100%(n200)  rnd27=99%(n200)  rnd28=100%(n200)  rnd29=100%(n200)  rnd3=98%(n200)  rnd4=100%(n200)  rnd5=100%(n200)  rnd6=100%(n200)  rnd7=100%(n200)  rnd8=98%(n200)  rnd9=98%(n200)
          └ 이동 분포: straight=69%  left=15%  right=16%
Ep 10000/15000 | R= 1493.4 | Fuel=666.9mL | Wait= 281s | Steps=37.0 | Reach=100% | ε=0.050 | Loss=221.740 | t=8594s
          ├ 토폴로지 도달률(최근50): gangnam_clean_topology=100%
          ├ OD별 도달률(최근200): rnd0=100%(n200)  rnd1=100%(n200)  rnd10=100%(n200)  rnd11=98%(n200)  rnd12=100%(n200)  rnd13=100%(n200)  rnd14=98%(n200)  rnd15=100%(n200)  rnd16=100%(n200)  rnd17=100%(n200)  rnd18=98%(n200)  rnd19=100%(n200)  rnd2=100%(n200)  rnd20=100%(n200)  rnd21=96%(n200)  rnd22=100%(n200)  rnd23=100%(n200)  rnd24=76%(n200)  rnd25=100%(n200)  rnd26=100%(n200)  rnd27=99%(n200)  rnd28=100%(n200)  rnd29=100%(n200)  rnd3=99%(n200)  rnd4=100%(n200)  rnd5=100%(n200)  rnd6=100%(n200)  rnd7=100%(n200)  rnd8=98%(n200)  rnd9=98%(n200)
          └ 이동 분포: straight=69%  left=16%  right=16%
  [체크포인트] model_rl_base_ep10000.pth
Ep 10100/15000 | R= 1489.9 | Fuel=681.6mL | Wait= 274s | Steps=38.9 | Reach=100% | ε=0.050 | Loss=216.994 | t=8651s
          ├ 토폴로지 도달률(최근50): gangnam_clean_topology=100%
          ├ OD별 도달률(최근200): rnd0=100%(n200)  rnd1=100%(n200)  rnd10=100%(n200)  rnd11=98%(n200)  rnd12=100%(n200)  rnd13=100%(n200)  rnd14=98%(n200)  rnd15=100%(n200)  rnd16=100%(n200)  rnd17=100%(n200)  rnd18=98%(n200)  rnd19=100%(n200)  rnd2=100%(n200)  rnd20=100%(n200)  rnd21=96%(n200)  rnd22=100%(n200)  rnd23=100%(n200)  rnd24=76%(n200)  rnd25=100%(n200)  rnd26=100%(n200)  rnd27=99%(n200)  rnd28=100%(n200)  rnd29=100%(n200)  rnd3=99%(n200)  rnd4=100%(n200)  rnd5=100%(n200)  rnd6=100%(n200)  rnd7=100%(n200)  rnd8=98%(n200)  rnd9=98%(n200)
          └ 이동 분포: straight=70%  left=14%  right=16%
Ep 10200/15000 | R= 1496.1 | Fuel=683.9mL | Wait= 279s | Steps=38.3 | Reach=100% | ε=0.050 | Loss=227.323 | t=8709s
          ├ 토폴로지 도달률(최근50): gangnam_clean_topology=100%
          ├ OD별 도달률(최근200): rnd0=100%(n200)  rnd1=100%(n200)  rnd10=100%(n200)  rnd11=98%(n200)  rnd12=100%(n200)  rnd13=100%(n200)  rnd14=98%(n200)  rnd15=100%(n200)  rnd16=100%(n200)  rnd17=100%(n200)  rnd18=98%(n200)  rnd19=100%(n200)  rnd2=100%(n200)  rnd20=100%(n200)  rnd21=96%(n200)  rnd22=100%(n200)  rnd23=100%(n200)  rnd24=76%(n200)  rnd25=100%(n200)  rnd26=100%(n200)  rnd27=99%(n200)  rnd28=100%(n200)  rnd29=100%(n200)  rnd3=99%(n200)  rnd4=100%(n200)  rnd5=100%(n200)  rnd6=100%(n200)  rnd7=100%(n200)  rnd8=98%(n200)  rnd9=98%(n200)
          └ 이동 분포: straight=71%  left=14%  right=15%
Ep 10300/15000 | R= 1526.1 | Fuel=646.8mL | Wait= 261s | Steps=34.7 | Reach=100% | ε=0.050 | Loss=216.597 | t=8758s
          ├ 토폴로지 도달률(최근50): gangnam_clean_topology=100%
          ├ OD별 도달률(최근200): rnd0=100%(n200)  rnd1=100%(n200)  rnd10=100%(n200)  rnd11=99%(n200)  rnd12=100%(n200)  rnd13=100%(n200)  rnd14=98%(n200)  rnd15=100%(n200)  rnd16=100%(n200)  rnd17=100%(n200)  rnd18=98%(n200)  rnd19=100%(n200)  rnd2=100%(n200)  rnd20=100%(n200)  rnd21=96%(n200)  rnd22=100%(n200)  rnd23=100%(n200)  rnd24=77%(n200)  rnd25=100%(n200)  rnd26=100%(n200)  rnd27=99%(n200)  rnd28=100%(n200)  rnd29=100%(n200)  rnd3=99%(n200)  rnd4=100%(n200)  rnd5=100%(n200)  rnd6=100%(n200)  rnd7=100%(n200)  rnd8=98%(n200)  rnd9=98%(n200)
          └ 이동 분포: straight=70%  left=14%  right=16%
Ep 10400/15000 | R= 1444.5 | Fuel=717.2mL | Wait= 294s | Steps=39.8 | Reach=100% | ε=0.050 | Loss=195.874 | t=8819s
          ├ 토폴로지 도달률(최근50): gangnam_clean_topology=100%
          ├ OD별 도달률(최근200): rnd0=100%(n200)  rnd1=100%(n200)  rnd10=100%(n200)  rnd11=99%(n200)  rnd12=100%(n200)  rnd13=100%(n200)  rnd14=98%(n200)  rnd15=100%(n200)  rnd16=100%(n200)  rnd17=100%(n200)  rnd18=98%(n200)  rnd19=100%(n200)  rnd2=100%(n200)  rnd20=100%(n200)  rnd21=96%(n200)  rnd22=100%(n200)  rnd23=100%(n200)  rnd24=80%(n200)  rnd25=100%(n200)  rnd26=100%(n200)  rnd27=99%(n200)  rnd28=100%(n200)  rnd29=100%(n200)  rnd3=99%(n200)  rnd4=100%(n200)  rnd5=100%(n200)  rnd6=100%(n200)  rnd7=100%(n200)  rnd8=98%(n200)  rnd9=98%(n200)
          └ 이동 분포: straight=71%  left=14%  right=15%
Ep 10500/15000 | R= 1355.5 | Fuel=751.6mL | Wait= 322s | Steps=44.2 | Reach=99% | ε=0.050 | Loss=206.989 | t=8884s
          ├ 토폴로지 도달률(최근50): gangnam_clean_topology=98%
          ├ OD별 도달률(최근200): rnd0=100%(n200)  rnd1=100%(n200)  rnd10=100%(n200)  rnd11=99%(n200)  rnd12=100%(n200)  rnd13=100%(n200)  rnd14=98%(n200)  rnd15=100%(n200)  rnd16=100%(n200)  rnd17=100%(n200)  rnd18=98%(n200)  rnd19=100%(n200)  rnd2=100%(n200)  rnd20=100%(n200)  rnd21=96%(n200)  rnd22=100%(n200)  rnd23=100%(n200)  rnd24=82%(n200)  rnd25=100%(n200)  rnd26=100%(n200)  rnd27=99%(n200)  rnd28=100%(n200)  rnd29=100%(n200)  rnd3=99%(n200)  rnd4=100%(n200)  rnd5=100%(n200)  rnd6=100%(n200)  rnd7=100%(n200)  rnd8=98%(n200)  rnd9=98%(n200)
          └ 이동 분포: straight=67%  left=16%  right=17%
Ep 10600/15000 | R= 1464.4 | Fuel=705.3mL | Wait= 284s | Steps=38.3 | Reach=100% | ε=0.050 | Loss=206.063 | t=8944s
          ├ 토폴로지 도달률(최근50): gangnam_clean_topology=100%
          ├ OD별 도달률(최근200): rnd0=100%(n200)  rnd1=100%(n200)  rnd10=100%(n200)  rnd11=99%(n200)  rnd12=100%(n200)  rnd13=100%(n200)  rnd14=98%(n200)  rnd15=100%(n200)  rnd16=100%(n200)  rnd17=100%(n200)  rnd18=98%(n200)  rnd19=100%(n200)  rnd2=100%(n200)  rnd20=100%(n200)  rnd21=97%(n200)  rnd22=100%(n200)  rnd23=100%(n200)  rnd24=84%(n200)  rnd25=100%(n200)  rnd26=100%(n200)  rnd27=99%(n200)  rnd28=100%(n200)  rnd29=100%(n200)  rnd3=99%(n200)  rnd4=100%(n200)  rnd5=100%(n200)  rnd6=100%(n200)  rnd7=100%(n200)  rnd8=99%(n200)  rnd9=98%(n200)
          └ 이동 분포: straight=71%  left=14%  right=15%
Ep 10700/15000 | R= 1235.3 | Fuel=792.6mL | Wait= 363s | Steps=44.7 | Reach=97% | ε=0.050 | Loss=203.748 | t=9010s
          ├ 토폴로지 도달률(최근50): gangnam_clean_topology=96%
          ├ OD별 도달률(최근200): rnd0=100%(n200)  rnd1=100%(n200)  rnd10=100%(n200)  rnd11=99%(n200)  rnd12=100%(n200)  rnd13=100%(n200)  rnd14=97%(n200)  rnd15=100%(n200)  rnd16=100%(n200)  rnd17=100%(n200)  rnd18=98%(n200)  rnd19=100%(n200)  rnd2=100%(n200)  rnd20=100%(n200)  rnd21=98%(n200)  rnd22=100%(n200)  rnd23=100%(n200)  rnd24=84%(n200)  rnd25=100%(n200)  rnd26=100%(n200)  rnd27=99%(n200)  rnd28=100%(n200)  rnd29=100%(n200)  rnd3=99%(n200)  rnd4=100%(n200)  rnd5=100%(n200)  rnd6=100%(n200)  rnd7=100%(n200)  rnd8=98%(n200)  rnd9=98%(n200)
          └ 이동 분포: straight=64%  left=18%  right=18%
Ep 10800/15000 | R= 1365.8 | Fuel=767.3mL | Wait= 310s | Steps=44.9 | Reach=99% | ε=0.050 | Loss=202.651 | t=9076s
          ├ 토폴로지 도달률(최근50): gangnam_clean_topology=98%
          ├ OD별 도달률(최근200): rnd0=100%(n200)  rnd1=100%(n200)  rnd10=100%(n200)  rnd11=99%(n200)  rnd12=100%(n200)  rnd13=100%(n200)  rnd14=97%(n200)  rnd15=100%(n200)  rnd16=100%(n200)  rnd17=100%(n200)  rnd18=98%(n200)  rnd19=100%(n200)  rnd2=100%(n200)  rnd20=100%(n200)  rnd21=98%(n200)  rnd22=100%(n200)  rnd23=100%(n200)  rnd24=86%(n200)  rnd25=100%(n200)  rnd26=100%(n200)  rnd27=99%(n200)  rnd28=100%(n200)  rnd29=100%(n200)  rnd3=99%(n200)  rnd4=100%(n200)  rnd5=100%(n200)  rnd6=100%(n200)  rnd7=100%(n200)  rnd8=98%(n200)  rnd9=98%(n200)
          └ 이동 분포: straight=67%  left=17%  right=17%
Ep 10900/15000 | R= 1334.0 | Fuel=761.3mL | Wait= 335s | Steps=45.2 | Reach=98% | ε=0.050 | Loss=204.647 | t=9144s
          ├ 토폴로지 도달률(최근50): gangnam_clean_topology=96%
          ├ OD별 도달률(최근200): rnd0=100%(n200)  rnd1=100%(n200)  rnd10=100%(n200)  rnd11=100%(n200)  rnd12=100%(n200)  rnd13=100%(n200)  rnd14=98%(n200)  rnd15=100%(n200)  rnd16=100%(n200)  rnd17=100%(n200)  rnd18=98%(n200)  rnd19=100%(n200)  rnd2=100%(n200)  rnd20=100%(n200)  rnd21=98%(n200)  rnd22=100%(n200)  rnd23=100%(n200)  rnd24=88%(n200)  rnd25=100%(n200)  rnd26=100%(n200)  rnd27=99%(n200)  rnd28=100%(n200)  rnd29=100%(n200)  rnd3=98%(n200)  rnd4=100%(n200)  rnd5=100%(n200)  rnd6=100%(n200)  rnd7=100%(n200)  rnd8=98%(n200)  rnd9=98%(n200)
          └ 이동 분포: straight=67%  left=15%  right=17%
Ep 11000/15000 | R= 1434.1 | Fuel=702.2mL | Wait= 290s | Steps=41.5 | Reach=99% | ε=0.050 | Loss=202.825 | t=9207s
          ├ 토폴로지 도달률(최근50): gangnam_clean_topology=98%
          ├ OD별 도달률(최근200): rnd0=100%(n200)  rnd1=100%(n200)  rnd10=100%(n200)  rnd11=100%(n200)  rnd12=100%(n200)  rnd13=100%(n200)  rnd14=98%(n200)  rnd15=100%(n200)  rnd16=100%(n200)  rnd17=100%(n200)  rnd18=98%(n200)  rnd19=100%(n200)  rnd2=100%(n200)  rnd20=100%(n200)  rnd21=98%(n200)  rnd22=100%(n200)  rnd23=99%(n200)  rnd24=88%(n200)  rnd25=100%(n200)  rnd26=100%(n200)  rnd27=99%(n200)  rnd28=100%(n200)  rnd29=100%(n200)  rnd3=98%(n200)  rnd4=100%(n200)  rnd5=100%(n200)  rnd6=100%(n200)  rnd7=100%(n200)  rnd8=98%(n200)  rnd9=98%(n200)
          └ 이동 분포: straight=69%  left=16%  right=16%
Ep 11100/15000 | R= 1423.6 | Fuel=723.9mL | Wait= 309s | Steps=41.5 | Reach=100% | ε=0.050 | Loss=203.380 | t=9268s
          ├ 토폴로지 도달률(최근50): gangnam_clean_topology=100%
          ├ OD별 도달률(최근200): rnd0=100%(n200)  rnd1=100%(n200)  rnd10=100%(n200)  rnd11=100%(n200)  rnd12=100%(n200)  rnd13=100%(n200)  rnd14=98%(n200)  rnd15=100%(n200)  rnd16=100%(n200)  rnd17=100%(n200)  rnd18=98%(n200)  rnd19=100%(n200)  rnd2=100%(n200)  rnd20=100%(n200)  rnd21=98%(n200)  rnd22=100%(n200)  rnd23=99%(n200)  rnd24=89%(n200)  rnd25=100%(n200)  rnd26=100%(n200)  rnd27=100%(n200)  rnd28=100%(n200)  rnd29=100%(n200)  rnd3=98%(n200)  rnd4=100%(n200)  rnd5=100%(n200)  rnd6=100%(n200)  rnd7=100%(n200)  rnd8=98%(n200)  rnd9=98%(n200)
          └ 이동 분포: straight=69%  left=15%  right=16%
Ep 11200/15000 | R= 1476.2 | Fuel=674.1mL | Wait= 276s | Steps=38.0 | Reach=99% | ε=0.050 | Loss=193.408 | t=9328s
          ├ 토폴로지 도달률(최근50): gangnam_clean_topology=100%
          ├ OD별 도달률(최근200): rnd0=100%(n200)  rnd1=100%(n200)  rnd10=100%(n200)  rnd11=100%(n200)  rnd12=100%(n200)  rnd13=100%(n200)  rnd14=98%(n200)  rnd15=100%(n200)  rnd16=100%(n200)  rnd17=100%(n200)  rnd18=98%(n200)  rnd19=100%(n200)  rnd2=100%(n200)  rnd20=100%(n200)  rnd21=98%(n200)  rnd22=100%(n200)  rnd23=99%(n200)  rnd24=90%(n200)  rnd25=100%(n200)  rnd26=100%(n200)  rnd27=100%(n200)  rnd28=100%(n200)  rnd29=100%(n200)  rnd3=98%(n200)  rnd4=100%(n200)  rnd5=100%(n200)  rnd6=100%(n200)  rnd7=100%(n200)  rnd8=98%(n200)  rnd9=98%(n200)
          └ 이동 분포: straight=69%  left=15%  right=16%
Ep 11300/15000 | R= 1337.2 | Fuel=791.4mL | Wait= 334s | Steps=45.8 | Reach=100% | ε=0.050 | Loss=207.953 | t=9399s
          ├ 토폴로지 도달률(최근50): gangnam_clean_topology=100%
          ├ OD별 도달률(최근200): rnd0=100%(n200)  rnd1=100%(n200)  rnd10=100%(n200)  rnd11=100%(n200)  rnd12=100%(n200)  rnd13=100%(n200)  rnd14=98%(n200)  rnd15=100%(n200)  rnd16=100%(n200)  rnd17=100%(n200)  rnd18=98%(n200)  rnd19=100%(n200)  rnd2=100%(n200)  rnd20=100%(n200)  rnd21=98%(n200)  rnd22=100%(n200)  rnd23=99%(n200)  rnd24=91%(n200)  rnd25=100%(n200)  rnd26=100%(n200)  rnd27=100%(n200)  rnd28=100%(n200)  rnd29=100%(n200)  rnd3=98%(n200)  rnd4=100%(n200)  rnd5=100%(n200)  rnd6=100%(n200)  rnd7=100%(n200)  rnd8=98%(n200)  rnd9=98%(n200)
          └ 이동 분포: straight=68%  left=16%  right=16%
Ep 11400/15000 | R= 1505.5 | Fuel=672.2mL | Wait= 260s | Steps=36.3 | Reach=100% | ε=0.050 | Loss=205.629 | t=9453s
          ├ 토폴로지 도달률(최근50): gangnam_clean_topology=100%
          ├ OD별 도달률(최근200): rnd0=100%(n200)  rnd1=100%(n200)  rnd10=100%(n200)  rnd11=100%(n200)  rnd12=100%(n200)  rnd13=100%(n200)  rnd14=98%(n200)  rnd15=100%(n200)  rnd16=100%(n200)  rnd17=100%(n200)  rnd18=98%(n200)  rnd19=100%(n200)  rnd2=100%(n200)  rnd20=100%(n200)  rnd21=98%(n200)  rnd22=100%(n200)  rnd23=99%(n200)  rnd24=94%(n200)  rnd25=100%(n200)  rnd26=100%(n200)  rnd27=100%(n200)  rnd28=100%(n200)  rnd29=100%(n200)  rnd3=98%(n200)  rnd4=100%(n200)  rnd5=100%(n200)  rnd6=100%(n200)  rnd7=100%(n200)  rnd8=98%(n200)  rnd9=98%(n200)
          └ 이동 분포: straight=71%  left=14%  right=15%
Ep 11500/15000 | R= 1428.8 | Fuel=727.0mL | Wait= 316s | Steps=42.1 | Reach=100% | ε=0.050 | Loss=188.572 | t=9519s
          ├ 토폴로지 도달률(최근50): gangnam_clean_topology=100%
          ├ OD별 도달률(최근200): rnd0=100%(n200)  rnd1=100%(n200)  rnd10=100%(n200)  rnd11=100%(n200)  rnd12=100%(n200)  rnd13=100%(n200)  rnd14=98%(n200)  rnd15=100%(n200)  rnd16=100%(n200)  rnd17=100%(n200)  rnd18=98%(n200)  rnd19=100%(n200)  rnd2=100%(n200)  rnd20=100%(n200)  rnd21=98%(n200)  rnd22=100%(n200)  rnd23=99%(n200)  rnd24=95%(n200)  rnd25=100%(n200)  rnd26=100%(n200)  rnd27=100%(n200)  rnd28=100%(n200)  rnd29=100%(n200)  rnd3=99%(n200)  rnd4=100%(n200)  rnd5=100%(n200)  rnd6=100%(n200)  rnd7=100%(n200)  rnd8=98%(n200)  rnd9=98%(n200)
          └ 이동 분포: straight=72%  left=13%  right=15%
Ep 11600/15000 | R= 1490.0 | Fuel=667.1mL | Wait= 252s | Steps=39.3 | Reach=100% | ε=0.050 | Loss=175.020 | t=9580s
          ├ 토폴로지 도달률(최근50): gangnam_clean_topology=100%
          ├ OD별 도달률(최근200): rnd0=100%(n200)  rnd1=100%(n200)  rnd10=100%(n200)  rnd11=100%(n200)  rnd12=100%(n200)  rnd13=100%(n200)  rnd14=98%(n200)  rnd15=100%(n200)  rnd16=100%(n200)  rnd17=100%(n200)  rnd18=98%(n200)  rnd19=100%(n200)  rnd2=100%(n200)  rnd20=100%(n200)  rnd21=98%(n200)  rnd22=100%(n200)  rnd23=99%(n200)  rnd24=95%(n200)  rnd25=100%(n200)  rnd26=100%(n200)  rnd27=100%(n200)  rnd28=100%(n200)  rnd29=100%(n200)  rnd3=99%(n200)  rnd4=100%(n200)  rnd5=100%(n200)  rnd6=100%(n200)  rnd7=100%(n200)  rnd8=98%(n200)  rnd9=98%(n200)
          └ 이동 분포: straight=71%  left=13%  right=15%
Ep 11700/15000 | R= 1455.5 | Fuel=691.6mL | Wait= 282s | Steps=39.9 | Reach=99% | ε=0.050 | Loss=172.489 | t=9656s
          ├ 토폴로지 도달률(최근50): gangnam_clean_topology=100%
          ├ OD별 도달률(최근200): rnd0=100%(n200)  rnd1=100%(n200)  rnd10=100%(n200)  rnd11=100%(n200)  rnd12=100%(n200)  rnd13=100%(n200)  rnd14=98%(n200)  rnd15=100%(n200)  rnd16=100%(n200)  rnd17=100%(n200)  rnd18=98%(n200)  rnd19=100%(n200)  rnd2=100%(n200)  rnd20=100%(n200)  rnd21=98%(n200)  rnd22=100%(n200)  rnd23=99%(n200)  rnd24=95%(n200)  rnd25=100%(n200)  rnd26=100%(n200)  rnd27=100%(n200)  rnd28=100%(n200)  rnd29=100%(n200)  rnd3=99%(n200)  rnd4=100%(n200)  rnd5=100%(n200)  rnd6=100%(n200)  rnd7=100%(n200)  rnd8=98%(n200)  rnd9=98%(n200)
          └ 이동 분포: straight=70%  left=15%  right=15%
Ep 11800/15000 | R= 1422.4 | Fuel=750.7mL | Wait= 284s | Steps=40.0 | Reach=100% | ε=0.050 | Loss=175.224 | t=9710s
          ├ 토폴로지 도달률(최근50): gangnam_clean_topology=100%
          ├ OD별 도달률(최근200): rnd0=100%(n200)  rnd1=100%(n200)  rnd10=100%(n200)  rnd11=100%(n200)  rnd12=100%(n200)  rnd13=100%(n200)  rnd14=98%(n200)  rnd15=100%(n200)  rnd16=100%(n200)  rnd17=100%(n200)  rnd18=98%(n200)  rnd19=100%(n200)  rnd2=100%(n200)  rnd20=100%(n200)  rnd21=98%(n200)  rnd22=100%(n200)  rnd23=99%(n200)  rnd24=95%(n200)  rnd25=100%(n200)  rnd26=100%(n200)  rnd27=100%(n200)  rnd28=100%(n200)  rnd29=100%(n200)  rnd3=99%(n200)  rnd4=100%(n200)  rnd5=100%(n200)  rnd6=100%(n200)  rnd7=100%(n200)  rnd8=98%(n200)  rnd9=98%(n200)
          └ 이동 분포: straight=70%  left=14%  right=16%
Ep 11900/15000 | R= 1503.4 | Fuel=666.4mL | Wait= 297s | Steps=38.6 | Reach=100% | ε=0.050 | Loss=150.378 | t=9789s
          ├ 토폴로지 도달률(최근50): gangnam_clean_topology=100%
          ├ OD별 도달률(최근200): rnd0=100%(n200)  rnd1=100%(n200)  rnd10=100%(n200)  rnd11=100%(n200)  rnd12=100%(n200)  rnd13=100%(n200)  rnd14=98%(n200)  rnd15=100%(n200)  rnd16=100%(n200)  rnd17=100%(n200)  rnd18=98%(n200)  rnd19=100%(n200)  rnd2=100%(n200)  rnd20=100%(n200)  rnd21=98%(n200)  rnd22=100%(n200)  rnd23=99%(n200)  rnd24=95%(n200)  rnd25=100%(n200)  rnd26=100%(n200)  rnd27=100%(n200)  rnd28=100%(n200)  rnd29=100%(n200)  rnd3=99%(n200)  rnd4=100%(n200)  rnd5=100%(n200)  rnd6=100%(n200)  rnd7=100%(n200)  rnd8=98%(n200)  rnd9=99%(n200)
          └ 이동 분포: straight=71%  left=13%  right=16%
Ep 12000/15000 | R= 1372.5 | Fuel=706.1mL | Wait= 273s | Steps=39.1 | Reach=99% | ε=0.050 | Loss=163.381 | t=9836s
          ├ 토폴로지 도달률(최근50): gangnam_clean_topology=100%
          ├ OD별 도달률(최근200): rnd0=100%(n200)  rnd1=100%(n200)  rnd10=100%(n200)  rnd11=99%(n200)  rnd12=100%(n200)  rnd13=100%(n200)  rnd14=98%(n200)  rnd15=100%(n200)  rnd16=100%(n200)  rnd17=100%(n200)  rnd18=98%(n200)  rnd19=100%(n200)  rnd2=100%(n200)  rnd20=100%(n200)  rnd21=98%(n200)  rnd22=100%(n200)  rnd23=99%(n200)  rnd24=96%(n200)  rnd25=100%(n200)  rnd26=100%(n200)  rnd27=100%(n200)  rnd28=100%(n200)  rnd29=100%(n200)  rnd3=99%(n200)  rnd4=100%(n200)  rnd5=100%(n200)  rnd6=100%(n200)  rnd7=100%(n200)  rnd8=98%(n200)  rnd9=99%(n200)
          └ 이동 분포: straight=69%  left=15%  right=15%
Ep 12100/15000 | R= 1445.1 | Fuel=723.0mL | Wait= 296s | Steps=40.5 | Reach=100% | ε=0.050 | Loss=151.210 | t=9920s
          ├ 토폴로지 도달률(최근50): gangnam_clean_topology=100%
          ├ OD별 도달률(최근200): rnd0=100%(n200)  rnd1=100%(n200)  rnd10=100%(n200)  rnd11=99%(n200)  rnd12=100%(n200)  rnd13=100%(n200)  rnd14=98%(n200)  rnd15=100%(n200)  rnd16=100%(n200)  rnd17=100%(n200)  rnd18=99%(n200)  rnd19=100%(n200)  rnd2=100%(n200)  rnd20=100%(n200)  rnd21=98%(n200)  rnd22=100%(n200)  rnd23=99%(n200)  rnd24=96%(n200)  rnd25=100%(n200)  rnd26=100%(n200)  rnd27=100%(n200)  rnd28=100%(n200)  rnd29=100%(n200)  rnd3=99%(n200)  rnd4=100%(n200)  rnd5=100%(n200)  rnd6=100%(n200)  rnd7=100%(n200)  rnd8=98%(n200)  rnd9=99%(n200)
          └ 이동 분포: straight=70%  left=15%  right=16%
Ep 12200/15000 | R= 1339.0 | Fuel=768.0mL | Wait= 358s | Steps=43.4 | Reach=99% | ε=0.050 | Loss=174.954 | t=9971s
          ├ 토폴로지 도달률(최근50): gangnam_clean_topology=100%
          ├ OD별 도달률(최근200): rnd0=100%(n200)  rnd1=100%(n200)  rnd10=100%(n200)  rnd11=99%(n200)  rnd12=100%(n200)  rnd13=100%(n200)  rnd14=98%(n200)  rnd15=100%(n200)  rnd16=100%(n200)  rnd17=100%(n200)  rnd18=100%(n200)  rnd19=100%(n200)  rnd2=100%(n200)  rnd20=100%(n200)  rnd21=98%(n200)  rnd22=100%(n200)  rnd23=99%(n200)  rnd24=96%(n200)  rnd25=100%(n200)  rnd26=100%(n200)  rnd27=100%(n200)  rnd28=100%(n200)  rnd29=100%(n200)  rnd3=99%(n200)  rnd4=100%(n200)  rnd5=100%(n200)  rnd6=100%(n200)  rnd7=100%(n200)  rnd8=98%(n200)  rnd9=99%(n200)
          └ 이동 분포: straight=66%  left=18%  right=17%
Ep 12300/15000 | R= 1496.8 | Fuel=673.1mL | Wait= 274s | Steps=37.8 | Reach=100% | ε=0.050 | Loss=173.727 | t=10037s
          ├ 토폴로지 도달률(최근50): gangnam_clean_topology=100%
          ├ OD별 도달률(최근200): rnd0=100%(n200)  rnd1=100%(n200)  rnd10=100%(n200)  rnd11=99%(n200)  rnd12=100%(n200)  rnd13=100%(n200)  rnd14=98%(n200)  rnd15=100%(n200)  rnd16=100%(n200)  rnd17=100%(n200)  rnd18=100%(n200)  rnd19=100%(n200)  rnd2=100%(n200)  rnd20=100%(n200)  rnd21=98%(n200)  rnd22=100%(n200)  rnd23=99%(n200)  rnd24=97%(n200)  rnd25=100%(n200)  rnd26=100%(n200)  rnd27=100%(n200)  rnd28=100%(n200)  rnd29=100%(n200)  rnd3=99%(n200)  rnd4=100%(n200)  rnd5=100%(n200)  rnd6=100%(n200)  rnd7=100%(n200)  rnd8=98%(n200)  rnd9=100%(n200)
          └ 이동 분포: straight=71%  left=14%  right=15%
Ep 12400/15000 | R= 1382.3 | Fuel=774.7mL | Wait= 331s | Steps=43.3 | Reach=100% | ε=0.050 | Loss=163.152 | t=10095s
          ├ 토폴로지 도달률(최근50): gangnam_clean_topology=100%
          ├ OD별 도달률(최근200): rnd0=100%(n200)  rnd1=100%(n200)  rnd10=100%(n200)  rnd11=99%(n200)  rnd12=100%(n200)  rnd13=100%(n200)  rnd14=98%(n200)  rnd15=100%(n200)  rnd16=100%(n200)  rnd17=100%(n200)  rnd18=100%(n200)  rnd19=100%(n200)  rnd2=100%(n200)  rnd20=100%(n200)  rnd21=98%(n200)  rnd22=100%(n200)  rnd23=99%(n200)  rnd24=98%(n200)  rnd25=100%(n200)  rnd26=100%(n200)  rnd27=100%(n200)  rnd28=100%(n200)  rnd29=100%(n200)  rnd3=99%(n200)  rnd4=100%(n200)  rnd5=100%(n200)  rnd6=100%(n200)  rnd7=100%(n200)  rnd8=98%(n200)  rnd9=100%(n200)
          └ 이동 분포: straight=70%  left=14%  right=16%
Ep 12500/15000 | R= 1502.8 | Fuel=660.9mL | Wait= 295s | Steps=38.3 | Reach=100% | ε=0.050 | Loss=146.311 | t=10164s
          ├ 토폴로지 도달률(최근50): gangnam_clean_topology=100%
          ├ OD별 도달률(최근200): rnd0=100%(n200)  rnd1=100%(n200)  rnd10=100%(n200)  rnd11=99%(n200)  rnd12=100%(n200)  rnd13=100%(n200)  rnd14=98%(n200)  rnd15=100%(n200)  rnd16=100%(n200)  rnd17=100%(n200)  rnd18=100%(n200)  rnd19=100%(n200)  rnd2=100%(n200)  rnd20=100%(n200)  rnd21=98%(n200)  rnd22=100%(n200)  rnd23=99%(n200)  rnd24=98%(n200)  rnd25=100%(n200)  rnd26=100%(n200)  rnd27=100%(n200)  rnd28=100%(n200)  rnd29=100%(n200)  rnd3=99%(n200)  rnd4=100%(n200)  rnd5=100%(n200)  rnd6=100%(n200)  rnd7=100%(n200)  rnd8=98%(n200)  rnd9=100%(n200)
          └ 이동 분포: straight=71%  left=14%  right=15%
  [체크포인트] model_rl_base_ep12500.pth
Ep 12600/15000 | R= 1436.8 | Fuel=678.9mL | Wait= 282s | Steps=38.4 | Reach=98% | ε=0.050 | Loss=162.593 | t=10248s
          ├ 토폴로지 도달률(최근50): gangnam_clean_topology=100%
          ├ OD별 도달률(최근200): rnd0=100%(n200)  rnd1=100%(n200)  rnd10=100%(n200)  rnd11=99%(n200)  rnd12=100%(n200)  rnd13=100%(n200)  rnd14=98%(n200)  rnd15=100%(n200)  rnd16=100%(n200)  rnd17=100%(n200)  rnd18=100%(n200)  rnd19=100%(n200)  rnd2=100%(n200)  rnd20=100%(n200)  rnd21=98%(n200)  rnd22=100%(n200)  rnd23=99%(n200)  rnd24=98%(n200)  rnd25=100%(n200)  rnd26=100%(n200)  rnd27=100%(n200)  rnd28=100%(n200)  rnd29=100%(n200)  rnd3=99%(n200)  rnd4=100%(n200)  rnd5=100%(n200)  rnd6=100%(n200)  rnd7=100%(n200)  rnd8=98%(n200)  rnd9=100%(n200)
          └ 이동 분포: straight=68%  left=16%  right=16%
Ep 12700/15000 | R= 1408.3 | Fuel=713.1mL | Wait= 313s | Steps=41.7 | Reach=99% | ε=0.050 | Loss=177.376 | t=10335s
          ├ 토폴로지 도달률(최근50): gangnam_clean_topology=100%
          ├ OD별 도달률(최근200): rnd0=100%(n200)  rnd1=100%(n200)  rnd10=100%(n200)  rnd11=98%(n200)  rnd12=100%(n200)  rnd13=100%(n200)  rnd14=98%(n200)  rnd15=100%(n200)  rnd16=100%(n200)  rnd17=100%(n200)  rnd18=100%(n200)  rnd19=100%(n200)  rnd2=100%(n200)  rnd20=100%(n200)  rnd21=98%(n200)  rnd22=100%(n200)  rnd23=99%(n200)  rnd24=98%(n200)  rnd25=100%(n200)  rnd26=100%(n200)  rnd27=100%(n200)  rnd28=100%(n200)  rnd29=100%(n200)  rnd3=99%(n200)  rnd4=100%(n200)  rnd5=100%(n200)  rnd6=100%(n200)  rnd7=100%(n200)  rnd8=98%(n200)  rnd9=100%(n200)
          └ 이동 분포: straight=70%  left=15%  right=15%
Ep 12800/15000 | R= 1284.7 | Fuel=839.8mL | Wait= 360s | Steps=47.6 | Reach=99% | ε=0.050 | Loss=150.186 | t=10413s
          ├ 토폴로지 도달률(최근50): gangnam_clean_topology=98%
          ├ OD별 도달률(최근200): rnd0=100%(n200)  rnd1=100%(n200)  rnd10=100%(n200)  rnd11=98%(n200)  rnd12=100%(n200)  rnd13=100%(n200)  rnd14=98%(n200)  rnd15=100%(n200)  rnd16=100%(n200)  rnd17=100%(n200)  rnd18=100%(n200)  rnd19=100%(n200)  rnd2=100%(n200)  rnd20=100%(n200)  rnd21=98%(n200)  rnd22=100%(n200)  rnd23=99%(n200)  rnd24=98%(n200)  rnd25=100%(n200)  rnd26=100%(n200)  rnd27=100%(n200)  rnd28=100%(n200)  rnd29=100%(n200)  rnd3=99%(n200)  rnd4=100%(n200)  rnd5=100%(n200)  rnd6=100%(n200)  rnd7=100%(n200)  rnd8=98%(n200)  rnd9=100%(n200)
          └ 이동 분포: straight=70%  left=14%  right=17%
Ep 12900/15000 | R= 1444.9 | Fuel=725.3mL | Wait= 289s | Steps=40.2 | Reach=100% | ε=0.050 | Loss=140.078 | t=10463s
          ├ 토폴로지 도달률(최근50): gangnam_clean_topology=100%
          ├ OD별 도달률(최근200): rnd0=100%(n200)  rnd1=100%(n200)  rnd10=100%(n200)  rnd11=98%(n200)  rnd12=100%(n200)  rnd13=100%(n200)  rnd14=98%(n200)  rnd15=100%(n200)  rnd16=100%(n200)  rnd17=100%(n200)  rnd18=100%(n200)  rnd19=100%(n200)  rnd2=100%(n200)  rnd20=100%(n200)  rnd21=98%(n200)  rnd22=100%(n200)  rnd23=99%(n200)  rnd24=98%(n200)  rnd25=100%(n200)  rnd26=100%(n200)  rnd27=100%(n200)  rnd28=100%(n200)  rnd29=100%(n200)  rnd3=99%(n200)  rnd4=100%(n200)  rnd5=100%(n200)  rnd6=100%(n200)  rnd7=100%(n200)  rnd8=98%(n200)  rnd9=100%(n200)
          └ 이동 분포: straight=71%  left=15%  right=14%
Ep 13000/15000 | R= 1397.6 | Fuel=765.5mL | Wait= 323s | Steps=41.7 | Reach=100% | ε=0.050 | Loss=137.536 | t=10527s
          ├ 토폴로지 도달률(최근50): gangnam_clean_topology=100%
          ├ OD별 도달률(최근200): rnd0=100%(n200)  rnd1=100%(n200)  rnd10=100%(n200)  rnd11=98%(n200)  rnd12=100%(n200)  rnd13=100%(n200)  rnd14=98%(n200)  rnd15=100%(n200)  rnd16=100%(n200)  rnd17=100%(n200)  rnd18=100%(n200)  rnd19=100%(n200)  rnd2=100%(n200)  rnd20=100%(n200)  rnd21=98%(n200)  rnd22=100%(n200)  rnd23=99%(n200)  rnd24=98%(n200)  rnd25=100%(n200)  rnd26=100%(n200)  rnd27=100%(n200)  rnd28=100%(n200)  rnd29=100%(n200)  rnd3=99%(n200)  rnd4=100%(n200)  rnd5=100%(n200)  rnd6=100%(n200)  rnd7=100%(n200)  rnd8=98%(n200)  rnd9=100%(n200)
          └ 이동 분포: straight=71%  left=14%  right=15%
Ep 13100/15000 | R= 1493.3 | Fuel=683.2mL | Wait= 267s | Steps=37.1 | Reach=100% | ε=0.050 | Loss=133.840 | t=10588s
          ├ 토폴로지 도달률(최근50): gangnam_clean_topology=100%
          ├ OD별 도달률(최근200): rnd0=100%(n200)  rnd1=100%(n200)  rnd10=100%(n200)  rnd11=98%(n200)  rnd12=100%(n200)  rnd13=100%(n200)  rnd14=98%(n200)  rnd15=100%(n200)  rnd16=100%(n200)  rnd17=100%(n200)  rnd18=100%(n200)  rnd19=100%(n200)  rnd2=100%(n200)  rnd20=100%(n200)  rnd21=98%(n200)  rnd22=100%(n200)  rnd23=99%(n200)  rnd24=98%(n200)  rnd25=100%(n200)  rnd26=100%(n200)  rnd27=100%(n200)  rnd28=100%(n200)  rnd29=100%(n200)  rnd3=99%(n200)  rnd4=100%(n200)  rnd5=100%(n200)  rnd6=100%(n200)  rnd7=100%(n200)  rnd8=98%(n200)  rnd9=100%(n200)
          └ 이동 분포: straight=71%  left=13%  right=16%
Ep 13200/15000 | R= 1513.0 | Fuel=661.7mL | Wait= 273s | Steps=40.0 | Reach=100% | ε=0.050 | Loss=123.622 | t=10673s
          ├ 토폴로지 도달률(최근50): gangnam_clean_topology=100%
          ├ OD별 도달률(최근200): rnd0=100%(n200)  rnd1=100%(n200)  rnd10=100%(n200)  rnd11=98%(n200)  rnd12=100%(n200)  rnd13=100%(n200)  rnd14=98%(n200)  rnd15=100%(n200)  rnd16=100%(n200)  rnd17=100%(n200)  rnd18=100%(n200)  rnd19=100%(n200)  rnd2=100%(n200)  rnd20=100%(n200)  rnd21=98%(n200)  rnd22=100%(n200)  rnd23=99%(n200)  rnd24=98%(n200)  rnd25=100%(n200)  rnd26=100%(n200)  rnd27=100%(n200)  rnd28=100%(n200)  rnd29=100%(n200)  rnd3=99%(n200)  rnd4=100%(n200)  rnd5=100%(n200)  rnd6=100%(n200)  rnd7=100%(n200)  rnd8=98%(n200)  rnd9=100%(n200)
          └ 이동 분포: straight=71%  left=14%  right=15%
Ep 13300/15000 | R= 1323.7 | Fuel=801.6mL | Wait= 349s | Steps=45.3 | Reach=99% | ε=0.050 | Loss=156.969 | t=10773s
          ├ 토폴로지 도달률(최근50): gangnam_clean_topology=100%
          ├ OD별 도달률(최근200): rnd0=100%(n200)  rnd1=100%(n200)  rnd10=100%(n200)  rnd11=98%(n200)  rnd12=100%(n200)  rnd13=100%(n200)  rnd14=98%(n200)  rnd15=100%(n200)  rnd16=100%(n200)  rnd17=100%(n200)  rnd18=100%(n200)  rnd19=100%(n200)  rnd2=100%(n200)  rnd20=100%(n200)  rnd21=98%(n200)  rnd22=100%(n200)  rnd23=99%(n200)  rnd24=98%(n200)  rnd25=100%(n200)  rnd26=100%(n200)  rnd27=100%(n200)  rnd28=100%(n200)  rnd29=100%(n200)  rnd3=99%(n200)  rnd4=100%(n200)  rnd5=100%(n200)  rnd6=100%(n200)  rnd7=100%(n200)  rnd8=98%(n200)  rnd9=100%(n200)
          └ 이동 분포: straight=69%  left=15%  right=16%
Ep 13400/15000 | R= 1504.2 | Fuel=663.9mL | Wait= 276s | Steps=38.0 | Reach=100% | ε=0.050 | Loss=133.604 | t=10846s
          ├ 토폴로지 도달률(최근50): gangnam_clean_topology=100%
          ├ OD별 도달률(최근200): rnd0=100%(n200)  rnd1=100%(n200)  rnd10=100%(n200)  rnd11=98%(n200)  rnd12=100%(n200)  rnd13=100%(n200)  rnd14=98%(n200)  rnd15=100%(n200)  rnd16=100%(n200)  rnd17=100%(n200)  rnd18=100%(n200)  rnd19=100%(n200)  rnd2=100%(n200)  rnd20=100%(n200)  rnd21=98%(n200)  rnd22=100%(n200)  rnd23=99%(n200)  rnd24=98%(n200)  rnd25=100%(n200)  rnd26=100%(n200)  rnd27=100%(n200)  rnd28=100%(n200)  rnd29=100%(n200)  rnd3=99%(n200)  rnd4=100%(n200)  rnd5=100%(n200)  rnd6=100%(n200)  rnd7=100%(n200)  rnd8=98%(n200)  rnd9=100%(n200)
          └ 이동 분포: straight=70%  left=14%  right=15%
Ep 13500/15000 | R= 1390.3 | Fuel=747.2mL | Wait= 310s | Steps=41.5 | Reach=99% | ε=0.050 | Loss=160.044 | t=10913s
          ├ 토폴로지 도달률(최근50): gangnam_clean_topology=100%
          ├ OD별 도달률(최근200): rnd0=100%(n200)  rnd1=100%(n200)  rnd10=100%(n200)  rnd11=98%(n200)  rnd12=100%(n200)  rnd13=100%(n200)  rnd14=98%(n200)  rnd15=100%(n200)  rnd16=100%(n200)  rnd17=100%(n200)  rnd18=100%(n200)  rnd19=100%(n200)  rnd2=100%(n200)  rnd20=100%(n200)  rnd21=98%(n200)  rnd22=100%(n200)  rnd23=99%(n200)  rnd24=97%(n200)  rnd25=100%(n200)  rnd26=100%(n200)  rnd27=100%(n200)  rnd28=100%(n200)  rnd29=100%(n200)  rnd3=100%(n200)  rnd4=100%(n200)  rnd5=100%(n200)  rnd6=100%(n200)  rnd7=100%(n200)  rnd8=98%(n200)  rnd9=100%(n200)
          └ 이동 분포: straight=71%  left=14%  right=15%
Ep 13600/15000 | R= 1392.0 | Fuel=751.3mL | Wait= 293s | Steps=41.9 | Reach=100% | ε=0.050 | Loss=142.511 | t=10985s
          ├ 토폴로지 도달률(최근50): gangnam_clean_topology=100%
          ├ OD별 도달률(최근200): rnd0=100%(n200)  rnd1=100%(n200)  rnd10=100%(n200)  rnd11=98%(n200)  rnd12=100%(n200)  rnd13=100%(n200)  rnd14=98%(n200)  rnd15=100%(n200)  rnd16=100%(n200)  rnd17=100%(n200)  rnd18=100%(n200)  rnd19=100%(n200)  rnd2=100%(n200)  rnd20=100%(n200)  rnd21=98%(n200)  rnd22=100%(n200)  rnd23=99%(n200)  rnd24=97%(n200)  rnd25=100%(n200)  rnd26=100%(n200)  rnd27=100%(n200)  rnd28=100%(n200)  rnd29=100%(n200)  rnd3=100%(n200)  rnd4=100%(n200)  rnd5=100%(n200)  rnd6=100%(n200)  rnd7=100%(n200)  rnd8=98%(n200)  rnd9=100%(n200)
          └ 이동 분포: straight=70%  left=15%  right=15%
Ep 13700/15000 | R= 1289.4 | Fuel=775.6mL | Wait= 346s | Steps=45.7 | Reach=98% | ε=0.050 | Loss=144.455 | t=11060s
          ├ 토폴로지 도달률(최근50): gangnam_clean_topology=96%
          ├ OD별 도달률(최근200): rnd0=100%(n200)  rnd1=100%(n200)  rnd10=100%(n200)  rnd11=98%(n200)  rnd12=100%(n200)  rnd13=100%(n200)  rnd14=98%(n200)  rnd15=100%(n200)  rnd16=100%(n200)  rnd17=100%(n200)  rnd18=100%(n200)  rnd19=100%(n200)  rnd2=100%(n200)  rnd20=100%(n200)  rnd21=98%(n200)  rnd22=100%(n200)  rnd23=99%(n200)  rnd24=98%(n200)  rnd25=100%(n200)  rnd26=100%(n200)  rnd27=100%(n200)  rnd28=100%(n200)  rnd29=100%(n200)  rnd3=100%(n200)  rnd4=100%(n200)  rnd5=100%(n200)  rnd6=100%(n200)  rnd7=100%(n200)  rnd8=98%(n200)  rnd9=100%(n200)
          └ 이동 분포: straight=70%  left=16%  right=14%
Ep 13800/15000 | R= 1489.5 | Fuel=660.3mL | Wait= 275s | Steps=37.7 | Reach=99% | ε=0.050 | Loss=154.714 | t=11129s
          ├ 토폴로지 도달률(최근50): gangnam_clean_topology=98%
          ├ OD별 도달률(최근200): rnd0=100%(n200)  rnd1=100%(n200)  rnd10=100%(n200)  rnd11=99%(n200)  rnd12=100%(n200)  rnd13=100%(n200)  rnd14=98%(n200)  rnd15=100%(n200)  rnd16=100%(n200)  rnd17=100%(n200)  rnd18=100%(n200)  rnd19=100%(n200)  rnd2=100%(n200)  rnd20=100%(n200)  rnd21=98%(n200)  rnd22=100%(n200)  rnd23=99%(n200)  rnd24=98%(n200)  rnd25=100%(n200)  rnd26=100%(n200)  rnd27=100%(n200)  rnd28=100%(n200)  rnd29=100%(n200)  rnd3=100%(n200)  rnd4=100%(n200)  rnd5=100%(n200)  rnd6=100%(n200)  rnd7=100%(n200)  rnd8=98%(n200)  rnd9=100%(n200)
          └ 이동 분포: straight=70%  left=14%  right=15%
Ep 13900/15000 | R= 1467.9 | Fuel=701.7mL | Wait= 298s | Steps=39.4 | Reach=100% | ε=0.050 | Loss=152.205 | t=11208s
          ├ 토폴로지 도달률(최근50): gangnam_clean_topology=100%
          ├ OD별 도달률(최근200): rnd0=100%(n200)  rnd1=100%(n200)  rnd10=100%(n200)  rnd11=99%(n200)  rnd12=100%(n200)  rnd13=100%(n200)  rnd14=98%(n200)  rnd15=100%(n200)  rnd16=100%(n200)  rnd17=100%(n200)  rnd18=100%(n200)  rnd19=100%(n200)  rnd2=100%(n200)  rnd20=100%(n200)  rnd21=98%(n200)  rnd22=100%(n200)  rnd23=99%(n200)  rnd24=98%(n200)  rnd25=100%(n200)  rnd26=100%(n200)  rnd27=100%(n200)  rnd28=100%(n200)  rnd29=100%(n200)  rnd3=100%(n200)  rnd4=100%(n200)  rnd5=100%(n200)  rnd6=100%(n200)  rnd7=100%(n200)  rnd8=98%(n200)  rnd9=100%(n200)
          └ 이동 분포: straight=72%  left=13%  right=14%
Ep 14000/15000 | R= 1552.6 | Fuel=623.8mL | Wait= 229s | Steps=35.4 | Reach=100% | ε=0.050 | Loss=152.082 | t=11272s
          ├ 토폴로지 도달률(최근50): gangnam_clean_topology=100%
          ├ OD별 도달률(최근200): rnd0=100%(n200)  rnd1=100%(n200)  rnd10=100%(n200)  rnd11=99%(n200)  rnd12=100%(n200)  rnd13=100%(n200)  rnd14=98%(n200)  rnd15=100%(n200)  rnd16=100%(n200)  rnd17=100%(n200)  rnd18=100%(n200)  rnd19=100%(n200)  rnd2=100%(n200)  rnd20=100%(n200)  rnd21=98%(n200)  rnd22=100%(n200)  rnd23=99%(n200)  rnd24=98%(n200)  rnd25=100%(n200)  rnd26=100%(n200)  rnd27=100%(n200)  rnd28=100%(n200)  rnd29=100%(n200)  rnd3=100%(n200)  rnd4=100%(n200)  rnd5=100%(n200)  rnd6=100%(n200)  rnd7=100%(n200)  rnd8=98%(n200)  rnd9=100%(n200)
          └ 이동 분포: straight=69%  left=15%  right=17%
Ep 14100/15000 | R= 1527.8 | Fuel=634.2mL | Wait= 253s | Steps=34.7 | Reach=100% | ε=0.050 | Loss=142.830 | t=11347s
          ├ 토폴로지 도달률(최근50): gangnam_clean_topology=100%
          ├ OD별 도달률(최근200): rnd0=100%(n200)  rnd1=100%(n200)  rnd10=100%(n200)  rnd11=99%(n200)  rnd12=100%(n200)  rnd13=100%(n200)  rnd14=98%(n200)  rnd15=100%(n200)  rnd16=100%(n200)  rnd17=100%(n200)  rnd18=100%(n200)  rnd19=100%(n200)  rnd2=100%(n200)  rnd20=100%(n200)  rnd21=98%(n200)  rnd22=100%(n200)  rnd23=99%(n200)  rnd24=98%(n200)  rnd25=100%(n200)  rnd26=100%(n200)  rnd27=100%(n200)  rnd28=100%(n200)  rnd29=100%(n200)  rnd3=100%(n200)  rnd4=100%(n200)  rnd5=100%(n200)  rnd6=100%(n200)  rnd7=100%(n200)  rnd8=98%(n200)  rnd9=100%(n200)
          └ 이동 분포: straight=68%  left=16%  right=16%
Ep 14200/15000 | R= 1468.1 | Fuel=700.5mL | Wait= 280s | Steps=39.8 | Reach=100% | ε=0.050 | Loss=126.702 | t=11407s
          ├ 토폴로지 도달률(최근50): gangnam_clean_topology=100%
          ├ OD별 도달률(최근200): rnd0=100%(n200)  rnd1=100%(n200)  rnd10=100%(n200)  rnd11=99%(n200)  rnd12=100%(n200)  rnd13=100%(n200)  rnd14=98%(n200)  rnd15=100%(n200)  rnd16=100%(n200)  rnd17=100%(n200)  rnd18=100%(n200)  rnd19=100%(n200)  rnd2=100%(n200)  rnd20=100%(n200)  rnd21=98%(n200)  rnd22=100%(n200)  rnd23=99%(n200)  rnd24=98%(n200)  rnd25=100%(n200)  rnd26=100%(n200)  rnd27=100%(n200)  rnd28=100%(n200)  rnd29=100%(n200)  rnd3=100%(n200)  rnd4=100%(n200)  rnd5=100%(n200)  rnd6=100%(n200)  rnd7=100%(n200)  rnd8=98%(n200)  rnd9=100%(n200)
          └ 이동 분포: straight=72%  left=14%  right=15%
Ep 14300/15000 | R= 1247.4 | Fuel=828.6mL | Wait= 347s | Steps=46.4 | Reach=99% | ε=0.050 | Loss=124.820 | t=11492s
          ├ 토폴로지 도달률(최근50): gangnam_clean_topology=98%
          ├ OD별 도달률(최근200): rnd0=100%(n200)  rnd1=100%(n200)  rnd10=100%(n200)  rnd11=99%(n200)  rnd12=100%(n200)  rnd13=100%(n200)  rnd14=98%(n200)  rnd15=100%(n200)  rnd16=100%(n200)  rnd17=100%(n200)  rnd18=100%(n200)  rnd19=100%(n200)  rnd2=100%(n200)  rnd20=100%(n200)  rnd21=98%(n200)  rnd22=100%(n200)  rnd23=99%(n200)  rnd24=98%(n200)  rnd25=100%(n200)  rnd26=100%(n200)  rnd27=100%(n200)  rnd28=100%(n200)  rnd29=100%(n200)  rnd3=100%(n200)  rnd4=100%(n200)  rnd5=99%(n200)  rnd6=100%(n200)  rnd7=100%(n200)  rnd8=98%(n200)  rnd9=100%(n200)
          └ 이동 분포: straight=68%  left=17%  right=15%
Ep 14400/15000 | R= 1506.9 | Fuel=631.5mL | Wait= 252s | Steps=36.8 | Reach=99% | ε=0.050 | Loss=153.142 | t=11575s
          ├ 토폴로지 도달률(최근50): gangnam_clean_topology=98%
          ├ OD별 도달률(최근200): rnd0=100%(n200)  rnd1=100%(n200)  rnd10=100%(n200)  rnd11=99%(n200)  rnd12=100%(n200)  rnd13=100%(n200)  rnd14=98%(n200)  rnd15=100%(n200)  rnd16=100%(n200)  rnd17=100%(n200)  rnd18=100%(n200)  rnd19=100%(n200)  rnd2=100%(n200)  rnd20=100%(n200)  rnd21=98%(n200)  rnd22=100%(n200)  rnd23=99%(n200)  rnd24=98%(n200)  rnd25=100%(n200)  rnd26=100%(n200)  rnd27=100%(n200)  rnd28=100%(n200)  rnd29=100%(n200)  rnd3=100%(n200)  rnd4=100%(n200)  rnd5=99%(n200)  rnd6=100%(n200)  rnd7=100%(n200)  rnd8=98%(n200)  rnd9=100%(n200)
          └ 이동 분포: straight=70%  left=15%  right=15%
Ep 14500/15000 | R= 1381.1 | Fuel=741.0mL | Wait= 309s | Steps=41.8 | Reach=99% | ε=0.050 | Loss=143.943 | t=11657s
          ├ 토폴로지 도달률(최근50): gangnam_clean_topology=98%
          ├ OD별 도달률(최근200): rnd0=100%(n200)  rnd1=100%(n200)  rnd10=100%(n200)  rnd11=99%(n200)  rnd12=100%(n200)  rnd13=100%(n200)  rnd14=98%(n200)  rnd15=100%(n200)  rnd16=100%(n200)  rnd17=100%(n200)  rnd18=100%(n200)  rnd19=100%(n200)  rnd2=100%(n200)  rnd20=100%(n200)  rnd21=98%(n200)  rnd22=100%(n200)  rnd23=99%(n200)  rnd24=97%(n200)  rnd25=100%(n200)  rnd26=100%(n200)  rnd27=100%(n200)  rnd28=100%(n200)  rnd29=100%(n200)  rnd3=100%(n200)  rnd4=100%(n200)  rnd5=99%(n200)  rnd6=100%(n200)  rnd7=100%(n200)  rnd8=98%(n200)  rnd9=100%(n200)
          └ 이동 분포: straight=70%  left=15%  right=16%
Ep 14600/15000 | R= 1416.2 | Fuel=699.9mL | Wait= 306s | Steps=39.9 | Reach=99% | ε=0.050 | Loss=137.169 | t=11735s
          ├ 토폴로지 도달률(최근50): gangnam_clean_topology=100%
          ├ OD별 도달률(최근200): rnd0=100%(n200)  rnd1=100%(n200)  rnd10=100%(n200)  rnd11=99%(n200)  rnd12=100%(n200)  rnd13=100%(n200)  rnd14=98%(n200)  rnd15=100%(n200)  rnd16=100%(n200)  rnd17=100%(n200)  rnd18=100%(n200)  rnd19=100%(n200)  rnd2=100%(n200)  rnd20=100%(n200)  rnd21=98%(n200)  rnd22=100%(n200)  rnd23=99%(n200)  rnd24=97%(n200)  rnd25=100%(n200)  rnd26=100%(n200)  rnd27=100%(n200)  rnd28=100%(n200)  rnd29=100%(n200)  rnd3=100%(n200)  rnd4=100%(n200)  rnd5=99%(n200)  rnd6=100%(n200)  rnd7=100%(n200)  rnd8=98%(n200)  rnd9=100%(n200)
          └ 이동 분포: straight=67%  left=14%  right=19%
Ep 14700/15000 | R= 1441.8 | Fuel=724.7mL | Wait= 292s | Steps=41.1 | Reach=100% | ε=0.050 | Loss=183.493 | t=11823s
          ├ 토폴로지 도달률(최근50): gangnam_clean_topology=100%
          ├ OD별 도달률(최근200): rnd0=100%(n200)  rnd1=100%(n200)  rnd10=100%(n200)  rnd11=99%(n200)  rnd12=100%(n200)  rnd13=100%(n200)  rnd14=98%(n200)  rnd15=100%(n200)  rnd16=100%(n200)  rnd17=100%(n200)  rnd18=100%(n200)  rnd19=100%(n200)  rnd2=100%(n200)  rnd20=100%(n200)  rnd21=98%(n200)  rnd22=100%(n200)  rnd23=99%(n200)  rnd24=97%(n200)  rnd25=100%(n200)  rnd26=100%(n200)  rnd27=100%(n200)  rnd28=100%(n200)  rnd29=100%(n200)  rnd3=100%(n200)  rnd4=100%(n200)  rnd5=99%(n200)  rnd6=100%(n200)  rnd7=100%(n200)  rnd8=98%(n200)  rnd9=100%(n200)
          └ 이동 분포: straight=70%  left=14%  right=16%
Ep 14800/15000 | R= 1441.8 | Fuel=719.0mL | Wait= 305s | Steps=41.9 | Reach=100% | ε=0.050 | Loss=170.646 | t=11907s
          ├ 토폴로지 도달률(최근50): gangnam_clean_topology=100%
          ├ OD별 도달률(최근200): rnd0=100%(n200)  rnd1=100%(n200)  rnd10=100%(n200)  rnd11=99%(n200)  rnd12=100%(n200)  rnd13=100%(n200)  rnd14=98%(n200)  rnd15=100%(n200)  rnd16=100%(n200)  rnd17=100%(n200)  rnd18=100%(n200)  rnd19=100%(n200)  rnd2=100%(n200)  rnd20=100%(n200)  rnd21=98%(n200)  rnd22=100%(n200)  rnd23=99%(n200)  rnd24=97%(n200)  rnd25=100%(n200)  rnd26=100%(n200)  rnd27=100%(n200)  rnd28=100%(n200)  rnd29=100%(n200)  rnd3=100%(n200)  rnd4=100%(n200)  rnd5=99%(n200)  rnd6=100%(n200)  rnd7=100%(n200)  rnd8=98%(n200)  rnd9=100%(n200)
          └ 이동 분포: straight=71%  left=14%  right=14%
Ep 14900/15000 | R= 1474.5 | Fuel=695.3mL | Wait= 266s | Steps=38.5 | Reach=100% | ε=0.050 | Loss=157.878 | t=11992s
          ├ 토폴로지 도달률(최근50): gangnam_clean_topology=100%
          ├ OD별 도달률(최근200): rnd0=100%(n200)  rnd1=100%(n200)  rnd10=100%(n200)  rnd11=99%(n200)  rnd12=100%(n200)  rnd13=100%(n200)  rnd14=98%(n200)  rnd15=100%(n200)  rnd16=100%(n200)  rnd17=100%(n200)  rnd18=100%(n200)  rnd19=100%(n200)  rnd2=100%(n200)  rnd20=100%(n200)  rnd21=98%(n200)  rnd22=100%(n200)  rnd23=99%(n200)  rnd24=97%(n200)  rnd25=100%(n200)  rnd26=100%(n200)  rnd27=100%(n200)  rnd28=100%(n200)  rnd29=100%(n200)  rnd3=100%(n200)  rnd4=100%(n200)  rnd5=99%(n200)  rnd6=100%(n200)  rnd7=100%(n200)  rnd8=98%(n200)  rnd9=100%(n200)
          └ 이동 분포: straight=72%  left=15%  right=14%
Ep 15000/15000 | R= 1408.5 | Fuel=758.6mL | Wait= 309s | Steps=42.2 | Reach=100% | ε=0.050 | Loss=145.415 | t=12079s
          ├ 토폴로지 도달률(최근50): gangnam_clean_topology=100%
          ├ OD별 도달률(최근200): rnd0=100%(n200)  rnd1=100%(n200)  rnd10=100%(n200)  rnd11=99%(n200)  rnd12=100%(n200)  rnd13=100%(n200)  rnd14=98%(n200)  rnd15=100%(n200)  rnd16=100%(n200)  rnd17=100%(n200)  rnd18=100%(n200)  rnd19=100%(n200)  rnd2=100%(n200)  rnd20=100%(n200)  rnd21=98%(n200)  rnd22=100%(n200)  rnd23=99%(n200)  rnd24=97%(n200)  rnd25=100%(n200)  rnd26=100%(n200)  rnd27=100%(n200)  rnd28=100%(n200)  rnd29=100%(n200)  rnd3=100%(n200)  rnd4=100%(n200)  rnd5=99%(n200)  rnd6=100%(n200)  rnd7=100%(n200)  rnd8=98%(n200)  rnd9=100%(n200)
          └ 이동 분포: straight=72%  left=14%  right=15%
  [체크포인트] model_rl_base_ep15000.pth

============================================================
 학습 완료 | 최종 도달률(최근200): 100.0%
 최고 도달률: 100.0%  → model_rl_base_best.pth
 모델 저장 → models/model_rl_base.pth
============================================================

