/home/hjj/2605_E-Nudge_traffic_RL_V2/venv/lib/python3.13/site-packages/torch/cuda/__init__.py:187: UserWarning: CUDA initialization: The NVIDIA driver on your system is too old (found version 12020). Please update your GPU driver by downloading and installing a new version from the URL: http://www.nvidia.com/Download/index.aspx Alternatively, go to: https://pytorch.org to install a PyTorch version that has been compiled with your version of the CUDA driver. (Triggered internally at /pytorch/c10/cuda/CUDAFunctions.cpp:119.)
  return torch._C._cuda_getDeviceCount() > 0

============================================================
 학습 시작 | mode=attention | use_signal=True
 episodes=25000 | batch=128
 memory=80000 | warmup=2000 steps
 학습 토폴로지 (3개):
   - gangnam_topology_add     w=0.50 nodes=1995 routes=20 max_steps=300
   - 10x10_topology           w=0.30 nodes=100 routes=16 max_steps=300
   - 6x6_cross_topology       w=0.20 nodes=36 routes=12 max_steps=300
 ε: 1.0 → 0.05 (decay=0.999975, ~119828ep)
 shaping_w=1500.0  uturn_penalty=300.0  revisit_penalty=50.0  arrival_bonus=700.0
 dynamic_od_boost=False (floor=0.15)
 penalty_anneal_frac=0.6 floor=0.15
============================================================
Ep  100/25000 | R=-10689.6 | Fuel=4711.2mL | Wait=3269s | Steps=166.3 | Reach=36% | ε=0.694 | Loss=1889.709 | t=183s
          ├ 토폴로지 도달률(최근50): 10x10_topology=58%  6x6_cross_topology=100%  gangnam_topology_add=8%
          ├ OD별 도달률(최근200): rnd0=60%(n5)  rnd1=25%(n4)  rnd10=50%(n8)  rnd11=50%(n4)  rnd12=0%(n3)  rnd13=14%(n7)  rnd14=50%(n4)  rnd15=0%(n7)  rnd16=0%(n1)  rnd17=0%(n3)  rnd18=0%(n2)  rnd19=0%(n2)  rnd2=17%(n6)  rnd3=50%(n4)  rnd4=38%(n8)  rnd5=62%(n8)  rnd6=50%(n4)  rnd7=0%(n3)  rnd8=73%(n11)  rnd9=33%(n6)
          └ 이동 분포: straight=52%  left=19%  right=29%
Ep  200/25000 | R=-7190.4 | Fuel=3472.1mL | Wait=2579s | Steps=130.2 | Reach=54% | ε=0.501 | Loss=1956.823 | t=354s
          ├ 토폴로지 도달률(최근50): 10x10_topology=76%  6x6_cross_topology=100%  gangnam_topology_add=10%
          ├ OD별 도달률(최근200): rnd0=78%(n9)  rnd1=67%(n12)  rnd10=46%(n13)  rnd11=36%(n14)  rnd12=11%(n9)  rnd13=43%(n14)  rnd14=43%(n7)  rnd15=18%(n11)  rnd16=0%(n2)  rnd17=0%(n6)  rnd18=0%(n3)  rnd19=33%(n3)  rnd2=30%(n10)  rnd3=44%(n9)  rnd4=43%(n14)  rnd5=62%(n13)  rnd6=56%(n9)  rnd7=40%(n10)  rnd8=78%(n18)  rnd9=50%(n14)
          └ 이동 분포: straight=53%  left=19%  right=28%
Ep  300/25000 | R=-7242.4 | Fuel=3310.7mL | Wait=2637s | Steps=140.4 | Reach=44% | ε=0.353 | Loss=1921.726 | t=540s
          ├ 토폴로지 도달률(최근50): 10x10_topology=88%  6x6_cross_topology=100%  gangnam_topology_add=10%
          ├ OD별 도달률(최근200): rnd0=64%(n14)  rnd1=61%(n18)  rnd10=47%(n19)  rnd11=38%(n16)  rnd12=25%(n12)  rnd13=30%(n20)  rnd14=36%(n11)  rnd15=27%(n15)  rnd16=0%(n4)  rnd17=0%(n9)  rnd18=0%(n6)  rnd19=33%(n6)  rnd2=42%(n19)  rnd3=47%(n17)  rnd4=48%(n23)  rnd5=64%(n22)  rnd6=45%(n11)  rnd7=42%(n12)  rnd8=83%(n24)  rnd9=41%(n22)
          └ 이동 분포: straight=55%  left=17%  right=27%
Ep  400/25000 | R=-5587.8 | Fuel=2720.6mL | Wait=2073s | Steps=118.5 | Reach=57% | ε=0.262 | Loss=1968.108 | t=704s
          ├ 토폴로지 도달률(최근50): 10x10_topology=90%  6x6_cross_topology=100%  gangnam_topology_add=16%
          ├ OD별 도달률(최근200): rnd0=60%(n20)  rnd1=67%(n24)  rnd10=52%(n27)  rnd11=50%(n22)  rnd12=35%(n17)  rnd13=28%(n25)  rnd14=42%(n19)  rnd15=29%(n17)  rnd16=14%(n7)  rnd17=0%(n10)  rnd18=0%(n7)  rnd19=22%(n9)  rnd2=43%(n28)  rnd3=54%(n24)  rnd4=56%(n27)  rnd5=62%(n26)  rnd6=43%(n14)  rnd7=50%(n14)  rnd8=81%(n32)  rnd9=45%(n31)
          └ 이동 분포: straight=56%  left=17%  right=28%
Ep  500/25000 | R=-5147.5 | Fuel=2585.5mL | Wait=2059s | Steps=111.2 | Reach=54% | ε=0.199 | Loss=2144.554 | t=857s
          ├ 토폴로지 도달률(최근50): 10x10_topology=90%  6x6_cross_topology=100%  gangnam_topology_add=10%
          ├ OD별 도달률(최근200): rnd0=57%(n30)  rnd1=68%(n28)  rnd10=63%(n35)  rnd11=50%(n26)  rnd12=35%(n17)  rnd13=32%(n28)  rnd14=42%(n24)  rnd15=33%(n18)  rnd16=22%(n9)  rnd17=0%(n13)  rnd18=8%(n12)  rnd19=20%(n10)  rnd2=42%(n33)  rnd3=48%(n33)  rnd4=58%(n31)  rnd5=60%(n35)  rnd6=46%(n24)  rnd7=56%(n18)  rnd8=81%(n37)  rnd9=46%(n39)
          └ 이동 분포: straight=56%  left=16%  right=28%
Ep  600/25000 | R=-4351.4 | Fuel=2267.4mL | Wait=1695s | Steps=97.5 | Reach=56% | ε=0.156 | Loss=1993.793 | t=990s
          ├ 토폴로지 도달률(최근50): 10x10_topology=94%  6x6_cross_topology=100%  gangnam_topology_add=16%
          ├ OD별 도달률(최근200): rnd0=55%(n38)  rnd1=71%(n35)  rnd10=67%(n39)  rnd11=52%(n33)  rnd12=42%(n26)  rnd13=39%(n33)  rnd14=38%(n26)  rnd15=28%(n25)  rnd16=23%(n13)  rnd17=0%(n13)  rnd18=8%(n12)  rnd19=17%(n12)  rnd2=49%(n41)  rnd3=47%(n36)  rnd4=59%(n41)  rnd5=62%(n37)  rnd6=50%(n28)  rnd7=59%(n22)  rnd8=74%(n42)  rnd9=48%(n48)
          └ 이동 분포: straight=57%  left=16%  right=27%
Ep  700/25000 | R=-5079.7 | Fuel=2374.8mL | Wait=1960s | Steps=106.2 | Reach=51% | ε=0.119 | Loss=2066.011 | t=1140s
          ├ 토폴로지 도달률(최근50): 10x10_topology=94%  6x6_cross_topology=100%  gangnam_topology_add=14%
          ├ OD별 도달률(최근200): rnd0=53%(n43)  rnd1=68%(n44)  rnd10=71%(n49)  rnd11=48%(n42)  rnd12=50%(n30)  rnd13=38%(n37)  rnd14=37%(n30)  rnd15=25%(n28)  rnd16=18%(n17)  rnd17=0%(n13)  rnd18=8%(n13)  rnd19=14%(n14)  rnd2=53%(n45)  rnd3=50%(n40)  rnd4=54%(n50)  rnd5=60%(n47)  rnd6=53%(n34)  rnd7=58%(n26)  rnd8=73%(n45)  rnd9=49%(n53)
          └ 이동 분포: straight=56%  left=15%  right=29%
Ep  800/25000 | R=-4673.2 | Fuel=2468.9mL | Wait=2018s | Steps=109.4 | Reach=52% | ε=0.091 | Loss=1915.480 | t=1291s
          ├ 토폴로지 도달률(최근50): 10x10_topology=98%  6x6_cross_topology=100%  gangnam_topology_add=8%
          ├ OD별 도달률(최근200): rnd0=54%(n50)  rnd1=68%(n53)  rnd10=75%(n55)  rnd11=46%(n46)  rnd12=50%(n32)  rnd13=40%(n42)  rnd14=35%(n34)  rnd15=33%(n36)  rnd16=25%(n20)  rnd17=0%(n14)  rnd18=6%(n17)  rnd19=10%(n20)  rnd2=53%(n51)  rnd3=50%(n44)  rnd4=57%(n53)  rnd5=59%(n49)  rnd6=50%(n40)  rnd7=62%(n29)  rnd8=67%(n57)  rnd9=52%(n58)
          └ 이동 분포: straight=59%  left=15%  right=27%
Ep  900/25000 | R=-3352.1 | Fuel=2038.2mL | Wait=1627s | Steps=86.8 | Reach=56% | ε=0.073 | Loss=2030.687 | t=1412s
          ├ 토폴로지 도달률(최근50): 10x10_topology=96%  6x6_cross_topology=100%  gangnam_topology_add=12%
          ├ OD별 도달률(최근200): rnd0=56%(n57)  rnd1=70%(n61)  rnd10=75%(n59)  rnd11=48%(n54)  rnd12=47%(n38)  rnd13=42%(n45)  rnd14=34%(n38)  rnd15=32%(n37)  rnd16=28%(n25)  rnd17=0%(n16)  rnd18=5%(n19)  rnd19=13%(n23)  rnd2=52%(n56)  rnd3=53%(n47)  rnd4=56%(n62)  rnd5=58%(n57)  rnd6=50%(n48)  rnd7=60%(n35)  rnd8=68%(n62)  rnd9=54%(n61)
          └ 이동 분포: straight=58%  left=16%  right=26%
Ep 1000/25000 | R=-3569.7 | Fuel=1998.7mL | Wait=1666s | Steps=90.9 | Reach=50% | ε=0.058 | Loss=1971.997 | t=1542s
          ├ 토폴로지 도달률(최근50): 10x10_topology=90%  6x6_cross_topology=100%  gangnam_topology_add=20%
          ├ OD별 도달률(최근200): rnd0=58%(n62)  rnd1=68%(n63)  rnd10=78%(n67)  rnd11=52%(n62)  rnd12=49%(n45)  rnd13=40%(n47)  rnd14=30%(n44)  rnd15=29%(n41)  rnd16=31%(n29)  rnd17=0%(n19)  rnd18=5%(n21)  rnd19=10%(n29)  rnd2=53%(n62)  rnd3=53%(n51)  rnd4=59%(n70)  rnd5=58%(n60)  rnd6=51%(n53)  rnd7=57%(n40)  rnd8=68%(n69)  rnd9=53%(n66)
          └ 이동 분포: straight=61%  left=13%  right=26%
Ep 1100/25000 | R=-3271.8 | Fuel=1899.3mL | Wait=1470s | Steps=79.9 | Reach=58% | ε=0.050 | Loss=2100.286 | t=1655s
          ├ 토폴로지 도달률(최근50): 10x10_topology=88%  6x6_cross_topology=100%  gangnam_topology_add=22%
          ├ OD별 도달률(최근200): rnd0=56%(n66)  rnd1=68%(n75)  rnd10=78%(n74)  rnd11=52%(n69)  rnd12=46%(n52)  rnd13=38%(n55)  rnd14=32%(n50)  rnd15=30%(n43)  rnd16=30%(n30)  rnd17=0%(n21)  rnd18=8%(n25)  rnd19=10%(n29)  rnd2=55%(n71)  rnd3=55%(n60)  rnd4=58%(n72)  rnd5=59%(n61)  rnd6=54%(n56)  rnd7=58%(n43)  rnd8=71%(n76)  rnd9=54%(n72)
          └ 이동 분포: straight=57%  left=16%  right=27%
Ep 1200/25000 | R=-2547.2 | Fuel=1703.6mL | Wait=1304s | Steps=73.5 | Reach=56% | ε=0.050 | Loss=2287.906 | t=1762s
          ├ 토폴로지 도달률(최근50): 10x10_topology=94%  6x6_cross_topology=100%  gangnam_topology_add=14%
          ├ OD별 도달률(최근200): rnd0=59%(n75)  rnd1=63%(n86)  rnd10=78%(n76)  rnd11=53%(n75)  rnd12=50%(n56)  rnd13=39%(n56)  rnd14=32%(n53)  rnd15=35%(n51)  rnd16=30%(n30)  rnd17=0%(n22)  rnd18=7%(n29)  rnd19=10%(n29)  rnd2=55%(n77)  rnd3=59%(n66)  rnd4=59%(n80)  rnd5=57%(n68)  rnd6=56%(n59)  rnd7=55%(n53)  rnd8=71%(n80)  rnd9=53%(n79)
          └ 이동 분포: straight=62%  left=15%  right=23%
Ep 1300/25000 | R=-2453.7 | Fuel=1628.0mL | Wait=1122s | Steps=68.4 | Reach=59% | ε=0.050 | Loss=2369.009 | t=1863s
          ├ 토폴로지 도달률(최근50): 10x10_topology=100%  6x6_cross_topology=100%  gangnam_topology_add=18%
          ├ OD별 도달률(최근200): rnd0=58%(n79)  rnd1=66%(n97)  rnd10=78%(n81)  rnd11=55%(n80)  rnd12=52%(n62)  rnd13=42%(n62)  rnd14=31%(n54)  rnd15=35%(n54)  rnd16=29%(n34)  rnd17=0%(n27)  rnd18=6%(n31)  rnd19=9%(n32)  rnd2=56%(n84)  rnd3=60%(n68)  rnd4=56%(n84)  rnd5=57%(n76)  rnd6=58%(n69)  rnd7=56%(n59)  rnd8=72%(n82)  rnd9=55%(n85)
          └ 이동 분포: straight=58%  left=17%  right=24%
Ep 1400/25000 | R=-1974.8 | Fuel=1503.5mL | Wait=1126s | Steps=60.3 | Reach=56% | ε=0.050 | Loss=2653.558 | t=1952s
          ├ 토폴로지 도달률(최근50): 10x10_topology=100%  6x6_cross_topology=100%  gangnam_topology_add=8%
          ├ OD별 도달률(최근200): rnd0=62%(n89)  rnd1=66%(n105)  rnd10=76%(n83)  rnd11=55%(n88)  rnd12=51%(n71)  rnd13=42%(n66)  rnd14=31%(n55)  rnd15=38%(n56)  rnd16=28%(n36)  rnd17=0%(n29)  rnd18=6%(n35)  rnd19=11%(n36)  rnd2=57%(n90)  rnd3=59%(n76)  rnd4=57%(n86)  rnd5=59%(n81)  rnd6=59%(n76)  rnd7=55%(n62)  rnd8=70%(n89)  rnd9=57%(n91)
          └ 이동 분포: straight=59%  left=15%  right=26%
Ep 1500/25000 | R=-1763.6 | Fuel=1358.1mL | Wait= 968s | Steps=56.9 | Reach=55% | ε=0.050 | Loss=2307.905 | t=2034s
          ├ 토폴로지 도달률(최근50): 10x10_topology=98%  6x6_cross_topology=100%  gangnam_topology_add=12%
          ├ OD별 도달률(최근200): rnd0=63%(n94)  rnd1=66%(n111)  rnd10=75%(n91)  rnd11=55%(n94)  rnd12=52%(n75)  rnd13=41%(n71)  rnd14=29%(n63)  rnd15=37%(n60)  rnd16=27%(n37)  rnd17=0%(n32)  rnd18=8%(n37)  rnd19=11%(n37)  rnd2=57%(n99)  rnd3=60%(n78)  rnd4=55%(n91)  rnd5=59%(n88)  rnd6=59%(n83)  rnd7=58%(n66)  rnd8=71%(n96)  rnd9=59%(n97)
          └ 이동 분포: straight=59%  left=17%  right=24%
Ep 1600/25000 | R=-1004.5 | Fuel=1058.7mL | Wait= 643s | Steps=39.7 | Reach=48% | ε=0.050 | Loss=2411.882 | t=2090s
          ├ 토폴로지 도달률(최근50): 10x10_topology=96%  6x6_cross_topology=100%  gangnam_topology_add=4%
          ├ OD별 도달률(최근200): rnd0=63%(n104)  rnd1=64%(n117)  rnd10=75%(n96)  rnd11=56%(n99)  rnd12=52%(n81)  rnd13=41%(n78)  rnd14=29%(n66)  rnd15=36%(n64)  rnd16=27%(n37)  rnd17=0%(n35)  rnd18=8%(n39)  rnd19=10%(n40)  rnd2=56%(n105)  rnd3=60%(n81)  rnd4=57%(n97)  rnd5=59%(n93)  rnd6=56%(n91)  rnd7=54%(n74)  rnd8=71%(n102)  rnd9=59%(n101)
          └ 이동 분포: straight=59%  left=17%  right=24%
Ep 1700/25000 | R=-1050.7 | Fuel=1055.0mL | Wait= 669s | Steps=36.9 | Reach=55% | ε=0.050 | Loss=2479.869 | t=2143s
          ├ 토폴로지 도달률(최근50): 10x10_topology=98%  6x6_cross_topology=100%  gangnam_topology_add=4%
          ├ OD별 도달률(최근200): rnd0=64%(n110)  rnd1=63%(n126)  rnd10=75%(n101)  rnd11=55%(n102)  rnd12=51%(n86)  rnd13=42%(n83)  rnd14=29%(n70)  rnd15=35%(n66)  rnd16=26%(n39)  rnd17=0%(n37)  rnd18=9%(n44)  rnd19=9%(n44)  rnd2=58%(n111)  rnd3=62%(n90)  rnd4=58%(n105)  rnd5=59%(n99)  rnd6=57%(n95)  rnd7=56%(n81)  rnd8=70%(n105)  rnd9=60%(n106)
          └ 이동 분포: straight=59%  left=16%  right=25%
Ep 1800/25000 | R= -403.4 | Fuel=795.9mL | Wait= 453s | Steps=28.0 | Reach=59% | ε=0.050 | Loss=2276.079 | t=2183s
          ├ 토폴로지 도달률(최근50): 10x10_topology=100%  6x6_cross_topology=100%  gangnam_topology_add=14%
          ├ OD별 도달률(최근200): rnd0=64%(n114)  rnd1=62%(n133)  rnd10=77%(n109)  rnd11=56%(n104)  rnd12=49%(n89)  rnd13=40%(n89)  rnd14=31%(n74)  rnd15=35%(n74)  rnd16=24%(n42)  rnd17=0%(n38)  rnd18=9%(n46)  rnd19=9%(n44)  rnd2=57%(n115)  rnd3=65%(n97)  rnd4=59%(n116)  rnd5=60%(n106)  rnd6=57%(n99)  rnd7=53%(n88)  rnd8=72%(n113)  rnd9=59%(n110)
          └ 이동 분포: straight=63%  left=16%  right=21%
Ep 1900/25000 | R=-1010.8 | Fuel=1071.6mL | Wait= 695s | Steps=40.6 | Reach=53% | ε=0.050 | Loss=2151.157 | t=2242s
          ├ 토폴로지 도달률(최근50): 10x10_topology=100%  6x6_cross_topology=100%  gangnam_topology_add=2%
          ├ OD별 도달률(최근200): rnd0=66%(n122)  rnd1=62%(n138)  rnd10=78%(n112)  rnd11=56%(n111)  rnd12=49%(n93)  rnd13=40%(n90)  rnd14=32%(n81)  rnd15=36%(n80)  rnd16=22%(n46)  rnd17=0%(n39)  rnd18=8%(n50)  rnd19=9%(n47)  rnd2=58%(n122)  rnd3=64%(n105)  rnd4=61%(n121)  rnd5=58%(n112)  rnd6=59%(n104)  rnd7=53%(n99)  rnd8=72%(n113)  rnd9=59%(n115)
          └ 이동 분포: straight=63%  left=16%  right=22%
Ep 2000/25000 | R= -635.3 | Fuel=837.3mL | Wait= 513s | Steps=30.6 | Reach=53% | ε=0.050 | Loss=2220.106 | t=2286s
          ├ 토폴로지 도달률(최근50): 10x10_topology=98%  6x6_cross_topology=100%  gangnam_topology_add=2%
          ├ OD별 도달률(최근200): rnd0=65%(n127)  rnd1=61%(n147)  rnd10=79%(n118)  rnd11=56%(n121)  rnd12=50%(n98)  rnd13=39%(n97)  rnd14=34%(n86)  rnd15=36%(n80)  rnd16=21%(n47)  rnd17=0%(n39)  rnd18=8%(n52)  rnd19=8%(n48)  rnd2=57%(n127)  rnd3=63%(n112)  rnd4=61%(n126)  rnd5=58%(n121)  rnd6=58%(n109)  rnd7=53%(n107)  rnd8=71%(n117)  rnd9=59%(n121)
          └ 이동 분포: straight=59%  left=18%  right=23%
Ep 2100/25000 | R= -407.6 | Fuel=841.3mL | Wait= 497s | Steps=30.0 | Reach=59% | ε=0.050 | Loss=2318.525 | t=2331s
          ├ 토폴로지 도달률(최근50): 10x10_topology=96%  6x6_cross_topology=100%  gangnam_topology_add=6%
          ├ OD별 도달률(최근200): rnd0=65%(n133)  rnd1=61%(n154)  rnd10=80%(n122)  rnd11=55%(n132)  rnd12=50%(n104)  rnd13=41%(n100)  rnd14=36%(n91)  rnd15=37%(n84)  rnd16=21%(n47)  rnd17=0%(n44)  rnd18=8%(n53)  rnd19=8%(n50)  rnd2=58%(n133)  rnd3=64%(n118)  rnd4=61%(n131)  rnd5=58%(n122)  rnd6=59%(n116)  rnd7=54%(n110)  rnd8=69%(n125)  rnd9=59%(n131)
          └ 이동 분포: straight=63%  left=17%  right=20%
Ep 2200/25000 | R= -644.7 | Fuel=962.3mL | Wait= 565s | Steps=34.4 | Reach=58% | ε=0.050 | Loss=2289.535 | t=2379s
          ├ 토폴로지 도달률(최근50): 10x10_topology=98%  6x6_cross_topology=100%  gangnam_topology_add=4%
          ├ OD별 도달률(최근200): rnd0=66%(n138)  rnd1=61%(n160)  rnd10=80%(n126)  rnd11=54%(n142)  rnd12=50%(n107)  rnd13=44%(n111)  rnd14=37%(n95)  rnd15=37%(n89)  rnd16=20%(n49)  rnd17=0%(n45)  rnd18=7%(n54)  rnd19=7%(n54)  rnd2=59%(n140)  rnd3=66%(n122)  rnd4=60%(n136)  rnd5=59%(n124)  rnd6=59%(n123)  rnd7=53%(n117)  rnd8=69%(n129)  rnd9=60%(n139)
          └ 이동 분포: straight=63%  left=16%  right=21%
Ep 2300/25000 | R= -706.4 | Fuel=886.8mL | Wait= 575s | Steps=34.9 | Reach=52% | ε=0.050 | Loss=2052.450 | t=2429s
          ├ 토폴로지 도달률(최근50): 10x10_topology=100%  6x6_cross_topology=100%  gangnam_topology_add=6%
          ├ OD별 도달률(최근200): rnd0=65%(n144)  rnd1=61%(n166)  rnd10=80%(n128)  rnd11=55%(n150)  rnd12=50%(n115)  rnd13=43%(n113)  rnd14=37%(n95)  rnd15=37%(n92)  rnd16=19%(n52)  rnd17=2%(n49)  rnd18=7%(n55)  rnd19=7%(n58)  rnd2=60%(n144)  rnd3=66%(n127)  rnd4=59%(n145)  rnd5=59%(n130)  rnd6=59%(n131)  rnd7=53%(n126)  rnd8=69%(n132)  rnd9=59%(n148)
          └ 이동 분포: straight=60%  left=14%  right=26%
Ep 2400/25000 | R= -108.4 | Fuel=702.9mL | Wait= 416s | Steps=24.9 | Reach=64% | ε=0.050 | Loss=2140.175 | t=2465s
          ├ 토폴로지 도달률(최근50): 10x10_topology=100%  6x6_cross_topology=100%  gangnam_topology_add=8%
          ├ OD별 도달률(최근200): rnd0=65%(n149)  rnd1=61%(n172)  rnd10=81%(n132)  rnd11=57%(n159)  rnd12=50%(n119)  rnd13=42%(n118)  rnd14=38%(n96)  rnd15=36%(n97)  rnd16=19%(n53)  rnd17=2%(n50)  rnd18=11%(n57)  rnd19=7%(n60)  rnd2=59%(n148)  rnd3=66%(n133)  rnd4=59%(n152)  rnd5=59%(n139)  rnd6=60%(n140)  rnd7=56%(n133)  rnd8=70%(n142)  rnd9=58%(n151)
          └ 이동 분포: straight=64%  left=16%  right=20%
Ep 2500/25000 | R= -328.4 | Fuel=879.6mL | Wait= 549s | Steps=29.9 | Reach=58% | ε=0.050 | Loss=2026.043 | t=2510s
          ├ 토폴로지 도달률(최근50): 10x10_topology=100%  6x6_cross_topology=100%  gangnam_topology_add=4%
          ├ OD별 도달률(최근200): rnd0=65%(n153)  rnd1=62%(n178)  rnd10=82%(n137)  rnd11=56%(n170)  rnd12=50%(n123)  rnd13=42%(n120)  rnd14=38%(n100)  rnd15=38%(n103)  rnd16=18%(n55)  rnd17=2%(n54)  rnd18=10%(n59)  rnd19=6%(n64)  rnd2=60%(n158)  rnd3=68%(n142)  rnd4=59%(n157)  rnd5=60%(n146)  rnd6=59%(n143)  rnd7=55%(n139)  rnd8=71%(n143)  rnd9=59%(n156)
          └ 이동 분포: straight=65%  left=15%  right=20%
  [체크포인트] model_rl_signal_attention_ep2500.pth
Ep 2600/25000 | R= -554.3 | Fuel=857.7mL | Wait= 543s | Steps=30.8 | Reach=58% | ε=0.050 | Loss=1947.867 | t=2555s
          ├ 토폴로지 도달률(최근50): 10x10_topology=100%  6x6_cross_topology=100%  gangnam_topology_add=12%
          ├ OD별 도달률(최근200): rnd0=65%(n157)  rnd1=62%(n187)  rnd10=83%(n144)  rnd11=57%(n180)  rnd12=50%(n131)  rnd13=42%(n120)  rnd14=38%(n102)  rnd15=36%(n108)  rnd16=18%(n56)  rnd17=2%(n55)  rnd18=11%(n62)  rnd19=6%(n66)  rnd2=60%(n161)  rnd3=68%(n146)  rnd4=59%(n165)  rnd5=61%(n154)  rnd6=60%(n151)  rnd7=54%(n143)  rnd8=70%(n147)  rnd9=59%(n165)
          └ 이동 분포: straight=64%  left=17%  right=19%
Ep 2700/25000 | R= -292.7 | Fuel=745.2mL | Wait= 426s | Steps=27.3 | Reach=53% | ε=0.050 | Loss=1877.411 | t=2593s
          ├ 토폴로지 도달률(최근50): 10x10_topology=100%  6x6_cross_topology=100%  gangnam_topology_add=2%
          ├ OD별 도달률(최근200): rnd0=65%(n161)  rnd1=62%(n193)  rnd10=83%(n146)  rnd11=57%(n187)  rnd12=51%(n135)  rnd13=42%(n125)  rnd14=38%(n105)  rnd15=39%(n114)  rnd16=17%(n58)  rnd17=2%(n58)  rnd18=11%(n63)  rnd19=6%(n68)  rnd2=59%(n167)  rnd3=68%(n149)  rnd4=60%(n170)  rnd5=62%(n163)  rnd6=58%(n159)  rnd7=53%(n152)  rnd8=69%(n154)  rnd9=60%(n173)
          └ 이동 분포: straight=67%  left=14%  right=19%
Ep 2800/25000 | R= -596.0 | Fuel=863.6mL | Wait= 586s | Steps=33.1 | Reach=55% | ε=0.050 | Loss=1820.017 | t=2641s
          ├ 토폴로지 도달률(최근50): 10x10_topology=100%  6x6_cross_topology=100%  gangnam_topology_add=8%
          ├ OD별 도달률(최근200): rnd0=65%(n165)  rnd1=62%(n196)  rnd10=84%(n153)  rnd11=58%(n197)  rnd12=52%(n137)  rnd13=41%(n128)  rnd14=38%(n111)  rnd15=39%(n117)  rnd16=17%(n60)  rnd17=2%(n62)  rnd18=10%(n69)  rnd19=6%(n69)  rnd2=58%(n172)  rnd3=69%(n154)  rnd4=60%(n176)  rnd5=61%(n168)  rnd6=59%(n167)  rnd7=52%(n158)  rnd8=70%(n159)  rnd9=60%(n182)
          └ 이동 분포: straight=61%  left=14%  right=25%
Ep 2900/25000 | R= -275.5 | Fuel=721.0mL | Wait= 439s | Steps=26.1 | Reach=54% | ε=0.050 | Loss=1825.449 | t=2676s
          ├ 토폴로지 도달률(최근50): 10x10_topology=100%  6x6_cross_topology=100%  gangnam_topology_add=6%
          ├ OD별 도달률(최근200): rnd0=64%(n171)  rnd1=62%(n200)  rnd10=84%(n156)  rnd11=59%(n200)  rnd12=51%(n139)  rnd13=41%(n133)  rnd14=38%(n114)  rnd15=41%(n120)  rnd16=17%(n60)  rnd17=2%(n66)  rnd18=11%(n75)  rnd19=6%(n70)  rnd2=58%(n174)  rnd3=70%(n159)  rnd4=60%(n183)  rnd5=61%(n172)  rnd6=59%(n176)  rnd7=52%(n162)  rnd8=69%(n168)  rnd9=60%(n189)
          └ 이동 분포: straight=62%  left=17%  right=21%
Ep 3000/25000 | R= -687.6 | Fuel=831.1mL | Wait= 595s | Steps=32.3 | Reach=51% | ε=0.050 | Loss=1775.365 | t=2724s
          ├ 토폴로지 도달률(최근50): 10x10_topology=100%  6x6_cross_topology=100%  gangnam_topology_add=4%
          ├ OD별 도달률(최근200): rnd0=64%(n178)  rnd1=60%(n200)  rnd10=84%(n158)  rnd11=59%(n200)  rnd12=53%(n144)  rnd13=42%(n134)  rnd14=37%(n116)  rnd15=40%(n122)  rnd16=15%(n68)  rnd17=1%(n67)  rnd18=11%(n76)  rnd19=6%(n71)  rnd2=58%(n178)  rnd3=70%(n168)  rnd4=58%(n196)  rnd5=62%(n181)  rnd6=59%(n179)  rnd7=52%(n165)  rnd8=69%(n177)  rnd9=60%(n197)
          └ 이동 분포: straight=63%  left=14%  right=23%
Ep 3100/25000 | R= -286.8 | Fuel=758.3mL | Wait= 489s | Steps=28.6 | Reach=52% | ε=0.050 | Loss=1721.614 | t=2762s
          ├ 토폴로지 도달률(최근50): 10x10_topology=100%  6x6_cross_topology=100%  gangnam_topology_add=2%
          ├ OD별 도달률(최근200): rnd0=63%(n180)  rnd1=61%(n200)  rnd10=84%(n159)  rnd11=59%(n200)  rnd12=53%(n146)  rnd13=42%(n137)  rnd14=37%(n118)  rnd15=40%(n126)  rnd16=14%(n71)  rnd17=1%(n69)  rnd18=10%(n81)  rnd19=5%(n76)  rnd2=58%(n187)  rnd3=71%(n173)  rnd4=60%(n200)  rnd5=62%(n188)  rnd6=59%(n183)  rnd7=52%(n172)  rnd8=68%(n187)  rnd9=60%(n200)
          └ 이동 분포: straight=64%  left=16%  right=21%
Ep 3200/25000 | R= -348.5 | Fuel=793.7mL | Wait= 550s | Steps=30.8 | Reach=59% | ε=0.050 | Loss=1707.857 | t=2802s
          ├ 토폴로지 도달률(최근50): 10x10_topology=100%  6x6_cross_topology=100%  gangnam_topology_add=12%
          ├ OD별 도달률(최근200): rnd0=64%(n184)  rnd1=62%(n200)  rnd10=85%(n163)  rnd11=59%(n200)  rnd12=53%(n152)  rnd13=42%(n142)  rnd14=38%(n124)  rnd15=40%(n129)  rnd16=13%(n76)  rnd17=1%(n71)  rnd18=10%(n84)  rnd19=5%(n78)  rnd2=58%(n191)  rnd3=72%(n180)  rnd4=61%(n200)  rnd5=63%(n194)  rnd6=58%(n191)  rnd7=53%(n178)  rnd8=68%(n192)  rnd9=60%(n200)
          └ 이동 분포: straight=66%  left=15%  right=20%
Ep 3300/25000 | R=  -29.8 | Fuel=679.3mL | Wait= 397s | Steps=22.0 | Reach=62% | ε=0.050 | Loss=1720.540 | t=2834s
          ├ 토폴로지 도달률(최근50): 10x10_topology=100%  6x6_cross_topology=100%  gangnam_topology_add=8%
          ├ OD별 도달률(최근200): rnd0=63%(n185)  rnd1=62%(n200)  rnd10=85%(n168)  rnd11=60%(n200)  rnd12=54%(n155)  rnd13=41%(n145)  rnd14=38%(n128)  rnd15=41%(n137)  rnd16=13%(n77)  rnd17=1%(n71)  rnd18=9%(n88)  rnd19=5%(n78)  rnd2=58%(n197)  rnd3=72%(n187)  rnd4=61%(n200)  rnd5=62%(n200)  rnd6=58%(n198)  rnd7=55%(n188)  rnd8=68%(n199)  rnd9=60%(n200)
          └ 이동 분포: straight=67%  left=15%  right=19%
Ep 3400/25000 | R= -218.2 | Fuel=745.2mL | Wait= 485s | Steps=25.0 | Reach=53% | ε=0.050 | Loss=1652.026 | t=2869s
          ├ 토폴로지 도달률(최근50): 10x10_topology=98%  6x6_cross_topology=100%  gangnam_topology_add=8%
          ├ OD별 도달률(최근200): rnd0=63%(n189)  rnd1=61%(n200)  rnd10=86%(n174)  rnd11=60%(n200)  rnd12=54%(n159)  rnd13=41%(n154)  rnd14=39%(n132)  rnd15=40%(n143)  rnd16=12%(n80)  rnd17=1%(n77)  rnd18=9%(n89)  rnd19=5%(n80)  rnd2=60%(n200)  rnd3=72%(n190)  rnd4=61%(n200)  rnd5=62%(n200)  rnd6=57%(n200)  rnd7=55%(n194)  rnd8=70%(n200)  rnd9=62%(n200)
          └ 이동 분포: straight=66%  left=14%  right=20%
Ep 3500/25000 | R=  -87.4 | Fuel=710.9mL | Wait= 426s | Steps=24.5 | Reach=59% | ε=0.050 | Loss=1582.620 | t=2904s
          ├ 토폴로지 도달률(최근50): 10x10_topology=98%  6x6_cross_topology=100%  gangnam_topology_add=6%
          ├ OD별 도달률(최근200): rnd0=62%(n194)  rnd1=62%(n200)  rnd10=86%(n177)  rnd11=62%(n200)  rnd12=54%(n162)  rnd13=42%(n158)  rnd14=38%(n136)  rnd15=41%(n150)  rnd16=12%(n83)  rnd17=2%(n80)  rnd18=9%(n90)  rnd19=5%(n81)  rnd2=60%(n200)  rnd3=73%(n198)  rnd4=61%(n200)  rnd5=61%(n200)  rnd6=58%(n200)  rnd7=56%(n200)  rnd8=70%(n200)  rnd9=61%(n200)
          └ 이동 분포: straight=65%  left=14%  right=21%
Ep 3600/25000 | R= -308.0 | Fuel=627.5mL | Wait= 434s | Steps=23.8 | Reach=42% | ε=0.050 | Loss=1562.401 | t=2937s
          ├ 토폴로지 도달률(최근50): 10x10_topology=98%  6x6_cross_topology=100%  gangnam_topology_add=2%
          ├ OD별 도달률(최근200): rnd0=62%(n200)  rnd1=62%(n200)  rnd10=86%(n183)  rnd11=61%(n200)  rnd12=53%(n166)  rnd13=41%(n162)  rnd14=36%(n140)  rnd15=41%(n158)  rnd16=12%(n85)  rnd17=2%(n81)  rnd18=9%(n93)  rnd19=5%(n83)  rnd2=59%(n200)  rnd3=72%(n200)  rnd4=60%(n200)  rnd5=60%(n200)  rnd6=58%(n200)  rnd7=57%(n200)  rnd8=68%(n200)  rnd9=61%(n200)
          └ 이동 분포: straight=64%  left=15%  right=21%
Ep 3700/25000 | R= -194.2 | Fuel=662.6mL | Wait= 411s | Steps=23.3 | Reach=49% | ε=0.050 | Loss=1491.523 | t=2970s
          ├ 토폴로지 도달률(최근50): 10x10_topology=98%  6x6_cross_topology=100%  gangnam_topology_add=4%
          ├ OD별 도달률(최근200): rnd0=62%(n200)  rnd1=61%(n200)  rnd10=87%(n187)  rnd11=60%(n200)  rnd12=52%(n172)  rnd13=41%(n165)  rnd14=36%(n145)  rnd15=41%(n164)  rnd16=12%(n86)  rnd17=4%(n83)  rnd18=8%(n96)  rnd19=5%(n86)  rnd2=59%(n200)  rnd3=73%(n200)  rnd4=59%(n200)  rnd5=62%(n200)  rnd6=58%(n200)  rnd7=57%(n200)  rnd8=66%(n200)  rnd9=60%(n200)
          └ 이동 분포: straight=64%  left=13%  right=24%
Ep 3800/25000 | R=  -68.1 | Fuel=669.2mL | Wait= 419s | Steps=22.8 | Reach=55% | ε=0.050 | Loss=1488.673 | t=3003s
          ├ 토폴로지 도달률(최근50): 10x10_topology=100%  6x6_cross_topology=100%  gangnam_topology_add=12%
          ├ OD별 도달률(최근200): rnd0=62%(n200)  rnd1=60%(n200)  rnd10=87%(n196)  rnd11=60%(n200)  rnd12=52%(n175)  rnd13=41%(n167)  rnd14=37%(n151)  rnd15=40%(n169)  rnd16=11%(n91)  rnd17=5%(n87)  rnd18=8%(n99)  rnd19=5%(n87)  rnd2=60%(n200)  rnd3=74%(n200)  rnd4=60%(n200)  rnd5=62%(n200)  rnd6=57%(n200)  rnd7=56%(n200)  rnd8=66%(n200)  rnd9=62%(n200)
          └ 이동 분포: straight=69%  left=13%  right=18%
Ep 3900/25000 | R= -146.9 | Fuel=616.5mL | Wait= 383s | Steps=21.8 | Reach=49% | ε=0.050 | Loss=1372.959 | t=3035s
          ├ 토폴로지 도달률(최근50): 10x10_topology=100%  6x6_cross_topology=100%  gangnam_topology_add=14%
          ├ OD별 도달률(최근200): rnd0=62%(n200)  rnd1=60%(n200)  rnd10=89%(n200)  rnd11=60%(n200)  rnd12=52%(n180)  rnd13=41%(n169)  rnd14=37%(n158)  rnd15=41%(n178)  rnd16=11%(n94)  rnd17=4%(n89)  rnd18=9%(n103)  rnd19=4%(n89)  rnd2=60%(n200)  rnd3=74%(n200)  rnd4=60%(n200)  rnd5=62%(n200)  rnd6=57%(n200)  rnd7=55%(n200)  rnd8=65%(n200)  rnd9=62%(n200)
          └ 이동 분포: straight=68%  left=13%  right=20%
Ep 4000/25000 | R= -197.3 | Fuel=709.9mL | Wait= 488s | Steps=25.7 | Reach=51% | ε=0.050 | Loss=1312.761 | t=3071s
          ├ 토폴로지 도달률(최근50): 10x10_topology=100%  6x6_cross_topology=100%  gangnam_topology_add=6%
          ├ OD별 도달률(최근200): rnd0=62%(n200)  rnd1=60%(n200)  rnd10=90%(n200)  rnd11=58%(n200)  rnd12=52%(n184)  rnd13=42%(n171)  rnd14=36%(n163)  rnd15=41%(n182)  rnd16=10%(n97)  rnd17=4%(n90)  rnd18=8%(n108)  rnd19=4%(n92)  rnd2=60%(n200)  rnd3=74%(n200)  rnd4=58%(n200)  rnd5=62%(n200)  rnd6=58%(n200)  rnd7=56%(n200)  rnd8=66%(n200)  rnd9=62%(n200)
          └ 이동 분포: straight=66%  left=14%  right=20%
Ep 4100/25000 | R=  -53.7 | Fuel=614.7mL | Wait= 398s | Steps=20.2 | Reach=56% | ε=0.050 | Loss=1263.617 | t=3101s
          ├ 토폴로지 도달률(최근50): 10x10_topology=100%  6x6_cross_topology=100%  gangnam_topology_add=16%
          ├ OD별 도달률(최근200): rnd0=62%(n200)  rnd1=60%(n200)  rnd10=91%(n200)  rnd11=60%(n200)  rnd12=52%(n186)  rnd13=41%(n179)  rnd14=36%(n168)  rnd15=40%(n189)  rnd16=10%(n100)  rnd17=4%(n92)  rnd18=10%(n111)  rnd19=4%(n93)  rnd2=60%(n200)  rnd3=76%(n200)  rnd4=59%(n200)  rnd5=62%(n200)  rnd6=58%(n200)  rnd7=57%(n200)  rnd8=66%(n200)  rnd9=60%(n200)
          └ 이동 분포: straight=66%  left=14%  right=20%
Ep 4200/25000 | R=   27.4 | Fuel=626.7mL | Wait= 336s | Steps=19.9 | Reach=58% | ε=0.050 | Loss=1157.928 | t=3129s
          ├ 토폴로지 도달률(최근50): 10x10_topology=98%  6x6_cross_topology=100%  gangnam_topology_add=12%
          ├ OD별 도달률(최근200): rnd0=64%(n200)  rnd1=62%(n200)  rnd10=93%(n200)  rnd11=58%(n200)  rnd12=53%(n190)  rnd13=41%(n184)  rnd14=36%(n174)  rnd15=40%(n195)  rnd16=10%(n103)  rnd17=4%(n94)  rnd18=10%(n112)  rnd19=4%(n95)  rnd2=61%(n200)  rnd3=76%(n200)  rnd4=58%(n200)  rnd5=62%(n200)  rnd6=57%(n200)  rnd7=58%(n200)  rnd8=68%(n200)  rnd9=61%(n200)
          └ 이동 분포: straight=65%  left=15%  right=20%
Ep 4300/25000 | R=   65.2 | Fuel=579.1mL | Wait= 361s | Steps=19.3 | Reach=61% | ε=0.050 | Loss=1062.447 | t=3156s
          ├ 토폴로지 도달률(최근50): 10x10_topology=98%  6x6_cross_topology=100%  gangnam_topology_add=10%
          ├ OD별 도달률(최근200): rnd0=64%(n200)  rnd1=62%(n200)  rnd10=94%(n200)  rnd11=58%(n200)  rnd12=53%(n191)  rnd13=42%(n187)  rnd14=38%(n180)  rnd15=40%(n196)  rnd16=10%(n105)  rnd17=4%(n95)  rnd18=10%(n115)  rnd19=4%(n100)  rnd2=62%(n200)  rnd3=77%(n200)  rnd4=58%(n200)  rnd5=62%(n200)  rnd6=57%(n200)  rnd7=58%(n200)  rnd8=67%(n200)  rnd9=60%(n200)
          └ 이동 분포: straight=67%  left=13%  right=19%
Ep 4400/25000 | R=   34.8 | Fuel=571.9mL | Wait= 348s | Steps=19.3 | Reach=54% | ε=0.050 | Loss=1065.660 | t=3187s
          ├ 토폴로지 도달률(최근50): 10x10_topology=100%  6x6_cross_topology=100%  gangnam_topology_add=2%
          ├ OD별 도달률(최근200): rnd0=64%(n200)  rnd1=60%(n200)  rnd10=94%(n200)  rnd11=58%(n200)  rnd12=53%(n193)  rnd13=42%(n187)  rnd14=38%(n181)  rnd15=40%(n200)  rnd16=9%(n110)  rnd17=4%(n98)  rnd18=9%(n116)  rnd19=4%(n101)  rnd2=62%(n200)  rnd3=76%(n200)  rnd4=60%(n200)  rnd5=62%(n200)  rnd6=56%(n200)  rnd7=58%(n200)  rnd8=66%(n200)  rnd9=60%(n200)
          └ 이동 분포: straight=67%  left=15%  right=18%
Ep 4500/25000 | R=   25.7 | Fuel=619.4mL | Wait= 362s | Steps=19.0 | Reach=61% | ε=0.050 | Loss=1030.373 | t=3216s
          ├ 토폴로지 도달률(최근50): 10x10_topology=100%  6x6_cross_topology=100%  gangnam_topology_add=4%
          ├ OD별 도달률(최근200): rnd0=64%(n200)  rnd1=61%(n200)  rnd10=94%(n200)  rnd11=58%(n200)  rnd12=53%(n195)  rnd13=42%(n193)  rnd14=37%(n183)  rnd15=41%(n200)  rnd16=9%(n114)  rnd17=4%(n100)  rnd18=9%(n119)  rnd19=4%(n101)  rnd2=62%(n200)  rnd3=78%(n200)  rnd4=60%(n200)  rnd5=62%(n200)  rnd6=56%(n200)  rnd7=58%(n200)  rnd8=66%(n200)  rnd9=60%(n200)
          └ 이동 분포: straight=65%  left=17%  right=18%
Ep 4600/25000 | R=   22.1 | Fuel=563.0mL | Wait= 356s | Steps=19.2 | Reach=50% | ε=0.050 | Loss=1055.360 | t=3245s
          ├ 토폴로지 도달률(최근50): 10x10_topology=100%  6x6_cross_topology=100%  gangnam_topology_add=6%
          ├ OD별 도달률(최근200): rnd0=64%(n200)  rnd1=60%(n200)  rnd10=94%(n200)  rnd11=58%(n200)  rnd12=54%(n200)  rnd13=42%(n198)  rnd14=37%(n190)  rnd15=40%(n200)  rnd16=9%(n117)  rnd17=4%(n101)  rnd18=9%(n120)  rnd19=4%(n104)  rnd2=62%(n200)  rnd3=78%(n200)  rnd4=60%(n200)  rnd5=62%(n200)  rnd6=55%(n200)  rnd7=60%(n200)  rnd8=65%(n200)  rnd9=58%(n200)
          └ 이동 분포: straight=67%  left=14%  right=19%
Ep 4700/25000 | R=   -0.3 | Fuel=609.0mL | Wait= 369s | Steps=19.5 | Reach=56% | ε=0.050 | Loss=1035.574 | t=3275s
          ├ 토폴로지 도달률(최근50): 10x10_topology=100%  6x6_cross_topology=100%  gangnam_topology_add=10%
          ├ OD별 도달률(최근200): rnd0=64%(n200)  rnd1=59%(n200)  rnd10=94%(n200)  rnd11=60%(n200)  rnd12=54%(n200)  rnd13=42%(n199)  rnd14=38%(n198)  rnd15=40%(n200)  rnd16=8%(n118)  rnd17=4%(n102)  rnd18=10%(n123)  rnd19=4%(n108)  rnd2=62%(n200)  rnd3=77%(n200)  rnd4=60%(n200)  rnd5=64%(n200)  rnd6=56%(n200)  rnd7=60%(n200)  rnd8=64%(n200)  rnd9=58%(n200)
          └ 이동 분포: straight=69%  left=13%  right=19%
Ep 4800/25000 | R=  105.8 | Fuel=484.9mL | Wait= 281s | Steps=15.9 | Reach=57% | ε=0.050 | Loss=1004.642 | t=3298s
          ├ 토폴로지 도달률(최근50): 10x10_topology=100%  6x6_cross_topology=100%  gangnam_topology_add=10%
          ├ OD별 도달률(최근200): rnd0=64%(n200)  rnd1=58%(n200)  rnd10=94%(n200)  rnd11=59%(n200)  rnd12=54%(n200)  rnd13=44%(n200)  rnd14=38%(n200)  rnd15=40%(n200)  rnd16=8%(n119)  rnd17=4%(n104)  rnd18=11%(n126)  rnd19=4%(n111)  rnd2=62%(n200)  rnd3=77%(n200)  rnd4=58%(n200)  rnd5=62%(n200)  rnd6=55%(n200)  rnd7=60%(n200)  rnd8=64%(n200)  rnd9=58%(n200)
          └ 이동 분포: straight=67%  left=17%  right=17%
Ep 4900/25000 | R=  108.1 | Fuel=502.8mL | Wait= 317s | Steps=16.8 | Reach=57% | ε=0.050 | Loss=955.428 | t=3322s
          ├ 토폴로지 도달률(최근50): 10x10_topology=100%  6x6_cross_topology=100%  gangnam_topology_add=10%
          ├ OD별 도달률(최근200): rnd0=64%(n200)  rnd1=59%(n200)  rnd10=94%(n200)  rnd11=60%(n200)  rnd12=54%(n200)  rnd13=42%(n200)  rnd14=38%(n200)  rnd15=40%(n200)  rnd16=8%(n122)  rnd17=4%(n105)  rnd18=12%(n129)  rnd19=4%(n112)  rnd2=62%(n200)  rnd3=78%(n200)  rnd4=58%(n200)  rnd5=64%(n200)  rnd6=56%(n200)  rnd7=61%(n200)  rnd8=62%(n200)  rnd9=59%(n200)
          └ 이동 분포: straight=66%  left=15%  right=18%
Ep 5000/25000 | R=   50.9 | Fuel=544.6mL | Wait= 326s | Steps=17.3 | Reach=50% | ε=0.050 | Loss=894.634 | t=3346s
          ├ 토폴로지 도달률(최근50): 10x10_topology=100%  6x6_cross_topology=100%  gangnam_topology_add=4%
          ├ OD별 도달률(최근200): rnd0=62%(n200)  rnd1=58%(n200)  rnd10=94%(n200)  rnd11=62%(n200)  rnd12=56%(n200)  rnd13=42%(n200)  rnd14=38%(n200)  rnd15=40%(n200)  rnd16=8%(n127)  rnd17=4%(n111)  rnd18=13%(n132)  rnd19=4%(n113)  rnd2=62%(n200)  rnd3=78%(n200)  rnd4=57%(n200)  rnd5=62%(n200)  rnd6=56%(n200)  rnd7=62%(n200)  rnd8=63%(n200)  rnd9=59%(n200)
          └ 이동 분포: straight=72%  left=12%  right=16%
  [체크포인트] model_rl_signal_attention_ep5000.pth
Ep 5100/25000 | R= -119.7 | Fuel=663.9mL | Wait= 379s | Steps=20.1 | Reach=57% | ε=0.050 | Loss=917.389 | t=3376s
          ├ 토폴로지 도달률(최근50): 10x10_topology=100%  6x6_cross_topology=100%  gangnam_topology_add=10%
          ├ OD별 도달률(최근200): rnd0=61%(n200)  rnd1=60%(n200)  rnd10=95%(n200)  rnd11=59%(n200)  rnd12=55%(n200)  rnd13=42%(n200)  rnd14=38%(n200)  rnd15=40%(n200)  rnd16=8%(n129)  rnd17=4%(n112)  rnd18=15%(n135)  rnd19=3%(n117)  rnd2=62%(n200)  rnd3=77%(n200)  rnd4=56%(n200)  rnd5=61%(n200)  rnd6=56%(n200)  rnd7=62%(n200)  rnd8=64%(n200)  rnd9=60%(n200)
          └ 이동 분포: straight=64%  left=14%  right=22%
Ep 5200/25000 | R=   56.2 | Fuel=530.5mL | Wait= 329s | Steps=19.3 | Reach=54% | ε=0.050 | Loss=932.711 | t=3404s
          ├ 토폴로지 도달률(최근50): 10x10_topology=100%  6x6_cross_topology=100%  gangnam_topology_add=10%
          ├ OD별 도달률(최근200): rnd0=62%(n200)  rnd1=60%(n200)  rnd10=98%(n200)  rnd11=58%(n200)  rnd12=53%(n200)  rnd13=42%(n200)  rnd14=38%(n200)  rnd15=42%(n200)  rnd16=7%(n137)  rnd17=3%(n116)  rnd18=15%(n136)  rnd19=3%(n120)  rnd2=62%(n200)  rnd3=77%(n200)  rnd4=56%(n200)  rnd5=63%(n200)  rnd6=56%(n200)  rnd7=63%(n200)  rnd8=63%(n200)  rnd9=60%(n200)
          └ 이동 분포: straight=70%  left=14%  right=16%
Ep 5300/25000 | R=  204.8 | Fuel=548.2mL | Wait= 294s | Steps=17.6 | Reach=59% | ε=0.050 | Loss=919.919 | t=3428s
          ├ 토폴로지 도달률(최근50): 10x10_topology=100%  6x6_cross_topology=100%  gangnam_topology_add=4%
          ├ OD별 도달률(최근200): rnd0=62%(n200)  rnd1=62%(n200)  rnd10=98%(n200)  rnd11=57%(n200)  rnd12=53%(n200)  rnd13=43%(n200)  rnd14=38%(n200)  rnd15=42%(n200)  rnd16=7%(n140)  rnd17=3%(n116)  rnd18=15%(n136)  rnd19=3%(n124)  rnd2=62%(n200)  rnd3=78%(n200)  rnd4=55%(n200)  rnd5=63%(n200)  rnd6=56%(n200)  rnd7=62%(n200)  rnd8=64%(n200)  rnd9=60%(n200)
          └ 이동 분포: straight=69%  left=13%  right=18%
Ep 5400/25000 | R=  102.7 | Fuel=464.9mL | Wait= 262s | Steps=16.2 | Reach=51% | ε=0.050 | Loss=878.078 | t=3453s
          ├ 토폴로지 도달률(최근50): 10x10_topology=100%  6x6_cross_topology=100%  gangnam_topology_add=10%
          ├ OD별 도달률(최근200): rnd0=60%(n200)  rnd1=61%(n200)  rnd10=98%(n200)  rnd11=58%(n200)  rnd12=54%(n200)  rnd13=43%(n200)  rnd14=38%(n200)  rnd15=42%(n200)  rnd16=7%(n140)  rnd17=3%(n117)  rnd18=15%(n137)  rnd19=3%(n125)  rnd2=62%(n200)  rnd3=78%(n200)  rnd4=56%(n200)  rnd5=61%(n200)  rnd6=55%(n200)  rnd7=61%(n200)  rnd8=64%(n200)  rnd9=60%(n200)
          └ 이동 분포: straight=68%  left=12%  right=20%
Ep 5500/25000 | R=  -85.5 | Fuel=584.5mL | Wait= 385s | Steps=21.4 | Reach=49% | ε=0.050 | Loss=819.379 | t=3484s
          ├ 토폴로지 도달률(최근50): 10x10_topology=100%  6x6_cross_topology=100%  gangnam_topology_add=8%
          ├ OD별 도달률(최근200): rnd0=60%(n200)  rnd1=60%(n200)  rnd10=98%(n200)  rnd11=59%(n200)  rnd12=54%(n200)  rnd13=42%(n200)  rnd14=39%(n200)  rnd15=42%(n200)  rnd16=7%(n143)  rnd17=3%(n119)  rnd18=17%(n139)  rnd19=3%(n129)  rnd2=60%(n200)  rnd3=77%(n200)  rnd4=56%(n200)  rnd5=61%(n200)  rnd6=55%(n200)  rnd7=60%(n200)  rnd8=64%(n200)  rnd9=59%(n200)
          └ 이동 분포: straight=68%  left=13%  right=19%
Ep 5600/25000 | R=  176.3 | Fuel=514.4mL | Wait= 287s | Steps=16.2 | Reach=61% | ε=0.050 | Loss=842.774 | t=3509s
          ├ 토폴로지 도달률(최근50): 10x10_topology=98%  6x6_cross_topology=100%  gangnam_topology_add=12%
          ├ OD별 도달률(최근200): rnd0=60%(n200)  rnd1=61%(n200)  rnd10=98%(n200)  rnd11=58%(n200)  rnd12=53%(n200)  rnd13=43%(n200)  rnd14=40%(n200)  rnd15=42%(n200)  rnd16=7%(n145)  rnd17=3%(n124)  rnd18=17%(n141)  rnd19=3%(n131)  rnd2=60%(n200)  rnd3=76%(n200)  rnd4=56%(n200)  rnd5=60%(n200)  rnd6=55%(n200)  rnd7=62%(n200)  rnd8=63%(n200)  rnd9=59%(n200)
          └ 이동 분포: straight=68%  left=12%  right=20%
Ep 5700/25000 | R=  -11.7 | Fuel=631.5mL | Wait= 384s | Steps=19.5 | Reach=58% | ε=0.050 | Loss=849.617 | t=3538s
          ├ 토폴로지 도달률(최근50): 10x10_topology=98%  6x6_cross_topology=100%  gangnam_topology_add=12%
          ├ OD별 도달률(최근200): rnd0=60%(n200)  rnd1=61%(n200)  rnd10=98%(n200)  rnd11=57%(n200)  rnd12=53%(n200)  rnd13=44%(n200)  rnd14=40%(n200)  rnd15=42%(n200)  rnd16=7%(n148)  rnd17=3%(n129)  rnd18=18%(n143)  rnd19=3%(n134)  rnd2=59%(n200)  rnd3=76%(n200)  rnd4=57%(n200)  rnd5=60%(n200)  rnd6=55%(n200)  rnd7=63%(n200)  rnd8=64%(n200)  rnd9=59%(n200)
          └ 이동 분포: straight=65%  left=17%  right=18%
Ep 5800/25000 | R=  -47.1 | Fuel=676.6mL | Wait= 409s | Steps=23.1 | Reach=53% | ε=0.050 | Loss=874.673 | t=3572s
          ├ 토폴로지 도달률(최근50): 10x10_topology=100%  6x6_cross_topology=100%  gangnam_topology_add=4%
          ├ OD별 도달률(최근200): rnd0=59%(n200)  rnd1=61%(n200)  rnd10=98%(n200)  rnd11=57%(n200)  rnd12=52%(n200)  rnd13=45%(n200)  rnd14=40%(n200)  rnd15=42%(n200)  rnd16=7%(n153)  rnd17=3%(n131)  rnd18=19%(n144)  rnd19=3%(n140)  rnd2=58%(n200)  rnd3=76%(n200)  rnd4=57%(n200)  rnd5=60%(n200)  rnd6=54%(n200)  rnd7=63%(n200)  rnd8=64%(n200)  rnd9=58%(n200)
          └ 이동 분포: straight=66%  left=15%  right=19%
Ep 5900/25000 | R=  139.6 | Fuel=530.8mL | Wait= 293s | Steps=16.2 | Reach=56% | ε=0.050 | Loss=877.206 | t=3596s
          ├ 토폴로지 도달률(최근50): 10x10_topology=100%  6x6_cross_topology=100%  gangnam_topology_add=14%
          ├ OD별 도달률(최근200): rnd0=59%(n200)  rnd1=60%(n200)  rnd10=98%(n200)  rnd11=58%(n200)  rnd12=51%(n200)  rnd13=44%(n200)  rnd14=40%(n200)  rnd15=43%(n200)  rnd16=6%(n157)  rnd17=3%(n135)  rnd18=22%(n152)  rnd19=3%(n143)  rnd2=60%(n200)  rnd3=76%(n200)  rnd4=57%(n200)  rnd5=60%(n200)  rnd6=55%(n200)  rnd7=64%(n200)  rnd8=64%(n200)  rnd9=57%(n200)
          └ 이동 분포: straight=74%  left=11%  right=15%
Ep 6000/25000 | R=   30.1 | Fuel=532.7mL | Wait= 323s | Steps=18.4 | Reach=52% | ε=0.050 | Loss=850.993 | t=3623s
          ├ 토폴로지 도달률(최근50): 10x10_topology=100%  6x6_cross_topology=100%  gangnam_topology_add=8%
          ├ OD별 도달률(최근200): rnd0=58%(n200)  rnd1=60%(n200)  rnd10=98%(n200)  rnd11=56%(n200)  rnd12=52%(n200)  rnd13=44%(n200)  rnd14=40%(n200)  rnd15=44%(n200)  rnd16=6%(n159)  rnd17=3%(n138)  rnd18=22%(n152)  rnd19=3%(n145)  rnd2=62%(n200)  rnd3=76%(n200)  rnd4=57%(n200)  rnd5=60%(n200)  rnd6=54%(n200)  rnd7=65%(n200)  rnd8=64%(n200)  rnd9=58%(n200)
          └ 이동 분포: straight=69%  left=13%  right=18%
Ep 6100/25000 | R=   73.1 | Fuel=552.3mL | Wait= 359s | Steps=17.8 | Reach=53% | ε=0.050 | Loss=794.588 | t=3649s
          ├ 토폴로지 도달률(최근50): 10x10_topology=100%  6x6_cross_topology=100%  gangnam_topology_add=20%
          ├ OD별 도달률(최근200): rnd0=58%(n200)  rnd1=60%(n200)  rnd10=98%(n200)  rnd11=56%(n200)  rnd12=50%(n200)  rnd13=44%(n200)  rnd14=40%(n200)  rnd15=44%(n200)  rnd16=6%(n164)  rnd17=3%(n142)  rnd18=24%(n157)  rnd19=3%(n147)  rnd2=61%(n200)  rnd3=77%(n200)  rnd4=58%(n200)  rnd5=58%(n200)  rnd6=56%(n200)  rnd7=65%(n200)  rnd8=64%(n200)  rnd9=58%(n200)
          └ 이동 분포: straight=72%  left=13%  right=15%
Ep 6200/25000 | R= -269.6 | Fuel=727.0mL | Wait= 423s | Steps=26.6 | Reach=54% | ε=0.050 | Loss=740.012 | t=3688s
          ├ 토폴로지 도달률(최근50): 10x10_topology=100%  6x6_cross_topology=100%  gangnam_topology_add=10%
          ├ OD별 도달률(최근200): rnd0=58%(n200)  rnd1=58%(n200)  rnd10=98%(n200)  rnd11=57%(n200)  rnd12=48%(n200)  rnd13=44%(n200)  rnd14=41%(n200)  rnd15=44%(n200)  rnd16=6%(n168)  rnd17=3%(n146)  rnd18=25%(n159)  rnd19=3%(n148)  rnd2=60%(n200)  rnd3=77%(n200)  rnd4=60%(n200)  rnd5=57%(n200)  rnd6=56%(n200)  rnd7=64%(n200)  rnd8=63%(n200)  rnd9=57%(n200)
          └ 이동 분포: straight=68%  left=13%  right=18%
Ep 6300/25000 | R=   94.5 | Fuel=506.6mL | Wait= 308s | Steps=18.1 | Reach=60% | ε=0.050 | Loss=734.999 | t=3714s
          ├ 토폴로지 도달률(최근50): 10x10_topology=100%  6x6_cross_topology=100%  gangnam_topology_add=12%
          ├ OD별 도달률(최근200): rnd0=58%(n200)  rnd1=58%(n200)  rnd10=98%(n200)  rnd11=57%(n200)  rnd12=48%(n200)  rnd13=43%(n200)  rnd14=42%(n200)  rnd15=44%(n200)  rnd16=6%(n169)  rnd17=3%(n146)  rnd18=26%(n160)  rnd19=3%(n151)  rnd2=60%(n200)  rnd3=77%(n200)  rnd4=58%(n200)  rnd5=58%(n200)  rnd6=55%(n200)  rnd7=65%(n200)  rnd8=62%(n200)  rnd9=58%(n200)
          └ 이동 분포: straight=67%  left=12%  right=20%
Ep 6400/25000 | R=  144.7 | Fuel=509.5mL | Wait= 273s | Steps=16.6 | Reach=57% | ε=0.050 | Loss=777.376 | t=3739s
          ├ 토폴로지 도달률(최근50): 10x10_topology=100%  6x6_cross_topology=100%  gangnam_topology_add=14%
          ├ OD별 도달률(최근200): rnd0=59%(n200)  rnd1=59%(n200)  rnd10=98%(n200)  rnd11=57%(n200)  rnd12=48%(n200)  rnd13=42%(n200)  rnd14=42%(n200)  rnd15=45%(n200)  rnd16=6%(n171)  rnd17=3%(n148)  rnd18=26%(n161)  rnd19=3%(n155)  rnd2=60%(n200)  rnd3=77%(n200)  rnd4=57%(n200)  rnd5=58%(n200)  rnd6=55%(n200)  rnd7=65%(n200)  rnd8=62%(n200)  rnd9=60%(n200)
          └ 이동 분포: straight=67%  left=15%  right=18%
Ep 6500/25000 | R=  108.0 | Fuel=543.0mL | Wait= 340s | Steps=19.3 | Reach=57% | ε=0.050 | Loss=785.590 | t=3768s
          ├ 토폴로지 도달률(최근50): 10x10_topology=100%  6x6_cross_topology=100%  gangnam_topology_add=16%
          ├ OD별 도달률(최근200): rnd0=58%(n200)  rnd1=60%(n200)  rnd10=98%(n200)  rnd11=57%(n200)  rnd12=48%(n200)  rnd13=42%(n200)  rnd14=42%(n200)  rnd15=44%(n200)  rnd16=6%(n175)  rnd17=3%(n150)  rnd18=27%(n162)  rnd19=3%(n156)  rnd2=59%(n200)  rnd3=78%(n200)  rnd4=57%(n200)  rnd5=57%(n200)  rnd6=56%(n200)  rnd7=63%(n200)  rnd8=60%(n200)  rnd9=60%(n200)
          └ 이동 분포: straight=73%  left=12%  right=15%
Ep 6600/25000 | R=  113.9 | Fuel=544.1mL | Wait= 341s | Steps=18.6 | Reach=58% | ε=0.050 | Loss=771.710 | t=3793s
          ├ 토폴로지 도달률(최근50): 10x10_topology=98%  6x6_cross_topology=100%  gangnam_topology_add=16%
          ├ OD별 도달률(최근200): rnd0=59%(n200)  rnd1=60%(n200)  rnd10=98%(n200)  rnd11=58%(n200)  rnd12=46%(n200)  rnd13=43%(n200)  rnd14=42%(n200)  rnd15=44%(n200)  rnd16=6%(n178)  rnd17=3%(n153)  rnd18=27%(n164)  rnd19=3%(n157)  rnd2=60%(n200)  rnd3=76%(n200)  rnd4=58%(n200)  rnd5=56%(n200)  rnd6=56%(n200)  rnd7=62%(n200)  rnd8=60%(n200)  rnd9=60%(n200)
          └ 이동 분포: straight=68%  left=13%  right=18%
Ep 6700/25000 | R= -201.9 | Fuel=566.3mL | Wait= 317s | Steps=22.4 | Reach=48% | ε=0.050 | Loss=715.966 | t=3826s
          ├ 토폴로지 도달률(최근50): 10x10_topology=96%  6x6_cross_topology=100%  gangnam_topology_add=12%
          ├ OD별 도달률(최근200): rnd0=58%(n200)  rnd1=59%(n200)  rnd10=98%(n200)  rnd11=57%(n200)  rnd12=46%(n200)  rnd13=44%(n200)  rnd14=41%(n200)  rnd15=44%(n200)  rnd16=6%(n180)  rnd17=3%(n154)  rnd18=27%(n164)  rnd19=3%(n159)  rnd2=60%(n200)  rnd3=78%(n200)  rnd4=58%(n200)  rnd5=56%(n200)  rnd6=56%(n200)  rnd7=60%(n200)  rnd8=58%(n200)  rnd9=61%(n200)
          └ 이동 분포: straight=70%  left=13%  right=18%
Ep 6800/25000 | R=  236.9 | Fuel=475.4mL | Wait= 264s | Steps=14.5 | Reach=61% | ε=0.050 | Loss=725.064 | t=3847s
          ├ 토폴로지 도달률(최근50): 10x10_topology=98%  6x6_cross_topology=100%  gangnam_topology_add=12%
          ├ OD별 도달률(최근200): rnd0=58%(n200)  rnd1=58%(n200)  rnd10=98%(n200)  rnd11=58%(n200)  rnd12=46%(n200)  rnd13=44%(n200)  rnd14=42%(n200)  rnd15=45%(n200)  rnd16=5%(n182)  rnd17=3%(n154)  rnd18=28%(n167)  rnd19=2%(n162)  rnd2=60%(n200)  rnd3=78%(n200)  rnd4=57%(n200)  rnd5=54%(n200)  rnd6=56%(n200)  rnd7=61%(n200)  rnd8=59%(n200)  rnd9=62%(n200)
          └ 이동 분포: straight=68%  left=14%  right=18%
Ep 6900/25000 | R=  242.6 | Fuel=496.7mL | Wait= 256s | Steps=15.0 | Reach=64% | ε=0.050 | Loss=682.644 | t=3868s
          ├ 토폴로지 도달률(최근50): 10x10_topology=100%  6x6_cross_topology=100%  gangnam_topology_add=16%
          ├ OD별 도달률(최근200): rnd0=60%(n200)  rnd1=58%(n200)  rnd10=98%(n200)  rnd11=57%(n200)  rnd12=46%(n200)  rnd13=44%(n200)  rnd14=42%(n200)  rnd15=45%(n200)  rnd16=5%(n183)  rnd17=3%(n157)  rnd18=29%(n170)  rnd19=2%(n162)  rnd2=61%(n200)  rnd3=78%(n200)  rnd4=58%(n200)  rnd5=55%(n200)  rnd6=56%(n200)  rnd7=61%(n200)  rnd8=60%(n200)  rnd9=60%(n200)
          └ 이동 분포: straight=70%  left=12%  right=17%
Ep 7000/25000 | R=   62.6 | Fuel=528.2mL | Wait= 319s | Steps=18.4 | Reach=59% | ε=0.050 | Loss=705.409 | t=3896s
          ├ 토폴로지 도달률(최근50): 10x10_topology=100%  6x6_cross_topology=100%  gangnam_topology_add=20%
          ├ OD별 도달률(최근200): rnd0=62%(n200)  rnd1=56%(n200)  rnd10=98%(n200)  rnd11=57%(n200)  rnd12=45%(n200)  rnd13=44%(n200)  rnd14=42%(n200)  rnd15=44%(n200)  rnd16=5%(n185)  rnd17=3%(n157)  rnd18=31%(n174)  rnd19=2%(n163)  rnd2=60%(n200)  rnd3=80%(n200)  rnd4=58%(n200)  rnd5=55%(n200)  rnd6=56%(n200)  rnd7=60%(n200)  rnd8=59%(n200)  rnd9=60%(n200)
          └ 이동 분포: straight=67%  left=14%  right=19%
Ep 7100/25000 | R=  -19.9 | Fuel=635.9mL | Wait= 405s | Steps=22.4 | Reach=54% | ε=0.050 | Loss=693.246 | t=3929s
          ├ 토폴로지 도달률(최근50): 10x10_topology=100%  6x6_cross_topology=100%  gangnam_topology_add=8%
          ├ OD별 도달률(최근200): rnd0=62%(n200)  rnd1=57%(n200)  rnd10=98%(n200)  rnd11=58%(n200)  rnd12=45%(n200)  rnd13=44%(n200)  rnd14=42%(n200)  rnd15=44%(n200)  rnd16=5%(n188)  rnd17=2%(n161)  rnd18=32%(n176)  rnd19=2%(n167)  rnd2=59%(n200)  rnd3=80%(n200)  rnd4=58%(n200)  rnd5=56%(n200)  rnd6=57%(n200)  rnd7=62%(n200)  rnd8=60%(n200)  rnd9=58%(n200)
          └ 이동 분포: straight=69%  left=14%  right=17%
Ep 7200/25000 | R=  245.7 | Fuel=480.2mL | Wait= 245s | Steps=14.3 | Reach=59% | ε=0.050 | Loss=669.904 | t=3947s
          ├ 토폴로지 도달률(최근50): 10x10_topology=100%  6x6_cross_topology=100%  gangnam_topology_add=14%
          ├ OD별 도달률(최근200): rnd0=62%(n200)  rnd1=57%(n200)  rnd10=98%(n200)  rnd11=58%(n200)  rnd12=44%(n200)  rnd13=45%(n200)  rnd14=42%(n200)  rnd15=44%(n200)  rnd16=5%(n189)  rnd17=2%(n164)  rnd18=33%(n178)  rnd19=2%(n168)  rnd2=60%(n200)  rnd3=81%(n200)  rnd4=59%(n200)  rnd5=55%(n200)  rnd6=58%(n200)  rnd7=61%(n200)  rnd8=60%(n200)  rnd9=57%(n200)
          └ 이동 분포: straight=71%  left=12%  right=17%
Ep 7300/25000 | R=   85.9 | Fuel=573.6mL | Wait= 321s | Steps=19.2 | Reach=54% | ε=0.050 | Loss=630.071 | t=3977s
          ├ 토폴로지 도달률(최근50): 10x10_topology=100%  6x6_cross_topology=100%  gangnam_topology_add=8%
          ├ OD별 도달률(최근200): rnd0=62%(n200)  rnd1=57%(n200)  rnd10=98%(n200)  rnd11=58%(n200)  rnd12=44%(n200)  rnd13=44%(n200)  rnd14=42%(n200)  rnd15=44%(n200)  rnd16=5%(n193)  rnd17=2%(n166)  rnd18=33%(n179)  rnd19=2%(n169)  rnd2=57%(n200)  rnd3=81%(n200)  rnd4=58%(n200)  rnd5=54%(n200)  rnd6=58%(n200)  rnd7=60%(n200)  rnd8=60%(n200)  rnd9=56%(n200)
          └ 이동 분포: straight=68%  left=14%  right=17%
Ep 7400/25000 | R=  154.4 | Fuel=504.2mL | Wait= 282s | Steps=16.0 | Reach=57% | ε=0.050 | Loss=596.654 | t=3999s
          ├ 토폴로지 도달률(최근50): 10x10_topology=100%  6x6_cross_topology=100%  gangnam_topology_add=6%
          ├ OD별 도달률(최근200): rnd0=62%(n200)  rnd1=58%(n200)  rnd10=99%(n200)  rnd11=59%(n200)  rnd12=42%(n200)  rnd13=42%(n200)  rnd14=42%(n200)  rnd15=44%(n200)  rnd16=5%(n196)  rnd17=2%(n168)  rnd18=33%(n180)  rnd19=2%(n172)  rnd2=57%(n200)  rnd3=82%(n200)  rnd4=58%(n200)  rnd5=55%(n200)  rnd6=58%(n200)  rnd7=60%(n200)  rnd8=60%(n200)  rnd9=56%(n200)
          └ 이동 분포: straight=69%  left=13%  right=19%
Ep 7500/25000 | R=  237.7 | Fuel=556.2mL | Wait= 311s | Steps=18.0 | Reach=65% | ε=0.050 | Loss=602.567 | t=4026s
          ├ 토폴로지 도달률(최근50): 10x10_topology=98%  6x6_cross_topology=100%  gangnam_topology_add=22%
          ├ OD별 도달률(최근200): rnd0=62%(n200)  rnd1=59%(n200)  rnd10=99%(n200)  rnd11=60%(n200)  rnd12=42%(n200)  rnd13=43%(n200)  rnd14=43%(n200)  rnd15=44%(n200)  rnd16=5%(n200)  rnd17=2%(n169)  rnd18=34%(n183)  rnd19=2%(n177)  rnd2=56%(n200)  rnd3=82%(n200)  rnd4=60%(n200)  rnd5=54%(n200)  rnd6=58%(n200)  rnd7=60%(n200)  rnd8=60%(n200)  rnd9=57%(n200)
          └ 이동 분포: straight=72%  left=13%  right=16%
  [체크포인트] model_rl_signal_attention_ep7500.pth
Ep 7600/25000 | R=  149.0 | Fuel=515.7mL | Wait= 308s | Steps=16.8 | Reach=63% | ε=0.050 | Loss=573.959 | t=4052s
          ├ 토폴로지 도달률(최근50): 10x10_topology=100%  6x6_cross_topology=100%  gangnam_topology_add=14%
          ├ OD별 도달률(최근200): rnd0=62%(n200)  rnd1=58%(n200)  rnd10=99%(n200)  rnd11=60%(n200)  rnd12=42%(n200)  rnd13=43%(n200)  rnd14=44%(n200)  rnd15=44%(n200)  rnd16=5%(n200)  rnd17=2%(n170)  rnd18=36%(n187)  rnd19=2%(n178)  rnd2=57%(n200)  rnd3=83%(n200)  rnd4=60%(n200)  rnd5=54%(n200)  rnd6=58%(n200)  rnd7=60%(n200)  rnd8=60%(n200)  rnd9=57%(n200)
          └ 이동 분포: straight=69%  left=13%  right=18%
Ep 7700/25000 | R=  188.6 | Fuel=535.0mL | Wait= 294s | Steps=16.8 | Reach=58% | ε=0.050 | Loss=589.990 | t=4075s
          ├ 토폴로지 도달률(최근50): 10x10_topology=100%  6x6_cross_topology=100%  gangnam_topology_add=14%
          ├ OD별 도달률(최근200): rnd0=62%(n200)  rnd1=59%(n200)  rnd10=99%(n200)  rnd11=57%(n200)  rnd12=42%(n200)  rnd13=44%(n200)  rnd14=44%(n200)  rnd15=44%(n200)  rnd16=5%(n200)  rnd17=2%(n171)  rnd18=37%(n189)  rnd19=2%(n179)  rnd2=57%(n200)  rnd3=84%(n200)  rnd4=60%(n200)  rnd5=54%(n200)  rnd6=59%(n200)  rnd7=58%(n200)  rnd8=60%(n200)  rnd9=58%(n200)
          └ 이동 분포: straight=69%  left=11%  right=20%
Ep 7800/25000 | R=  296.4 | Fuel=517.3mL | Wait= 299s | Steps=16.4 | Reach=65% | ε=0.050 | Loss=554.294 | t=4097s
          ├ 토폴로지 도달률(최근50): 10x10_topology=100%  6x6_cross_topology=100%  gangnam_topology_add=12%
          ├ OD별 도달률(최근200): rnd0=61%(n200)  rnd1=60%(n200)  rnd10=99%(n200)  rnd11=58%(n200)  rnd12=42%(n200)  rnd13=45%(n200)  rnd14=45%(n200)  rnd15=44%(n200)  rnd16=5%(n200)  rnd17=2%(n174)  rnd18=37%(n191)  rnd19=2%(n181)  rnd2=56%(n200)  rnd3=84%(n200)  rnd4=60%(n200)  rnd5=54%(n200)  rnd6=60%(n200)  rnd7=59%(n200)  rnd8=60%(n200)  rnd9=58%(n200)
          └ 이동 분포: straight=73%  left=13%  right=14%
Ep 7900/25000 | R=  186.5 | Fuel=518.9mL | Wait= 323s | Steps=17.5 | Reach=60% | ε=0.050 | Loss=531.989 | t=4121s
          ├ 토폴로지 도달률(최근50): 10x10_topology=100%  6x6_cross_topology=100%  gangnam_topology_add=8%
          ├ OD별 도달률(최근200): rnd0=60%(n200)  rnd1=60%(n200)  rnd10=100%(n200)  rnd11=59%(n200)  rnd12=41%(n200)  rnd13=45%(n200)  rnd14=46%(n200)  rnd15=44%(n200)  rnd16=4%(n200)  rnd17=2%(n175)  rnd18=38%(n192)  rnd19=2%(n184)  rnd2=54%(n200)  rnd3=85%(n200)  rnd4=60%(n200)  rnd5=54%(n200)  rnd6=60%(n200)  rnd7=59%(n200)  rnd8=60%(n200)  rnd9=58%(n200)
          └ 이동 분포: straight=71%  left=12%  right=17%
Ep 8000/25000 | R=  201.5 | Fuel=575.1mL | Wait= 344s | Steps=19.5 | Reach=57% | ε=0.050 | Loss=498.404 | t=4150s
          ├ 토폴로지 도달률(최근50): 10x10_topology=100%  6x6_cross_topology=100%  gangnam_topology_add=8%
          ├ OD별 도달률(최근200): rnd0=61%(n200)  rnd1=60%(n200)  rnd10=100%(n200)  rnd11=59%(n200)  rnd12=41%(n200)  rnd13=45%(n200)  rnd14=46%(n200)  rnd15=44%(n200)  rnd16=4%(n200)  rnd17=2%(n178)  rnd18=38%(n193)  rnd19=2%(n186)  rnd2=54%(n200)  rnd3=86%(n200)  rnd4=60%(n200)  rnd5=55%(n200)  rnd6=60%(n200)  rnd7=57%(n200)  rnd8=60%(n200)  rnd9=58%(n200)
          └ 이동 분포: straight=70%  left=12%  right=18%
Ep 8100/25000 | R=  146.7 | Fuel=544.6mL | Wait= 320s | Steps=17.0 | Reach=56% | ε=0.050 | Loss=520.645 | t=4175s
          ├ 토폴로지 도달률(최근50): 10x10_topology=100%  6x6_cross_topology=100%  gangnam_topology_add=12%
          ├ OD별 도달률(최근200): rnd0=61%(n200)  rnd1=60%(n200)  rnd10=100%(n200)  rnd11=62%(n200)  rnd12=42%(n200)  rnd13=45%(n200)  rnd14=46%(n200)  rnd15=43%(n200)  rnd16=4%(n200)  rnd17=2%(n182)  rnd18=38%(n196)  rnd19=2%(n190)  rnd2=56%(n200)  rnd3=86%(n200)  rnd4=58%(n200)  rnd5=55%(n200)  rnd6=60%(n200)  rnd7=58%(n200)  rnd8=60%(n200)  rnd9=58%(n200)
          └ 이동 분포: straight=67%  left=14%  right=19%
Ep 8200/25000 | R=  197.1 | Fuel=507.2mL | Wait= 281s | Steps=16.3 | Reach=57% | ε=0.050 | Loss=496.163 | t=4200s
          ├ 토폴로지 도달률(최근50): 10x10_topology=100%  6x6_cross_topology=100%  gangnam_topology_add=16%
          ├ OD별 도달률(최근200): rnd0=62%(n200)  rnd1=61%(n200)  rnd10=100%(n200)  rnd11=60%(n200)  rnd12=41%(n200)  rnd13=45%(n200)  rnd14=46%(n200)  rnd15=43%(n200)  rnd16=4%(n200)  rnd17=2%(n184)  rnd18=40%(n200)  rnd19=2%(n192)  rnd2=57%(n200)  rnd3=88%(n200)  rnd4=58%(n200)  rnd5=55%(n200)  rnd6=60%(n200)  rnd7=57%(n200)  rnd8=62%(n200)  rnd9=57%(n200)
          └ 이동 분포: straight=70%  left=12%  right=17%
Ep 8300/25000 | R=   64.2 | Fuel=575.6mL | Wait= 357s | Steps=19.5 | Reach=54% | ε=0.050 | Loss=492.955 | t=4228s
          ├ 토폴로지 도달률(최근50): 10x10_topology=100%  6x6_cross_topology=100%  gangnam_topology_add=16%
          ├ OD별 도달률(최근200): rnd0=62%(n200)  rnd1=61%(n200)  rnd10=100%(n200)  rnd11=60%(n200)  rnd12=40%(n200)  rnd13=46%(n200)  rnd14=46%(n200)  rnd15=42%(n200)  rnd16=3%(n200)  rnd17=2%(n189)  rnd18=40%(n200)  rnd19=2%(n195)  rnd2=60%(n200)  rnd3=89%(n200)  rnd4=58%(n200)  rnd5=54%(n200)  rnd6=61%(n200)  rnd7=57%(n200)  rnd8=60%(n200)  rnd9=57%(n200)
          └ 이동 분포: straight=73%  left=11%  right=16%
Ep 8400/25000 | R=  167.7 | Fuel=503.3mL | Wait= 287s | Steps=16.6 | Reach=58% | ε=0.050 | Loss=475.982 | t=4252s
          ├ 토폴로지 도달률(최근50): 10x10_topology=100%  6x6_cross_topology=100%  gangnam_topology_add=14%
          ├ OD별 도달률(최근200): rnd0=62%(n200)  rnd1=62%(n200)  rnd10=100%(n200)  rnd11=61%(n200)  rnd12=40%(n200)  rnd13=46%(n200)  rnd14=48%(n200)  rnd15=44%(n200)  rnd16=2%(n200)  rnd17=2%(n192)  rnd18=42%(n200)  rnd19=2%(n199)  rnd2=60%(n200)  rnd3=89%(n200)  rnd4=59%(n200)  rnd5=54%(n200)  rnd6=62%(n200)  rnd7=56%(n200)  rnd8=58%(n200)  rnd9=57%(n200)
          └ 이동 분포: straight=72%  left=12%  right=16%
Ep 8500/25000 | R=   47.0 | Fuel=562.0mL | Wait= 313s | Steps=19.4 | Reach=50% | ε=0.050 | Loss=435.181 | t=4278s
          ├ 토폴로지 도달률(최근50): 10x10_topology=100%  6x6_cross_topology=100%  gangnam_topology_add=10%
          ├ OD별 도달률(최근200): rnd0=63%(n200)  rnd1=60%(n200)  rnd10=100%(n200)  rnd11=62%(n200)  rnd12=40%(n200)  rnd13=46%(n200)  rnd14=48%(n200)  rnd15=44%(n200)  rnd16=0%(n200)  rnd17=2%(n196)  rnd18=43%(n200)  rnd19=2%(n200)  rnd2=58%(n200)  rnd3=89%(n200)  rnd4=58%(n200)  rnd5=52%(n200)  rnd6=60%(n200)  rnd7=56%(n200)  rnd8=59%(n200)  rnd9=57%(n200)
          └ 이동 분포: straight=68%  left=14%  right=18%
Ep 8600/25000 | R=  145.7 | Fuel=465.3mL | Wait= 269s | Steps=15.8 | Reach=53% | ε=0.050 | Loss=434.168 | t=4298s
          ├ 토폴로지 도달률(최근50): 10x10_topology=100%  6x6_cross_topology=100%  gangnam_topology_add=8%
          ├ OD별 도달률(최근200): rnd0=62%(n200)  rnd1=59%(n200)  rnd10=100%(n200)  rnd11=62%(n200)  rnd12=39%(n200)  rnd13=46%(n200)  rnd14=47%(n200)  rnd15=44%(n200)  rnd16=0%(n200)  rnd17=2%(n198)  rnd18=44%(n200)  rnd19=1%(n200)  rnd2=59%(n200)  rnd3=90%(n200)  rnd4=58%(n200)  rnd5=52%(n200)  rnd6=62%(n200)  rnd7=54%(n200)  rnd8=58%(n200)  rnd9=56%(n200)
          └ 이동 분포: straight=70%  left=13%  right=18%
Ep 8700/25000 | R=  146.7 | Fuel=475.4mL | Wait= 274s | Steps=16.7 | Reach=60% | ε=0.050 | Loss=421.737 | t=4321s
          ├ 토폴로지 도달률(최근50): 10x10_topology=100%  6x6_cross_topology=100%  gangnam_topology_add=28%
          ├ OD별 도달률(최근200): rnd0=62%(n200)  rnd1=59%(n200)  rnd10=100%(n200)  rnd11=60%(n200)  rnd12=38%(n200)  rnd13=46%(n200)  rnd14=47%(n200)  rnd15=44%(n200)  rnd16=0%(n200)  rnd17=2%(n200)  rnd18=44%(n200)  rnd19=1%(n200)  rnd2=57%(n200)  rnd3=91%(n200)  rnd4=60%(n200)  rnd5=54%(n200)  rnd6=61%(n200)  rnd7=55%(n200)  rnd8=58%(n200)  rnd9=56%(n200)
          └ 이동 분포: straight=72%  left=10%  right=18%
Ep 8800/25000 | R=  190.2 | Fuel=503.5mL | Wait= 278s | Steps=17.3 | Reach=60% | ε=0.050 | Loss=408.429 | t=4346s
          ├ 토폴로지 도달률(최근50): 10x10_topology=98%  6x6_cross_topology=100%  gangnam_topology_add=22%
          ├ OD별 도달률(최근200): rnd0=61%(n200)  rnd1=59%(n200)  rnd10=100%(n200)  rnd11=61%(n200)  rnd12=39%(n200)  rnd13=46%(n200)  rnd14=50%(n200)  rnd15=46%(n200)  rnd16=0%(n200)  rnd17=2%(n200)  rnd18=46%(n200)  rnd19=1%(n200)  rnd2=57%(n200)  rnd3=92%(n200)  rnd4=59%(n200)  rnd5=54%(n200)  rnd6=60%(n200)  rnd7=56%(n200)  rnd8=58%(n200)  rnd9=56%(n200)
          └ 이동 분포: straight=72%  left=11%  right=18%
Ep 8900/25000 | R=  209.9 | Fuel=504.5mL | Wait= 261s | Steps=16.2 | Reach=60% | ε=0.050 | Loss=402.694 | t=4368s
          ├ 토폴로지 도달률(최근50): 10x10_topology=96%  6x6_cross_topology=100%  gangnam_topology_add=16%
          ├ OD별 도달률(최근200): rnd0=60%(n200)  rnd1=60%(n200)  rnd10=100%(n200)  rnd11=62%(n200)  rnd12=39%(n200)  rnd13=46%(n200)  rnd14=50%(n200)  rnd15=46%(n200)  rnd16=0%(n200)  rnd17=2%(n200)  rnd18=48%(n200)  rnd19=1%(n200)  rnd2=57%(n200)  rnd3=94%(n200)  rnd4=60%(n200)  rnd5=53%(n200)  rnd6=60%(n200)  rnd7=57%(n200)  rnd8=58%(n200)  rnd9=56%(n200)
          └ 이동 분포: straight=68%  left=13%  right=18%
Ep 9000/25000 | R=  251.9 | Fuel=450.0mL | Wait= 232s | Steps=13.4 | Reach=60% | ε=0.050 | Loss=396.153 | t=4389s
          ├ 토폴로지 도달률(최근50): 10x10_topology=98%  6x6_cross_topology=100%  gangnam_topology_add=24%
          ├ OD별 도달률(최근200): rnd0=59%(n200)  rnd1=59%(n200)  rnd10=100%(n200)  rnd11=61%(n200)  rnd12=37%(n200)  rnd13=46%(n200)  rnd14=50%(n200)  rnd15=46%(n200)  rnd16=0%(n200)  rnd17=2%(n200)  rnd18=49%(n200)  rnd19=1%(n200)  rnd2=59%(n200)  rnd3=94%(n200)  rnd4=58%(n200)  rnd5=53%(n200)  rnd6=60%(n200)  rnd7=56%(n200)  rnd8=58%(n200)  rnd9=56%(n200)
          └ 이동 분포: straight=68%  left=13%  right=19%
Ep 9100/25000 | R=   80.7 | Fuel=580.2mL | Wait= 342s | Steps=19.6 | Reach=52% | ε=0.050 | Loss=395.818 | t=4417s
          ├ 토폴로지 도달률(최근50): 10x10_topology=100%  6x6_cross_topology=100%  gangnam_topology_add=8%
          ├ OD별 도달률(최근200): rnd0=59%(n200)  rnd1=60%(n200)  rnd10=100%(n200)  rnd11=60%(n200)  rnd12=36%(n200)  rnd13=46%(n200)  rnd14=50%(n200)  rnd15=46%(n200)  rnd16=0%(n200)  rnd17=2%(n200)  rnd18=50%(n200)  rnd19=1%(n200)  rnd2=60%(n200)  rnd3=95%(n200)  rnd4=57%(n200)  rnd5=53%(n200)  rnd6=60%(n200)  rnd7=57%(n200)  rnd8=57%(n200)  rnd9=56%(n200)
          └ 이동 분포: straight=68%  left=12%  right=20%
Ep 9200/25000 | R=  223.8 | Fuel=475.0mL | Wait= 281s | Steps=15.7 | Reach=57% | ε=0.050 | Loss=367.808 | t=4438s
          ├ 토폴로지 도달률(최근50): 10x10_topology=100%  6x6_cross_topology=100%  gangnam_topology_add=18%
          ├ OD별 도달률(최근200): rnd0=57%(n200)  rnd1=60%(n200)  rnd10=100%(n200)  rnd11=60%(n200)  rnd12=36%(n200)  rnd13=46%(n200)  rnd14=49%(n200)  rnd15=46%(n200)  rnd16=0%(n200)  rnd17=2%(n200)  rnd18=52%(n200)  rnd19=1%(n200)  rnd2=60%(n200)  rnd3=96%(n200)  rnd4=57%(n200)  rnd5=55%(n200)  rnd6=60%(n200)  rnd7=57%(n200)  rnd8=57%(n200)  rnd9=56%(n200)
          └ 이동 분포: straight=71%  left=12%  right=17%
Ep 9300/25000 | R=   70.7 | Fuel=568.6mL | Wait= 270s | Steps=17.0 | Reach=57% | ε=0.050 | Loss=394.941 | t=4462s
          ├ 토폴로지 도달률(최근50): 10x10_topology=100%  6x6_cross_topology=100%  gangnam_topology_add=18%
          ├ OD별 도달률(최근200): rnd0=57%(n200)  rnd1=60%(n200)  rnd10=100%(n200)  rnd11=61%(n200)  rnd12=34%(n200)  rnd13=47%(n200)  rnd14=48%(n200)  rnd15=46%(n200)  rnd16=0%(n200)  rnd17=2%(n200)  rnd18=55%(n200)  rnd19=1%(n200)  rnd2=59%(n200)  rnd3=94%(n200)  rnd4=58%(n200)  rnd5=55%(n200)  rnd6=62%(n200)  rnd7=57%(n200)  rnd8=56%(n200)  rnd9=56%(n200)
          └ 이동 분포: straight=65%  left=14%  right=21%
Ep 9400/25000 | R=  272.7 | Fuel=476.2mL | Wait= 271s | Steps=15.9 | Reach=62% | ε=0.050 | Loss=383.964 | t=4483s
          ├ 토폴로지 도달률(최근50): 10x10_topology=100%  6x6_cross_topology=100%  gangnam_topology_add=20%
          ├ OD별 도달률(최근200): rnd0=56%(n200)  rnd1=60%(n200)  rnd10=100%(n200)  rnd11=60%(n200)  rnd12=36%(n200)  rnd13=46%(n200)  rnd14=48%(n200)  rnd15=48%(n200)  rnd16=0%(n200)  rnd17=2%(n200)  rnd18=56%(n200)  rnd19=0%(n200)  rnd2=59%(n200)  rnd3=94%(n200)  rnd4=58%(n200)  rnd5=55%(n200)  rnd6=61%(n200)  rnd7=57%(n200)  rnd8=57%(n200)  rnd9=56%(n200)
          └ 이동 분포: straight=70%  left=12%  right=18%
Ep 9500/25000 | R=  207.5 | Fuel=513.3mL | Wait= 283s | Steps=15.6 | Reach=63% | ε=0.050 | Loss=388.329 | t=4506s
          ├ 토폴로지 도달률(최근50): 10x10_topology=100%  6x6_cross_topology=100%  gangnam_topology_add=26%
          ├ OD별 도달률(최근200): rnd0=56%(n200)  rnd1=60%(n200)  rnd10=100%(n200)  rnd11=59%(n200)  rnd12=35%(n200)  rnd13=46%(n200)  rnd14=49%(n200)  rnd15=48%(n200)  rnd16=0%(n200)  rnd17=2%(n200)  rnd18=58%(n200)  rnd19=0%(n200)  rnd2=61%(n200)  rnd3=95%(n200)  rnd4=58%(n200)  rnd5=55%(n200)  rnd6=60%(n200)  rnd7=57%(n200)  rnd8=57%(n200)  rnd9=56%(n200)
          └ 이동 분포: straight=71%  left=10%  right=19%
Ep 9600/25000 | R=  165.4 | Fuel=486.2mL | Wait= 269s | Steps=15.8 | Reach=52% | ε=0.050 | Loss=396.840 | t=4528s
          ├ 토폴로지 도달률(최근50): 10x10_topology=100%  6x6_cross_topology=100%  gangnam_topology_add=10%
          ├ OD별 도달률(최근200): rnd0=56%(n200)  rnd1=57%(n200)  rnd10=100%(n200)  rnd11=59%(n200)  rnd12=34%(n200)  rnd13=47%(n200)  rnd14=48%(n200)  rnd15=48%(n200)  rnd16=0%(n200)  rnd17=2%(n200)  rnd18=59%(n200)  rnd19=0%(n200)  rnd2=61%(n200)  rnd3=96%(n200)  rnd4=57%(n200)  rnd5=55%(n200)  rnd6=60%(n200)  rnd7=57%(n200)  rnd8=58%(n200)  rnd9=56%(n200)
          └ 이동 분포: straight=69%  left=13%  right=18%
Ep 9700/25000 | R=  306.4 | Fuel=425.7mL | Wait= 232s | Steps=13.4 | Reach=65% | ε=0.050 | Loss=372.834 | t=4548s
          ├ 토폴로지 도달률(최근50): 10x10_topology=98%  6x6_cross_topology=100%  gangnam_topology_add=22%
          ├ OD별 도달률(최근200): rnd0=58%(n200)  rnd1=57%(n200)  rnd10=100%(n200)  rnd11=58%(n200)  rnd12=36%(n200)  rnd13=46%(n200)  rnd14=48%(n200)  rnd15=48%(n200)  rnd16=0%(n200)  rnd17=2%(n200)  rnd18=60%(n200)  rnd19=0%(n200)  rnd2=61%(n200)  rnd3=96%(n200)  rnd4=58%(n200)  rnd5=56%(n200)  rnd6=59%(n200)  rnd7=58%(n200)  rnd8=58%(n200)  rnd9=56%(n200)
          └ 이동 분포: straight=71%  left=11%  right=18%
Ep 9800/25000 | R=  272.7 | Fuel=423.1mL | Wait= 237s | Steps=13.1 | Reach=58% | ε=0.050 | Loss=366.810 | t=4567s
          ├ 토폴로지 도달률(최근50): 10x10_topology=100%  6x6_cross_topology=100%  gangnam_topology_add=10%
          ├ OD별 도달률(최근200): rnd0=58%(n200)  rnd1=57%(n200)  rnd10=100%(n200)  rnd11=58%(n200)  rnd12=37%(n200)  rnd13=46%(n200)  rnd14=48%(n200)  rnd15=48%(n200)  rnd16=0%(n200)  rnd17=2%(n200)  rnd18=61%(n200)  rnd19=0%(n200)  rnd2=62%(n200)  rnd3=96%(n200)  rnd4=57%(n200)  rnd5=56%(n200)  rnd6=60%(n200)  rnd7=58%(n200)  rnd8=59%(n200)  rnd9=56%(n200)
          └ 이동 분포: straight=60%  left=14%  right=26%
Ep 9900/25000 | R=  283.5 | Fuel=496.9mL | Wait= 269s | Steps=15.3 | Reach=62% | ε=0.050 | Loss=354.178 | t=4588s
          ├ 토폴로지 도달률(최근50): 10x10_topology=100%  6x6_cross_topology=100%  gangnam_topology_add=18%
          ├ OD별 도달률(최근200): rnd0=58%(n200)  rnd1=57%(n200)  rnd10=100%(n200)  rnd11=60%(n200)  rnd12=36%(n200)  rnd13=47%(n200)  rnd14=48%(n200)  rnd15=48%(n200)  rnd16=0%(n200)  rnd17=2%(n200)  rnd18=62%(n200)  rnd19=0%(n200)  rnd2=61%(n200)  rnd3=96%(n200)  rnd4=57%(n200)  rnd5=56%(n200)  rnd6=60%(n200)  rnd7=60%(n200)  rnd8=58%(n200)  rnd9=56%(n200)
          └ 이동 분포: straight=70%  left=13%  right=17%
Ep 10000/25000 | R=  209.5 | Fuel=487.0mL | Wait= 285s | Steps=16.3 | Reach=56% | ε=0.050 | Loss=356.989 | t=4612s
          ├ 토폴로지 도달률(최근50): 10x10_topology=100%  6x6_cross_topology=100%  gangnam_topology_add=14%
          ├ OD별 도달률(최근200): rnd0=56%(n200)  rnd1=58%(n200)  rnd10=100%(n200)  rnd11=58%(n200)  rnd12=37%(n200)  rnd13=46%(n200)  rnd14=48%(n200)  rnd15=50%(n200)  rnd16=0%(n200)  rnd17=2%(n200)  rnd18=63%(n200)  rnd19=0%(n200)  rnd2=60%(n200)  rnd3=96%(n200)  rnd4=59%(n200)  rnd5=56%(n200)  rnd6=62%(n200)  rnd7=60%(n200)  rnd8=60%(n200)  rnd9=56%(n200)
          └ 이동 분포: straight=68%  left=14%  right=19%
  [체크포인트] model_rl_signal_attention_ep10000.pth
Ep 10100/25000 | R=  397.6 | Fuel=438.3mL | Wait= 207s | Steps=11.6 | Reach=66% | ε=0.050 | Loss=381.011 | t=4629s
          ├ 토폴로지 도달률(최근50): 10x10_topology=98%  6x6_cross_topology=100%  gangnam_topology_add=8%
          ├ OD별 도달률(최근200): rnd0=56%(n200)  rnd1=58%(n200)  rnd10=100%(n200)  rnd11=58%(n200)  rnd12=38%(n200)  rnd13=47%(n200)  rnd14=48%(n200)  rnd15=50%(n200)  rnd16=0%(n200)  rnd17=2%(n200)  rnd18=63%(n200)  rnd19=0%(n200)  rnd2=60%(n200)  rnd3=96%(n200)  rnd4=59%(n200)  rnd5=57%(n200)  rnd6=62%(n200)  rnd7=60%(n200)  rnd8=60%(n200)  rnd9=56%(n200)
          └ 이동 분포: straight=68%  left=14%  right=18%
Ep 10200/25000 | R=  154.9 | Fuel=543.8mL | Wait= 319s | Steps=18.7 | Reach=58% | ε=0.050 | Loss=354.567 | t=4654s
          ├ 토폴로지 도달률(최근50): 10x10_topology=96%  6x6_cross_topology=100%  gangnam_topology_add=14%
          ├ OD별 도달률(최근200): rnd0=55%(n200)  rnd1=58%(n200)  rnd10=100%(n200)  rnd11=58%(n200)  rnd12=40%(n200)  rnd13=48%(n200)  rnd14=50%(n200)  rnd15=49%(n200)  rnd16=0%(n200)  rnd17=2%(n200)  rnd18=64%(n200)  rnd19=0%(n200)  rnd2=60%(n200)  rnd3=96%(n200)  rnd4=59%(n200)  rnd5=56%(n200)  rnd6=60%(n200)  rnd7=60%(n200)  rnd8=60%(n200)  rnd9=56%(n200)
          └ 이동 분포: straight=68%  left=13%  right=19%
Ep 10300/25000 | R=  232.6 | Fuel=521.7mL | Wait= 308s | Steps=17.8 | Reach=63% | ε=0.050 | Loss=348.147 | t=4680s
          ├ 토폴로지 도달률(최근50): 10x10_topology=100%  6x6_cross_topology=100%  gangnam_topology_add=22%
          ├ OD별 도달률(최근200): rnd0=55%(n200)  rnd1=57%(n200)  rnd10=100%(n200)  rnd11=60%(n200)  rnd12=40%(n200)  rnd13=47%(n200)  rnd14=50%(n200)  rnd15=50%(n200)  rnd16=0%(n200)  rnd17=2%(n200)  rnd18=64%(n200)  rnd19=0%(n200)  rnd2=60%(n200)  rnd3=97%(n200)  rnd4=57%(n200)  rnd5=57%(n200)  rnd6=60%(n200)  rnd7=61%(n200)  rnd8=60%(n200)  rnd9=56%(n200)
          └ 이동 분포: straight=68%  left=13%  right=19%
Ep 10400/25000 | R=   81.1 | Fuel=515.3mL | Wait= 304s | Steps=18.2 | Reach=48% | ε=0.050 | Loss=340.187 | t=4705s
          ├ 토폴로지 도달률(최근50): 10x10_topology=100%  6x6_cross_topology=100%  gangnam_topology_add=12%
          ├ OD별 도달률(최근200): rnd0=54%(n200)  rnd1=57%(n200)  rnd10=100%(n200)  rnd11=57%(n200)  rnd12=40%(n200)  rnd13=46%(n200)  rnd14=50%(n200)  rnd15=48%(n200)  rnd16=0%(n200)  rnd17=2%(n200)  rnd18=64%(n200)  rnd19=0%(n200)  rnd2=60%(n200)  rnd3=97%(n200)  rnd4=58%(n200)  rnd5=57%(n200)  rnd6=59%(n200)  rnd7=60%(n200)  rnd8=60%(n200)  rnd9=56%(n200)
          └ 이동 분포: straight=68%  left=13%  right=19%
Ep 10500/25000 | R=  223.8 | Fuel=471.8mL | Wait= 272s | Steps=15.5 | Reach=53% | ε=0.050 | Loss=331.597 | t=4724s
          ├ 토폴로지 도달률(최근50): 10x10_topology=100%  6x6_cross_topology=100%  gangnam_topology_add=10%
          ├ OD별 도달률(최근200): rnd0=53%(n200)  rnd1=57%(n200)  rnd10=100%(n200)  rnd11=57%(n200)  rnd12=41%(n200)  rnd13=46%(n200)  rnd14=50%(n200)  rnd15=48%(n200)  rnd16=0%(n200)  rnd17=2%(n200)  rnd18=66%(n200)  rnd19=0%(n200)  rnd2=61%(n200)  rnd3=97%(n200)  rnd4=60%(n200)  rnd5=56%(n200)  rnd6=59%(n200)  rnd7=60%(n200)  rnd8=60%(n200)  rnd9=56%(n200)
          └ 이동 분포: straight=70%  left=12%  right=18%
Ep 10600/25000 | R=  325.8 | Fuel=451.6mL | Wait= 233s | Steps=14.1 | Reach=62% | ε=0.050 | Loss=314.432 | t=4745s
          ├ 토폴로지 도달률(최근50): 10x10_topology=100%  6x6_cross_topology=100%  gangnam_topology_add=16%
          ├ OD별 도달률(최근200): rnd0=54%(n200)  rnd1=56%(n200)  rnd10=100%(n200)  rnd11=57%(n200)  rnd12=42%(n200)  rnd13=46%(n200)  rnd14=50%(n200)  rnd15=47%(n200)  rnd16=0%(n200)  rnd17=2%(n200)  rnd18=66%(n200)  rnd19=0%(n200)  rnd2=62%(n200)  rnd3=97%(n200)  rnd4=60%(n200)  rnd5=57%(n200)  rnd6=58%(n200)  rnd7=60%(n200)  rnd8=61%(n200)  rnd9=58%(n200)
          └ 이동 분포: straight=67%  left=14%  right=19%
Ep 10700/25000 | R=  329.7 | Fuel=453.2mL | Wait= 226s | Steps=13.5 | Reach=63% | ε=0.050 | Loss=310.131 | t=4764s
          ├ 토폴로지 도달률(최근50): 10x10_topology=98%  6x6_cross_topology=100%  gangnam_topology_add=10%
          ├ OD별 도달률(최근200): rnd0=54%(n200)  rnd1=55%(n200)  rnd10=100%(n200)  rnd11=58%(n200)  rnd12=42%(n200)  rnd13=45%(n200)  rnd14=52%(n200)  rnd15=47%(n200)  rnd16=0%(n200)  rnd17=2%(n200)  rnd18=67%(n200)  rnd19=0%(n200)  rnd2=62%(n200)  rnd3=97%(n200)  rnd4=58%(n200)  rnd5=58%(n200)  rnd6=58%(n200)  rnd7=60%(n200)  rnd8=62%(n200)  rnd9=60%(n200)
          └ 이동 분포: straight=68%  left=13%  right=18%
Ep 10800/25000 | R=  213.8 | Fuel=462.7mL | Wait= 269s | Steps=15.7 | Reach=57% | ε=0.050 | Loss=328.827 | t=4786s
          ├ 토폴로지 도달률(최근50): 10x10_topology=98%  6x6_cross_topology=100%  gangnam_topology_add=18%
          ├ OD별 도달률(최근200): rnd0=55%(n200)  rnd1=54%(n200)  rnd10=100%(n200)  rnd11=58%(n200)  rnd12=42%(n200)  rnd13=46%(n200)  rnd14=50%(n200)  rnd15=48%(n200)  rnd16=0%(n200)  rnd17=2%(n200)  rnd18=68%(n200)  rnd19=0%(n200)  rnd2=62%(n200)  rnd3=96%(n200)  rnd4=59%(n200)  rnd5=59%(n200)  rnd6=58%(n200)  rnd7=60%(n200)  rnd8=62%(n200)  rnd9=58%(n200)
          └ 이동 분포: straight=70%  left=12%  right=18%
Ep 10900/25000 | R=  179.8 | Fuel=492.0mL | Wait= 286s | Steps=16.5 | Reach=59% | ε=0.050 | Loss=314.303 | t=4809s
          ├ 토폴로지 도달률(최근50): 10x10_topology=100%  6x6_cross_topology=100%  gangnam_topology_add=18%
          ├ OD별 도달률(최근200): rnd0=54%(n200)  rnd1=54%(n200)  rnd10=100%(n200)  rnd11=57%(n200)  rnd12=43%(n200)  rnd13=46%(n200)  rnd14=50%(n200)  rnd15=48%(n200)  rnd16=0%(n200)  rnd17=2%(n200)  rnd18=70%(n200)  rnd19=0%(n200)  rnd2=62%(n200)  rnd3=96%(n200)  rnd4=58%(n200)  rnd5=59%(n200)  rnd6=58%(n200)  rnd7=60%(n200)  rnd8=62%(n200)  rnd9=60%(n200)
          └ 이동 분포: straight=71%  left=12%  right=17%
Ep 11000/25000 | R=   90.5 | Fuel=540.5mL | Wait= 360s | Steps=20.5 | Reach=51% | ε=0.050 | Loss=298.533 | t=4837s
          ├ 토폴로지 도달률(최근50): 10x10_topology=100%  6x6_cross_topology=100%  gangnam_topology_add=16%
          ├ OD별 도달률(최근200): rnd0=56%(n200)  rnd1=55%(n200)  rnd10=100%(n200)  rnd11=55%(n200)  rnd12=43%(n200)  rnd13=46%(n200)  rnd14=50%(n200)  rnd15=48%(n200)  rnd16=0%(n200)  rnd17=2%(n200)  rnd18=70%(n200)  rnd19=0%(n200)  rnd2=62%(n200)  rnd3=95%(n200)  rnd4=57%(n200)  rnd5=59%(n200)  rnd6=59%(n200)  rnd7=60%(n200)  rnd8=62%(n200)  rnd9=58%(n200)
          └ 이동 분포: straight=68%  left=12%  right=20%
Ep 11100/25000 | R=  119.4 | Fuel=533.8mL | Wait= 309s | Steps=17.9 | Reach=54% | ε=0.050 | Loss=315.549 | t=4862s
          ├ 토폴로지 도달률(최근50): 10x10_topology=98%  6x6_cross_topology=100%  gangnam_topology_add=12%
          ├ OD별 도달률(최근200): rnd0=56%(n200)  rnd1=54%(n200)  rnd10=100%(n200)  rnd11=54%(n200)  rnd12=42%(n200)  rnd13=47%(n200)  rnd14=51%(n200)  rnd15=48%(n200)  rnd16=0%(n200)  rnd17=2%(n200)  rnd18=71%(n200)  rnd19=0%(n200)  rnd2=64%(n200)  rnd3=94%(n200)  rnd4=58%(n200)  rnd5=59%(n200)  rnd6=58%(n200)  rnd7=60%(n200)  rnd8=62%(n200)  rnd9=59%(n200)
          └ 이동 분포: straight=69%  left=13%  right=18%
Ep 11200/25000 | R=  312.4 | Fuel=497.2mL | Wait= 291s | Steps=16.5 | Reach=63% | ε=0.050 | Loss=290.922 | t=4886s
          ├ 토폴로지 도달률(최근50): 10x10_topology=98%  6x6_cross_topology=100%  gangnam_topology_add=16%
          ├ OD별 도달률(최근200): rnd0=56%(n200)  rnd1=55%(n200)  rnd10=100%(n200)  rnd11=53%(n200)  rnd12=43%(n200)  rnd13=48%(n200)  rnd14=52%(n200)  rnd15=47%(n200)  rnd16=0%(n200)  rnd17=2%(n200)  rnd18=72%(n200)  rnd19=0%(n200)  rnd2=62%(n200)  rnd3=94%(n200)  rnd4=58%(n200)  rnd5=57%(n200)  rnd6=60%(n200)  rnd7=60%(n200)  rnd8=64%(n200)  rnd9=58%(n200)
          └ 이동 분포: straight=70%  left=12%  right=18%
Ep 11300/25000 | R=  274.9 | Fuel=458.0mL | Wait= 234s | Steps=15.4 | Reach=61% | ε=0.050 | Loss=278.851 | t=4908s
          ├ 토폴로지 도달률(최근50): 10x10_topology=100%  6x6_cross_topology=100%  gangnam_topology_add=16%
          ├ OD별 도달률(최근200): rnd0=56%(n200)  rnd1=55%(n200)  rnd10=100%(n200)  rnd11=54%(n200)  rnd12=43%(n200)  rnd13=47%(n200)  rnd14=52%(n200)  rnd15=48%(n200)  rnd16=0%(n200)  rnd17=2%(n200)  rnd18=76%(n200)  rnd19=0%(n200)  rnd2=62%(n200)  rnd3=94%(n200)  rnd4=58%(n200)  rnd5=57%(n200)  rnd6=57%(n200)  rnd7=61%(n200)  rnd8=64%(n200)  rnd9=58%(n200)
          └ 이동 분포: straight=71%  left=13%  right=16%
Ep 11400/25000 | R=  212.9 | Fuel=530.3mL | Wait= 290s | Steps=17.6 | Reach=59% | ε=0.050 | Loss=297.719 | t=4933s
          ├ 토폴로지 도달률(최근50): 10x10_topology=100%  6x6_cross_topology=100%  gangnam_topology_add=12%
          ├ OD별 도달률(최근200): rnd0=56%(n200)  rnd1=55%(n200)  rnd10=100%(n200)  rnd11=54%(n200)  rnd12=43%(n200)  rnd13=48%(n200)  rnd14=51%(n200)  rnd15=48%(n200)  rnd16=0%(n200)  rnd17=2%(n200)  rnd18=77%(n200)  rnd19=0%(n200)  rnd2=62%(n200)  rnd3=94%(n200)  rnd4=58%(n200)  rnd5=57%(n200)  rnd6=58%(n200)  rnd7=60%(n200)  rnd8=65%(n200)  rnd9=59%(n200)
          └ 이동 분포: straight=72%  left=11%  right=17%
Ep 11500/25000 | R=  380.8 | Fuel=445.1mL | Wait= 245s | Steps=13.9 | Reach=66% | ε=0.050 | Loss=280.807 | t=4951s
          ├ 토폴로지 도달률(최근50): 10x10_topology=100%  6x6_cross_topology=100%  gangnam_topology_add=12%
          ├ OD별 도달률(최근200): rnd0=56%(n200)  rnd1=55%(n200)  rnd10=100%(n200)  rnd11=53%(n200)  rnd12=42%(n200)  rnd13=49%(n200)  rnd14=50%(n200)  rnd15=48%(n200)  rnd16=0%(n200)  rnd17=2%(n200)  rnd18=78%(n200)  rnd19=0%(n200)  rnd2=62%(n200)  rnd3=94%(n200)  rnd4=60%(n200)  rnd5=56%(n200)  rnd6=58%(n200)  rnd7=60%(n200)  rnd8=66%(n200)  rnd9=60%(n200)
          └ 이동 분포: straight=75%  left=10%  right=15%
Ep 11600/25000 | R=  334.4 | Fuel=465.4mL | Wait= 238s | Steps=14.8 | Reach=66% | ε=0.050 | Loss=276.067 | t=4971s
          ├ 토폴로지 도달률(최근50): 10x10_topology=100%  6x6_cross_topology=100%  gangnam_topology_add=18%
          ├ OD별 도달률(최근200): rnd0=56%(n200)  rnd1=56%(n200)  rnd10=100%(n200)  rnd11=52%(n200)  rnd12=43%(n200)  rnd13=50%(n200)  rnd14=50%(n200)  rnd15=48%(n200)  rnd16=0%(n200)  rnd17=2%(n200)  rnd18=79%(n200)  rnd19=0%(n200)  rnd2=62%(n200)  rnd3=94%(n200)  rnd4=60%(n200)  rnd5=57%(n200)  rnd6=59%(n200)  rnd7=59%(n200)  rnd8=66%(n200)  rnd9=60%(n200)
          └ 이동 분포: straight=71%  left=11%  right=18%
Ep 11700/25000 | R=  216.3 | Fuel=522.9mL | Wait= 320s | Steps=17.0 | Reach=58% | ε=0.050 | Loss=258.192 | t=4994s
          ├ 토폴로지 도달률(최근50): 10x10_topology=100%  6x6_cross_topology=100%  gangnam_topology_add=10%
          ├ OD별 도달률(최근200): rnd0=56%(n200)  rnd1=56%(n200)  rnd10=100%(n200)  rnd11=52%(n200)  rnd12=44%(n200)  rnd13=51%(n200)  rnd14=50%(n200)  rnd15=48%(n200)  rnd16=0%(n200)  rnd17=2%(n200)  rnd18=80%(n200)  rnd19=0%(n200)  rnd2=62%(n200)  rnd3=94%(n200)  rnd4=62%(n200)  rnd5=57%(n200)  rnd6=60%(n200)  rnd7=59%(n200)  rnd8=66%(n200)  rnd9=59%(n200)
          └ 이동 분포: straight=72%  left=11%  right=17%
Ep 11800/25000 | R=  201.1 | Fuel=523.0mL | Wait= 307s | Steps=18.1 | Reach=56% | ε=0.050 | Loss=243.407 | t=5021s
          ├ 토폴로지 도달률(최근50): 10x10_topology=100%  6x6_cross_topology=100%  gangnam_topology_add=10%
          ├ OD별 도달률(최근200): rnd0=56%(n200)  rnd1=56%(n200)  rnd10=100%(n200)  rnd11=52%(n200)  rnd12=43%(n200)  rnd13=50%(n200)  rnd14=50%(n200)  rnd15=47%(n200)  rnd16=0%(n200)  rnd17=2%(n200)  rnd18=80%(n200)  rnd19=0%(n200)  rnd2=62%(n200)  rnd3=94%(n200)  rnd4=61%(n200)  rnd5=57%(n200)  rnd6=60%(n200)  rnd7=59%(n200)  rnd8=68%(n200)  rnd9=58%(n200)
          └ 이동 분포: straight=67%  left=14%  right=18%
Ep 11900/25000 | R=  328.4 | Fuel=521.7mL | Wait= 281s | Steps=15.8 | Reach=66% | ε=0.050 | Loss=239.435 | t=5044s
          ├ 토폴로지 도달률(최근50): 10x10_topology=100%  6x6_cross_topology=100%  gangnam_topology_add=14%
          ├ OD별 도달률(최근200): rnd0=56%(n200)  rnd1=57%(n200)  rnd10=100%(n200)  rnd11=52%(n200)  rnd12=44%(n200)  rnd13=50%(n200)  rnd14=50%(n200)  rnd15=48%(n200)  rnd16=0%(n200)  rnd17=1%(n200)  rnd18=82%(n200)  rnd19=0%(n200)  rnd2=61%(n200)  rnd3=94%(n200)  rnd4=64%(n200)  rnd5=58%(n200)  rnd6=60%(n200)  rnd7=58%(n200)  rnd8=68%(n200)  rnd9=58%(n200)
          └ 이동 분포: straight=72%  left=11%  right=17%
Ep 12000/25000 | R=  197.2 | Fuel=443.6mL | Wait= 275s | Steps=15.6 | Reach=52% | ε=0.050 | Loss=255.224 | t=5066s
          ├ 토폴로지 도달률(최근50): 10x10_topology=100%  6x6_cross_topology=100%  gangnam_topology_add=14%
          ├ OD별 도달률(최근200): rnd0=57%(n200)  rnd1=57%(n200)  rnd10=100%(n200)  rnd11=54%(n200)  rnd12=43%(n200)  rnd13=50%(n200)  rnd14=48%(n200)  rnd15=47%(n200)  rnd16=0%(n200)  rnd17=0%(n200)  rnd18=83%(n200)  rnd19=0%(n200)  rnd2=61%(n200)  rnd3=94%(n200)  rnd4=64%(n200)  rnd5=59%(n200)  rnd6=60%(n200)  rnd7=58%(n200)  rnd8=68%(n200)  rnd9=58%(n200)
          └ 이동 분포: straight=70%  left=13%  right=17%
Ep 12100/25000 | R=  338.0 | Fuel=419.9mL | Wait= 218s | Steps=12.7 | Reach=63% | ε=0.050 | Loss=235.091 | t=5084s
          ├ 토폴로지 도달률(최근50): 10x10_topology=100%  6x6_cross_topology=100%  gangnam_topology_add=16%
          ├ OD별 도달률(최근200): rnd0=58%(n200)  rnd1=58%(n200)  rnd10=100%(n200)  rnd11=55%(n200)  rnd12=44%(n200)  rnd13=50%(n200)  rnd14=50%(n200)  rnd15=48%(n200)  rnd16=0%(n200)  rnd17=0%(n200)  rnd18=84%(n200)  rnd19=0%(n200)  rnd2=60%(n200)  rnd3=94%(n200)  rnd4=64%(n200)  rnd5=60%(n200)  rnd6=60%(n200)  rnd7=59%(n200)  rnd8=68%(n200)  rnd9=58%(n200)
          └ 이동 분포: straight=68%  left=12%  right=20%
Ep 12200/25000 | R=  282.6 | Fuel=489.8mL | Wait= 256s | Steps=15.1 | Reach=60% | ε=0.050 | Loss=239.603 | t=5107s
          ├ 토폴로지 도달률(최근50): 10x10_topology=100%  6x6_cross_topology=100%  gangnam_topology_add=20%
          ├ OD별 도달률(최근200): rnd0=58%(n200)  rnd1=57%(n200)  rnd10=100%(n200)  rnd11=54%(n200)  rnd12=44%(n200)  rnd13=50%(n200)  rnd14=50%(n200)  rnd15=46%(n200)  rnd16=0%(n200)  rnd17=0%(n200)  rnd18=86%(n200)  rnd19=0%(n200)  rnd2=58%(n200)  rnd3=94%(n200)  rnd4=63%(n200)  rnd5=60%(n200)  rnd6=60%(n200)  rnd7=60%(n200)  rnd8=68%(n200)  rnd9=60%(n200)
          └ 이동 분포: straight=69%  left=12%  right=19%
Ep 12300/25000 | R=  106.7 | Fuel=491.2mL | Wait= 331s | Steps=18.1 | Reach=49% | ε=0.050 | Loss=233.711 | t=5131s
          ├ 토폴로지 도달률(최근50): 10x10_topology=100%  6x6_cross_topology=100%  gangnam_topology_add=12%
          ├ OD별 도달률(최근200): rnd0=59%(n200)  rnd1=57%(n200)  rnd10=100%(n200)  rnd11=52%(n200)  rnd12=43%(n200)  rnd13=50%(n200)  rnd14=48%(n200)  rnd15=46%(n200)  rnd16=0%(n200)  rnd17=0%(n200)  rnd18=86%(n200)  rnd19=0%(n200)  rnd2=57%(n200)  rnd3=94%(n200)  rnd4=64%(n200)  rnd5=60%(n200)  rnd6=60%(n200)  rnd7=60%(n200)  rnd8=68%(n200)  rnd9=61%(n200)
          └ 이동 분포: straight=70%  left=12%  right=17%
Ep 12400/25000 | R=  276.2 | Fuel=473.2mL | Wait= 263s | Steps=15.1 | Reach=59% | ε=0.050 | Loss=239.248 | t=5153s
          ├ 토폴로지 도달률(최근50): 10x10_topology=100%  6x6_cross_topology=100%  gangnam_topology_add=18%
          ├ OD별 도달률(최근200): rnd0=59%(n200)  rnd1=58%(n200)  rnd10=100%(n200)  rnd11=54%(n200)  rnd12=43%(n200)  rnd13=50%(n200)  rnd14=46%(n200)  rnd15=46%(n200)  rnd16=0%(n200)  rnd17=0%(n200)  rnd18=88%(n200)  rnd19=0%(n200)  rnd2=57%(n200)  rnd3=94%(n200)  rnd4=64%(n200)  rnd5=60%(n200)  rnd6=60%(n200)  rnd7=60%(n200)  rnd8=68%(n200)  rnd9=62%(n200)
          └ 이동 분포: straight=71%  left=12%  right=17%
Ep 12500/25000 | R=  285.2 | Fuel=501.5mL | Wait= 289s | Steps=16.9 | Reach=61% | ε=0.050 | Loss=226.150 | t=5178s
          ├ 토폴로지 도달률(최근50): 10x10_topology=98%  6x6_cross_topology=100%  gangnam_topology_add=18%
          ├ OD별 도달률(최근200): rnd0=60%(n200)  rnd1=59%(n200)  rnd10=100%(n200)  rnd11=55%(n200)  rnd12=43%(n200)  rnd13=49%(n200)  rnd14=46%(n200)  rnd15=46%(n200)  rnd16=0%(n200)  rnd17=0%(n200)  rnd18=90%(n200)  rnd19=0%(n200)  rnd2=58%(n200)  rnd3=94%(n200)  rnd4=64%(n200)  rnd5=61%(n200)  rnd6=60%(n200)  rnd7=60%(n200)  rnd8=68%(n200)  rnd9=60%(n200)
          └ 이동 분포: straight=70%  left=14%  right=16%
  [체크포인트] model_rl_signal_attention_ep12500.pth
Ep 12600/25000 | R=  354.8 | Fuel=500.2mL | Wait= 286s | Steps=15.8 | Reach=64% | ε=0.050 | Loss=224.354 | t=5202s
          ├ 토폴로지 도달률(최근50): 10x10_topology=100%  6x6_cross_topology=100%  gangnam_topology_add=12%
          ├ OD별 도달률(최근200): rnd0=62%(n200)  rnd1=60%(n200)  rnd10=100%(n200)  rnd11=56%(n200)  rnd12=43%(n200)  rnd13=50%(n200)  rnd14=46%(n200)  rnd15=46%(n200)  rnd16=0%(n200)  rnd17=0%(n200)  rnd18=90%(n200)  rnd19=0%(n200)  rnd2=58%(n200)  rnd3=95%(n200)  rnd4=64%(n200)  rnd5=61%(n200)  rnd6=60%(n200)  rnd7=59%(n200)  rnd8=68%(n200)  rnd9=60%(n200)
          └ 이동 분포: straight=71%  left=12%  right=16%
Ep 12700/25000 | R=  206.2 | Fuel=468.8mL | Wait= 284s | Steps=16.6 | Reach=57% | ε=0.050 | Loss=229.020 | t=5227s
          ├ 토폴로지 도달률(최근50): 10x10_topology=100%  6x6_cross_topology=100%  gangnam_topology_add=10%
          ├ OD별 도달률(최근200): rnd0=62%(n200)  rnd1=59%(n200)  rnd10=100%(n200)  rnd11=56%(n200)  rnd12=44%(n200)  rnd13=50%(n200)  rnd14=46%(n200)  rnd15=46%(n200)  rnd16=0%(n200)  rnd17=0%(n200)  rnd18=90%(n200)  rnd19=0%(n200)  rnd2=57%(n200)  rnd3=95%(n200)  rnd4=63%(n200)  rnd5=60%(n200)  rnd6=62%(n200)  rnd7=59%(n200)  rnd8=68%(n200)  rnd9=60%(n200)
          └ 이동 분포: straight=71%  left=13%  right=16%
Ep 12800/25000 | R=  103.8 | Fuel=547.4mL | Wait= 362s | Steps=19.7 | Reach=50% | ε=0.050 | Loss=222.423 | t=5253s
          ├ 토폴로지 도달률(최근50): 10x10_topology=100%  6x6_cross_topology=100%  gangnam_topology_add=8%
          ├ OD별 도달률(최근200): rnd0=62%(n200)  rnd1=60%(n200)  rnd10=100%(n200)  rnd11=56%(n200)  rnd12=44%(n200)  rnd13=49%(n200)  rnd14=46%(n200)  rnd15=46%(n200)  rnd16=0%(n200)  rnd17=0%(n200)  rnd18=91%(n200)  rnd19=0%(n200)  rnd2=58%(n200)  rnd3=95%(n200)  rnd4=62%(n200)  rnd5=60%(n200)  rnd6=60%(n200)  rnd7=59%(n200)  rnd8=68%(n200)  rnd9=59%(n200)
          └ 이동 분포: straight=69%  left=12%  right=19%
Ep 12900/25000 | R=  179.8 | Fuel=528.5mL | Wait= 297s | Steps=17.8 | Reach=60% | ε=0.050 | Loss=209.875 | t=5278s
          ├ 토폴로지 도달률(최근50): 10x10_topology=100%  6x6_cross_topology=100%  gangnam_topology_add=10%
          ├ OD별 도달률(최근200): rnd0=63%(n200)  rnd1=60%(n200)  rnd10=100%(n200)  rnd11=56%(n200)  rnd12=46%(n200)  rnd13=50%(n200)  rnd14=47%(n200)  rnd15=46%(n200)  rnd16=0%(n200)  rnd17=0%(n200)  rnd18=91%(n200)  rnd19=0%(n200)  rnd2=57%(n200)  rnd3=95%(n200)  rnd4=62%(n200)  rnd5=60%(n200)  rnd6=62%(n200)  rnd7=58%(n200)  rnd8=66%(n200)  rnd9=58%(n200)
          └ 이동 분포: straight=67%  left=13%  right=20%
Ep 13000/25000 | R=  175.7 | Fuel=508.5mL | Wait= 308s | Steps=18.1 | Reach=57% | ε=0.050 | Loss=210.117 | t=5303s
          ├ 토폴로지 도달률(최근50): 10x10_topology=98%  6x6_cross_topology=100%  gangnam_topology_add=16%
          ├ OD별 도달률(최근200): rnd0=64%(n200)  rnd1=60%(n200)  rnd10=100%(n200)  rnd11=56%(n200)  rnd12=44%(n200)  rnd13=50%(n200)  rnd14=46%(n200)  rnd15=46%(n200)  rnd16=0%(n200)  rnd17=0%(n200)  rnd18=92%(n200)  rnd19=0%(n200)  rnd2=57%(n200)  rnd3=94%(n200)  rnd4=63%(n200)  rnd5=62%(n200)  rnd6=61%(n200)  rnd7=58%(n200)  rnd8=66%(n200)  rnd9=57%(n200)
          └ 이동 분포: straight=71%  left=12%  right=17%
Ep 13100/25000 | R=  340.5 | Fuel=444.4mL | Wait= 247s | Steps=13.8 | Reach=63% | ε=0.050 | Loss=202.047 | t=5323s
          ├ 토폴로지 도달률(최근50): 10x10_topology=98%  6x6_cross_topology=100%  gangnam_topology_add=16%
          ├ OD별 도달률(최근200): rnd0=64%(n200)  rnd1=60%(n200)  rnd10=100%(n200)  rnd11=55%(n200)  rnd12=44%(n200)  rnd13=50%(n200)  rnd14=46%(n200)  rnd15=46%(n200)  rnd16=0%(n200)  rnd17=0%(n200)  rnd18=92%(n200)  rnd19=0%(n200)  rnd2=58%(n200)  rnd3=94%(n200)  rnd4=64%(n200)  rnd5=62%(n200)  rnd6=62%(n200)  rnd7=58%(n200)  rnd8=66%(n200)  rnd9=57%(n200)
          └ 이동 분포: straight=73%  left=11%  right=16%
Ep 13200/25000 | R=  261.2 | Fuel=420.2mL | Wait= 238s | Steps=13.9 | Reach=57% | ε=0.050 | Loss=202.720 | t=5345s
          ├ 토폴로지 도달률(최근50): 10x10_topology=100%  6x6_cross_topology=100%  gangnam_topology_add=14%
          ├ OD별 도달률(최근200): rnd0=63%(n200)  rnd1=60%(n200)  rnd10=100%(n200)  rnd11=55%(n200)  rnd12=45%(n200)  rnd13=50%(n200)  rnd14=46%(n200)  rnd15=46%(n200)  rnd16=0%(n200)  rnd17=0%(n200)  rnd18=92%(n200)  rnd19=0%(n200)  rnd2=60%(n200)  rnd3=94%(n200)  rnd4=62%(n200)  rnd5=62%(n200)  rnd6=60%(n200)  rnd7=57%(n200)  rnd8=66%(n200)  rnd9=56%(n200)
          └ 이동 분포: straight=64%  left=16%  right=20%
Ep 13300/25000 | R=  168.1 | Fuel=485.3mL | Wait= 298s | Steps=17.0 | Reach=55% | ε=0.050 | Loss=201.431 | t=5368s
          ├ 토폴로지 도달률(최근50): 10x10_topology=100%  6x6_cross_topology=100%  gangnam_topology_add=16%
          ├ OD별 도달률(최근200): rnd0=63%(n200)  rnd1=60%(n200)  rnd10=100%(n200)  rnd11=55%(n200)  rnd12=45%(n200)  rnd13=49%(n200)  rnd14=46%(n200)  rnd15=46%(n200)  rnd16=0%(n200)  rnd17=0%(n200)  rnd18=92%(n200)  rnd19=0%(n200)  rnd2=58%(n200)  rnd3=94%(n200)  rnd4=62%(n200)  rnd5=62%(n200)  rnd6=60%(n200)  rnd7=56%(n200)  rnd8=66%(n200)  rnd9=56%(n200)
          └ 이동 분포: straight=71%  left=11%  right=18%
Ep 13400/25000 | R=  146.3 | Fuel=489.0mL | Wait= 287s | Steps=17.4 | Reach=52% | ε=0.050 | Loss=203.682 | t=5392s
          ├ 토폴로지 도달률(최근50): 10x10_topology=100%  6x6_cross_topology=100%  gangnam_topology_add=18%
          ├ OD별 도달률(최근200): rnd0=63%(n200)  rnd1=60%(n200)  rnd10=100%(n200)  rnd11=55%(n200)  rnd12=44%(n200)  rnd13=48%(n200)  rnd14=46%(n200)  rnd15=45%(n200)  rnd16=0%(n200)  rnd17=0%(n200)  rnd18=92%(n200)  rnd19=0%(n200)  rnd2=57%(n200)  rnd3=94%(n200)  rnd4=62%(n200)  rnd5=62%(n200)  rnd6=62%(n200)  rnd7=55%(n200)  rnd8=66%(n200)  rnd9=57%(n200)
          └ 이동 분포: straight=70%  left=12%  right=18%
Ep 13500/25000 | R=  144.6 | Fuel=523.2mL | Wait= 314s | Steps=18.7 | Reach=56% | ε=0.050 | Loss=211.608 | t=5422s
          ├ 토폴로지 도달률(최근50): 10x10_topology=98%  6x6_cross_topology=100%  gangnam_topology_add=26%
          ├ OD별 도달률(최근200): rnd0=62%(n200)  rnd1=60%(n200)  rnd10=100%(n200)  rnd11=55%(n200)  rnd12=44%(n200)  rnd13=48%(n200)  rnd14=46%(n200)  rnd15=46%(n200)  rnd16=0%(n200)  rnd17=0%(n200)  rnd18=92%(n200)  rnd19=0%(n200)  rnd2=58%(n200)  rnd3=94%(n200)  rnd4=62%(n200)  rnd5=62%(n200)  rnd6=61%(n200)  rnd7=54%(n200)  rnd8=66%(n200)  rnd9=58%(n200)
          └ 이동 분포: straight=71%  left=12%  right=17%
Ep 13600/25000 | R=  106.1 | Fuel=572.4mL | Wait= 351s | Steps=20.4 | Reach=53% | ε=0.050 | Loss=203.872 | t=5450s
          ├ 토폴로지 도달률(최근50): 10x10_topology=100%  6x6_cross_topology=100%  gangnam_topology_add=18%
          ├ OD별 도달률(최근200): rnd0=62%(n200)  rnd1=60%(n200)  rnd10=100%(n200)  rnd11=55%(n200)  rnd12=44%(n200)  rnd13=50%(n200)  rnd14=46%(n200)  rnd15=47%(n200)  rnd16=0%(n200)  rnd17=0%(n200)  rnd18=92%(n200)  rnd19=0%(n200)  rnd2=58%(n200)  rnd3=94%(n200)  rnd4=63%(n200)  rnd5=62%(n200)  rnd6=62%(n200)  rnd7=53%(n200)  rnd8=66%(n200)  rnd9=57%(n200)
          └ 이동 분포: straight=70%  left=12%  right=18%
Ep 13700/25000 | R=  284.0 | Fuel=494.0mL | Wait= 270s | Steps=15.4 | Reach=58% | ε=0.050 | Loss=197.103 | t=5473s
          ├ 토폴로지 도달률(최근50): 10x10_topology=100%  6x6_cross_topology=100%  gangnam_topology_add=12%
          ├ OD별 도달률(최근200): rnd0=63%(n200)  rnd1=60%(n200)  rnd10=100%(n200)  rnd11=56%(n200)  rnd12=44%(n200)  rnd13=50%(n200)  rnd14=46%(n200)  rnd15=47%(n200)  rnd16=0%(n200)  rnd17=0%(n200)  rnd18=93%(n200)  rnd19=0%(n200)  rnd2=58%(n200)  rnd3=95%(n200)  rnd4=63%(n200)  rnd5=62%(n200)  rnd6=62%(n200)  rnd7=52%(n200)  rnd8=65%(n200)  rnd9=56%(n200)
          └ 이동 분포: straight=69%  left=13%  right=18%
Ep 13800/25000 | R=  276.6 | Fuel=452.4mL | Wait= 233s | Steps=14.1 | Reach=57% | ε=0.050 | Loss=195.892 | t=5493s
          ├ 토폴로지 도달률(최근50): 10x10_topology=100%  6x6_cross_topology=100%  gangnam_topology_add=12%
          ├ OD별 도달률(최근200): rnd0=64%(n200)  rnd1=60%(n200)  rnd10=100%(n200)  rnd11=57%(n200)  rnd12=44%(n200)  rnd13=48%(n200)  rnd14=46%(n200)  rnd15=47%(n200)  rnd16=1%(n200)  rnd17=0%(n200)  rnd18=93%(n200)  rnd19=0%(n200)  rnd2=57%(n200)  rnd3=95%(n200)  rnd4=64%(n200)  rnd5=61%(n200)  rnd6=60%(n200)  rnd7=51%(n200)  rnd8=66%(n200)  rnd9=56%(n200)
          └ 이동 분포: straight=68%  left=13%  right=18%
Ep 13900/25000 | R=  136.5 | Fuel=437.6mL | Wait= 262s | Steps=15.5 | Reach=46% | ε=0.050 | Loss=196.890 | t=5513s
          ├ 토폴로지 도달률(최근50): 10x10_topology=100%  6x6_cross_topology=100%  gangnam_topology_add=10%
          ├ OD별 도달률(최근200): rnd0=64%(n200)  rnd1=60%(n200)  rnd10=99%(n200)  rnd11=56%(n200)  rnd12=44%(n200)  rnd13=48%(n200)  rnd14=46%(n200)  rnd15=46%(n200)  rnd16=1%(n200)  rnd17=0%(n200)  rnd18=93%(n200)  rnd19=0%(n200)  rnd2=56%(n200)  rnd3=95%(n200)  rnd4=62%(n200)  rnd5=62%(n200)  rnd6=60%(n200)  rnd7=51%(n200)  rnd8=66%(n200)  rnd9=55%(n200)
          └ 이동 분포: straight=74%  left=11%  right=15%
Ep 14000/25000 | R=  231.4 | Fuel=543.9mL | Wait= 318s | Steps=19.1 | Reach=57% | ε=0.050 | Loss=184.503 | t=5538s
          ├ 토폴로지 도달률(최근50): 10x10_topology=100%  6x6_cross_topology=100%  gangnam_topology_add=14%
          ├ OD별 도달률(최근200): rnd0=63%(n200)  rnd1=62%(n200)  rnd10=99%(n200)  rnd11=56%(n200)  rnd12=44%(n200)  rnd13=48%(n200)  rnd14=46%(n200)  rnd15=47%(n200)  rnd16=1%(n200)  rnd17=0%(n200)  rnd18=93%(n200)  rnd19=0%(n200)  rnd2=56%(n200)  rnd3=96%(n200)  rnd4=62%(n200)  rnd5=61%(n200)  rnd6=60%(n200)  rnd7=51%(n200)  rnd8=66%(n200)  rnd9=54%(n200)
          └ 이동 분포: straight=72%  left=12%  right=16%
Ep 14100/25000 | R=  281.2 | Fuel=466.3mL | Wait= 273s | Steps=15.3 | Reach=61% | ε=0.050 | Loss=174.048 | t=5557s
          ├ 토폴로지 도달률(최근50): 10x10_topology=100%  6x6_cross_topology=100%  gangnam_topology_add=14%
          ├ OD별 도달률(최근200): rnd0=64%(n200)  rnd1=62%(n200)  rnd10=99%(n200)  rnd11=55%(n200)  rnd12=44%(n200)  rnd13=49%(n200)  rnd14=46%(n200)  rnd15=46%(n200)  rnd16=1%(n200)  rnd17=0%(n200)  rnd18=93%(n200)  rnd19=0%(n200)  rnd2=56%(n200)  rnd3=96%(n200)  rnd4=62%(n200)  rnd5=62%(n200)  rnd6=60%(n200)  rnd7=52%(n200)  rnd8=66%(n200)  rnd9=52%(n200)
          └ 이동 분포: straight=71%  left=12%  right=17%
Ep 14200/25000 | R=  244.9 | Fuel=450.6mL | Wait= 252s | Steps=15.0 | Reach=58% | ε=0.050 | Loss=189.863 | t=5579s
          ├ 토폴로지 도달률(최근50): 10x10_topology=98%  6x6_cross_topology=100%  gangnam_topology_add=10%
          ├ OD별 도달률(최근200): rnd0=64%(n200)  rnd1=62%(n200)  rnd10=99%(n200)  rnd11=56%(n200)  rnd12=46%(n200)  rnd13=48%(n200)  rnd14=45%(n200)  rnd15=46%(n200)  rnd16=1%(n200)  rnd17=0%(n200)  rnd18=93%(n200)  rnd19=0%(n200)  rnd2=56%(n200)  rnd3=96%(n200)  rnd4=64%(n200)  rnd5=62%(n200)  rnd6=60%(n200)  rnd7=53%(n200)  rnd8=65%(n200)  rnd9=53%(n200)
          └ 이동 분포: straight=69%  left=12%  right=19%
Ep 14300/25000 | R=  112.6 | Fuel=586.3mL | Wait= 392s | Steps=21.2 | Reach=54% | ε=0.050 | Loss=172.936 | t=5620s
          ├ 토폴로지 도달률(최근50): 10x10_topology=98%  6x6_cross_topology=100%  gangnam_topology_add=14%
          ├ OD별 도달률(최근200): rnd0=64%(n200)  rnd1=62%(n200)  rnd10=99%(n200)  rnd11=56%(n200)  rnd12=46%(n200)  rnd13=48%(n200)  rnd14=46%(n200)  rnd15=45%(n200)  rnd16=1%(n200)  rnd17=0%(n200)  rnd18=93%(n200)  rnd19=0%(n200)  rnd2=56%(n200)  rnd3=97%(n200)  rnd4=64%(n200)  rnd5=62%(n200)  rnd6=61%(n200)  rnd7=54%(n200)  rnd8=66%(n200)  rnd9=52%(n200)
          └ 이동 분포: straight=71%  left=12%  right=17%
Ep 14400/25000 | R=  126.8 | Fuel=499.2mL | Wait= 310s | Steps=17.9 | Reach=56% | ε=0.050 | Loss=189.450 | t=5648s
          ├ 토폴로지 도달률(최근50): 10x10_topology=100%  6x6_cross_topology=100%  gangnam_topology_add=16%
          ├ OD별 도달률(최근200): rnd0=64%(n200)  rnd1=60%(n200)  rnd10=99%(n200)  rnd11=56%(n200)  rnd12=46%(n200)  rnd13=48%(n200)  rnd14=46%(n200)  rnd15=44%(n200)  rnd16=1%(n200)  rnd17=0%(n200)  rnd18=93%(n200)  rnd19=0%(n200)  rnd2=57%(n200)  rnd3=97%(n200)  rnd4=64%(n200)  rnd5=63%(n200)  rnd6=62%(n200)  rnd7=54%(n200)  rnd8=64%(n200)  rnd9=51%(n200)
          └ 이동 분포: straight=67%  left=12%  right=21%
Ep 14500/25000 | R=  216.5 | Fuel=488.2mL | Wait= 280s | Steps=15.8 | Reach=59% | ε=0.050 | Loss=179.526 | t=5676s
          ├ 토폴로지 도달률(최근50): 10x10_topology=100%  6x6_cross_topology=100%  gangnam_topology_add=26%
          ├ OD별 도달률(최근200): rnd0=62%(n200)  rnd1=59%(n200)  rnd10=99%(n200)  rnd11=56%(n200)  rnd12=45%(n200)  rnd13=48%(n200)  rnd14=46%(n200)  rnd15=46%(n200)  rnd16=1%(n200)  rnd17=0%(n200)  rnd18=93%(n200)  rnd19=0%(n200)  rnd2=57%(n200)  rnd3=98%(n200)  rnd4=64%(n200)  rnd5=64%(n200)  rnd6=62%(n200)  rnd7=53%(n200)  rnd8=62%(n200)  rnd9=50%(n200)
          └ 이동 분포: straight=71%  left=11%  right=18%
Ep 14600/25000 | R=  239.3 | Fuel=484.9mL | Wait= 268s | Steps=16.4 | Reach=60% | ε=0.050 | Loss=180.504 | t=5707s
          ├ 토폴로지 도달률(최근50): 10x10_topology=100%  6x6_cross_topology=100%  gangnam_topology_add=16%
          ├ OD별 도달률(최근200): rnd0=63%(n200)  rnd1=60%(n200)  rnd10=99%(n200)  rnd11=56%(n200)  rnd12=45%(n200)  rnd13=47%(n200)  rnd14=47%(n200)  rnd15=46%(n200)  rnd16=1%(n200)  rnd17=0%(n200)  rnd18=93%(n200)  rnd19=0%(n200)  rnd2=58%(n200)  rnd3=98%(n200)  rnd4=63%(n200)  rnd5=64%(n200)  rnd6=62%(n200)  rnd7=52%(n200)  rnd8=60%(n200)  rnd9=48%(n200)
          └ 이동 분포: straight=70%  left=12%  right=18%
Ep 14700/25000 | R=  123.9 | Fuel=509.4mL | Wait= 341s | Steps=18.2 | Reach=51% | ε=0.050 | Loss=179.804 | t=5728s
          ├ 토폴로지 도달률(최근50): 10x10_topology=100%  6x6_cross_topology=100%  gangnam_topology_add=18%
          ├ OD별 도달률(최근200): rnd0=62%(n200)  rnd1=59%(n200)  rnd10=99%(n200)  rnd11=57%(n200)  rnd12=44%(n200)  rnd13=46%(n200)  rnd14=46%(n200)  rnd15=44%(n200)  rnd16=1%(n200)  rnd17=0%(n200)  rnd18=93%(n200)  rnd19=0%(n200)  rnd2=57%(n200)  rnd3=98%(n200)  rnd4=64%(n200)  rnd5=64%(n200)  rnd6=62%(n200)  rnd7=53%(n200)  rnd8=59%(n200)  rnd9=50%(n200)
          └ 이동 분포: straight=73%  left=11%  right=16%
Ep 14800/25000 | R=   97.3 | Fuel=466.3mL | Wait= 269s | Steps=16.5 | Reach=47% | ε=0.050 | Loss=171.873 | t=5762s
          ├ 토폴로지 도달률(최근50): 10x10_topology=100%  6x6_cross_topology=100%  gangnam_topology_add=8%
          ├ OD별 도달률(최근200): rnd0=60%(n200)  rnd1=59%(n200)  rnd10=99%(n200)  rnd11=57%(n200)  rnd12=42%(n200)  rnd13=46%(n200)  rnd14=45%(n200)  rnd15=44%(n200)  rnd16=1%(n200)  rnd17=0%(n200)  rnd18=92%(n200)  rnd19=0%(n200)  rnd2=56%(n200)  rnd3=98%(n200)  rnd4=64%(n200)  rnd5=64%(n200)  rnd6=60%(n200)  rnd7=54%(n200)  rnd8=58%(n200)  rnd9=50%(n200)
          └ 이동 분포: straight=70%  left=11%  right=18%
Ep 14900/25000 | R=  302.0 | Fuel=473.3mL | Wait= 253s | Steps=14.9 | Reach=60% | ε=0.050 | Loss=163.853 | t=5782s
          ├ 토폴로지 도달률(최근50): 10x10_topology=100%  6x6_cross_topology=100%  gangnam_topology_add=16%
          ├ OD별 도달률(최근200): rnd0=59%(n200)  rnd1=59%(n200)  rnd10=99%(n200)  rnd11=57%(n200)  rnd12=41%(n200)  rnd13=46%(n200)  rnd14=46%(n200)  rnd15=45%(n200)  rnd16=1%(n200)  rnd17=0%(n200)  rnd18=92%(n200)  rnd19=0%(n200)  rnd2=57%(n200)  rnd3=98%(n200)  rnd4=62%(n200)  rnd5=64%(n200)  rnd6=60%(n200)  rnd7=54%(n200)  rnd8=58%(n200)  rnd9=52%(n200)
          └ 이동 분포: straight=73%  left=12%  right=16%
Ep 15000/25000 | R=  290.5 | Fuel=470.9mL | Wait= 288s | Steps=16.6 | Reach=62% | ε=0.050 | Loss=171.993 | t=5816s
          ├ 토폴로지 도달률(최근50): 10x10_topology=100%  6x6_cross_topology=100%  gangnam_topology_add=10%
          ├ OD별 도달률(최근200): rnd0=58%(n200)  rnd1=59%(n200)  rnd10=98%(n200)  rnd11=58%(n200)  rnd12=41%(n200)  rnd13=46%(n200)  rnd14=46%(n200)  rnd15=45%(n200)  rnd16=1%(n200)  rnd17=0%(n200)  rnd18=92%(n200)  rnd19=0%(n200)  rnd2=57%(n200)  rnd3=98%(n200)  rnd4=62%(n200)  rnd5=64%(n200)  rnd6=62%(n200)  rnd7=56%(n200)  rnd8=60%(n200)  rnd9=50%(n200)
          └ 이동 분포: straight=72%  left=12%  right=16%
  [체크포인트] model_rl_signal_attention_ep15000.pth
Ep 15100/25000 | R=  248.7 | Fuel=570.9mL | Wait= 308s | Steps=18.8 | Reach=62% | ε=0.050 | Loss=158.317 | t=5844s
          ├ 토폴로지 도달률(최근50): 10x10_topology=98%  6x6_cross_topology=100%  gangnam_topology_add=12%
          ├ OD별 도달률(최근200): rnd0=58%(n200)  rnd1=59%(n200)  rnd10=98%(n200)  rnd11=59%(n200)  rnd12=41%(n200)  rnd13=47%(n200)  rnd14=46%(n200)  rnd15=45%(n200)  rnd16=1%(n200)  rnd17=0%(n200)  rnd18=92%(n200)  rnd19=0%(n200)  rnd2=57%(n200)  rnd3=98%(n200)  rnd4=62%(n200)  rnd5=64%(n200)  rnd6=62%(n200)  rnd7=55%(n200)  rnd8=59%(n200)  rnd9=51%(n200)
          └ 이동 분포: straight=70%  left=11%  right=19%
Ep 15200/25000 | R=  224.5 | Fuel=454.9mL | Wait= 270s | Steps=14.9 | Reach=53% | ε=0.050 | Loss=157.505 | t=5870s
          ├ 토폴로지 도달률(최근50): 10x10_topology=98%  6x6_cross_topology=100%  gangnam_topology_add=4%
          ├ OD별 도달률(최근200): rnd0=58%(n200)  rnd1=60%(n200)  rnd10=98%(n200)  rnd11=58%(n200)  rnd12=40%(n200)  rnd13=46%(n200)  rnd14=44%(n200)  rnd15=45%(n200)  rnd16=1%(n200)  rnd17=0%(n200)  rnd18=92%(n200)  rnd19=0%(n200)  rnd2=58%(n200)  rnd3=98%(n200)  rnd4=62%(n200)  rnd5=64%(n200)  rnd6=61%(n200)  rnd7=55%(n200)  rnd8=58%(n200)  rnd9=50%(n200)
          └ 이동 분포: straight=67%  left=14%  right=19%
Ep 15300/25000 | R=  200.6 | Fuel=500.0mL | Wait= 271s | Steps=18.0 | Reach=55% | ε=0.050 | Loss=151.397 | t=5907s
          ├ 토폴로지 도달률(최근50): 10x10_topology=100%  6x6_cross_topology=100%  gangnam_topology_add=8%
          ├ OD별 도달률(최근200): rnd0=58%(n200)  rnd1=60%(n200)  rnd10=98%(n200)  rnd11=57%(n200)  rnd12=40%(n200)  rnd13=46%(n200)  rnd14=44%(n200)  rnd15=46%(n200)  rnd16=1%(n200)  rnd17=0%(n200)  rnd18=92%(n200)  rnd19=0%(n200)  rnd2=58%(n200)  rnd3=98%(n200)  rnd4=62%(n200)  rnd5=64%(n200)  rnd6=60%(n200)  rnd7=56%(n200)  rnd8=59%(n200)  rnd9=49%(n200)
          └ 이동 분포: straight=70%  left=12%  right=18%
Ep 15400/25000 | R=  185.2 | Fuel=499.3mL | Wait= 305s | Steps=18.6 | Reach=56% | ε=0.050 | Loss=157.549 | t=5933s
          ├ 토폴로지 도달률(최근50): 10x10_topology=100%  6x6_cross_topology=100%  gangnam_topology_add=16%
          ├ OD별 도달률(최근200): rnd0=58%(n200)  rnd1=60%(n200)  rnd10=98%(n200)  rnd11=57%(n200)  rnd12=40%(n200)  rnd13=45%(n200)  rnd14=44%(n200)  rnd15=45%(n200)  rnd16=1%(n200)  rnd17=0%(n200)  rnd18=92%(n200)  rnd19=0%(n200)  rnd2=58%(n200)  rnd3=98%(n200)  rnd4=61%(n200)  rnd5=64%(n200)  rnd6=62%(n200)  rnd7=55%(n200)  rnd8=60%(n200)  rnd9=50%(n200)
          └ 이동 분포: straight=69%  left=13%  right=19%
Ep 15500/25000 | R=  214.7 | Fuel=453.4mL | Wait= 220s | Steps=14.1 | Reach=51% | ε=0.050 | Loss=154.738 | t=5947s
          ├ 토폴로지 도달률(최근50): 10x10_topology=100%  6x6_cross_topology=100%  gangnam_topology_add=2%
          ├ OD별 도달률(최근200): rnd0=57%(n200)  rnd1=60%(n200)  rnd10=98%(n200)  rnd11=57%(n200)  rnd12=39%(n200)  rnd13=45%(n200)  rnd14=44%(n200)  rnd15=46%(n200)  rnd16=1%(n200)  rnd17=0%(n200)  rnd18=92%(n200)  rnd19=0%(n200)  rnd2=60%(n200)  rnd3=98%(n200)  rnd4=62%(n200)  rnd5=62%(n200)  rnd6=62%(n200)  rnd7=54%(n200)  rnd8=60%(n200)  rnd9=50%(n200)
          └ 이동 분포: straight=69%  left=12%  right=19%
Ep 15600/25000 | R=  270.1 | Fuel=493.3mL | Wait= 279s | Steps=16.8 | Reach=61% | ε=0.050 | Loss=146.465 | t=5981s
          ├ 토폴로지 도달률(최근50): 10x10_topology=100%  6x6_cross_topology=100%  gangnam_topology_add=12%
          ├ OD별 도달률(최근200): rnd0=56%(n200)  rnd1=60%(n200)  rnd10=98%(n200)  rnd11=57%(n200)  rnd12=39%(n200)  rnd13=44%(n200)  rnd14=44%(n200)  rnd15=46%(n200)  rnd16=1%(n200)  rnd17=0%(n200)  rnd18=92%(n200)  rnd19=0%(n200)  rnd2=60%(n200)  rnd3=98%(n200)  rnd4=61%(n200)  rnd5=62%(n200)  rnd6=60%(n200)  rnd7=54%(n200)  rnd8=60%(n200)  rnd9=51%(n200)
          └ 이동 분포: straight=69%  left=13%  right=18%
Ep 15700/25000 | R=  297.9 | Fuel=472.7mL | Wait= 280s | Steps=15.7 | Reach=58% | ε=0.050 | Loss=159.715 | t=6009s
          ├ 토폴로지 도달률(최근50): 10x10_topology=98%  6x6_cross_topology=100%  gangnam_topology_add=10%
          ├ OD별 도달률(최근200): rnd0=56%(n200)  rnd1=61%(n200)  rnd10=98%(n200)  rnd11=58%(n200)  rnd12=38%(n200)  rnd13=44%(n200)  rnd14=44%(n200)  rnd15=46%(n200)  rnd16=1%(n200)  rnd17=0%(n200)  rnd18=92%(n200)  rnd19=0%(n200)  rnd2=60%(n200)  rnd3=98%(n200)  rnd4=61%(n200)  rnd5=62%(n200)  rnd6=62%(n200)  rnd7=54%(n200)  rnd8=59%(n200)  rnd9=52%(n200)
          └ 이동 분포: straight=72%  left=12%  right=16%
Ep 15800/25000 | R=  243.4 | Fuel=472.5mL | Wait= 294s | Steps=16.1 | Reach=59% | ε=0.050 | Loss=155.276 | t=6041s
          ├ 토폴로지 도달률(최근50): 10x10_topology=98%  6x6_cross_topology=100%  gangnam_topology_add=14%
          ├ OD별 도달률(최근200): rnd0=55%(n200)  rnd1=61%(n200)  rnd10=98%(n200)  rnd11=57%(n200)  rnd12=38%(n200)  rnd13=44%(n200)  rnd14=44%(n200)  rnd15=46%(n200)  rnd16=1%(n200)  rnd17=0%(n200)  rnd18=92%(n200)  rnd19=0%(n200)  rnd2=62%(n200)  rnd3=97%(n200)  rnd4=60%(n200)  rnd5=60%(n200)  rnd6=62%(n200)  rnd7=54%(n200)  rnd8=59%(n200)  rnd9=51%(n200)
          └ 이동 분포: straight=68%  left=14%  right=18%
Ep 15900/25000 | R=  168.6 | Fuel=460.5mL | Wait= 246s | Steps=16.6 | Reach=52% | ε=0.050 | Loss=155.758 | t=6075s
          ├ 토폴로지 도달률(최근50): 10x10_topology=98%  6x6_cross_topology=100%  gangnam_topology_add=8%
          ├ OD별 도달률(최근200): rnd0=56%(n200)  rnd1=60%(n200)  rnd10=98%(n200)  rnd11=56%(n200)  rnd12=38%(n200)  rnd13=43%(n200)  rnd14=44%(n200)  rnd15=46%(n200)  rnd16=1%(n200)  rnd17=0%(n200)  rnd18=92%(n200)  rnd19=0%(n200)  rnd2=60%(n200)  rnd3=97%(n200)  rnd4=61%(n200)  rnd5=60%(n200)  rnd6=61%(n200)  rnd7=55%(n200)  rnd8=57%(n200)  rnd9=50%(n200)
          └ 이동 분포: straight=67%  left=16%  right=17%
Ep 16000/25000 | R=   52.0 | Fuel=500.5mL | Wait= 301s | Steps=18.1 | Reach=46% | ε=0.050 | Loss=151.029 | t=6108s
          ├ 토폴로지 도달률(최근50): 10x10_topology=98%  6x6_cross_topology=100%  gangnam_topology_add=8%
          ├ OD별 도달률(최근200): rnd0=56%(n200)  rnd1=60%(n200)  rnd10=98%(n200)  rnd11=55%(n200)  rnd12=38%(n200)  rnd13=42%(n200)  rnd14=44%(n200)  rnd15=45%(n200)  rnd16=1%(n200)  rnd17=0%(n200)  rnd18=92%(n200)  rnd19=0%(n200)  rnd2=60%(n200)  rnd3=97%(n200)  rnd4=60%(n200)  rnd5=62%(n200)  rnd6=61%(n200)  rnd7=54%(n200)  rnd8=57%(n200)  rnd9=51%(n200)
          └ 이동 분포: straight=71%  left=12%  right=17%
Ep 16100/25000 | R=  265.6 | Fuel=485.6mL | Wait= 272s | Steps=16.2 | Reach=58% | ε=0.050 | Loss=150.895 | t=6141s
          ├ 토폴로지 도달률(최근50): 10x10_topology=100%  6x6_cross_topology=100%  gangnam_topology_add=4%
          ├ OD별 도달률(최근200): rnd0=55%(n200)  rnd1=61%(n200)  rnd10=98%(n200)  rnd11=56%(n200)  rnd12=38%(n200)  rnd13=42%(n200)  rnd14=43%(n200)  rnd15=45%(n200)  rnd16=1%(n200)  rnd17=0%(n200)  rnd18=92%(n200)  rnd19=0%(n200)  rnd2=60%(n200)  rnd3=97%(n200)  rnd4=61%(n200)  rnd5=60%(n200)  rnd6=61%(n200)  rnd7=55%(n200)  rnd8=57%(n200)  rnd9=50%(n200)
          └ 이동 분포: straight=72%  left=12%  right=16%
Ep 16200/25000 | R=  249.0 | Fuel=472.9mL | Wait= 257s | Steps=16.1 | Reach=58% | ε=0.050 | Loss=153.265 | t=6157s
          ├ 토폴로지 도달률(최근50): 10x10_topology=100%  6x6_cross_topology=100%  gangnam_topology_add=10%
          ├ OD별 도달률(최근200): rnd0=56%(n200)  rnd1=62%(n200)  rnd10=98%(n200)  rnd11=55%(n200)  rnd12=38%(n200)  rnd13=40%(n200)  rnd14=44%(n200)  rnd15=45%(n200)  rnd16=1%(n200)  rnd17=0%(n200)  rnd18=92%(n200)  rnd19=0%(n200)  rnd2=60%(n200)  rnd3=98%(n200)  rnd4=62%(n200)  rnd5=60%(n200)  rnd6=61%(n200)  rnd7=56%(n200)  rnd8=57%(n200)  rnd9=52%(n200)
          └ 이동 분포: straight=69%  left=14%  right=17%
Ep 16300/25000 | R=  198.5 | Fuel=447.2mL | Wait= 271s | Steps=15.8 | Reach=54% | ε=0.050 | Loss=147.879 | t=6182s
          ├ 토폴로지 도달률(최근50): 10x10_topology=100%  6x6_cross_topology=100%  gangnam_topology_add=20%
          ├ OD별 도달률(최근200): rnd0=54%(n200)  rnd1=62%(n200)  rnd10=98%(n200)  rnd11=53%(n200)  rnd12=36%(n200)  rnd13=41%(n200)  rnd14=44%(n200)  rnd15=46%(n200)  rnd16=1%(n200)  rnd17=0%(n200)  rnd18=92%(n200)  rnd19=0%(n200)  rnd2=60%(n200)  rnd3=98%(n200)  rnd4=63%(n200)  rnd5=59%(n200)  rnd6=60%(n200)  rnd7=56%(n200)  rnd8=57%(n200)  rnd9=52%(n200)
          └ 이동 분포: straight=69%  left=12%  right=19%
Ep 16400/25000 | R=  366.4 | Fuel=474.6mL | Wait= 239s | Steps=14.8 | Reach=66% | ε=0.050 | Loss=147.919 | t=6212s
          ├ 토폴로지 도달률(최근50): 10x10_topology=100%  6x6_cross_topology=100%  gangnam_topology_add=14%
          ├ OD별 도달률(최근200): rnd0=54%(n200)  rnd1=62%(n200)  rnd10=98%(n200)  rnd11=54%(n200)  rnd12=38%(n200)  rnd13=41%(n200)  rnd14=44%(n200)  rnd15=46%(n200)  rnd16=1%(n200)  rnd17=0%(n200)  rnd18=92%(n200)  rnd19=0%(n200)  rnd2=60%(n200)  rnd3=98%(n200)  rnd4=62%(n200)  rnd5=57%(n200)  rnd6=60%(n200)  rnd7=56%(n200)  rnd8=58%(n200)  rnd9=52%(n200)
          └ 이동 분포: straight=72%  left=12%  right=17%
Ep 16500/25000 | R=  349.2 | Fuel=485.8mL | Wait= 244s | Steps=14.3 | Reach=66% | ε=0.050 | Loss=146.511 | t=6233s
          ├ 토폴로지 도달률(최근50): 10x10_topology=98%  6x6_cross_topology=100%  gangnam_topology_add=20%
          ├ OD별 도달률(최근200): rnd0=54%(n200)  rnd1=63%(n200)  rnd10=98%(n200)  rnd11=54%(n200)  rnd12=38%(n200)  rnd13=42%(n200)  rnd14=43%(n200)  rnd15=46%(n200)  rnd16=1%(n200)  rnd17=0%(n200)  rnd18=92%(n200)  rnd19=0%(n200)  rnd2=60%(n200)  rnd3=98%(n200)  rnd4=62%(n200)  rnd5=58%(n200)  rnd6=62%(n200)  rnd7=56%(n200)  rnd8=57%(n200)  rnd9=52%(n200)
          └ 이동 분포: straight=73%  left=11%  right=16%
Ep 16600/25000 | R=  167.7 | Fuel=466.2mL | Wait= 272s | Steps=17.5 | Reach=51% | ε=0.050 | Loss=149.659 | t=6259s
          ├ 토폴로지 도달률(최근50): 10x10_topology=98%  6x6_cross_topology=100%  gangnam_topology_add=12%
          ├ OD별 도달률(최근200): rnd0=52%(n200)  rnd1=63%(n200)  rnd10=98%(n200)  rnd11=55%(n200)  rnd12=37%(n200)  rnd13=42%(n200)  rnd14=42%(n200)  rnd15=45%(n200)  rnd16=1%(n200)  rnd17=0%(n200)  rnd18=92%(n200)  rnd19=0%(n200)  rnd2=60%(n200)  rnd3=98%(n200)  rnd4=60%(n200)  rnd5=58%(n200)  rnd6=62%(n200)  rnd7=56%(n200)  rnd8=57%(n200)  rnd9=52%(n200)
          └ 이동 분포: straight=72%  left=12%  right=15%
Ep 16700/25000 | R=  271.7 | Fuel=514.7mL | Wait= 308s | Steps=17.3 | Reach=66% | ε=0.050 | Loss=153.425 | t=6294s
          ├ 토폴로지 도달률(최근50): 10x10_topology=100%  6x6_cross_topology=100%  gangnam_topology_add=26%
          ├ OD별 도달률(최근200): rnd0=52%(n200)  rnd1=64%(n200)  rnd10=98%(n200)  rnd11=55%(n200)  rnd12=38%(n200)  rnd13=42%(n200)  rnd14=42%(n200)  rnd15=46%(n200)  rnd16=1%(n200)  rnd17=0%(n200)  rnd18=92%(n200)  rnd19=0%(n200)  rnd2=61%(n200)  rnd3=98%(n200)  rnd4=62%(n200)  rnd5=57%(n200)  rnd6=64%(n200)  rnd7=57%(n200)  rnd8=57%(n200)  rnd9=54%(n200)
          └ 이동 분포: straight=69%  left=11%  right=20%
Ep 16800/25000 | R=   80.4 | Fuel=496.9mL | Wait= 313s | Steps=18.2 | Reach=47% | ε=0.050 | Loss=147.395 | t=6314s
          ├ 토폴로지 도달률(최근50): 10x10_topology=100%  6x6_cross_topology=100%  gangnam_topology_add=16%
          ├ OD별 도달률(최근200): rnd0=54%(n200)  rnd1=64%(n200)  rnd10=98%(n200)  rnd11=54%(n200)  rnd12=37%(n200)  rnd13=42%(n200)  rnd14=41%(n200)  rnd15=46%(n200)  rnd16=1%(n200)  rnd17=0%(n200)  rnd18=92%(n200)  rnd19=0%(n200)  rnd2=60%(n200)  rnd3=98%(n200)  rnd4=62%(n200)  rnd5=57%(n200)  rnd6=63%(n200)  rnd7=57%(n200)  rnd8=57%(n200)  rnd9=56%(n200)
          └ 이동 분포: straight=72%  left=12%  right=17%
Ep 16900/25000 | R=  231.9 | Fuel=494.3mL | Wait= 304s | Steps=17.9 | Reach=56% | ε=0.050 | Loss=143.384 | t=6342s
          ├ 토폴로지 도달률(최근50): 10x10_topology=100%  6x6_cross_topology=100%  gangnam_topology_add=12%
          ├ OD별 도달률(최근200): rnd0=54%(n200)  rnd1=62%(n200)  rnd10=99%(n200)  rnd11=54%(n200)  rnd12=38%(n200)  rnd13=41%(n200)  rnd14=40%(n200)  rnd15=46%(n200)  rnd16=1%(n200)  rnd17=0%(n200)  rnd18=92%(n200)  rnd19=0%(n200)  rnd2=60%(n200)  rnd3=98%(n200)  rnd4=62%(n200)  rnd5=57%(n200)  rnd6=63%(n200)  rnd7=58%(n200)  rnd8=57%(n200)  rnd9=56%(n200)
          └ 이동 분포: straight=74%  left=11%  right=15%
Ep 17000/25000 | R=  235.9 | Fuel=453.0mL | Wait= 258s | Steps=16.5 | Reach=55% | ε=0.050 | Loss=134.556 | t=6366s
          ├ 토폴로지 도달률(최근50): 10x10_topology=100%  6x6_cross_topology=100%  gangnam_topology_add=12%
          ├ OD별 도달률(최근200): rnd0=55%(n200)  rnd1=62%(n200)  rnd10=99%(n200)  rnd11=53%(n200)  rnd12=38%(n200)  rnd13=42%(n200)  rnd14=41%(n200)  rnd15=46%(n200)  rnd16=1%(n200)  rnd17=0%(n200)  rnd18=92%(n200)  rnd19=0%(n200)  rnd2=60%(n200)  rnd3=98%(n200)  rnd4=61%(n200)  rnd5=57%(n200)  rnd6=64%(n200)  rnd7=58%(n200)  rnd8=58%(n200)  rnd9=56%(n200)
          └ 이동 분포: straight=71%  left=12%  right=18%
Ep 17100/25000 | R=  274.3 | Fuel=454.8mL | Wait= 253s | Steps=14.7 | Reach=57% | ε=0.050 | Loss=142.574 | t=6387s
          ├ 토폴로지 도달률(최근50): 10x10_topology=100%  6x6_cross_topology=100%  gangnam_topology_add=6%
          ├ OD별 도달률(최근200): rnd0=54%(n200)  rnd1=62%(n200)  rnd10=99%(n200)  rnd11=54%(n200)  rnd12=38%(n200)  rnd13=42%(n200)  rnd14=41%(n200)  rnd15=46%(n200)  rnd16=1%(n200)  rnd17=0%(n200)  rnd18=92%(n200)  rnd19=0%(n200)  rnd2=59%(n200)  rnd3=98%(n200)  rnd4=62%(n200)  rnd5=58%(n200)  rnd6=63%(n200)  rnd7=57%(n200)  rnd8=58%(n200)  rnd9=56%(n200)
          └ 이동 분포: straight=71%  left=12%  right=17%
Ep 17200/25000 | R=  315.4 | Fuel=448.6mL | Wait= 242s | Steps=14.7 | Reach=62% | ε=0.050 | Loss=143.470 | t=6412s
          ├ 토폴로지 도달률(최근50): 10x10_topology=100%  6x6_cross_topology=100%  gangnam_topology_add=20%
          ├ OD별 도달률(최근200): rnd0=55%(n200)  rnd1=62%(n200)  rnd10=99%(n200)  rnd11=53%(n200)  rnd12=40%(n200)  rnd13=41%(n200)  rnd14=42%(n200)  rnd15=46%(n200)  rnd16=1%(n200)  rnd17=0%(n200)  rnd18=92%(n200)  rnd19=0%(n200)  rnd2=58%(n200)  rnd3=98%(n200)  rnd4=62%(n200)  rnd5=58%(n200)  rnd6=62%(n200)  rnd7=57%(n200)  rnd8=57%(n200)  rnd9=57%(n200)
          └ 이동 분포: straight=70%  left=13%  right=17%
Ep 17300/25000 | R=  218.9 | Fuel=560.4mL | Wait= 339s | Steps=20.4 | Reach=63% | ε=0.050 | Loss=147.403 | t=6445s
          ├ 토폴로지 도달률(최근50): 10x10_topology=100%  6x6_cross_topology=100%  gangnam_topology_add=14%
          ├ OD별 도달률(최근200): rnd0=55%(n200)  rnd1=62%(n200)  rnd10=99%(n200)  rnd11=54%(n200)  rnd12=40%(n200)  rnd13=41%(n200)  rnd14=43%(n200)  rnd15=47%(n200)  rnd16=1%(n200)  rnd17=0%(n200)  rnd18=92%(n200)  rnd19=0%(n200)  rnd2=59%(n200)  rnd3=98%(n200)  rnd4=62%(n200)  rnd5=60%(n200)  rnd6=62%(n200)  rnd7=57%(n200)  rnd8=57%(n200)  rnd9=57%(n200)
          └ 이동 분포: straight=73%  left=10%  right=17%
Ep 17400/25000 | R=  113.6 | Fuel=535.2mL | Wait= 319s | Steps=18.4 | Reach=51% | ε=0.050 | Loss=138.894 | t=6474s
          ├ 토폴로지 도달률(최근50): 10x10_topology=100%  6x6_cross_topology=100%  gangnam_topology_add=12%
          ├ OD별 도달률(최근200): rnd0=54%(n200)  rnd1=62%(n200)  rnd10=99%(n200)  rnd11=54%(n200)  rnd12=41%(n200)  rnd13=40%(n200)  rnd14=44%(n200)  rnd15=46%(n200)  rnd16=1%(n200)  rnd17=0%(n200)  rnd18=92%(n200)  rnd19=0%(n200)  rnd2=60%(n200)  rnd3=97%(n200)  rnd4=60%(n200)  rnd5=60%(n200)  rnd6=60%(n200)  rnd7=56%(n200)  rnd8=58%(n200)  rnd9=60%(n200)
          └ 이동 분포: straight=72%  left=12%  right=16%
Ep 17500/25000 | R=  223.8 | Fuel=510.2mL | Wait= 299s | Steps=18.5 | Reach=56% | ε=0.050 | Loss=140.480 | t=6509s
          ├ 토폴로지 도달률(최근50): 10x10_topology=100%  6x6_cross_topology=100%  gangnam_topology_add=8%
          ├ OD별 도달률(최근200): rnd0=55%(n200)  rnd1=64%(n200)  rnd10=100%(n200)  rnd11=52%(n200)  rnd12=40%(n200)  rnd13=40%(n200)  rnd14=43%(n200)  rnd15=46%(n200)  rnd16=1%(n200)  rnd17=0%(n200)  rnd18=92%(n200)  rnd19=0%(n200)  rnd2=59%(n200)  rnd3=97%(n200)  rnd4=60%(n200)  rnd5=60%(n200)  rnd6=60%(n200)  rnd7=56%(n200)  rnd8=58%(n200)  rnd9=60%(n200)
          └ 이동 분포: straight=71%  left=12%  right=18%
  [체크포인트] model_rl_signal_attention_ep17500.pth
Ep 17600/25000 | R=  291.3 | Fuel=430.1mL | Wait= 223s | Steps=14.6 | Reach=59% | ε=0.050 | Loss=137.539 | t=6537s
          ├ 토폴로지 도달률(최근50): 10x10_topology=100%  6x6_cross_topology=100%  gangnam_topology_add=20%
          ├ OD별 도달률(최근200): rnd0=54%(n200)  rnd1=64%(n200)  rnd10=100%(n200)  rnd11=52%(n200)  rnd12=41%(n200)  rnd13=42%(n200)  rnd14=42%(n200)  rnd15=46%(n200)  rnd16=1%(n200)  rnd17=0%(n200)  rnd18=92%(n200)  rnd19=0%(n200)  rnd2=58%(n200)  rnd3=97%(n200)  rnd4=60%(n200)  rnd5=60%(n200)  rnd6=59%(n200)  rnd7=55%(n200)  rnd8=58%(n200)  rnd9=60%(n200)
          └ 이동 분포: straight=72%  left=12%  right=16%
Ep 17700/25000 | R=  169.8 | Fuel=454.0mL | Wait= 257s | Steps=17.7 | Reach=54% | ε=0.050 | Loss=141.923 | t=6561s
          ├ 토폴로지 도달률(최근50): 10x10_topology=100%  6x6_cross_topology=100%  gangnam_topology_add=8%
          ├ OD별 도달률(최근200): rnd0=55%(n200)  rnd1=64%(n200)  rnd10=100%(n200)  rnd11=52%(n200)  rnd12=40%(n200)  rnd13=42%(n200)  rnd14=44%(n200)  rnd15=48%(n200)  rnd16=1%(n200)  rnd17=0%(n200)  rnd18=92%(n200)  rnd19=0%(n200)  rnd2=57%(n200)  rnd3=96%(n200)  rnd4=60%(n200)  rnd5=58%(n200)  rnd6=57%(n200)  rnd7=55%(n200)  rnd8=60%(n200)  rnd9=61%(n200)
          └ 이동 분포: straight=66%  left=15%  right=19%
Ep 17800/25000 | R=  401.6 | Fuel=442.5mL | Wait= 213s | Steps=13.4 | Reach=63% | ε=0.050 | Loss=135.223 | t=6580s
          ├ 토폴로지 도달률(최근50): 10x10_topology=100%  6x6_cross_topology=100%  gangnam_topology_add=8%
          ├ OD별 도달률(최근200): rnd0=54%(n200)  rnd1=66%(n200)  rnd10=100%(n200)  rnd11=53%(n200)  rnd12=42%(n200)  rnd13=42%(n200)  rnd14=44%(n200)  rnd15=46%(n200)  rnd16=1%(n200)  rnd17=0%(n200)  rnd18=92%(n200)  rnd19=0%(n200)  rnd2=57%(n200)  rnd3=96%(n200)  rnd4=60%(n200)  rnd5=58%(n200)  rnd6=58%(n200)  rnd7=56%(n200)  rnd8=60%(n200)  rnd9=63%(n200)
          └ 이동 분포: straight=72%  left=12%  right=16%
Ep 17900/25000 | R=  378.2 | Fuel=477.2mL | Wait= 266s | Steps=15.4 | Reach=66% | ε=0.050 | Loss=136.491 | t=6610s
          ├ 토폴로지 도달률(최근50): 10x10_topology=100%  6x6_cross_topology=100%  gangnam_topology_add=14%
          ├ OD별 도달률(최근200): rnd0=55%(n200)  rnd1=65%(n200)  rnd10=100%(n200)  rnd11=54%(n200)  rnd12=42%(n200)  rnd13=42%(n200)  rnd14=44%(n200)  rnd15=46%(n200)  rnd16=1%(n200)  rnd17=0%(n200)  rnd18=92%(n200)  rnd19=0%(n200)  rnd2=56%(n200)  rnd3=96%(n200)  rnd4=60%(n200)  rnd5=58%(n200)  rnd6=59%(n200)  rnd7=56%(n200)  rnd8=61%(n200)  rnd9=63%(n200)
          └ 이동 분포: straight=73%  left=11%  right=15%
Ep 18000/25000 | R=  249.6 | Fuel=509.6mL | Wait= 312s | Steps=17.7 | Reach=58% | ε=0.050 | Loss=130.819 | t=6647s
          ├ 토폴로지 도달률(최근50): 10x10_topology=100%  6x6_cross_topology=100%  gangnam_topology_add=10%
          ├ OD별 도달률(최근200): rnd0=55%(n200)  rnd1=66%(n200)  rnd10=100%(n200)  rnd11=55%(n200)  rnd12=40%(n200)  rnd13=41%(n200)  rnd14=44%(n200)  rnd15=46%(n200)  rnd16=1%(n200)  rnd17=0%(n200)  rnd18=92%(n200)  rnd19=0%(n200)  rnd2=56%(n200)  rnd3=96%(n200)  rnd4=62%(n200)  rnd5=59%(n200)  rnd6=59%(n200)  rnd7=55%(n200)  rnd8=61%(n200)  rnd9=61%(n200)
          └ 이동 분포: straight=72%  left=12%  right=16%
Ep 18100/25000 | R=  102.5 | Fuel=515.6mL | Wait= 319s | Steps=19.4 | Reach=55% | ε=0.050 | Loss=131.684 | t=6679s
          ├ 토폴로지 도달률(최근50): 10x10_topology=100%  6x6_cross_topology=100%  gangnam_topology_add=20%
          ├ OD별 도달률(최근200): rnd0=54%(n200)  rnd1=65%(n200)  rnd10=100%(n200)  rnd11=55%(n200)  rnd12=42%(n200)  rnd13=41%(n200)  rnd14=44%(n200)  rnd15=47%(n200)  rnd16=1%(n200)  rnd17=0%(n200)  rnd18=92%(n200)  rnd19=0%(n200)  rnd2=57%(n200)  rnd3=96%(n200)  rnd4=60%(n200)  rnd5=58%(n200)  rnd6=60%(n200)  rnd7=55%(n200)  rnd8=62%(n200)  rnd9=62%(n200)
          └ 이동 분포: straight=69%  left=12%  right=18%
Ep 18200/25000 | R=  295.4 | Fuel=454.3mL | Wait= 244s | Steps=14.7 | Reach=58% | ε=0.050 | Loss=135.566 | t=6704s
          ├ 토폴로지 도달률(최근50): 10x10_topology=100%  6x6_cross_topology=100%  gangnam_topology_add=10%
          ├ OD별 도달률(최근200): rnd0=55%(n200)  rnd1=64%(n200)  rnd10=100%(n200)  rnd11=55%(n200)  rnd12=44%(n200)  rnd13=40%(n200)  rnd14=43%(n200)  rnd15=46%(n200)  rnd16=1%(n200)  rnd17=0%(n200)  rnd18=92%(n200)  rnd19=0%(n200)  rnd2=57%(n200)  rnd3=96%(n200)  rnd4=61%(n200)  rnd5=60%(n200)  rnd6=62%(n200)  rnd7=55%(n200)  rnd8=61%(n200)  rnd9=63%(n200)
          └ 이동 분포: straight=67%  left=15%  right=18%
Ep 18300/25000 | R=  126.9 | Fuel=536.9mL | Wait= 336s | Steps=19.7 | Reach=53% | ε=0.050 | Loss=126.523 | t=6730s
          ├ 토폴로지 도달률(최근50): 10x10_topology=100%  6x6_cross_topology=100%  gangnam_topology_add=14%
          ├ OD별 도달률(최근200): rnd0=55%(n200)  rnd1=63%(n200)  rnd10=100%(n200)  rnd11=55%(n200)  rnd12=44%(n200)  rnd13=42%(n200)  rnd14=43%(n200)  rnd15=45%(n200)  rnd16=1%(n200)  rnd17=0%(n200)  rnd18=92%(n200)  rnd19=0%(n200)  rnd2=57%(n200)  rnd3=96%(n200)  rnd4=60%(n200)  rnd5=60%(n200)  rnd6=60%(n200)  rnd7=56%(n200)  rnd8=62%(n200)  rnd9=62%(n200)
          └ 이동 분포: straight=72%  left=12%  right=16%
Ep 18400/25000 | R=  227.1 | Fuel=492.9mL | Wait= 289s | Steps=17.6 | Reach=57% | ε=0.050 | Loss=135.871 | t=6752s
          ├ 토폴로지 도달률(최근50): 10x10_topology=100%  6x6_cross_topology=100%  gangnam_topology_add=18%
          ├ OD별 도달률(최근200): rnd0=55%(n200)  rnd1=63%(n200)  rnd10=100%(n200)  rnd11=56%(n200)  rnd12=44%(n200)  rnd13=42%(n200)  rnd14=44%(n200)  rnd15=46%(n200)  rnd16=0%(n200)  rnd17=0%(n200)  rnd18=92%(n200)  rnd19=0%(n200)  rnd2=58%(n200)  rnd3=95%(n200)  rnd4=60%(n200)  rnd5=60%(n200)  rnd6=61%(n200)  rnd7=56%(n200)  rnd8=62%(n200)  rnd9=63%(n200)
          └ 이동 분포: straight=67%  left=14%  right=19%
Ep 18500/25000 | R=  315.0 | Fuel=438.0mL | Wait= 234s | Steps=14.4 | Reach=59% | ε=0.050 | Loss=139.201 | t=6777s
          ├ 토폴로지 도달률(최근50): 10x10_topology=100%  6x6_cross_topology=100%  gangnam_topology_add=18%
          ├ OD별 도달률(최근200): rnd0=55%(n200)  rnd1=62%(n200)  rnd10=100%(n200)  rnd11=55%(n200)  rnd12=44%(n200)  rnd13=42%(n200)  rnd14=44%(n200)  rnd15=44%(n200)  rnd16=0%(n200)  rnd17=0%(n200)  rnd18=92%(n200)  rnd19=0%(n200)  rnd2=59%(n200)  rnd3=95%(n200)  rnd4=61%(n200)  rnd5=60%(n200)  rnd6=62%(n200)  rnd7=56%(n200)  rnd8=62%(n200)  rnd9=63%(n200)
          └ 이동 분포: straight=70%  left=12%  right=18%
Ep 18600/25000 | R=  125.0 | Fuel=524.0mL | Wait= 309s | Steps=19.3 | Reach=55% | ε=0.050 | Loss=126.725 | t=6806s
          ├ 토폴로지 도달률(최근50): 10x10_topology=100%  6x6_cross_topology=100%  gangnam_topology_add=32%
          ├ OD별 도달률(최근200): rnd0=54%(n200)  rnd1=64%(n200)  rnd10=100%(n200)  rnd11=55%(n200)  rnd12=44%(n200)  rnd13=42%(n200)  rnd14=45%(n200)  rnd15=44%(n200)  rnd16=0%(n200)  rnd17=0%(n200)  rnd18=92%(n200)  rnd19=0%(n200)  rnd2=59%(n200)  rnd3=95%(n200)  rnd4=58%(n200)  rnd5=58%(n200)  rnd6=62%(n200)  rnd7=55%(n200)  rnd8=62%(n200)  rnd9=63%(n200)
          └ 이동 분포: straight=68%  left=13%  right=18%
Ep 18700/25000 | R=  294.8 | Fuel=466.8mL | Wait= 279s | Steps=16.8 | Reach=63% | ε=0.050 | Loss=138.394 | t=6825s
          ├ 토폴로지 도달률(최근50): 10x10_topology=100%  6x6_cross_topology=100%  gangnam_topology_add=18%
          ├ OD별 도달률(최근200): rnd0=53%(n200)  rnd1=63%(n200)  rnd10=100%(n200)  rnd11=54%(n200)  rnd12=44%(n200)  rnd13=42%(n200)  rnd14=46%(n200)  rnd15=44%(n200)  rnd16=0%(n200)  rnd17=0%(n200)  rnd18=92%(n200)  rnd19=0%(n200)  rnd2=58%(n200)  rnd3=96%(n200)  rnd4=60%(n200)  rnd5=59%(n200)  rnd6=60%(n200)  rnd7=56%(n200)  rnd8=62%(n200)  rnd9=62%(n200)
          └ 이동 분포: straight=72%  left=12%  right=17%
Ep 18800/25000 | R=  201.5 | Fuel=519.7mL | Wait= 265s | Steps=16.6 | Reach=57% | ε=0.050 | Loss=138.748 | t=6859s
          ├ 토폴로지 도달률(최근50): 10x10_topology=100%  6x6_cross_topology=100%  gangnam_topology_add=14%
          ├ OD별 도달률(최근200): rnd0=52%(n200)  rnd1=61%(n200)  rnd10=100%(n200)  rnd11=55%(n200)  rnd12=45%(n200)  rnd13=44%(n200)  rnd14=46%(n200)  rnd15=44%(n200)  rnd16=0%(n200)  rnd17=0%(n200)  rnd18=92%(n200)  rnd19=0%(n200)  rnd2=58%(n200)  rnd3=96%(n200)  rnd4=60%(n200)  rnd5=60%(n200)  rnd6=61%(n200)  rnd7=56%(n200)  rnd8=62%(n200)  rnd9=62%(n200)
          └ 이동 분포: straight=70%  left=11%  right=19%
Ep 18900/25000 | R=  301.3 | Fuel=438.7mL | Wait= 247s | Steps=14.0 | Reach=60% | ε=0.050 | Loss=134.980 | t=6876s
          ├ 토폴로지 도달률(최근50): 10x10_topology=100%  6x6_cross_topology=100%  gangnam_topology_add=18%
          ├ OD별 도달률(최근200): rnd0=52%(n200)  rnd1=62%(n200)  rnd10=100%(n200)  rnd11=55%(n200)  rnd12=44%(n200)  rnd13=44%(n200)  rnd14=45%(n200)  rnd15=44%(n200)  rnd16=0%(n200)  rnd17=0%(n200)  rnd18=92%(n200)  rnd19=0%(n200)  rnd2=59%(n200)  rnd3=96%(n200)  rnd4=60%(n200)  rnd5=60%(n200)  rnd6=60%(n200)  rnd7=57%(n200)  rnd8=62%(n200)  rnd9=62%(n200)
          └ 이동 분포: straight=68%  left=13%  right=19%
Ep 19000/25000 | R=  248.3 | Fuel=432.8mL | Wait= 255s | Steps=14.7 | Reach=59% | ε=0.050 | Loss=138.753 | t=6900s
          ├ 토폴로지 도달률(최근50): 10x10_topology=100%  6x6_cross_topology=100%  gangnam_topology_add=20%
          ├ OD별 도달률(최근200): rnd0=52%(n200)  rnd1=62%(n200)  rnd10=100%(n200)  rnd11=55%(n200)  rnd12=44%(n200)  rnd13=44%(n200)  rnd14=45%(n200)  rnd15=45%(n200)  rnd16=0%(n200)  rnd17=0%(n200)  rnd18=92%(n200)  rnd19=0%(n200)  rnd2=58%(n200)  rnd3=96%(n200)  rnd4=58%(n200)  rnd5=60%(n200)  rnd6=60%(n200)  rnd7=56%(n200)  rnd8=64%(n200)  rnd9=64%(n200)
          └ 이동 분포: straight=69%  left=13%  right=18%
Ep 19100/25000 | R=  263.5 | Fuel=448.4mL | Wait= 236s | Steps=14.6 | Reach=57% | ε=0.050 | Loss=139.036 | t=6928s
          ├ 토폴로지 도달률(최근50): 10x10_topology=100%  6x6_cross_topology=100%  gangnam_topology_add=14%
          ├ OD별 도달률(최근200): rnd0=53%(n200)  rnd1=62%(n200)  rnd10=100%(n200)  rnd11=54%(n200)  rnd12=44%(n200)  rnd13=45%(n200)  rnd14=44%(n200)  rnd15=44%(n200)  rnd16=0%(n200)  rnd17=0%(n200)  rnd18=92%(n200)  rnd19=0%(n200)  rnd2=59%(n200)  rnd3=95%(n200)  rnd4=57%(n200)  rnd5=59%(n200)  rnd6=60%(n200)  rnd7=57%(n200)  rnd8=64%(n200)  rnd9=64%(n200)
          └ 이동 분포: straight=68%  left=14%  right=19%
Ep 19200/25000 | R=  193.5 | Fuel=526.3mL | Wait= 303s | Steps=18.6 | Reach=57% | ε=0.050 | Loss=143.555 | t=6949s
          ├ 토폴로지 도달률(최근50): 10x10_topology=100%  6x6_cross_topology=100%  gangnam_topology_add=18%
          ├ OD별 도달률(최근200): rnd0=54%(n200)  rnd1=62%(n200)  rnd10=100%(n200)  rnd11=55%(n200)  rnd12=44%(n200)  rnd13=47%(n200)  rnd14=45%(n200)  rnd15=45%(n200)  rnd16=0%(n200)  rnd17=0%(n200)  rnd18=92%(n200)  rnd19=0%(n200)  rnd2=57%(n200)  rnd3=95%(n200)  rnd4=58%(n200)  rnd5=60%(n200)  rnd6=60%(n200)  rnd7=56%(n200)  rnd8=63%(n200)  rnd9=64%(n200)
          └ 이동 분포: straight=73%  left=11%  right=16%
Ep 19300/25000 | R=  389.5 | Fuel=426.0mL | Wait= 235s | Steps=13.1 | Reach=67% | ε=0.050 | Loss=142.704 | t=6976s
          ├ 토폴로지 도달률(최근50): 10x10_topology=100%  6x6_cross_topology=100%  gangnam_topology_add=20%
          ├ OD별 도달률(최근200): rnd0=52%(n200)  rnd1=62%(n200)  rnd10=100%(n200)  rnd11=55%(n200)  rnd12=44%(n200)  rnd13=48%(n200)  rnd14=44%(n200)  rnd15=45%(n200)  rnd16=0%(n200)  rnd17=0%(n200)  rnd18=91%(n200)  rnd19=0%(n200)  rnd2=58%(n200)  rnd3=94%(n200)  rnd4=58%(n200)  rnd5=60%(n200)  rnd6=61%(n200)  rnd7=56%(n200)  rnd8=64%(n200)  rnd9=64%(n200)
          └ 이동 분포: straight=69%  left=13%  right=19%
Ep 19400/25000 | R=   96.4 | Fuel=554.6mL | Wait= 340s | Steps=22.6 | Reach=54% | ε=0.050 | Loss=136.562 | t=7021s
          ├ 토폴로지 도달률(최근50): 10x10_topology=100%  6x6_cross_topology=100%  gangnam_topology_add=12%
          ├ OD별 도달률(최근200): rnd0=52%(n200)  rnd1=61%(n200)  rnd10=100%(n200)  rnd11=55%(n200)  rnd12=46%(n200)  rnd13=50%(n200)  rnd14=44%(n200)  rnd15=46%(n200)  rnd16=0%(n200)  rnd17=0%(n200)  rnd18=91%(n200)  rnd19=0%(n200)  rnd2=57%(n200)  rnd3=94%(n200)  rnd4=58%(n200)  rnd5=60%(n200)  rnd6=60%(n200)  rnd7=57%(n200)  rnd8=66%(n200)  rnd9=64%(n200)
          └ 이동 분포: straight=67%  left=17%  right=16%
Ep 19500/25000 | R=  182.4 | Fuel=578.5mL | Wait= 353s | Steps=22.1 | Reach=60% | ε=0.050 | Loss=146.177 | t=7057s
          ├ 토폴로지 도달률(최근50): 10x10_topology=100%  6x6_cross_topology=100%  gangnam_topology_add=14%
          ├ OD별 도달률(최근200): rnd0=51%(n200)  rnd1=60%(n200)  rnd10=100%(n200)  rnd11=57%(n200)  rnd12=46%(n200)  rnd13=50%(n200)  rnd14=44%(n200)  rnd15=46%(n200)  rnd16=0%(n200)  rnd17=0%(n200)  rnd18=91%(n200)  rnd19=0%(n200)  rnd2=57%(n200)  rnd3=94%(n200)  rnd4=58%(n200)  rnd5=60%(n200)  rnd6=61%(n200)  rnd7=58%(n200)  rnd8=67%(n200)  rnd9=64%(n200)
          └ 이동 분포: straight=68%  left=17%  right=16%
Ep 19600/25000 | R=  269.8 | Fuel=426.3mL | Wait= 232s | Steps=15.3 | Reach=59% | ε=0.050 | Loss=143.319 | t=7077s
          ├ 토폴로지 도달률(최근50): 10x10_topology=100%  6x6_cross_topology=100%  gangnam_topology_add=22%
          ├ OD별 도달률(최근200): rnd0=51%(n200)  rnd1=60%(n200)  rnd10=100%(n200)  rnd11=57%(n200)  rnd12=46%(n200)  rnd13=50%(n200)  rnd14=44%(n200)  rnd15=45%(n200)  rnd16=0%(n200)  rnd17=0%(n200)  rnd18=92%(n200)  rnd19=0%(n200)  rnd2=57%(n200)  rnd3=94%(n200)  rnd4=58%(n200)  rnd5=59%(n200)  rnd6=62%(n200)  rnd7=58%(n200)  rnd8=68%(n200)  rnd9=62%(n200)
          └ 이동 분포: straight=71%  left=12%  right=18%
Ep 19700/25000 | R=  120.8 | Fuel=554.0mL | Wait= 321s | Steps=20.1 | Reach=57% | ε=0.050 | Loss=147.646 | t=7104s
          ├ 토폴로지 도달률(최근50): 10x10_topology=100%  6x6_cross_topology=100%  gangnam_topology_add=26%
          ├ OD별 도달률(최근200): rnd0=52%(n200)  rnd1=58%(n200)  rnd10=100%(n200)  rnd11=57%(n200)  rnd12=46%(n200)  rnd13=50%(n200)  rnd14=44%(n200)  rnd15=44%(n200)  rnd16=0%(n200)  rnd17=0%(n200)  rnd18=92%(n200)  rnd19=0%(n200)  rnd2=57%(n200)  rnd3=94%(n200)  rnd4=58%(n200)  rnd5=58%(n200)  rnd6=60%(n200)  rnd7=57%(n200)  rnd8=68%(n200)  rnd9=62%(n200)
          └ 이동 분포: straight=70%  left=11%  right=19%
Ep 19800/25000 | R=  126.3 | Fuel=533.8mL | Wait= 310s | Steps=17.3 | Reach=57% | ε=0.050 | Loss=160.269 | t=7115s
          ├ 토폴로지 도달률(최근50): 10x10_topology=100%  6x6_cross_topology=100%  gangnam_topology_add=14%
          ├ OD별 도달률(최근200): rnd0=51%(n200)  rnd1=57%(n200)  rnd10=100%(n200)  rnd11=58%(n200)  rnd12=46%(n200)  rnd13=51%(n200)  rnd14=44%(n200)  rnd15=44%(n200)  rnd16=0%(n200)  rnd17=0%(n200)  rnd18=92%(n200)  rnd19=0%(n200)  rnd2=57%(n200)  rnd3=94%(n200)  rnd4=56%(n200)  rnd5=58%(n200)  rnd6=60%(n200)  rnd7=57%(n200)  rnd8=68%(n200)  rnd9=62%(n200)
          └ 이동 분포: straight=60%  left=16%  right=23%
Ep 19900/25000 | R=  336.1 | Fuel=464.4mL | Wait= 237s | Steps=14.5 | Reach=64% | ε=0.050 | Loss=154.429 | t=7125s
          ├ 토폴로지 도달률(최근50): 10x10_topology=100%  6x6_cross_topology=100%  gangnam_topology_add=22%
          ├ OD별 도달률(최근200): rnd0=52%(n200)  rnd1=58%(n200)  rnd10=100%(n200)  rnd11=58%(n200)  rnd12=45%(n200)  rnd13=52%(n200)  rnd14=44%(n200)  rnd15=44%(n200)  rnd16=0%(n200)  rnd17=0%(n200)  rnd18=92%(n200)  rnd19=0%(n200)  rnd2=57%(n200)  rnd3=94%(n200)  rnd4=57%(n200)  rnd5=57%(n200)  rnd6=60%(n200)  rnd7=58%(n200)  rnd8=68%(n200)  rnd9=61%(n200)
          └ 이동 분포: straight=68%  left=14%  right=19%
Ep 20000/25000 | R=  198.4 | Fuel=522.5mL | Wait= 320s | Steps=19.8 | Reach=57% | ε=0.050 | Loss=144.791 | t=7137s
          ├ 토폴로지 도달률(최근50): 10x10_topology=100%  6x6_cross_topology=100%  gangnam_topology_add=22%
          ├ OD별 도달률(최근200): rnd0=52%(n200)  rnd1=58%(n200)  rnd10=100%(n200)  rnd11=57%(n200)  rnd12=46%(n200)  rnd13=55%(n200)  rnd14=44%(n200)  rnd15=44%(n200)  rnd16=0%(n200)  rnd17=0%(n200)  rnd18=92%(n200)  rnd19=0%(n200)  rnd2=56%(n200)  rnd3=94%(n200)  rnd4=57%(n200)  rnd5=58%(n200)  rnd6=60%(n200)  rnd7=60%(n200)  rnd8=68%(n200)  rnd9=60%(n200)
          └ 이동 분포: straight=72%  left=12%  right=17%
  [체크포인트] model_rl_signal_attention_ep20000.pth
Ep 20100/25000 | R=  165.3 | Fuel=516.4mL | Wait= 313s | Steps=16.9 | Reach=58% | ε=0.050 | Loss=155.337 | t=7148s
          ├ 토폴로지 도달률(최근50): 10x10_topology=96%  6x6_cross_topology=100%  gangnam_topology_add=20%
          ├ OD별 도달률(최근200): rnd0=52%(n200)  rnd1=58%(n200)  rnd10=100%(n200)  rnd11=58%(n200)  rnd12=46%(n200)  rnd13=55%(n200)  rnd14=44%(n200)  rnd15=44%(n200)  rnd16=0%(n200)  rnd17=0%(n200)  rnd18=93%(n200)  rnd19=0%(n200)  rnd2=55%(n200)  rnd3=94%(n200)  rnd4=57%(n200)  rnd5=59%(n200)  rnd6=58%(n200)  rnd7=60%(n200)  rnd8=70%(n200)  rnd9=60%(n200)
          └ 이동 분포: straight=67%  left=12%  right=21%
Ep 20200/25000 | R=  362.7 | Fuel=423.7mL | Wait= 215s | Steps=15.3 | Reach=64% | ε=0.050 | Loss=168.299 | t=7158s
          ├ 토폴로지 도달률(최근50): 10x10_topology=98%  6x6_cross_topology=100%  gangnam_topology_add=14%
          ├ OD별 도달률(최근200): rnd0=52%(n200)  rnd1=58%(n200)  rnd10=100%(n200)  rnd11=57%(n200)  rnd12=46%(n200)  rnd13=56%(n200)  rnd14=45%(n200)  rnd15=44%(n200)  rnd16=0%(n200)  rnd17=0%(n200)  rnd18=93%(n200)  rnd19=0%(n200)  rnd2=55%(n200)  rnd3=95%(n200)  rnd4=56%(n200)  rnd5=60%(n200)  rnd6=60%(n200)  rnd7=61%(n200)  rnd8=71%(n200)  rnd9=62%(n200)
          └ 이동 분포: straight=64%  left=20%  right=16%
Ep 20300/25000 | R=   80.6 | Fuel=547.0mL | Wait= 300s | Steps=20.8 | Reach=53% | ε=0.050 | Loss=165.888 | t=7171s
          ├ 토폴로지 도달률(최근50): 10x10_topology=98%  6x6_cross_topology=100%  gangnam_topology_add=12%
          ├ OD별 도달률(최근200): rnd0=52%(n200)  rnd1=59%(n200)  rnd10=100%(n200)  rnd11=57%(n200)  rnd12=46%(n200)  rnd13=56%(n200)  rnd14=44%(n200)  rnd15=45%(n200)  rnd16=0%(n200)  rnd17=0%(n200)  rnd18=93%(n200)  rnd19=0%(n200)  rnd2=55%(n200)  rnd3=95%(n200)  rnd4=56%(n200)  rnd5=58%(n200)  rnd6=60%(n200)  rnd7=62%(n200)  rnd8=70%(n200)  rnd9=60%(n200)
          └ 이동 분포: straight=64%  left=17%  right=18%
Ep 20400/25000 | R=  306.1 | Fuel=417.3mL | Wait= 222s | Steps=14.4 | Reach=60% | ε=0.050 | Loss=156.260 | t=7181s
          ├ 토폴로지 도달률(최근50): 10x10_topology=98%  6x6_cross_topology=100%  gangnam_topology_add=20%
          ├ OD별 도달률(최근200): rnd0=52%(n200)  rnd1=58%(n200)  rnd10=100%(n200)  rnd11=57%(n200)  rnd12=48%(n200)  rnd13=57%(n200)  rnd14=44%(n200)  rnd15=44%(n200)  rnd16=0%(n200)  rnd17=0%(n200)  rnd18=93%(n200)  rnd19=0%(n200)  rnd2=55%(n200)  rnd3=95%(n200)  rnd4=57%(n200)  rnd5=58%(n200)  rnd6=60%(n200)  rnd7=61%(n200)  rnd8=70%(n200)  rnd9=59%(n200)
          └ 이동 분포: straight=72%  left=11%  right=17%
Ep 20500/25000 | R=  253.1 | Fuel=494.0mL | Wait= 267s | Steps=16.9 | Reach=64% | ε=0.050 | Loss=165.216 | t=7192s
          ├ 토폴로지 도달률(최근50): 10x10_topology=98%  6x6_cross_topology=100%  gangnam_topology_add=30%
          ├ OD별 도달률(최근200): rnd0=52%(n200)  rnd1=58%(n200)  rnd10=100%(n200)  rnd11=59%(n200)  rnd12=48%(n200)  rnd13=60%(n200)  rnd14=44%(n200)  rnd15=44%(n200)  rnd16=0%(n200)  rnd17=0%(n200)  rnd18=93%(n200)  rnd19=0%(n200)  rnd2=56%(n200)  rnd3=95%(n200)  rnd4=56%(n200)  rnd5=58%(n200)  rnd6=59%(n200)  rnd7=61%(n200)  rnd8=70%(n200)  rnd9=60%(n200)
          └ 이동 분포: straight=67%  left=12%  right=22%
Ep 20600/25000 | R=   37.6 | Fuel=500.9mL | Wait= 316s | Steps=21.0 | Reach=49% | ε=0.050 | Loss=157.182 | t=7205s
          ├ 토폴로지 도달률(최근50): 10x10_topology=98%  6x6_cross_topology=100%  gangnam_topology_add=14%
          ├ OD별 도달률(최근200): rnd0=52%(n200)  rnd1=57%(n200)  rnd10=100%(n200)  rnd11=57%(n200)  rnd12=48%(n200)  rnd13=60%(n200)  rnd14=43%(n200)  rnd15=43%(n200)  rnd16=0%(n200)  rnd17=0%(n200)  rnd18=93%(n200)  rnd19=0%(n200)  rnd2=55%(n200)  rnd3=96%(n200)  rnd4=57%(n200)  rnd5=58%(n200)  rnd6=58%(n200)  rnd7=62%(n200)  rnd8=68%(n200)  rnd9=60%(n200)
          └ 이동 분포: straight=65%  left=19%  right=16%
Ep 20700/25000 | R=  244.1 | Fuel=506.6mL | Wait= 313s | Steps=18.0 | Reach=64% | ε=0.050 | Loss=165.792 | t=7217s
          ├ 토폴로지 도달률(최근50): 10x10_topology=100%  6x6_cross_topology=100%  gangnam_topology_add=24%
          ├ OD별 도달률(최근200): rnd0=52%(n200)  rnd1=57%(n200)  rnd10=100%(n200)  rnd11=58%(n200)  rnd12=48%(n200)  rnd13=61%(n200)  rnd14=43%(n200)  rnd15=42%(n200)  rnd16=0%(n200)  rnd17=0%(n200)  rnd18=94%(n200)  rnd19=0%(n200)  rnd2=55%(n200)  rnd3=96%(n200)  rnd4=58%(n200)  rnd5=58%(n200)  rnd6=59%(n200)  rnd7=62%(n200)  rnd8=68%(n200)  rnd9=59%(n200)
          └ 이동 분포: straight=74%  left=11%  right=15%
Ep 20800/25000 | R=  238.4 | Fuel=464.1mL | Wait= 269s | Steps=16.2 | Reach=59% | ε=0.050 | Loss=175.711 | t=7227s
          ├ 토폴로지 도달률(최근50): 10x10_topology=100%  6x6_cross_topology=100%  gangnam_topology_add=20%
          ├ OD별 도달률(최근200): rnd0=52%(n200)  rnd1=56%(n200)  rnd10=100%(n200)  rnd11=58%(n200)  rnd12=48%(n200)  rnd13=62%(n200)  rnd14=44%(n200)  rnd15=42%(n200)  rnd16=0%(n200)  rnd17=0%(n200)  rnd18=94%(n200)  rnd19=0%(n200)  rnd2=55%(n200)  rnd3=96%(n200)  rnd4=57%(n200)  rnd5=58%(n200)  rnd6=60%(n200)  rnd7=62%(n200)  rnd8=69%(n200)  rnd9=58%(n200)
          └ 이동 분포: straight=69%  left=13%  right=19%
Ep 20900/25000 | R=  261.0 | Fuel=508.3mL | Wait= 314s | Steps=17.5 | Reach=61% | ε=0.050 | Loss=172.878 | t=7238s
          ├ 토폴로지 도달률(최근50): 10x10_topology=100%  6x6_cross_topology=100%  gangnam_topology_add=22%
          ├ OD별 도달률(최근200): rnd0=50%(n200)  rnd1=56%(n200)  rnd10=100%(n200)  rnd11=58%(n200)  rnd12=47%(n200)  rnd13=64%(n200)  rnd14=43%(n200)  rnd15=42%(n200)  rnd16=0%(n200)  rnd17=0%(n200)  rnd18=94%(n200)  rnd19=0%(n200)  rnd2=56%(n200)  rnd3=96%(n200)  rnd4=57%(n200)  rnd5=59%(n200)  rnd6=62%(n200)  rnd7=64%(n200)  rnd8=68%(n200)  rnd9=58%(n200)
          └ 이동 분포: straight=72%  left=10%  right=18%
Ep 21000/25000 | R=  160.0 | Fuel=545.1mL | Wait= 363s | Steps=18.8 | Reach=56% | ε=0.050 | Loss=167.726 | t=7250s
          ├ 토폴로지 도달률(최근50): 10x10_topology=100%  6x6_cross_topology=100%  gangnam_topology_add=16%
          ├ OD별 도달률(최근200): rnd0=50%(n200)  rnd1=56%(n200)  rnd10=100%(n200)  rnd11=59%(n200)  rnd12=46%(n200)  rnd13=66%(n200)  rnd14=42%(n200)  rnd15=40%(n200)  rnd16=0%(n200)  rnd17=0%(n200)  rnd18=94%(n200)  rnd19=0%(n200)  rnd2=55%(n200)  rnd3=96%(n200)  rnd4=57%(n200)  rnd5=59%(n200)  rnd6=61%(n200)  rnd7=64%(n200)  rnd8=68%(n200)  rnd9=58%(n200)
          └ 이동 분포: straight=70%  left=11%  right=19%
Ep 21100/25000 | R=  279.7 | Fuel=512.4mL | Wait= 295s | Steps=16.8 | Reach=67% | ε=0.050 | Loss=167.501 | t=7261s
          ├ 토폴로지 도달률(최근50): 10x10_topology=100%  6x6_cross_topology=100%  gangnam_topology_add=40%
          ├ OD별 도달률(최근200): rnd0=50%(n200)  rnd1=56%(n200)  rnd10=100%(n200)  rnd11=58%(n200)  rnd12=46%(n200)  rnd13=68%(n200)  rnd14=44%(n200)  rnd15=40%(n200)  rnd16=0%(n200)  rnd17=0%(n200)  rnd18=95%(n200)  rnd19=0%(n200)  rnd2=55%(n200)  rnd3=96%(n200)  rnd4=57%(n200)  rnd5=60%(n200)  rnd6=62%(n200)  rnd7=62%(n200)  rnd8=68%(n200)  rnd9=60%(n200)
          └ 이동 분포: straight=78%  left=8%  right=14%
Ep 21200/25000 | R=  172.5 | Fuel=558.4mL | Wait= 302s | Steps=18.9 | Reach=64% | ε=0.050 | Loss=179.215 | t=7273s
          ├ 토폴로지 도달률(최근50): 10x10_topology=100%  6x6_cross_topology=100%  gangnam_topology_add=26%
          ├ OD별 도달률(최근200): rnd0=50%(n200)  rnd1=56%(n200)  rnd10=100%(n200)  rnd11=58%(n200)  rnd12=46%(n200)  rnd13=70%(n200)  rnd14=43%(n200)  rnd15=40%(n200)  rnd16=0%(n200)  rnd17=0%(n200)  rnd18=95%(n200)  rnd19=0%(n200)  rnd2=56%(n200)  rnd3=96%(n200)  rnd4=58%(n200)  rnd5=61%(n200)  rnd6=60%(n200)  rnd7=61%(n200)  rnd8=68%(n200)  rnd9=61%(n200)
          └ 이동 분포: straight=70%  left=11%  right=19%
Ep 21300/25000 | R=  211.6 | Fuel=483.3mL | Wait= 239s | Steps=16.2 | Reach=59% | ε=0.050 | Loss=181.371 | t=7284s
          ├ 토폴로지 도달률(최근50): 10x10_topology=98%  6x6_cross_topology=100%  gangnam_topology_add=22%
          ├ OD별 도달률(최근200): rnd0=48%(n200)  rnd1=57%(n200)  rnd10=100%(n200)  rnd11=59%(n200)  rnd12=44%(n200)  rnd13=70%(n200)  rnd14=44%(n200)  rnd15=41%(n200)  rnd16=0%(n200)  rnd17=0%(n200)  rnd18=95%(n200)  rnd19=0%(n200)  rnd2=55%(n200)  rnd3=96%(n200)  rnd4=57%(n200)  rnd5=60%(n200)  rnd6=60%(n200)  rnd7=60%(n200)  rnd8=68%(n200)  rnd9=60%(n200)
          └ 이동 분포: straight=66%  left=14%  right=20%
Ep 21400/25000 | R=  318.9 | Fuel=446.4mL | Wait= 274s | Steps=14.6 | Reach=60% | ε=0.050 | Loss=177.951 | t=7293s
          ├ 토폴로지 도달률(최근50): 10x10_topology=98%  6x6_cross_topology=100%  gangnam_topology_add=14%
          ├ OD별 도달률(최근200): rnd0=49%(n200)  rnd1=56%(n200)  rnd10=100%(n200)  rnd11=59%(n200)  rnd12=43%(n200)  rnd13=70%(n200)  rnd14=46%(n200)  rnd15=40%(n200)  rnd16=0%(n200)  rnd17=0%(n200)  rnd18=96%(n200)  rnd19=0%(n200)  rnd2=56%(n200)  rnd3=97%(n200)  rnd4=56%(n200)  rnd5=60%(n200)  rnd6=60%(n200)  rnd7=62%(n200)  rnd8=68%(n200)  rnd9=60%(n200)
          └ 이동 분포: straight=70%  left=14%  right=16%
Ep 21500/25000 | R=  357.3 | Fuel=455.9mL | Wait= 282s | Steps=14.9 | Reach=67% | ε=0.050 | Loss=170.454 | t=7303s
          ├ 토폴로지 도달률(최근50): 10x10_topology=100%  6x6_cross_topology=100%  gangnam_topology_add=30%
          ├ OD별 도달률(최근200): rnd0=48%(n200)  rnd1=57%(n200)  rnd10=100%(n200)  rnd11=60%(n200)  rnd12=42%(n200)  rnd13=72%(n200)  rnd14=46%(n200)  rnd15=42%(n200)  rnd16=0%(n200)  rnd17=0%(n200)  rnd18=96%(n200)  rnd19=0%(n200)  rnd2=56%(n200)  rnd3=98%(n200)  rnd4=57%(n200)  rnd5=60%(n200)  rnd6=60%(n200)  rnd7=62%(n200)  rnd8=68%(n200)  rnd9=60%(n200)
          └ 이동 분포: straight=74%  left=9%  right=17%
Ep 21600/25000 | R=  116.5 | Fuel=501.1mL | Wait= 306s | Steps=18.5 | Reach=52% | ε=0.050 | Loss=170.308 | t=7315s
          ├ 토폴로지 도달률(최근50): 10x10_topology=100%  6x6_cross_topology=100%  gangnam_topology_add=14%
          ├ OD별 도달률(최근200): rnd0=48%(n200)  rnd1=57%(n200)  rnd10=100%(n200)  rnd11=58%(n200)  rnd12=42%(n200)  rnd13=72%(n200)  rnd14=46%(n200)  rnd15=42%(n200)  rnd16=0%(n200)  rnd17=0%(n200)  rnd18=96%(n200)  rnd19=0%(n200)  rnd2=56%(n200)  rnd3=98%(n200)  rnd4=58%(n200)  rnd5=60%(n200)  rnd6=60%(n200)  rnd7=62%(n200)  rnd8=68%(n200)  rnd9=60%(n200)
          └ 이동 분포: straight=72%  left=10%  right=18%
Ep 21700/25000 | R=  388.5 | Fuel=438.7mL | Wait= 234s | Steps=14.8 | Reach=65% | ε=0.050 | Loss=170.942 | t=7324s
          ├ 토폴로지 도달률(최근50): 10x10_topology=100%  6x6_cross_topology=100%  gangnam_topology_add=16%
          ├ OD별 도달률(최근200): rnd0=48%(n200)  rnd1=57%(n200)  rnd10=100%(n200)  rnd11=58%(n200)  rnd12=42%(n200)  rnd13=74%(n200)  rnd14=46%(n200)  rnd15=42%(n200)  rnd16=0%(n200)  rnd17=0%(n200)  rnd18=96%(n200)  rnd19=0%(n200)  rnd2=56%(n200)  rnd3=97%(n200)  rnd4=60%(n200)  rnd5=59%(n200)  rnd6=59%(n200)  rnd7=62%(n200)  rnd8=68%(n200)  rnd9=60%(n200)
          └ 이동 분포: straight=68%  left=11%  right=21%
Ep 21800/25000 | R=  241.9 | Fuel=472.4mL | Wait= 267s | Steps=16.1 | Reach=56% | ε=0.050 | Loss=161.213 | t=7335s
          ├ 토폴로지 도달률(최근50): 10x10_topology=100%  6x6_cross_topology=100%  gangnam_topology_add=10%
          ├ OD별 도달률(최근200): rnd0=48%(n200)  rnd1=57%(n200)  rnd10=100%(n200)  rnd11=58%(n200)  rnd12=40%(n200)  rnd13=75%(n200)  rnd14=46%(n200)  rnd15=42%(n200)  rnd16=0%(n200)  rnd17=0%(n200)  rnd18=96%(n200)  rnd19=0%(n200)  rnd2=54%(n200)  rnd3=97%(n200)  rnd4=60%(n200)  rnd5=60%(n200)  rnd6=58%(n200)  rnd7=62%(n200)  rnd8=66%(n200)  rnd9=60%(n200)
          └ 이동 분포: straight=69%  left=13%  right=19%
Ep 21900/25000 | R=  281.3 | Fuel=512.8mL | Wait= 289s | Steps=17.6 | Reach=65% | ε=0.050 | Loss=172.116 | t=7346s
          ├ 토폴로지 도달률(최근50): 10x10_topology=100%  6x6_cross_topology=100%  gangnam_topology_add=22%
          ├ OD별 도달률(최근200): rnd0=49%(n200)  rnd1=57%(n200)  rnd10=100%(n200)  rnd11=60%(n200)  rnd12=39%(n200)  rnd13=76%(n200)  rnd14=46%(n200)  rnd15=43%(n200)  rnd16=0%(n200)  rnd17=0%(n200)  rnd18=96%(n200)  rnd19=0%(n200)  rnd2=54%(n200)  rnd3=96%(n200)  rnd4=60%(n200)  rnd5=60%(n200)  rnd6=59%(n200)  rnd7=62%(n200)  rnd8=68%(n200)  rnd9=60%(n200)
          └ 이동 분포: straight=69%  left=11%  right=20%
Ep 22000/25000 | R=  259.1 | Fuel=507.9mL | Wait= 298s | Steps=17.8 | Reach=61% | ε=0.050 | Loss=179.202 | t=7358s
          ├ 토폴로지 도달률(최근50): 10x10_topology=100%  6x6_cross_topology=100%  gangnam_topology_add=20%
          ├ OD별 도달률(최근200): rnd0=49%(n200)  rnd1=58%(n200)  rnd10=100%(n200)  rnd11=60%(n200)  rnd12=40%(n200)  rnd13=78%(n200)  rnd14=45%(n200)  rnd15=42%(n200)  rnd16=0%(n200)  rnd17=0%(n200)  rnd18=96%(n200)  rnd19=0%(n200)  rnd2=54%(n200)  rnd3=96%(n200)  rnd4=60%(n200)  rnd5=62%(n200)  rnd6=59%(n200)  rnd7=62%(n200)  rnd8=68%(n200)  rnd9=60%(n200)
          └ 이동 분포: straight=69%  left=11%  right=20%
Ep 22100/25000 | R=  242.6 | Fuel=518.0mL | Wait= 314s | Steps=17.6 | Reach=60% | ε=0.050 | Loss=185.346 | t=7369s
          ├ 토폴로지 도달률(최근50): 10x10_topology=100%  6x6_cross_topology=100%  gangnam_topology_add=18%
          ├ OD별 도달률(최근200): rnd0=49%(n200)  rnd1=58%(n200)  rnd10=100%(n200)  rnd11=60%(n200)  rnd12=39%(n200)  rnd13=78%(n200)  rnd14=46%(n200)  rnd15=42%(n200)  rnd16=0%(n200)  rnd17=0%(n200)  rnd18=96%(n200)  rnd19=0%(n200)  rnd2=54%(n200)  rnd3=96%(n200)  rnd4=60%(n200)  rnd5=60%(n200)  rnd6=60%(n200)  rnd7=63%(n200)  rnd8=68%(n200)  rnd9=59%(n200)
          └ 이동 분포: straight=70%  left=13%  right=17%
Ep 22200/25000 | R=  289.8 | Fuel=530.5mL | Wait= 312s | Steps=17.4 | Reach=61% | ε=0.050 | Loss=206.773 | t=7380s
          ├ 토폴로지 도달률(최근50): 10x10_topology=100%  6x6_cross_topology=100%  gangnam_topology_add=18%
          ├ OD별 도달률(최근200): rnd0=50%(n200)  rnd1=57%(n200)  rnd10=100%(n200)  rnd11=62%(n200)  rnd12=39%(n200)  rnd13=80%(n200)  rnd14=45%(n200)  rnd15=41%(n200)  rnd16=0%(n200)  rnd17=0%(n200)  rnd18=96%(n200)  rnd19=0%(n200)  rnd2=54%(n200)  rnd3=96%(n200)  rnd4=60%(n200)  rnd5=60%(n200)  rnd6=61%(n200)  rnd7=62%(n200)  rnd8=68%(n200)  rnd9=59%(n200)
          └ 이동 분포: straight=69%  left=13%  right=18%
Ep 22300/25000 | R=  215.0 | Fuel=515.6mL | Wait= 313s | Steps=18.6 | Reach=60% | ε=0.050 | Loss=199.576 | t=7392s
          ├ 토폴로지 도달률(최근50): 10x10_topology=100%  6x6_cross_topology=100%  gangnam_topology_add=22%
          ├ OD별 도달률(최근200): rnd0=50%(n200)  rnd1=57%(n200)  rnd10=100%(n200)  rnd11=62%(n200)  rnd12=39%(n200)  rnd13=80%(n200)  rnd14=45%(n200)  rnd15=40%(n200)  rnd16=0%(n200)  rnd17=0%(n200)  rnd18=96%(n200)  rnd19=0%(n200)  rnd2=54%(n200)  rnd3=97%(n200)  rnd4=60%(n200)  rnd5=60%(n200)  rnd6=62%(n200)  rnd7=62%(n200)  rnd8=70%(n200)  rnd9=60%(n200)
          └ 이동 분포: straight=72%  left=11%  right=17%
Ep 22400/25000 | R=  220.2 | Fuel=492.1mL | Wait= 301s | Steps=16.5 | Reach=59% | ε=0.050 | Loss=188.726 | t=7403s
          ├ 토폴로지 도달률(최근50): 10x10_topology=100%  6x6_cross_topology=100%  gangnam_topology_add=22%
          ├ OD별 도달률(최근200): rnd0=49%(n200)  rnd1=57%(n200)  rnd10=100%(n200)  rnd11=62%(n200)  rnd12=38%(n200)  rnd13=82%(n200)  rnd14=44%(n200)  rnd15=40%(n200)  rnd16=0%(n200)  rnd17=0%(n200)  rnd18=96%(n200)  rnd19=0%(n200)  rnd2=53%(n200)  rnd3=98%(n200)  rnd4=60%(n200)  rnd5=60%(n200)  rnd6=62%(n200)  rnd7=60%(n200)  rnd8=70%(n200)  rnd9=60%(n200)
          └ 이동 분포: straight=72%  left=11%  right=17%
Ep 22500/25000 | R=  344.3 | Fuel=494.6mL | Wait= 286s | Steps=15.9 | Reach=66% | ε=0.050 | Loss=183.604 | t=7413s
          ├ 토폴로지 도달률(최근50): 10x10_topology=100%  6x6_cross_topology=100%  gangnam_topology_add=28%
          ├ OD별 도달률(최근200): rnd0=48%(n200)  rnd1=58%(n200)  rnd10=100%(n200)  rnd11=62%(n200)  rnd12=38%(n200)  rnd13=84%(n200)  rnd14=44%(n200)  rnd15=41%(n200)  rnd16=0%(n200)  rnd17=0%(n200)  rnd18=96%(n200)  rnd19=0%(n200)  rnd2=55%(n200)  rnd3=98%(n200)  rnd4=61%(n200)  rnd5=60%(n200)  rnd6=62%(n200)  rnd7=61%(n200)  rnd8=70%(n200)  rnd9=60%(n200)
          └ 이동 분포: straight=74%  left=11%  right=16%
  [체크포인트] model_rl_signal_attention_ep22500.pth
Ep 22600/25000 | R=  208.2 | Fuel=483.9mL | Wait= 288s | Steps=15.9 | Reach=60% | ε=0.050 | Loss=196.215 | t=7424s
          ├ 토폴로지 도달률(최근50): 10x10_topology=100%  6x6_cross_topology=100%  gangnam_topology_add=30%
          ├ OD별 도달률(최근200): rnd0=48%(n200)  rnd1=59%(n200)  rnd10=100%(n200)  rnd11=60%(n200)  rnd12=38%(n200)  rnd13=84%(n200)  rnd14=43%(n200)  rnd15=42%(n200)  rnd16=0%(n200)  rnd17=0%(n200)  rnd18=96%(n200)  rnd19=0%(n200)  rnd2=55%(n200)  rnd3=98%(n200)  rnd4=62%(n200)  rnd5=60%(n200)  rnd6=62%(n200)  rnd7=60%(n200)  rnd8=72%(n200)  rnd9=62%(n200)
          └ 이동 분포: straight=71%  left=11%  right=18%
Ep 22700/25000 | R=  330.1 | Fuel=453.0mL | Wait= 232s | Steps=15.2 | Reach=66% | ε=0.050 | Loss=193.748 | t=7434s
          ├ 토폴로지 도달률(최근50): 10x10_topology=100%  6x6_cross_topology=100%  gangnam_topology_add=30%
          ├ OD별 도달률(최근200): rnd0=48%(n200)  rnd1=58%(n200)  rnd10=100%(n200)  rnd11=60%(n200)  rnd12=40%(n200)  rnd13=86%(n200)  rnd14=42%(n200)  rnd15=42%(n200)  rnd16=0%(n200)  rnd17=0%(n200)  rnd18=96%(n200)  rnd19=0%(n200)  rnd2=56%(n200)  rnd3=98%(n200)  rnd4=62%(n200)  rnd5=60%(n200)  rnd6=63%(n200)  rnd7=61%(n200)  rnd8=72%(n200)  rnd9=60%(n200)
          └ 이동 분포: straight=72%  left=11%  right=18%
Ep 22800/25000 | R=  254.3 | Fuel=511.5mL | Wait= 255s | Steps=17.6 | Reach=61% | ε=0.050 | Loss=196.785 | t=7445s
          ├ 토폴로지 도달률(최근50): 10x10_topology=100%  6x6_cross_topology=100%  gangnam_topology_add=22%
          ├ OD별 도달률(최근200): rnd0=48%(n200)  rnd1=58%(n200)  rnd10=100%(n200)  rnd11=59%(n200)  rnd12=38%(n200)  rnd13=88%(n200)  rnd14=43%(n200)  rnd15=42%(n200)  rnd16=0%(n200)  rnd17=0%(n200)  rnd18=96%(n200)  rnd19=0%(n200)  rnd2=55%(n200)  rnd3=98%(n200)  rnd4=60%(n200)  rnd5=60%(n200)  rnd6=61%(n200)  rnd7=60%(n200)  rnd8=72%(n200)  rnd9=60%(n200)
          └ 이동 분포: straight=65%  left=16%  right=19%
Ep 22900/25000 | R=  190.6 | Fuel=593.2mL | Wait= 333s | Steps=19.8 | Reach=67% | ε=0.050 | Loss=214.795 | t=7458s
          ├ 토폴로지 도달률(최근50): 10x10_topology=100%  6x6_cross_topology=100%  gangnam_topology_add=34%
          ├ OD별 도달률(최근200): rnd0=48%(n200)  rnd1=58%(n200)  rnd10=100%(n200)  rnd11=60%(n200)  rnd12=38%(n200)  rnd13=89%(n200)  rnd14=44%(n200)  rnd15=43%(n200)  rnd16=0%(n200)  rnd17=0%(n200)  rnd18=96%(n200)  rnd19=0%(n200)  rnd2=55%(n200)  rnd3=98%(n200)  rnd4=60%(n200)  rnd5=60%(n200)  rnd6=60%(n200)  rnd7=60%(n200)  rnd8=72%(n200)  rnd9=60%(n200)
          └ 이동 분포: straight=67%  left=13%  right=20%
Ep 23000/25000 | R=  230.8 | Fuel=530.5mL | Wait= 296s | Steps=18.3 | Reach=63% | ε=0.050 | Loss=206.252 | t=7470s
          ├ 토폴로지 도달률(최근50): 10x10_topology=100%  6x6_cross_topology=100%  gangnam_topology_add=26%
          ├ OD별 도달률(최근200): rnd0=48%(n200)  rnd1=58%(n200)  rnd10=100%(n200)  rnd11=60%(n200)  rnd12=39%(n200)  rnd13=90%(n200)  rnd14=43%(n200)  rnd15=44%(n200)  rnd16=0%(n200)  rnd17=0%(n200)  rnd18=96%(n200)  rnd19=0%(n200)  rnd2=54%(n200)  rnd3=98%(n200)  rnd4=61%(n200)  rnd5=60%(n200)  rnd6=62%(n200)  rnd7=59%(n200)  rnd8=74%(n200)  rnd9=60%(n200)
          └ 이동 분포: straight=69%  left=13%  right=17%
Ep 23100/25000 | R=  243.6 | Fuel=503.6mL | Wait= 249s | Steps=16.5 | Reach=61% | ε=0.050 | Loss=199.406 | t=7480s
          ├ 토폴로지 도달률(최근50): 10x10_topology=100%  6x6_cross_topology=100%  gangnam_topology_add=22%
          ├ OD별 도달률(최근200): rnd0=50%(n200)  rnd1=59%(n200)  rnd10=100%(n200)  rnd11=58%(n200)  rnd12=40%(n200)  rnd13=91%(n200)  rnd14=42%(n200)  rnd15=45%(n200)  rnd16=0%(n200)  rnd17=0%(n200)  rnd18=96%(n200)  rnd19=0%(n200)  rnd2=55%(n200)  rnd3=97%(n200)  rnd4=62%(n200)  rnd5=60%(n200)  rnd6=62%(n200)  rnd7=57%(n200)  rnd8=75%(n200)  rnd9=61%(n200)
          └ 이동 분포: straight=71%  left=12%  right=18%
Ep 23200/25000 | R=  245.7 | Fuel=487.2mL | Wait= 276s | Steps=17.2 | Reach=62% | ε=0.050 | Loss=199.651 | t=7491s
          ├ 토폴로지 도달률(최근50): 10x10_topology=100%  6x6_cross_topology=100%  gangnam_topology_add=26%
          ├ OD별 도달률(최근200): rnd0=48%(n200)  rnd1=59%(n200)  rnd10=100%(n200)  rnd11=58%(n200)  rnd12=40%(n200)  rnd13=94%(n200)  rnd14=41%(n200)  rnd15=46%(n200)  rnd16=0%(n200)  rnd17=0%(n200)  rnd18=96%(n200)  rnd19=0%(n200)  rnd2=55%(n200)  rnd3=97%(n200)  rnd4=62%(n200)  rnd5=61%(n200)  rnd6=62%(n200)  rnd7=56%(n200)  rnd8=74%(n200)  rnd9=62%(n200)
          └ 이동 분포: straight=68%  left=15%  right=17%
Ep 23300/25000 | R=  282.5 | Fuel=543.3mL | Wait= 310s | Steps=17.1 | Reach=65% | ε=0.050 | Loss=209.247 | t=7503s
          ├ 토폴로지 도달률(최근50): 10x10_topology=100%  6x6_cross_topology=100%  gangnam_topology_add=26%
          ├ OD별 도달률(최근200): rnd0=48%(n200)  rnd1=60%(n200)  rnd10=100%(n200)  rnd11=59%(n200)  rnd12=40%(n200)  rnd13=94%(n200)  rnd14=41%(n200)  rnd15=46%(n200)  rnd16=0%(n200)  rnd17=0%(n200)  rnd18=96%(n200)  rnd19=0%(n200)  rnd2=56%(n200)  rnd3=97%(n200)  rnd4=61%(n200)  rnd5=60%(n200)  rnd6=62%(n200)  rnd7=56%(n200)  rnd8=75%(n200)  rnd9=62%(n200)
          └ 이동 분포: straight=68%  left=13%  right=19%
Ep 23400/25000 | R=  181.6 | Fuel=498.2mL | Wait= 306s | Steps=18.1 | Reach=60% | ε=0.050 | Loss=192.846 | t=7514s
          ├ 토폴로지 도달률(최근50): 10x10_topology=100%  6x6_cross_topology=100%  gangnam_topology_add=28%
          ├ OD별 도달률(최근200): rnd0=48%(n200)  rnd1=59%(n200)  rnd10=100%(n200)  rnd11=61%(n200)  rnd12=40%(n200)  rnd13=94%(n200)  rnd14=40%(n200)  rnd15=47%(n200)  rnd16=0%(n200)  rnd17=0%(n200)  rnd18=97%(n200)  rnd19=0%(n200)  rnd2=56%(n200)  rnd3=97%(n200)  rnd4=62%(n200)  rnd5=60%(n200)  rnd6=63%(n200)  rnd7=56%(n200)  rnd8=75%(n200)  rnd9=64%(n200)
          └ 이동 분포: straight=70%  left=13%  right=16%
Ep 23500/25000 | R=  177.8 | Fuel=510.1mL | Wait= 321s | Steps=19.1 | Reach=58% | ε=0.050 | Loss=191.872 | t=7527s
          ├ 토폴로지 도달률(최근50): 10x10_topology=100%  6x6_cross_topology=100%  gangnam_topology_add=20%
          ├ OD별 도달률(최근200): rnd0=48%(n200)  rnd1=60%(n200)  rnd10=100%(n200)  rnd11=60%(n200)  rnd12=40%(n200)  rnd13=94%(n200)  rnd14=40%(n200)  rnd15=45%(n200)  rnd16=0%(n200)  rnd17=0%(n200)  rnd18=97%(n200)  rnd19=0%(n200)  rnd2=56%(n200)  rnd3=97%(n200)  rnd4=62%(n200)  rnd5=60%(n200)  rnd6=64%(n200)  rnd7=57%(n200)  rnd8=76%(n200)  rnd9=62%(n200)
          └ 이동 분포: straight=65%  left=16%  right=19%
Ep 23600/25000 | R=  118.5 | Fuel=566.3mL | Wait= 377s | Steps=23.5 | Reach=56% | ε=0.050 | Loss=194.880 | t=7542s
          ├ 토폴로지 도달률(최근50): 10x10_topology=100%  6x6_cross_topology=100%  gangnam_topology_add=24%
          ├ OD별 도달률(최근200): rnd0=48%(n200)  rnd1=60%(n200)  rnd10=100%(n200)  rnd11=60%(n200)  rnd12=39%(n200)  rnd13=94%(n200)  rnd14=40%(n200)  rnd15=44%(n200)  rnd16=0%(n200)  rnd17=0%(n200)  rnd18=97%(n200)  rnd19=0%(n200)  rnd2=55%(n200)  rnd3=97%(n200)  rnd4=62%(n200)  rnd5=60%(n200)  rnd6=64%(n200)  rnd7=56%(n200)  rnd8=78%(n200)  rnd9=62%(n200)
          └ 이동 분포: straight=68%  left=18%  right=13%
Ep 23700/25000 | R=  199.6 | Fuel=515.3mL | Wait= 313s | Steps=17.5 | Reach=59% | ε=0.050 | Loss=197.775 | t=7553s
          ├ 토폴로지 도달률(최근50): 10x10_topology=98%  6x6_cross_topology=100%  gangnam_topology_add=16%
          ├ OD별 도달률(최근200): rnd0=49%(n200)  rnd1=61%(n200)  rnd10=100%(n200)  rnd11=58%(n200)  rnd12=40%(n200)  rnd13=94%(n200)  rnd14=39%(n200)  rnd15=44%(n200)  rnd16=0%(n200)  rnd17=0%(n200)  rnd18=96%(n200)  rnd19=0%(n200)  rnd2=55%(n200)  rnd3=97%(n200)  rnd4=63%(n200)  rnd5=60%(n200)  rnd6=65%(n200)  rnd7=56%(n200)  rnd8=78%(n200)  rnd9=62%(n200)
          └ 이동 분포: straight=65%  left=17%  right=18%
Ep 23800/25000 | R=  225.4 | Fuel=529.6mL | Wait= 336s | Steps=19.3 | Reach=64% | ε=0.050 | Loss=204.761 | t=7565s
          ├ 토폴로지 도달률(최근50): 10x10_topology=100%  6x6_cross_topology=100%  gangnam_topology_add=16%
          ├ OD별 도달률(최근200): rnd0=50%(n200)  rnd1=60%(n200)  rnd10=100%(n200)  rnd11=59%(n200)  rnd12=40%(n200)  rnd13=95%(n200)  rnd14=40%(n200)  rnd15=43%(n200)  rnd16=0%(n200)  rnd17=0%(n200)  rnd18=96%(n200)  rnd19=0%(n200)  rnd2=55%(n200)  rnd3=97%(n200)  rnd4=62%(n200)  rnd5=60%(n200)  rnd6=65%(n200)  rnd7=57%(n200)  rnd8=79%(n200)  rnd9=64%(n200)
          └ 이동 분포: straight=69%  left=11%  right=20%
Ep 23900/25000 | R=  198.1 | Fuel=489.3mL | Wait= 270s | Steps=17.0 | Reach=57% | ε=0.050 | Loss=200.727 | t=7576s
          ├ 토폴로지 도달률(최근50): 10x10_topology=100%  6x6_cross_topology=100%  gangnam_topology_add=16%
          ├ OD별 도달률(최근200): rnd0=49%(n200)  rnd1=60%(n200)  rnd10=100%(n200)  rnd11=59%(n200)  rnd12=40%(n200)  rnd13=95%(n200)  rnd14=40%(n200)  rnd15=42%(n200)  rnd16=0%(n200)  rnd17=0%(n200)  rnd18=97%(n200)  rnd19=0%(n200)  rnd2=54%(n200)  rnd3=97%(n200)  rnd4=62%(n200)  rnd5=60%(n200)  rnd6=64%(n200)  rnd7=55%(n200)  rnd8=80%(n200)  rnd9=64%(n200)
          └ 이동 분포: straight=74%  left=10%  right=17%
Ep 24000/25000 | R=  221.0 | Fuel=481.3mL | Wait= 265s | Steps=16.6 | Reach=58% | ε=0.050 | Loss=194.783 | t=7587s
          ├ 토폴로지 도달률(최근50): 10x10_topology=100%  6x6_cross_topology=100%  gangnam_topology_add=20%
          ├ OD별 도달률(최근200): rnd0=49%(n200)  rnd1=59%(n200)  rnd10=100%(n200)  rnd11=59%(n200)  rnd12=41%(n200)  rnd13=96%(n200)  rnd14=40%(n200)  rnd15=42%(n200)  rnd16=0%(n200)  rnd17=0%(n200)  rnd18=97%(n200)  rnd19=0%(n200)  rnd2=54%(n200)  rnd3=97%(n200)  rnd4=62%(n200)  rnd5=58%(n200)  rnd6=62%(n200)  rnd7=55%(n200)  rnd8=81%(n200)  rnd9=64%(n200)
          └ 이동 분포: straight=69%  left=12%  right=19%
Ep 24100/25000 | R=  144.3 | Fuel=561.0mL | Wait= 348s | Steps=20.4 | Reach=60% | ε=0.050 | Loss=212.579 | t=7600s
          ├ 토폴로지 도달률(최근50): 10x10_topology=100%  6x6_cross_topology=100%  gangnam_topology_add=22%
          ├ OD별 도달률(최근200): rnd0=50%(n200)  rnd1=58%(n200)  rnd10=100%(n200)  rnd11=58%(n200)  rnd12=41%(n200)  rnd13=96%(n200)  rnd14=40%(n200)  rnd15=42%(n200)  rnd16=0%(n200)  rnd17=0%(n200)  rnd18=97%(n200)  rnd19=0%(n200)  rnd2=54%(n200)  rnd3=97%(n200)  rnd4=62%(n200)  rnd5=59%(n200)  rnd6=60%(n200)  rnd7=56%(n200)  rnd8=84%(n200)  rnd9=65%(n200)
          └ 이동 분포: straight=64%  left=16%  right=20%
Ep 24200/25000 | R=  102.0 | Fuel=507.8mL | Wait= 313s | Steps=18.3 | Reach=53% | ε=0.050 | Loss=207.165 | t=7612s
          ├ 토폴로지 도달률(최근50): 10x10_topology=100%  6x6_cross_topology=100%  gangnam_topology_add=18%
          ├ OD별 도달률(최근200): rnd0=50%(n200)  rnd1=58%(n200)  rnd10=100%(n200)  rnd11=57%(n200)  rnd12=42%(n200)  rnd13=95%(n200)  rnd14=40%(n200)  rnd15=42%(n200)  rnd16=0%(n200)  rnd17=0%(n200)  rnd18=97%(n200)  rnd19=0%(n200)  rnd2=54%(n200)  rnd3=97%(n200)  rnd4=62%(n200)  rnd5=58%(n200)  rnd6=60%(n200)  rnd7=57%(n200)  rnd8=84%(n200)  rnd9=62%(n200)
          └ 이동 분포: straight=66%  left=14%  right=20%
Ep 24300/25000 | R=  342.1 | Fuel=455.8mL | Wait= 251s | Steps=16.1 | Reach=63% | ε=0.050 | Loss=197.165 | t=7622s
          ├ 토폴로지 도달률(최근50): 10x10_topology=100%  6x6_cross_topology=100%  gangnam_topology_add=22%
          ├ OD별 도달률(최근200): rnd0=50%(n200)  rnd1=58%(n200)  rnd10=100%(n200)  rnd11=57%(n200)  rnd12=42%(n200)  rnd13=95%(n200)  rnd14=42%(n200)  rnd15=42%(n200)  rnd16=0%(n200)  rnd17=0%(n200)  rnd18=97%(n200)  rnd19=0%(n200)  rnd2=55%(n200)  rnd3=97%(n200)  rnd4=62%(n200)  rnd5=57%(n200)  rnd6=61%(n200)  rnd7=58%(n200)  rnd8=86%(n200)  rnd9=62%(n200)
          └ 이동 분포: straight=70%  left=14%  right=16%
Ep 24400/25000 | R=  227.4 | Fuel=536.2mL | Wait= 308s | Steps=18.9 | Reach=60% | ε=0.050 | Loss=187.947 | t=7634s
          ├ 토폴로지 도달률(최근50): 10x10_topology=100%  6x6_cross_topology=100%  gangnam_topology_add=16%
          ├ OD별 도달률(최근200): rnd0=50%(n200)  rnd1=60%(n200)  rnd10=100%(n200)  rnd11=57%(n200)  rnd12=44%(n200)  rnd13=96%(n200)  rnd14=42%(n200)  rnd15=42%(n200)  rnd16=0%(n200)  rnd17=0%(n200)  rnd18=97%(n200)  rnd19=0%(n200)  rnd2=56%(n200)  rnd3=97%(n200)  rnd4=61%(n200)  rnd5=56%(n200)  rnd6=60%(n200)  rnd7=57%(n200)  rnd8=88%(n200)  rnd9=63%(n200)
          └ 이동 분포: straight=65%  left=15%  right=20%
Ep 24500/25000 | R=  118.0 | Fuel=531.5mL | Wait= 338s | Steps=20.4 | Reach=52% | ε=0.050 | Loss=187.678 | t=7647s
          ├ 토폴로지 도달률(최근50): 10x10_topology=100%  6x6_cross_topology=100%  gangnam_topology_add=16%
          ├ OD별 도달률(최근200): rnd0=50%(n200)  rnd1=61%(n200)  rnd10=100%(n200)  rnd11=56%(n200)  rnd12=43%(n200)  rnd13=96%(n200)  rnd14=44%(n200)  rnd15=42%(n200)  rnd16=0%(n200)  rnd17=0%(n200)  rnd18=97%(n200)  rnd19=0%(n200)  rnd2=54%(n200)  rnd3=97%(n200)  rnd4=60%(n200)  rnd5=56%(n200)  rnd6=58%(n200)  rnd7=57%(n200)  rnd8=88%(n200)  rnd9=63%(n200)
          └ 이동 분포: straight=71%  left=13%  right=16%
Ep 24600/25000 | R=  236.5 | Fuel=546.5mL | Wait= 332s | Steps=19.3 | Reach=64% | ε=0.050 | Loss=197.525 | t=7660s
          ├ 토폴로지 도달률(최근50): 10x10_topology=100%  6x6_cross_topology=100%  gangnam_topology_add=20%
          ├ OD별 도달률(최근200): rnd0=49%(n200)  rnd1=60%(n200)  rnd10=100%(n200)  rnd11=57%(n200)  rnd12=43%(n200)  rnd13=96%(n200)  rnd14=44%(n200)  rnd15=42%(n200)  rnd16=0%(n200)  rnd17=0%(n200)  rnd18=97%(n200)  rnd19=0%(n200)  rnd2=56%(n200)  rnd3=98%(n200)  rnd4=60%(n200)  rnd5=56%(n200)  rnd6=58%(n200)  rnd7=57%(n200)  rnd8=88%(n200)  rnd9=64%(n200)
          └ 이동 분포: straight=67%  left=15%  right=18%
Ep 24700/25000 | R=  291.1 | Fuel=544.3mL | Wait= 324s | Steps=18.6 | Reach=64% | ε=0.050 | Loss=196.237 | t=7672s
          ├ 토폴로지 도달률(최근50): 10x10_topology=100%  6x6_cross_topology=100%  gangnam_topology_add=22%
          ├ OD별 도달률(최근200): rnd0=50%(n200)  rnd1=60%(n200)  rnd10=100%(n200)  rnd11=58%(n200)  rnd12=42%(n200)  rnd13=97%(n200)  rnd14=43%(n200)  rnd15=41%(n200)  rnd16=0%(n200)  rnd17=0%(n200)  rnd18=97%(n200)  rnd19=0%(n200)  rnd2=56%(n200)  rnd3=98%(n200)  rnd4=59%(n200)  rnd5=56%(n200)  rnd6=59%(n200)  rnd7=58%(n200)  rnd8=90%(n200)  rnd9=64%(n200)
          └ 이동 분포: straight=67%  left=16%  right=17%
Ep 24800/25000 | R=  352.6 | Fuel=423.7mL | Wait= 231s | Steps=14.2 | Reach=65% | ε=0.050 | Loss=193.189 | t=7681s
          ├ 토폴로지 도달률(최근50): 10x10_topology=100%  6x6_cross_topology=100%  gangnam_topology_add=26%
          ├ OD별 도달률(최근200): rnd0=50%(n200)  rnd1=60%(n200)  rnd10=100%(n200)  rnd11=58%(n200)  rnd12=42%(n200)  rnd13=97%(n200)  rnd14=42%(n200)  rnd15=42%(n200)  rnd16=0%(n200)  rnd17=0%(n200)  rnd18=97%(n200)  rnd19=0%(n200)  rnd2=55%(n200)  rnd3=98%(n200)  rnd4=60%(n200)  rnd5=54%(n200)  rnd6=60%(n200)  rnd7=57%(n200)  rnd8=90%(n200)  rnd9=64%(n200)
          └ 이동 분포: straight=71%  left=11%  right=18%
Ep 24900/25000 | R=  324.2 | Fuel=460.7mL | Wait= 246s | Steps=14.3 | Reach=66% | ε=0.050 | Loss=196.978 | t=7690s
          ├ 토폴로지 도달률(최근50): 10x10_topology=100%  6x6_cross_topology=100%  gangnam_topology_add=20%
          ├ OD별 도달률(최근200): rnd0=50%(n200)  rnd1=60%(n200)  rnd10=100%(n200)  rnd11=60%(n200)  rnd12=42%(n200)  rnd13=97%(n200)  rnd14=42%(n200)  rnd15=42%(n200)  rnd16=0%(n200)  rnd17=0%(n200)  rnd18=98%(n200)  rnd19=0%(n200)  rnd2=55%(n200)  rnd3=98%(n200)  rnd4=59%(n200)  rnd5=54%(n200)  rnd6=60%(n200)  rnd7=57%(n200)  rnd8=90%(n200)  rnd9=64%(n200)
          └ 이동 분포: straight=69%  left=13%  right=18%
Ep 25000/25000 | R=  183.8 | Fuel=520.0mL | Wait= 309s | Steps=18.9 | Reach=58% | ε=0.050 | Loss=200.824 | t=7702s
          ├ 토폴로지 도달률(최근50): 10x10_topology=100%  6x6_cross_topology=100%  gangnam_topology_add=24%
          ├ OD별 도달률(최근200): rnd0=50%(n200)  rnd1=58%(n200)  rnd10=100%(n200)  rnd11=60%(n200)  rnd12=42%(n200)  rnd13=97%(n200)  rnd14=43%(n200)  rnd15=43%(n200)  rnd16=0%(n200)  rnd17=0%(n200)  rnd18=98%(n200)  rnd19=0%(n200)  rnd2=54%(n200)  rnd3=98%(n200)  rnd4=58%(n200)  rnd5=54%(n200)  rnd6=59%(n200)  rnd7=56%(n200)  rnd8=91%(n200)  rnd9=65%(n200)
          └ 이동 분포: straight=72%  left=12%  right=17%
  [체크포인트] model_rl_signal_attention_ep25000.pth

============================================================
 학습 완료 | 최종 도달률(최근200): 62.0%
 최고 도달률: 67.0%  → model_rl_signal_attention_best.pth
 모델 저장 → models/model_rl_signal_attention.pth
============================================================

