/home/hjj/2605_E-Nudge_traffic_RL_V2/venv/lib/python3.13/site-packages/torch/cuda/__init__.py:187: UserWarning: CUDA initialization: The NVIDIA driver on your system is too old (found version 12020). Please update your GPU driver by downloading and installing a new version from the URL: http://www.nvidia.com/Download/index.aspx Alternatively, go to: https://pytorch.org to install a PyTorch version that has been compiled with your version of the CUDA driver. (Triggered internally at /pytorch/c10/cuda/CUDAFunctions.cpp:119.)
  return torch._C._cuda_getDeviceCount() > 0

============================================================
 학습 시작 | mode=base | use_signal=False
 episodes=15000 | batch=128
 memory=80000 | warmup=2000 steps
 학습 토폴로지 (1개):
   - gangnam_clean_topology   w=1.00 nodes=1995 routes=30 max_steps=300
 ε: 1.0 → 0.05 (decay=0.99997, ~99856ep)
 shaping_w=1500.0  uturn_penalty=300.0  revisit_penalty=50.0  arrival_bonus=700.0
 dynamic_od_boost=False (floor=0.15)
 penalty_anneal_frac=0.5 floor=0.2
============================================================
Ep  100/15000 | R=-15039.3 | Fuel=3866.0mL | Wait=1948s | Steps=277.8 | Reach=11% | ε=0.461 | Loss=1160.441 | t=308s
          ├ 토폴로지 도달률(최근50): gangnam_clean_topology=12%
          ├ OD별 도달률(최근200): rnd0=0%(n4)  rnd1=0%(n6)  rnd10=0%(n3)  rnd11=0%(n3)  rnd12=25%(n4)  rnd13=0%(n3)  rnd14=0%(n4)  rnd15=0%(n3)  rnd16=0%(n4)  rnd17=20%(n5)  rnd18=33%(n3)  rnd19=0%(n6)  rnd2=0%(n1)  rnd20=0%(n3)  rnd21=50%(n2)  rnd22=20%(n5)  rnd23=0%(n3)  rnd24=50%(n2)  rnd25=0%(n4)  rnd26=0%(n3)  rnd27=0%(n4)  rnd28=0%(n2)  rnd29=0%(n2)  rnd3=0%(n4)  rnd4=100%(n3)  rnd5=0%(n2)  rnd6=67%(n3)  rnd7=0%(n3)  rnd8=0%(n3)  rnd9=0%(n3)
          └ 이동 분포: straight=51%  left=24%  right=26%
Ep  200/15000 | R=-12329.8 | Fuel=3679.9mL | Wait=1965s | Steps=264.8 | Reach=14% | ε=0.208 | Loss=1069.172 | t=656s
          ├ 토폴로지 도달률(최근50): gangnam_clean_topology=14%
          ├ OD별 도달률(최근200): rnd0=0%(n6)  rnd1=0%(n8)  rnd10=0%(n9)  rnd11=0%(n5)  rnd12=11%(n9)  rnd13=0%(n7)  rnd14=0%(n5)  rnd15=0%(n10)  rnd16=0%(n10)  rnd17=44%(n9)  rnd18=25%(n4)  rnd19=0%(n9)  rnd2=0%(n3)  rnd20=14%(n7)  rnd21=50%(n2)  rnd22=22%(n9)  rnd23=0%(n7)  rnd24=33%(n6)  rnd25=0%(n6)  rnd26=0%(n5)  rnd27=0%(n8)  rnd28=0%(n4)  rnd29=12%(n8)  rnd3=0%(n7)  rnd4=100%(n8)  rnd5=0%(n4)  rnd6=80%(n5)  rnd7=0%(n10)  rnd8=0%(n4)  rnd9=0%(n6)
          └ 이동 분포: straight=52%  left=23%  right=25%
Ep  300/15000 | R=-9946.5 | Fuel=3390.6mL | Wait=1662s | Steps=251.2 | Reach=17% | ε=0.098 | Loss=995.405 | t=1021s
          ├ 토폴로지 도달률(최근50): gangnam_clean_topology=22%
          ├ OD별 도달률(최근200): rnd0=0%(n10)  rnd1=0%(n12)  rnd10=0%(n12)  rnd11=0%(n12)  rnd12=20%(n10)  rnd13=0%(n12)  rnd14=0%(n10)  rnd15=0%(n12)  rnd16=0%(n13)  rnd17=36%(n14)  rnd18=17%(n6)  rnd19=8%(n13)  rnd2=0%(n5)  rnd20=27%(n11)  rnd21=25%(n4)  rnd22=23%(n13)  rnd23=0%(n11)  rnd24=33%(n9)  rnd25=0%(n9)  rnd26=0%(n8)  rnd27=0%(n11)  rnd28=0%(n4)  rnd29=10%(n10)  rnd3=0%(n12)  rnd4=93%(n15)  rnd5=0%(n6)  rnd6=88%(n8)  rnd7=0%(n12)  rnd8=0%(n9)  rnd9=14%(n7)
          └ 이동 분포: straight=51%  left=25%  right=24%
Ep  400/15000 | R=-9748.4 | Fuel=3711.8mL | Wait=1924s | Steps=268.9 | Reach=19% | ε=0.050 | Loss=783.750 | t=1424s
          ├ 토폴로지 도달률(최근50): gangnam_clean_topology=20%
          ├ OD별 도달률(최근200): rnd0=0%(n13)  rnd1=0%(n14)  rnd10=12%(n17)  rnd11=0%(n13)  rnd12=25%(n16)  rnd13=11%(n18)  rnd14=0%(n16)  rnd15=0%(n14)  rnd16=0%(n17)  rnd17=33%(n18)  rnd18=12%(n8)  rnd19=8%(n13)  rnd2=0%(n6)  rnd20=21%(n14)  rnd21=14%(n7)  rnd22=29%(n21)  rnd23=0%(n15)  rnd24=38%(n13)  rnd25=0%(n12)  rnd26=0%(n12)  rnd27=0%(n14)  rnd28=25%(n8)  rnd29=8%(n12)  rnd3=0%(n14)  rnd4=94%(n16)  rnd5=0%(n8)  rnd6=89%(n9)  rnd7=5%(n21)  rnd8=0%(n12)  rnd9=33%(n9)
          └ 이동 분포: straight=56%  left=22%  right=22%
Ep  500/15000 | R=-9147.9 | Fuel=3431.7mL | Wait=1838s | Steps=259.4 | Reach=21% | ε=0.050 | Loss=709.666 | t=1799s
          ├ 토폴로지 도달률(최근50): gangnam_clean_topology=26%
          ├ OD별 도달률(최근200): rnd0=0%(n22)  rnd1=0%(n18)  rnd10=20%(n20)  rnd11=0%(n15)  rnd12=25%(n16)  rnd13=14%(n21)  rnd14=0%(n18)  rnd15=0%(n17)  rnd16=0%(n20)  rnd17=35%(n20)  rnd18=8%(n13)  rnd19=13%(n15)  rnd2=0%(n9)  rnd20=16%(n19)  rnd21=20%(n10)  rnd22=26%(n23)  rnd23=0%(n19)  rnd24=35%(n17)  rnd25=0%(n17)  rnd26=0%(n15)  rnd27=0%(n17)  rnd28=42%(n12)  rnd29=14%(n14)  rnd3=0%(n17)  rnd4=95%(n19)  rnd5=0%(n12)  rnd6=90%(n10)  rnd7=15%(n27)  rnd8=0%(n15)  rnd9=46%(n13)
          └ 이동 분포: straight=57%  left=22%  right=22%
Ep  600/15000 | R=-8196.7 | Fuel=3274.8mL | Wait=1878s | Steps=242.4 | Reach=33% | ε=0.050 | Loss=834.114 | t=2150s
          ├ 토폴로지 도달률(최근50): gangnam_clean_topology=28%
          ├ OD별 도달률(최근200): rnd0=0%(n25)  rnd1=0%(n23)  rnd10=28%(n25)  rnd11=0%(n18)  rnd12=33%(n18)  rnd13=14%(n22)  rnd14=0%(n20)  rnd15=0%(n19)  rnd16=0%(n24)  rnd17=39%(n23)  rnd18=12%(n17)  rnd19=12%(n16)  rnd2=0%(n12)  rnd20=18%(n22)  rnd21=14%(n14)  rnd22=31%(n26)  rnd23=0%(n22)  rnd24=46%(n26)  rnd25=0%(n19)  rnd26=5%(n19)  rnd27=0%(n19)  rnd28=55%(n20)  rnd29=25%(n16)  rnd3=0%(n22)  rnd4=90%(n20)  rnd5=0%(n14)  rnd6=79%(n14)  rnd7=26%(n31)  rnd8=0%(n20)  rnd9=50%(n14)
          └ 이동 분포: straight=59%  left=21%  right=20%
Ep  700/15000 | R=-7086.6 | Fuel=2938.1mL | Wait=1525s | Steps=217.2 | Reach=35% | ε=0.050 | Loss=824.668 | t=2474s
          ├ 토폴로지 도달률(최근50): gangnam_clean_topology=34%
          ├ OD별 도달률(최근200): rnd0=0%(n27)  rnd1=0%(n25)  rnd10=27%(n26)  rnd11=0%(n21)  rnd12=43%(n23)  rnd13=11%(n27)  rnd14=11%(n27)  rnd15=0%(n20)  rnd16=0%(n26)  rnd17=38%(n24)  rnd18=11%(n19)  rnd19=26%(n19)  rnd2=0%(n16)  rnd20=23%(n26)  rnd21=11%(n18)  rnd22=40%(n30)  rnd23=0%(n26)  rnd24=50%(n32)  rnd25=0%(n22)  rnd26=10%(n20)  rnd27=0%(n23)  rnd28=58%(n24)  rnd29=43%(n21)  rnd3=0%(n28)  rnd4=91%(n23)  rnd5=0%(n20)  rnd6=75%(n16)  rnd7=30%(n33)  rnd8=0%(n23)  rnd9=47%(n15)
          └ 이동 분포: straight=58%  left=20%  right=21%
Ep  800/15000 | R=-6565.6 | Fuel=2863.2mL | Wait=1489s | Steps=204.0 | Reach=39% | ε=0.050 | Loss=888.020 | t=2780s
          ├ 토폴로지 도달률(최근50): gangnam_clean_topology=36%
          ├ OD별 도달률(최근200): rnd0=0%(n31)  rnd1=0%(n29)  rnd10=27%(n26)  rnd11=0%(n28)  rnd12=48%(n25)  rnd13=11%(n28)  rnd14=10%(n30)  rnd15=0%(n22)  rnd16=0%(n33)  rnd17=47%(n30)  rnd18=13%(n23)  rnd19=39%(n23)  rnd2=0%(n18)  rnd20=29%(n28)  rnd21=11%(n18)  rnd22=41%(n32)  rnd23=0%(n28)  rnd24=53%(n36)  rnd25=4%(n27)  rnd26=27%(n26)  rnd27=0%(n28)  rnd28=58%(n24)  rnd29=52%(n25)  rnd3=0%(n30)  rnd4=92%(n26)  rnd5=0%(n24)  rnd6=72%(n18)  rnd7=36%(n36)  rnd8=0%(n27)  rnd9=52%(n21)
          └ 이동 분포: straight=60%  left=19%  right=21%
Ep  900/15000 | R=-6469.8 | Fuel=2805.4mL | Wait=1447s | Steps=206.7 | Reach=41% | ε=0.050 | Loss=850.218 | t=3092s
          ├ 토폴로지 도달률(최근50): gangnam_clean_topology=46%
          ├ OD별 도달률(최근200): rnd0=0%(n33)  rnd1=0%(n30)  rnd10=29%(n28)  rnd11=0%(n32)  rnd12=57%(n30)  rnd13=12%(n34)  rnd14=9%(n33)  rnd15=0%(n25)  rnd16=0%(n38)  rnd17=47%(n32)  rnd18=21%(n29)  rnd19=42%(n26)  rnd2=0%(n22)  rnd20=38%(n32)  rnd21=15%(n20)  rnd22=41%(n32)  rnd23=0%(n32)  rnd24=54%(n39)  rnd25=3%(n30)  rnd26=27%(n30)  rnd27=3%(n31)  rnd28=64%(n28)  rnd29=59%(n29)  rnd3=0%(n32)  rnd4=93%(n29)  rnd5=0%(n28)  rnd6=76%(n21)  rnd7=40%(n40)  rnd8=0%(n32)  rnd9=57%(n23)
          └ 이동 분포: straight=58%  left=21%  right=21%
Ep 1000/15000 | R=-5332.0 | Fuel=2546.2mL | Wait=1358s | Steps=184.6 | Reach=42% | ε=0.050 | Loss=910.515 | t=3364s
          ├ 토폴로지 도달률(최근50): gangnam_clean_topology=46%
          ├ OD별 도달률(최근200): rnd0=0%(n37)  rnd1=0%(n30)  rnd10=29%(n31)  rnd11=0%(n33)  rnd12=61%(n36)  rnd13=11%(n38)  rnd14=11%(n37)  rnd15=0%(n31)  rnd16=0%(n43)  rnd17=42%(n38)  rnd18=28%(n32)  rnd19=56%(n34)  rnd2=0%(n24)  rnd20=38%(n32)  rnd21=19%(n26)  rnd22=42%(n38)  rnd23=0%(n33)  rnd24=55%(n40)  rnd25=3%(n31)  rnd26=32%(n34)  rnd27=3%(n33)  rnd28=66%(n29)  rnd29=58%(n31)  rnd3=0%(n35)  rnd4=94%(n34)  rnd5=3%(n33)  rnd6=78%(n23)  rnd7=45%(n44)  rnd8=0%(n36)  rnd9=54%(n24)
          └ 이동 분포: straight=59%  left=20%  right=21%
Ep 1100/15000 | R=-4033.0 | Fuel=2214.2mL | Wait=1086s | Steps=155.1 | Reach=54% | ε=0.050 | Loss=956.855 | t=3599s
          ├ 토폴로지 도달률(최근50): gangnam_clean_topology=54%
          ├ OD별 도달률(최근200): rnd0=2%(n43)  rnd1=3%(n31)  rnd10=31%(n32)  rnd11=0%(n39)  rnd12=67%(n42)  rnd13=10%(n39)  rnd14=10%(n39)  rnd15=0%(n33)  rnd16=0%(n47)  rnd17=45%(n40)  rnd18=30%(n33)  rnd19=57%(n35)  rnd2=0%(n29)  rnd20=46%(n37)  rnd21=27%(n30)  rnd22=40%(n42)  rnd23=0%(n36)  rnd24=56%(n41)  rnd25=11%(n35)  rnd26=38%(n39)  rnd27=3%(n35)  rnd28=72%(n36)  rnd29=64%(n36)  rnd3=0%(n39)  rnd4=95%(n37)  rnd5=11%(n37)  rnd6=80%(n25)  rnd7=48%(n46)  rnd8=0%(n40)  rnd9=56%(n27)
          └ 이동 분포: straight=59%  left=20%  right=20%
Ep 1200/15000 | R=-3666.0 | Fuel=2102.0mL | Wait=1095s | Steps=143.5 | Reach=50% | ε=0.050 | Loss=1064.465 | t=3809s
          ├ 토폴로지 도달률(최근50): gangnam_clean_topology=52%
          ├ OD별 도달률(최근200): rnd0=7%(n46)  rnd1=3%(n33)  rnd10=39%(n36)  rnd11=0%(n44)  rnd12=68%(n44)  rnd13=10%(n40)  rnd14=14%(n43)  rnd15=0%(n35)  rnd16=7%(n54)  rnd17=46%(n41)  rnd18=32%(n34)  rnd19=62%(n40)  rnd2=0%(n35)  rnd20=50%(n40)  rnd21=33%(n33)  rnd22=41%(n46)  rnd23=0%(n43)  rnd24=58%(n43)  rnd25=11%(n35)  rnd26=43%(n42)  rnd27=2%(n40)  rnd28=72%(n39)  rnd29=65%(n37)  rnd3=0%(n47)  rnd4=95%(n40)  rnd5=19%(n42)  rnd6=81%(n27)  rnd7=52%(n50)  rnd8=0%(n42)  rnd9=52%(n29)
          └ 이동 분포: straight=60%  left=18%  right=21%
Ep 1300/15000 | R=-3739.1 | Fuel=2054.4mL | Wait=1105s | Steps=144.2 | Reach=64% | ε=0.050 | Loss=1113.665 | t=4025s
          ├ 토폴로지 도달률(최근50): gangnam_clean_topology=68%
          ├ OD별 도달률(최근200): rnd0=14%(n50)  rnd1=5%(n38)  rnd10=42%(n40)  rnd11=0%(n49)  rnd12=69%(n45)  rnd13=11%(n44)  rnd14=17%(n47)  rnd15=0%(n37)  rnd16=12%(n57)  rnd17=51%(n45)  rnd18=39%(n38)  rnd19=65%(n43)  rnd2=0%(n40)  rnd20=57%(n46)  rnd21=37%(n35)  rnd22=41%(n49)  rnd23=0%(n45)  rnd24=60%(n48)  rnd25=18%(n38)  rnd26=40%(n47)  rnd27=2%(n41)  rnd28=74%(n43)  rnd29=68%(n41)  rnd3=0%(n49)  rnd4=95%(n43)  rnd5=23%(n44)  rnd6=83%(n30)  rnd7=56%(n55)  rnd8=0%(n42)  rnd9=48%(n31)
          └ 이동 분포: straight=60%  left=18%  right=22%
Ep 1400/15000 | R=-2510.8 | Fuel=1686.6mL | Wait= 934s | Steps=117.9 | Reach=65% | ε=0.050 | Loss=1181.474 | t=4208s
          ├ 토폴로지 도달률(최근50): gangnam_clean_topology=62%
          ├ OD별 도달률(최근200): rnd0=20%(n54)  rnd1=9%(n43)  rnd10=45%(n44)  rnd11=0%(n55)  rnd12=71%(n49)  rnd13=11%(n46)  rnd14=20%(n50)  rnd15=0%(n42)  rnd16=17%(n60)  rnd17=52%(n46)  rnd18=47%(n43)  rnd19=67%(n45)  rnd2=0%(n45)  rnd20=60%(n52)  rnd21=37%(n38)  rnd22=44%(n54)  rnd23=0%(n46)  rnd24=65%(n54)  rnd25=26%(n42)  rnd26=40%(n48)  rnd27=2%(n43)  rnd28=77%(n47)  rnd29=73%(n48)  rnd3=0%(n50)  rnd4=96%(n47)  rnd5=24%(n46)  rnd6=84%(n31)  rnd7=57%(n56)  rnd8=0%(n43)  rnd9=48%(n33)
          └ 이동 분포: straight=61%  left=19%  right=20%
Ep 1500/15000 | R=-1406.1 | Fuel=1316.6mL | Wait= 669s | Steps=91.3 | Reach=71% | ε=0.050 | Loss=1210.909 | t=4343s
          ├ 토폴로지 도달률(최근50): gangnam_clean_topology=70%
          ├ OD별 도달률(최근200): rnd0=27%(n60)  rnd1=13%(n45)  rnd10=48%(n48)  rnd11=2%(n59)  rnd12=73%(n52)  rnd13=11%(n47)  rnd14=24%(n54)  rnd15=0%(n45)  rnd16=22%(n64)  rnd17=54%(n48)  rnd18=44%(n45)  rnd19=68%(n50)  rnd2=0%(n49)  rnd20=62%(n56)  rnd21=44%(n43)  rnd22=48%(n58)  rnd23=0%(n48)  rnd24=67%(n57)  rnd25=31%(n45)  rnd26=40%(n48)  rnd27=2%(n48)  rnd28=78%(n51)  rnd29=74%(n50)  rnd3=0%(n53)  rnd4=96%(n51)  rnd5=33%(n52)  rnd6=86%(n35)  rnd7=59%(n58)  rnd8=0%(n45)  rnd9=53%(n36)
          └ 이동 분포: straight=64%  left=17%  right=18%
Ep 1600/15000 | R=-2014.3 | Fuel=1597.7mL | Wait= 844s | Steps=111.6 | Reach=66% | ε=0.050 | Loss=1121.681 | t=4504s
          ├ 토폴로지 도달률(최근50): gangnam_clean_topology=72%
          ├ OD별 도달률(최근200): rnd0=31%(n65)  rnd1=22%(n50)  rnd10=51%(n51)  rnd11=2%(n62)  rnd12=74%(n53)  rnd13=10%(n49)  rnd14=26%(n58)  rnd15=0%(n48)  rnd16=25%(n67)  rnd17=58%(n53)  rnd18=50%(n50)  rnd19=70%(n53)  rnd2=0%(n53)  rnd20=64%(n59)  rnd21=48%(n46)  rnd22=51%(n61)  rnd23=0%(n53)  rnd24=69%(n62)  rnd25=34%(n47)  rnd26=43%(n54)  rnd27=2%(n51)  rnd28=80%(n54)  rnd29=74%(n50)  rnd3=0%(n59)  rnd4=96%(n52)  rnd5=39%(n57)  rnd6=86%(n36)  rnd7=59%(n59)  rnd8=0%(n47)  rnd9=56%(n41)
          └ 이동 분포: straight=63%  left=19%  right=18%
Ep 1700/15000 | R=-1379.4 | Fuel=1388.9mL | Wait= 724s | Steps=94.9 | Reach=75% | ε=0.050 | Loss=1089.740 | t=4644s
          ├ 토폴로지 도달률(최근50): gangnam_clean_topology=72%
          ├ OD별 도달률(최근200): rnd0=33%(n67)  rnd1=25%(n52)  rnd10=55%(n55)  rnd11=3%(n63)  rnd12=75%(n56)  rnd13=12%(n51)  rnd14=31%(n62)  rnd15=0%(n52)  rnd16=28%(n69)  rnd17=61%(n57)  rnd18=54%(n54)  rnd19=73%(n59)  rnd2=0%(n58)  rnd20=67%(n64)  rnd21=49%(n47)  rnd22=52%(n62)  rnd23=0%(n60)  rnd24=70%(n63)  rnd25=39%(n51)  rnd26=46%(n57)  rnd27=2%(n54)  rnd28=81%(n58)  rnd29=75%(n52)  rnd3=0%(n62)  rnd4=96%(n55)  rnd5=40%(n62)  rnd6=88%(n41)  rnd7=64%(n66)  rnd8=0%(n47)  rnd9=59%(n44)
          └ 이동 분포: straight=65%  left=18%  right=17%
Ep 1800/15000 | R=-1070.0 | Fuel=1165.2mL | Wait= 616s | Steps=77.9 | Reach=72% | ε=0.050 | Loss=1098.448 | t=4763s
          ├ 토폴로지 도달률(최근50): gangnam_clean_topology=70%
          ├ OD별 도달률(최근200): rnd0=35%(n69)  rnd1=30%(n56)  rnd10=55%(n60)  rnd11=3%(n65)  rnd12=76%(n59)  rnd13=14%(n57)  rnd14=33%(n64)  rnd15=0%(n53)  rnd16=32%(n73)  rnd17=65%(n63)  rnd18=58%(n59)  rnd19=73%(n59)  rnd2=0%(n60)  rnd20=69%(n67)  rnd21=51%(n49)  rnd22=55%(n66)  rnd23=0%(n61)  rnd24=70%(n63)  rnd25=42%(n53)  rnd26=51%(n63)  rnd27=2%(n60)  rnd28=81%(n59)  rnd29=77%(n56)  rnd3=0%(n68)  rnd4=97%(n61)  rnd5=42%(n64)  rnd6=89%(n45)  rnd7=64%(n70)  rnd8=0%(n50)  rnd9=62%(n48)
          └ 이동 분포: straight=64%  left=18%  right=18%
Ep 1900/15000 | R=-1132.2 | Fuel=1259.7mL | Wait= 653s | Steps=83.5 | Reach=74% | ε=0.050 | Loss=1035.022 | t=4884s
          ├ 토폴로지 도달률(최근50): gangnam_clean_topology=68%
          ├ OD별 도달률(최근200): rnd0=36%(n70)  rnd1=34%(n59)  rnd10=57%(n63)  rnd11=4%(n68)  rnd12=77%(n62)  rnd13=16%(n61)  rnd14=32%(n65)  rnd15=0%(n57)  rnd16=34%(n76)  rnd17=66%(n65)  rnd18=61%(n64)  rnd19=75%(n63)  rnd2=0%(n64)  rnd20=70%(n70)  rnd21=53%(n51)  rnd22=58%(n72)  rnd23=0%(n65)  rnd24=71%(n65)  rnd25=43%(n54)  rnd26=54%(n67)  rnd27=2%(n62)  rnd28=83%(n65)  rnd29=80%(n64)  rnd3=0%(n71)  rnd4=97%(n67)  rnd5=43%(n65)  rnd6=90%(n49)  rnd7=66%(n73)  rnd8=0%(n54)  rnd9=63%(n49)
          └ 이동 분포: straight=63%  left=18%  right=19%
Ep 2000/15000 | R= -615.0 | Fuel=1041.9mL | Wait= 542s | Steps=70.9 | Reach=77% | ε=0.050 | Loss=985.528 | t=4994s
          ├ 토폴로지 도달률(최근50): gangnam_clean_topology=78%
          ├ OD별 도달률(최근200): rnd0=38%(n73)  rnd1=36%(n61)  rnd10=58%(n65)  rnd11=5%(n74)  rnd12=78%(n64)  rnd13=22%(n65)  rnd14=37%(n71)  rnd15=0%(n62)  rnd16=36%(n78)  rnd17=67%(n67)  rnd18=62%(n66)  rnd19=76%(n66)  rnd2=0%(n66)  rnd20=70%(n71)  rnd21=54%(n52)  rnd22=61%(n77)  rnd23=0%(n68)  rnd24=73%(n70)  rnd25=43%(n54)  rnd26=58%(n73)  rnd27=2%(n65)  rnd28=84%(n68)  rnd29=81%(n69)  rnd3=0%(n72)  rnd4=97%(n73)  rnd5=46%(n68)  rnd6=91%(n53)  rnd7=68%(n78)  rnd8=0%(n57)  rnd9=67%(n54)
          └ 이동 분포: straight=66%  left=16%  right=18%
Ep 2100/15000 | R= -454.6 | Fuel=1052.4mL | Wait= 546s | Steps=71.7 | Reach=84% | ε=0.050 | Loss=946.551 | t=5100s
          ├ 토폴로지 도달률(최근50): gangnam_clean_topology=84%
          ├ OD별 도달률(최근200): rnd0=42%(n78)  rnd1=38%(n65)  rnd10=61%(n69)  rnd11=7%(n76)  rnd12=79%(n68)  rnd13=24%(n67)  rnd14=41%(n76)  rnd15=0%(n62)  rnd16=38%(n81)  rnd17=69%(n70)  rnd18=65%(n71)  rnd19=77%(n70)  rnd2=1%(n68)  rnd20=72%(n74)  rnd21=56%(n54)  rnd22=62%(n80)  rnd23=0%(n71)  rnd24=74%(n72)  rnd25=47%(n58)  rnd26=59%(n78)  rnd27=1%(n68)  rnd28=84%(n70)  rnd29=82%(n73)  rnd3=0%(n73)  rnd4=97%(n76)  rnd5=51%(n75)  rnd6=91%(n56)  rnd7=70%(n83)  rnd8=0%(n62)  rnd9=68%(n56)
          └ 이동 분포: straight=67%  left=16%  right=17%
Ep 2200/15000 | R= -663.8 | Fuel=1096.9mL | Wait= 593s | Steps=70.4 | Reach=71% | ε=0.050 | Loss=806.667 | t=5201s
          ├ 토폴로지 도달률(최근50): gangnam_clean_topology=74%
          ├ OD별 도달률(최근200): rnd0=44%(n81)  rnd1=39%(n66)  rnd10=64%(n74)  rnd11=6%(n79)  rnd12=81%(n74)  rnd13=27%(n70)  rnd14=45%(n82)  rnd15=0%(n67)  rnd16=40%(n83)  rnd17=70%(n74)  rnd18=67%(n75)  rnd19=77%(n75)  rnd2=1%(n72)  rnd20=73%(n77)  rnd21=56%(n55)  rnd22=63%(n82)  rnd23=0%(n77)  rnd24=75%(n75)  rnd25=50%(n62)  rnd26=59%(n79)  rnd27=1%(n73)  rnd28=85%(n74)  rnd29=83%(n76)  rnd3=0%(n75)  rnd4=97%(n78)  rnd5=52%(n77)  rnd6=91%(n58)  rnd7=71%(n86)  rnd8=0%(n65)  rnd9=69%(n59)
          └ 이동 분포: straight=67%  left=16%  right=17%
Ep 2300/15000 | R= -426.3 | Fuel=1029.6mL | Wait= 574s | Steps=67.5 | Reach=80% | ε=0.050 | Loss=693.918 | t=5295s
          ├ 토폴로지 도달률(최근50): gangnam_clean_topology=78%
          ├ OD별 도달률(최근200): rnd0=49%(n88)  rnd1=41%(n68)  rnd10=64%(n76)  rnd11=6%(n79)  rnd12=81%(n78)  rnd13=30%(n73)  rnd14=49%(n88)  rnd15=0%(n70)  rnd16=40%(n84)  rnd17=71%(n76)  rnd18=68%(n78)  rnd19=78%(n79)  rnd2=1%(n74)  rnd20=74%(n80)  rnd21=58%(n57)  rnd22=66%(n87)  rnd23=0%(n79)  rnd24=76%(n79)  rnd25=51%(n63)  rnd26=62%(n85)  rnd27=1%(n76)  rnd28=86%(n78)  rnd29=84%(n83)  rnd3=0%(n79)  rnd4=98%(n82)  rnd5=54%(n81)  rnd6=92%(n61)  rnd7=72%(n88)  rnd8=0%(n70)  rnd9=70%(n61)
          └ 이동 분포: straight=69%  left=15%  right=16%
Ep 2400/15000 | R= -670.2 | Fuel=1081.4mL | Wait= 648s | Steps=71.4 | Reach=71% | ε=0.050 | Loss=628.090 | t=5399s
          ├ 토폴로지 도달률(최근50): gangnam_clean_topology=80%
          ├ OD별 도달률(최근200): rnd0=52%(n94)  rnd1=43%(n70)  rnd10=67%(n81)  rnd11=7%(n84)  rnd12=80%(n82)  rnd13=33%(n76)  rnd14=52%(n93)  rnd15=0%(n74)  rnd16=43%(n88)  rnd17=71%(n77)  rnd18=69%(n80)  rnd19=79%(n82)  rnd2=1%(n76)  rnd20=76%(n86)  rnd21=59%(n59)  rnd22=66%(n89)  rnd23=0%(n83)  rnd24=77%(n81)  rnd25=52%(n64)  rnd26=63%(n86)  rnd27=1%(n77)  rnd28=86%(n80)  rnd29=85%(n88)  rnd3=0%(n85)  rnd4=97%(n92)  rnd5=55%(n83)  rnd6=92%(n62)  rnd7=72%(n90)  rnd8=0%(n76)  rnd9=71%(n62)
          └ 이동 분포: straight=67%  left=17%  right=16%
Ep 2500/15000 | R= -355.6 | Fuel=956.2mL | Wait= 524s | Steps=63.5 | Reach=77% | ε=0.050 | Loss=593.038 | t=5493s
          ├ 토폴로지 도달률(최근50): gangnam_clean_topology=78%
          ├ OD별 도달률(최근200): rnd0=53%(n95)  rnd1=44%(n72)  rnd10=68%(n84)  rnd11=8%(n91)  rnd12=81%(n85)  rnd13=35%(n79)  rnd14=53%(n96)  rnd15=0%(n78)  rnd16=44%(n90)  rnd17=72%(n79)  rnd18=71%(n85)  rnd19=81%(n89)  rnd2=4%(n79)  rnd20=76%(n89)  rnd21=61%(n62)  rnd22=69%(n96)  rnd23=1%(n87)  rnd24=77%(n83)  rnd25=52%(n65)  rnd26=64%(n88)  rnd27=1%(n79)  rnd28=87%(n85)  rnd29=86%(n91)  rnd3=0%(n87)  rnd4=97%(n99)  rnd5=57%(n86)  rnd6=92%(n65)  rnd7=73%(n91)  rnd8=0%(n81)  rnd9=72%(n64)
          └ 이동 분포: straight=66%  left=17%  right=17%
  [체크포인트] model_rl_base_ep2500.pth
Ep 2600/15000 | R= -431.2 | Fuel=1030.9mL | Wait= 546s | Steps=65.7 | Reach=74% | ε=0.050 | Loss=538.838 | t=5590s
          ├ 토폴로지 도달률(최근50): gangnam_clean_topology=80%
          ├ OD별 도달률(최근200): rnd0=53%(n95)  rnd1=46%(n74)  rnd10=69%(n87)  rnd11=7%(n94)  rnd12=81%(n85)  rnd13=38%(n82)  rnd14=54%(n98)  rnd15=0%(n78)  rnd16=47%(n94)  rnd17=73%(n81)  rnd18=71%(n86)  rnd19=82%(n95)  rnd2=4%(n84)  rnd20=77%(n91)  rnd21=64%(n66)  rnd22=70%(n100)  rnd23=1%(n93)  rnd24=80%(n93)  rnd25=55%(n69)  rnd26=65%(n91)  rnd27=1%(n79)  rnd28=87%(n87)  rnd29=87%(n97)  rnd3=0%(n94)  rnd4=97%(n104)  rnd5=58%(n90)  rnd6=93%(n67)  rnd7=73%(n94)  rnd8=0%(n85)  rnd9=73%(n67)
          └ 이동 분포: straight=68%  left=15%  right=17%
Ep 2700/15000 | R= -349.7 | Fuel=1002.5mL | Wait= 522s | Steps=67.4 | Reach=79% | ε=0.050 | Loss=489.711 | t=5692s
          ├ 토폴로지 도달률(최근50): gangnam_clean_topology=82%
          ├ OD별 도달률(최근200): rnd0=56%(n102)  rnd1=48%(n77)  rnd10=70%(n91)  rnd11=9%(n98)  rnd12=82%(n89)  rnd13=41%(n86)  rnd14=56%(n102)  rnd15=0%(n81)  rnd16=48%(n97)  rnd17=74%(n86)  rnd18=73%(n93)  rnd19=82%(n95)  rnd2=3%(n87)  rnd20=78%(n96)  rnd21=65%(n68)  rnd22=71%(n104)  rnd23=1%(n95)  rnd24=80%(n95)  rnd25=56%(n71)  rnd26=65%(n92)  rnd27=1%(n83)  rnd28=88%(n94)  rnd29=87%(n101)  rnd3=0%(n99)  rnd4=97%(n105)  rnd5=59%(n93)  rnd6=93%(n69)  rnd7=74%(n96)  rnd8=0%(n87)  rnd9=74%(n68)
          └ 이동 분포: straight=67%  left=16%  right=17%
Ep 2800/15000 | R= -328.5 | Fuel=914.5mL | Wait= 462s | Steps=60.2 | Reach=76% | ε=0.050 | Loss=451.502 | t=5787s
          ├ 토폴로지 도달률(최근50): gangnam_clean_topology=72%
          ├ OD별 도달률(최근200): rnd0=57%(n105)  rnd1=50%(n80)  rnd10=71%(n93)  rnd11=10%(n105)  rnd12=82%(n91)  rnd13=43%(n89)  rnd14=57%(n105)  rnd15=0%(n83)  rnd16=50%(n100)  rnd17=75%(n89)  rnd18=73%(n94)  rnd19=83%(n98)  rnd2=4%(n90)  rnd20=79%(n98)  rnd21=68%(n74)  rnd22=73%(n110)  rnd23=1%(n99)  rnd24=80%(n97)  rnd25=60%(n78)  rnd26=66%(n93)  rnd27=1%(n89)  rnd28=89%(n97)  rnd29=88%(n104)  rnd3=0%(n101)  rnd4=97%(n105)  rnd5=61%(n97)  rnd6=93%(n73)  rnd7=75%(n99)  rnd8=0%(n89)  rnd9=76%(n75)
          └ 이동 분포: straight=67%  left=17%  right=16%
Ep 2900/15000 | R= -522.9 | Fuel=1013.0mL | Wait= 506s | Steps=64.3 | Reach=79% | ε=0.050 | Loss=486.180 | t=5884s
          ├ 토폴로지 도달률(최근50): gangnam_clean_topology=84%
          ├ OD별 도달률(최근200): rnd0=59%(n109)  rnd1=51%(n82)  rnd10=72%(n98)  rnd11=10%(n109)  rnd12=83%(n95)  rnd13=45%(n92)  rnd14=59%(n109)  rnd15=0%(n87)  rnd16=51%(n102)  rnd17=76%(n92)  rnd18=74%(n100)  rnd19=83%(n99)  rnd2=4%(n94)  rnd20=79%(n103)  rnd21=68%(n74)  rnd22=74%(n116)  rnd23=1%(n103)  rnd24=81%(n101)  rnd25=62%(n82)  rnd26=67%(n97)  rnd27=1%(n91)  rnd28=89%(n98)  rnd29=88%(n108)  rnd3=0%(n102)  rnd4=97%(n109)  rnd5=61%(n98)  rnd6=94%(n78)  rnd7=75%(n100)  rnd8=0%(n90)  rnd9=78%(n82)
          └ 이동 분포: straight=67%  left=16%  right=17%
Ep 3000/15000 | R= -383.6 | Fuel=1014.5mL | Wait= 465s | Steps=69.4 | Reach=74% | ε=0.050 | Loss=419.615 | t=5985s
          ├ 토폴로지 도달률(최근50): gangnam_clean_topology=78%
          ├ OD별 도달률(최근200): rnd0=61%(n116)  rnd1=53%(n86)  rnd10=73%(n99)  rnd11=11%(n110)  rnd12=84%(n97)  rnd13=46%(n94)  rnd14=60%(n113)  rnd15=0%(n92)  rnd16=53%(n107)  rnd17=77%(n96)  rnd18=75%(n106)  rnd19=83%(n101)  rnd2=4%(n100)  rnd20=80%(n109)  rnd21=68%(n76)  rnd22=75%(n118)  rnd23=1%(n107)  rnd24=82%(n106)  rnd25=64%(n86)  rnd26=67%(n98)  rnd27=1%(n94)  rnd28=89%(n100)  rnd29=88%(n111)  rnd3=0%(n107)  rnd4=97%(n111)  rnd5=62%(n99)  rnd6=94%(n80)  rnd7=76%(n103)  rnd8=0%(n93)  rnd9=79%(n85)
          └ 이동 분포: straight=68%  left=15%  right=17%
Ep 3100/15000 | R= -257.0 | Fuel=937.6mL | Wait= 442s | Steps=63.0 | Reach=78% | ε=0.050 | Loss=388.819 | t=6079s
          ├ 토폴로지 도달률(최근50): gangnam_clean_topology=84%
          ├ OD별 도달률(최근200): rnd0=62%(n119)  rnd1=54%(n87)  rnd10=73%(n100)  rnd11=12%(n112)  rnd12=84%(n101)  rnd13=49%(n100)  rnd14=61%(n115)  rnd15=0%(n99)  rnd16=54%(n109)  rnd17=78%(n99)  rnd18=76%(n109)  rnd19=84%(n104)  rnd2=8%(n105)  rnd20=81%(n114)  rnd21=70%(n80)  rnd22=75%(n119)  rnd23=1%(n109)  rnd24=83%(n114)  rnd25=65%(n88)  rnd26=68%(n101)  rnd27=1%(n95)  rnd28=89%(n103)  rnd29=89%(n114)  rnd3=0%(n111)  rnd4=97%(n116)  rnd5=62%(n101)  rnd6=94%(n83)  rnd7=76%(n106)  rnd8=0%(n99)  rnd9=78%(n88)
          └ 이동 분포: straight=67%  left=18%  right=15%
Ep 3200/15000 | R= -406.0 | Fuel=1002.2mL | Wait= 487s | Steps=68.1 | Reach=82% | ε=0.050 | Loss=367.626 | t=6176s
          ├ 토폴로지 도달률(최근50): gangnam_clean_topology=76%
          ├ OD별 도달률(최근200): rnd0=63%(n123)  rnd1=57%(n94)  rnd10=73%(n100)  rnd11=12%(n112)  rnd12=84%(n103)  rnd13=50%(n103)  rnd14=62%(n119)  rnd15=0%(n101)  rnd16=55%(n111)  rnd17=78%(n101)  rnd18=76%(n110)  rnd19=84%(n109)  rnd2=11%(n109)  rnd20=81%(n118)  rnd21=72%(n85)  rnd22=76%(n124)  rnd23=1%(n114)  rnd24=84%(n117)  rnd25=67%(n94)  rnd26=69%(n104)  rnd27=1%(n97)  rnd28=90%(n106)  rnd29=89%(n120)  rnd3=0%(n114)  rnd4=97%(n119)  rnd5=63%(n103)  rnd6=94%(n86)  rnd7=77%(n111)  rnd8=0%(n104)  rnd9=79%(n89)
          └ 이동 분포: straight=65%  left=18%  right=17%
Ep 3300/15000 | R=  -73.3 | Fuel=866.9mL | Wait= 398s | Steps=57.0 | Reach=82% | ε=0.050 | Loss=328.962 | t=6261s
          ├ 토폴로지 도달률(최근50): gangnam_clean_topology=78%
          ├ OD별 도달률(최근200): rnd0=65%(n129)  rnd1=59%(n97)  rnd10=75%(n107)  rnd11=15%(n115)  rnd12=85%(n107)  rnd13=51%(n105)  rnd14=63%(n121)  rnd15=0%(n107)  rnd16=56%(n114)  rnd17=80%(n109)  rnd18=77%(n114)  rnd19=85%(n114)  rnd2=13%(n111)  rnd20=82%(n120)  rnd21=72%(n86)  rnd22=77%(n128)  rnd23=1%(n117)  rnd24=84%(n120)  rnd25=68%(n98)  rnd26=70%(n107)  rnd27=1%(n99)  rnd28=90%(n110)  rnd29=89%(n121)  rnd3=0%(n117)  rnd4=97%(n121)  rnd5=63%(n104)  rnd6=94%(n89)  rnd7=78%(n112)  rnd8=0%(n108)  rnd9=80%(n93)
          └ 이동 분포: straight=69%  left=15%  right=16%
Ep 3400/15000 | R= -222.5 | Fuel=922.9mL | Wait= 413s | Steps=59.5 | Reach=85% | ε=0.050 | Loss=346.581 | t=6346s
          ├ 토폴로지 도달률(최근50): gangnam_clean_topology=84%
          ├ OD별 도달률(최근200): rnd0=65%(n130)  rnd1=60%(n100)  rnd10=75%(n107)  rnd11=16%(n116)  rnd12=86%(n113)  rnd13=52%(n107)  rnd14=63%(n123)  rnd15=0%(n112)  rnd16=58%(n118)  rnd17=81%(n113)  rnd18=78%(n118)  rnd19=85%(n117)  rnd2=17%(n117)  rnd20=82%(n125)  rnd21=73%(n90)  rnd22=78%(n134)  rnd23=1%(n119)  rnd24=84%(n121)  rnd25=70%(n102)  rnd26=71%(n109)  rnd27=1%(n102)  rnd28=90%(n114)  rnd29=89%(n121)  rnd3=0%(n119)  rnd4=97%(n127)  rnd5=64%(n106)  rnd6=95%(n95)  rnd7=79%(n119)  rnd8=0%(n111)  rnd9=80%(n95)
          └ 이동 분포: straight=68%  left=16%  right=16%
Ep 3500/15000 | R=  -61.5 | Fuel=883.4mL | Wait= 410s | Steps=57.7 | Reach=83% | ε=0.050 | Loss=315.496 | t=6433s
          ├ 토폴로지 도달률(최근50): gangnam_clean_topology=84%
          ├ OD별 도달률(최근200): rnd0=66%(n133)  rnd1=61%(n102)  rnd10=75%(n108)  rnd11=20%(n122)  rnd12=86%(n118)  rnd13=53%(n109)  rnd14=64%(n126)  rnd15=0%(n118)  rnd16=59%(n122)  rnd17=82%(n119)  rnd18=79%(n122)  rnd19=86%(n120)  rnd2=18%(n119)  rnd20=83%(n130)  rnd21=74%(n94)  rnd22=78%(n135)  rnd23=1%(n121)  rnd24=85%(n123)  rnd25=70%(n103)  rnd26=71%(n111)  rnd27=1%(n106)  rnd28=91%(n118)  rnd29=90%(n126)  rnd3=0%(n120)  rnd4=97%(n127)  rnd5=65%(n112)  rnd6=95%(n99)  rnd7=80%(n126)  rnd8=0%(n114)  rnd9=80%(n97)
          └ 이동 분포: straight=69%  left=16%  right=16%
Ep 3600/15000 | R= -133.9 | Fuel=817.1mL | Wait= 389s | Steps=54.6 | Reach=85% | ε=0.050 | Loss=317.328 | t=6516s
          ├ 토폴로지 도달률(최근50): gangnam_clean_topology=84%
          ├ OD별 도달률(최근200): rnd0=67%(n135)  rnd1=62%(n105)  rnd10=76%(n111)  rnd11=22%(n125)  rnd12=87%(n122)  rnd13=55%(n116)  rnd14=65%(n128)  rnd15=0%(n120)  rnd16=60%(n125)  rnd17=82%(n119)  rnd18=79%(n123)  rnd19=86%(n124)  rnd2=21%(n123)  rnd20=84%(n134)  rnd21=76%(n98)  rnd22=79%(n144)  rnd23=1%(n123)  rnd24=85%(n131)  rnd25=71%(n107)  rnd26=71%(n113)  rnd27=1%(n111)  rnd28=91%(n120)  rnd29=90%(n128)  rnd3=0%(n122)  rnd4=97%(n133)  rnd5=65%(n113)  rnd6=95%(n102)  rnd7=81%(n129)  rnd8=0%(n115)  rnd9=80%(n101)
          └ 이동 분포: straight=67%  left=18%  right=16%
Ep 3700/15000 | R=  -81.6 | Fuel=885.1mL | Wait= 380s | Steps=58.2 | Reach=86% | ε=0.050 | Loss=278.077 | t=6602s
          ├ 토폴로지 도달률(최근50): gangnam_clean_topology=88%
          ├ OD별 도달률(최근200): rnd0=68%(n139)  rnd1=63%(n107)  rnd10=76%(n113)  rnd11=24%(n129)  rnd12=87%(n127)  rnd13=56%(n119)  rnd14=66%(n132)  rnd15=0%(n123)  rnd16=61%(n129)  rnd17=82%(n120)  rnd18=79%(n123)  rnd19=87%(n128)  rnd2=24%(n127)  rnd20=84%(n137)  rnd21=76%(n100)  rnd22=80%(n149)  rnd23=1%(n126)  rnd24=86%(n136)  rnd25=72%(n110)  rnd26=72%(n116)  rnd27=1%(n114)  rnd28=91%(n126)  rnd29=90%(n133)  rnd3=0%(n124)  rnd4=97%(n136)  rnd5=66%(n115)  rnd6=95%(n106)  rnd7=81%(n132)  rnd8=0%(n118)  rnd9=81%(n106)
          └ 이동 분포: straight=68%  left=16%  right=16%
Ep 3800/15000 | R= -102.3 | Fuel=878.0mL | Wait= 415s | Steps=55.1 | Reach=78% | ε=0.050 | Loss=260.730 | t=6683s
          ├ 토폴로지 도달률(최근50): gangnam_clean_topology=84%
          ├ OD별 도달률(최근200): rnd0=68%(n139)  rnd1=63%(n109)  rnd10=76%(n114)  rnd11=26%(n133)  rnd12=88%(n131)  rnd13=57%(n120)  rnd14=66%(n133)  rnd15=0%(n127)  rnd16=62%(n130)  rnd17=83%(n127)  rnd18=79%(n126)  rnd19=87%(n133)  rnd2=25%(n130)  rnd20=84%(n139)  rnd21=77%(n103)  rnd22=80%(n153)  rnd23=1%(n137)  rnd24=86%(n139)  rnd25=73%(n115)  rnd26=73%(n121)  rnd27=1%(n115)  rnd28=92%(n130)  rnd29=90%(n135)  rnd3=0%(n127)  rnd4=97%(n138)  rnd5=68%(n120)  rnd6=96%(n113)  rnd7=81%(n135)  rnd8=0%(n121)  rnd9=81%(n107)
          └ 이동 분포: straight=70%  left=14%  right=16%
Ep 3900/15000 | R= -297.6 | Fuel=973.8mL | Wait= 459s | Steps=62.8 | Reach=75% | ε=0.050 | Loss=241.224 | t=6777s
          ├ 토폴로지 도달률(최근50): gangnam_clean_topology=80%
          ├ OD별 도달률(최근200): rnd0=68%(n141)  rnd1=65%(n113)  rnd10=76%(n119)  rnd11=27%(n136)  rnd12=88%(n134)  rnd13=57%(n122)  rnd14=66%(n134)  rnd15=0%(n134)  rnd16=63%(n135)  rnd17=83%(n128)  rnd18=80%(n130)  rnd19=87%(n134)  rnd2=26%(n131)  rnd20=85%(n145)  rnd21=78%(n107)  rnd22=81%(n156)  rnd23=1%(n139)  rnd24=87%(n142)  rnd25=74%(n118)  rnd26=73%(n126)  rnd27=1%(n117)  rnd28=92%(n133)  rnd29=91%(n141)  rnd3=0%(n134)  rnd4=97%(n140)  rnd5=68%(n121)  rnd6=96%(n118)  rnd7=82%(n138)  rnd8=0%(n126)  rnd9=81%(n108)
          └ 이동 분포: straight=67%  left=16%  right=17%
Ep 4000/15000 | R= -537.9 | Fuel=1084.3mL | Wait= 498s | Steps=70.0 | Reach=75% | ε=0.050 | Loss=249.080 | t=6877s
          ├ 토폴로지 도달률(최근50): gangnam_clean_topology=68%
          ├ OD별 도달률(최근200): rnd0=69%(n143)  rnd1=66%(n116)  rnd10=77%(n124)  rnd11=29%(n139)  rnd12=88%(n135)  rnd13=59%(n128)  rnd14=67%(n138)  rnd15=0%(n138)  rnd16=64%(n137)  rnd17=83%(n133)  rnd18=80%(n133)  rnd19=87%(n135)  rnd2=28%(n134)  rnd20=85%(n148)  rnd21=78%(n110)  rnd22=81%(n158)  rnd23=1%(n143)  rnd24=87%(n147)  rnd25=74%(n120)  rnd26=72%(n127)  rnd27=1%(n123)  rnd28=92%(n135)  rnd29=91%(n143)  rnd3=0%(n137)  rnd4=97%(n142)  rnd5=69%(n124)  rnd6=96%(n122)  rnd7=82%(n146)  rnd8=0%(n130)  rnd9=82%(n112)
          └ 이동 분포: straight=65%  left=19%  right=17%
Ep 4100/15000 | R= -117.3 | Fuel=897.3mL | Wait= 407s | Steps=59.3 | Reach=79% | ε=0.050 | Loss=205.052 | t=6962s
          ├ 토폴로지 도달률(최근50): gangnam_clean_topology=76%
          ├ OD별 도달률(최근200): rnd0=69%(n146)  rnd1=66%(n117)  rnd10=78%(n125)  rnd11=30%(n141)  rnd12=89%(n141)  rnd13=60%(n131)  rnd14=68%(n142)  rnd15=0%(n139)  rnd16=65%(n141)  rnd17=84%(n134)  rnd18=81%(n135)  rnd19=88%(n137)  rnd2=30%(n139)  rnd20=86%(n153)  rnd21=79%(n115)  rnd22=82%(n163)  rnd23=1%(n147)  rnd24=87%(n151)  rnd25=75%(n122)  rnd26=73%(n128)  rnd27=1%(n128)  rnd28=92%(n138)  rnd29=91%(n144)  rnd3=0%(n140)  rnd4=97%(n144)  rnd5=69%(n126)  rnd6=96%(n130)  rnd7=82%(n147)  rnd8=0%(n138)  rnd9=83%(n118)
          └ 이동 분포: straight=68%  left=16%  right=16%
Ep 4200/15000 | R=  -49.3 | Fuel=856.4mL | Wait= 381s | Steps=56.3 | Reach=84% | ε=0.050 | Loss=188.672 | t=7044s
          ├ 토폴로지 도달률(최근50): gangnam_clean_topology=88%
          ├ OD별 도달률(최근200): rnd0=70%(n150)  rnd1=67%(n120)  rnd10=78%(n127)  rnd11=31%(n144)  rnd12=89%(n143)  rnd13=60%(n132)  rnd14=69%(n144)  rnd15=0%(n141)  rnd16=66%(n147)  rnd17=84%(n136)  rnd18=81%(n138)  rnd19=88%(n143)  rnd2=32%(n142)  rnd20=86%(n153)  rnd21=79%(n117)  rnd22=82%(n168)  rnd23=1%(n149)  rnd24=88%(n154)  rnd25=75%(n124)  rnd26=73%(n132)  rnd27=1%(n132)  rnd28=92%(n144)  rnd29=91%(n145)  rnd3=0%(n143)  rnd4=97%(n148)  rnd5=70%(n130)  rnd6=96%(n137)  rnd7=82%(n151)  rnd8=0%(n143)  rnd9=84%(n123)
          └ 이동 분포: straight=69%  left=15%  right=15%
Ep 4300/15000 | R=  -21.7 | Fuel=881.0mL | Wait= 404s | Steps=57.1 | Reach=80% | ε=0.050 | Loss=184.798 | t=7129s
          ├ 토폴로지 도달률(최근50): gangnam_clean_topology=78%
          ├ OD별 도달률(최근200): rnd0=71%(n154)  rnd1=67%(n121)  rnd10=79%(n133)  rnd11=32%(n146)  rnd12=89%(n144)  rnd13=61%(n137)  rnd14=70%(n148)  rnd15=0%(n144)  rnd16=66%(n149)  rnd17=84%(n140)  rnd18=81%(n138)  rnd19=89%(n149)  rnd2=33%(n147)  rnd20=86%(n156)  rnd21=80%(n120)  rnd22=82%(n170)  rnd23=1%(n150)  rnd24=88%(n158)  rnd25=75%(n126)  rnd26=74%(n134)  rnd27=1%(n135)  rnd28=92%(n145)  rnd29=91%(n148)  rnd3=0%(n149)  rnd4=97%(n150)  rnd5=70%(n132)  rnd6=96%(n142)  rnd7=82%(n154)  rnd8=0%(n149)  rnd9=85%(n132)
          └ 이동 분포: straight=69%  left=15%  right=16%
Ep 4400/15000 | R=  -23.7 | Fuel=888.5mL | Wait= 381s | Steps=57.5 | Reach=81% | ε=0.050 | Loss=176.626 | t=7217s
          ├ 토폴로지 도달률(최근50): gangnam_clean_topology=76%
          ├ OD별 도달률(최근200): rnd0=72%(n158)  rnd1=67%(n121)  rnd10=79%(n133)  rnd11=34%(n149)  rnd12=89%(n148)  rnd13=62%(n138)  rnd14=70%(n152)  rnd15=0%(n148)  rnd16=67%(n153)  rnd17=85%(n142)  rnd18=82%(n142)  rnd19=89%(n154)  rnd2=35%(n150)  rnd20=86%(n160)  rnd21=81%(n125)  rnd22=83%(n172)  rnd23=1%(n153)  rnd24=88%(n160)  rnd25=77%(n132)  rnd26=74%(n137)  rnd27=1%(n139)  rnd28=93%(n147)  rnd29=91%(n151)  rnd3=0%(n154)  rnd4=97%(n152)  rnd5=72%(n137)  rnd6=97%(n144)  rnd7=83%(n161)  rnd8=0%(n152)  rnd9=85%(n136)
          └ 이동 분포: straight=70%  left=15%  right=15%
Ep 4500/15000 | R=  -76.7 | Fuel=880.2mL | Wait= 399s | Steps=58.8 | Reach=83% | ε=0.050 | Loss=156.463 | t=7303s
          ├ 토폴로지 도달률(최근50): gangnam_clean_topology=82%
          ├ OD별 도달률(최근200): rnd0=72%(n160)  rnd1=67%(n121)  rnd10=79%(n133)  rnd11=35%(n152)  rnd12=90%(n153)  rnd13=63%(n142)  rnd14=71%(n156)  rnd15=0%(n152)  rnd16=68%(n156)  rnd17=85%(n147)  rnd18=82%(n145)  rnd19=89%(n160)  rnd2=36%(n154)  rnd20=87%(n163)  rnd21=81%(n125)  rnd22=83%(n177)  rnd23=1%(n156)  rnd24=88%(n161)  rnd25=77%(n135)  rnd26=74%(n137)  rnd27=1%(n142)  rnd28=93%(n153)  rnd29=92%(n155)  rnd3=0%(n155)  rnd4=97%(n158)  rnd5=73%(n143)  rnd6=97%(n147)  rnd7=84%(n166)  rnd8=0%(n158)  rnd9=86%(n138)
          └ 이동 분포: straight=68%  left=16%  right=16%
Ep 4600/15000 | R=  -25.6 | Fuel=885.6mL | Wait= 405s | Steps=56.0 | Reach=81% | ε=0.050 | Loss=151.907 | t=7385s
          ├ 토폴로지 도달률(최근50): gangnam_clean_topology=78%
          ├ OD별 도달률(최근200): rnd0=72%(n161)  rnd1=69%(n128)  rnd10=80%(n137)  rnd11=36%(n154)  rnd12=90%(n156)  rnd13=64%(n146)  rnd14=72%(n158)  rnd15=0%(n158)  rnd16=69%(n159)  rnd17=86%(n153)  rnd18=82%(n148)  rnd19=89%(n161)  rnd2=38%(n157)  rnd20=87%(n164)  rnd21=81%(n129)  rnd22=84%(n183)  rnd23=1%(n159)  rnd24=88%(n164)  rnd25=77%(n137)  rnd26=75%(n142)  rnd27=1%(n143)  rnd28=93%(n157)  rnd29=92%(n157)  rnd3=0%(n160)  rnd4=98%(n161)  rnd5=73%(n145)  rnd6=97%(n151)  rnd7=84%(n169)  rnd8=0%(n163)  rnd9=86%(n140)
          └ 이동 분포: straight=68%  left=16%  right=16%
Ep 4700/15000 | R= -109.9 | Fuel=929.0mL | Wait= 418s | Steps=61.8 | Reach=81% | ε=0.050 | Loss=132.859 | t=7480s
          ├ 토폴로지 도달률(최근50): gangnam_clean_topology=80%
          ├ OD별 도달률(최근200): rnd0=73%(n164)  rnd1=70%(n132)  rnd10=80%(n142)  rnd11=37%(n158)  rnd12=90%(n158)  rnd13=64%(n148)  rnd14=72%(n162)  rnd15=0%(n162)  rnd16=69%(n163)  rnd17=86%(n156)  rnd18=83%(n153)  rnd19=90%(n166)  rnd2=40%(n163)  rnd20=87%(n166)  rnd21=82%(n132)  rnd22=84%(n188)  rnd23=1%(n166)  rnd24=89%(n166)  rnd25=78%(n141)  rnd26=76%(n147)  rnd27=1%(n144)  rnd28=93%(n157)  rnd29=92%(n158)  rnd3=0%(n161)  rnd4=98%(n163)  rnd5=74%(n148)  rnd6=97%(n154)  rnd7=84%(n172)  rnd8=0%(n167)  rnd9=86%(n143)
          └ 이동 분포: straight=68%  left=16%  right=16%
Ep 4800/15000 | R=   -1.3 | Fuel=838.3mL | Wait= 337s | Steps=55.1 | Reach=84% | ε=0.050 | Loss=138.111 | t=7564s
          ├ 토폴로지 도달률(최근50): gangnam_clean_topology=84%
          ├ OD별 도달률(최근200): rnd0=73%(n168)  rnd1=70%(n133)  rnd10=81%(n148)  rnd11=39%(n164)  rnd12=90%(n160)  rnd13=65%(n150)  rnd14=73%(n165)  rnd15=0%(n164)  rnd16=69%(n167)  rnd17=86%(n158)  rnd18=83%(n155)  rnd19=90%(n171)  rnd2=41%(n165)  rnd20=87%(n172)  rnd21=82%(n134)  rnd22=84%(n192)  rnd23=2%(n173)  rnd24=89%(n170)  rnd25=78%(n143)  rnd26=77%(n151)  rnd27=2%(n149)  rnd28=93%(n161)  rnd29=92%(n161)  rnd3=0%(n164)  rnd4=98%(n164)  rnd5=75%(n153)  rnd6=97%(n158)  rnd7=84%(n174)  rnd8=0%(n168)  rnd9=86%(n145)
          └ 이동 분포: straight=67%  left=18%  right=15%
Ep 4900/15000 | R=  -75.2 | Fuel=853.1mL | Wait= 370s | Steps=56.5 | Reach=81% | ε=0.050 | Loss=130.264 | t=7648s
          ├ 토폴로지 도달률(최근50): gangnam_clean_topology=74%
          ├ OD별 도달률(최근200): rnd0=74%(n171)  rnd1=70%(n135)  rnd10=82%(n152)  rnd11=40%(n167)  rnd12=90%(n163)  rnd13=65%(n153)  rnd14=73%(n169)  rnd15=0%(n167)  rnd16=70%(n169)  rnd17=87%(n166)  rnd18=84%(n158)  rnd19=90%(n171)  rnd2=42%(n170)  rnd20=88%(n176)  rnd21=82%(n137)  rnd22=85%(n195)  rnd23=2%(n177)  rnd24=89%(n173)  rnd25=79%(n146)  rnd26=77%(n155)  rnd27=2%(n155)  rnd28=93%(n164)  rnd29=92%(n165)  rnd3=0%(n166)  rnd4=98%(n166)  rnd5=75%(n155)  rnd6=97%(n162)  rnd7=85%(n177)  rnd8=0%(n172)  rnd9=86%(n148)
          └ 이동 분포: straight=69%  left=15%  right=16%
Ep 5000/15000 | R= -673.6 | Fuel=1201.9mL | Wait= 560s | Steps=79.6 | Reach=80% | ε=0.050 | Loss=152.416 | t=7762s
          ├ 토폴로지 도달률(최근50): gangnam_clean_topology=78%
          ├ OD별 도달률(최근200): rnd0=74%(n173)  rnd1=71%(n136)  rnd10=82%(n157)  rnd11=42%(n171)  rnd12=90%(n165)  rnd13=66%(n156)  rnd14=74%(n171)  rnd15=0%(n171)  rnd16=70%(n171)  rnd17=87%(n170)  rnd18=84%(n159)  rnd19=90%(n174)  rnd2=44%(n175)  rnd20=88%(n178)  rnd21=83%(n142)  rnd22=86%(n200)  rnd23=2%(n179)  rnd24=89%(n177)  rnd25=79%(n149)  rnd26=78%(n160)  rnd27=2%(n158)  rnd28=94%(n170)  rnd29=92%(n166)  rnd3=1%(n173)  rnd4=98%(n170)  rnd5=75%(n157)  rnd6=97%(n163)  rnd7=85%(n183)  rnd8=0%(n176)  rnd9=86%(n148)
          └ 이동 분포: straight=62%  left=20%  right=18%
  [체크포인트] model_rl_base_ep5000.pth
Ep 5100/15000 | R= -472.5 | Fuel=1109.5mL | Wait= 527s | Steps=74.6 | Reach=83% | ε=0.050 | Loss=157.544 | t=7869s
          ├ 토폴로지 도달률(최근50): gangnam_clean_topology=84%
          ├ OD별 도달률(최근200): rnd0=75%(n179)  rnd1=71%(n138)  rnd10=82%(n158)  rnd11=42%(n171)  rnd12=91%(n171)  rnd13=66%(n159)  rnd14=74%(n175)  rnd15=0%(n176)  rnd16=72%(n181)  rnd17=87%(n173)  rnd18=84%(n161)  rnd19=90%(n175)  rnd2=45%(n182)  rnd20=88%(n180)  rnd21=84%(n147)  rnd22=88%(n200)  rnd23=3%(n180)  rnd24=89%(n180)  rnd25=79%(n151)  rnd26=79%(n164)  rnd27=2%(n160)  rnd28=94%(n172)  rnd29=92%(n171)  rnd3=1%(n175)  rnd4=98%(n172)  rnd5=75%(n158)  rnd6=97%(n169)  rnd7=85%(n186)  rnd8=0%(n181)  rnd9=87%(n149)
          └ 이동 분포: straight=63%  left=17%  right=20%
Ep 5200/15000 | R=  -86.1 | Fuel=952.3mL | Wait= 388s | Steps=62.4 | Reach=86% | ε=0.050 | Loss=162.581 | t=7960s
          ├ 토폴로지 도달률(최근50): gangnam_clean_topology=90%
          ├ OD별 도달률(최근200): rnd0=76%(n184)  rnd1=71%(n139)  rnd10=82%(n165)  rnd11=43%(n174)  rnd12=91%(n173)  rnd13=67%(n166)  rnd14=75%(n178)  rnd15=0%(n180)  rnd16=72%(n182)  rnd17=87%(n174)  rnd18=84%(n164)  rnd19=90%(n177)  rnd2=47%(n188)  rnd20=88%(n181)  rnd21=84%(n154)  rnd22=90%(n200)  rnd23=5%(n185)  rnd24=90%(n186)  rnd25=80%(n152)  rnd26=80%(n171)  rnd27=2%(n163)  rnd28=94%(n174)  rnd29=92%(n173)  rnd3=1%(n178)  rnd4=98%(n173)  rnd5=76%(n160)  rnd6=97%(n171)  rnd7=85%(n186)  rnd8=1%(n185)  rnd9=87%(n152)
          └ 이동 분포: straight=67%  left=15%  right=18%
Ep 5300/15000 | R= -187.6 | Fuel=1007.3mL | Wait= 403s | Steps=68.2 | Reach=88% | ε=0.050 | Loss=154.873 | t=8057s
          ├ 토폴로지 도달률(최근50): gangnam_clean_topology=84%
          ├ OD별 도달률(최근200): rnd0=76%(n188)  rnd1=72%(n141)  rnd10=83%(n170)  rnd11=43%(n176)  rnd12=91%(n174)  rnd13=68%(n169)  rnd14=75%(n181)  rnd15=0%(n183)  rnd16=73%(n186)  rnd17=88%(n177)  rnd18=85%(n170)  rnd19=90%(n180)  rnd2=48%(n193)  rnd20=88%(n183)  rnd21=85%(n159)  rnd22=90%(n200)  rnd23=6%(n188)  rnd24=90%(n187)  rnd25=80%(n154)  rnd26=80%(n175)  rnd27=2%(n167)  rnd28=94%(n175)  rnd29=93%(n178)  rnd3=2%(n180)  rnd4=97%(n179)  rnd5=76%(n162)  rnd6=97%(n172)  rnd7=85%(n188)  rnd8=2%(n191)  rnd9=88%(n160)
          └ 이동 분포: straight=64%  left=19%  right=17%
Ep 5400/15000 | R=  -37.3 | Fuel=913.2mL | Wait= 388s | Steps=60.7 | Reach=91% | ε=0.050 | Loss=154.886 | t=8140s
          ├ 토폴로지 도달률(최근50): gangnam_clean_topology=88%
          ├ OD별 도달률(최근200): rnd0=76%(n191)  rnd1=72%(n144)  rnd10=83%(n170)  rnd11=44%(n179)  rnd12=91%(n177)  rnd13=69%(n172)  rnd14=76%(n184)  rnd15=0%(n184)  rnd16=73%(n191)  rnd17=88%(n179)  rnd18=85%(n174)  rnd19=90%(n183)  rnd2=49%(n196)  rnd20=88%(n187)  rnd21=85%(n162)  rnd22=92%(n200)  rnd23=7%(n192)  rnd24=90%(n192)  rnd25=81%(n159)  rnd26=81%(n181)  rnd27=2%(n167)  rnd28=94%(n179)  rnd29=93%(n183)  rnd3=2%(n184)  rnd4=97%(n181)  rnd5=77%(n168)  rnd6=97%(n175)  rnd7=85%(n190)  rnd8=3%(n195)  rnd9=88%(n164)
          └ 이동 분포: straight=65%  left=19%  right=16%
Ep 5500/15000 | R=   56.2 | Fuel=863.7mL | Wait= 365s | Steps=57.3 | Reach=93% | ε=0.050 | Loss=175.027 | t=8223s
          ├ 토폴로지 도달률(최근50): gangnam_clean_topology=92%
          ├ OD별 도달률(최근200): rnd0=77%(n199)  rnd1=73%(n146)  rnd10=83%(n174)  rnd11=45%(n182)  rnd12=91%(n179)  rnd13=70%(n178)  rnd14=76%(n186)  rnd15=0%(n186)  rnd16=74%(n193)  rnd17=88%(n182)  rnd18=85%(n176)  rnd19=90%(n189)  rnd2=50%(n199)  rnd20=89%(n192)  rnd21=85%(n163)  rnd22=94%(n200)  rnd23=8%(n194)  rnd24=90%(n195)  rnd25=81%(n162)  rnd26=81%(n186)  rnd27=2%(n169)  rnd28=94%(n183)  rnd29=93%(n184)  rnd3=2%(n186)  rnd4=97%(n182)  rnd5=77%(n172)  rnd6=97%(n180)  rnd7=86%(n195)  rnd8=4%(n200)  rnd9=88%(n165)
          └ 이동 분포: straight=68%  left=16%  right=16%
Ep 5600/15000 | R=  -92.9 | Fuel=898.5mL | Wait= 395s | Steps=60.8 | Reach=85% | ε=0.050 | Loss=183.892 | t=8311s
          ├ 토폴로지 도달률(최근50): gangnam_clean_topology=90%
          ├ OD별 도달률(최근200): rnd0=78%(n200)  rnd1=73%(n147)  rnd10=84%(n176)  rnd11=46%(n185)  rnd12=91%(n185)  rnd13=71%(n185)  rnd14=76%(n187)  rnd15=0%(n188)  rnd16=74%(n195)  rnd17=88%(n183)  rnd18=86%(n182)  rnd19=91%(n193)  rnd2=51%(n200)  rnd20=89%(n193)  rnd21=86%(n168)  rnd22=94%(n200)  rnd23=9%(n198)  rnd24=90%(n199)  rnd25=81%(n163)  rnd26=82%(n191)  rnd27=2%(n174)  rnd28=94%(n184)  rnd29=93%(n185)  rnd3=2%(n189)  rnd4=97%(n187)  rnd5=78%(n175)  rnd6=97%(n183)  rnd7=87%(n200)  rnd8=6%(n200)  rnd9=88%(n170)
          └ 이동 분포: straight=62%  left=22%  right=16%
Ep 5700/15000 | R=   17.3 | Fuel=856.5mL | Wait= 354s | Steps=56.9 | Reach=84% | ε=0.050 | Loss=179.875 | t=8392s
          ├ 토폴로지 도달률(최근50): gangnam_clean_topology=82%
          ├ OD별 도달률(최근200): rnd0=79%(n200)  rnd1=73%(n150)  rnd10=84%(n180)  rnd11=46%(n188)  rnd12=92%(n189)  rnd13=72%(n191)  rnd14=76%(n189)  rnd15=0%(n194)  rnd16=74%(n196)  rnd17=88%(n191)  rnd18=86%(n183)  rnd19=91%(n194)  rnd2=53%(n200)  rnd20=89%(n196)  rnd21=86%(n171)  rnd22=94%(n200)  rnd23=10%(n200)  rnd24=90%(n200)  rnd25=82%(n168)  rnd26=82%(n193)  rnd27=2%(n176)  rnd28=94%(n187)  rnd29=93%(n188)  rnd3=2%(n195)  rnd4=97%(n193)  rnd5=78%(n178)  rnd6=97%(n186)  rnd7=88%(n200)  rnd8=8%(n200)  rnd9=88%(n171)
          └ 이동 분포: straight=67%  left=17%  right=16%
Ep 5800/15000 | R=   47.1 | Fuel=865.7mL | Wait= 358s | Steps=55.9 | Reach=92% | ε=0.050 | Loss=172.478 | t=8473s
          ├ 토폴로지 도달률(최근50): gangnam_clean_topology=92%
          ├ OD별 도달률(최근200): rnd0=80%(n200)  rnd1=74%(n153)  rnd10=84%(n185)  rnd11=47%(n191)  rnd12=92%(n193)  rnd13=72%(n193)  rnd14=77%(n192)  rnd15=0%(n196)  rnd16=75%(n200)  rnd17=89%(n193)  rnd18=86%(n188)  rnd19=91%(n199)  rnd2=55%(n200)  rnd20=89%(n197)  rnd21=86%(n173)  rnd22=95%(n200)  rnd23=10%(n200)  rnd24=92%(n200)  rnd25=82%(n170)  rnd26=82%(n196)  rnd27=2%(n178)  rnd28=94%(n194)  rnd29=93%(n190)  rnd3=3%(n199)  rnd4=97%(n199)  rnd5=78%(n181)  rnd6=97%(n191)  rnd7=89%(n200)  rnd8=8%(n200)  rnd9=88%(n173)
          └ 이동 분포: straight=66%  left=16%  right=18%
Ep 5900/15000 | R=   85.7 | Fuel=789.1mL | Wait= 344s | Steps=53.4 | Reach=88% | ε=0.050 | Loss=167.059 | t=8545s
          ├ 토폴로지 도달률(최근50): gangnam_clean_topology=94%
          ├ OD별 도달률(최근200): rnd0=82%(n200)  rnd1=74%(n154)  rnd10=85%(n189)  rnd11=48%(n193)  rnd12=92%(n197)  rnd13=72%(n195)  rnd14=77%(n194)  rnd15=0%(n200)  rnd16=78%(n200)  rnd17=89%(n196)  rnd18=86%(n190)  rnd19=93%(n200)  rnd2=56%(n200)  rnd20=89%(n199)  rnd21=86%(n176)  rnd22=98%(n200)  rnd23=10%(n200)  rnd24=94%(n200)  rnd25=82%(n172)  rnd26=82%(n200)  rnd27=3%(n183)  rnd28=94%(n197)  rnd29=93%(n196)  rnd3=2%(n200)  rnd4=97%(n199)  rnd5=79%(n185)  rnd6=97%(n198)  rnd7=90%(n200)  rnd8=9%(n200)  rnd9=89%(n177)
          └ 이동 분포: straight=64%  left=20%  right=16%
Ep 6000/15000 | R=   62.6 | Fuel=856.8mL | Wait= 350s | Steps=56.2 | Reach=91% | ε=0.050 | Loss=170.734 | t=8623s
          ├ 토폴로지 도달률(최근50): gangnam_clean_topology=90%
          ├ OD별 도달률(최근200): rnd0=84%(n200)  rnd1=75%(n159)  rnd10=85%(n192)  rnd11=49%(n198)  rnd12=92%(n200)  rnd13=73%(n198)  rnd14=77%(n197)  rnd15=0%(n200)  rnd16=80%(n200)  rnd17=89%(n198)  rnd18=86%(n196)  rnd19=94%(n200)  rnd2=56%(n200)  rnd20=90%(n200)  rnd21=86%(n177)  rnd22=100%(n200)  rnd23=12%(n200)  rnd24=94%(n200)  rnd25=82%(n175)  rnd26=85%(n200)  rnd27=3%(n184)  rnd28=94%(n199)  rnd29=93%(n200)  rnd3=3%(n200)  rnd4=98%(n200)  rnd5=79%(n190)  rnd6=98%(n200)  rnd7=90%(n200)  rnd8=10%(n200)  rnd9=89%(n182)
          └ 이동 분포: straight=67%  left=16%  right=17%
Ep 6100/15000 | R=  110.9 | Fuel=857.1mL | Wait= 353s | Steps=56.2 | Reach=94% | ε=0.050 | Loss=155.595 | t=8707s
          ├ 토폴로지 도달률(최근50): gangnam_clean_topology=92%
          ├ OD별 도달률(최근200): rnd0=85%(n200)  rnd1=75%(n161)  rnd10=85%(n198)  rnd11=51%(n200)  rnd12=93%(n200)  rnd13=74%(n200)  rnd14=77%(n199)  rnd15=0%(n200)  rnd16=82%(n200)  rnd17=89%(n200)  rnd18=87%(n200)  rnd19=97%(n200)  rnd2=57%(n200)  rnd20=92%(n200)  rnd21=87%(n181)  rnd22=100%(n200)  rnd23=13%(n200)  rnd24=96%(n200)  rnd25=83%(n178)  rnd26=86%(n200)  rnd27=3%(n186)  rnd28=96%(n200)  rnd29=94%(n200)  rnd3=4%(n200)  rnd4=98%(n200)  rnd5=79%(n193)  rnd6=98%(n200)  rnd7=94%(n200)  rnd8=13%(n200)  rnd9=89%(n184)
          └ 이동 분포: straight=69%  left=15%  right=16%
Ep 6200/15000 | R= -134.9 | Fuel=1003.3mL | Wait= 425s | Steps=70.0 | Reach=89% | ε=0.050 | Loss=157.297 | t=8803s
          ├ 토폴로지 도달률(최근50): gangnam_clean_topology=84%
          ├ OD별 도달률(최근200): rnd0=86%(n200)  rnd1=76%(n164)  rnd10=88%(n200)  rnd11=52%(n200)  rnd12=94%(n200)  rnd13=74%(n200)  rnd14=79%(n200)  rnd15=0%(n200)  rnd16=86%(n200)  rnd17=90%(n200)  rnd18=90%(n200)  rnd19=98%(n200)  rnd2=58%(n200)  rnd20=94%(n200)  rnd21=87%(n185)  rnd22=100%(n200)  rnd23=16%(n200)  rnd24=96%(n200)  rnd25=83%(n181)  rnd26=88%(n200)  rnd27=3%(n189)  rnd28=96%(n200)  rnd29=96%(n200)  rnd3=4%(n200)  rnd4=98%(n200)  rnd5=80%(n197)  rnd6=98%(n200)  rnd7=94%(n200)  rnd8=16%(n200)  rnd9=89%(n188)
          └ 이동 분포: straight=63%  left=20%  right=16%
Ep 6300/15000 | R=   42.6 | Fuel=822.8mL | Wait= 322s | Steps=56.2 | Reach=90% | ε=0.050 | Loss=143.440 | t=8886s
          ├ 토폴로지 도달률(최근50): gangnam_clean_topology=94%
          ├ OD별 도달률(최근200): rnd0=89%(n200)  rnd1=76%(n170)  rnd10=90%(n200)  rnd11=54%(n200)  rnd12=94%(n200)  rnd13=76%(n200)  rnd14=80%(n200)  rnd15=0%(n200)  rnd16=88%(n200)  rnd17=90%(n200)  rnd18=92%(n200)  rnd19=98%(n200)  rnd2=60%(n200)  rnd20=96%(n200)  rnd21=87%(n187)  rnd22=100%(n200)  rnd23=18%(n200)  rnd24=96%(n200)  rnd25=83%(n184)  rnd26=90%(n200)  rnd27=3%(n194)  rnd28=97%(n200)  rnd29=97%(n200)  rnd3=4%(n200)  rnd4=98%(n200)  rnd5=80%(n200)  rnd6=98%(n200)  rnd7=96%(n200)  rnd8=16%(n200)  rnd9=90%(n191)
          └ 이동 분포: straight=65%  left=16%  right=19%
Ep 6400/15000 | R=  182.0 | Fuel=714.1mL | Wait= 290s | Steps=49.8 | Reach=92% | ε=0.050 | Loss=135.843 | t=8955s
          ├ 토폴로지 도달률(최근50): gangnam_clean_topology=96%
          ├ OD별 도달률(최근200): rnd0=90%(n200)  rnd1=77%(n172)  rnd10=90%(n200)  rnd11=54%(n200)  rnd12=96%(n200)  rnd13=79%(n200)  rnd14=82%(n200)  rnd15=0%(n200)  rnd16=90%(n200)  rnd17=93%(n200)  rnd18=94%(n200)  rnd19=98%(n200)  rnd2=61%(n200)  rnd20=97%(n200)  rnd21=88%(n193)  rnd22=100%(n200)  rnd23=18%(n200)  rnd24=98%(n200)  rnd25=83%(n186)  rnd26=90%(n200)  rnd27=3%(n197)  rnd28=98%(n200)  rnd29=98%(n200)  rnd3=4%(n200)  rnd4=98%(n200)  rnd5=82%(n200)  rnd6=99%(n200)  rnd7=96%(n200)  rnd8=18%(n200)  rnd9=90%(n192)
          └ 이동 분포: straight=67%  left=18%  right=15%
Ep 6500/15000 | R=   68.0 | Fuel=901.1mL | Wait= 334s | Steps=61.2 | Reach=94% | ε=0.050 | Loss=121.819 | t=9046s
          ├ 토폴로지 도달률(최근50): gangnam_clean_topology=96%
          ├ OD별 도달률(최근200): rnd0=92%(n200)  rnd1=77%(n175)  rnd10=91%(n200)  rnd11=56%(n200)  rnd12=96%(n200)  rnd13=81%(n200)  rnd14=85%(n200)  rnd15=0%(n200)  rnd16=92%(n200)  rnd17=94%(n200)  rnd18=95%(n200)  rnd19=98%(n200)  rnd2=63%(n200)  rnd20=98%(n200)  rnd21=88%(n195)  rnd22=100%(n200)  rnd23=19%(n200)  rnd24=99%(n200)  rnd25=84%(n188)  rnd26=90%(n200)  rnd27=3%(n198)  rnd28=98%(n200)  rnd29=99%(n200)  rnd3=5%(n200)  rnd4=98%(n200)  rnd5=84%(n200)  rnd6=100%(n200)  rnd7=98%(n200)  rnd8=19%(n200)  rnd9=90%(n194)
          └ 이동 분포: straight=64%  left=19%  right=17%
Ep 6600/15000 | R=   74.6 | Fuel=875.7mL | Wait= 359s | Steps=55.8 | Reach=95% | ε=0.050 | Loss=127.348 | t=9126s
          ├ 토폴로지 도달률(최근50): gangnam_clean_topology=98%
          ├ OD별 도달률(최근200): rnd0=94%(n200)  rnd1=77%(n177)  rnd10=92%(n200)  rnd11=56%(n200)  rnd12=98%(n200)  rnd13=81%(n200)  rnd14=86%(n200)  rnd15=0%(n200)  rnd16=93%(n200)  rnd17=96%(n200)  rnd18=97%(n200)  rnd19=98%(n200)  rnd2=65%(n200)  rnd20=98%(n200)  rnd21=90%(n200)  rnd22=100%(n200)  rnd23=20%(n200)  rnd24=99%(n200)  rnd25=84%(n191)  rnd26=92%(n200)  rnd27=4%(n200)  rnd28=98%(n200)  rnd29=99%(n200)  rnd3=6%(n200)  rnd4=98%(n200)  rnd5=86%(n200)  rnd6=100%(n200)  rnd7=98%(n200)  rnd8=20%(n200)  rnd9=92%(n200)
          └ 이동 분포: straight=65%  left=18%  right=18%
Ep 6700/15000 | R=  -45.0 | Fuel=960.9mL | Wait= 380s | Steps=62.4 | Reach=91% | ε=0.050 | Loss=104.768 | t=9222s
          ├ 토폴로지 도달률(최근50): gangnam_clean_topology=94%
          ├ OD별 도달률(최근200): rnd0=94%(n200)  rnd1=78%(n182)  rnd10=92%(n200)  rnd11=58%(n200)  rnd12=98%(n200)  rnd13=82%(n200)  rnd14=88%(n200)  rnd15=0%(n200)  rnd16=96%(n200)  rnd17=96%(n200)  rnd18=98%(n200)  rnd19=98%(n200)  rnd2=68%(n200)  rnd20=98%(n200)  rnd21=91%(n200)  rnd22=100%(n200)  rnd23=22%(n200)  rnd24=100%(n200)  rnd25=84%(n194)  rnd26=92%(n200)  rnd27=4%(n200)  rnd28=99%(n200)  rnd29=99%(n200)  rnd3=7%(n200)  rnd4=98%(n200)  rnd5=88%(n200)  rnd6=100%(n200)  rnd7=98%(n200)  rnd8=21%(n200)  rnd9=92%(n200)
          └ 이동 분포: straight=66%  left=17%  right=17%
Ep 6800/15000 | R=  180.2 | Fuel=823.3mL | Wait= 334s | Steps=53.7 | Reach=95% | ε=0.050 | Loss=103.676 | t=9301s
          ├ 토폴로지 도달률(최근50): gangnam_clean_topology=98%
          ├ OD별 도달률(최근200): rnd0=94%(n200)  rnd1=78%(n184)  rnd10=94%(n200)  rnd11=60%(n200)  rnd12=98%(n200)  rnd13=84%(n200)  rnd14=88%(n200)  rnd15=0%(n200)  rnd16=97%(n200)  rnd17=97%(n200)  rnd18=98%(n200)  rnd19=98%(n200)  rnd2=70%(n200)  rnd20=99%(n200)  rnd21=94%(n200)  rnd22=100%(n200)  rnd23=24%(n200)  rnd24=100%(n200)  rnd25=84%(n196)  rnd26=92%(n200)  rnd27=5%(n200)  rnd28=100%(n200)  rnd29=99%(n200)  rnd3=9%(n200)  rnd4=98%(n200)  rnd5=88%(n200)  rnd6=100%(n200)  rnd7=98%(n200)  rnd8=22%(n200)  rnd9=93%(n200)
          └ 이동 분포: straight=70%  left=15%  right=15%
Ep 6900/15000 | R=  134.3 | Fuel=871.5mL | Wait= 346s | Steps=56.4 | Reach=97% | ε=0.050 | Loss=104.019 | t=9386s
          ├ 토폴로지 도달률(최근50): gangnam_clean_topology=98%
          ├ OD별 도달률(최근200): rnd0=96%(n200)  rnd1=78%(n185)  rnd10=94%(n200)  rnd11=62%(n200)  rnd12=98%(n200)  rnd13=86%(n200)  rnd14=88%(n200)  rnd15=0%(n200)  rnd16=98%(n200)  rnd17=97%(n200)  rnd18=98%(n200)  rnd19=98%(n200)  rnd2=72%(n200)  rnd20=99%(n200)  rnd21=96%(n200)  rnd22=100%(n200)  rnd23=24%(n200)  rnd24=100%(n200)  rnd25=84%(n198)  rnd26=93%(n200)  rnd27=6%(n200)  rnd28=100%(n200)  rnd29=99%(n200)  rnd3=10%(n200)  rnd4=98%(n200)  rnd5=91%(n200)  rnd6=100%(n200)  rnd7=98%(n200)  rnd8=26%(n200)  rnd9=93%(n200)
          └ 이동 분포: straight=68%  left=16%  right=16%
Ep 7000/15000 | R=  161.3 | Fuel=837.5mL | Wait= 337s | Steps=54.7 | Reach=91% | ε=0.050 | Loss=96.427 | t=9470s
          ├ 토폴로지 도달률(최근50): gangnam_clean_topology=92%
          ├ OD별 도달률(최근200): rnd0=98%(n200)  rnd1=79%(n187)  rnd10=96%(n200)  rnd11=64%(n200)  rnd12=99%(n200)  rnd13=88%(n200)  rnd14=88%(n200)  rnd15=0%(n200)  rnd16=99%(n200)  rnd17=97%(n200)  rnd18=98%(n200)  rnd19=98%(n200)  rnd2=74%(n200)  rnd20=99%(n200)  rnd21=98%(n200)  rnd22=100%(n200)  rnd23=26%(n200)  rnd24=100%(n200)  rnd25=84%(n200)  rnd26=94%(n200)  rnd27=6%(n200)  rnd28=100%(n200)  rnd29=100%(n200)  rnd3=12%(n200)  rnd4=98%(n200)  rnd5=94%(n200)  rnd6=100%(n200)  rnd7=98%(n200)  rnd8=29%(n200)  rnd9=94%(n200)
          └ 이동 분포: straight=70%  left=16%  right=15%
Ep 7100/15000 | R=  -40.0 | Fuel=950.7mL | Wait= 374s | Steps=63.4 | Reach=90% | ε=0.050 | Loss=100.039 | t=9560s
          ├ 토폴로지 도달률(최근50): gangnam_clean_topology=86%
          ├ OD별 도달률(최근200): rnd0=99%(n200)  rnd1=79%(n189)  rnd10=96%(n200)  rnd11=65%(n200)  rnd12=99%(n200)  rnd13=90%(n200)  rnd14=90%(n200)  rnd15=0%(n200)  rnd16=100%(n200)  rnd17=99%(n200)  rnd18=98%(n200)  rnd19=98%(n200)  rnd2=76%(n200)  rnd20=99%(n200)  rnd21=98%(n200)  rnd22=100%(n200)  rnd23=28%(n200)  rnd24=100%(n200)  rnd25=87%(n200)  rnd26=94%(n200)  rnd27=6%(n200)  rnd28=100%(n200)  rnd29=100%(n200)  rnd3=14%(n200)  rnd4=98%(n200)  rnd5=95%(n200)  rnd6=100%(n200)  rnd7=98%(n200)  rnd8=32%(n200)  rnd9=94%(n200)
          └ 이동 분포: straight=67%  left=16%  right=18%
Ep 7200/15000 | R=  141.5 | Fuel=845.2mL | Wait= 361s | Steps=56.9 | Reach=95% | ε=0.050 | Loss=96.932 | t=9648s
          ├ 토폴로지 도달률(최근50): gangnam_clean_topology=94%
          ├ OD별 도달률(최근200): rnd0=99%(n200)  rnd1=79%(n192)  rnd10=96%(n200)  rnd11=65%(n200)  rnd12=99%(n200)  rnd13=92%(n200)  rnd14=92%(n200)  rnd15=0%(n200)  rnd16=100%(n200)  rnd17=100%(n200)  rnd18=98%(n200)  rnd19=99%(n200)  rnd2=78%(n200)  rnd20=99%(n200)  rnd21=99%(n200)  rnd22=100%(n200)  rnd23=28%(n200)  rnd24=100%(n200)  rnd25=90%(n200)  rnd26=94%(n200)  rnd27=6%(n200)  rnd28=100%(n200)  rnd29=100%(n200)  rnd3=18%(n200)  rnd4=98%(n200)  rnd5=96%(n200)  rnd6=100%(n200)  rnd7=98%(n200)  rnd8=33%(n200)  rnd9=94%(n200)
          └ 이동 분포: straight=69%  left=16%  right=15%
Ep 7300/15000 | R=   49.3 | Fuel=882.0mL | Wait= 360s | Steps=59.1 | Reach=86% | ε=0.050 | Loss=88.377 | t=9729s
          ├ 토폴로지 도달률(최근50): gangnam_clean_topology=86%
          ├ OD별 도달률(최근200): rnd0=99%(n200)  rnd1=79%(n194)  rnd10=96%(n200)  rnd11=66%(n200)  rnd12=99%(n200)  rnd13=94%(n200)  rnd14=94%(n200)  rnd15=0%(n200)  rnd16=100%(n200)  rnd17=100%(n200)  rnd18=98%(n200)  rnd19=99%(n200)  rnd2=81%(n200)  rnd20=99%(n200)  rnd21=99%(n200)  rnd22=100%(n200)  rnd23=28%(n200)  rnd24=100%(n200)  rnd25=90%(n200)  rnd26=96%(n200)  rnd27=5%(n200)  rnd28=100%(n200)  rnd29=100%(n200)  rnd3=20%(n200)  rnd4=98%(n200)  rnd5=96%(n200)  rnd6=100%(n200)  rnd7=98%(n200)  rnd8=35%(n200)  rnd9=95%(n200)
          └ 이동 분포: straight=67%  left=18%  right=16%
Ep 7400/15000 | R=  -32.3 | Fuel=930.5mL | Wait= 397s | Steps=62.8 | Reach=91% | ε=0.050 | Loss=92.264 | t=9819s
          ├ 토폴로지 도달률(최근50): gangnam_clean_topology=92%
          ├ OD별 도달률(최근200): rnd0=99%(n200)  rnd1=80%(n196)  rnd10=97%(n200)  rnd11=68%(n200)  rnd12=99%(n200)  rnd13=96%(n200)  rnd14=94%(n200)  rnd15=0%(n200)  rnd16=100%(n200)  rnd17=100%(n200)  rnd18=98%(n200)  rnd19=99%(n200)  rnd2=82%(n200)  rnd20=99%(n200)  rnd21=100%(n200)  rnd22=100%(n200)  rnd23=30%(n200)  rnd24=100%(n200)  rnd25=92%(n200)  rnd26=96%(n200)  rnd27=5%(n200)  rnd28=100%(n200)  rnd29=100%(n200)  rnd3=22%(n200)  rnd4=98%(n200)  rnd5=97%(n200)  rnd6=100%(n200)  rnd7=98%(n200)  rnd8=36%(n200)  rnd9=96%(n200)
          └ 이동 분포: straight=65%  left=17%  right=18%
Ep 7500/15000 | R= -111.0 | Fuel=989.9mL | Wait= 437s | Steps=66.9 | Reach=87% | ε=0.050 | Loss=92.256 | t=9917s
          ├ 토폴로지 도달률(최근50): gangnam_clean_topology=88%
          ├ OD별 도달률(최근200): rnd0=99%(n200)  rnd1=80%(n200)  rnd10=98%(n200)  rnd11=69%(n200)  rnd12=99%(n200)  rnd13=96%(n200)  rnd14=96%(n200)  rnd15=0%(n200)  rnd16=100%(n200)  rnd17=100%(n200)  rnd18=98%(n200)  rnd19=99%(n200)  rnd2=84%(n200)  rnd20=100%(n200)  rnd21=100%(n200)  rnd22=100%(n200)  rnd23=31%(n200)  rnd24=100%(n200)  rnd25=94%(n200)  rnd26=96%(n200)  rnd27=5%(n200)  rnd28=100%(n200)  rnd29=100%(n200)  rnd3=24%(n200)  rnd4=98%(n200)  rnd5=98%(n200)  rnd6=100%(n200)  rnd7=98%(n200)  rnd8=38%(n200)  rnd9=97%(n200)
          └ 이동 분포: straight=67%  left=17%  right=16%
  [체크포인트] model_rl_base_ep7500.pth
Ep 7600/15000 | R=  127.4 | Fuel=839.1mL | Wait= 353s | Steps=56.6 | Reach=93% | ε=0.050 | Loss=79.087 | t=9998s
          ├ 토폴로지 도달률(최근50): gangnam_clean_topology=90%
          ├ OD별 도달률(최근200): rnd0=100%(n200)  rnd1=82%(n200)  rnd10=98%(n200)  rnd11=70%(n200)  rnd12=99%(n200)  rnd13=98%(n200)  rnd14=96%(n200)  rnd15=0%(n200)  rnd16=100%(n200)  rnd17=100%(n200)  rnd18=98%(n200)  rnd19=99%(n200)  rnd2=85%(n200)  rnd20=100%(n200)  rnd21=100%(n200)  rnd22=100%(n200)  rnd23=32%(n200)  rnd24=100%(n200)  rnd25=96%(n200)  rnd26=98%(n200)  rnd27=5%(n200)  rnd28=100%(n200)  rnd29=100%(n200)  rnd3=26%(n200)  rnd4=98%(n200)  rnd5=98%(n200)  rnd6=100%(n200)  rnd7=98%(n200)  rnd8=40%(n200)  rnd9=98%(n200)
          └ 이동 분포: straight=67%  left=17%  right=16%
Ep 7700/15000 | R=  144.0 | Fuel=829.3mL | Wait= 317s | Steps=55.7 | Reach=94% | ε=0.050 | Loss=77.674 | t=10077s
          ├ 토폴로지 도달률(최근50): gangnam_clean_topology=96%
          ├ OD별 도달률(최근200): rnd0=100%(n200)  rnd1=83%(n200)  rnd10=98%(n200)  rnd11=73%(n200)  rnd12=99%(n200)  rnd13=98%(n200)  rnd14=98%(n200)  rnd15=0%(n200)  rnd16=100%(n200)  rnd17=100%(n200)  rnd18=98%(n200)  rnd19=99%(n200)  rnd2=86%(n200)  rnd20=100%(n200)  rnd21=100%(n200)  rnd22=100%(n200)  rnd23=34%(n200)  rnd24=100%(n200)  rnd25=98%(n200)  rnd26=98%(n200)  rnd27=5%(n200)  rnd28=100%(n200)  rnd29=100%(n200)  rnd3=26%(n200)  rnd4=98%(n200)  rnd5=98%(n200)  rnd6=100%(n200)  rnd7=98%(n200)  rnd8=40%(n200)  rnd9=98%(n200)
          └ 이동 분포: straight=66%  left=16%  right=17%
Ep 7800/15000 | R=   44.5 | Fuel=849.4mL | Wait= 345s | Steps=58.4 | Reach=93% | ε=0.050 | Loss=73.321 | t=10158s
          ├ 토폴로지 도달률(최근50): gangnam_clean_topology=90%
          ├ OD별 도달률(최근200): rnd0=100%(n200)  rnd1=86%(n200)  rnd10=98%(n200)  rnd11=74%(n200)  rnd12=99%(n200)  rnd13=98%(n200)  rnd14=98%(n200)  rnd15=0%(n200)  rnd16=100%(n200)  rnd17=100%(n200)  rnd18=98%(n200)  rnd19=99%(n200)  rnd2=87%(n200)  rnd20=100%(n200)  rnd21=100%(n200)  rnd22=100%(n200)  rnd23=36%(n200)  rnd24=100%(n200)  rnd25=100%(n200)  rnd26=98%(n200)  rnd27=5%(n200)  rnd28=100%(n200)  rnd29=100%(n200)  rnd3=28%(n200)  rnd4=98%(n200)  rnd5=98%(n200)  rnd6=100%(n200)  rnd7=98%(n200)  rnd8=42%(n200)  rnd9=98%(n200)
          └ 이동 분포: straight=64%  left=19%  right=17%
Ep 7900/15000 | R=  168.1 | Fuel=831.6mL | Wait= 335s | Steps=55.9 | Reach=96% | ε=0.050 | Loss=68.596 | t=10238s
          ├ 토폴로지 도달률(최근50): gangnam_clean_topology=96%
          ├ OD별 도달률(최근200): rnd0=100%(n200)  rnd1=88%(n200)  rnd10=98%(n200)  rnd11=74%(n200)  rnd12=99%(n200)  rnd13=98%(n200)  rnd14=99%(n200)  rnd15=0%(n200)  rnd16=100%(n200)  rnd17=100%(n200)  rnd18=98%(n200)  rnd19=99%(n200)  rnd2=89%(n200)  rnd20=100%(n200)  rnd21=100%(n200)  rnd22=100%(n200)  rnd23=40%(n200)  rnd24=100%(n200)  rnd25=100%(n200)  rnd26=98%(n200)  rnd27=5%(n200)  rnd28=100%(n200)  rnd29=100%(n200)  rnd3=31%(n200)  rnd4=98%(n200)  rnd5=98%(n200)  rnd6=100%(n200)  rnd7=98%(n200)  rnd8=45%(n200)  rnd9=98%(n200)
          └ 이동 분포: straight=69%  left=15%  right=16%
Ep 8000/15000 | R=  140.3 | Fuel=850.0mL | Wait= 329s | Steps=56.5 | Reach=94% | ε=0.050 | Loss=67.231 | t=10324s
          ├ 토폴로지 도달률(최근50): gangnam_clean_topology=96%
          ├ OD별 도달률(최근200): rnd0=100%(n200)  rnd1=88%(n200)  rnd10=98%(n200)  rnd11=76%(n200)  rnd12=99%(n200)  rnd13=98%(n200)  rnd14=99%(n200)  rnd15=0%(n200)  rnd16=100%(n200)  rnd17=100%(n200)  rnd18=98%(n200)  rnd19=100%(n200)  rnd2=91%(n200)  rnd20=100%(n200)  rnd21=100%(n200)  rnd22=100%(n200)  rnd23=42%(n200)  rnd24=100%(n200)  rnd25=100%(n200)  rnd26=98%(n200)  rnd27=5%(n200)  rnd28=100%(n200)  rnd29=100%(n200)  rnd3=32%(n200)  rnd4=98%(n200)  rnd5=98%(n200)  rnd6=100%(n200)  rnd7=98%(n200)  rnd8=48%(n200)  rnd9=98%(n200)
          └ 이동 분포: straight=67%  left=15%  right=18%
Ep 8100/15000 | R=  207.8 | Fuel=754.6mL | Wait= 281s | Steps=50.7 | Reach=91% | ε=0.050 | Loss=72.324 | t=10398s
          ├ 토폴로지 도달률(최근50): gangnam_clean_topology=88%
          ├ OD별 도달률(최근200): rnd0=100%(n200)  rnd1=90%(n200)  rnd10=98%(n200)  rnd11=78%(n200)  rnd12=99%(n200)  rnd13=98%(n200)  rnd14=100%(n200)  rnd15=0%(n200)  rnd16=100%(n200)  rnd17=100%(n200)  rnd18=98%(n200)  rnd19=100%(n200)  rnd2=92%(n200)  rnd20=100%(n200)  rnd21=100%(n200)  rnd22=100%(n200)  rnd23=42%(n200)  rnd24=100%(n200)  rnd25=100%(n200)  rnd26=98%(n200)  rnd27=5%(n200)  rnd28=100%(n200)  rnd29=100%(n200)  rnd3=32%(n200)  rnd4=98%(n200)  rnd5=98%(n200)  rnd6=100%(n200)  rnd7=98%(n200)  rnd8=48%(n200)  rnd9=98%(n200)
          └ 이동 분포: straight=68%  left=16%  right=16%
Ep 8200/15000 | R=  147.3 | Fuel=800.7mL | Wait= 329s | Steps=50.7 | Reach=89% | ε=0.050 | Loss=69.288 | t=10470s
          ├ 토폴로지 도달률(최근50): gangnam_clean_topology=90%
          ├ OD별 도달률(최근200): rnd0=100%(n200)  rnd1=91%(n200)  rnd10=98%(n200)  rnd11=78%(n200)  rnd12=99%(n200)  rnd13=98%(n200)  rnd14=100%(n200)  rnd15=0%(n200)  rnd16=100%(n200)  rnd17=100%(n200)  rnd18=98%(n200)  rnd19=100%(n200)  rnd2=94%(n200)  rnd20=100%(n200)  rnd21=100%(n200)  rnd22=100%(n200)  rnd23=43%(n200)  rnd24=100%(n200)  rnd25=100%(n200)  rnd26=98%(n200)  rnd27=5%(n200)  rnd28=100%(n200)  rnd29=100%(n200)  rnd3=34%(n200)  rnd4=98%(n200)  rnd5=98%(n200)  rnd6=100%(n200)  rnd7=98%(n200)  rnd8=51%(n200)  rnd9=98%(n200)
          └ 이동 분포: straight=68%  left=16%  right=16%
Ep 8300/15000 | R=  163.3 | Fuel=827.4mL | Wait= 343s | Steps=52.1 | Reach=95% | ε=0.050 | Loss=68.770 | t=10549s
          ├ 토폴로지 도달률(최근50): gangnam_clean_topology=98%
          ├ OD별 도달률(최근200): rnd0=100%(n200)  rnd1=92%(n200)  rnd10=98%(n200)  rnd11=80%(n200)  rnd12=99%(n200)  rnd13=98%(n200)  rnd14=100%(n200)  rnd15=0%(n200)  rnd16=100%(n200)  rnd17=100%(n200)  rnd18=98%(n200)  rnd19=100%(n200)  rnd2=94%(n200)  rnd20=100%(n200)  rnd21=100%(n200)  rnd22=100%(n200)  rnd23=44%(n200)  rnd24=100%(n200)  rnd25=100%(n200)  rnd26=98%(n200)  rnd27=5%(n200)  rnd28=100%(n200)  rnd29=100%(n200)  rnd3=37%(n200)  rnd4=98%(n200)  rnd5=98%(n200)  rnd6=100%(n200)  rnd7=98%(n200)  rnd8=52%(n200)  rnd9=98%(n200)
          └ 이동 분포: straight=68%  left=16%  right=16%
Ep 8400/15000 | R=  167.4 | Fuel=834.3mL | Wait= 333s | Steps=54.2 | Reach=97% | ε=0.050 | Loss=66.279 | t=10631s
          ├ 토폴로지 도달률(최근50): gangnam_clean_topology=96%
          ├ OD별 도달률(최근200): rnd0=100%(n200)  rnd1=94%(n200)  rnd10=98%(n200)  rnd11=81%(n200)  rnd12=99%(n200)  rnd13=98%(n200)  rnd14=100%(n200)  rnd15=0%(n200)  rnd16=100%(n200)  rnd17=100%(n200)  rnd18=98%(n200)  rnd19=100%(n200)  rnd2=96%(n200)  rnd20=100%(n200)  rnd21=100%(n200)  rnd22=100%(n200)  rnd23=47%(n200)  rnd24=100%(n200)  rnd25=100%(n200)  rnd26=98%(n200)  rnd27=6%(n200)  rnd28=100%(n200)  rnd29=100%(n200)  rnd3=39%(n200)  rnd4=98%(n200)  rnd5=98%(n200)  rnd6=100%(n200)  rnd7=98%(n200)  rnd8=54%(n200)  rnd9=98%(n200)
          └ 이동 분포: straight=69%  left=15%  right=15%
Ep 8500/15000 | R=  102.5 | Fuel=810.7mL | Wait= 353s | Steps=53.6 | Reach=89% | ε=0.050 | Loss=71.069 | t=10706s
          ├ 토폴로지 도달률(최근50): gangnam_clean_topology=92%
          ├ OD별 도달률(최근200): rnd0=100%(n200)  rnd1=96%(n200)  rnd10=98%(n200)  rnd11=82%(n200)  rnd12=100%(n200)  rnd13=98%(n200)  rnd14=100%(n200)  rnd15=0%(n200)  rnd16=100%(n200)  rnd17=100%(n200)  rnd18=98%(n200)  rnd19=100%(n200)  rnd2=96%(n200)  rnd20=100%(n200)  rnd21=100%(n200)  rnd22=100%(n200)  rnd23=48%(n200)  rnd24=100%(n200)  rnd25=100%(n200)  rnd26=98%(n200)  rnd27=6%(n200)  rnd28=100%(n200)  rnd29=100%(n200)  rnd3=40%(n200)  rnd4=98%(n200)  rnd5=98%(n200)  rnd6=100%(n200)  rnd7=98%(n200)  rnd8=56%(n200)  rnd9=98%(n200)
          └ 이동 분포: straight=67%  left=16%  right=16%
Ep 8600/15000 | R=  116.0 | Fuel=869.4mL | Wait= 335s | Steps=57.0 | Reach=93% | ε=0.050 | Loss=66.525 | t=10791s
          ├ 토폴로지 도달률(최근50): gangnam_clean_topology=94%
          ├ OD별 도달률(최근200): rnd0=100%(n200)  rnd1=97%(n200)  rnd10=98%(n200)  rnd11=82%(n200)  rnd12=100%(n200)  rnd13=98%(n200)  rnd14=100%(n200)  rnd15=0%(n200)  rnd16=100%(n200)  rnd17=100%(n200)  rnd18=98%(n200)  rnd19=100%(n200)  rnd2=96%(n200)  rnd20=100%(n200)  rnd21=100%(n200)  rnd22=100%(n200)  rnd23=50%(n200)  rnd24=100%(n200)  rnd25=100%(n200)  rnd26=98%(n200)  rnd27=6%(n200)  rnd28=100%(n200)  rnd29=100%(n200)  rnd3=42%(n200)  rnd4=99%(n200)  rnd5=98%(n200)  rnd6=100%(n200)  rnd7=98%(n200)  rnd8=58%(n200)  rnd9=98%(n200)
          └ 이동 분포: straight=67%  left=16%  right=17%
Ep 8700/15000 | R=  136.4 | Fuel=831.2mL | Wait= 316s | Steps=55.9 | Reach=94% | ε=0.050 | Loss=62.019 | t=10873s
          ├ 토폴로지 도달률(최근50): gangnam_clean_topology=92%
          ├ OD별 도달률(최근200): rnd0=100%(n200)  rnd1=100%(n200)  rnd10=98%(n200)  rnd11=83%(n200)  rnd12=100%(n200)  rnd13=98%(n200)  rnd14=100%(n200)  rnd15=0%(n200)  rnd16=100%(n200)  rnd17=100%(n200)  rnd18=98%(n200)  rnd19=100%(n200)  rnd2=97%(n200)  rnd20=100%(n200)  rnd21=100%(n200)  rnd22=100%(n200)  rnd23=50%(n200)  rnd24=100%(n200)  rnd25=100%(n200)  rnd26=98%(n200)  rnd27=6%(n200)  rnd28=100%(n200)  rnd29=100%(n200)  rnd3=43%(n200)  rnd4=99%(n200)  rnd5=98%(n200)  rnd6=100%(n200)  rnd7=98%(n200)  rnd8=62%(n200)  rnd9=98%(n200)
          └ 이동 분포: straight=65%  left=18%  right=17%
Ep 8800/15000 | R=   98.0 | Fuel=885.3mL | Wait= 319s | Steps=57.7 | Reach=93% | ε=0.050 | Loss=64.482 | t=10955s
          ├ 토폴로지 도달률(최근50): gangnam_clean_topology=90%
          ├ OD별 도달률(최근200): rnd0=100%(n200)  rnd1=100%(n200)  rnd10=98%(n200)  rnd11=85%(n200)  rnd12=100%(n200)  rnd13=98%(n200)  rnd14=100%(n200)  rnd15=0%(n200)  rnd16=100%(n200)  rnd17=100%(n200)  rnd18=98%(n200)  rnd19=100%(n200)  rnd2=97%(n200)  rnd20=100%(n200)  rnd21=100%(n200)  rnd22=100%(n200)  rnd23=52%(n200)  rnd24=100%(n200)  rnd25=100%(n200)  rnd26=98%(n200)  rnd27=7%(n200)  rnd28=100%(n200)  rnd29=100%(n200)  rnd3=44%(n200)  rnd4=99%(n200)  rnd5=98%(n200)  rnd6=100%(n200)  rnd7=98%(n200)  rnd8=65%(n200)  rnd9=98%(n200)
          └ 이동 분포: straight=67%  left=16%  right=17%
Ep 8900/15000 | R=  220.2 | Fuel=804.0mL | Wait= 309s | Steps=52.0 | Reach=97% | ε=0.050 | Loss=61.869 | t=11035s
          ├ 토폴로지 도달률(최근50): gangnam_clean_topology=96%
          ├ OD별 도달률(최근200): rnd0=100%(n200)  rnd1=100%(n200)  rnd10=98%(n200)  rnd11=87%(n200)  rnd12=100%(n200)  rnd13=98%(n200)  rnd14=100%(n200)  rnd15=0%(n200)  rnd16=100%(n200)  rnd17=100%(n200)  rnd18=98%(n200)  rnd19=100%(n200)  rnd2=97%(n200)  rnd20=100%(n200)  rnd21=100%(n200)  rnd22=100%(n200)  rnd23=54%(n200)  rnd24=100%(n200)  rnd25=100%(n200)  rnd26=98%(n200)  rnd27=8%(n200)  rnd28=100%(n200)  rnd29=100%(n200)  rnd3=45%(n200)  rnd4=99%(n200)  rnd5=98%(n200)  rnd6=100%(n200)  rnd7=98%(n200)  rnd8=66%(n200)  rnd9=98%(n200)
          └ 이동 분포: straight=68%  left=16%  right=16%
Ep 9000/15000 | R=  116.6 | Fuel=858.1mL | Wait= 347s | Steps=54.5 | Reach=92% | ε=0.050 | Loss=56.799 | t=11118s
          ├ 토폴로지 도달률(최근50): gangnam_clean_topology=88%
          ├ OD별 도달률(최근200): rnd0=100%(n200)  rnd1=100%(n200)  rnd10=98%(n200)  rnd11=90%(n200)  rnd12=100%(n200)  rnd13=98%(n200)  rnd14=100%(n200)  rnd15=0%(n200)  rnd16=100%(n200)  rnd17=100%(n200)  rnd18=98%(n200)  rnd19=100%(n200)  rnd2=97%(n200)  rnd20=100%(n200)  rnd21=100%(n200)  rnd22=100%(n200)  rnd23=55%(n200)  rnd24=100%(n200)  rnd25=100%(n200)  rnd26=98%(n200)  rnd27=8%(n200)  rnd28=100%(n200)  rnd29=100%(n200)  rnd3=46%(n200)  rnd4=99%(n200)  rnd5=99%(n200)  rnd6=100%(n200)  rnd7=98%(n200)  rnd8=69%(n200)  rnd9=98%(n200)
          └ 이동 분포: straight=67%  left=17%  right=16%
Ep 9100/15000 | R=  147.4 | Fuel=877.9mL | Wait= 364s | Steps=57.0 | Reach=96% | ε=0.050 | Loss=59.999 | t=11200s
          ├ 토폴로지 도달률(최근50): gangnam_clean_topology=94%
          ├ OD별 도달률(최근200): rnd0=100%(n200)  rnd1=100%(n200)  rnd10=98%(n200)  rnd11=91%(n200)  rnd12=100%(n200)  rnd13=98%(n200)  rnd14=100%(n200)  rnd15=0%(n200)  rnd16=100%(n200)  rnd17=100%(n200)  rnd18=98%(n200)  rnd19=100%(n200)  rnd2=97%(n200)  rnd20=100%(n200)  rnd21=100%(n200)  rnd22=100%(n200)  rnd23=58%(n200)  rnd24=100%(n200)  rnd25=100%(n200)  rnd26=98%(n200)  rnd27=9%(n200)  rnd28=100%(n200)  rnd29=100%(n200)  rnd3=48%(n200)  rnd4=99%(n200)  rnd5=99%(n200)  rnd6=100%(n200)  rnd7=98%(n200)  rnd8=71%(n200)  rnd9=98%(n200)
          └ 이동 분포: straight=69%  left=16%  right=15%
Ep 9200/15000 | R=  179.0 | Fuel=835.1mL | Wait= 324s | Steps=53.6 | Reach=93% | ε=0.050 | Loss=55.719 | t=11281s
          ├ 토폴로지 도달률(최근50): gangnam_clean_topology=88%
          ├ OD별 도달률(최근200): rnd0=100%(n200)  rnd1=100%(n200)  rnd10=98%(n200)  rnd11=93%(n200)  rnd12=100%(n200)  rnd13=98%(n200)  rnd14=100%(n200)  rnd15=0%(n200)  rnd16=100%(n200)  rnd17=100%(n200)  rnd18=98%(n200)  rnd19=100%(n200)  rnd2=97%(n200)  rnd20=100%(n200)  rnd21=100%(n200)  rnd22=100%(n200)  rnd23=60%(n200)  rnd24=100%(n200)  rnd25=100%(n200)  rnd26=98%(n200)  rnd27=9%(n200)  rnd28=100%(n200)  rnd29=100%(n200)  rnd3=49%(n200)  rnd4=99%(n200)  rnd5=99%(n200)  rnd6=100%(n200)  rnd7=98%(n200)  rnd8=72%(n200)  rnd9=98%(n200)
          └ 이동 분포: straight=68%  left=15%  right=17%
Ep 9300/15000 | R=   44.5 | Fuel=881.6mL | Wait= 301s | Steps=56.3 | Reach=94% | ε=0.050 | Loss=59.121 | t=11366s
          ├ 토폴로지 도달률(최근50): gangnam_clean_topology=96%
          ├ OD별 도달률(최근200): rnd0=100%(n200)  rnd1=100%(n200)  rnd10=98%(n200)  rnd11=94%(n200)  rnd12=100%(n200)  rnd13=98%(n200)  rnd14=100%(n200)  rnd15=0%(n200)  rnd16=100%(n200)  rnd17=100%(n200)  rnd18=98%(n200)  rnd19=100%(n200)  rnd2=97%(n200)  rnd20=100%(n200)  rnd21=100%(n200)  rnd22=100%(n200)  rnd23=62%(n200)  rnd24=100%(n200)  rnd25=100%(n200)  rnd26=98%(n200)  rnd27=10%(n200)  rnd28=100%(n200)  rnd29=100%(n200)  rnd3=50%(n200)  rnd4=99%(n200)  rnd5=99%(n200)  rnd6=100%(n200)  rnd7=98%(n200)  rnd8=73%(n200)  rnd9=99%(n200)
          └ 이동 분포: straight=66%  left=17%  right=17%
Ep 9400/15000 | R=  172.3 | Fuel=830.5mL | Wait= 327s | Steps=52.2 | Reach=94% | ε=0.050 | Loss=54.148 | t=11443s
          ├ 토폴로지 도달률(최근50): gangnam_clean_topology=90%
          ├ OD별 도달률(최근200): rnd0=100%(n200)  rnd1=100%(n200)  rnd10=98%(n200)  rnd11=96%(n200)  rnd12=100%(n200)  rnd13=98%(n200)  rnd14=100%(n200)  rnd15=0%(n200)  rnd16=100%(n200)  rnd17=100%(n200)  rnd18=98%(n200)  rnd19=100%(n200)  rnd2=97%(n200)  rnd20=100%(n200)  rnd21=100%(n200)  rnd22=100%(n200)  rnd23=63%(n200)  rnd24=100%(n200)  rnd25=100%(n200)  rnd26=98%(n200)  rnd27=10%(n200)  rnd28=100%(n200)  rnd29=100%(n200)  rnd3=54%(n200)  rnd4=99%(n200)  rnd5=99%(n200)  rnd6=100%(n200)  rnd7=98%(n200)  rnd8=74%(n200)  rnd9=99%(n200)
          └ 이동 분포: straight=68%  left=17%  right=15%
Ep 9500/15000 | R=   40.5 | Fuel=903.4mL | Wait= 370s | Steps=58.3 | Reach=91% | ε=0.050 | Loss=56.196 | t=11532s
          ├ 토폴로지 도달률(최근50): gangnam_clean_topology=90%
          ├ OD별 도달률(최근200): rnd0=100%(n200)  rnd1=100%(n200)  rnd10=98%(n200)  rnd11=96%(n200)  rnd12=100%(n200)  rnd13=98%(n200)  rnd14=100%(n200)  rnd15=0%(n200)  rnd16=100%(n200)  rnd17=100%(n200)  rnd18=98%(n200)  rnd19=100%(n200)  rnd2=97%(n200)  rnd20=100%(n200)  rnd21=100%(n200)  rnd22=100%(n200)  rnd23=64%(n200)  rnd24=100%(n200)  rnd25=100%(n200)  rnd26=98%(n200)  rnd27=10%(n200)  rnd28=100%(n200)  rnd29=100%(n200)  rnd3=55%(n200)  rnd4=99%(n200)  rnd5=100%(n200)  rnd6=100%(n200)  rnd7=98%(n200)  rnd8=76%(n200)  rnd9=99%(n200)
          └ 이동 분포: straight=65%  left=16%  right=20%
Ep 9600/15000 | R=  102.6 | Fuel=808.8mL | Wait= 360s | Steps=51.7 | Reach=92% | ε=0.050 | Loss=66.237 | t=11612s
          ├ 토폴로지 도달률(최근50): gangnam_clean_topology=88%
          ├ OD별 도달률(최근200): rnd0=100%(n200)  rnd1=100%(n200)  rnd10=98%(n200)  rnd11=96%(n200)  rnd12=100%(n200)  rnd13=98%(n200)  rnd14=100%(n200)  rnd15=0%(n200)  rnd16=100%(n200)  rnd17=100%(n200)  rnd18=98%(n200)  rnd19=100%(n200)  rnd2=97%(n200)  rnd20=100%(n200)  rnd21=100%(n200)  rnd22=100%(n200)  rnd23=67%(n200)  rnd24=100%(n200)  rnd25=100%(n200)  rnd26=99%(n200)  rnd27=10%(n200)  rnd28=100%(n200)  rnd29=100%(n200)  rnd3=57%(n200)  rnd4=99%(n200)  rnd5=99%(n200)  rnd6=100%(n200)  rnd7=98%(n200)  rnd8=77%(n200)  rnd9=99%(n200)
          └ 이동 분포: straight=65%  left=16%  right=19%
Ep 9700/15000 | R=   -3.8 | Fuel=897.6mL | Wait= 381s | Steps=59.9 | Reach=89% | ε=0.050 | Loss=64.394 | t=11697s
          ├ 토폴로지 도달률(최근50): gangnam_clean_topology=88%
          ├ OD별 도달률(최근200): rnd0=100%(n200)  rnd1=100%(n200)  rnd10=98%(n200)  rnd11=97%(n200)  rnd12=100%(n200)  rnd13=98%(n200)  rnd14=100%(n200)  rnd15=0%(n200)  rnd16=100%(n200)  rnd17=100%(n200)  rnd18=98%(n200)  rnd19=100%(n200)  rnd2=97%(n200)  rnd20=100%(n200)  rnd21=100%(n200)  rnd22=100%(n200)  rnd23=68%(n200)  rnd24=100%(n200)  rnd25=100%(n200)  rnd26=100%(n200)  rnd27=10%(n200)  rnd28=100%(n200)  rnd29=100%(n200)  rnd3=59%(n200)  rnd4=99%(n200)  rnd5=99%(n200)  rnd6=100%(n200)  rnd7=98%(n200)  rnd8=79%(n200)  rnd9=99%(n200)
          └ 이동 분포: straight=65%  left=16%  right=19%
Ep 9800/15000 | R=  183.9 | Fuel=818.9mL | Wait= 309s | Steps=51.3 | Reach=94% | ε=0.050 | Loss=61.870 | t=11776s
          ├ 토폴로지 도달률(최근50): gangnam_clean_topology=94%
          ├ OD별 도달률(최근200): rnd0=100%(n200)  rnd1=100%(n200)  rnd10=98%(n200)  rnd11=98%(n200)  rnd12=100%(n200)  rnd13=99%(n200)  rnd14=100%(n200)  rnd15=0%(n200)  rnd16=100%(n200)  rnd17=100%(n200)  rnd18=98%(n200)  rnd19=100%(n200)  rnd2=97%(n200)  rnd20=100%(n200)  rnd21=100%(n200)  rnd22=100%(n200)  rnd23=68%(n200)  rnd24=100%(n200)  rnd25=100%(n200)  rnd26=100%(n200)  rnd27=10%(n200)  rnd28=100%(n200)  rnd29=100%(n200)  rnd3=60%(n200)  rnd4=99%(n200)  rnd5=99%(n200)  rnd6=100%(n200)  rnd7=98%(n200)  rnd8=80%(n200)  rnd9=99%(n200)
          └ 이동 분포: straight=66%  left=17%  right=17%
Ep 9900/15000 | R=   65.8 | Fuel=881.8mL | Wait= 383s | Steps=56.8 | Reach=94% | ε=0.050 | Loss=64.900 | t=11857s
          ├ 토폴로지 도달률(최근50): gangnam_clean_topology=94%
          ├ OD별 도달률(최근200): rnd0=100%(n200)  rnd1=100%(n200)  rnd10=98%(n200)  rnd11=98%(n200)  rnd12=100%(n200)  rnd13=99%(n200)  rnd14=100%(n200)  rnd15=0%(n200)  rnd16=100%(n200)  rnd17=100%(n200)  rnd18=98%(n200)  rnd19=100%(n200)  rnd2=97%(n200)  rnd20=100%(n200)  rnd21=100%(n200)  rnd22=100%(n200)  rnd23=70%(n200)  rnd24=100%(n200)  rnd25=100%(n200)  rnd26=100%(n200)  rnd27=10%(n200)  rnd28=100%(n200)  rnd29=100%(n200)  rnd3=62%(n200)  rnd4=99%(n200)  rnd5=99%(n200)  rnd6=100%(n200)  rnd7=98%(n200)  rnd8=82%(n200)  rnd9=99%(n200)
          └ 이동 분포: straight=65%  left=16%  right=19%
Ep 10000/15000 | R=  151.4 | Fuel=830.5mL | Wait= 329s | Steps=53.2 | Reach=92% | ε=0.050 | Loss=59.984 | t=11938s
          ├ 토폴로지 도달률(최근50): gangnam_clean_topology=88%
          ├ OD별 도달률(최근200): rnd0=100%(n200)  rnd1=100%(n200)  rnd10=98%(n200)  rnd11=98%(n200)  rnd12=100%(n200)  rnd13=99%(n200)  rnd14=100%(n200)  rnd15=0%(n200)  rnd16=100%(n200)  rnd17=100%(n200)  rnd18=98%(n200)  rnd19=100%(n200)  rnd2=98%(n200)  rnd20=100%(n200)  rnd21=100%(n200)  rnd22=100%(n200)  rnd23=70%(n200)  rnd24=100%(n200)  rnd25=100%(n200)  rnd26=100%(n200)  rnd27=10%(n200)  rnd28=100%(n200)  rnd29=100%(n200)  rnd3=65%(n200)  rnd4=99%(n200)  rnd5=99%(n200)  rnd6=100%(n200)  rnd7=98%(n200)  rnd8=84%(n200)  rnd9=99%(n200)
          └ 이동 분포: straight=66%  left=17%  right=16%
  [체크포인트] model_rl_base_ep10000.pth
Ep 10100/15000 | R=  220.3 | Fuel=774.6mL | Wait= 303s | Steps=50.0 | Reach=94% | ε=0.050 | Loss=61.113 | t=12003s
          ├ 토폴로지 도달률(최근50): gangnam_clean_topology=92%
          ├ OD별 도달률(최근200): rnd0=100%(n200)  rnd1=100%(n200)  rnd10=99%(n200)  rnd11=98%(n200)  rnd12=100%(n200)  rnd13=99%(n200)  rnd14=100%(n200)  rnd15=0%(n200)  rnd16=100%(n200)  rnd17=100%(n200)  rnd18=98%(n200)  rnd19=100%(n200)  rnd2=98%(n200)  rnd20=100%(n200)  rnd21=100%(n200)  rnd22=100%(n200)  rnd23=72%(n200)  rnd24=100%(n200)  rnd25=100%(n200)  rnd26=100%(n200)  rnd27=10%(n200)  rnd28=100%(n200)  rnd29=100%(n200)  rnd3=67%(n200)  rnd4=99%(n200)  rnd5=99%(n200)  rnd6=100%(n200)  rnd7=98%(n200)  rnd8=86%(n200)  rnd9=99%(n200)
          └ 이동 분포: straight=68%  left=16%  right=16%
Ep 10200/15000 | R=  198.6 | Fuel=844.7mL | Wait= 323s | Steps=54.8 | Reach=97% | ε=0.050 | Loss=59.515 | t=12081s
          ├ 토폴로지 도달률(최근50): gangnam_clean_topology=96%
          ├ OD별 도달률(최근200): rnd0=100%(n200)  rnd1=100%(n200)  rnd10=99%(n200)  rnd11=98%(n200)  rnd12=100%(n200)  rnd13=100%(n200)  rnd14=100%(n200)  rnd15=0%(n200)  rnd16=100%(n200)  rnd17=100%(n200)  rnd18=98%(n200)  rnd19=100%(n200)  rnd2=98%(n200)  rnd20=100%(n200)  rnd21=100%(n200)  rnd22=100%(n200)  rnd23=72%(n200)  rnd24=100%(n200)  rnd25=100%(n200)  rnd26=100%(n200)  rnd27=10%(n200)  rnd28=100%(n200)  rnd29=100%(n200)  rnd3=69%(n200)  rnd4=99%(n200)  rnd5=99%(n200)  rnd6=100%(n200)  rnd7=98%(n200)  rnd8=88%(n200)  rnd9=99%(n200)
          └ 이동 분포: straight=68%  left=16%  right=16%
Ep 10300/15000 | R=   71.7 | Fuel=949.4mL | Wait= 360s | Steps=61.2 | Reach=93% | ε=0.050 | Loss=56.521 | t=12171s
          ├ 토폴로지 도달률(최근50): gangnam_clean_topology=92%
          ├ OD별 도달률(최근200): rnd0=100%(n200)  rnd1=100%(n200)  rnd10=99%(n200)  rnd11=98%(n200)  rnd12=100%(n200)  rnd13=100%(n200)  rnd14=100%(n200)  rnd15=0%(n200)  rnd16=100%(n200)  rnd17=100%(n200)  rnd18=98%(n200)  rnd19=100%(n200)  rnd2=98%(n200)  rnd20=100%(n200)  rnd21=100%(n200)  rnd22=100%(n200)  rnd23=77%(n200)  rnd24=100%(n200)  rnd25=100%(n200)  rnd26=100%(n200)  rnd27=11%(n200)  rnd28=100%(n200)  rnd29=100%(n200)  rnd3=71%(n200)  rnd4=99%(n200)  rnd5=99%(n200)  rnd6=100%(n200)  rnd7=98%(n200)  rnd8=92%(n200)  rnd9=99%(n200)
          └ 이동 분포: straight=67%  left=17%  right=16%
Ep 10400/15000 | R=   48.7 | Fuel=896.8mL | Wait= 371s | Steps=57.8 | Reach=89% | ε=0.050 | Loss=60.985 | t=12252s
          ├ 토폴로지 도달률(최근50): gangnam_clean_topology=94%
          ├ OD별 도달률(최근200): rnd0=100%(n200)  rnd1=100%(n200)  rnd10=99%(n200)  rnd11=98%(n200)  rnd12=100%(n200)  rnd13=100%(n200)  rnd14=100%(n200)  rnd15=0%(n200)  rnd16=100%(n200)  rnd17=100%(n200)  rnd18=98%(n200)  rnd19=100%(n200)  rnd2=98%(n200)  rnd20=100%(n200)  rnd21=100%(n200)  rnd22=100%(n200)  rnd23=78%(n200)  rnd24=100%(n200)  rnd25=100%(n200)  rnd26=100%(n200)  rnd27=11%(n200)  rnd28=100%(n200)  rnd29=100%(n200)  rnd3=74%(n200)  rnd4=99%(n200)  rnd5=99%(n200)  rnd6=100%(n200)  rnd7=98%(n200)  rnd8=92%(n200)  rnd9=99%(n200)
          └ 이동 분포: straight=68%  left=15%  right=17%
Ep 10500/15000 | R=  236.4 | Fuel=768.9mL | Wait= 301s | Steps=49.6 | Reach=95% | ε=0.050 | Loss=60.195 | t=12321s
          ├ 토폴로지 도달률(최근50): gangnam_clean_topology=96%
          ├ OD별 도달률(최근200): rnd0=100%(n200)  rnd1=100%(n200)  rnd10=99%(n200)  rnd11=98%(n200)  rnd12=100%(n200)  rnd13=100%(n200)  rnd14=100%(n200)  rnd15=0%(n200)  rnd16=100%(n200)  rnd17=100%(n200)  rnd18=98%(n200)  rnd19=100%(n200)  rnd2=98%(n200)  rnd20=100%(n200)  rnd21=100%(n200)  rnd22=100%(n200)  rnd23=80%(n200)  rnd24=100%(n200)  rnd25=100%(n200)  rnd26=100%(n200)  rnd27=11%(n200)  rnd28=100%(n200)  rnd29=100%(n200)  rnd3=76%(n200)  rnd4=99%(n200)  rnd5=99%(n200)  rnd6=100%(n200)  rnd7=98%(n200)  rnd8=94%(n200)  rnd9=99%(n200)
          └ 이동 분포: straight=68%  left=16%  right=16%
Ep 10600/15000 | R=  172.1 | Fuel=736.4mL | Wait= 268s | Steps=49.8 | Reach=86% | ε=0.050 | Loss=54.500 | t=12389s
          ├ 토폴로지 도달률(최근50): gangnam_clean_topology=90%
          ├ OD별 도달률(최근200): rnd0=100%(n200)  rnd1=100%(n200)  rnd10=99%(n200)  rnd11=98%(n200)  rnd12=100%(n200)  rnd13=100%(n200)  rnd14=100%(n200)  rnd15=0%(n200)  rnd16=100%(n200)  rnd17=100%(n200)  rnd18=98%(n200)  rnd19=100%(n200)  rnd2=98%(n200)  rnd20=100%(n200)  rnd21=100%(n200)  rnd22=100%(n200)  rnd23=81%(n200)  rnd24=100%(n200)  rnd25=100%(n200)  rnd26=100%(n200)  rnd27=10%(n200)  rnd28=100%(n200)  rnd29=100%(n200)  rnd3=78%(n200)  rnd4=99%(n200)  rnd5=99%(n200)  rnd6=100%(n200)  rnd7=98%(n200)  rnd8=94%(n200)  rnd9=99%(n200)
          └ 이동 분포: straight=66%  left=18%  right=17%
Ep 10700/15000 | R=  258.7 | Fuel=749.4mL | Wait= 303s | Steps=46.4 | Reach=95% | ε=0.050 | Loss=55.587 | t=12458s
          ├ 토폴로지 도달률(최근50): gangnam_clean_topology=98%
          ├ OD별 도달률(최근200): rnd0=100%(n200)  rnd1=100%(n200)  rnd10=99%(n200)  rnd11=98%(n200)  rnd12=100%(n200)  rnd13=100%(n200)  rnd14=100%(n200)  rnd15=0%(n200)  rnd16=100%(n200)  rnd17=100%(n200)  rnd18=98%(n200)  rnd19=100%(n200)  rnd2=98%(n200)  rnd20=100%(n200)  rnd21=100%(n200)  rnd22=100%(n200)  rnd23=82%(n200)  rnd24=100%(n200)  rnd25=100%(n200)  rnd26=100%(n200)  rnd27=11%(n200)  rnd28=100%(n200)  rnd29=100%(n200)  rnd3=78%(n200)  rnd4=99%(n200)  rnd5=99%(n200)  rnd6=100%(n200)  rnd7=98%(n200)  rnd8=94%(n200)  rnd9=99%(n200)
          └ 이동 분포: straight=68%  left=16%  right=16%
Ep 10800/15000 | R=   89.3 | Fuel=835.7mL | Wait= 308s | Steps=55.4 | Reach=91% | ε=0.050 | Loss=54.739 | t=12541s
          ├ 토폴로지 도달률(최근50): gangnam_clean_topology=92%
          ├ OD별 도달률(최근200): rnd0=100%(n200)  rnd1=100%(n200)  rnd10=99%(n200)  rnd11=98%(n200)  rnd12=100%(n200)  rnd13=100%(n200)  rnd14=100%(n200)  rnd15=0%(n200)  rnd16=100%(n200)  rnd17=100%(n200)  rnd18=98%(n200)  rnd19=100%(n200)  rnd2=97%(n200)  rnd20=100%(n200)  rnd21=100%(n200)  rnd22=100%(n200)  rnd23=84%(n200)  rnd24=100%(n200)  rnd25=100%(n200)  rnd26=100%(n200)  rnd27=11%(n200)  rnd28=100%(n200)  rnd29=100%(n200)  rnd3=80%(n200)  rnd4=99%(n200)  rnd5=99%(n200)  rnd6=100%(n200)  rnd7=98%(n200)  rnd8=95%(n200)  rnd9=99%(n200)
          └ 이동 분포: straight=66%  left=18%  right=16%
Ep 10900/15000 | R=  119.5 | Fuel=878.0mL | Wait= 297s | Steps=56.8 | Reach=93% | ε=0.050 | Loss=54.772 | t=12626s
          ├ 토폴로지 도달률(최근50): gangnam_clean_topology=96%
          ├ OD별 도달률(최근200): rnd0=100%(n200)  rnd1=100%(n200)  rnd10=99%(n200)  rnd11=98%(n200)  rnd12=100%(n200)  rnd13=100%(n200)  rnd14=100%(n200)  rnd15=0%(n200)  rnd16=100%(n200)  rnd17=100%(n200)  rnd18=98%(n200)  rnd19=100%(n200)  rnd2=98%(n200)  rnd20=100%(n200)  rnd21=100%(n200)  rnd22=100%(n200)  rnd23=88%(n200)  rnd24=100%(n200)  rnd25=100%(n200)  rnd26=100%(n200)  rnd27=11%(n200)  rnd28=100%(n200)  rnd29=100%(n200)  rnd3=82%(n200)  rnd4=99%(n200)  rnd5=99%(n200)  rnd6=100%(n200)  rnd7=98%(n200)  rnd8=95%(n200)  rnd9=99%(n200)
          └ 이동 분포: straight=67%  left=17%  right=16%
Ep 11000/15000 | R=  135.1 | Fuel=779.3mL | Wait= 305s | Steps=51.3 | Reach=89% | ε=0.050 | Loss=50.876 | t=12698s
          ├ 토폴로지 도달률(최근50): gangnam_clean_topology=84%
          ├ OD별 도달률(최근200): rnd0=100%(n200)  rnd1=100%(n200)  rnd10=99%(n200)  rnd11=98%(n200)  rnd12=100%(n200)  rnd13=100%(n200)  rnd14=100%(n200)  rnd15=0%(n200)  rnd16=100%(n200)  rnd17=100%(n200)  rnd18=98%(n200)  rnd19=100%(n200)  rnd2=98%(n200)  rnd20=100%(n200)  rnd21=100%(n200)  rnd22=100%(n200)  rnd23=89%(n200)  rnd24=100%(n200)  rnd25=100%(n200)  rnd26=100%(n200)  rnd27=11%(n200)  rnd28=100%(n200)  rnd29=100%(n200)  rnd3=82%(n200)  rnd4=99%(n200)  rnd5=99%(n200)  rnd6=100%(n200)  rnd7=98%(n200)  rnd8=96%(n200)  rnd9=99%(n200)
          └ 이동 분포: straight=66%  left=17%  right=17%
Ep 11100/15000 | R=   77.1 | Fuel=904.9mL | Wait= 356s | Steps=58.8 | Reach=95% | ε=0.050 | Loss=52.845 | t=12784s
          ├ 토폴로지 도달률(최근50): gangnam_clean_topology=94%
          ├ OD별 도달률(최근200): rnd0=100%(n200)  rnd1=100%(n200)  rnd10=99%(n200)  rnd11=98%(n200)  rnd12=100%(n200)  rnd13=100%(n200)  rnd14=100%(n200)  rnd15=0%(n200)  rnd16=100%(n200)  rnd17=100%(n200)  rnd18=98%(n200)  rnd19=100%(n200)  rnd2=98%(n200)  rnd20=100%(n200)  rnd21=100%(n200)  rnd22=100%(n200)  rnd23=92%(n200)  rnd24=100%(n200)  rnd25=100%(n200)  rnd26=100%(n200)  rnd27=11%(n200)  rnd28=100%(n200)  rnd29=100%(n200)  rnd3=86%(n200)  rnd4=100%(n200)  rnd5=99%(n200)  rnd6=100%(n200)  rnd7=98%(n200)  rnd8=97%(n200)  rnd9=99%(n200)
          └ 이동 분포: straight=67%  left=17%  right=16%
Ep 11200/15000 | R=  263.2 | Fuel=734.5mL | Wait= 291s | Steps=47.5 | Reach=97% | ε=0.050 | Loss=51.271 | t=12853s
          ├ 토폴로지 도달률(최근50): gangnam_clean_topology=96%
          ├ OD별 도달률(최근200): rnd0=100%(n200)  rnd1=100%(n200)  rnd10=99%(n200)  rnd11=98%(n200)  rnd12=100%(n200)  rnd13=100%(n200)  rnd14=100%(n200)  rnd15=0%(n200)  rnd16=100%(n200)  rnd17=100%(n200)  rnd18=98%(n200)  rnd19=100%(n200)  rnd2=98%(n200)  rnd20=100%(n200)  rnd21=100%(n200)  rnd22=100%(n200)  rnd23=93%(n200)  rnd24=100%(n200)  rnd25=100%(n200)  rnd26=100%(n200)  rnd27=10%(n200)  rnd28=100%(n200)  rnd29=100%(n200)  rnd3=87%(n200)  rnd4=100%(n200)  rnd5=99%(n200)  rnd6=100%(n200)  rnd7=98%(n200)  rnd8=97%(n200)  rnd9=99%(n200)
          └ 이동 분포: straight=67%  left=17%  right=16%
Ep 11300/15000 | R=  207.1 | Fuel=750.7mL | Wait= 270s | Steps=48.4 | Reach=94% | ε=0.050 | Loss=44.774 | t=12923s
          ├ 토폴로지 도달률(최근50): gangnam_clean_topology=92%
          ├ OD별 도달률(최근200): rnd0=100%(n200)  rnd1=100%(n200)  rnd10=99%(n200)  rnd11=98%(n200)  rnd12=100%(n200)  rnd13=100%(n200)  rnd14=100%(n200)  rnd15=0%(n200)  rnd16=100%(n200)  rnd17=100%(n200)  rnd18=98%(n200)  rnd19=100%(n200)  rnd2=98%(n200)  rnd20=100%(n200)  rnd21=100%(n200)  rnd22=100%(n200)  rnd23=93%(n200)  rnd24=100%(n200)  rnd25=100%(n200)  rnd26=100%(n200)  rnd27=11%(n200)  rnd28=100%(n200)  rnd29=100%(n200)  rnd3=88%(n200)  rnd4=100%(n200)  rnd5=99%(n200)  rnd6=100%(n200)  rnd7=98%(n200)  rnd8=98%(n200)  rnd9=99%(n200)
          └ 이동 분포: straight=68%  left=15%  right=17%
Ep 11400/15000 | R=  119.9 | Fuel=860.2mL | Wait= 346s | Steps=55.3 | Reach=97% | ε=0.050 | Loss=47.166 | t=13006s
          ├ 토폴로지 도달률(최근50): gangnam_clean_topology=98%
          ├ OD별 도달률(최근200): rnd0=100%(n200)  rnd1=100%(n200)  rnd10=99%(n200)  rnd11=98%(n200)  rnd12=100%(n200)  rnd13=100%(n200)  rnd14=100%(n200)  rnd15=0%(n200)  rnd16=100%(n200)  rnd17=100%(n200)  rnd18=98%(n200)  rnd19=100%(n200)  rnd2=98%(n200)  rnd20=100%(n200)  rnd21=100%(n200)  rnd22=100%(n200)  rnd23=94%(n200)  rnd24=100%(n200)  rnd25=100%(n200)  rnd26=100%(n200)  rnd27=12%(n200)  rnd28=100%(n200)  rnd29=100%(n200)  rnd3=90%(n200)  rnd4=100%(n200)  rnd5=99%(n200)  rnd6=100%(n200)  rnd7=98%(n200)  rnd8=98%(n200)  rnd9=99%(n200)
          └ 이동 분포: straight=65%  left=17%  right=18%
Ep 11500/15000 | R=  113.6 | Fuel=854.5mL | Wait= 332s | Steps=55.5 | Reach=92% | ε=0.050 | Loss=48.168 | t=13084s
          ├ 토폴로지 도달률(최근50): gangnam_clean_topology=92%
          ├ OD별 도달률(최근200): rnd0=100%(n200)  rnd1=100%(n200)  rnd10=99%(n200)  rnd11=99%(n200)  rnd12=100%(n200)  rnd13=100%(n200)  rnd14=100%(n200)  rnd15=0%(n200)  rnd16=100%(n200)  rnd17=100%(n200)  rnd18=98%(n200)  rnd19=100%(n200)  rnd2=98%(n200)  rnd20=100%(n200)  rnd21=100%(n200)  rnd22=100%(n200)  rnd23=94%(n200)  rnd24=100%(n200)  rnd25=100%(n200)  rnd26=100%(n200)  rnd27=12%(n200)  rnd28=100%(n200)  rnd29=100%(n200)  rnd3=92%(n200)  rnd4=100%(n200)  rnd5=99%(n200)  rnd6=100%(n200)  rnd7=99%(n200)  rnd8=99%(n200)  rnd9=99%(n200)
          └ 이동 분포: straight=66%  left=18%  right=16%
Ep 11600/15000 | R=   99.2 | Fuel=816.5mL | Wait= 319s | Steps=54.3 | Reach=91% | ε=0.050 | Loss=49.216 | t=13157s
          ├ 토폴로지 도달률(최근50): gangnam_clean_topology=88%
          ├ OD별 도달률(최근200): rnd0=100%(n200)  rnd1=100%(n200)  rnd10=99%(n200)  rnd11=99%(n200)  rnd12=100%(n200)  rnd13=100%(n200)  rnd14=100%(n200)  rnd15=0%(n200)  rnd16=100%(n200)  rnd17=100%(n200)  rnd18=98%(n200)  rnd19=100%(n200)  rnd2=98%(n200)  rnd20=100%(n200)  rnd21=100%(n200)  rnd22=100%(n200)  rnd23=96%(n200)  rnd24=100%(n200)  rnd25=100%(n200)  rnd26=100%(n200)  rnd27=12%(n200)  rnd28=100%(n200)  rnd29=100%(n200)  rnd3=92%(n200)  rnd4=100%(n200)  rnd5=99%(n200)  rnd6=100%(n200)  rnd7=99%(n200)  rnd8=100%(n200)  rnd9=99%(n200)
          └ 이동 분포: straight=68%  left=16%  right=16%
Ep 11700/15000 | R=  137.0 | Fuel=764.2mL | Wait= 282s | Steps=51.4 | Reach=91% | ε=0.050 | Loss=51.534 | t=13232s
          ├ 토폴로지 도달률(최근50): gangnam_clean_topology=90%
          ├ OD별 도달률(최근200): rnd0=100%(n200)  rnd1=100%(n200)  rnd10=100%(n200)  rnd11=99%(n200)  rnd12=100%(n200)  rnd13=100%(n200)  rnd14=100%(n200)  rnd15=0%(n200)  rnd16=100%(n200)  rnd17=100%(n200)  rnd18=98%(n200)  rnd19=100%(n200)  rnd2=98%(n200)  rnd20=100%(n200)  rnd21=100%(n200)  rnd22=100%(n200)  rnd23=97%(n200)  rnd24=100%(n200)  rnd25=100%(n200)  rnd26=100%(n200)  rnd27=12%(n200)  rnd28=100%(n200)  rnd29=100%(n200)  rnd3=92%(n200)  rnd4=100%(n200)  rnd5=99%(n200)  rnd6=100%(n200)  rnd7=99%(n200)  rnd8=100%(n200)  rnd9=99%(n200)
          └ 이동 분포: straight=67%  left=16%  right=17%
Ep 11800/15000 | R=  197.7 | Fuel=759.4mL | Wait= 295s | Steps=49.1 | Reach=92% | ε=0.050 | Loss=49.235 | t=13328s
          ├ 토폴로지 도달률(최근50): gangnam_clean_topology=96%
          ├ OD별 도달률(최근200): rnd0=100%(n200)  rnd1=100%(n200)  rnd10=100%(n200)  rnd11=99%(n200)  rnd12=100%(n200)  rnd13=100%(n200)  rnd14=100%(n200)  rnd15=0%(n200)  rnd16=100%(n200)  rnd17=100%(n200)  rnd18=98%(n200)  rnd19=100%(n200)  rnd2=98%(n200)  rnd20=100%(n200)  rnd21=100%(n200)  rnd22=100%(n200)  rnd23=98%(n200)  rnd24=100%(n200)  rnd25=100%(n200)  rnd26=100%(n200)  rnd27=12%(n200)  rnd28=100%(n200)  rnd29=100%(n200)  rnd3=93%(n200)  rnd4=100%(n200)  rnd5=100%(n200)  rnd6=100%(n200)  rnd7=99%(n200)  rnd8=100%(n200)  rnd9=99%(n200)
          └ 이동 분포: straight=67%  left=16%  right=16%
Ep 11900/15000 | R=  223.0 | Fuel=745.0mL | Wait= 269s | Steps=49.0 | Reach=92% | ε=0.050 | Loss=49.932 | t=13422s
          ├ 토폴로지 도달률(최근50): gangnam_clean_topology=90%
          ├ OD별 도달률(최근200): rnd0=100%(n200)  rnd1=100%(n200)  rnd10=100%(n200)  rnd11=99%(n200)  rnd12=100%(n200)  rnd13=100%(n200)  rnd14=100%(n200)  rnd15=0%(n200)  rnd16=100%(n200)  rnd17=100%(n200)  rnd18=98%(n200)  rnd19=100%(n200)  rnd2=98%(n200)  rnd20=100%(n200)  rnd21=100%(n200)  rnd22=100%(n200)  rnd23=98%(n200)  rnd24=100%(n200)  rnd25=100%(n200)  rnd26=100%(n200)  rnd27=12%(n200)  rnd28=100%(n200)  rnd29=100%(n200)  rnd3=94%(n200)  rnd4=100%(n200)  rnd5=100%(n200)  rnd6=100%(n200)  rnd7=99%(n200)  rnd8=100%(n200)  rnd9=99%(n200)
          └ 이동 분포: straight=67%  left=16%  right=17%
Ep 12000/15000 | R=  237.5 | Fuel=795.9mL | Wait= 290s | Steps=51.6 | Reach=94% | ε=0.050 | Loss=44.863 | t=13495s
          ├ 토폴로지 도달률(최근50): gangnam_clean_topology=92%
          ├ OD별 도달률(최근200): rnd0=100%(n200)  rnd1=100%(n200)  rnd10=100%(n200)  rnd11=99%(n200)  rnd12=100%(n200)  rnd13=100%(n200)  rnd14=100%(n200)  rnd15=0%(n200)  rnd16=100%(n200)  rnd17=100%(n200)  rnd18=98%(n200)  rnd19=100%(n200)  rnd2=98%(n200)  rnd20=100%(n200)  rnd21=100%(n200)  rnd22=100%(n200)  rnd23=98%(n200)  rnd24=100%(n200)  rnd25=100%(n200)  rnd26=100%(n200)  rnd27=12%(n200)  rnd28=100%(n200)  rnd29=100%(n200)  rnd3=97%(n200)  rnd4=100%(n200)  rnd5=100%(n200)  rnd6=100%(n200)  rnd7=99%(n200)  rnd8=100%(n200)  rnd9=99%(n200)
          └ 이동 분포: straight=67%  left=17%  right=16%
Ep 12100/15000 | R=   96.1 | Fuel=830.9mL | Wait= 348s | Steps=54.9 | Reach=89% | ε=0.050 | Loss=49.816 | t=13619s
          ├ 토폴로지 도달률(최근50): gangnam_clean_topology=90%
          ├ OD별 도달률(최근200): rnd0=100%(n200)  rnd1=100%(n200)  rnd10=100%(n200)  rnd11=99%(n200)  rnd12=100%(n200)  rnd13=100%(n200)  rnd14=100%(n200)  rnd15=0%(n200)  rnd16=100%(n200)  rnd17=100%(n200)  rnd18=98%(n200)  rnd19=100%(n200)  rnd2=98%(n200)  rnd20=100%(n200)  rnd21=100%(n200)  rnd22=100%(n200)  rnd23=98%(n200)  rnd24=100%(n200)  rnd25=100%(n200)  rnd26=100%(n200)  rnd27=10%(n200)  rnd28=100%(n200)  rnd29=100%(n200)  rnd3=98%(n200)  rnd4=100%(n200)  rnd5=100%(n200)  rnd6=100%(n200)  rnd7=99%(n200)  rnd8=100%(n200)  rnd9=99%(n200)
          └ 이동 분포: straight=65%  left=17%  right=18%
Ep 12200/15000 | R=  212.6 | Fuel=753.8mL | Wait= 272s | Steps=50.9 | Reach=96% | ε=0.050 | Loss=49.177 | t=13704s
          ├ 토폴로지 도달률(최근50): gangnam_clean_topology=98%
          ├ OD별 도달률(최근200): rnd0=100%(n200)  rnd1=100%(n200)  rnd10=100%(n200)  rnd11=99%(n200)  rnd12=100%(n200)  rnd13=100%(n200)  rnd14=100%(n200)  rnd15=0%(n200)  rnd16=100%(n200)  rnd17=100%(n200)  rnd18=98%(n200)  rnd19=100%(n200)  rnd2=98%(n200)  rnd20=100%(n200)  rnd21=100%(n200)  rnd22=100%(n200)  rnd23=98%(n200)  rnd24=100%(n200)  rnd25=100%(n200)  rnd26=100%(n200)  rnd27=10%(n200)  rnd28=100%(n200)  rnd29=100%(n200)  rnd3=98%(n200)  rnd4=100%(n200)  rnd5=100%(n200)  rnd6=100%(n200)  rnd7=99%(n200)  rnd8=100%(n200)  rnd9=99%(n200)
          └ 이동 분포: straight=67%  left=17%  right=16%
Ep 12300/15000 | R=  161.4 | Fuel=802.8mL | Wait= 296s | Steps=53.1 | Reach=92% | ε=0.050 | Loss=50.188 | t=13812s
          ├ 토폴로지 도달률(최근50): gangnam_clean_topology=92%
          ├ OD별 도달률(최근200): rnd0=100%(n200)  rnd1=100%(n200)  rnd10=100%(n200)  rnd11=99%(n200)  rnd12=100%(n200)  rnd13=100%(n200)  rnd14=100%(n200)  rnd15=0%(n200)  rnd16=100%(n200)  rnd17=100%(n200)  rnd18=98%(n200)  rnd19=100%(n200)  rnd2=98%(n200)  rnd20=100%(n200)  rnd21=100%(n200)  rnd22=100%(n200)  rnd23=98%(n200)  rnd24=100%(n200)  rnd25=100%(n200)  rnd26=100%(n200)  rnd27=10%(n200)  rnd28=100%(n200)  rnd29=100%(n200)  rnd3=98%(n200)  rnd4=100%(n200)  rnd5=100%(n200)  rnd6=100%(n200)  rnd7=99%(n200)  rnd8=100%(n200)  rnd9=99%(n200)
          └ 이동 분포: straight=66%  left=17%  right=17%
Ep 12400/15000 | R=  285.6 | Fuel=735.1mL | Wait= 298s | Steps=46.9 | Reach=97% | ε=0.050 | Loss=53.719 | t=13907s
          ├ 토폴로지 도달률(최근50): gangnam_clean_topology=94%
          ├ OD별 도달률(최근200): rnd0=100%(n200)  rnd1=100%(n200)  rnd10=100%(n200)  rnd11=99%(n200)  rnd12=100%(n200)  rnd13=100%(n200)  rnd14=100%(n200)  rnd15=0%(n200)  rnd16=100%(n200)  rnd17=100%(n200)  rnd18=99%(n200)  rnd19=100%(n200)  rnd2=98%(n200)  rnd20=100%(n200)  rnd21=100%(n200)  rnd22=100%(n200)  rnd23=98%(n200)  rnd24=100%(n200)  rnd25=100%(n200)  rnd26=100%(n200)  rnd27=10%(n200)  rnd28=100%(n200)  rnd29=100%(n200)  rnd3=98%(n200)  rnd4=100%(n200)  rnd5=100%(n200)  rnd6=100%(n200)  rnd7=99%(n200)  rnd8=100%(n200)  rnd9=99%(n200)
          └ 이동 분포: straight=68%  left=16%  right=16%
Ep 12500/15000 | R=   81.1 | Fuel=854.1mL | Wait= 311s | Steps=57.4 | Reach=91% | ε=0.050 | Loss=44.414 | t=14021s
          ├ 토폴로지 도달률(최근50): gangnam_clean_topology=88%
          ├ OD별 도달률(최근200): rnd0=100%(n200)  rnd1=100%(n200)  rnd10=100%(n200)  rnd11=99%(n200)  rnd12=100%(n200)  rnd13=100%(n200)  rnd14=100%(n200)  rnd15=0%(n200)  rnd16=100%(n200)  rnd17=100%(n200)  rnd18=99%(n200)  rnd19=100%(n200)  rnd2=98%(n200)  rnd20=100%(n200)  rnd21=100%(n200)  rnd22=100%(n200)  rnd23=98%(n200)  rnd24=100%(n200)  rnd25=100%(n200)  rnd26=100%(n200)  rnd27=10%(n200)  rnd28=100%(n200)  rnd29=100%(n200)  rnd3=98%(n200)  rnd4=100%(n200)  rnd5=100%(n200)  rnd6=100%(n200)  rnd7=99%(n200)  rnd8=100%(n200)  rnd9=100%(n200)
          └ 이동 분포: straight=65%  left=17%  right=18%
  [체크포인트] model_rl_base_ep12500.pth
Ep 12600/15000 | R=  253.4 | Fuel=747.7mL | Wait= 266s | Steps=51.1 | Reach=96% | ε=0.050 | Loss=43.964 | t=14089s
          ├ 토폴로지 도달률(최근50): gangnam_clean_topology=96%
          ├ OD별 도달률(최근200): rnd0=100%(n200)  rnd1=100%(n200)  rnd10=100%(n200)  rnd11=99%(n200)  rnd12=100%(n200)  rnd13=100%(n200)  rnd14=100%(n200)  rnd15=0%(n200)  rnd16=100%(n200)  rnd17=100%(n200)  rnd18=99%(n200)  rnd19=100%(n200)  rnd2=98%(n200)  rnd20=100%(n200)  rnd21=100%(n200)  rnd22=100%(n200)  rnd23=98%(n200)  rnd24=100%(n200)  rnd25=100%(n200)  rnd26=100%(n200)  rnd27=10%(n200)  rnd28=100%(n200)  rnd29=100%(n200)  rnd3=98%(n200)  rnd4=100%(n200)  rnd5=100%(n200)  rnd6=100%(n200)  rnd7=99%(n200)  rnd8=100%(n200)  rnd9=100%(n200)
          └ 이동 분포: straight=67%  left=16%  right=17%
Ep 12700/15000 | R=  130.8 | Fuel=832.1mL | Wait= 306s | Steps=54.3 | Reach=94% | ε=0.050 | Loss=46.743 | t=14211s
          ├ 토폴로지 도달률(최근50): gangnam_clean_topology=92%
          ├ OD별 도달률(최근200): rnd0=100%(n200)  rnd1=100%(n200)  rnd10=100%(n200)  rnd11=99%(n200)  rnd12=100%(n200)  rnd13=100%(n200)  rnd14=100%(n200)  rnd15=0%(n200)  rnd16=100%(n200)  rnd17=100%(n200)  rnd18=99%(n200)  rnd19=100%(n200)  rnd2=98%(n200)  rnd20=100%(n200)  rnd21=100%(n200)  rnd22=100%(n200)  rnd23=98%(n200)  rnd24=100%(n200)  rnd25=100%(n200)  rnd26=100%(n200)  rnd27=10%(n200)  rnd28=100%(n200)  rnd29=100%(n200)  rnd3=98%(n200)  rnd4=100%(n200)  rnd5=100%(n200)  rnd6=100%(n200)  rnd7=99%(n200)  rnd8=100%(n200)  rnd9=100%(n200)
          └ 이동 분포: straight=68%  left=15%  right=18%
Ep 12800/15000 | R=  186.9 | Fuel=818.6mL | Wait= 310s | Steps=52.9 | Reach=95% | ε=0.050 | Loss=48.202 | t=14315s
          ├ 토폴로지 도달률(최근50): gangnam_clean_topology=92%
          ├ OD별 도달률(최근200): rnd0=100%(n200)  rnd1=100%(n200)  rnd10=100%(n200)  rnd11=100%(n200)  rnd12=100%(n200)  rnd13=100%(n200)  rnd14=100%(n200)  rnd15=1%(n200)  rnd16=100%(n200)  rnd17=100%(n200)  rnd18=99%(n200)  rnd19=100%(n200)  rnd2=98%(n200)  rnd20=100%(n200)  rnd21=100%(n200)  rnd22=100%(n200)  rnd23=98%(n200)  rnd24=100%(n200)  rnd25=100%(n200)  rnd26=100%(n200)  rnd27=10%(n200)  rnd28=100%(n200)  rnd29=100%(n200)  rnd3=98%(n200)  rnd4=100%(n200)  rnd5=100%(n200)  rnd6=100%(n200)  rnd7=99%(n200)  rnd8=100%(n200)  rnd9=100%(n200)
          └ 이동 분포: straight=68%  left=16%  right=17%
Ep 12900/15000 | R=  106.1 | Fuel=851.6mL | Wait= 328s | Steps=56.0 | Reach=93% | ε=0.050 | Loss=52.354 | t=14427s
          ├ 토폴로지 도달률(최근50): gangnam_clean_topology=92%
          ├ OD별 도달률(최근200): rnd0=100%(n200)  rnd1=100%(n200)  rnd10=100%(n200)  rnd11=100%(n200)  rnd12=100%(n200)  rnd13=100%(n200)  rnd14=100%(n200)  rnd15=1%(n200)  rnd16=100%(n200)  rnd17=100%(n200)  rnd18=99%(n200)  rnd19=100%(n200)  rnd2=98%(n200)  rnd20=100%(n200)  rnd21=100%(n200)  rnd22=100%(n200)  rnd23=98%(n200)  rnd24=100%(n200)  rnd25=100%(n200)  rnd26=100%(n200)  rnd27=10%(n200)  rnd28=100%(n200)  rnd29=100%(n200)  rnd3=98%(n200)  rnd4=100%(n200)  rnd5=100%(n200)  rnd6=100%(n200)  rnd7=99%(n200)  rnd8=100%(n200)  rnd9=100%(n200)
          └ 이동 분포: straight=67%  left=17%  right=16%
Ep 13000/15000 | R=  201.7 | Fuel=865.4mL | Wait= 335s | Steps=56.1 | Reach=98% | ε=0.050 | Loss=46.366 | t=14513s
          ├ 토폴로지 도달률(최근50): gangnam_clean_topology=98%
          ├ OD별 도달률(최근200): rnd0=100%(n200)  rnd1=100%(n200)  rnd10=100%(n200)  rnd11=100%(n200)  rnd12=100%(n200)  rnd13=100%(n200)  rnd14=100%(n200)  rnd15=1%(n200)  rnd16=100%(n200)  rnd17=100%(n200)  rnd18=99%(n200)  rnd19=100%(n200)  rnd2=98%(n200)  rnd20=100%(n200)  rnd21=100%(n200)  rnd22=100%(n200)  rnd23=98%(n200)  rnd24=100%(n200)  rnd25=100%(n200)  rnd26=100%(n200)  rnd27=10%(n200)  rnd28=100%(n200)  rnd29=100%(n200)  rnd3=98%(n200)  rnd4=100%(n200)  rnd5=100%(n200)  rnd6=100%(n200)  rnd7=99%(n200)  rnd8=100%(n200)  rnd9=100%(n200)
          └ 이동 분포: straight=69%  left=16%  right=16%
Ep 13100/15000 | R=  119.1 | Fuel=886.1mL | Wait= 297s | Steps=57.8 | Reach=93% | ε=0.050 | Loss=41.609 | t=14636s
          ├ 토폴로지 도달률(최근50): gangnam_clean_topology=86%
          ├ OD별 도달률(최근200): rnd0=100%(n200)  rnd1=100%(n200)  rnd10=100%(n200)  rnd11=100%(n200)  rnd12=100%(n200)  rnd13=100%(n200)  rnd14=100%(n200)  rnd15=1%(n200)  rnd16=100%(n200)  rnd17=100%(n200)  rnd18=99%(n200)  rnd19=100%(n200)  rnd2=98%(n200)  rnd20=100%(n200)  rnd21=100%(n200)  rnd22=100%(n200)  rnd23=98%(n200)  rnd24=100%(n200)  rnd25=100%(n200)  rnd26=100%(n200)  rnd27=11%(n200)  rnd28=100%(n200)  rnd29=100%(n200)  rnd3=98%(n200)  rnd4=100%(n200)  rnd5=100%(n200)  rnd6=100%(n200)  rnd7=99%(n200)  rnd8=100%(n200)  rnd9=100%(n200)
          └ 이동 분포: straight=67%  left=16%  right=18%
Ep 13200/15000 | R=  192.4 | Fuel=803.2mL | Wait= 298s | Steps=52.8 | Reach=92% | ε=0.050 | Loss=44.466 | t=14734s
          ├ 토폴로지 도달률(최근50): gangnam_clean_topology=96%
          ├ OD별 도달률(최근200): rnd0=100%(n200)  rnd1=100%(n200)  rnd10=100%(n200)  rnd11=100%(n200)  rnd12=100%(n200)  rnd13=100%(n200)  rnd14=100%(n200)  rnd15=1%(n200)  rnd16=100%(n200)  rnd17=100%(n200)  rnd18=99%(n200)  rnd19=100%(n200)  rnd2=98%(n200)  rnd20=100%(n200)  rnd21=100%(n200)  rnd22=100%(n200)  rnd23=99%(n200)  rnd24=100%(n200)  rnd25=100%(n200)  rnd26=100%(n200)  rnd27=11%(n200)  rnd28=100%(n200)  rnd29=100%(n200)  rnd3=98%(n200)  rnd4=100%(n200)  rnd5=100%(n200)  rnd6=100%(n200)  rnd7=99%(n200)  rnd8=100%(n200)  rnd9=100%(n200)
          └ 이동 분포: straight=68%  left=17%  right=15%
Ep 13300/15000 | R=  188.9 | Fuel=808.8mL | Wait= 306s | Steps=53.2 | Reach=94% | ε=0.050 | Loss=44.040 | t=14837s
          ├ 토폴로지 도달률(최근50): gangnam_clean_topology=94%
          ├ OD별 도달률(최근200): rnd0=100%(n200)  rnd1=100%(n200)  rnd10=100%(n200)  rnd11=100%(n200)  rnd12=100%(n200)  rnd13=100%(n200)  rnd14=100%(n200)  rnd15=1%(n200)  rnd16=100%(n200)  rnd17=100%(n200)  rnd18=99%(n200)  rnd19=100%(n200)  rnd2=98%(n200)  rnd20=100%(n200)  rnd21=100%(n200)  rnd22=100%(n200)  rnd23=99%(n200)  rnd24=100%(n200)  rnd25=100%(n200)  rnd26=100%(n200)  rnd27=12%(n200)  rnd28=100%(n200)  rnd29=100%(n200)  rnd3=98%(n200)  rnd4=100%(n200)  rnd5=100%(n200)  rnd6=100%(n200)  rnd7=99%(n200)  rnd8=100%(n200)  rnd9=100%(n200)
          └ 이동 분포: straight=68%  left=18%  right=15%
Ep 13400/15000 | R=  -14.8 | Fuel=851.7mL | Wait= 333s | Steps=58.1 | Reach=87% | ε=0.050 | Loss=48.322 | t=14929s
          ├ 토폴로지 도달률(최근50): gangnam_clean_topology=88%
          ├ OD별 도달률(최근200): rnd0=100%(n200)  rnd1=100%(n200)  rnd10=100%(n200)  rnd11=100%(n200)  rnd12=100%(n200)  rnd13=100%(n200)  rnd14=100%(n200)  rnd15=1%(n200)  rnd16=100%(n200)  rnd17=100%(n200)  rnd18=99%(n200)  rnd19=100%(n200)  rnd2=98%(n200)  rnd20=100%(n200)  rnd21=100%(n200)  rnd22=100%(n200)  rnd23=99%(n200)  rnd24=100%(n200)  rnd25=100%(n200)  rnd26=100%(n200)  rnd27=12%(n200)  rnd28=100%(n200)  rnd29=100%(n200)  rnd3=98%(n200)  rnd4=100%(n200)  rnd5=100%(n200)  rnd6=100%(n200)  rnd7=99%(n200)  rnd8=100%(n200)  rnd9=100%(n200)
          └ 이동 분포: straight=67%  left=17%  right=16%
Ep 13500/15000 | R=  244.9 | Fuel=761.8mL | Wait= 272s | Steps=50.4 | Reach=95% | ε=0.050 | Loss=47.819 | t=15040s
          ├ 토폴로지 도달률(최근50): gangnam_clean_topology=92%
          ├ OD별 도달률(최근200): rnd0=100%(n200)  rnd1=100%(n200)  rnd10=100%(n200)  rnd11=100%(n200)  rnd12=100%(n200)  rnd13=100%(n200)  rnd14=100%(n200)  rnd15=1%(n200)  rnd16=100%(n200)  rnd17=100%(n200)  rnd18=99%(n200)  rnd19=100%(n200)  rnd2=98%(n200)  rnd20=100%(n200)  rnd21=100%(n200)  rnd22=100%(n200)  rnd23=99%(n200)  rnd24=100%(n200)  rnd25=100%(n200)  rnd26=100%(n200)  rnd27=12%(n200)  rnd28=100%(n200)  rnd29=100%(n200)  rnd3=98%(n200)  rnd4=100%(n200)  rnd5=100%(n200)  rnd6=100%(n200)  rnd7=99%(n200)  rnd8=100%(n200)  rnd9=100%(n200)
          └ 이동 분포: straight=68%  left=16%  right=16%
Ep 13600/15000 | R=  -94.8 | Fuel=979.3mL | Wait= 326s | Steps=62.6 | Reach=91% | ε=0.050 | Loss=43.539 | t=15171s
          ├ 토폴로지 도달률(최근50): gangnam_clean_topology=90%
          ├ OD별 도달률(최근200): rnd0=100%(n200)  rnd1=100%(n200)  rnd10=100%(n200)  rnd11=100%(n200)  rnd12=100%(n200)  rnd13=100%(n200)  rnd14=100%(n200)  rnd15=2%(n200)  rnd16=100%(n200)  rnd17=100%(n200)  rnd18=99%(n200)  rnd19=100%(n200)  rnd2=98%(n200)  rnd20=100%(n200)  rnd21=100%(n200)  rnd22=100%(n200)  rnd23=99%(n200)  rnd24=100%(n200)  rnd25=100%(n200)  rnd26=100%(n200)  rnd27=12%(n200)  rnd28=100%(n200)  rnd29=100%(n200)  rnd3=98%(n200)  rnd4=100%(n200)  rnd5=100%(n200)  rnd6=100%(n200)  rnd7=99%(n200)  rnd8=100%(n200)  rnd9=100%(n200)
          └ 이동 분포: straight=66%  left=17%  right=17%
Ep 13700/15000 | R=  154.3 | Fuel=785.0mL | Wait= 288s | Steps=52.4 | Reach=90% | ε=0.050 | Loss=48.252 | t=15285s
          ├ 토폴로지 도달률(최근50): gangnam_clean_topology=92%
          ├ OD별 도달률(최근200): rnd0=100%(n200)  rnd1=100%(n200)  rnd10=100%(n200)  rnd11=100%(n200)  rnd12=100%(n200)  rnd13=100%(n200)  rnd14=100%(n200)  rnd15=2%(n200)  rnd16=100%(n200)  rnd17=100%(n200)  rnd18=99%(n200)  rnd19=100%(n200)  rnd2=98%(n200)  rnd20=100%(n200)  rnd21=100%(n200)  rnd22=100%(n200)  rnd23=99%(n200)  rnd24=100%(n200)  rnd25=100%(n200)  rnd26=100%(n200)  rnd27=12%(n200)  rnd28=100%(n200)  rnd29=100%(n200)  rnd3=98%(n200)  rnd4=100%(n200)  rnd5=100%(n200)  rnd6=100%(n200)  rnd7=99%(n200)  rnd8=100%(n200)  rnd9=100%(n200)
          └ 이동 분포: straight=67%  left=16%  right=17%
Ep 13800/15000 | R=  164.6 | Fuel=825.8mL | Wait= 314s | Steps=54.5 | Reach=95% | ε=0.050 | Loss=47.417 | t=15408s
          ├ 토폴로지 도달률(최근50): gangnam_clean_topology=98%
          ├ OD별 도달률(최근200): rnd0=100%(n200)  rnd1=100%(n200)  rnd10=100%(n200)  rnd11=100%(n200)  rnd12=100%(n200)  rnd13=100%(n200)  rnd14=100%(n200)  rnd15=2%(n200)  rnd16=100%(n200)  rnd17=100%(n200)  rnd18=98%(n200)  rnd19=100%(n200)  rnd2=98%(n200)  rnd20=100%(n200)  rnd21=100%(n200)  rnd22=100%(n200)  rnd23=99%(n200)  rnd24=100%(n200)  rnd25=100%(n200)  rnd26=100%(n200)  rnd27=10%(n200)  rnd28=100%(n200)  rnd29=100%(n200)  rnd3=98%(n200)  rnd4=100%(n200)  rnd5=100%(n200)  rnd6=100%(n200)  rnd7=99%(n200)  rnd8=100%(n200)  rnd9=100%(n200)
          └ 이동 분포: straight=66%  left=18%  right=16%
Ep 13900/15000 | R=  167.7 | Fuel=798.6mL | Wait= 314s | Steps=53.0 | Reach=94% | ε=0.050 | Loss=52.868 | t=15493s
          ├ 토폴로지 도달률(최근50): gangnam_clean_topology=94%
          ├ OD별 도달률(최근200): rnd0=100%(n200)  rnd1=100%(n200)  rnd10=100%(n200)  rnd11=100%(n200)  rnd12=100%(n200)  rnd13=100%(n200)  rnd14=100%(n200)  rnd15=2%(n200)  rnd16=100%(n200)  rnd17=100%(n200)  rnd18=98%(n200)  rnd19=100%(n200)  rnd2=98%(n200)  rnd20=100%(n200)  rnd21=100%(n200)  rnd22=100%(n200)  rnd23=99%(n200)  rnd24=100%(n200)  rnd25=100%(n200)  rnd26=100%(n200)  rnd27=11%(n200)  rnd28=100%(n200)  rnd29=100%(n200)  rnd3=98%(n200)  rnd4=100%(n200)  rnd5=100%(n200)  rnd6=100%(n200)  rnd7=99%(n200)  rnd8=100%(n200)  rnd9=100%(n200)
          └ 이동 분포: straight=68%  left=17%  right=16%
Ep 14000/15000 | R=  150.7 | Fuel=729.9mL | Wait= 263s | Steps=47.6 | Reach=87% | ε=0.050 | Loss=51.769 | t=15588s
          ├ 토폴로지 도달률(최근50): gangnam_clean_topology=96%
          ├ OD별 도달률(최근200): rnd0=100%(n200)  rnd1=100%(n200)  rnd10=100%(n200)  rnd11=100%(n200)  rnd12=100%(n200)  rnd13=100%(n200)  rnd14=100%(n200)  rnd15=2%(n200)  rnd16=100%(n200)  rnd17=100%(n200)  rnd18=98%(n200)  rnd19=100%(n200)  rnd2=98%(n200)  rnd20=100%(n200)  rnd21=100%(n200)  rnd22=100%(n200)  rnd23=99%(n200)  rnd24=100%(n200)  rnd25=100%(n200)  rnd26=100%(n200)  rnd27=10%(n200)  rnd28=100%(n200)  rnd29=100%(n200)  rnd3=98%(n200)  rnd4=100%(n200)  rnd5=100%(n200)  rnd6=100%(n200)  rnd7=99%(n200)  rnd8=100%(n200)  rnd9=100%(n200)
          └ 이동 분포: straight=65%  left=17%  right=18%
Ep 14100/15000 | R=  115.1 | Fuel=845.5mL | Wait= 328s | Steps=53.7 | Reach=95% | ε=0.050 | Loss=48.098 | t=15705s
          ├ 토폴로지 도달률(최근50): gangnam_clean_topology=94%
          ├ OD별 도달률(최근200): rnd0=100%(n200)  rnd1=100%(n200)  rnd10=100%(n200)  rnd11=100%(n200)  rnd12=100%(n200)  rnd13=100%(n200)  rnd14=100%(n200)  rnd15=4%(n200)  rnd16=100%(n200)  rnd17=100%(n200)  rnd18=98%(n200)  rnd19=100%(n200)  rnd2=98%(n200)  rnd20=100%(n200)  rnd21=100%(n200)  rnd22=100%(n200)  rnd23=99%(n200)  rnd24=100%(n200)  rnd25=100%(n200)  rnd26=100%(n200)  rnd27=10%(n200)  rnd28=100%(n200)  rnd29=100%(n200)  rnd3=98%(n200)  rnd4=100%(n200)  rnd5=100%(n200)  rnd6=100%(n200)  rnd7=99%(n200)  rnd8=100%(n200)  rnd9=100%(n200)
          └ 이동 분포: straight=66%  left=16%  right=18%
Ep 14200/15000 | R=  210.2 | Fuel=840.8mL | Wait= 323s | Steps=54.9 | Reach=95% | ε=0.050 | Loss=48.204 | t=15811s
          ├ 토폴로지 도달률(최근50): gangnam_clean_topology=98%
          ├ OD별 도달률(최근200): rnd0=100%(n200)  rnd1=100%(n200)  rnd10=100%(n200)  rnd11=100%(n200)  rnd12=100%(n200)  rnd13=100%(n200)  rnd14=100%(n200)  rnd15=6%(n200)  rnd16=100%(n200)  rnd17=100%(n200)  rnd18=98%(n200)  rnd19=100%(n200)  rnd2=98%(n200)  rnd20=100%(n200)  rnd21=100%(n200)  rnd22=100%(n200)  rnd23=99%(n200)  rnd24=100%(n200)  rnd25=100%(n200)  rnd26=100%(n200)  rnd27=8%(n200)  rnd28=100%(n200)  rnd29=100%(n200)  rnd3=98%(n200)  rnd4=100%(n200)  rnd5=100%(n200)  rnd6=100%(n200)  rnd7=99%(n200)  rnd8=100%(n200)  rnd9=100%(n200)
          └ 이동 분포: straight=70%  left=15%  right=15%
Ep 14300/15000 | R=  247.3 | Fuel=760.1mL | Wait= 289s | Steps=50.3 | Reach=97% | ε=0.050 | Loss=47.212 | t=15903s
          ├ 토폴로지 도달률(최근50): gangnam_clean_topology=100%
          ├ OD별 도달률(최근200): rnd0=100%(n200)  rnd1=100%(n200)  rnd10=100%(n200)  rnd11=100%(n200)  rnd12=100%(n200)  rnd13=100%(n200)  rnd14=100%(n200)  rnd15=6%(n200)  rnd16=100%(n200)  rnd17=100%(n200)  rnd18=98%(n200)  rnd19=100%(n200)  rnd2=98%(n200)  rnd20=100%(n200)  rnd21=100%(n200)  rnd22=100%(n200)  rnd23=99%(n200)  rnd24=100%(n200)  rnd25=100%(n200)  rnd26=100%(n200)  rnd27=8%(n200)  rnd28=100%(n200)  rnd29=100%(n200)  rnd3=98%(n200)  rnd4=100%(n200)  rnd5=100%(n200)  rnd6=100%(n200)  rnd7=99%(n200)  rnd8=100%(n200)  rnd9=100%(n200)
          └ 이동 분포: straight=68%  left=16%  right=16%
Ep 14400/15000 | R=  245.2 | Fuel=787.2mL | Wait= 285s | Steps=51.2 | Reach=97% | ε=0.050 | Loss=46.518 | t=16015s
          ├ 토폴로지 도달률(최근50): gangnam_clean_topology=98%
          ├ OD별 도달률(최근200): rnd0=100%(n200)  rnd1=100%(n200)  rnd10=100%(n200)  rnd11=100%(n200)  rnd12=100%(n200)  rnd13=100%(n200)  rnd14=100%(n200)  rnd15=7%(n200)  rnd16=100%(n200)  rnd17=100%(n200)  rnd18=98%(n200)  rnd19=100%(n200)  rnd2=98%(n200)  rnd20=100%(n200)  rnd21=100%(n200)  rnd22=100%(n200)  rnd23=99%(n200)  rnd24=100%(n200)  rnd25=100%(n200)  rnd26=100%(n200)  rnd27=8%(n200)  rnd28=100%(n200)  rnd29=100%(n200)  rnd3=98%(n200)  rnd4=100%(n200)  rnd5=100%(n200)  rnd6=100%(n200)  rnd7=99%(n200)  rnd8=100%(n200)  rnd9=100%(n200)
          └ 이동 분포: straight=70%  left=15%  right=15%
Ep 14500/15000 | R=  177.8 | Fuel=868.9mL | Wait= 307s | Steps=57.1 | Reach=93% | ε=0.050 | Loss=43.334 | t=16116s
          ├ 토폴로지 도달률(최근50): gangnam_clean_topology=90%
          ├ OD별 도달률(최근200): rnd0=100%(n200)  rnd1=100%(n200)  rnd10=100%(n200)  rnd11=100%(n200)  rnd12=100%(n200)  rnd13=100%(n200)  rnd14=100%(n200)  rnd15=7%(n200)  rnd16=100%(n200)  rnd17=100%(n200)  rnd18=98%(n200)  rnd19=100%(n200)  rnd2=98%(n200)  rnd20=100%(n200)  rnd21=100%(n200)  rnd22=100%(n200)  rnd23=99%(n200)  rnd24=100%(n200)  rnd25=100%(n200)  rnd26=100%(n200)  rnd27=8%(n200)  rnd28=100%(n200)  rnd29=100%(n200)  rnd3=98%(n200)  rnd4=100%(n200)  rnd5=100%(n200)  rnd6=100%(n200)  rnd7=99%(n200)  rnd8=100%(n200)  rnd9=100%(n200)
          └ 이동 분포: straight=70%  left=15%  right=15%
Ep 14600/15000 | R=  175.5 | Fuel=818.5mL | Wait= 307s | Steps=53.7 | Reach=95% | ε=0.050 | Loss=45.803 | t=16226s
          ├ 토폴로지 도달률(최근50): gangnam_clean_topology=94%
          ├ OD별 도달률(최근200): rnd0=100%(n200)  rnd1=100%(n200)  rnd10=100%(n200)  rnd11=100%(n200)  rnd12=100%(n200)  rnd13=100%(n200)  rnd14=100%(n200)  rnd15=8%(n200)  rnd16=100%(n200)  rnd17=100%(n200)  rnd18=98%(n200)  rnd19=100%(n200)  rnd2=98%(n200)  rnd20=100%(n200)  rnd21=100%(n200)  rnd22=100%(n200)  rnd23=99%(n200)  rnd24=100%(n200)  rnd25=100%(n200)  rnd26=100%(n200)  rnd27=8%(n200)  rnd28=100%(n200)  rnd29=100%(n200)  rnd3=98%(n200)  rnd4=100%(n200)  rnd5=100%(n200)  rnd6=100%(n200)  rnd7=99%(n200)  rnd8=100%(n200)  rnd9=100%(n200)
          └ 이동 분포: straight=68%  left=15%  right=17%
Ep 14700/15000 | R=  178.4 | Fuel=797.1mL | Wait= 293s | Steps=53.2 | Reach=90% | ε=0.050 | Loss=43.970 | t=16325s
          ├ 토폴로지 도달률(최근50): gangnam_clean_topology=90%
          ├ OD별 도달률(최근200): rnd0=100%(n200)  rnd1=100%(n200)  rnd10=100%(n200)  rnd11=100%(n200)  rnd12=100%(n200)  rnd13=100%(n200)  rnd14=100%(n200)  rnd15=8%(n200)  rnd16=100%(n200)  rnd17=100%(n200)  rnd18=98%(n200)  rnd19=100%(n200)  rnd2=98%(n200)  rnd20=100%(n200)  rnd21=100%(n200)  rnd22=100%(n200)  rnd23=99%(n200)  rnd24=100%(n200)  rnd25=100%(n200)  rnd26=100%(n200)  rnd27=8%(n200)  rnd28=100%(n200)  rnd29=100%(n200)  rnd3=98%(n200)  rnd4=100%(n200)  rnd5=100%(n200)  rnd6=100%(n200)  rnd7=99%(n200)  rnd8=100%(n200)  rnd9=100%(n200)
          └ 이동 분포: straight=67%  left=16%  right=17%
Ep 14800/15000 | R=  203.3 | Fuel=803.2mL | Wait= 305s | Steps=50.2 | Reach=95% | ε=0.050 | Loss=43.669 | t=16407s
          ├ 토폴로지 도달률(최근50): gangnam_clean_topology=100%
          ├ OD별 도달률(최근200): rnd0=100%(n200)  rnd1=100%(n200)  rnd10=100%(n200)  rnd11=100%(n200)  rnd12=100%(n200)  rnd13=100%(n200)  rnd14=100%(n200)  rnd15=8%(n200)  rnd16=100%(n200)  rnd17=100%(n200)  rnd18=98%(n200)  rnd19=100%(n200)  rnd2=98%(n200)  rnd20=100%(n200)  rnd21=100%(n200)  rnd22=100%(n200)  rnd23=99%(n200)  rnd24=100%(n200)  rnd25=100%(n200)  rnd26=100%(n200)  rnd27=8%(n200)  rnd28=100%(n200)  rnd29=100%(n200)  rnd3=98%(n200)  rnd4=100%(n200)  rnd5=100%(n200)  rnd6=100%(n200)  rnd7=100%(n200)  rnd8=100%(n200)  rnd9=100%(n200)
          └ 이동 분포: straight=67%  left=16%  right=17%
Ep 14900/15000 | R=  204.9 | Fuel=817.0mL | Wait= 319s | Steps=54.2 | Reach=98% | ε=0.050 | Loss=43.476 | t=16484s
          ├ 토폴로지 도달률(최근50): gangnam_clean_topology=98%
          ├ OD별 도달률(최근200): rnd0=100%(n200)  rnd1=100%(n200)  rnd10=100%(n200)  rnd11=100%(n200)  rnd12=100%(n200)  rnd13=100%(n200)  rnd14=100%(n200)  rnd15=10%(n200)  rnd16=100%(n200)  rnd17=100%(n200)  rnd18=98%(n200)  rnd19=100%(n200)  rnd2=98%(n200)  rnd20=100%(n200)  rnd21=100%(n200)  rnd22=100%(n200)  rnd23=99%(n200)  rnd24=100%(n200)  rnd25=100%(n200)  rnd26=100%(n200)  rnd27=8%(n200)  rnd28=100%(n200)  rnd29=100%(n200)  rnd3=98%(n200)  rnd4=100%(n200)  rnd5=100%(n200)  rnd6=100%(n200)  rnd7=100%(n200)  rnd8=100%(n200)  rnd9=100%(n200)
          └ 이동 분포: straight=68%  left=15%  right=17%
Ep 15000/15000 | R=   55.6 | Fuel=887.4mL | Wait= 345s | Steps=57.1 | Reach=97% | ε=0.050 | Loss=44.996 | t=16593s
          ├ 토폴로지 도달률(최근50): gangnam_clean_topology=98%
          ├ OD별 도달률(최근200): rnd0=100%(n200)  rnd1=100%(n200)  rnd10=100%(n200)  rnd11=100%(n200)  rnd12=100%(n200)  rnd13=100%(n200)  rnd14=100%(n200)  rnd15=12%(n200)  rnd16=100%(n200)  rnd17=100%(n200)  rnd18=98%(n200)  rnd19=100%(n200)  rnd2=98%(n200)  rnd20=100%(n200)  rnd21=100%(n200)  rnd22=100%(n200)  rnd23=99%(n200)  rnd24=100%(n200)  rnd25=100%(n200)  rnd26=100%(n200)  rnd27=8%(n200)  rnd28=100%(n200)  rnd29=100%(n200)  rnd3=98%(n200)  rnd4=100%(n200)  rnd5=100%(n200)  rnd6=100%(n200)  rnd7=100%(n200)  rnd8=100%(n200)  rnd9=100%(n200)
          └ 이동 분포: straight=65%  left=17%  right=18%
  [체크포인트] model_rl_base_ep15000.pth

============================================================
 학습 완료 | 최종 도달률(최근200): 97.5%
 최고 도달률: 98.0%  → model_rl_base_best.pth
 모델 저장 → models/model_rl_base.pth
============================================================

