/home/hjj/2605_E-Nudge_traffic_RL_V2/venv/lib/python3.13/site-packages/torch/cuda/__init__.py:187: UserWarning: CUDA initialization: The NVIDIA driver on your system is too old (found version 12020). Please update your GPU driver by downloading and installing a new version from the URL: http://www.nvidia.com/Download/index.aspx Alternatively, go to: https://pytorch.org to install a PyTorch version that has been compiled with your version of the CUDA driver. (Triggered internally at /pytorch/c10/cuda/CUDAFunctions.cpp:119.)
  return torch._C._cuda_getDeviceCount() > 0

============================================================
 학습 시작 | mode=attention | use_signal=True
 episodes=30000 | batch=128
 memory=80000 | warmup=2000 steps
 학습 토폴로지 (1개):
   - gangnam_clean_topology   w=1.00 nodes=1995 routes=30 max_steps=300
 ε: 1.0 → 0.05 (decay=0.99997, ~99856ep)
 shaping_w=1500.0  uturn_penalty=300.0  revisit_penalty=50.0  arrival_bonus=700.0
 dynamic_od_boost=False (floor=0.15)
 penalty_anneal_frac=0.5 floor=0.2
 fuel_shaping_w=0.0
============================================================
Ep  100/30000 | R=-17028.3 | Fuel=3942.7mL | Wait=1274s | Steps=265.6 | Reach=21% | ε=0.479 | Loss=1419.906 | t=263s
          ├ 토폴로지 도달률(최근50): gangnam_clean_topology=32%
          ├ OD별 도달률(최근200): rnd0=0%(n3)  rnd10=0%(n5)  rnd11=33%(n3)  rnd12=0%(n2)  rnd13=50%(n4)  rnd14=0%(n3)  rnd15=33%(n6)  rnd16=0%(n7)  rnd18=0%(n3)  rnd19=67%(n3)  rnd2=25%(n4)  rnd20=14%(n7)  rnd21=0%(n1)  rnd22=100%(n2)  rnd23=25%(n4)  rnd24=0%(n4)  rnd25=0%(n2)  rnd26=0%(n2)  rnd27=0%(n4)  rnd28=50%(n2)  rnd29=0%(n2)  rnd3=50%(n6)  rnd4=25%(n4)  rnd5=0%(n3)  rnd6=40%(n5)  rnd7=0%(n3)  rnd8=0%(n1)  rnd9=40%(n5)
          └ 이동 분포: straight=49%  left=25%  right=26%
Ep  200/30000 | R=-12216.3 | Fuel=3338.5mL | Wait=1218s | Steps=235.5 | Reach=48% | ε=0.236 | Loss=1998.308 | t=586s
          ├ 토폴로지 도달률(최근50): gangnam_clean_topology=54%
          ├ OD별 도달률(최근200): rnd0=67%(n9)  rnd1=0%(n1)  rnd10=0%(n5)  rnd11=50%(n6)  rnd12=29%(n7)  rnd13=29%(n7)  rnd14=0%(n6)  rnd15=55%(n11)  rnd16=10%(n10)  rnd17=0%(n1)  rnd18=29%(n7)  rnd19=67%(n6)  rnd2=20%(n5)  rnd20=18%(n11)  rnd21=25%(n4)  rnd22=100%(n7)  rnd23=33%(n6)  rnd24=17%(n6)  rnd25=29%(n7)  rnd26=0%(n5)  rnd27=25%(n8)  rnd28=67%(n3)  rnd29=60%(n5)  rnd3=56%(n9)  rnd4=14%(n7)  rnd5=25%(n4)  rnd6=38%(n8)  rnd7=11%(n9)  rnd8=57%(n7)  rnd9=38%(n13)
          └ 이동 분포: straight=54%  left=22%  right=24%
Ep  300/30000 | R=-10834.5 | Fuel=2961.0mL | Wait=1035s | Steps=215.6 | Reach=42% | ε=0.124 | Loss=2192.531 | t=801s
          ├ 토폴로지 도달률(최근50): gangnam_clean_topology=54%
          ├ OD별 도달률(최근200): rnd0=69%(n13)  rnd1=0%(n2)  rnd10=0%(n7)  rnd11=62%(n8)  rnd12=33%(n9)  rnd13=43%(n14)  rnd14=0%(n12)  rnd15=69%(n16)  rnd16=17%(n12)  rnd17=33%(n6)  rnd18=44%(n9)  rnd19=67%(n9)  rnd2=20%(n10)  rnd20=41%(n17)  rnd21=40%(n10)  rnd22=91%(n11)  rnd23=25%(n8)  rnd24=38%(n8)  rnd25=20%(n10)  rnd26=0%(n11)  rnd27=18%(n11)  rnd28=83%(n6)  rnd29=43%(n7)  rnd3=60%(n10)  rnd4=10%(n10)  rnd5=29%(n7)  rnd6=30%(n10)  rnd7=7%(n14)  rnd8=62%(n8)  rnd9=33%(n15)
          └ 이동 분포: straight=55%  left=20%  right=25%
Ep  400/30000 | R=-9643.9 | Fuel=2871.2mL | Wait= 977s | Steps=207.4 | Reach=41% | ε=0.066 | Loss=2347.467 | t=1024s
          ├ 토폴로지 도달률(최근50): gangnam_clean_topology=40%
          ├ OD별 도달률(최근200): rnd0=71%(n14)  rnd1=0%(n5)  rnd10=0%(n11)  rnd11=70%(n10)  rnd12=43%(n14)  rnd13=37%(n19)  rnd14=0%(n15)  rnd15=71%(n17)  rnd16=12%(n17)  rnd17=20%(n10)  rnd18=57%(n14)  rnd19=62%(n13)  rnd2=31%(n13)  rnd20=41%(n17)  rnd21=42%(n12)  rnd22=92%(n13)  rnd23=23%(n13)  rnd24=46%(n13)  rnd25=20%(n15)  rnd26=7%(n15)  rnd27=13%(n15)  rnd28=75%(n8)  rnd29=43%(n7)  rnd3=54%(n13)  rnd4=15%(n13)  rnd5=50%(n10)  rnd6=43%(n14)  rnd7=11%(n18)  rnd8=75%(n12)  rnd9=35%(n20)
          └ 이동 분포: straight=55%  left=21%  right=25%
Ep  500/30000 | R=-8988.2 | Fuel=2759.9mL | Wait=1006s | Steps=198.6 | Reach=46% | ε=0.050 | Loss=2469.490 | t=1269s
          ├ 토폴로지 도달률(최근50): gangnam_clean_topology=52%
          ├ OD별 도달률(최근200): rnd0=61%(n18)  rnd1=0%(n10)  rnd10=0%(n13)  rnd11=82%(n17)  rnd12=47%(n15)  rnd13=30%(n23)  rnd14=0%(n17)  rnd15=71%(n21)  rnd16=10%(n20)  rnd17=18%(n11)  rnd18=65%(n17)  rnd19=64%(n14)  rnd2=31%(n16)  rnd20=44%(n18)  rnd21=38%(n16)  rnd22=94%(n17)  rnd23=17%(n18)  rnd24=46%(n13)  rnd25=28%(n18)  rnd26=6%(n17)  rnd27=17%(n18)  rnd28=85%(n13)  rnd29=50%(n10)  rnd3=47%(n17)  rnd4=17%(n18)  rnd5=62%(n13)  rnd6=53%(n17)  rnd7=12%(n26)  rnd8=81%(n16)  rnd9=30%(n23)
          └ 이동 분포: straight=55%  left=19%  right=26%
Ep  600/30000 | R=-8289.6 | Fuel=2793.5mL | Wait=1046s | Steps=194.9 | Reach=52% | ε=0.050 | Loss=2485.443 | t=1653s
          ├ 토폴로지 도달률(최근50): gangnam_clean_topology=54%
          ├ OD별 도달률(최근200): rnd0=67%(n24)  rnd1=0%(n11)  rnd10=0%(n16)  rnd11=83%(n18)  rnd12=44%(n16)  rnd13=30%(n23)  rnd14=0%(n18)  rnd15=75%(n24)  rnd16=8%(n25)  rnd17=27%(n15)  rnd18=75%(n24)  rnd19=58%(n19)  rnd2=33%(n21)  rnd20=45%(n20)  rnd21=37%(n19)  rnd22=95%(n20)  rnd23=17%(n18)  rnd24=32%(n19)  rnd25=28%(n18)  rnd26=5%(n21)  rnd27=14%(n22)  rnd28=89%(n18)  rnd29=54%(n13)  rnd3=45%(n20)  rnd4=15%(n20)  rnd5=67%(n21)  rnd6=56%(n18)  rnd7=11%(n28)  rnd8=77%(n22)  rnd9=45%(n29)
          └ 이동 분포: straight=56%  left=20%  right=24%
Ep  700/30000 | R=-8915.5 | Fuel=2893.1mL | Wait=1144s | Steps=204.8 | Reach=48% | ε=0.050 | Loss=2469.015 | t=2016s
          ├ 토폴로지 도달률(최근50): gangnam_clean_topology=48%
          ├ OD별 도달률(최근200): rnd0=70%(n27)  rnd1=0%(n14)  rnd10=0%(n21)  rnd11=84%(n19)  rnd12=48%(n25)  rnd13=30%(n23)  rnd14=0%(n20)  rnd15=75%(n28)  rnd16=7%(n30)  rnd17=31%(n16)  rnd18=76%(n25)  rnd19=64%(n22)  rnd2=38%(n26)  rnd20=48%(n21)  rnd21=43%(n21)  rnd22=92%(n24)  rnd23=30%(n23)  rnd24=25%(n24)  rnd25=19%(n26)  rnd26=4%(n25)  rnd27=19%(n26)  rnd28=89%(n19)  rnd29=53%(n17)  rnd3=45%(n22)  rnd4=22%(n23)  rnd5=62%(n24)  rnd6=55%(n20)  rnd7=10%(n29)  rnd8=81%(n27)  rnd9=48%(n33)
          └ 이동 분포: straight=56%  left=21%  right=23%
Ep  800/30000 | R=-6120.6 | Fuel=2189.4mL | Wait= 841s | Steps=151.6 | Reach=66% | ε=0.050 | Loss=2699.121 | t=2179s
          ├ 토폴로지 도달률(최근50): gangnam_clean_topology=74%
          ├ OD별 도달률(최근200): rnd0=72%(n29)  rnd1=0%(n16)  rnd10=4%(n24)  rnd11=86%(n22)  rnd12=45%(n29)  rnd13=30%(n23)  rnd14=0%(n26)  rnd15=77%(n31)  rnd16=6%(n33)  rnd17=39%(n18)  rnd18=79%(n28)  rnd19=60%(n25)  rnd2=45%(n29)  rnd20=50%(n22)  rnd21=52%(n27)  rnd22=92%(n26)  rnd23=43%(n30)  rnd24=21%(n29)  rnd25=23%(n30)  rnd26=4%(n27)  rnd27=21%(n28)  rnd28=93%(n27)  rnd29=62%(n21)  rnd3=56%(n27)  rnd4=24%(n25)  rnd5=67%(n27)  rnd6=59%(n22)  rnd7=12%(n33)  rnd8=83%(n30)  rnd9=53%(n36)
          └ 이동 분포: straight=55%  left=21%  right=24%
Ep  900/30000 | R=-5929.4 | Fuel=2090.7mL | Wait= 727s | Steps=145.8 | Reach=64% | ε=0.050 | Loss=2913.989 | t=2344s
          ├ 토폴로지 도달률(최근50): gangnam_clean_topology=68%
          ├ OD별 도달률(최근200): rnd0=69%(n35)  rnd1=0%(n18)  rnd10=7%(n27)  rnd11=89%(n28)  rnd12=52%(n33)  rnd13=31%(n26)  rnd14=0%(n29)  rnd15=77%(n31)  rnd16=6%(n36)  rnd17=48%(n21)  rnd18=76%(n33)  rnd19=64%(n28)  rnd2=50%(n32)  rnd20=56%(n27)  rnd21=58%(n31)  rnd22=93%(n27)  rnd23=45%(n33)  rnd24=21%(n29)  rnd25=28%(n32)  rnd26=6%(n31)  rnd27=23%(n31)  rnd28=94%(n31)  rnd29=64%(n22)  rnd3=56%(n32)  rnd4=21%(n28)  rnd5=70%(n30)  rnd6=61%(n23)  rnd7=11%(n37)  rnd8=82%(n34)  rnd9=58%(n45)
          └ 이동 분포: straight=57%  left=21%  right=22%
Ep 1000/30000 | R=-6454.9 | Fuel=2360.4mL | Wait= 915s | Steps=156.0 | Reach=63% | ε=0.050 | Loss=2836.506 | t=2530s
          ├ 토폴로지 도달률(최근50): gangnam_clean_topology=60%
          ├ OD별 도달률(최근200): rnd0=70%(n40)  rnd1=0%(n21)  rnd10=19%(n32)  rnd11=90%(n30)  rnd12=49%(n35)  rnd13=34%(n29)  rnd14=3%(n33)  rnd15=78%(n37)  rnd16=5%(n41)  rnd17=45%(n22)  rnd18=71%(n35)  rnd19=66%(n32)  rnd2=53%(n34)  rnd20=57%(n28)  rnd21=60%(n35)  rnd22=93%(n29)  rnd23=47%(n34)  rnd24=21%(n34)  rnd25=31%(n35)  rnd26=6%(n33)  rnd27=29%(n35)  rnd28=95%(n37)  rnd29=70%(n27)  rnd3=58%(n33)  rnd4=29%(n31)  rnd5=74%(n34)  rnd6=63%(n27)  rnd7=11%(n44)  rnd8=84%(n37)  rnd9=59%(n46)
          └ 이동 분포: straight=56%  left=21%  right=23%
Ep 1100/30000 | R=-4852.3 | Fuel=2062.7mL | Wait= 841s | Steps=132.4 | Reach=81% | ε=0.050 | Loss=3280.260 | t=2688s
          ├ 토폴로지 도달률(최근50): gangnam_clean_topology=82%
          ├ OD별 도달률(최근200): rnd0=73%(n44)  rnd1=0%(n24)  rnd10=24%(n34)  rnd11=91%(n34)  rnd12=50%(n36)  rnd13=42%(n33)  rnd14=2%(n40)  rnd15=79%(n39)  rnd16=5%(n42)  rnd17=45%(n22)  rnd18=74%(n38)  rnd19=68%(n34)  rnd2=54%(n35)  rnd20=61%(n31)  rnd21=63%(n38)  rnd22=94%(n35)  rnd23=53%(n38)  rnd24=22%(n36)  rnd25=38%(n42)  rnd26=8%(n37)  rnd27=30%(n37)  rnd28=95%(n41)  rnd29=70%(n27)  rnd3=61%(n36)  rnd4=39%(n36)  rnd5=77%(n39)  rnd6=69%(n32)  rnd7=13%(n45)  rnd8=85%(n40)  rnd9=64%(n55)
          └ 이동 분포: straight=61%  left=19%  right=20%
Ep 1200/30000 | R=-5643.2 | Fuel=2161.4mL | Wait= 961s | Steps=140.0 | Reach=75% | ε=0.050 | Loss=3194.678 | t=2875s
          ├ 토폴로지 도달률(최근50): gangnam_clean_topology=78%
          ├ OD별 도달률(최근200): rnd0=73%(n45)  rnd1=0%(n30)  rnd10=27%(n37)  rnd11=92%(n39)  rnd12=55%(n40)  rnd13=51%(n39)  rnd14=2%(n42)  rnd15=80%(n41)  rnd16=4%(n48)  rnd17=46%(n24)  rnd18=75%(n40)  rnd19=72%(n39)  rnd2=57%(n37)  rnd20=66%(n35)  rnd21=67%(n42)  rnd22=94%(n36)  rnd23=52%(n40)  rnd24=32%(n41)  rnd25=40%(n43)  rnd26=14%(n43)  rnd27=28%(n39)  rnd28=96%(n45)  rnd29=73%(n30)  rnd3=63%(n38)  rnd4=45%(n40)  rnd5=78%(n41)  rnd6=70%(n33)  rnd7=12%(n48)  rnd8=87%(n46)  rnd9=66%(n59)
          └ 이동 분포: straight=60%  left=19%  right=20%
Ep 1300/30000 | R=-4027.5 | Fuel=1728.2mL | Wait= 748s | Steps=112.2 | Reach=80% | ε=0.050 | Loss=3551.268 | t=3013s
          ├ 토폴로지 도달률(최근50): gangnam_clean_topology=80%
          ├ OD별 도달률(최근200): rnd0=74%(n47)  rnd1=0%(n35)  rnd10=27%(n37)  rnd11=93%(n45)  rnd12=59%(n44)  rnd13=58%(n45)  rnd14=2%(n48)  rnd15=81%(n43)  rnd16=4%(n51)  rnd17=50%(n26)  rnd18=75%(n40)  rnd19=74%(n43)  rnd2=62%(n42)  rnd20=69%(n39)  rnd21=67%(n42)  rnd22=95%(n39)  rnd23=58%(n45)  rnd24=38%(n45)  rnd25=42%(n45)  rnd26=16%(n45)  rnd27=28%(n40)  rnd28=96%(n50)  rnd29=73%(n33)  rnd3=68%(n44)  rnd4=51%(n45)  rnd5=79%(n42)  rnd6=74%(n38)  rnd7=15%(n53)  rnd8=87%(n46)  rnd9=68%(n63)
          └ 이동 분포: straight=61%  left=18%  right=21%
Ep 1400/30000 | R=-4551.8 | Fuel=1876.8mL | Wait= 730s | Steps=125.9 | Reach=83% | ε=0.050 | Loss=3437.662 | t=3181s
          ├ 토폴로지 도달률(최근50): gangnam_clean_topology=84%
          ├ OD별 도달률(최근200): rnd0=76%(n49)  rnd1=3%(n39)  rnd10=33%(n42)  rnd11=94%(n52)  rnd12=64%(n50)  rnd13=60%(n48)  rnd14=4%(n54)  rnd15=82%(n45)  rnd16=4%(n53)  rnd17=56%(n32)  rnd18=75%(n40)  rnd19=75%(n44)  rnd2=64%(n44)  rnd20=72%(n43)  rnd21=68%(n44)  rnd22=95%(n40)  rnd23=62%(n53)  rnd24=40%(n47)  rnd25=46%(n48)  rnd26=17%(n48)  rnd27=32%(n44)  rnd28=96%(n53)  rnd29=74%(n34)  rnd3=70%(n47)  rnd4=57%(n51)  rnd5=79%(n43)  rnd6=77%(n44)  rnd7=16%(n55)  rnd8=88%(n48)  rnd9=70%(n66)
          └ 이동 분포: straight=59%  left=18%  right=23%
Ep 1500/30000 | R=-4644.8 | Fuel=1911.1mL | Wait= 758s | Steps=125.5 | Reach=77% | ε=0.050 | Loss=3514.911 | t=3321s
          ├ 토폴로지 도달률(최근50): gangnam_clean_topology=76%
          ├ OD별 도달률(최근200): rnd0=75%(n53)  rnd1=2%(n44)  rnd10=34%(n44)  rnd11=95%(n55)  rnd12=67%(n54)  rnd13=62%(n53)  rnd14=5%(n62)  rnd15=83%(n48)  rnd16=4%(n55)  rnd17=59%(n37)  rnd18=76%(n42)  rnd19=76%(n46)  rnd2=64%(n50)  rnd20=73%(n45)  rnd21=71%(n48)  rnd22=95%(n44)  rnd23=62%(n55)  rnd24=46%(n52)  rnd25=52%(n54)  rnd26=20%(n50)  rnd27=38%(n48)  rnd28=97%(n58)  rnd29=74%(n34)  rnd3=70%(n47)  rnd4=57%(n51)  rnd5=81%(n47)  rnd6=78%(n45)  rnd7=20%(n60)  rnd8=88%(n51)  rnd9=71%(n68)
          └ 이동 분포: straight=60%  left=20%  right=21%
Ep 1600/30000 | R=-4236.5 | Fuel=1792.6mL | Wait= 647s | Steps=116.8 | Reach=78% | ε=0.050 | Loss=3519.091 | t=3454s
          ├ 토폴로지 도달률(최근50): gangnam_clean_topology=82%
          ├ OD별 도달률(최근200): rnd0=76%(n55)  rnd1=2%(n48)  rnd10=35%(n48)  rnd11=95%(n59)  rnd12=68%(n56)  rnd13=66%(n58)  rnd14=6%(n65)  rnd15=84%(n49)  rnd16=3%(n60)  rnd17=62%(n39)  rnd18=79%(n47)  rnd19=76%(n49)  rnd2=67%(n55)  rnd20=75%(n48)  rnd21=72%(n50)  rnd22=96%(n45)  rnd23=63%(n59)  rnd24=52%(n58)  rnd25=55%(n58)  rnd26=21%(n57)  rnd27=43%(n53)  rnd28=97%(n60)  rnd29=75%(n36)  rnd3=71%(n49)  rnd4=58%(n53)  rnd5=82%(n51)  rnd6=80%(n50)  rnd7=19%(n62)  rnd8=89%(n54)  rnd9=71%(n69)
          └ 이동 분포: straight=58%  left=20%  right=22%
Ep 1700/30000 | R=-3090.9 | Fuel=1430.8mL | Wait= 516s | Steps=95.2 | Reach=85% | ε=0.050 | Loss=3394.837 | t=3554s
          ├ 토폴로지 도달률(최근50): gangnam_clean_topology=82%
          ├ OD별 도달률(최근200): rnd0=78%(n58)  rnd1=2%(n52)  rnd10=37%(n49)  rnd11=95%(n62)  rnd12=71%(n62)  rnd13=67%(n60)  rnd14=6%(n71)  rnd15=85%(n52)  rnd16=3%(n62)  rnd17=62%(n40)  rnd18=79%(n48)  rnd19=77%(n53)  rnd2=69%(n58)  rnd20=78%(n55)  rnd21=73%(n52)  rnd22=96%(n50)  rnd23=65%(n63)  rnd24=53%(n60)  rnd25=57%(n60)  rnd26=21%(n58)  rnd27=48%(n58)  rnd28=97%(n63)  rnd29=80%(n44)  rnd3=73%(n52)  rnd4=60%(n57)  rnd5=83%(n52)  rnd6=81%(n54)  rnd7=19%(n63)  rnd8=90%(n62)  rnd9=71%(n70)
          └ 이동 분포: straight=57%  left=19%  right=24%
Ep 1800/30000 | R=-3133.9 | Fuel=1518.1mL | Wait= 568s | Steps=102.1 | Reach=80% | ε=0.050 | Loss=3281.799 | t=3660s
          ├ 토폴로지 도달률(최근50): gangnam_clean_topology=78%
          ├ OD별 도달률(최근200): rnd0=78%(n59)  rnd1=2%(n56)  rnd10=39%(n54)  rnd11=95%(n66)  rnd12=72%(n65)  rnd13=68%(n66)  rnd14=5%(n75)  rnd15=85%(n55)  rnd16=3%(n67)  rnd17=67%(n45)  rnd18=80%(n49)  rnd19=78%(n55)  rnd2=70%(n60)  rnd20=80%(n59)  rnd21=74%(n54)  rnd22=96%(n52)  rnd23=68%(n69)  rnd24=57%(n65)  rnd25=58%(n62)  rnd26=20%(n61)  rnd27=52%(n62)  rnd28=97%(n65)  rnd29=80%(n46)  rnd3=74%(n54)  rnd4=62%(n64)  rnd5=83%(n54)  rnd6=83%(n59)  rnd7=19%(n63)  rnd8=91%(n65)  rnd9=73%(n74)
          └ 이동 분포: straight=60%  left=18%  right=22%
Ep 1900/30000 | R=-3899.0 | Fuel=1634.3mL | Wait= 570s | Steps=113.9 | Reach=79% | ε=0.050 | Loss=2984.057 | t=3775s
          ├ 토폴로지 도달률(최근50): gangnam_clean_topology=82%
          ├ OD별 도달률(최근200): rnd0=78%(n60)  rnd1=2%(n61)  rnd10=42%(n60)  rnd11=96%(n67)  rnd12=72%(n65)  rnd13=69%(n68)  rnd14=5%(n78)  rnd15=86%(n57)  rnd16=3%(n69)  rnd17=69%(n51)  rnd18=80%(n51)  rnd19=81%(n62)  rnd2=71%(n62)  rnd20=79%(n62)  rnd21=75%(n56)  rnd22=97%(n58)  rnd23=70%(n74)  rnd24=59%(n68)  rnd25=60%(n65)  rnd26=19%(n64)  rnd27=55%(n67)  rnd28=97%(n69)  rnd29=81%(n48)  rnd3=75%(n57)  rnd4=64%(n70)  rnd5=84%(n55)  rnd6=84%(n62)  rnd7=22%(n69)  rnd8=91%(n68)  rnd9=74%(n77)
          └ 이동 분포: straight=57%  left=19%  right=24%
Ep 2000/30000 | R=-1898.9 | Fuel=1223.0mL | Wait= 498s | Steps=79.9 | Reach=89% | ε=0.050 | Loss=2920.060 | t=3859s
          ├ 토폴로지 도달률(최근50): gangnam_clean_topology=84%
          ├ OD별 도달률(최근200): rnd0=79%(n62)  rnd1=3%(n64)  rnd10=42%(n62)  rnd11=96%(n68)  rnd12=74%(n70)  rnd13=71%(n72)  rnd14=5%(n81)  rnd15=87%(n63)  rnd16=3%(n72)  rnd17=70%(n54)  rnd18=82%(n56)  rnd19=82%(n66)  rnd2=71%(n62)  rnd20=80%(n65)  rnd21=76%(n59)  rnd22=97%(n61)  rnd23=71%(n77)  rnd24=60%(n70)  rnd25=61%(n67)  rnd26=23%(n69)  rnd27=58%(n71)  rnd28=97%(n74)  rnd29=82%(n50)  rnd3=76%(n62)  rnd4=67%(n75)  rnd5=84%(n56)  rnd6=85%(n66)  rnd7=26%(n73)  rnd8=92%(n72)  rnd9=75%(n81)
          └ 이동 분포: straight=65%  left=16%  right=19%
Ep 2100/30000 | R=-2112.1 | Fuel=1176.0mL | Wait= 426s | Steps=83.1 | Reach=87% | ε=0.050 | Loss=3007.220 | t=3945s
          ├ 토폴로지 도달률(최근50): gangnam_clean_topology=88%
          ├ OD별 도달률(최근200): rnd0=79%(n62)  rnd1=3%(n65)  rnd10=45%(n65)  rnd11=96%(n70)  rnd12=75%(n73)  rnd13=72%(n75)  rnd14=6%(n87)  rnd15=88%(n65)  rnd16=3%(n74)  rnd17=71%(n58)  rnd18=83%(n60)  rnd19=83%(n72)  rnd2=71%(n63)  rnd20=80%(n66)  rnd21=77%(n64)  rnd22=97%(n67)  rnd23=72%(n83)  rnd24=61%(n72)  rnd25=65%(n74)  rnd26=23%(n70)  rnd27=60%(n77)  rnd28=97%(n78)  rnd29=83%(n53)  rnd3=77%(n66)  rnd4=68%(n78)  rnd5=85%(n59)  rnd6=86%(n70)  rnd7=27%(n74)  rnd8=92%(n76)  rnd9=76%(n84)
          └ 이동 분포: straight=63%  left=18%  right=19%
Ep 2200/30000 | R=-2984.0 | Fuel=1436.3mL | Wait= 562s | Steps=96.9 | Reach=87% | ε=0.050 | Loss=2981.080 | t=4044s
          ├ 토폴로지 도달률(최근50): gangnam_clean_topology=86%
          ├ OD별 도달률(최근200): rnd0=81%(n67)  rnd1=4%(n68)  rnd10=44%(n66)  rnd11=96%(n72)  rnd12=78%(n81)  rnd13=72%(n75)  rnd14=6%(n90)  rnd15=88%(n68)  rnd16=3%(n76)  rnd17=71%(n63)  rnd18=84%(n63)  rnd19=84%(n76)  rnd2=72%(n64)  rnd20=81%(n67)  rnd21=78%(n67)  rnd22=97%(n69)  rnd23=73%(n86)  rnd24=63%(n75)  rnd25=66%(n77)  rnd26=25%(n73)  rnd27=61%(n80)  rnd28=96%(n81)  rnd29=84%(n56)  rnd3=77%(n70)  rnd4=71%(n86)  rnd5=85%(n62)  rnd6=87%(n76)  rnd7=30%(n79)  rnd8=92%(n80)  rnd9=77%(n87)
          └ 이동 분포: straight=61%  left=18%  right=21%
Ep 2300/30000 | R=-2452.4 | Fuel=1351.8mL | Wait= 476s | Steps=89.5 | Reach=85% | ε=0.050 | Loss=2720.956 | t=4136s
          ├ 토폴로지 도달률(최근50): gangnam_clean_topology=82%
          ├ OD별 도달률(최근200): rnd0=81%(n69)  rnd1=4%(n72)  rnd10=46%(n69)  rnd11=96%(n74)  rnd12=78%(n82)  rnd13=73%(n77)  rnd14=6%(n94)  rnd15=89%(n71)  rnd16=2%(n80)  rnd17=71%(n66)  rnd18=84%(n64)  rnd19=85%(n80)  rnd2=73%(n71)  rnd20=81%(n70)  rnd21=79%(n72)  rnd22=97%(n76)  rnd23=74%(n89)  rnd24=65%(n79)  rnd25=68%(n81)  rnd26=26%(n76)  rnd27=62%(n81)  rnd28=96%(n82)  rnd29=85%(n60)  rnd3=78%(n74)  rnd4=73%(n93)  rnd5=87%(n67)  rnd6=87%(n77)  rnd7=33%(n83)  rnd8=93%(n83)  rnd9=77%(n88)
          └ 이동 분포: straight=62%  left=18%  right=20%
Ep 2400/30000 | R=-2026.5 | Fuel=1209.9mL | Wait= 501s | Steps=79.2 | Reach=82% | ε=0.050 | Loss=2702.060 | t=4269s
          ├ 토폴로지 도달률(최근50): gangnam_clean_topology=80%
          ├ OD별 도달률(최근200): rnd0=81%(n70)  rnd1=4%(n75)  rnd10=50%(n74)  rnd11=96%(n75)  rnd12=78%(n82)  rnd13=73%(n78)  rnd14=6%(n98)  rnd15=89%(n74)  rnd16=2%(n89)  rnd17=71%(n70)  rnd18=85%(n65)  rnd19=85%(n82)  rnd2=74%(n73)  rnd20=83%(n77)  rnd21=80%(n75)  rnd22=97%(n78)  rnd23=75%(n92)  rnd24=67%(n86)  rnd25=68%(n82)  rnd26=28%(n79)  rnd27=64%(n86)  rnd28=96%(n84)  rnd29=86%(n64)  rnd3=80%(n79)  rnd4=74%(n95)  rnd5=87%(n71)  rnd6=87%(n79)  rnd7=35%(n86)  rnd8=93%(n87)  rnd9=79%(n95)
          └ 이동 분포: straight=64%  left=18%  right=18%
Ep 2500/30000 | R=-1327.6 | Fuel=994.9mL | Wait= 410s | Steps=65.7 | Reach=90% | ε=0.050 | Loss=2447.960 | t=4346s
          ├ 토폴로지 도달률(최근50): gangnam_clean_topology=94%
          ├ OD별 도달률(최근200): rnd0=82%(n72)  rnd1=6%(n80)  rnd10=54%(n81)  rnd11=96%(n76)  rnd12=79%(n84)  rnd13=74%(n82)  rnd14=6%(n98)  rnd15=90%(n78)  rnd16=2%(n96)  rnd17=73%(n73)  rnd18=85%(n65)  rnd19=86%(n87)  rnd2=75%(n77)  rnd20=83%(n78)  rnd21=81%(n79)  rnd22=98%(n81)  rnd23=76%(n95)  rnd24=69%(n91)  rnd25=69%(n84)  rnd26=29%(n80)  rnd27=64%(n87)  rnd28=97%(n86)  rnd29=88%(n73)  rnd3=81%(n86)  rnd4=74%(n96)  rnd5=88%(n72)  rnd6=88%(n83)  rnd7=36%(n87)  rnd8=94%(n93)  rnd9=80%(n100)
          └ 이동 분포: straight=66%  left=15%  right=20%
  [체크포인트] model_rl_signal_attention_ep2500.pth
Ep 2600/30000 | R=-1965.7 | Fuel=1175.1mL | Wait= 435s | Steps=79.0 | Reach=85% | ε=0.050 | Loss=2433.896 | t=4441s
          ├ 토폴로지 도달률(최근50): gangnam_clean_topology=82%
          ├ OD별 도달률(최근200): rnd0=83%(n75)  rnd1=7%(n82)  rnd10=57%(n86)  rnd11=96%(n77)  rnd12=79%(n87)  rnd13=75%(n85)  rnd14=6%(n103)  rnd15=90%(n81)  rnd16=2%(n100)  rnd17=72%(n76)  rnd18=86%(n69)  rnd19=87%(n89)  rnd2=76%(n79)  rnd20=84%(n81)  rnd21=81%(n86)  rnd22=98%(n84)  rnd23=76%(n97)  rnd24=71%(n96)  rnd25=70%(n86)  rnd26=29%(n82)  rnd27=66%(n92)  rnd28=97%(n90)  rnd29=88%(n75)  rnd3=81%(n86)  rnd4=73%(n98)  rnd5=88%(n75)  rnd6=88%(n88)  rnd7=41%(n95)  rnd8=94%(n100)  rnd9=80%(n100)
          └ 이동 분포: straight=62%  left=18%  right=20%
Ep 2700/30000 | R=-1542.6 | Fuel=1105.4mL | Wait= 484s | Steps=71.3 | Reach=85% | ε=0.050 | Loss=2381.890 | t=4590s
          ├ 토폴로지 도달률(최근50): gangnam_clean_topology=80%
          ├ OD별 도달률(최근200): rnd0=84%(n79)  rnd1=8%(n86)  rnd10=59%(n91)  rnd11=96%(n79)  rnd12=80%(n92)  rnd13=76%(n87)  rnd14=6%(n105)  rnd15=91%(n85)  rnd16=2%(n106)  rnd17=73%(n78)  rnd18=87%(n76)  rnd19=87%(n91)  rnd2=77%(n82)  rnd20=85%(n89)  rnd21=82%(n88)  rnd22=98%(n85)  rnd23=76%(n97)  rnd24=72%(n101)  rnd25=71%(n90)  rnd26=30%(n87)  rnd27=67%(n94)  rnd28=97%(n93)  rnd29=89%(n79)  rnd3=82%(n88)  rnd4=75%(n104)  rnd5=88%(n76)  rnd6=88%(n91)  rnd7=41%(n97)  rnd8=94%(n101)  rnd9=81%(n103)
          └ 이동 분포: straight=65%  left=17%  right=17%
Ep 2800/30000 | R=-1322.0 | Fuel=1065.9mL | Wait= 442s | Steps=69.0 | Reach=90% | ε=0.050 | Loss=2248.216 | t=4732s
          ├ 토폴로지 도달률(최근50): gangnam_clean_topology=90%
          ├ OD별 도달률(최근200): rnd0=85%(n86)  rnd1=8%(n88)  rnd10=61%(n94)  rnd11=96%(n80)  rnd12=81%(n94)  rnd13=76%(n89)  rnd14=6%(n109)  rnd15=91%(n88)  rnd16=2%(n109)  rnd17=74%(n82)  rnd18=87%(n79)  rnd19=87%(n94)  rnd2=76%(n84)  rnd20=86%(n92)  rnd21=83%(n93)  rnd22=98%(n87)  rnd23=77%(n102)  rnd24=74%(n108)  rnd25=72%(n94)  rnd26=30%(n88)  rnd27=67%(n95)  rnd28=97%(n93)  rnd29=89%(n83)  rnd3=83%(n96)  rnd4=76%(n110)  rnd5=88%(n78)  rnd6=89%(n97)  rnd7=41%(n97)  rnd8=94%(n105)  rnd9=81%(n106)
          └ 이동 분포: straight=67%  left=16%  right=17%
Ep 2900/30000 | R=-1177.3 | Fuel=996.1mL | Wait= 396s | Steps=66.4 | Reach=90% | ε=0.050 | Loss=2234.557 | t=4816s
          ├ 토폴로지 도달률(최근50): gangnam_clean_topology=94%
          ├ OD별 도달률(최근200): rnd0=85%(n86)  rnd1=8%(n90)  rnd10=62%(n98)  rnd11=96%(n83)  rnd12=81%(n95)  rnd13=77%(n92)  rnd14=6%(n112)  rnd15=91%(n93)  rnd16=2%(n111)  rnd17=75%(n85)  rnd18=88%(n85)  rnd19=88%(n97)  rnd2=77%(n87)  rnd20=86%(n96)  rnd21=83%(n96)  rnd22=98%(n96)  rnd23=78%(n104)  rnd24=75%(n113)  rnd25=73%(n95)  rnd26=30%(n92)  rnd27=68%(n98)  rnd28=97%(n98)  rnd29=90%(n88)  rnd3=84%(n97)  rnd4=77%(n115)  rnd5=89%(n81)  rnd6=89%(n101)  rnd7=43%(n101)  rnd8=94%(n107)  rnd9=81%(n108)
          └ 이동 분포: straight=65%  left=18%  right=17%
Ep 3000/30000 | R=-1857.6 | Fuel=1164.3mL | Wait= 460s | Steps=74.9 | Reach=86% | ε=0.050 | Loss=2209.143 | t=4900s
          ├ 토폴로지 도달률(최근50): gangnam_clean_topology=84%
          ├ OD별 도달률(최근200): rnd0=85%(n89)  rnd1=10%(n96)  rnd10=63%(n99)  rnd11=97%(n88)  rnd12=82%(n100)  rnd13=77%(n92)  rnd14=6%(n115)  rnd15=92%(n98)  rnd16=2%(n119)  rnd17=76%(n87)  rnd18=89%(n90)  rnd19=88%(n98)  rnd2=78%(n92)  rnd20=87%(n98)  rnd21=84%(n99)  rnd22=98%(n99)  rnd23=79%(n107)  rnd24=76%(n116)  rnd25=73%(n97)  rnd26=32%(n94)  rnd27=68%(n98)  rnd28=97%(n102)  rnd29=90%(n90)  rnd3=84%(n100)  rnd4=78%(n120)  rnd5=90%(n86)  rnd6=89%(n104)  rnd7=46%(n107)  rnd8=94%(n109)  rnd9=82%(n111)
          └ 이동 분포: straight=62%  left=19%  right=19%
Ep 3100/30000 | R=-1095.4 | Fuel=971.1mL | Wait= 373s | Steps=65.3 | Reach=92% | ε=0.050 | Loss=1992.181 | t=4965s
          ├ 토폴로지 도달률(최근50): gangnam_clean_topology=94%
          ├ OD별 도달률(최근200): rnd0=86%(n93)  rnd1=11%(n99)  rnd10=65%(n107)  rnd11=97%(n89)  rnd12=82%(n102)  rnd13=78%(n96)  rnd14=6%(n117)  rnd15=92%(n100)  rnd16=2%(n122)  rnd17=76%(n89)  rnd18=89%(n93)  rnd19=88%(n102)  rnd2=79%(n94)  rnd20=87%(n100)  rnd21=84%(n103)  rnd22=98%(n101)  rnd23=79%(n110)  rnd24=77%(n122)  rnd25=75%(n103)  rnd26=33%(n96)  rnd27=69%(n101)  rnd28=97%(n110)  rnd29=90%(n94)  rnd3=84%(n102)  rnd4=79%(n124)  rnd5=90%(n89)  rnd6=90%(n107)  rnd7=46%(n110)  rnd8=95%(n112)  rnd9=82%(n113)
          └ 이동 분포: straight=65%  left=15%  right=20%
Ep 3200/30000 | R=-1043.9 | Fuel=988.6mL | Wait= 427s | Steps=62.8 | Reach=92% | ε=0.050 | Loss=1860.037 | t=5021s
          ├ 토폴로지 도달률(최근50): gangnam_clean_topology=90%
          ├ OD별 도달률(최근200): rnd0=87%(n98)  rnd1=13%(n102)  rnd10=66%(n109)  rnd11=97%(n92)  rnd12=83%(n108)  rnd13=79%(n99)  rnd14=7%(n121)  rnd15=92%(n104)  rnd16=2%(n125)  rnd17=77%(n93)  rnd18=89%(n93)  rnd19=89%(n110)  rnd2=79%(n97)  rnd20=87%(n103)  rnd21=85%(n106)  rnd22=98%(n106)  rnd23=80%(n113)  rnd24=78%(n128)  rnd25=75%(n106)  rnd26=34%(n99)  rnd27=70%(n103)  rnd28=97%(n113)  rnd29=90%(n94)  rnd3=85%(n104)  rnd4=80%(n127)  rnd5=91%(n95)  rnd6=90%(n109)  rnd7=48%(n115)  rnd8=95%(n114)  rnd9=82%(n114)
          └ 이동 분포: straight=66%  left=17%  right=17%
Ep 3300/30000 | R=-1196.7 | Fuel=979.8mL | Wait= 380s | Steps=64.9 | Reach=91% | ε=0.050 | Loss=1645.965 | t=5076s
          ├ 토폴로지 도달률(최근50): gangnam_clean_topology=84%
          ├ OD별 도달률(최근200): rnd0=87%(n102)  rnd1=15%(n105)  rnd10=68%(n116)  rnd11=97%(n94)  rnd12=83%(n114)  rnd13=79%(n101)  rnd14=7%(n124)  rnd15=93%(n107)  rnd16=2%(n129)  rnd17=78%(n96)  rnd18=90%(n96)  rnd19=90%(n116)  rnd2=79%(n97)  rnd20=88%(n105)  rnd21=85%(n110)  rnd22=98%(n110)  rnd23=80%(n117)  rnd24=79%(n132)  rnd25=76%(n110)  rnd26=37%(n104)  rnd27=71%(n106)  rnd28=97%(n117)  rnd29=91%(n97)  rnd3=85%(n108)  rnd4=80%(n130)  rnd5=91%(n98)  rnd6=90%(n109)  rnd7=48%(n116)  rnd8=95%(n115)  rnd9=83%(n119)
          └ 이동 분포: straight=65%  left=17%  right=19%
Ep 3400/30000 | R=-1111.5 | Fuel=960.8mL | Wait= 393s | Steps=64.7 | Reach=91% | ε=0.050 | Loss=1708.177 | t=5143s
          ├ 토폴로지 도달률(최근50): gangnam_clean_topology=90%
          ├ OD별 도달률(최근200): rnd0=88%(n109)  rnd1=16%(n108)  rnd10=69%(n119)  rnd11=97%(n98)  rnd12=84%(n116)  rnd13=80%(n106)  rnd14=7%(n126)  rnd15=93%(n110)  rnd16=2%(n133)  rnd17=79%(n101)  rnd18=90%(n98)  rnd19=90%(n120)  rnd2=80%(n99)  rnd20=88%(n106)  rnd21=86%(n114)  rnd22=98%(n112)  rnd23=81%(n118)  rnd24=79%(n136)  rnd25=77%(n114)  rnd26=39%(n108)  rnd27=71%(n107)  rnd28=98%(n121)  rnd29=91%(n102)  rnd3=86%(n113)  rnd4=80%(n132)  rnd5=91%(n101)  rnd6=90%(n112)  rnd7=49%(n119)  rnd8=95%(n120)  rnd9=84%(n122)
          └ 이동 분포: straight=64%  left=16%  right=20%
Ep 3500/30000 | R=-1224.9 | Fuel=1049.8mL | Wait= 407s | Steps=68.2 | Reach=90% | ε=0.050 | Loss=1654.739 | t=5226s
          ├ 토폴로지 도달률(최근50): gangnam_clean_topology=88%
          ├ OD별 도달률(최근200): rnd0=88%(n111)  rnd1=19%(n114)  rnd10=70%(n125)  rnd11=97%(n103)  rnd12=84%(n121)  rnd13=81%(n109)  rnd14=7%(n130)  rnd15=93%(n112)  rnd16=1%(n134)  rnd17=79%(n101)  rnd18=90%(n101)  rnd19=90%(n120)  rnd2=81%(n103)  rnd20=89%(n116)  rnd21=86%(n118)  rnd22=98%(n114)  rnd23=81%(n120)  rnd24=80%(n139)  rnd25=78%(n117)  rnd26=40%(n112)  rnd27=72%(n110)  rnd28=98%(n124)  rnd29=92%(n106)  rnd3=86%(n113)  rnd4=81%(n135)  rnd5=91%(n105)  rnd6=91%(n116)  rnd7=48%(n124)  rnd8=95%(n121)  rnd9=84%(n126)
          └ 이동 분포: straight=64%  left=16%  right=19%
Ep 3600/30000 | R= -894.4 | Fuel=912.9mL | Wait= 371s | Steps=58.8 | Reach=90% | ε=0.050 | Loss=1533.729 | t=5285s
          ├ 토폴로지 도달률(최근50): gangnam_clean_topology=92%
          ├ OD별 도달률(최근200): rnd0=89%(n117)  rnd1=20%(n116)  rnd10=71%(n126)  rnd11=97%(n103)  rnd12=85%(n123)  rnd13=82%(n115)  rnd14=7%(n133)  rnd15=93%(n114)  rnd16=1%(n137)  rnd17=80%(n103)  rnd18=90%(n102)  rnd19=90%(n122)  rnd2=81%(n105)  rnd20=89%(n121)  rnd21=87%(n122)  rnd22=98%(n117)  rnd23=81%(n124)  rnd24=80%(n142)  rnd25=78%(n119)  rnd26=42%(n118)  rnd27=73%(n113)  rnd28=98%(n128)  rnd29=92%(n109)  rnd3=86%(n117)  rnd4=81%(n140)  rnd5=92%(n110)  rnd6=91%(n123)  rnd7=49%(n127)  rnd8=95%(n122)  rnd9=85%(n132)
          └ 이동 분포: straight=66%  left=19%  right=16%
Ep 3700/30000 | R=-1033.6 | Fuel=874.5mL | Wait= 335s | Steps=59.7 | Reach=90% | ε=0.050 | Loss=1397.833 | t=5344s
          ├ 토폴로지 도달률(최근50): gangnam_clean_topology=92%
          ├ OD별 도달률(최근200): rnd0=89%(n121)  rnd1=20%(n118)  rnd10=72%(n130)  rnd11=97%(n108)  rnd12=85%(n127)  rnd13=82%(n118)  rnd14=7%(n138)  rnd15=93%(n115)  rnd16=1%(n142)  rnd17=80%(n107)  rnd18=91%(n107)  rnd19=90%(n123)  rnd2=82%(n109)  rnd20=90%(n124)  rnd21=87%(n124)  rnd22=98%(n121)  rnd23=82%(n130)  rnd24=81%(n146)  rnd25=79%(n122)  rnd26=43%(n121)  rnd27=74%(n117)  rnd28=98%(n132)  rnd29=92%(n110)  rnd3=87%(n119)  rnd4=82%(n144)  rnd5=92%(n112)  rnd6=91%(n128)  rnd7=50%(n129)  rnd8=95%(n125)  rnd9=85%(n133)
          └ 이동 분포: straight=64%  left=18%  right=18%
Ep 3800/30000 | R=-1196.1 | Fuel=1055.0mL | Wait= 422s | Steps=66.5 | Reach=88% | ε=0.050 | Loss=1435.441 | t=5410s
          ├ 토폴로지 도달률(최근50): gangnam_clean_topology=90%
          ├ OD별 도달률(최근200): rnd0=90%(n125)  rnd1=22%(n123)  rnd10=73%(n136)  rnd11=97%(n112)  rnd12=85%(n130)  rnd13=83%(n123)  rnd14=8%(n143)  rnd15=93%(n118)  rnd16=1%(n148)  rnd17=81%(n112)  rnd18=91%(n109)  rnd19=90%(n126)  rnd2=82%(n112)  rnd20=90%(n128)  rnd21=88%(n128)  rnd22=98%(n124)  rnd23=83%(n133)  rnd24=81%(n150)  rnd25=79%(n125)  rnd26=44%(n126)  rnd27=74%(n118)  rnd28=98%(n133)  rnd29=92%(n111)  rnd3=87%(n123)  rnd4=82%(n145)  rnd5=92%(n115)  rnd6=92%(n130)  rnd7=50%(n131)  rnd8=95%(n126)  rnd9=85%(n137)
          └ 이동 분포: straight=66%  left=16%  right=18%
Ep 3900/30000 | R= -990.7 | Fuel=938.0mL | Wait= 415s | Steps=59.0 | Reach=93% | ε=0.050 | Loss=1363.533 | t=5481s
          ├ 토폴로지 도달률(최근50): gangnam_clean_topology=96%
          ├ OD별 도달률(최근200): rnd0=90%(n127)  rnd1=24%(n127)  rnd10=73%(n139)  rnd11=97%(n116)  rnd12=86%(n133)  rnd13=83%(n127)  rnd14=8%(n143)  rnd15=94%(n125)  rnd16=1%(n151)  rnd17=82%(n114)  rnd18=91%(n114)  rnd19=91%(n133)  rnd2=82%(n113)  rnd20=90%(n128)  rnd21=88%(n130)  rnd22=98%(n127)  rnd23=83%(n135)  rnd24=82%(n153)  rnd25=80%(n127)  rnd26=46%(n130)  rnd27=74%(n121)  rnd28=98%(n138)  rnd29=92%(n114)  rnd3=86%(n125)  rnd4=83%(n151)  rnd5=92%(n119)  rnd6=92%(n135)  rnd7=52%(n140)  rnd8=95%(n126)  rnd9=86%(n139)
          └ 이동 분포: straight=68%  left=15%  right=17%
Ep 4000/30000 | R= -760.8 | Fuel=860.2mL | Wait= 362s | Steps=56.6 | Reach=91% | ε=0.050 | Loss=1303.906 | t=5546s
          ├ 토폴로지 도달률(최근50): gangnam_clean_topology=84%
          ├ OD별 도달률(최근200): rnd0=90%(n133)  rnd1=25%(n130)  rnd10=74%(n142)  rnd11=97%(n118)  rnd12=86%(n136)  rnd13=84%(n131)  rnd14=10%(n146)  rnd15=94%(n129)  rnd16=1%(n157)  rnd17=82%(n115)  rnd18=91%(n117)  rnd19=91%(n136)  rnd2=83%(n115)  rnd20=90%(n131)  rnd21=88%(n132)  rnd22=98%(n130)  rnd23=83%(n138)  rnd24=82%(n155)  rnd25=80%(n131)  rnd26=48%(n136)  rnd27=76%(n127)  rnd28=98%(n141)  rnd29=92%(n117)  rnd3=87%(n127)  rnd4=83%(n152)  rnd5=93%(n123)  rnd6=92%(n140)  rnd7=53%(n144)  rnd8=95%(n129)  rnd9=86%(n142)
          └ 이동 분포: straight=65%  left=18%  right=17%
Ep 4100/30000 | R= -770.4 | Fuel=861.9mL | Wait= 352s | Steps=54.8 | Reach=96% | ε=0.050 | Loss=1398.295 | t=5592s
          ├ 토폴로지 도달률(최근50): gangnam_clean_topology=96%
          ├ OD별 도달률(최근200): rnd0=91%(n137)  rnd1=26%(n132)  rnd10=74%(n145)  rnd11=98%(n123)  rnd12=86%(n140)  rnd13=84%(n132)  rnd14=11%(n151)  rnd15=94%(n130)  rnd16=1%(n159)  rnd17=82%(n116)  rnd18=92%(n121)  rnd19=91%(n139)  rnd2=83%(n119)  rnd20=90%(n136)  rnd21=88%(n135)  rnd22=99%(n134)  rnd23=84%(n140)  rnd24=82%(n157)  rnd25=81%(n135)  rnd26=48%(n137)  rnd27=77%(n134)  rnd28=98%(n147)  rnd29=92%(n118)  rnd3=87%(n131)  rnd4=83%(n154)  rnd5=93%(n127)  rnd6=92%(n143)  rnd7=55%(n148)  rnd8=95%(n131)  rnd9=87%(n149)
          └ 이동 분포: straight=69%  left=16%  right=16%
Ep 4200/30000 | R=-1143.8 | Fuel=1048.9mL | Wait= 401s | Steps=67.9 | Reach=90% | ε=0.050 | Loss=1343.263 | t=5689s
          ├ 토폴로지 도달률(최근50): gangnam_clean_topology=94%
          ├ OD별 도달률(최근200): rnd0=91%(n138)  rnd1=27%(n136)  rnd10=75%(n147)  rnd11=98%(n124)  rnd12=87%(n141)  rnd13=84%(n136)  rnd14=12%(n156)  rnd15=94%(n132)  rnd16=1%(n162)  rnd17=82%(n120)  rnd18=92%(n125)  rnd19=92%(n143)  rnd2=84%(n127)  rnd20=91%(n137)  rnd21=88%(n138)  rnd22=99%(n138)  rnd23=84%(n144)  rnd24=83%(n161)  rnd25=81%(n136)  rnd26=49%(n141)  rnd27=77%(n134)  rnd28=98%(n150)  rnd29=93%(n122)  rnd3=87%(n132)  rnd4=84%(n159)  rnd5=93%(n131)  rnd6=93%(n148)  rnd7=56%(n154)  rnd8=96%(n135)  rnd9=87%(n153)
          └ 이동 분포: straight=64%  left=14%  right=22%
Ep 4300/30000 | R=-1104.8 | Fuel=1075.5mL | Wait= 488s | Steps=66.7 | Reach=96% | ε=0.050 | Loss=1271.855 | t=5768s
          ├ 토폴로지 도달률(최근50): gangnam_clean_topology=96%
          ├ OD별 도달률(최근200): rnd0=91%(n145)  rnd1=29%(n140)  rnd10=75%(n149)  rnd11=98%(n127)  rnd12=87%(n145)  rnd13=84%(n139)  rnd14=14%(n160)  rnd15=94%(n135)  rnd16=1%(n166)  rnd17=83%(n121)  rnd18=92%(n126)  rnd19=92%(n144)  rnd2=85%(n134)  rnd20=91%(n139)  rnd21=88%(n139)  rnd22=99%(n141)  rnd23=84%(n148)  rnd24=83%(n164)  rnd25=82%(n143)  rnd26=51%(n148)  rnd27=77%(n135)  rnd28=98%(n151)  rnd29=93%(n125)  rnd3=87%(n135)  rnd4=84%(n163)  rnd5=93%(n134)  rnd6=93%(n152)  rnd7=57%(n157)  rnd8=96%(n139)  rnd9=87%(n156)
          └ 이동 분포: straight=66%  left=16%  right=18%
Ep 4400/30000 | R= -758.3 | Fuel=911.9mL | Wait= 378s | Steps=58.8 | Reach=94% | ε=0.050 | Loss=1188.255 | t=5827s
          ├ 토폴로지 도달률(최근50): gangnam_clean_topology=94%
          ├ OD별 도달률(최근200): rnd0=91%(n147)  rnd1=31%(n144)  rnd10=76%(n154)  rnd11=98%(n130)  rnd12=87%(n149)  rnd13=85%(n143)  rnd14=15%(n164)  rnd15=94%(n141)  rnd16=1%(n170)  rnd17=84%(n129)  rnd18=92%(n128)  rnd19=92%(n145)  rnd2=85%(n136)  rnd20=91%(n142)  rnd21=89%(n141)  rnd22=99%(n145)  rnd23=85%(n150)  rnd24=83%(n167)  rnd25=82%(n147)  rnd26=52%(n150)  rnd27=78%(n138)  rnd28=98%(n154)  rnd29=93%(n128)  rnd3=88%(n139)  rnd4=84%(n167)  rnd5=93%(n136)  rnd6=93%(n160)  rnd7=57%(n157)  rnd8=96%(n141)  rnd9=87%(n158)
          └ 이동 분포: straight=67%  left=15%  right=18%
Ep 4500/30000 | R=-1135.8 | Fuel=1001.8mL | Wait= 409s | Steps=62.9 | Reach=86% | ε=0.050 | Loss=1267.819 | t=5898s
          ├ 토폴로지 도달률(최근50): gangnam_clean_topology=78%
          ├ OD별 도달률(최근200): rnd0=91%(n150)  rnd1=33%(n152)  rnd10=76%(n157)  rnd11=98%(n130)  rnd12=88%(n152)  rnd13=85%(n145)  rnd14=15%(n165)  rnd15=94%(n147)  rnd16=1%(n175)  rnd17=84%(n131)  rnd18=92%(n131)  rnd19=91%(n148)  rnd2=86%(n142)  rnd20=91%(n145)  rnd21=89%(n146)  rnd22=99%(n147)  rnd23=85%(n153)  rnd24=84%(n173)  rnd25=83%(n149)  rnd26=53%(n154)  rnd27=78%(n141)  rnd28=98%(n157)  rnd29=93%(n130)  rnd3=88%(n140)  rnd4=84%(n171)  rnd5=93%(n137)  rnd6=93%(n164)  rnd7=57%(n162)  rnd8=96%(n145)  rnd9=88%(n161)
          └ 이동 분포: straight=65%  left=17%  right=18%
Ep 4600/30000 | R= -953.3 | Fuel=1009.2mL | Wait= 416s | Steps=60.8 | Reach=98% | ε=0.050 | Loss=1330.752 | t=5962s
          ├ 토폴로지 도달률(최근50): gangnam_clean_topology=98%
          ├ OD별 도달률(최근200): rnd0=92%(n153)  rnd1=34%(n155)  rnd10=77%(n159)  rnd11=98%(n135)  rnd12=88%(n153)  rnd13=85%(n149)  rnd14=16%(n167)  rnd15=94%(n150)  rnd16=1%(n175)  rnd17=84%(n134)  rnd18=93%(n139)  rnd19=91%(n149)  rnd2=87%(n152)  rnd20=91%(n150)  rnd21=89%(n152)  rnd22=99%(n149)  rnd23=85%(n155)  rnd24=84%(n177)  rnd25=83%(n153)  rnd26=54%(n156)  rnd27=78%(n142)  rnd28=98%(n159)  rnd29=93%(n133)  rnd3=88%(n141)  rnd4=85%(n175)  rnd5=94%(n140)  rnd6=93%(n169)  rnd7=58%(n166)  rnd8=96%(n150)  rnd9=88%(n163)
          └ 이동 분포: straight=66%  left=17%  right=16%
Ep 4700/30000 | R= -730.2 | Fuel=882.1mL | Wait= 356s | Steps=56.9 | Reach=90% | ε=0.050 | Loss=1302.312 | t=6028s
          ├ 토폴로지 도달률(최근50): gangnam_clean_topology=84%
          ├ OD별 도달률(최근200): rnd0=92%(n158)  rnd1=34%(n157)  rnd10=77%(n162)  rnd11=98%(n140)  rnd12=88%(n158)  rnd13=85%(n150)  rnd14=16%(n174)  rnd15=94%(n151)  rnd16=1%(n179)  rnd17=85%(n138)  rnd18=93%(n144)  rnd19=92%(n154)  rnd2=87%(n153)  rnd20=91%(n152)  rnd21=90%(n157)  rnd22=99%(n152)  rnd23=85%(n156)  rnd24=84%(n178)  rnd25=84%(n158)  rnd26=55%(n159)  rnd27=79%(n145)  rnd28=98%(n164)  rnd29=93%(n138)  rnd3=88%(n142)  rnd4=85%(n176)  rnd5=94%(n144)  rnd6=94%(n171)  rnd7=59%(n169)  rnd8=96%(n154)  rnd9=88%(n167)
          └ 이동 분포: straight=67%  left=15%  right=18%
Ep 4800/30000 | R= -777.1 | Fuel=902.6mL | Wait= 405s | Steps=57.0 | Reach=95% | ε=0.050 | Loss=1311.448 | t=6100s
          ├ 토폴로지 도달률(최근50): gangnam_clean_topology=94%
          ├ OD별 도달률(최근200): rnd0=92%(n163)  rnd1=34%(n161)  rnd10=77%(n164)  rnd11=98%(n147)  rnd12=88%(n163)  rnd13=86%(n153)  rnd14=17%(n177)  rnd15=94%(n156)  rnd16=1%(n180)  rnd17=85%(n142)  rnd18=93%(n147)  rnd19=92%(n157)  rnd2=87%(n157)  rnd20=92%(n158)  rnd21=90%(n159)  rnd22=99%(n156)  rnd23=85%(n158)  rnd24=85%(n182)  rnd25=84%(n164)  rnd26=55%(n160)  rnd27=79%(n147)  rnd28=98%(n167)  rnd29=94%(n140)  rnd3=88%(n146)  rnd4=85%(n178)  rnd5=94%(n149)  rnd6=94%(n173)  rnd7=59%(n170)  rnd8=96%(n155)  rnd9=88%(n171)
          └ 이동 분포: straight=68%  left=16%  right=16%
Ep 4900/30000 | R= -796.4 | Fuel=907.3mL | Wait= 375s | Steps=59.4 | Reach=93% | ε=0.050 | Loss=1271.075 | t=6159s
          ├ 토폴로지 도달률(최근50): gangnam_clean_topology=94%
          ├ OD별 도달률(최근200): rnd0=92%(n165)  rnd1=34%(n161)  rnd10=78%(n168)  rnd11=98%(n149)  rnd12=89%(n168)  rnd13=86%(n156)  rnd14=18%(n183)  rnd15=94%(n158)  rnd16=1%(n183)  rnd17=86%(n147)  rnd18=93%(n151)  rnd19=92%(n162)  rnd2=88%(n160)  rnd20=92%(n160)  rnd21=90%(n162)  rnd22=99%(n160)  rnd23=86%(n163)  rnd24=85%(n186)  rnd25=85%(n168)  rnd26=55%(n161)  rnd27=79%(n150)  rnd28=98%(n172)  rnd29=94%(n146)  rnd3=89%(n148)  rnd4=85%(n181)  rnd5=94%(n150)  rnd6=94%(n176)  rnd7=60%(n174)  rnd8=96%(n159)  rnd9=88%(n173)
          └ 이동 분포: straight=69%  left=16%  right=15%
Ep 5000/30000 | R= -325.9 | Fuel=741.9mL | Wait= 321s | Steps=46.4 | Reach=95% | ε=0.050 | Loss=1215.005 | t=6205s
          ├ 토폴로지 도달률(최근50): gangnam_clean_topology=96%
          ├ OD별 도달률(최근200): rnd0=92%(n166)  rnd1=34%(n164)  rnd10=79%(n175)  rnd11=98%(n153)  rnd12=89%(n172)  rnd13=86%(n159)  rnd14=20%(n187)  rnd15=94%(n161)  rnd16=1%(n186)  rnd17=86%(n147)  rnd18=93%(n151)  rnd19=92%(n165)  rnd2=88%(n164)  rnd20=92%(n164)  rnd21=90%(n165)  rnd22=99%(n161)  rnd23=86%(n163)  rnd24=85%(n189)  rnd25=85%(n172)  rnd26=55%(n161)  rnd27=80%(n156)  rnd28=98%(n179)  rnd29=94%(n151)  rnd3=89%(n152)  rnd4=86%(n188)  rnd5=94%(n153)  rnd6=94%(n179)  rnd7=61%(n178)  rnd8=96%(n164)  rnd9=89%(n175)
          └ 이동 분포: straight=71%  left=14%  right=14%
  [체크포인트] model_rl_signal_attention_ep5000.pth
Ep 5100/30000 | R= -477.8 | Fuel=787.8mL | Wait= 323s | Steps=50.4 | Reach=93% | ε=0.050 | Loss=1227.156 | t=6256s
          ├ 토폴로지 도달률(최근50): gangnam_clean_topology=90%
          ├ OD별 도달률(최근200): rnd0=92%(n167)  rnd1=33%(n169)  rnd10=79%(n177)  rnd11=98%(n161)  rnd12=89%(n174)  rnd13=86%(n162)  rnd14=21%(n191)  rnd15=94%(n162)  rnd16=1%(n188)  rnd17=86%(n149)  rnd18=94%(n154)  rnd19=92%(n167)  rnd2=88%(n166)  rnd20=92%(n168)  rnd21=91%(n171)  rnd22=99%(n166)  rnd23=86%(n167)  rnd24=86%(n194)  rnd25=85%(n174)  rnd26=56%(n162)  rnd27=81%(n161)  rnd28=98%(n182)  rnd29=94%(n153)  rnd3=89%(n158)  rnd4=86%(n193)  rnd5=94%(n158)  rnd6=94%(n181)  rnd7=61%(n178)  rnd8=96%(n169)  rnd9=89%(n178)
          └ 이동 분포: straight=69%  left=15%  right=17%
Ep 5200/30000 | R= -579.6 | Fuel=856.2mL | Wait= 336s | Steps=54.8 | Reach=94% | ε=0.050 | Loss=1158.606 | t=6322s
          ├ 토폴로지 도달률(최근50): gangnam_clean_topology=96%
          ├ OD별 도달률(최근200): rnd0=92%(n170)  rnd1=33%(n171)  rnd10=79%(n180)  rnd11=98%(n167)  rnd12=89%(n177)  rnd13=87%(n165)  rnd14=22%(n196)  rnd15=94%(n165)  rnd16=1%(n191)  rnd17=86%(n150)  rnd18=94%(n158)  rnd19=92%(n167)  rnd2=88%(n171)  rnd20=92%(n170)  rnd21=91%(n174)  rnd22=99%(n170)  rnd23=86%(n169)  rnd24=86%(n199)  rnd25=85%(n178)  rnd26=56%(n165)  rnd27=81%(n166)  rnd28=98%(n187)  rnd29=94%(n156)  rnd3=90%(n162)  rnd4=86%(n198)  rnd5=94%(n159)  rnd6=94%(n185)  rnd7=62%(n183)  rnd8=96%(n170)  rnd9=89%(n181)
          └ 이동 분포: straight=69%  left=16%  right=16%
Ep 5300/30000 | R= -665.3 | Fuel=888.0mL | Wait= 381s | Steps=55.6 | Reach=89% | ε=0.050 | Loss=1170.867 | t=6371s
          ├ 토폴로지 도달률(최근50): gangnam_clean_topology=86%
          ├ OD별 도달률(최근200): rnd0=92%(n173)  rnd1=33%(n177)  rnd10=80%(n185)  rnd11=98%(n170)  rnd12=90%(n182)  rnd13=87%(n167)  rnd14=22%(n200)  rnd15=94%(n168)  rnd16=1%(n192)  rnd17=86%(n153)  rnd18=94%(n162)  rnd19=92%(n169)  rnd2=89%(n175)  rnd20=93%(n175)  rnd21=91%(n180)  rnd22=99%(n172)  rnd23=87%(n171)  rnd24=88%(n200)  rnd25=86%(n181)  rnd26=56%(n167)  rnd27=82%(n171)  rnd28=98%(n188)  rnd29=94%(n160)  rnd3=90%(n164)  rnd4=86%(n200)  rnd5=95%(n166)  rnd6=94%(n186)  rnd7=62%(n187)  rnd8=97%(n173)  rnd9=89%(n182)
          └ 이동 분포: straight=70%  left=14%  right=17%
Ep 5400/30000 | R= -130.7 | Fuel=655.9mL | Wait= 269s | Steps=40.4 | Reach=92% | ε=0.050 | Loss=1139.902 | t=6410s
          ├ 토폴로지 도달률(최근50): gangnam_clean_topology=94%
          ├ OD별 도달률(최근200): rnd0=93%(n177)  rnd1=32%(n180)  rnd10=80%(n189)  rnd11=98%(n175)  rnd12=90%(n187)  rnd13=87%(n171)  rnd14=24%(n200)  rnd15=94%(n172)  rnd16=1%(n197)  rnd17=87%(n157)  rnd18=94%(n164)  rnd19=93%(n174)  rnd2=89%(n178)  rnd20=93%(n179)  rnd21=91%(n184)  rnd22=99%(n175)  rnd23=87%(n173)  rnd24=88%(n200)  rnd25=86%(n183)  rnd26=57%(n168)  rnd27=82%(n174)  rnd28=98%(n188)  rnd29=94%(n160)  rnd3=90%(n167)  rnd4=88%(n200)  rnd5=95%(n170)  rnd6=94%(n189)  rnd7=63%(n190)  rnd8=97%(n176)  rnd9=89%(n188)
          └ 이동 분포: straight=71%  left=14%  right=15%
Ep 5500/30000 | R= -344.3 | Fuel=771.9mL | Wait= 307s | Steps=49.4 | Reach=94% | ε=0.050 | Loss=983.424 | t=6457s
          ├ 토폴로지 도달률(최근50): gangnam_clean_topology=94%
          ├ OD별 도달률(최근200): rnd0=93%(n180)  rnd1=32%(n182)  rnd10=81%(n192)  rnd11=98%(n177)  rnd12=90%(n190)  rnd13=87%(n174)  rnd14=24%(n200)  rnd15=94%(n175)  rnd16=1%(n200)  rnd17=87%(n162)  rnd18=94%(n166)  rnd19=93%(n177)  rnd2=89%(n181)  rnd20=93%(n184)  rnd21=91%(n187)  rnd22=99%(n175)  rnd23=87%(n180)  rnd24=90%(n200)  rnd25=86%(n187)  rnd26=58%(n174)  rnd27=83%(n179)  rnd28=98%(n190)  rnd29=95%(n167)  rnd3=90%(n170)  rnd4=90%(n200)  rnd5=95%(n172)  rnd6=94%(n193)  rnd7=63%(n191)  rnd8=97%(n179)  rnd9=90%(n191)
          └ 이동 분포: straight=69%  left=14%  right=17%
Ep 5600/30000 | R= -476.9 | Fuel=799.2mL | Wait= 330s | Steps=50.7 | Reach=88% | ε=0.050 | Loss=1013.887 | t=6512s
          ├ 토폴로지 도달률(최근50): gangnam_clean_topology=86%
          ├ OD별 도달률(최근200): rnd0=93%(n184)  rnd1=31%(n188)  rnd10=81%(n195)  rnd11=98%(n180)  rnd12=90%(n194)  rnd13=88%(n177)  rnd14=26%(n200)  rnd15=94%(n181)  rnd16=1%(n200)  rnd17=87%(n165)  rnd18=94%(n168)  rnd19=93%(n179)  rnd2=89%(n183)  rnd20=93%(n192)  rnd21=92%(n190)  rnd22=99%(n177)  rnd23=87%(n181)  rnd24=91%(n200)  rnd25=86%(n192)  rnd26=59%(n177)  rnd27=83%(n180)  rnd28=98%(n191)  rnd29=95%(n170)  rnd3=90%(n173)  rnd4=92%(n200)  rnd5=95%(n178)  rnd6=94%(n196)  rnd7=63%(n192)  rnd8=97%(n181)  rnd9=90%(n193)
          └ 이동 분포: straight=67%  left=17%  right=16%
Ep 5700/30000 | R= -357.2 | Fuel=775.7mL | Wait= 310s | Steps=47.2 | Reach=89% | ε=0.050 | Loss=907.401 | t=6559s
          ├ 토폴로지 도달률(최근50): gangnam_clean_topology=86%
          ├ OD별 도달률(최근200): rnd0=93%(n186)  rnd1=30%(n198)  rnd10=81%(n197)  rnd11=98%(n183)  rnd12=90%(n196)  rnd13=88%(n182)  rnd14=26%(n200)  rnd15=95%(n184)  rnd16=1%(n200)  rnd17=88%(n168)  rnd18=94%(n168)  rnd19=93%(n182)  rnd2=89%(n186)  rnd20=93%(n194)  rnd21=92%(n192)  rnd22=99%(n182)  rnd23=88%(n185)  rnd24=94%(n200)  rnd25=87%(n194)  rnd26=59%(n180)  rnd27=83%(n184)  rnd28=98%(n196)  rnd29=95%(n171)  rnd3=90%(n176)  rnd4=94%(n200)  rnd5=95%(n181)  rnd6=94%(n200)  rnd7=64%(n195)  rnd8=97%(n186)  rnd9=90%(n197)
          └ 이동 분포: straight=69%  left=15%  right=16%
Ep 5800/30000 | R= -499.9 | Fuel=804.0mL | Wait= 363s | Steps=50.2 | Reach=90% | ε=0.050 | Loss=867.571 | t=6631s
          ├ 토폴로지 도달률(최근50): gangnam_clean_topology=88%
          ├ OD별 도달률(최근200): rnd0=93%(n189)  rnd1=30%(n200)  rnd10=82%(n200)  rnd11=98%(n183)  rnd12=90%(n196)  rnd13=88%(n186)  rnd14=26%(n200)  rnd15=95%(n187)  rnd16=0%(n200)  rnd17=88%(n173)  rnd18=94%(n173)  rnd19=93%(n185)  rnd2=89%(n189)  rnd20=93%(n196)  rnd21=92%(n198)  rnd22=99%(n184)  rnd23=88%(n190)  rnd24=95%(n200)  rnd25=87%(n200)  rnd26=60%(n185)  rnd27=83%(n187)  rnd28=99%(n200)  rnd29=95%(n174)  rnd3=90%(n177)  rnd4=96%(n200)  rnd5=95%(n185)  rnd6=95%(n200)  rnd7=64%(n199)  rnd8=97%(n187)  rnd9=91%(n200)
          └ 이동 분포: straight=69%  left=14%  right=17%
Ep 5900/30000 | R= -429.5 | Fuel=741.1mL | Wait= 308s | Steps=46.1 | Reach=96% | ε=0.050 | Loss=884.422 | t=6676s
          ├ 토폴로지 도달률(최근50): gangnam_clean_topology=98%
          ├ OD별 도달률(최근200): rnd0=93%(n190)  rnd1=30%(n200)  rnd10=82%(n200)  rnd11=98%(n190)  rnd12=90%(n199)  rnd13=88%(n190)  rnd14=28%(n200)  rnd15=95%(n193)  rnd16=0%(n200)  rnd17=88%(n177)  rnd18=94%(n177)  rnd19=93%(n188)  rnd2=90%(n192)  rnd20=93%(n198)  rnd21=92%(n200)  rnd22=99%(n189)  rnd23=88%(n192)  rnd24=98%(n200)  rnd25=88%(n200)  rnd26=61%(n188)  rnd27=84%(n191)  rnd28=99%(n200)  rnd29=95%(n177)  rnd3=91%(n181)  rnd4=96%(n200)  rnd5=95%(n191)  rnd6=96%(n200)  rnd7=65%(n200)  rnd8=97%(n189)  rnd9=93%(n200)
          └ 이동 분포: straight=70%  left=14%  right=15%
Ep 6000/30000 | R= -288.4 | Fuel=736.3mL | Wait= 316s | Steps=47.1 | Reach=96% | ε=0.050 | Loss=829.776 | t=6725s
          ├ 토폴로지 도달률(최근50): gangnam_clean_topology=94%
          ├ OD별 도달률(최근200): rnd0=93%(n190)  rnd1=30%(n200)  rnd10=86%(n200)  rnd11=98%(n194)  rnd12=92%(n200)  rnd13=88%(n195)  rnd14=30%(n200)  rnd15=95%(n196)  rnd16=0%(n200)  rnd17=88%(n177)  rnd18=94%(n178)  rnd19=93%(n192)  rnd2=90%(n193)  rnd20=96%(n200)  rnd21=93%(n200)  rnd22=99%(n195)  rnd23=88%(n198)  rnd24=99%(n200)  rnd25=89%(n200)  rnd26=61%(n190)  rnd27=84%(n195)  rnd28=100%(n200)  rnd29=95%(n181)  rnd3=91%(n182)  rnd4=98%(n200)  rnd5=95%(n195)  rnd6=96%(n200)  rnd7=66%(n200)  rnd8=97%(n193)  rnd9=94%(n200)
          └ 이동 분포: straight=70%  left=15%  right=15%
Ep 6100/30000 | R= -442.5 | Fuel=780.8mL | Wait= 323s | Steps=50.3 | Reach=94% | ε=0.050 | Loss=840.914 | t=6781s
          ├ 토폴로지 도달률(최근50): gangnam_clean_topology=94%
          ├ OD별 도달률(최근200): rnd0=93%(n194)  rnd1=31%(n200)  rnd10=89%(n200)  rnd11=98%(n200)  rnd12=93%(n200)  rnd13=88%(n197)  rnd14=30%(n200)  rnd15=95%(n197)  rnd16=0%(n200)  rnd17=88%(n178)  rnd18=95%(n185)  rnd19=93%(n193)  rnd2=90%(n194)  rnd20=98%(n200)  rnd21=94%(n200)  rnd22=99%(n196)  rnd23=90%(n200)  rnd24=100%(n200)  rnd25=90%(n200)  rnd26=61%(n192)  rnd27=84%(n199)  rnd28=100%(n200)  rnd29=95%(n186)  rnd3=91%(n184)  rnd4=98%(n200)  rnd5=95%(n198)  rnd6=98%(n200)  rnd7=66%(n200)  rnd8=97%(n195)  rnd9=96%(n200)
          └ 이동 분포: straight=68%  left=17%  right=16%
Ep 6200/30000 | R= -237.9 | Fuel=740.9mL | Wait= 310s | Steps=43.2 | Reach=93% | ε=0.050 | Loss=814.199 | t=6830s
          ├ 토폴로지 도달률(최근50): gangnam_clean_topology=96%
          ├ OD별 도달률(최근200): rnd0=93%(n197)  rnd1=31%(n200)  rnd10=90%(n200)  rnd11=100%(n200)  rnd12=94%(n200)  rnd13=88%(n200)  rnd14=31%(n200)  rnd15=95%(n200)  rnd16=0%(n200)  rnd17=89%(n184)  rnd18=95%(n189)  rnd19=93%(n198)  rnd2=90%(n198)  rnd20=98%(n200)  rnd21=95%(n200)  rnd22=99%(n200)  rnd23=90%(n200)  rnd24=100%(n200)  rnd25=91%(n200)  rnd26=62%(n194)  rnd27=85%(n200)  rnd28=100%(n200)  rnd29=95%(n189)  rnd3=91%(n190)  rnd4=98%(n200)  rnd5=97%(n200)  rnd6=98%(n200)  rnd7=66%(n200)  rnd8=97%(n198)  rnd9=96%(n200)
          └ 이동 분포: straight=71%  left=15%  right=15%
Ep 6300/30000 | R= -608.8 | Fuel=792.6mL | Wait= 307s | Steps=47.3 | Reach=88% | ε=0.050 | Loss=745.920 | t=6879s
          ├ 토폴로지 도달률(최근50): gangnam_clean_topology=88%
          ├ OD별 도달률(최근200): rnd0=93%(n199)  rnd1=32%(n200)  rnd10=91%(n200)  rnd11=100%(n200)  rnd12=94%(n200)  rnd13=90%(n200)  rnd14=32%(n200)  rnd15=96%(n200)  rnd16=0%(n200)  rnd17=89%(n190)  rnd18=95%(n194)  rnd19=94%(n200)  rnd2=90%(n200)  rnd20=98%(n200)  rnd21=96%(n200)  rnd22=99%(n200)  rnd23=92%(n200)  rnd24=100%(n200)  rnd25=92%(n200)  rnd26=62%(n194)  rnd27=86%(n200)  rnd28=100%(n200)  rnd29=95%(n195)  rnd3=91%(n194)  rnd4=98%(n200)  rnd5=98%(n200)  rnd6=98%(n200)  rnd7=68%(n200)  rnd8=98%(n200)  rnd9=98%(n200)
          └ 이동 분포: straight=63%  left=18%  right=20%
Ep 6400/30000 | R= -211.5 | Fuel=674.8mL | Wait= 264s | Steps=43.3 | Reach=94% | ε=0.050 | Loss=723.707 | t=6942s
          ├ 토폴로지 도달률(최근50): gangnam_clean_topology=94%
          ├ OD별 도달률(최근200): rnd0=94%(n200)  rnd1=32%(n200)  rnd10=92%(n200)  rnd11=100%(n200)  rnd12=94%(n200)  rnd13=92%(n200)  rnd14=32%(n200)  rnd15=96%(n200)  rnd16=0%(n200)  rnd17=89%(n195)  rnd18=95%(n197)  rnd19=94%(n200)  rnd2=91%(n200)  rnd20=99%(n200)  rnd21=96%(n200)  rnd22=99%(n200)  rnd23=96%(n200)  rnd24=100%(n200)  rnd25=93%(n200)  rnd26=62%(n196)  rnd27=87%(n200)  rnd28=100%(n200)  rnd29=96%(n200)  rnd3=91%(n199)  rnd4=98%(n200)  rnd5=98%(n200)  rnd6=98%(n200)  rnd7=71%(n200)  rnd8=98%(n200)  rnd9=98%(n200)
          └ 이동 분포: straight=70%  left=14%  right=15%
Ep 6500/30000 | R= -284.3 | Fuel=710.3mL | Wait= 308s | Steps=45.3 | Reach=93% | ε=0.050 | Loss=687.994 | t=6989s
          ├ 토폴로지 도달률(최근50): gangnam_clean_topology=96%
          ├ OD별 도달률(최근200): rnd0=95%(n200)  rnd1=32%(n200)  rnd10=92%(n200)  rnd11=100%(n200)  rnd12=96%(n200)  rnd13=92%(n200)  rnd14=34%(n200)  rnd15=96%(n200)  rnd16=0%(n200)  rnd17=89%(n197)  rnd18=96%(n200)  rnd19=94%(n200)  rnd2=91%(n200)  rnd20=100%(n200)  rnd21=98%(n200)  rnd22=100%(n200)  rnd23=96%(n200)  rnd24=100%(n200)  rnd25=93%(n200)  rnd26=63%(n198)  rnd27=87%(n200)  rnd28=100%(n200)  rnd29=98%(n200)  rnd3=92%(n200)  rnd4=98%(n200)  rnd5=98%(n200)  rnd6=99%(n200)  rnd7=72%(n200)  rnd8=98%(n200)  rnd9=98%(n200)
          └ 이동 분포: straight=71%  left=15%  right=15%
Ep 6600/30000 | R= -229.7 | Fuel=683.2mL | Wait= 268s | Steps=42.1 | Reach=98% | ε=0.050 | Loss=656.522 | t=7031s
          ├ 토폴로지 도달률(최근50): gangnam_clean_topology=96%
          ├ OD별 도달률(최근200): rnd0=95%(n200)  rnd1=32%(n200)  rnd10=93%(n200)  rnd11=100%(n200)  rnd12=97%(n200)  rnd13=93%(n200)  rnd14=34%(n200)  rnd15=97%(n200)  rnd16=0%(n200)  rnd17=89%(n199)  rnd18=97%(n200)  rnd19=95%(n200)  rnd2=94%(n200)  rnd20=100%(n200)  rnd21=98%(n200)  rnd22=100%(n200)  rnd23=96%(n200)  rnd24=100%(n200)  rnd25=96%(n200)  rnd26=63%(n199)  rnd27=87%(n200)  rnd28=100%(n200)  rnd29=98%(n200)  rnd3=94%(n200)  rnd4=98%(n200)  rnd5=99%(n200)  rnd6=100%(n200)  rnd7=74%(n200)  rnd8=98%(n200)  rnd9=99%(n200)
          └ 이동 분포: straight=70%  left=13%  right=17%
Ep 6700/30000 | R= -221.1 | Fuel=684.5mL | Wait= 261s | Steps=44.3 | Reach=92% | ε=0.050 | Loss=677.582 | t=7106s
          ├ 토폴로지 도달률(최근50): gangnam_clean_topology=98%
          ├ OD별 도달률(최근200): rnd0=96%(n200)  rnd1=32%(n200)  rnd10=94%(n200)  rnd11=100%(n200)  rnd12=98%(n200)  rnd13=94%(n200)  rnd14=35%(n200)  rnd15=97%(n200)  rnd16=0%(n200)  rnd17=90%(n200)  rnd18=98%(n200)  rnd19=96%(n200)  rnd2=94%(n200)  rnd20=100%(n200)  rnd21=98%(n200)  rnd22=100%(n200)  rnd23=97%(n200)  rnd24=100%(n200)  rnd25=98%(n200)  rnd26=64%(n200)  rnd27=89%(n200)  rnd28=100%(n200)  rnd29=98%(n200)  rnd3=95%(n200)  rnd4=98%(n200)  rnd5=100%(n200)  rnd6=100%(n200)  rnd7=76%(n200)  rnd8=98%(n200)  rnd9=100%(n200)
          └ 이동 분포: straight=68%  left=14%  right=17%
Ep 6800/30000 | R= -546.3 | Fuel=849.5mL | Wait= 326s | Steps=55.7 | Reach=89% | ε=0.050 | Loss=637.401 | t=7181s
          ├ 토폴로지 도달률(최근50): gangnam_clean_topology=88%
          ├ OD별 도달률(최근200): rnd0=97%(n200)  rnd1=32%(n200)  rnd10=94%(n200)  rnd11=100%(n200)  rnd12=100%(n200)  rnd13=94%(n200)  rnd14=37%(n200)  rnd15=98%(n200)  rnd16=0%(n200)  rnd17=91%(n200)  rnd18=98%(n200)  rnd19=97%(n200)  rnd2=94%(n200)  rnd20=100%(n200)  rnd21=98%(n200)  rnd22=100%(n200)  rnd23=97%(n200)  rnd24=100%(n200)  rnd25=99%(n200)  rnd26=67%(n200)  rnd27=91%(n200)  rnd28=100%(n200)  rnd29=98%(n200)  rnd3=96%(n200)  rnd4=98%(n200)  rnd5=100%(n200)  rnd6=100%(n200)  rnd7=78%(n200)  rnd8=99%(n200)  rnd9=100%(n200)
          └ 이동 분포: straight=67%  left=19%  right=14%
Ep 6900/30000 | R= -189.2 | Fuel=673.2mL | Wait= 289s | Steps=40.3 | Reach=91% | ε=0.050 | Loss=668.192 | t=7220s
          ├ 토폴로지 도달률(최근50): gangnam_clean_topology=96%
          ├ OD별 도달률(최근200): rnd0=98%(n200)  rnd1=32%(n200)  rnd10=94%(n200)  rnd11=100%(n200)  rnd12=100%(n200)  rnd13=96%(n200)  rnd14=40%(n200)  rnd15=98%(n200)  rnd16=0%(n200)  rnd17=91%(n200)  rnd18=98%(n200)  rnd19=98%(n200)  rnd2=96%(n200)  rnd20=100%(n200)  rnd21=98%(n200)  rnd22=100%(n200)  rnd23=97%(n200)  rnd24=100%(n200)  rnd25=99%(n200)  rnd26=68%(n200)  rnd27=92%(n200)  rnd28=100%(n200)  rnd29=98%(n200)  rnd3=97%(n200)  rnd4=98%(n200)  rnd5=100%(n200)  rnd6=100%(n200)  rnd7=80%(n200)  rnd8=100%(n200)  rnd9=100%(n200)
          └ 이동 분포: straight=67%  left=18%  right=15%
Ep 7000/30000 | R= -139.2 | Fuel=672.5mL | Wait= 297s | Steps=41.1 | Reach=91% | ε=0.050 | Loss=599.252 | t=7261s
          ├ 토폴로지 도달률(최근50): gangnam_clean_topology=94%
          ├ OD별 도달률(최근200): rnd0=98%(n200)  rnd1=32%(n200)  rnd10=94%(n200)  rnd11=100%(n200)  rnd12=100%(n200)  rnd13=96%(n200)  rnd14=40%(n200)  rnd15=98%(n200)  rnd16=0%(n200)  rnd17=92%(n200)  rnd18=98%(n200)  rnd19=98%(n200)  rnd2=97%(n200)  rnd20=100%(n200)  rnd21=99%(n200)  rnd22=100%(n200)  rnd23=98%(n200)  rnd24=100%(n200)  rnd25=99%(n200)  rnd26=68%(n200)  rnd27=94%(n200)  rnd28=100%(n200)  rnd29=99%(n200)  rnd3=98%(n200)  rnd4=98%(n200)  rnd5=100%(n200)  rnd6=100%(n200)  rnd7=81%(n200)  rnd8=100%(n200)  rnd9=100%(n200)
          └ 이동 분포: straight=73%  left=13%  right=14%
Ep 7100/30000 | R= -382.9 | Fuel=753.1mL | Wait= 278s | Steps=48.2 | Reach=93% | ε=0.050 | Loss=648.811 | t=7307s
          ├ 토폴로지 도달률(최근50): gangnam_clean_topology=98%
          ├ OD별 도달률(최근200): rnd0=99%(n200)  rnd1=32%(n200)  rnd10=94%(n200)  rnd11=100%(n200)  rnd12=100%(n200)  rnd13=96%(n200)  rnd14=41%(n200)  rnd15=98%(n200)  rnd16=0%(n200)  rnd17=93%(n200)  rnd18=98%(n200)  rnd19=98%(n200)  rnd2=97%(n200)  rnd20=100%(n200)  rnd21=99%(n200)  rnd22=100%(n200)  rnd23=98%(n200)  rnd24=100%(n200)  rnd25=100%(n200)  rnd26=72%(n200)  rnd27=94%(n200)  rnd28=100%(n200)  rnd29=99%(n200)  rnd3=98%(n200)  rnd4=98%(n200)  rnd5=100%(n200)  rnd6=100%(n200)  rnd7=83%(n200)  rnd8=100%(n200)  rnd9=100%(n200)
          └ 이동 분포: straight=68%  left=16%  right=16%
Ep 7200/30000 | R=  -28.3 | Fuel=614.5mL | Wait= 279s | Steps=37.9 | Reach=95% | ε=0.050 | Loss=638.947 | t=7344s
          ├ 토폴로지 도달률(최근50): gangnam_clean_topology=96%
          ├ OD별 도달률(최근200): rnd0=99%(n200)  rnd1=32%(n200)  rnd10=94%(n200)  rnd11=100%(n200)  rnd12=100%(n200)  rnd13=98%(n200)  rnd14=42%(n200)  rnd15=98%(n200)  rnd16=0%(n200)  rnd17=94%(n200)  rnd18=98%(n200)  rnd19=99%(n200)  rnd2=98%(n200)  rnd20=100%(n200)  rnd21=99%(n200)  rnd22=100%(n200)  rnd23=98%(n200)  rnd24=100%(n200)  rnd25=100%(n200)  rnd26=72%(n200)  rnd27=94%(n200)  rnd28=100%(n200)  rnd29=100%(n200)  rnd3=98%(n200)  rnd4=99%(n200)  rnd5=100%(n200)  rnd6=100%(n200)  rnd7=85%(n200)  rnd8=100%(n200)  rnd9=100%(n200)
          └ 이동 분포: straight=72%  left=14%  right=14%
Ep 7300/30000 | R= -325.3 | Fuel=710.4mL | Wait= 290s | Steps=45.6 | Reach=94% | ε=0.050 | Loss=606.138 | t=7390s
          ├ 토폴로지 도달률(최근50): gangnam_clean_topology=96%
          ├ OD별 도달률(최근200): rnd0=99%(n200)  rnd1=32%(n200)  rnd10=94%(n200)  rnd11=100%(n200)  rnd12=100%(n200)  rnd13=98%(n200)  rnd14=42%(n200)  rnd15=98%(n200)  rnd16=0%(n200)  rnd17=95%(n200)  rnd18=98%(n200)  rnd19=99%(n200)  rnd2=98%(n200)  rnd20=100%(n200)  rnd21=99%(n200)  rnd22=100%(n200)  rnd23=98%(n200)  rnd24=100%(n200)  rnd25=100%(n200)  rnd26=74%(n200)  rnd27=96%(n200)  rnd28=100%(n200)  rnd29=100%(n200)  rnd3=98%(n200)  rnd4=99%(n200)  rnd5=100%(n200)  rnd6=100%(n200)  rnd7=86%(n200)  rnd8=100%(n200)  rnd9=100%(n200)
          └ 이동 분포: straight=69%  left=15%  right=16%
Ep 7400/30000 | R= -278.7 | Fuel=731.9mL | Wait= 302s | Steps=45.5 | Reach=92% | ε=0.050 | Loss=641.369 | t=7441s
          ├ 토폴로지 도달률(최근50): gangnam_clean_topology=98%
          ├ OD별 도달률(최근200): rnd0=100%(n200)  rnd1=32%(n200)  rnd10=94%(n200)  rnd11=100%(n200)  rnd12=100%(n200)  rnd13=98%(n200)  rnd14=44%(n200)  rnd15=98%(n200)  rnd16=0%(n200)  rnd17=95%(n200)  rnd18=99%(n200)  rnd19=99%(n200)  rnd2=98%(n200)  rnd20=100%(n200)  rnd21=99%(n200)  rnd22=100%(n200)  rnd23=98%(n200)  rnd24=100%(n200)  rnd25=100%(n200)  rnd26=76%(n200)  rnd27=96%(n200)  rnd28=100%(n200)  rnd29=100%(n200)  rnd3=98%(n200)  rnd4=99%(n200)  rnd5=100%(n200)  rnd6=100%(n200)  rnd7=86%(n200)  rnd8=100%(n200)  rnd9=100%(n200)
          └ 이동 분포: straight=68%  left=15%  right=16%
Ep 7500/30000 | R= -448.8 | Fuel=774.5mL | Wait= 287s | Steps=49.2 | Reach=94% | ε=0.050 | Loss=677.547 | t=7490s
          ├ 토폴로지 도달률(최근50): gangnam_clean_topology=90%
          ├ OD별 도달률(최근200): rnd0=100%(n200)  rnd1=32%(n200)  rnd10=94%(n200)  rnd11=100%(n200)  rnd12=100%(n200)  rnd13=98%(n200)  rnd14=44%(n200)  rnd15=98%(n200)  rnd16=0%(n200)  rnd17=96%(n200)  rnd18=100%(n200)  rnd19=99%(n200)  rnd2=98%(n200)  rnd20=100%(n200)  rnd21=99%(n200)  rnd22=100%(n200)  rnd23=98%(n200)  rnd24=100%(n200)  rnd25=100%(n200)  rnd26=76%(n200)  rnd27=98%(n200)  rnd28=100%(n200)  rnd29=100%(n200)  rnd3=98%(n200)  rnd4=99%(n200)  rnd5=100%(n200)  rnd6=100%(n200)  rnd7=87%(n200)  rnd8=100%(n200)  rnd9=100%(n200)
          └ 이동 분포: straight=65%  left=16%  right=19%
  [체크포인트] model_rl_signal_attention_ep7500.pth
Ep 7600/30000 | R= -240.8 | Fuel=687.9mL | Wait= 274s | Steps=43.8 | Reach=94% | ε=0.050 | Loss=631.866 | t=7528s
          ├ 토폴로지 도달률(최근50): gangnam_clean_topology=94%
          ├ OD별 도달률(최근200): rnd0=100%(n200)  rnd1=32%(n200)  rnd10=94%(n200)  rnd11=100%(n200)  rnd12=100%(n200)  rnd13=98%(n200)  rnd14=46%(n200)  rnd15=98%(n200)  rnd16=0%(n200)  rnd17=96%(n200)  rnd18=100%(n200)  rnd19=99%(n200)  rnd2=98%(n200)  rnd20=100%(n200)  rnd21=99%(n200)  rnd22=100%(n200)  rnd23=100%(n200)  rnd24=100%(n200)  rnd25=100%(n200)  rnd26=78%(n200)  rnd27=98%(n200)  rnd28=100%(n200)  rnd29=100%(n200)  rnd3=98%(n200)  rnd4=99%(n200)  rnd5=100%(n200)  rnd6=100%(n200)  rnd7=88%(n200)  rnd8=100%(n200)  rnd9=100%(n200)
          └ 이동 분포: straight=65%  left=17%  right=18%
Ep 7700/30000 | R= -370.0 | Fuel=732.8mL | Wait= 286s | Steps=46.5 | Reach=92% | ε=0.050 | Loss=651.634 | t=7565s
          ├ 토폴로지 도달률(최근50): gangnam_clean_topology=88%
          ├ OD별 도달률(최근200): rnd0=100%(n200)  rnd1=32%(n200)  rnd10=95%(n200)  rnd11=100%(n200)  rnd12=100%(n200)  rnd13=98%(n200)  rnd14=47%(n200)  rnd15=98%(n200)  rnd16=0%(n200)  rnd17=96%(n200)  rnd18=100%(n200)  rnd19=100%(n200)  rnd2=98%(n200)  rnd20=100%(n200)  rnd21=100%(n200)  rnd22=100%(n200)  rnd23=100%(n200)  rnd24=100%(n200)  rnd25=100%(n200)  rnd26=78%(n200)  rnd27=98%(n200)  rnd28=100%(n200)  rnd29=100%(n200)  rnd3=98%(n200)  rnd4=99%(n200)  rnd5=100%(n200)  rnd6=100%(n200)  rnd7=88%(n200)  rnd8=100%(n200)  rnd9=100%(n200)
          └ 이동 분포: straight=64%  left=17%  right=19%
Ep 7800/30000 | R= -187.7 | Fuel=711.2mL | Wait= 306s | Steps=43.1 | Reach=95% | ε=0.050 | Loss=661.365 | t=7600s
          ├ 토폴로지 도달률(최근50): gangnam_clean_topology=96%
          ├ OD별 도달률(최근200): rnd0=100%(n200)  rnd1=32%(n200)  rnd10=96%(n200)  rnd11=100%(n200)  rnd12=100%(n200)  rnd13=98%(n200)  rnd14=48%(n200)  rnd15=98%(n200)  rnd16=0%(n200)  rnd17=96%(n200)  rnd18=100%(n200)  rnd19=100%(n200)  rnd2=99%(n200)  rnd20=100%(n200)  rnd21=100%(n200)  rnd22=100%(n200)  rnd23=100%(n200)  rnd24=100%(n200)  rnd25=100%(n200)  rnd26=80%(n200)  rnd27=98%(n200)  rnd28=100%(n200)  rnd29=100%(n200)  rnd3=98%(n200)  rnd4=99%(n200)  rnd5=100%(n200)  rnd6=100%(n200)  rnd7=90%(n200)  rnd8=100%(n200)  rnd9=100%(n200)
          └ 이동 분포: straight=69%  left=16%  right=15%
Ep 7900/30000 | R=  -47.0 | Fuel=663.3mL | Wait= 272s | Steps=40.6 | Reach=97% | ε=0.050 | Loss=603.626 | t=7634s
          ├ 토폴로지 도달률(최근50): gangnam_clean_topology=94%
          ├ OD별 도달률(최근200): rnd0=100%(n200)  rnd1=33%(n200)  rnd10=96%(n200)  rnd11=100%(n200)  rnd12=100%(n200)  rnd13=98%(n200)  rnd14=49%(n200)  rnd15=98%(n200)  rnd16=0%(n200)  rnd17=96%(n200)  rnd18=100%(n200)  rnd19=100%(n200)  rnd2=99%(n200)  rnd20=100%(n200)  rnd21=100%(n200)  rnd22=100%(n200)  rnd23=100%(n200)  rnd24=100%(n200)  rnd25=100%(n200)  rnd26=80%(n200)  rnd27=98%(n200)  rnd28=100%(n200)  rnd29=100%(n200)  rnd3=98%(n200)  rnd4=99%(n200)  rnd5=100%(n200)  rnd6=100%(n200)  rnd7=90%(n200)  rnd8=100%(n200)  rnd9=100%(n200)
          └ 이동 분포: straight=70%  left=14%  right=16%
Ep 8000/30000 | R=  -24.1 | Fuel=638.2mL | Wait= 269s | Steps=38.9 | Reach=95% | ε=0.050 | Loss=616.607 | t=7669s
          ├ 토폴로지 도달률(최근50): gangnam_clean_topology=96%
          ├ OD별 도달률(최근200): rnd0=100%(n200)  rnd1=33%(n200)  rnd10=96%(n200)  rnd11=100%(n200)  rnd12=100%(n200)  rnd13=98%(n200)  rnd14=49%(n200)  rnd15=98%(n200)  rnd16=0%(n200)  rnd17=96%(n200)  rnd18=100%(n200)  rnd19=100%(n200)  rnd2=99%(n200)  rnd20=100%(n200)  rnd21=100%(n200)  rnd22=100%(n200)  rnd23=100%(n200)  rnd24=100%(n200)  rnd25=100%(n200)  rnd26=82%(n200)  rnd27=99%(n200)  rnd28=100%(n200)  rnd29=100%(n200)  rnd3=98%(n200)  rnd4=99%(n200)  rnd5=100%(n200)  rnd6=100%(n200)  rnd7=91%(n200)  rnd8=100%(n200)  rnd9=100%(n200)
          └ 이동 분포: straight=70%  left=16%  right=15%
Ep 8100/30000 | R=  -20.6 | Fuel=650.7mL | Wait= 253s | Steps=40.1 | Reach=97% | ε=0.050 | Loss=580.987 | t=7707s
          ├ 토폴로지 도달률(최근50): gangnam_clean_topology=98%
          ├ OD별 도달률(최근200): rnd0=100%(n200)  rnd1=34%(n200)  rnd10=98%(n200)  rnd11=100%(n200)  rnd12=100%(n200)  rnd13=98%(n200)  rnd14=50%(n200)  rnd15=98%(n200)  rnd16=0%(n200)  rnd17=96%(n200)  rnd18=100%(n200)  rnd19=100%(n200)  rnd2=99%(n200)  rnd20=100%(n200)  rnd21=100%(n200)  rnd22=100%(n200)  rnd23=100%(n200)  rnd24=100%(n200)  rnd25=100%(n200)  rnd26=82%(n200)  rnd27=100%(n200)  rnd28=100%(n200)  rnd29=100%(n200)  rnd3=99%(n200)  rnd4=99%(n200)  rnd5=100%(n200)  rnd6=100%(n200)  rnd7=91%(n200)  rnd8=100%(n200)  rnd9=100%(n200)
          └ 이동 분포: straight=71%  left=14%  right=15%
Ep 8200/30000 | R= -209.0 | Fuel=711.4mL | Wait= 298s | Steps=45.2 | Reach=93% | ε=0.050 | Loss=574.135 | t=7752s
          ├ 토폴로지 도달률(최근50): gangnam_clean_topology=96%
          ├ OD별 도달률(최근200): rnd0=100%(n200)  rnd1=34%(n200)  rnd10=98%(n200)  rnd11=100%(n200)  rnd12=100%(n200)  rnd13=98%(n200)  rnd14=52%(n200)  rnd15=98%(n200)  rnd16=0%(n200)  rnd17=97%(n200)  rnd18=100%(n200)  rnd19=100%(n200)  rnd2=99%(n200)  rnd20=100%(n200)  rnd21=100%(n200)  rnd22=100%(n200)  rnd23=100%(n200)  rnd24=100%(n200)  rnd25=100%(n200)  rnd26=84%(n200)  rnd27=100%(n200)  rnd28=100%(n200)  rnd29=100%(n200)  rnd3=99%(n200)  rnd4=99%(n200)  rnd5=100%(n200)  rnd6=100%(n200)  rnd7=92%(n200)  rnd8=100%(n200)  rnd9=100%(n200)
          └ 이동 분포: straight=69%  left=16%  right=16%
Ep 8300/30000 | R= -173.7 | Fuel=701.2mL | Wait= 288s | Steps=42.1 | Reach=93% | ε=0.050 | Loss=540.162 | t=7793s
          ├ 토폴로지 도달률(최근50): gangnam_clean_topology=92%
          ├ OD별 도달률(최근200): rnd0=100%(n200)  rnd1=34%(n200)  rnd10=98%(n200)  rnd11=100%(n200)  rnd12=100%(n200)  rnd13=98%(n200)  rnd14=54%(n200)  rnd15=98%(n200)  rnd16=0%(n200)  rnd17=97%(n200)  rnd18=100%(n200)  rnd19=100%(n200)  rnd2=100%(n200)  rnd20=100%(n200)  rnd21=100%(n200)  rnd22=100%(n200)  rnd23=100%(n200)  rnd24=100%(n200)  rnd25=100%(n200)  rnd26=84%(n200)  rnd27=100%(n200)  rnd28=100%(n200)  rnd29=100%(n200)  rnd3=100%(n200)  rnd4=99%(n200)  rnd5=100%(n200)  rnd6=100%(n200)  rnd7=92%(n200)  rnd8=100%(n200)  rnd9=100%(n200)
          └ 이동 분포: straight=69%  left=15%  right=16%
Ep 8400/30000 | R= -304.3 | Fuel=796.6mL | Wait= 287s | Steps=48.3 | Reach=95% | ε=0.050 | Loss=540.722 | t=7839s
          ├ 토폴로지 도달률(최근50): gangnam_clean_topology=96%
          ├ OD별 도달률(최근200): rnd0=100%(n200)  rnd1=33%(n200)  rnd10=99%(n200)  rnd11=100%(n200)  rnd12=100%(n200)  rnd13=99%(n200)  rnd14=55%(n200)  rnd15=98%(n200)  rnd16=0%(n200)  rnd17=97%(n200)  rnd18=100%(n200)  rnd19=100%(n200)  rnd2=99%(n200)  rnd20=100%(n200)  rnd21=100%(n200)  rnd22=100%(n200)  rnd23=100%(n200)  rnd24=100%(n200)  rnd25=100%(n200)  rnd26=86%(n200)  rnd27=100%(n200)  rnd28=100%(n200)  rnd29=100%(n200)  rnd3=100%(n200)  rnd4=99%(n200)  rnd5=100%(n200)  rnd6=100%(n200)  rnd7=92%(n200)  rnd8=100%(n200)  rnd9=100%(n200)
          └ 이동 분포: straight=70%  left=14%  right=15%
Ep 8500/30000 | R= -216.1 | Fuel=652.3mL | Wait= 236s | Steps=41.4 | Reach=88% | ε=0.050 | Loss=517.778 | t=7879s
          ├ 토폴로지 도달률(최근50): gangnam_clean_topology=88%
          ├ OD별 도달률(최근200): rnd0=100%(n200)  rnd1=32%(n200)  rnd10=100%(n200)  rnd11=100%(n200)  rnd12=100%(n200)  rnd13=99%(n200)  rnd14=56%(n200)  rnd15=98%(n200)  rnd16=0%(n200)  rnd17=97%(n200)  rnd18=100%(n200)  rnd19=100%(n200)  rnd2=99%(n200)  rnd20=100%(n200)  rnd21=100%(n200)  rnd22=100%(n200)  rnd23=100%(n200)  rnd24=100%(n200)  rnd25=100%(n200)  rnd26=86%(n200)  rnd27=100%(n200)  rnd28=100%(n200)  rnd29=100%(n200)  rnd3=100%(n200)  rnd4=100%(n200)  rnd5=100%(n200)  rnd6=100%(n200)  rnd7=92%(n200)  rnd8=100%(n200)  rnd9=100%(n200)
          └ 이동 분포: straight=66%  left=15%  right=19%
Ep 8600/30000 | R= -172.8 | Fuel=686.8mL | Wait= 263s | Steps=44.1 | Reach=95% | ε=0.050 | Loss=501.484 | t=7929s
          ├ 토폴로지 도달률(최근50): gangnam_clean_topology=100%
          ├ OD별 도달률(최근200): rnd0=100%(n200)  rnd1=32%(n200)  rnd10=100%(n200)  rnd11=100%(n200)  rnd12=100%(n200)  rnd13=99%(n200)  rnd14=57%(n200)  rnd15=98%(n200)  rnd16=0%(n200)  rnd17=97%(n200)  rnd18=100%(n200)  rnd19=100%(n200)  rnd2=100%(n200)  rnd20=100%(n200)  rnd21=100%(n200)  rnd22=100%(n200)  rnd23=100%(n200)  rnd24=100%(n200)  rnd25=100%(n200)  rnd26=86%(n200)  rnd27=100%(n200)  rnd28=100%(n200)  rnd29=100%(n200)  rnd3=100%(n200)  rnd4=100%(n200)  rnd5=100%(n200)  rnd6=100%(n200)  rnd7=92%(n200)  rnd8=100%(n200)  rnd9=100%(n200)
          └ 이동 분포: straight=70%  left=14%  right=16%
Ep 8700/30000 | R= -304.3 | Fuel=720.3mL | Wait= 290s | Steps=46.0 | Reach=94% | ε=0.050 | Loss=480.988 | t=7977s
          ├ 토폴로지 도달률(최근50): gangnam_clean_topology=92%
          ├ OD별 도달률(최근200): rnd0=100%(n200)  rnd1=32%(n200)  rnd10=100%(n200)  rnd11=100%(n200)  rnd12=100%(n200)  rnd13=99%(n200)  rnd14=60%(n200)  rnd15=98%(n200)  rnd16=0%(n200)  rnd17=98%(n200)  rnd18=100%(n200)  rnd19=100%(n200)  rnd2=100%(n200)  rnd20=100%(n200)  rnd21=100%(n200)  rnd22=100%(n200)  rnd23=100%(n200)  rnd24=100%(n200)  rnd25=100%(n200)  rnd26=86%(n200)  rnd27=100%(n200)  rnd28=100%(n200)  rnd29=100%(n200)  rnd3=100%(n200)  rnd4=100%(n200)  rnd5=100%(n200)  rnd6=100%(n200)  rnd7=92%(n200)  rnd8=100%(n200)  rnd9=100%(n200)
          └ 이동 분포: straight=70%  left=15%  right=15%
Ep 8800/30000 | R= -132.8 | Fuel=689.0mL | Wait= 284s | Steps=42.9 | Reach=94% | ε=0.050 | Loss=492.687 | t=8012s
          ├ 토폴로지 도달률(최근50): gangnam_clean_topology=96%
          ├ OD별 도달률(최근200): rnd0=100%(n200)  rnd1=32%(n200)  rnd10=100%(n200)  rnd11=100%(n200)  rnd12=100%(n200)  rnd13=99%(n200)  rnd14=60%(n200)  rnd15=98%(n200)  rnd16=0%(n200)  rnd17=98%(n200)  rnd18=100%(n200)  rnd19=100%(n200)  rnd2=100%(n200)  rnd20=100%(n200)  rnd21=100%(n200)  rnd22=100%(n200)  rnd23=100%(n200)  rnd24=100%(n200)  rnd25=100%(n200)  rnd26=87%(n200)  rnd27=100%(n200)  rnd28=100%(n200)  rnd29=100%(n200)  rnd3=100%(n200)  rnd4=100%(n200)  rnd5=100%(n200)  rnd6=100%(n200)  rnd7=93%(n200)  rnd8=100%(n200)  rnd9=100%(n200)
          └ 이동 분포: straight=70%  left=15%  right=15%
Ep 8900/30000 | R= -486.3 | Fuel=821.0mL | Wait= 283s | Steps=50.5 | Reach=91% | ε=0.050 | Loss=520.494 | t=8054s
          ├ 토폴로지 도달률(최근50): gangnam_clean_topology=90%
          ├ OD별 도달률(최근200): rnd0=100%(n200)  rnd1=31%(n200)  rnd10=100%(n200)  rnd11=100%(n200)  rnd12=100%(n200)  rnd13=99%(n200)  rnd14=61%(n200)  rnd15=98%(n200)  rnd16=0%(n200)  rnd17=98%(n200)  rnd18=100%(n200)  rnd19=100%(n200)  rnd2=100%(n200)  rnd20=100%(n200)  rnd21=100%(n200)  rnd22=100%(n200)  rnd23=100%(n200)  rnd24=100%(n200)  rnd25=100%(n200)  rnd26=88%(n200)  rnd27=100%(n200)  rnd28=100%(n200)  rnd29=100%(n200)  rnd3=100%(n200)  rnd4=100%(n200)  rnd5=100%(n200)  rnd6=100%(n200)  rnd7=94%(n200)  rnd8=100%(n200)  rnd9=100%(n200)
          └ 이동 분포: straight=65%  left=15%  right=20%
Ep 9000/30000 | R= -168.4 | Fuel=620.2mL | Wait= 231s | Steps=41.8 | Reach=92% | ε=0.050 | Loss=529.108 | t=8093s
          ├ 토폴로지 도달률(최근50): gangnam_clean_topology=86%
          ├ OD별 도달률(최근200): rnd0=100%(n200)  rnd1=31%(n200)  rnd10=99%(n200)  rnd11=100%(n200)  rnd12=100%(n200)  rnd13=99%(n200)  rnd14=62%(n200)  rnd15=98%(n200)  rnd16=0%(n200)  rnd17=98%(n200)  rnd18=100%(n200)  rnd19=100%(n200)  rnd2=100%(n200)  rnd20=100%(n200)  rnd21=100%(n200)  rnd22=100%(n200)  rnd23=100%(n200)  rnd24=100%(n200)  rnd25=100%(n200)  rnd26=89%(n200)  rnd27=100%(n200)  rnd28=100%(n200)  rnd29=100%(n200)  rnd3=100%(n200)  rnd4=100%(n200)  rnd5=100%(n200)  rnd6=100%(n200)  rnd7=94%(n200)  rnd8=100%(n200)  rnd9=100%(n200)
          └ 이동 분포: straight=63%  left=21%  right=16%
Ep 9100/30000 | R= -379.9 | Fuel=786.8mL | Wait= 275s | Steps=50.6 | Reach=92% | ε=0.050 | Loss=508.877 | t=8169s
          ├ 토폴로지 도달률(최근50): gangnam_clean_topology=90%
          ├ OD별 도달률(최근200): rnd0=100%(n200)  rnd1=30%(n200)  rnd10=99%(n200)  rnd11=100%(n200)  rnd12=100%(n200)  rnd13=99%(n200)  rnd14=64%(n200)  rnd15=98%(n200)  rnd16=0%(n200)  rnd17=98%(n200)  rnd18=100%(n200)  rnd19=100%(n200)  rnd2=100%(n200)  rnd20=100%(n200)  rnd21=100%(n200)  rnd22=100%(n200)  rnd23=100%(n200)  rnd24=100%(n200)  rnd25=100%(n200)  rnd26=90%(n200)  rnd27=100%(n200)  rnd28=100%(n200)  rnd29=100%(n200)  rnd3=100%(n200)  rnd4=99%(n200)  rnd5=100%(n200)  rnd6=100%(n200)  rnd7=96%(n200)  rnd8=100%(n200)  rnd9=100%(n200)
          └ 이동 분포: straight=68%  left=14%  right=18%
Ep 9200/30000 | R= -134.5 | Fuel=662.9mL | Wait= 233s | Steps=41.8 | Reach=96% | ε=0.050 | Loss=523.152 | t=8252s
          ├ 토폴로지 도달률(최근50): gangnam_clean_topology=94%
          ├ OD별 도달률(최근200): rnd0=100%(n200)  rnd1=29%(n200)  rnd10=99%(n200)  rnd11=100%(n200)  rnd12=100%(n200)  rnd13=99%(n200)  rnd14=66%(n200)  rnd15=98%(n200)  rnd16=0%(n200)  rnd17=99%(n200)  rnd18=100%(n200)  rnd19=100%(n200)  rnd2=100%(n200)  rnd20=100%(n200)  rnd21=100%(n200)  rnd22=100%(n200)  rnd23=100%(n200)  rnd24=100%(n200)  rnd25=100%(n200)  rnd26=90%(n200)  rnd27=100%(n200)  rnd28=100%(n200)  rnd29=100%(n200)  rnd3=100%(n200)  rnd4=99%(n200)  rnd5=100%(n200)  rnd6=100%(n200)  rnd7=96%(n200)  rnd8=100%(n200)  rnd9=100%(n200)
          └ 이동 분포: straight=69%  left=15%  right=16%
Ep 9300/30000 | R= -140.9 | Fuel=665.2mL | Wait= 259s | Steps=41.3 | Reach=90% | ε=0.050 | Loss=495.919 | t=8334s
          ├ 토폴로지 도달률(최근50): gangnam_clean_topology=86%
          ├ OD별 도달률(최근200): rnd0=100%(n200)  rnd1=27%(n200)  rnd10=99%(n200)  rnd11=100%(n200)  rnd12=100%(n200)  rnd13=99%(n200)  rnd14=66%(n200)  rnd15=98%(n200)  rnd16=0%(n200)  rnd17=99%(n200)  rnd18=100%(n200)  rnd19=100%(n200)  rnd2=100%(n200)  rnd20=100%(n200)  rnd21=100%(n200)  rnd22=100%(n200)  rnd23=100%(n200)  rnd24=100%(n200)  rnd25=100%(n200)  rnd26=91%(n200)  rnd27=100%(n200)  rnd28=100%(n200)  rnd29=100%(n200)  rnd3=100%(n200)  rnd4=99%(n200)  rnd5=100%(n200)  rnd6=100%(n200)  rnd7=96%(n200)  rnd8=100%(n200)  rnd9=100%(n200)
          └ 이동 분포: straight=69%  left=15%  right=17%
Ep 9400/30000 | R= -143.4 | Fuel=668.5mL | Wait= 249s | Steps=42.3 | Reach=92% | ε=0.050 | Loss=483.508 | t=8382s
          ├ 토폴로지 도달률(최근50): gangnam_clean_topology=96%
          ├ OD별 도달률(최근200): rnd0=100%(n200)  rnd1=26%(n200)  rnd10=99%(n200)  rnd11=100%(n200)  rnd12=100%(n200)  rnd13=99%(n200)  rnd14=67%(n200)  rnd15=98%(n200)  rnd16=0%(n200)  rnd17=100%(n200)  rnd18=100%(n200)  rnd19=100%(n200)  rnd2=100%(n200)  rnd20=100%(n200)  rnd21=100%(n200)  rnd22=100%(n200)  rnd23=100%(n200)  rnd24=100%(n200)  rnd25=100%(n200)  rnd26=92%(n200)  rnd27=100%(n200)  rnd28=100%(n200)  rnd29=100%(n200)  rnd3=100%(n200)  rnd4=99%(n200)  rnd5=100%(n200)  rnd6=100%(n200)  rnd7=96%(n200)  rnd8=100%(n200)  rnd9=100%(n200)
          └ 이동 분포: straight=69%  left=15%  right=16%
Ep 9500/30000 | R= -176.9 | Fuel=746.4mL | Wait= 282s | Steps=44.9 | Reach=92% | ε=0.050 | Loss=479.755 | t=8419s
          ├ 토폴로지 도달률(최근50): gangnam_clean_topology=94%
          ├ OD별 도달률(최근200): rnd0=100%(n200)  rnd1=26%(n200)  rnd10=99%(n200)  rnd11=100%(n200)  rnd12=100%(n200)  rnd13=99%(n200)  rnd14=68%(n200)  rnd15=98%(n200)  rnd16=0%(n200)  rnd17=100%(n200)  rnd18=100%(n200)  rnd19=100%(n200)  rnd2=100%(n200)  rnd20=100%(n200)  rnd21=100%(n200)  rnd22=100%(n200)  rnd23=100%(n200)  rnd24=100%(n200)  rnd25=100%(n200)  rnd26=92%(n200)  rnd27=100%(n200)  rnd28=100%(n200)  rnd29=100%(n200)  rnd3=100%(n200)  rnd4=99%(n200)  rnd5=100%(n200)  rnd6=100%(n200)  rnd7=97%(n200)  rnd8=100%(n200)  rnd9=100%(n200)
          └ 이동 분포: straight=69%  left=15%  right=16%
Ep 9600/30000 | R= -499.3 | Fuel=923.2mL | Wait= 330s | Steps=57.2 | Reach=93% | ε=0.050 | Loss=484.229 | t=8464s
          ├ 토폴로지 도달률(최근50): gangnam_clean_topology=94%
          ├ OD별 도달률(최근200): rnd0=100%(n200)  rnd1=24%(n200)  rnd10=99%(n200)  rnd11=100%(n200)  rnd12=100%(n200)  rnd13=99%(n200)  rnd14=71%(n200)  rnd15=98%(n200)  rnd16=0%(n200)  rnd17=100%(n200)  rnd18=100%(n200)  rnd19=100%(n200)  rnd2=100%(n200)  rnd20=100%(n200)  rnd21=100%(n200)  rnd22=100%(n200)  rnd23=100%(n200)  rnd24=100%(n200)  rnd25=100%(n200)  rnd26=93%(n200)  rnd27=100%(n200)  rnd28=100%(n200)  rnd29=100%(n200)  rnd3=100%(n200)  rnd4=98%(n200)  rnd5=100%(n200)  rnd6=100%(n200)  rnd7=97%(n200)  rnd8=100%(n200)  rnd9=100%(n200)
          └ 이동 분포: straight=68%  left=16%  right=16%
Ep 9700/30000 | R=  104.8 | Fuel=568.0mL | Wait= 225s | Steps=35.1 | Reach=96% | ε=0.050 | Loss=469.700 | t=8491s
          ├ 토폴로지 도달률(최근50): gangnam_clean_topology=98%
          ├ OD별 도달률(최근200): rnd0=100%(n200)  rnd1=24%(n200)  rnd10=99%(n200)  rnd11=100%(n200)  rnd12=100%(n200)  rnd13=99%(n200)  rnd14=72%(n200)  rnd15=98%(n200)  rnd16=0%(n200)  rnd17=100%(n200)  rnd18=100%(n200)  rnd19=100%(n200)  rnd2=100%(n200)  rnd20=100%(n200)  rnd21=100%(n200)  rnd22=100%(n200)  rnd23=100%(n200)  rnd24=100%(n200)  rnd25=100%(n200)  rnd26=94%(n200)  rnd27=100%(n200)  rnd28=100%(n200)  rnd29=100%(n200)  rnd3=100%(n200)  rnd4=98%(n200)  rnd5=100%(n200)  rnd6=100%(n200)  rnd7=97%(n200)  rnd8=100%(n200)  rnd9=100%(n200)
          └ 이동 분포: straight=70%  left=15%  right=15%
Ep 9800/30000 | R=  -11.7 | Fuel=616.5mL | Wait= 242s | Steps=38.2 | Reach=91% | ε=0.050 | Loss=502.183 | t=8521s
          ├ 토폴로지 도달률(최근50): gangnam_clean_topology=92%
          ├ OD별 도달률(최근200): rnd0=100%(n200)  rnd1=22%(n200)  rnd10=99%(n200)  rnd11=100%(n200)  rnd12=100%(n200)  rnd13=99%(n200)  rnd14=73%(n200)  rnd15=98%(n200)  rnd16=0%(n200)  rnd17=100%(n200)  rnd18=100%(n200)  rnd19=100%(n200)  rnd2=100%(n200)  rnd20=100%(n200)  rnd21=100%(n200)  rnd22=100%(n200)  rnd23=100%(n200)  rnd24=100%(n200)  rnd25=100%(n200)  rnd26=94%(n200)  rnd27=100%(n200)  rnd28=100%(n200)  rnd29=100%(n200)  rnd3=100%(n200)  rnd4=98%(n200)  rnd5=100%(n200)  rnd6=100%(n200)  rnd7=97%(n200)  rnd8=100%(n200)  rnd9=100%(n200)
          └ 이동 분포: straight=70%  left=14%  right=16%
Ep 9900/30000 | R= -297.1 | Fuel=737.1mL | Wait= 244s | Steps=45.8 | Reach=92% | ε=0.050 | Loss=472.452 | t=8559s
          ├ 토폴로지 도달률(최근50): gangnam_clean_topology=90%
          ├ OD별 도달률(최근200): rnd0=100%(n200)  rnd1=22%(n200)  rnd10=98%(n200)  rnd11=100%(n200)  rnd12=100%(n200)  rnd13=99%(n200)  rnd14=75%(n200)  rnd15=98%(n200)  rnd16=0%(n200)  rnd17=100%(n200)  rnd18=100%(n200)  rnd19=100%(n200)  rnd2=100%(n200)  rnd20=100%(n200)  rnd21=100%(n200)  rnd22=100%(n200)  rnd23=100%(n200)  rnd24=100%(n200)  rnd25=100%(n200)  rnd26=94%(n200)  rnd27=100%(n200)  rnd28=100%(n200)  rnd29=100%(n200)  rnd3=100%(n200)  rnd4=98%(n200)  rnd5=100%(n200)  rnd6=100%(n200)  rnd7=97%(n200)  rnd8=100%(n200)  rnd9=100%(n200)
          └ 이동 분포: straight=63%  left=19%  right=18%
Ep 10000/30000 | R= -104.3 | Fuel=680.3mL | Wait= 251s | Steps=43.9 | Reach=94% | ε=0.050 | Loss=477.039 | t=8597s
          ├ 토폴로지 도달률(최근50): gangnam_clean_topology=90%
          ├ OD별 도달률(최근200): rnd0=100%(n200)  rnd1=20%(n200)  rnd10=98%(n200)  rnd11=100%(n200)  rnd12=100%(n200)  rnd13=99%(n200)  rnd14=76%(n200)  rnd15=99%(n200)  rnd16=0%(n200)  rnd17=100%(n200)  rnd18=100%(n200)  rnd19=100%(n200)  rnd2=100%(n200)  rnd20=100%(n200)  rnd21=100%(n200)  rnd22=100%(n200)  rnd23=100%(n200)  rnd24=100%(n200)  rnd25=100%(n200)  rnd26=94%(n200)  rnd27=100%(n200)  rnd28=100%(n200)  rnd29=100%(n200)  rnd3=100%(n200)  rnd4=98%(n200)  rnd5=100%(n200)  rnd6=100%(n200)  rnd7=98%(n200)  rnd8=100%(n200)  rnd9=100%(n200)
          └ 이동 분포: straight=69%  left=15%  right=15%
  [체크포인트] model_rl_signal_attention_ep10000.pth
Ep 10100/30000 | R=   48.2 | Fuel=577.6mL | Wait= 220s | Steps=36.9 | Reach=94% | ε=0.050 | Loss=464.222 | t=8631s
          ├ 토폴로지 도달률(최근50): gangnam_clean_topology=94%
          ├ OD별 도달률(최근200): rnd0=100%(n200)  rnd1=18%(n200)  rnd10=98%(n200)  rnd11=100%(n200)  rnd12=100%(n200)  rnd13=99%(n200)  rnd14=78%(n200)  rnd15=99%(n200)  rnd16=0%(n200)  rnd17=100%(n200)  rnd18=100%(n200)  rnd19=100%(n200)  rnd2=100%(n200)  rnd20=100%(n200)  rnd21=100%(n200)  rnd22=100%(n200)  rnd23=100%(n200)  rnd24=100%(n200)  rnd25=100%(n200)  rnd26=94%(n200)  rnd27=100%(n200)  rnd28=100%(n200)  rnd29=100%(n200)  rnd3=100%(n200)  rnd4=98%(n200)  rnd5=100%(n200)  rnd6=100%(n200)  rnd7=98%(n200)  rnd8=100%(n200)  rnd9=100%(n200)
          └ 이동 분포: straight=71%  left=14%  right=15%
Ep 10200/30000 | R= -139.0 | Fuel=676.9mL | Wait= 262s | Steps=43.9 | Reach=92% | ε=0.050 | Loss=420.942 | t=8674s
          ├ 토폴로지 도달률(최근50): gangnam_clean_topology=92%
          ├ OD별 도달률(최근200): rnd0=100%(n200)  rnd1=18%(n200)  rnd10=98%(n200)  rnd11=100%(n200)  rnd12=100%(n200)  rnd13=99%(n200)  rnd14=78%(n200)  rnd15=100%(n200)  rnd16=0%(n200)  rnd17=100%(n200)  rnd18=100%(n200)  rnd19=100%(n200)  rnd2=100%(n200)  rnd20=100%(n200)  rnd21=100%(n200)  rnd22=100%(n200)  rnd23=100%(n200)  rnd24=100%(n200)  rnd25=100%(n200)  rnd26=94%(n200)  rnd27=100%(n200)  rnd28=100%(n200)  rnd29=100%(n200)  rnd3=100%(n200)  rnd4=98%(n200)  rnd5=100%(n200)  rnd6=100%(n200)  rnd7=98%(n200)  rnd8=100%(n200)  rnd9=100%(n200)
          └ 이동 분포: straight=67%  left=17%  right=16%
Ep 10300/30000 | R=  -84.9 | Fuel=699.0mL | Wait= 259s | Steps=46.2 | Reach=95% | ε=0.050 | Loss=429.436 | t=8718s
          ├ 토폴로지 도달률(최근50): gangnam_clean_topology=96%
          ├ OD별 도달률(최근200): rnd0=100%(n200)  rnd1=16%(n200)  rnd10=98%(n200)  rnd11=100%(n200)  rnd12=100%(n200)  rnd13=99%(n200)  rnd14=80%(n200)  rnd15=100%(n200)  rnd16=0%(n200)  rnd17=100%(n200)  rnd18=100%(n200)  rnd19=100%(n200)  rnd2=100%(n200)  rnd20=100%(n200)  rnd21=100%(n200)  rnd22=100%(n200)  rnd23=100%(n200)  rnd24=100%(n200)  rnd25=100%(n200)  rnd26=95%(n200)  rnd27=100%(n200)  rnd28=100%(n200)  rnd29=100%(n200)  rnd3=100%(n200)  rnd4=98%(n200)  rnd5=100%(n200)  rnd6=100%(n200)  rnd7=98%(n200)  rnd8=100%(n200)  rnd9=100%(n200)
          └ 이동 분포: straight=70%  left=15%  right=15%
Ep 10400/30000 | R=  -21.2 | Fuel=643.6mL | Wait= 261s | Steps=39.2 | Reach=93% | ε=0.050 | Loss=402.660 | t=8756s
          ├ 토폴로지 도달률(최근50): gangnam_clean_topology=92%
          ├ OD별 도달률(최근200): rnd0=100%(n200)  rnd1=16%(n200)  rnd10=98%(n200)  rnd11=100%(n200)  rnd12=100%(n200)  rnd13=99%(n200)  rnd14=81%(n200)  rnd15=100%(n200)  rnd16=0%(n200)  rnd17=100%(n200)  rnd18=100%(n200)  rnd19=100%(n200)  rnd2=100%(n200)  rnd20=100%(n200)  rnd21=100%(n200)  rnd22=100%(n200)  rnd23=100%(n200)  rnd24=100%(n200)  rnd25=100%(n200)  rnd26=95%(n200)  rnd27=100%(n200)  rnd28=100%(n200)  rnd29=100%(n200)  rnd3=100%(n200)  rnd4=98%(n200)  rnd5=100%(n200)  rnd6=100%(n200)  rnd7=98%(n200)  rnd8=100%(n200)  rnd9=100%(n200)
          └ 이동 분포: straight=68%  left=15%  right=17%
Ep 10500/30000 | R=   25.5 | Fuel=582.0mL | Wait= 217s | Steps=39.3 | Reach=96% | ε=0.050 | Loss=401.443 | t=8795s
          ├ 토폴로지 도달률(최근50): gangnam_clean_topology=98%
          ├ OD별 도달률(최근200): rnd0=100%(n200)  rnd1=16%(n200)  rnd10=98%(n200)  rnd11=100%(n200)  rnd12=100%(n200)  rnd13=100%(n200)  rnd14=82%(n200)  rnd15=100%(n200)  rnd16=0%(n200)  rnd17=100%(n200)  rnd18=100%(n200)  rnd19=100%(n200)  rnd2=100%(n200)  rnd20=100%(n200)  rnd21=100%(n200)  rnd22=100%(n200)  rnd23=100%(n200)  rnd24=100%(n200)  rnd25=100%(n200)  rnd26=95%(n200)  rnd27=100%(n200)  rnd28=100%(n200)  rnd29=100%(n200)  rnd3=100%(n200)  rnd4=98%(n200)  rnd5=100%(n200)  rnd6=100%(n200)  rnd7=98%(n200)  rnd8=100%(n200)  rnd9=100%(n200)
          └ 이동 분포: straight=65%  left=21%  right=14%
Ep 10600/30000 | R= -173.2 | Fuel=736.5mL | Wait= 284s | Steps=46.6 | Reach=94% | ε=0.050 | Loss=388.015 | t=8841s
          ├ 토폴로지 도달률(최근50): gangnam_clean_topology=96%
          ├ OD별 도달률(최근200): rnd0=100%(n200)  rnd1=14%(n200)  rnd10=98%(n200)  rnd11=100%(n200)  rnd12=100%(n200)  rnd13=100%(n200)  rnd14=82%(n200)  rnd15=100%(n200)  rnd16=0%(n200)  rnd17=100%(n200)  rnd18=100%(n200)  rnd19=100%(n200)  rnd2=100%(n200)  rnd20=100%(n200)  rnd21=100%(n200)  rnd22=100%(n200)  rnd23=100%(n200)  rnd24=100%(n200)  rnd25=100%(n200)  rnd26=96%(n200)  rnd27=100%(n200)  rnd28=100%(n200)  rnd29=100%(n200)  rnd3=100%(n200)  rnd4=99%(n200)  rnd5=100%(n200)  rnd6=100%(n200)  rnd7=98%(n200)  rnd8=100%(n200)  rnd9=100%(n200)
          └ 이동 분포: straight=68%  left=15%  right=17%
Ep 10700/30000 | R=   30.2 | Fuel=597.8mL | Wait= 237s | Steps=36.5 | Reach=93% | ε=0.050 | Loss=388.004 | t=8876s
          ├ 토폴로지 도달률(최근50): gangnam_clean_topology=94%
          ├ OD별 도달률(최근200): rnd0=100%(n200)  rnd1=14%(n200)  rnd10=98%(n200)  rnd11=100%(n200)  rnd12=100%(n200)  rnd13=100%(n200)  rnd14=83%(n200)  rnd15=100%(n200)  rnd16=0%(n200)  rnd17=100%(n200)  rnd18=100%(n200)  rnd19=100%(n200)  rnd2=100%(n200)  rnd20=100%(n200)  rnd21=100%(n200)  rnd22=100%(n200)  rnd23=100%(n200)  rnd24=100%(n200)  rnd25=100%(n200)  rnd26=96%(n200)  rnd27=100%(n200)  rnd28=100%(n200)  rnd29=100%(n200)  rnd3=100%(n200)  rnd4=99%(n200)  rnd5=100%(n200)  rnd6=100%(n200)  rnd7=98%(n200)  rnd8=100%(n200)  rnd9=100%(n200)
          └ 이동 분포: straight=69%  left=15%  right=16%
Ep 10800/30000 | R= -241.9 | Fuel=739.7mL | Wait= 253s | Steps=46.5 | Reach=92% | ε=0.050 | Loss=370.951 | t=8922s
          ├ 토폴로지 도달률(최근50): gangnam_clean_topology=92%
          ├ OD별 도달률(최근200): rnd0=100%(n200)  rnd1=14%(n200)  rnd10=98%(n200)  rnd11=100%(n200)  rnd12=100%(n200)  rnd13=100%(n200)  rnd14=84%(n200)  rnd15=100%(n200)  rnd16=0%(n200)  rnd17=100%(n200)  rnd18=100%(n200)  rnd19=100%(n200)  rnd2=100%(n200)  rnd20=100%(n200)  rnd21=100%(n200)  rnd22=100%(n200)  rnd23=100%(n200)  rnd24=100%(n200)  rnd25=100%(n200)  rnd26=95%(n200)  rnd27=100%(n200)  rnd28=100%(n200)  rnd29=100%(n200)  rnd3=100%(n200)  rnd4=99%(n200)  rnd5=100%(n200)  rnd6=100%(n200)  rnd7=98%(n200)  rnd8=100%(n200)  rnd9=100%(n200)
          └ 이동 분포: straight=65%  left=15%  right=20%
Ep 10900/30000 | R= -104.0 | Fuel=718.2mL | Wait= 276s | Steps=44.7 | Reach=95% | ε=0.050 | Loss=341.076 | t=8965s
          ├ 토폴로지 도달률(최근50): gangnam_clean_topology=94%
          ├ OD별 도달률(최근200): rnd0=100%(n200)  rnd1=14%(n200)  rnd10=98%(n200)  rnd11=100%(n200)  rnd12=100%(n200)  rnd13=100%(n200)  rnd14=86%(n200)  rnd15=100%(n200)  rnd16=0%(n200)  rnd17=100%(n200)  rnd18=100%(n200)  rnd19=100%(n200)  rnd2=100%(n200)  rnd20=100%(n200)  rnd21=100%(n200)  rnd22=100%(n200)  rnd23=100%(n200)  rnd24=100%(n200)  rnd25=100%(n200)  rnd26=96%(n200)  rnd27=100%(n200)  rnd28=100%(n200)  rnd29=100%(n200)  rnd3=100%(n200)  rnd4=99%(n200)  rnd5=100%(n200)  rnd6=100%(n200)  rnd7=98%(n200)  rnd8=100%(n200)  rnd9=100%(n200)
          └ 이동 분포: straight=68%  left=16%  right=16%
Ep 11000/30000 | R=  -99.5 | Fuel=708.7mL | Wait= 246s | Steps=44.1 | Reach=96% | ε=0.050 | Loss=334.753 | t=9008s
          ├ 토폴로지 도달률(최근50): gangnam_clean_topology=94%
          ├ OD별 도달률(최근200): rnd0=100%(n200)  rnd1=13%(n200)  rnd10=98%(n200)  rnd11=100%(n200)  rnd12=100%(n200)  rnd13=100%(n200)  rnd14=86%(n200)  rnd15=100%(n200)  rnd16=0%(n200)  rnd17=100%(n200)  rnd18=100%(n200)  rnd19=100%(n200)  rnd2=100%(n200)  rnd20=100%(n200)  rnd21=100%(n200)  rnd22=100%(n200)  rnd23=100%(n200)  rnd24=100%(n200)  rnd25=100%(n200)  rnd26=96%(n200)  rnd27=100%(n200)  rnd28=100%(n200)  rnd29=100%(n200)  rnd3=100%(n200)  rnd4=99%(n200)  rnd5=100%(n200)  rnd6=100%(n200)  rnd7=98%(n200)  rnd8=100%(n200)  rnd9=100%(n200)
          └ 이동 분포: straight=68%  left=15%  right=17%
Ep 11100/30000 | R= -216.7 | Fuel=726.8mL | Wait= 278s | Steps=43.6 | Reach=90% | ε=0.050 | Loss=333.230 | t=9049s
          ├ 토폴로지 도달률(최근50): gangnam_clean_topology=86%
          ├ OD별 도달률(최근200): rnd0=100%(n200)  rnd1=14%(n200)  rnd10=98%(n200)  rnd11=100%(n200)  rnd12=100%(n200)  rnd13=100%(n200)  rnd14=86%(n200)  rnd15=100%(n200)  rnd16=0%(n200)  rnd17=100%(n200)  rnd18=100%(n200)  rnd19=100%(n200)  rnd2=100%(n200)  rnd20=100%(n200)  rnd21=100%(n200)  rnd22=100%(n200)  rnd23=100%(n200)  rnd24=100%(n200)  rnd25=100%(n200)  rnd26=96%(n200)  rnd27=100%(n200)  rnd28=100%(n200)  rnd29=100%(n200)  rnd3=100%(n200)  rnd4=99%(n200)  rnd5=100%(n200)  rnd6=100%(n200)  rnd7=98%(n200)  rnd8=100%(n200)  rnd9=100%(n200)
          └ 이동 분포: straight=67%  left=15%  right=18%
Ep 11200/30000 | R=  -52.5 | Fuel=630.9mL | Wait= 232s | Steps=40.4 | Reach=96% | ε=0.050 | Loss=324.479 | t=9088s
          ├ 토폴로지 도달률(최근50): gangnam_clean_topology=94%
          ├ OD별 도달률(최근200): rnd0=100%(n200)  rnd1=14%(n200)  rnd10=98%(n200)  rnd11=100%(n200)  rnd12=100%(n200)  rnd13=100%(n200)  rnd14=88%(n200)  rnd15=100%(n200)  rnd16=0%(n200)  rnd17=100%(n200)  rnd18=100%(n200)  rnd19=100%(n200)  rnd2=100%(n200)  rnd20=100%(n200)  rnd21=100%(n200)  rnd22=100%(n200)  rnd23=100%(n200)  rnd24=100%(n200)  rnd25=100%(n200)  rnd26=96%(n200)  rnd27=100%(n200)  rnd28=100%(n200)  rnd29=100%(n200)  rnd3=100%(n200)  rnd4=99%(n200)  rnd5=100%(n200)  rnd6=100%(n200)  rnd7=98%(n200)  rnd8=100%(n200)  rnd9=100%(n200)
          └ 이동 분포: straight=66%  left=17%  right=17%
Ep 11300/30000 | R=  -22.4 | Fuel=612.5mL | Wait= 235s | Steps=39.1 | Reach=97% | ε=0.050 | Loss=333.442 | t=9126s
          ├ 토폴로지 도달률(최근50): gangnam_clean_topology=96%
          ├ OD별 도달률(최근200): rnd0=100%(n200)  rnd1=14%(n200)  rnd10=98%(n200)  rnd11=100%(n200)  rnd12=100%(n200)  rnd13=100%(n200)  rnd14=88%(n200)  rnd15=100%(n200)  rnd16=0%(n200)  rnd17=100%(n200)  rnd18=100%(n200)  rnd19=100%(n200)  rnd2=100%(n200)  rnd20=100%(n200)  rnd21=100%(n200)  rnd22=100%(n200)  rnd23=100%(n200)  rnd24=100%(n200)  rnd25=100%(n200)  rnd26=96%(n200)  rnd27=100%(n200)  rnd28=100%(n200)  rnd29=100%(n200)  rnd3=100%(n200)  rnd4=99%(n200)  rnd5=100%(n200)  rnd6=100%(n200)  rnd7=98%(n200)  rnd8=100%(n200)  rnd9=100%(n200)
          └ 이동 분포: straight=68%  left=18%  right=15%
Ep 11400/30000 | R= -130.7 | Fuel=712.5mL | Wait= 276s | Steps=45.0 | Reach=96% | ε=0.050 | Loss=340.003 | t=9169s
          ├ 토폴로지 도달률(최근50): gangnam_clean_topology=98%
          ├ OD별 도달률(최근200): rnd0=100%(n200)  rnd1=14%(n200)  rnd10=98%(n200)  rnd11=100%(n200)  rnd12=100%(n200)  rnd13=100%(n200)  rnd14=90%(n200)  rnd15=100%(n200)  rnd16=0%(n200)  rnd17=100%(n200)  rnd18=100%(n200)  rnd19=100%(n200)  rnd2=100%(n200)  rnd20=100%(n200)  rnd21=100%(n200)  rnd22=100%(n200)  rnd23=100%(n200)  rnd24=100%(n200)  rnd25=100%(n200)  rnd26=96%(n200)  rnd27=100%(n200)  rnd28=100%(n200)  rnd29=100%(n200)  rnd3=100%(n200)  rnd4=99%(n200)  rnd5=100%(n200)  rnd6=100%(n200)  rnd7=98%(n200)  rnd8=100%(n200)  rnd9=100%(n200)
          └ 이동 분포: straight=68%  left=15%  right=17%
Ep 11500/30000 | R=  -12.6 | Fuel=625.6mL | Wait= 215s | Steps=40.1 | Reach=95% | ε=0.050 | Loss=289.629 | t=9209s
          ├ 토폴로지 도달률(최근50): gangnam_clean_topology=94%
          ├ OD별 도달률(최근200): rnd0=100%(n200)  rnd1=14%(n200)  rnd10=98%(n200)  rnd11=100%(n200)  rnd12=100%(n200)  rnd13=100%(n200)  rnd14=90%(n200)  rnd15=100%(n200)  rnd16=0%(n200)  rnd17=100%(n200)  rnd18=100%(n200)  rnd19=100%(n200)  rnd2=100%(n200)  rnd20=100%(n200)  rnd21=100%(n200)  rnd22=100%(n200)  rnd23=100%(n200)  rnd24=100%(n200)  rnd25=100%(n200)  rnd26=96%(n200)  rnd27=100%(n200)  rnd28=100%(n200)  rnd29=100%(n200)  rnd3=100%(n200)  rnd4=99%(n200)  rnd5=100%(n200)  rnd6=100%(n200)  rnd7=98%(n200)  rnd8=100%(n200)  rnd9=100%(n200)
          └ 이동 분포: straight=69%  left=16%  right=15%
Ep 11600/30000 | R= -122.0 | Fuel=714.1mL | Wait= 270s | Steps=45.8 | Reach=95% | ε=0.050 | Loss=295.026 | t=9254s
          ├ 토폴로지 도달률(최근50): gangnam_clean_topology=92%
          ├ OD별 도달률(최근200): rnd0=100%(n200)  rnd1=14%(n200)  rnd10=98%(n200)  rnd11=100%(n200)  rnd12=100%(n200)  rnd13=100%(n200)  rnd14=91%(n200)  rnd15=100%(n200)  rnd16=0%(n200)  rnd17=100%(n200)  rnd18=100%(n200)  rnd19=100%(n200)  rnd2=100%(n200)  rnd20=100%(n200)  rnd21=100%(n200)  rnd22=100%(n200)  rnd23=100%(n200)  rnd24=100%(n200)  rnd25=100%(n200)  rnd26=96%(n200)  rnd27=100%(n200)  rnd28=100%(n200)  rnd29=100%(n200)  rnd3=100%(n200)  rnd4=99%(n200)  rnd5=100%(n200)  rnd6=100%(n200)  rnd7=98%(n200)  rnd8=100%(n200)  rnd9=100%(n200)
          └ 이동 분포: straight=67%  left=16%  right=17%
Ep 11700/30000 | R=  -97.3 | Fuel=696.1mL | Wait= 264s | Steps=42.7 | Reach=94% | ε=0.050 | Loss=301.723 | t=9295s
          ├ 토폴로지 도달률(최근50): gangnam_clean_topology=92%
          ├ OD별 도달률(최근200): rnd0=100%(n200)  rnd1=14%(n200)  rnd10=98%(n200)  rnd11=100%(n200)  rnd12=100%(n200)  rnd13=100%(n200)  rnd14=91%(n200)  rnd15=100%(n200)  rnd16=0%(n200)  rnd17=100%(n200)  rnd18=100%(n200)  rnd19=100%(n200)  rnd2=100%(n200)  rnd20=100%(n200)  rnd21=100%(n200)  rnd22=100%(n200)  rnd23=100%(n200)  rnd24=100%(n200)  rnd25=100%(n200)  rnd26=96%(n200)  rnd27=100%(n200)  rnd28=100%(n200)  rnd29=100%(n200)  rnd3=100%(n200)  rnd4=99%(n200)  rnd5=100%(n200)  rnd6=100%(n200)  rnd7=98%(n200)  rnd8=100%(n200)  rnd9=100%(n200)
          └ 이동 분포: straight=67%  left=16%  right=16%
Ep 11800/30000 | R= -154.8 | Fuel=736.2mL | Wait= 260s | Steps=46.6 | Reach=97% | ε=0.050 | Loss=286.012 | t=9339s
          ├ 토폴로지 도달률(최근50): gangnam_clean_topology=96%
          ├ OD별 도달률(최근200): rnd0=100%(n200)  rnd1=15%(n200)  rnd10=98%(n200)  rnd11=100%(n200)  rnd12=100%(n200)  rnd13=100%(n200)  rnd14=92%(n200)  rnd15=100%(n200)  rnd16=0%(n200)  rnd17=100%(n200)  rnd18=100%(n200)  rnd19=100%(n200)  rnd2=100%(n200)  rnd20=100%(n200)  rnd21=100%(n200)  rnd22=100%(n200)  rnd23=100%(n200)  rnd24=100%(n200)  rnd25=100%(n200)  rnd26=96%(n200)  rnd27=100%(n200)  rnd28=100%(n200)  rnd29=100%(n200)  rnd3=100%(n200)  rnd4=99%(n200)  rnd5=100%(n200)  rnd6=100%(n200)  rnd7=98%(n200)  rnd8=100%(n200)  rnd9=100%(n200)
          └ 이동 분포: straight=68%  left=15%  right=17%
Ep 11900/30000 | R=  -19.6 | Fuel=647.7mL | Wait= 227s | Steps=41.4 | Reach=96% | ε=0.050 | Loss=299.630 | t=9379s
          ├ 토폴로지 도달률(최근50): gangnam_clean_topology=98%
          ├ OD별 도달률(최근200): rnd0=100%(n200)  rnd1=16%(n200)  rnd10=98%(n200)  rnd11=100%(n200)  rnd12=100%(n200)  rnd13=100%(n200)  rnd14=92%(n200)  rnd15=100%(n200)  rnd16=0%(n200)  rnd17=100%(n200)  rnd18=100%(n200)  rnd19=100%(n200)  rnd2=100%(n200)  rnd20=100%(n200)  rnd21=100%(n200)  rnd22=100%(n200)  rnd23=100%(n200)  rnd24=100%(n200)  rnd25=100%(n200)  rnd26=96%(n200)  rnd27=100%(n200)  rnd28=100%(n200)  rnd29=100%(n200)  rnd3=100%(n200)  rnd4=99%(n200)  rnd5=100%(n200)  rnd6=100%(n200)  rnd7=98%(n200)  rnd8=100%(n200)  rnd9=100%(n200)
          └ 이동 분포: straight=68%  left=17%  right=15%
Ep 12000/30000 | R=   82.9 | Fuel=583.1mL | Wait= 217s | Steps=36.7 | Reach=98% | ε=0.050 | Loss=310.542 | t=9414s
          ├ 토폴로지 도달률(최근50): gangnam_clean_topology=98%
          ├ OD별 도달률(최근200): rnd0=100%(n200)  rnd1=16%(n200)  rnd10=98%(n200)  rnd11=100%(n200)  rnd12=100%(n200)  rnd13=100%(n200)  rnd14=92%(n200)  rnd15=100%(n200)  rnd16=0%(n200)  rnd17=100%(n200)  rnd18=100%(n200)  rnd19=100%(n200)  rnd2=100%(n200)  rnd20=100%(n200)  rnd21=100%(n200)  rnd22=100%(n200)  rnd23=100%(n200)  rnd24=100%(n200)  rnd25=100%(n200)  rnd26=96%(n200)  rnd27=100%(n200)  rnd28=100%(n200)  rnd29=100%(n200)  rnd3=100%(n200)  rnd4=99%(n200)  rnd5=100%(n200)  rnd6=100%(n200)  rnd7=98%(n200)  rnd8=100%(n200)  rnd9=100%(n200)
          └ 이동 분포: straight=69%  left=14%  right=17%
Ep 12100/30000 | R= -131.3 | Fuel=684.8mL | Wait= 238s | Steps=44.1 | Reach=91% | ε=0.050 | Loss=301.471 | t=9457s
          ├ 토폴로지 도달률(최근50): gangnam_clean_topology=92%
          ├ OD별 도달률(최근200): rnd0=100%(n200)  rnd1=16%(n200)  rnd10=98%(n200)  rnd11=100%(n200)  rnd12=100%(n200)  rnd13=100%(n200)  rnd14=92%(n200)  rnd15=100%(n200)  rnd16=0%(n200)  rnd17=100%(n200)  rnd18=100%(n200)  rnd19=100%(n200)  rnd2=100%(n200)  rnd20=100%(n200)  rnd21=100%(n200)  rnd22=100%(n200)  rnd23=100%(n200)  rnd24=100%(n200)  rnd25=100%(n200)  rnd26=96%(n200)  rnd27=100%(n200)  rnd28=100%(n200)  rnd29=100%(n200)  rnd3=100%(n200)  rnd4=99%(n200)  rnd5=100%(n200)  rnd6=99%(n200)  rnd7=98%(n200)  rnd8=100%(n200)  rnd9=100%(n200)
          └ 이동 분포: straight=67%  left=14%  right=18%
Ep 12200/30000 | R=   77.4 | Fuel=613.0mL | Wait= 223s | Steps=38.6 | Reach=99% | ε=0.050 | Loss=291.753 | t=9495s
          ├ 토폴로지 도달률(최근50): gangnam_clean_topology=98%
          ├ OD별 도달률(최근200): rnd0=100%(n200)  rnd1=16%(n200)  rnd10=98%(n200)  rnd11=100%(n200)  rnd12=100%(n200)  rnd13=100%(n200)  rnd14=93%(n200)  rnd15=100%(n200)  rnd16=0%(n200)  rnd17=100%(n200)  rnd18=100%(n200)  rnd19=100%(n200)  rnd2=100%(n200)  rnd20=100%(n200)  rnd21=100%(n200)  rnd22=100%(n200)  rnd23=100%(n200)  rnd24=100%(n200)  rnd25=100%(n200)  rnd26=96%(n200)  rnd27=100%(n200)  rnd28=100%(n200)  rnd29=100%(n200)  rnd3=100%(n200)  rnd4=99%(n200)  rnd5=100%(n200)  rnd6=99%(n200)  rnd7=98%(n200)  rnd8=100%(n200)  rnd9=100%(n200)
          └ 이동 분포: straight=69%  left=16%  right=15%
Ep 12300/30000 | R=  -38.5 | Fuel=664.4mL | Wait= 257s | Steps=42.0 | Reach=96% | ε=0.050 | Loss=276.110 | t=9536s
          ├ 토폴로지 도달률(최근50): gangnam_clean_topology=98%
          ├ OD별 도달률(최근200): rnd0=100%(n200)  rnd1=16%(n200)  rnd10=98%(n200)  rnd11=100%(n200)  rnd12=100%(n200)  rnd13=100%(n200)  rnd14=94%(n200)  rnd15=100%(n200)  rnd16=0%(n200)  rnd17=100%(n200)  rnd18=100%(n200)  rnd19=100%(n200)  rnd2=100%(n200)  rnd20=100%(n200)  rnd21=100%(n200)  rnd22=100%(n200)  rnd23=100%(n200)  rnd24=100%(n200)  rnd25=100%(n200)  rnd26=96%(n200)  rnd27=100%(n200)  rnd28=100%(n200)  rnd29=100%(n200)  rnd3=100%(n200)  rnd4=99%(n200)  rnd5=100%(n200)  rnd6=99%(n200)  rnd7=98%(n200)  rnd8=100%(n200)  rnd9=100%(n200)
          └ 이동 분포: straight=68%  left=17%  right=15%
Ep 12400/30000 | R=  -89.6 | Fuel=714.4mL | Wait= 277s | Steps=45.0 | Reach=96% | ε=0.050 | Loss=293.299 | t=9580s
          ├ 토폴로지 도달률(최근50): gangnam_clean_topology=96%
          ├ OD별 도달률(최근200): rnd0=100%(n200)  rnd1=16%(n200)  rnd10=98%(n200)  rnd11=100%(n200)  rnd12=100%(n200)  rnd13=100%(n200)  rnd14=96%(n200)  rnd15=100%(n200)  rnd16=0%(n200)  rnd17=100%(n200)  rnd18=100%(n200)  rnd19=100%(n200)  rnd2=100%(n200)  rnd20=100%(n200)  rnd21=100%(n200)  rnd22=100%(n200)  rnd23=100%(n200)  rnd24=100%(n200)  rnd25=100%(n200)  rnd26=96%(n200)  rnd27=100%(n200)  rnd28=100%(n200)  rnd29=100%(n200)  rnd3=100%(n200)  rnd4=99%(n200)  rnd5=100%(n200)  rnd6=99%(n200)  rnd7=98%(n200)  rnd8=100%(n200)  rnd9=100%(n200)
          └ 이동 분포: straight=68%  left=16%  right=17%
Ep 12500/30000 | R= -204.4 | Fuel=751.4mL | Wait= 263s | Steps=45.2 | Reach=86% | ε=0.050 | Loss=303.914 | t=9624s
          ├ 토폴로지 도달률(최근50): gangnam_clean_topology=84%
          ├ OD별 도달률(최근200): rnd0=100%(n200)  rnd1=16%(n200)  rnd10=98%(n200)  rnd11=100%(n200)  rnd12=100%(n200)  rnd13=100%(n200)  rnd14=96%(n200)  rnd15=100%(n200)  rnd16=0%(n200)  rnd17=100%(n200)  rnd18=100%(n200)  rnd19=100%(n200)  rnd2=100%(n200)  rnd20=100%(n200)  rnd21=100%(n200)  rnd22=100%(n200)  rnd23=100%(n200)  rnd24=100%(n200)  rnd25=100%(n200)  rnd26=96%(n200)  rnd27=100%(n200)  rnd28=100%(n200)  rnd29=100%(n200)  rnd3=100%(n200)  rnd4=99%(n200)  rnd5=100%(n200)  rnd6=99%(n200)  rnd7=98%(n200)  rnd8=100%(n200)  rnd9=100%(n200)
          └ 이동 분포: straight=67%  left=16%  right=17%
  [체크포인트] model_rl_signal_attention_ep12500.pth
Ep 12600/30000 | R=  -77.2 | Fuel=669.2mL | Wait= 259s | Steps=42.3 | Reach=93% | ε=0.050 | Loss=310.202 | t=9665s
          ├ 토폴로지 도달률(최근50): gangnam_clean_topology=90%
          ├ OD별 도달률(최근200): rnd0=100%(n200)  rnd1=16%(n200)  rnd10=98%(n200)  rnd11=100%(n200)  rnd12=100%(n200)  rnd13=100%(n200)  rnd14=96%(n200)  rnd15=100%(n200)  rnd16=0%(n200)  rnd17=100%(n200)  rnd18=100%(n200)  rnd19=100%(n200)  rnd2=100%(n200)  rnd20=100%(n200)  rnd21=100%(n200)  rnd22=100%(n200)  rnd23=100%(n200)  rnd24=100%(n200)  rnd25=100%(n200)  rnd26=96%(n200)  rnd27=100%(n200)  rnd28=100%(n200)  rnd29=100%(n200)  rnd3=100%(n200)  rnd4=99%(n200)  rnd5=100%(n200)  rnd6=99%(n200)  rnd7=99%(n200)  rnd8=100%(n200)  rnd9=100%(n200)
          └ 이동 분포: straight=68%  left=15%  right=17%
Ep 12700/30000 | R=  -85.0 | Fuel=675.0mL | Wait= 250s | Steps=41.0 | Reach=91% | ε=0.050 | Loss=297.083 | t=9704s
          ├ 토폴로지 도달률(최근50): gangnam_clean_topology=92%
          ├ OD별 도달률(최근200): rnd0=100%(n200)  rnd1=16%(n200)  rnd10=98%(n200)  rnd11=100%(n200)  rnd12=100%(n200)  rnd13=100%(n200)  rnd14=97%(n200)  rnd15=100%(n200)  rnd16=0%(n200)  rnd17=100%(n200)  rnd18=100%(n200)  rnd19=100%(n200)  rnd2=100%(n200)  rnd20=100%(n200)  rnd21=100%(n200)  rnd22=100%(n200)  rnd23=100%(n200)  rnd24=100%(n200)  rnd25=100%(n200)  rnd26=96%(n200)  rnd27=100%(n200)  rnd28=100%(n200)  rnd29=100%(n200)  rnd3=100%(n200)  rnd4=99%(n200)  rnd5=100%(n200)  rnd6=99%(n200)  rnd7=99%(n200)  rnd8=100%(n200)  rnd9=100%(n200)
          └ 이동 분포: straight=66%  left=16%  right=18%
Ep 12800/30000 | R=   33.0 | Fuel=602.5mL | Wait= 218s | Steps=38.0 | Reach=93% | ε=0.050 | Loss=290.579 | t=9742s
          ├ 토폴로지 도달률(최근50): gangnam_clean_topology=94%
          ├ OD별 도달률(최근200): rnd0=100%(n200)  rnd1=16%(n200)  rnd10=98%(n200)  rnd11=100%(n200)  rnd12=100%(n200)  rnd13=100%(n200)  rnd14=97%(n200)  rnd15=100%(n200)  rnd16=0%(n200)  rnd17=100%(n200)  rnd18=100%(n200)  rnd19=100%(n200)  rnd2=100%(n200)  rnd20=100%(n200)  rnd21=100%(n200)  rnd22=100%(n200)  rnd23=100%(n200)  rnd24=100%(n200)  rnd25=100%(n200)  rnd26=96%(n200)  rnd27=100%(n200)  rnd28=100%(n200)  rnd29=100%(n200)  rnd3=100%(n200)  rnd4=99%(n200)  rnd5=100%(n200)  rnd6=99%(n200)  rnd7=99%(n200)  rnd8=100%(n200)  rnd9=100%(n200)
          └ 이동 분포: straight=66%  left=16%  right=18%
Ep 12900/30000 | R= -155.1 | Fuel=680.1mL | Wait= 248s | Steps=43.2 | Reach=89% | ε=0.050 | Loss=309.618 | t=9785s
          ├ 토폴로지 도달률(최근50): gangnam_clean_topology=96%
          ├ OD별 도달률(최근200): rnd0=100%(n200)  rnd1=16%(n200)  rnd10=98%(n200)  rnd11=100%(n200)  rnd12=100%(n200)  rnd13=100%(n200)  rnd14=97%(n200)  rnd15=100%(n200)  rnd16=0%(n200)  rnd17=100%(n200)  rnd18=100%(n200)  rnd19=100%(n200)  rnd2=100%(n200)  rnd20=100%(n200)  rnd21=100%(n200)  rnd22=100%(n200)  rnd23=100%(n200)  rnd24=100%(n200)  rnd25=100%(n200)  rnd26=96%(n200)  rnd27=100%(n200)  rnd28=100%(n200)  rnd29=100%(n200)  rnd3=100%(n200)  rnd4=99%(n200)  rnd5=100%(n200)  rnd6=99%(n200)  rnd7=99%(n200)  rnd8=100%(n200)  rnd9=100%(n200)
          └ 이동 분포: straight=65%  left=18%  right=17%
Ep 13000/30000 | R=   60.4 | Fuel=626.4mL | Wait= 242s | Steps=38.9 | Reach=96% | ε=0.050 | Loss=292.149 | t=9824s
          ├ 토폴로지 도달률(최근50): gangnam_clean_topology=94%
          ├ OD별 도달률(최근200): rnd0=100%(n200)  rnd1=16%(n200)  rnd10=99%(n200)  rnd11=100%(n200)  rnd12=100%(n200)  rnd13=100%(n200)  rnd14=98%(n200)  rnd15=100%(n200)  rnd16=0%(n200)  rnd17=100%(n200)  rnd18=100%(n200)  rnd19=100%(n200)  rnd2=100%(n200)  rnd20=100%(n200)  rnd21=100%(n200)  rnd22=100%(n200)  rnd23=100%(n200)  rnd24=100%(n200)  rnd25=100%(n200)  rnd26=96%(n200)  rnd27=100%(n200)  rnd28=100%(n200)  rnd29=100%(n200)  rnd3=100%(n200)  rnd4=99%(n200)  rnd5=100%(n200)  rnd6=99%(n200)  rnd7=99%(n200)  rnd8=100%(n200)  rnd9=100%(n200)
          └ 이동 분포: straight=69%  left=15%  right=16%
Ep 13100/30000 | R=   -9.0 | Fuel=646.3mL | Wait= 238s | Steps=41.0 | Reach=95% | ε=0.050 | Loss=275.407 | t=9865s
          ├ 토폴로지 도달률(최근50): gangnam_clean_topology=96%
          ├ OD별 도달률(최근200): rnd0=100%(n200)  rnd1=16%(n200)  rnd10=99%(n200)  rnd11=100%(n200)  rnd12=100%(n200)  rnd13=100%(n200)  rnd14=98%(n200)  rnd15=100%(n200)  rnd16=0%(n200)  rnd17=100%(n200)  rnd18=100%(n200)  rnd19=100%(n200)  rnd2=100%(n200)  rnd20=100%(n200)  rnd21=100%(n200)  rnd22=100%(n200)  rnd23=100%(n200)  rnd24=100%(n200)  rnd25=100%(n200)  rnd26=96%(n200)  rnd27=100%(n200)  rnd28=100%(n200)  rnd29=100%(n200)  rnd3=100%(n200)  rnd4=99%(n200)  rnd5=100%(n200)  rnd6=99%(n200)  rnd7=99%(n200)  rnd8=100%(n200)  rnd9=100%(n200)
          └ 이동 분포: straight=68%  left=15%  right=16%
Ep 13200/30000 | R= -144.5 | Fuel=715.4mL | Wait= 273s | Steps=46.1 | Reach=94% | ε=0.050 | Loss=278.051 | t=9910s
          ├ 토폴로지 도달률(최근50): gangnam_clean_topology=94%
          ├ OD별 도달률(최근200): rnd0=100%(n200)  rnd1=16%(n200)  rnd10=99%(n200)  rnd11=100%(n200)  rnd12=100%(n200)  rnd13=100%(n200)  rnd14=98%(n200)  rnd15=100%(n200)  rnd16=0%(n200)  rnd17=100%(n200)  rnd18=100%(n200)  rnd19=100%(n200)  rnd2=100%(n200)  rnd20=100%(n200)  rnd21=100%(n200)  rnd22=100%(n200)  rnd23=100%(n200)  rnd24=100%(n200)  rnd25=100%(n200)  rnd26=96%(n200)  rnd27=100%(n200)  rnd28=100%(n200)  rnd29=100%(n200)  rnd3=100%(n200)  rnd4=99%(n200)  rnd5=100%(n200)  rnd6=99%(n200)  rnd7=99%(n200)  rnd8=100%(n200)  rnd9=100%(n200)
          └ 이동 분포: straight=65%  left=19%  right=16%
Ep 13300/30000 | R= -123.4 | Fuel=705.8mL | Wait= 246s | Steps=43.0 | Reach=94% | ε=0.050 | Loss=281.740 | t=9951s
          ├ 토폴로지 도달률(최근50): gangnam_clean_topology=96%
          ├ OD별 도달률(최근200): rnd0=100%(n200)  rnd1=16%(n200)  rnd10=99%(n200)  rnd11=100%(n200)  rnd12=100%(n200)  rnd13=100%(n200)  rnd14=98%(n200)  rnd15=100%(n200)  rnd16=0%(n200)  rnd17=100%(n200)  rnd18=100%(n200)  rnd19=100%(n200)  rnd2=100%(n200)  rnd20=100%(n200)  rnd21=100%(n200)  rnd22=100%(n200)  rnd23=100%(n200)  rnd24=100%(n200)  rnd25=100%(n200)  rnd26=96%(n200)  rnd27=100%(n200)  rnd28=100%(n200)  rnd29=100%(n200)  rnd3=100%(n200)  rnd4=99%(n200)  rnd5=100%(n200)  rnd6=99%(n200)  rnd7=99%(n200)  rnd8=100%(n200)  rnd9=100%(n200)
          └ 이동 분포: straight=67%  left=15%  right=18%
Ep 13400/30000 | R=  -59.7 | Fuel=646.2mL | Wait= 231s | Steps=41.2 | Reach=91% | ε=0.050 | Loss=273.032 | t=9990s
          ├ 토폴로지 도달률(최근50): gangnam_clean_topology=86%
          ├ OD별 도달률(최근200): rnd0=100%(n200)  rnd1=16%(n200)  rnd10=99%(n200)  rnd11=100%(n200)  rnd12=100%(n200)  rnd13=100%(n200)  rnd14=98%(n200)  rnd15=100%(n200)  rnd16=0%(n200)  rnd17=100%(n200)  rnd18=100%(n200)  rnd19=100%(n200)  rnd2=100%(n200)  rnd20=100%(n200)  rnd21=100%(n200)  rnd22=100%(n200)  rnd23=100%(n200)  rnd24=100%(n200)  rnd25=100%(n200)  rnd26=96%(n200)  rnd27=100%(n200)  rnd28=100%(n200)  rnd29=100%(n200)  rnd3=100%(n200)  rnd4=99%(n200)  rnd5=100%(n200)  rnd6=99%(n200)  rnd7=99%(n200)  rnd8=100%(n200)  rnd9=100%(n200)
          └ 이동 분포: straight=68%  left=15%  right=17%
Ep 13500/30000 | R= -191.4 | Fuel=742.5mL | Wait= 257s | Steps=47.5 | Reach=94% | ε=0.050 | Loss=263.987 | t=10036s
          ├ 토폴로지 도달률(최근50): gangnam_clean_topology=96%
          ├ OD별 도달률(최근200): rnd0=100%(n200)  rnd1=16%(n200)  rnd10=99%(n200)  rnd11=100%(n200)  rnd12=100%(n200)  rnd13=100%(n200)  rnd14=98%(n200)  rnd15=100%(n200)  rnd16=0%(n200)  rnd17=100%(n200)  rnd18=100%(n200)  rnd19=100%(n200)  rnd2=100%(n200)  rnd20=100%(n200)  rnd21=100%(n200)  rnd22=100%(n200)  rnd23=100%(n200)  rnd24=100%(n200)  rnd25=100%(n200)  rnd26=96%(n200)  rnd27=100%(n200)  rnd28=100%(n200)  rnd29=100%(n200)  rnd3=100%(n200)  rnd4=99%(n200)  rnd5=100%(n200)  rnd6=99%(n200)  rnd7=98%(n200)  rnd8=100%(n200)  rnd9=100%(n200)
          └ 이동 분포: straight=66%  left=16%  right=18%
Ep 13600/30000 | R= -122.8 | Fuel=676.3mL | Wait= 247s | Steps=42.2 | Reach=91% | ε=0.050 | Loss=266.646 | t=10076s
          ├ 토폴로지 도달률(최근50): gangnam_clean_topology=96%
          ├ OD별 도달률(최근200): rnd0=100%(n200)  rnd1=16%(n200)  rnd10=99%(n200)  rnd11=100%(n200)  rnd12=100%(n200)  rnd13=100%(n200)  rnd14=98%(n200)  rnd15=100%(n200)  rnd16=0%(n200)  rnd17=100%(n200)  rnd18=100%(n200)  rnd19=100%(n200)  rnd2=100%(n200)  rnd20=100%(n200)  rnd21=100%(n200)  rnd22=100%(n200)  rnd23=100%(n200)  rnd24=100%(n200)  rnd25=100%(n200)  rnd26=96%(n200)  rnd27=100%(n200)  rnd28=100%(n200)  rnd29=100%(n200)  rnd3=100%(n200)  rnd4=99%(n200)  rnd5=100%(n200)  rnd6=98%(n200)  rnd7=98%(n200)  rnd8=100%(n200)  rnd9=100%(n200)
          └ 이동 분포: straight=66%  left=14%  right=19%
Ep 13700/30000 | R= -135.1 | Fuel=709.9mL | Wait= 247s | Steps=44.3 | Reach=87% | ε=0.050 | Loss=254.280 | t=10119s
          ├ 토폴로지 도달률(최근50): gangnam_clean_topology=90%
          ├ OD별 도달률(최근200): rnd0=100%(n200)  rnd1=16%(n200)  rnd10=99%(n200)  rnd11=100%(n200)  rnd12=100%(n200)  rnd13=100%(n200)  rnd14=98%(n200)  rnd15=100%(n200)  rnd16=0%(n200)  rnd17=100%(n200)  rnd18=100%(n200)  rnd19=100%(n200)  rnd2=100%(n200)  rnd20=100%(n200)  rnd21=100%(n200)  rnd22=100%(n200)  rnd23=100%(n200)  rnd24=100%(n200)  rnd25=100%(n200)  rnd26=96%(n200)  rnd27=100%(n200)  rnd28=100%(n200)  rnd29=100%(n200)  rnd3=100%(n200)  rnd4=99%(n200)  rnd5=100%(n200)  rnd6=98%(n200)  rnd7=98%(n200)  rnd8=100%(n200)  rnd9=100%(n200)
          └ 이동 분포: straight=69%  left=16%  right=16%
Ep 13800/30000 | R=   23.8 | Fuel=613.1mL | Wait= 212s | Steps=39.0 | Reach=94% | ε=0.050 | Loss=259.142 | t=10164s
          ├ 토폴로지 도달률(최근50): gangnam_clean_topology=92%
          ├ OD별 도달률(최근200): rnd0=100%(n200)  rnd1=16%(n200)  rnd10=99%(n200)  rnd11=100%(n200)  rnd12=100%(n200)  rnd13=100%(n200)  rnd14=98%(n200)  rnd15=100%(n200)  rnd16=0%(n200)  rnd17=100%(n200)  rnd18=100%(n200)  rnd19=100%(n200)  rnd2=100%(n200)  rnd20=100%(n200)  rnd21=100%(n200)  rnd22=100%(n200)  rnd23=100%(n200)  rnd24=100%(n200)  rnd25=100%(n200)  rnd26=97%(n200)  rnd27=100%(n200)  rnd28=100%(n200)  rnd29=100%(n200)  rnd3=100%(n200)  rnd4=99%(n200)  rnd5=100%(n200)  rnd6=98%(n200)  rnd7=98%(n200)  rnd8=100%(n200)  rnd9=100%(n200)
          └ 이동 분포: straight=68%  left=16%  right=16%
Ep 13900/30000 | R= -206.6 | Fuel=690.7mL | Wait= 246s | Steps=43.4 | Reach=92% | ε=0.050 | Loss=267.544 | t=10215s
          ├ 토폴로지 도달률(최근50): gangnam_clean_topology=94%
          ├ OD별 도달률(최근200): rnd0=100%(n200)  rnd1=16%(n200)  rnd10=99%(n200)  rnd11=100%(n200)  rnd12=100%(n200)  rnd13=100%(n200)  rnd14=98%(n200)  rnd15=100%(n200)  rnd16=0%(n200)  rnd17=100%(n200)  rnd18=100%(n200)  rnd19=100%(n200)  rnd2=100%(n200)  rnd20=100%(n200)  rnd21=100%(n200)  rnd22=100%(n200)  rnd23=100%(n200)  rnd24=100%(n200)  rnd25=100%(n200)  rnd26=98%(n200)  rnd27=100%(n200)  rnd28=100%(n200)  rnd29=100%(n200)  rnd3=100%(n200)  rnd4=99%(n200)  rnd5=100%(n200)  rnd6=98%(n200)  rnd7=98%(n200)  rnd8=100%(n200)  rnd9=100%(n200)
          └ 이동 분포: straight=67%  left=17%  right=16%
Ep 14000/30000 | R=  -11.1 | Fuel=638.4mL | Wait= 249s | Steps=38.9 | Reach=93% | ε=0.050 | Loss=266.041 | t=10259s
          ├ 토폴로지 도달률(최근50): gangnam_clean_topology=94%
          ├ OD별 도달률(최근200): rnd0=100%(n200)  rnd1=16%(n200)  rnd10=99%(n200)  rnd11=100%(n200)  rnd12=100%(n200)  rnd13=100%(n200)  rnd14=99%(n200)  rnd15=100%(n200)  rnd16=0%(n200)  rnd17=100%(n200)  rnd18=100%(n200)  rnd19=100%(n200)  rnd2=100%(n200)  rnd20=100%(n200)  rnd21=100%(n200)  rnd22=100%(n200)  rnd23=100%(n200)  rnd24=100%(n200)  rnd25=100%(n200)  rnd26=98%(n200)  rnd27=100%(n200)  rnd28=100%(n200)  rnd29=100%(n200)  rnd3=100%(n200)  rnd4=99%(n200)  rnd5=100%(n200)  rnd6=98%(n200)  rnd7=98%(n200)  rnd8=100%(n200)  rnd9=100%(n200)
          └ 이동 분포: straight=67%  left=17%  right=16%
Ep 14100/30000 | R=  -61.8 | Fuel=662.7mL | Wait= 222s | Steps=42.6 | Reach=92% | ε=0.050 | Loss=255.649 | t=10322s
          ├ 토폴로지 도달률(최근50): gangnam_clean_topology=90%
          ├ OD별 도달률(최근200): rnd0=100%(n200)  rnd1=15%(n200)  rnd10=99%(n200)  rnd11=100%(n200)  rnd12=100%(n200)  rnd13=100%(n200)  rnd14=99%(n200)  rnd15=100%(n200)  rnd16=0%(n200)  rnd17=100%(n200)  rnd18=100%(n200)  rnd19=100%(n200)  rnd2=100%(n200)  rnd20=100%(n200)  rnd21=100%(n200)  rnd22=100%(n200)  rnd23=100%(n200)  rnd24=100%(n200)  rnd25=100%(n200)  rnd26=98%(n200)  rnd27=100%(n200)  rnd28=100%(n200)  rnd29=100%(n200)  rnd3=100%(n200)  rnd4=99%(n200)  rnd5=100%(n200)  rnd6=98%(n200)  rnd7=98%(n200)  rnd8=100%(n200)  rnd9=100%(n200)
          └ 이동 분포: straight=65%  left=19%  right=16%
Ep 14200/30000 | R=  -74.5 | Fuel=644.7mL | Wait= 218s | Steps=38.3 | Reach=93% | ε=0.050 | Loss=278.367 | t=10359s
          ├ 토폴로지 도달률(최근50): gangnam_clean_topology=94%
          ├ OD별 도달률(최근200): rnd0=100%(n200)  rnd1=14%(n200)  rnd10=99%(n200)  rnd11=100%(n200)  rnd12=100%(n200)  rnd13=100%(n200)  rnd14=99%(n200)  rnd15=100%(n200)  rnd16=0%(n200)  rnd17=100%(n200)  rnd18=100%(n200)  rnd19=100%(n200)  rnd2=100%(n200)  rnd20=100%(n200)  rnd21=100%(n200)  rnd22=100%(n200)  rnd23=100%(n200)  rnd24=100%(n200)  rnd25=100%(n200)  rnd26=98%(n200)  rnd27=100%(n200)  rnd28=100%(n200)  rnd29=100%(n200)  rnd3=100%(n200)  rnd4=99%(n200)  rnd5=100%(n200)  rnd6=98%(n200)  rnd7=98%(n200)  rnd8=100%(n200)  rnd9=100%(n200)
          └ 이동 분포: straight=68%  left=15%  right=17%
Ep 14300/30000 | R=   76.9 | Fuel=596.9mL | Wait= 215s | Steps=37.8 | Reach=97% | ε=0.050 | Loss=244.545 | t=10399s
          ├ 토폴로지 도달률(최근50): gangnam_clean_topology=94%
          ├ OD별 도달률(최근200): rnd0=100%(n200)  rnd1=14%(n200)  rnd10=99%(n200)  rnd11=100%(n200)  rnd12=100%(n200)  rnd13=100%(n200)  rnd14=99%(n200)  rnd15=100%(n200)  rnd16=0%(n200)  rnd17=100%(n200)  rnd18=100%(n200)  rnd19=100%(n200)  rnd2=100%(n200)  rnd20=100%(n200)  rnd21=100%(n200)  rnd22=100%(n200)  rnd23=100%(n200)  rnd24=100%(n200)  rnd25=100%(n200)  rnd26=98%(n200)  rnd27=100%(n200)  rnd28=100%(n200)  rnd29=100%(n200)  rnd3=100%(n200)  rnd4=99%(n200)  rnd5=100%(n200)  rnd6=98%(n200)  rnd7=98%(n200)  rnd8=100%(n200)  rnd9=100%(n200)
          └ 이동 분포: straight=68%  left=16%  right=16%
Ep 14400/30000 | R= -275.9 | Fuel=815.0mL | Wait= 319s | Steps=51.5 | Reach=95% | ε=0.050 | Loss=269.349 | t=10450s
          ├ 토폴로지 도달률(최근50): gangnam_clean_topology=98%
          ├ OD별 도달률(최근200): rnd0=100%(n200)  rnd1=14%(n200)  rnd10=99%(n200)  rnd11=100%(n200)  rnd12=100%(n200)  rnd13=100%(n200)  rnd14=99%(n200)  rnd15=100%(n200)  rnd16=1%(n200)  rnd17=100%(n200)  rnd18=100%(n200)  rnd19=100%(n200)  rnd2=100%(n200)  rnd20=100%(n200)  rnd21=100%(n200)  rnd22=100%(n200)  rnd23=100%(n200)  rnd24=100%(n200)  rnd25=100%(n200)  rnd26=98%(n200)  rnd27=100%(n200)  rnd28=100%(n200)  rnd29=100%(n200)  rnd3=100%(n200)  rnd4=99%(n200)  rnd5=100%(n200)  rnd6=98%(n200)  rnd7=98%(n200)  rnd8=100%(n200)  rnd9=100%(n200)
          └ 이동 분포: straight=67%  left=17%  right=17%
Ep 14500/30000 | R=  -28.4 | Fuel=666.1mL | Wait= 239s | Steps=41.0 | Reach=93% | ε=0.050 | Loss=264.729 | t=10491s
          ├ 토폴로지 도달률(최근50): gangnam_clean_topology=92%
          ├ OD별 도달률(최근200): rnd0=100%(n200)  rnd1=14%(n200)  rnd10=99%(n200)  rnd11=100%(n200)  rnd12=100%(n200)  rnd13=100%(n200)  rnd14=100%(n200)  rnd15=100%(n200)  rnd16=1%(n200)  rnd17=100%(n200)  rnd18=100%(n200)  rnd19=100%(n200)  rnd2=100%(n200)  rnd20=100%(n200)  rnd21=100%(n200)  rnd22=100%(n200)  rnd23=100%(n200)  rnd24=100%(n200)  rnd25=100%(n200)  rnd26=98%(n200)  rnd27=100%(n200)  rnd28=100%(n200)  rnd29=100%(n200)  rnd3=100%(n200)  rnd4=99%(n200)  rnd5=100%(n200)  rnd6=98%(n200)  rnd7=98%(n200)  rnd8=100%(n200)  rnd9=100%(n200)
          └ 이동 분포: straight=68%  left=16%  right=16%
Ep 14600/30000 | R= -257.8 | Fuel=757.6mL | Wait= 281s | Steps=47.6 | Reach=90% | ε=0.050 | Loss=262.949 | t=10537s
          ├ 토폴로지 도달률(최근50): gangnam_clean_topology=94%
          ├ OD별 도달률(최근200): rnd0=100%(n200)  rnd1=14%(n200)  rnd10=99%(n200)  rnd11=100%(n200)  rnd12=100%(n200)  rnd13=100%(n200)  rnd14=100%(n200)  rnd15=100%(n200)  rnd16=2%(n200)  rnd17=100%(n200)  rnd18=100%(n200)  rnd19=100%(n200)  rnd2=100%(n200)  rnd20=100%(n200)  rnd21=100%(n200)  rnd22=100%(n200)  rnd23=100%(n200)  rnd24=100%(n200)  rnd25=100%(n200)  rnd26=98%(n200)  rnd27=100%(n200)  rnd28=100%(n200)  rnd29=100%(n200)  rnd3=100%(n200)  rnd4=99%(n200)  rnd5=100%(n200)  rnd6=98%(n200)  rnd7=98%(n200)  rnd8=100%(n200)  rnd9=100%(n200)
          └ 이동 분포: straight=65%  left=17%  right=18%
Ep 14700/30000 | R= -124.8 | Fuel=687.8mL | Wait= 255s | Steps=42.4 | Reach=92% | ε=0.050 | Loss=257.331 | t=10578s
          ├ 토폴로지 도달률(최근50): gangnam_clean_topology=94%
          ├ OD별 도달률(최근200): rnd0=100%(n200)  rnd1=14%(n200)  rnd10=99%(n200)  rnd11=100%(n200)  rnd12=100%(n200)  rnd13=100%(n200)  rnd14=100%(n200)  rnd15=100%(n200)  rnd16=2%(n200)  rnd17=100%(n200)  rnd18=100%(n200)  rnd19=100%(n200)  rnd2=100%(n200)  rnd20=100%(n200)  rnd21=100%(n200)  rnd22=100%(n200)  rnd23=100%(n200)  rnd24=100%(n200)  rnd25=100%(n200)  rnd26=98%(n200)  rnd27=100%(n200)  rnd28=100%(n200)  rnd29=100%(n200)  rnd3=100%(n200)  rnd4=100%(n200)  rnd5=100%(n200)  rnd6=98%(n200)  rnd7=98%(n200)  rnd8=100%(n200)  rnd9=100%(n200)
          └ 이동 분포: straight=66%  left=17%  right=17%
Ep 14800/30000 | R= -114.2 | Fuel=693.4mL | Wait= 250s | Steps=44.8 | Reach=96% | ε=0.050 | Loss=269.636 | t=10620s
          ├ 토폴로지 도달률(최근50): gangnam_clean_topology=92%
          ├ OD별 도달률(최근200): rnd0=100%(n200)  rnd1=13%(n200)  rnd10=99%(n200)  rnd11=100%(n200)  rnd12=100%(n200)  rnd13=100%(n200)  rnd14=100%(n200)  rnd15=100%(n200)  rnd16=2%(n200)  rnd17=100%(n200)  rnd18=100%(n200)  rnd19=100%(n200)  rnd2=100%(n200)  rnd20=100%(n200)  rnd21=100%(n200)  rnd22=100%(n200)  rnd23=100%(n200)  rnd24=100%(n200)  rnd25=100%(n200)  rnd26=98%(n200)  rnd27=100%(n200)  rnd28=100%(n200)  rnd29=100%(n200)  rnd3=100%(n200)  rnd4=100%(n200)  rnd5=100%(n200)  rnd6=99%(n200)  rnd7=98%(n200)  rnd8=100%(n200)  rnd9=100%(n200)
          └ 이동 분포: straight=65%  left=17%  right=17%
Ep 14900/30000 | R=   14.2 | Fuel=659.2mL | Wait= 223s | Steps=41.5 | Reach=96% | ε=0.050 | Loss=258.040 | t=10660s
          ├ 토폴로지 도달률(최근50): gangnam_clean_topology=94%
          ├ OD별 도달률(최근200): rnd0=100%(n200)  rnd1=13%(n200)  rnd10=100%(n200)  rnd11=100%(n200)  rnd12=100%(n200)  rnd13=100%(n200)  rnd14=100%(n200)  rnd15=100%(n200)  rnd16=2%(n200)  rnd17=100%(n200)  rnd18=100%(n200)  rnd19=100%(n200)  rnd2=100%(n200)  rnd20=100%(n200)  rnd21=100%(n200)  rnd22=100%(n200)  rnd23=100%(n200)  rnd24=100%(n200)  rnd25=100%(n200)  rnd26=98%(n200)  rnd27=100%(n200)  rnd28=100%(n200)  rnd29=100%(n200)  rnd3=100%(n200)  rnd4=100%(n200)  rnd5=100%(n200)  rnd6=99%(n200)  rnd7=98%(n200)  rnd8=100%(n200)  rnd9=100%(n200)
          └ 이동 분포: straight=70%  left=15%  right=16%
Ep 15000/30000 | R=   84.9 | Fuel=553.3mL | Wait= 186s | Steps=35.8 | Reach=94% | ε=0.050 | Loss=264.959 | t=10694s
          ├ 토폴로지 도달률(최근50): gangnam_clean_topology=98%
          ├ OD별 도달률(최근200): rnd0=100%(n200)  rnd1=13%(n200)  rnd10=100%(n200)  rnd11=100%(n200)  rnd12=100%(n200)  rnd13=100%(n200)  rnd14=100%(n200)  rnd15=100%(n200)  rnd16=2%(n200)  rnd17=100%(n200)  rnd18=100%(n200)  rnd19=100%(n200)  rnd2=100%(n200)  rnd20=100%(n200)  rnd21=100%(n200)  rnd22=100%(n200)  rnd23=100%(n200)  rnd24=100%(n200)  rnd25=100%(n200)  rnd26=98%(n200)  rnd27=100%(n200)  rnd28=100%(n200)  rnd29=100%(n200)  rnd3=100%(n200)  rnd4=100%(n200)  rnd5=100%(n200)  rnd6=99%(n200)  rnd7=98%(n200)  rnd8=100%(n200)  rnd9=100%(n200)
          └ 이동 분포: straight=68%  left=15%  right=16%
  [체크포인트] model_rl_signal_attention_ep15000.pth
Ep 15100/30000 | R=  -66.1 | Fuel=685.6mL | Wait= 226s | Steps=44.0 | Reach=97% | ε=0.050 | Loss=272.533 | t=10738s
          ├ 토폴로지 도달률(최근50): gangnam_clean_topology=96%
          ├ OD별 도달률(최근200): rnd0=100%(n200)  rnd1=13%(n200)  rnd10=100%(n200)  rnd11=100%(n200)  rnd12=100%(n200)  rnd13=100%(n200)  rnd14=100%(n200)  rnd15=100%(n200)  rnd16=2%(n200)  rnd17=100%(n200)  rnd18=100%(n200)  rnd19=100%(n200)  rnd2=100%(n200)  rnd20=100%(n200)  rnd21=100%(n200)  rnd22=100%(n200)  rnd23=100%(n200)  rnd24=100%(n200)  rnd25=100%(n200)  rnd26=99%(n200)  rnd27=100%(n200)  rnd28=100%(n200)  rnd29=100%(n200)  rnd3=100%(n200)  rnd4=100%(n200)  rnd5=100%(n200)  rnd6=99%(n200)  rnd7=98%(n200)  rnd8=100%(n200)  rnd9=100%(n200)
          └ 이동 분포: straight=66%  left=17%  right=17%
Ep 15200/30000 | R=   -1.7 | Fuel=643.6mL | Wait= 227s | Steps=41.4 | Reach=96% | ε=0.050 | Loss=262.885 | t=10802s
          ├ 토폴로지 도달률(최근50): gangnam_clean_topology=98%
          ├ OD별 도달률(최근200): rnd0=100%(n200)  rnd1=12%(n200)  rnd10=100%(n200)  rnd11=100%(n200)  rnd12=100%(n200)  rnd13=100%(n200)  rnd14=100%(n200)  rnd15=100%(n200)  rnd16=2%(n200)  rnd17=100%(n200)  rnd18=100%(n200)  rnd19=100%(n200)  rnd2=100%(n200)  rnd20=100%(n200)  rnd21=100%(n200)  rnd22=100%(n200)  rnd23=100%(n200)  rnd24=100%(n200)  rnd25=100%(n200)  rnd26=99%(n200)  rnd27=100%(n200)  rnd28=100%(n200)  rnd29=100%(n200)  rnd3=100%(n200)  rnd4=100%(n200)  rnd5=100%(n200)  rnd6=99%(n200)  rnd7=98%(n200)  rnd8=100%(n200)  rnd9=100%(n200)
          └ 이동 분포: straight=72%  left=14%  right=14%
Ep 15300/30000 | R=    0.2 | Fuel=595.8mL | Wait= 198s | Steps=37.8 | Reach=93% | ε=0.050 | Loss=269.886 | t=10847s
          ├ 토폴로지 도달률(최근50): gangnam_clean_topology=94%
          ├ OD별 도달률(최근200): rnd0=100%(n200)  rnd1=12%(n200)  rnd10=100%(n200)  rnd11=100%(n200)  rnd12=100%(n200)  rnd13=100%(n200)  rnd14=100%(n200)  rnd15=100%(n200)  rnd16=2%(n200)  rnd17=100%(n200)  rnd18=100%(n200)  rnd19=100%(n200)  rnd2=100%(n200)  rnd20=100%(n200)  rnd21=100%(n200)  rnd22=100%(n200)  rnd23=100%(n200)  rnd24=100%(n200)  rnd25=100%(n200)  rnd26=99%(n200)  rnd27=100%(n200)  rnd28=100%(n200)  rnd29=100%(n200)  rnd3=100%(n200)  rnd4=100%(n200)  rnd5=100%(n200)  rnd6=99%(n200)  rnd7=98%(n200)  rnd8=100%(n200)  rnd9=100%(n200)
          └ 이동 분포: straight=68%  left=16%  right=16%
Ep 15400/30000 | R=   83.8 | Fuel=596.4mL | Wait= 254s | Steps=36.9 | Reach=96% | ε=0.050 | Loss=245.447 | t=10883s
          ├ 토폴로지 도달률(최근50): gangnam_clean_topology=96%
          ├ OD별 도달률(최근200): rnd0=100%(n200)  rnd1=12%(n200)  rnd10=100%(n200)  rnd11=100%(n200)  rnd12=100%(n200)  rnd13=100%(n200)  rnd14=100%(n200)  rnd15=100%(n200)  rnd16=2%(n200)  rnd17=100%(n200)  rnd18=100%(n200)  rnd19=100%(n200)  rnd2=100%(n200)  rnd20=100%(n200)  rnd21=100%(n200)  rnd22=100%(n200)  rnd23=100%(n200)  rnd24=100%(n200)  rnd25=100%(n200)  rnd26=99%(n200)  rnd27=100%(n200)  rnd28=100%(n200)  rnd29=100%(n200)  rnd3=100%(n200)  rnd4=100%(n200)  rnd5=100%(n200)  rnd6=99%(n200)  rnd7=98%(n200)  rnd8=100%(n200)  rnd9=100%(n200)
          └ 이동 분포: straight=69%  left=16%  right=15%
Ep 15500/30000 | R=    1.0 | Fuel=608.4mL | Wait= 231s | Steps=38.5 | Reach=91% | ε=0.050 | Loss=257.295 | t=10921s
          ├ 토폴로지 도달률(최근50): gangnam_clean_topology=90%
          ├ OD별 도달률(최근200): rnd0=100%(n200)  rnd1=12%(n200)  rnd10=100%(n200)  rnd11=100%(n200)  rnd12=100%(n200)  rnd13=100%(n200)  rnd14=100%(n200)  rnd15=100%(n200)  rnd16=3%(n200)  rnd17=100%(n200)  rnd18=100%(n200)  rnd19=100%(n200)  rnd2=100%(n200)  rnd20=100%(n200)  rnd21=100%(n200)  rnd22=100%(n200)  rnd23=100%(n200)  rnd24=100%(n200)  rnd25=100%(n200)  rnd26=99%(n200)  rnd27=100%(n200)  rnd28=100%(n200)  rnd29=100%(n200)  rnd3=100%(n200)  rnd4=100%(n200)  rnd5=100%(n200)  rnd6=99%(n200)  rnd7=98%(n200)  rnd8=100%(n200)  rnd9=100%(n200)
          └ 이동 분포: straight=68%  left=16%  right=16%
Ep 15600/30000 | R=  -29.8 | Fuel=633.5mL | Wait= 217s | Steps=41.5 | Reach=94% | ε=0.050 | Loss=259.878 | t=10956s
          ├ 토폴로지 도달률(최근50): gangnam_clean_topology=94%
          ├ OD별 도달률(최근200): rnd0=100%(n200)  rnd1=12%(n200)  rnd10=100%(n200)  rnd11=100%(n200)  rnd12=100%(n200)  rnd13=100%(n200)  rnd14=100%(n200)  rnd15=100%(n200)  rnd16=3%(n200)  rnd17=100%(n200)  rnd18=100%(n200)  rnd19=100%(n200)  rnd2=100%(n200)  rnd20=100%(n200)  rnd21=100%(n200)  rnd22=100%(n200)  rnd23=100%(n200)  rnd24=100%(n200)  rnd25=100%(n200)  rnd26=99%(n200)  rnd27=100%(n200)  rnd28=100%(n200)  rnd29=100%(n200)  rnd3=100%(n200)  rnd4=100%(n200)  rnd5=100%(n200)  rnd6=99%(n200)  rnd7=98%(n200)  rnd8=100%(n200)  rnd9=100%(n200)
          └ 이동 분포: straight=67%  left=15%  right=17%
Ep 15700/30000 | R=   13.7 | Fuel=651.7mL | Wait= 250s | Steps=39.8 | Reach=95% | ε=0.050 | Loss=251.182 | t=10987s
          ├ 토폴로지 도달률(최근50): gangnam_clean_topology=96%
          ├ OD별 도달률(최근200): rnd0=100%(n200)  rnd1=11%(n200)  rnd10=100%(n200)  rnd11=100%(n200)  rnd12=100%(n200)  rnd13=100%(n200)  rnd14=100%(n200)  rnd15=100%(n200)  rnd16=3%(n200)  rnd17=100%(n200)  rnd18=100%(n200)  rnd19=100%(n200)  rnd2=100%(n200)  rnd20=100%(n200)  rnd21=100%(n200)  rnd22=100%(n200)  rnd23=100%(n200)  rnd24=100%(n200)  rnd25=100%(n200)  rnd26=99%(n200)  rnd27=100%(n200)  rnd28=100%(n200)  rnd29=100%(n200)  rnd3=100%(n200)  rnd4=100%(n200)  rnd5=100%(n200)  rnd6=99%(n200)  rnd7=98%(n200)  rnd8=100%(n200)  rnd9=100%(n200)
          └ 이동 분포: straight=70%  left=15%  right=15%
Ep 15800/30000 | R= -166.0 | Fuel=705.1mL | Wait= 227s | Steps=44.2 | Reach=93% | ε=0.050 | Loss=255.338 | t=11023s
          ├ 토폴로지 도달률(최근50): gangnam_clean_topology=92%
          ├ OD별 도달률(최근200): rnd0=100%(n200)  rnd1=10%(n200)  rnd10=100%(n200)  rnd11=100%(n200)  rnd12=100%(n200)  rnd13=100%(n200)  rnd14=100%(n200)  rnd15=100%(n200)  rnd16=3%(n200)  rnd17=100%(n200)  rnd18=100%(n200)  rnd19=100%(n200)  rnd2=100%(n200)  rnd20=100%(n200)  rnd21=100%(n200)  rnd22=100%(n200)  rnd23=100%(n200)  rnd24=100%(n200)  rnd25=100%(n200)  rnd26=99%(n200)  rnd27=100%(n200)  rnd28=100%(n200)  rnd29=100%(n200)  rnd3=100%(n200)  rnd4=100%(n200)  rnd5=100%(n200)  rnd6=99%(n200)  rnd7=98%(n200)  rnd8=100%(n200)  rnd9=100%(n200)
          └ 이동 분포: straight=63%  left=19%  right=18%
Ep 15900/30000 | R=  -72.1 | Fuel=663.9mL | Wait= 219s | Steps=42.1 | Reach=92% | ε=0.050 | Loss=256.942 | t=11060s
          ├ 토폴로지 도달률(최근50): gangnam_clean_topology=94%
          ├ OD별 도달률(최근200): rnd0=100%(n200)  rnd1=10%(n200)  rnd10=100%(n200)  rnd11=100%(n200)  rnd12=100%(n200)  rnd13=100%(n200)  rnd14=100%(n200)  rnd15=100%(n200)  rnd16=3%(n200)  rnd17=100%(n200)  rnd18=100%(n200)  rnd19=100%(n200)  rnd2=100%(n200)  rnd20=100%(n200)  rnd21=100%(n200)  rnd22=100%(n200)  rnd23=100%(n200)  rnd24=100%(n200)  rnd25=100%(n200)  rnd26=99%(n200)  rnd27=100%(n200)  rnd28=100%(n200)  rnd29=100%(n200)  rnd3=100%(n200)  rnd4=100%(n200)  rnd5=100%(n200)  rnd6=99%(n200)  rnd7=98%(n200)  rnd8=100%(n200)  rnd9=100%(n200)
          └ 이동 분포: straight=65%  left=13%  right=21%
Ep 16000/30000 | R=  -42.4 | Fuel=625.2mL | Wait= 232s | Steps=40.2 | Reach=95% | ε=0.050 | Loss=246.461 | t=11098s
          ├ 토폴로지 도달률(최근50): gangnam_clean_topology=92%
          ├ OD별 도달률(최근200): rnd0=100%(n200)  rnd1=10%(n200)  rnd10=100%(n200)  rnd11=100%(n200)  rnd12=100%(n200)  rnd13=100%(n200)  rnd14=100%(n200)  rnd15=100%(n200)  rnd16=3%(n200)  rnd17=100%(n200)  rnd18=100%(n200)  rnd19=100%(n200)  rnd2=100%(n200)  rnd20=100%(n200)  rnd21=100%(n200)  rnd22=100%(n200)  rnd23=100%(n200)  rnd24=100%(n200)  rnd25=100%(n200)  rnd26=99%(n200)  rnd27=100%(n200)  rnd28=100%(n200)  rnd29=100%(n200)  rnd3=100%(n200)  rnd4=100%(n200)  rnd5=100%(n200)  rnd6=99%(n200)  rnd7=97%(n200)  rnd8=100%(n200)  rnd9=100%(n200)
          └ 이동 분포: straight=66%  left=19%  right=15%
Ep 16100/30000 | R=  -67.0 | Fuel=648.2mL | Wait= 255s | Steps=41.1 | Reach=96% | ε=0.050 | Loss=247.443 | t=11138s
          ├ 토폴로지 도달률(최근50): gangnam_clean_topology=98%
          ├ OD별 도달률(최근200): rnd0=100%(n200)  rnd1=10%(n200)  rnd10=100%(n200)  rnd11=100%(n200)  rnd12=100%(n200)  rnd13=100%(n200)  rnd14=100%(n200)  rnd15=100%(n200)  rnd16=3%(n200)  rnd17=100%(n200)  rnd18=100%(n200)  rnd19=100%(n200)  rnd2=100%(n200)  rnd20=100%(n200)  rnd21=100%(n200)  rnd22=100%(n200)  rnd23=100%(n200)  rnd24=100%(n200)  rnd25=100%(n200)  rnd26=99%(n200)  rnd27=100%(n200)  rnd28=100%(n200)  rnd29=100%(n200)  rnd3=100%(n200)  rnd4=100%(n200)  rnd5=100%(n200)  rnd6=99%(n200)  rnd7=97%(n200)  rnd8=100%(n200)  rnd9=100%(n200)
          └ 이동 분포: straight=65%  left=18%  right=17%
Ep 16200/30000 | R=   26.5 | Fuel=623.4mL | Wait= 230s | Steps=39.4 | Reach=95% | ε=0.050 | Loss=247.047 | t=11177s
          ├ 토폴로지 도달률(최근50): gangnam_clean_topology=96%
          ├ OD별 도달률(최근200): rnd0=100%(n200)  rnd1=10%(n200)  rnd10=100%(n200)  rnd11=100%(n200)  rnd12=100%(n200)  rnd13=100%(n200)  rnd14=100%(n200)  rnd15=100%(n200)  rnd16=3%(n200)  rnd17=100%(n200)  rnd18=100%(n200)  rnd19=100%(n200)  rnd2=100%(n200)  rnd20=100%(n200)  rnd21=100%(n200)  rnd22=100%(n200)  rnd23=100%(n200)  rnd24=100%(n200)  rnd25=100%(n200)  rnd26=99%(n200)  rnd27=100%(n200)  rnd28=100%(n200)  rnd29=100%(n200)  rnd3=100%(n200)  rnd4=100%(n200)  rnd5=100%(n200)  rnd6=99%(n200)  rnd7=98%(n200)  rnd8=100%(n200)  rnd9=100%(n200)
          └ 이동 분포: straight=69%  left=15%  right=16%
Ep 16300/30000 | R= -121.6 | Fuel=681.6mL | Wait= 242s | Steps=45.2 | Reach=96% | ε=0.050 | Loss=241.079 | t=11224s
          ├ 토폴로지 도달률(최근50): gangnam_clean_topology=98%
          ├ OD별 도달률(최근200): rnd0=100%(n200)  rnd1=10%(n200)  rnd10=100%(n200)  rnd11=100%(n200)  rnd12=100%(n200)  rnd13=100%(n200)  rnd14=100%(n200)  rnd15=100%(n200)  rnd16=3%(n200)  rnd17=100%(n200)  rnd18=100%(n200)  rnd19=100%(n200)  rnd2=100%(n200)  rnd20=100%(n200)  rnd21=100%(n200)  rnd22=100%(n200)  rnd23=100%(n200)  rnd24=100%(n200)  rnd25=100%(n200)  rnd26=99%(n200)  rnd27=100%(n200)  rnd28=100%(n200)  rnd29=100%(n200)  rnd3=100%(n200)  rnd4=100%(n200)  rnd5=100%(n200)  rnd6=99%(n200)  rnd7=98%(n200)  rnd8=100%(n200)  rnd9=100%(n200)
          └ 이동 분포: straight=67%  left=16%  right=16%
Ep 16400/30000 | R=  -82.4 | Fuel=684.2mL | Wait= 249s | Steps=42.7 | Reach=92% | ε=0.050 | Loss=239.262 | t=11270s
          ├ 토폴로지 도달률(최근50): gangnam_clean_topology=94%
          ├ OD별 도달률(최근200): rnd0=100%(n200)  rnd1=9%(n200)  rnd10=100%(n200)  rnd11=100%(n200)  rnd12=100%(n200)  rnd13=100%(n200)  rnd14=100%(n200)  rnd15=100%(n200)  rnd16=3%(n200)  rnd17=100%(n200)  rnd18=100%(n200)  rnd19=100%(n200)  rnd2=100%(n200)  rnd20=100%(n200)  rnd21=100%(n200)  rnd22=100%(n200)  rnd23=100%(n200)  rnd24=100%(n200)  rnd25=100%(n200)  rnd26=99%(n200)  rnd27=100%(n200)  rnd28=100%(n200)  rnd29=100%(n200)  rnd3=100%(n200)  rnd4=100%(n200)  rnd5=100%(n200)  rnd6=99%(n200)  rnd7=98%(n200)  rnd8=100%(n200)  rnd9=100%(n200)
          └ 이동 분포: straight=68%  left=15%  right=17%
Ep 16500/30000 | R= -270.7 | Fuel=723.3mL | Wait= 262s | Steps=46.6 | Reach=89% | ε=0.050 | Loss=228.574 | t=11363s
          ├ 토폴로지 도달률(최근50): gangnam_clean_topology=88%
          ├ OD별 도달률(최근200): rnd0=100%(n200)  rnd1=9%(n200)  rnd10=100%(n200)  rnd11=100%(n200)  rnd12=100%(n200)  rnd13=100%(n200)  rnd14=100%(n200)  rnd15=100%(n200)  rnd16=3%(n200)  rnd17=100%(n200)  rnd18=100%(n200)  rnd19=100%(n200)  rnd2=100%(n200)  rnd20=100%(n200)  rnd21=100%(n200)  rnd22=100%(n200)  rnd23=100%(n200)  rnd24=100%(n200)  rnd25=100%(n200)  rnd26=99%(n200)  rnd27=100%(n200)  rnd28=100%(n200)  rnd29=100%(n200)  rnd3=100%(n200)  rnd4=100%(n200)  rnd5=100%(n200)  rnd6=99%(n200)  rnd7=97%(n200)  rnd8=100%(n200)  rnd9=100%(n200)
          └ 이동 분포: straight=62%  left=17%  right=20%
Ep 16600/30000 | R=   -5.0 | Fuel=593.5mL | Wait= 206s | Steps=37.6 | Reach=90% | ε=0.050 | Loss=237.948 | t=11440s
          ├ 토폴로지 도달률(최근50): gangnam_clean_topology=88%
          ├ OD별 도달률(최근200): rnd0=100%(n200)  rnd1=9%(n200)  rnd10=100%(n200)  rnd11=100%(n200)  rnd12=100%(n200)  rnd13=100%(n200)  rnd14=100%(n200)  rnd15=100%(n200)  rnd16=3%(n200)  rnd17=100%(n200)  rnd18=100%(n200)  rnd19=100%(n200)  rnd2=100%(n200)  rnd20=100%(n200)  rnd21=100%(n200)  rnd22=100%(n200)  rnd23=100%(n200)  rnd24=100%(n200)  rnd25=100%(n200)  rnd26=99%(n200)  rnd27=100%(n200)  rnd28=100%(n200)  rnd29=100%(n200)  rnd3=100%(n200)  rnd4=100%(n200)  rnd5=100%(n200)  rnd6=99%(n200)  rnd7=97%(n200)  rnd8=100%(n200)  rnd9=100%(n200)
          └ 이동 분포: straight=66%  left=17%  right=17%
Ep 16700/30000 | R=   26.4 | Fuel=586.9mL | Wait= 214s | Steps=36.9 | Reach=91% | ε=0.050 | Loss=236.056 | t=11515s
          ├ 토폴로지 도달률(최근50): gangnam_clean_topology=88%
          ├ OD별 도달률(최근200): rnd0=100%(n200)  rnd1=9%(n200)  rnd10=100%(n200)  rnd11=100%(n200)  rnd12=100%(n200)  rnd13=100%(n200)  rnd14=100%(n200)  rnd15=100%(n200)  rnd16=3%(n200)  rnd17=100%(n200)  rnd18=100%(n200)  rnd19=100%(n200)  rnd2=100%(n200)  rnd20=100%(n200)  rnd21=100%(n200)  rnd22=100%(n200)  rnd23=100%(n200)  rnd24=100%(n200)  rnd25=100%(n200)  rnd26=99%(n200)  rnd27=100%(n200)  rnd28=100%(n200)  rnd29=100%(n200)  rnd3=100%(n200)  rnd4=100%(n200)  rnd5=100%(n200)  rnd6=99%(n200)  rnd7=97%(n200)  rnd8=100%(n200)  rnd9=100%(n200)
          └ 이동 분포: straight=67%  left=16%  right=17%
Ep 16800/30000 | R=   83.3 | Fuel=580.7mL | Wait= 205s | Steps=37.3 | Reach=96% | ε=0.050 | Loss=224.776 | t=11592s
          ├ 토폴로지 도달률(최근50): gangnam_clean_topology=96%
          ├ OD별 도달률(최근200): rnd0=100%(n200)  rnd1=10%(n200)  rnd10=100%(n200)  rnd11=100%(n200)  rnd12=100%(n200)  rnd13=100%(n200)  rnd14=100%(n200)  rnd15=100%(n200)  rnd16=3%(n200)  rnd17=100%(n200)  rnd18=100%(n200)  rnd19=100%(n200)  rnd2=100%(n200)  rnd20=100%(n200)  rnd21=100%(n200)  rnd22=100%(n200)  rnd23=100%(n200)  rnd24=100%(n200)  rnd25=100%(n200)  rnd26=99%(n200)  rnd27=100%(n200)  rnd28=100%(n200)  rnd29=100%(n200)  rnd3=100%(n200)  rnd4=100%(n200)  rnd5=100%(n200)  rnd6=99%(n200)  rnd7=97%(n200)  rnd8=100%(n200)  rnd9=100%(n200)
          └ 이동 분포: straight=68%  left=16%  right=16%
Ep 16900/30000 | R=    1.9 | Fuel=632.2mL | Wait= 226s | Steps=41.7 | Reach=97% | ε=0.050 | Loss=221.749 | t=11672s
          ├ 토폴로지 도달률(최근50): gangnam_clean_topology=98%
          ├ OD별 도달률(최근200): rnd0=100%(n200)  rnd1=10%(n200)  rnd10=100%(n200)  rnd11=100%(n200)  rnd12=100%(n200)  rnd13=100%(n200)  rnd14=100%(n200)  rnd15=100%(n200)  rnd16=3%(n200)  rnd17=100%(n200)  rnd18=100%(n200)  rnd19=100%(n200)  rnd2=100%(n200)  rnd20=100%(n200)  rnd21=100%(n200)  rnd22=100%(n200)  rnd23=100%(n200)  rnd24=100%(n200)  rnd25=100%(n200)  rnd26=99%(n200)  rnd27=100%(n200)  rnd28=100%(n200)  rnd29=100%(n200)  rnd3=100%(n200)  rnd4=100%(n200)  rnd5=100%(n200)  rnd6=99%(n200)  rnd7=97%(n200)  rnd8=100%(n200)  rnd9=100%(n200)
          └ 이동 분포: straight=67%  left=17%  right=16%
Ep 17000/30000 | R= -230.7 | Fuel=719.4mL | Wait= 277s | Steps=46.9 | Reach=85% | ε=0.050 | Loss=218.530 | t=11717s
          ├ 토폴로지 도달률(최근50): gangnam_clean_topology=84%
          ├ OD별 도달률(최근200): rnd0=100%(n200)  rnd1=10%(n200)  rnd10=100%(n200)  rnd11=100%(n200)  rnd12=100%(n200)  rnd13=100%(n200)  rnd14=100%(n200)  rnd15=100%(n200)  rnd16=3%(n200)  rnd17=100%(n200)  rnd18=100%(n200)  rnd19=100%(n200)  rnd2=100%(n200)  rnd20=100%(n200)  rnd21=100%(n200)  rnd22=100%(n200)  rnd23=100%(n200)  rnd24=100%(n200)  rnd25=100%(n200)  rnd26=99%(n200)  rnd27=100%(n200)  rnd28=100%(n200)  rnd29=100%(n200)  rnd3=100%(n200)  rnd4=100%(n200)  rnd5=100%(n200)  rnd6=99%(n200)  rnd7=97%(n200)  rnd8=100%(n200)  rnd9=100%(n200)
          └ 이동 분포: straight=69%  left=15%  right=16%
Ep 17100/30000 | R=  -18.0 | Fuel=616.4mL | Wait= 229s | Steps=39.2 | Reach=92% | ε=0.050 | Loss=226.487 | t=11752s
          ├ 토폴로지 도달률(최근50): gangnam_clean_topology=94%
          ├ OD별 도달률(최근200): rnd0=100%(n200)  rnd1=10%(n200)  rnd10=100%(n200)  rnd11=100%(n200)  rnd12=100%(n200)  rnd13=100%(n200)  rnd14=100%(n200)  rnd15=100%(n200)  rnd16=3%(n200)  rnd17=100%(n200)  rnd18=100%(n200)  rnd19=100%(n200)  rnd2=100%(n200)  rnd20=100%(n200)  rnd21=100%(n200)  rnd22=100%(n200)  rnd23=100%(n200)  rnd24=100%(n200)  rnd25=100%(n200)  rnd26=99%(n200)  rnd27=100%(n200)  rnd28=100%(n200)  rnd29=100%(n200)  rnd3=100%(n200)  rnd4=100%(n200)  rnd5=100%(n200)  rnd6=99%(n200)  rnd7=97%(n200)  rnd8=100%(n200)  rnd9=100%(n200)
          └ 이동 분포: straight=68%  left=16%  right=16%
Ep 17200/30000 | R=  -48.0 | Fuel=655.9mL | Wait= 241s | Steps=40.8 | Reach=94% | ε=0.050 | Loss=232.383 | t=11797s
          ├ 토폴로지 도달률(최근50): gangnam_clean_topology=94%
          ├ OD별 도달률(최근200): rnd0=100%(n200)  rnd1=10%(n200)  rnd10=100%(n200)  rnd11=100%(n200)  rnd12=100%(n200)  rnd13=100%(n200)  rnd14=100%(n200)  rnd15=100%(n200)  rnd16=4%(n200)  rnd17=100%(n200)  rnd18=100%(n200)  rnd19=100%(n200)  rnd2=100%(n200)  rnd20=100%(n200)  rnd21=100%(n200)  rnd22=100%(n200)  rnd23=100%(n200)  rnd24=100%(n200)  rnd25=100%(n200)  rnd26=99%(n200)  rnd27=100%(n200)  rnd28=100%(n200)  rnd29=100%(n200)  rnd3=100%(n200)  rnd4=100%(n200)  rnd5=100%(n200)  rnd6=99%(n200)  rnd7=97%(n200)  rnd8=100%(n200)  rnd9=100%(n200)
          └ 이동 분포: straight=66%  left=16%  right=18%
Ep 17300/30000 | R= -123.6 | Fuel=718.8mL | Wait= 258s | Steps=44.4 | Reach=94% | ε=0.050 | Loss=241.866 | t=11861s
          ├ 토폴로지 도달률(최근50): gangnam_clean_topology=92%
          ├ OD별 도달률(최근200): rnd0=100%(n200)  rnd1=10%(n200)  rnd10=100%(n200)  rnd11=100%(n200)  rnd12=100%(n200)  rnd13=100%(n200)  rnd14=100%(n200)  rnd15=100%(n200)  rnd16=4%(n200)  rnd17=100%(n200)  rnd18=100%(n200)  rnd19=100%(n200)  rnd2=100%(n200)  rnd20=100%(n200)  rnd21=100%(n200)  rnd22=100%(n200)  rnd23=100%(n200)  rnd24=100%(n200)  rnd25=100%(n200)  rnd26=99%(n200)  rnd27=100%(n200)  rnd28=100%(n200)  rnd29=100%(n200)  rnd3=100%(n200)  rnd4=100%(n200)  rnd5=100%(n200)  rnd6=99%(n200)  rnd7=97%(n200)  rnd8=100%(n200)  rnd9=100%(n200)
          └ 이동 분포: straight=66%  left=17%  right=17%
Ep 17400/30000 | R=   -2.2 | Fuel=618.1mL | Wait= 240s | Steps=39.5 | Reach=93% | ε=0.050 | Loss=233.760 | t=11896s
          ├ 토폴로지 도달률(최근50): gangnam_clean_topology=94%
          ├ OD별 도달률(최근200): rnd0=100%(n200)  rnd1=9%(n200)  rnd10=100%(n200)  rnd11=100%(n200)  rnd12=100%(n200)  rnd13=100%(n200)  rnd14=100%(n200)  rnd15=100%(n200)  rnd16=4%(n200)  rnd17=100%(n200)  rnd18=100%(n200)  rnd19=100%(n200)  rnd2=100%(n200)  rnd20=100%(n200)  rnd21=100%(n200)  rnd22=100%(n200)  rnd23=100%(n200)  rnd24=100%(n200)  rnd25=100%(n200)  rnd26=99%(n200)  rnd27=100%(n200)  rnd28=100%(n200)  rnd29=100%(n200)  rnd3=100%(n200)  rnd4=100%(n200)  rnd5=100%(n200)  rnd6=99%(n200)  rnd7=97%(n200)  rnd8=100%(n200)  rnd9=100%(n200)
          └ 이동 분포: straight=70%  left=16%  right=15%
Ep 17500/30000 | R=  -18.3 | Fuel=634.1mL | Wait= 235s | Steps=39.4 | Reach=93% | ε=0.050 | Loss=238.973 | t=11934s
          ├ 토폴로지 도달률(최근50): gangnam_clean_topology=94%
          ├ OD별 도달률(최근200): rnd0=100%(n200)  rnd1=9%(n200)  rnd10=100%(n200)  rnd11=100%(n200)  rnd12=100%(n200)  rnd13=100%(n200)  rnd14=100%(n200)  rnd15=100%(n200)  rnd16=4%(n200)  rnd17=100%(n200)  rnd18=100%(n200)  rnd19=100%(n200)  rnd2=100%(n200)  rnd20=100%(n200)  rnd21=100%(n200)  rnd22=100%(n200)  rnd23=100%(n200)  rnd24=100%(n200)  rnd25=100%(n200)  rnd26=100%(n200)  rnd27=100%(n200)  rnd28=100%(n200)  rnd29=100%(n200)  rnd3=100%(n200)  rnd4=100%(n200)  rnd5=100%(n200)  rnd6=99%(n200)  rnd7=98%(n200)  rnd8=100%(n200)  rnd9=100%(n200)
          └ 이동 분포: straight=67%  left=16%  right=18%
  [체크포인트] model_rl_signal_attention_ep17500.pth
Ep 17600/30000 | R= -160.2 | Fuel=704.9mL | Wait= 274s | Steps=45.4 | Reach=93% | ε=0.050 | Loss=245.382 | t=11978s
          ├ 토폴로지 도달률(최근50): gangnam_clean_topology=92%
          ├ OD별 도달률(최근200): rnd0=100%(n200)  rnd1=9%(n200)  rnd10=100%(n200)  rnd11=100%(n200)  rnd12=100%(n200)  rnd13=100%(n200)  rnd14=100%(n200)  rnd15=100%(n200)  rnd16=4%(n200)  rnd17=100%(n200)  rnd18=100%(n200)  rnd19=100%(n200)  rnd2=100%(n200)  rnd20=100%(n200)  rnd21=100%(n200)  rnd22=100%(n200)  rnd23=100%(n200)  rnd24=100%(n200)  rnd25=100%(n200)  rnd26=100%(n200)  rnd27=100%(n200)  rnd28=100%(n200)  rnd29=100%(n200)  rnd3=100%(n200)  rnd4=100%(n200)  rnd5=100%(n200)  rnd6=98%(n200)  rnd7=98%(n200)  rnd8=100%(n200)  rnd9=100%(n200)
          └ 이동 분포: straight=67%  left=19%  right=15%
Ep 17700/30000 | R=   59.7 | Fuel=619.8mL | Wait= 209s | Steps=39.2 | Reach=96% | ε=0.050 | Loss=230.253 | t=12016s
          ├ 토폴로지 도달률(최근50): gangnam_clean_topology=98%
          ├ OD별 도달률(최근200): rnd0=100%(n200)  rnd1=9%(n200)  rnd10=100%(n200)  rnd11=100%(n200)  rnd12=100%(n200)  rnd13=100%(n200)  rnd14=100%(n200)  rnd15=100%(n200)  rnd16=4%(n200)  rnd17=100%(n200)  rnd18=100%(n200)  rnd19=100%(n200)  rnd2=100%(n200)  rnd20=100%(n200)  rnd21=100%(n200)  rnd22=100%(n200)  rnd23=100%(n200)  rnd24=100%(n200)  rnd25=100%(n200)  rnd26=100%(n200)  rnd27=100%(n200)  rnd28=100%(n200)  rnd29=100%(n200)  rnd3=100%(n200)  rnd4=100%(n200)  rnd5=100%(n200)  rnd6=98%(n200)  rnd7=98%(n200)  rnd8=100%(n200)  rnd9=100%(n200)
          └ 이동 분포: straight=68%  left=16%  right=16%
Ep 17800/30000 | R=    3.8 | Fuel=664.6mL | Wait= 240s | Steps=42.0 | Reach=97% | ε=0.050 | Loss=230.292 | t=12056s
          ├ 토폴로지 도달률(최근50): gangnam_clean_topology=96%
          ├ OD별 도달률(최근200): rnd0=100%(n200)  rnd1=8%(n200)  rnd10=100%(n200)  rnd11=100%(n200)  rnd12=100%(n200)  rnd13=100%(n200)  rnd14=100%(n200)  rnd15=100%(n200)  rnd16=4%(n200)  rnd17=100%(n200)  rnd18=100%(n200)  rnd19=100%(n200)  rnd2=100%(n200)  rnd20=100%(n200)  rnd21=100%(n200)  rnd22=100%(n200)  rnd23=100%(n200)  rnd24=100%(n200)  rnd25=100%(n200)  rnd26=100%(n200)  rnd27=100%(n200)  rnd28=100%(n200)  rnd29=100%(n200)  rnd3=100%(n200)  rnd4=100%(n200)  rnd5=100%(n200)  rnd6=98%(n200)  rnd7=98%(n200)  rnd8=100%(n200)  rnd9=100%(n200)
          └ 이동 분포: straight=70%  left=15%  right=15%
Ep 17900/30000 | R=  -76.4 | Fuel=649.2mL | Wait= 227s | Steps=42.6 | Reach=93% | ε=0.050 | Loss=232.502 | t=12096s
          ├ 토폴로지 도달률(최근50): gangnam_clean_topology=94%
          ├ OD별 도달률(최근200): rnd0=100%(n200)  rnd1=7%(n200)  rnd10=100%(n200)  rnd11=100%(n200)  rnd12=100%(n200)  rnd13=100%(n200)  rnd14=100%(n200)  rnd15=100%(n200)  rnd16=4%(n200)  rnd17=100%(n200)  rnd18=100%(n200)  rnd19=100%(n200)  rnd2=100%(n200)  rnd20=100%(n200)  rnd21=100%(n200)  rnd22=100%(n200)  rnd23=100%(n200)  rnd24=100%(n200)  rnd25=100%(n200)  rnd26=100%(n200)  rnd27=100%(n200)  rnd28=100%(n200)  rnd29=100%(n200)  rnd3=100%(n200)  rnd4=100%(n200)  rnd5=100%(n200)  rnd6=98%(n200)  rnd7=98%(n200)  rnd8=100%(n200)  rnd9=100%(n200)
          └ 이동 분포: straight=66%  left=18%  right=16%
Ep 18000/30000 | R=  102.3 | Fuel=610.5mL | Wait= 214s | Steps=38.3 | Reach=99% | ε=0.050 | Loss=225.413 | t=12126s
          ├ 토폴로지 도달률(최근50): gangnam_clean_topology=98%
          ├ OD별 도달률(최근200): rnd0=100%(n200)  rnd1=6%(n200)  rnd10=100%(n200)  rnd11=100%(n200)  rnd12=100%(n200)  rnd13=100%(n200)  rnd14=100%(n200)  rnd15=100%(n200)  rnd16=4%(n200)  rnd17=100%(n200)  rnd18=100%(n200)  rnd19=100%(n200)  rnd2=100%(n200)  rnd20=100%(n200)  rnd21=100%(n200)  rnd22=100%(n200)  rnd23=100%(n200)  rnd24=100%(n200)  rnd25=100%(n200)  rnd26=100%(n200)  rnd27=100%(n200)  rnd28=100%(n200)  rnd29=100%(n200)  rnd3=100%(n200)  rnd4=100%(n200)  rnd5=100%(n200)  rnd6=98%(n200)  rnd7=98%(n200)  rnd8=100%(n200)  rnd9=100%(n200)
          └ 이동 분포: straight=71%  left=14%  right=14%
Ep 18100/30000 | R=   19.6 | Fuel=628.1mL | Wait= 234s | Steps=40.4 | Reach=96% | ε=0.050 | Loss=222.693 | t=12157s
          ├ 토폴로지 도달률(최근50): gangnam_clean_topology=94%
          ├ OD별 도달률(최근200): rnd0=100%(n200)  rnd1=6%(n200)  rnd10=100%(n200)  rnd11=100%(n200)  rnd12=100%(n200)  rnd13=100%(n200)  rnd14=100%(n200)  rnd15=100%(n200)  rnd16=4%(n200)  rnd17=100%(n200)  rnd18=100%(n200)  rnd19=100%(n200)  rnd2=100%(n200)  rnd20=100%(n200)  rnd21=100%(n200)  rnd22=100%(n200)  rnd23=100%(n200)  rnd24=100%(n200)  rnd25=100%(n200)  rnd26=100%(n200)  rnd27=100%(n200)  rnd28=100%(n200)  rnd29=100%(n200)  rnd3=100%(n200)  rnd4=100%(n200)  rnd5=100%(n200)  rnd6=99%(n200)  rnd7=98%(n200)  rnd8=100%(n200)  rnd9=100%(n200)
          └ 이동 분포: straight=69%  left=15%  right=16%
Ep 18200/30000 | R=   15.5 | Fuel=618.0mL | Wait= 217s | Steps=39.0 | Reach=91% | ε=0.050 | Loss=207.862 | t=12186s
          ├ 토폴로지 도달률(최근50): gangnam_clean_topology=92%
          ├ OD별 도달률(최근200): rnd0=100%(n200)  rnd1=6%(n200)  rnd10=100%(n200)  rnd11=100%(n200)  rnd12=100%(n200)  rnd13=100%(n200)  rnd14=100%(n200)  rnd15=100%(n200)  rnd16=4%(n200)  rnd17=100%(n200)  rnd18=100%(n200)  rnd19=100%(n200)  rnd2=100%(n200)  rnd20=100%(n200)  rnd21=100%(n200)  rnd22=100%(n200)  rnd23=100%(n200)  rnd24=100%(n200)  rnd25=100%(n200)  rnd26=100%(n200)  rnd27=100%(n200)  rnd28=100%(n200)  rnd29=100%(n200)  rnd3=100%(n200)  rnd4=100%(n200)  rnd5=100%(n200)  rnd6=99%(n200)  rnd7=98%(n200)  rnd8=100%(n200)  rnd9=100%(n200)
          └ 이동 분포: straight=69%  left=14%  right=16%
Ep 18300/30000 | R=  150.6 | Fuel=537.5mL | Wait= 199s | Steps=32.5 | Reach=95% | ε=0.050 | Loss=207.229 | t=12210s
          ├ 토폴로지 도달률(최근50): gangnam_clean_topology=90%
          ├ OD별 도달률(최근200): rnd0=100%(n200)  rnd1=6%(n200)  rnd10=100%(n200)  rnd11=100%(n200)  rnd12=100%(n200)  rnd13=100%(n200)  rnd14=100%(n200)  rnd15=100%(n200)  rnd16=4%(n200)  rnd17=100%(n200)  rnd18=100%(n200)  rnd19=100%(n200)  rnd2=100%(n200)  rnd20=100%(n200)  rnd21=100%(n200)  rnd22=100%(n200)  rnd23=100%(n200)  rnd24=100%(n200)  rnd25=100%(n200)  rnd26=100%(n200)  rnd27=100%(n200)  rnd28=100%(n200)  rnd29=100%(n200)  rnd3=100%(n200)  rnd4=100%(n200)  rnd5=100%(n200)  rnd6=99%(n200)  rnd7=98%(n200)  rnd8=100%(n200)  rnd9=100%(n200)
          └ 이동 분포: straight=69%  left=15%  right=16%
Ep 18400/30000 | R=   26.6 | Fuel=624.0mL | Wait= 227s | Steps=39.1 | Reach=96% | ε=0.050 | Loss=212.956 | t=12240s
          ├ 토폴로지 도달률(최근50): gangnam_clean_topology=96%
          ├ OD별 도달률(최근200): rnd0=100%(n200)  rnd1=5%(n200)  rnd10=100%(n200)  rnd11=100%(n200)  rnd12=100%(n200)  rnd13=100%(n200)  rnd14=100%(n200)  rnd15=100%(n200)  rnd16=4%(n200)  rnd17=100%(n200)  rnd18=100%(n200)  rnd19=100%(n200)  rnd2=100%(n200)  rnd20=100%(n200)  rnd21=100%(n200)  rnd22=100%(n200)  rnd23=100%(n200)  rnd24=100%(n200)  rnd25=100%(n200)  rnd26=100%(n200)  rnd27=100%(n200)  rnd28=100%(n200)  rnd29=100%(n200)  rnd3=100%(n200)  rnd4=100%(n200)  rnd5=100%(n200)  rnd6=99%(n200)  rnd7=98%(n200)  rnd8=100%(n200)  rnd9=100%(n200)
          └ 이동 분포: straight=67%  left=16%  right=17%
Ep 18500/30000 | R=  -37.2 | Fuel=637.6mL | Wait= 232s | Steps=40.2 | Reach=91% | ε=0.050 | Loss=201.599 | t=12270s
          ├ 토폴로지 도달률(최근50): gangnam_clean_topology=96%
          ├ OD별 도달률(최근200): rnd0=100%(n200)  rnd1=5%(n200)  rnd10=100%(n200)  rnd11=100%(n200)  rnd12=100%(n200)  rnd13=100%(n200)  rnd14=100%(n200)  rnd15=100%(n200)  rnd16=4%(n200)  rnd17=100%(n200)  rnd18=100%(n200)  rnd19=100%(n200)  rnd2=100%(n200)  rnd20=100%(n200)  rnd21=100%(n200)  rnd22=100%(n200)  rnd23=100%(n200)  rnd24=100%(n200)  rnd25=100%(n200)  rnd26=100%(n200)  rnd27=100%(n200)  rnd28=100%(n200)  rnd29=100%(n200)  rnd3=100%(n200)  rnd4=100%(n200)  rnd5=100%(n200)  rnd6=99%(n200)  rnd7=98%(n200)  rnd8=100%(n200)  rnd9=100%(n200)
          └ 이동 분포: straight=68%  left=15%  right=17%
Ep 18600/30000 | R=  -14.3 | Fuel=620.5mL | Wait= 227s | Steps=39.1 | Reach=91% | ε=0.050 | Loss=202.987 | t=12300s
          ├ 토폴로지 도달률(최근50): gangnam_clean_topology=98%
          ├ OD별 도달률(최근200): rnd0=100%(n200)  rnd1=4%(n200)  rnd10=100%(n200)  rnd11=100%(n200)  rnd12=100%(n200)  rnd13=100%(n200)  rnd14=100%(n200)  rnd15=100%(n200)  rnd16=4%(n200)  rnd17=100%(n200)  rnd18=100%(n200)  rnd19=100%(n200)  rnd2=100%(n200)  rnd20=100%(n200)  rnd21=100%(n200)  rnd22=100%(n200)  rnd23=100%(n200)  rnd24=100%(n200)  rnd25=100%(n200)  rnd26=100%(n200)  rnd27=100%(n200)  rnd28=100%(n200)  rnd29=100%(n200)  rnd3=100%(n200)  rnd4=100%(n200)  rnd5=100%(n200)  rnd6=99%(n200)  rnd7=98%(n200)  rnd8=100%(n200)  rnd9=100%(n200)
          └ 이동 분포: straight=68%  left=16%  right=16%
Ep 18700/30000 | R=    5.2 | Fuel=644.3mL | Wait= 224s | Steps=40.3 | Reach=95% | ε=0.050 | Loss=197.665 | t=12329s
          ├ 토폴로지 도달률(최근50): gangnam_clean_topology=96%
          ├ OD별 도달률(최근200): rnd0=100%(n200)  rnd1=4%(n200)  rnd10=100%(n200)  rnd11=100%(n200)  rnd12=100%(n200)  rnd13=100%(n200)  rnd14=100%(n200)  rnd15=100%(n200)  rnd16=4%(n200)  rnd17=100%(n200)  rnd18=100%(n200)  rnd19=100%(n200)  rnd2=100%(n200)  rnd20=100%(n200)  rnd21=100%(n200)  rnd22=100%(n200)  rnd23=100%(n200)  rnd24=100%(n200)  rnd25=100%(n200)  rnd26=99%(n200)  rnd27=100%(n200)  rnd28=100%(n200)  rnd29=100%(n200)  rnd3=100%(n200)  rnd4=100%(n200)  rnd5=100%(n200)  rnd6=99%(n200)  rnd7=98%(n200)  rnd8=100%(n200)  rnd9=100%(n200)
          └ 이동 분포: straight=67%  left=17%  right=16%
Ep 18800/30000 | R= -198.9 | Fuel=775.0mL | Wait= 290s | Steps=49.9 | Reach=91% | ε=0.050 | Loss=192.357 | t=12366s
          ├ 토폴로지 도달률(최근50): gangnam_clean_topology=88%
          ├ OD별 도달률(최근200): rnd0=100%(n200)  rnd1=4%(n200)  rnd10=100%(n200)  rnd11=100%(n200)  rnd12=100%(n200)  rnd13=100%(n200)  rnd14=100%(n200)  rnd15=100%(n200)  rnd16=4%(n200)  rnd17=100%(n200)  rnd18=100%(n200)  rnd19=100%(n200)  rnd2=100%(n200)  rnd20=100%(n200)  rnd21=100%(n200)  rnd22=100%(n200)  rnd23=100%(n200)  rnd24=100%(n200)  rnd25=100%(n200)  rnd26=100%(n200)  rnd27=100%(n200)  rnd28=100%(n200)  rnd29=100%(n200)  rnd3=100%(n200)  rnd4=100%(n200)  rnd5=100%(n200)  rnd6=99%(n200)  rnd7=98%(n200)  rnd8=100%(n200)  rnd9=100%(n200)
          └ 이동 분포: straight=67%  left=16%  right=17%
Ep 18900/30000 | R=  -56.0 | Fuel=641.8mL | Wait= 244s | Steps=40.5 | Reach=92% | ε=0.050 | Loss=214.465 | t=12395s
          ├ 토폴로지 도달률(최근50): gangnam_clean_topology=96%
          ├ OD별 도달률(최근200): rnd0=100%(n200)  rnd1=4%(n200)  rnd10=100%(n200)  rnd11=100%(n200)  rnd12=100%(n200)  rnd13=100%(n200)  rnd14=100%(n200)  rnd15=100%(n200)  rnd16=4%(n200)  rnd17=100%(n200)  rnd18=100%(n200)  rnd19=100%(n200)  rnd2=100%(n200)  rnd20=100%(n200)  rnd21=100%(n200)  rnd22=100%(n200)  rnd23=100%(n200)  rnd24=100%(n200)  rnd25=100%(n200)  rnd26=100%(n200)  rnd27=100%(n200)  rnd28=100%(n200)  rnd29=100%(n200)  rnd3=100%(n200)  rnd4=100%(n200)  rnd5=100%(n200)  rnd6=99%(n200)  rnd7=98%(n200)  rnd8=100%(n200)  rnd9=100%(n200)
          └ 이동 분포: straight=64%  left=17%  right=18%
Ep 19000/30000 | R=  -47.8 | Fuel=669.4mL | Wait= 234s | Steps=42.2 | Reach=91% | ε=0.050 | Loss=219.070 | t=12426s
          ├ 토폴로지 도달률(최근50): gangnam_clean_topology=90%
          ├ OD별 도달률(최근200): rnd0=100%(n200)  rnd1=4%(n200)  rnd10=100%(n200)  rnd11=100%(n200)  rnd12=100%(n200)  rnd13=100%(n200)  rnd14=100%(n200)  rnd15=100%(n200)  rnd16=4%(n200)  rnd17=100%(n200)  rnd18=100%(n200)  rnd19=100%(n200)  rnd2=100%(n200)  rnd20=100%(n200)  rnd21=100%(n200)  rnd22=100%(n200)  rnd23=100%(n200)  rnd24=100%(n200)  rnd25=100%(n200)  rnd26=100%(n200)  rnd27=100%(n200)  rnd28=100%(n200)  rnd29=100%(n200)  rnd3=100%(n200)  rnd4=100%(n200)  rnd5=100%(n200)  rnd6=99%(n200)  rnd7=98%(n200)  rnd8=100%(n200)  rnd9=100%(n200)
          └ 이동 분포: straight=67%  left=16%  right=17%
Ep 19100/30000 | R=  -49.6 | Fuel=633.9mL | Wait= 221s | Steps=39.2 | Reach=94% | ε=0.050 | Loss=220.698 | t=12454s
          ├ 토폴로지 도달률(최근50): gangnam_clean_topology=96%
          ├ OD별 도달률(최근200): rnd0=100%(n200)  rnd1=4%(n200)  rnd10=100%(n200)  rnd11=100%(n200)  rnd12=100%(n200)  rnd13=100%(n200)  rnd14=100%(n200)  rnd15=100%(n200)  rnd16=4%(n200)  rnd17=100%(n200)  rnd18=100%(n200)  rnd19=100%(n200)  rnd2=100%(n200)  rnd20=100%(n200)  rnd21=100%(n200)  rnd22=100%(n200)  rnd23=100%(n200)  rnd24=100%(n200)  rnd25=100%(n200)  rnd26=100%(n200)  rnd27=100%(n200)  rnd28=100%(n200)  rnd29=100%(n200)  rnd3=100%(n200)  rnd4=99%(n200)  rnd5=100%(n200)  rnd6=100%(n200)  rnd7=98%(n200)  rnd8=100%(n200)  rnd9=100%(n200)
          └ 이동 분포: straight=65%  left=18%  right=17%
Ep 19200/30000 | R= -117.0 | Fuel=709.1mL | Wait= 256s | Steps=44.0 | Reach=93% | ε=0.050 | Loss=200.575 | t=12487s
          ├ 토폴로지 도달률(최근50): gangnam_clean_topology=96%
          ├ OD별 도달률(최근200): rnd0=100%(n200)  rnd1=4%(n200)  rnd10=100%(n200)  rnd11=100%(n200)  rnd12=100%(n200)  rnd13=100%(n200)  rnd14=100%(n200)  rnd15=100%(n200)  rnd16=4%(n200)  rnd17=100%(n200)  rnd18=100%(n200)  rnd19=100%(n200)  rnd2=100%(n200)  rnd20=100%(n200)  rnd21=100%(n200)  rnd22=100%(n200)  rnd23=100%(n200)  rnd24=100%(n200)  rnd25=100%(n200)  rnd26=100%(n200)  rnd27=100%(n200)  rnd28=100%(n200)  rnd29=100%(n200)  rnd3=100%(n200)  rnd4=99%(n200)  rnd5=100%(n200)  rnd6=100%(n200)  rnd7=98%(n200)  rnd8=100%(n200)  rnd9=100%(n200)
          └ 이동 분포: straight=66%  left=15%  right=19%
Ep 19300/30000 | R=   77.4 | Fuel=564.9mL | Wait= 207s | Steps=35.0 | Reach=94% | ε=0.050 | Loss=205.625 | t=12513s
          ├ 토폴로지 도달률(최근50): gangnam_clean_topology=92%
          ├ OD별 도달률(최근200): rnd0=100%(n200)  rnd1=4%(n200)  rnd10=100%(n200)  rnd11=100%(n200)  rnd12=100%(n200)  rnd13=100%(n200)  rnd14=100%(n200)  rnd15=100%(n200)  rnd16=4%(n200)  rnd17=100%(n200)  rnd18=100%(n200)  rnd19=100%(n200)  rnd2=100%(n200)  rnd20=100%(n200)  rnd21=100%(n200)  rnd22=100%(n200)  rnd23=100%(n200)  rnd24=100%(n200)  rnd25=100%(n200)  rnd26=100%(n200)  rnd27=100%(n200)  rnd28=100%(n200)  rnd29=100%(n200)  rnd3=100%(n200)  rnd4=99%(n200)  rnd5=100%(n200)  rnd6=100%(n200)  rnd7=98%(n200)  rnd8=100%(n200)  rnd9=100%(n200)
          └ 이동 분포: straight=68%  left=16%  right=17%
Ep 19400/30000 | R=   50.5 | Fuel=596.2mL | Wait= 216s | Steps=37.6 | Reach=94% | ε=0.050 | Loss=204.412 | t=12542s
          ├ 토폴로지 도달률(최근50): gangnam_clean_topology=92%
          ├ OD별 도달률(최근200): rnd0=100%(n200)  rnd1=5%(n200)  rnd10=100%(n200)  rnd11=100%(n200)  rnd12=100%(n200)  rnd13=100%(n200)  rnd14=100%(n200)  rnd15=100%(n200)  rnd16=4%(n200)  rnd17=100%(n200)  rnd18=100%(n200)  rnd19=100%(n200)  rnd2=100%(n200)  rnd20=100%(n200)  rnd21=100%(n200)  rnd22=100%(n200)  rnd23=100%(n200)  rnd24=100%(n200)  rnd25=100%(n200)  rnd26=100%(n200)  rnd27=100%(n200)  rnd28=100%(n200)  rnd29=100%(n200)  rnd3=100%(n200)  rnd4=99%(n200)  rnd5=100%(n200)  rnd6=100%(n200)  rnd7=98%(n200)  rnd8=100%(n200)  rnd9=100%(n200)
          └ 이동 분포: straight=70%  left=15%  right=15%
Ep 19500/30000 | R=  115.0 | Fuel=532.4mL | Wait= 207s | Steps=32.8 | Reach=91% | ε=0.050 | Loss=201.343 | t=12566s
          ├ 토폴로지 도달률(최근50): gangnam_clean_topology=90%
          ├ OD별 도달률(최근200): rnd0=100%(n200)  rnd1=5%(n200)  rnd10=100%(n200)  rnd11=100%(n200)  rnd12=100%(n200)  rnd13=100%(n200)  rnd14=100%(n200)  rnd15=100%(n200)  rnd16=4%(n200)  rnd17=100%(n200)  rnd18=100%(n200)  rnd19=100%(n200)  rnd2=100%(n200)  rnd20=100%(n200)  rnd21=100%(n200)  rnd22=100%(n200)  rnd23=100%(n200)  rnd24=100%(n200)  rnd25=100%(n200)  rnd26=100%(n200)  rnd27=100%(n200)  rnd28=100%(n200)  rnd29=100%(n200)  rnd3=100%(n200)  rnd4=99%(n200)  rnd5=100%(n200)  rnd6=100%(n200)  rnd7=98%(n200)  rnd8=100%(n200)  rnd9=100%(n200)
          └ 이동 분포: straight=71%  left=14%  right=15%
Ep 19600/30000 | R=  -55.8 | Fuel=646.4mL | Wait= 222s | Steps=40.9 | Reach=90% | ε=0.050 | Loss=191.817 | t=12597s
          ├ 토폴로지 도달률(최근50): gangnam_clean_topology=92%
          ├ OD별 도달률(최근200): rnd0=100%(n200)  rnd1=5%(n200)  rnd10=100%(n200)  rnd11=100%(n200)  rnd12=100%(n200)  rnd13=100%(n200)  rnd14=100%(n200)  rnd15=100%(n200)  rnd16=4%(n200)  rnd17=100%(n200)  rnd18=100%(n200)  rnd19=100%(n200)  rnd2=100%(n200)  rnd20=100%(n200)  rnd21=100%(n200)  rnd22=100%(n200)  rnd23=100%(n200)  rnd24=100%(n200)  rnd25=100%(n200)  rnd26=100%(n200)  rnd27=100%(n200)  rnd28=100%(n200)  rnd29=100%(n200)  rnd3=100%(n200)  rnd4=99%(n200)  rnd5=100%(n200)  rnd6=100%(n200)  rnd7=98%(n200)  rnd8=100%(n200)  rnd9=100%(n200)
          └ 이동 분포: straight=68%  left=16%  right=16%
Ep 19700/30000 | R=  -88.1 | Fuel=700.6mL | Wait= 232s | Steps=44.1 | Reach=92% | ε=0.050 | Loss=186.622 | t=12630s
          ├ 토폴로지 도달률(최근50): gangnam_clean_topology=96%
          ├ OD별 도달률(최근200): rnd0=100%(n200)  rnd1=6%(n200)  rnd10=100%(n200)  rnd11=100%(n200)  rnd12=100%(n200)  rnd13=100%(n200)  rnd14=100%(n200)  rnd15=100%(n200)  rnd16=4%(n200)  rnd17=100%(n200)  rnd18=100%(n200)  rnd19=100%(n200)  rnd2=100%(n200)  rnd20=100%(n200)  rnd21=100%(n200)  rnd22=100%(n200)  rnd23=100%(n200)  rnd24=100%(n200)  rnd25=100%(n200)  rnd26=100%(n200)  rnd27=100%(n200)  rnd28=100%(n200)  rnd29=100%(n200)  rnd3=100%(n200)  rnd4=99%(n200)  rnd5=100%(n200)  rnd6=100%(n200)  rnd7=98%(n200)  rnd8=100%(n200)  rnd9=100%(n200)
          └ 이동 분포: straight=66%  left=18%  right=16%
Ep 19800/30000 | R=   22.0 | Fuel=601.1mL | Wait= 198s | Steps=38.4 | Reach=94% | ε=0.050 | Loss=190.826 | t=12659s
          ├ 토폴로지 도달률(최근50): gangnam_clean_topology=92%
          ├ OD별 도달률(최근200): rnd0=100%(n200)  rnd1=6%(n200)  rnd10=100%(n200)  rnd11=100%(n200)  rnd12=100%(n200)  rnd13=100%(n200)  rnd14=100%(n200)  rnd15=100%(n200)  rnd16=4%(n200)  rnd17=100%(n200)  rnd18=100%(n200)  rnd19=100%(n200)  rnd2=100%(n200)  rnd20=100%(n200)  rnd21=100%(n200)  rnd22=100%(n200)  rnd23=100%(n200)  rnd24=100%(n200)  rnd25=100%(n200)  rnd26=100%(n200)  rnd27=100%(n200)  rnd28=100%(n200)  rnd29=100%(n200)  rnd3=100%(n200)  rnd4=99%(n200)  rnd5=100%(n200)  rnd6=100%(n200)  rnd7=98%(n200)  rnd8=100%(n200)  rnd9=100%(n200)
          └ 이동 분포: straight=68%  left=17%  right=16%
Ep 19900/30000 | R=   69.1 | Fuel=583.0mL | Wait= 236s | Steps=35.5 | Reach=93% | ε=0.050 | Loss=202.704 | t=12686s
          ├ 토폴로지 도달률(최근50): gangnam_clean_topology=94%
          ├ OD별 도달률(최근200): rnd0=100%(n200)  rnd1=6%(n200)  rnd10=100%(n200)  rnd11=100%(n200)  rnd12=100%(n200)  rnd13=100%(n200)  rnd14=100%(n200)  rnd15=100%(n200)  rnd16=4%(n200)  rnd17=100%(n200)  rnd18=100%(n200)  rnd19=100%(n200)  rnd2=100%(n200)  rnd20=100%(n200)  rnd21=100%(n200)  rnd22=100%(n200)  rnd23=100%(n200)  rnd24=100%(n200)  rnd25=100%(n200)  rnd26=100%(n200)  rnd27=100%(n200)  rnd28=100%(n200)  rnd29=100%(n200)  rnd3=100%(n200)  rnd4=99%(n200)  rnd5=100%(n200)  rnd6=100%(n200)  rnd7=98%(n200)  rnd8=100%(n200)  rnd9=100%(n200)
          └ 이동 분포: straight=69%  left=16%  right=16%
Ep 20000/30000 | R=  -16.3 | Fuel=638.0mL | Wait= 227s | Steps=40.1 | Reach=95% | ε=0.050 | Loss=183.864 | t=12716s
          ├ 토폴로지 도달률(최근50): gangnam_clean_topology=94%
          ├ OD별 도달률(최근200): rnd0=100%(n200)  rnd1=5%(n200)  rnd10=100%(n200)  rnd11=100%(n200)  rnd12=100%(n200)  rnd13=100%(n200)  rnd14=99%(n200)  rnd15=100%(n200)  rnd16=4%(n200)  rnd17=100%(n200)  rnd18=100%(n200)  rnd19=100%(n200)  rnd2=100%(n200)  rnd20=100%(n200)  rnd21=100%(n200)  rnd22=100%(n200)  rnd23=100%(n200)  rnd24=100%(n200)  rnd25=100%(n200)  rnd26=100%(n200)  rnd27=100%(n200)  rnd28=100%(n200)  rnd29=100%(n200)  rnd3=100%(n200)  rnd4=99%(n200)  rnd5=100%(n200)  rnd6=100%(n200)  rnd7=98%(n200)  rnd8=100%(n200)  rnd9=100%(n200)
          └ 이동 분포: straight=67%  left=16%  right=17%
  [체크포인트] model_rl_signal_attention_ep20000.pth
Ep 20100/30000 | R=   23.8 | Fuel=632.9mL | Wait= 213s | Steps=39.6 | Reach=96% | ε=0.050 | Loss=192.681 | t=12745s
          ├ 토폴로지 도달률(최근50): gangnam_clean_topology=98%
          ├ OD별 도달률(최근200): rnd0=100%(n200)  rnd1=5%(n200)  rnd10=100%(n200)  rnd11=100%(n200)  rnd12=100%(n200)  rnd13=100%(n200)  rnd14=99%(n200)  rnd15=100%(n200)  rnd16=4%(n200)  rnd17=100%(n200)  rnd18=100%(n200)  rnd19=100%(n200)  rnd2=100%(n200)  rnd20=100%(n200)  rnd21=100%(n200)  rnd22=100%(n200)  rnd23=100%(n200)  rnd24=100%(n200)  rnd25=100%(n200)  rnd26=100%(n200)  rnd27=100%(n200)  rnd28=100%(n200)  rnd29=100%(n200)  rnd3=100%(n200)  rnd4=99%(n200)  rnd5=100%(n200)  rnd6=100%(n200)  rnd7=98%(n200)  rnd8=100%(n200)  rnd9=100%(n200)
          └ 이동 분포: straight=65%  left=15%  right=20%
Ep 20200/30000 | R=  -55.2 | Fuel=647.2mL | Wait= 260s | Steps=40.1 | Reach=90% | ε=0.050 | Loss=188.214 | t=12776s
          ├ 토폴로지 도달률(최근50): gangnam_clean_topology=84%
          ├ OD별 도달률(최근200): rnd0=100%(n200)  rnd1=5%(n200)  rnd10=100%(n200)  rnd11=100%(n200)  rnd12=100%(n200)  rnd13=100%(n200)  rnd14=99%(n200)  rnd15=100%(n200)  rnd16=4%(n200)  rnd17=100%(n200)  rnd18=100%(n200)  rnd19=100%(n200)  rnd2=100%(n200)  rnd20=100%(n200)  rnd21=100%(n200)  rnd22=100%(n200)  rnd23=100%(n200)  rnd24=100%(n200)  rnd25=100%(n200)  rnd26=100%(n200)  rnd27=100%(n200)  rnd28=100%(n200)  rnd29=100%(n200)  rnd3=100%(n200)  rnd4=99%(n200)  rnd5=100%(n200)  rnd6=100%(n200)  rnd7=98%(n200)  rnd8=100%(n200)  rnd9=100%(n200)
          └ 이동 분포: straight=68%  left=15%  right=17%
Ep 20300/30000 | R=   23.2 | Fuel=648.7mL | Wait= 216s | Steps=39.5 | Reach=94% | ε=0.050 | Loss=196.556 | t=12805s
          ├ 토폴로지 도달률(최근50): gangnam_clean_topology=94%
          ├ OD별 도달률(최근200): rnd0=100%(n200)  rnd1=5%(n200)  rnd10=100%(n200)  rnd11=100%(n200)  rnd12=100%(n200)  rnd13=100%(n200)  rnd14=98%(n200)  rnd15=100%(n200)  rnd16=4%(n200)  rnd17=100%(n200)  rnd18=100%(n200)  rnd19=100%(n200)  rnd2=100%(n200)  rnd20=100%(n200)  rnd21=100%(n200)  rnd22=100%(n200)  rnd23=100%(n200)  rnd24=100%(n200)  rnd25=100%(n200)  rnd26=100%(n200)  rnd27=100%(n200)  rnd28=100%(n200)  rnd29=100%(n200)  rnd3=100%(n200)  rnd4=99%(n200)  rnd5=100%(n200)  rnd6=100%(n200)  rnd7=98%(n200)  rnd8=100%(n200)  rnd9=100%(n200)
          └ 이동 분포: straight=68%  left=16%  right=16%
Ep 20400/30000 | R=   14.6 | Fuel=615.3mL | Wait= 218s | Steps=37.1 | Reach=92% | ε=0.050 | Loss=197.041 | t=12832s
          ├ 토폴로지 도달률(최근50): gangnam_clean_topology=90%
          ├ OD별 도달률(최근200): rnd0=100%(n200)  rnd1=6%(n200)  rnd10=100%(n200)  rnd11=100%(n200)  rnd12=100%(n200)  rnd13=100%(n200)  rnd14=98%(n200)  rnd15=100%(n200)  rnd16=4%(n200)  rnd17=100%(n200)  rnd18=100%(n200)  rnd19=100%(n200)  rnd2=100%(n200)  rnd20=100%(n200)  rnd21=100%(n200)  rnd22=100%(n200)  rnd23=100%(n200)  rnd24=100%(n200)  rnd25=100%(n200)  rnd26=100%(n200)  rnd27=100%(n200)  rnd28=100%(n200)  rnd29=100%(n200)  rnd3=100%(n200)  rnd4=99%(n200)  rnd5=100%(n200)  rnd6=100%(n200)  rnd7=98%(n200)  rnd8=100%(n200)  rnd9=100%(n200)
          └ 이동 분포: straight=66%  left=17%  right=17%
Ep 20500/30000 | R=   50.9 | Fuel=618.2mL | Wait= 216s | Steps=38.0 | Reach=93% | ε=0.050 | Loss=193.044 | t=12860s
          ├ 토폴로지 도달률(최근50): gangnam_clean_topology=92%
          ├ OD별 도달률(최근200): rnd0=100%(n200)  rnd1=6%(n200)  rnd10=100%(n200)  rnd11=100%(n200)  rnd12=100%(n200)  rnd13=100%(n200)  rnd14=98%(n200)  rnd15=100%(n200)  rnd16=4%(n200)  rnd17=100%(n200)  rnd18=100%(n200)  rnd19=100%(n200)  rnd2=100%(n200)  rnd20=100%(n200)  rnd21=100%(n200)  rnd22=100%(n200)  rnd23=100%(n200)  rnd24=100%(n200)  rnd25=100%(n200)  rnd26=100%(n200)  rnd27=100%(n200)  rnd28=100%(n200)  rnd29=100%(n200)  rnd3=100%(n200)  rnd4=99%(n200)  rnd5=100%(n200)  rnd6=100%(n200)  rnd7=98%(n200)  rnd8=100%(n200)  rnd9=100%(n200)
          └ 이동 분포: straight=69%  left=15%  right=16%
Ep 20600/30000 | R=   80.0 | Fuel=599.1mL | Wait= 219s | Steps=38.2 | Reach=97% | ε=0.050 | Loss=187.086 | t=12889s
          ├ 토폴로지 도달률(최근50): gangnam_clean_topology=98%
          ├ OD별 도달률(최근200): rnd0=100%(n200)  rnd1=6%(n200)  rnd10=100%(n200)  rnd11=100%(n200)  rnd12=100%(n200)  rnd13=100%(n200)  rnd14=98%(n200)  rnd15=100%(n200)  rnd16=4%(n200)  rnd17=100%(n200)  rnd18=100%(n200)  rnd19=100%(n200)  rnd2=100%(n200)  rnd20=100%(n200)  rnd21=100%(n200)  rnd22=100%(n200)  rnd23=100%(n200)  rnd24=100%(n200)  rnd25=100%(n200)  rnd26=100%(n200)  rnd27=100%(n200)  rnd28=100%(n200)  rnd29=100%(n200)  rnd3=100%(n200)  rnd4=99%(n200)  rnd5=100%(n200)  rnd6=100%(n200)  rnd7=98%(n200)  rnd8=100%(n200)  rnd9=100%(n200)
          └ 이동 분포: straight=70%  left=14%  right=16%
Ep 20700/30000 | R=  -63.8 | Fuel=644.7mL | Wait= 240s | Steps=40.4 | Reach=86% | ε=0.050 | Loss=177.614 | t=12920s
          ├ 토폴로지 도달률(최근50): gangnam_clean_topology=80%
          ├ OD별 도달률(최근200): rnd0=100%(n200)  rnd1=6%(n200)  rnd10=100%(n200)  rnd11=100%(n200)  rnd12=100%(n200)  rnd13=100%(n200)  rnd14=98%(n200)  rnd15=100%(n200)  rnd16=4%(n200)  rnd17=100%(n200)  rnd18=100%(n200)  rnd19=100%(n200)  rnd2=100%(n200)  rnd20=100%(n200)  rnd21=100%(n200)  rnd22=100%(n200)  rnd23=100%(n200)  rnd24=100%(n200)  rnd25=100%(n200)  rnd26=100%(n200)  rnd27=100%(n200)  rnd28=100%(n200)  rnd29=100%(n200)  rnd3=100%(n200)  rnd4=99%(n200)  rnd5=100%(n200)  rnd6=100%(n200)  rnd7=98%(n200)  rnd8=100%(n200)  rnd9=100%(n200)
          └ 이동 분포: straight=68%  left=15%  right=16%
Ep 20800/30000 | R= -234.5 | Fuel=718.7mL | Wait= 243s | Steps=44.5 | Reach=90% | ε=0.050 | Loss=192.505 | t=12953s
          ├ 토폴로지 도달률(최근50): gangnam_clean_topology=98%
          ├ OD별 도달률(최근200): rnd0=100%(n200)  rnd1=6%(n200)  rnd10=100%(n200)  rnd11=100%(n200)  rnd12=100%(n200)  rnd13=100%(n200)  rnd14=98%(n200)  rnd15=100%(n200)  rnd16=2%(n200)  rnd17=100%(n200)  rnd18=100%(n200)  rnd19=100%(n200)  rnd2=100%(n200)  rnd20=100%(n200)  rnd21=100%(n200)  rnd22=100%(n200)  rnd23=100%(n200)  rnd24=100%(n200)  rnd25=100%(n200)  rnd26=100%(n200)  rnd27=100%(n200)  rnd28=100%(n200)  rnd29=100%(n200)  rnd3=100%(n200)  rnd4=99%(n200)  rnd5=100%(n200)  rnd6=100%(n200)  rnd7=98%(n200)  rnd8=100%(n200)  rnd9=100%(n200)
          └ 이동 분포: straight=63%  left=18%  right=19%
Ep 20900/30000 | R=  -48.8 | Fuel=635.4mL | Wait= 210s | Steps=40.1 | Reach=92% | ε=0.050 | Loss=192.029 | t=12984s
          ├ 토폴로지 도달률(최근50): gangnam_clean_topology=94%
          ├ OD별 도달률(최근200): rnd0=100%(n200)  rnd1=6%(n200)  rnd10=100%(n200)  rnd11=100%(n200)  rnd12=100%(n200)  rnd13=100%(n200)  rnd14=98%(n200)  rnd15=100%(n200)  rnd16=2%(n200)  rnd17=100%(n200)  rnd18=100%(n200)  rnd19=100%(n200)  rnd2=100%(n200)  rnd20=100%(n200)  rnd21=100%(n200)  rnd22=100%(n200)  rnd23=100%(n200)  rnd24=100%(n200)  rnd25=100%(n200)  rnd26=100%(n200)  rnd27=100%(n200)  rnd28=100%(n200)  rnd29=100%(n200)  rnd3=100%(n200)  rnd4=99%(n200)  rnd5=100%(n200)  rnd6=100%(n200)  rnd7=98%(n200)  rnd8=100%(n200)  rnd9=100%(n200)
          └ 이동 분포: straight=68%  left=15%  right=17%
Ep 21000/30000 | R= -174.8 | Fuel=695.4mL | Wait= 217s | Steps=44.0 | Reach=88% | ε=0.050 | Loss=203.847 | t=13017s
          ├ 토폴로지 도달률(최근50): gangnam_clean_topology=88%
          ├ OD별 도달률(최근200): rnd0=100%(n200)  rnd1=7%(n200)  rnd10=100%(n200)  rnd11=100%(n200)  rnd12=100%(n200)  rnd13=100%(n200)  rnd14=98%(n200)  rnd15=100%(n200)  rnd16=2%(n200)  rnd17=100%(n200)  rnd18=100%(n200)  rnd19=100%(n200)  rnd2=100%(n200)  rnd20=100%(n200)  rnd21=100%(n200)  rnd22=100%(n200)  rnd23=100%(n200)  rnd24=100%(n200)  rnd25=100%(n200)  rnd26=100%(n200)  rnd27=100%(n200)  rnd28=100%(n200)  rnd29=100%(n200)  rnd3=100%(n200)  rnd4=99%(n200)  rnd5=100%(n200)  rnd6=100%(n200)  rnd7=98%(n200)  rnd8=100%(n200)  rnd9=100%(n200)
          └ 이동 분포: straight=66%  left=18%  right=16%
Ep 21100/30000 | R=   26.8 | Fuel=612.5mL | Wait= 227s | Steps=38.7 | Reach=96% | ε=0.050 | Loss=190.794 | t=13046s
          ├ 토폴로지 도달률(최근50): gangnam_clean_topology=98%
          ├ OD별 도달률(최근200): rnd0=100%(n200)  rnd1=8%(n200)  rnd10=100%(n200)  rnd11=100%(n200)  rnd12=100%(n200)  rnd13=100%(n200)  rnd14=98%(n200)  rnd15=100%(n200)  rnd16=2%(n200)  rnd17=100%(n200)  rnd18=100%(n200)  rnd19=100%(n200)  rnd2=100%(n200)  rnd20=100%(n200)  rnd21=100%(n200)  rnd22=100%(n200)  rnd23=100%(n200)  rnd24=100%(n200)  rnd25=100%(n200)  rnd26=100%(n200)  rnd27=100%(n200)  rnd28=100%(n200)  rnd29=100%(n200)  rnd3=100%(n200)  rnd4=99%(n200)  rnd5=100%(n200)  rnd6=100%(n200)  rnd7=98%(n200)  rnd8=100%(n200)  rnd9=100%(n200)
          └ 이동 분포: straight=68%  left=15%  right=17%
Ep 21200/30000 | R=  -78.8 | Fuel=644.6mL | Wait= 223s | Steps=41.1 | Reach=93% | ε=0.050 | Loss=202.313 | t=13076s
          ├ 토폴로지 도달률(최근50): gangnam_clean_topology=96%
          ├ OD별 도달률(최근200): rnd0=100%(n200)  rnd1=8%(n200)  rnd10=100%(n200)  rnd11=100%(n200)  rnd12=100%(n200)  rnd13=100%(n200)  rnd14=98%(n200)  rnd15=100%(n200)  rnd16=2%(n200)  rnd17=100%(n200)  rnd18=100%(n200)  rnd19=100%(n200)  rnd2=100%(n200)  rnd20=100%(n200)  rnd21=100%(n200)  rnd22=100%(n200)  rnd23=100%(n200)  rnd24=100%(n200)  rnd25=100%(n200)  rnd26=100%(n200)  rnd27=100%(n200)  rnd28=100%(n200)  rnd29=100%(n200)  rnd3=100%(n200)  rnd4=99%(n200)  rnd5=100%(n200)  rnd6=100%(n200)  rnd7=98%(n200)  rnd8=100%(n200)  rnd9=100%(n200)
          └ 이동 분포: straight=65%  left=16%  right=19%
Ep 21300/30000 | R=   -9.0 | Fuel=628.6mL | Wait= 214s | Steps=39.8 | Reach=92% | ε=0.050 | Loss=199.668 | t=13103s
          ├ 토폴로지 도달률(최근50): gangnam_clean_topology=90%
          ├ OD별 도달률(최근200): rnd0=100%(n200)  rnd1=8%(n200)  rnd10=100%(n200)  rnd11=100%(n200)  rnd12=100%(n200)  rnd13=100%(n200)  rnd14=98%(n200)  rnd15=100%(n200)  rnd16=2%(n200)  rnd17=100%(n200)  rnd18=100%(n200)  rnd19=100%(n200)  rnd2=100%(n200)  rnd20=100%(n200)  rnd21=100%(n200)  rnd22=100%(n200)  rnd23=100%(n200)  rnd24=100%(n200)  rnd25=100%(n200)  rnd26=100%(n200)  rnd27=100%(n200)  rnd28=100%(n200)  rnd29=100%(n200)  rnd3=100%(n200)  rnd4=99%(n200)  rnd5=100%(n200)  rnd6=100%(n200)  rnd7=98%(n200)  rnd8=100%(n200)  rnd9=100%(n200)
          └ 이동 분포: straight=66%  left=16%  right=18%
Ep 21400/30000 | R= -126.0 | Fuel=657.3mL | Wait= 218s | Steps=42.1 | Reach=92% | ε=0.050 | Loss=208.647 | t=13132s
          ├ 토폴로지 도달률(최근50): gangnam_clean_topology=90%
          ├ OD별 도달률(최근200): rnd0=100%(n200)  rnd1=8%(n200)  rnd10=100%(n200)  rnd11=100%(n200)  rnd12=100%(n200)  rnd13=100%(n200)  rnd14=98%(n200)  rnd15=100%(n200)  rnd16=2%(n200)  rnd17=100%(n200)  rnd18=100%(n200)  rnd19=100%(n200)  rnd2=100%(n200)  rnd20=100%(n200)  rnd21=100%(n200)  rnd22=100%(n200)  rnd23=100%(n200)  rnd24=100%(n200)  rnd25=100%(n200)  rnd26=100%(n200)  rnd27=100%(n200)  rnd28=100%(n200)  rnd29=100%(n200)  rnd3=100%(n200)  rnd4=99%(n200)  rnd5=100%(n200)  rnd6=100%(n200)  rnd7=98%(n200)  rnd8=100%(n200)  rnd9=100%(n200)
          └ 이동 분포: straight=64%  left=19%  right=17%
Ep 21500/30000 | R=  -23.1 | Fuel=644.3mL | Wait= 225s | Steps=40.9 | Reach=93% | ε=0.050 | Loss=212.041 | t=13160s
          ├ 토폴로지 도달률(최근50): gangnam_clean_topology=92%
          ├ OD별 도달률(최근200): rnd0=100%(n200)  rnd1=8%(n200)  rnd10=100%(n200)  rnd11=100%(n200)  rnd12=100%(n200)  rnd13=100%(n200)  rnd14=98%(n200)  rnd15=100%(n200)  rnd16=2%(n200)  rnd17=100%(n200)  rnd18=100%(n200)  rnd19=100%(n200)  rnd2=100%(n200)  rnd20=100%(n200)  rnd21=100%(n200)  rnd22=100%(n200)  rnd23=100%(n200)  rnd24=100%(n200)  rnd25=100%(n200)  rnd26=100%(n200)  rnd27=100%(n200)  rnd28=100%(n200)  rnd29=100%(n200)  rnd3=100%(n200)  rnd4=99%(n200)  rnd5=100%(n200)  rnd6=100%(n200)  rnd7=98%(n200)  rnd8=100%(n200)  rnd9=100%(n200)
          └ 이동 분포: straight=67%  left=16%  right=17%
Ep 21600/30000 | R=  -96.2 | Fuel=672.4mL | Wait= 245s | Steps=43.2 | Reach=92% | ε=0.050 | Loss=200.795 | t=13189s
          ├ 토폴로지 도달률(최근50): gangnam_clean_topology=94%
          ├ OD별 도달률(최근200): rnd0=100%(n200)  rnd1=8%(n200)  rnd10=100%(n200)  rnd11=100%(n200)  rnd12=100%(n200)  rnd13=100%(n200)  rnd14=98%(n200)  rnd15=100%(n200)  rnd16=2%(n200)  rnd17=100%(n200)  rnd18=100%(n200)  rnd19=100%(n200)  rnd2=100%(n200)  rnd20=100%(n200)  rnd21=100%(n200)  rnd22=100%(n200)  rnd23=100%(n200)  rnd24=100%(n200)  rnd25=100%(n200)  rnd26=100%(n200)  rnd27=100%(n200)  rnd28=100%(n200)  rnd29=100%(n200)  rnd3=100%(n200)  rnd4=99%(n200)  rnd5=100%(n200)  rnd6=100%(n200)  rnd7=98%(n200)  rnd8=100%(n200)  rnd9=100%(n200)
          └ 이동 분포: straight=66%  left=16%  right=18%
Ep 21700/30000 | R= -126.0 | Fuel=686.1mL | Wait= 237s | Steps=42.1 | Reach=89% | ε=0.050 | Loss=209.448 | t=13217s
          ├ 토폴로지 도달률(최근50): gangnam_clean_topology=92%
          ├ OD별 도달률(최근200): rnd0=100%(n200)  rnd1=8%(n200)  rnd10=100%(n200)  rnd11=100%(n200)  rnd12=100%(n200)  rnd13=100%(n200)  rnd14=98%(n200)  rnd15=100%(n200)  rnd16=2%(n200)  rnd17=100%(n200)  rnd18=100%(n200)  rnd19=100%(n200)  rnd2=100%(n200)  rnd20=100%(n200)  rnd21=100%(n200)  rnd22=100%(n200)  rnd23=100%(n200)  rnd24=100%(n200)  rnd25=100%(n200)  rnd26=100%(n200)  rnd27=100%(n200)  rnd28=100%(n200)  rnd29=100%(n200)  rnd3=100%(n200)  rnd4=99%(n200)  rnd5=100%(n200)  rnd6=100%(n200)  rnd7=98%(n200)  rnd8=100%(n200)  rnd9=100%(n200)
          └ 이동 분포: straight=67%  left=16%  right=17%
Ep 21800/30000 | R=   50.9 | Fuel=621.0mL | Wait= 212s | Steps=37.6 | Reach=93% | ε=0.050 | Loss=195.839 | t=13242s
          ├ 토폴로지 도달률(최근50): gangnam_clean_topology=88%
          ├ OD별 도달률(최근200): rnd0=100%(n200)  rnd1=8%(n200)  rnd10=100%(n200)  rnd11=100%(n200)  rnd12=100%(n200)  rnd13=100%(n200)  rnd14=98%(n200)  rnd15=100%(n200)  rnd16=2%(n200)  rnd17=100%(n200)  rnd18=100%(n200)  rnd19=100%(n200)  rnd2=100%(n200)  rnd20=100%(n200)  rnd21=100%(n200)  rnd22=100%(n200)  rnd23=100%(n200)  rnd24=100%(n200)  rnd25=100%(n200)  rnd26=100%(n200)  rnd27=100%(n200)  rnd28=100%(n200)  rnd29=100%(n200)  rnd3=100%(n200)  rnd4=99%(n200)  rnd5=100%(n200)  rnd6=100%(n200)  rnd7=98%(n200)  rnd8=100%(n200)  rnd9=100%(n200)
          └ 이동 분포: straight=68%  left=15%  right=16%
Ep 21900/30000 | R=  -14.7 | Fuel=624.7mL | Wait= 201s | Steps=39.5 | Reach=94% | ε=0.050 | Loss=200.395 | t=13269s
          ├ 토폴로지 도달률(최근50): gangnam_clean_topology=98%
          ├ OD별 도달률(최근200): rnd0=100%(n200)  rnd1=8%(n200)  rnd10=100%(n200)  rnd11=100%(n200)  rnd12=100%(n200)  rnd13=100%(n200)  rnd14=98%(n200)  rnd15=100%(n200)  rnd16=2%(n200)  rnd17=100%(n200)  rnd18=100%(n200)  rnd19=100%(n200)  rnd2=100%(n200)  rnd20=100%(n200)  rnd21=100%(n200)  rnd22=100%(n200)  rnd23=100%(n200)  rnd24=100%(n200)  rnd25=100%(n200)  rnd26=100%(n200)  rnd27=100%(n200)  rnd28=100%(n200)  rnd29=100%(n200)  rnd3=100%(n200)  rnd4=99%(n200)  rnd5=100%(n200)  rnd6=100%(n200)  rnd7=98%(n200)  rnd8=100%(n200)  rnd9=100%(n200)
          └ 이동 분포: straight=65%  left=17%  right=19%
Ep 22000/30000 | R=  124.6 | Fuel=601.8mL | Wait= 210s | Steps=35.8 | Reach=98% | ε=0.050 | Loss=189.395 | t=13292s
          ├ 토폴로지 도달률(최근50): gangnam_clean_topology=98%
          ├ OD별 도달률(최근200): rnd0=100%(n200)  rnd1=8%(n200)  rnd10=100%(n200)  rnd11=100%(n200)  rnd12=100%(n200)  rnd13=100%(n200)  rnd14=98%(n200)  rnd15=100%(n200)  rnd16=2%(n200)  rnd17=100%(n200)  rnd18=100%(n200)  rnd19=100%(n200)  rnd2=100%(n200)  rnd20=100%(n200)  rnd21=100%(n200)  rnd22=100%(n200)  rnd23=100%(n200)  rnd24=100%(n200)  rnd25=100%(n200)  rnd26=100%(n200)  rnd27=100%(n200)  rnd28=100%(n200)  rnd29=100%(n200)  rnd3=100%(n200)  rnd4=99%(n200)  rnd5=100%(n200)  rnd6=100%(n200)  rnd7=98%(n200)  rnd8=100%(n200)  rnd9=100%(n200)
          └ 이동 분포: straight=70%  left=15%  right=16%
Ep 22100/30000 | R=    4.9 | Fuel=624.4mL | Wait= 228s | Steps=38.9 | Reach=91% | ε=0.050 | Loss=177.862 | t=13319s
          ├ 토폴로지 도달률(최근50): gangnam_clean_topology=90%
          ├ OD별 도달률(최근200): rnd0=100%(n200)  rnd1=8%(n200)  rnd10=100%(n200)  rnd11=100%(n200)  rnd12=100%(n200)  rnd13=100%(n200)  rnd14=98%(n200)  rnd15=100%(n200)  rnd16=2%(n200)  rnd17=100%(n200)  rnd18=100%(n200)  rnd19=100%(n200)  rnd2=100%(n200)  rnd20=100%(n200)  rnd21=100%(n200)  rnd22=100%(n200)  rnd23=100%(n200)  rnd24=100%(n200)  rnd25=100%(n200)  rnd26=100%(n200)  rnd27=100%(n200)  rnd28=100%(n200)  rnd29=100%(n200)  rnd3=100%(n200)  rnd4=99%(n200)  rnd5=100%(n200)  rnd6=100%(n200)  rnd7=98%(n200)  rnd8=100%(n200)  rnd9=100%(n200)
          └ 이동 분포: straight=68%  left=16%  right=16%
Ep 22200/30000 | R=   32.3 | Fuel=599.2mL | Wait= 225s | Steps=37.6 | Reach=93% | ε=0.050 | Loss=180.091 | t=13344s
          ├ 토폴로지 도달률(최근50): gangnam_clean_topology=96%
          ├ OD별 도달률(최근200): rnd0=100%(n200)  rnd1=8%(n200)  rnd10=100%(n200)  rnd11=100%(n200)  rnd12=100%(n200)  rnd13=100%(n200)  rnd14=98%(n200)  rnd15=100%(n200)  rnd16=2%(n200)  rnd17=100%(n200)  rnd18=100%(n200)  rnd19=100%(n200)  rnd2=100%(n200)  rnd20=100%(n200)  rnd21=100%(n200)  rnd22=100%(n200)  rnd23=100%(n200)  rnd24=100%(n200)  rnd25=100%(n200)  rnd26=100%(n200)  rnd27=100%(n200)  rnd28=100%(n200)  rnd29=100%(n200)  rnd3=100%(n200)  rnd4=99%(n200)  rnd5=100%(n200)  rnd6=100%(n200)  rnd7=98%(n200)  rnd8=100%(n200)  rnd9=100%(n200)
          └ 이동 분포: straight=67%  left=15%  right=18%
Ep 22300/30000 | R= -103.0 | Fuel=687.8mL | Wait= 247s | Steps=41.4 | Reach=93% | ε=0.050 | Loss=185.871 | t=13372s
          ├ 토폴로지 도달률(최근50): gangnam_clean_topology=100%
          ├ OD별 도달률(최근200): rnd0=100%(n200)  rnd1=8%(n200)  rnd10=100%(n200)  rnd11=100%(n200)  rnd12=100%(n200)  rnd13=100%(n200)  rnd14=98%(n200)  rnd15=100%(n200)  rnd16=2%(n200)  rnd17=100%(n200)  rnd18=100%(n200)  rnd19=100%(n200)  rnd2=100%(n200)  rnd20=100%(n200)  rnd21=100%(n200)  rnd22=100%(n200)  rnd23=100%(n200)  rnd24=100%(n200)  rnd25=100%(n200)  rnd26=100%(n200)  rnd27=100%(n200)  rnd28=100%(n200)  rnd29=100%(n200)  rnd3=100%(n200)  rnd4=98%(n200)  rnd5=100%(n200)  rnd6=100%(n200)  rnd7=98%(n200)  rnd8=100%(n200)  rnd9=100%(n200)
          └ 이동 분포: straight=67%  left=16%  right=17%
Ep 22400/30000 | R= -207.5 | Fuel=697.2mL | Wait= 253s | Steps=45.9 | Reach=92% | ε=0.050 | Loss=200.054 | t=13403s
          ├ 토폴로지 도달률(최근50): gangnam_clean_topology=92%
          ├ OD별 도달률(최근200): rnd0=100%(n200)  rnd1=8%(n200)  rnd10=100%(n200)  rnd11=100%(n200)  rnd12=100%(n200)  rnd13=100%(n200)  rnd14=98%(n200)  rnd15=100%(n200)  rnd16=2%(n200)  rnd17=99%(n200)  rnd18=100%(n200)  rnd19=100%(n200)  rnd2=100%(n200)  rnd20=100%(n200)  rnd21=100%(n200)  rnd22=100%(n200)  rnd23=100%(n200)  rnd24=100%(n200)  rnd25=100%(n200)  rnd26=99%(n200)  rnd27=100%(n200)  rnd28=100%(n200)  rnd29=100%(n200)  rnd3=100%(n200)  rnd4=98%(n200)  rnd5=100%(n200)  rnd6=100%(n200)  rnd7=97%(n200)  rnd8=100%(n200)  rnd9=100%(n200)
          └ 이동 분포: straight=62%  left=17%  right=21%
Ep 22500/30000 | R=   84.3 | Fuel=606.7mL | Wait= 213s | Steps=37.6 | Reach=95% | ε=0.050 | Loss=189.785 | t=13428s
          ├ 토폴로지 도달률(최근50): gangnam_clean_topology=96%
          ├ OD별 도달률(최근200): rnd0=100%(n200)  rnd1=8%(n200)  rnd10=100%(n200)  rnd11=100%(n200)  rnd12=100%(n200)  rnd13=100%(n200)  rnd14=98%(n200)  rnd15=100%(n200)  rnd16=2%(n200)  rnd17=99%(n200)  rnd18=100%(n200)  rnd19=100%(n200)  rnd2=100%(n200)  rnd20=100%(n200)  rnd21=100%(n200)  rnd22=100%(n200)  rnd23=100%(n200)  rnd24=100%(n200)  rnd25=100%(n200)  rnd26=99%(n200)  rnd27=100%(n200)  rnd28=100%(n200)  rnd29=100%(n200)  rnd3=100%(n200)  rnd4=98%(n200)  rnd5=100%(n200)  rnd6=100%(n200)  rnd7=97%(n200)  rnd8=100%(n200)  rnd9=100%(n200)
          └ 이동 분포: straight=68%  left=15%  right=16%
  [체크포인트] model_rl_signal_attention_ep22500.pth
Ep 22600/30000 | R=  -43.9 | Fuel=634.9mL | Wait= 230s | Steps=39.6 | Reach=94% | ε=0.050 | Loss=191.904 | t=13455s
          ├ 토폴로지 도달률(최근50): gangnam_clean_topology=94%
          ├ OD별 도달률(최근200): rnd0=100%(n200)  rnd1=8%(n200)  rnd10=100%(n200)  rnd11=100%(n200)  rnd12=100%(n200)  rnd13=100%(n200)  rnd14=98%(n200)  rnd15=100%(n200)  rnd16=3%(n200)  rnd17=99%(n200)  rnd18=100%(n200)  rnd19=100%(n200)  rnd2=100%(n200)  rnd20=100%(n200)  rnd21=100%(n200)  rnd22=100%(n200)  rnd23=100%(n200)  rnd24=100%(n200)  rnd25=100%(n200)  rnd26=99%(n200)  rnd27=100%(n200)  rnd28=100%(n200)  rnd29=100%(n200)  rnd3=100%(n200)  rnd4=98%(n200)  rnd5=100%(n200)  rnd6=100%(n200)  rnd7=98%(n200)  rnd8=100%(n200)  rnd9=100%(n200)
          └ 이동 분포: straight=65%  left=15%  right=20%
Ep 22700/30000 | R=  -78.4 | Fuel=661.2mL | Wait= 219s | Steps=42.3 | Reach=90% | ε=0.050 | Loss=193.253 | t=13483s
          ├ 토폴로지 도달률(최근50): gangnam_clean_topology=90%
          ├ OD별 도달률(최근200): rnd0=100%(n200)  rnd1=8%(n200)  rnd10=100%(n200)  rnd11=100%(n200)  rnd12=100%(n200)  rnd13=100%(n200)  rnd14=99%(n200)  rnd15=100%(n200)  rnd16=3%(n200)  rnd17=99%(n200)  rnd18=100%(n200)  rnd19=100%(n200)  rnd2=100%(n200)  rnd20=100%(n200)  rnd21=100%(n200)  rnd22=100%(n200)  rnd23=100%(n200)  rnd24=100%(n200)  rnd25=100%(n200)  rnd26=99%(n200)  rnd27=100%(n200)  rnd28=100%(n200)  rnd29=100%(n200)  rnd3=100%(n200)  rnd4=98%(n200)  rnd5=100%(n200)  rnd6=100%(n200)  rnd7=98%(n200)  rnd8=100%(n200)  rnd9=100%(n200)
          └ 이동 분포: straight=65%  left=16%  right=19%
Ep 22800/30000 | R=   62.8 | Fuel=584.1mL | Wait= 202s | Steps=36.0 | Reach=95% | ε=0.050 | Loss=193.271 | t=13508s
          ├ 토폴로지 도달률(최근50): gangnam_clean_topology=96%
          ├ OD별 도달률(최근200): rnd0=100%(n200)  rnd1=8%(n200)  rnd10=100%(n200)  rnd11=100%(n200)  rnd12=100%(n200)  rnd13=100%(n200)  rnd14=99%(n200)  rnd15=100%(n200)  rnd16=3%(n200)  rnd17=99%(n200)  rnd18=100%(n200)  rnd19=100%(n200)  rnd2=100%(n200)  rnd20=100%(n200)  rnd21=100%(n200)  rnd22=100%(n200)  rnd23=100%(n200)  rnd24=100%(n200)  rnd25=100%(n200)  rnd26=99%(n200)  rnd27=100%(n200)  rnd28=100%(n200)  rnd29=100%(n200)  rnd3=100%(n200)  rnd4=98%(n200)  rnd5=100%(n200)  rnd6=100%(n200)  rnd7=98%(n200)  rnd8=100%(n200)  rnd9=100%(n200)
          └ 이동 분포: straight=65%  left=18%  right=17%
Ep 22900/30000 | R=   31.0 | Fuel=647.9mL | Wait= 252s | Steps=40.1 | Reach=96% | ε=0.050 | Loss=182.427 | t=13535s
          ├ 토폴로지 도달률(최근50): gangnam_clean_topology=94%
          ├ OD별 도달률(최근200): rnd0=100%(n200)  rnd1=8%(n200)  rnd10=100%(n200)  rnd11=100%(n200)  rnd12=100%(n200)  rnd13=100%(n200)  rnd14=99%(n200)  rnd15=100%(n200)  rnd16=3%(n200)  rnd17=99%(n200)  rnd18=100%(n200)  rnd19=100%(n200)  rnd2=100%(n200)  rnd20=100%(n200)  rnd21=100%(n200)  rnd22=100%(n200)  rnd23=100%(n200)  rnd24=100%(n200)  rnd25=100%(n200)  rnd26=99%(n200)  rnd27=100%(n200)  rnd28=100%(n200)  rnd29=100%(n200)  rnd3=100%(n200)  rnd4=98%(n200)  rnd5=100%(n200)  rnd6=100%(n200)  rnd7=98%(n200)  rnd8=100%(n200)  rnd9=100%(n200)
          └ 이동 분포: straight=70%  left=15%  right=15%
Ep 23000/30000 | R= -211.0 | Fuel=718.7mL | Wait= 223s | Steps=48.1 | Reach=92% | ε=0.050 | Loss=186.541 | t=13568s
          ├ 토폴로지 도달률(최근50): gangnam_clean_topology=94%
          ├ OD별 도달률(최근200): rnd0=100%(n200)  rnd1=8%(n200)  rnd10=100%(n200)  rnd11=100%(n200)  rnd12=100%(n200)  rnd13=100%(n200)  rnd14=99%(n200)  rnd15=100%(n200)  rnd16=3%(n200)  rnd17=99%(n200)  rnd18=100%(n200)  rnd19=100%(n200)  rnd2=100%(n200)  rnd20=100%(n200)  rnd21=100%(n200)  rnd22=100%(n200)  rnd23=100%(n200)  rnd24=100%(n200)  rnd25=100%(n200)  rnd26=99%(n200)  rnd27=100%(n200)  rnd28=100%(n200)  rnd29=100%(n200)  rnd3=100%(n200)  rnd4=98%(n200)  rnd5=100%(n200)  rnd6=100%(n200)  rnd7=98%(n200)  rnd8=100%(n200)  rnd9=100%(n200)
          └ 이동 분포: straight=60%  left=22%  right=18%
Ep 23100/30000 | R=   83.5 | Fuel=608.7mL | Wait= 216s | Steps=37.9 | Reach=99% | ε=0.050 | Loss=194.463 | t=13594s
          ├ 토폴로지 도달률(최근50): gangnam_clean_topology=100%
          ├ OD별 도달률(최근200): rnd0=100%(n200)  rnd1=7%(n200)  rnd10=100%(n200)  rnd11=100%(n200)  rnd12=100%(n200)  rnd13=100%(n200)  rnd14=99%(n200)  rnd15=100%(n200)  rnd16=3%(n200)  rnd17=99%(n200)  rnd18=100%(n200)  rnd19=100%(n200)  rnd2=100%(n200)  rnd20=100%(n200)  rnd21=100%(n200)  rnd22=100%(n200)  rnd23=100%(n200)  rnd24=100%(n200)  rnd25=100%(n200)  rnd26=99%(n200)  rnd27=100%(n200)  rnd28=100%(n200)  rnd29=100%(n200)  rnd3=100%(n200)  rnd4=98%(n200)  rnd5=100%(n200)  rnd6=100%(n200)  rnd7=98%(n200)  rnd8=100%(n200)  rnd9=100%(n200)
          └ 이동 분포: straight=67%  left=16%  right=16%
Ep 23200/30000 | R= -169.9 | Fuel=726.7mL | Wait= 274s | Steps=44.9 | Reach=90% | ε=0.050 | Loss=205.085 | t=13624s
          ├ 토폴로지 도달률(최근50): gangnam_clean_topology=86%
          ├ OD별 도달률(최근200): rnd0=100%(n200)  rnd1=7%(n200)  rnd10=100%(n200)  rnd11=100%(n200)  rnd12=100%(n200)  rnd13=100%(n200)  rnd14=98%(n200)  rnd15=100%(n200)  rnd16=3%(n200)  rnd17=99%(n200)  rnd18=100%(n200)  rnd19=100%(n200)  rnd2=100%(n200)  rnd20=100%(n200)  rnd21=100%(n200)  rnd22=100%(n200)  rnd23=100%(n200)  rnd24=100%(n200)  rnd25=100%(n200)  rnd26=99%(n200)  rnd27=100%(n200)  rnd28=100%(n200)  rnd29=100%(n200)  rnd3=100%(n200)  rnd4=98%(n200)  rnd5=100%(n200)  rnd6=100%(n200)  rnd7=98%(n200)  rnd8=100%(n200)  rnd9=100%(n200)
          └ 이동 분포: straight=68%  left=16%  right=16%
Ep 23300/30000 | R= -181.6 | Fuel=727.3mL | Wait= 254s | Steps=46.1 | Reach=93% | ε=0.050 | Loss=208.609 | t=13655s
          ├ 토폴로지 도달률(최근50): gangnam_clean_topology=94%
          ├ OD별 도달률(최근200): rnd0=100%(n200)  rnd1=6%(n200)  rnd10=100%(n200)  rnd11=100%(n200)  rnd12=100%(n200)  rnd13=100%(n200)  rnd14=98%(n200)  rnd15=100%(n200)  rnd16=3%(n200)  rnd17=99%(n200)  rnd18=100%(n200)  rnd19=100%(n200)  rnd2=100%(n200)  rnd20=100%(n200)  rnd21=100%(n200)  rnd22=100%(n200)  rnd23=100%(n200)  rnd24=100%(n200)  rnd25=100%(n200)  rnd26=99%(n200)  rnd27=100%(n200)  rnd28=100%(n200)  rnd29=100%(n200)  rnd3=100%(n200)  rnd4=98%(n200)  rnd5=100%(n200)  rnd6=100%(n200)  rnd7=98%(n200)  rnd8=100%(n200)  rnd9=100%(n200)
          └ 이동 분포: straight=62%  left=19%  right=19%
Ep 23400/30000 | R=  -20.9 | Fuel=660.7mL | Wait= 230s | Steps=40.5 | Reach=95% | ε=0.050 | Loss=204.937 | t=13682s
          ├ 토폴로지 도달률(최근50): gangnam_clean_topology=96%
          ├ OD별 도달률(최근200): rnd0=100%(n200)  rnd1=6%(n200)  rnd10=100%(n200)  rnd11=100%(n200)  rnd12=100%(n200)  rnd13=100%(n200)  rnd14=98%(n200)  rnd15=100%(n200)  rnd16=3%(n200)  rnd17=99%(n200)  rnd18=100%(n200)  rnd19=100%(n200)  rnd2=100%(n200)  rnd20=100%(n200)  rnd21=100%(n200)  rnd22=100%(n200)  rnd23=100%(n200)  rnd24=100%(n200)  rnd25=100%(n200)  rnd26=99%(n200)  rnd27=100%(n200)  rnd28=100%(n200)  rnd29=100%(n200)  rnd3=100%(n200)  rnd4=98%(n200)  rnd5=100%(n200)  rnd6=100%(n200)  rnd7=98%(n200)  rnd8=100%(n200)  rnd9=100%(n200)
          └ 이동 분포: straight=69%  left=16%  right=15%
Ep 23500/30000 | R=  -57.6 | Fuel=667.4mL | Wait= 242s | Steps=42.1 | Reach=89% | ε=0.050 | Loss=200.361 | t=13710s
          ├ 토폴로지 도달률(최근50): gangnam_clean_topology=94%
          ├ OD별 도달률(최근200): rnd0=100%(n200)  rnd1=6%(n200)  rnd10=100%(n200)  rnd11=100%(n200)  rnd12=100%(n200)  rnd13=100%(n200)  rnd14=98%(n200)  rnd15=100%(n200)  rnd16=2%(n200)  rnd17=100%(n200)  rnd18=100%(n200)  rnd19=100%(n200)  rnd2=100%(n200)  rnd20=100%(n200)  rnd21=100%(n200)  rnd22=100%(n200)  rnd23=100%(n200)  rnd24=100%(n200)  rnd25=100%(n200)  rnd26=99%(n200)  rnd27=100%(n200)  rnd28=100%(n200)  rnd29=100%(n200)  rnd3=100%(n200)  rnd4=98%(n200)  rnd5=100%(n200)  rnd6=100%(n200)  rnd7=98%(n200)  rnd8=100%(n200)  rnd9=100%(n200)
          └ 이동 분포: straight=68%  left=15%  right=16%
Ep 23600/30000 | R=   48.5 | Fuel=589.9mL | Wait= 213s | Steps=37.5 | Reach=93% | ε=0.050 | Loss=190.670 | t=13736s
          ├ 토폴로지 도달률(최근50): gangnam_clean_topology=90%
          ├ OD별 도달률(최근200): rnd0=100%(n200)  rnd1=6%(n200)  rnd10=100%(n200)  rnd11=100%(n200)  rnd12=100%(n200)  rnd13=100%(n200)  rnd14=98%(n200)  rnd15=100%(n200)  rnd16=2%(n200)  rnd17=100%(n200)  rnd18=100%(n200)  rnd19=100%(n200)  rnd2=100%(n200)  rnd20=100%(n200)  rnd21=100%(n200)  rnd22=100%(n200)  rnd23=100%(n200)  rnd24=100%(n200)  rnd25=100%(n200)  rnd26=99%(n200)  rnd27=100%(n200)  rnd28=100%(n200)  rnd29=100%(n200)  rnd3=100%(n200)  rnd4=98%(n200)  rnd5=100%(n200)  rnd6=100%(n200)  rnd7=98%(n200)  rnd8=100%(n200)  rnd9=100%(n200)
          └ 이동 분포: straight=68%  left=16%  right=16%
Ep 23700/30000 | R= -100.2 | Fuel=680.0mL | Wait= 241s | Steps=42.3 | Reach=91% | ε=0.050 | Loss=199.492 | t=13765s
          ├ 토폴로지 도달률(최근50): gangnam_clean_topology=90%
          ├ OD별 도달률(최근200): rnd0=100%(n200)  rnd1=6%(n200)  rnd10=100%(n200)  rnd11=100%(n200)  rnd12=100%(n200)  rnd13=100%(n200)  rnd14=98%(n200)  rnd15=100%(n200)  rnd16=2%(n200)  rnd17=100%(n200)  rnd18=100%(n200)  rnd19=100%(n200)  rnd2=100%(n200)  rnd20=100%(n200)  rnd21=100%(n200)  rnd22=100%(n200)  rnd23=100%(n200)  rnd24=100%(n200)  rnd25=100%(n200)  rnd26=99%(n200)  rnd27=100%(n200)  rnd28=100%(n200)  rnd29=100%(n200)  rnd3=100%(n200)  rnd4=98%(n200)  rnd5=100%(n200)  rnd6=100%(n200)  rnd7=98%(n200)  rnd8=100%(n200)  rnd9=100%(n200)
          └ 이동 분포: straight=66%  left=17%  right=18%
Ep 23800/30000 | R=   60.9 | Fuel=595.5mL | Wait= 212s | Steps=37.2 | Reach=92% | ε=0.050 | Loss=193.792 | t=13790s
          ├ 토폴로지 도달률(최근50): gangnam_clean_topology=94%
          ├ OD별 도달률(최근200): rnd0=100%(n200)  rnd1=6%(n200)  rnd10=100%(n200)  rnd11=100%(n200)  rnd12=100%(n200)  rnd13=100%(n200)  rnd14=98%(n200)  rnd15=100%(n200)  rnd16=2%(n200)  rnd17=100%(n200)  rnd18=100%(n200)  rnd19=100%(n200)  rnd2=100%(n200)  rnd20=100%(n200)  rnd21=100%(n200)  rnd22=100%(n200)  rnd23=100%(n200)  rnd24=100%(n200)  rnd25=100%(n200)  rnd26=99%(n200)  rnd27=100%(n200)  rnd28=100%(n200)  rnd29=100%(n200)  rnd3=100%(n200)  rnd4=98%(n200)  rnd5=100%(n200)  rnd6=100%(n200)  rnd7=98%(n200)  rnd8=100%(n200)  rnd9=100%(n200)
          └ 이동 분포: straight=68%  left=16%  right=16%
Ep 23900/30000 | R= -120.3 | Fuel=666.6mL | Wait= 250s | Steps=41.8 | Reach=92% | ε=0.050 | Loss=199.121 | t=13818s
          ├ 토폴로지 도달률(최근50): gangnam_clean_topology=86%
          ├ OD별 도달률(최근200): rnd0=100%(n200)  rnd1=6%(n200)  rnd10=100%(n200)  rnd11=100%(n200)  rnd12=100%(n200)  rnd13=100%(n200)  rnd14=98%(n200)  rnd15=100%(n200)  rnd16=2%(n200)  rnd17=100%(n200)  rnd18=100%(n200)  rnd19=100%(n200)  rnd2=100%(n200)  rnd20=100%(n200)  rnd21=100%(n200)  rnd22=100%(n200)  rnd23=100%(n200)  rnd24=100%(n200)  rnd25=100%(n200)  rnd26=99%(n200)  rnd27=100%(n200)  rnd28=100%(n200)  rnd29=100%(n200)  rnd3=100%(n200)  rnd4=98%(n200)  rnd5=100%(n200)  rnd6=100%(n200)  rnd7=97%(n200)  rnd8=100%(n200)  rnd9=100%(n200)
          └ 이동 분포: straight=67%  left=16%  right=18%
Ep 24000/30000 | R=   43.8 | Fuel=618.4mL | Wait= 225s | Steps=38.8 | Reach=95% | ε=0.050 | Loss=192.138 | t=13844s
          ├ 토폴로지 도달률(최근50): gangnam_clean_topology=94%
          ├ OD별 도달률(최근200): rnd0=100%(n200)  rnd1=6%(n200)  rnd10=100%(n200)  rnd11=100%(n200)  rnd12=100%(n200)  rnd13=100%(n200)  rnd14=98%(n200)  rnd15=100%(n200)  rnd16=3%(n200)  rnd17=100%(n200)  rnd18=100%(n200)  rnd19=100%(n200)  rnd2=100%(n200)  rnd20=100%(n200)  rnd21=100%(n200)  rnd22=100%(n200)  rnd23=100%(n200)  rnd24=100%(n200)  rnd25=100%(n200)  rnd26=99%(n200)  rnd27=100%(n200)  rnd28=100%(n200)  rnd29=100%(n200)  rnd3=100%(n200)  rnd4=98%(n200)  rnd5=100%(n200)  rnd6=100%(n200)  rnd7=97%(n200)  rnd8=100%(n200)  rnd9=100%(n200)
          └ 이동 분포: straight=67%  left=15%  right=17%
Ep 24100/30000 | R=  -84.0 | Fuel=670.1mL | Wait= 237s | Steps=41.6 | Reach=89% | ε=0.050 | Loss=201.278 | t=13872s
          ├ 토폴로지 도달률(최근50): gangnam_clean_topology=92%
          ├ OD별 도달률(최근200): rnd0=100%(n200)  rnd1=6%(n200)  rnd10=100%(n200)  rnd11=100%(n200)  rnd12=100%(n200)  rnd13=100%(n200)  rnd14=98%(n200)  rnd15=100%(n200)  rnd16=3%(n200)  rnd17=100%(n200)  rnd18=100%(n200)  rnd19=100%(n200)  rnd2=100%(n200)  rnd20=100%(n200)  rnd21=100%(n200)  rnd22=100%(n200)  rnd23=100%(n200)  rnd24=100%(n200)  rnd25=100%(n200)  rnd26=99%(n200)  rnd27=100%(n200)  rnd28=100%(n200)  rnd29=100%(n200)  rnd3=100%(n200)  rnd4=98%(n200)  rnd5=100%(n200)  rnd6=100%(n200)  rnd7=97%(n200)  rnd8=100%(n200)  rnd9=100%(n200)
          └ 이동 분포: straight=65%  left=15%  right=20%
Ep 24200/30000 | R=   92.1 | Fuel=583.2mL | Wait= 198s | Steps=36.6 | Reach=95% | ε=0.050 | Loss=196.240 | t=13896s
          ├ 토폴로지 도달률(최근50): gangnam_clean_topology=96%
          ├ OD별 도달률(최근200): rnd0=100%(n200)  rnd1=6%(n200)  rnd10=100%(n200)  rnd11=100%(n200)  rnd12=100%(n200)  rnd13=100%(n200)  rnd14=98%(n200)  rnd15=100%(n200)  rnd16=3%(n200)  rnd17=100%(n200)  rnd18=100%(n200)  rnd19=100%(n200)  rnd2=100%(n200)  rnd20=100%(n200)  rnd21=100%(n200)  rnd22=100%(n200)  rnd23=100%(n200)  rnd24=100%(n200)  rnd25=100%(n200)  rnd26=99%(n200)  rnd27=100%(n200)  rnd28=100%(n200)  rnd29=100%(n200)  rnd3=100%(n200)  rnd4=98%(n200)  rnd5=100%(n200)  rnd6=100%(n200)  rnd7=97%(n200)  rnd8=100%(n200)  rnd9=100%(n200)
          └ 이동 분포: straight=68%  left=15%  right=16%
Ep 24300/30000 | R=  -89.7 | Fuel=683.0mL | Wait= 246s | Steps=42.3 | Reach=90% | ε=0.050 | Loss=186.475 | t=13926s
          ├ 토폴로지 도달률(최근50): gangnam_clean_topology=92%
          ├ OD별 도달률(최근200): rnd0=100%(n200)  rnd1=7%(n200)  rnd10=100%(n200)  rnd11=100%(n200)  rnd12=100%(n200)  rnd13=100%(n200)  rnd14=98%(n200)  rnd15=100%(n200)  rnd16=3%(n200)  rnd17=100%(n200)  rnd18=100%(n200)  rnd19=100%(n200)  rnd2=100%(n200)  rnd20=100%(n200)  rnd21=100%(n200)  rnd22=100%(n200)  rnd23=100%(n200)  rnd24=100%(n200)  rnd25=100%(n200)  rnd26=99%(n200)  rnd27=100%(n200)  rnd28=100%(n200)  rnd29=100%(n200)  rnd3=100%(n200)  rnd4=98%(n200)  rnd5=100%(n200)  rnd6=100%(n200)  rnd7=97%(n200)  rnd8=100%(n200)  rnd9=100%(n200)
          └ 이동 분포: straight=66%  left=17%  right=17%
Ep 24400/30000 | R=   22.3 | Fuel=606.4mL | Wait= 241s | Steps=37.6 | Reach=92% | ε=0.050 | Loss=189.779 | t=13951s
          ├ 토폴로지 도달률(최근50): gangnam_clean_topology=94%
          ├ OD별 도달률(최근200): rnd0=100%(n200)  rnd1=7%(n200)  rnd10=100%(n200)  rnd11=100%(n200)  rnd12=100%(n200)  rnd13=100%(n200)  rnd14=98%(n200)  rnd15=100%(n200)  rnd16=3%(n200)  rnd17=100%(n200)  rnd18=100%(n200)  rnd19=100%(n200)  rnd2=100%(n200)  rnd20=100%(n200)  rnd21=100%(n200)  rnd22=100%(n200)  rnd23=100%(n200)  rnd24=100%(n200)  rnd25=100%(n200)  rnd26=99%(n200)  rnd27=100%(n200)  rnd28=100%(n200)  rnd29=100%(n200)  rnd3=100%(n200)  rnd4=98%(n200)  rnd5=100%(n200)  rnd6=100%(n200)  rnd7=97%(n200)  rnd8=100%(n200)  rnd9=100%(n200)
          └ 이동 분포: straight=70%  left=15%  right=15%
Ep 24500/30000 | R=   74.4 | Fuel=598.6mL | Wait= 172s | Steps=37.3 | Reach=95% | ε=0.050 | Loss=181.995 | t=13977s
          ├ 토폴로지 도달률(최근50): gangnam_clean_topology=96%
          ├ OD별 도달률(최근200): rnd0=100%(n200)  rnd1=7%(n200)  rnd10=100%(n200)  rnd11=100%(n200)  rnd12=100%(n200)  rnd13=100%(n200)  rnd14=98%(n200)  rnd15=100%(n200)  rnd16=2%(n200)  rnd17=100%(n200)  rnd18=100%(n200)  rnd19=100%(n200)  rnd2=100%(n200)  rnd20=100%(n200)  rnd21=100%(n200)  rnd22=100%(n200)  rnd23=100%(n200)  rnd24=100%(n200)  rnd25=100%(n200)  rnd26=99%(n200)  rnd27=100%(n200)  rnd28=100%(n200)  rnd29=100%(n200)  rnd3=100%(n200)  rnd4=98%(n200)  rnd5=100%(n200)  rnd6=100%(n200)  rnd7=97%(n200)  rnd8=100%(n200)  rnd9=100%(n200)
          └ 이동 분포: straight=67%  left=16%  right=16%
Ep 24600/30000 | R=   33.8 | Fuel=629.7mL | Wait= 220s | Steps=38.3 | Reach=92% | ε=0.050 | Loss=178.726 | t=14003s
          ├ 토폴로지 도달률(최근50): gangnam_clean_topology=90%
          ├ OD별 도달률(최근200): rnd0=100%(n200)  rnd1=7%(n200)  rnd10=100%(n200)  rnd11=100%(n200)  rnd12=100%(n200)  rnd13=100%(n200)  rnd14=98%(n200)  rnd15=100%(n200)  rnd16=2%(n200)  rnd17=100%(n200)  rnd18=100%(n200)  rnd19=100%(n200)  rnd2=100%(n200)  rnd20=100%(n200)  rnd21=100%(n200)  rnd22=100%(n200)  rnd23=100%(n200)  rnd24=100%(n200)  rnd25=100%(n200)  rnd26=99%(n200)  rnd27=100%(n200)  rnd28=100%(n200)  rnd29=100%(n200)  rnd3=100%(n200)  rnd4=98%(n200)  rnd5=100%(n200)  rnd6=100%(n200)  rnd7=97%(n200)  rnd8=100%(n200)  rnd9=100%(n200)
          └ 이동 분포: straight=68%  left=15%  right=17%
Ep 24700/30000 | R=  -39.9 | Fuel=635.0mL | Wait= 211s | Steps=39.5 | Reach=91% | ε=0.050 | Loss=172.194 | t=14030s
          ├ 토폴로지 도달률(최근50): gangnam_clean_topology=90%
          ├ OD별 도달률(최근200): rnd0=100%(n200)  rnd1=7%(n200)  rnd10=100%(n200)  rnd11=100%(n200)  rnd12=100%(n200)  rnd13=100%(n200)  rnd14=98%(n200)  rnd15=100%(n200)  rnd16=2%(n200)  rnd17=100%(n200)  rnd18=100%(n200)  rnd19=100%(n200)  rnd2=100%(n200)  rnd20=100%(n200)  rnd21=100%(n200)  rnd22=100%(n200)  rnd23=100%(n200)  rnd24=100%(n200)  rnd25=100%(n200)  rnd26=99%(n200)  rnd27=100%(n200)  rnd28=100%(n200)  rnd29=100%(n200)  rnd3=100%(n200)  rnd4=98%(n200)  rnd5=100%(n200)  rnd6=100%(n200)  rnd7=97%(n200)  rnd8=100%(n200)  rnd9=100%(n200)
          └ 이동 분포: straight=67%  left=16%  right=17%
Ep 24800/30000 | R=  -28.4 | Fuel=596.4mL | Wait= 215s | Steps=38.6 | Reach=89% | ε=0.050 | Loss=172.352 | t=14056s
          ├ 토폴로지 도달률(최근50): gangnam_clean_topology=94%
          ├ OD별 도달률(최근200): rnd0=100%(n200)  rnd1=6%(n200)  rnd10=100%(n200)  rnd11=100%(n200)  rnd12=100%(n200)  rnd13=100%(n200)  rnd14=98%(n200)  rnd15=100%(n200)  rnd16=2%(n200)  rnd17=100%(n200)  rnd18=100%(n200)  rnd19=100%(n200)  rnd2=100%(n200)  rnd20=100%(n200)  rnd21=100%(n200)  rnd22=100%(n200)  rnd23=100%(n200)  rnd24=100%(n200)  rnd25=100%(n200)  rnd26=99%(n200)  rnd27=100%(n200)  rnd28=100%(n200)  rnd29=100%(n200)  rnd3=100%(n200)  rnd4=98%(n200)  rnd5=100%(n200)  rnd6=100%(n200)  rnd7=97%(n200)  rnd8=100%(n200)  rnd9=100%(n200)
          └ 이동 분포: straight=66%  left=18%  right=17%
Ep 24900/30000 | R=   27.6 | Fuel=615.4mL | Wait= 211s | Steps=38.4 | Reach=95% | ε=0.050 | Loss=162.289 | t=14082s
          ├ 토폴로지 도달률(최근50): gangnam_clean_topology=94%
          ├ OD별 도달률(최근200): rnd0=100%(n200)  rnd1=6%(n200)  rnd10=100%(n200)  rnd11=100%(n200)  rnd12=100%(n200)  rnd13=100%(n200)  rnd14=98%(n200)  rnd15=100%(n200)  rnd16=2%(n200)  rnd17=100%(n200)  rnd18=100%(n200)  rnd19=100%(n200)  rnd2=100%(n200)  rnd20=100%(n200)  rnd21=100%(n200)  rnd22=100%(n200)  rnd23=100%(n200)  rnd24=100%(n200)  rnd25=100%(n200)  rnd26=99%(n200)  rnd27=100%(n200)  rnd28=100%(n200)  rnd29=100%(n200)  rnd3=100%(n200)  rnd4=98%(n200)  rnd5=100%(n200)  rnd6=100%(n200)  rnd7=97%(n200)  rnd8=100%(n200)  rnd9=100%(n200)
          └ 이동 분포: straight=66%  left=17%  right=17%
Ep 25000/30000 | R=    4.3 | Fuel=666.8mL | Wait= 220s | Steps=40.9 | Reach=94% | ε=0.050 | Loss=167.038 | t=14110s
          ├ 토폴로지 도달률(최근50): gangnam_clean_topology=96%
          ├ OD별 도달률(최근200): rnd0=100%(n200)  rnd1=6%(n200)  rnd10=100%(n200)  rnd11=100%(n200)  rnd12=100%(n200)  rnd13=100%(n200)  rnd14=98%(n200)  rnd15=100%(n200)  rnd16=3%(n200)  rnd17=100%(n200)  rnd18=100%(n200)  rnd19=100%(n200)  rnd2=100%(n200)  rnd20=100%(n200)  rnd21=100%(n200)  rnd22=100%(n200)  rnd23=100%(n200)  rnd24=100%(n200)  rnd25=100%(n200)  rnd26=100%(n200)  rnd27=100%(n200)  rnd28=100%(n200)  rnd29=100%(n200)  rnd3=100%(n200)  rnd4=98%(n200)  rnd5=100%(n200)  rnd6=100%(n200)  rnd7=97%(n200)  rnd8=100%(n200)  rnd9=100%(n200)
          └ 이동 분포: straight=69%  left=15%  right=15%
  [체크포인트] model_rl_signal_attention_ep25000.pth
Ep 25100/30000 | R=    3.5 | Fuel=597.0mL | Wait= 199s | Steps=39.5 | Reach=95% | ε=0.050 | Loss=177.165 | t=14137s
          ├ 토폴로지 도달률(최근50): gangnam_clean_topology=94%
          ├ OD별 도달률(최근200): rnd0=100%(n200)  rnd1=6%(n200)  rnd10=100%(n200)  rnd11=100%(n200)  rnd12=100%(n200)  rnd13=100%(n200)  rnd14=98%(n200)  rnd15=100%(n200)  rnd16=3%(n200)  rnd17=100%(n200)  rnd18=100%(n200)  rnd19=100%(n200)  rnd2=100%(n200)  rnd20=100%(n200)  rnd21=100%(n200)  rnd22=100%(n200)  rnd23=100%(n200)  rnd24=100%(n200)  rnd25=100%(n200)  rnd26=100%(n200)  rnd27=100%(n200)  rnd28=100%(n200)  rnd29=100%(n200)  rnd3=100%(n200)  rnd4=98%(n200)  rnd5=100%(n200)  rnd6=100%(n200)  rnd7=97%(n200)  rnd8=100%(n200)  rnd9=100%(n200)
          └ 이동 분포: straight=61%  left=19%  right=20%
Ep 25200/30000 | R=  -21.6 | Fuel=629.8mL | Wait= 207s | Steps=38.9 | Reach=90% | ε=0.050 | Loss=165.769 | t=14163s
          ├ 토폴로지 도달률(최근50): gangnam_clean_topology=96%
          ├ OD별 도달률(최근200): rnd0=100%(n200)  rnd1=6%(n200)  rnd10=100%(n200)  rnd11=100%(n200)  rnd12=100%(n200)  rnd13=100%(n200)  rnd14=98%(n200)  rnd15=100%(n200)  rnd16=3%(n200)  rnd17=100%(n200)  rnd18=100%(n200)  rnd19=100%(n200)  rnd2=100%(n200)  rnd20=100%(n200)  rnd21=100%(n200)  rnd22=100%(n200)  rnd23=100%(n200)  rnd24=100%(n200)  rnd25=100%(n200)  rnd26=100%(n200)  rnd27=100%(n200)  rnd28=100%(n200)  rnd29=100%(n200)  rnd3=100%(n200)  rnd4=98%(n200)  rnd5=100%(n200)  rnd6=100%(n200)  rnd7=97%(n200)  rnd8=100%(n200)  rnd9=100%(n200)
          └ 이동 분포: straight=65%  left=17%  right=19%
Ep 25300/30000 | R=  -59.2 | Fuel=657.3mL | Wait= 239s | Steps=39.7 | Reach=91% | ε=0.050 | Loss=173.282 | t=14190s
          ├ 토폴로지 도달률(최근50): gangnam_clean_topology=92%
          ├ OD별 도달률(최근200): rnd0=100%(n200)  rnd1=6%(n200)  rnd10=100%(n200)  rnd11=100%(n200)  rnd12=100%(n200)  rnd13=100%(n200)  rnd14=98%(n200)  rnd15=100%(n200)  rnd16=3%(n200)  rnd17=100%(n200)  rnd18=100%(n200)  rnd19=100%(n200)  rnd2=100%(n200)  rnd20=100%(n200)  rnd21=100%(n200)  rnd22=100%(n200)  rnd23=100%(n200)  rnd24=100%(n200)  rnd25=100%(n200)  rnd26=100%(n200)  rnd27=100%(n200)  rnd28=100%(n200)  rnd29=100%(n200)  rnd3=100%(n200)  rnd4=98%(n200)  rnd5=100%(n200)  rnd6=100%(n200)  rnd7=97%(n200)  rnd8=100%(n200)  rnd9=100%(n200)
          └ 이동 분포: straight=66%  left=15%  right=18%
Ep 25400/30000 | R=  -12.2 | Fuel=623.2mL | Wait= 197s | Steps=39.6 | Reach=90% | ε=0.050 | Loss=166.418 | t=14217s
          ├ 토폴로지 도달률(최근50): gangnam_clean_topology=94%
          ├ OD별 도달률(최근200): rnd0=100%(n200)  rnd1=6%(n200)  rnd10=100%(n200)  rnd11=100%(n200)  rnd12=100%(n200)  rnd13=100%(n200)  rnd14=98%(n200)  rnd15=100%(n200)  rnd16=3%(n200)  rnd17=100%(n200)  rnd18=100%(n200)  rnd19=100%(n200)  rnd2=100%(n200)  rnd20=100%(n200)  rnd21=100%(n200)  rnd22=100%(n200)  rnd23=100%(n200)  rnd24=100%(n200)  rnd25=100%(n200)  rnd26=100%(n200)  rnd27=100%(n200)  rnd28=100%(n200)  rnd29=100%(n200)  rnd3=100%(n200)  rnd4=98%(n200)  rnd5=100%(n200)  rnd6=100%(n200)  rnd7=97%(n200)  rnd8=100%(n200)  rnd9=100%(n200)
          └ 이동 분포: straight=67%  left=16%  right=17%
Ep 25500/30000 | R=  -12.2 | Fuel=600.7mL | Wait= 233s | Steps=37.3 | Reach=92% | ε=0.050 | Loss=172.702 | t=14243s
          ├ 토폴로지 도달률(최근50): gangnam_clean_topology=92%
          ├ OD별 도달률(최근200): rnd0=100%(n200)  rnd1=6%(n200)  rnd10=100%(n200)  rnd11=100%(n200)  rnd12=100%(n200)  rnd13=100%(n200)  rnd14=98%(n200)  rnd15=100%(n200)  rnd16=3%(n200)  rnd17=100%(n200)  rnd18=100%(n200)  rnd19=100%(n200)  rnd2=100%(n200)  rnd20=100%(n200)  rnd21=100%(n200)  rnd22=100%(n200)  rnd23=100%(n200)  rnd24=100%(n200)  rnd25=100%(n200)  rnd26=100%(n200)  rnd27=100%(n200)  rnd28=100%(n200)  rnd29=100%(n200)  rnd3=100%(n200)  rnd4=98%(n200)  rnd5=100%(n200)  rnd6=100%(n200)  rnd7=96%(n200)  rnd8=100%(n200)  rnd9=100%(n200)
          └ 이동 분포: straight=66%  left=17%  right=17%
Ep 25600/30000 | R=  103.9 | Fuel=551.1mL | Wait= 206s | Steps=34.3 | Reach=93% | ε=0.050 | Loss=174.833 | t=14266s
          ├ 토폴로지 도달률(최근50): gangnam_clean_topology=96%
          ├ OD별 도달률(최근200): rnd0=100%(n200)  rnd1=6%(n200)  rnd10=100%(n200)  rnd11=100%(n200)  rnd12=100%(n200)  rnd13=100%(n200)  rnd14=98%(n200)  rnd15=100%(n200)  rnd16=3%(n200)  rnd17=100%(n200)  rnd18=100%(n200)  rnd19=100%(n200)  rnd2=100%(n200)  rnd20=100%(n200)  rnd21=100%(n200)  rnd22=100%(n200)  rnd23=100%(n200)  rnd24=100%(n200)  rnd25=100%(n200)  rnd26=100%(n200)  rnd27=100%(n200)  rnd28=100%(n200)  rnd29=100%(n200)  rnd3=100%(n200)  rnd4=98%(n200)  rnd5=100%(n200)  rnd6=100%(n200)  rnd7=96%(n200)  rnd8=100%(n200)  rnd9=100%(n200)
          └ 이동 분포: straight=69%  left=15%  right=16%
Ep 25700/30000 | R=  -62.1 | Fuel=630.3mL | Wait= 204s | Steps=39.4 | Reach=95% | ε=0.050 | Loss=165.032 | t=14293s
          ├ 토폴로지 도달률(최근50): gangnam_clean_topology=98%
          ├ OD별 도달률(최근200): rnd0=100%(n200)  rnd1=6%(n200)  rnd10=100%(n200)  rnd11=100%(n200)  rnd12=100%(n200)  rnd13=100%(n200)  rnd14=98%(n200)  rnd15=100%(n200)  rnd16=3%(n200)  rnd17=100%(n200)  rnd18=100%(n200)  rnd19=100%(n200)  rnd2=100%(n200)  rnd20=100%(n200)  rnd21=100%(n200)  rnd22=100%(n200)  rnd23=100%(n200)  rnd24=100%(n200)  rnd25=100%(n200)  rnd26=100%(n200)  rnd27=100%(n200)  rnd28=100%(n200)  rnd29=100%(n200)  rnd3=100%(n200)  rnd4=98%(n200)  rnd5=100%(n200)  rnd6=100%(n200)  rnd7=96%(n200)  rnd8=100%(n200)  rnd9=100%(n200)
          └ 이동 분포: straight=65%  left=18%  right=18%
Ep 25800/30000 | R=   62.4 | Fuel=586.5mL | Wait= 189s | Steps=37.5 | Reach=93% | ε=0.050 | Loss=167.003 | t=14319s
          ├ 토폴로지 도달률(최근50): gangnam_clean_topology=94%
          ├ OD별 도달률(최근200): rnd0=100%(n200)  rnd1=6%(n200)  rnd10=100%(n200)  rnd11=100%(n200)  rnd12=100%(n200)  rnd13=100%(n200)  rnd14=99%(n200)  rnd15=100%(n200)  rnd16=3%(n200)  rnd17=100%(n200)  rnd18=100%(n200)  rnd19=100%(n200)  rnd2=100%(n200)  rnd20=100%(n200)  rnd21=100%(n200)  rnd22=100%(n200)  rnd23=100%(n200)  rnd24=100%(n200)  rnd25=100%(n200)  rnd26=100%(n200)  rnd27=100%(n200)  rnd28=100%(n200)  rnd29=100%(n200)  rnd3=100%(n200)  rnd4=98%(n200)  rnd5=100%(n200)  rnd6=100%(n200)  rnd7=96%(n200)  rnd8=100%(n200)  rnd9=100%(n200)
          └ 이동 분포: straight=67%  left=17%  right=16%
Ep 25900/30000 | R=  -72.5 | Fuel=697.2mL | Wait= 246s | Steps=43.1 | Reach=95% | ε=0.050 | Loss=178.068 | t=14348s
          ├ 토폴로지 도달률(최근50): gangnam_clean_topology=96%
          ├ OD별 도달률(최근200): rnd0=100%(n200)  rnd1=6%(n200)  rnd10=100%(n200)  rnd11=100%(n200)  rnd12=100%(n200)  rnd13=100%(n200)  rnd14=99%(n200)  rnd15=100%(n200)  rnd16=3%(n200)  rnd17=100%(n200)  rnd18=100%(n200)  rnd19=100%(n200)  rnd2=100%(n200)  rnd20=100%(n200)  rnd21=100%(n200)  rnd22=100%(n200)  rnd23=100%(n200)  rnd24=100%(n200)  rnd25=100%(n200)  rnd26=100%(n200)  rnd27=100%(n200)  rnd28=100%(n200)  rnd29=100%(n200)  rnd3=100%(n200)  rnd4=99%(n200)  rnd5=100%(n200)  rnd6=100%(n200)  rnd7=96%(n200)  rnd8=100%(n200)  rnd9=100%(n200)
          └ 이동 분포: straight=66%  left=17%  right=17%
Ep 26000/30000 | R=   32.0 | Fuel=612.0mL | Wait= 207s | Steps=38.0 | Reach=92% | ε=0.050 | Loss=173.688 | t=14374s
          ├ 토폴로지 도달률(최근50): gangnam_clean_topology=90%
          ├ OD별 도달률(최근200): rnd0=100%(n200)  rnd1=5%(n200)  rnd10=100%(n200)  rnd11=100%(n200)  rnd12=100%(n200)  rnd13=100%(n200)  rnd14=99%(n200)  rnd15=100%(n200)  rnd16=3%(n200)  rnd17=100%(n200)  rnd18=100%(n200)  rnd19=100%(n200)  rnd2=100%(n200)  rnd20=100%(n200)  rnd21=100%(n200)  rnd22=100%(n200)  rnd23=100%(n200)  rnd24=100%(n200)  rnd25=100%(n200)  rnd26=100%(n200)  rnd27=100%(n200)  rnd28=100%(n200)  rnd29=100%(n200)  rnd3=100%(n200)  rnd4=99%(n200)  rnd5=100%(n200)  rnd6=100%(n200)  rnd7=96%(n200)  rnd8=100%(n200)  rnd9=100%(n200)
          └ 이동 분포: straight=66%  left=18%  right=16%
Ep 26100/30000 | R=  130.4 | Fuel=535.3mL | Wait= 175s | Steps=33.7 | Reach=94% | ε=0.050 | Loss=171.845 | t=14397s
          ├ 토폴로지 도달률(최근50): gangnam_clean_topology=96%
          ├ OD별 도달률(최근200): rnd0=100%(n200)  rnd1=4%(n200)  rnd10=100%(n200)  rnd11=100%(n200)  rnd12=100%(n200)  rnd13=100%(n200)  rnd14=99%(n200)  rnd15=100%(n200)  rnd16=3%(n200)  rnd17=100%(n200)  rnd18=100%(n200)  rnd19=100%(n200)  rnd2=100%(n200)  rnd20=100%(n200)  rnd21=100%(n200)  rnd22=100%(n200)  rnd23=100%(n200)  rnd24=100%(n200)  rnd25=100%(n200)  rnd26=100%(n200)  rnd27=100%(n200)  rnd28=100%(n200)  rnd29=100%(n200)  rnd3=100%(n200)  rnd4=99%(n200)  rnd5=100%(n200)  rnd6=100%(n200)  rnd7=96%(n200)  rnd8=100%(n200)  rnd9=100%(n200)
          └ 이동 분포: straight=67%  left=17%  right=16%
Ep 26200/30000 | R=   -9.1 | Fuel=672.2mL | Wait= 244s | Steps=41.2 | Reach=96% | ε=0.050 | Loss=166.570 | t=14425s
          ├ 토폴로지 도달률(최근50): gangnam_clean_topology=94%
          ├ OD별 도달률(최근200): rnd0=100%(n200)  rnd1=4%(n200)  rnd10=100%(n200)  rnd11=100%(n200)  rnd12=100%(n200)  rnd13=100%(n200)  rnd14=99%(n200)  rnd15=100%(n200)  rnd16=3%(n200)  rnd17=100%(n200)  rnd18=100%(n200)  rnd19=100%(n200)  rnd2=100%(n200)  rnd20=100%(n200)  rnd21=100%(n200)  rnd22=100%(n200)  rnd23=100%(n200)  rnd24=100%(n200)  rnd25=100%(n200)  rnd26=100%(n200)  rnd27=100%(n200)  rnd28=100%(n200)  rnd29=100%(n200)  rnd3=100%(n200)  rnd4=99%(n200)  rnd5=100%(n200)  rnd6=100%(n200)  rnd7=96%(n200)  rnd8=100%(n200)  rnd9=100%(n200)
          └ 이동 분포: straight=68%  left=14%  right=18%
Ep 26300/30000 | R=  111.4 | Fuel=585.8mL | Wait= 204s | Steps=37.5 | Reach=96% | ε=0.050 | Loss=161.599 | t=14450s
          ├ 토폴로지 도달률(최근50): gangnam_clean_topology=98%
          ├ OD별 도달률(최근200): rnd0=100%(n200)  rnd1=4%(n200)  rnd10=100%(n200)  rnd11=100%(n200)  rnd12=100%(n200)  rnd13=100%(n200)  rnd14=99%(n200)  rnd15=100%(n200)  rnd16=3%(n200)  rnd17=100%(n200)  rnd18=100%(n200)  rnd19=100%(n200)  rnd2=100%(n200)  rnd20=100%(n200)  rnd21=100%(n200)  rnd22=100%(n200)  rnd23=100%(n200)  rnd24=100%(n200)  rnd25=100%(n200)  rnd26=100%(n200)  rnd27=100%(n200)  rnd28=100%(n200)  rnd29=100%(n200)  rnd3=100%(n200)  rnd4=99%(n200)  rnd5=100%(n200)  rnd6=100%(n200)  rnd7=96%(n200)  rnd8=100%(n200)  rnd9=100%(n200)
          └ 이동 분포: straight=71%  left=14%  right=15%
Ep 26400/30000 | R=   84.9 | Fuel=612.0mL | Wait= 206s | Steps=38.4 | Reach=99% | ε=0.050 | Loss=157.497 | t=14476s
          ├ 토폴로지 도달률(최근50): gangnam_clean_topology=100%
          ├ OD별 도달률(최근200): rnd0=100%(n200)  rnd1=5%(n200)  rnd10=100%(n200)  rnd11=100%(n200)  rnd12=100%(n200)  rnd13=100%(n200)  rnd14=99%(n200)  rnd15=100%(n200)  rnd16=3%(n200)  rnd17=100%(n200)  rnd18=100%(n200)  rnd19=100%(n200)  rnd2=100%(n200)  rnd20=100%(n200)  rnd21=100%(n200)  rnd22=100%(n200)  rnd23=100%(n200)  rnd24=100%(n200)  rnd25=100%(n200)  rnd26=100%(n200)  rnd27=100%(n200)  rnd28=100%(n200)  rnd29=100%(n200)  rnd3=100%(n200)  rnd4=99%(n200)  rnd5=100%(n200)  rnd6=100%(n200)  rnd7=96%(n200)  rnd8=100%(n200)  rnd9=100%(n200)
          └ 이동 분포: straight=68%  left=15%  right=17%
Ep 26500/30000 | R=   81.6 | Fuel=586.2mL | Wait= 209s | Steps=36.5 | Reach=95% | ε=0.050 | Loss=155.565 | t=14501s
          ├ 토폴로지 도달률(최근50): gangnam_clean_topology=94%
          ├ OD별 도달률(최근200): rnd0=100%(n200)  rnd1=5%(n200)  rnd10=100%(n200)  rnd11=100%(n200)  rnd12=100%(n200)  rnd13=100%(n200)  rnd14=99%(n200)  rnd15=100%(n200)  rnd16=3%(n200)  rnd17=100%(n200)  rnd18=100%(n200)  rnd19=100%(n200)  rnd2=100%(n200)  rnd20=100%(n200)  rnd21=100%(n200)  rnd22=100%(n200)  rnd23=100%(n200)  rnd24=100%(n200)  rnd25=100%(n200)  rnd26=100%(n200)  rnd27=100%(n200)  rnd28=100%(n200)  rnd29=100%(n200)  rnd3=100%(n200)  rnd4=99%(n200)  rnd5=100%(n200)  rnd6=100%(n200)  rnd7=96%(n200)  rnd8=100%(n200)  rnd9=100%(n200)
          └ 이동 분포: straight=70%  left=15%  right=16%
Ep 26600/30000 | R=   66.0 | Fuel=586.5mL | Wait= 212s | Steps=36.9 | Reach=93% | ε=0.050 | Loss=156.513 | t=14527s
          ├ 토폴로지 도달률(최근50): gangnam_clean_topology=90%
          ├ OD별 도달률(최근200): rnd0=100%(n200)  rnd1=5%(n200)  rnd10=100%(n200)  rnd11=100%(n200)  rnd12=100%(n200)  rnd13=100%(n200)  rnd14=99%(n200)  rnd15=100%(n200)  rnd16=3%(n200)  rnd17=100%(n200)  rnd18=100%(n200)  rnd19=100%(n200)  rnd2=100%(n200)  rnd20=100%(n200)  rnd21=100%(n200)  rnd22=100%(n200)  rnd23=100%(n200)  rnd24=100%(n200)  rnd25=100%(n200)  rnd26=100%(n200)  rnd27=100%(n200)  rnd28=100%(n200)  rnd29=100%(n200)  rnd3=100%(n200)  rnd4=99%(n200)  rnd5=100%(n200)  rnd6=100%(n200)  rnd7=96%(n200)  rnd8=100%(n200)  rnd9=100%(n200)
          └ 이동 분포: straight=68%  left=15%  right=17%
Ep 26700/30000 | R=   50.0 | Fuel=622.6mL | Wait= 226s | Steps=38.5 | Reach=96% | ε=0.050 | Loss=155.545 | t=14553s
          ├ 토폴로지 도달률(최근50): gangnam_clean_topology=92%
          ├ OD별 도달률(최근200): rnd0=100%(n200)  rnd1=5%(n200)  rnd10=100%(n200)  rnd11=100%(n200)  rnd12=100%(n200)  rnd13=100%(n200)  rnd14=99%(n200)  rnd15=100%(n200)  rnd16=3%(n200)  rnd17=100%(n200)  rnd18=100%(n200)  rnd19=100%(n200)  rnd2=100%(n200)  rnd20=100%(n200)  rnd21=100%(n200)  rnd22=100%(n200)  rnd23=100%(n200)  rnd24=100%(n200)  rnd25=100%(n200)  rnd26=100%(n200)  rnd27=100%(n200)  rnd28=100%(n200)  rnd29=100%(n200)  rnd3=100%(n200)  rnd4=99%(n200)  rnd5=100%(n200)  rnd6=100%(n200)  rnd7=96%(n200)  rnd8=100%(n200)  rnd9=100%(n200)
          └ 이동 분포: straight=70%  left=15%  right=15%
Ep 26800/30000 | R=   88.5 | Fuel=577.0mL | Wait= 204s | Steps=35.8 | Reach=92% | ε=0.050 | Loss=150.171 | t=14577s
          ├ 토폴로지 도달률(최근50): gangnam_clean_topology=98%
          ├ OD별 도달률(최근200): rnd0=100%(n200)  rnd1=4%(n200)  rnd10=100%(n200)  rnd11=100%(n200)  rnd12=100%(n200)  rnd13=100%(n200)  rnd14=99%(n200)  rnd15=100%(n200)  rnd16=3%(n200)  rnd17=100%(n200)  rnd18=100%(n200)  rnd19=100%(n200)  rnd2=100%(n200)  rnd20=100%(n200)  rnd21=100%(n200)  rnd22=100%(n200)  rnd23=100%(n200)  rnd24=100%(n200)  rnd25=100%(n200)  rnd26=100%(n200)  rnd27=100%(n200)  rnd28=100%(n200)  rnd29=100%(n200)  rnd3=100%(n200)  rnd4=99%(n200)  rnd5=100%(n200)  rnd6=100%(n200)  rnd7=96%(n200)  rnd8=100%(n200)  rnd9=100%(n200)
          └ 이동 분포: straight=70%  left=15%  right=15%
Ep 26900/30000 | R=   83.8 | Fuel=568.4mL | Wait= 183s | Steps=36.5 | Reach=96% | ε=0.050 | Loss=157.160 | t=14602s
          ├ 토폴로지 도달률(최근50): gangnam_clean_topology=98%
          ├ OD별 도달률(최근200): rnd0=100%(n200)  rnd1=4%(n200)  rnd10=100%(n200)  rnd11=100%(n200)  rnd12=100%(n200)  rnd13=100%(n200)  rnd14=99%(n200)  rnd15=100%(n200)  rnd16=3%(n200)  rnd17=100%(n200)  rnd18=100%(n200)  rnd19=100%(n200)  rnd2=100%(n200)  rnd20=100%(n200)  rnd21=100%(n200)  rnd22=100%(n200)  rnd23=100%(n200)  rnd24=100%(n200)  rnd25=100%(n200)  rnd26=100%(n200)  rnd27=100%(n200)  rnd28=100%(n200)  rnd29=100%(n200)  rnd3=100%(n200)  rnd4=99%(n200)  rnd5=100%(n200)  rnd6=100%(n200)  rnd7=96%(n200)  rnd8=100%(n200)  rnd9=100%(n200)
          └ 이동 분포: straight=68%  left=16%  right=16%
Ep 27000/30000 | R=  129.7 | Fuel=550.4mL | Wait= 194s | Steps=34.3 | Reach=93% | ε=0.050 | Loss=144.306 | t=14626s
          ├ 토폴로지 도달률(최근50): gangnam_clean_topology=94%
          ├ OD별 도달률(최근200): rnd0=100%(n200)  rnd1=4%(n200)  rnd10=100%(n200)  rnd11=100%(n200)  rnd12=100%(n200)  rnd13=100%(n200)  rnd14=99%(n200)  rnd15=100%(n200)  rnd16=3%(n200)  rnd17=100%(n200)  rnd18=100%(n200)  rnd19=100%(n200)  rnd2=100%(n200)  rnd20=100%(n200)  rnd21=100%(n200)  rnd22=100%(n200)  rnd23=100%(n200)  rnd24=100%(n200)  rnd25=100%(n200)  rnd26=100%(n200)  rnd27=100%(n200)  rnd28=100%(n200)  rnd29=100%(n200)  rnd3=100%(n200)  rnd4=99%(n200)  rnd5=100%(n200)  rnd6=100%(n200)  rnd7=96%(n200)  rnd8=100%(n200)  rnd9=100%(n200)
          └ 이동 분포: straight=70%  left=15%  right=15%
Ep 27100/30000 | R=   55.9 | Fuel=625.7mL | Wait= 228s | Steps=38.9 | Reach=95% | ε=0.050 | Loss=143.676 | t=14652s
          ├ 토폴로지 도달률(최근50): gangnam_clean_topology=94%
          ├ OD별 도달률(최근200): rnd0=100%(n200)  rnd1=4%(n200)  rnd10=100%(n200)  rnd11=100%(n200)  rnd12=100%(n200)  rnd13=100%(n200)  rnd14=99%(n200)  rnd15=100%(n200)  rnd16=3%(n200)  rnd17=100%(n200)  rnd18=100%(n200)  rnd19=100%(n200)  rnd2=100%(n200)  rnd20=100%(n200)  rnd21=100%(n200)  rnd22=100%(n200)  rnd23=100%(n200)  rnd24=100%(n200)  rnd25=100%(n200)  rnd26=100%(n200)  rnd27=100%(n200)  rnd28=100%(n200)  rnd29=100%(n200)  rnd3=100%(n200)  rnd4=99%(n200)  rnd5=100%(n200)  rnd6=100%(n200)  rnd7=96%(n200)  rnd8=100%(n200)  rnd9=100%(n200)
          └ 이동 분포: straight=70%  left=14%  right=16%
Ep 27200/30000 | R=   94.0 | Fuel=577.5mL | Wait= 195s | Steps=35.2 | Reach=92% | ε=0.050 | Loss=141.371 | t=14677s
          ├ 토폴로지 도달률(최근50): gangnam_clean_topology=92%
          ├ OD별 도달률(최근200): rnd0=100%(n200)  rnd1=4%(n200)  rnd10=100%(n200)  rnd11=100%(n200)  rnd12=100%(n200)  rnd13=100%(n200)  rnd14=99%(n200)  rnd15=100%(n200)  rnd16=3%(n200)  rnd17=100%(n200)  rnd18=100%(n200)  rnd19=100%(n200)  rnd2=100%(n200)  rnd20=100%(n200)  rnd21=100%(n200)  rnd22=100%(n200)  rnd23=100%(n200)  rnd24=100%(n200)  rnd25=100%(n200)  rnd26=100%(n200)  rnd27=100%(n200)  rnd28=100%(n200)  rnd29=100%(n200)  rnd3=100%(n200)  rnd4=99%(n200)  rnd5=100%(n200)  rnd6=100%(n200)  rnd7=95%(n200)  rnd8=100%(n200)  rnd9=100%(n200)
          └ 이동 분포: straight=69%  left=15%  right=16%
Ep 27300/30000 | R=    2.2 | Fuel=664.3mL | Wait= 256s | Steps=38.9 | Reach=95% | ε=0.050 | Loss=143.439 | t=14703s
          ├ 토폴로지 도달률(최근50): gangnam_clean_topology=94%
          ├ OD별 도달률(최근200): rnd0=100%(n200)  rnd1=4%(n200)  rnd10=100%(n200)  rnd11=100%(n200)  rnd12=100%(n200)  rnd13=100%(n200)  rnd14=99%(n200)  rnd15=100%(n200)  rnd16=3%(n200)  rnd17=100%(n200)  rnd18=100%(n200)  rnd19=100%(n200)  rnd2=100%(n200)  rnd20=100%(n200)  rnd21=100%(n200)  rnd22=100%(n200)  rnd23=100%(n200)  rnd24=100%(n200)  rnd25=100%(n200)  rnd26=100%(n200)  rnd27=100%(n200)  rnd28=100%(n200)  rnd29=100%(n200)  rnd3=100%(n200)  rnd4=99%(n200)  rnd5=100%(n200)  rnd6=100%(n200)  rnd7=95%(n200)  rnd8=100%(n200)  rnd9=100%(n200)
          └ 이동 분포: straight=69%  left=15%  right=16%
Ep 27400/30000 | R=  135.3 | Fuel=554.8mL | Wait= 202s | Steps=34.1 | Reach=96% | ε=0.050 | Loss=141.627 | t=14727s
          ├ 토폴로지 도달률(최근50): gangnam_clean_topology=96%
          ├ OD별 도달률(최근200): rnd0=100%(n200)  rnd1=5%(n200)  rnd10=100%(n200)  rnd11=100%(n200)  rnd12=100%(n200)  rnd13=100%(n200)  rnd14=99%(n200)  rnd15=100%(n200)  rnd16=3%(n200)  rnd17=100%(n200)  rnd18=100%(n200)  rnd19=100%(n200)  rnd2=100%(n200)  rnd20=100%(n200)  rnd21=100%(n200)  rnd22=100%(n200)  rnd23=100%(n200)  rnd24=100%(n200)  rnd25=100%(n200)  rnd26=100%(n200)  rnd27=100%(n200)  rnd28=100%(n200)  rnd29=100%(n200)  rnd3=100%(n200)  rnd4=99%(n200)  rnd5=100%(n200)  rnd6=100%(n200)  rnd7=95%(n200)  rnd8=100%(n200)  rnd9=100%(n200)
          └ 이동 분포: straight=69%  left=14%  right=16%
Ep 27500/30000 | R=   14.7 | Fuel=614.0mL | Wait= 194s | Steps=38.5 | Reach=95% | ε=0.050 | Loss=139.866 | t=14753s
          ├ 토폴로지 도달률(최근50): gangnam_clean_topology=92%
          ├ OD별 도달률(최근200): rnd0=100%(n200)  rnd1=5%(n200)  rnd10=100%(n200)  rnd11=100%(n200)  rnd12=100%(n200)  rnd13=100%(n200)  rnd14=99%(n200)  rnd15=100%(n200)  rnd16=3%(n200)  rnd17=100%(n200)  rnd18=100%(n200)  rnd19=100%(n200)  rnd2=100%(n200)  rnd20=100%(n200)  rnd21=100%(n200)  rnd22=100%(n200)  rnd23=100%(n200)  rnd24=100%(n200)  rnd25=100%(n200)  rnd26=100%(n200)  rnd27=100%(n200)  rnd28=100%(n200)  rnd29=100%(n200)  rnd3=100%(n200)  rnd4=99%(n200)  rnd5=100%(n200)  rnd6=100%(n200)  rnd7=95%(n200)  rnd8=100%(n200)  rnd9=100%(n200)
          └ 이동 분포: straight=70%  left=14%  right=16%
  [체크포인트] model_rl_signal_attention_ep27500.pth
Ep 27600/30000 | R=   50.6 | Fuel=603.1mL | Wait= 210s | Steps=36.9 | Reach=94% | ε=0.050 | Loss=148.273 | t=14778s
          ├ 토폴로지 도달률(최근50): gangnam_clean_topology=92%
          ├ OD별 도달률(최근200): rnd0=100%(n200)  rnd1=5%(n200)  rnd10=100%(n200)  rnd11=100%(n200)  rnd12=100%(n200)  rnd13=100%(n200)  rnd14=99%(n200)  rnd15=100%(n200)  rnd16=3%(n200)  rnd17=100%(n200)  rnd18=100%(n200)  rnd19=100%(n200)  rnd2=100%(n200)  rnd20=100%(n200)  rnd21=100%(n200)  rnd22=100%(n200)  rnd23=100%(n200)  rnd24=100%(n200)  rnd25=100%(n200)  rnd26=100%(n200)  rnd27=100%(n200)  rnd28=100%(n200)  rnd29=100%(n200)  rnd3=100%(n200)  rnd4=99%(n200)  rnd5=100%(n200)  rnd6=100%(n200)  rnd7=94%(n200)  rnd8=100%(n200)  rnd9=100%(n200)
          └ 이동 분포: straight=68%  left=16%  right=16%
Ep 27700/30000 | R=   28.7 | Fuel=620.1mL | Wait= 218s | Steps=38.6 | Reach=93% | ε=0.050 | Loss=143.057 | t=14805s
          ├ 토폴로지 도달률(최근50): gangnam_clean_topology=92%
          ├ OD별 도달률(최근200): rnd0=100%(n200)  rnd1=5%(n200)  rnd10=100%(n200)  rnd11=100%(n200)  rnd12=100%(n200)  rnd13=100%(n200)  rnd14=99%(n200)  rnd15=100%(n200)  rnd16=3%(n200)  rnd17=100%(n200)  rnd18=100%(n200)  rnd19=100%(n200)  rnd2=100%(n200)  rnd20=100%(n200)  rnd21=100%(n200)  rnd22=100%(n200)  rnd23=100%(n200)  rnd24=100%(n200)  rnd25=100%(n200)  rnd26=100%(n200)  rnd27=100%(n200)  rnd28=100%(n200)  rnd29=100%(n200)  rnd3=100%(n200)  rnd4=99%(n200)  rnd5=100%(n200)  rnd6=100%(n200)  rnd7=94%(n200)  rnd8=100%(n200)  rnd9=100%(n200)
          └ 이동 분포: straight=68%  left=16%  right=16%
Ep 27800/30000 | R=   -2.6 | Fuel=618.2mL | Wait= 218s | Steps=38.8 | Reach=89% | ε=0.050 | Loss=140.255 | t=14831s
          ├ 토폴로지 도달률(최근50): gangnam_clean_topology=92%
          ├ OD별 도달률(최근200): rnd0=100%(n200)  rnd1=5%(n200)  rnd10=100%(n200)  rnd11=100%(n200)  rnd12=100%(n200)  rnd13=100%(n200)  rnd14=98%(n200)  rnd15=100%(n200)  rnd16=3%(n200)  rnd17=100%(n200)  rnd18=100%(n200)  rnd19=100%(n200)  rnd2=100%(n200)  rnd20=100%(n200)  rnd21=100%(n200)  rnd22=100%(n200)  rnd23=100%(n200)  rnd24=100%(n200)  rnd25=100%(n200)  rnd26=100%(n200)  rnd27=100%(n200)  rnd28=100%(n200)  rnd29=100%(n200)  rnd3=100%(n200)  rnd4=99%(n200)  rnd5=100%(n200)  rnd6=100%(n200)  rnd7=95%(n200)  rnd8=100%(n200)  rnd9=100%(n200)
          └ 이동 분포: straight=68%  left=16%  right=16%
Ep 27900/30000 | R=  126.3 | Fuel=604.8mL | Wait= 189s | Steps=36.9 | Reach=98% | ε=0.050 | Loss=136.156 | t=14856s
          ├ 토폴로지 도달률(최근50): gangnam_clean_topology=96%
          ├ OD별 도달률(최근200): rnd0=100%(n200)  rnd1=5%(n200)  rnd10=100%(n200)  rnd11=100%(n200)  rnd12=100%(n200)  rnd13=100%(n200)  rnd14=98%(n200)  rnd15=100%(n200)  rnd16=3%(n200)  rnd17=100%(n200)  rnd18=100%(n200)  rnd19=100%(n200)  rnd2=100%(n200)  rnd20=100%(n200)  rnd21=100%(n200)  rnd22=100%(n200)  rnd23=100%(n200)  rnd24=100%(n200)  rnd25=100%(n200)  rnd26=100%(n200)  rnd27=100%(n200)  rnd28=100%(n200)  rnd29=100%(n200)  rnd3=100%(n200)  rnd4=99%(n200)  rnd5=100%(n200)  rnd6=100%(n200)  rnd7=95%(n200)  rnd8=100%(n200)  rnd9=100%(n200)
          └ 이동 분포: straight=69%  left=15%  right=16%
Ep 28000/30000 | R= -105.1 | Fuel=672.8mL | Wait= 231s | Steps=41.2 | Reach=94% | ε=0.050 | Loss=146.953 | t=14883s
          ├ 토폴로지 도달률(최근50): gangnam_clean_topology=94%
          ├ OD별 도달률(최근200): rnd0=100%(n200)  rnd1=5%(n200)  rnd10=100%(n200)  rnd11=100%(n200)  rnd12=100%(n200)  rnd13=100%(n200)  rnd14=98%(n200)  rnd15=100%(n200)  rnd16=2%(n200)  rnd17=100%(n200)  rnd18=100%(n200)  rnd19=100%(n200)  rnd2=100%(n200)  rnd20=100%(n200)  rnd21=100%(n200)  rnd22=100%(n200)  rnd23=100%(n200)  rnd24=100%(n200)  rnd25=100%(n200)  rnd26=100%(n200)  rnd27=100%(n200)  rnd28=100%(n200)  rnd29=100%(n200)  rnd3=100%(n200)  rnd4=99%(n200)  rnd5=100%(n200)  rnd6=100%(n200)  rnd7=95%(n200)  rnd8=100%(n200)  rnd9=100%(n200)
          └ 이동 분포: straight=66%  left=17%  right=18%
Ep 28100/30000 | R=  -14.0 | Fuel=607.4mL | Wait= 207s | Steps=37.7 | Reach=91% | ε=0.050 | Loss=143.444 | t=14909s
          ├ 토폴로지 도달률(최근50): gangnam_clean_topology=88%
          ├ OD별 도달률(최근200): rnd0=100%(n200)  rnd1=5%(n200)  rnd10=100%(n200)  rnd11=100%(n200)  rnd12=100%(n200)  rnd13=100%(n200)  rnd14=98%(n200)  rnd15=100%(n200)  rnd16=2%(n200)  rnd17=100%(n200)  rnd18=100%(n200)  rnd19=100%(n200)  rnd2=100%(n200)  rnd20=100%(n200)  rnd21=100%(n200)  rnd22=100%(n200)  rnd23=100%(n200)  rnd24=100%(n200)  rnd25=100%(n200)  rnd26=100%(n200)  rnd27=100%(n200)  rnd28=100%(n200)  rnd29=100%(n200)  rnd3=100%(n200)  rnd4=99%(n200)  rnd5=100%(n200)  rnd6=100%(n200)  rnd7=96%(n200)  rnd8=100%(n200)  rnd9=100%(n200)
          └ 이동 분포: straight=64%  left=18%  right=18%
Ep 28200/30000 | R=  -94.2 | Fuel=695.2mL | Wait= 213s | Steps=44.8 | Reach=92% | ε=0.050 | Loss=142.905 | t=14940s
          ├ 토폴로지 도달률(최근50): gangnam_clean_topology=92%
          ├ OD별 도달률(최근200): rnd0=100%(n200)  rnd1=5%(n200)  rnd10=100%(n200)  rnd11=100%(n200)  rnd12=100%(n200)  rnd13=99%(n200)  rnd14=98%(n200)  rnd15=100%(n200)  rnd16=2%(n200)  rnd17=100%(n200)  rnd18=100%(n200)  rnd19=100%(n200)  rnd2=100%(n200)  rnd20=100%(n200)  rnd21=100%(n200)  rnd22=100%(n200)  rnd23=100%(n200)  rnd24=100%(n200)  rnd25=100%(n200)  rnd26=100%(n200)  rnd27=100%(n200)  rnd28=100%(n200)  rnd29=100%(n200)  rnd3=100%(n200)  rnd4=99%(n200)  rnd5=100%(n200)  rnd6=100%(n200)  rnd7=96%(n200)  rnd8=100%(n200)  rnd9=100%(n200)
          └ 이동 분포: straight=63%  left=21%  right=17%
Ep 28300/30000 | R=   -9.7 | Fuel=616.1mL | Wait= 214s | Steps=38.6 | Reach=88% | ε=0.050 | Loss=152.526 | t=14965s
          ├ 토폴로지 도달률(최근50): gangnam_clean_topology=84%
          ├ OD별 도달률(최근200): rnd0=100%(n200)  rnd1=5%(n200)  rnd10=100%(n200)  rnd11=100%(n200)  rnd12=100%(n200)  rnd13=99%(n200)  rnd14=98%(n200)  rnd15=100%(n200)  rnd16=2%(n200)  rnd17=100%(n200)  rnd18=100%(n200)  rnd19=100%(n200)  rnd2=100%(n200)  rnd20=100%(n200)  rnd21=100%(n200)  rnd22=100%(n200)  rnd23=100%(n200)  rnd24=100%(n200)  rnd25=100%(n200)  rnd26=100%(n200)  rnd27=100%(n200)  rnd28=100%(n200)  rnd29=100%(n200)  rnd3=100%(n200)  rnd4=99%(n200)  rnd5=100%(n200)  rnd6=100%(n200)  rnd7=96%(n200)  rnd8=100%(n200)  rnd9=100%(n200)
          └ 이동 분포: straight=66%  left=17%  right=18%
Ep 28400/30000 | R=   27.8 | Fuel=623.7mL | Wait= 204s | Steps=38.5 | Reach=93% | ε=0.050 | Loss=152.183 | t=14991s
          ├ 토폴로지 도달률(최근50): gangnam_clean_topology=92%
          ├ OD별 도달률(최근200): rnd0=100%(n200)  rnd1=5%(n200)  rnd10=100%(n200)  rnd11=100%(n200)  rnd12=100%(n200)  rnd13=99%(n200)  rnd14=98%(n200)  rnd15=100%(n200)  rnd16=2%(n200)  rnd17=100%(n200)  rnd18=100%(n200)  rnd19=100%(n200)  rnd2=100%(n200)  rnd20=100%(n200)  rnd21=100%(n200)  rnd22=100%(n200)  rnd23=100%(n200)  rnd24=100%(n200)  rnd25=100%(n200)  rnd26=100%(n200)  rnd27=100%(n200)  rnd28=100%(n200)  rnd29=100%(n200)  rnd3=100%(n200)  rnd4=99%(n200)  rnd5=100%(n200)  rnd6=100%(n200)  rnd7=96%(n200)  rnd8=100%(n200)  rnd9=100%(n200)
          └ 이동 분포: straight=65%  left=17%  right=18%
Ep 28500/30000 | R=   47.1 | Fuel=608.7mL | Wait= 206s | Steps=37.6 | Reach=95% | ε=0.050 | Loss=152.921 | t=15016s
          ├ 토폴로지 도달률(최근50): gangnam_clean_topology=94%
          ├ OD별 도달률(최근200): rnd0=100%(n200)  rnd1=5%(n200)  rnd10=100%(n200)  rnd11=100%(n200)  rnd12=100%(n200)  rnd13=99%(n200)  rnd14=98%(n200)  rnd15=100%(n200)  rnd16=2%(n200)  rnd17=100%(n200)  rnd18=100%(n200)  rnd19=100%(n200)  rnd2=100%(n200)  rnd20=100%(n200)  rnd21=100%(n200)  rnd22=100%(n200)  rnd23=100%(n200)  rnd24=100%(n200)  rnd25=100%(n200)  rnd26=100%(n200)  rnd27=100%(n200)  rnd28=100%(n200)  rnd29=100%(n200)  rnd3=100%(n200)  rnd4=99%(n200)  rnd5=100%(n200)  rnd6=100%(n200)  rnd7=96%(n200)  rnd8=100%(n200)  rnd9=100%(n200)
          └ 이동 분포: straight=66%  left=17%  right=17%
Ep 28600/30000 | R=  150.8 | Fuel=545.0mL | Wait= 196s | Steps=33.5 | Reach=96% | ε=0.050 | Loss=148.175 | t=15039s
          ├ 토폴로지 도달률(최근50): gangnam_clean_topology=98%
          ├ OD별 도달률(최근200): rnd0=100%(n200)  rnd1=5%(n200)  rnd10=100%(n200)  rnd11=100%(n200)  rnd12=100%(n200)  rnd13=99%(n200)  rnd14=98%(n200)  rnd15=100%(n200)  rnd16=2%(n200)  rnd17=100%(n200)  rnd18=100%(n200)  rnd19=100%(n200)  rnd2=100%(n200)  rnd20=100%(n200)  rnd21=100%(n200)  rnd22=100%(n200)  rnd23=100%(n200)  rnd24=100%(n200)  rnd25=100%(n200)  rnd26=100%(n200)  rnd27=100%(n200)  rnd28=100%(n200)  rnd29=100%(n200)  rnd3=100%(n200)  rnd4=100%(n200)  rnd5=100%(n200)  rnd6=100%(n200)  rnd7=96%(n200)  rnd8=100%(n200)  rnd9=100%(n200)
          └ 이동 분포: straight=70%  left=14%  right=16%
Ep 28700/30000 | R=  105.7 | Fuel=604.8mL | Wait= 206s | Steps=37.9 | Reach=95% | ε=0.050 | Loss=145.128 | t=15065s
          ├ 토폴로지 도달률(최근50): gangnam_clean_topology=94%
          ├ OD별 도달률(최근200): rnd0=100%(n200)  rnd1=4%(n200)  rnd10=100%(n200)  rnd11=100%(n200)  rnd12=100%(n200)  rnd13=99%(n200)  rnd14=99%(n200)  rnd15=100%(n200)  rnd16=2%(n200)  rnd17=100%(n200)  rnd18=100%(n200)  rnd19=100%(n200)  rnd2=100%(n200)  rnd20=100%(n200)  rnd21=100%(n200)  rnd22=100%(n200)  rnd23=100%(n200)  rnd24=100%(n200)  rnd25=100%(n200)  rnd26=100%(n200)  rnd27=100%(n200)  rnd28=100%(n200)  rnd29=100%(n200)  rnd3=100%(n200)  rnd4=100%(n200)  rnd5=100%(n200)  rnd6=100%(n200)  rnd7=96%(n200)  rnd8=100%(n200)  rnd9=100%(n200)
          └ 이동 분포: straight=69%  left=15%  right=16%
Ep 28800/30000 | R=   11.5 | Fuel=621.9mL | Wait= 219s | Steps=38.2 | Reach=90% | ε=0.050 | Loss=142.988 | t=15091s
          ├ 토폴로지 도달률(최근50): gangnam_clean_topology=86%
          ├ OD별 도달률(최근200): rnd0=100%(n200)  rnd1=4%(n200)  rnd10=100%(n200)  rnd11=100%(n200)  rnd12=100%(n200)  rnd13=99%(n200)  rnd14=99%(n200)  rnd15=100%(n200)  rnd16=2%(n200)  rnd17=100%(n200)  rnd18=100%(n200)  rnd19=100%(n200)  rnd2=100%(n200)  rnd20=100%(n200)  rnd21=100%(n200)  rnd22=100%(n200)  rnd23=100%(n200)  rnd24=100%(n200)  rnd25=100%(n200)  rnd26=100%(n200)  rnd27=100%(n200)  rnd28=100%(n200)  rnd29=100%(n200)  rnd3=100%(n200)  rnd4=100%(n200)  rnd5=100%(n200)  rnd6=100%(n200)  rnd7=96%(n200)  rnd8=100%(n200)  rnd9=100%(n200)
          └ 이동 분포: straight=67%  left=16%  right=17%
Ep 28900/30000 | R=   -5.6 | Fuel=613.9mL | Wait= 226s | Steps=38.5 | Reach=90% | ε=0.050 | Loss=147.488 | t=15117s
          ├ 토폴로지 도달률(최근50): gangnam_clean_topology=92%
          ├ OD별 도달률(최근200): rnd0=100%(n200)  rnd1=4%(n200)  rnd10=100%(n200)  rnd11=100%(n200)  rnd12=100%(n200)  rnd13=100%(n200)  rnd14=99%(n200)  rnd15=100%(n200)  rnd16=2%(n200)  rnd17=100%(n200)  rnd18=100%(n200)  rnd19=100%(n200)  rnd2=100%(n200)  rnd20=100%(n200)  rnd21=100%(n200)  rnd22=100%(n200)  rnd23=100%(n200)  rnd24=100%(n200)  rnd25=100%(n200)  rnd26=100%(n200)  rnd27=100%(n200)  rnd28=100%(n200)  rnd29=100%(n200)  rnd3=100%(n200)  rnd4=100%(n200)  rnd5=100%(n200)  rnd6=100%(n200)  rnd7=96%(n200)  rnd8=100%(n200)  rnd9=100%(n200)
          └ 이동 분포: straight=67%  left=16%  right=17%
Ep 29000/30000 | R=   76.3 | Fuel=594.2mL | Wait= 189s | Steps=36.8 | Reach=97% | ε=0.050 | Loss=154.500 | t=15142s
          ├ 토폴로지 도달률(최근50): gangnam_clean_topology=98%
          ├ OD별 도달률(최근200): rnd0=100%(n200)  rnd1=4%(n200)  rnd10=100%(n200)  rnd11=100%(n200)  rnd12=100%(n200)  rnd13=100%(n200)  rnd14=99%(n200)  rnd15=100%(n200)  rnd16=2%(n200)  rnd17=100%(n200)  rnd18=100%(n200)  rnd19=100%(n200)  rnd2=100%(n200)  rnd20=100%(n200)  rnd21=100%(n200)  rnd22=100%(n200)  rnd23=100%(n200)  rnd24=100%(n200)  rnd25=100%(n200)  rnd26=100%(n200)  rnd27=100%(n200)  rnd28=100%(n200)  rnd29=100%(n200)  rnd3=100%(n200)  rnd4=100%(n200)  rnd5=100%(n200)  rnd6=100%(n200)  rnd7=96%(n200)  rnd8=100%(n200)  rnd9=100%(n200)
          └ 이동 분포: straight=70%  left=14%  right=16%
Ep 29100/30000 | R=  119.7 | Fuel=576.4mL | Wait= 192s | Steps=36.1 | Reach=96% | ε=0.050 | Loss=152.569 | t=15166s
          ├ 토폴로지 도달률(최근50): gangnam_clean_topology=96%
          ├ OD별 도달률(최근200): rnd0=100%(n200)  rnd1=4%(n200)  rnd10=100%(n200)  rnd11=100%(n200)  rnd12=100%(n200)  rnd13=100%(n200)  rnd14=99%(n200)  rnd15=100%(n200)  rnd16=2%(n200)  rnd17=100%(n200)  rnd18=100%(n200)  rnd19=100%(n200)  rnd2=100%(n200)  rnd20=100%(n200)  rnd21=100%(n200)  rnd22=100%(n200)  rnd23=100%(n200)  rnd24=100%(n200)  rnd25=100%(n200)  rnd26=100%(n200)  rnd27=100%(n200)  rnd28=100%(n200)  rnd29=100%(n200)  rnd3=100%(n200)  rnd4=100%(n200)  rnd5=100%(n200)  rnd6=100%(n200)  rnd7=96%(n200)  rnd8=100%(n200)  rnd9=100%(n200)
          └ 이동 분포: straight=69%  left=15%  right=16%
Ep 29200/30000 | R=  -12.4 | Fuel=665.0mL | Wait= 215s | Steps=41.5 | Reach=95% | ε=0.050 | Loss=151.292 | t=15193s
          ├ 토폴로지 도달률(최근50): gangnam_clean_topology=94%
          ├ OD별 도달률(최근200): rnd0=100%(n200)  rnd1=4%(n200)  rnd10=100%(n200)  rnd11=100%(n200)  rnd12=100%(n200)  rnd13=100%(n200)  rnd14=99%(n200)  rnd15=100%(n200)  rnd16=2%(n200)  rnd17=100%(n200)  rnd18=100%(n200)  rnd19=100%(n200)  rnd2=100%(n200)  rnd20=100%(n200)  rnd21=100%(n200)  rnd22=100%(n200)  rnd23=100%(n200)  rnd24=100%(n200)  rnd25=100%(n200)  rnd26=100%(n200)  rnd27=100%(n200)  rnd28=100%(n200)  rnd29=100%(n200)  rnd3=100%(n200)  rnd4=100%(n200)  rnd5=100%(n200)  rnd6=100%(n200)  rnd7=96%(n200)  rnd8=100%(n200)  rnd9=100%(n200)
          └ 이동 분포: straight=66%  left=17%  right=17%
Ep 29300/30000 | R=   25.0 | Fuel=591.5mL | Wait= 198s | Steps=37.9 | Reach=93% | ε=0.050 | Loss=162.940 | t=15219s
          ├ 토폴로지 도달률(최근50): gangnam_clean_topology=88%
          ├ OD별 도달률(최근200): rnd0=100%(n200)  rnd1=4%(n200)  rnd10=100%(n200)  rnd11=100%(n200)  rnd12=100%(n200)  rnd13=100%(n200)  rnd14=99%(n200)  rnd15=100%(n200)  rnd16=2%(n200)  rnd17=100%(n200)  rnd18=100%(n200)  rnd19=100%(n200)  rnd2=100%(n200)  rnd20=100%(n200)  rnd21=100%(n200)  rnd22=100%(n200)  rnd23=100%(n200)  rnd24=100%(n200)  rnd25=100%(n200)  rnd26=100%(n200)  rnd27=100%(n200)  rnd28=100%(n200)  rnd29=100%(n200)  rnd3=100%(n200)  rnd4=100%(n200)  rnd5=100%(n200)  rnd6=100%(n200)  rnd7=96%(n200)  rnd8=100%(n200)  rnd9=100%(n200)
          └ 이동 분포: straight=65%  left=17%  right=18%
Ep 29400/30000 | R=   94.0 | Fuel=582.7mL | Wait= 194s | Steps=36.7 | Reach=95% | ε=0.050 | Loss=151.246 | t=15243s
          ├ 토폴로지 도달률(최근50): gangnam_clean_topology=94%
          ├ OD별 도달률(최근200): rnd0=100%(n200)  rnd1=6%(n200)  rnd10=100%(n200)  rnd11=100%(n200)  rnd12=100%(n200)  rnd13=100%(n200)  rnd14=99%(n200)  rnd15=100%(n200)  rnd16=2%(n200)  rnd17=100%(n200)  rnd18=100%(n200)  rnd19=100%(n200)  rnd2=100%(n200)  rnd20=100%(n200)  rnd21=100%(n200)  rnd22=100%(n200)  rnd23=100%(n200)  rnd24=100%(n200)  rnd25=100%(n200)  rnd26=100%(n200)  rnd27=100%(n200)  rnd28=100%(n200)  rnd29=100%(n200)  rnd3=100%(n200)  rnd4=100%(n200)  rnd5=100%(n200)  rnd6=100%(n200)  rnd7=96%(n200)  rnd8=100%(n200)  rnd9=100%(n200)
          └ 이동 분포: straight=69%  left=16%  right=16%
Ep 29500/30000 | R=   -0.8 | Fuel=648.6mL | Wait= 229s | Steps=40.8 | Reach=95% | ε=0.050 | Loss=154.791 | t=15270s
          ├ 토폴로지 도달률(최근50): gangnam_clean_topology=96%
          ├ OD별 도달률(최근200): rnd0=100%(n200)  rnd1=6%(n200)  rnd10=100%(n200)  rnd11=100%(n200)  rnd12=100%(n200)  rnd13=100%(n200)  rnd14=99%(n200)  rnd15=100%(n200)  rnd16=2%(n200)  rnd17=100%(n200)  rnd18=100%(n200)  rnd19=100%(n200)  rnd2=100%(n200)  rnd20=100%(n200)  rnd21=100%(n200)  rnd22=100%(n200)  rnd23=100%(n200)  rnd24=100%(n200)  rnd25=100%(n200)  rnd26=100%(n200)  rnd27=100%(n200)  rnd28=100%(n200)  rnd29=100%(n200)  rnd3=100%(n200)  rnd4=100%(n200)  rnd5=100%(n200)  rnd6=100%(n200)  rnd7=96%(n200)  rnd8=100%(n200)  rnd9=100%(n200)
          └ 이동 분포: straight=67%  left=16%  right=17%
Ep 29600/30000 | R=  -28.9 | Fuel=637.9mL | Wait= 215s | Steps=40.1 | Reach=91% | ε=0.050 | Loss=158.426 | t=15297s
          ├ 토폴로지 도달률(최근50): gangnam_clean_topology=90%
          ├ OD별 도달률(최근200): rnd0=100%(n200)  rnd1=6%(n200)  rnd10=100%(n200)  rnd11=100%(n200)  rnd12=100%(n200)  rnd13=100%(n200)  rnd14=99%(n200)  rnd15=100%(n200)  rnd16=2%(n200)  rnd17=100%(n200)  rnd18=100%(n200)  rnd19=100%(n200)  rnd2=100%(n200)  rnd20=100%(n200)  rnd21=100%(n200)  rnd22=100%(n200)  rnd23=100%(n200)  rnd24=100%(n200)  rnd25=100%(n200)  rnd26=100%(n200)  rnd27=100%(n200)  rnd28=100%(n200)  rnd29=100%(n200)  rnd3=100%(n200)  rnd4=100%(n200)  rnd5=100%(n200)  rnd6=100%(n200)  rnd7=96%(n200)  rnd8=100%(n200)  rnd9=100%(n200)
          └ 이동 분포: straight=66%  left=14%  right=19%
Ep 29700/30000 | R=  148.0 | Fuel=524.7mL | Wait= 185s | Steps=32.4 | Reach=92% | ε=0.050 | Loss=162.955 | t=15319s
          ├ 토폴로지 도달률(최근50): gangnam_clean_topology=94%
          ├ OD별 도달률(최근200): rnd0=100%(n200)  rnd1=6%(n200)  rnd10=100%(n200)  rnd11=100%(n200)  rnd12=100%(n200)  rnd13=100%(n200)  rnd14=99%(n200)  rnd15=100%(n200)  rnd16=2%(n200)  rnd17=100%(n200)  rnd18=100%(n200)  rnd19=100%(n200)  rnd2=100%(n200)  rnd20=100%(n200)  rnd21=100%(n200)  rnd22=100%(n200)  rnd23=100%(n200)  rnd24=100%(n200)  rnd25=100%(n200)  rnd26=100%(n200)  rnd27=100%(n200)  rnd28=100%(n200)  rnd29=100%(n200)  rnd3=100%(n200)  rnd4=100%(n200)  rnd5=100%(n200)  rnd6=100%(n200)  rnd7=96%(n200)  rnd8=100%(n200)  rnd9=100%(n200)
          └ 이동 분포: straight=68%  left=16%  right=16%
Ep 29800/30000 | R=  -34.8 | Fuel=646.5mL | Wait= 186s | Steps=40.1 | Reach=95% | ε=0.050 | Loss=162.394 | t=15345s
          ├ 토폴로지 도달률(최근50): gangnam_clean_topology=94%
          ├ OD별 도달률(최근200): rnd0=100%(n200)  rnd1=6%(n200)  rnd10=100%(n200)  rnd11=100%(n200)  rnd12=100%(n200)  rnd13=100%(n200)  rnd14=99%(n200)  rnd15=100%(n200)  rnd16=2%(n200)  rnd17=100%(n200)  rnd18=100%(n200)  rnd19=100%(n200)  rnd2=100%(n200)  rnd20=100%(n200)  rnd21=100%(n200)  rnd22=100%(n200)  rnd23=100%(n200)  rnd24=100%(n200)  rnd25=100%(n200)  rnd26=100%(n200)  rnd27=100%(n200)  rnd28=100%(n200)  rnd29=100%(n200)  rnd3=100%(n200)  rnd4=100%(n200)  rnd5=100%(n200)  rnd6=100%(n200)  rnd7=96%(n200)  rnd8=100%(n200)  rnd9=100%(n200)
          └ 이동 분포: straight=66%  left=16%  right=19%
Ep 29900/30000 | R= -105.4 | Fuel=696.3mL | Wait= 263s | Steps=41.2 | Reach=87% | ε=0.050 | Loss=167.356 | t=15373s
          ├ 토폴로지 도달률(최근50): gangnam_clean_topology=90%
          ├ OD별 도달률(최근200): rnd0=100%(n200)  rnd1=6%(n200)  rnd10=100%(n200)  rnd11=100%(n200)  rnd12=100%(n200)  rnd13=100%(n200)  rnd14=99%(n200)  rnd15=100%(n200)  rnd16=2%(n200)  rnd17=100%(n200)  rnd18=100%(n200)  rnd19=100%(n200)  rnd2=100%(n200)  rnd20=100%(n200)  rnd21=100%(n200)  rnd22=100%(n200)  rnd23=100%(n200)  rnd24=100%(n200)  rnd25=100%(n200)  rnd26=100%(n200)  rnd27=100%(n200)  rnd28=100%(n200)  rnd29=100%(n200)  rnd3=100%(n200)  rnd4=100%(n200)  rnd5=100%(n200)  rnd6=100%(n200)  rnd7=96%(n200)  rnd8=100%(n200)  rnd9=100%(n200)
          └ 이동 분포: straight=69%  left=16%  right=16%
Ep 30000/30000 | R=   30.2 | Fuel=618.9mL | Wait= 231s | Steps=37.7 | Reach=96% | ε=0.050 | Loss=165.903 | t=15398s
          ├ 토폴로지 도달률(최근50): gangnam_clean_topology=98%
          ├ OD별 도달률(최근200): rnd0=100%(n200)  rnd1=5%(n200)  rnd10=100%(n200)  rnd11=100%(n200)  rnd12=100%(n200)  rnd13=100%(n200)  rnd14=99%(n200)  rnd15=100%(n200)  rnd16=2%(n200)  rnd17=100%(n200)  rnd18=100%(n200)  rnd19=100%(n200)  rnd2=100%(n200)  rnd20=100%(n200)  rnd21=100%(n200)  rnd22=100%(n200)  rnd23=100%(n200)  rnd24=100%(n200)  rnd25=100%(n200)  rnd26=100%(n200)  rnd27=100%(n200)  rnd28=100%(n200)  rnd29=100%(n200)  rnd3=100%(n200)  rnd4=100%(n200)  rnd5=100%(n200)  rnd6=100%(n200)  rnd7=96%(n200)  rnd8=100%(n200)  rnd9=100%(n200)
          └ 이동 분포: straight=67%  left=15%  right=18%
  [체크포인트] model_rl_signal_attention_ep30000.pth

============================================================
 학습 완료 | 최종 도달률(최근200): 91.5%
 최고 도달률: 99.0%  → model_rl_signal_attention_best.pth
 모델 저장 → models/model_rl_signal_attention.pth
============================================================

