/home/hjj/2605_E-Nudge_traffic_RL_V2/venv/lib/python3.13/site-packages/torch/cuda/__init__.py:187: UserWarning: CUDA initialization: The NVIDIA driver on your system is too old (found version 12020). Please update your GPU driver by downloading and installing a new version from the URL: http://www.nvidia.com/Download/index.aspx Alternatively, go to: https://pytorch.org to install a PyTorch version that has been compiled with your version of the CUDA driver. (Triggered internally at /pytorch/c10/cuda/CUDAFunctions.cpp:119.)
  return torch._C._cuda_getDeviceCount() > 0

============================================================
 학습 시작 | mode=base | use_signal=False
 episodes=30000 | batch=128
 memory=80000 | warmup=2000 steps
 학습 토폴로지 (1개):
   - gangnam_clean_topology   w=1.00 nodes=1995 routes=30 max_steps=300
 ε: 1.0 → 0.05 (decay=0.99997, ~99856ep)
 shaping_w=1500.0  uturn_penalty=300.0  revisit_penalty=50.0  arrival_bonus=700.0
 dynamic_od_boost=False (floor=0.15)
 penalty_anneal_frac=0.5 floor=0.2
 fuel_shaping_w=0.0
============================================================
Ep  100/30000 | R=-15855.4 | Fuel=3845.8mL | Wait=1237s | Steps=263.3 | Reach=15% | ε=0.482 | Loss=419.572 | t=201s
          ├ 토폴로지 도달률(최근50): gangnam_clean_topology=24%
          ├ OD별 도달률(최근200): rnd0=25%(n4)  rnd1=0%(n3)  rnd10=0%(n2)  rnd11=0%(n4)  rnd12=0%(n3)  rnd13=25%(n4)  rnd14=0%(n5)  rnd15=0%(n3)  rnd16=0%(n1)  rnd17=0%(n2)  rnd18=0%(n1)  rnd19=40%(n5)  rnd2=0%(n3)  rnd20=0%(n6)  rnd21=0%(n6)  rnd22=0%(n2)  rnd23=67%(n3)  rnd24=0%(n7)  rnd25=0%(n3)  rnd27=0%(n3)  rnd28=60%(n5)  rnd29=0%(n3)  rnd3=25%(n4)  rnd4=40%(n5)  rnd5=0%(n4)  rnd6=0%(n3)  rnd8=60%(n5)  rnd9=0%(n1)
          └ 이동 분포: straight=49%  left=24%  right=27%
Ep  200/30000 | R=-10156.4 | Fuel=3335.6mL | Wait=1135s | Steps=236.2 | Reach=28% | ε=0.237 | Loss=560.812 | t=382s
          ├ 토폴로지 도달률(최근50): gangnam_clean_topology=38%
          ├ OD별 도달률(최근200): rnd0=40%(n5)  rnd1=0%(n5)  rnd10=33%(n3)  rnd11=0%(n8)  rnd12=0%(n6)  rnd13=17%(n6)  rnd14=14%(n7)  rnd15=0%(n6)  rnd16=75%(n4)  rnd17=17%(n6)  rnd18=25%(n8)  rnd19=40%(n5)  rnd2=0%(n6)  rnd20=15%(n13)  rnd21=10%(n10)  rnd22=0%(n5)  rnd23=60%(n5)  rnd24=0%(n11)  rnd25=29%(n7)  rnd26=25%(n4)  rnd27=0%(n4)  rnd28=60%(n10)  rnd29=0%(n6)  rnd3=20%(n5)  rnd4=45%(n11)  rnd5=10%(n10)  rnd6=0%(n8)  rnd7=0%(n1)  rnd8=80%(n10)  rnd9=0%(n5)
          └ 이동 분포: straight=55%  left=20%  right=25%
Ep  300/30000 | R=-7094.2 | Fuel=2958.2mL | Wait=1099s | Steps=206.5 | Reach=46% | ε=0.128 | Loss=620.586 | t=636s
          ├ 토폴로지 도달률(최근50): gangnam_clean_topology=50%
          ├ OD별 도달률(최근200): rnd0=44%(n9)  rnd1=0%(n9)  rnd10=67%(n6)  rnd11=18%(n11)  rnd12=11%(n9)  rnd13=10%(n10)  rnd14=9%(n11)  rnd15=0%(n10)  rnd16=62%(n8)  rnd17=33%(n12)  rnd18=36%(n11)  rnd19=50%(n6)  rnd2=11%(n9)  rnd20=13%(n15)  rnd21=13%(n15)  rnd22=29%(n7)  rnd23=56%(n9)  rnd24=13%(n15)  rnd25=44%(n9)  rnd26=22%(n9)  rnd27=12%(n8)  rnd28=71%(n14)  rnd29=0%(n8)  rnd3=43%(n7)  rnd4=62%(n16)  rnd5=25%(n12)  rnd6=25%(n12)  rnd7=33%(n3)  rnd8=82%(n11)  rnd9=0%(n9)
          └ 이동 분포: straight=57%  left=20%  right=23%
Ep  400/30000 | R=-4603.4 | Fuel=2288.1mL | Wait= 865s | Steps=155.7 | Reach=66% | ε=0.080 | Loss=731.600 | t=992s
          ├ 토폴로지 도달률(최근50): gangnam_clean_topology=60%
          ├ OD별 도달률(최근200): rnd0=44%(n9)  rnd1=8%(n13)  rnd10=75%(n8)  rnd11=31%(n16)  rnd12=8%(n12)  rnd13=17%(n12)  rnd14=9%(n11)  rnd15=8%(n12)  rnd16=70%(n10)  rnd17=53%(n19)  rnd18=46%(n13)  rnd19=50%(n6)  rnd2=12%(n16)  rnd20=24%(n17)  rnd21=17%(n18)  rnd22=33%(n9)  rnd23=71%(n14)  rnd24=26%(n19)  rnd25=60%(n15)  rnd26=50%(n16)  rnd27=10%(n10)  rnd28=79%(n19)  rnd29=0%(n14)  rnd3=56%(n9)  rnd4=70%(n20)  rnd5=36%(n14)  rnd6=44%(n16)  rnd7=71%(n7)  rnd8=86%(n14)  rnd9=0%(n12)
          └ 이동 분포: straight=58%  left=20%  right=22%
Ep  500/30000 | R=-3248.2 | Fuel=1843.1mL | Wait= 707s | Steps=125.9 | Reach=77% | ε=0.055 | Loss=914.304 | t=1273s
          ├ 토폴로지 도달률(최근50): gangnam_clean_topology=80%
          ├ OD별 도달률(최근200): rnd0=62%(n13)  rnd1=28%(n18)  rnd10=82%(n11)  rnd11=40%(n20)  rnd12=21%(n14)  rnd13=14%(n14)  rnd14=15%(n13)  rnd15=14%(n14)  rnd16=71%(n14)  rnd17=61%(n23)  rnd18=56%(n16)  rnd19=80%(n15)  rnd2=18%(n17)  rnd20=42%(n24)  rnd21=17%(n18)  rnd22=45%(n11)  rnd23=75%(n16)  rnd24=36%(n25)  rnd25=71%(n21)  rnd26=53%(n17)  rnd27=8%(n12)  rnd28=79%(n19)  rnd29=0%(n16)  rnd3=64%(n14)  rnd4=71%(n21)  rnd5=35%(n20)  rnd6=53%(n19)  rnd7=82%(n11)  rnd8=89%(n18)  rnd9=0%(n16)
          └ 이동 분포: straight=60%  left=19%  right=22%
Ep  600/30000 | R=-2782.8 | Fuel=1702.1mL | Wait= 668s | Steps=112.6 | Reach=72% | ε=0.050 | Loss=970.524 | t=1523s
          ├ 토폴로지 도달률(최근50): gangnam_clean_topology=70%
          ├ OD별 도달률(최근200): rnd0=76%(n21)  rnd1=35%(n20)  rnd10=89%(n18)  rnd11=48%(n23)  rnd12=20%(n15)  rnd13=12%(n16)  rnd14=12%(n17)  rnd15=22%(n18)  rnd16=75%(n16)  rnd17=63%(n30)  rnd18=63%(n19)  rnd19=83%(n18)  rnd2=22%(n18)  rnd20=52%(n29)  rnd21=20%(n20)  rnd22=60%(n15)  rnd23=71%(n21)  rnd24=37%(n27)  rnd25=73%(n22)  rnd26=62%(n21)  rnd27=11%(n18)  rnd28=82%(n22)  rnd29=0%(n21)  rnd3=69%(n16)  rnd4=74%(n23)  rnd5=35%(n23)  rnd6=59%(n22)  rnd7=86%(n14)  rnd8=89%(n19)  rnd9=6%(n18)
          └ 이동 분포: straight=60%  left=19%  right=21%
Ep  700/30000 | R=-1802.6 | Fuel=1341.7mL | Wait= 510s | Steps=88.6 | Reach=69% | ε=0.050 | Loss=1048.767 | t=1718s
          ├ 토폴로지 도달률(최근50): gangnam_clean_topology=64%
          ├ OD별 도달률(최근200): rnd0=82%(n28)  rnd1=41%(n22)  rnd10=90%(n21)  rnd11=52%(n25)  rnd12=18%(n17)  rnd13=10%(n21)  rnd14=10%(n21)  rnd15=29%(n24)  rnd16=82%(n22)  rnd17=67%(n33)  rnd18=65%(n20)  rnd19=85%(n20)  rnd2=19%(n21)  rnd20=55%(n31)  rnd21=20%(n20)  rnd22=70%(n20)  rnd23=73%(n22)  rnd24=38%(n29)  rnd25=76%(n25)  rnd26=68%(n25)  rnd27=9%(n22)  rnd28=84%(n25)  rnd29=0%(n23)  rnd3=74%(n19)  rnd4=79%(n28)  rnd5=34%(n29)  rnd6=64%(n25)  rnd7=89%(n19)  rnd8=90%(n20)  rnd9=13%(n23)
          └ 이동 분포: straight=62%  left=18%  right=19%
Ep  800/30000 | R=-1246.9 | Fuel=1170.1mL | Wait= 470s | Steps=73.5 | Reach=73% | ε=0.050 | Loss=863.762 | t=1878s
          ├ 토폴로지 도달률(최근50): gangnam_clean_topology=76%
          ├ OD별 도달률(최근200): rnd0=83%(n29)  rnd1=46%(n24)  rnd10=92%(n25)  rnd11=59%(n29)  rnd12=15%(n20)  rnd13=12%(n25)  rnd14=8%(n24)  rnd15=26%(n27)  rnd16=85%(n27)  rnd17=70%(n37)  rnd18=71%(n24)  rnd19=86%(n22)  rnd2=17%(n24)  rnd20=55%(n31)  rnd21=33%(n24)  rnd22=73%(n22)  rnd23=76%(n25)  rnd24=45%(n33)  rnd25=81%(n31)  rnd26=74%(n31)  rnd27=8%(n26)  rnd28=84%(n25)  rnd29=0%(n25)  rnd3=76%(n21)  rnd4=81%(n31)  rnd5=32%(n37)  rnd6=71%(n31)  rnd7=91%(n23)  rnd8=91%(n22)  rnd9=20%(n25)
          └ 이동 분포: straight=62%  left=18%  right=20%
Ep  900/30000 | R=-1788.6 | Fuel=1257.4mL | Wait= 444s | Steps=79.5 | Reach=81% | ε=0.050 | Loss=842.009 | t=2051s
          ├ 토폴로지 도달률(최근50): gangnam_clean_topology=82%
          ├ OD별 도달률(최근200): rnd0=84%(n32)  rnd1=54%(n28)  rnd10=93%(n28)  rnd11=62%(n32)  rnd12=13%(n23)  rnd13=27%(n30)  rnd14=11%(n27)  rnd15=30%(n30)  rnd16=87%(n30)  rnd17=72%(n39)  rnd18=75%(n28)  rnd19=88%(n24)  rnd2=23%(n30)  rnd20=60%(n35)  rnd21=32%(n28)  rnd22=75%(n24)  rnd23=79%(n29)  rnd24=45%(n33)  rnd25=82%(n34)  rnd26=77%(n35)  rnd27=7%(n27)  rnd28=87%(n30)  rnd29=0%(n29)  rnd3=82%(n28)  rnd4=83%(n36)  rnd5=32%(n38)  rnd6=74%(n34)  rnd7=93%(n27)  rnd8=92%(n24)  rnd9=25%(n28)
          └ 이동 분포: straight=58%  left=20%  right=22%
Ep 1000/30000 | R=-2112.0 | Fuel=1309.3mL | Wait= 455s | Steps=86.3 | Reach=71% | ε=0.050 | Loss=823.027 | t=2192s
          ├ 토폴로지 도달률(최근50): gangnam_clean_topology=68%
          ├ OD별 도달률(최근200): rnd0=85%(n33)  rnd1=59%(n32)  rnd10=94%(n33)  rnd11=67%(n36)  rnd12=15%(n27)  rnd13=30%(n33)  rnd14=11%(n28)  rnd15=30%(n33)  rnd16=88%(n34)  rnd17=76%(n45)  rnd18=75%(n28)  rnd19=88%(n26)  rnd2=23%(n31)  rnd20=62%(n37)  rnd21=34%(n29)  rnd22=78%(n27)  rnd23=74%(n31)  rnd24=47%(n36)  rnd25=85%(n40)  rnd26=79%(n38)  rnd27=9%(n32)  rnd28=87%(n31)  rnd29=0%(n35)  rnd3=84%(n31)  rnd4=85%(n40)  rnd5=27%(n44)  rnd6=75%(n40)  rnd7=94%(n32)  rnd8=92%(n25)  rnd9=33%(n33)
          └ 이동 분포: straight=57%  left=19%  right=24%
Ep 1100/30000 | R= -985.3 | Fuel=989.0mL | Wait= 346s | Steps=60.4 | Reach=75% | ε=0.050 | Loss=877.888 | t=2254s
          ├ 토폴로지 도달률(최근50): gangnam_clean_topology=78%
          ├ OD별 도달률(최근200): rnd0=86%(n36)  rnd1=64%(n36)  rnd10=95%(n38)  rnd11=70%(n40)  rnd12=16%(n31)  rnd13=29%(n35)  rnd14=9%(n33)  rnd15=35%(n37)  rnd16=90%(n40)  rnd17=77%(n47)  rnd18=77%(n30)  rnd19=90%(n29)  rnd2=21%(n33)  rnd20=67%(n42)  rnd21=37%(n35)  rnd22=82%(n33)  rnd23=72%(n32)  rnd24=50%(n38)  rnd25=86%(n43)  rnd26=80%(n40)  rnd27=8%(n37)  rnd28=89%(n35)  rnd29=3%(n37)  rnd3=85%(n34)  rnd4=85%(n41)  rnd5=26%(n46)  rnd6=76%(n42)  rnd7=94%(n32)  rnd8=93%(n30)  rnd9=42%(n38)
          └ 이동 분포: straight=59%  left=18%  right=23%
Ep 1200/30000 | R= -940.0 | Fuel=935.6mL | Wait= 320s | Steps=59.1 | Reach=74% | ε=0.050 | Loss=874.655 | t=2315s
          ├ 토폴로지 도달률(최근50): gangnam_clean_topology=72%
          ├ OD별 도달률(최근200): rnd0=87%(n39)  rnd1=66%(n38)  rnd10=92%(n40)  rnd11=70%(n43)  rnd12=15%(n33)  rnd13=30%(n37)  rnd14=9%(n34)  rnd15=36%(n39)  rnd16=91%(n43)  rnd17=78%(n49)  rnd18=77%(n30)  rnd19=91%(n33)  rnd2=22%(n36)  rnd20=68%(n44)  rnd21=37%(n41)  rnd22=84%(n38)  rnd23=69%(n36)  rnd24=56%(n43)  rnd25=87%(n47)  rnd26=82%(n44)  rnd27=7%(n45)  rnd28=90%(n42)  rnd29=12%(n42)  rnd3=86%(n35)  rnd4=86%(n44)  rnd5=27%(n48)  rnd6=77%(n44)  rnd7=94%(n34)  rnd8=95%(n38)  rnd9=44%(n41)
          └ 이동 분포: straight=61%  left=16%  right=23%
Ep 1300/30000 | R= -590.0 | Fuel=869.4mL | Wait= 290s | Steps=51.1 | Reach=77% | ε=0.050 | Loss=782.667 | t=2367s
          ├ 토폴로지 도달률(최근50): gangnam_clean_topology=78%
          ├ OD별 도달률(최근200): rnd0=88%(n42)  rnd1=68%(n41)  rnd10=89%(n45)  rnd11=72%(n46)  rnd12=17%(n36)  rnd13=33%(n42)  rnd14=8%(n37)  rnd15=40%(n42)  rnd16=91%(n44)  rnd17=78%(n51)  rnd18=78%(n32)  rnd19=92%(n38)  rnd2=25%(n40)  rnd20=71%(n48)  rnd21=33%(n45)  rnd22=86%(n43)  rnd23=66%(n38)  rnd24=60%(n47)  rnd25=88%(n52)  rnd26=83%(n46)  rnd27=6%(n50)  rnd28=92%(n50)  rnd29=19%(n47)  rnd3=86%(n37)  rnd4=87%(n45)  rnd5=29%(n49)  rnd6=78%(n45)  rnd7=95%(n39)  rnd8=95%(n40)  rnd9=47%(n43)
          └ 이동 분포: straight=62%  left=18%  right=20%
Ep 1400/30000 | R= -539.7 | Fuel=877.0mL | Wait= 285s | Steps=49.6 | Reach=84% | ε=0.050 | Loss=803.732 | t=2418s
          ├ 토폴로지 도달률(최근50): gangnam_clean_topology=78%
          ├ OD별 도달률(최근200): rnd0=89%(n45)  rnd1=72%(n47)  rnd10=89%(n46)  rnd11=73%(n49)  rnd12=17%(n41)  rnd13=40%(n47)  rnd14=10%(n40)  rnd15=44%(n45)  rnd16=92%(n48)  rnd17=80%(n54)  rnd18=81%(n36)  rnd19=93%(n42)  rnd2=30%(n44)  rnd20=72%(n50)  rnd21=34%(n53)  rnd22=87%(n47)  rnd23=63%(n41)  rnd24=62%(n50)  rnd25=89%(n53)  rnd26=84%(n49)  rnd27=6%(n51)  rnd28=93%(n56)  rnd29=24%(n50)  rnd3=87%(n39)  rnd4=88%(n48)  rnd5=29%(n51)  rnd6=79%(n48)  rnd7=95%(n43)  rnd8=95%(n43)  rnd9=48%(n44)
          └ 이동 분포: straight=63%  left=18%  right=19%
Ep 1500/30000 | R= -404.3 | Fuel=795.5mL | Wait= 289s | Steps=48.6 | Reach=78% | ε=0.050 | Loss=658.297 | t=2482s
          ├ 토폴로지 도달률(최근50): gangnam_clean_topology=78%
          ├ OD별 도달률(최근200): rnd0=90%(n48)  rnd1=73%(n49)  rnd10=90%(n49)  rnd11=75%(n52)  rnd12=16%(n45)  rnd13=42%(n48)  rnd14=11%(n46)  rnd15=49%(n49)  rnd16=92%(n48)  rnd17=81%(n57)  rnd18=82%(n38)  rnd19=93%(n44)  rnd2=32%(n47)  rnd20=73%(n51)  rnd21=31%(n58)  rnd22=88%(n51)  rnd23=61%(n46)  rnd24=63%(n52)  rnd25=89%(n55)  rnd26=85%(n54)  rnd27=8%(n53)  rnd28=93%(n60)  rnd29=33%(n57)  rnd3=89%(n45)  rnd4=89%(n53)  rnd5=28%(n54)  rnd6=80%(n50)  rnd7=96%(n47)  rnd8=95%(n43)  rnd9=55%(n51)
          └ 이동 분포: straight=63%  left=18%  right=19%
Ep 1600/30000 | R= -468.9 | Fuel=846.5mL | Wait= 306s | Steps=49.2 | Reach=84% | ε=0.050 | Loss=543.510 | t=2535s
          ├ 토폴로지 도달률(최근50): gangnam_clean_topology=82%
          ├ OD별 도달률(최근200): rnd0=91%(n53)  rnd1=76%(n54)  rnd10=91%(n53)  rnd11=77%(n57)  rnd12=14%(n49)  rnd13=45%(n51)  rnd14=15%(n52)  rnd15=51%(n51)  rnd16=92%(n51)  rnd17=81%(n59)  rnd18=84%(n45)  rnd19=93%(n46)  rnd2=35%(n49)  rnd20=74%(n53)  rnd21=31%(n58)  rnd22=88%(n52)  rnd23=56%(n50)  rnd24=66%(n56)  rnd25=90%(n58)  rnd26=86%(n59)  rnd27=7%(n56)  rnd28=94%(n63)  rnd29=41%(n64)  rnd3=90%(n51)  rnd4=89%(n54)  rnd5=27%(n56)  rnd6=80%(n51)  rnd7=96%(n49)  rnd8=96%(n45)  rnd9=58%(n55)
          └ 이동 분포: straight=64%  left=17%  right=18%
Ep 1700/30000 | R= -392.3 | Fuel=820.2mL | Wait= 288s | Steps=49.2 | Reach=88% | ε=0.050 | Loss=476.217 | t=2582s
          ├ 토폴로지 도달률(최근50): gangnam_clean_topology=88%
          ├ OD별 도달률(최근200): rnd0=91%(n55)  rnd1=78%(n58)  rnd10=91%(n55)  rnd11=78%(n58)  rnd12=14%(n50)  rnd13=50%(n56)  rnd14=21%(n56)  rnd15=55%(n55)  rnd16=92%(n53)  rnd17=82%(n61)  rnd18=85%(n47)  rnd19=94%(n51)  rnd2=38%(n53)  rnd20=75%(n56)  rnd21=29%(n63)  rnd22=90%(n59)  rnd23=56%(n50)  rnd24=68%(n60)  rnd25=90%(n62)  rnd26=87%(n61)  rnd27=7%(n59)  rnd28=94%(n67)  rnd29=43%(n67)  rnd3=91%(n55)  rnd4=89%(n56)  rnd5=27%(n59)  rnd6=81%(n52)  rnd7=96%(n53)  rnd8=96%(n49)  rnd9=64%(n64)
          └ 이동 분포: straight=62%  left=19%  right=19%
Ep 1800/30000 | R= -317.1 | Fuel=763.4mL | Wait= 274s | Steps=45.3 | Reach=87% | ε=0.050 | Loss=436.949 | t=2630s
          ├ 토폴로지 도달률(최근50): gangnam_clean_topology=90%
          ├ OD별 도달률(최근200): rnd0=92%(n60)  rnd1=78%(n58)  rnd10=91%(n57)  rnd11=79%(n61)  rnd12=13%(n54)  rnd13=52%(n58)  rnd14=21%(n56)  rnd15=58%(n59)  rnd16=93%(n56)  rnd17=83%(n64)  rnd18=86%(n49)  rnd19=94%(n53)  rnd2=40%(n57)  rnd20=76%(n58)  rnd21=28%(n65)  rnd22=90%(n63)  rnd23=53%(n53)  rnd24=71%(n66)  rnd25=91%(n70)  rnd26=88%(n64)  rnd27=7%(n60)  rnd28=94%(n69)  rnd29=45%(n69)  rnd3=91%(n58)  rnd4=90%(n61)  rnd5=31%(n65)  rnd6=82%(n57)  rnd7=97%(n59)  rnd8=96%(n55)  rnd9=65%(n66)
          └ 이동 분포: straight=63%  left=18%  right=19%
Ep 1900/30000 | R= -708.1 | Fuel=903.0mL | Wait= 280s | Steps=49.4 | Reach=86% | ε=0.050 | Loss=406.210 | t=2666s
          ├ 토폴로지 도달률(최근50): gangnam_clean_topology=90%
          ├ OD별 도달률(최근200): rnd0=92%(n62)  rnd1=79%(n63)  rnd10=92%(n60)  rnd11=81%(n67)  rnd12=13%(n60)  rnd13=56%(n64)  rnd14=26%(n61)  rnd15=58%(n59)  rnd16=93%(n59)  rnd17=84%(n68)  rnd18=86%(n51)  rnd19=95%(n56)  rnd2=42%(n60)  rnd20=77%(n60)  rnd21=28%(n69)  rnd22=91%(n64)  rnd23=54%(n56)  rnd24=72%(n68)  rnd25=92%(n74)  rnd26=88%(n67)  rnd27=8%(n64)  rnd28=95%(n77)  rnd29=46%(n71)  rnd3=92%(n60)  rnd4=90%(n63)  rnd5=34%(n68)  rnd6=83%(n59)  rnd7=97%(n63)  rnd8=97%(n58)  rnd9=67%(n69)
          └ 이동 분포: straight=58%  left=18%  right=25%
Ep 2000/30000 | R= -648.7 | Fuel=938.5mL | Wait= 324s | Steps=52.7 | Reach=86% | ε=0.050 | Loss=332.637 | t=2701s
          ├ 토폴로지 도달률(최근50): gangnam_clean_topology=84%
          ├ OD별 도달률(최근200): rnd0=92%(n63)  rnd1=81%(n69)  rnd10=92%(n62)  rnd11=81%(n69)  rnd12=15%(n66)  rnd13=57%(n65)  rnd14=32%(n66)  rnd15=58%(n60)  rnd16=94%(n64)  rnd17=84%(n69)  rnd18=88%(n56)  rnd19=95%(n59)  rnd2=44%(n63)  rnd20=78%(n64)  rnd21=27%(n73)  rnd22=91%(n67)  rnd23=53%(n57)  rnd24=73%(n71)  rnd25=92%(n80)  rnd26=89%(n74)  rnd27=8%(n71)  rnd28=95%(n78)  rnd29=48%(n73)  rnd3=92%(n63)  rnd4=91%(n64)  rnd5=40%(n75)  rnd6=84%(n62)  rnd7=97%(n65)  rnd8=97%(n60)  rnd9=68%(n72)
          └ 이동 분포: straight=64%  left=17%  right=19%
Ep 2100/30000 | R= -448.5 | Fuel=817.8mL | Wait= 291s | Steps=47.5 | Reach=88% | ε=0.050 | Loss=337.037 | t=2737s
          ├ 토폴로지 도달률(최근50): gangnam_clean_topology=88%
          ├ OD별 도달률(최근200): rnd0=92%(n65)  rnd1=81%(n70)  rnd10=92%(n64)  rnd11=81%(n74)  rnd12=17%(n72)  rnd13=58%(n66)  rnd14=37%(n71)  rnd15=62%(n65)  rnd16=94%(n68)  rnd17=85%(n72)  rnd18=89%(n61)  rnd19=95%(n64)  rnd2=45%(n64)  rnd20=78%(n65)  rnd21=27%(n74)  rnd22=91%(n70)  rnd23=52%(n62)  rnd24=75%(n76)  rnd25=93%(n83)  rnd26=90%(n79)  rnd27=9%(n75)  rnd28=95%(n82)  rnd29=50%(n76)  rnd3=92%(n65)  rnd4=91%(n66)  rnd5=42%(n78)  rnd6=85%(n66)  rnd7=97%(n67)  rnd8=97%(n64)  rnd9=70%(n76)
          └ 이동 분포: straight=62%  left=17%  right=20%
Ep 2200/30000 | R= -192.8 | Fuel=738.4mL | Wait= 225s | Steps=38.1 | Reach=90% | ε=0.050 | Loss=306.987 | t=2761s
          ├ 토폴로지 도달률(최근50): gangnam_clean_topology=92%
          ├ OD별 도달률(최근200): rnd0=93%(n69)  rnd1=82%(n73)  rnd10=92%(n66)  rnd11=82%(n76)  rnd12=16%(n74)  rnd13=62%(n73)  rnd14=39%(n74)  rnd15=62%(n65)  rnd16=94%(n71)  rnd17=85%(n75)  rnd18=89%(n65)  rnd19=96%(n68)  rnd2=49%(n69)  rnd20=79%(n66)  rnd21=26%(n77)  rnd22=92%(n73)  rnd23=50%(n64)  rnd24=77%(n81)  rnd25=93%(n86)  rnd26=90%(n82)  rnd27=10%(n78)  rnd28=95%(n87)  rnd29=52%(n79)  rnd3=93%(n68)  rnd4=91%(n70)  rnd5=43%(n81)  rnd6=86%(n70)  rnd7=97%(n71)  rnd8=97%(n66)  rnd9=72%(n83)
          └ 이동 분포: straight=63%  left=17%  right=20%
Ep 2300/30000 | R= -160.8 | Fuel=781.1mL | Wait= 267s | Steps=40.5 | Reach=93% | ε=0.050 | Loss=283.380 | t=2789s
          ├ 토폴로지 도달률(최근50): gangnam_clean_topology=92%
          ├ OD별 도달률(최근200): rnd0=93%(n69)  rnd1=82%(n74)  rnd10=93%(n69)  rnd11=82%(n78)  rnd12=17%(n77)  rnd13=63%(n75)  rnd14=42%(n77)  rnd15=64%(n70)  rnd16=95%(n77)  rnd17=86%(n79)  rnd18=90%(n71)  rnd19=96%(n74)  rnd2=52%(n73)  rnd20=81%(n72)  rnd21=25%(n81)  rnd22=92%(n75)  rnd23=52%(n66)  rnd24=77%(n84)  rnd25=93%(n88)  rnd26=90%(n82)  rnd27=10%(n79)  rnd28=96%(n89)  rnd29=55%(n84)  rnd3=93%(n70)  rnd4=92%(n76)  rnd5=47%(n86)  rnd6=87%(n76)  rnd7=97%(n74)  rnd8=97%(n67)  rnd9=74%(n88)
          └ 이동 분포: straight=65%  left=18%  right=18%
Ep 2400/30000 | R= -332.9 | Fuel=848.2mL | Wait= 304s | Steps=45.1 | Reach=90% | ε=0.050 | Loss=288.526 | t=2835s
          ├ 토폴로지 도달률(최근50): gangnam_clean_topology=88%
          ├ OD별 도달률(최근200): rnd0=93%(n71)  rnd1=83%(n75)  rnd10=93%(n70)  rnd11=83%(n82)  rnd12=18%(n79)  rnd13=65%(n81)  rnd14=44%(n80)  rnd15=67%(n76)  rnd16=95%(n83)  rnd17=86%(n80)  rnd18=91%(n74)  rnd19=96%(n77)  rnd2=54%(n76)  rnd20=81%(n75)  rnd21=25%(n85)  rnd22=92%(n79)  rnd23=50%(n68)  rnd24=78%(n88)  rnd25=93%(n91)  rnd26=91%(n85)  rnd27=11%(n84)  rnd28=96%(n90)  rnd29=56%(n87)  rnd3=93%(n71)  rnd4=93%(n83)  rnd5=49%(n90)  rnd6=88%(n80)  rnd7=97%(n78)  rnd8=97%(n73)  rnd9=74%(n89)
          └ 이동 분포: straight=63%  left=17%  right=19%
Ep 2500/30000 | R= -360.6 | Fuel=836.6mL | Wait= 332s | Steps=43.7 | Reach=87% | ε=0.050 | Loss=235.940 | t=2880s
          ├ 토폴로지 도달률(최근50): gangnam_clean_topology=84%
          ├ OD별 도달률(최근200): rnd0=93%(n74)  rnd1=83%(n77)  rnd10=93%(n73)  rnd11=84%(n85)  rnd12=18%(n84)  rnd13=66%(n83)  rnd14=47%(n85)  rnd15=69%(n81)  rnd16=95%(n88)  rnd17=87%(n82)  rnd18=91%(n77)  rnd19=96%(n81)  rnd2=56%(n80)  rnd20=82%(n78)  rnd21=24%(n91)  rnd22=93%(n82)  rnd23=49%(n69)  rnd24=79%(n90)  rnd25=93%(n91)  rnd26=91%(n88)  rnd27=13%(n89)  rnd28=96%(n91)  rnd29=58%(n90)  rnd3=93%(n74)  rnd4=93%(n85)  rnd5=51%(n94)  rnd6=89%(n89)  rnd7=98%(n80)  rnd8=97%(n77)  rnd9=74%(n92)
          └ 이동 분포: straight=64%  left=18%  right=18%
  [체크포인트] model_rl_base_ep2500.pth
Ep 2600/30000 | R= -221.8 | Fuel=809.0mL | Wait= 290s | Steps=45.9 | Reach=96% | ε=0.050 | Loss=212.016 | t=2928s
          ├ 토폴로지 도달률(최근50): gangnam_clean_topology=94%
          ├ OD별 도달률(최근200): rnd0=94%(n80)  rnd1=84%(n79)  rnd10=94%(n79)  rnd11=84%(n90)  rnd12=18%(n84)  rnd13=68%(n88)  rnd14=47%(n85)  rnd15=70%(n83)  rnd16=96%(n92)  rnd17=88%(n88)  rnd18=92%(n83)  rnd19=96%(n83)  rnd2=57%(n81)  rnd20=83%(n82)  rnd21=27%(n99)  rnd22=93%(n85)  rnd23=51%(n71)  rnd24=79%(n92)  rnd25=93%(n92)  rnd26=91%(n89)  rnd27=14%(n91)  rnd28=96%(n96)  rnd29=60%(n94)  rnd3=94%(n79)  rnd4=93%(n87)  rnd5=53%(n98)  rnd6=89%(n92)  rnd7=98%(n83)  rnd8=98%(n80)  rnd9=75%(n95)
          └ 이동 분포: straight=65%  left=18%  right=17%
Ep 2700/30000 | R= -162.9 | Fuel=742.1mL | Wait= 251s | Steps=42.3 | Reach=91% | ε=0.050 | Loss=222.291 | t=2973s
          ├ 토폴로지 도달률(최근50): gangnam_clean_topology=88%
          ├ OD별 도달률(최근200): rnd0=94%(n81)  rnd1=84%(n83)  rnd10=94%(n82)  rnd11=85%(n93)  rnd12=20%(n88)  rnd13=68%(n88)  rnd14=49%(n88)  rnd15=71%(n87)  rnd16=96%(n97)  rnd17=88%(n90)  rnd18=92%(n88)  rnd19=96%(n83)  rnd2=57%(n81)  rnd20=84%(n85)  rnd21=26%(n102)  rnd22=93%(n86)  rnd23=51%(n74)  rnd24=80%(n95)  rnd25=94%(n99)  rnd26=91%(n92)  rnd27=14%(n95)  rnd28=96%(n102)  rnd29=62%(n100)  rnd3=94%(n83)  rnd4=93%(n90)  rnd5=54%(n101)  rnd6=90%(n98)  rnd7=98%(n89)  rnd8=98%(n82)  rnd9=76%(n98)
          └ 이동 분포: straight=64%  left=18%  right=18%
Ep 2800/30000 | R= -156.2 | Fuel=776.9mL | Wait= 234s | Steps=42.5 | Reach=93% | ε=0.050 | Loss=171.255 | t=3017s
          ├ 토폴로지 도달률(최근50): gangnam_clean_topology=98%
          ├ OD별 도달률(최근200): rnd0=94%(n83)  rnd1=86%(n90)  rnd10=94%(n83)  rnd11=85%(n96)  rnd12=21%(n89)  rnd13=69%(n91)  rnd14=50%(n90)  rnd15=72%(n90)  rnd16=96%(n103)  rnd17=88%(n95)  rnd18=93%(n95)  rnd19=96%(n84)  rnd2=60%(n87)  rnd20=84%(n87)  rnd21=27%(n107)  rnd22=93%(n88)  rnd23=52%(n77)  rnd24=80%(n96)  rnd25=94%(n101)  rnd26=92%(n97)  rnd27=14%(n99)  rnd28=96%(n105)  rnd29=63%(n104)  rnd3=94%(n86)  rnd4=94%(n93)  rnd5=57%(n106)  rnd6=90%(n101)  rnd7=98%(n92)  rnd8=98%(n85)  rnd9=76%(n100)
          └ 이동 분포: straight=65%  left=17%  right=17%
Ep 2900/30000 | R= -256.0 | Fuel=882.6mL | Wait= 290s | Steps=48.8 | Reach=97% | ε=0.050 | Loss=179.510 | t=3077s
          ├ 토폴로지 도달률(최근50): gangnam_clean_topology=96%
          ├ OD별 도달률(최근200): rnd0=94%(n86)  rnd1=86%(n92)  rnd10=94%(n83)  rnd11=86%(n97)  rnd12=25%(n93)  rnd13=70%(n93)  rnd14=51%(n92)  rnd15=73%(n94)  rnd16=96%(n107)  rnd17=89%(n98)  rnd18=93%(n98)  rnd19=97%(n89)  rnd2=61%(n90)  rnd20=84%(n90)  rnd21=31%(n114)  rnd22=93%(n92)  rnd23=52%(n77)  rnd24=81%(n102)  rnd25=94%(n107)  rnd26=92%(n100)  rnd27=16%(n104)  rnd28=96%(n109)  rnd29=64%(n107)  rnd3=95%(n92)  rnd4=94%(n93)  rnd5=59%(n112)  rnd6=90%(n103)  rnd7=98%(n95)  rnd8=98%(n89)  rnd9=76%(n102)
          └ 이동 분포: straight=66%  left=17%  right=17%
Ep 3000/30000 | R= -190.8 | Fuel=809.5mL | Wait= 249s | Steps=42.6 | Reach=96% | ε=0.050 | Loss=163.621 | t=3135s
          ├ 토폴로지 도달률(최근50): gangnam_clean_topology=96%
          ├ OD별 도달률(최근200): rnd0=95%(n92)  rnd1=86%(n93)  rnd10=94%(n86)  rnd11=86%(n101)  rnd12=26%(n94)  rnd13=72%(n99)  rnd14=54%(n98)  rnd15=75%(n99)  rnd16=96%(n111)  rnd17=89%(n100)  rnd18=93%(n102)  rnd19=97%(n91)  rnd2=63%(n94)  rnd20=85%(n94)  rnd21=32%(n117)  rnd22=94%(n93)  rnd23=52%(n80)  rnd24=81%(n102)  rnd25=95%(n110)  rnd26=92%(n100)  rnd27=18%(n108)  rnd28=96%(n112)  rnd29=66%(n111)  rnd3=95%(n95)  rnd4=94%(n96)  rnd5=61%(n117)  rnd6=90%(n105)  rnd7=98%(n100)  rnd8=98%(n93)  rnd9=78%(n107)
          └ 이동 분포: straight=65%  left=17%  right=18%
Ep 3100/30000 | R=  -87.8 | Fuel=767.1mL | Wait= 238s | Steps=41.0 | Reach=99% | ε=0.050 | Loss=157.446 | t=3189s
          ├ 토폴로지 도달률(최근50): gangnam_clean_topology=98%
          ├ OD별 도달률(최근200): rnd0=95%(n96)  rnd1=86%(n95)  rnd10=94%(n89)  rnd11=87%(n105)  rnd12=27%(n96)  rnd13=73%(n102)  rnd14=57%(n105)  rnd15=75%(n102)  rnd16=97%(n115)  rnd17=89%(n104)  rnd18=93%(n104)  rnd19=97%(n96)  rnd2=64%(n96)  rnd20=86%(n100)  rnd21=33%(n119)  rnd22=94%(n96)  rnd23=53%(n83)  rnd24=82%(n104)  rnd25=95%(n115)  rnd26=92%(n103)  rnd27=21%(n112)  rnd28=97%(n115)  rnd29=66%(n111)  rnd3=95%(n98)  rnd4=94%(n99)  rnd5=62%(n120)  rnd6=91%(n110)  rnd7=98%(n105)  rnd8=98%(n96)  rnd9=78%(n109)
          └ 이동 분포: straight=65%  left=18%  right=17%
Ep 3200/30000 | R=  -68.6 | Fuel=741.5mL | Wait= 207s | Steps=38.7 | Reach=98% | ε=0.050 | Loss=164.978 | t=3212s
          ├ 토폴로지 도달률(최근50): gangnam_clean_topology=96%
          ├ OD별 도달률(최근200): rnd0=95%(n101)  rnd1=87%(n99)  rnd10=95%(n92)  rnd11=87%(n105)  rnd12=29%(n98)  rnd13=73%(n105)  rnd14=59%(n110)  rnd15=76%(n103)  rnd16=97%(n118)  rnd17=89%(n104)  rnd18=94%(n109)  rnd19=97%(n100)  rnd2=65%(n99)  rnd20=87%(n106)  rnd21=36%(n126)  rnd22=94%(n98)  rnd23=53%(n86)  rnd24=82%(n105)  rnd25=95%(n119)  rnd26=92%(n106)  rnd27=22%(n114)  rnd28=97%(n119)  rnd29=67%(n114)  rnd3=95%(n100)  rnd4=94%(n102)  rnd5=63%(n126)  rnd6=91%(n116)  rnd7=98%(n108)  rnd8=98%(n101)  rnd9=78%(n111)
          └ 이동 분포: straight=68%  left=15%  right=17%
Ep 3300/30000 | R=  -69.3 | Fuel=746.7mL | Wait= 206s | Steps=41.2 | Reach=98% | ε=0.050 | Loss=156.541 | t=3237s
          ├ 토폴로지 도달률(최근50): gangnam_clean_topology=98%
          ├ OD별 도달률(최근200): rnd0=95%(n107)  rnd1=87%(n100)  rnd10=95%(n93)  rnd11=87%(n108)  rnd12=31%(n101)  rnd13=74%(n107)  rnd14=60%(n112)  rnd15=76%(n105)  rnd16=97%(n120)  rnd17=90%(n106)  rnd18=94%(n112)  rnd19=97%(n105)  rnd2=65%(n101)  rnd20=87%(n108)  rnd21=38%(n133)  rnd22=94%(n100)  rnd23=57%(n92)  rnd24=81%(n108)  rnd25=95%(n122)  rnd26=93%(n109)  rnd27=23%(n115)  rnd28=97%(n123)  rnd29=68%(n119)  rnd3=95%(n103)  rnd4=94%(n105)  rnd5=66%(n134)  rnd6=92%(n119)  rnd7=98%(n116)  rnd8=98%(n104)  rnd9=79%(n113)
          └ 이동 분포: straight=66%  left=16%  right=18%
Ep 3400/30000 | R= -124.4 | Fuel=779.3mL | Wait= 223s | Steps=39.6 | Reach=99% | ε=0.050 | Loss=139.738 | t=3261s
          ├ 토폴로지 도달률(최근50): gangnam_clean_topology=98%
          ├ OD별 도달률(최근200): rnd0=95%(n109)  rnd1=87%(n103)  rnd10=95%(n100)  rnd11=87%(n111)  rnd12=32%(n103)  rnd13=75%(n113)  rnd14=61%(n114)  rnd15=77%(n110)  rnd16=97%(n123)  rnd17=90%(n108)  rnd18=94%(n117)  rnd19=97%(n106)  rnd2=66%(n103)  rnd20=87%(n111)  rnd21=39%(n135)  rnd22=94%(n104)  rnd23=58%(n95)  rnd24=82%(n113)  rnd25=95%(n126)  rnd26=93%(n112)  rnd27=23%(n115)  rnd28=97%(n131)  rnd29=69%(n121)  rnd3=95%(n105)  rnd4=95%(n112)  rnd5=66%(n137)  rnd6=92%(n119)  rnd7=98%(n120)  rnd8=98%(n107)  rnd9=79%(n117)
          └ 이동 분포: straight=63%  left=19%  right=18%
Ep 3500/30000 | R=  -18.5 | Fuel=765.3mL | Wait= 230s | Steps=39.2 | Reach=99% | ε=0.050 | Loss=138.383 | t=3289s
          ├ 토폴로지 도달률(최근50): gangnam_clean_topology=98%
          ├ OD별 도달률(최근200): rnd0=96%(n114)  rnd1=88%(n105)  rnd10=95%(n102)  rnd11=88%(n115)  rnd12=34%(n106)  rnd13=77%(n121)  rnd14=62%(n119)  rnd15=78%(n116)  rnd16=97%(n127)  rnd17=90%(n109)  rnd18=94%(n121)  rnd19=97%(n109)  rnd2=66%(n103)  rnd20=88%(n116)  rnd21=39%(n137)  rnd22=94%(n105)  rnd23=58%(n98)  rnd24=83%(n116)  rnd25=95%(n129)  rnd26=93%(n117)  rnd27=23%(n115)  rnd28=97%(n136)  rnd29=70%(n125)  rnd3=95%(n110)  rnd4=95%(n115)  rnd5=67%(n138)  rnd6=92%(n126)  rnd7=98%(n121)  rnd8=98%(n110)  rnd9=80%(n119)
          └ 이동 분포: straight=68%  left=15%  right=17%
Ep 3600/30000 | R= -188.0 | Fuel=801.1mL | Wait= 241s | Steps=43.0 | Reach=97% | ε=0.050 | Loss=114.661 | t=3325s
          ├ 토폴로지 도달률(최근50): gangnam_clean_topology=96%
          ├ OD별 도달률(최근200): rnd0=96%(n115)  rnd1=88%(n106)  rnd10=95%(n104)  rnd11=88%(n120)  rnd12=35%(n107)  rnd13=78%(n126)  rnd14=63%(n123)  rnd15=79%(n118)  rnd16=97%(n130)  rnd17=90%(n113)  rnd18=94%(n124)  rnd19=97%(n110)  rnd2=67%(n106)  rnd20=88%(n119)  rnd21=40%(n141)  rnd22=95%(n111)  rnd23=58%(n101)  rnd24=83%(n121)  rnd25=96%(n135)  rnd26=94%(n124)  rnd27=25%(n120)  rnd28=97%(n140)  rnd29=70%(n128)  rnd3=96%(n114)  rnd4=95%(n117)  rnd5=68%(n142)  rnd6=92%(n129)  rnd7=98%(n123)  rnd8=98%(n113)  rnd9=80%(n120)
          └ 이동 분포: straight=65%  left=17%  right=19%
Ep 3700/30000 | R= -167.8 | Fuel=836.5mL | Wait= 276s | Steps=44.8 | Reach=97% | ε=0.050 | Loss=115.198 | t=3357s
          ├ 토폴로지 도달률(최근50): gangnam_clean_topology=96%
          ├ OD별 도달률(최근200): rnd0=96%(n119)  rnd1=88%(n107)  rnd10=95%(n107)  rnd11=89%(n124)  rnd12=36%(n110)  rnd13=78%(n131)  rnd14=65%(n127)  rnd15=80%(n122)  rnd16=97%(n136)  rnd17=91%(n120)  rnd18=95%(n130)  rnd19=97%(n112)  rnd2=68%(n109)  rnd20=89%(n123)  rnd21=41%(n144)  rnd22=95%(n112)  rnd23=58%(n103)  rnd24=84%(n122)  rnd25=96%(n136)  rnd26=94%(n129)  rnd27=29%(n127)  rnd28=97%(n142)  rnd29=71%(n131)  rnd3=96%(n117)  rnd4=95%(n121)  rnd5=68%(n145)  rnd6=92%(n130)  rnd7=98%(n127)  rnd8=98%(n115)  rnd9=80%(n122)
          └ 이동 분포: straight=65%  left=17%  right=18%
Ep 3800/30000 | R=   -3.8 | Fuel=710.0mL | Wait= 229s | Steps=37.9 | Reach=96% | ε=0.050 | Loss=118.111 | t=3379s
          ├ 토폴로지 도달률(최근50): gangnam_clean_topology=98%
          ├ OD별 도달률(최근200): rnd0=96%(n123)  rnd1=88%(n112)  rnd10=95%(n110)  rnd11=89%(n129)  rnd12=38%(n112)  rnd13=79%(n138)  rnd14=65%(n127)  rnd15=80%(n124)  rnd16=97%(n141)  rnd17=91%(n126)  rnd18=95%(n134)  rnd19=97%(n117)  rnd2=69%(n112)  rnd20=89%(n125)  rnd21=40%(n148)  rnd22=95%(n113)  rnd23=60%(n107)  rnd24=84%(n122)  rnd25=96%(n141)  rnd26=94%(n131)  rnd27=30%(n128)  rnd28=97%(n145)  rnd29=72%(n135)  rnd3=96%(n121)  rnd4=95%(n124)  rnd5=69%(n148)  rnd6=92%(n132)  rnd7=98%(n129)  rnd8=98%(n117)  rnd9=81%(n129)
          └ 이동 분포: straight=67%  left=17%  right=17%
Ep 3900/30000 | R=  -17.5 | Fuel=735.9mL | Wait= 212s | Steps=39.1 | Reach=98% | ε=0.050 | Loss=113.807 | t=3403s
          ├ 토폴로지 도달률(최근50): gangnam_clean_topology=98%
          ├ OD별 도달률(최근200): rnd0=96%(n124)  rnd1=89%(n117)  rnd10=95%(n111)  rnd11=90%(n134)  rnd12=40%(n116)  rnd13=79%(n141)  rnd14=66%(n133)  rnd15=80%(n125)  rnd16=97%(n143)  rnd17=92%(n132)  rnd18=95%(n138)  rnd19=98%(n123)  rnd2=69%(n116)  rnd20=89%(n126)  rnd21=40%(n150)  rnd22=95%(n120)  rnd23=60%(n107)  rnd24=84%(n123)  rnd25=96%(n146)  rnd26=94%(n138)  rnd27=31%(n130)  rnd28=97%(n149)  rnd29=72%(n137)  rnd3=96%(n124)  rnd4=95%(n125)  rnd5=70%(n151)  rnd6=93%(n136)  rnd7=98%(n133)  rnd8=98%(n119)  rnd9=82%(n133)
          └ 이동 분포: straight=67%  left=17%  right=17%
Ep 4000/30000 | R=  -20.5 | Fuel=706.3mL | Wait= 237s | Steps=37.0 | Reach=99% | ε=0.050 | Loss=107.990 | t=3426s
          ├ 토폴로지 도달률(최근50): gangnam_clean_topology=98%
          ├ OD별 도달률(최근200): rnd0=96%(n125)  rnd1=89%(n120)  rnd10=96%(n114)  rnd11=90%(n136)  rnd12=41%(n118)  rnd13=80%(n146)  rnd14=67%(n137)  rnd15=80%(n128)  rnd16=97%(n146)  rnd17=92%(n135)  rnd18=95%(n144)  rnd19=98%(n127)  rnd2=69%(n117)  rnd20=89%(n131)  rnd21=40%(n152)  rnd22=95%(n126)  rnd23=61%(n111)  rnd24=84%(n126)  rnd25=96%(n152)  rnd26=94%(n139)  rnd27=31%(n131)  rnd28=97%(n152)  rnd29=73%(n140)  rnd3=96%(n127)  rnd4=95%(n129)  rnd5=70%(n153)  rnd6=93%(n137)  rnd7=99%(n138)  rnd8=98%(n126)  rnd9=82%(n137)
          └ 이동 분포: straight=66%  left=16%  right=18%
Ep 4100/30000 | R=   13.2 | Fuel=722.9mL | Wait= 208s | Steps=38.0 | Reach=98% | ε=0.050 | Loss=102.005 | t=3456s
          ├ 토폴로지 도달률(최근50): gangnam_clean_topology=96%
          ├ OD별 도달률(최근200): rnd0=96%(n129)  rnd1=90%(n124)  rnd10=96%(n119)  rnd11=90%(n137)  rnd12=43%(n122)  rnd13=80%(n148)  rnd14=68%(n141)  rnd15=81%(n130)  rnd16=97%(n151)  rnd17=92%(n144)  rnd18=95%(n144)  rnd19=98%(n129)  rnd2=70%(n119)  rnd20=90%(n135)  rnd21=40%(n156)  rnd22=95%(n128)  rnd23=63%(n117)  rnd24=84%(n129)  rnd25=96%(n153)  rnd26=94%(n141)  rnd27=32%(n132)  rnd28=97%(n154)  rnd29=74%(n144)  rnd3=96%(n131)  rnd4=95%(n132)  rnd5=71%(n156)  rnd6=93%(n143)  rnd7=99%(n142)  rnd8=98%(n131)  rnd9=83%(n139)
          └ 이동 분포: straight=66%  left=17%  right=18%
Ep 4200/30000 | R=  -17.6 | Fuel=729.5mL | Wait= 233s | Steps=39.0 | Reach=95% | ε=0.050 | Loss=96.638 | t=3489s
          ├ 토폴로지 도달률(최근50): gangnam_clean_topology=92%
          ├ OD별 도달률(최근200): rnd0=96%(n134)  rnd1=90%(n128)  rnd10=96%(n120)  rnd11=90%(n139)  rnd12=44%(n125)  rnd13=81%(n150)  rnd14=68%(n142)  rnd15=81%(n133)  rnd16=97%(n152)  rnd17=92%(n146)  rnd18=95%(n149)  rnd19=98%(n131)  rnd2=71%(n123)  rnd20=90%(n136)  rnd21=39%(n160)  rnd22=95%(n132)  rnd23=63%(n117)  rnd24=85%(n135)  rnd25=96%(n156)  rnd26=94%(n144)  rnd27=33%(n135)  rnd28=97%(n159)  rnd29=74%(n149)  rnd3=96%(n139)  rnd4=95%(n133)  rnd5=71%(n159)  rnd6=93%(n147)  rnd7=99%(n149)  rnd8=99%(n135)  rnd9=83%(n143)
          └ 이동 분포: straight=65%  left=17%  right=17%
Ep 4300/30000 | R=  -88.5 | Fuel=756.2mL | Wait= 248s | Steps=39.8 | Reach=97% | ε=0.050 | Loss=86.602 | t=3522s
          ├ 토폴로지 도달률(최근50): gangnam_clean_topology=98%
          ├ OD별 도달률(최근200): rnd0=96%(n139)  rnd1=90%(n129)  rnd10=96%(n126)  rnd11=90%(n142)  rnd12=44%(n126)  rnd13=81%(n152)  rnd14=69%(n146)  rnd15=82%(n137)  rnd16=97%(n155)  rnd17=93%(n150)  rnd18=95%(n155)  rnd19=98%(n137)  rnd2=71%(n125)  rnd20=90%(n138)  rnd21=39%(n165)  rnd22=96%(n134)  rnd23=65%(n122)  rnd24=85%(n137)  rnd25=96%(n158)  rnd26=94%(n145)  rnd27=35%(n139)  rnd28=98%(n161)  rnd29=75%(n154)  rnd3=96%(n142)  rnd4=96%(n139)  rnd5=72%(n162)  rnd6=93%(n148)  rnd7=99%(n151)  rnd8=99%(n140)  rnd9=84%(n146)
          └ 이동 분포: straight=65%  left=17%  right=18%
Ep 4400/30000 | R= -139.3 | Fuel=760.0mL | Wait= 252s | Steps=40.4 | Reach=94% | ε=0.050 | Loss=91.714 | t=3552s
          ├ 토폴로지 도달률(최근50): gangnam_clean_topology=98%
          ├ OD별 도달률(최근200): rnd0=96%(n142)  rnd1=90%(n132)  rnd10=96%(n129)  rnd11=91%(n148)  rnd12=45%(n127)  rnd13=81%(n153)  rnd14=70%(n150)  rnd15=82%(n139)  rnd16=97%(n156)  rnd17=93%(n152)  rnd18=96%(n157)  rnd19=98%(n142)  rnd2=72%(n127)  rnd20=90%(n140)  rnd21=39%(n171)  rnd22=96%(n135)  rnd23=66%(n128)  rnd24=86%(n142)  rnd25=96%(n165)  rnd26=95%(n146)  rnd27=37%(n144)  rnd28=98%(n163)  rnd29=76%(n159)  rnd3=97%(n150)  rnd4=96%(n143)  rnd5=72%(n164)  rnd6=93%(n152)  rnd7=99%(n154)  rnd8=99%(n144)  rnd9=84%(n146)
          └ 이동 분포: straight=66%  left=16%  right=18%
Ep 4500/30000 | R=   -3.0 | Fuel=730.2mL | Wait= 236s | Steps=36.9 | Reach=95% | ε=0.050 | Loss=88.549 | t=3581s
          ├ 토폴로지 도달률(최근50): gangnam_clean_topology=94%
          ├ OD별 도달률(최근200): rnd0=97%(n143)  rnd1=90%(n132)  rnd10=96%(n134)  rnd11=91%(n148)  rnd12=45%(n130)  rnd13=81%(n156)  rnd14=71%(n153)  rnd15=83%(n144)  rnd16=97%(n158)  rnd17=93%(n156)  rnd18=96%(n164)  rnd19=98%(n144)  rnd2=73%(n133)  rnd20=90%(n141)  rnd21=38%(n176)  rnd22=96%(n136)  rnd23=67%(n132)  rnd24=86%(n144)  rnd25=96%(n168)  rnd26=95%(n149)  rnd27=38%(n146)  rnd28=98%(n168)  rnd29=77%(n162)  rnd3=97%(n152)  rnd4=96%(n148)  rnd5=73%(n171)  rnd6=94%(n158)  rnd7=99%(n158)  rnd8=99%(n146)  rnd9=84%(n150)
          └ 이동 분포: straight=65%  left=17%  right=18%
Ep 4600/30000 | R=  -14.9 | Fuel=729.9mL | Wait= 244s | Steps=38.7 | Reach=96% | ε=0.050 | Loss=87.090 | t=3611s
          ├ 토폴로지 도달률(최근50): gangnam_clean_topology=94%
          ├ OD별 도달률(최근200): rnd0=97%(n144)  rnd1=90%(n132)  rnd10=96%(n138)  rnd11=91%(n149)  rnd12=47%(n134)  rnd13=82%(n157)  rnd14=71%(n155)  rnd15=83%(n147)  rnd16=98%(n160)  rnd17=93%(n162)  rnd18=96%(n166)  rnd19=98%(n147)  rnd2=74%(n139)  rnd20=90%(n144)  rnd21=37%(n180)  rnd22=96%(n141)  rnd23=67%(n134)  rnd24=86%(n148)  rnd25=96%(n171)  rnd26=95%(n153)  rnd27=38%(n147)  rnd28=98%(n169)  rnd29=77%(n167)  rnd3=97%(n157)  rnd4=96%(n151)  rnd5=74%(n178)  rnd6=94%(n163)  rnd7=99%(n161)  rnd8=99%(n153)  rnd9=84%(n153)
          └ 이동 분포: straight=66%  left=16%  right=17%
Ep 4700/30000 | R=  -68.1 | Fuel=748.5mL | Wait= 251s | Steps=38.7 | Reach=94% | ε=0.050 | Loss=85.333 | t=3641s
          ├ 토폴로지 도달률(최근50): gangnam_clean_topology=96%
          ├ OD별 도달률(최근200): rnd0=97%(n144)  rnd1=90%(n134)  rnd10=97%(n143)  rnd11=91%(n151)  rnd12=49%(n139)  rnd13=82%(n158)  rnd14=71%(n156)  rnd15=83%(n151)  rnd16=98%(n163)  rnd17=93%(n166)  rnd18=96%(n174)  rnd19=98%(n150)  rnd2=75%(n145)  rnd20=90%(n147)  rnd21=36%(n185)  rnd22=96%(n147)  rnd23=67%(n136)  rnd24=87%(n149)  rnd25=97%(n177)  rnd26=95%(n156)  rnd27=40%(n152)  rnd28=98%(n172)  rnd29=78%(n171)  rnd3=97%(n160)  rnd4=96%(n155)  rnd5=75%(n182)  rnd6=94%(n164)  rnd7=99%(n165)  rnd8=99%(n155)  rnd9=84%(n153)
          └ 이동 분포: straight=66%  left=17%  right=17%
Ep 4800/30000 | R= -305.2 | Fuel=815.9mL | Wait= 249s | Steps=42.7 | Reach=95% | ε=0.050 | Loss=80.093 | t=3675s
          ├ 토폴로지 도달률(최근50): gangnam_clean_topology=96%
          ├ OD별 도달률(최근200): rnd0=97%(n147)  rnd1=91%(n139)  rnd10=97%(n147)  rnd11=91%(n158)  rnd12=49%(n140)  rnd13=82%(n161)  rnd14=72%(n161)  rnd15=84%(n155)  rnd16=98%(n166)  rnd17=94%(n170)  rnd18=96%(n180)  rnd19=98%(n153)  rnd2=75%(n146)  rnd20=91%(n151)  rnd21=35%(n189)  rnd22=96%(n150)  rnd23=68%(n141)  rnd24=87%(n149)  rnd25=97%(n182)  rnd26=95%(n163)  rnd27=41%(n156)  rnd28=98%(n173)  rnd29=78%(n172)  rnd3=97%(n161)  rnd4=96%(n156)  rnd5=75%(n185)  rnd6=94%(n171)  rnd7=99%(n168)  rnd8=99%(n157)  rnd9=84%(n153)
          └ 이동 분포: straight=64%  left=17%  right=19%
Ep 4900/30000 | R=  -64.7 | Fuel=757.2mL | Wait= 219s | Steps=38.5 | Reach=98% | ε=0.050 | Loss=91.617 | t=3713s
          ├ 토폴로지 도달률(최근50): gangnam_clean_topology=96%
          ├ OD별 도달률(최근200): rnd0=97%(n148)  rnd1=91%(n143)  rnd10=97%(n148)  rnd11=91%(n159)  rnd12=50%(n141)  rnd13=82%(n164)  rnd14=73%(n169)  rnd15=84%(n158)  rnd16=98%(n169)  rnd17=94%(n172)  rnd18=96%(n183)  rnd19=98%(n156)  rnd2=76%(n150)  rnd20=91%(n152)  rnd21=35%(n191)  rnd22=96%(n154)  rnd23=69%(n145)  rnd24=87%(n155)  rnd25=97%(n188)  rnd26=95%(n168)  rnd27=42%(n158)  rnd28=98%(n175)  rnd29=78%(n174)  rnd3=97%(n167)  rnd4=96%(n160)  rnd5=76%(n188)  rnd6=94%(n174)  rnd7=99%(n175)  rnd8=99%(n159)  rnd9=85%(n157)
          └ 이동 분포: straight=64%  left=17%  right=19%
Ep 5000/30000 | R= -250.0 | Fuel=859.3mL | Wait= 283s | Steps=46.3 | Reach=100% | ε=0.050 | Loss=91.338 | t=3750s
          ├ 토폴로지 도달률(최근50): gangnam_clean_topology=100%
          ├ OD별 도달률(최근200): rnd0=97%(n153)  rnd1=91%(n146)  rnd10=97%(n153)  rnd11=91%(n162)  rnd12=50%(n143)  rnd13=83%(n167)  rnd14=74%(n171)  rnd15=84%(n161)  rnd16=98%(n174)  rnd17=94%(n178)  rnd18=96%(n190)  rnd19=98%(n158)  rnd2=76%(n153)  rnd20=91%(n155)  rnd21=35%(n191)  rnd22=96%(n158)  rnd23=70%(n148)  rnd24=88%(n160)  rnd25=97%(n189)  rnd26=95%(n172)  rnd27=44%(n163)  rnd28=98%(n177)  rnd29=79%(n178)  rnd3=97%(n172)  rnd4=96%(n161)  rnd5=76%(n190)  rnd6=94%(n177)  rnd7=99%(n179)  rnd8=99%(n162)  rnd9=85%(n159)
          └ 이동 분포: straight=63%  left=18%  right=20%
  [체크포인트] model_rl_base_ep5000.pth
Ep 5100/30000 | R= -111.8 | Fuel=763.9mL | Wait= 234s | Steps=39.1 | Reach=95% | ε=0.050 | Loss=91.830 | t=3778s
          ├ 토폴로지 도달률(최근50): gangnam_clean_topology=94%
          ├ OD별 도달률(최근200): rnd0=97%(n154)  rnd1=91%(n148)  rnd10=97%(n157)  rnd11=92%(n166)  rnd12=51%(n146)  rnd13=83%(n170)  rnd14=75%(n177)  rnd15=85%(n162)  rnd16=98%(n181)  rnd17=94%(n181)  rnd18=96%(n193)  rnd19=98%(n161)  rnd2=76%(n153)  rnd20=91%(n158)  rnd21=34%(n195)  rnd22=96%(n161)  rnd23=71%(n156)  rnd24=88%(n163)  rnd25=97%(n193)  rnd26=96%(n178)  rnd27=45%(n167)  rnd28=98%(n177)  rnd29=79%(n181)  rnd3=97%(n175)  rnd4=96%(n165)  rnd5=76%(n193)  rnd6=94%(n181)  rnd7=99%(n180)  rnd8=99%(n165)  rnd9=85%(n163)
          └ 이동 분포: straight=65%  left=17%  right=18%
Ep 5200/30000 | R=  -94.5 | Fuel=740.5mL | Wait= 240s | Steps=38.6 | Reach=98% | ε=0.050 | Loss=85.142 | t=3804s
          ├ 토폴로지 도달률(최근50): gangnam_clean_topology=98%
          ├ OD별 도달률(최근200): rnd0=97%(n158)  rnd1=91%(n152)  rnd10=97%(n157)  rnd11=92%(n171)  rnd12=52%(n149)  rnd13=83%(n171)  rnd14=75%(n177)  rnd15=85%(n168)  rnd16=98%(n188)  rnd17=94%(n185)  rnd18=96%(n198)  rnd19=98%(n167)  rnd2=77%(n157)  rnd20=91%(n159)  rnd21=34%(n196)  rnd22=96%(n161)  rnd23=72%(n160)  rnd24=88%(n165)  rnd25=97%(n198)  rnd26=96%(n181)  rnd27=45%(n170)  rnd28=98%(n184)  rnd29=79%(n184)  rnd3=97%(n177)  rnd4=96%(n165)  rnd5=77%(n198)  rnd6=95%(n187)  rnd7=99%(n182)  rnd8=99%(n170)  rnd9=85%(n165)
          └ 이동 분포: straight=65%  left=17%  right=17%
Ep 5300/30000 | R=  -62.2 | Fuel=743.0mL | Wait= 223s | Steps=38.6 | Reach=95% | ε=0.050 | Loss=83.595 | t=3828s
          ├ 토폴로지 도달률(최근50): gangnam_clean_topology=96%
          ├ OD별 도달률(최근200): rnd0=97%(n163)  rnd1=92%(n154)  rnd10=97%(n160)  rnd11=92%(n174)  rnd12=53%(n152)  rnd13=83%(n172)  rnd14=75%(n180)  rnd15=85%(n170)  rnd16=98%(n190)  rnd17=94%(n187)  rnd18=97%(n200)  rnd19=98%(n175)  rnd2=78%(n163)  rnd20=91%(n162)  rnd21=34%(n200)  rnd22=96%(n162)  rnd23=72%(n162)  rnd24=88%(n168)  rnd25=98%(n200)  rnd26=96%(n185)  rnd27=46%(n175)  rnd28=98%(n188)  rnd29=80%(n191)  rnd3=97%(n180)  rnd4=96%(n168)  rnd5=78%(n200)  rnd6=95%(n192)  rnd7=99%(n183)  rnd8=99%(n172)  rnd9=86%(n167)
          └ 이동 분포: straight=67%  left=16%  right=17%
Ep 5400/30000 | R=   -1.2 | Fuel=725.9mL | Wait= 211s | Steps=36.4 | Reach=98% | ε=0.050 | Loss=76.707 | t=3849s
          ├ 토폴로지 도달률(최근50): gangnam_clean_topology=98%
          ├ OD별 도달률(최근200): rnd0=97%(n165)  rnd1=92%(n157)  rnd10=97%(n168)  rnd11=92%(n175)  rnd12=54%(n156)  rnd13=83%(n175)  rnd14=76%(n188)  rnd15=86%(n174)  rnd16=98%(n192)  rnd17=94%(n189)  rnd18=99%(n200)  rnd19=98%(n178)  rnd2=78%(n166)  rnd20=92%(n165)  rnd21=34%(n200)  rnd22=96%(n164)  rnd23=72%(n163)  rnd24=88%(n171)  rnd25=98%(n200)  rnd26=96%(n188)  rnd27=46%(n175)  rnd28=98%(n193)  rnd29=80%(n192)  rnd3=97%(n183)  rnd4=97%(n172)  rnd5=80%(n200)  rnd6=95%(n196)  rnd7=99%(n190)  rnd8=99%(n176)  rnd9=86%(n170)
          └ 이동 분포: straight=66%  left=16%  right=18%
Ep 5500/30000 | R=  -50.2 | Fuel=735.3mL | Wait= 223s | Steps=37.4 | Reach=98% | ε=0.050 | Loss=82.198 | t=3872s
          ├ 토폴로지 도달률(최근50): gangnam_clean_topology=98%
          ├ OD별 도달률(최근200): rnd0=97%(n172)  rnd1=92%(n164)  rnd10=97%(n171)  rnd11=92%(n177)  rnd12=54%(n158)  rnd13=84%(n177)  rnd14=77%(n192)  rnd15=86%(n176)  rnd16=98%(n197)  rnd17=94%(n192)  rnd18=100%(n200)  rnd19=98%(n179)  rnd2=79%(n168)  rnd20=92%(n168)  rnd21=35%(n200)  rnd22=96%(n164)  rnd23=73%(n167)  rnd24=89%(n176)  rnd25=100%(n200)  rnd26=96%(n191)  rnd27=47%(n178)  rnd28=98%(n196)  rnd29=80%(n193)  rnd3=97%(n185)  rnd4=97%(n181)  rnd5=82%(n200)  rnd6=95%(n196)  rnd7=99%(n196)  rnd8=99%(n179)  rnd9=86%(n171)
          └ 이동 분포: straight=63%  left=19%  right=18%
Ep 5600/30000 | R=   59.5 | Fuel=707.3mL | Wait= 220s | Steps=36.7 | Reach=97% | ε=0.050 | Loss=80.599 | t=3898s
          ├ 토폴로지 도달률(최근50): gangnam_clean_topology=100%
          ├ OD별 도달률(최근200): rnd0=97%(n174)  rnd1=92%(n167)  rnd10=97%(n174)  rnd11=92%(n177)  rnd12=56%(n163)  rnd13=84%(n179)  rnd14=77%(n193)  rnd15=86%(n178)  rnd16=98%(n199)  rnd17=94%(n193)  rnd18=100%(n200)  rnd19=98%(n182)  rnd2=79%(n174)  rnd20=92%(n172)  rnd21=35%(n200)  rnd22=96%(n168)  rnd23=74%(n174)  rnd24=88%(n179)  rnd25=100%(n200)  rnd26=96%(n194)  rnd27=48%(n182)  rnd28=98%(n198)  rnd29=81%(n195)  rnd3=97%(n187)  rnd4=97%(n184)  rnd5=84%(n200)  rnd6=96%(n200)  rnd7=99%(n200)  rnd8=99%(n182)  rnd9=86%(n176)
          └ 이동 분포: straight=67%  left=16%  right=17%
Ep 5700/30000 | R= -217.1 | Fuel=868.9mL | Wait= 241s | Steps=45.0 | Reach=97% | ε=0.050 | Loss=82.124 | t=3946s
          ├ 토폴로지 도달률(최근50): gangnam_clean_topology=98%
          ├ OD별 도달률(최근200): rnd0=97%(n176)  rnd1=92%(n170)  rnd10=97%(n178)  rnd11=92%(n181)  rnd12=57%(n166)  rnd13=84%(n184)  rnd14=77%(n196)  rnd15=86%(n184)  rnd16=98%(n200)  rnd17=94%(n194)  rnd18=100%(n200)  rnd19=98%(n184)  rnd2=80%(n177)  rnd20=92%(n179)  rnd21=36%(n200)  rnd22=97%(n172)  rnd23=74%(n175)  rnd24=89%(n183)  rnd25=100%(n200)  rnd26=96%(n196)  rnd27=50%(n189)  rnd28=98%(n200)  rnd29=82%(n200)  rnd3=97%(n188)  rnd4=97%(n184)  rnd5=84%(n200)  rnd6=97%(n200)  rnd7=100%(n200)  rnd8=99%(n185)  rnd9=87%(n180)
          └ 이동 분포: straight=63%  left=20%  right=17%
Ep 5800/30000 | R=   15.8 | Fuel=785.8mL | Wait= 237s | Steps=37.5 | Reach=100% | ε=0.050 | Loss=75.153 | t=3986s
          ├ 토폴로지 도달률(최근50): gangnam_clean_topology=100%
          ├ OD별 도달률(최근200): rnd0=97%(n177)  rnd1=93%(n175)  rnd10=97%(n183)  rnd11=93%(n187)  rnd12=57%(n168)  rnd13=85%(n191)  rnd14=77%(n197)  rnd15=87%(n188)  rnd16=98%(n200)  rnd17=94%(n195)  rnd18=100%(n200)  rnd19=98%(n186)  rnd2=80%(n182)  rnd20=92%(n184)  rnd21=36%(n200)  rnd22=97%(n176)  rnd23=75%(n179)  rnd24=89%(n185)  rnd25=100%(n200)  rnd26=96%(n200)  rnd27=51%(n192)  rnd28=99%(n200)  rnd29=84%(n200)  rnd3=97%(n191)  rnd4=97%(n187)  rnd5=86%(n200)  rnd6=98%(n200)  rnd7=100%(n200)  rnd8=99%(n189)  rnd9=87%(n183)
          └ 이동 분포: straight=66%  left=17%  right=18%
Ep 5900/30000 | R= -126.3 | Fuel=787.0mL | Wait= 223s | Steps=41.4 | Reach=97% | ε=0.050 | Loss=76.023 | t=4030s
          ├ 토폴로지 도달률(최근50): gangnam_clean_topology=98%
          ├ OD별 도달률(최근200): rnd0=97%(n178)  rnd1=93%(n178)  rnd10=97%(n186)  rnd11=93%(n191)  rnd12=58%(n173)  rnd13=85%(n193)  rnd14=78%(n200)  rnd15=87%(n190)  rnd16=99%(n200)  rnd17=94%(n196)  rnd18=100%(n200)  rnd19=98%(n187)  rnd2=80%(n187)  rnd20=93%(n190)  rnd21=36%(n200)  rnd22=97%(n179)  rnd23=75%(n181)  rnd24=89%(n189)  rnd25=100%(n200)  rnd26=98%(n200)  rnd27=53%(n198)  rnd28=99%(n200)  rnd29=85%(n200)  rnd3=97%(n194)  rnd4=97%(n188)  rnd5=88%(n200)  rnd6=100%(n200)  rnd7=100%(n200)  rnd8=99%(n195)  rnd9=87%(n189)
          └ 이동 분포: straight=65%  left=16%  right=19%
Ep 6000/30000 | R=   64.9 | Fuel=721.8mL | Wait= 192s | Steps=36.7 | Reach=98% | ε=0.050 | Loss=72.136 | t=4057s
          ├ 토폴로지 도달률(최근50): gangnam_clean_topology=98%
          ├ OD별 도달률(최근200): rnd0=97%(n181)  rnd1=93%(n184)  rnd10=97%(n188)  rnd11=93%(n195)  rnd12=59%(n175)  rnd13=85%(n194)  rnd14=80%(n200)  rnd15=87%(n193)  rnd16=100%(n200)  rnd17=95%(n200)  rnd18=100%(n200)  rnd19=98%(n187)  rnd2=80%(n191)  rnd20=93%(n195)  rnd21=36%(n200)  rnd22=97%(n183)  rnd23=76%(n185)  rnd24=89%(n194)  rnd25=100%(n200)  rnd26=99%(n200)  rnd27=55%(n200)  rnd28=100%(n200)  rnd29=86%(n200)  rnd3=97%(n194)  rnd4=97%(n190)  rnd5=89%(n200)  rnd6=100%(n200)  rnd7=100%(n200)  rnd8=99%(n200)  rnd9=87%(n191)
          └ 이동 분포: straight=65%  left=17%  right=18%
Ep 6100/30000 | R=   18.8 | Fuel=706.4mL | Wait= 190s | Steps=37.6 | Reach=100% | ε=0.050 | Loss=73.066 | t=4088s
          ├ 토폴로지 도달률(최근50): gangnam_clean_topology=100%
          ├ OD별 도달률(최근200): rnd0=97%(n187)  rnd1=93%(n185)  rnd10=97%(n191)  rnd11=95%(n200)  rnd12=60%(n178)  rnd13=85%(n194)  rnd14=84%(n200)  rnd15=87%(n196)  rnd16=100%(n200)  rnd17=98%(n200)  rnd18=100%(n200)  rnd19=98%(n193)  rnd2=81%(n195)  rnd20=93%(n196)  rnd21=36%(n200)  rnd22=97%(n185)  rnd23=76%(n186)  rnd24=89%(n195)  rnd25=100%(n200)  rnd26=100%(n200)  rnd27=55%(n200)  rnd28=100%(n200)  rnd29=87%(n200)  rnd3=97%(n196)  rnd4=97%(n195)  rnd5=90%(n200)  rnd6=100%(n200)  rnd7=100%(n200)  rnd8=100%(n200)  rnd9=88%(n194)
          └ 이동 분포: straight=65%  left=17%  right=18%
Ep 6200/30000 | R=   -6.3 | Fuel=740.0mL | Wait= 220s | Steps=36.6 | Reach=98% | ε=0.050 | Loss=64.320 | t=4123s
          ├ 토폴로지 도달률(최근50): gangnam_clean_topology=98%
          ├ OD별 도달률(최근200): rnd0=97%(n193)  rnd1=93%(n191)  rnd10=97%(n198)  rnd11=98%(n200)  rnd12=60%(n181)  rnd13=85%(n196)  rnd14=86%(n200)  rnd15=88%(n200)  rnd16=100%(n200)  rnd17=98%(n200)  rnd18=100%(n200)  rnd19=98%(n193)  rnd2=81%(n200)  rnd20=93%(n200)  rnd21=34%(n200)  rnd22=97%(n189)  rnd23=76%(n188)  rnd24=89%(n197)  rnd25=100%(n200)  rnd26=100%(n200)  rnd27=56%(n200)  rnd28=100%(n200)  rnd29=88%(n200)  rnd3=99%(n200)  rnd4=97%(n197)  rnd5=91%(n200)  rnd6=100%(n200)  rnd7=100%(n200)  rnd8=100%(n200)  rnd9=88%(n196)
          └ 이동 분포: straight=66%  left=17%  right=17%
Ep 6300/30000 | R=   40.2 | Fuel=709.8mL | Wait= 195s | Steps=35.3 | Reach=96% | ε=0.050 | Loss=70.204 | t=4160s
          ├ 토폴로지 도달률(최근50): gangnam_clean_topology=98%
          ├ OD별 도달률(최근200): rnd0=97%(n195)  rnd1=93%(n195)  rnd10=98%(n200)  rnd11=98%(n200)  rnd12=61%(n186)  rnd13=85%(n198)  rnd14=88%(n200)  rnd15=90%(n200)  rnd16=100%(n200)  rnd17=98%(n200)  rnd18=100%(n200)  rnd19=98%(n198)  rnd2=82%(n200)  rnd20=95%(n200)  rnd21=34%(n200)  rnd22=97%(n192)  rnd23=77%(n192)  rnd24=90%(n200)  rnd25=100%(n200)  rnd26=100%(n200)  rnd27=56%(n200)  rnd28=100%(n200)  rnd29=89%(n200)  rnd3=100%(n200)  rnd4=98%(n200)  rnd5=94%(n200)  rnd6=100%(n200)  rnd7=100%(n200)  rnd8=100%(n200)  rnd9=88%(n200)
          └ 이동 분포: straight=66%  left=17%  right=17%
Ep 6400/30000 | R= -129.4 | Fuel=776.2mL | Wait= 240s | Steps=42.7 | Reach=97% | ε=0.050 | Loss=67.286 | t=4202s
          ├ 토폴로지 도달률(최근50): gangnam_clean_topology=98%
          ├ OD별 도달률(최근200): rnd0=97%(n197)  rnd1=93%(n195)  rnd10=98%(n200)  rnd11=99%(n200)  rnd12=62%(n191)  rnd13=86%(n200)  rnd14=88%(n200)  rnd15=92%(n200)  rnd16=100%(n200)  rnd17=99%(n200)  rnd18=100%(n200)  rnd19=100%(n200)  rnd2=84%(n200)  rnd20=96%(n200)  rnd21=33%(n200)  rnd22=97%(n197)  rnd23=77%(n195)  rnd24=92%(n200)  rnd25=100%(n200)  rnd26=100%(n200)  rnd27=60%(n200)  rnd28=100%(n200)  rnd29=90%(n200)  rnd3=100%(n200)  rnd4=98%(n200)  rnd5=94%(n200)  rnd6=100%(n200)  rnd7=100%(n200)  rnd8=100%(n200)  rnd9=89%(n200)
          └ 이동 분포: straight=64%  left=17%  right=18%
Ep 6500/30000 | R=  -75.4 | Fuel=819.1mL | Wait= 231s | Steps=38.7 | Reach=95% | ε=0.050 | Loss=62.459 | t=4241s
          ├ 토폴로지 도달률(최근50): gangnam_clean_topology=98%
          ├ OD별 도달률(최근200): rnd0=97%(n199)  rnd1=93%(n199)  rnd10=98%(n200)  rnd11=99%(n200)  rnd12=62%(n192)  rnd13=88%(n200)  rnd14=90%(n200)  rnd15=94%(n200)  rnd16=100%(n200)  rnd17=99%(n200)  rnd18=100%(n200)  rnd19=100%(n200)  rnd2=84%(n200)  rnd20=97%(n200)  rnd21=32%(n200)  rnd22=97%(n200)  rnd23=78%(n200)  rnd24=92%(n200)  rnd25=100%(n200)  rnd26=100%(n200)  rnd27=60%(n200)  rnd28=100%(n200)  rnd29=94%(n200)  rnd3=100%(n200)  rnd4=99%(n200)  rnd5=94%(n200)  rnd6=100%(n200)  rnd7=100%(n200)  rnd8=100%(n200)  rnd9=90%(n200)
          └ 이동 분포: straight=65%  left=18%  right=17%
Ep 6600/30000 | R=    6.9 | Fuel=739.6mL | Wait= 225s | Steps=37.2 | Reach=95% | ε=0.050 | Loss=60.013 | t=4264s
          ├ 토폴로지 도달률(최근50): gangnam_clean_topology=96%
          ├ OD별 도달률(최근200): rnd0=98%(n200)  rnd1=98%(n200)  rnd10=98%(n200)  rnd11=99%(n200)  rnd12=63%(n194)  rnd13=89%(n200)  rnd14=90%(n200)  rnd15=94%(n200)  rnd16=100%(n200)  rnd17=100%(n200)  rnd18=100%(n200)  rnd19=100%(n200)  rnd2=86%(n200)  rnd20=98%(n200)  rnd21=32%(n200)  rnd22=98%(n200)  rnd23=78%(n200)  rnd24=94%(n200)  rnd25=100%(n200)  rnd26=100%(n200)  rnd27=62%(n200)  rnd28=100%(n200)  rnd29=95%(n200)  rnd3=100%(n200)  rnd4=100%(n200)  rnd5=96%(n200)  rnd6=100%(n200)  rnd7=100%(n200)  rnd8=100%(n200)  rnd9=94%(n200)
          └ 이동 분포: straight=67%  left=17%  right=17%
Ep 6700/30000 | R=  -64.9 | Fuel=785.7mL | Wait= 240s | Steps=39.7 | Reach=97% | ε=0.050 | Loss=70.320 | t=4288s
          ├ 토폴로지 도달률(최근50): gangnam_clean_topology=96%
          ├ OD별 도달률(최근200): rnd0=99%(n200)  rnd1=100%(n200)  rnd10=98%(n200)  rnd11=99%(n200)  rnd12=63%(n197)  rnd13=90%(n200)  rnd14=92%(n200)  rnd15=95%(n200)  rnd16=100%(n200)  rnd17=100%(n200)  rnd18=100%(n200)  rnd19=100%(n200)  rnd2=86%(n200)  rnd20=99%(n200)  rnd21=31%(n200)  rnd22=99%(n200)  rnd23=78%(n200)  rnd24=96%(n200)  rnd25=100%(n200)  rnd26=100%(n200)  rnd27=64%(n200)  rnd28=100%(n200)  rnd29=96%(n200)  rnd3=100%(n200)  rnd4=100%(n200)  rnd5=98%(n200)  rnd6=100%(n200)  rnd7=100%(n200)  rnd8=100%(n200)  rnd9=96%(n200)
          └ 이동 분포: straight=66%  left=17%  right=17%
Ep 6800/30000 | R=   73.8 | Fuel=692.8mL | Wait= 187s | Steps=35.1 | Reach=94% | ε=0.050 | Loss=65.990 | t=4310s
          ├ 토폴로지 도달률(최근50): gangnam_clean_topology=94%
          ├ OD별 도달률(최근200): rnd0=100%(n200)  rnd1=100%(n200)  rnd10=98%(n200)  rnd11=99%(n200)  rnd12=64%(n200)  rnd13=92%(n200)  rnd14=93%(n200)  rnd15=96%(n200)  rnd16=100%(n200)  rnd17=100%(n200)  rnd18=100%(n200)  rnd19=100%(n200)  rnd2=89%(n200)  rnd20=100%(n200)  rnd21=30%(n200)  rnd22=100%(n200)  rnd23=78%(n200)  rnd24=96%(n200)  rnd25=100%(n200)  rnd26=100%(n200)  rnd27=68%(n200)  rnd28=100%(n200)  rnd29=98%(n200)  rnd3=100%(n200)  rnd4=100%(n200)  rnd5=98%(n200)  rnd6=100%(n200)  rnd7=100%(n200)  rnd8=100%(n200)  rnd9=96%(n200)
          └ 이동 분포: straight=66%  left=18%  right=16%
Ep 6900/30000 | R=   26.5 | Fuel=693.1mL | Wait= 213s | Steps=36.2 | Reach=97% | ε=0.050 | Loss=62.340 | t=4379s
          ├ 토폴로지 도달률(최근50): gangnam_clean_topology=96%
          ├ OD별 도달률(최근200): rnd0=100%(n200)  rnd1=100%(n200)  rnd10=98%(n200)  rnd11=100%(n200)  rnd12=67%(n200)  rnd13=93%(n200)  rnd14=94%(n200)  rnd15=97%(n200)  rnd16=100%(n200)  rnd17=100%(n200)  rnd18=100%(n200)  rnd19=100%(n200)  rnd2=90%(n200)  rnd20=100%(n200)  rnd21=30%(n200)  rnd22=100%(n200)  rnd23=80%(n200)  rnd24=96%(n200)  rnd25=100%(n200)  rnd26=100%(n200)  rnd27=68%(n200)  rnd28=100%(n200)  rnd29=99%(n200)  rnd3=100%(n200)  rnd4=100%(n200)  rnd5=99%(n200)  rnd6=100%(n200)  rnd7=100%(n200)  rnd8=100%(n200)  rnd9=98%(n200)
          └ 이동 분포: straight=65%  left=18%  right=18%
Ep 7000/30000 | R=   55.1 | Fuel=720.2mL | Wait= 199s | Steps=36.7 | Reach=97% | ε=0.050 | Loss=60.799 | t=4418s
          ├ 토폴로지 도달률(최근50): gangnam_clean_topology=100%
          ├ OD별 도달률(최근200): rnd0=100%(n200)  rnd1=100%(n200)  rnd10=98%(n200)  rnd11=100%(n200)  rnd12=70%(n200)  rnd13=95%(n200)  rnd14=95%(n200)  rnd15=98%(n200)  rnd16=100%(n200)  rnd17=100%(n200)  rnd18=100%(n200)  rnd19=100%(n200)  rnd2=92%(n200)  rnd20=100%(n200)  rnd21=30%(n200)  rnd22=100%(n200)  rnd23=80%(n200)  rnd24=97%(n200)  rnd25=100%(n200)  rnd26=100%(n200)  rnd27=70%(n200)  rnd28=100%(n200)  rnd29=99%(n200)  rnd3=100%(n200)  rnd4=100%(n200)  rnd5=100%(n200)  rnd6=100%(n200)  rnd7=100%(n200)  rnd8=100%(n200)  rnd9=98%(n200)
          └ 이동 분포: straight=66%  left=17%  right=17%
Ep 7100/30000 | R=   58.8 | Fuel=708.5mL | Wait= 204s | Steps=34.6 | Reach=97% | ε=0.050 | Loss=56.456 | t=4441s
          ├ 토폴로지 도달률(최근50): gangnam_clean_topology=94%
          ├ OD별 도달률(최근200): rnd0=100%(n200)  rnd1=100%(n200)  rnd10=98%(n200)  rnd11=100%(n200)  rnd12=70%(n200)  rnd13=96%(n200)  rnd14=98%(n200)  rnd15=99%(n200)  rnd16=100%(n200)  rnd17=100%(n200)  rnd18=100%(n200)  rnd19=100%(n200)  rnd2=92%(n200)  rnd20=100%(n200)  rnd21=30%(n200)  rnd22=100%(n200)  rnd23=80%(n200)  rnd24=98%(n200)  rnd25=100%(n200)  rnd26=100%(n200)  rnd27=72%(n200)  rnd28=100%(n200)  rnd29=100%(n200)  rnd3=100%(n200)  rnd4=100%(n200)  rnd5=100%(n200)  rnd6=100%(n200)  rnd7=100%(n200)  rnd8=100%(n200)  rnd9=98%(n200)
          └ 이동 분포: straight=66%  left=16%  right=18%
Ep 7200/30000 | R=  100.3 | Fuel=665.1mL | Wait= 221s | Steps=33.3 | Reach=95% | ε=0.050 | Loss=55.854 | t=4469s
          ├ 토폴로지 도달률(최근50): gangnam_clean_topology=92%
          ├ OD별 도달률(최근200): rnd0=100%(n200)  rnd1=100%(n200)  rnd10=98%(n200)  rnd11=100%(n200)  rnd12=70%(n200)  rnd13=96%(n200)  rnd14=98%(n200)  rnd15=100%(n200)  rnd16=100%(n200)  rnd17=100%(n200)  rnd18=100%(n200)  rnd19=100%(n200)  rnd2=93%(n200)  rnd20=100%(n200)  rnd21=30%(n200)  rnd22=100%(n200)  rnd23=80%(n200)  rnd24=98%(n200)  rnd25=100%(n200)  rnd26=100%(n200)  rnd27=74%(n200)  rnd28=100%(n200)  rnd29=100%(n200)  rnd3=100%(n200)  rnd4=100%(n200)  rnd5=100%(n200)  rnd6=100%(n200)  rnd7=100%(n200)  rnd8=100%(n200)  rnd9=99%(n200)
          └ 이동 분포: straight=67%  left=17%  right=16%
Ep 7300/30000 | R=    8.0 | Fuel=783.9mL | Wait= 206s | Steps=38.4 | Reach=96% | ε=0.050 | Loss=56.145 | t=4524s
          ├ 토폴로지 도달률(최근50): gangnam_clean_topology=92%
          ├ OD별 도달률(최근200): rnd0=100%(n200)  rnd1=100%(n200)  rnd10=98%(n200)  rnd11=100%(n200)  rnd12=71%(n200)  rnd13=98%(n200)  rnd14=100%(n200)  rnd15=100%(n200)  rnd16=100%(n200)  rnd17=100%(n200)  rnd18=100%(n200)  rnd19=100%(n200)  rnd2=94%(n200)  rnd20=100%(n200)  rnd21=30%(n200)  rnd22=100%(n200)  rnd23=80%(n200)  rnd24=99%(n200)  rnd25=100%(n200)  rnd26=100%(n200)  rnd27=76%(n200)  rnd28=100%(n200)  rnd29=100%(n200)  rnd3=100%(n200)  rnd4=100%(n200)  rnd5=100%(n200)  rnd6=100%(n200)  rnd7=100%(n200)  rnd8=100%(n200)  rnd9=99%(n200)
          └ 이동 분포: straight=64%  left=18%  right=18%
Ep 7400/30000 | R=   -0.4 | Fuel=756.3mL | Wait= 245s | Steps=39.0 | Reach=100% | ε=0.050 | Loss=57.410 | t=4569s
          ├ 토폴로지 도달률(최근50): gangnam_clean_topology=100%
          ├ OD별 도달률(최근200): rnd0=100%(n200)  rnd1=100%(n200)  rnd10=98%(n200)  rnd11=100%(n200)  rnd12=72%(n200)  rnd13=98%(n200)  rnd14=100%(n200)  rnd15=100%(n200)  rnd16=100%(n200)  rnd17=100%(n200)  rnd18=100%(n200)  rnd19=100%(n200)  rnd2=96%(n200)  rnd20=100%(n200)  rnd21=30%(n200)  rnd22=100%(n200)  rnd23=80%(n200)  rnd24=99%(n200)  rnd25=100%(n200)  rnd26=100%(n200)  rnd27=78%(n200)  rnd28=100%(n200)  rnd29=100%(n200)  rnd3=100%(n200)  rnd4=100%(n200)  rnd5=100%(n200)  rnd6=100%(n200)  rnd7=100%(n200)  rnd8=100%(n200)  rnd9=99%(n200)
          └ 이동 분포: straight=66%  left=17%  right=18%
Ep 7500/30000 | R=  -39.5 | Fuel=761.2mL | Wait= 234s | Steps=37.1 | Reach=94% | ε=0.050 | Loss=55.927 | t=4631s
          ├ 토폴로지 도달률(최근50): gangnam_clean_topology=96%
          ├ OD별 도달률(최근200): rnd0=100%(n200)  rnd1=100%(n200)  rnd10=98%(n200)  rnd11=100%(n200)  rnd12=74%(n200)  rnd13=98%(n200)  rnd14=100%(n200)  rnd15=100%(n200)  rnd16=100%(n200)  rnd17=100%(n200)  rnd18=100%(n200)  rnd19=100%(n200)  rnd2=96%(n200)  rnd20=100%(n200)  rnd21=30%(n200)  rnd22=100%(n200)  rnd23=82%(n200)  rnd24=99%(n200)  rnd25=100%(n200)  rnd26=100%(n200)  rnd27=80%(n200)  rnd28=100%(n200)  rnd29=100%(n200)  rnd3=100%(n200)  rnd4=100%(n200)  rnd5=100%(n200)  rnd6=100%(n200)  rnd7=100%(n200)  rnd8=100%(n200)  rnd9=100%(n200)
          └ 이동 분포: straight=65%  left=16%  right=19%
  [체크포인트] model_rl_base_ep7500.pth
Ep 7600/30000 | R=   43.8 | Fuel=740.5mL | Wait= 186s | Steps=34.0 | Reach=97% | ε=0.050 | Loss=54.389 | t=4666s
          ├ 토폴로지 도달률(최근50): gangnam_clean_topology=98%
          ├ OD별 도달률(최근200): rnd0=100%(n200)  rnd1=100%(n200)  rnd10=98%(n200)  rnd11=100%(n200)  rnd12=76%(n200)  rnd13=100%(n200)  rnd14=100%(n200)  rnd15=100%(n200)  rnd16=100%(n200)  rnd17=100%(n200)  rnd18=100%(n200)  rnd19=100%(n200)  rnd2=96%(n200)  rnd20=100%(n200)  rnd21=30%(n200)  rnd22=100%(n200)  rnd23=84%(n200)  rnd24=99%(n200)  rnd25=100%(n200)  rnd26=100%(n200)  rnd27=80%(n200)  rnd28=100%(n200)  rnd29=100%(n200)  rnd3=100%(n200)  rnd4=100%(n200)  rnd5=100%(n200)  rnd6=100%(n200)  rnd7=100%(n200)  rnd8=100%(n200)  rnd9=100%(n200)
          └ 이동 분포: straight=66%  left=16%  right=18%
Ep 7700/30000 | R=   62.1 | Fuel=695.5mL | Wait= 206s | Steps=35.3 | Reach=97% | ε=0.050 | Loss=54.809 | t=4691s
          ├ 토폴로지 도달률(최근50): gangnam_clean_topology=96%
          ├ OD별 도달률(최근200): rnd0=100%(n200)  rnd1=100%(n200)  rnd10=98%(n200)  rnd11=100%(n200)  rnd12=76%(n200)  rnd13=100%(n200)  rnd14=100%(n200)  rnd15=100%(n200)  rnd16=100%(n200)  rnd17=100%(n200)  rnd18=100%(n200)  rnd19=100%(n200)  rnd2=97%(n200)  rnd20=100%(n200)  rnd21=30%(n200)  rnd22=100%(n200)  rnd23=84%(n200)  rnd24=99%(n200)  rnd25=100%(n200)  rnd26=100%(n200)  rnd27=82%(n200)  rnd28=100%(n200)  rnd29=100%(n200)  rnd3=100%(n200)  rnd4=100%(n200)  rnd5=100%(n200)  rnd6=100%(n200)  rnd7=100%(n200)  rnd8=100%(n200)  rnd9=100%(n200)
          └ 이동 분포: straight=66%  left=18%  right=17%
Ep 7800/30000 | R=  -79.8 | Fuel=708.8mL | Wait= 224s | Steps=35.1 | Reach=96% | ε=0.050 | Loss=55.259 | t=4726s
          ├ 토폴로지 도달률(최근50): gangnam_clean_topology=96%
          ├ OD별 도달률(최근200): rnd0=100%(n200)  rnd1=100%(n200)  rnd10=99%(n200)  rnd11=100%(n200)  rnd12=78%(n200)  rnd13=100%(n200)  rnd14=100%(n200)  rnd15=100%(n200)  rnd16=100%(n200)  rnd17=100%(n200)  rnd18=100%(n200)  rnd19=100%(n200)  rnd2=98%(n200)  rnd20=100%(n200)  rnd21=30%(n200)  rnd22=100%(n200)  rnd23=88%(n200)  rnd24=99%(n200)  rnd25=100%(n200)  rnd26=100%(n200)  rnd27=82%(n200)  rnd28=100%(n200)  rnd29=100%(n200)  rnd3=100%(n200)  rnd4=100%(n200)  rnd5=100%(n200)  rnd6=100%(n200)  rnd7=100%(n200)  rnd8=100%(n200)  rnd9=100%(n200)
          └ 이동 분포: straight=65%  left=17%  right=18%
Ep 7900/30000 | R=   53.0 | Fuel=711.2mL | Wait= 217s | Steps=36.3 | Reach=99% | ε=0.050 | Loss=51.986 | t=4765s
          ├ 토폴로지 도달률(최근50): gangnam_clean_topology=98%
          ├ OD별 도달률(최근200): rnd0=100%(n200)  rnd1=100%(n200)  rnd10=100%(n200)  rnd11=100%(n200)  rnd12=79%(n200)  rnd13=100%(n200)  rnd14=100%(n200)  rnd15=100%(n200)  rnd16=100%(n200)  rnd17=100%(n200)  rnd18=100%(n200)  rnd19=100%(n200)  rnd2=98%(n200)  rnd20=100%(n200)  rnd21=30%(n200)  rnd22=100%(n200)  rnd23=90%(n200)  rnd24=99%(n200)  rnd25=100%(n200)  rnd26=100%(n200)  rnd27=84%(n200)  rnd28=100%(n200)  rnd29=100%(n200)  rnd3=100%(n200)  rnd4=100%(n200)  rnd5=100%(n200)  rnd6=100%(n200)  rnd7=100%(n200)  rnd8=100%(n200)  rnd9=100%(n200)
          └ 이동 분포: straight=66%  left=17%  right=16%
Ep 8000/30000 | R=   51.1 | Fuel=739.3mL | Wait= 204s | Steps=35.4 | Reach=96% | ε=0.050 | Loss=50.582 | t=4803s
          ├ 토폴로지 도달률(최근50): gangnam_clean_topology=100%
          ├ OD별 도달률(최근200): rnd0=100%(n200)  rnd1=100%(n200)  rnd10=100%(n200)  rnd11=100%(n200)  rnd12=80%(n200)  rnd13=100%(n200)  rnd14=100%(n200)  rnd15=100%(n200)  rnd16=100%(n200)  rnd17=100%(n200)  rnd18=100%(n200)  rnd19=100%(n200)  rnd2=98%(n200)  rnd20=100%(n200)  rnd21=30%(n200)  rnd22=100%(n200)  rnd23=90%(n200)  rnd24=99%(n200)  rnd25=100%(n200)  rnd26=100%(n200)  rnd27=85%(n200)  rnd28=100%(n200)  rnd29=100%(n200)  rnd3=100%(n200)  rnd4=100%(n200)  rnd5=100%(n200)  rnd6=100%(n200)  rnd7=100%(n200)  rnd8=100%(n200)  rnd9=100%(n200)
          └ 이동 분포: straight=66%  left=17%  right=17%
Ep 8100/30000 | R=   68.2 | Fuel=690.1mL | Wait= 203s | Steps=34.8 | Reach=95% | ε=0.050 | Loss=49.583 | t=4841s
          ├ 토폴로지 도달률(최근50): gangnam_clean_topology=96%
          ├ OD별 도달률(최근200): rnd0=100%(n200)  rnd1=100%(n200)  rnd10=100%(n200)  rnd11=100%(n200)  rnd12=82%(n200)  rnd13=100%(n200)  rnd14=100%(n200)  rnd15=100%(n200)  rnd16=100%(n200)  rnd17=100%(n200)  rnd18=100%(n200)  rnd19=100%(n200)  rnd2=98%(n200)  rnd20=100%(n200)  rnd21=30%(n200)  rnd22=100%(n200)  rnd23=91%(n200)  rnd24=99%(n200)  rnd25=100%(n200)  rnd26=100%(n200)  rnd27=86%(n200)  rnd28=100%(n200)  rnd29=100%(n200)  rnd3=100%(n200)  rnd4=100%(n200)  rnd5=100%(n200)  rnd6=100%(n200)  rnd7=100%(n200)  rnd8=100%(n200)  rnd9=100%(n200)
          └ 이동 분포: straight=67%  left=16%  right=17%
Ep 8200/30000 | R=    2.0 | Fuel=762.6mL | Wait= 218s | Steps=39.1 | Reach=97% | ε=0.050 | Loss=46.652 | t=4883s
          ├ 토폴로지 도달률(최근50): gangnam_clean_topology=96%
          ├ OD별 도달률(최근200): rnd0=100%(n200)  rnd1=100%(n200)  rnd10=100%(n200)  rnd11=100%(n200)  rnd12=84%(n200)  rnd13=99%(n200)  rnd14=100%(n200)  rnd15=100%(n200)  rnd16=100%(n200)  rnd17=100%(n200)  rnd18=100%(n200)  rnd19=100%(n200)  rnd2=98%(n200)  rnd20=100%(n200)  rnd21=29%(n200)  rnd22=100%(n200)  rnd23=93%(n200)  rnd24=99%(n200)  rnd25=100%(n200)  rnd26=100%(n200)  rnd27=88%(n200)  rnd28=100%(n200)  rnd29=100%(n200)  rnd3=100%(n200)  rnd4=100%(n200)  rnd5=100%(n200)  rnd6=100%(n200)  rnd7=100%(n200)  rnd8=100%(n200)  rnd9=100%(n200)
          └ 이동 분포: straight=66%  left=17%  right=17%
Ep 8300/30000 | R=  -51.3 | Fuel=782.2mL | Wait= 213s | Steps=37.5 | Reach=94% | ε=0.050 | Loss=52.685 | t=4923s
          ├ 토폴로지 도달률(최근50): gangnam_clean_topology=88%
          ├ OD별 도달률(최근200): rnd0=100%(n200)  rnd1=100%(n200)  rnd10=100%(n200)  rnd11=100%(n200)  rnd12=86%(n200)  rnd13=99%(n200)  rnd14=100%(n200)  rnd15=99%(n200)  rnd16=100%(n200)  rnd17=100%(n200)  rnd18=100%(n200)  rnd19=100%(n200)  rnd2=98%(n200)  rnd20=100%(n200)  rnd21=28%(n200)  rnd22=100%(n200)  rnd23=94%(n200)  rnd24=99%(n200)  rnd25=100%(n200)  rnd26=100%(n200)  rnd27=89%(n200)  rnd28=100%(n200)  rnd29=100%(n200)  rnd3=100%(n200)  rnd4=100%(n200)  rnd5=100%(n200)  rnd6=100%(n200)  rnd7=100%(n200)  rnd8=100%(n200)  rnd9=100%(n200)
          └ 이동 분포: straight=64%  left=18%  right=18%
Ep 8400/30000 | R=   77.8 | Fuel=679.1mL | Wait= 194s | Steps=33.2 | Reach=95% | ε=0.050 | Loss=48.515 | t=4959s
          ├ 토폴로지 도달률(최근50): gangnam_clean_topology=94%
          ├ OD별 도달률(최근200): rnd0=100%(n200)  rnd1=100%(n200)  rnd10=100%(n200)  rnd11=100%(n200)  rnd12=87%(n200)  rnd13=99%(n200)  rnd14=100%(n200)  rnd15=99%(n200)  rnd16=100%(n200)  rnd17=100%(n200)  rnd18=100%(n200)  rnd19=100%(n200)  rnd2=98%(n200)  rnd20=100%(n200)  rnd21=28%(n200)  rnd22=100%(n200)  rnd23=95%(n200)  rnd24=99%(n200)  rnd25=100%(n200)  rnd26=100%(n200)  rnd27=90%(n200)  rnd28=100%(n200)  rnd29=100%(n200)  rnd3=100%(n200)  rnd4=100%(n200)  rnd5=100%(n200)  rnd6=100%(n200)  rnd7=100%(n200)  rnd8=100%(n200)  rnd9=100%(n200)
          └ 이동 분포: straight=66%  left=17%  right=17%
Ep 8500/30000 | R= -101.2 | Fuel=763.4mL | Wait= 230s | Steps=39.3 | Reach=95% | ε=0.050 | Loss=48.644 | t=5019s
          ├ 토폴로지 도달률(최근50): gangnam_clean_topology=96%
          ├ OD별 도달률(최근200): rnd0=100%(n200)  rnd1=100%(n200)  rnd10=100%(n200)  rnd11=100%(n200)  rnd12=90%(n200)  rnd13=99%(n200)  rnd14=100%(n200)  rnd15=99%(n200)  rnd16=100%(n200)  rnd17=100%(n200)  rnd18=100%(n200)  rnd19=100%(n200)  rnd2=98%(n200)  rnd20=100%(n200)  rnd21=26%(n200)  rnd22=100%(n200)  rnd23=96%(n200)  rnd24=99%(n200)  rnd25=100%(n200)  rnd26=100%(n200)  rnd27=89%(n200)  rnd28=100%(n200)  rnd29=100%(n200)  rnd3=100%(n200)  rnd4=100%(n200)  rnd5=100%(n200)  rnd6=100%(n200)  rnd7=100%(n200)  rnd8=100%(n200)  rnd9=100%(n200)
          └ 이동 분포: straight=61%  left=17%  right=22%
Ep 8600/30000 | R=  103.3 | Fuel=688.6mL | Wait= 199s | Steps=32.7 | Reach=95% | ε=0.050 | Loss=49.343 | t=5064s
          ├ 토폴로지 도달률(최근50): gangnam_clean_topology=96%
          ├ OD별 도달률(최근200): rnd0=100%(n200)  rnd1=100%(n200)  rnd10=100%(n200)  rnd11=100%(n200)  rnd12=90%(n200)  rnd13=99%(n200)  rnd14=100%(n200)  rnd15=99%(n200)  rnd16=100%(n200)  rnd17=100%(n200)  rnd18=100%(n200)  rnd19=100%(n200)  rnd2=98%(n200)  rnd20=100%(n200)  rnd21=24%(n200)  rnd22=100%(n200)  rnd23=96%(n200)  rnd24=99%(n200)  rnd25=100%(n200)  rnd26=100%(n200)  rnd27=90%(n200)  rnd28=100%(n200)  rnd29=100%(n200)  rnd3=100%(n200)  rnd4=100%(n200)  rnd5=100%(n200)  rnd6=100%(n200)  rnd7=100%(n200)  rnd8=100%(n200)  rnd9=100%(n200)
          └ 이동 분포: straight=65%  left=17%  right=18%
Ep 8700/30000 | R=    4.4 | Fuel=763.3mL | Wait= 214s | Steps=39.0 | Reach=98% | ε=0.050 | Loss=44.400 | t=5116s
          ├ 토폴로지 도달률(최근50): gangnam_clean_topology=98%
          ├ OD별 도달률(최근200): rnd0=100%(n200)  rnd1=100%(n200)  rnd10=100%(n200)  rnd11=100%(n200)  rnd12=92%(n200)  rnd13=98%(n200)  rnd14=100%(n200)  rnd15=99%(n200)  rnd16=100%(n200)  rnd17=100%(n200)  rnd18=100%(n200)  rnd19=100%(n200)  rnd2=98%(n200)  rnd20=100%(n200)  rnd21=24%(n200)  rnd22=100%(n200)  rnd23=97%(n200)  rnd24=99%(n200)  rnd25=100%(n200)  rnd26=100%(n200)  rnd27=90%(n200)  rnd28=100%(n200)  rnd29=100%(n200)  rnd3=100%(n200)  rnd4=100%(n200)  rnd5=100%(n200)  rnd6=100%(n200)  rnd7=100%(n200)  rnd8=100%(n200)  rnd9=100%(n200)
          └ 이동 분포: straight=64%  left=18%  right=18%
Ep 8800/30000 | R=   14.7 | Fuel=742.1mL | Wait= 228s | Steps=37.9 | Reach=96% | ε=0.050 | Loss=47.360 | t=5146s
          ├ 토폴로지 도달률(최근50): gangnam_clean_topology=96%
          ├ OD별 도달률(최근200): rnd0=100%(n200)  rnd1=100%(n200)  rnd10=100%(n200)  rnd11=100%(n200)  rnd12=93%(n200)  rnd13=98%(n200)  rnd14=100%(n200)  rnd15=99%(n200)  rnd16=100%(n200)  rnd17=100%(n200)  rnd18=100%(n200)  rnd19=100%(n200)  rnd2=97%(n200)  rnd20=100%(n200)  rnd21=22%(n200)  rnd22=100%(n200)  rnd23=97%(n200)  rnd24=99%(n200)  rnd25=100%(n200)  rnd26=100%(n200)  rnd27=92%(n200)  rnd28=100%(n200)  rnd29=100%(n200)  rnd3=100%(n200)  rnd4=100%(n200)  rnd5=100%(n200)  rnd6=100%(n200)  rnd7=100%(n200)  rnd8=100%(n200)  rnd9=100%(n200)
          └ 이동 분포: straight=66%  left=18%  right=17%
Ep 8900/30000 | R=   75.4 | Fuel=696.9mL | Wait= 205s | Steps=33.7 | Reach=96% | ε=0.050 | Loss=45.022 | t=5167s
          ├ 토폴로지 도달률(최근50): gangnam_clean_topology=96%
          ├ OD별 도달률(최근200): rnd0=100%(n200)  rnd1=100%(n200)  rnd10=100%(n200)  rnd11=100%(n200)  rnd12=94%(n200)  rnd13=98%(n200)  rnd14=100%(n200)  rnd15=99%(n200)  rnd16=100%(n200)  rnd17=100%(n200)  rnd18=100%(n200)  rnd19=100%(n200)  rnd2=97%(n200)  rnd20=100%(n200)  rnd21=21%(n200)  rnd22=100%(n200)  rnd23=97%(n200)  rnd24=99%(n200)  rnd25=100%(n200)  rnd26=100%(n200)  rnd27=92%(n200)  rnd28=100%(n200)  rnd29=100%(n200)  rnd3=100%(n200)  rnd4=100%(n200)  rnd5=100%(n200)  rnd6=100%(n200)  rnd7=100%(n200)  rnd8=100%(n200)  rnd9=100%(n200)
          └ 이동 분포: straight=66%  left=17%  right=17%
Ep 9000/30000 | R=   30.2 | Fuel=772.8mL | Wait= 223s | Steps=38.1 | Reach=99% | ε=0.050 | Loss=45.245 | t=5192s
          ├ 토폴로지 도달률(최근50): gangnam_clean_topology=100%
          ├ OD별 도달률(최근200): rnd0=100%(n200)  rnd1=100%(n200)  rnd10=100%(n200)  rnd11=100%(n200)  rnd12=95%(n200)  rnd13=98%(n200)  rnd14=100%(n200)  rnd15=98%(n200)  rnd16=100%(n200)  rnd17=100%(n200)  rnd18=100%(n200)  rnd19=100%(n200)  rnd2=97%(n200)  rnd20=100%(n200)  rnd21=21%(n200)  rnd22=100%(n200)  rnd23=98%(n200)  rnd24=99%(n200)  rnd25=100%(n200)  rnd26=100%(n200)  rnd27=94%(n200)  rnd28=100%(n200)  rnd29=100%(n200)  rnd3=100%(n200)  rnd4=100%(n200)  rnd5=100%(n200)  rnd6=100%(n200)  rnd7=100%(n200)  rnd8=100%(n200)  rnd9=100%(n200)
          └ 이동 분포: straight=66%  left=16%  right=17%
Ep 9100/30000 | R=    4.8 | Fuel=794.6mL | Wait= 227s | Steps=38.7 | Reach=99% | ε=0.050 | Loss=46.888 | t=5233s
          ├ 토폴로지 도달률(최근50): gangnam_clean_topology=98%
          ├ OD별 도달률(최근200): rnd0=100%(n200)  rnd1=100%(n200)  rnd10=100%(n200)  rnd11=100%(n200)  rnd12=96%(n200)  rnd13=98%(n200)  rnd14=100%(n200)  rnd15=98%(n200)  rnd16=100%(n200)  rnd17=100%(n200)  rnd18=100%(n200)  rnd19=100%(n200)  rnd2=97%(n200)  rnd20=100%(n200)  rnd21=20%(n200)  rnd22=100%(n200)  rnd23=98%(n200)  rnd24=99%(n200)  rnd25=100%(n200)  rnd26=100%(n200)  rnd27=96%(n200)  rnd28=100%(n200)  rnd29=100%(n200)  rnd3=100%(n200)  rnd4=100%(n200)  rnd5=100%(n200)  rnd6=100%(n200)  rnd7=100%(n200)  rnd8=100%(n200)  rnd9=100%(n200)
          └ 이동 분포: straight=66%  left=17%  right=17%
Ep 9200/30000 | R=   95.8 | Fuel=640.0mL | Wait= 198s | Steps=32.5 | Reach=92% | ε=0.050 | Loss=43.920 | t=5263s
          ├ 토폴로지 도달률(최근50): gangnam_clean_topology=86%
          ├ OD별 도달률(최근200): rnd0=100%(n200)  rnd1=100%(n200)  rnd10=100%(n200)  rnd11=100%(n200)  rnd12=96%(n200)  rnd13=98%(n200)  rnd14=100%(n200)  rnd15=98%(n200)  rnd16=100%(n200)  rnd17=100%(n200)  rnd18=100%(n200)  rnd19=100%(n200)  rnd2=97%(n200)  rnd20=100%(n200)  rnd21=17%(n200)  rnd22=100%(n200)  rnd23=98%(n200)  rnd24=99%(n200)  rnd25=100%(n200)  rnd26=100%(n200)  rnd27=96%(n200)  rnd28=100%(n200)  rnd29=100%(n200)  rnd3=100%(n200)  rnd4=100%(n200)  rnd5=100%(n200)  rnd6=100%(n200)  rnd7=100%(n200)  rnd8=100%(n200)  rnd9=100%(n200)
          └ 이동 분포: straight=67%  left=16%  right=17%
Ep 9300/30000 | R=   38.9 | Fuel=751.9mL | Wait= 214s | Steps=38.2 | Reach=100% | ε=0.050 | Loss=42.351 | t=5322s
          ├ 토폴로지 도달률(최근50): gangnam_clean_topology=100%
          ├ OD별 도달률(최근200): rnd0=100%(n200)  rnd1=100%(n200)  rnd10=100%(n200)  rnd11=100%(n200)  rnd12=98%(n200)  rnd13=98%(n200)  rnd14=100%(n200)  rnd15=98%(n200)  rnd16=100%(n200)  rnd17=100%(n200)  rnd18=100%(n200)  rnd19=100%(n200)  rnd2=98%(n200)  rnd20=100%(n200)  rnd21=17%(n200)  rnd22=100%(n200)  rnd23=98%(n200)  rnd24=99%(n200)  rnd25=100%(n200)  rnd26=100%(n200)  rnd27=96%(n200)  rnd28=100%(n200)  rnd29=100%(n200)  rnd3=100%(n200)  rnd4=100%(n200)  rnd5=100%(n200)  rnd6=100%(n200)  rnd7=100%(n200)  rnd8=100%(n200)  rnd9=100%(n200)
          └ 이동 분포: straight=65%  left=17%  right=18%
Ep 9400/30000 | R=    5.3 | Fuel=756.1mL | Wait= 221s | Steps=38.1 | Reach=97% | ε=0.050 | Loss=45.950 | t=5364s
          ├ 토폴로지 도달률(최근50): gangnam_clean_topology=94%
          ├ OD별 도달률(최근200): rnd0=100%(n200)  rnd1=100%(n200)  rnd10=100%(n200)  rnd11=100%(n200)  rnd12=99%(n200)  rnd13=98%(n200)  rnd14=100%(n200)  rnd15=98%(n200)  rnd16=100%(n200)  rnd17=100%(n200)  rnd18=100%(n200)  rnd19=100%(n200)  rnd2=98%(n200)  rnd20=100%(n200)  rnd21=16%(n200)  rnd22=100%(n200)  rnd23=98%(n200)  rnd24=99%(n200)  rnd25=100%(n200)  rnd26=100%(n200)  rnd27=96%(n200)  rnd28=100%(n200)  rnd29=100%(n200)  rnd3=100%(n200)  rnd4=100%(n200)  rnd5=100%(n200)  rnd6=100%(n200)  rnd7=100%(n200)  rnd8=100%(n200)  rnd9=100%(n200)
          └ 이동 분포: straight=65%  left=18%  right=18%
Ep 9500/30000 | R=  -71.9 | Fuel=786.5mL | Wait= 258s | Steps=39.1 | Reach=95% | ε=0.050 | Loss=41.412 | t=5408s
          ├ 토폴로지 도달률(최근50): gangnam_clean_topology=94%
          ├ OD별 도달률(최근200): rnd0=100%(n200)  rnd1=100%(n200)  rnd10=100%(n200)  rnd11=100%(n200)  rnd12=99%(n200)  rnd13=98%(n200)  rnd14=100%(n200)  rnd15=98%(n200)  rnd16=100%(n200)  rnd17=100%(n200)  rnd18=100%(n200)  rnd19=100%(n200)  rnd2=98%(n200)  rnd20=100%(n200)  rnd21=15%(n200)  rnd22=100%(n200)  rnd23=98%(n200)  rnd24=100%(n200)  rnd25=100%(n200)  rnd26=100%(n200)  rnd27=96%(n200)  rnd28=100%(n200)  rnd29=100%(n200)  rnd3=100%(n200)  rnd4=100%(n200)  rnd5=100%(n200)  rnd6=100%(n200)  rnd7=100%(n200)  rnd8=100%(n200)  rnd9=100%(n200)
          └ 이동 분포: straight=63%  left=18%  right=19%
Ep 9600/30000 | R=   71.3 | Fuel=675.4mL | Wait= 188s | Steps=34.9 | Reach=96% | ε=0.050 | Loss=43.283 | t=5446s
          ├ 토폴로지 도달률(최근50): gangnam_clean_topology=96%
          ├ OD별 도달률(최근200): rnd0=100%(n200)  rnd1=100%(n200)  rnd10=100%(n200)  rnd11=100%(n200)  rnd12=99%(n200)  rnd13=98%(n200)  rnd14=100%(n200)  rnd15=98%(n200)  rnd16=100%(n200)  rnd17=100%(n200)  rnd18=100%(n200)  rnd19=100%(n200)  rnd2=98%(n200)  rnd20=100%(n200)  rnd21=14%(n200)  rnd22=100%(n200)  rnd23=98%(n200)  rnd24=100%(n200)  rnd25=100%(n200)  rnd26=100%(n200)  rnd27=95%(n200)  rnd28=100%(n200)  rnd29=100%(n200)  rnd3=100%(n200)  rnd4=100%(n200)  rnd5=100%(n200)  rnd6=100%(n200)  rnd7=100%(n200)  rnd8=100%(n200)  rnd9=100%(n200)
          └ 이동 분포: straight=66%  left=17%  right=17%
Ep 9700/30000 | R=   55.0 | Fuel=728.3mL | Wait= 214s | Steps=36.1 | Reach=97% | ε=0.050 | Loss=42.800 | t=5486s
          ├ 토폴로지 도달률(최근50): gangnam_clean_topology=96%
          ├ OD별 도달률(최근200): rnd0=100%(n200)  rnd1=100%(n200)  rnd10=100%(n200)  rnd11=100%(n200)  rnd12=99%(n200)  rnd13=98%(n200)  rnd14=100%(n200)  rnd15=98%(n200)  rnd16=100%(n200)  rnd17=100%(n200)  rnd18=100%(n200)  rnd19=100%(n200)  rnd2=98%(n200)  rnd20=100%(n200)  rnd21=14%(n200)  rnd22=100%(n200)  rnd23=98%(n200)  rnd24=100%(n200)  rnd25=100%(n200)  rnd26=100%(n200)  rnd27=96%(n200)  rnd28=100%(n200)  rnd29=100%(n200)  rnd3=100%(n200)  rnd4=100%(n200)  rnd5=100%(n200)  rnd6=100%(n200)  rnd7=100%(n200)  rnd8=100%(n200)  rnd9=100%(n200)
          └ 이동 분포: straight=66%  left=17%  right=17%
Ep 9800/30000 | R=  111.8 | Fuel=687.9mL | Wait= 201s | Steps=31.1 | Reach=95% | ε=0.050 | Loss=41.048 | t=5520s
          ├ 토폴로지 도달률(최근50): gangnam_clean_topology=96%
          ├ OD별 도달률(최근200): rnd0=100%(n200)  rnd1=100%(n200)  rnd10=100%(n200)  rnd11=100%(n200)  rnd12=99%(n200)  rnd13=98%(n200)  rnd14=100%(n200)  rnd15=98%(n200)  rnd16=100%(n200)  rnd17=100%(n200)  rnd18=100%(n200)  rnd19=100%(n200)  rnd2=98%(n200)  rnd20=100%(n200)  rnd21=14%(n200)  rnd22=100%(n200)  rnd23=98%(n200)  rnd24=100%(n200)  rnd25=100%(n200)  rnd26=100%(n200)  rnd27=96%(n200)  rnd28=100%(n200)  rnd29=100%(n200)  rnd3=100%(n200)  rnd4=100%(n200)  rnd5=100%(n200)  rnd6=100%(n200)  rnd7=100%(n200)  rnd8=100%(n200)  rnd9=100%(n200)
          └ 이동 분포: straight=66%  left=16%  right=18%
Ep 9900/30000 | R=   55.7 | Fuel=715.5mL | Wait= 206s | Steps=37.1 | Reach=99% | ε=0.050 | Loss=44.605 | t=5560s
          ├ 토폴로지 도달률(최근50): gangnam_clean_topology=100%
          ├ OD별 도달률(최근200): rnd0=100%(n200)  rnd1=100%(n200)  rnd10=100%(n200)  rnd11=100%(n200)  rnd12=99%(n200)  rnd13=98%(n200)  rnd14=100%(n200)  rnd15=98%(n200)  rnd16=100%(n200)  rnd17=100%(n200)  rnd18=100%(n200)  rnd19=100%(n200)  rnd2=98%(n200)  rnd20=100%(n200)  rnd21=13%(n200)  rnd22=100%(n200)  rnd23=98%(n200)  rnd24=100%(n200)  rnd25=100%(n200)  rnd26=100%(n200)  rnd27=96%(n200)  rnd28=100%(n200)  rnd29=100%(n200)  rnd3=100%(n200)  rnd4=100%(n200)  rnd5=100%(n200)  rnd6=100%(n200)  rnd7=100%(n200)  rnd8=100%(n200)  rnd9=100%(n200)
          └ 이동 분포: straight=67%  left=17%  right=16%
Ep 10000/30000 | R=  118.5 | Fuel=654.4mL | Wait= 177s | Steps=35.7 | Reach=98% | ε=0.050 | Loss=39.258 | t=5599s
          ├ 토폴로지 도달률(최근50): gangnam_clean_topology=98%
          ├ OD별 도달률(최근200): rnd0=100%(n200)  rnd1=100%(n200)  rnd10=100%(n200)  rnd11=100%(n200)  rnd12=99%(n200)  rnd13=98%(n200)  rnd14=100%(n200)  rnd15=98%(n200)  rnd16=100%(n200)  rnd17=100%(n200)  rnd18=100%(n200)  rnd19=100%(n200)  rnd2=98%(n200)  rnd20=100%(n200)  rnd21=12%(n200)  rnd22=100%(n200)  rnd23=98%(n200)  rnd24=100%(n200)  rnd25=100%(n200)  rnd26=100%(n200)  rnd27=96%(n200)  rnd28=100%(n200)  rnd29=100%(n200)  rnd3=100%(n200)  rnd4=100%(n200)  rnd5=100%(n200)  rnd6=100%(n200)  rnd7=100%(n200)  rnd8=100%(n200)  rnd9=100%(n200)
          └ 이동 분포: straight=66%  left=17%  right=17%
  [체크포인트] model_rl_base_ep10000.pth
Ep 10100/30000 | R=  129.4 | Fuel=648.3mL | Wait= 179s | Steps=32.4 | Reach=93% | ε=0.050 | Loss=38.744 | t=5635s
          ├ 토폴로지 도달률(최근50): gangnam_clean_topology=94%
          ├ OD별 도달률(최근200): rnd0=100%(n200)  rnd1=100%(n200)  rnd10=100%(n200)  rnd11=100%(n200)  rnd12=99%(n200)  rnd13=98%(n200)  rnd14=100%(n200)  rnd15=98%(n200)  rnd16=100%(n200)  rnd17=100%(n200)  rnd18=100%(n200)  rnd19=100%(n200)  rnd2=98%(n200)  rnd20=100%(n200)  rnd21=12%(n200)  rnd22=100%(n200)  rnd23=99%(n200)  rnd24=100%(n200)  rnd25=100%(n200)  rnd26=100%(n200)  rnd27=96%(n200)  rnd28=100%(n200)  rnd29=100%(n200)  rnd3=100%(n200)  rnd4=100%(n200)  rnd5=100%(n200)  rnd6=100%(n200)  rnd7=100%(n200)  rnd8=100%(n200)  rnd9=100%(n200)
          └ 이동 분포: straight=65%  left=18%  right=17%
Ep 10200/30000 | R=   59.4 | Fuel=706.6mL | Wait= 214s | Steps=35.2 | Reach=93% | ε=0.050 | Loss=38.748 | t=5674s
          ├ 토폴로지 도달률(최근50): gangnam_clean_topology=94%
          ├ OD별 도달률(최근200): rnd0=100%(n200)  rnd1=100%(n200)  rnd10=100%(n200)  rnd11=100%(n200)  rnd12=99%(n200)  rnd13=99%(n200)  rnd14=100%(n200)  rnd15=98%(n200)  rnd16=100%(n200)  rnd17=100%(n200)  rnd18=100%(n200)  rnd19=100%(n200)  rnd2=98%(n200)  rnd20=100%(n200)  rnd21=12%(n200)  rnd22=100%(n200)  rnd23=99%(n200)  rnd24=100%(n200)  rnd25=100%(n200)  rnd26=100%(n200)  rnd27=96%(n200)  rnd28=100%(n200)  rnd29=100%(n200)  rnd3=100%(n200)  rnd4=100%(n200)  rnd5=100%(n200)  rnd6=100%(n200)  rnd7=100%(n200)  rnd8=100%(n200)  rnd9=100%(n200)
          └ 이동 분포: straight=66%  left=18%  right=17%
Ep 10300/30000 | R=  -46.9 | Fuel=750.1mL | Wait= 232s | Steps=38.3 | Reach=94% | ε=0.050 | Loss=40.543 | t=5716s
          ├ 토폴로지 도달률(최근50): gangnam_clean_topology=94%
          ├ OD별 도달률(최근200): rnd0=100%(n200)  rnd1=100%(n200)  rnd10=100%(n200)  rnd11=100%(n200)  rnd12=99%(n200)  rnd13=99%(n200)  rnd14=100%(n200)  rnd15=98%(n200)  rnd16=100%(n200)  rnd17=100%(n200)  rnd18=100%(n200)  rnd19=100%(n200)  rnd2=98%(n200)  rnd20=100%(n200)  rnd21=11%(n200)  rnd22=100%(n200)  rnd23=100%(n200)  rnd24=100%(n200)  rnd25=100%(n200)  rnd26=100%(n200)  rnd27=96%(n200)  rnd28=100%(n200)  rnd29=100%(n200)  rnd3=100%(n200)  rnd4=100%(n200)  rnd5=100%(n200)  rnd6=100%(n200)  rnd7=100%(n200)  rnd8=100%(n200)  rnd9=100%(n200)
          └ 이동 분포: straight=67%  left=16%  right=17%
Ep 10400/30000 | R=   37.3 | Fuel=712.6mL | Wait= 218s | Steps=37.6 | Reach=97% | ε=0.050 | Loss=43.108 | t=5761s
          ├ 토폴로지 도달률(최근50): gangnam_clean_topology=96%
          ├ OD별 도달률(최근200): rnd0=100%(n200)  rnd1=100%(n200)  rnd10=100%(n200)  rnd11=100%(n200)  rnd12=99%(n200)  rnd13=99%(n200)  rnd14=100%(n200)  rnd15=98%(n200)  rnd16=100%(n200)  rnd17=100%(n200)  rnd18=100%(n200)  rnd19=100%(n200)  rnd2=98%(n200)  rnd20=100%(n200)  rnd21=12%(n200)  rnd22=100%(n200)  rnd23=100%(n200)  rnd24=100%(n200)  rnd25=100%(n200)  rnd26=100%(n200)  rnd27=96%(n200)  rnd28=100%(n200)  rnd29=100%(n200)  rnd3=100%(n200)  rnd4=100%(n200)  rnd5=100%(n200)  rnd6=100%(n200)  rnd7=100%(n200)  rnd8=100%(n200)  rnd9=100%(n200)
          └ 이동 분포: straight=64%  left=18%  right=18%
Ep 10500/30000 | R=  132.9 | Fuel=680.8mL | Wait= 202s | Steps=33.0 | Reach=97% | ε=0.050 | Loss=38.476 | t=5797s
          ├ 토폴로지 도달률(최근50): gangnam_clean_topology=96%
          ├ OD별 도달률(최근200): rnd0=100%(n200)  rnd1=100%(n200)  rnd10=100%(n200)  rnd11=100%(n200)  rnd12=99%(n200)  rnd13=99%(n200)  rnd14=100%(n200)  rnd15=98%(n200)  rnd16=100%(n200)  rnd17=100%(n200)  rnd18=100%(n200)  rnd19=100%(n200)  rnd2=98%(n200)  rnd20=100%(n200)  rnd21=12%(n200)  rnd22=100%(n200)  rnd23=100%(n200)  rnd24=100%(n200)  rnd25=100%(n200)  rnd26=100%(n200)  rnd27=96%(n200)  rnd28=100%(n200)  rnd29=100%(n200)  rnd3=100%(n200)  rnd4=100%(n200)  rnd5=100%(n200)  rnd6=100%(n200)  rnd7=100%(n200)  rnd8=100%(n200)  rnd9=100%(n200)
          └ 이동 분포: straight=67%  left=17%  right=16%
Ep 10600/30000 | R=  -47.3 | Fuel=731.3mL | Wait= 214s | Steps=39.0 | Reach=93% | ε=0.050 | Loss=40.333 | t=5840s
          ├ 토폴로지 도달률(최근50): gangnam_clean_topology=96%
          ├ OD별 도달률(최근200): rnd0=100%(n200)  rnd1=100%(n200)  rnd10=100%(n200)  rnd11=100%(n200)  rnd12=99%(n200)  rnd13=99%(n200)  rnd14=100%(n200)  rnd15=98%(n200)  rnd16=100%(n200)  rnd17=100%(n200)  rnd18=100%(n200)  rnd19=100%(n200)  rnd2=98%(n200)  rnd20=100%(n200)  rnd21=12%(n200)  rnd22=100%(n200)  rnd23=100%(n200)  rnd24=100%(n200)  rnd25=100%(n200)  rnd26=100%(n200)  rnd27=96%(n200)  rnd28=100%(n200)  rnd29=100%(n200)  rnd3=100%(n200)  rnd4=100%(n200)  rnd5=100%(n200)  rnd6=100%(n200)  rnd7=100%(n200)  rnd8=100%(n200)  rnd9=100%(n200)
          └ 이동 분포: straight=61%  left=20%  right=19%
Ep 10700/30000 | R=   73.3 | Fuel=693.1mL | Wait= 196s | Steps=35.4 | Reach=97% | ε=0.050 | Loss=40.021 | t=5879s
          ├ 토폴로지 도달률(최근50): gangnam_clean_topology=96%
          ├ OD별 도달률(최근200): rnd0=100%(n200)  rnd1=100%(n200)  rnd10=100%(n200)  rnd11=100%(n200)  rnd12=100%(n200)  rnd13=99%(n200)  rnd14=100%(n200)  rnd15=98%(n200)  rnd16=100%(n200)  rnd17=100%(n200)  rnd18=100%(n200)  rnd19=100%(n200)  rnd2=98%(n200)  rnd20=100%(n200)  rnd21=12%(n200)  rnd22=100%(n200)  rnd23=100%(n200)  rnd24=100%(n200)  rnd25=100%(n200)  rnd26=100%(n200)  rnd27=96%(n200)  rnd28=100%(n200)  rnd29=100%(n200)  rnd3=100%(n200)  rnd4=100%(n200)  rnd5=100%(n200)  rnd6=100%(n200)  rnd7=100%(n200)  rnd8=100%(n200)  rnd9=100%(n200)
          └ 이동 분포: straight=66%  left=16%  right=17%
Ep 10800/30000 | R=   37.9 | Fuel=723.3mL | Wait= 221s | Steps=36.1 | Reach=96% | ε=0.050 | Loss=40.391 | t=5920s
          ├ 토폴로지 도달률(최근50): gangnam_clean_topology=92%
          ├ OD별 도달률(최근200): rnd0=100%(n200)  rnd1=100%(n200)  rnd10=100%(n200)  rnd11=100%(n200)  rnd12=100%(n200)  rnd13=99%(n200)  rnd14=100%(n200)  rnd15=98%(n200)  rnd16=100%(n200)  rnd17=100%(n200)  rnd18=100%(n200)  rnd19=100%(n200)  rnd2=98%(n200)  rnd20=100%(n200)  rnd21=12%(n200)  rnd22=100%(n200)  rnd23=100%(n200)  rnd24=100%(n200)  rnd25=100%(n200)  rnd26=100%(n200)  rnd27=96%(n200)  rnd28=100%(n200)  rnd29=100%(n200)  rnd3=100%(n200)  rnd4=100%(n200)  rnd5=100%(n200)  rnd6=100%(n200)  rnd7=100%(n200)  rnd8=100%(n200)  rnd9=100%(n200)
          └ 이동 분포: straight=65%  left=17%  right=18%
Ep 10900/30000 | R=   18.1 | Fuel=751.4mL | Wait= 240s | Steps=37.6 | Reach=96% | ε=0.050 | Loss=41.965 | t=5965s
          ├ 토폴로지 도달률(최근50): gangnam_clean_topology=96%
          ├ OD별 도달률(최근200): rnd0=100%(n200)  rnd1=100%(n200)  rnd10=100%(n200)  rnd11=100%(n200)  rnd12=100%(n200)  rnd13=99%(n200)  rnd14=100%(n200)  rnd15=98%(n200)  rnd16=100%(n200)  rnd17=100%(n200)  rnd18=100%(n200)  rnd19=100%(n200)  rnd2=98%(n200)  rnd20=100%(n200)  rnd21=12%(n200)  rnd22=100%(n200)  rnd23=100%(n200)  rnd24=100%(n200)  rnd25=100%(n200)  rnd26=100%(n200)  rnd27=96%(n200)  rnd28=100%(n200)  rnd29=100%(n200)  rnd3=100%(n200)  rnd4=100%(n200)  rnd5=100%(n200)  rnd6=100%(n200)  rnd7=100%(n200)  rnd8=100%(n200)  rnd9=100%(n200)
          └ 이동 분포: straight=67%  left=16%  right=17%
Ep 11000/30000 | R=   39.9 | Fuel=630.5mL | Wait= 176s | Steps=33.3 | Reach=97% | ε=0.050 | Loss=41.528 | t=6001s
          ├ 토폴로지 도달률(최근50): gangnam_clean_topology=94%
          ├ OD별 도달률(최근200): rnd0=100%(n200)  rnd1=100%(n200)  rnd10=100%(n200)  rnd11=100%(n200)  rnd12=100%(n200)  rnd13=99%(n200)  rnd14=100%(n200)  rnd15=98%(n200)  rnd16=100%(n200)  rnd17=100%(n200)  rnd18=100%(n200)  rnd19=100%(n200)  rnd2=98%(n200)  rnd20=100%(n200)  rnd21=12%(n200)  rnd22=100%(n200)  rnd23=100%(n200)  rnd24=100%(n200)  rnd25=100%(n200)  rnd26=100%(n200)  rnd27=96%(n200)  rnd28=100%(n200)  rnd29=100%(n200)  rnd3=100%(n200)  rnd4=100%(n200)  rnd5=100%(n200)  rnd6=100%(n200)  rnd7=100%(n200)  rnd8=100%(n200)  rnd9=100%(n200)
          └ 이동 분포: straight=64%  left=18%  right=18%
Ep 11100/30000 | R=   89.8 | Fuel=704.0mL | Wait= 205s | Steps=34.4 | Reach=96% | ε=0.050 | Loss=37.253 | t=6039s
          ├ 토폴로지 도달률(최근50): gangnam_clean_topology=96%
          ├ OD별 도달률(최근200): rnd0=100%(n200)  rnd1=100%(n200)  rnd10=100%(n200)  rnd11=100%(n200)  rnd12=100%(n200)  rnd13=99%(n200)  rnd14=100%(n200)  rnd15=97%(n200)  rnd16=100%(n200)  rnd17=100%(n200)  rnd18=100%(n200)  rnd19=100%(n200)  rnd2=98%(n200)  rnd20=100%(n200)  rnd21=11%(n200)  rnd22=100%(n200)  rnd23=100%(n200)  rnd24=100%(n200)  rnd25=100%(n200)  rnd26=100%(n200)  rnd27=96%(n200)  rnd28=100%(n200)  rnd29=100%(n200)  rnd3=100%(n200)  rnd4=100%(n200)  rnd5=100%(n200)  rnd6=100%(n200)  rnd7=100%(n200)  rnd8=100%(n200)  rnd9=100%(n200)
          └ 이동 분포: straight=64%  left=18%  right=18%
Ep 11200/30000 | R=   96.3 | Fuel=709.6mL | Wait= 209s | Steps=33.8 | Reach=95% | ε=0.050 | Loss=36.312 | t=6077s
          ├ 토폴로지 도달률(최근50): gangnam_clean_topology=92%
          ├ OD별 도달률(최근200): rnd0=100%(n200)  rnd1=100%(n200)  rnd10=100%(n200)  rnd11=100%(n200)  rnd12=100%(n200)  rnd13=99%(n200)  rnd14=100%(n200)  rnd15=97%(n200)  rnd16=100%(n200)  rnd17=100%(n200)  rnd18=100%(n200)  rnd19=100%(n200)  rnd2=98%(n200)  rnd20=100%(n200)  rnd21=10%(n200)  rnd22=100%(n200)  rnd23=100%(n200)  rnd24=100%(n200)  rnd25=100%(n200)  rnd26=100%(n200)  rnd27=96%(n200)  rnd28=100%(n200)  rnd29=100%(n200)  rnd3=100%(n200)  rnd4=100%(n200)  rnd5=100%(n200)  rnd6=100%(n200)  rnd7=100%(n200)  rnd8=100%(n200)  rnd9=100%(n200)
          └ 이동 분포: straight=67%  left=17%  right=16%
Ep 11300/30000 | R=  107.0 | Fuel=685.0mL | Wait= 191s | Steps=35.0 | Reach=98% | ε=0.050 | Loss=36.811 | t=6115s
          ├ 토폴로지 도달률(최근50): gangnam_clean_topology=98%
          ├ OD별 도달률(최근200): rnd0=100%(n200)  rnd1=100%(n200)  rnd10=100%(n200)  rnd11=100%(n200)  rnd12=100%(n200)  rnd13=99%(n200)  rnd14=100%(n200)  rnd15=97%(n200)  rnd16=100%(n200)  rnd17=100%(n200)  rnd18=100%(n200)  rnd19=100%(n200)  rnd2=98%(n200)  rnd20=100%(n200)  rnd21=10%(n200)  rnd22=100%(n200)  rnd23=100%(n200)  rnd24=100%(n200)  rnd25=100%(n200)  rnd26=100%(n200)  rnd27=96%(n200)  rnd28=100%(n200)  rnd29=100%(n200)  rnd3=100%(n200)  rnd4=100%(n200)  rnd5=100%(n200)  rnd6=100%(n200)  rnd7=100%(n200)  rnd8=100%(n200)  rnd9=100%(n200)
          └ 이동 분포: straight=65%  left=18%  right=18%
Ep 11400/30000 | R=   75.2 | Fuel=738.9mL | Wait= 201s | Steps=36.1 | Reach=99% | ε=0.050 | Loss=35.333 | t=6155s
          ├ 토폴로지 도달률(최근50): gangnam_clean_topology=98%
          ├ OD별 도달률(최근200): rnd0=100%(n200)  rnd1=100%(n200)  rnd10=100%(n200)  rnd11=100%(n200)  rnd12=100%(n200)  rnd13=99%(n200)  rnd14=100%(n200)  rnd15=97%(n200)  rnd16=100%(n200)  rnd17=100%(n200)  rnd18=100%(n200)  rnd19=100%(n200)  rnd2=98%(n200)  rnd20=100%(n200)  rnd21=10%(n200)  rnd22=100%(n200)  rnd23=100%(n200)  rnd24=100%(n200)  rnd25=100%(n200)  rnd26=100%(n200)  rnd27=96%(n200)  rnd28=100%(n200)  rnd29=100%(n200)  rnd3=100%(n200)  rnd4=100%(n200)  rnd5=100%(n200)  rnd6=100%(n200)  rnd7=100%(n200)  rnd8=100%(n200)  rnd9=100%(n200)
          └ 이동 분포: straight=66%  left=17%  right=17%
Ep 11500/30000 | R=   54.0 | Fuel=723.4mL | Wait= 223s | Steps=34.8 | Reach=95% | ε=0.050 | Loss=37.246 | t=6194s
          ├ 토폴로지 도달률(최근50): gangnam_clean_topology=96%
          ├ OD별 도달률(최근200): rnd0=100%(n200)  rnd1=100%(n200)  rnd10=100%(n200)  rnd11=100%(n200)  rnd12=100%(n200)  rnd13=99%(n200)  rnd14=100%(n200)  rnd15=97%(n200)  rnd16=100%(n200)  rnd17=100%(n200)  rnd18=100%(n200)  rnd19=100%(n200)  rnd2=98%(n200)  rnd20=100%(n200)  rnd21=8%(n200)  rnd22=100%(n200)  rnd23=100%(n200)  rnd24=100%(n200)  rnd25=100%(n200)  rnd26=100%(n200)  rnd27=96%(n200)  rnd28=100%(n200)  rnd29=100%(n200)  rnd3=100%(n200)  rnd4=100%(n200)  rnd5=100%(n200)  rnd6=100%(n200)  rnd7=100%(n200)  rnd8=100%(n200)  rnd9=100%(n200)
          └ 이동 분포: straight=66%  left=17%  right=17%
Ep 11600/30000 | R=   74.3 | Fuel=743.8mL | Wait= 187s | Steps=36.7 | Reach=99% | ε=0.050 | Loss=37.043 | t=6234s
          ├ 토폴로지 도달률(최근50): gangnam_clean_topology=100%
          ├ OD별 도달률(최근200): rnd0=100%(n200)  rnd1=100%(n200)  rnd10=100%(n200)  rnd11=100%(n200)  rnd12=100%(n200)  rnd13=99%(n200)  rnd14=100%(n200)  rnd15=97%(n200)  rnd16=100%(n200)  rnd17=100%(n200)  rnd18=100%(n200)  rnd19=100%(n200)  rnd2=98%(n200)  rnd20=100%(n200)  rnd21=8%(n200)  rnd22=100%(n200)  rnd23=100%(n200)  rnd24=100%(n200)  rnd25=100%(n200)  rnd26=100%(n200)  rnd27=96%(n200)  rnd28=100%(n200)  rnd29=100%(n200)  rnd3=100%(n200)  rnd4=100%(n200)  rnd5=100%(n200)  rnd6=100%(n200)  rnd7=100%(n200)  rnd8=100%(n200)  rnd9=100%(n200)
          └ 이동 분포: straight=65%  left=17%  right=18%
Ep 11700/30000 | R=    7.8 | Fuel=794.6mL | Wait= 227s | Steps=37.3 | Reach=97% | ε=0.050 | Loss=37.311 | t=6275s
          ├ 토폴로지 도달률(최근50): gangnam_clean_topology=98%
          ├ OD별 도달률(최근200): rnd0=100%(n200)  rnd1=100%(n200)  rnd10=100%(n200)  rnd11=100%(n200)  rnd12=100%(n200)  rnd13=99%(n200)  rnd14=100%(n200)  rnd15=97%(n200)  rnd16=100%(n200)  rnd17=100%(n200)  rnd18=100%(n200)  rnd19=100%(n200)  rnd2=98%(n200)  rnd20=100%(n200)  rnd21=9%(n200)  rnd22=100%(n200)  rnd23=100%(n200)  rnd24=100%(n200)  rnd25=100%(n200)  rnd26=100%(n200)  rnd27=96%(n200)  rnd28=100%(n200)  rnd29=100%(n200)  rnd3=100%(n200)  rnd4=100%(n200)  rnd5=100%(n200)  rnd6=100%(n200)  rnd7=100%(n200)  rnd8=100%(n200)  rnd9=100%(n200)
          └ 이동 분포: straight=64%  left=18%  right=18%
Ep 11800/30000 | R=  125.9 | Fuel=696.0mL | Wait= 205s | Steps=34.4 | Reach=99% | ε=0.050 | Loss=35.910 | t=6313s
          ├ 토폴로지 도달률(최근50): gangnam_clean_topology=100%
          ├ OD별 도달률(최근200): rnd0=100%(n200)  rnd1=100%(n200)  rnd10=100%(n200)  rnd11=100%(n200)  rnd12=100%(n200)  rnd13=99%(n200)  rnd14=100%(n200)  rnd15=97%(n200)  rnd16=100%(n200)  rnd17=100%(n200)  rnd18=100%(n200)  rnd19=100%(n200)  rnd2=98%(n200)  rnd20=100%(n200)  rnd21=10%(n200)  rnd22=100%(n200)  rnd23=100%(n200)  rnd24=100%(n200)  rnd25=100%(n200)  rnd26=100%(n200)  rnd27=96%(n200)  rnd28=100%(n200)  rnd29=100%(n200)  rnd3=100%(n200)  rnd4=100%(n200)  rnd5=100%(n200)  rnd6=100%(n200)  rnd7=100%(n200)  rnd8=100%(n200)  rnd9=100%(n200)
          └ 이동 분포: straight=67%  left=16%  right=17%
Ep 11900/30000 | R=  155.8 | Fuel=660.5mL | Wait= 179s | Steps=32.4 | Reach=98% | ε=0.050 | Loss=36.567 | t=6380s
          ├ 토폴로지 도달률(최근50): gangnam_clean_topology=96%
          ├ OD별 도달률(최근200): rnd0=100%(n200)  rnd1=100%(n200)  rnd10=100%(n200)  rnd11=100%(n200)  rnd12=100%(n200)  rnd13=99%(n200)  rnd14=100%(n200)  rnd15=97%(n200)  rnd16=100%(n200)  rnd17=100%(n200)  rnd18=100%(n200)  rnd19=100%(n200)  rnd2=98%(n200)  rnd20=100%(n200)  rnd21=10%(n200)  rnd22=100%(n200)  rnd23=100%(n200)  rnd24=100%(n200)  rnd25=100%(n200)  rnd26=100%(n200)  rnd27=96%(n200)  rnd28=100%(n200)  rnd29=100%(n200)  rnd3=100%(n200)  rnd4=100%(n200)  rnd5=100%(n200)  rnd6=100%(n200)  rnd7=100%(n200)  rnd8=100%(n200)  rnd9=100%(n200)
          └ 이동 분포: straight=65%  left=17%  right=18%
Ep 12000/30000 | R=   56.7 | Fuel=726.4mL | Wait= 200s | Steps=36.8 | Reach=96% | ε=0.050 | Loss=34.336 | t=6461s
          ├ 토폴로지 도달률(최근50): gangnam_clean_topology=98%
          ├ OD별 도달률(최근200): rnd0=100%(n200)  rnd1=100%(n200)  rnd10=100%(n200)  rnd11=100%(n200)  rnd12=100%(n200)  rnd13=99%(n200)  rnd14=100%(n200)  rnd15=97%(n200)  rnd16=100%(n200)  rnd17=100%(n200)  rnd18=100%(n200)  rnd19=100%(n200)  rnd2=98%(n200)  rnd20=100%(n200)  rnd21=10%(n200)  rnd22=100%(n200)  rnd23=100%(n200)  rnd24=100%(n200)  rnd25=100%(n200)  rnd26=100%(n200)  rnd27=96%(n200)  rnd28=100%(n200)  rnd29=100%(n200)  rnd3=100%(n200)  rnd4=100%(n200)  rnd5=100%(n200)  rnd6=100%(n200)  rnd7=100%(n200)  rnd8=100%(n200)  rnd9=100%(n200)
          └ 이동 분포: straight=65%  left=18%  right=17%
Ep 12100/30000 | R=   64.5 | Fuel=747.9mL | Wait= 212s | Steps=34.3 | Reach=97% | ε=0.050 | Loss=36.738 | t=6537s
          ├ 토폴로지 도달률(최근50): gangnam_clean_topology=96%
          ├ OD별 도달률(최근200): rnd0=100%(n200)  rnd1=100%(n200)  rnd10=100%(n200)  rnd11=100%(n200)  rnd12=100%(n200)  rnd13=99%(n200)  rnd14=100%(n200)  rnd15=97%(n200)  rnd16=100%(n200)  rnd17=100%(n200)  rnd18=100%(n200)  rnd19=100%(n200)  rnd2=98%(n200)  rnd20=100%(n200)  rnd21=10%(n200)  rnd22=100%(n200)  rnd23=100%(n200)  rnd24=100%(n200)  rnd25=100%(n200)  rnd26=100%(n200)  rnd27=96%(n200)  rnd28=100%(n200)  rnd29=100%(n200)  rnd3=100%(n200)  rnd4=100%(n200)  rnd5=100%(n200)  rnd6=100%(n200)  rnd7=100%(n200)  rnd8=100%(n200)  rnd9=100%(n200)
          └ 이동 분포: straight=64%  left=17%  right=19%
Ep 12200/30000 | R=   68.2 | Fuel=708.6mL | Wait= 225s | Steps=36.0 | Reach=95% | ε=0.050 | Loss=37.590 | t=6587s
          ├ 토폴로지 도달률(최근50): gangnam_clean_topology=94%
          ├ OD별 도달률(최근200): rnd0=100%(n200)  rnd1=100%(n200)  rnd10=100%(n200)  rnd11=100%(n200)  rnd12=100%(n200)  rnd13=99%(n200)  rnd14=100%(n200)  rnd15=97%(n200)  rnd16=100%(n200)  rnd17=100%(n200)  rnd18=100%(n200)  rnd19=100%(n200)  rnd2=98%(n200)  rnd20=100%(n200)  rnd21=9%(n200)  rnd22=100%(n200)  rnd23=100%(n200)  rnd24=100%(n200)  rnd25=100%(n200)  rnd26=100%(n200)  rnd27=96%(n200)  rnd28=100%(n200)  rnd29=100%(n200)  rnd3=100%(n200)  rnd4=100%(n200)  rnd5=100%(n200)  rnd6=100%(n200)  rnd7=100%(n200)  rnd8=100%(n200)  rnd9=100%(n200)
          └ 이동 분포: straight=65%  left=18%  right=18%
Ep 12300/30000 | R=   50.4 | Fuel=728.9mL | Wait= 203s | Steps=35.1 | Reach=95% | ε=0.050 | Loss=36.065 | t=6612s
          ├ 토폴로지 도달률(최근50): gangnam_clean_topology=98%
          ├ OD별 도달률(최근200): rnd0=100%(n200)  rnd1=100%(n200)  rnd10=100%(n200)  rnd11=100%(n200)  rnd12=100%(n200)  rnd13=99%(n200)  rnd14=100%(n200)  rnd15=97%(n200)  rnd16=100%(n200)  rnd17=100%(n200)  rnd18=100%(n200)  rnd19=100%(n200)  rnd2=98%(n200)  rnd20=100%(n200)  rnd21=9%(n200)  rnd22=100%(n200)  rnd23=100%(n200)  rnd24=100%(n200)  rnd25=100%(n200)  rnd26=100%(n200)  rnd27=96%(n200)  rnd28=100%(n200)  rnd29=100%(n200)  rnd3=100%(n200)  rnd4=100%(n200)  rnd5=100%(n200)  rnd6=100%(n200)  rnd7=100%(n200)  rnd8=100%(n200)  rnd9=100%(n200)
          └ 이동 분포: straight=64%  left=19%  right=17%
Ep 12400/30000 | R=   63.3 | Fuel=703.6mL | Wait= 212s | Steps=37.8 | Reach=98% | ε=0.050 | Loss=34.935 | t=6654s
          ├ 토폴로지 도달률(최근50): gangnam_clean_topology=96%
          ├ OD별 도달률(최근200): rnd0=100%(n200)  rnd1=100%(n200)  rnd10=100%(n200)  rnd11=100%(n200)  rnd12=100%(n200)  rnd13=99%(n200)  rnd14=100%(n200)  rnd15=97%(n200)  rnd16=100%(n200)  rnd17=100%(n200)  rnd18=100%(n200)  rnd19=100%(n200)  rnd2=98%(n200)  rnd20=100%(n200)  rnd21=8%(n200)  rnd22=100%(n200)  rnd23=100%(n200)  rnd24=100%(n200)  rnd25=100%(n200)  rnd26=100%(n200)  rnd27=96%(n200)  rnd28=100%(n200)  rnd29=100%(n200)  rnd3=100%(n200)  rnd4=100%(n200)  rnd5=100%(n200)  rnd6=100%(n200)  rnd7=100%(n200)  rnd8=100%(n200)  rnd9=100%(n200)
          └ 이동 분포: straight=68%  left=17%  right=15%
Ep 12500/30000 | R=   16.6 | Fuel=714.1mL | Wait= 240s | Steps=36.7 | Reach=95% | ε=0.050 | Loss=38.190 | t=6695s
          ├ 토폴로지 도달률(최근50): gangnam_clean_topology=96%
          ├ OD별 도달률(최근200): rnd0=100%(n200)  rnd1=100%(n200)  rnd10=100%(n200)  rnd11=100%(n200)  rnd12=100%(n200)  rnd13=99%(n200)  rnd14=100%(n200)  rnd15=98%(n200)  rnd16=100%(n200)  rnd17=100%(n200)  rnd18=100%(n200)  rnd19=100%(n200)  rnd2=98%(n200)  rnd20=100%(n200)  rnd21=8%(n200)  rnd22=100%(n200)  rnd23=100%(n200)  rnd24=100%(n200)  rnd25=100%(n200)  rnd26=100%(n200)  rnd27=96%(n200)  rnd28=100%(n200)  rnd29=100%(n200)  rnd3=100%(n200)  rnd4=100%(n200)  rnd5=100%(n200)  rnd6=100%(n200)  rnd7=100%(n200)  rnd8=100%(n200)  rnd9=100%(n200)
          └ 이동 분포: straight=65%  left=17%  right=18%
  [체크포인트] model_rl_base_ep12500.pth
Ep 12600/30000 | R=   25.2 | Fuel=794.1mL | Wait= 208s | Steps=38.8 | Reach=97% | ε=0.050 | Loss=35.609 | t=6739s
          ├ 토폴로지 도달률(최근50): gangnam_clean_topology=98%
          ├ OD별 도달률(최근200): rnd0=100%(n200)  rnd1=100%(n200)  rnd10=100%(n200)  rnd11=100%(n200)  rnd12=100%(n200)  rnd13=99%(n200)  rnd14=100%(n200)  rnd15=98%(n200)  rnd16=100%(n200)  rnd17=100%(n200)  rnd18=100%(n200)  rnd19=100%(n200)  rnd2=99%(n200)  rnd20=100%(n200)  rnd21=9%(n200)  rnd22=100%(n200)  rnd23=100%(n200)  rnd24=100%(n200)  rnd25=100%(n200)  rnd26=100%(n200)  rnd27=96%(n200)  rnd28=100%(n200)  rnd29=100%(n200)  rnd3=100%(n200)  rnd4=100%(n200)  rnd5=100%(n200)  rnd6=100%(n200)  rnd7=100%(n200)  rnd8=100%(n200)  rnd9=100%(n200)
          └ 이동 분포: straight=66%  left=17%  right=17%
Ep 12700/30000 | R=  138.3 | Fuel=661.6mL | Wait= 207s | Steps=33.4 | Reach=99% | ε=0.050 | Loss=35.994 | t=6776s
          ├ 토폴로지 도달률(최근50): gangnam_clean_topology=100%
          ├ OD별 도달률(최근200): rnd0=100%(n200)  rnd1=100%(n200)  rnd10=100%(n200)  rnd11=100%(n200)  rnd12=100%(n200)  rnd13=99%(n200)  rnd14=100%(n200)  rnd15=98%(n200)  rnd16=100%(n200)  rnd17=100%(n200)  rnd18=100%(n200)  rnd19=100%(n200)  rnd2=99%(n200)  rnd20=100%(n200)  rnd21=9%(n200)  rnd22=100%(n200)  rnd23=100%(n200)  rnd24=100%(n200)  rnd25=100%(n200)  rnd26=100%(n200)  rnd27=96%(n200)  rnd28=100%(n200)  rnd29=100%(n200)  rnd3=100%(n200)  rnd4=100%(n200)  rnd5=100%(n200)  rnd6=100%(n200)  rnd7=100%(n200)  rnd8=100%(n200)  rnd9=100%(n200)
          └ 이동 분포: straight=68%  left=16%  right=16%
Ep 12800/30000 | R=   23.8 | Fuel=775.5mL | Wait= 236s | Steps=37.3 | Reach=96% | ε=0.050 | Loss=32.410 | t=6818s
          ├ 토폴로지 도달률(최근50): gangnam_clean_topology=94%
          ├ OD별 도달률(최근200): rnd0=100%(n200)  rnd1=100%(n200)  rnd10=100%(n200)  rnd11=100%(n200)  rnd12=100%(n200)  rnd13=99%(n200)  rnd14=100%(n200)  rnd15=98%(n200)  rnd16=100%(n200)  rnd17=100%(n200)  rnd18=100%(n200)  rnd19=100%(n200)  rnd2=98%(n200)  rnd20=100%(n200)  rnd21=10%(n200)  rnd22=100%(n200)  rnd23=100%(n200)  rnd24=100%(n200)  rnd25=100%(n200)  rnd26=100%(n200)  rnd27=96%(n200)  rnd28=100%(n200)  rnd29=100%(n200)  rnd3=100%(n200)  rnd4=100%(n200)  rnd5=100%(n200)  rnd6=100%(n200)  rnd7=100%(n200)  rnd8=100%(n200)  rnd9=100%(n200)
          └ 이동 분포: straight=67%  left=17%  right=17%
Ep 12900/30000 | R=  118.0 | Fuel=663.5mL | Wait= 171s | Steps=34.0 | Reach=96% | ε=0.050 | Loss=34.453 | t=6856s
          ├ 토폴로지 도달률(최근50): gangnam_clean_topology=98%
          ├ OD별 도달률(최근200): rnd0=100%(n200)  rnd1=100%(n200)  rnd10=100%(n200)  rnd11=100%(n200)  rnd12=100%(n200)  rnd13=99%(n200)  rnd14=100%(n200)  rnd15=98%(n200)  rnd16=100%(n200)  rnd17=100%(n200)  rnd18=100%(n200)  rnd19=100%(n200)  rnd2=98%(n200)  rnd20=100%(n200)  rnd21=10%(n200)  rnd22=100%(n200)  rnd23=100%(n200)  rnd24=100%(n200)  rnd25=100%(n200)  rnd26=100%(n200)  rnd27=96%(n200)  rnd28=100%(n200)  rnd29=100%(n200)  rnd3=100%(n200)  rnd4=100%(n200)  rnd5=100%(n200)  rnd6=100%(n200)  rnd7=100%(n200)  rnd8=100%(n200)  rnd9=100%(n200)
          └ 이동 분포: straight=65%  left=18%  right=17%
Ep 13000/30000 | R=   59.9 | Fuel=728.0mL | Wait= 222s | Steps=35.3 | Reach=95% | ε=0.050 | Loss=33.842 | t=6896s
          ├ 토폴로지 도달률(최근50): gangnam_clean_topology=96%
          ├ OD별 도달률(최근200): rnd0=100%(n200)  rnd1=100%(n200)  rnd10=100%(n200)  rnd11=100%(n200)  rnd12=100%(n200)  rnd13=99%(n200)  rnd14=100%(n200)  rnd15=98%(n200)  rnd16=100%(n200)  rnd17=100%(n200)  rnd18=100%(n200)  rnd19=100%(n200)  rnd2=98%(n200)  rnd20=100%(n200)  rnd21=10%(n200)  rnd22=100%(n200)  rnd23=100%(n200)  rnd24=100%(n200)  rnd25=100%(n200)  rnd26=100%(n200)  rnd27=96%(n200)  rnd28=100%(n200)  rnd29=100%(n200)  rnd3=100%(n200)  rnd4=100%(n200)  rnd5=100%(n200)  rnd6=100%(n200)  rnd7=100%(n200)  rnd8=100%(n200)  rnd9=100%(n200)
          └ 이동 분포: straight=65%  left=18%  right=17%
Ep 13100/30000 | R=   47.6 | Fuel=728.0mL | Wait= 207s | Steps=35.9 | Reach=94% | ε=0.050 | Loss=33.470 | t=6936s
          ├ 토폴로지 도달률(최근50): gangnam_clean_topology=94%
          ├ OD별 도달률(최근200): rnd0=100%(n200)  rnd1=100%(n200)  rnd10=100%(n200)  rnd11=100%(n200)  rnd12=100%(n200)  rnd13=99%(n200)  rnd14=100%(n200)  rnd15=98%(n200)  rnd16=100%(n200)  rnd17=100%(n200)  rnd18=100%(n200)  rnd19=100%(n200)  rnd2=98%(n200)  rnd20=100%(n200)  rnd21=9%(n200)  rnd22=100%(n200)  rnd23=100%(n200)  rnd24=100%(n200)  rnd25=100%(n200)  rnd26=100%(n200)  rnd27=96%(n200)  rnd28=100%(n200)  rnd29=100%(n200)  rnd3=100%(n200)  rnd4=100%(n200)  rnd5=100%(n200)  rnd6=100%(n200)  rnd7=100%(n200)  rnd8=100%(n200)  rnd9=100%(n200)
          └ 이동 분포: straight=66%  left=17%  right=17%
Ep 13200/30000 | R=  131.3 | Fuel=692.0mL | Wait= 186s | Steps=33.7 | Reach=99% | ε=0.050 | Loss=32.767 | t=6974s
          ├ 토폴로지 도달률(최근50): gangnam_clean_topology=100%
          ├ OD별 도달률(최근200): rnd0=100%(n200)  rnd1=100%(n200)  rnd10=100%(n200)  rnd11=100%(n200)  rnd12=100%(n200)  rnd13=99%(n200)  rnd14=100%(n200)  rnd15=98%(n200)  rnd16=100%(n200)  rnd17=100%(n200)  rnd18=100%(n200)  rnd19=100%(n200)  rnd2=98%(n200)  rnd20=100%(n200)  rnd21=9%(n200)  rnd22=100%(n200)  rnd23=100%(n200)  rnd24=100%(n200)  rnd25=100%(n200)  rnd26=100%(n200)  rnd27=96%(n200)  rnd28=100%(n200)  rnd29=100%(n200)  rnd3=100%(n200)  rnd4=100%(n200)  rnd5=100%(n200)  rnd6=100%(n200)  rnd7=100%(n200)  rnd8=100%(n200)  rnd9=100%(n200)
          └ 이동 분포: straight=66%  left=16%  right=18%
Ep 13300/30000 | R=  121.9 | Fuel=682.8mL | Wait= 189s | Steps=33.6 | Reach=97% | ε=0.050 | Loss=33.974 | t=7012s
          ├ 토폴로지 도달률(최근50): gangnam_clean_topology=96%
          ├ OD별 도달률(최근200): rnd0=100%(n200)  rnd1=100%(n200)  rnd10=100%(n200)  rnd11=100%(n200)  rnd12=100%(n200)  rnd13=99%(n200)  rnd14=100%(n200)  rnd15=98%(n200)  rnd16=100%(n200)  rnd17=100%(n200)  rnd18=100%(n200)  rnd19=100%(n200)  rnd2=98%(n200)  rnd20=100%(n200)  rnd21=10%(n200)  rnd22=100%(n200)  rnd23=100%(n200)  rnd24=100%(n200)  rnd25=100%(n200)  rnd26=100%(n200)  rnd27=96%(n200)  rnd28=100%(n200)  rnd29=100%(n200)  rnd3=100%(n200)  rnd4=100%(n200)  rnd5=100%(n200)  rnd6=100%(n200)  rnd7=100%(n200)  rnd8=100%(n200)  rnd9=100%(n200)
          └ 이동 분포: straight=67%  left=16%  right=17%
Ep 13400/30000 | R=   66.9 | Fuel=716.7mL | Wait= 213s | Steps=34.9 | Reach=97% | ε=0.050 | Loss=34.537 | t=7059s
          ├ 토폴로지 도달률(최근50): gangnam_clean_topology=96%
          ├ OD별 도달률(최근200): rnd0=100%(n200)  rnd1=100%(n200)  rnd10=100%(n200)  rnd11=100%(n200)  rnd12=100%(n200)  rnd13=99%(n200)  rnd14=100%(n200)  rnd15=98%(n200)  rnd16=100%(n200)  rnd17=100%(n200)  rnd18=100%(n200)  rnd19=100%(n200)  rnd2=98%(n200)  rnd20=100%(n200)  rnd21=10%(n200)  rnd22=100%(n200)  rnd23=100%(n200)  rnd24=100%(n200)  rnd25=100%(n200)  rnd26=100%(n200)  rnd27=96%(n200)  rnd28=100%(n200)  rnd29=100%(n200)  rnd3=100%(n200)  rnd4=100%(n200)  rnd5=100%(n200)  rnd6=100%(n200)  rnd7=100%(n200)  rnd8=100%(n200)  rnd9=100%(n200)
          └ 이동 분포: straight=66%  left=17%  right=17%
Ep 13500/30000 | R=   74.6 | Fuel=700.4mL | Wait= 185s | Steps=34.5 | Reach=95% | ε=0.050 | Loss=32.899 | t=7127s
          ├ 토폴로지 도달률(최근50): gangnam_clean_topology=96%
          ├ OD별 도달률(최근200): rnd0=100%(n200)  rnd1=100%(n200)  rnd10=100%(n200)  rnd11=100%(n200)  rnd12=100%(n200)  rnd13=99%(n200)  rnd14=100%(n200)  rnd15=98%(n200)  rnd16=100%(n200)  rnd17=100%(n200)  rnd18=100%(n200)  rnd19=100%(n200)  rnd2=98%(n200)  rnd20=100%(n200)  rnd21=10%(n200)  rnd22=100%(n200)  rnd23=100%(n200)  rnd24=100%(n200)  rnd25=100%(n200)  rnd26=100%(n200)  rnd27=96%(n200)  rnd28=100%(n200)  rnd29=100%(n200)  rnd3=100%(n200)  rnd4=100%(n200)  rnd5=100%(n200)  rnd6=100%(n200)  rnd7=100%(n200)  rnd8=100%(n200)  rnd9=100%(n200)
          └ 이동 분포: straight=64%  left=17%  right=18%
Ep 13600/30000 | R=   56.0 | Fuel=780.9mL | Wait= 217s | Steps=38.5 | Reach=98% | ε=0.050 | Loss=32.126 | t=7212s
          ├ 토폴로지 도달률(최근50): gangnam_clean_topology=98%
          ├ OD별 도달률(최근200): rnd0=100%(n200)  rnd1=100%(n200)  rnd10=100%(n200)  rnd11=100%(n200)  rnd12=100%(n200)  rnd13=99%(n200)  rnd14=100%(n200)  rnd15=98%(n200)  rnd16=100%(n200)  rnd17=100%(n200)  rnd18=100%(n200)  rnd19=100%(n200)  rnd2=99%(n200)  rnd20=100%(n200)  rnd21=10%(n200)  rnd22=100%(n200)  rnd23=100%(n200)  rnd24=100%(n200)  rnd25=100%(n200)  rnd26=100%(n200)  rnd27=96%(n200)  rnd28=100%(n200)  rnd29=100%(n200)  rnd3=100%(n200)  rnd4=100%(n200)  rnd5=100%(n200)  rnd6=100%(n200)  rnd7=100%(n200)  rnd8=100%(n200)  rnd9=100%(n200)
          └ 이동 분포: straight=66%  left=16%  right=18%
Ep 13700/30000 | R=  129.8 | Fuel=683.5mL | Wait= 219s | Steps=32.3 | Reach=97% | ε=0.050 | Loss=32.327 | t=7284s
          ├ 토폴로지 도달률(최근50): gangnam_clean_topology=96%
          ├ OD별 도달률(최근200): rnd0=100%(n200)  rnd1=100%(n200)  rnd10=100%(n200)  rnd11=100%(n200)  rnd12=100%(n200)  rnd13=99%(n200)  rnd14=100%(n200)  rnd15=98%(n200)  rnd16=100%(n200)  rnd17=100%(n200)  rnd18=100%(n200)  rnd19=100%(n200)  rnd2=99%(n200)  rnd20=100%(n200)  rnd21=10%(n200)  rnd22=100%(n200)  rnd23=100%(n200)  rnd24=100%(n200)  rnd25=100%(n200)  rnd26=100%(n200)  rnd27=97%(n200)  rnd28=100%(n200)  rnd29=100%(n200)  rnd3=100%(n200)  rnd4=100%(n200)  rnd5=100%(n200)  rnd6=100%(n200)  rnd7=100%(n200)  rnd8=100%(n200)  rnd9=100%(n200)
          └ 이동 분포: straight=68%  left=16%  right=16%
Ep 13800/30000 | R=  139.7 | Fuel=647.4mL | Wait= 183s | Steps=33.3 | Reach=96% | ε=0.050 | Loss=33.316 | t=7357s
          ├ 토폴로지 도달률(최근50): gangnam_clean_topology=94%
          ├ OD별 도달률(최근200): rnd0=100%(n200)  rnd1=100%(n200)  rnd10=100%(n200)  rnd11=100%(n200)  rnd12=100%(n200)  rnd13=99%(n200)  rnd14=100%(n200)  rnd15=98%(n200)  rnd16=100%(n200)  rnd17=100%(n200)  rnd18=100%(n200)  rnd19=100%(n200)  rnd2=99%(n200)  rnd20=100%(n200)  rnd21=10%(n200)  rnd22=100%(n200)  rnd23=100%(n200)  rnd24=100%(n200)  rnd25=100%(n200)  rnd26=100%(n200)  rnd27=97%(n200)  rnd28=100%(n200)  rnd29=100%(n200)  rnd3=100%(n200)  rnd4=100%(n200)  rnd5=100%(n200)  rnd6=100%(n200)  rnd7=100%(n200)  rnd8=100%(n200)  rnd9=100%(n200)
          └ 이동 분포: straight=66%  left=17%  right=17%
Ep 13900/30000 | R=  112.4 | Fuel=722.1mL | Wait= 201s | Steps=34.7 | Reach=100% | ε=0.050 | Loss=30.241 | t=7434s
          ├ 토폴로지 도달률(최근50): gangnam_clean_topology=100%
          ├ OD별 도달률(최근200): rnd0=100%(n200)  rnd1=100%(n200)  rnd10=100%(n200)  rnd11=100%(n200)  rnd12=100%(n200)  rnd13=99%(n200)  rnd14=100%(n200)  rnd15=98%(n200)  rnd16=100%(n200)  rnd17=100%(n200)  rnd18=100%(n200)  rnd19=100%(n200)  rnd2=99%(n200)  rnd20=100%(n200)  rnd21=10%(n200)  rnd22=100%(n200)  rnd23=100%(n200)  rnd24=100%(n200)  rnd25=100%(n200)  rnd26=100%(n200)  rnd27=97%(n200)  rnd28=100%(n200)  rnd29=100%(n200)  rnd3=100%(n200)  rnd4=100%(n200)  rnd5=100%(n200)  rnd6=100%(n200)  rnd7=100%(n200)  rnd8=100%(n200)  rnd9=100%(n200)
          └ 이동 분포: straight=68%  left=16%  right=16%
Ep 14000/30000 | R=  138.6 | Fuel=667.3mL | Wait= 172s | Steps=33.0 | Reach=95% | ε=0.050 | Loss=29.616 | t=7506s
          ├ 토폴로지 도달률(최근50): gangnam_clean_topology=92%
          ├ OD별 도달률(최근200): rnd0=100%(n200)  rnd1=100%(n200)  rnd10=100%(n200)  rnd11=100%(n200)  rnd12=100%(n200)  rnd13=99%(n200)  rnd14=100%(n200)  rnd15=98%(n200)  rnd16=100%(n200)  rnd17=100%(n200)  rnd18=100%(n200)  rnd19=100%(n200)  rnd2=99%(n200)  rnd20=100%(n200)  rnd21=10%(n200)  rnd22=100%(n200)  rnd23=100%(n200)  rnd24=100%(n200)  rnd25=100%(n200)  rnd26=100%(n200)  rnd27=97%(n200)  rnd28=100%(n200)  rnd29=100%(n200)  rnd3=100%(n200)  rnd4=100%(n200)  rnd5=100%(n200)  rnd6=100%(n200)  rnd7=100%(n200)  rnd8=100%(n200)  rnd9=100%(n200)
          └ 이동 분포: straight=66%  left=17%  right=17%
Ep 14100/30000 | R=  129.7 | Fuel=670.2mL | Wait= 184s | Steps=34.4 | Reach=98% | ε=0.050 | Loss=29.999 | t=7582s
          ├ 토폴로지 도달률(최근50): gangnam_clean_topology=98%
          ├ OD별 도달률(최근200): rnd0=100%(n200)  rnd1=100%(n200)  rnd10=100%(n200)  rnd11=100%(n200)  rnd12=100%(n200)  rnd13=100%(n200)  rnd14=100%(n200)  rnd15=98%(n200)  rnd16=100%(n200)  rnd17=100%(n200)  rnd18=100%(n200)  rnd19=100%(n200)  rnd2=99%(n200)  rnd20=100%(n200)  rnd21=11%(n200)  rnd22=100%(n200)  rnd23=100%(n200)  rnd24=100%(n200)  rnd25=100%(n200)  rnd26=100%(n200)  rnd27=97%(n200)  rnd28=100%(n200)  rnd29=100%(n200)  rnd3=100%(n200)  rnd4=100%(n200)  rnd5=100%(n200)  rnd6=100%(n200)  rnd7=100%(n200)  rnd8=100%(n200)  rnd9=100%(n200)
          └ 이동 분포: straight=67%  left=17%  right=16%
Ep 14200/30000 | R=   54.3 | Fuel=725.0mL | Wait= 219s | Steps=36.7 | Reach=97% | ε=0.050 | Loss=32.044 | t=7662s
          ├ 토폴로지 도달률(최근50): gangnam_clean_topology=96%
          ├ OD별 도달률(최근200): rnd0=100%(n200)  rnd1=100%(n200)  rnd10=100%(n200)  rnd11=100%(n200)  rnd12=100%(n200)  rnd13=100%(n200)  rnd14=100%(n200)  rnd15=98%(n200)  rnd16=100%(n200)  rnd17=100%(n200)  rnd18=100%(n200)  rnd19=100%(n200)  rnd2=99%(n200)  rnd20=100%(n200)  rnd21=11%(n200)  rnd22=100%(n200)  rnd23=100%(n200)  rnd24=100%(n200)  rnd25=100%(n200)  rnd26=100%(n200)  rnd27=97%(n200)  rnd28=100%(n200)  rnd29=100%(n200)  rnd3=100%(n200)  rnd4=100%(n200)  rnd5=100%(n200)  rnd6=100%(n200)  rnd7=100%(n200)  rnd8=100%(n200)  rnd9=100%(n200)
          └ 이동 분포: straight=65%  left=16%  right=19%
Ep 14300/30000 | R=   69.3 | Fuel=775.4mL | Wait= 216s | Steps=37.2 | Reach=99% | ε=0.050 | Loss=31.831 | t=7713s
          ├ 토폴로지 도달률(최근50): gangnam_clean_topology=100%
          ├ OD별 도달률(최근200): rnd0=100%(n200)  rnd1=100%(n200)  rnd10=100%(n200)  rnd11=100%(n200)  rnd12=100%(n200)  rnd13=100%(n200)  rnd14=100%(n200)  rnd15=98%(n200)  rnd16=100%(n200)  rnd17=100%(n200)  rnd18=100%(n200)  rnd19=100%(n200)  rnd2=99%(n200)  rnd20=100%(n200)  rnd21=10%(n200)  rnd22=100%(n200)  rnd23=100%(n200)  rnd24=100%(n200)  rnd25=100%(n200)  rnd26=100%(n200)  rnd27=97%(n200)  rnd28=100%(n200)  rnd29=100%(n200)  rnd3=100%(n200)  rnd4=100%(n200)  rnd5=100%(n200)  rnd6=100%(n200)  rnd7=100%(n200)  rnd8=100%(n200)  rnd9=100%(n200)
          └ 이동 분포: straight=66%  left=16%  right=18%
Ep 14400/30000 | R=  101.8 | Fuel=679.5mL | Wait= 185s | Steps=35.3 | Reach=98% | ε=0.050 | Loss=31.814 | t=7738s
          ├ 토폴로지 도달률(최근50): gangnam_clean_topology=100%
          ├ OD별 도달률(최근200): rnd0=100%(n200)  rnd1=100%(n200)  rnd10=100%(n200)  rnd11=100%(n200)  rnd12=100%(n200)  rnd13=100%(n200)  rnd14=100%(n200)  rnd15=98%(n200)  rnd16=100%(n200)  rnd17=100%(n200)  rnd18=100%(n200)  rnd19=100%(n200)  rnd2=99%(n200)  rnd20=100%(n200)  rnd21=10%(n200)  rnd22=100%(n200)  rnd23=100%(n200)  rnd24=100%(n200)  rnd25=100%(n200)  rnd26=100%(n200)  rnd27=98%(n200)  rnd28=100%(n200)  rnd29=100%(n200)  rnd3=100%(n200)  rnd4=100%(n200)  rnd5=100%(n200)  rnd6=100%(n200)  rnd7=100%(n200)  rnd8=100%(n200)  rnd9=100%(n200)
          └ 이동 분포: straight=65%  left=19%  right=16%
Ep 14500/30000 | R=  135.8 | Fuel=615.2mL | Wait= 168s | Steps=31.2 | Reach=95% | ε=0.050 | Loss=30.919 | t=7757s
          ├ 토폴로지 도달률(최근50): gangnam_clean_topology=92%
          ├ OD별 도달률(최근200): rnd0=100%(n200)  rnd1=100%(n200)  rnd10=100%(n200)  rnd11=100%(n200)  rnd12=100%(n200)  rnd13=100%(n200)  rnd14=100%(n200)  rnd15=98%(n200)  rnd16=100%(n200)  rnd17=100%(n200)  rnd18=100%(n200)  rnd19=100%(n200)  rnd2=99%(n200)  rnd20=100%(n200)  rnd21=10%(n200)  rnd22=100%(n200)  rnd23=100%(n200)  rnd24=100%(n200)  rnd25=100%(n200)  rnd26=100%(n200)  rnd27=98%(n200)  rnd28=100%(n200)  rnd29=100%(n200)  rnd3=100%(n200)  rnd4=100%(n200)  rnd5=100%(n200)  rnd6=100%(n200)  rnd7=100%(n200)  rnd8=100%(n200)  rnd9=100%(n200)
          └ 이동 분포: straight=63%  left=18%  right=19%
Ep 14600/30000 | R=   92.5 | Fuel=694.2mL | Wait= 200s | Steps=35.5 | Reach=96% | ε=0.050 | Loss=29.918 | t=7779s
          ├ 토폴로지 도달률(최근50): gangnam_clean_topology=92%
          ├ OD별 도달률(최근200): rnd0=100%(n200)  rnd1=100%(n200)  rnd10=100%(n200)  rnd11=100%(n200)  rnd12=100%(n200)  rnd13=100%(n200)  rnd14=100%(n200)  rnd15=98%(n200)  rnd16=100%(n200)  rnd17=100%(n200)  rnd18=100%(n200)  rnd19=100%(n200)  rnd2=99%(n200)  rnd20=100%(n200)  rnd21=10%(n200)  rnd22=100%(n200)  rnd23=100%(n200)  rnd24=100%(n200)  rnd25=100%(n200)  rnd26=100%(n200)  rnd27=98%(n200)  rnd28=100%(n200)  rnd29=100%(n200)  rnd3=100%(n200)  rnd4=100%(n200)  rnd5=100%(n200)  rnd6=100%(n200)  rnd7=100%(n200)  rnd8=100%(n200)  rnd9=100%(n200)
          └ 이동 분포: straight=66%  left=16%  right=18%
Ep 14700/30000 | R=  110.2 | Fuel=688.8mL | Wait= 201s | Steps=34.8 | Reach=97% | ε=0.050 | Loss=29.443 | t=7817s
          ├ 토폴로지 도달률(최근50): gangnam_clean_topology=96%
          ├ OD별 도달률(최근200): rnd0=100%(n200)  rnd1=100%(n200)  rnd10=100%(n200)  rnd11=100%(n200)  rnd12=100%(n200)  rnd13=100%(n200)  rnd14=100%(n200)  rnd15=98%(n200)  rnd16=100%(n200)  rnd17=100%(n200)  rnd18=100%(n200)  rnd19=100%(n200)  rnd2=99%(n200)  rnd20=100%(n200)  rnd21=10%(n200)  rnd22=100%(n200)  rnd23=100%(n200)  rnd24=100%(n200)  rnd25=100%(n200)  rnd26=100%(n200)  rnd27=98%(n200)  rnd28=100%(n200)  rnd29=100%(n200)  rnd3=100%(n200)  rnd4=100%(n200)  rnd5=100%(n200)  rnd6=100%(n200)  rnd7=100%(n200)  rnd8=100%(n200)  rnd9=100%(n200)
          └ 이동 분포: straight=65%  left=18%  right=17%
Ep 14800/30000 | R=   82.5 | Fuel=710.2mL | Wait= 201s | Steps=35.4 | Reach=97% | ε=0.050 | Loss=29.447 | t=7852s
          ├ 토폴로지 도달률(최근50): gangnam_clean_topology=96%
          ├ OD별 도달률(최근200): rnd0=100%(n200)  rnd1=100%(n200)  rnd10=100%(n200)  rnd11=100%(n200)  rnd12=100%(n200)  rnd13=100%(n200)  rnd14=100%(n200)  rnd15=98%(n200)  rnd16=100%(n200)  rnd17=100%(n200)  rnd18=100%(n200)  rnd19=100%(n200)  rnd2=99%(n200)  rnd20=100%(n200)  rnd21=10%(n200)  rnd22=100%(n200)  rnd23=100%(n200)  rnd24=100%(n200)  rnd25=100%(n200)  rnd26=100%(n200)  rnd27=98%(n200)  rnd28=100%(n200)  rnd29=100%(n200)  rnd3=100%(n200)  rnd4=100%(n200)  rnd5=100%(n200)  rnd6=100%(n200)  rnd7=100%(n200)  rnd8=100%(n200)  rnd9=100%(n200)
          └ 이동 분포: straight=66%  left=17%  right=18%
Ep 14900/30000 | R=   78.0 | Fuel=732.7mL | Wait= 197s | Steps=35.9 | Reach=95% | ε=0.050 | Loss=30.062 | t=7884s
          ├ 토폴로지 도달률(최근50): gangnam_clean_topology=90%
          ├ OD별 도달률(최근200): rnd0=100%(n200)  rnd1=100%(n200)  rnd10=100%(n200)  rnd11=100%(n200)  rnd12=100%(n200)  rnd13=100%(n200)  rnd14=100%(n200)  rnd15=98%(n200)  rnd16=100%(n200)  rnd17=100%(n200)  rnd18=100%(n200)  rnd19=100%(n200)  rnd2=99%(n200)  rnd20=100%(n200)  rnd21=10%(n200)  rnd22=100%(n200)  rnd23=100%(n200)  rnd24=100%(n200)  rnd25=100%(n200)  rnd26=100%(n200)  rnd27=98%(n200)  rnd28=100%(n200)  rnd29=100%(n200)  rnd3=100%(n200)  rnd4=100%(n200)  rnd5=100%(n200)  rnd6=100%(n200)  rnd7=100%(n200)  rnd8=100%(n200)  rnd9=100%(n200)
          └ 이동 분포: straight=65%  left=17%  right=18%
Ep 15000/30000 | R=   96.8 | Fuel=681.8mL | Wait= 200s | Steps=35.4 | Reach=97% | ε=0.050 | Loss=35.818 | t=7907s
          ├ 토폴로지 도달률(최근50): gangnam_clean_topology=96%
          ├ OD별 도달률(최근200): rnd0=100%(n200)  rnd1=100%(n200)  rnd10=100%(n200)  rnd11=100%(n200)  rnd12=100%(n200)  rnd13=100%(n200)  rnd14=100%(n200)  rnd15=98%(n200)  rnd16=100%(n200)  rnd17=100%(n200)  rnd18=100%(n200)  rnd19=100%(n200)  rnd2=99%(n200)  rnd20=100%(n200)  rnd21=10%(n200)  rnd22=100%(n200)  rnd23=100%(n200)  rnd24=100%(n200)  rnd25=100%(n200)  rnd26=100%(n200)  rnd27=98%(n200)  rnd28=100%(n200)  rnd29=100%(n200)  rnd3=100%(n200)  rnd4=100%(n200)  rnd5=100%(n200)  rnd6=100%(n200)  rnd7=100%(n200)  rnd8=100%(n200)  rnd9=100%(n200)
          └ 이동 분포: straight=65%  left=17%  right=18%
  [체크포인트] model_rl_base_ep15000.pth
Ep 15100/30000 | R=  115.7 | Fuel=679.9mL | Wait= 193s | Steps=34.1 | Reach=96% | ε=0.050 | Loss=30.884 | t=7932s
          ├ 토폴로지 도달률(최근50): gangnam_clean_topology=96%
          ├ OD별 도달률(최근200): rnd0=100%(n200)  rnd1=100%(n200)  rnd10=100%(n200)  rnd11=100%(n200)  rnd12=100%(n200)  rnd13=100%(n200)  rnd14=100%(n200)  rnd15=98%(n200)  rnd16=100%(n200)  rnd17=100%(n200)  rnd18=100%(n200)  rnd19=100%(n200)  rnd2=99%(n200)  rnd20=100%(n200)  rnd21=11%(n200)  rnd22=100%(n200)  rnd23=100%(n200)  rnd24=100%(n200)  rnd25=100%(n200)  rnd26=100%(n200)  rnd27=98%(n200)  rnd28=100%(n200)  rnd29=100%(n200)  rnd3=100%(n200)  rnd4=100%(n200)  rnd5=100%(n200)  rnd6=100%(n200)  rnd7=100%(n200)  rnd8=100%(n200)  rnd9=100%(n200)
          └ 이동 분포: straight=66%  left=16%  right=17%
Ep 15200/30000 | R=   95.5 | Fuel=716.2mL | Wait= 217s | Steps=36.8 | Reach=99% | ε=0.050 | Loss=27.875 | t=7964s
          ├ 토폴로지 도달률(최근50): gangnam_clean_topology=100%
          ├ OD별 도달률(최근200): rnd0=100%(n200)  rnd1=100%(n200)  rnd10=100%(n200)  rnd11=100%(n200)  rnd12=100%(n200)  rnd13=100%(n200)  rnd14=100%(n200)  rnd15=98%(n200)  rnd16=100%(n200)  rnd17=100%(n200)  rnd18=100%(n200)  rnd19=100%(n200)  rnd2=100%(n200)  rnd20=100%(n200)  rnd21=11%(n200)  rnd22=100%(n200)  rnd23=100%(n200)  rnd24=100%(n200)  rnd25=100%(n200)  rnd26=100%(n200)  rnd27=98%(n200)  rnd28=100%(n200)  rnd29=100%(n200)  rnd3=100%(n200)  rnd4=100%(n200)  rnd5=100%(n200)  rnd6=100%(n200)  rnd7=100%(n200)  rnd8=100%(n200)  rnd9=100%(n200)
          └ 이동 분포: straight=66%  left=17%  right=17%
Ep 15300/30000 | R=   30.1 | Fuel=757.2mL | Wait= 208s | Steps=39.7 | Reach=98% | ε=0.050 | Loss=29.284 | t=8008s
          ├ 토폴로지 도달률(최근50): gangnam_clean_topology=100%
          ├ OD별 도달률(최근200): rnd0=100%(n200)  rnd1=100%(n200)  rnd10=100%(n200)  rnd11=100%(n200)  rnd12=100%(n200)  rnd13=100%(n200)  rnd14=100%(n200)  rnd15=98%(n200)  rnd16=100%(n200)  rnd17=100%(n200)  rnd18=100%(n200)  rnd19=100%(n200)  rnd2=100%(n200)  rnd20=100%(n200)  rnd21=11%(n200)  rnd22=100%(n200)  rnd23=100%(n200)  rnd24=100%(n200)  rnd25=100%(n200)  rnd26=100%(n200)  rnd27=98%(n200)  rnd28=100%(n200)  rnd29=100%(n200)  rnd3=100%(n200)  rnd4=100%(n200)  rnd5=100%(n200)  rnd6=100%(n200)  rnd7=100%(n200)  rnd8=100%(n200)  rnd9=100%(n200)
          └ 이동 분포: straight=66%  left=17%  right=17%
Ep 15400/30000 | R=   79.1 | Fuel=709.7mL | Wait= 203s | Steps=35.8 | Reach=97% | ε=0.050 | Loss=30.040 | t=8047s
          ├ 토폴로지 도달률(최근50): gangnam_clean_topology=94%
          ├ OD별 도달률(최근200): rnd0=100%(n200)  rnd1=100%(n200)  rnd10=100%(n200)  rnd11=100%(n200)  rnd12=100%(n200)  rnd13=100%(n200)  rnd14=100%(n200)  rnd15=98%(n200)  rnd16=100%(n200)  rnd17=100%(n200)  rnd18=100%(n200)  rnd19=100%(n200)  rnd2=100%(n200)  rnd20=100%(n200)  rnd21=11%(n200)  rnd22=100%(n200)  rnd23=100%(n200)  rnd24=100%(n200)  rnd25=100%(n200)  rnd26=100%(n200)  rnd27=98%(n200)  rnd28=100%(n200)  rnd29=100%(n200)  rnd3=100%(n200)  rnd4=100%(n200)  rnd5=100%(n200)  rnd6=100%(n200)  rnd7=100%(n200)  rnd8=100%(n200)  rnd9=100%(n200)
          └ 이동 분포: straight=64%  left=18%  right=18%
Ep 15500/30000 | R=   43.8 | Fuel=768.8mL | Wait= 206s | Steps=38.9 | Reach=97% | ε=0.050 | Loss=29.306 | t=8090s
          ├ 토폴로지 도달률(최근50): gangnam_clean_topology=96%
          ├ OD별 도달률(최근200): rnd0=100%(n200)  rnd1=100%(n200)  rnd10=100%(n200)  rnd11=100%(n200)  rnd12=100%(n200)  rnd13=100%(n200)  rnd14=100%(n200)  rnd15=98%(n200)  rnd16=100%(n200)  rnd17=100%(n200)  rnd18=100%(n200)  rnd19=100%(n200)  rnd2=100%(n200)  rnd20=100%(n200)  rnd21=11%(n200)  rnd22=100%(n200)  rnd23=100%(n200)  rnd24=100%(n200)  rnd25=100%(n200)  rnd26=100%(n200)  rnd27=98%(n200)  rnd28=100%(n200)  rnd29=100%(n200)  rnd3=100%(n200)  rnd4=100%(n200)  rnd5=100%(n200)  rnd6=100%(n200)  rnd7=100%(n200)  rnd8=100%(n200)  rnd9=100%(n200)
          └ 이동 분포: straight=65%  left=17%  right=18%
Ep 15600/30000 | R=  106.3 | Fuel=727.4mL | Wait= 204s | Steps=35.2 | Reach=100% | ε=0.050 | Loss=28.128 | t=8129s
          ├ 토폴로지 도달률(최근50): gangnam_clean_topology=100%
          ├ OD별 도달률(최근200): rnd0=100%(n200)  rnd1=100%(n200)  rnd10=100%(n200)  rnd11=100%(n200)  rnd12=100%(n200)  rnd13=100%(n200)  rnd14=100%(n200)  rnd15=98%(n200)  rnd16=100%(n200)  rnd17=100%(n200)  rnd18=100%(n200)  rnd19=100%(n200)  rnd2=100%(n200)  rnd20=100%(n200)  rnd21=11%(n200)  rnd22=100%(n200)  rnd23=100%(n200)  rnd24=100%(n200)  rnd25=100%(n200)  rnd26=100%(n200)  rnd27=98%(n200)  rnd28=100%(n200)  rnd29=100%(n200)  rnd3=100%(n200)  rnd4=100%(n200)  rnd5=100%(n200)  rnd6=100%(n200)  rnd7=100%(n200)  rnd8=100%(n200)  rnd9=100%(n200)
          └ 이동 분포: straight=67%  left=17%  right=16%
Ep 15700/30000 | R=   78.3 | Fuel=688.1mL | Wait= 199s | Steps=34.6 | Reach=94% | ε=0.050 | Loss=28.125 | t=8167s
          ├ 토폴로지 도달률(최근50): gangnam_clean_topology=96%
          ├ OD별 도달률(최근200): rnd0=100%(n200)  rnd1=100%(n200)  rnd10=100%(n200)  rnd11=100%(n200)  rnd12=100%(n200)  rnd13=100%(n200)  rnd14=100%(n200)  rnd15=98%(n200)  rnd16=100%(n200)  rnd17=100%(n200)  rnd18=100%(n200)  rnd19=100%(n200)  rnd2=100%(n200)  rnd20=100%(n200)  rnd21=11%(n200)  rnd22=100%(n200)  rnd23=100%(n200)  rnd24=100%(n200)  rnd25=100%(n200)  rnd26=100%(n200)  rnd27=98%(n200)  rnd28=100%(n200)  rnd29=100%(n200)  rnd3=100%(n200)  rnd4=100%(n200)  rnd5=100%(n200)  rnd6=100%(n200)  rnd7=100%(n200)  rnd8=100%(n200)  rnd9=100%(n200)
          └ 이동 분포: straight=65%  left=18%  right=17%
Ep 15800/30000 | R=  162.8 | Fuel=667.5mL | Wait= 181s | Steps=32.3 | Reach=98% | ε=0.050 | Loss=26.699 | t=8203s
          ├ 토폴로지 도달률(최근50): gangnam_clean_topology=96%
          ├ OD별 도달률(최근200): rnd0=100%(n200)  rnd1=100%(n200)  rnd10=100%(n200)  rnd11=100%(n200)  rnd12=100%(n200)  rnd13=100%(n200)  rnd14=100%(n200)  rnd15=98%(n200)  rnd16=100%(n200)  rnd17=100%(n200)  rnd18=100%(n200)  rnd19=100%(n200)  rnd2=100%(n200)  rnd20=100%(n200)  rnd21=11%(n200)  rnd22=100%(n200)  rnd23=100%(n200)  rnd24=100%(n200)  rnd25=100%(n200)  rnd26=100%(n200)  rnd27=98%(n200)  rnd28=100%(n200)  rnd29=100%(n200)  rnd3=100%(n200)  rnd4=100%(n200)  rnd5=100%(n200)  rnd6=100%(n200)  rnd7=100%(n200)  rnd8=100%(n200)  rnd9=100%(n200)
          └ 이동 분포: straight=68%  left=16%  right=17%
Ep 15900/30000 | R=   77.8 | Fuel=696.8mL | Wait= 208s | Steps=35.0 | Reach=96% | ε=0.050 | Loss=27.925 | t=8241s
          ├ 토폴로지 도달률(최근50): gangnam_clean_topology=98%
          ├ OD별 도달률(최근200): rnd0=100%(n200)  rnd1=100%(n200)  rnd10=100%(n200)  rnd11=100%(n200)  rnd12=100%(n200)  rnd13=100%(n200)  rnd14=100%(n200)  rnd15=98%(n200)  rnd16=100%(n200)  rnd17=100%(n200)  rnd18=100%(n200)  rnd19=100%(n200)  rnd2=100%(n200)  rnd20=100%(n200)  rnd21=11%(n200)  rnd22=100%(n200)  rnd23=100%(n200)  rnd24=100%(n200)  rnd25=100%(n200)  rnd26=100%(n200)  rnd27=98%(n200)  rnd28=100%(n200)  rnd29=100%(n200)  rnd3=100%(n200)  rnd4=100%(n200)  rnd5=100%(n200)  rnd6=100%(n200)  rnd7=100%(n200)  rnd8=100%(n200)  rnd9=100%(n200)
          └ 이동 분포: straight=66%  left=16%  right=18%
Ep 16000/30000 | R=  182.4 | Fuel=600.5mL | Wait= 158s | Steps=30.1 | Reach=96% | ε=0.050 | Loss=27.291 | t=8275s
          ├ 토폴로지 도달률(최근50): gangnam_clean_topology=96%
          ├ OD별 도달률(최근200): rnd0=100%(n200)  rnd1=100%(n200)  rnd10=100%(n200)  rnd11=100%(n200)  rnd12=100%(n200)  rnd13=100%(n200)  rnd14=100%(n200)  rnd15=99%(n200)  rnd16=100%(n200)  rnd17=100%(n200)  rnd18=100%(n200)  rnd19=100%(n200)  rnd2=100%(n200)  rnd20=100%(n200)  rnd21=11%(n200)  rnd22=100%(n200)  rnd23=100%(n200)  rnd24=100%(n200)  rnd25=100%(n200)  rnd26=100%(n200)  rnd27=98%(n200)  rnd28=100%(n200)  rnd29=100%(n200)  rnd3=100%(n200)  rnd4=100%(n200)  rnd5=100%(n200)  rnd6=100%(n200)  rnd7=100%(n200)  rnd8=100%(n200)  rnd9=100%(n200)
          └ 이동 분포: straight=66%  left=17%  right=17%
Ep 16100/30000 | R=  151.1 | Fuel=646.6mL | Wait= 199s | Steps=30.5 | Reach=95% | ε=0.050 | Loss=27.293 | t=8308s
          ├ 토폴로지 도달률(최근50): gangnam_clean_topology=98%
          ├ OD별 도달률(최근200): rnd0=100%(n200)  rnd1=100%(n200)  rnd10=100%(n200)  rnd11=100%(n200)  rnd12=100%(n200)  rnd13=100%(n200)  rnd14=100%(n200)  rnd15=99%(n200)  rnd16=100%(n200)  rnd17=100%(n200)  rnd18=100%(n200)  rnd19=100%(n200)  rnd2=100%(n200)  rnd20=100%(n200)  rnd21=10%(n200)  rnd22=100%(n200)  rnd23=100%(n200)  rnd24=100%(n200)  rnd25=100%(n200)  rnd26=100%(n200)  rnd27=98%(n200)  rnd28=100%(n200)  rnd29=100%(n200)  rnd3=100%(n200)  rnd4=100%(n200)  rnd5=100%(n200)  rnd6=100%(n200)  rnd7=100%(n200)  rnd8=100%(n200)  rnd9=100%(n200)
          └ 이동 분포: straight=66%  left=18%  right=16%
Ep 16200/30000 | R=   72.6 | Fuel=767.7mL | Wait= 214s | Steps=36.1 | Reach=97% | ε=0.050 | Loss=26.357 | t=8348s
          ├ 토폴로지 도달률(최근50): gangnam_clean_topology=96%
          ├ OD별 도달률(최근200): rnd0=100%(n200)  rnd1=100%(n200)  rnd10=100%(n200)  rnd11=100%(n200)  rnd12=100%(n200)  rnd13=100%(n200)  rnd14=100%(n200)  rnd15=99%(n200)  rnd16=100%(n200)  rnd17=100%(n200)  rnd18=100%(n200)  rnd19=100%(n200)  rnd2=100%(n200)  rnd20=100%(n200)  rnd21=10%(n200)  rnd22=100%(n200)  rnd23=100%(n200)  rnd24=100%(n200)  rnd25=100%(n200)  rnd26=100%(n200)  rnd27=98%(n200)  rnd28=100%(n200)  rnd29=100%(n200)  rnd3=100%(n200)  rnd4=100%(n200)  rnd5=100%(n200)  rnd6=100%(n200)  rnd7=100%(n200)  rnd8=100%(n200)  rnd9=100%(n200)
          └ 이동 분포: straight=67%  left=17%  right=16%
Ep 16300/30000 | R=   82.0 | Fuel=710.0mL | Wait= 215s | Steps=35.5 | Reach=97% | ε=0.050 | Loss=27.210 | t=8388s
          ├ 토폴로지 도달률(최근50): gangnam_clean_topology=98%
          ├ OD별 도달률(최근200): rnd0=100%(n200)  rnd1=100%(n200)  rnd10=100%(n200)  rnd11=100%(n200)  rnd12=100%(n200)  rnd13=100%(n200)  rnd14=100%(n200)  rnd15=99%(n200)  rnd16=100%(n200)  rnd17=100%(n200)  rnd18=100%(n200)  rnd19=100%(n200)  rnd2=100%(n200)  rnd20=100%(n200)  rnd21=10%(n200)  rnd22=100%(n200)  rnd23=100%(n200)  rnd24=100%(n200)  rnd25=100%(n200)  rnd26=100%(n200)  rnd27=98%(n200)  rnd28=100%(n200)  rnd29=100%(n200)  rnd3=100%(n200)  rnd4=100%(n200)  rnd5=100%(n200)  rnd6=100%(n200)  rnd7=100%(n200)  rnd8=100%(n200)  rnd9=100%(n200)
          └ 이동 분포: straight=64%  left=18%  right=18%
Ep 16400/30000 | R=  120.0 | Fuel=659.1mL | Wait= 176s | Steps=33.6 | Reach=95% | ε=0.050 | Loss=26.381 | t=8426s
          ├ 토폴로지 도달률(최근50): gangnam_clean_topology=98%
          ├ OD별 도달률(최근200): rnd0=100%(n200)  rnd1=100%(n200)  rnd10=100%(n200)  rnd11=100%(n200)  rnd12=100%(n200)  rnd13=100%(n200)  rnd14=100%(n200)  rnd15=99%(n200)  rnd16=100%(n200)  rnd17=100%(n200)  rnd18=100%(n200)  rnd19=100%(n200)  rnd2=100%(n200)  rnd20=100%(n200)  rnd21=10%(n200)  rnd22=100%(n200)  rnd23=100%(n200)  rnd24=100%(n200)  rnd25=100%(n200)  rnd26=100%(n200)  rnd27=98%(n200)  rnd28=100%(n200)  rnd29=100%(n200)  rnd3=100%(n200)  rnd4=100%(n200)  rnd5=100%(n200)  rnd6=100%(n200)  rnd7=100%(n200)  rnd8=100%(n200)  rnd9=100%(n200)
          └ 이동 분포: straight=65%  left=17%  right=17%
Ep 16500/30000 | R=   54.9 | Fuel=727.3mL | Wait= 202s | Steps=36.5 | Reach=96% | ε=0.050 | Loss=26.775 | t=8468s
          ├ 토폴로지 도달률(최근50): gangnam_clean_topology=96%
          ├ OD별 도달률(최근200): rnd0=100%(n200)  rnd1=100%(n200)  rnd10=100%(n200)  rnd11=100%(n200)  rnd12=100%(n200)  rnd13=100%(n200)  rnd14=100%(n200)  rnd15=99%(n200)  rnd16=100%(n200)  rnd17=100%(n200)  rnd18=100%(n200)  rnd19=100%(n200)  rnd2=100%(n200)  rnd20=100%(n200)  rnd21=10%(n200)  rnd22=100%(n200)  rnd23=100%(n200)  rnd24=100%(n200)  rnd25=100%(n200)  rnd26=100%(n200)  rnd27=98%(n200)  rnd28=100%(n200)  rnd29=100%(n200)  rnd3=100%(n200)  rnd4=100%(n200)  rnd5=100%(n200)  rnd6=100%(n200)  rnd7=100%(n200)  rnd8=100%(n200)  rnd9=100%(n200)
          └ 이동 분포: straight=66%  left=17%  right=17%
Ep 16600/30000 | R=  102.7 | Fuel=703.9mL | Wait= 183s | Steps=35.9 | Reach=99% | ε=0.050 | Loss=28.227 | t=8508s
          ├ 토폴로지 도달률(최근50): gangnam_clean_topology=100%
          ├ OD별 도달률(최근200): rnd0=100%(n200)  rnd1=100%(n200)  rnd10=100%(n200)  rnd11=100%(n200)  rnd12=100%(n200)  rnd13=100%(n200)  rnd14=100%(n200)  rnd15=99%(n200)  rnd16=100%(n200)  rnd17=100%(n200)  rnd18=100%(n200)  rnd19=100%(n200)  rnd2=100%(n200)  rnd20=100%(n200)  rnd21=10%(n200)  rnd22=100%(n200)  rnd23=100%(n200)  rnd24=100%(n200)  rnd25=100%(n200)  rnd26=100%(n200)  rnd27=98%(n200)  rnd28=100%(n200)  rnd29=100%(n200)  rnd3=100%(n200)  rnd4=100%(n200)  rnd5=100%(n200)  rnd6=100%(n200)  rnd7=100%(n200)  rnd8=100%(n200)  rnd9=100%(n200)
          └ 이동 분포: straight=65%  left=18%  right=17%
Ep 16700/30000 | R=  197.7 | Fuel=657.7mL | Wait= 181s | Steps=31.6 | Reach=100% | ε=0.050 | Loss=24.719 | t=8544s
          ├ 토폴로지 도달률(최근50): gangnam_clean_topology=100%
          ├ OD별 도달률(최근200): rnd0=100%(n200)  rnd1=100%(n200)  rnd10=100%(n200)  rnd11=100%(n200)  rnd12=100%(n200)  rnd13=100%(n200)  rnd14=100%(n200)  rnd15=99%(n200)  rnd16=100%(n200)  rnd17=100%(n200)  rnd18=100%(n200)  rnd19=100%(n200)  rnd2=100%(n200)  rnd20=100%(n200)  rnd21=10%(n200)  rnd22=100%(n200)  rnd23=100%(n200)  rnd24=100%(n200)  rnd25=100%(n200)  rnd26=100%(n200)  rnd27=98%(n200)  rnd28=100%(n200)  rnd29=100%(n200)  rnd3=100%(n200)  rnd4=100%(n200)  rnd5=100%(n200)  rnd6=100%(n200)  rnd7=100%(n200)  rnd8=100%(n200)  rnd9=100%(n200)
          └ 이동 분포: straight=66%  left=17%  right=16%
Ep 16800/30000 | R=   58.2 | Fuel=703.1mL | Wait= 204s | Steps=35.6 | Reach=97% | ε=0.050 | Loss=26.408 | t=8585s
          ├ 토폴로지 도달률(최근50): gangnam_clean_topology=100%
          ├ OD별 도달률(최근200): rnd0=100%(n200)  rnd1=100%(n200)  rnd10=100%(n200)  rnd11=100%(n200)  rnd12=100%(n200)  rnd13=100%(n200)  rnd14=100%(n200)  rnd15=99%(n200)  rnd16=100%(n200)  rnd17=100%(n200)  rnd18=100%(n200)  rnd19=100%(n200)  rnd2=100%(n200)  rnd20=100%(n200)  rnd21=10%(n200)  rnd22=100%(n200)  rnd23=100%(n200)  rnd24=100%(n200)  rnd25=100%(n200)  rnd26=100%(n200)  rnd27=98%(n200)  rnd28=100%(n200)  rnd29=100%(n200)  rnd3=100%(n200)  rnd4=100%(n200)  rnd5=100%(n200)  rnd6=100%(n200)  rnd7=100%(n200)  rnd8=100%(n200)  rnd9=100%(n200)
          └ 이동 분포: straight=63%  left=19%  right=18%
Ep 16900/30000 | R=  118.9 | Fuel=708.7mL | Wait= 192s | Steps=34.2 | Reach=98% | ε=0.050 | Loss=25.474 | t=8623s
          ├ 토폴로지 도달률(최근50): gangnam_clean_topology=98%
          ├ OD별 도달률(최근200): rnd0=100%(n200)  rnd1=100%(n200)  rnd10=100%(n200)  rnd11=100%(n200)  rnd12=100%(n200)  rnd13=100%(n200)  rnd14=100%(n200)  rnd15=99%(n200)  rnd16=100%(n200)  rnd17=100%(n200)  rnd18=100%(n200)  rnd19=100%(n200)  rnd2=100%(n200)  rnd20=100%(n200)  rnd21=10%(n200)  rnd22=100%(n200)  rnd23=100%(n200)  rnd24=100%(n200)  rnd25=100%(n200)  rnd26=100%(n200)  rnd27=98%(n200)  rnd28=100%(n200)  rnd29=100%(n200)  rnd3=100%(n200)  rnd4=100%(n200)  rnd5=100%(n200)  rnd6=100%(n200)  rnd7=100%(n200)  rnd8=100%(n200)  rnd9=100%(n200)
          └ 이동 분포: straight=67%  left=16%  right=17%
Ep 17000/30000 | R=  137.1 | Fuel=702.4mL | Wait= 212s | Steps=31.8 | Reach=97% | ε=0.050 | Loss=25.516 | t=8658s
          ├ 토폴로지 도달률(최근50): gangnam_clean_topology=100%
          ├ OD별 도달률(최근200): rnd0=100%(n200)  rnd1=100%(n200)  rnd10=100%(n200)  rnd11=100%(n200)  rnd12=100%(n200)  rnd13=100%(n200)  rnd14=100%(n200)  rnd15=100%(n200)  rnd16=100%(n200)  rnd17=100%(n200)  rnd18=100%(n200)  rnd19=100%(n200)  rnd2=100%(n200)  rnd20=100%(n200)  rnd21=10%(n200)  rnd22=100%(n200)  rnd23=100%(n200)  rnd24=100%(n200)  rnd25=100%(n200)  rnd26=100%(n200)  rnd27=98%(n200)  rnd28=100%(n200)  rnd29=100%(n200)  rnd3=100%(n200)  rnd4=100%(n200)  rnd5=100%(n200)  rnd6=100%(n200)  rnd7=100%(n200)  rnd8=100%(n200)  rnd9=100%(n200)
          └ 이동 분포: straight=67%  left=16%  right=16%
Ep 17100/30000 | R=    9.7 | Fuel=760.9mL | Wait= 220s | Steps=38.9 | Reach=98% | ε=0.050 | Loss=27.861 | t=8703s
          ├ 토폴로지 도달률(최근50): gangnam_clean_topology=96%
          ├ OD별 도달률(최근200): rnd0=100%(n200)  rnd1=100%(n200)  rnd10=100%(n200)  rnd11=100%(n200)  rnd12=100%(n200)  rnd13=100%(n200)  rnd14=100%(n200)  rnd15=100%(n200)  rnd16=100%(n200)  rnd17=100%(n200)  rnd18=100%(n200)  rnd19=100%(n200)  rnd2=100%(n200)  rnd20=100%(n200)  rnd21=10%(n200)  rnd22=100%(n200)  rnd23=100%(n200)  rnd24=100%(n200)  rnd25=100%(n200)  rnd26=100%(n200)  rnd27=98%(n200)  rnd28=100%(n200)  rnd29=100%(n200)  rnd3=100%(n200)  rnd4=100%(n200)  rnd5=100%(n200)  rnd6=100%(n200)  rnd7=100%(n200)  rnd8=100%(n200)  rnd9=100%(n200)
          └ 이동 분포: straight=66%  left=17%  right=17%
Ep 17200/30000 | R=  171.8 | Fuel=658.5mL | Wait= 187s | Steps=32.0 | Reach=99% | ε=0.050 | Loss=25.472 | t=8739s
          ├ 토폴로지 도달률(최근50): gangnam_clean_topology=100%
          ├ OD별 도달률(최근200): rnd0=100%(n200)  rnd1=100%(n200)  rnd10=100%(n200)  rnd11=100%(n200)  rnd12=100%(n200)  rnd13=100%(n200)  rnd14=100%(n200)  rnd15=100%(n200)  rnd16=100%(n200)  rnd17=100%(n200)  rnd18=100%(n200)  rnd19=100%(n200)  rnd2=100%(n200)  rnd20=100%(n200)  rnd21=10%(n200)  rnd22=100%(n200)  rnd23=100%(n200)  rnd24=100%(n200)  rnd25=100%(n200)  rnd26=100%(n200)  rnd27=98%(n200)  rnd28=100%(n200)  rnd29=100%(n200)  rnd3=100%(n200)  rnd4=100%(n200)  rnd5=100%(n200)  rnd6=100%(n200)  rnd7=100%(n200)  rnd8=100%(n200)  rnd9=100%(n200)
          └ 이동 분포: straight=66%  left=17%  right=17%
Ep 17300/30000 | R=   97.0 | Fuel=726.1mL | Wait= 204s | Steps=34.5 | Reach=98% | ε=0.050 | Loss=24.278 | t=8779s
          ├ 토폴로지 도달률(최근50): gangnam_clean_topology=98%
          ├ OD별 도달률(최근200): rnd0=100%(n200)  rnd1=100%(n200)  rnd10=100%(n200)  rnd11=100%(n200)  rnd12=100%(n200)  rnd13=100%(n200)  rnd14=100%(n200)  rnd15=100%(n200)  rnd16=100%(n200)  rnd17=100%(n200)  rnd18=100%(n200)  rnd19=100%(n200)  rnd2=100%(n200)  rnd20=100%(n200)  rnd21=10%(n200)  rnd22=100%(n200)  rnd23=100%(n200)  rnd24=100%(n200)  rnd25=100%(n200)  rnd26=100%(n200)  rnd27=98%(n200)  rnd28=100%(n200)  rnd29=100%(n200)  rnd3=100%(n200)  rnd4=100%(n200)  rnd5=100%(n200)  rnd6=100%(n200)  rnd7=100%(n200)  rnd8=100%(n200)  rnd9=100%(n200)
          └ 이동 분포: straight=66%  left=17%  right=17%
Ep 17400/30000 | R=  149.6 | Fuel=702.3mL | Wait= 181s | Steps=33.9 | Reach=99% | ε=0.050 | Loss=24.514 | t=8818s
          ├ 토폴로지 도달률(최근50): gangnam_clean_topology=100%
          ├ OD별 도달률(최근200): rnd0=100%(n200)  rnd1=100%(n200)  rnd10=100%(n200)  rnd11=100%(n200)  rnd12=100%(n200)  rnd13=100%(n200)  rnd14=100%(n200)  rnd15=100%(n200)  rnd16=100%(n200)  rnd17=100%(n200)  rnd18=100%(n200)  rnd19=100%(n200)  rnd2=100%(n200)  rnd20=100%(n200)  rnd21=10%(n200)  rnd22=100%(n200)  rnd23=100%(n200)  rnd24=100%(n200)  rnd25=100%(n200)  rnd26=100%(n200)  rnd27=98%(n200)  rnd28=100%(n200)  rnd29=100%(n200)  rnd3=100%(n200)  rnd4=100%(n200)  rnd5=100%(n200)  rnd6=100%(n200)  rnd7=100%(n200)  rnd8=100%(n200)  rnd9=100%(n200)
          └ 이동 분포: straight=67%  left=16%  right=17%
Ep 17500/30000 | R=   79.8 | Fuel=711.5mL | Wait= 199s | Steps=33.8 | Reach=95% | ε=0.050 | Loss=24.985 | t=8857s
          ├ 토폴로지 도달률(최근50): gangnam_clean_topology=92%
          ├ OD별 도달률(최근200): rnd0=100%(n200)  rnd1=100%(n200)  rnd10=100%(n200)  rnd11=100%(n200)  rnd12=100%(n200)  rnd13=100%(n200)  rnd14=100%(n200)  rnd15=100%(n200)  rnd16=100%(n200)  rnd17=100%(n200)  rnd18=100%(n200)  rnd19=100%(n200)  rnd2=100%(n200)  rnd20=100%(n200)  rnd21=10%(n200)  rnd22=100%(n200)  rnd23=100%(n200)  rnd24=100%(n200)  rnd25=100%(n200)  rnd26=100%(n200)  rnd27=98%(n200)  rnd28=100%(n200)  rnd29=100%(n200)  rnd3=100%(n200)  rnd4=100%(n200)  rnd5=100%(n200)  rnd6=100%(n200)  rnd7=100%(n200)  rnd8=100%(n200)  rnd9=100%(n200)
          └ 이동 분포: straight=65%  left=17%  right=18%
  [체크포인트] model_rl_base_ep17500.pth
Ep 17600/30000 | R=  110.4 | Fuel=674.1mL | Wait= 205s | Steps=33.2 | Reach=95% | ε=0.050 | Loss=25.311 | t=8895s
          ├ 토폴로지 도달률(최근50): gangnam_clean_topology=94%
          ├ OD별 도달률(최근200): rnd0=100%(n200)  rnd1=100%(n200)  rnd10=100%(n200)  rnd11=100%(n200)  rnd12=100%(n200)  rnd13=100%(n200)  rnd14=100%(n200)  rnd15=100%(n200)  rnd16=100%(n200)  rnd17=100%(n200)  rnd18=100%(n200)  rnd19=100%(n200)  rnd2=100%(n200)  rnd20=100%(n200)  rnd21=10%(n200)  rnd22=100%(n200)  rnd23=100%(n200)  rnd24=100%(n200)  rnd25=100%(n200)  rnd26=100%(n200)  rnd27=98%(n200)  rnd28=100%(n200)  rnd29=100%(n200)  rnd3=100%(n200)  rnd4=100%(n200)  rnd5=100%(n200)  rnd6=100%(n200)  rnd7=100%(n200)  rnd8=100%(n200)  rnd9=100%(n200)
          └ 이동 분포: straight=67%  left=16%  right=17%
Ep 17700/30000 | R=   23.5 | Fuel=751.8mL | Wait= 205s | Steps=39.4 | Reach=99% | ε=0.050 | Loss=25.317 | t=8940s
          ├ 토폴로지 도달률(최근50): gangnam_clean_topology=100%
          ├ OD별 도달률(최근200): rnd0=100%(n200)  rnd1=100%(n200)  rnd10=100%(n200)  rnd11=100%(n200)  rnd12=100%(n200)  rnd13=100%(n200)  rnd14=100%(n200)  rnd15=100%(n200)  rnd16=100%(n200)  rnd17=100%(n200)  rnd18=100%(n200)  rnd19=100%(n200)  rnd2=100%(n200)  rnd20=100%(n200)  rnd21=10%(n200)  rnd22=100%(n200)  rnd23=100%(n200)  rnd24=100%(n200)  rnd25=100%(n200)  rnd26=100%(n200)  rnd27=98%(n200)  rnd28=100%(n200)  rnd29=100%(n200)  rnd3=100%(n200)  rnd4=100%(n200)  rnd5=100%(n200)  rnd6=100%(n200)  rnd7=100%(n200)  rnd8=100%(n200)  rnd9=100%(n200)
          └ 이동 분포: straight=66%  left=16%  right=18%
Ep 17800/30000 | R=  109.2 | Fuel=705.2mL | Wait= 202s | Steps=34.5 | Reach=96% | ε=0.050 | Loss=26.109 | t=8979s
          ├ 토폴로지 도달률(최근50): gangnam_clean_topology=96%
          ├ OD별 도달률(최근200): rnd0=100%(n200)  rnd1=100%(n200)  rnd10=100%(n200)  rnd11=100%(n200)  rnd12=100%(n200)  rnd13=100%(n200)  rnd14=100%(n200)  rnd15=100%(n200)  rnd16=100%(n200)  rnd17=100%(n200)  rnd18=100%(n200)  rnd19=100%(n200)  rnd2=100%(n200)  rnd20=100%(n200)  rnd21=10%(n200)  rnd22=100%(n200)  rnd23=100%(n200)  rnd24=100%(n200)  rnd25=100%(n200)  rnd26=100%(n200)  rnd27=98%(n200)  rnd28=100%(n200)  rnd29=100%(n200)  rnd3=100%(n200)  rnd4=100%(n200)  rnd5=100%(n200)  rnd6=100%(n200)  rnd7=100%(n200)  rnd8=100%(n200)  rnd9=100%(n200)
          └ 이동 분포: straight=67%  left=16%  right=17%
Ep 17900/30000 | R=  110.8 | Fuel=687.2mL | Wait= 203s | Steps=33.4 | Reach=96% | ε=0.050 | Loss=25.692 | t=9018s
          ├ 토폴로지 도달률(최근50): gangnam_clean_topology=96%
          ├ OD별 도달률(최근200): rnd0=100%(n200)  rnd1=100%(n200)  rnd10=100%(n200)  rnd11=100%(n200)  rnd12=100%(n200)  rnd13=100%(n200)  rnd14=100%(n200)  rnd15=100%(n200)  rnd16=100%(n200)  rnd17=100%(n200)  rnd18=100%(n200)  rnd19=100%(n200)  rnd2=100%(n200)  rnd20=100%(n200)  rnd21=10%(n200)  rnd22=100%(n200)  rnd23=100%(n200)  rnd24=100%(n200)  rnd25=100%(n200)  rnd26=100%(n200)  rnd27=98%(n200)  rnd28=100%(n200)  rnd29=100%(n200)  rnd3=100%(n200)  rnd4=100%(n200)  rnd5=100%(n200)  rnd6=100%(n200)  rnd7=100%(n200)  rnd8=100%(n200)  rnd9=100%(n200)
          └ 이동 분포: straight=68%  left=16%  right=17%
Ep 18000/30000 | R=  172.2 | Fuel=597.5mL | Wait= 169s | Steps=31.1 | Reach=96% | ε=0.050 | Loss=26.311 | t=9058s
          ├ 토폴로지 도달률(최근50): gangnam_clean_topology=96%
          ├ OD별 도달률(최근200): rnd0=100%(n200)  rnd1=100%(n200)  rnd10=100%(n200)  rnd11=100%(n200)  rnd12=100%(n200)  rnd13=100%(n200)  rnd14=100%(n200)  rnd15=100%(n200)  rnd16=100%(n200)  rnd17=100%(n200)  rnd18=100%(n200)  rnd19=100%(n200)  rnd2=100%(n200)  rnd20=100%(n200)  rnd21=10%(n200)  rnd22=100%(n200)  rnd23=100%(n200)  rnd24=100%(n200)  rnd25=100%(n200)  rnd26=100%(n200)  rnd27=98%(n200)  rnd28=100%(n200)  rnd29=100%(n200)  rnd3=100%(n200)  rnd4=100%(n200)  rnd5=100%(n200)  rnd6=100%(n200)  rnd7=100%(n200)  rnd8=100%(n200)  rnd9=100%(n200)
          └ 이동 분포: straight=63%  left=17%  right=20%
Ep 18100/30000 | R=  128.4 | Fuel=653.1mL | Wait= 187s | Steps=33.6 | Reach=97% | ε=0.050 | Loss=24.849 | t=9103s
          ├ 토폴로지 도달률(최근50): gangnam_clean_topology=98%
          ├ OD별 도달률(최근200): rnd0=100%(n200)  rnd1=100%(n200)  rnd10=100%(n200)  rnd11=100%(n200)  rnd12=100%(n200)  rnd13=100%(n200)  rnd14=100%(n200)  rnd15=100%(n200)  rnd16=100%(n200)  rnd17=100%(n200)  rnd18=100%(n200)  rnd19=100%(n200)  rnd2=100%(n200)  rnd20=100%(n200)  rnd21=10%(n200)  rnd22=100%(n200)  rnd23=100%(n200)  rnd24=100%(n200)  rnd25=100%(n200)  rnd26=100%(n200)  rnd27=98%(n200)  rnd28=100%(n200)  rnd29=100%(n200)  rnd3=100%(n200)  rnd4=100%(n200)  rnd5=100%(n200)  rnd6=100%(n200)  rnd7=100%(n200)  rnd8=100%(n200)  rnd9=100%(n200)
          └ 이동 분포: straight=66%  left=17%  right=17%
Ep 18200/30000 | R=  117.9 | Fuel=677.1mL | Wait= 167s | Steps=35.5 | Reach=99% | ε=0.050 | Loss=23.259 | t=9144s
          ├ 토폴로지 도달률(최근50): gangnam_clean_topology=100%
          ├ OD별 도달률(최근200): rnd0=100%(n200)  rnd1=100%(n200)  rnd10=100%(n200)  rnd11=100%(n200)  rnd12=100%(n200)  rnd13=100%(n200)  rnd14=100%(n200)  rnd15=100%(n200)  rnd16=100%(n200)  rnd17=100%(n200)  rnd18=100%(n200)  rnd19=100%(n200)  rnd2=100%(n200)  rnd20=100%(n200)  rnd21=10%(n200)  rnd22=100%(n200)  rnd23=100%(n200)  rnd24=100%(n200)  rnd25=100%(n200)  rnd26=100%(n200)  rnd27=98%(n200)  rnd28=100%(n200)  rnd29=100%(n200)  rnd3=100%(n200)  rnd4=100%(n200)  rnd5=100%(n200)  rnd6=100%(n200)  rnd7=100%(n200)  rnd8=100%(n200)  rnd9=100%(n200)
          └ 이동 분포: straight=65%  left=17%  right=18%
Ep 18300/30000 | R=  130.6 | Fuel=685.6mL | Wait= 192s | Steps=32.2 | Reach=96% | ε=0.050 | Loss=23.794 | t=9181s
          ├ 토폴로지 도달률(최근50): gangnam_clean_topology=94%
          ├ OD별 도달률(최근200): rnd0=100%(n200)  rnd1=100%(n200)  rnd10=100%(n200)  rnd11=100%(n200)  rnd12=100%(n200)  rnd13=100%(n200)  rnd14=100%(n200)  rnd15=100%(n200)  rnd16=100%(n200)  rnd17=100%(n200)  rnd18=100%(n200)  rnd19=100%(n200)  rnd2=100%(n200)  rnd20=100%(n200)  rnd21=10%(n200)  rnd22=100%(n200)  rnd23=100%(n200)  rnd24=100%(n200)  rnd25=100%(n200)  rnd26=100%(n200)  rnd27=98%(n200)  rnd28=100%(n200)  rnd29=100%(n200)  rnd3=100%(n200)  rnd4=100%(n200)  rnd5=100%(n200)  rnd6=100%(n200)  rnd7=100%(n200)  rnd8=100%(n200)  rnd9=100%(n200)
          └ 이동 분포: straight=66%  left=17%  right=17%
Ep 18400/30000 | R=  115.0 | Fuel=689.0mL | Wait= 204s | Steps=32.9 | Reach=95% | ε=0.050 | Loss=24.164 | t=9219s
          ├ 토폴로지 도달률(최근50): gangnam_clean_topology=96%
          ├ OD별 도달률(최근200): rnd0=100%(n200)  rnd1=100%(n200)  rnd10=100%(n200)  rnd11=100%(n200)  rnd12=100%(n200)  rnd13=100%(n200)  rnd14=100%(n200)  rnd15=100%(n200)  rnd16=100%(n200)  rnd17=100%(n200)  rnd18=100%(n200)  rnd19=100%(n200)  rnd2=100%(n200)  rnd20=100%(n200)  rnd21=10%(n200)  rnd22=100%(n200)  rnd23=100%(n200)  rnd24=100%(n200)  rnd25=100%(n200)  rnd26=100%(n200)  rnd27=99%(n200)  rnd28=100%(n200)  rnd29=100%(n200)  rnd3=100%(n200)  rnd4=100%(n200)  rnd5=100%(n200)  rnd6=100%(n200)  rnd7=100%(n200)  rnd8=100%(n200)  rnd9=100%(n200)
          └ 이동 분포: straight=65%  left=17%  right=18%
Ep 18500/30000 | R=   72.2 | Fuel=723.5mL | Wait= 203s | Steps=34.6 | Reach=96% | ε=0.050 | Loss=26.980 | t=9259s
          ├ 토폴로지 도달률(최근50): gangnam_clean_topology=94%
          ├ OD별 도달률(최근200): rnd0=100%(n200)  rnd1=100%(n200)  rnd10=100%(n200)  rnd11=100%(n200)  rnd12=100%(n200)  rnd13=100%(n200)  rnd14=100%(n200)  rnd15=100%(n200)  rnd16=100%(n200)  rnd17=100%(n200)  rnd18=100%(n200)  rnd19=100%(n200)  rnd2=100%(n200)  rnd20=100%(n200)  rnd21=10%(n200)  rnd22=100%(n200)  rnd23=100%(n200)  rnd24=100%(n200)  rnd25=100%(n200)  rnd26=100%(n200)  rnd27=99%(n200)  rnd28=100%(n200)  rnd29=100%(n200)  rnd3=100%(n200)  rnd4=100%(n200)  rnd5=100%(n200)  rnd6=100%(n200)  rnd7=100%(n200)  rnd8=100%(n200)  rnd9=100%(n200)
          └ 이동 분포: straight=66%  left=17%  right=17%
Ep 18600/30000 | R=  140.9 | Fuel=680.1mL | Wait= 183s | Steps=31.7 | Reach=97% | ε=0.050 | Loss=23.728 | t=9295s
          ├ 토폴로지 도달률(최근50): gangnam_clean_topology=98%
          ├ OD별 도달률(최근200): rnd0=100%(n200)  rnd1=100%(n200)  rnd10=100%(n200)  rnd11=100%(n200)  rnd12=100%(n200)  rnd13=100%(n200)  rnd14=100%(n200)  rnd15=100%(n200)  rnd16=100%(n200)  rnd17=100%(n200)  rnd18=100%(n200)  rnd19=100%(n200)  rnd2=100%(n200)  rnd20=100%(n200)  rnd21=9%(n200)  rnd22=100%(n200)  rnd23=100%(n200)  rnd24=100%(n200)  rnd25=100%(n200)  rnd26=100%(n200)  rnd27=99%(n200)  rnd28=100%(n200)  rnd29=100%(n200)  rnd3=100%(n200)  rnd4=100%(n200)  rnd5=100%(n200)  rnd6=100%(n200)  rnd7=100%(n200)  rnd8=100%(n200)  rnd9=100%(n200)
          └ 이동 분포: straight=65%  left=18%  right=17%
Ep 18700/30000 | R=  -93.9 | Fuel=785.8mL | Wait= 233s | Steps=42.6 | Reach=96% | ε=0.050 | Loss=26.177 | t=9344s
          ├ 토폴로지 도달률(최근50): gangnam_clean_topology=96%
          ├ OD별 도달률(최근200): rnd0=100%(n200)  rnd1=100%(n200)  rnd10=100%(n200)  rnd11=100%(n200)  rnd12=100%(n200)  rnd13=100%(n200)  rnd14=100%(n200)  rnd15=100%(n200)  rnd16=100%(n200)  rnd17=100%(n200)  rnd18=100%(n200)  rnd19=100%(n200)  rnd2=100%(n200)  rnd20=100%(n200)  rnd21=8%(n200)  rnd22=100%(n200)  rnd23=100%(n200)  rnd24=100%(n200)  rnd25=100%(n200)  rnd26=100%(n200)  rnd27=98%(n200)  rnd28=100%(n200)  rnd29=100%(n200)  rnd3=100%(n200)  rnd4=100%(n200)  rnd5=100%(n200)  rnd6=100%(n200)  rnd7=100%(n200)  rnd8=100%(n200)  rnd9=100%(n200)
          └ 이동 분포: straight=64%  left=18%  right=19%
Ep 18800/30000 | R=   76.5 | Fuel=717.2mL | Wait= 212s | Steps=37.0 | Reach=99% | ε=0.050 | Loss=25.279 | t=9386s
          ├ 토폴로지 도달률(최근50): gangnam_clean_topology=98%
          ├ OD별 도달률(최근200): rnd0=100%(n200)  rnd1=100%(n200)  rnd10=100%(n200)  rnd11=100%(n200)  rnd12=100%(n200)  rnd13=100%(n200)  rnd14=100%(n200)  rnd15=100%(n200)  rnd16=100%(n200)  rnd17=100%(n200)  rnd18=100%(n200)  rnd19=100%(n200)  rnd2=100%(n200)  rnd20=100%(n200)  rnd21=8%(n200)  rnd22=100%(n200)  rnd23=100%(n200)  rnd24=100%(n200)  rnd25=100%(n200)  rnd26=100%(n200)  rnd27=98%(n200)  rnd28=100%(n200)  rnd29=100%(n200)  rnd3=100%(n200)  rnd4=100%(n200)  rnd5=100%(n200)  rnd6=100%(n200)  rnd7=100%(n200)  rnd8=100%(n200)  rnd9=100%(n200)
          └ 이동 분포: straight=65%  left=17%  right=18%
Ep 18900/30000 | R=   97.6 | Fuel=709.2mL | Wait= 187s | Steps=35.7 | Reach=95% | ε=0.050 | Loss=26.726 | t=9427s
          ├ 토폴로지 도달률(최근50): gangnam_clean_topology=98%
          ├ OD별 도달률(최근200): rnd0=100%(n200)  rnd1=100%(n200)  rnd10=100%(n200)  rnd11=100%(n200)  rnd12=100%(n200)  rnd13=100%(n200)  rnd14=100%(n200)  rnd15=100%(n200)  rnd16=100%(n200)  rnd17=100%(n200)  rnd18=100%(n200)  rnd19=100%(n200)  rnd2=100%(n200)  rnd20=100%(n200)  rnd21=8%(n200)  rnd22=100%(n200)  rnd23=100%(n200)  rnd24=100%(n200)  rnd25=100%(n200)  rnd26=100%(n200)  rnd27=98%(n200)  rnd28=100%(n200)  rnd29=100%(n200)  rnd3=100%(n200)  rnd4=100%(n200)  rnd5=100%(n200)  rnd6=100%(n200)  rnd7=100%(n200)  rnd8=100%(n200)  rnd9=100%(n200)
          └ 이동 분포: straight=64%  left=18%  right=18%
Ep 19000/30000 | R=  102.4 | Fuel=694.9mL | Wait= 175s | Steps=35.7 | Reach=96% | ε=0.050 | Loss=27.452 | t=9468s
          ├ 토폴로지 도달률(최근50): gangnam_clean_topology=94%
          ├ OD별 도달률(최근200): rnd0=100%(n200)  rnd1=100%(n200)  rnd10=100%(n200)  rnd11=100%(n200)  rnd12=100%(n200)  rnd13=100%(n200)  rnd14=100%(n200)  rnd15=100%(n200)  rnd16=100%(n200)  rnd17=100%(n200)  rnd18=100%(n200)  rnd19=100%(n200)  rnd2=100%(n200)  rnd20=100%(n200)  rnd21=8%(n200)  rnd22=100%(n200)  rnd23=100%(n200)  rnd24=100%(n200)  rnd25=100%(n200)  rnd26=100%(n200)  rnd27=98%(n200)  rnd28=100%(n200)  rnd29=100%(n200)  rnd3=100%(n200)  rnd4=100%(n200)  rnd5=100%(n200)  rnd6=100%(n200)  rnd7=100%(n200)  rnd8=100%(n200)  rnd9=100%(n200)
          └ 이동 분포: straight=67%  left=17%  right=17%
Ep 19100/30000 | R=  114.3 | Fuel=705.3mL | Wait= 213s | Steps=34.2 | Reach=98% | ε=0.050 | Loss=27.203 | t=9507s
          ├ 토폴로지 도달률(최근50): gangnam_clean_topology=100%
          ├ OD별 도달률(최근200): rnd0=100%(n200)  rnd1=100%(n200)  rnd10=100%(n200)  rnd11=100%(n200)  rnd12=100%(n200)  rnd13=100%(n200)  rnd14=100%(n200)  rnd15=100%(n200)  rnd16=100%(n200)  rnd17=100%(n200)  rnd18=100%(n200)  rnd19=100%(n200)  rnd2=100%(n200)  rnd20=100%(n200)  rnd21=8%(n200)  rnd22=100%(n200)  rnd23=100%(n200)  rnd24=100%(n200)  rnd25=100%(n200)  rnd26=100%(n200)  rnd27=98%(n200)  rnd28=100%(n200)  rnd29=100%(n200)  rnd3=100%(n200)  rnd4=100%(n200)  rnd5=100%(n200)  rnd6=100%(n200)  rnd7=100%(n200)  rnd8=100%(n200)  rnd9=100%(n200)
          └ 이동 분포: straight=68%  left=16%  right=16%
Ep 19200/30000 | R=  -21.4 | Fuel=749.2mL | Wait= 208s | Steps=40.4 | Reach=95% | ε=0.050 | Loss=25.401 | t=9553s
          ├ 토폴로지 도달률(최근50): gangnam_clean_topology=92%
          ├ OD별 도달률(최근200): rnd0=100%(n200)  rnd1=100%(n200)  rnd10=100%(n200)  rnd11=100%(n200)  rnd12=100%(n200)  rnd13=100%(n200)  rnd14=100%(n200)  rnd15=100%(n200)  rnd16=100%(n200)  rnd17=100%(n200)  rnd18=100%(n200)  rnd19=100%(n200)  rnd2=100%(n200)  rnd20=100%(n200)  rnd21=8%(n200)  rnd22=100%(n200)  rnd23=100%(n200)  rnd24=100%(n200)  rnd25=100%(n200)  rnd26=100%(n200)  rnd27=98%(n200)  rnd28=100%(n200)  rnd29=100%(n200)  rnd3=100%(n200)  rnd4=100%(n200)  rnd5=100%(n200)  rnd6=100%(n200)  rnd7=100%(n200)  rnd8=100%(n200)  rnd9=100%(n200)
          └ 이동 분포: straight=64%  left=18%  right=18%
Ep 19300/30000 | R=  145.0 | Fuel=654.9mL | Wait= 193s | Steps=33.4 | Reach=98% | ε=0.050 | Loss=28.289 | t=9591s
          ├ 토폴로지 도달률(최근50): gangnam_clean_topology=98%
          ├ OD별 도달률(최근200): rnd0=100%(n200)  rnd1=100%(n200)  rnd10=99%(n200)  rnd11=100%(n200)  rnd12=100%(n200)  rnd13=100%(n200)  rnd14=100%(n200)  rnd15=100%(n200)  rnd16=100%(n200)  rnd17=100%(n200)  rnd18=100%(n200)  rnd19=100%(n200)  rnd2=100%(n200)  rnd20=100%(n200)  rnd21=8%(n200)  rnd22=100%(n200)  rnd23=100%(n200)  rnd24=100%(n200)  rnd25=100%(n200)  rnd26=100%(n200)  rnd27=98%(n200)  rnd28=100%(n200)  rnd29=100%(n200)  rnd3=100%(n200)  rnd4=100%(n200)  rnd5=100%(n200)  rnd6=100%(n200)  rnd7=100%(n200)  rnd8=100%(n200)  rnd9=100%(n200)
          └ 이동 분포: straight=68%  left=16%  right=17%
Ep 19400/30000 | R=  128.5 | Fuel=657.6mL | Wait= 173s | Steps=33.1 | Reach=97% | ε=0.050 | Loss=25.442 | t=9629s
          ├ 토폴로지 도달률(최근50): gangnam_clean_topology=96%
          ├ OD별 도달률(최근200): rnd0=100%(n200)  rnd1=100%(n200)  rnd10=99%(n200)  rnd11=100%(n200)  rnd12=100%(n200)  rnd13=100%(n200)  rnd14=100%(n200)  rnd15=100%(n200)  rnd16=100%(n200)  rnd17=100%(n200)  rnd18=100%(n200)  rnd19=100%(n200)  rnd2=100%(n200)  rnd20=100%(n200)  rnd21=8%(n200)  rnd22=100%(n200)  rnd23=100%(n200)  rnd24=100%(n200)  rnd25=100%(n200)  rnd26=100%(n200)  rnd27=98%(n200)  rnd28=100%(n200)  rnd29=100%(n200)  rnd3=100%(n200)  rnd4=100%(n200)  rnd5=100%(n200)  rnd6=100%(n200)  rnd7=100%(n200)  rnd8=100%(n200)  rnd9=100%(n200)
          └ 이동 분포: straight=66%  left=17%  right=17%
Ep 19500/30000 | R=  127.8 | Fuel=689.2mL | Wait= 182s | Steps=34.0 | Reach=98% | ε=0.050 | Loss=24.957 | t=9668s
          ├ 토폴로지 도달률(최근50): gangnam_clean_topology=98%
          ├ OD별 도달률(최근200): rnd0=100%(n200)  rnd1=100%(n200)  rnd10=99%(n200)  rnd11=100%(n200)  rnd12=100%(n200)  rnd13=100%(n200)  rnd14=100%(n200)  rnd15=100%(n200)  rnd16=100%(n200)  rnd17=100%(n200)  rnd18=100%(n200)  rnd19=100%(n200)  rnd2=100%(n200)  rnd20=100%(n200)  rnd21=8%(n200)  rnd22=100%(n200)  rnd23=100%(n200)  rnd24=100%(n200)  rnd25=100%(n200)  rnd26=100%(n200)  rnd27=98%(n200)  rnd28=100%(n200)  rnd29=100%(n200)  rnd3=100%(n200)  rnd4=100%(n200)  rnd5=100%(n200)  rnd6=100%(n200)  rnd7=100%(n200)  rnd8=100%(n200)  rnd9=100%(n200)
          └ 이동 분포: straight=65%  left=18%  right=17%
Ep 19600/30000 | R=   58.5 | Fuel=717.9mL | Wait= 220s | Steps=37.5 | Reach=98% | ε=0.050 | Loss=26.479 | t=9710s
          ├ 토폴로지 도달률(최근50): gangnam_clean_topology=98%
          ├ OD별 도달률(최근200): rnd0=100%(n200)  rnd1=100%(n200)  rnd10=99%(n200)  rnd11=100%(n200)  rnd12=100%(n200)  rnd13=100%(n200)  rnd14=100%(n200)  rnd15=100%(n200)  rnd16=100%(n200)  rnd17=100%(n200)  rnd18=100%(n200)  rnd19=100%(n200)  rnd2=100%(n200)  rnd20=100%(n200)  rnd21=8%(n200)  rnd22=100%(n200)  rnd23=100%(n200)  rnd24=100%(n200)  rnd25=100%(n200)  rnd26=100%(n200)  rnd27=98%(n200)  rnd28=100%(n200)  rnd29=100%(n200)  rnd3=100%(n200)  rnd4=100%(n200)  rnd5=100%(n200)  rnd6=100%(n200)  rnd7=100%(n200)  rnd8=100%(n200)  rnd9=100%(n200)
          └ 이동 분포: straight=68%  left=16%  right=16%
Ep 19700/30000 | R=  157.4 | Fuel=668.7mL | Wait= 162s | Steps=32.1 | Reach=96% | ε=0.050 | Loss=25.912 | t=9747s
          ├ 토폴로지 도달률(최근50): gangnam_clean_topology=96%
          ├ OD별 도달률(최근200): rnd0=100%(n200)  rnd1=100%(n200)  rnd10=99%(n200)  rnd11=100%(n200)  rnd12=100%(n200)  rnd13=100%(n200)  rnd14=100%(n200)  rnd15=100%(n200)  rnd16=100%(n200)  rnd17=100%(n200)  rnd18=100%(n200)  rnd19=100%(n200)  rnd2=100%(n200)  rnd20=100%(n200)  rnd21=8%(n200)  rnd22=100%(n200)  rnd23=100%(n200)  rnd24=100%(n200)  rnd25=100%(n200)  rnd26=100%(n200)  rnd27=98%(n200)  rnd28=100%(n200)  rnd29=100%(n200)  rnd3=100%(n200)  rnd4=100%(n200)  rnd5=100%(n200)  rnd6=100%(n200)  rnd7=100%(n200)  rnd8=100%(n200)  rnd9=100%(n200)
          └ 이동 분포: straight=66%  left=17%  right=17%
Ep 19800/30000 | R=  100.6 | Fuel=701.3mL | Wait= 190s | Steps=33.5 | Reach=97% | ε=0.050 | Loss=27.131 | t=9785s
          ├ 토폴로지 도달률(최근50): gangnam_clean_topology=100%
          ├ OD별 도달률(최근200): rnd0=100%(n200)  rnd1=100%(n200)  rnd10=99%(n200)  rnd11=100%(n200)  rnd12=100%(n200)  rnd13=100%(n200)  rnd14=100%(n200)  rnd15=100%(n200)  rnd16=100%(n200)  rnd17=100%(n200)  rnd18=100%(n200)  rnd19=100%(n200)  rnd2=100%(n200)  rnd20=100%(n200)  rnd21=8%(n200)  rnd22=100%(n200)  rnd23=100%(n200)  rnd24=100%(n200)  rnd25=100%(n200)  rnd26=100%(n200)  rnd27=98%(n200)  rnd28=100%(n200)  rnd29=100%(n200)  rnd3=100%(n200)  rnd4=100%(n200)  rnd5=100%(n200)  rnd6=100%(n200)  rnd7=100%(n200)  rnd8=100%(n200)  rnd9=100%(n200)
          └ 이동 분포: straight=64%  left=18%  right=18%
Ep 19900/30000 | R=   60.7 | Fuel=711.1mL | Wait= 210s | Steps=35.8 | Reach=96% | ε=0.050 | Loss=27.737 | t=9827s
          ├ 토폴로지 도달률(최근50): gangnam_clean_topology=98%
          ├ OD별 도달률(최근200): rnd0=100%(n200)  rnd1=100%(n200)  rnd10=99%(n200)  rnd11=100%(n200)  rnd12=100%(n200)  rnd13=100%(n200)  rnd14=100%(n200)  rnd15=100%(n200)  rnd16=100%(n200)  rnd17=100%(n200)  rnd18=100%(n200)  rnd19=100%(n200)  rnd2=100%(n200)  rnd20=100%(n200)  rnd21=8%(n200)  rnd22=100%(n200)  rnd23=100%(n200)  rnd24=100%(n200)  rnd25=100%(n200)  rnd26=100%(n200)  rnd27=98%(n200)  rnd28=100%(n200)  rnd29=100%(n200)  rnd3=100%(n200)  rnd4=100%(n200)  rnd5=100%(n200)  rnd6=100%(n200)  rnd7=100%(n200)  rnd8=100%(n200)  rnd9=100%(n200)
          └ 이동 분포: straight=64%  left=21%  right=15%
Ep 20000/30000 | R=   12.5 | Fuel=781.5mL | Wait= 219s | Steps=35.9 | Reach=94% | ε=0.050 | Loss=27.996 | t=9868s
          ├ 토폴로지 도달률(최근50): gangnam_clean_topology=94%
          ├ OD별 도달률(최근200): rnd0=100%(n200)  rnd1=100%(n200)  rnd10=99%(n200)  rnd11=100%(n200)  rnd12=100%(n200)  rnd13=100%(n200)  rnd14=100%(n200)  rnd15=100%(n200)  rnd16=100%(n200)  rnd17=100%(n200)  rnd18=100%(n200)  rnd19=100%(n200)  rnd2=100%(n200)  rnd20=100%(n200)  rnd21=6%(n200)  rnd22=100%(n200)  rnd23=100%(n200)  rnd24=100%(n200)  rnd25=100%(n200)  rnd26=100%(n200)  rnd27=98%(n200)  rnd28=100%(n200)  rnd29=100%(n200)  rnd3=100%(n200)  rnd4=100%(n200)  rnd5=100%(n200)  rnd6=100%(n200)  rnd7=100%(n200)  rnd8=100%(n200)  rnd9=100%(n200)
          └ 이동 분포: straight=66%  left=18%  right=16%
  [체크포인트] model_rl_base_ep20000.pth
Ep 20100/30000 | R=  134.7 | Fuel=669.2mL | Wait= 179s | Steps=33.6 | Reach=99% | ε=0.050 | Loss=26.443 | t=9906s
          ├ 토폴로지 도달률(최근50): gangnam_clean_topology=100%
          ├ OD별 도달률(최근200): rnd0=100%(n200)  rnd1=100%(n200)  rnd10=99%(n200)  rnd11=100%(n200)  rnd12=100%(n200)  rnd13=100%(n200)  rnd14=100%(n200)  rnd15=100%(n200)  rnd16=100%(n200)  rnd17=100%(n200)  rnd18=100%(n200)  rnd19=100%(n200)  rnd2=100%(n200)  rnd20=100%(n200)  rnd21=6%(n200)  rnd22=100%(n200)  rnd23=100%(n200)  rnd24=100%(n200)  rnd25=100%(n200)  rnd26=100%(n200)  rnd27=98%(n200)  rnd28=100%(n200)  rnd29=100%(n200)  rnd3=100%(n200)  rnd4=100%(n200)  rnd5=100%(n200)  rnd6=100%(n200)  rnd7=100%(n200)  rnd8=100%(n200)  rnd9=100%(n200)
          └ 이동 분포: straight=66%  left=17%  right=17%
Ep 20200/30000 | R=   94.4 | Fuel=680.2mL | Wait= 200s | Steps=35.4 | Reach=97% | ε=0.050 | Loss=29.673 | t=9947s
          ├ 토폴로지 도달률(최근50): gangnam_clean_topology=98%
          ├ OD별 도달률(최근200): rnd0=100%(n200)  rnd1=100%(n200)  rnd10=99%(n200)  rnd11=100%(n200)  rnd12=100%(n200)  rnd13=100%(n200)  rnd14=100%(n200)  rnd15=100%(n200)  rnd16=100%(n200)  rnd17=100%(n200)  rnd18=100%(n200)  rnd19=100%(n200)  rnd2=100%(n200)  rnd20=100%(n200)  rnd21=6%(n200)  rnd22=100%(n200)  rnd23=100%(n200)  rnd24=100%(n200)  rnd25=100%(n200)  rnd26=100%(n200)  rnd27=97%(n200)  rnd28=100%(n200)  rnd29=100%(n200)  rnd3=100%(n200)  rnd4=100%(n200)  rnd5=100%(n200)  rnd6=100%(n200)  rnd7=100%(n200)  rnd8=100%(n200)  rnd9=100%(n200)
          └ 이동 분포: straight=64%  left=20%  right=16%
Ep 20300/30000 | R=   88.6 | Fuel=732.7mL | Wait= 188s | Steps=35.2 | Reach=98% | ε=0.050 | Loss=27.476 | t=9987s
          ├ 토폴로지 도달률(최근50): gangnam_clean_topology=96%
          ├ OD별 도달률(최근200): rnd0=100%(n200)  rnd1=100%(n200)  rnd10=99%(n200)  rnd11=100%(n200)  rnd12=100%(n200)  rnd13=100%(n200)  rnd14=100%(n200)  rnd15=100%(n200)  rnd16=100%(n200)  rnd17=100%(n200)  rnd18=100%(n200)  rnd19=100%(n200)  rnd2=100%(n200)  rnd20=100%(n200)  rnd21=6%(n200)  rnd22=100%(n200)  rnd23=100%(n200)  rnd24=100%(n200)  rnd25=100%(n200)  rnd26=100%(n200)  rnd27=97%(n200)  rnd28=100%(n200)  rnd29=100%(n200)  rnd3=100%(n200)  rnd4=100%(n200)  rnd5=100%(n200)  rnd6=100%(n200)  rnd7=100%(n200)  rnd8=100%(n200)  rnd9=100%(n200)
          └ 이동 분포: straight=67%  left=16%  right=17%
Ep 20400/30000 | R=   53.6 | Fuel=743.9mL | Wait= 203s | Steps=36.2 | Reach=96% | ε=0.050 | Loss=26.820 | t=10028s
          ├ 토폴로지 도달률(최근50): gangnam_clean_topology=96%
          ├ OD별 도달률(최근200): rnd0=100%(n200)  rnd1=100%(n200)  rnd10=99%(n200)  rnd11=100%(n200)  rnd12=100%(n200)  rnd13=100%(n200)  rnd14=100%(n200)  rnd15=100%(n200)  rnd16=100%(n200)  rnd17=100%(n200)  rnd18=100%(n200)  rnd19=100%(n200)  rnd2=100%(n200)  rnd20=100%(n200)  rnd21=6%(n200)  rnd22=100%(n200)  rnd23=100%(n200)  rnd24=100%(n200)  rnd25=100%(n200)  rnd26=100%(n200)  rnd27=97%(n200)  rnd28=100%(n200)  rnd29=100%(n200)  rnd3=100%(n200)  rnd4=100%(n200)  rnd5=100%(n200)  rnd6=100%(n200)  rnd7=100%(n200)  rnd8=100%(n200)  rnd9=100%(n200)
          └ 이동 분포: straight=68%  left=16%  right=16%
Ep 20500/30000 | R=  -17.1 | Fuel=776.5mL | Wait= 241s | Steps=37.8 | Reach=95% | ε=0.050 | Loss=27.128 | t=10071s
          ├ 토폴로지 도달률(최근50): gangnam_clean_topology=98%
          ├ OD별 도달률(최근200): rnd0=100%(n200)  rnd1=100%(n200)  rnd10=99%(n200)  rnd11=100%(n200)  rnd12=100%(n200)  rnd13=100%(n200)  rnd14=100%(n200)  rnd15=100%(n200)  rnd16=100%(n200)  rnd17=100%(n200)  rnd18=100%(n200)  rnd19=100%(n200)  rnd2=100%(n200)  rnd20=100%(n200)  rnd21=6%(n200)  rnd22=100%(n200)  rnd23=100%(n200)  rnd24=100%(n200)  rnd25=100%(n200)  rnd26=100%(n200)  rnd27=97%(n200)  rnd28=100%(n200)  rnd29=100%(n200)  rnd3=100%(n200)  rnd4=100%(n200)  rnd5=100%(n200)  rnd6=100%(n200)  rnd7=100%(n200)  rnd8=100%(n200)  rnd9=100%(n200)
          └ 이동 분포: straight=63%  left=20%  right=17%
Ep 20600/30000 | R=  147.5 | Fuel=674.0mL | Wait= 200s | Steps=33.3 | Reach=98% | ε=0.050 | Loss=26.954 | t=10112s
          ├ 토폴로지 도달률(최근50): gangnam_clean_topology=100%
          ├ OD별 도달률(최근200): rnd0=100%(n200)  rnd1=100%(n200)  rnd10=99%(n200)  rnd11=100%(n200)  rnd12=100%(n200)  rnd13=100%(n200)  rnd14=100%(n200)  rnd15=100%(n200)  rnd16=100%(n200)  rnd17=100%(n200)  rnd18=100%(n200)  rnd19=100%(n200)  rnd2=100%(n200)  rnd20=100%(n200)  rnd21=7%(n200)  rnd22=100%(n200)  rnd23=100%(n200)  rnd24=100%(n200)  rnd25=100%(n200)  rnd26=100%(n200)  rnd27=97%(n200)  rnd28=100%(n200)  rnd29=100%(n200)  rnd3=100%(n200)  rnd4=100%(n200)  rnd5=100%(n200)  rnd6=100%(n200)  rnd7=100%(n200)  rnd8=100%(n200)  rnd9=100%(n200)
          └ 이동 분포: straight=67%  left=16%  right=17%
Ep 20700/30000 | R=  142.4 | Fuel=694.9mL | Wait= 183s | Steps=33.1 | Reach=99% | ε=0.050 | Loss=27.358 | t=10157s
          ├ 토폴로지 도달률(최근50): gangnam_clean_topology=100%
          ├ OD별 도달률(최근200): rnd0=100%(n200)  rnd1=100%(n200)  rnd10=99%(n200)  rnd11=100%(n200)  rnd12=100%(n200)  rnd13=100%(n200)  rnd14=100%(n200)  rnd15=100%(n200)  rnd16=100%(n200)  rnd17=100%(n200)  rnd18=100%(n200)  rnd19=100%(n200)  rnd2=100%(n200)  rnd20=100%(n200)  rnd21=6%(n200)  rnd22=100%(n200)  rnd23=100%(n200)  rnd24=100%(n200)  rnd25=100%(n200)  rnd26=100%(n200)  rnd27=97%(n200)  rnd28=100%(n200)  rnd29=100%(n200)  rnd3=100%(n200)  rnd4=100%(n200)  rnd5=100%(n200)  rnd6=100%(n200)  rnd7=100%(n200)  rnd8=100%(n200)  rnd9=100%(n200)
          └ 이동 분포: straight=67%  left=16%  right=17%
Ep 20800/30000 | R=   55.5 | Fuel=654.8mL | Wait= 167s | Steps=33.8 | Reach=94% | ε=0.050 | Loss=25.938 | t=10202s
          ├ 토폴로지 도달률(최근50): gangnam_clean_topology=92%
          ├ OD별 도달률(최근200): rnd0=100%(n200)  rnd1=100%(n200)  rnd10=99%(n200)  rnd11=100%(n200)  rnd12=100%(n200)  rnd13=100%(n200)  rnd14=100%(n200)  rnd15=100%(n200)  rnd16=100%(n200)  rnd17=100%(n200)  rnd18=100%(n200)  rnd19=100%(n200)  rnd2=100%(n200)  rnd20=100%(n200)  rnd21=6%(n200)  rnd22=100%(n200)  rnd23=100%(n200)  rnd24=100%(n200)  rnd25=100%(n200)  rnd26=100%(n200)  rnd27=97%(n200)  rnd28=100%(n200)  rnd29=100%(n200)  rnd3=100%(n200)  rnd4=100%(n200)  rnd5=100%(n200)  rnd6=100%(n200)  rnd7=100%(n200)  rnd8=100%(n200)  rnd9=100%(n200)
          └ 이동 분포: straight=62%  left=18%  right=20%
Ep 20900/30000 | R=  126.4 | Fuel=674.9mL | Wait= 198s | Steps=32.2 | Reach=97% | ε=0.050 | Loss=28.205 | t=10239s
          ├ 토폴로지 도달률(최근50): gangnam_clean_topology=98%
          ├ OD별 도달률(최근200): rnd0=100%(n200)  rnd1=100%(n200)  rnd10=99%(n200)  rnd11=100%(n200)  rnd12=100%(n200)  rnd13=100%(n200)  rnd14=100%(n200)  rnd15=100%(n200)  rnd16=100%(n200)  rnd17=100%(n200)  rnd18=100%(n200)  rnd19=100%(n200)  rnd2=100%(n200)  rnd20=100%(n200)  rnd21=6%(n200)  rnd22=100%(n200)  rnd23=100%(n200)  rnd24=100%(n200)  rnd25=100%(n200)  rnd26=100%(n200)  rnd27=97%(n200)  rnd28=100%(n200)  rnd29=100%(n200)  rnd3=100%(n200)  rnd4=100%(n200)  rnd5=100%(n200)  rnd6=100%(n200)  rnd7=100%(n200)  rnd8=100%(n200)  rnd9=100%(n200)
          └ 이동 분포: straight=66%  left=17%  right=17%
Ep 21000/30000 | R=   75.2 | Fuel=734.9mL | Wait= 189s | Steps=37.1 | Reach=98% | ε=0.050 | Loss=24.576 | t=10281s
          ├ 토폴로지 도달률(최근50): gangnam_clean_topology=96%
          ├ OD별 도달률(최근200): rnd0=100%(n200)  rnd1=100%(n200)  rnd10=99%(n200)  rnd11=100%(n200)  rnd12=100%(n200)  rnd13=100%(n200)  rnd14=100%(n200)  rnd15=100%(n200)  rnd16=100%(n200)  rnd17=100%(n200)  rnd18=100%(n200)  rnd19=100%(n200)  rnd2=100%(n200)  rnd20=100%(n200)  rnd21=6%(n200)  rnd22=100%(n200)  rnd23=100%(n200)  rnd24=100%(n200)  rnd25=100%(n200)  rnd26=100%(n200)  rnd27=97%(n200)  rnd28=100%(n200)  rnd29=100%(n200)  rnd3=100%(n200)  rnd4=100%(n200)  rnd5=100%(n200)  rnd6=100%(n200)  rnd7=100%(n200)  rnd8=100%(n200)  rnd9=100%(n200)
          └ 이동 분포: straight=66%  left=17%  right=17%
Ep 21100/30000 | R=  112.3 | Fuel=708.6mL | Wait= 193s | Steps=35.1 | Reach=98% | ε=0.050 | Loss=25.597 | t=10321s
          ├ 토폴로지 도달률(최근50): gangnam_clean_topology=98%
          ├ OD별 도달률(최근200): rnd0=100%(n200)  rnd1=100%(n200)  rnd10=99%(n200)  rnd11=100%(n200)  rnd12=100%(n200)  rnd13=100%(n200)  rnd14=100%(n200)  rnd15=100%(n200)  rnd16=100%(n200)  rnd17=100%(n200)  rnd18=100%(n200)  rnd19=100%(n200)  rnd2=100%(n200)  rnd20=100%(n200)  rnd21=6%(n200)  rnd22=100%(n200)  rnd23=100%(n200)  rnd24=100%(n200)  rnd25=100%(n200)  rnd26=100%(n200)  rnd27=97%(n200)  rnd28=100%(n200)  rnd29=100%(n200)  rnd3=100%(n200)  rnd4=100%(n200)  rnd5=100%(n200)  rnd6=100%(n200)  rnd7=100%(n200)  rnd8=100%(n200)  rnd9=100%(n200)
          └ 이동 분포: straight=67%  left=16%  right=17%
Ep 21200/30000 | R=  153.3 | Fuel=664.5mL | Wait= 195s | Steps=31.2 | Reach=98% | ε=0.050 | Loss=25.655 | t=10357s
          ├ 토폴로지 도달률(최근50): gangnam_clean_topology=96%
          ├ OD별 도달률(최근200): rnd0=100%(n200)  rnd1=100%(n200)  rnd10=99%(n200)  rnd11=100%(n200)  rnd12=100%(n200)  rnd13=100%(n200)  rnd14=100%(n200)  rnd15=100%(n200)  rnd16=100%(n200)  rnd17=100%(n200)  rnd18=100%(n200)  rnd19=100%(n200)  rnd2=100%(n200)  rnd20=100%(n200)  rnd21=6%(n200)  rnd22=100%(n200)  rnd23=100%(n200)  rnd24=100%(n200)  rnd25=100%(n200)  rnd26=100%(n200)  rnd27=97%(n200)  rnd28=100%(n200)  rnd29=100%(n200)  rnd3=100%(n200)  rnd4=100%(n200)  rnd5=100%(n200)  rnd6=100%(n200)  rnd7=100%(n200)  rnd8=100%(n200)  rnd9=100%(n200)
          └ 이동 분포: straight=67%  left=17%  right=17%
Ep 21300/30000 | R=   41.2 | Fuel=746.1mL | Wait= 213s | Steps=37.3 | Reach=96% | ε=0.050 | Loss=24.984 | t=10399s
          ├ 토폴로지 도달률(최근50): gangnam_clean_topology=96%
          ├ OD별 도달률(최근200): rnd0=100%(n200)  rnd1=100%(n200)  rnd10=99%(n200)  rnd11=100%(n200)  rnd12=100%(n200)  rnd13=100%(n200)  rnd14=100%(n200)  rnd15=100%(n200)  rnd16=100%(n200)  rnd17=100%(n200)  rnd18=100%(n200)  rnd19=100%(n200)  rnd2=100%(n200)  rnd20=100%(n200)  rnd21=6%(n200)  rnd22=100%(n200)  rnd23=100%(n200)  rnd24=100%(n200)  rnd25=100%(n200)  rnd26=100%(n200)  rnd27=97%(n200)  rnd28=100%(n200)  rnd29=100%(n200)  rnd3=100%(n200)  rnd4=100%(n200)  rnd5=100%(n200)  rnd6=100%(n200)  rnd7=100%(n200)  rnd8=100%(n200)  rnd9=100%(n200)
          └ 이동 분포: straight=67%  left=16%  right=17%
Ep 21400/30000 | R=  176.4 | Fuel=600.4mL | Wait= 161s | Steps=29.8 | Reach=94% | ε=0.050 | Loss=24.117 | t=10434s
          ├ 토폴로지 도달률(최근50): gangnam_clean_topology=92%
          ├ OD별 도달률(최근200): rnd0=100%(n200)  rnd1=100%(n200)  rnd10=99%(n200)  rnd11=100%(n200)  rnd12=100%(n200)  rnd13=100%(n200)  rnd14=100%(n200)  rnd15=100%(n200)  rnd16=100%(n200)  rnd17=100%(n200)  rnd18=100%(n200)  rnd19=100%(n200)  rnd2=100%(n200)  rnd20=100%(n200)  rnd21=6%(n200)  rnd22=100%(n200)  rnd23=100%(n200)  rnd24=100%(n200)  rnd25=100%(n200)  rnd26=100%(n200)  rnd27=97%(n200)  rnd28=100%(n200)  rnd29=100%(n200)  rnd3=100%(n200)  rnd4=100%(n200)  rnd5=100%(n200)  rnd6=100%(n200)  rnd7=100%(n200)  rnd8=100%(n200)  rnd9=100%(n200)
          └ 이동 분포: straight=65%  left=18%  right=17%
Ep 21500/30000 | R=  105.8 | Fuel=690.5mL | Wait= 213s | Steps=33.7 | Reach=96% | ε=0.050 | Loss=24.427 | t=10472s
          ├ 토폴로지 도달률(최근50): gangnam_clean_topology=98%
          ├ OD별 도달률(최근200): rnd0=100%(n200)  rnd1=100%(n200)  rnd10=99%(n200)  rnd11=100%(n200)  rnd12=100%(n200)  rnd13=100%(n200)  rnd14=100%(n200)  rnd15=100%(n200)  rnd16=100%(n200)  rnd17=100%(n200)  rnd18=100%(n200)  rnd19=100%(n200)  rnd2=100%(n200)  rnd20=100%(n200)  rnd21=5%(n200)  rnd22=100%(n200)  rnd23=100%(n200)  rnd24=100%(n200)  rnd25=100%(n200)  rnd26=100%(n200)  rnd27=97%(n200)  rnd28=100%(n200)  rnd29=100%(n200)  rnd3=100%(n200)  rnd4=100%(n200)  rnd5=100%(n200)  rnd6=100%(n200)  rnd7=100%(n200)  rnd8=100%(n200)  rnd9=100%(n200)
          └ 이동 분포: straight=67%  left=17%  right=16%
Ep 21600/30000 | R=   87.9 | Fuel=722.4mL | Wait= 188s | Steps=33.6 | Reach=95% | ε=0.050 | Loss=22.921 | t=10511s
          ├ 토폴로지 도달률(최근50): gangnam_clean_topology=96%
          ├ OD별 도달률(최근200): rnd0=100%(n200)  rnd1=100%(n200)  rnd10=99%(n200)  rnd11=100%(n200)  rnd12=100%(n200)  rnd13=100%(n200)  rnd14=100%(n200)  rnd15=100%(n200)  rnd16=100%(n200)  rnd17=100%(n200)  rnd18=100%(n200)  rnd19=100%(n200)  rnd2=100%(n200)  rnd20=100%(n200)  rnd21=4%(n200)  rnd22=100%(n200)  rnd23=100%(n200)  rnd24=100%(n200)  rnd25=100%(n200)  rnd26=100%(n200)  rnd27=97%(n200)  rnd28=100%(n200)  rnd29=100%(n200)  rnd3=100%(n200)  rnd4=100%(n200)  rnd5=100%(n200)  rnd6=100%(n200)  rnd7=100%(n200)  rnd8=100%(n200)  rnd9=100%(n200)
          └ 이동 분포: straight=65%  left=17%  right=18%
Ep 21700/30000 | R=  142.7 | Fuel=672.9mL | Wait= 185s | Steps=32.4 | Reach=97% | ε=0.050 | Loss=23.445 | t=10548s
          ├ 토폴로지 도달률(최근50): gangnam_clean_topology=98%
          ├ OD별 도달률(최근200): rnd0=100%(n200)  rnd1=100%(n200)  rnd10=99%(n200)  rnd11=100%(n200)  rnd12=100%(n200)  rnd13=100%(n200)  rnd14=100%(n200)  rnd15=100%(n200)  rnd16=100%(n200)  rnd17=100%(n200)  rnd18=100%(n200)  rnd19=100%(n200)  rnd2=100%(n200)  rnd20=100%(n200)  rnd21=4%(n200)  rnd22=100%(n200)  rnd23=100%(n200)  rnd24=100%(n200)  rnd25=100%(n200)  rnd26=100%(n200)  rnd27=97%(n200)  rnd28=100%(n200)  rnd29=100%(n200)  rnd3=100%(n200)  rnd4=100%(n200)  rnd5=100%(n200)  rnd6=100%(n200)  rnd7=100%(n200)  rnd8=100%(n200)  rnd9=100%(n200)
          └ 이동 분포: straight=66%  left=17%  right=17%
Ep 21800/30000 | R=  126.4 | Fuel=666.9mL | Wait= 214s | Steps=32.3 | Reach=98% | ε=0.050 | Loss=24.634 | t=10585s
          ├ 토폴로지 도달률(최근50): gangnam_clean_topology=96%
          ├ OD별 도달률(최근200): rnd0=100%(n200)  rnd1=100%(n200)  rnd10=99%(n200)  rnd11=100%(n200)  rnd12=100%(n200)  rnd13=100%(n200)  rnd14=100%(n200)  rnd15=100%(n200)  rnd16=100%(n200)  rnd17=100%(n200)  rnd18=100%(n200)  rnd19=100%(n200)  rnd2=100%(n200)  rnd20=100%(n200)  rnd21=6%(n200)  rnd22=100%(n200)  rnd23=100%(n200)  rnd24=100%(n200)  rnd25=100%(n200)  rnd26=100%(n200)  rnd27=97%(n200)  rnd28=100%(n200)  rnd29=100%(n200)  rnd3=100%(n200)  rnd4=100%(n200)  rnd5=100%(n200)  rnd6=100%(n200)  rnd7=100%(n200)  rnd8=100%(n200)  rnd9=100%(n200)
          └ 이동 분포: straight=68%  left=16%  right=16%
Ep 21900/30000 | R=  137.0 | Fuel=668.6mL | Wait= 166s | Steps=32.9 | Reach=98% | ε=0.050 | Loss=24.096 | t=10623s
          ├ 토폴로지 도달률(최근50): gangnam_clean_topology=98%
          ├ OD별 도달률(최근200): rnd0=100%(n200)  rnd1=100%(n200)  rnd10=99%(n200)  rnd11=100%(n200)  rnd12=100%(n200)  rnd13=100%(n200)  rnd14=100%(n200)  rnd15=100%(n200)  rnd16=100%(n200)  rnd17=100%(n200)  rnd18=100%(n200)  rnd19=100%(n200)  rnd2=100%(n200)  rnd20=100%(n200)  rnd21=6%(n200)  rnd22=100%(n200)  rnd23=100%(n200)  rnd24=100%(n200)  rnd25=100%(n200)  rnd26=100%(n200)  rnd27=97%(n200)  rnd28=100%(n200)  rnd29=100%(n200)  rnd3=100%(n200)  rnd4=100%(n200)  rnd5=100%(n200)  rnd6=100%(n200)  rnd7=100%(n200)  rnd8=100%(n200)  rnd9=100%(n200)
          └ 이동 분포: straight=65%  left=18%  right=17%
Ep 22000/30000 | R=   66.1 | Fuel=704.8mL | Wait= 203s | Steps=35.8 | Reach=96% | ε=0.050 | Loss=24.223 | t=10664s
          ├ 토폴로지 도달률(최근50): gangnam_clean_topology=100%
          ├ OD별 도달률(최근200): rnd0=100%(n200)  rnd1=100%(n200)  rnd10=99%(n200)  rnd11=100%(n200)  rnd12=100%(n200)  rnd13=100%(n200)  rnd14=100%(n200)  rnd15=100%(n200)  rnd16=100%(n200)  rnd17=100%(n200)  rnd18=100%(n200)  rnd19=100%(n200)  rnd2=100%(n200)  rnd20=100%(n200)  rnd21=6%(n200)  rnd22=100%(n200)  rnd23=100%(n200)  rnd24=100%(n200)  rnd25=100%(n200)  rnd26=100%(n200)  rnd27=98%(n200)  rnd28=100%(n200)  rnd29=100%(n200)  rnd3=100%(n200)  rnd4=100%(n200)  rnd5=100%(n200)  rnd6=100%(n200)  rnd7=100%(n200)  rnd8=100%(n200)  rnd9=100%(n200)
          └ 이동 분포: straight=67%  left=16%  right=17%
Ep 22100/30000 | R=  139.9 | Fuel=650.7mL | Wait= 208s | Steps=31.3 | Reach=94% | ε=0.050 | Loss=23.930 | t=10700s
          ├ 토폴로지 도달률(최근50): gangnam_clean_topology=98%
          ├ OD별 도달률(최근200): rnd0=100%(n200)  rnd1=100%(n200)  rnd10=99%(n200)  rnd11=100%(n200)  rnd12=100%(n200)  rnd13=100%(n200)  rnd14=100%(n200)  rnd15=100%(n200)  rnd16=100%(n200)  rnd17=100%(n200)  rnd18=100%(n200)  rnd19=100%(n200)  rnd2=100%(n200)  rnd20=100%(n200)  rnd21=6%(n200)  rnd22=100%(n200)  rnd23=100%(n200)  rnd24=100%(n200)  rnd25=100%(n200)  rnd26=100%(n200)  rnd27=98%(n200)  rnd28=100%(n200)  rnd29=100%(n200)  rnd3=100%(n200)  rnd4=100%(n200)  rnd5=100%(n200)  rnd6=100%(n200)  rnd7=100%(n200)  rnd8=100%(n200)  rnd9=100%(n200)
          └ 이동 분포: straight=68%  left=16%  right=16%
Ep 22200/30000 | R=   68.3 | Fuel=702.6mL | Wait= 202s | Steps=35.3 | Reach=98% | ε=0.050 | Loss=24.178 | t=10741s
          ├ 토폴로지 도달률(최근50): gangnam_clean_topology=100%
          ├ OD별 도달률(최근200): rnd0=100%(n200)  rnd1=100%(n200)  rnd10=99%(n200)  rnd11=100%(n200)  rnd12=100%(n200)  rnd13=100%(n200)  rnd14=100%(n200)  rnd15=100%(n200)  rnd16=100%(n200)  rnd17=100%(n200)  rnd18=100%(n200)  rnd19=100%(n200)  rnd2=100%(n200)  rnd20=100%(n200)  rnd21=6%(n200)  rnd22=100%(n200)  rnd23=100%(n200)  rnd24=100%(n200)  rnd25=100%(n200)  rnd26=100%(n200)  rnd27=98%(n200)  rnd28=100%(n200)  rnd29=100%(n200)  rnd3=100%(n200)  rnd4=100%(n200)  rnd5=100%(n200)  rnd6=100%(n200)  rnd7=100%(n200)  rnd8=100%(n200)  rnd9=100%(n200)
          └ 이동 분포: straight=65%  left=15%  right=19%
Ep 22300/30000 | R=   97.8 | Fuel=716.5mL | Wait= 184s | Steps=35.1 | Reach=98% | ε=0.050 | Loss=24.602 | t=10784s
          ├ 토폴로지 도달률(최근50): gangnam_clean_topology=98%
          ├ OD별 도달률(최근200): rnd0=100%(n200)  rnd1=100%(n200)  rnd10=99%(n200)  rnd11=100%(n200)  rnd12=100%(n200)  rnd13=100%(n200)  rnd14=100%(n200)  rnd15=100%(n200)  rnd16=100%(n200)  rnd17=100%(n200)  rnd18=100%(n200)  rnd19=100%(n200)  rnd2=100%(n200)  rnd20=100%(n200)  rnd21=6%(n200)  rnd22=100%(n200)  rnd23=100%(n200)  rnd24=100%(n200)  rnd25=100%(n200)  rnd26=100%(n200)  rnd27=98%(n200)  rnd28=100%(n200)  rnd29=100%(n200)  rnd3=100%(n200)  rnd4=100%(n200)  rnd5=100%(n200)  rnd6=100%(n200)  rnd7=100%(n200)  rnd8=100%(n200)  rnd9=100%(n200)
          └ 이동 분포: straight=68%  left=15%  right=17%
Ep 22400/30000 | R=   37.7 | Fuel=706.4mL | Wait= 204s | Steps=36.9 | Reach=93% | ε=0.050 | Loss=24.118 | t=10827s
          ├ 토폴로지 도달률(최근50): gangnam_clean_topology=90%
          ├ OD별 도달률(최근200): rnd0=100%(n200)  rnd1=100%(n200)  rnd10=99%(n200)  rnd11=100%(n200)  rnd12=100%(n200)  rnd13=100%(n200)  rnd14=100%(n200)  rnd15=100%(n200)  rnd16=100%(n200)  rnd17=100%(n200)  rnd18=100%(n200)  rnd19=100%(n200)  rnd2=100%(n200)  rnd20=100%(n200)  rnd21=6%(n200)  rnd22=100%(n200)  rnd23=100%(n200)  rnd24=100%(n200)  rnd25=100%(n200)  rnd26=100%(n200)  rnd27=98%(n200)  rnd28=100%(n200)  rnd29=100%(n200)  rnd3=100%(n200)  rnd4=100%(n200)  rnd5=100%(n200)  rnd6=100%(n200)  rnd7=100%(n200)  rnd8=100%(n200)  rnd9=100%(n200)
          └ 이동 분포: straight=65%  left=17%  right=17%
Ep 22500/30000 | R=   75.2 | Fuel=741.0mL | Wait= 206s | Steps=38.0 | Reach=100% | ε=0.050 | Loss=23.834 | t=10871s
          ├ 토폴로지 도달률(최근50): gangnam_clean_topology=100%
          ├ OD별 도달률(최근200): rnd0=100%(n200)  rnd1=100%(n200)  rnd10=99%(n200)  rnd11=100%(n200)  rnd12=100%(n200)  rnd13=100%(n200)  rnd14=100%(n200)  rnd15=100%(n200)  rnd16=100%(n200)  rnd17=100%(n200)  rnd18=100%(n200)  rnd19=100%(n200)  rnd2=100%(n200)  rnd20=100%(n200)  rnd21=6%(n200)  rnd22=100%(n200)  rnd23=100%(n200)  rnd24=100%(n200)  rnd25=100%(n200)  rnd26=100%(n200)  rnd27=98%(n200)  rnd28=100%(n200)  rnd29=100%(n200)  rnd3=100%(n200)  rnd4=100%(n200)  rnd5=100%(n200)  rnd6=100%(n200)  rnd7=100%(n200)  rnd8=100%(n200)  rnd9=100%(n200)
          └ 이동 분포: straight=67%  left=17%  right=17%
  [체크포인트] model_rl_base_ep22500.pth
Ep 22600/30000 | R=  133.4 | Fuel=708.5mL | Wait= 183s | Steps=33.9 | Reach=98% | ε=0.050 | Loss=22.380 | t=10909s
          ├ 토폴로지 도달률(최근50): gangnam_clean_topology=100%
          ├ OD별 도달률(최근200): rnd0=100%(n200)  rnd1=100%(n200)  rnd10=99%(n200)  rnd11=100%(n200)  rnd12=100%(n200)  rnd13=100%(n200)  rnd14=100%(n200)  rnd15=100%(n200)  rnd16=100%(n200)  rnd17=100%(n200)  rnd18=100%(n200)  rnd19=100%(n200)  rnd2=100%(n200)  rnd20=100%(n200)  rnd21=6%(n200)  rnd22=100%(n200)  rnd23=100%(n200)  rnd24=100%(n200)  rnd25=100%(n200)  rnd26=100%(n200)  rnd27=98%(n200)  rnd28=100%(n200)  rnd29=100%(n200)  rnd3=100%(n200)  rnd4=100%(n200)  rnd5=100%(n200)  rnd6=100%(n200)  rnd7=100%(n200)  rnd8=100%(n200)  rnd9=100%(n200)
          └ 이동 분포: straight=67%  left=17%  right=17%
Ep 22700/30000 | R=  102.0 | Fuel=695.1mL | Wait= 183s | Steps=34.4 | Reach=97% | ε=0.050 | Loss=22.268 | t=10949s
          ├ 토폴로지 도달률(최근50): gangnam_clean_topology=96%
          ├ OD별 도달률(최근200): rnd0=100%(n200)  rnd1=100%(n200)  rnd10=99%(n200)  rnd11=100%(n200)  rnd12=100%(n200)  rnd13=100%(n200)  rnd14=100%(n200)  rnd15=100%(n200)  rnd16=100%(n200)  rnd17=100%(n200)  rnd18=100%(n200)  rnd19=100%(n200)  rnd2=100%(n200)  rnd20=100%(n200)  rnd21=6%(n200)  rnd22=100%(n200)  rnd23=100%(n200)  rnd24=100%(n200)  rnd25=100%(n200)  rnd26=100%(n200)  rnd27=98%(n200)  rnd28=100%(n200)  rnd29=100%(n200)  rnd3=100%(n200)  rnd4=100%(n200)  rnd5=100%(n200)  rnd6=100%(n200)  rnd7=100%(n200)  rnd8=100%(n200)  rnd9=100%(n200)
          └ 이동 분포: straight=67%  left=16%  right=17%
Ep 22800/30000 | R=   89.7 | Fuel=736.2mL | Wait= 194s | Steps=35.8 | Reach=98% | ε=0.050 | Loss=23.076 | t=10990s
          ├ 토폴로지 도달률(최근50): gangnam_clean_topology=100%
          ├ OD별 도달률(최근200): rnd0=100%(n200)  rnd1=100%(n200)  rnd10=99%(n200)  rnd11=100%(n200)  rnd12=100%(n200)  rnd13=100%(n200)  rnd14=100%(n200)  rnd15=100%(n200)  rnd16=100%(n200)  rnd17=100%(n200)  rnd18=100%(n200)  rnd19=100%(n200)  rnd2=100%(n200)  rnd20=100%(n200)  rnd21=6%(n200)  rnd22=100%(n200)  rnd23=100%(n200)  rnd24=100%(n200)  rnd25=100%(n200)  rnd26=100%(n200)  rnd27=98%(n200)  rnd28=100%(n200)  rnd29=100%(n200)  rnd3=100%(n200)  rnd4=100%(n200)  rnd5=100%(n200)  rnd6=100%(n200)  rnd7=100%(n200)  rnd8=100%(n200)  rnd9=100%(n200)
          └ 이동 분포: straight=68%  left=16%  right=16%
Ep 22900/30000 | R=   61.5 | Fuel=766.3mL | Wait= 220s | Steps=37.0 | Reach=98% | ε=0.050 | Loss=22.873 | t=11033s
          ├ 토폴로지 도달률(최근50): gangnam_clean_topology=98%
          ├ OD별 도달률(최근200): rnd0=100%(n200)  rnd1=100%(n200)  rnd10=99%(n200)  rnd11=100%(n200)  rnd12=100%(n200)  rnd13=100%(n200)  rnd14=100%(n200)  rnd15=100%(n200)  rnd16=100%(n200)  rnd17=100%(n200)  rnd18=100%(n200)  rnd19=100%(n200)  rnd2=100%(n200)  rnd20=100%(n200)  rnd21=6%(n200)  rnd22=100%(n200)  rnd23=100%(n200)  rnd24=100%(n200)  rnd25=100%(n200)  rnd26=100%(n200)  rnd27=98%(n200)  rnd28=100%(n200)  rnd29=100%(n200)  rnd3=100%(n200)  rnd4=100%(n200)  rnd5=100%(n200)  rnd6=100%(n200)  rnd7=100%(n200)  rnd8=100%(n200)  rnd9=100%(n200)
          └ 이동 분포: straight=68%  left=15%  right=17%
Ep 23000/30000 | R=   62.7 | Fuel=711.9mL | Wait= 192s | Steps=36.6 | Reach=96% | ε=0.050 | Loss=22.688 | t=11076s
          ├ 토폴로지 도달률(최근50): gangnam_clean_topology=100%
          ├ OD별 도달률(최근200): rnd0=100%(n200)  rnd1=100%(n200)  rnd10=99%(n200)  rnd11=100%(n200)  rnd12=100%(n200)  rnd13=100%(n200)  rnd14=100%(n200)  rnd15=100%(n200)  rnd16=100%(n200)  rnd17=100%(n200)  rnd18=100%(n200)  rnd19=100%(n200)  rnd2=100%(n200)  rnd20=100%(n200)  rnd21=6%(n200)  rnd22=100%(n200)  rnd23=100%(n200)  rnd24=100%(n200)  rnd25=100%(n200)  rnd26=100%(n200)  rnd27=98%(n200)  rnd28=100%(n200)  rnd29=100%(n200)  rnd3=100%(n200)  rnd4=100%(n200)  rnd5=100%(n200)  rnd6=100%(n200)  rnd7=100%(n200)  rnd8=100%(n200)  rnd9=100%(n200)
          └ 이동 분포: straight=65%  left=16%  right=19%
Ep 23100/30000 | R=   55.7 | Fuel=666.1mL | Wait= 227s | Steps=35.0 | Reach=94% | ε=0.050 | Loss=24.267 | t=11115s
          ├ 토폴로지 도달률(최근50): gangnam_clean_topology=96%
          ├ OD별 도달률(최근200): rnd0=100%(n200)  rnd1=100%(n200)  rnd10=99%(n200)  rnd11=100%(n200)  rnd12=100%(n200)  rnd13=100%(n200)  rnd14=100%(n200)  rnd15=100%(n200)  rnd16=100%(n200)  rnd17=100%(n200)  rnd18=100%(n200)  rnd19=100%(n200)  rnd2=100%(n200)  rnd20=100%(n200)  rnd21=6%(n200)  rnd22=100%(n200)  rnd23=100%(n200)  rnd24=100%(n200)  rnd25=100%(n200)  rnd26=100%(n200)  rnd27=97%(n200)  rnd28=100%(n200)  rnd29=100%(n200)  rnd3=100%(n200)  rnd4=100%(n200)  rnd5=100%(n200)  rnd6=100%(n200)  rnd7=100%(n200)  rnd8=100%(n200)  rnd9=100%(n200)
          └ 이동 분포: straight=65%  left=19%  right=16%
Ep 23200/30000 | R=  135.2 | Fuel=680.7mL | Wait= 188s | Steps=34.3 | Reach=97% | ε=0.050 | Loss=23.954 | t=11158s
          ├ 토폴로지 도달률(최근50): gangnam_clean_topology=96%
          ├ OD별 도달률(최근200): rnd0=100%(n200)  rnd1=100%(n200)  rnd10=99%(n200)  rnd11=100%(n200)  rnd12=100%(n200)  rnd13=100%(n200)  rnd14=100%(n200)  rnd15=100%(n200)  rnd16=100%(n200)  rnd17=100%(n200)  rnd18=100%(n200)  rnd19=100%(n200)  rnd2=100%(n200)  rnd20=100%(n200)  rnd21=6%(n200)  rnd22=100%(n200)  rnd23=100%(n200)  rnd24=100%(n200)  rnd25=100%(n200)  rnd26=100%(n200)  rnd27=97%(n200)  rnd28=100%(n200)  rnd29=100%(n200)  rnd3=100%(n200)  rnd4=100%(n200)  rnd5=100%(n200)  rnd6=100%(n200)  rnd7=100%(n200)  rnd8=100%(n200)  rnd9=100%(n200)
          └ 이동 분포: straight=65%  left=17%  right=18%
Ep 23300/30000 | R=  147.6 | Fuel=686.0mL | Wait= 201s | Steps=32.2 | Reach=99% | ε=0.050 | Loss=24.868 | t=11216s
          ├ 토폴로지 도달률(최근50): gangnam_clean_topology=100%
          ├ OD별 도달률(최근200): rnd0=100%(n200)  rnd1=100%(n200)  rnd10=99%(n200)  rnd11=100%(n200)  rnd12=100%(n200)  rnd13=100%(n200)  rnd14=100%(n200)  rnd15=100%(n200)  rnd16=100%(n200)  rnd17=100%(n200)  rnd18=100%(n200)  rnd19=100%(n200)  rnd2=100%(n200)  rnd20=100%(n200)  rnd21=6%(n200)  rnd22=100%(n200)  rnd23=100%(n200)  rnd24=100%(n200)  rnd25=100%(n200)  rnd26=100%(n200)  rnd27=97%(n200)  rnd28=100%(n200)  rnd29=100%(n200)  rnd3=100%(n200)  rnd4=100%(n200)  rnd5=100%(n200)  rnd6=100%(n200)  rnd7=100%(n200)  rnd8=100%(n200)  rnd9=100%(n200)
          └ 이동 분포: straight=67%  left=17%  right=16%
Ep 23400/30000 | R=   50.5 | Fuel=742.2mL | Wait= 213s | Steps=35.5 | Reach=96% | ε=0.050 | Loss=22.962 | t=11257s
          ├ 토폴로지 도달률(최근50): gangnam_clean_topology=96%
          ├ OD별 도달률(최근200): rnd0=100%(n200)  rnd1=100%(n200)  rnd10=99%(n200)  rnd11=100%(n200)  rnd12=100%(n200)  rnd13=100%(n200)  rnd14=100%(n200)  rnd15=100%(n200)  rnd16=100%(n200)  rnd17=100%(n200)  rnd18=100%(n200)  rnd19=100%(n200)  rnd2=100%(n200)  rnd20=100%(n200)  rnd21=6%(n200)  rnd22=100%(n200)  rnd23=100%(n200)  rnd24=100%(n200)  rnd25=100%(n200)  rnd26=100%(n200)  rnd27=97%(n200)  rnd28=100%(n200)  rnd29=100%(n200)  rnd3=100%(n200)  rnd4=100%(n200)  rnd5=100%(n200)  rnd6=100%(n200)  rnd7=100%(n200)  rnd8=100%(n200)  rnd9=100%(n200)
          └ 이동 분포: straight=66%  left=17%  right=17%
Ep 23500/30000 | R=   93.9 | Fuel=686.9mL | Wait= 203s | Steps=34.6 | Reach=96% | ε=0.050 | Loss=22.702 | t=11296s
          ├ 토폴로지 도달률(최근50): gangnam_clean_topology=94%
          ├ OD별 도달률(최근200): rnd0=100%(n200)  rnd1=100%(n200)  rnd10=99%(n200)  rnd11=100%(n200)  rnd12=100%(n200)  rnd13=100%(n200)  rnd14=100%(n200)  rnd15=100%(n200)  rnd16=100%(n200)  rnd17=100%(n200)  rnd18=100%(n200)  rnd19=100%(n200)  rnd2=100%(n200)  rnd20=100%(n200)  rnd21=6%(n200)  rnd22=100%(n200)  rnd23=100%(n200)  rnd24=100%(n200)  rnd25=100%(n200)  rnd26=100%(n200)  rnd27=97%(n200)  rnd28=100%(n200)  rnd29=100%(n200)  rnd3=100%(n200)  rnd4=100%(n200)  rnd5=100%(n200)  rnd6=100%(n200)  rnd7=100%(n200)  rnd8=100%(n200)  rnd9=100%(n200)
          └ 이동 분포: straight=67%  left=17%  right=16%
Ep 23600/30000 | R=   68.2 | Fuel=753.7mL | Wait= 204s | Steps=35.1 | Reach=96% | ε=0.050 | Loss=24.981 | t=11335s
          ├ 토폴로지 도달률(최근50): gangnam_clean_topology=96%
          ├ OD별 도달률(최근200): rnd0=100%(n200)  rnd1=100%(n200)  rnd10=99%(n200)  rnd11=100%(n200)  rnd12=100%(n200)  rnd13=100%(n200)  rnd14=100%(n200)  rnd15=100%(n200)  rnd16=100%(n200)  rnd17=100%(n200)  rnd18=100%(n200)  rnd19=100%(n200)  rnd2=100%(n200)  rnd20=100%(n200)  rnd21=6%(n200)  rnd22=100%(n200)  rnd23=100%(n200)  rnd24=100%(n200)  rnd25=100%(n200)  rnd26=100%(n200)  rnd27=97%(n200)  rnd28=100%(n200)  rnd29=100%(n200)  rnd3=100%(n200)  rnd4=100%(n200)  rnd5=100%(n200)  rnd6=100%(n200)  rnd7=100%(n200)  rnd8=100%(n200)  rnd9=100%(n200)
          └ 이동 분포: straight=67%  left=16%  right=17%
Ep 23700/30000 | R=   12.1 | Fuel=762.8mL | Wait= 215s | Steps=37.2 | Reach=95% | ε=0.050 | Loss=27.524 | t=11376s
          ├ 토폴로지 도달률(최근50): gangnam_clean_topology=96%
          ├ OD별 도달률(최근200): rnd0=100%(n200)  rnd1=100%(n200)  rnd10=99%(n200)  rnd11=100%(n200)  rnd12=100%(n200)  rnd13=100%(n200)  rnd14=100%(n200)  rnd15=100%(n200)  rnd16=100%(n200)  rnd17=100%(n200)  rnd18=100%(n200)  rnd19=100%(n200)  rnd2=100%(n200)  rnd20=100%(n200)  rnd21=6%(n200)  rnd22=100%(n200)  rnd23=100%(n200)  rnd24=100%(n200)  rnd25=100%(n200)  rnd26=100%(n200)  rnd27=97%(n200)  rnd28=100%(n200)  rnd29=100%(n200)  rnd3=100%(n200)  rnd4=100%(n200)  rnd5=100%(n200)  rnd6=100%(n200)  rnd7=100%(n200)  rnd8=100%(n200)  rnd9=100%(n200)
          └ 이동 분포: straight=66%  left=17%  right=17%
Ep 23800/30000 | R=   94.7 | Fuel=743.9mL | Wait= 203s | Steps=35.6 | Reach=98% | ε=0.050 | Loss=25.013 | t=11421s
          ├ 토폴로지 도달률(최근50): gangnam_clean_topology=98%
          ├ OD별 도달률(최근200): rnd0=100%(n200)  rnd1=100%(n200)  rnd10=99%(n200)  rnd11=100%(n200)  rnd12=100%(n200)  rnd13=100%(n200)  rnd14=100%(n200)  rnd15=100%(n200)  rnd16=100%(n200)  rnd17=100%(n200)  rnd18=100%(n200)  rnd19=100%(n200)  rnd2=100%(n200)  rnd20=100%(n200)  rnd21=6%(n200)  rnd22=100%(n200)  rnd23=100%(n200)  rnd24=100%(n200)  rnd25=100%(n200)  rnd26=100%(n200)  rnd27=97%(n200)  rnd28=100%(n200)  rnd29=100%(n200)  rnd3=100%(n200)  rnd4=100%(n200)  rnd5=100%(n200)  rnd6=100%(n200)  rnd7=100%(n200)  rnd8=100%(n200)  rnd9=100%(n200)
          └ 이동 분포: straight=67%  left=17%  right=16%
Ep 23900/30000 | R=  103.2 | Fuel=691.7mL | Wait= 180s | Steps=34.4 | Reach=97% | ε=0.050 | Loss=24.928 | t=11459s
          ├ 토폴로지 도달률(최근50): gangnam_clean_topology=96%
          ├ OD별 도달률(최근200): rnd0=100%(n200)  rnd1=100%(n200)  rnd10=99%(n200)  rnd11=100%(n200)  rnd12=100%(n200)  rnd13=100%(n200)  rnd14=100%(n200)  rnd15=100%(n200)  rnd16=100%(n200)  rnd17=100%(n200)  rnd18=100%(n200)  rnd19=100%(n200)  rnd2=100%(n200)  rnd20=100%(n200)  rnd21=7%(n200)  rnd22=100%(n200)  rnd23=100%(n200)  rnd24=100%(n200)  rnd25=100%(n200)  rnd26=100%(n200)  rnd27=97%(n200)  rnd28=100%(n200)  rnd29=100%(n200)  rnd3=100%(n200)  rnd4=100%(n200)  rnd5=100%(n200)  rnd6=100%(n200)  rnd7=100%(n200)  rnd8=100%(n200)  rnd9=100%(n200)
          └ 이동 분포: straight=65%  left=18%  right=17%
Ep 24000/30000 | R=   76.4 | Fuel=701.5mL | Wait= 177s | Steps=36.4 | Reach=98% | ε=0.050 | Loss=24.252 | t=11506s
          ├ 토폴로지 도달률(최근50): gangnam_clean_topology=98%
          ├ OD별 도달률(최근200): rnd0=100%(n200)  rnd1=100%(n200)  rnd10=99%(n200)  rnd11=100%(n200)  rnd12=100%(n200)  rnd13=100%(n200)  rnd14=100%(n200)  rnd15=100%(n200)  rnd16=100%(n200)  rnd17=100%(n200)  rnd18=100%(n200)  rnd19=100%(n200)  rnd2=100%(n200)  rnd20=100%(n200)  rnd21=7%(n200)  rnd22=100%(n200)  rnd23=100%(n200)  rnd24=100%(n200)  rnd25=100%(n200)  rnd26=100%(n200)  rnd27=97%(n200)  rnd28=100%(n200)  rnd29=100%(n200)  rnd3=100%(n200)  rnd4=100%(n200)  rnd5=100%(n200)  rnd6=100%(n200)  rnd7=100%(n200)  rnd8=100%(n200)  rnd9=100%(n200)
          └ 이동 분포: straight=65%  left=17%  right=18%
Ep 24100/30000 | R=  131.4 | Fuel=682.5mL | Wait= 180s | Steps=32.2 | Reach=97% | ε=0.050 | Loss=27.071 | t=11540s
          ├ 토폴로지 도달률(최근50): gangnam_clean_topology=96%
          ├ OD별 도달률(최근200): rnd0=100%(n200)  rnd1=100%(n200)  rnd10=99%(n200)  rnd11=100%(n200)  rnd12=100%(n200)  rnd13=100%(n200)  rnd14=100%(n200)  rnd15=100%(n200)  rnd16=100%(n200)  rnd17=100%(n200)  rnd18=100%(n200)  rnd19=100%(n200)  rnd2=100%(n200)  rnd20=100%(n200)  rnd21=7%(n200)  rnd22=100%(n200)  rnd23=100%(n200)  rnd24=100%(n200)  rnd25=100%(n200)  rnd26=100%(n200)  rnd27=97%(n200)  rnd28=100%(n200)  rnd29=100%(n200)  rnd3=100%(n200)  rnd4=100%(n200)  rnd5=100%(n200)  rnd6=100%(n200)  rnd7=100%(n200)  rnd8=100%(n200)  rnd9=100%(n200)
          └ 이동 분포: straight=65%  left=17%  right=17%
Ep 24200/30000 | R=   96.5 | Fuel=706.0mL | Wait= 199s | Steps=33.8 | Reach=97% | ε=0.050 | Loss=25.308 | t=11572s
          ├ 토폴로지 도달률(최근50): gangnam_clean_topology=98%
          ├ OD별 도달률(최근200): rnd0=100%(n200)  rnd1=100%(n200)  rnd10=99%(n200)  rnd11=100%(n200)  rnd12=100%(n200)  rnd13=100%(n200)  rnd14=100%(n200)  rnd15=100%(n200)  rnd16=100%(n200)  rnd17=100%(n200)  rnd18=100%(n200)  rnd19=100%(n200)  rnd2=100%(n200)  rnd20=100%(n200)  rnd21=7%(n200)  rnd22=100%(n200)  rnd23=100%(n200)  rnd24=100%(n200)  rnd25=100%(n200)  rnd26=100%(n200)  rnd27=97%(n200)  rnd28=100%(n200)  rnd29=100%(n200)  rnd3=100%(n200)  rnd4=100%(n200)  rnd5=100%(n200)  rnd6=100%(n200)  rnd7=100%(n200)  rnd8=100%(n200)  rnd9=100%(n200)
          └ 이동 분포: straight=67%  left=16%  right=17%
Ep 24300/30000 | R=   73.5 | Fuel=758.4mL | Wait= 219s | Steps=35.6 | Reach=98% | ε=0.050 | Loss=24.440 | t=11612s
          ├ 토폴로지 도달률(최근50): gangnam_clean_topology=98%
          ├ OD별 도달률(최근200): rnd0=100%(n200)  rnd1=100%(n200)  rnd10=99%(n200)  rnd11=100%(n200)  rnd12=100%(n200)  rnd13=100%(n200)  rnd14=100%(n200)  rnd15=100%(n200)  rnd16=100%(n200)  rnd17=100%(n200)  rnd18=100%(n200)  rnd19=100%(n200)  rnd2=100%(n200)  rnd20=100%(n200)  rnd21=7%(n200)  rnd22=100%(n200)  rnd23=100%(n200)  rnd24=100%(n200)  rnd25=100%(n200)  rnd26=100%(n200)  rnd27=98%(n200)  rnd28=100%(n200)  rnd29=100%(n200)  rnd3=100%(n200)  rnd4=100%(n200)  rnd5=100%(n200)  rnd6=100%(n200)  rnd7=100%(n200)  rnd8=100%(n200)  rnd9=100%(n200)
          └ 이동 분포: straight=69%  left=16%  right=15%
Ep 24400/30000 | R=  166.7 | Fuel=673.8mL | Wait= 183s | Steps=32.7 | Reach=99% | ε=0.050 | Loss=23.109 | t=11648s
          ├ 토폴로지 도달률(최근50): gangnam_clean_topology=100%
          ├ OD별 도달률(최근200): rnd0=100%(n200)  rnd1=100%(n200)  rnd10=100%(n200)  rnd11=100%(n200)  rnd12=100%(n200)  rnd13=100%(n200)  rnd14=100%(n200)  rnd15=100%(n200)  rnd16=100%(n200)  rnd17=100%(n200)  rnd18=100%(n200)  rnd19=100%(n200)  rnd2=100%(n200)  rnd20=100%(n200)  rnd21=7%(n200)  rnd22=100%(n200)  rnd23=100%(n200)  rnd24=100%(n200)  rnd25=100%(n200)  rnd26=100%(n200)  rnd27=98%(n200)  rnd28=100%(n200)  rnd29=100%(n200)  rnd3=100%(n200)  rnd4=100%(n200)  rnd5=100%(n200)  rnd6=100%(n200)  rnd7=100%(n200)  rnd8=100%(n200)  rnd9=100%(n200)
          └ 이동 분포: straight=66%  left=18%  right=16%
Ep 24500/30000 | R=  -17.4 | Fuel=749.1mL | Wait= 221s | Steps=39.8 | Reach=99% | ε=0.050 | Loss=26.450 | t=11687s
          ├ 토폴로지 도달률(최근50): gangnam_clean_topology=98%
          ├ OD별 도달률(최근200): rnd0=100%(n200)  rnd1=100%(n200)  rnd10=100%(n200)  rnd11=100%(n200)  rnd12=100%(n200)  rnd13=100%(n200)  rnd14=100%(n200)  rnd15=100%(n200)  rnd16=100%(n200)  rnd17=100%(n200)  rnd18=100%(n200)  rnd19=100%(n200)  rnd2=100%(n200)  rnd20=100%(n200)  rnd21=8%(n200)  rnd22=100%(n200)  rnd23=100%(n200)  rnd24=100%(n200)  rnd25=100%(n200)  rnd26=100%(n200)  rnd27=98%(n200)  rnd28=100%(n200)  rnd29=100%(n200)  rnd3=100%(n200)  rnd4=100%(n200)  rnd5=100%(n200)  rnd6=100%(n200)  rnd7=100%(n200)  rnd8=100%(n200)  rnd9=100%(n200)
          └ 이동 분포: straight=66%  left=15%  right=18%
Ep 24600/30000 | R=   89.0 | Fuel=701.4mL | Wait= 201s | Steps=33.4 | Reach=95% | ε=0.050 | Loss=25.533 | t=11725s
          ├ 토폴로지 도달률(최근50): gangnam_clean_topology=94%
          ├ OD별 도달률(최근200): rnd0=100%(n200)  rnd1=100%(n200)  rnd10=100%(n200)  rnd11=100%(n200)  rnd12=100%(n200)  rnd13=100%(n200)  rnd14=100%(n200)  rnd15=100%(n200)  rnd16=100%(n200)  rnd17=100%(n200)  rnd18=100%(n200)  rnd19=100%(n200)  rnd2=100%(n200)  rnd20=100%(n200)  rnd21=8%(n200)  rnd22=100%(n200)  rnd23=100%(n200)  rnd24=100%(n200)  rnd25=100%(n200)  rnd26=100%(n200)  rnd27=98%(n200)  rnd28=100%(n200)  rnd29=100%(n200)  rnd3=100%(n200)  rnd4=100%(n200)  rnd5=100%(n200)  rnd6=100%(n200)  rnd7=100%(n200)  rnd8=100%(n200)  rnd9=100%(n200)
          └ 이동 분포: straight=68%  left=16%  right=16%
Ep 24700/30000 | R=   89.2 | Fuel=707.7mL | Wait= 200s | Steps=35.5 | Reach=98% | ε=0.050 | Loss=26.217 | t=11765s
          ├ 토폴로지 도달률(최근50): gangnam_clean_topology=100%
          ├ OD별 도달률(최근200): rnd0=100%(n200)  rnd1=100%(n200)  rnd10=100%(n200)  rnd11=100%(n200)  rnd12=100%(n200)  rnd13=100%(n200)  rnd14=100%(n200)  rnd15=100%(n200)  rnd16=100%(n200)  rnd17=100%(n200)  rnd18=100%(n200)  rnd19=100%(n200)  rnd2=100%(n200)  rnd20=100%(n200)  rnd21=8%(n200)  rnd22=100%(n200)  rnd23=100%(n200)  rnd24=100%(n200)  rnd25=100%(n200)  rnd26=100%(n200)  rnd27=98%(n200)  rnd28=100%(n200)  rnd29=100%(n200)  rnd3=100%(n200)  rnd4=100%(n200)  rnd5=100%(n200)  rnd6=100%(n200)  rnd7=100%(n200)  rnd8=100%(n200)  rnd9=100%(n200)
          └ 이동 분포: straight=67%  left=16%  right=17%
Ep 24800/30000 | R=   -0.8 | Fuel=734.4mL | Wait= 217s | Steps=36.6 | Reach=98% | ε=0.050 | Loss=26.785 | t=11809s
          ├ 토폴로지 도달률(최근50): gangnam_clean_topology=98%
          ├ OD별 도달률(최근200): rnd0=100%(n200)  rnd1=100%(n200)  rnd10=100%(n200)  rnd11=100%(n200)  rnd12=100%(n200)  rnd13=100%(n200)  rnd14=100%(n200)  rnd15=100%(n200)  rnd16=100%(n200)  rnd17=100%(n200)  rnd18=100%(n200)  rnd19=100%(n200)  rnd2=100%(n200)  rnd20=100%(n200)  rnd21=8%(n200)  rnd22=100%(n200)  rnd23=100%(n200)  rnd24=100%(n200)  rnd25=100%(n200)  rnd26=100%(n200)  rnd27=98%(n200)  rnd28=100%(n200)  rnd29=100%(n200)  rnd3=100%(n200)  rnd4=100%(n200)  rnd5=100%(n200)  rnd6=100%(n200)  rnd7=100%(n200)  rnd8=100%(n200)  rnd9=100%(n200)
          └ 이동 분포: straight=64%  left=18%  right=18%
Ep 24900/30000 | R=  121.5 | Fuel=714.2mL | Wait= 195s | Steps=33.9 | Reach=99% | ε=0.050 | Loss=25.330 | t=11845s
          ├ 토폴로지 도달률(최근50): gangnam_clean_topology=100%
          ├ OD별 도달률(최근200): rnd0=100%(n200)  rnd1=100%(n200)  rnd10=100%(n200)  rnd11=100%(n200)  rnd12=100%(n200)  rnd13=100%(n200)  rnd14=100%(n200)  rnd15=100%(n200)  rnd16=100%(n200)  rnd17=100%(n200)  rnd18=100%(n200)  rnd19=100%(n200)  rnd2=100%(n200)  rnd20=100%(n200)  rnd21=8%(n200)  rnd22=100%(n200)  rnd23=100%(n200)  rnd24=100%(n200)  rnd25=100%(n200)  rnd26=100%(n200)  rnd27=98%(n200)  rnd28=100%(n200)  rnd29=100%(n200)  rnd3=100%(n200)  rnd4=100%(n200)  rnd5=100%(n200)  rnd6=100%(n200)  rnd7=100%(n200)  rnd8=100%(n200)  rnd9=100%(n200)
          └ 이동 분포: straight=68%  left=16%  right=16%
Ep 25000/30000 | R=  145.6 | Fuel=668.6mL | Wait= 183s | Steps=33.1 | Reach=98% | ε=0.050 | Loss=26.136 | t=11920s
          ├ 토폴로지 도달률(최근50): gangnam_clean_topology=98%
          ├ OD별 도달률(최근200): rnd0=100%(n200)  rnd1=100%(n200)  rnd10=100%(n200)  rnd11=100%(n200)  rnd12=100%(n200)  rnd13=100%(n200)  rnd14=100%(n200)  rnd15=100%(n200)  rnd16=100%(n200)  rnd17=100%(n200)  rnd18=100%(n200)  rnd19=100%(n200)  rnd2=100%(n200)  rnd20=100%(n200)  rnd21=8%(n200)  rnd22=100%(n200)  rnd23=100%(n200)  rnd24=100%(n200)  rnd25=100%(n200)  rnd26=100%(n200)  rnd27=98%(n200)  rnd28=100%(n200)  rnd29=100%(n200)  rnd3=100%(n200)  rnd4=100%(n200)  rnd5=100%(n200)  rnd6=100%(n200)  rnd7=100%(n200)  rnd8=100%(n200)  rnd9=100%(n200)
          └ 이동 분포: straight=66%  left=17%  right=17%
  [체크포인트] model_rl_base_ep25000.pth
Ep 25100/30000 | R=  131.5 | Fuel=693.8mL | Wait= 181s | Steps=33.5 | Reach=99% | ε=0.050 | Loss=23.619 | t=11996s
          ├ 토폴로지 도달률(최근50): gangnam_clean_topology=100%
          ├ OD별 도달률(최근200): rnd0=100%(n200)  rnd1=100%(n200)  rnd10=100%(n200)  rnd11=100%(n200)  rnd12=100%(n200)  rnd13=100%(n200)  rnd14=100%(n200)  rnd15=100%(n200)  rnd16=100%(n200)  rnd17=100%(n200)  rnd18=100%(n200)  rnd19=100%(n200)  rnd2=100%(n200)  rnd20=100%(n200)  rnd21=8%(n200)  rnd22=100%(n200)  rnd23=100%(n200)  rnd24=100%(n200)  rnd25=100%(n200)  rnd26=100%(n200)  rnd27=98%(n200)  rnd28=100%(n200)  rnd29=100%(n200)  rnd3=100%(n200)  rnd4=100%(n200)  rnd5=100%(n200)  rnd6=100%(n200)  rnd7=100%(n200)  rnd8=100%(n200)  rnd9=100%(n200)
          └ 이동 분포: straight=68%  left=17%  right=15%
Ep 25200/30000 | R=   62.2 | Fuel=707.7mL | Wait= 223s | Steps=34.6 | Reach=95% | ε=0.050 | Loss=23.728 | t=12073s
          ├ 토폴로지 도달률(최근50): gangnam_clean_topology=94%
          ├ OD별 도달률(최근200): rnd0=100%(n200)  rnd1=100%(n200)  rnd10=100%(n200)  rnd11=100%(n200)  rnd12=100%(n200)  rnd13=100%(n200)  rnd14=100%(n200)  rnd15=100%(n200)  rnd16=100%(n200)  rnd17=100%(n200)  rnd18=100%(n200)  rnd19=100%(n200)  rnd2=100%(n200)  rnd20=100%(n200)  rnd21=8%(n200)  rnd22=100%(n200)  rnd23=100%(n200)  rnd24=100%(n200)  rnd25=100%(n200)  rnd26=100%(n200)  rnd27=98%(n200)  rnd28=100%(n200)  rnd29=100%(n200)  rnd3=100%(n200)  rnd4=100%(n200)  rnd5=100%(n200)  rnd6=100%(n200)  rnd7=100%(n200)  rnd8=100%(n200)  rnd9=100%(n200)
          └ 이동 분포: straight=67%  left=16%  right=17%
Ep 25300/30000 | R=  154.3 | Fuel=677.0mL | Wait= 177s | Steps=32.0 | Reach=97% | ε=0.050 | Loss=24.949 | t=12116s
          ├ 토폴로지 도달률(최근50): gangnam_clean_topology=98%
          ├ OD별 도달률(최근200): rnd0=100%(n200)  rnd1=100%(n200)  rnd10=100%(n200)  rnd11=100%(n200)  rnd12=100%(n200)  rnd13=100%(n200)  rnd14=100%(n200)  rnd15=100%(n200)  rnd16=100%(n200)  rnd17=100%(n200)  rnd18=100%(n200)  rnd19=100%(n200)  rnd2=100%(n200)  rnd20=100%(n200)  rnd21=8%(n200)  rnd22=100%(n200)  rnd23=100%(n200)  rnd24=100%(n200)  rnd25=100%(n200)  rnd26=100%(n200)  rnd27=98%(n200)  rnd28=100%(n200)  rnd29=100%(n200)  rnd3=100%(n200)  rnd4=100%(n200)  rnd5=100%(n200)  rnd6=100%(n200)  rnd7=100%(n200)  rnd8=100%(n200)  rnd9=100%(n200)
          └ 이동 분포: straight=66%  left=17%  right=17%
Ep 25400/30000 | R=  148.2 | Fuel=669.3mL | Wait= 182s | Steps=31.7 | Reach=97% | ε=0.050 | Loss=22.576 | t=12135s
          ├ 토폴로지 도달률(최근50): gangnam_clean_topology=100%
          ├ OD별 도달률(최근200): rnd0=100%(n200)  rnd1=100%(n200)  rnd10=100%(n200)  rnd11=100%(n200)  rnd12=100%(n200)  rnd13=100%(n200)  rnd14=100%(n200)  rnd15=100%(n200)  rnd16=100%(n200)  rnd17=100%(n200)  rnd18=100%(n200)  rnd19=100%(n200)  rnd2=100%(n200)  rnd20=100%(n200)  rnd21=8%(n200)  rnd22=100%(n200)  rnd23=100%(n200)  rnd24=100%(n200)  rnd25=100%(n200)  rnd26=100%(n200)  rnd27=98%(n200)  rnd28=100%(n200)  rnd29=100%(n200)  rnd3=100%(n200)  rnd4=100%(n200)  rnd5=100%(n200)  rnd6=100%(n200)  rnd7=100%(n200)  rnd8=100%(n200)  rnd9=100%(n200)
          └ 이동 분포: straight=67%  left=16%  right=16%
Ep 25500/30000 | R=  183.7 | Fuel=637.0mL | Wait= 198s | Steps=31.0 | Reach=99% | ε=0.050 | Loss=21.945 | t=12154s
          ├ 토폴로지 도달률(최근50): gangnam_clean_topology=98%
          ├ OD별 도달률(최근200): rnd0=100%(n200)  rnd1=100%(n200)  rnd10=100%(n200)  rnd11=100%(n200)  rnd12=100%(n200)  rnd13=100%(n200)  rnd14=100%(n200)  rnd15=100%(n200)  rnd16=100%(n200)  rnd17=100%(n200)  rnd18=100%(n200)  rnd19=100%(n200)  rnd2=100%(n200)  rnd20=100%(n200)  rnd21=8%(n200)  rnd22=100%(n200)  rnd23=100%(n200)  rnd24=100%(n200)  rnd25=100%(n200)  rnd26=100%(n200)  rnd27=99%(n200)  rnd28=100%(n200)  rnd29=100%(n200)  rnd3=100%(n200)  rnd4=100%(n200)  rnd5=100%(n200)  rnd6=100%(n200)  rnd7=100%(n200)  rnd8=100%(n200)  rnd9=100%(n200)
          └ 이동 분포: straight=69%  left=16%  right=15%
Ep 25600/30000 | R=   55.1 | Fuel=741.6mL | Wait= 194s | Steps=36.3 | Reach=96% | ε=0.050 | Loss=22.224 | t=12175s
          ├ 토폴로지 도달률(최근50): gangnam_clean_topology=96%
          ├ OD별 도달률(최근200): rnd0=100%(n200)  rnd1=100%(n200)  rnd10=100%(n200)  rnd11=100%(n200)  rnd12=100%(n200)  rnd13=100%(n200)  rnd14=100%(n200)  rnd15=100%(n200)  rnd16=100%(n200)  rnd17=100%(n200)  rnd18=100%(n200)  rnd19=100%(n200)  rnd2=100%(n200)  rnd20=100%(n200)  rnd21=8%(n200)  rnd22=100%(n200)  rnd23=100%(n200)  rnd24=100%(n200)  rnd25=100%(n200)  rnd26=100%(n200)  rnd27=99%(n200)  rnd28=100%(n200)  rnd29=100%(n200)  rnd3=100%(n200)  rnd4=100%(n200)  rnd5=100%(n200)  rnd6=100%(n200)  rnd7=100%(n200)  rnd8=100%(n200)  rnd9=100%(n200)
          └ 이동 분포: straight=66%  left=17%  right=17%
Ep 25700/30000 | R=   72.7 | Fuel=717.6mL | Wait= 181s | Steps=35.9 | Reach=98% | ε=0.050 | Loss=23.043 | t=12196s
          ├ 토폴로지 도달률(최근50): gangnam_clean_topology=98%
          ├ OD별 도달률(최근200): rnd0=100%(n200)  rnd1=100%(n200)  rnd10=100%(n200)  rnd11=100%(n200)  rnd12=100%(n200)  rnd13=100%(n200)  rnd14=100%(n200)  rnd15=100%(n200)  rnd16=100%(n200)  rnd17=100%(n200)  rnd18=100%(n200)  rnd19=100%(n200)  rnd2=100%(n200)  rnd20=100%(n200)  rnd21=8%(n200)  rnd22=100%(n200)  rnd23=100%(n200)  rnd24=100%(n200)  rnd25=100%(n200)  rnd26=100%(n200)  rnd27=99%(n200)  rnd28=100%(n200)  rnd29=100%(n200)  rnd3=100%(n200)  rnd4=100%(n200)  rnd5=100%(n200)  rnd6=100%(n200)  rnd7=100%(n200)  rnd8=100%(n200)  rnd9=100%(n200)
          └ 이동 분포: straight=65%  left=18%  right=18%
Ep 25800/30000 | R=   66.2 | Fuel=716.1mL | Wait= 195s | Steps=33.6 | Reach=95% | ε=0.050 | Loss=23.858 | t=12216s
          ├ 토폴로지 도달률(최근50): gangnam_clean_topology=98%
          ├ OD별 도달률(최근200): rnd0=100%(n200)  rnd1=100%(n200)  rnd10=100%(n200)  rnd11=100%(n200)  rnd12=100%(n200)  rnd13=100%(n200)  rnd14=100%(n200)  rnd15=100%(n200)  rnd16=100%(n200)  rnd17=100%(n200)  rnd18=100%(n200)  rnd19=100%(n200)  rnd2=100%(n200)  rnd20=100%(n200)  rnd21=8%(n200)  rnd22=100%(n200)  rnd23=100%(n200)  rnd24=100%(n200)  rnd25=100%(n200)  rnd26=100%(n200)  rnd27=99%(n200)  rnd28=100%(n200)  rnd29=100%(n200)  rnd3=100%(n200)  rnd4=100%(n200)  rnd5=100%(n200)  rnd6=100%(n200)  rnd7=100%(n200)  rnd8=100%(n200)  rnd9=100%(n200)
          └ 이동 분포: straight=67%  left=16%  right=17%
Ep 25900/30000 | R=   84.4 | Fuel=726.5mL | Wait= 189s | Steps=34.4 | Reach=95% | ε=0.050 | Loss=22.148 | t=12237s
          ├ 토폴로지 도달률(최근50): gangnam_clean_topology=94%
          ├ OD별 도달률(최근200): rnd0=100%(n200)  rnd1=100%(n200)  rnd10=100%(n200)  rnd11=100%(n200)  rnd12=100%(n200)  rnd13=100%(n200)  rnd14=100%(n200)  rnd15=100%(n200)  rnd16=100%(n200)  rnd17=100%(n200)  rnd18=100%(n200)  rnd19=100%(n200)  rnd2=100%(n200)  rnd20=100%(n200)  rnd21=8%(n200)  rnd22=100%(n200)  rnd23=100%(n200)  rnd24=100%(n200)  rnd25=100%(n200)  rnd26=100%(n200)  rnd27=99%(n200)  rnd28=100%(n200)  rnd29=100%(n200)  rnd3=100%(n200)  rnd4=100%(n200)  rnd5=100%(n200)  rnd6=100%(n200)  rnd7=100%(n200)  rnd8=100%(n200)  rnd9=100%(n200)
          └ 이동 분포: straight=64%  left=18%  right=18%
Ep 26000/30000 | R=  111.3 | Fuel=743.7mL | Wait= 199s | Steps=34.7 | Reach=99% | ε=0.050 | Loss=22.198 | t=12257s
          ├ 토폴로지 도달률(최근50): gangnam_clean_topology=100%
          ├ OD별 도달률(최근200): rnd0=100%(n200)  rnd1=100%(n200)  rnd10=100%(n200)  rnd11=100%(n200)  rnd12=100%(n200)  rnd13=100%(n200)  rnd14=100%(n200)  rnd15=100%(n200)  rnd16=100%(n200)  rnd17=100%(n200)  rnd18=100%(n200)  rnd19=100%(n200)  rnd2=100%(n200)  rnd20=100%(n200)  rnd21=8%(n200)  rnd22=100%(n200)  rnd23=100%(n200)  rnd24=100%(n200)  rnd25=100%(n200)  rnd26=100%(n200)  rnd27=99%(n200)  rnd28=100%(n200)  rnd29=100%(n200)  rnd3=100%(n200)  rnd4=100%(n200)  rnd5=100%(n200)  rnd6=100%(n200)  rnd7=100%(n200)  rnd8=100%(n200)  rnd9=100%(n200)
          └ 이동 분포: straight=67%  left=17%  right=16%
Ep 26100/30000 | R=  142.1 | Fuel=665.9mL | Wait= 187s | Steps=32.6 | Reach=96% | ε=0.050 | Loss=21.631 | t=12277s
          ├ 토폴로지 도달률(최근50): gangnam_clean_topology=98%
          ├ OD별 도달률(최근200): rnd0=100%(n200)  rnd1=100%(n200)  rnd10=100%(n200)  rnd11=100%(n200)  rnd12=100%(n200)  rnd13=100%(n200)  rnd14=100%(n200)  rnd15=100%(n200)  rnd16=100%(n200)  rnd17=100%(n200)  rnd18=100%(n200)  rnd19=100%(n200)  rnd2=100%(n200)  rnd20=100%(n200)  rnd21=8%(n200)  rnd22=100%(n200)  rnd23=100%(n200)  rnd24=100%(n200)  rnd25=100%(n200)  rnd26=100%(n200)  rnd27=98%(n200)  rnd28=100%(n200)  rnd29=100%(n200)  rnd3=100%(n200)  rnd4=100%(n200)  rnd5=100%(n200)  rnd6=100%(n200)  rnd7=100%(n200)  rnd8=100%(n200)  rnd9=100%(n200)
          └ 이동 분포: straight=67%  left=16%  right=17%
Ep 26200/30000 | R=  116.2 | Fuel=708.5mL | Wait= 194s | Steps=35.5 | Reach=98% | ε=0.050 | Loss=21.456 | t=12298s
          ├ 토폴로지 도달률(최근50): gangnam_clean_topology=96%
          ├ OD별 도달률(최근200): rnd0=100%(n200)  rnd1=100%(n200)  rnd10=100%(n200)  rnd11=100%(n200)  rnd12=100%(n200)  rnd13=100%(n200)  rnd14=100%(n200)  rnd15=100%(n200)  rnd16=100%(n200)  rnd17=100%(n200)  rnd18=100%(n200)  rnd19=100%(n200)  rnd2=100%(n200)  rnd20=100%(n200)  rnd21=8%(n200)  rnd22=100%(n200)  rnd23=100%(n200)  rnd24=100%(n200)  rnd25=100%(n200)  rnd26=100%(n200)  rnd27=98%(n200)  rnd28=100%(n200)  rnd29=100%(n200)  rnd3=100%(n200)  rnd4=100%(n200)  rnd5=100%(n200)  rnd6=100%(n200)  rnd7=100%(n200)  rnd8=100%(n200)  rnd9=100%(n200)
          └ 이동 분포: straight=67%  left=17%  right=16%
Ep 26300/30000 | R=  117.8 | Fuel=683.0mL | Wait= 216s | Steps=32.6 | Reach=99% | ε=0.050 | Loss=21.402 | t=12317s
          ├ 토폴로지 도달률(최근50): gangnam_clean_topology=100%
          ├ OD별 도달률(최근200): rnd0=100%(n200)  rnd1=100%(n200)  rnd10=100%(n200)  rnd11=100%(n200)  rnd12=100%(n200)  rnd13=100%(n200)  rnd14=100%(n200)  rnd15=100%(n200)  rnd16=100%(n200)  rnd17=100%(n200)  rnd18=100%(n200)  rnd19=100%(n200)  rnd2=100%(n200)  rnd20=100%(n200)  rnd21=8%(n200)  rnd22=100%(n200)  rnd23=100%(n200)  rnd24=100%(n200)  rnd25=100%(n200)  rnd26=100%(n200)  rnd27=98%(n200)  rnd28=100%(n200)  rnd29=100%(n200)  rnd3=100%(n200)  rnd4=100%(n200)  rnd5=100%(n200)  rnd6=100%(n200)  rnd7=100%(n200)  rnd8=100%(n200)  rnd9=100%(n200)
          └ 이동 분포: straight=66%  left=17%  right=16%
Ep 26400/30000 | R=  117.7 | Fuel=689.0mL | Wait= 190s | Steps=33.3 | Reach=96% | ε=0.050 | Loss=20.965 | t=12337s
          ├ 토폴로지 도달률(최근50): gangnam_clean_topology=96%
          ├ OD별 도달률(최근200): rnd0=100%(n200)  rnd1=100%(n200)  rnd10=100%(n200)  rnd11=100%(n200)  rnd12=100%(n200)  rnd13=100%(n200)  rnd14=100%(n200)  rnd15=100%(n200)  rnd16=100%(n200)  rnd17=100%(n200)  rnd18=100%(n200)  rnd19=100%(n200)  rnd2=100%(n200)  rnd20=100%(n200)  rnd21=8%(n200)  rnd22=100%(n200)  rnd23=100%(n200)  rnd24=100%(n200)  rnd25=100%(n200)  rnd26=100%(n200)  rnd27=98%(n200)  rnd28=100%(n200)  rnd29=100%(n200)  rnd3=100%(n200)  rnd4=100%(n200)  rnd5=100%(n200)  rnd6=100%(n200)  rnd7=100%(n200)  rnd8=100%(n200)  rnd9=100%(n200)
          └ 이동 분포: straight=67%  left=17%  right=16%
Ep 26500/30000 | R=   86.1 | Fuel=697.3mL | Wait= 177s | Steps=34.8 | Reach=96% | ε=0.050 | Loss=21.603 | t=12357s
          ├ 토폴로지 도달률(최근50): gangnam_clean_topology=94%
          ├ OD별 도달률(최근200): rnd0=100%(n200)  rnd1=100%(n200)  rnd10=100%(n200)  rnd11=100%(n200)  rnd12=100%(n200)  rnd13=100%(n200)  rnd14=100%(n200)  rnd15=100%(n200)  rnd16=100%(n200)  rnd17=100%(n200)  rnd18=100%(n200)  rnd19=100%(n200)  rnd2=100%(n200)  rnd20=100%(n200)  rnd21=8%(n200)  rnd22=100%(n200)  rnd23=100%(n200)  rnd24=100%(n200)  rnd25=100%(n200)  rnd26=100%(n200)  rnd27=98%(n200)  rnd28=100%(n200)  rnd29=100%(n200)  rnd3=100%(n200)  rnd4=100%(n200)  rnd5=100%(n200)  rnd6=100%(n200)  rnd7=100%(n200)  rnd8=100%(n200)  rnd9=100%(n200)
          └ 이동 분포: straight=65%  left=18%  right=17%
Ep 26600/30000 | R=   80.2 | Fuel=725.0mL | Wait= 178s | Steps=35.9 | Reach=97% | ε=0.050 | Loss=19.987 | t=12378s
          ├ 토폴로지 도달률(최근50): gangnam_clean_topology=94%
          ├ OD별 도달률(최근200): rnd0=100%(n200)  rnd1=100%(n200)  rnd10=100%(n200)  rnd11=100%(n200)  rnd12=100%(n200)  rnd13=100%(n200)  rnd14=100%(n200)  rnd15=100%(n200)  rnd16=100%(n200)  rnd17=100%(n200)  rnd18=100%(n200)  rnd19=100%(n200)  rnd2=100%(n200)  rnd20=100%(n200)  rnd21=8%(n200)  rnd22=100%(n200)  rnd23=100%(n200)  rnd24=100%(n200)  rnd25=100%(n200)  rnd26=100%(n200)  rnd27=98%(n200)  rnd28=100%(n200)  rnd29=100%(n200)  rnd3=100%(n200)  rnd4=100%(n200)  rnd5=100%(n200)  rnd6=100%(n200)  rnd7=100%(n200)  rnd8=100%(n200)  rnd9=100%(n200)
          └ 이동 분포: straight=65%  left=16%  right=19%
Ep 26700/30000 | R=   70.9 | Fuel=750.7mL | Wait= 228s | Steps=34.0 | Reach=96% | ε=0.050 | Loss=21.580 | t=12399s
          ├ 토폴로지 도달률(최근50): gangnam_clean_topology=98%
          ├ OD별 도달률(최근200): rnd0=100%(n200)  rnd1=100%(n200)  rnd10=100%(n200)  rnd11=100%(n200)  rnd12=100%(n200)  rnd13=100%(n200)  rnd14=100%(n200)  rnd15=100%(n200)  rnd16=100%(n200)  rnd17=100%(n200)  rnd18=100%(n200)  rnd19=100%(n200)  rnd2=100%(n200)  rnd20=100%(n200)  rnd21=8%(n200)  rnd22=100%(n200)  rnd23=100%(n200)  rnd24=100%(n200)  rnd25=100%(n200)  rnd26=100%(n200)  rnd27=98%(n200)  rnd28=100%(n200)  rnd29=100%(n200)  rnd3=100%(n200)  rnd4=100%(n200)  rnd5=100%(n200)  rnd6=100%(n200)  rnd7=100%(n200)  rnd8=100%(n200)  rnd9=100%(n200)
          └ 이동 분포: straight=68%  left=15%  right=16%
Ep 26800/30000 | R=   55.7 | Fuel=702.3mL | Wait= 179s | Steps=34.4 | Reach=96% | ε=0.050 | Loss=21.398 | t=12419s
          ├ 토폴로지 도달률(최근50): gangnam_clean_topology=98%
          ├ OD별 도달률(최근200): rnd0=100%(n200)  rnd1=100%(n200)  rnd10=100%(n200)  rnd11=100%(n200)  rnd12=100%(n200)  rnd13=100%(n200)  rnd14=100%(n200)  rnd15=100%(n200)  rnd16=100%(n200)  rnd17=100%(n200)  rnd18=100%(n200)  rnd19=100%(n200)  rnd2=100%(n200)  rnd20=100%(n200)  rnd21=8%(n200)  rnd22=100%(n200)  rnd23=100%(n200)  rnd24=100%(n200)  rnd25=100%(n200)  rnd26=100%(n200)  rnd27=98%(n200)  rnd28=100%(n200)  rnd29=100%(n200)  rnd3=100%(n200)  rnd4=100%(n200)  rnd5=100%(n200)  rnd6=100%(n200)  rnd7=100%(n200)  rnd8=100%(n200)  rnd9=100%(n200)
          └ 이동 분포: straight=64%  left=18%  right=18%
Ep 26900/30000 | R=  165.0 | Fuel=648.0mL | Wait= 166s | Steps=31.7 | Reach=98% | ε=0.050 | Loss=21.196 | t=12438s
          ├ 토폴로지 도달률(최근50): gangnam_clean_topology=100%
          ├ OD별 도달률(최근200): rnd0=100%(n200)  rnd1=100%(n200)  rnd10=100%(n200)  rnd11=100%(n200)  rnd12=100%(n200)  rnd13=100%(n200)  rnd14=100%(n200)  rnd15=100%(n200)  rnd16=100%(n200)  rnd17=100%(n200)  rnd18=100%(n200)  rnd19=100%(n200)  rnd2=100%(n200)  rnd20=100%(n200)  rnd21=8%(n200)  rnd22=100%(n200)  rnd23=100%(n200)  rnd24=100%(n200)  rnd25=100%(n200)  rnd26=100%(n200)  rnd27=98%(n200)  rnd28=100%(n200)  rnd29=100%(n200)  rnd3=100%(n200)  rnd4=100%(n200)  rnd5=100%(n200)  rnd6=100%(n200)  rnd7=100%(n200)  rnd8=100%(n200)  rnd9=100%(n200)
          └ 이동 분포: straight=65%  left=18%  right=17%
Ep 27000/30000 | R=   93.4 | Fuel=732.1mL | Wait= 169s | Steps=36.8 | Reach=98% | ε=0.050 | Loss=22.729 | t=12460s
          ├ 토폴로지 도달률(최근50): gangnam_clean_topology=96%
          ├ OD별 도달률(최근200): rnd0=100%(n200)  rnd1=100%(n200)  rnd10=100%(n200)  rnd11=100%(n200)  rnd12=100%(n200)  rnd13=100%(n200)  rnd14=100%(n200)  rnd15=100%(n200)  rnd16=100%(n200)  rnd17=100%(n200)  rnd18=100%(n200)  rnd19=100%(n200)  rnd2=100%(n200)  rnd20=100%(n200)  rnd21=8%(n200)  rnd22=100%(n200)  rnd23=100%(n200)  rnd24=100%(n200)  rnd25=100%(n200)  rnd26=100%(n200)  rnd27=98%(n200)  rnd28=100%(n200)  rnd29=100%(n200)  rnd3=100%(n200)  rnd4=100%(n200)  rnd5=100%(n200)  rnd6=100%(n200)  rnd7=100%(n200)  rnd8=100%(n200)  rnd9=100%(n200)
          └ 이동 분포: straight=65%  left=19%  right=16%
Ep 27100/30000 | R=  144.3 | Fuel=692.7mL | Wait= 187s | Steps=31.9 | Reach=97% | ε=0.050 | Loss=21.973 | t=12479s
          ├ 토폴로지 도달률(최근50): gangnam_clean_topology=96%
          ├ OD별 도달률(최근200): rnd0=100%(n200)  rnd1=100%(n200)  rnd10=100%(n200)  rnd11=100%(n200)  rnd12=100%(n200)  rnd13=100%(n200)  rnd14=100%(n200)  rnd15=100%(n200)  rnd16=100%(n200)  rnd17=100%(n200)  rnd18=100%(n200)  rnd19=100%(n200)  rnd2=100%(n200)  rnd20=100%(n200)  rnd21=8%(n200)  rnd22=100%(n200)  rnd23=100%(n200)  rnd24=100%(n200)  rnd25=100%(n200)  rnd26=100%(n200)  rnd27=98%(n200)  rnd28=100%(n200)  rnd29=100%(n200)  rnd3=100%(n200)  rnd4=100%(n200)  rnd5=100%(n200)  rnd6=100%(n200)  rnd7=100%(n200)  rnd8=100%(n200)  rnd9=100%(n200)
          └ 이동 분포: straight=66%  left=17%  right=16%
Ep 27200/30000 | R=  139.9 | Fuel=694.5mL | Wait= 179s | Steps=33.0 | Reach=99% | ε=0.050 | Loss=21.832 | t=12498s
          ├ 토폴로지 도달률(최근50): gangnam_clean_topology=98%
          ├ OD별 도달률(최근200): rnd0=100%(n200)  rnd1=100%(n200)  rnd10=100%(n200)  rnd11=100%(n200)  rnd12=100%(n200)  rnd13=100%(n200)  rnd14=100%(n200)  rnd15=100%(n200)  rnd16=100%(n200)  rnd17=100%(n200)  rnd18=100%(n200)  rnd19=100%(n200)  rnd2=100%(n200)  rnd20=100%(n200)  rnd21=8%(n200)  rnd22=100%(n200)  rnd23=100%(n200)  rnd24=100%(n200)  rnd25=100%(n200)  rnd26=100%(n200)  rnd27=98%(n200)  rnd28=100%(n200)  rnd29=100%(n200)  rnd3=100%(n200)  rnd4=100%(n200)  rnd5=100%(n200)  rnd6=100%(n200)  rnd7=100%(n200)  rnd8=100%(n200)  rnd9=100%(n200)
          └ 이동 분포: straight=68%  left=15%  right=16%
Ep 27300/30000 | R=  119.1 | Fuel=658.3mL | Wait= 182s | Steps=32.4 | Reach=93% | ε=0.050 | Loss=21.849 | t=12517s
          ├ 토폴로지 도달률(최근50): gangnam_clean_topology=92%
          ├ OD별 도달률(최근200): rnd0=100%(n200)  rnd1=100%(n200)  rnd10=100%(n200)  rnd11=100%(n200)  rnd12=100%(n200)  rnd13=100%(n200)  rnd14=100%(n200)  rnd15=100%(n200)  rnd16=100%(n200)  rnd17=100%(n200)  rnd18=100%(n200)  rnd19=100%(n200)  rnd2=100%(n200)  rnd20=100%(n200)  rnd21=8%(n200)  rnd22=100%(n200)  rnd23=100%(n200)  rnd24=100%(n200)  rnd25=100%(n200)  rnd26=100%(n200)  rnd27=98%(n200)  rnd28=100%(n200)  rnd29=100%(n200)  rnd3=100%(n200)  rnd4=100%(n200)  rnd5=100%(n200)  rnd6=100%(n200)  rnd7=100%(n200)  rnd8=100%(n200)  rnd9=100%(n200)
          └ 이동 분포: straight=66%  left=17%  right=18%
Ep 27400/30000 | R=  135.0 | Fuel=673.1mL | Wait= 181s | Steps=32.1 | Reach=96% | ε=0.050 | Loss=20.707 | t=12537s
          ├ 토폴로지 도달률(최근50): gangnam_clean_topology=96%
          ├ OD별 도달률(최근200): rnd0=100%(n200)  rnd1=100%(n200)  rnd10=100%(n200)  rnd11=100%(n200)  rnd12=100%(n200)  rnd13=100%(n200)  rnd14=100%(n200)  rnd15=100%(n200)  rnd16=100%(n200)  rnd17=100%(n200)  rnd18=100%(n200)  rnd19=100%(n200)  rnd2=100%(n200)  rnd20=100%(n200)  rnd21=8%(n200)  rnd22=100%(n200)  rnd23=100%(n200)  rnd24=100%(n200)  rnd25=100%(n200)  rnd26=100%(n200)  rnd27=98%(n200)  rnd28=100%(n200)  rnd29=100%(n200)  rnd3=100%(n200)  rnd4=100%(n200)  rnd5=100%(n200)  rnd6=100%(n200)  rnd7=100%(n200)  rnd8=100%(n200)  rnd9=100%(n200)
          └ 이동 분포: straight=67%  left=16%  right=17%
Ep 27500/30000 | R=  119.9 | Fuel=697.7mL | Wait= 195s | Steps=33.2 | Reach=94% | ε=0.050 | Loss=21.151 | t=12556s
          ├ 토폴로지 도달률(최근50): gangnam_clean_topology=94%
          ├ OD별 도달률(최근200): rnd0=100%(n200)  rnd1=100%(n200)  rnd10=100%(n200)  rnd11=100%(n200)  rnd12=100%(n200)  rnd13=100%(n200)  rnd14=100%(n200)  rnd15=100%(n200)  rnd16=100%(n200)  rnd17=100%(n200)  rnd18=100%(n200)  rnd19=100%(n200)  rnd2=100%(n200)  rnd20=100%(n200)  rnd21=8%(n200)  rnd22=100%(n200)  rnd23=100%(n200)  rnd24=100%(n200)  rnd25=100%(n200)  rnd26=100%(n200)  rnd27=98%(n200)  rnd28=100%(n200)  rnd29=100%(n200)  rnd3=100%(n200)  rnd4=100%(n200)  rnd5=100%(n200)  rnd6=100%(n200)  rnd7=100%(n200)  rnd8=100%(n200)  rnd9=100%(n200)
          └ 이동 분포: straight=67%  left=16%  right=17%
  [체크포인트] model_rl_base_ep27500.pth
Ep 27600/30000 | R=  157.1 | Fuel=617.2mL | Wait= 167s | Steps=31.5 | Reach=97% | ε=0.050 | Loss=21.128 | t=12575s
          ├ 토폴로지 도달률(최근50): gangnam_clean_topology=96%
          ├ OD별 도달률(최근200): rnd0=100%(n200)  rnd1=100%(n200)  rnd10=100%(n200)  rnd11=100%(n200)  rnd12=100%(n200)  rnd13=100%(n200)  rnd14=100%(n200)  rnd15=100%(n200)  rnd16=100%(n200)  rnd17=100%(n200)  rnd18=100%(n200)  rnd19=100%(n200)  rnd2=100%(n200)  rnd20=100%(n200)  rnd21=8%(n200)  rnd22=100%(n200)  rnd23=100%(n200)  rnd24=100%(n200)  rnd25=100%(n200)  rnd26=100%(n200)  rnd27=98%(n200)  rnd28=100%(n200)  rnd29=100%(n200)  rnd3=100%(n200)  rnd4=100%(n200)  rnd5=100%(n200)  rnd6=100%(n200)  rnd7=100%(n200)  rnd8=100%(n200)  rnd9=100%(n200)
          └ 이동 분포: straight=64%  left=17%  right=18%
Ep 27700/30000 | R=   -9.4 | Fuel=769.3mL | Wait= 189s | Steps=39.7 | Reach=97% | ε=0.050 | Loss=22.337 | t=12598s
          ├ 토폴로지 도달률(최근50): gangnam_clean_topology=100%
          ├ OD별 도달률(최근200): rnd0=100%(n200)  rnd1=100%(n200)  rnd10=100%(n200)  rnd11=100%(n200)  rnd12=100%(n200)  rnd13=100%(n200)  rnd14=100%(n200)  rnd15=100%(n200)  rnd16=100%(n200)  rnd17=100%(n200)  rnd18=100%(n200)  rnd19=100%(n200)  rnd2=100%(n200)  rnd20=100%(n200)  rnd21=8%(n200)  rnd22=100%(n200)  rnd23=100%(n200)  rnd24=100%(n200)  rnd25=100%(n200)  rnd26=100%(n200)  rnd27=98%(n200)  rnd28=100%(n200)  rnd29=100%(n200)  rnd3=100%(n200)  rnd4=100%(n200)  rnd5=100%(n200)  rnd6=100%(n200)  rnd7=100%(n200)  rnd8=100%(n200)  rnd9=100%(n200)
          └ 이동 분포: straight=65%  left=17%  right=19%
Ep 27800/30000 | R=   81.7 | Fuel=723.4mL | Wait= 217s | Steps=34.8 | Reach=98% | ε=0.050 | Loss=21.682 | t=12619s
          ├ 토폴로지 도달률(최근50): gangnam_clean_topology=98%
          ├ OD별 도달률(최근200): rnd0=100%(n200)  rnd1=100%(n200)  rnd10=100%(n200)  rnd11=100%(n200)  rnd12=100%(n200)  rnd13=100%(n200)  rnd14=100%(n200)  rnd15=100%(n200)  rnd16=100%(n200)  rnd17=100%(n200)  rnd18=100%(n200)  rnd19=100%(n200)  rnd2=100%(n200)  rnd20=100%(n200)  rnd21=9%(n200)  rnd22=100%(n200)  rnd23=100%(n200)  rnd24=100%(n200)  rnd25=100%(n200)  rnd26=100%(n200)  rnd27=98%(n200)  rnd28=100%(n200)  rnd29=100%(n200)  rnd3=100%(n200)  rnd4=100%(n200)  rnd5=100%(n200)  rnd6=100%(n200)  rnd7=100%(n200)  rnd8=100%(n200)  rnd9=100%(n200)
          └ 이동 분포: straight=65%  left=18%  right=16%
Ep 27900/30000 | R=  143.8 | Fuel=651.0mL | Wait= 182s | Steps=32.1 | Reach=98% | ε=0.050 | Loss=21.404 | t=12638s
          ├ 토폴로지 도달률(최근50): gangnam_clean_topology=98%
          ├ OD별 도달률(최근200): rnd0=100%(n200)  rnd1=100%(n200)  rnd10=100%(n200)  rnd11=100%(n200)  rnd12=100%(n200)  rnd13=100%(n200)  rnd14=100%(n200)  rnd15=100%(n200)  rnd16=100%(n200)  rnd17=100%(n200)  rnd18=100%(n200)  rnd19=100%(n200)  rnd2=100%(n200)  rnd20=100%(n200)  rnd21=9%(n200)  rnd22=100%(n200)  rnd23=100%(n200)  rnd24=100%(n200)  rnd25=100%(n200)  rnd26=100%(n200)  rnd27=98%(n200)  rnd28=100%(n200)  rnd29=100%(n200)  rnd3=100%(n200)  rnd4=100%(n200)  rnd5=100%(n200)  rnd6=100%(n200)  rnd7=100%(n200)  rnd8=100%(n200)  rnd9=100%(n200)
          └ 이동 분포: straight=69%  left=16%  right=16%
Ep 28000/30000 | R=   27.7 | Fuel=742.1mL | Wait= 193s | Steps=37.5 | Reach=95% | ε=0.050 | Loss=21.810 | t=12660s
          ├ 토폴로지 도달률(최근50): gangnam_clean_topology=96%
          ├ OD별 도달률(최근200): rnd0=100%(n200)  rnd1=100%(n200)  rnd10=100%(n200)  rnd11=100%(n200)  rnd12=100%(n200)  rnd13=100%(n200)  rnd14=100%(n200)  rnd15=100%(n200)  rnd16=100%(n200)  rnd17=100%(n200)  rnd18=100%(n200)  rnd19=100%(n200)  rnd2=100%(n200)  rnd20=100%(n200)  rnd21=8%(n200)  rnd22=100%(n200)  rnd23=100%(n200)  rnd24=100%(n200)  rnd25=100%(n200)  rnd26=100%(n200)  rnd27=98%(n200)  rnd28=100%(n200)  rnd29=100%(n200)  rnd3=100%(n200)  rnd4=100%(n200)  rnd5=100%(n200)  rnd6=100%(n200)  rnd7=100%(n200)  rnd8=100%(n200)  rnd9=100%(n200)
          └ 이동 분포: straight=66%  left=17%  right=17%
Ep 28100/30000 | R=   89.0 | Fuel=681.7mL | Wait= 177s | Steps=33.7 | Reach=95% | ε=0.050 | Loss=22.068 | t=12680s
          ├ 토폴로지 도달률(최근50): gangnam_clean_topology=98%
          ├ OD별 도달률(최근200): rnd0=100%(n200)  rnd1=100%(n200)  rnd10=100%(n200)  rnd11=100%(n200)  rnd12=100%(n200)  rnd13=100%(n200)  rnd14=100%(n200)  rnd15=100%(n200)  rnd16=100%(n200)  rnd17=100%(n200)  rnd18=100%(n200)  rnd19=100%(n200)  rnd2=100%(n200)  rnd20=100%(n200)  rnd21=8%(n200)  rnd22=100%(n200)  rnd23=100%(n200)  rnd24=100%(n200)  rnd25=100%(n200)  rnd26=100%(n200)  rnd27=98%(n200)  rnd28=100%(n200)  rnd29=100%(n200)  rnd3=100%(n200)  rnd4=100%(n200)  rnd5=100%(n200)  rnd6=100%(n200)  rnd7=100%(n200)  rnd8=100%(n200)  rnd9=100%(n200)
          └ 이동 분포: straight=66%  left=17%  right=17%
Ep 28200/30000 | R=   80.4 | Fuel=734.5mL | Wait= 200s | Steps=37.2 | Reach=99% | ε=0.050 | Loss=21.741 | t=12702s
          ├ 토폴로지 도달률(최근50): gangnam_clean_topology=98%
          ├ OD별 도달률(최근200): rnd0=100%(n200)  rnd1=100%(n200)  rnd10=100%(n200)  rnd11=100%(n200)  rnd12=100%(n200)  rnd13=100%(n200)  rnd14=100%(n200)  rnd15=100%(n200)  rnd16=100%(n200)  rnd17=100%(n200)  rnd18=100%(n200)  rnd19=100%(n200)  rnd2=100%(n200)  rnd20=100%(n200)  rnd21=8%(n200)  rnd22=100%(n200)  rnd23=100%(n200)  rnd24=100%(n200)  rnd25=100%(n200)  rnd26=100%(n200)  rnd27=98%(n200)  rnd28=100%(n200)  rnd29=100%(n200)  rnd3=100%(n200)  rnd4=100%(n200)  rnd5=100%(n200)  rnd6=100%(n200)  rnd7=100%(n200)  rnd8=100%(n200)  rnd9=100%(n200)
          └ 이동 분포: straight=67%  left=16%  right=16%
Ep 28300/30000 | R=   57.9 | Fuel=698.2mL | Wait= 187s | Steps=36.2 | Reach=95% | ε=0.050 | Loss=22.537 | t=12723s
          ├ 토폴로지 도달률(최근50): gangnam_clean_topology=94%
          ├ OD별 도달률(최근200): rnd0=100%(n200)  rnd1=100%(n200)  rnd10=100%(n200)  rnd11=100%(n200)  rnd12=100%(n200)  rnd13=100%(n200)  rnd14=100%(n200)  rnd15=100%(n200)  rnd16=100%(n200)  rnd17=100%(n200)  rnd18=100%(n200)  rnd19=100%(n200)  rnd2=100%(n200)  rnd20=100%(n200)  rnd21=8%(n200)  rnd22=100%(n200)  rnd23=100%(n200)  rnd24=100%(n200)  rnd25=100%(n200)  rnd26=100%(n200)  rnd27=98%(n200)  rnd28=100%(n200)  rnd29=100%(n200)  rnd3=100%(n200)  rnd4=100%(n200)  rnd5=100%(n200)  rnd6=100%(n200)  rnd7=100%(n200)  rnd8=100%(n200)  rnd9=100%(n200)
          └ 이동 분포: straight=66%  left=17%  right=17%
Ep 28400/30000 | R=   90.0 | Fuel=742.0mL | Wait= 196s | Steps=35.9 | Reach=96% | ε=0.050 | Loss=21.357 | t=12745s
          ├ 토폴로지 도달률(최근50): gangnam_clean_topology=98%
          ├ OD별 도달률(최근200): rnd0=100%(n200)  rnd1=100%(n200)  rnd10=100%(n200)  rnd11=100%(n200)  rnd12=100%(n200)  rnd13=100%(n200)  rnd14=100%(n200)  rnd15=100%(n200)  rnd16=100%(n200)  rnd17=100%(n200)  rnd18=100%(n200)  rnd19=100%(n200)  rnd2=100%(n200)  rnd20=100%(n200)  rnd21=9%(n200)  rnd22=100%(n200)  rnd23=100%(n200)  rnd24=100%(n200)  rnd25=100%(n200)  rnd26=100%(n200)  rnd27=98%(n200)  rnd28=100%(n200)  rnd29=100%(n200)  rnd3=100%(n200)  rnd4=100%(n200)  rnd5=100%(n200)  rnd6=100%(n200)  rnd7=100%(n200)  rnd8=100%(n200)  rnd9=100%(n200)
          └ 이동 분포: straight=67%  left=17%  right=16%
Ep 28500/30000 | R=  113.9 | Fuel=678.6mL | Wait= 177s | Steps=33.2 | Reach=96% | ε=0.050 | Loss=21.219 | t=12764s
          ├ 토폴로지 도달률(최근50): gangnam_clean_topology=96%
          ├ OD별 도달률(최근200): rnd0=100%(n200)  rnd1=100%(n200)  rnd10=100%(n200)  rnd11=100%(n200)  rnd12=100%(n200)  rnd13=100%(n200)  rnd14=100%(n200)  rnd15=100%(n200)  rnd16=100%(n200)  rnd17=100%(n200)  rnd18=100%(n200)  rnd19=100%(n200)  rnd2=100%(n200)  rnd20=100%(n200)  rnd21=9%(n200)  rnd22=100%(n200)  rnd23=100%(n200)  rnd24=100%(n200)  rnd25=100%(n200)  rnd26=100%(n200)  rnd27=98%(n200)  rnd28=100%(n200)  rnd29=100%(n200)  rnd3=100%(n200)  rnd4=100%(n200)  rnd5=100%(n200)  rnd6=100%(n200)  rnd7=100%(n200)  rnd8=100%(n200)  rnd9=100%(n200)
          └ 이동 분포: straight=66%  left=17%  right=17%
Ep 28600/30000 | R=  121.8 | Fuel=706.3mL | Wait= 195s | Steps=34.3 | Reach=100% | ε=0.050 | Loss=22.364 | t=12785s
          ├ 토폴로지 도달률(최근50): gangnam_clean_topology=100%
          ├ OD별 도달률(최근200): rnd0=100%(n200)  rnd1=100%(n200)  rnd10=100%(n200)  rnd11=100%(n200)  rnd12=100%(n200)  rnd13=100%(n200)  rnd14=100%(n200)  rnd15=100%(n200)  rnd16=100%(n200)  rnd17=100%(n200)  rnd18=100%(n200)  rnd19=100%(n200)  rnd2=100%(n200)  rnd20=100%(n200)  rnd21=10%(n200)  rnd22=100%(n200)  rnd23=100%(n200)  rnd24=100%(n200)  rnd25=100%(n200)  rnd26=100%(n200)  rnd27=98%(n200)  rnd28=100%(n200)  rnd29=100%(n200)  rnd3=100%(n200)  rnd4=100%(n200)  rnd5=100%(n200)  rnd6=100%(n200)  rnd7=100%(n200)  rnd8=100%(n200)  rnd9=100%(n200)
          └ 이동 분포: straight=67%  left=16%  right=17%
Ep 28700/30000 | R=  131.5 | Fuel=660.1mL | Wait= 167s | Steps=33.1 | Reach=94% | ε=0.050 | Loss=20.422 | t=12804s
          ├ 토폴로지 도달률(최근50): gangnam_clean_topology=94%
          ├ OD별 도달률(최근200): rnd0=100%(n200)  rnd1=100%(n200)  rnd10=100%(n200)  rnd11=100%(n200)  rnd12=100%(n200)  rnd13=100%(n200)  rnd14=100%(n200)  rnd15=100%(n200)  rnd16=100%(n200)  rnd17=100%(n200)  rnd18=100%(n200)  rnd19=100%(n200)  rnd2=100%(n200)  rnd20=100%(n200)  rnd21=9%(n200)  rnd22=100%(n200)  rnd23=100%(n200)  rnd24=100%(n200)  rnd25=100%(n200)  rnd26=100%(n200)  rnd27=98%(n200)  rnd28=100%(n200)  rnd29=100%(n200)  rnd3=100%(n200)  rnd4=100%(n200)  rnd5=100%(n200)  rnd6=100%(n200)  rnd7=100%(n200)  rnd8=100%(n200)  rnd9=100%(n200)
          └ 이동 분포: straight=66%  left=17%  right=17%
Ep 28800/30000 | R=  125.3 | Fuel=680.5mL | Wait= 198s | Steps=32.5 | Reach=95% | ε=0.050 | Loss=20.027 | t=12824s
          ├ 토폴로지 도달률(최근50): gangnam_clean_topology=98%
          ├ OD별 도달률(최근200): rnd0=100%(n200)  rnd1=100%(n200)  rnd10=100%(n200)  rnd11=100%(n200)  rnd12=100%(n200)  rnd13=100%(n200)  rnd14=100%(n200)  rnd15=100%(n200)  rnd16=100%(n200)  rnd17=100%(n200)  rnd18=100%(n200)  rnd19=100%(n200)  rnd2=100%(n200)  rnd20=100%(n200)  rnd21=9%(n200)  rnd22=100%(n200)  rnd23=100%(n200)  rnd24=100%(n200)  rnd25=100%(n200)  rnd26=100%(n200)  rnd27=98%(n200)  rnd28=100%(n200)  rnd29=100%(n200)  rnd3=100%(n200)  rnd4=100%(n200)  rnd5=100%(n200)  rnd6=100%(n200)  rnd7=100%(n200)  rnd8=100%(n200)  rnd9=100%(n200)
          └ 이동 분포: straight=67%  left=16%  right=17%
Ep 28900/30000 | R=  160.7 | Fuel=628.4mL | Wait= 186s | Steps=31.3 | Reach=95% | ε=0.050 | Loss=19.995 | t=12842s
          ├ 토폴로지 도달률(최근50): gangnam_clean_topology=94%
          ├ OD별 도달률(최근200): rnd0=100%(n200)  rnd1=100%(n200)  rnd10=100%(n200)  rnd11=100%(n200)  rnd12=100%(n200)  rnd13=100%(n200)  rnd14=100%(n200)  rnd15=100%(n200)  rnd16=100%(n200)  rnd17=100%(n200)  rnd18=100%(n200)  rnd19=100%(n200)  rnd2=100%(n200)  rnd20=100%(n200)  rnd21=9%(n200)  rnd22=100%(n200)  rnd23=100%(n200)  rnd24=100%(n200)  rnd25=100%(n200)  rnd26=100%(n200)  rnd27=98%(n200)  rnd28=100%(n200)  rnd29=100%(n200)  rnd3=100%(n200)  rnd4=100%(n200)  rnd5=100%(n200)  rnd6=100%(n200)  rnd7=100%(n200)  rnd8=100%(n200)  rnd9=100%(n200)
          └ 이동 분포: straight=66%  left=18%  right=17%
Ep 29000/30000 | R=  126.8 | Fuel=719.3mL | Wait= 176s | Steps=31.8 | Reach=96% | ε=0.050 | Loss=20.117 | t=12861s
          ├ 토폴로지 도달률(최근50): gangnam_clean_topology=98%
          ├ OD별 도달률(최근200): rnd0=100%(n200)  rnd1=100%(n200)  rnd10=100%(n200)  rnd11=100%(n200)  rnd12=100%(n200)  rnd13=100%(n200)  rnd14=100%(n200)  rnd15=100%(n200)  rnd16=100%(n200)  rnd17=100%(n200)  rnd18=100%(n200)  rnd19=100%(n200)  rnd2=100%(n200)  rnd20=100%(n200)  rnd21=9%(n200)  rnd22=100%(n200)  rnd23=100%(n200)  rnd24=100%(n200)  rnd25=100%(n200)  rnd26=100%(n200)  rnd27=98%(n200)  rnd28=100%(n200)  rnd29=100%(n200)  rnd3=100%(n200)  rnd4=100%(n200)  rnd5=100%(n200)  rnd6=100%(n200)  rnd7=100%(n200)  rnd8=100%(n200)  rnd9=100%(n200)
          └ 이동 분포: straight=67%  left=17%  right=17%
Ep 29100/30000 | R=   56.2 | Fuel=701.6mL | Wait= 184s | Steps=35.2 | Reach=96% | ε=0.050 | Loss=23.574 | t=12882s
          ├ 토폴로지 도달률(최근50): gangnam_clean_topology=94%
          ├ OD별 도달률(최근200): rnd0=100%(n200)  rnd1=100%(n200)  rnd10=100%(n200)  rnd11=100%(n200)  rnd12=100%(n200)  rnd13=100%(n200)  rnd14=100%(n200)  rnd15=100%(n200)  rnd16=100%(n200)  rnd17=100%(n200)  rnd18=100%(n200)  rnd19=100%(n200)  rnd2=100%(n200)  rnd20=100%(n200)  rnd21=8%(n200)  rnd22=100%(n200)  rnd23=100%(n200)  rnd24=100%(n200)  rnd25=100%(n200)  rnd26=100%(n200)  rnd27=98%(n200)  rnd28=100%(n200)  rnd29=100%(n200)  rnd3=100%(n200)  rnd4=100%(n200)  rnd5=100%(n200)  rnd6=100%(n200)  rnd7=100%(n200)  rnd8=100%(n200)  rnd9=100%(n200)
          └ 이동 분포: straight=67%  left=16%  right=17%
Ep 29200/30000 | R=  104.2 | Fuel=719.9mL | Wait= 186s | Steps=34.6 | Reach=96% | ε=0.050 | Loss=21.022 | t=12902s
          ├ 토폴로지 도달률(최근50): gangnam_clean_topology=96%
          ├ OD별 도달률(최근200): rnd0=100%(n200)  rnd1=100%(n200)  rnd10=100%(n200)  rnd11=100%(n200)  rnd12=100%(n200)  rnd13=100%(n200)  rnd14=100%(n200)  rnd15=100%(n200)  rnd16=100%(n200)  rnd17=100%(n200)  rnd18=100%(n200)  rnd19=100%(n200)  rnd2=100%(n200)  rnd20=100%(n200)  rnd21=8%(n200)  rnd22=100%(n200)  rnd23=100%(n200)  rnd24=100%(n200)  rnd25=100%(n200)  rnd26=100%(n200)  rnd27=98%(n200)  rnd28=100%(n200)  rnd29=100%(n200)  rnd3=100%(n200)  rnd4=100%(n200)  rnd5=100%(n200)  rnd6=100%(n200)  rnd7=100%(n200)  rnd8=100%(n200)  rnd9=100%(n200)
          └ 이동 분포: straight=66%  left=18%  right=17%
Ep 29300/30000 | R=  184.9 | Fuel=642.5mL | Wait= 199s | Steps=30.6 | Reach=98% | ε=0.050 | Loss=21.431 | t=12921s
          ├ 토폴로지 도달률(최근50): gangnam_clean_topology=98%
          ├ OD별 도달률(최근200): rnd0=100%(n200)  rnd1=100%(n200)  rnd10=100%(n200)  rnd11=100%(n200)  rnd12=100%(n200)  rnd13=100%(n200)  rnd14=100%(n200)  rnd15=100%(n200)  rnd16=100%(n200)  rnd17=100%(n200)  rnd18=100%(n200)  rnd19=100%(n200)  rnd2=100%(n200)  rnd20=100%(n200)  rnd21=8%(n200)  rnd22=100%(n200)  rnd23=100%(n200)  rnd24=100%(n200)  rnd25=100%(n200)  rnd26=100%(n200)  rnd27=98%(n200)  rnd28=100%(n200)  rnd29=100%(n200)  rnd3=100%(n200)  rnd4=100%(n200)  rnd5=100%(n200)  rnd6=100%(n200)  rnd7=100%(n200)  rnd8=100%(n200)  rnd9=100%(n200)
          └ 이동 분포: straight=70%  left=15%  right=15%
Ep 29400/30000 | R=  115.6 | Fuel=685.5mL | Wait= 185s | Steps=34.1 | Reach=96% | ε=0.050 | Loss=20.382 | t=12941s
          ├ 토폴로지 도달률(최근50): gangnam_clean_topology=98%
          ├ OD별 도달률(최근200): rnd0=100%(n200)  rnd1=100%(n200)  rnd10=100%(n200)  rnd11=100%(n200)  rnd12=100%(n200)  rnd13=100%(n200)  rnd14=100%(n200)  rnd15=100%(n200)  rnd16=100%(n200)  rnd17=100%(n200)  rnd18=100%(n200)  rnd19=100%(n200)  rnd2=100%(n200)  rnd20=100%(n200)  rnd21=9%(n200)  rnd22=100%(n200)  rnd23=100%(n200)  rnd24=100%(n200)  rnd25=100%(n200)  rnd26=100%(n200)  rnd27=98%(n200)  rnd28=100%(n200)  rnd29=100%(n200)  rnd3=100%(n200)  rnd4=100%(n200)  rnd5=100%(n200)  rnd6=100%(n200)  rnd7=100%(n200)  rnd8=100%(n200)  rnd9=100%(n200)
          └ 이동 분포: straight=65%  left=17%  right=18%
Ep 29500/30000 | R=  120.3 | Fuel=668.5mL | Wait= 189s | Steps=33.1 | Reach=97% | ε=0.050 | Loss=20.744 | t=12961s
          ├ 토폴로지 도달률(최근50): gangnam_clean_topology=94%
          ├ OD별 도달률(최근200): rnd0=100%(n200)  rnd1=100%(n200)  rnd10=100%(n200)  rnd11=100%(n200)  rnd12=100%(n200)  rnd13=100%(n200)  rnd14=100%(n200)  rnd15=100%(n200)  rnd16=100%(n200)  rnd17=100%(n200)  rnd18=100%(n200)  rnd19=100%(n200)  rnd2=100%(n200)  rnd20=100%(n200)  rnd21=10%(n200)  rnd22=100%(n200)  rnd23=100%(n200)  rnd24=100%(n200)  rnd25=100%(n200)  rnd26=100%(n200)  rnd27=98%(n200)  rnd28=100%(n200)  rnd29=100%(n200)  rnd3=100%(n200)  rnd4=100%(n200)  rnd5=100%(n200)  rnd6=100%(n200)  rnd7=100%(n200)  rnd8=100%(n200)  rnd9=100%(n200)
          └ 이동 분포: straight=66%  left=17%  right=16%
Ep 29600/30000 | R=   62.8 | Fuel=733.9mL | Wait= 199s | Steps=36.8 | Reach=98% | ε=0.050 | Loss=20.842 | t=12983s
          ├ 토폴로지 도달률(최근50): gangnam_clean_topology=98%
          ├ OD별 도달률(최근200): rnd0=100%(n200)  rnd1=100%(n200)  rnd10=100%(n200)  rnd11=100%(n200)  rnd12=100%(n200)  rnd13=100%(n200)  rnd14=100%(n200)  rnd15=100%(n200)  rnd16=100%(n200)  rnd17=100%(n200)  rnd18=100%(n200)  rnd19=100%(n200)  rnd2=100%(n200)  rnd20=100%(n200)  rnd21=9%(n200)  rnd22=100%(n200)  rnd23=100%(n200)  rnd24=100%(n200)  rnd25=100%(n200)  rnd26=100%(n200)  rnd27=98%(n200)  rnd28=100%(n200)  rnd29=100%(n200)  rnd3=100%(n200)  rnd4=100%(n200)  rnd5=100%(n200)  rnd6=100%(n200)  rnd7=100%(n200)  rnd8=100%(n200)  rnd9=100%(n200)
          └ 이동 분포: straight=65%  left=18%  right=17%
Ep 29700/30000 | R=  144.2 | Fuel=730.1mL | Wait= 172s | Steps=34.0 | Reach=99% | ε=0.050 | Loss=21.058 | t=13003s
          ├ 토폴로지 도달률(최근50): gangnam_clean_topology=100%
          ├ OD별 도달률(최근200): rnd0=100%(n200)  rnd1=100%(n200)  rnd10=100%(n200)  rnd11=100%(n200)  rnd12=100%(n200)  rnd13=100%(n200)  rnd14=100%(n200)  rnd15=100%(n200)  rnd16=100%(n200)  rnd17=100%(n200)  rnd18=100%(n200)  rnd19=100%(n200)  rnd2=100%(n200)  rnd20=100%(n200)  rnd21=9%(n200)  rnd22=100%(n200)  rnd23=100%(n200)  rnd24=100%(n200)  rnd25=100%(n200)  rnd26=100%(n200)  rnd27=98%(n200)  rnd28=100%(n200)  rnd29=100%(n200)  rnd3=100%(n200)  rnd4=100%(n200)  rnd5=100%(n200)  rnd6=100%(n200)  rnd7=100%(n200)  rnd8=100%(n200)  rnd9=100%(n200)
          └ 이동 분포: straight=67%  left=17%  right=16%
Ep 29800/30000 | R=   76.6 | Fuel=742.2mL | Wait= 186s | Steps=35.6 | Reach=99% | ε=0.050 | Loss=22.737 | t=13024s
          ├ 토폴로지 도달률(최근50): gangnam_clean_topology=98%
          ├ OD별 도달률(최근200): rnd0=100%(n200)  rnd1=100%(n200)  rnd10=100%(n200)  rnd11=100%(n200)  rnd12=100%(n200)  rnd13=100%(n200)  rnd14=100%(n200)  rnd15=100%(n200)  rnd16=100%(n200)  rnd17=100%(n200)  rnd18=100%(n200)  rnd19=100%(n200)  rnd2=100%(n200)  rnd20=100%(n200)  rnd21=8%(n200)  rnd22=100%(n200)  rnd23=100%(n200)  rnd24=100%(n200)  rnd25=100%(n200)  rnd26=100%(n200)  rnd27=98%(n200)  rnd28=100%(n200)  rnd29=100%(n200)  rnd3=100%(n200)  rnd4=100%(n200)  rnd5=100%(n200)  rnd6=100%(n200)  rnd7=100%(n200)  rnd8=100%(n200)  rnd9=100%(n200)
          └ 이동 분포: straight=65%  left=17%  right=18%
Ep 29900/30000 | R=  142.4 | Fuel=654.7mL | Wait= 194s | Steps=32.4 | Reach=97% | ε=0.050 | Loss=20.630 | t=13043s
          ├ 토폴로지 도달률(최근50): gangnam_clean_topology=100%
          ├ OD별 도달률(최근200): rnd0=100%(n200)  rnd1=100%(n200)  rnd10=100%(n200)  rnd11=100%(n200)  rnd12=100%(n200)  rnd13=100%(n200)  rnd14=100%(n200)  rnd15=100%(n200)  rnd16=100%(n200)  rnd17=100%(n200)  rnd18=100%(n200)  rnd19=100%(n200)  rnd2=100%(n200)  rnd20=100%(n200)  rnd21=8%(n200)  rnd22=100%(n200)  rnd23=100%(n200)  rnd24=100%(n200)  rnd25=100%(n200)  rnd26=100%(n200)  rnd27=98%(n200)  rnd28=100%(n200)  rnd29=100%(n200)  rnd3=100%(n200)  rnd4=100%(n200)  rnd5=100%(n200)  rnd6=100%(n200)  rnd7=100%(n200)  rnd8=100%(n200)  rnd9=100%(n200)
          └ 이동 분포: straight=67%  left=17%  right=16%
Ep 30000/30000 | R=  110.5 | Fuel=722.0mL | Wait= 206s | Steps=34.8 | Reach=97% | ε=0.050 | Loss=20.102 | t=13064s
          ├ 토폴로지 도달률(최근50): gangnam_clean_topology=98%
          ├ OD별 도달률(최근200): rnd0=100%(n200)  rnd1=100%(n200)  rnd10=100%(n200)  rnd11=100%(n200)  rnd12=100%(n200)  rnd13=100%(n200)  rnd14=100%(n200)  rnd15=100%(n200)  rnd16=100%(n200)  rnd17=100%(n200)  rnd18=100%(n200)  rnd19=100%(n200)  rnd2=100%(n200)  rnd20=100%(n200)  rnd21=8%(n200)  rnd22=100%(n200)  rnd23=100%(n200)  rnd24=100%(n200)  rnd25=100%(n200)  rnd26=100%(n200)  rnd27=98%(n200)  rnd28=100%(n200)  rnd29=100%(n200)  rnd3=100%(n200)  rnd4=100%(n200)  rnd5=100%(n200)  rnd6=100%(n200)  rnd7=100%(n200)  rnd8=100%(n200)  rnd9=100%(n200)
          └ 이동 분포: straight=66%  left=17%  right=17%
  [체크포인트] model_rl_base_ep30000.pth

============================================================
 학습 완료 | 최종 도달률(최근200): 97.0%
 최고 도달률: 100.0%  → model_rl_base_best.pth
 모델 저장 → models/model_rl_base.pth
============================================================

