/home/hjj/2605_E-Nudge_traffic_RL_V2/venv/lib/python3.13/site-packages/torch/cuda/__init__.py:187: UserWarning: CUDA initialization: The NVIDIA driver on your system is too old (found version 12020). Please update your GPU driver by downloading and installing a new version from the URL: http://www.nvidia.com/Download/index.aspx Alternatively, go to: https://pytorch.org to install a PyTorch version that has been compiled with your version of the CUDA driver. (Triggered internally at /pytorch/c10/cuda/CUDAFunctions.cpp:119.)
  return torch._C._cuda_getDeviceCount() > 0

============================================================
 학습 시작 | mode=signal | use_signal=True
 episodes=30000 | batch=128
 memory=80000 | warmup=2000 steps
 학습 토폴로지 (1개):
   - gangnam_clean_topology   w=1.00 nodes=1995 routes=30 max_steps=300
 ε: 1.0 → 0.05 (decay=0.99997, ~99856ep)
 shaping_w=1500.0  uturn_penalty=300.0  revisit_penalty=50.0  arrival_bonus=700.0
 dynamic_od_boost=False (floor=0.15)
 penalty_anneal_frac=0.5 floor=0.2
 fuel_shaping_w=0.0
============================================================
Ep  100/30000 | R=-16753.7 | Fuel=3810.0mL | Wait=1176s | Steps=269.1 | Reach=10% | ε=0.474 | Loss=381.415 | t=244s
          ├ 토폴로지 도달률(최근50): gangnam_clean_topology=14%
          ├ OD별 도달률(최근200): rnd0=0%(n3)  rnd1=0%(n5)  rnd10=0%(n5)  rnd11=33%(n3)  rnd12=20%(n5)  rnd14=0%(n3)  rnd15=0%(n2)  rnd16=50%(n2)  rnd17=0%(n3)  rnd18=0%(n4)  rnd19=33%(n3)  rnd2=33%(n3)  rnd20=0%(n3)  rnd21=0%(n3)  rnd22=0%(n5)  rnd23=0%(n3)  rnd24=0%(n4)  rnd25=67%(n3)  rnd26=25%(n4)  rnd27=0%(n3)  rnd28=0%(n5)  rnd29=17%(n6)  rnd3=0%(n3)  rnd4=50%(n2)  rnd5=0%(n1)  rnd6=0%(n3)  rnd7=0%(n3)  rnd8=0%(n7)  rnd9=0%(n1)
          └ 이동 분포: straight=49%  left=24%  right=27%
Ep  200/30000 | R=-9214.6 | Fuel=3028.5mL | Wait= 915s | Steps=216.1 | Reach=37% | ε=0.248 | Loss=574.383 | t=440s
          ├ 토폴로지 도달률(최근50): gangnam_clean_topology=30%
          ├ OD별 도달률(최근200): rnd0=0%(n4)  rnd1=0%(n10)  rnd10=0%(n9)  rnd11=43%(n7)  rnd12=25%(n8)  rnd13=100%(n3)  rnd14=0%(n4)  rnd15=57%(n7)  rnd16=80%(n5)  rnd17=0%(n8)  rnd18=0%(n6)  rnd19=57%(n7)  rnd2=25%(n8)  rnd20=0%(n4)  rnd21=0%(n6)  rnd22=0%(n5)  rnd23=11%(n9)  rnd24=0%(n5)  rnd25=60%(n5)  rnd26=44%(n9)  rnd27=29%(n7)  rnd28=20%(n10)  rnd29=22%(n9)  rnd3=17%(n6)  rnd4=33%(n3)  rnd5=50%(n4)  rnd6=0%(n7)  rnd7=0%(n7)  rnd8=31%(n13)  rnd9=60%(n5)
          └ 이동 분포: straight=54%  left=22%  right=24%
Ep  300/30000 | R=-6118.8 | Fuel=2560.4mL | Wait= 861s | Steps=181.8 | Reach=55% | ε=0.144 | Loss=678.078 | t=582s
          ├ 토폴로지 도달률(최근50): gangnam_clean_topology=56%
          ├ OD별 도달률(최근200): rnd0=0%(n10)  rnd1=0%(n12)  rnd10=8%(n12)  rnd11=50%(n10)  rnd12=50%(n12)  rnd13=100%(n9)  rnd14=38%(n8)  rnd15=77%(n13)  rnd16=70%(n10)  rnd17=10%(n10)  rnd18=0%(n8)  rnd19=50%(n10)  rnd2=27%(n11)  rnd20=14%(n7)  rnd21=0%(n11)  rnd22=27%(n11)  rnd23=21%(n14)  rnd24=0%(n9)  rnd25=60%(n5)  rnd26=50%(n10)  rnd27=50%(n10)  rnd28=18%(n11)  rnd29=38%(n13)  rnd3=33%(n9)  rnd4=40%(n5)  rnd5=71%(n7)  rnd6=18%(n11)  rnd7=0%(n8)  rnd8=40%(n15)  rnd9=78%(n9)
          └ 이동 분포: straight=58%  left=19%  right=22%
Ep  400/30000 | R=-4384.0 | Fuel=2078.3mL | Wait= 715s | Steps=146.8 | Reach=64% | ε=0.092 | Loss=757.827 | t=742s
          ├ 토폴로지 도달률(최근50): gangnam_clean_topology=66%
          ├ OD별 도달률(최근200): rnd0=0%(n13)  rnd1=7%(n15)  rnd10=6%(n16)  rnd11=50%(n12)  rnd12=50%(n12)  rnd13=100%(n13)  rnd14=40%(n10)  rnd15=82%(n17)  rnd16=75%(n12)  rnd17=8%(n13)  rnd18=0%(n9)  rnd19=58%(n12)  rnd2=27%(n11)  rnd20=60%(n15)  rnd21=0%(n15)  rnd22=25%(n16)  rnd23=35%(n20)  rnd24=0%(n12)  rnd25=82%(n11)  rnd26=65%(n17)  rnd27=55%(n11)  rnd28=23%(n13)  rnd29=56%(n18)  rnd3=50%(n12)  rnd4=62%(n8)  rnd5=78%(n9)  rnd6=21%(n14)  rnd7=29%(n14)  rnd8=44%(n18)  rnd9=75%(n12)
          └ 이동 분포: straight=59%  left=19%  right=22%
Ep  500/30000 | R=-2755.1 | Fuel=1526.0mL | Wait= 449s | Steps=106.9 | Reach=70% | ε=0.067 | Loss=901.125 | t=853s
          ├ 토폴로지 도달률(최근50): gangnam_clean_topology=72%
          ├ OD별 도달률(최근200): rnd0=9%(n22)  rnd1=14%(n22)  rnd10=6%(n16)  rnd11=62%(n16)  rnd12=62%(n16)  rnd13=100%(n17)  rnd14=57%(n14)  rnd15=83%(n18)  rnd16=76%(n17)  rnd17=29%(n17)  rnd18=18%(n11)  rnd19=50%(n18)  rnd2=27%(n11)  rnd20=67%(n18)  rnd21=0%(n17)  rnd22=22%(n18)  rnd23=48%(n25)  rnd24=0%(n16)  rnd25=77%(n13)  rnd26=62%(n24)  rnd27=62%(n16)  rnd28=23%(n13)  rnd29=62%(n21)  rnd3=60%(n15)  rnd4=70%(n10)  rnd5=86%(n14)  rnd6=35%(n17)  rnd7=29%(n14)  rnd8=52%(n21)  rnd9=77%(n13)
          └ 이동 분포: straight=59%  left=20%  right=21%
Ep  600/30000 | R=-2358.8 | Fuel=1514.0mL | Wait= 487s | Steps=105.5 | Reach=70% | ε=0.050 | Loss=911.662 | t=965s
          ├ 토폴로지 도달률(최근50): gangnam_clean_topology=72%
          ├ OD별 도달률(최근200): rnd0=12%(n26)  rnd1=20%(n25)  rnd10=5%(n20)  rnd11=65%(n17)  rnd12=65%(n17)  rnd13=100%(n21)  rnd14=67%(n18)  rnd15=87%(n23)  rnd16=78%(n18)  rnd17=35%(n20)  rnd18=33%(n15)  rnd19=47%(n19)  rnd2=44%(n16)  rnd20=70%(n20)  rnd21=9%(n23)  rnd22=20%(n20)  rnd23=57%(n30)  rnd24=0%(n22)  rnd25=83%(n18)  rnd26=62%(n24)  rnd27=68%(n19)  rnd28=32%(n22)  rnd29=64%(n22)  rnd3=67%(n18)  rnd4=75%(n12)  rnd5=88%(n17)  rnd6=45%(n20)  rnd7=39%(n18)  rnd8=57%(n23)  rnd9=82%(n17)
          └ 이동 분포: straight=60%  left=17%  right=23%
Ep  700/30000 | R=-1481.2 | Fuel=1147.8mL | Wait= 335s | Steps=80.7 | Reach=76% | ε=0.050 | Loss=1042.316 | t=1052s
          ├ 토폴로지 도달률(최근50): gangnam_clean_topology=82%
          ├ OD별 도달률(최근200): rnd0=13%(n31)  rnd1=29%(n28)  rnd10=12%(n24)  rnd11=70%(n20)  rnd12=73%(n22)  rnd13=100%(n24)  rnd14=71%(n21)  rnd15=88%(n25)  rnd16=79%(n19)  rnd17=41%(n22)  rnd18=52%(n21)  rnd19=41%(n22)  rnd2=55%(n20)  rnd20=74%(n23)  rnd21=8%(n26)  rnd22=19%(n26)  rnd23=62%(n34)  rnd24=0%(n26)  rnd25=85%(n20)  rnd26=65%(n26)  rnd27=77%(n26)  rnd28=29%(n24)  rnd29=68%(n25)  rnd3=68%(n19)  rnd4=80%(n15)  rnd5=90%(n20)  rnd6=56%(n25)  rnd7=40%(n20)  rnd8=60%(n25)  rnd9=86%(n21)
          └ 이동 분포: straight=63%  left=17%  right=20%
Ep  800/30000 | R= -989.1 | Fuel=942.9mL | Wait= 279s | Steps=65.0 | Reach=80% | ε=0.050 | Loss=940.349 | t=1121s
          ├ 토폴로지 도달률(최근50): gangnam_clean_topology=84%
          ├ OD별 도달률(최근200): rnd0=12%(n33)  rnd1=33%(n30)  rnd10=19%(n26)  rnd11=74%(n23)  rnd12=80%(n30)  rnd13=100%(n27)  rnd14=74%(n23)  rnd15=89%(n28)  rnd16=82%(n22)  rnd17=54%(n28)  rnd18=58%(n24)  rnd19=32%(n28)  rnd2=60%(n25)  rnd20=78%(n27)  rnd21=6%(n32)  rnd22=19%(n26)  rnd23=64%(n36)  rnd24=0%(n28)  rnd25=86%(n22)  rnd26=70%(n30)  rnd27=81%(n31)  rnd28=26%(n27)  rnd29=70%(n27)  rnd3=73%(n22)  rnd4=83%(n18)  rnd5=92%(n25)  rnd6=59%(n27)  rnd7=43%(n21)  rnd8=67%(n30)  rnd9=88%(n24)
          └ 이동 분포: straight=62%  left=19%  right=19%
Ep  900/30000 | R= -691.3 | Fuel=843.2mL | Wait= 246s | Steps=56.9 | Reach=83% | ε=0.050 | Loss=981.794 | t=1203s
          ├ 토폴로지 도달률(최근50): gangnam_clean_topology=86%
          ├ OD별 도달률(최근200): rnd0=14%(n37)  rnd1=39%(n33)  rnd10=32%(n31)  rnd11=77%(n26)  rnd12=82%(n34)  rnd13=100%(n30)  rnd14=77%(n26)  rnd15=91%(n32)  rnd16=83%(n23)  rnd17=57%(n30)  rnd18=66%(n29)  rnd19=28%(n32)  rnd2=62%(n26)  rnd20=80%(n30)  rnd21=6%(n35)  rnd22=17%(n29)  rnd23=68%(n40)  rnd24=0%(n32)  rnd25=87%(n23)  rnd26=74%(n35)  rnd27=82%(n34)  rnd28=26%(n27)  rnd29=74%(n31)  rnd3=78%(n27)  rnd4=87%(n23)  rnd5=94%(n31)  rnd6=65%(n31)  rnd7=52%(n25)  rnd8=68%(n31)  rnd9=89%(n27)
          └ 이동 분포: straight=63%  left=19%  right=18%
Ep 1000/30000 | R= -523.3 | Fuel=797.1mL | Wait= 259s | Steps=53.1 | Reach=82% | ε=0.050 | Loss=907.069 | t=1307s
          ├ 토폴로지 도달률(최근50): gangnam_clean_topology=82%
          ├ OD별 도달률(최근200): rnd0=12%(n41)  rnd1=41%(n34)  rnd10=38%(n34)  rnd11=81%(n31)  rnd12=84%(n38)  rnd13=100%(n34)  rnd14=81%(n32)  rnd15=92%(n37)  rnd16=84%(n25)  rnd17=58%(n31)  rnd18=68%(n31)  rnd19=26%(n34)  rnd2=66%(n29)  rnd20=84%(n37)  rnd21=10%(n39)  rnd22=17%(n30)  rnd23=70%(n44)  rnd24=3%(n37)  rnd25=88%(n24)  rnd26=76%(n37)  rnd27=84%(n38)  rnd28=22%(n32)  rnd29=76%(n33)  rnd3=82%(n34)  rnd4=90%(n29)  rnd5=94%(n33)  rnd6=66%(n32)  rnd7=57%(n28)  rnd8=71%(n34)  rnd9=89%(n28)
          └ 이동 분포: straight=66%  left=17%  right=18%
Ep 1100/30000 | R= -307.0 | Fuel=657.8mL | Wait= 204s | Steps=43.5 | Reach=83% | ε=0.050 | Loss=751.256 | t=1336s
          ├ 토폴로지 도달률(최근50): gangnam_clean_topology=84%
          ├ OD별 도달률(최근200): rnd0=13%(n47)  rnd1=44%(n36)  rnd10=43%(n37)  rnd11=82%(n34)  rnd12=85%(n39)  rnd13=100%(n36)  rnd14=84%(n37)  rnd15=92%(n40)  rnd16=85%(n27)  rnd17=61%(n33)  rnd18=71%(n34)  rnd19=24%(n37)  rnd2=69%(n32)  rnd20=87%(n45)  rnd21=10%(n40)  rnd22=15%(n34)  rnd23=73%(n49)  rnd24=3%(n38)  rnd25=89%(n28)  rnd26=78%(n41)  rnd27=86%(n43)  rnd28=20%(n35)  rnd29=79%(n38)  rnd3=84%(n38)  rnd4=90%(n31)  rnd5=94%(n36)  rnd6=69%(n36)  rnd7=59%(n29)  rnd8=76%(n41)  rnd9=90%(n29)
          └ 이동 분포: straight=65%  left=16%  right=19%
Ep 1200/30000 | R= -401.9 | Fuel=747.7mL | Wait= 268s | Steps=48.6 | Reach=84% | ε=0.050 | Loss=736.813 | t=1368s
          ├ 토폴로지 도달률(최근50): gangnam_clean_topology=88%
          ├ OD별 도달률(최근200): rnd0=12%(n48)  rnd1=51%(n41)  rnd10=46%(n39)  rnd11=84%(n37)  rnd12=86%(n43)  rnd13=100%(n39)  rnd14=85%(n39)  rnd15=93%(n44)  rnd16=86%(n28)  rnd17=68%(n40)  rnd18=75%(n40)  rnd19=23%(n39)  rnd2=71%(n35)  rnd20=88%(n51)  rnd21=12%(n42)  rnd22=14%(n35)  rnd23=76%(n55)  rnd24=2%(n45)  rnd25=90%(n31)  rnd26=79%(n43)  rnd27=87%(n47)  rnd28=18%(n38)  rnd29=80%(n40)  rnd3=85%(n39)  rnd4=91%(n34)  rnd5=95%(n39)  rnd6=72%(n39)  rnd7=65%(n34)  rnd8=76%(n46)  rnd9=90%(n30)
          └ 이동 분포: straight=64%  left=17%  right=18%
Ep 1300/30000 | R=  -48.9 | Fuel=550.7mL | Wait= 172s | Steps=36.5 | Reach=86% | ε=0.050 | Loss=692.875 | t=1391s
          ├ 토폴로지 도달률(최근50): gangnam_clean_topology=92%
          ├ OD별 도달률(최근200): rnd0=12%(n49)  rnd1=55%(n44)  rnd10=51%(n43)  rnd11=85%(n41)  rnd12=86%(n44)  rnd13=100%(n41)  rnd14=85%(n41)  rnd15=94%(n48)  rnd16=88%(n33)  rnd17=72%(n46)  rnd18=77%(n43)  rnd19=22%(n40)  rnd2=73%(n37)  rnd20=89%(n56)  rnd21=12%(n42)  rnd22=12%(n40)  rnd23=76%(n55)  rnd24=2%(n48)  rnd25=91%(n35)  rnd26=82%(n49)  rnd27=88%(n52)  rnd28=17%(n42)  rnd29=81%(n43)  rnd3=86%(n42)  rnd4=92%(n37)  rnd5=96%(n47)  rnd6=74%(n42)  rnd7=66%(n35)  rnd8=78%(n51)  rnd9=91%(n34)
          └ 이동 분포: straight=67%  left=16%  right=18%
Ep 1400/30000 | R= -342.2 | Fuel=800.2mL | Wait= 279s | Steps=50.7 | Reach=86% | ε=0.050 | Loss=572.369 | t=1437s
          ├ 토폴로지 도달률(최근50): gangnam_clean_topology=90%
          ├ OD별 도달률(최근200): rnd0=12%(n50)  rnd1=57%(n47)  rnd10=54%(n46)  rnd11=87%(n47)  rnd12=86%(n44)  rnd13=100%(n45)  rnd14=87%(n45)  rnd15=94%(n49)  rnd16=89%(n38)  rnd17=73%(n48)  rnd18=79%(n48)  rnd19=21%(n42)  rnd2=74%(n39)  rnd20=89%(n57)  rnd21=20%(n51)  rnd22=14%(n44)  rnd23=77%(n57)  rnd24=2%(n50)  rnd25=92%(n38)  rnd26=82%(n51)  rnd27=89%(n53)  rnd28=16%(n44)  rnd29=82%(n45)  rnd3=88%(n48)  rnd4=93%(n41)  rnd5=96%(n53)  rnd6=76%(n46)  rnd7=70%(n40)  rnd8=80%(n55)  rnd9=92%(n39)
          └ 이동 분포: straight=66%  left=16%  right=17%
Ep 1500/30000 | R= -257.4 | Fuel=704.0mL | Wait= 227s | Steps=44.0 | Reach=85% | ε=0.050 | Loss=551.581 | t=1482s
          ├ 토폴로지 도달률(최근50): gangnam_clean_topology=84%
          ├ OD별 도달률(최근200): rnd0=12%(n56)  rnd1=58%(n48)  rnd10=55%(n47)  rnd11=88%(n48)  rnd12=87%(n47)  rnd13=100%(n47)  rnd14=87%(n46)  rnd15=94%(n51)  rnd16=91%(n45)  rnd17=74%(n50)  rnd18=81%(n53)  rnd19=20%(n44)  rnd2=77%(n43)  rnd20=90%(n60)  rnd21=23%(n53)  rnd22=13%(n47)  rnd23=78%(n58)  rnd24=2%(n53)  rnd25=92%(n40)  rnd26=83%(n53)  rnd27=89%(n57)  rnd28=15%(n46)  rnd29=84%(n49)  rnd3=89%(n54)  rnd4=93%(n46)  rnd5=97%(n59)  rnd6=78%(n49)  rnd7=72%(n43)  rnd8=82%(n62)  rnd9=93%(n46)
          └ 이동 분포: straight=65%  left=17%  right=18%
Ep 1600/30000 | R= -215.9 | Fuel=700.1mL | Wait= 209s | Steps=43.6 | Reach=85% | ε=0.050 | Loss=485.911 | t=1544s
          ├ 토폴로지 도달률(최근50): gangnam_clean_topology=80%
          ├ OD별 도달률(최근200): rnd0=12%(n60)  rnd1=61%(n51)  rnd10=58%(n50)  rnd11=89%(n53)  rnd12=88%(n48)  rnd13=100%(n48)  rnd14=88%(n50)  rnd15=95%(n58)  rnd16=92%(n51)  rnd17=75%(n51)  rnd18=82%(n56)  rnd19=20%(n46)  rnd2=78%(n45)  rnd20=91%(n64)  rnd21=24%(n58)  rnd22=12%(n50)  rnd23=79%(n61)  rnd24=2%(n55)  rnd25=93%(n42)  rnd26=84%(n56)  rnd27=90%(n61)  rnd28=15%(n47)  rnd29=85%(n53)  rnd3=89%(n55)  rnd4=94%(n50)  rnd5=97%(n64)  rnd6=79%(n53)  rnd7=77%(n52)  rnd8=82%(n62)  rnd9=94%(n50)
          └ 이동 분포: straight=65%  left=16%  right=19%
Ep 1700/30000 | R= -287.8 | Fuel=676.8mL | Wait= 212s | Steps=42.2 | Reach=79% | ε=0.050 | Loss=420.139 | t=1623s
          ├ 토폴로지 도달률(최근50): gangnam_clean_topology=80%
          ├ OD별 도달률(최근200): rnd0=11%(n64)  rnd1=64%(n55)  rnd10=61%(n54)  rnd11=90%(n63)  rnd12=88%(n50)  rnd13=100%(n50)  rnd14=89%(n55)  rnd15=95%(n59)  rnd16=93%(n54)  rnd17=76%(n54)  rnd18=83%(n58)  rnd19=18%(n49)  rnd2=80%(n49)  rnd20=91%(n68)  rnd21=24%(n62)  rnd22=11%(n53)  rnd23=79%(n62)  rnd24=2%(n57)  rnd25=94%(n47)  rnd26=85%(n62)  rnd27=90%(n63)  rnd28=13%(n53)  rnd29=85%(n55)  rnd3=90%(n58)  rnd4=94%(n52)  rnd5=97%(n67)  rnd6=79%(n53)  rnd7=79%(n57)  rnd8=83%(n63)  rnd9=94%(n54)
          └ 이동 분포: straight=65%  left=17%  right=18%
Ep 1800/30000 | R= -154.0 | Fuel=653.3mL | Wait= 203s | Steps=38.7 | Reach=85% | ε=0.050 | Loss=366.561 | t=1665s
          ├ 토폴로지 도달률(최근50): gangnam_clean_topology=86%
          ├ OD별 도달률(최근200): rnd0=10%(n68)  rnd1=68%(n62)  rnd10=64%(n58)  rnd11=91%(n64)  rnd12=88%(n52)  rnd13=100%(n53)  rnd14=89%(n56)  rnd15=95%(n64)  rnd16=93%(n56)  rnd17=79%(n61)  rnd18=84%(n62)  rnd19=18%(n49)  rnd2=81%(n52)  rnd20=91%(n68)  rnd21=27%(n64)  rnd22=12%(n60)  rnd23=80%(n66)  rnd24=3%(n59)  rnd25=94%(n51)  rnd26=86%(n64)  rnd27=90%(n63)  rnd28=14%(n58)  rnd29=86%(n59)  rnd3=90%(n63)  rnd4=95%(n58)  rnd5=97%(n69)  rnd6=81%(n58)  rnd7=80%(n59)  rnd8=84%(n69)  rnd9=95%(n55)
          └ 이동 분포: straight=66%  left=16%  right=18%
Ep 1900/30000 | R= -108.2 | Fuel=616.0mL | Wait= 186s | Steps=38.0 | Reach=86% | ε=0.050 | Loss=350.079 | t=1690s
          ├ 토폴로지 도달률(최근50): gangnam_clean_topology=88%
          ├ OD별 도달률(최근200): rnd0=10%(n71)  rnd1=70%(n66)  rnd10=66%(n61)  rnd11=91%(n66)  rnd12=89%(n53)  rnd13=100%(n54)  rnd14=90%(n61)  rnd15=96%(n69)  rnd16=93%(n58)  rnd17=80%(n66)  rnd18=84%(n64)  rnd19=19%(n52)  rnd2=81%(n53)  rnd20=91%(n70)  rnd21=28%(n65)  rnd22=11%(n65)  rnd23=82%(n74)  rnd24=5%(n62)  rnd25=94%(n53)  rnd26=86%(n65)  rnd27=91%(n68)  rnd28=15%(n61)  rnd29=88%(n65)  rnd3=91%(n68)  rnd4=95%(n61)  rnd5=97%(n71)  rnd6=82%(n61)  rnd7=81%(n64)  rnd8=85%(n75)  rnd9=95%(n58)
          └ 이동 분포: straight=66%  left=16%  right=18%
Ep 2000/30000 | R=  -40.4 | Fuel=646.5mL | Wait= 193s | Steps=38.5 | Reach=89% | ε=0.050 | Loss=323.038 | t=1712s
          ├ 토폴로지 도달률(최근50): gangnam_clean_topology=86%
          ├ OD별 도달률(최근200): rnd0=9%(n74)  rnd1=71%(n68)  rnd10=67%(n63)  rnd11=91%(n66)  rnd12=90%(n59)  rnd13=100%(n57)  rnd14=91%(n65)  rnd15=96%(n73)  rnd16=94%(n63)  rnd17=81%(n68)  rnd18=85%(n67)  rnd19=19%(n54)  rnd2=82%(n57)  rnd20=92%(n77)  rnd21=30%(n70)  rnd22=11%(n66)  rnd23=83%(n77)  rnd24=5%(n64)  rnd25=95%(n59)  rnd26=88%(n72)  rnd27=92%(n74)  rnd28=15%(n62)  rnd29=88%(n69)  rnd3=91%(n68)  rnd4=95%(n65)  rnd5=97%(n75)  rnd6=83%(n63)  rnd7=82%(n66)  rnd8=86%(n76)  rnd9=95%(n63)
          └ 이동 분포: straight=67%  left=16%  right=17%
Ep 2100/30000 | R= -237.7 | Fuel=656.5mL | Wait= 161s | Steps=39.1 | Reach=83% | ε=0.050 | Loss=298.527 | t=1742s
          ├ 토폴로지 도달률(최근50): gangnam_clean_topology=84%
          ├ OD별 도달률(최근200): rnd0=9%(n79)  rnd1=73%(n74)  rnd10=69%(n67)  rnd11=91%(n70)  rnd12=90%(n61)  rnd13=100%(n60)  rnd14=91%(n68)  rnd15=96%(n78)  rnd16=94%(n64)  rnd17=81%(n70)  rnd18=86%(n70)  rnd19=18%(n56)  rnd2=84%(n63)  rnd20=92%(n79)  rnd21=30%(n74)  rnd22=10%(n68)  rnd23=84%(n79)  rnd24=7%(n71)  rnd25=95%(n64)  rnd26=88%(n76)  rnd27=92%(n77)  rnd28=16%(n63)  rnd29=89%(n72)  rnd3=92%(n72)  rnd4=95%(n65)  rnd5=98%(n80)  rnd6=83%(n66)  rnd7=83%(n71)  rnd8=86%(n76)  rnd9=96%(n67)
          └ 이동 분포: straight=65%  left=16%  right=19%
Ep 2200/30000 | R= -154.0 | Fuel=634.6mL | Wait= 185s | Steps=37.8 | Reach=83% | ε=0.050 | Loss=272.821 | t=1775s
          ├ 토폴로지 도달률(최근50): gangnam_clean_topology=84%
          ├ OD별 도달률(최근200): rnd0=8%(n83)  rnd1=75%(n80)  rnd10=69%(n68)  rnd11=92%(n73)  rnd12=91%(n65)  rnd13=100%(n61)  rnd14=92%(n71)  rnd15=96%(n81)  rnd16=94%(n66)  rnd17=82%(n72)  rnd18=86%(n74)  rnd19=16%(n61)  rnd2=86%(n69)  rnd20=93%(n83)  rnd21=32%(n77)  rnd22=10%(n70)  rnd23=85%(n84)  rnd24=7%(n75)  rnd25=96%(n69)  rnd26=88%(n78)  rnd27=93%(n81)  rnd28=17%(n66)  rnd29=90%(n78)  rnd3=92%(n73)  rnd4=96%(n69)  rnd5=98%(n85)  rnd6=84%(n67)  rnd7=83%(n72)  rnd8=86%(n80)  rnd9=96%(n69)
          └ 이동 분포: straight=64%  left=18%  right=18%
Ep 2300/30000 | R=   -3.2 | Fuel=655.8mL | Wait= 183s | Steps=38.2 | Reach=94% | ε=0.050 | Loss=237.908 | t=1805s
          ├ 토폴로지 도달률(최근50): gangnam_clean_topology=98%
          ├ OD별 도달률(최근200): rnd0=10%(n87)  rnd1=76%(n82)  rnd10=69%(n68)  rnd11=92%(n74)  rnd12=91%(n67)  rnd13=100%(n67)  rnd14=92%(n76)  rnd15=96%(n85)  rnd16=94%(n68)  rnd17=83%(n78)  rnd18=88%(n80)  rnd19=16%(n61)  rnd2=86%(n72)  rnd20=94%(n93)  rnd21=34%(n79)  rnd22=12%(n73)  rnd23=85%(n87)  rnd24=6%(n78)  rnd25=96%(n70)  rnd26=89%(n84)  rnd27=93%(n85)  rnd28=24%(n72)  rnd29=90%(n78)  rnd3=92%(n78)  rnd4=96%(n70)  rnd5=98%(n87)  rnd6=85%(n73)  rnd7=84%(n74)  rnd8=86%(n81)  rnd9=96%(n73)
          └ 이동 분포: straight=65%  left=17%  right=17%
Ep 2400/30000 | R= -221.9 | Fuel=728.2mL | Wait= 189s | Steps=43.0 | Reach=87% | ε=0.050 | Loss=197.230 | t=1836s
          ├ 토폴로지 도달률(최근50): gangnam_clean_topology=88%
          ├ OD별 도달률(최근200): rnd0=10%(n93)  rnd1=77%(n88)  rnd10=70%(n71)  rnd11=92%(n76)  rnd12=91%(n70)  rnd13=100%(n69)  rnd14=92%(n76)  rnd15=97%(n87)  rnd16=95%(n74)  rnd17=85%(n85)  rnd18=88%(n83)  rnd19=16%(n63)  rnd2=87%(n75)  rnd20=94%(n96)  rnd21=39%(n85)  rnd22=12%(n77)  rnd23=86%(n92)  rnd24=6%(n79)  rnd25=96%(n75)  rnd26=89%(n84)  rnd27=93%(n87)  rnd28=27%(n75)  rnd29=90%(n80)  rnd3=93%(n82)  rnd4=96%(n74)  rnd5=98%(n91)  rnd6=85%(n75)  rnd7=85%(n79)  rnd8=86%(n81)  rnd9=96%(n78)
          └ 이동 분포: straight=64%  left=18%  right=17%
Ep 2500/30000 | R=  -72.8 | Fuel=646.2mL | Wait= 175s | Steps=37.9 | Reach=91% | ε=0.050 | Loss=201.365 | t=1869s
          ├ 토폴로지 도달률(최근50): gangnam_clean_topology=90%
          ├ OD별 도달률(최근200): rnd0=9%(n95)  rnd1=78%(n90)  rnd10=72%(n74)  rnd11=92%(n78)  rnd12=92%(n73)  rnd13=100%(n74)  rnd14=92%(n77)  rnd15=97%(n92)  rnd16=95%(n78)  rnd17=86%(n90)  rnd18=88%(n84)  rnd19=15%(n66)  rnd2=87%(n76)  rnd20=94%(n100)  rnd21=41%(n88)  rnd22=13%(n78)  rnd23=86%(n96)  rnd24=6%(n82)  rnd25=96%(n77)  rnd26=89%(n85)  rnd27=94%(n98)  rnd28=30%(n80)  rnd29=90%(n81)  rnd3=93%(n85)  rnd4=96%(n76)  rnd5=98%(n96)  rnd6=86%(n78)  rnd7=86%(n83)  rnd8=88%(n89)  rnd9=96%(n81)
          └ 이동 분포: straight=63%  left=18%  right=19%
  [체크포인트] model_rl_signal_ep2500.pth
Ep 2600/30000 | R=  -95.9 | Fuel=711.5mL | Wait= 190s | Steps=39.2 | Reach=89% | ε=0.050 | Loss=170.283 | t=1909s
          ├ 토폴로지 도달률(최근50): gangnam_clean_topology=84%
          ├ OD별 도달률(최근200): rnd0=9%(n100)  rnd1=79%(n96)  rnd10=73%(n77)  rnd11=92%(n79)  rnd12=92%(n76)  rnd13=100%(n74)  rnd14=92%(n79)  rnd15=97%(n97)  rnd16=95%(n84)  rnd17=86%(n95)  rnd18=88%(n86)  rnd19=15%(n71)  rnd2=87%(n79)  rnd20=94%(n105)  rnd21=44%(n93)  rnd22=17%(n82)  rnd23=87%(n97)  rnd24=6%(n84)  rnd25=96%(n78)  rnd26=90%(n87)  rnd27=94%(n101)  rnd28=33%(n83)  rnd29=90%(n83)  rnd3=93%(n88)  rnd4=96%(n81)  rnd5=98%(n99)  rnd6=86%(n81)  rnd7=87%(n90)  rnd8=88%(n92)  rnd9=96%(n83)
          └ 이동 분포: straight=65%  left=16%  right=19%
Ep 2700/30000 | R= -175.0 | Fuel=658.6mL | Wait= 196s | Steps=41.1 | Reach=89% | ε=0.050 | Loss=153.057 | t=1951s
          ├ 토폴로지 도달률(최근50): gangnam_clean_topology=94%
          ├ OD별 도달률(최근200): rnd0=9%(n102)  rnd1=80%(n98)  rnd10=73%(n79)  rnd11=93%(n82)  rnd12=93%(n81)  rnd13=100%(n78)  rnd14=92%(n80)  rnd15=97%(n98)  rnd16=95%(n87)  rnd17=87%(n100)  rnd18=89%(n87)  rnd19=15%(n75)  rnd2=88%(n81)  rnd20=95%(n111)  rnd21=46%(n96)  rnd22=18%(n84)  rnd23=87%(n102)  rnd24=6%(n88)  rnd25=96%(n79)  rnd26=90%(n89)  rnd27=94%(n102)  rnd28=35%(n86)  rnd29=91%(n92)  rnd3=93%(n91)  rnd4=97%(n88)  rnd5=98%(n105)  rnd6=87%(n83)  rnd7=87%(n94)  rnd8=88%(n95)  rnd9=97%(n87)
          └ 이동 분포: straight=66%  left=16%  right=17%
Ep 2800/30000 | R=   29.1 | Fuel=587.9mL | Wait= 173s | Steps=35.0 | Reach=91% | ε=0.050 | Loss=157.816 | t=1987s
          ├ 토폴로지 도달률(최근50): gangnam_clean_topology=90%
          ├ OD별 도달률(최근200): rnd0=9%(n105)  rnd1=80%(n102)  rnd10=75%(n83)  rnd11=93%(n88)  rnd12=93%(n84)  rnd13=100%(n82)  rnd14=93%(n83)  rnd15=97%(n104)  rnd16=96%(n94)  rnd17=87%(n103)  rnd18=89%(n90)  rnd19=14%(n78)  rnd2=88%(n86)  rnd20=95%(n112)  rnd21=46%(n97)  rnd22=20%(n89)  rnd23=88%(n106)  rnd24=6%(n89)  rnd25=96%(n82)  rnd26=90%(n92)  rnd27=94%(n105)  rnd28=37%(n89)  rnd29=92%(n96)  rnd3=94%(n95)  rnd4=97%(n91)  rnd5=98%(n106)  rnd6=87%(n86)  rnd7=88%(n96)  rnd8=89%(n98)  rnd9=97%(n89)
          └ 이동 분포: straight=65%  left=16%  right=19%
Ep 2900/30000 | R=  -16.0 | Fuel=596.6mL | Wait= 168s | Steps=34.9 | Reach=84% | ε=0.050 | Loss=142.807 | t=2023s
          ├ 토폴로지 도달률(최근50): gangnam_clean_topology=80%
          ├ OD별 도달률(최근200): rnd0=8%(n108)  rnd1=82%(n109)  rnd10=76%(n87)  rnd11=93%(n91)  rnd12=93%(n88)  rnd13=100%(n83)  rnd14=93%(n85)  rnd15=97%(n106)  rnd16=96%(n100)  rnd17=88%(n105)  rnd18=89%(n92)  rnd19=13%(n84)  rnd2=89%(n87)  rnd20=95%(n115)  rnd21=49%(n101)  rnd22=20%(n91)  rnd23=88%(n109)  rnd24=5%(n94)  rnd25=96%(n83)  rnd26=91%(n96)  rnd27=94%(n108)  rnd28=38%(n90)  rnd29=92%(n103)  rnd3=94%(n100)  rnd4=97%(n94)  rnd5=98%(n109)  rnd6=88%(n89)  rnd7=88%(n102)  rnd8=89%(n99)  rnd9=97%(n92)
          └ 이동 분포: straight=68%  left=14%  right=17%
Ep 3000/30000 | R=  -73.3 | Fuel=646.1mL | Wait= 189s | Steps=38.3 | Reach=89% | ε=0.050 | Loss=139.699 | t=2063s
          ├ 토폴로지 도달률(최근50): gangnam_clean_topology=90%
          ├ OD별 도달률(최근200): rnd0=8%(n110)  rnd1=82%(n112)  rnd10=78%(n95)  rnd11=94%(n97)  rnd12=94%(n94)  rnd13=100%(n88)  rnd14=93%(n87)  rnd15=97%(n110)  rnd16=96%(n104)  rnd17=88%(n108)  rnd18=89%(n93)  rnd19=12%(n88)  rnd2=89%(n88)  rnd20=95%(n118)  rnd21=50%(n103)  rnd22=24%(n96)  rnd23=88%(n111)  rnd24=6%(n100)  rnd25=97%(n88)  rnd26=91%(n103)  rnd27=94%(n109)  rnd28=38%(n91)  rnd29=92%(n105)  rnd3=94%(n102)  rnd4=97%(n96)  rnd5=98%(n112)  rnd6=88%(n91)  rnd7=89%(n106)  rnd8=89%(n100)  rnd9=97%(n95)
          └ 이동 분포: straight=66%  left=15%  right=19%
Ep 3100/30000 | R=   34.7 | Fuel=599.4mL | Wait= 155s | Steps=35.1 | Reach=93% | ε=0.050 | Loss=141.958 | t=2102s
          ├ 토폴로지 도달률(최근50): gangnam_clean_topology=92%
          ├ OD별 도달률(최근200): rnd0=8%(n114)  rnd1=83%(n115)  rnd10=80%(n104)  rnd11=94%(n100)  rnd12=94%(n97)  rnd13=100%(n90)  rnd14=93%(n91)  rnd15=97%(n113)  rnd16=96%(n107)  rnd17=88%(n110)  rnd18=89%(n94)  rnd19=12%(n89)  rnd2=89%(n95)  rnd20=95%(n124)  rnd21=50%(n105)  rnd22=26%(n99)  rnd23=89%(n116)  rnd24=6%(n102)  rnd25=97%(n93)  rnd26=91%(n103)  rnd27=95%(n113)  rnd28=40%(n93)  rnd29=93%(n109)  rnd3=94%(n106)  rnd4=97%(n100)  rnd5=98%(n115)  rnd6=88%(n94)  rnd7=89%(n108)  rnd8=89%(n102)  rnd9=97%(n99)
          └ 이동 분포: straight=65%  left=16%  right=19%
Ep 3200/30000 | R=   77.2 | Fuel=595.3mL | Wait= 159s | Steps=33.7 | Reach=91% | ε=0.050 | Loss=133.963 | t=2139s
          ├ 토폴로지 도달률(최근50): gangnam_clean_topology=92%
          ├ OD별 도달률(최근200): rnd0=8%(n116)  rnd1=83%(n119)  rnd10=80%(n107)  rnd11=94%(n103)  rnd12=94%(n99)  rnd13=100%(n90)  rnd14=94%(n98)  rnd15=97%(n117)  rnd16=96%(n108)  rnd17=89%(n115)  rnd18=90%(n98)  rnd19=12%(n92)  rnd2=90%(n97)  rnd20=95%(n129)  rnd21=52%(n108)  rnd22=30%(n105)  rnd23=89%(n118)  rnd24=6%(n105)  rnd25=97%(n97)  rnd26=91%(n105)  rnd27=95%(n118)  rnd28=41%(n95)  rnd29=93%(n113)  rnd3=94%(n109)  rnd4=97%(n103)  rnd5=98%(n116)  rnd6=89%(n98)  rnd7=89%(n113)  rnd8=90%(n106)  rnd9=97%(n103)
          └ 이동 분포: straight=65%  left=16%  right=19%
Ep 3300/30000 | R=   10.4 | Fuel=605.5mL | Wait= 160s | Steps=35.2 | Reach=88% | ε=0.050 | Loss=126.305 | t=2214s
          ├ 토폴로지 도달률(최근50): gangnam_clean_topology=88%
          ├ OD별 도달률(최근200): rnd0=8%(n119)  rnd1=84%(n123)  rnd10=81%(n109)  rnd11=94%(n106)  rnd12=94%(n102)  rnd13=100%(n94)  rnd14=94%(n100)  rnd15=97%(n117)  rnd16=96%(n114)  rnd17=89%(n115)  rnd18=90%(n102)  rnd19=11%(n96)  rnd2=90%(n99)  rnd20=95%(n132)  rnd21=53%(n111)  rnd22=31%(n108)  rnd23=89%(n121)  rnd24=6%(n111)  rnd25=97%(n101)  rnd26=91%(n105)  rnd27=95%(n124)  rnd28=43%(n99)  rnd29=93%(n116)  rnd3=95%(n114)  rnd4=97%(n108)  rnd5=98%(n122)  rnd6=89%(n102)  rnd7=90%(n116)  rnd8=90%(n110)  rnd9=97%(n104)
          └ 이동 분포: straight=66%  left=16%  right=18%
Ep 3400/30000 | R=   15.2 | Fuel=647.7mL | Wait= 203s | Steps=37.5 | Reach=92% | ε=0.050 | Loss=127.859 | t=2301s
          ├ 토폴로지 도달률(최근50): gangnam_clean_topology=92%
          ├ OD별 도달률(최근200): rnd0=7%(n122)  rnd1=84%(n128)  rnd10=81%(n110)  rnd11=95%(n110)  rnd12=94%(n108)  rnd13=100%(n97)  rnd14=94%(n104)  rnd15=98%(n121)  rnd16=97%(n116)  rnd17=89%(n118)  rnd18=91%(n107)  rnd19=12%(n99)  rnd2=90%(n103)  rnd20=96%(n138)  rnd21=54%(n114)  rnd22=33%(n110)  rnd23=90%(n128)  rnd24=6%(n113)  rnd25=97%(n104)  rnd26=92%(n106)  rnd27=95%(n128)  rnd28=46%(n106)  rnd29=93%(n120)  rnd3=95%(n114)  rnd4=97%(n111)  rnd5=98%(n124)  rnd6=90%(n106)  rnd7=90%(n116)  rnd8=90%(n111)  rnd9=97%(n108)
          └ 이동 분포: straight=68%  left=15%  right=16%
Ep 3500/30000 | R=  -99.1 | Fuel=674.7mL | Wait= 206s | Steps=40.1 | Reach=90% | ε=0.050 | Loss=130.725 | t=2371s
          ├ 토폴로지 도달률(최근50): gangnam_clean_topology=88%
          ├ OD별 도달률(최근200): rnd0=7%(n125)  rnd1=85%(n131)  rnd10=82%(n114)  rnd11=95%(n114)  rnd12=94%(n108)  rnd13=100%(n98)  rnd14=94%(n108)  rnd15=98%(n123)  rnd16=97%(n121)  rnd17=89%(n119)  rnd18=91%(n110)  rnd19=13%(n101)  rnd2=91%(n108)  rnd20=96%(n140)  rnd21=57%(n120)  rnd22=33%(n111)  rnd23=90%(n134)  rnd24=6%(n119)  rnd25=97%(n107)  rnd26=92%(n113)  rnd27=95%(n129)  rnd28=48%(n109)  rnd29=93%(n122)  rnd3=95%(n120)  rnd4=97%(n112)  rnd5=98%(n130)  rnd6=90%(n112)  rnd7=90%(n117)  rnd8=90%(n112)  rnd9=97%(n113)
          └ 이동 분포: straight=64%  left=17%  right=19%
Ep 3600/30000 | R=   19.7 | Fuel=665.6mL | Wait= 168s | Steps=37.1 | Reach=96% | ε=0.050 | Loss=122.033 | t=2398s
          ├ 토폴로지 도달률(최근50): gangnam_clean_topology=98%
          ├ OD별 도달률(최근200): rnd0=7%(n128)  rnd1=85%(n135)  rnd10=82%(n119)  rnd11=95%(n117)  rnd12=94%(n108)  rnd13=100%(n101)  rnd14=95%(n111)  rnd15=98%(n127)  rnd16=97%(n123)  rnd17=89%(n121)  rnd18=91%(n114)  rnd19=14%(n102)  rnd2=91%(n113)  rnd20=96%(n143)  rnd21=58%(n125)  rnd22=36%(n115)  rnd23=91%(n138)  rnd24=7%(n121)  rnd25=97%(n109)  rnd26=92%(n119)  rnd27=95%(n131)  rnd28=50%(n113)  rnd29=93%(n122)  rnd3=95%(n128)  rnd4=97%(n114)  rnd5=98%(n133)  rnd6=91%(n120)  rnd7=90%(n119)  rnd8=90%(n115)  rnd9=97%(n116)
          └ 이동 분포: straight=64%  left=17%  right=19%
Ep 3700/30000 | R=   -0.5 | Fuel=680.5mL | Wait= 146s | Steps=36.0 | Reach=93% | ε=0.050 | Loss=114.169 | t=2425s
          ├ 토폴로지 도달률(최근50): gangnam_clean_topology=92%
          ├ OD별 도달률(최근200): rnd0=7%(n134)  rnd1=86%(n140)  rnd10=82%(n120)  rnd11=95%(n118)  rnd12=95%(n111)  rnd13=100%(n103)  rnd14=95%(n114)  rnd15=98%(n134)  rnd16=97%(n126)  rnd17=90%(n124)  rnd18=91%(n116)  rnd19=17%(n106)  rnd2=91%(n115)  rnd20=96%(n147)  rnd21=60%(n131)  rnd22=39%(n121)  rnd23=91%(n140)  rnd24=7%(n123)  rnd25=97%(n112)  rnd26=92%(n120)  rnd27=96%(n137)  rnd28=51%(n117)  rnd29=94%(n125)  rnd3=95%(n130)  rnd4=97%(n118)  rnd5=99%(n135)  rnd6=91%(n121)  rnd7=90%(n123)  rnd8=91%(n119)  rnd9=98%(n120)
          └ 이동 분포: straight=68%  left=15%  right=17%
Ep 3800/30000 | R=   39.7 | Fuel=588.1mL | Wait= 144s | Steps=33.4 | Reach=92% | ε=0.050 | Loss=115.833 | t=2455s
          ├ 토폴로지 도달률(최근50): gangnam_clean_topology=92%
          ├ OD별 도달률(최근200): rnd0=7%(n138)  rnd1=86%(n146)  rnd10=83%(n123)  rnd11=95%(n123)  rnd12=95%(n114)  rnd13=100%(n106)  rnd14=95%(n116)  rnd15=98%(n140)  rnd16=97%(n126)  rnd17=90%(n127)  rnd18=92%(n118)  rnd19=17%(n106)  rnd2=92%(n120)  rnd20=96%(n148)  rnd21=61%(n133)  rnd22=39%(n122)  rnd23=91%(n143)  rnd24=6%(n127)  rnd25=97%(n115)  rnd26=93%(n124)  rnd27=96%(n140)  rnd28=53%(n121)  rnd29=94%(n129)  rnd3=96%(n134)  rnd4=98%(n121)  rnd5=99%(n140)  rnd6=91%(n124)  rnd7=90%(n126)  rnd8=91%(n126)  rnd9=98%(n124)
          └ 이동 분포: straight=66%  left=15%  right=18%
Ep 3900/30000 | R=  -40.3 | Fuel=678.7mL | Wait= 179s | Steps=37.5 | Reach=92% | ε=0.050 | Loss=113.281 | t=2481s
          ├ 토폴로지 도달률(최근50): gangnam_clean_topology=94%
          ├ OD별 도달률(최근200): rnd0=7%(n141)  rnd1=87%(n150)  rnd10=83%(n127)  rnd11=95%(n124)  rnd12=95%(n119)  rnd13=100%(n108)  rnd14=95%(n121)  rnd15=98%(n143)  rnd16=97%(n131)  rnd17=90%(n130)  rnd18=92%(n123)  rnd19=19%(n109)  rnd2=92%(n121)  rnd20=96%(n153)  rnd21=61%(n136)  rnd22=42%(n127)  rnd23=91%(n144)  rnd24=7%(n132)  rnd25=97%(n116)  rnd26=93%(n128)  rnd27=96%(n144)  rnd28=54%(n124)  rnd29=94%(n131)  rnd3=96%(n139)  rnd4=98%(n123)  rnd5=99%(n142)  rnd6=91%(n129)  rnd7=91%(n128)  rnd8=91%(n128)  rnd9=98%(n129)
          └ 이동 분포: straight=66%  left=16%  right=18%
Ep 4000/30000 | R=  -50.5 | Fuel=700.9mL | Wait= 173s | Steps=40.0 | Reach=95% | ε=0.050 | Loss=113.307 | t=2511s
          ├ 토폴로지 도달률(최근50): gangnam_clean_topology=96%
          ├ OD별 도달률(최근200): rnd0=7%(n144)  rnd1=87%(n154)  rnd10=84%(n132)  rnd11=95%(n130)  rnd12=95%(n124)  rnd13=100%(n111)  rnd14=95%(n125)  rnd15=98%(n145)  rnd16=97%(n134)  rnd17=90%(n134)  rnd18=92%(n129)  rnd19=21%(n112)  rnd2=92%(n124)  rnd20=96%(n155)  rnd21=62%(n140)  rnd22=44%(n131)  rnd23=91%(n148)  rnd24=7%(n134)  rnd25=97%(n118)  rnd26=93%(n130)  rnd27=96%(n145)  rnd28=55%(n126)  rnd29=94%(n135)  rnd3=96%(n142)  rnd4=98%(n126)  rnd5=99%(n145)  rnd6=92%(n130)  rnd7=91%(n134)  rnd8=92%(n130)  rnd9=98%(n133)
          └ 이동 분포: straight=66%  left=16%  right=18%
Ep 4100/30000 | R=    7.8 | Fuel=648.3mL | Wait= 166s | Steps=36.9 | Reach=89% | ε=0.050 | Loss=109.351 | t=2595s
          ├ 토폴로지 도달률(최근50): gangnam_clean_topology=88%
          ├ OD별 도달률(최근200): rnd0=7%(n148)  rnd1=88%(n162)  rnd10=85%(n136)  rnd11=96%(n135)  rnd12=95%(n125)  rnd13=100%(n115)  rnd14=95%(n125)  rnd15=98%(n148)  rnd16=97%(n141)  rnd17=91%(n137)  rnd18=93%(n135)  rnd19=25%(n118)  rnd2=92%(n126)  rnd20=96%(n157)  rnd21=63%(n143)  rnd22=46%(n137)  rnd23=91%(n148)  rnd24=6%(n140)  rnd25=98%(n122)  rnd26=93%(n132)  rnd27=96%(n148)  rnd28=55%(n130)  rnd29=94%(n135)  rnd3=96%(n145)  rnd4=98%(n127)  rnd5=99%(n149)  rnd6=92%(n131)  rnd7=91%(n136)  rnd8=92%(n130)  rnd9=98%(n139)
          └ 이동 분포: straight=65%  left=16%  right=19%
Ep 4200/30000 | R=   89.5 | Fuel=573.2mL | Wait= 156s | Steps=33.0 | Reach=91% | ε=0.050 | Loss=99.226 | t=2673s
          ├ 토폴로지 도달률(최근50): gangnam_clean_topology=86%
          ├ OD별 도달률(최근200): rnd0=7%(n152)  rnd1=88%(n167)  rnd10=85%(n137)  rnd11=96%(n139)  rnd12=95%(n127)  rnd13=100%(n118)  rnd14=95%(n127)  rnd15=98%(n152)  rnd16=97%(n144)  rnd17=91%(n142)  rnd18=93%(n137)  rnd19=27%(n120)  rnd2=92%(n128)  rnd20=96%(n161)  rnd21=63%(n144)  rnd22=48%(n143)  rnd23=91%(n152)  rnd24=6%(n144)  rnd25=98%(n125)  rnd26=93%(n138)  rnd27=96%(n151)  rnd28=57%(n136)  rnd29=94%(n136)  rnd3=96%(n149)  rnd4=98%(n129)  rnd5=99%(n155)  rnd6=92%(n134)  rnd7=91%(n137)  rnd8=92%(n135)  rnd9=98%(n141)
          └ 이동 분포: straight=66%  left=16%  right=18%
Ep 4300/30000 | R= -139.6 | Fuel=684.0mL | Wait= 176s | Steps=40.2 | Reach=93% | ε=0.050 | Loss=82.181 | t=2749s
          ├ 토폴로지 도달률(최근50): gangnam_clean_topology=92%
          ├ OD별 도달률(최근200): rnd0=6%(n155)  rnd1=88%(n170)  rnd10=85%(n139)  rnd11=96%(n139)  rnd12=95%(n132)  rnd13=100%(n122)  rnd14=95%(n129)  rnd15=98%(n160)  rnd16=97%(n147)  rnd17=91%(n146)  rnd18=93%(n139)  rnd19=30%(n126)  rnd2=92%(n131)  rnd20=96%(n167)  rnd21=64%(n146)  rnd22=49%(n147)  rnd23=92%(n155)  rnd24=7%(n148)  rnd25=98%(n127)  rnd26=94%(n140)  rnd27=96%(n154)  rnd28=58%(n139)  rnd29=94%(n138)  rnd3=96%(n151)  rnd4=98%(n132)  rnd5=99%(n157)  rnd6=92%(n138)  rnd7=91%(n141)  rnd8=92%(n139)  rnd9=98%(n146)
          └ 이동 분포: straight=67%  left=15%  right=18%
Ep 4400/30000 | R=  -26.6 | Fuel=648.6mL | Wait= 181s | Steps=38.6 | Reach=92% | ε=0.050 | Loss=97.226 | t=2790s
          ├ 토폴로지 도달률(최근50): gangnam_clean_topology=94%
          ├ OD별 도달률(최근200): rnd0=6%(n160)  rnd1=88%(n173)  rnd10=86%(n145)  rnd11=96%(n140)  rnd12=96%(n139)  rnd13=100%(n126)  rnd14=95%(n130)  rnd15=98%(n165)  rnd16=97%(n149)  rnd17=91%(n152)  rnd18=93%(n140)  rnd19=31%(n129)  rnd2=93%(n135)  rnd20=96%(n170)  rnd21=64%(n148)  rnd22=50%(n149)  rnd23=92%(n159)  rnd24=7%(n150)  rnd25=98%(n131)  rnd26=94%(n143)  rnd27=96%(n158)  rnd28=59%(n145)  rnd29=94%(n141)  rnd3=96%(n152)  rnd4=98%(n136)  rnd5=99%(n159)  rnd6=92%(n142)  rnd7=92%(n145)  rnd8=92%(n141)  rnd9=98%(n148)
          └ 이동 분포: straight=67%  left=15%  right=18%
Ep 4500/30000 | R=   36.6 | Fuel=626.4mL | Wait= 150s | Steps=37.0 | Reach=93% | ε=0.050 | Loss=85.888 | t=2817s
          ├ 토폴로지 도달률(최근50): gangnam_clean_topology=96%
          ├ OD별 도달률(최근200): rnd0=7%(n166)  rnd1=89%(n179)  rnd10=86%(n148)  rnd11=96%(n144)  rnd12=96%(n140)  rnd13=100%(n132)  rnd14=95%(n131)  rnd15=98%(n168)  rnd16=97%(n153)  rnd17=92%(n156)  rnd18=93%(n141)  rnd19=32%(n131)  rnd2=93%(n139)  rnd20=97%(n175)  rnd21=65%(n151)  rnd22=50%(n153)  rnd23=92%(n161)  rnd24=7%(n151)  rnd25=98%(n136)  rnd26=94%(n146)  rnd27=96%(n161)  rnd28=61%(n151)  rnd29=94%(n143)  rnd3=96%(n157)  rnd4=98%(n137)  rnd5=99%(n160)  rnd6=93%(n148)  rnd7=92%(n146)  rnd8=92%(n143)  rnd9=98%(n153)
          └ 이동 분포: straight=65%  left=16%  right=18%
Ep 4600/30000 | R=  -24.7 | Fuel=694.3mL | Wait= 180s | Steps=40.6 | Reach=93% | ε=0.050 | Loss=93.358 | t=2847s
          ├ 토폴로지 도달률(최근50): gangnam_clean_topology=96%
          ├ OD별 도달률(최근200): rnd0=7%(n169)  rnd1=89%(n183)  rnd10=86%(n154)  rnd11=96%(n149)  rnd12=96%(n146)  rnd13=100%(n134)  rnd14=95%(n132)  rnd15=98%(n171)  rnd16=97%(n156)  rnd17=92%(n157)  rnd18=93%(n147)  rnd19=35%(n137)  rnd2=93%(n143)  rnd20=97%(n179)  rnd21=66%(n158)  rnd22=51%(n155)  rnd23=92%(n162)  rnd24=6%(n155)  rnd25=98%(n138)  rnd26=94%(n151)  rnd27=96%(n163)  rnd28=61%(n153)  rnd29=95%(n146)  rnd3=96%(n161)  rnd4=98%(n140)  rnd5=99%(n161)  rnd6=93%(n151)  rnd7=92%(n147)  rnd8=92%(n146)  rnd9=98%(n156)
          └ 이동 분포: straight=68%  left=15%  right=17%
Ep 4700/30000 | R=   87.1 | Fuel=593.8mL | Wait= 158s | Steps=34.0 | Reach=91% | ε=0.050 | Loss=90.520 | t=2873s
          ├ 토폴로지 도달률(최근50): gangnam_clean_topology=92%
          ├ OD별 도달률(최근200): rnd0=6%(n175)  rnd1=89%(n186)  rnd10=87%(n158)  rnd11=96%(n152)  rnd12=96%(n151)  rnd13=100%(n135)  rnd14=96%(n134)  rnd15=98%(n173)  rnd16=97%(n158)  rnd17=92%(n160)  rnd18=93%(n149)  rnd19=36%(n140)  rnd2=93%(n146)  rnd20=97%(n180)  rnd21=67%(n162)  rnd22=54%(n164)  rnd23=92%(n164)  rnd24=6%(n158)  rnd25=98%(n143)  rnd26=94%(n155)  rnd27=96%(n167)  rnd28=62%(n155)  rnd29=95%(n150)  rnd3=96%(n169)  rnd4=98%(n143)  rnd5=99%(n163)  rnd6=93%(n153)  rnd7=92%(n149)  rnd8=93%(n150)  rnd9=98%(n158)
          └ 이동 분포: straight=66%  left=16%  right=18%
Ep 4800/30000 | R=  -33.3 | Fuel=717.7mL | Wait= 191s | Steps=41.5 | Reach=97% | ε=0.050 | Loss=79.570 | t=2913s
          ├ 토폴로지 도달률(최근50): gangnam_clean_topology=96%
          ├ OD별 도달률(최근200): rnd0=6%(n177)  rnd1=90%(n191)  rnd10=87%(n161)  rnd11=96%(n155)  rnd12=96%(n158)  rnd13=100%(n139)  rnd14=96%(n138)  rnd15=98%(n174)  rnd16=97%(n159)  rnd17=92%(n162)  rnd18=94%(n154)  rnd19=38%(n144)  rnd2=93%(n151)  rnd20=97%(n182)  rnd21=68%(n167)  rnd22=54%(n167)  rnd23=92%(n168)  rnd24=7%(n160)  rnd25=98%(n144)  rnd26=94%(n156)  rnd27=97%(n173)  rnd28=63%(n158)  rnd29=95%(n151)  rnd3=97%(n174)  rnd4=98%(n147)  rnd5=99%(n164)  rnd6=93%(n156)  rnd7=92%(n151)  rnd8=93%(n158)  rnd9=98%(n161)
          └ 이동 분포: straight=67%  left=16%  right=17%
Ep 4900/30000 | R=   15.2 | Fuel=637.7mL | Wait= 171s | Steps=36.0 | Reach=92% | ε=0.050 | Loss=89.488 | t=2936s
          ├ 토폴로지 도달률(최근50): gangnam_clean_topology=88%
          ├ OD별 도달률(최근200): rnd0=7%(n182)  rnd1=90%(n195)  rnd10=87%(n165)  rnd11=96%(n157)  rnd12=96%(n163)  rnd13=100%(n143)  rnd14=96%(n142)  rnd15=98%(n177)  rnd16=98%(n162)  rnd17=92%(n165)  rnd18=94%(n159)  rnd19=39%(n146)  rnd2=94%(n154)  rnd20=97%(n186)  rnd21=68%(n168)  rnd22=56%(n171)  rnd23=92%(n173)  rnd24=7%(n164)  rnd25=98%(n146)  rnd26=94%(n163)  rnd27=97%(n175)  rnd28=64%(n162)  rnd29=95%(n155)  rnd3=97%(n178)  rnd4=98%(n148)  rnd5=99%(n164)  rnd6=93%(n159)  rnd7=92%(n154)  rnd8=93%(n161)  rnd9=98%(n163)
          └ 이동 분포: straight=67%  left=16%  right=17%
Ep 5000/30000 | R=    0.7 | Fuel=618.0mL | Wait= 172s | Steps=36.4 | Reach=89% | ε=0.050 | Loss=89.199 | t=2958s
          ├ 토폴로지 도달률(최근50): gangnam_clean_topology=92%
          ├ OD별 도달률(최근200): rnd0=6%(n185)  rnd1=90%(n198)  rnd10=87%(n167)  rnd11=96%(n160)  rnd12=96%(n167)  rnd13=100%(n145)  rnd14=96%(n145)  rnd15=98%(n180)  rnd16=98%(n169)  rnd17=92%(n167)  rnd18=94%(n160)  rnd19=39%(n149)  rnd2=94%(n156)  rnd20=97%(n188)  rnd21=69%(n170)  rnd22=57%(n177)  rnd23=93%(n179)  rnd24=6%(n170)  rnd25=98%(n149)  rnd26=95%(n166)  rnd27=97%(n179)  rnd28=65%(n169)  rnd29=95%(n158)  rnd3=97%(n180)  rnd4=98%(n151)  rnd5=99%(n166)  rnd6=93%(n161)  rnd7=92%(n157)  rnd8=93%(n166)  rnd9=98%(n166)
          └ 이동 분포: straight=66%  left=16%  right=19%
  [체크포인트] model_rl_signal_ep5000.pth
Ep 5100/30000 | R=   32.1 | Fuel=616.8mL | Wait= 156s | Steps=35.1 | Reach=88% | ε=0.050 | Loss=81.068 | t=2979s
          ├ 토폴로지 도달률(최근50): gangnam_clean_topology=90%
          ├ OD별 도달률(최근200): rnd0=6%(n189)  rnd1=91%(n200)  rnd10=88%(n171)  rnd11=96%(n163)  rnd12=97%(n172)  rnd13=100%(n149)  rnd14=96%(n147)  rnd15=98%(n180)  rnd16=98%(n172)  rnd17=92%(n172)  rnd18=94%(n165)  rnd19=40%(n153)  rnd2=94%(n158)  rnd20=97%(n190)  rnd21=69%(n172)  rnd22=58%(n179)  rnd23=93%(n181)  rnd24=6%(n177)  rnd25=98%(n153)  rnd26=95%(n167)  rnd27=97%(n182)  rnd28=66%(n172)  rnd29=95%(n165)  rnd3=97%(n182)  rnd4=98%(n157)  rnd5=99%(n167)  rnd6=93%(n164)  rnd7=93%(n161)  rnd8=94%(n170)  rnd9=98%(n168)
          └ 이동 분포: straight=67%  left=15%  right=18%
Ep 5200/30000 | R=  -12.4 | Fuel=662.1mL | Wait= 200s | Steps=37.1 | Reach=90% | ε=0.050 | Loss=80.694 | t=3015s
          ├ 토폴로지 도달률(최근50): gangnam_clean_topology=92%
          ├ OD별 도달률(최근200): rnd0=6%(n191)  rnd1=93%(n200)  rnd10=88%(n175)  rnd11=96%(n168)  rnd12=97%(n175)  rnd13=100%(n151)  rnd14=96%(n149)  rnd15=98%(n184)  rnd16=98%(n174)  rnd17=93%(n179)  rnd18=94%(n170)  rnd19=42%(n158)  rnd2=94%(n161)  rnd20=97%(n191)  rnd21=70%(n176)  rnd22=58%(n183)  rnd23=93%(n187)  rnd24=6%(n184)  rnd25=98%(n153)  rnd26=95%(n173)  rnd27=97%(n184)  rnd28=66%(n176)  rnd29=95%(n167)  rnd3=97%(n183)  rnd4=98%(n160)  rnd5=99%(n169)  rnd6=93%(n169)  rnd7=93%(n162)  rnd8=94%(n172)  rnd9=98%(n170)
          └ 이동 분포: straight=67%  left=16%  right=17%
Ep 5300/30000 | R=   32.4 | Fuel=682.7mL | Wait= 183s | Steps=38.5 | Reach=97% | ε=0.050 | Loss=76.623 | t=3047s
          ├ 토폴로지 도달률(최근50): gangnam_clean_topology=100%
          ├ OD별 도달률(최근200): rnd0=7%(n193)  rnd1=94%(n200)  rnd10=88%(n180)  rnd11=96%(n171)  rnd12=97%(n179)  rnd13=100%(n153)  rnd14=96%(n152)  rnd15=98%(n186)  rnd16=98%(n182)  rnd17=93%(n182)  rnd18=94%(n172)  rnd19=44%(n163)  rnd2=94%(n163)  rnd20=97%(n196)  rnd21=71%(n181)  rnd22=59%(n184)  rnd23=93%(n190)  rnd24=6%(n186)  rnd25=98%(n155)  rnd26=95%(n177)  rnd27=97%(n186)  rnd28=67%(n181)  rnd29=95%(n168)  rnd3=97%(n185)  rnd4=98%(n166)  rnd5=99%(n171)  rnd6=94%(n172)  rnd7=93%(n165)  rnd8=94%(n180)  rnd9=98%(n173)
          └ 이동 분포: straight=67%  left=16%  right=17%
Ep 5400/30000 | R=   49.8 | Fuel=647.9mL | Wait= 171s | Steps=35.8 | Reach=92% | ε=0.050 | Loss=70.594 | t=3099s
          ├ 토폴로지 도달률(최근50): gangnam_clean_topology=98%
          ├ OD별 도달률(최근200): rnd0=8%(n197)  rnd1=95%(n200)  rnd10=89%(n183)  rnd11=97%(n172)  rnd12=97%(n183)  rnd13=100%(n155)  rnd14=96%(n154)  rnd15=98%(n190)  rnd16=98%(n184)  rnd17=93%(n185)  rnd18=94%(n177)  rnd19=45%(n167)  rnd2=94%(n169)  rnd20=97%(n199)  rnd21=71%(n185)  rnd22=59%(n187)  rnd23=93%(n194)  rnd24=6%(n190)  rnd25=98%(n159)  rnd26=95%(n181)  rnd27=97%(n187)  rnd28=67%(n184)  rnd29=95%(n175)  rnd3=97%(n187)  rnd4=98%(n169)  rnd5=99%(n172)  rnd6=94%(n176)  rnd7=93%(n167)  rnd8=94%(n182)  rnd9=98%(n180)
          └ 이동 분포: straight=68%  left=15%  right=17%
Ep 5500/30000 | R=   33.9 | Fuel=673.4mL | Wait= 158s | Steps=38.7 | Reach=95% | ε=0.050 | Loss=70.039 | t=3133s
          ├ 토폴로지 도달률(최근50): gangnam_clean_topology=98%
          ├ OD별 도달률(최근200): rnd0=8%(n199)  rnd1=98%(n200)  rnd10=89%(n186)  rnd11=97%(n177)  rnd12=97%(n184)  rnd13=100%(n161)  rnd14=96%(n156)  rnd15=98%(n193)  rnd16=98%(n187)  rnd17=93%(n187)  rnd18=94%(n179)  rnd19=46%(n173)  rnd2=94%(n172)  rnd20=98%(n200)  rnd21=72%(n188)  rnd22=60%(n191)  rnd23=94%(n200)  rnd24=6%(n193)  rnd25=98%(n163)  rnd26=95%(n185)  rnd27=97%(n188)  rnd28=68%(n189)  rnd29=95%(n176)  rnd3=97%(n190)  rnd4=98%(n172)  rnd5=99%(n174)  rnd6=94%(n181)  rnd7=93%(n170)  rnd8=94%(n186)  rnd9=98%(n182)
          └ 이동 분포: straight=67%  left=15%  right=18%
Ep 5600/30000 | R= -151.3 | Fuel=699.3mL | Wait= 182s | Steps=43.0 | Reach=96% | ε=0.050 | Loss=69.844 | t=3166s
          ├ 토폴로지 도달률(최근50): gangnam_clean_topology=98%
          ├ OD별 도달률(최근200): rnd0=8%(n200)  rnd1=99%(n200)  rnd10=89%(n188)  rnd11=97%(n182)  rnd12=97%(n191)  rnd13=100%(n165)  rnd14=96%(n160)  rnd15=98%(n198)  rnd16=98%(n190)  rnd17=93%(n193)  rnd18=94%(n179)  rnd19=47%(n175)  rnd2=94%(n174)  rnd20=98%(n200)  rnd21=72%(n191)  rnd22=61%(n195)  rnd23=96%(n200)  rnd24=6%(n195)  rnd25=98%(n169)  rnd26=95%(n188)  rnd27=97%(n189)  rnd28=68%(n190)  rnd29=96%(n181)  rnd3=97%(n196)  rnd4=98%(n172)  rnd5=99%(n177)  rnd6=94%(n183)  rnd7=93%(n173)  rnd8=94%(n189)  rnd9=98%(n188)
          └ 이동 분포: straight=64%  left=16%  right=20%
Ep 5700/30000 | R=  150.4 | Fuel=562.0mL | Wait= 125s | Steps=33.2 | Reach=92% | ε=0.050 | Loss=67.777 | t=3201s
          ├ 토폴로지 도달률(최근50): gangnam_clean_topology=90%
          ├ OD별 도달률(최근200): rnd0=8%(n200)  rnd1=100%(n200)  rnd10=89%(n191)  rnd11=97%(n184)  rnd12=97%(n194)  rnd13=100%(n167)  rnd14=96%(n167)  rnd15=98%(n200)  rnd16=98%(n194)  rnd17=93%(n196)  rnd18=95%(n182)  rnd19=49%(n181)  rnd2=94%(n177)  rnd20=98%(n200)  rnd21=72%(n192)  rnd22=61%(n198)  rnd23=97%(n200)  rnd24=6%(n199)  rnd25=98%(n174)  rnd26=95%(n191)  rnd27=97%(n193)  rnd28=68%(n192)  rnd29=96%(n184)  rnd3=98%(n200)  rnd4=98%(n175)  rnd5=99%(n182)  rnd6=94%(n186)  rnd7=93%(n175)  rnd8=94%(n191)  rnd9=98%(n190)
          └ 이동 분포: straight=67%  left=16%  right=17%
Ep 5800/30000 | R=  127.9 | Fuel=567.0mL | Wait= 156s | Steps=33.5 | Reach=95% | ε=0.050 | Loss=71.162 | t=3237s
          ├ 토폴로지 도달률(최근50): gangnam_clean_topology=96%
          ├ OD별 도달률(최근200): rnd0=8%(n200)  rnd1=100%(n200)  rnd10=89%(n195)  rnd11=97%(n193)  rnd12=97%(n198)  rnd13=100%(n170)  rnd14=96%(n169)  rnd15=100%(n200)  rnd16=98%(n195)  rnd17=93%(n199)  rnd18=95%(n185)  rnd19=49%(n183)  rnd2=94%(n180)  rnd20=100%(n200)  rnd21=72%(n192)  rnd22=62%(n200)  rnd23=98%(n200)  rnd24=6%(n200)  rnd25=98%(n178)  rnd26=95%(n193)  rnd27=97%(n194)  rnd28=69%(n195)  rnd29=96%(n188)  rnd3=100%(n200)  rnd4=98%(n178)  rnd5=99%(n187)  rnd6=94%(n189)  rnd7=93%(n178)  rnd8=94%(n197)  rnd9=98%(n195)
          └ 이동 분포: straight=67%  left=16%  right=17%
Ep 5900/30000 | R=  124.5 | Fuel=573.9mL | Wait= 154s | Steps=33.2 | Reach=94% | ε=0.050 | Loss=65.036 | t=3272s
          ├ 토폴로지 도달률(최근50): gangnam_clean_topology=94%
          ├ OD별 도달률(최근200): rnd0=8%(n200)  rnd1=100%(n200)  rnd10=89%(n197)  rnd11=97%(n196)  rnd12=98%(n200)  rnd13=100%(n174)  rnd14=97%(n175)  rnd15=100%(n200)  rnd16=98%(n200)  rnd17=95%(n200)  rnd18=95%(n188)  rnd19=50%(n187)  rnd2=95%(n183)  rnd20=100%(n200)  rnd21=73%(n195)  rnd22=62%(n200)  rnd23=99%(n200)  rnd24=6%(n200)  rnd25=98%(n182)  rnd26=95%(n196)  rnd27=97%(n197)  rnd28=69%(n199)  rnd29=96%(n191)  rnd3=100%(n200)  rnd4=98%(n181)  rnd5=99%(n191)  rnd6=94%(n190)  rnd7=93%(n181)  rnd8=94%(n200)  rnd9=98%(n200)
          └ 이동 분포: straight=67%  left=15%  right=18%
Ep 6000/30000 | R=  -26.3 | Fuel=651.4mL | Wait= 180s | Steps=40.5 | Reach=94% | ε=0.050 | Loss=60.984 | t=3306s
          ├ 토폴로지 도달률(최근50): gangnam_clean_topology=90%
          ├ OD별 도달률(최근200): rnd0=8%(n200)  rnd1=100%(n200)  rnd10=90%(n200)  rnd11=98%(n200)  rnd12=99%(n200)  rnd13=100%(n177)  rnd14=97%(n181)  rnd15=100%(n200)  rnd16=98%(n200)  rnd17=96%(n200)  rnd18=95%(n191)  rnd19=51%(n189)  rnd2=95%(n183)  rnd20=100%(n200)  rnd21=73%(n199)  rnd22=63%(n200)  rnd23=99%(n200)  rnd24=6%(n200)  rnd25=98%(n185)  rnd26=95%(n197)  rnd27=97%(n199)  rnd28=72%(n200)  rnd29=96%(n198)  rnd3=100%(n200)  rnd4=98%(n186)  rnd5=99%(n193)  rnd6=94%(n196)  rnd7=93%(n183)  rnd8=96%(n200)  rnd9=99%(n200)
          └ 이동 분포: straight=67%  left=17%  right=16%
Ep 6100/30000 | R=   22.3 | Fuel=652.7mL | Wait= 166s | Steps=37.5 | Reach=95% | ε=0.050 | Loss=62.884 | t=3336s
          ├ 토폴로지 도달률(최근50): gangnam_clean_topology=94%
          ├ OD별 도달률(최근200): rnd0=9%(n200)  rnd1=100%(n200)  rnd10=92%(n200)  rnd11=99%(n200)  rnd12=100%(n200)  rnd13=100%(n179)  rnd14=97%(n184)  rnd15=100%(n200)  rnd16=98%(n200)  rnd17=98%(n200)  rnd18=95%(n194)  rnd19=51%(n191)  rnd2=95%(n186)  rnd20=100%(n200)  rnd21=74%(n200)  rnd22=64%(n200)  rnd23=100%(n200)  rnd24=6%(n200)  rnd25=98%(n190)  rnd26=96%(n200)  rnd27=98%(n200)  rnd28=74%(n200)  rnd29=96%(n200)  rnd3=100%(n200)  rnd4=98%(n188)  rnd5=99%(n198)  rnd6=95%(n200)  rnd7=94%(n189)  rnd8=98%(n200)  rnd9=100%(n200)
          └ 이동 분포: straight=66%  left=17%  right=17%
Ep 6200/30000 | R=    7.4 | Fuel=664.8mL | Wait= 171s | Steps=37.8 | Reach=93% | ε=0.050 | Loss=63.657 | t=3393s
          ├ 토폴로지 도달률(최근50): gangnam_clean_topology=94%
          ├ OD별 도달률(최근200): rnd0=8%(n200)  rnd1=100%(n200)  rnd10=94%(n200)  rnd11=100%(n200)  rnd12=100%(n200)  rnd13=100%(n181)  rnd14=97%(n191)  rnd15=100%(n200)  rnd16=100%(n200)  rnd17=100%(n200)  rnd18=95%(n198)  rnd19=53%(n197)  rnd2=95%(n187)  rnd20=100%(n200)  rnd21=78%(n200)  rnd22=65%(n200)  rnd23=100%(n200)  rnd24=6%(n200)  rnd25=98%(n192)  rnd26=96%(n200)  rnd27=100%(n200)  rnd28=74%(n200)  rnd29=96%(n200)  rnd3=100%(n200)  rnd4=98%(n194)  rnd5=99%(n199)  rnd6=96%(n200)  rnd7=94%(n190)  rnd8=98%(n200)  rnd9=100%(n200)
          └ 이동 분포: straight=67%  left=16%  right=17%
Ep 6300/30000 | R=  -46.6 | Fuel=748.5mL | Wait= 180s | Steps=42.8 | Reach=98% | ε=0.050 | Loss=57.862 | t=3443s
          ├ 토폴로지 도달률(최근50): gangnam_clean_topology=96%
          ├ OD별 도달률(최근200): rnd0=8%(n200)  rnd1=100%(n200)  rnd10=95%(n200)  rnd11=100%(n200)  rnd12=100%(n200)  rnd13=100%(n184)  rnd14=97%(n194)  rnd15=100%(n200)  rnd16=100%(n200)  rnd17=100%(n200)  rnd18=96%(n200)  rnd19=54%(n200)  rnd2=95%(n190)  rnd20=100%(n200)  rnd21=80%(n200)  rnd22=68%(n200)  rnd23=100%(n200)  rnd24=6%(n200)  rnd25=98%(n198)  rnd26=97%(n200)  rnd27=100%(n200)  rnd28=75%(n200)  rnd29=98%(n200)  rnd3=100%(n200)  rnd4=98%(n197)  rnd5=100%(n200)  rnd6=98%(n200)  rnd7=94%(n194)  rnd8=99%(n200)  rnd9=100%(n200)
          └ 이동 분포: straight=66%  left=15%  right=19%
Ep 6400/30000 | R=  116.5 | Fuel=617.3mL | Wait= 148s | Steps=34.8 | Reach=95% | ε=0.050 | Loss=60.709 | t=3480s
          ├ 토폴로지 도달률(최근50): gangnam_clean_topology=96%
          ├ OD별 도달률(최근200): rnd0=8%(n200)  rnd1=100%(n200)  rnd10=96%(n200)  rnd11=100%(n200)  rnd12=100%(n200)  rnd13=100%(n185)  rnd14=97%(n200)  rnd15=100%(n200)  rnd16=100%(n200)  rnd17=100%(n200)  rnd18=96%(n200)  rnd19=55%(n200)  rnd2=95%(n194)  rnd20=100%(n200)  rnd21=81%(n200)  rnd22=69%(n200)  rnd23=100%(n200)  rnd24=6%(n200)  rnd25=99%(n200)  rnd26=98%(n200)  rnd27=100%(n200)  rnd28=76%(n200)  rnd29=98%(n200)  rnd3=100%(n200)  rnd4=98%(n199)  rnd5=100%(n200)  rnd6=100%(n200)  rnd7=94%(n198)  rnd8=100%(n200)  rnd9=100%(n200)
          └ 이동 분포: straight=69%  left=15%  right=17%
Ep 6500/30000 | R=  -25.1 | Fuel=672.8mL | Wait= 170s | Steps=39.2 | Reach=94% | ε=0.050 | Loss=54.064 | t=3520s
          ├ 토폴로지 도달률(최근50): gangnam_clean_topology=94%
          ├ OD별 도달률(최근200): rnd0=8%(n200)  rnd1=100%(n200)  rnd10=97%(n200)  rnd11=100%(n200)  rnd12=100%(n200)  rnd13=100%(n187)  rnd14=98%(n200)  rnd15=100%(n200)  rnd16=100%(n200)  rnd17=100%(n200)  rnd18=98%(n200)  rnd19=55%(n200)  rnd2=95%(n196)  rnd20=100%(n200)  rnd21=82%(n200)  rnd22=70%(n200)  rnd23=100%(n200)  rnd24=7%(n200)  rnd25=100%(n200)  rnd26=98%(n200)  rnd27=100%(n200)  rnd28=78%(n200)  rnd29=100%(n200)  rnd3=100%(n200)  rnd4=99%(n200)  rnd5=100%(n200)  rnd6=100%(n200)  rnd7=98%(n200)  rnd8=100%(n200)  rnd9=100%(n200)
          └ 이동 분포: straight=66%  left=13%  right=21%
Ep 6600/30000 | R=   73.8 | Fuel=636.5mL | Wait= 147s | Steps=35.8 | Reach=94% | ε=0.050 | Loss=58.309 | t=3562s
          ├ 토폴로지 도달률(최근50): gangnam_clean_topology=90%
          ├ OD별 도달률(최근200): rnd0=8%(n200)  rnd1=100%(n200)  rnd10=99%(n200)  rnd11=100%(n200)  rnd12=100%(n200)  rnd13=100%(n190)  rnd14=100%(n200)  rnd15=100%(n200)  rnd16=100%(n200)  rnd17=100%(n200)  rnd18=100%(n200)  rnd19=56%(n200)  rnd2=96%(n200)  rnd20=100%(n200)  rnd21=84%(n200)  rnd22=72%(n200)  rnd23=100%(n200)  rnd24=7%(n200)  rnd25=100%(n200)  rnd26=98%(n200)  rnd27=100%(n200)  rnd28=78%(n200)  rnd29=100%(n200)  rnd3=100%(n200)  rnd4=100%(n200)  rnd5=100%(n200)  rnd6=100%(n200)  rnd7=98%(n200)  rnd8=100%(n200)  rnd9=100%(n200)
          └ 이동 분포: straight=67%  left=15%  right=18%
Ep 6700/30000 | R=   72.1 | Fuel=574.1mL | Wait= 158s | Steps=34.1 | Reach=89% | ε=0.050 | Loss=56.442 | t=3598s
          ├ 토폴로지 도달률(최근50): gangnam_clean_topology=86%
          ├ OD별 도달률(최근200): rnd0=7%(n200)  rnd1=100%(n200)  rnd10=100%(n200)  rnd11=100%(n200)  rnd12=100%(n200)  rnd13=100%(n195)  rnd14=100%(n200)  rnd15=100%(n200)  rnd16=100%(n200)  rnd17=100%(n200)  rnd18=100%(n200)  rnd19=57%(n200)  rnd2=96%(n200)  rnd20=100%(n200)  rnd21=86%(n200)  rnd22=72%(n200)  rnd23=100%(n200)  rnd24=6%(n200)  rnd25=100%(n200)  rnd26=100%(n200)  rnd27=100%(n200)  rnd28=79%(n200)  rnd29=100%(n200)  rnd3=100%(n200)  rnd4=100%(n200)  rnd5=100%(n200)  rnd6=100%(n200)  rnd7=99%(n200)  rnd8=100%(n200)  rnd9=100%(n200)
          └ 이동 분포: straight=68%  left=15%  right=17%
Ep 6800/30000 | R=   88.6 | Fuel=556.1mL | Wait= 134s | Steps=32.6 | Reach=91% | ε=0.050 | Loss=55.961 | t=3632s
          ├ 토폴로지 도달률(최근50): gangnam_clean_topology=90%
          ├ OD별 도달률(최근200): rnd0=7%(n200)  rnd1=100%(n200)  rnd10=100%(n200)  rnd11=100%(n200)  rnd12=100%(n200)  rnd13=100%(n199)  rnd14=100%(n200)  rnd15=100%(n200)  rnd16=100%(n200)  rnd17=100%(n200)  rnd18=100%(n200)  rnd19=57%(n200)  rnd2=96%(n200)  rnd20=100%(n200)  rnd21=86%(n200)  rnd22=73%(n200)  rnd23=100%(n200)  rnd24=6%(n200)  rnd25=100%(n200)  rnd26=100%(n200)  rnd27=100%(n200)  rnd28=81%(n200)  rnd29=100%(n200)  rnd3=100%(n200)  rnd4=100%(n200)  rnd5=100%(n200)  rnd6=100%(n200)  rnd7=100%(n200)  rnd8=100%(n200)  rnd9=100%(n200)
          └ 이동 분포: straight=65%  left=16%  right=19%
Ep 6900/30000 | R=  137.2 | Fuel=618.2mL | Wait= 140s | Steps=35.8 | Reach=97% | ε=0.050 | Loss=56.416 | t=3669s
          ├ 토폴로지 도달률(최근50): gangnam_clean_topology=96%
          ├ OD별 도달률(최근200): rnd0=7%(n200)  rnd1=100%(n200)  rnd10=100%(n200)  rnd11=100%(n200)  rnd12=100%(n200)  rnd13=100%(n200)  rnd14=100%(n200)  rnd15=100%(n200)  rnd16=100%(n200)  rnd17=100%(n200)  rnd18=100%(n200)  rnd19=60%(n200)  rnd2=97%(n200)  rnd20=100%(n200)  rnd21=88%(n200)  rnd22=75%(n200)  rnd23=100%(n200)  rnd24=7%(n200)  rnd25=100%(n200)  rnd26=100%(n200)  rnd27=100%(n200)  rnd28=82%(n200)  rnd29=100%(n200)  rnd3=100%(n200)  rnd4=100%(n200)  rnd5=100%(n200)  rnd6=100%(n200)  rnd7=100%(n200)  rnd8=100%(n200)  rnd9=100%(n200)
          └ 이동 분포: straight=68%  left=15%  right=17%
Ep 7000/30000 | R=   76.9 | Fuel=635.7mL | Wait= 160s | Steps=37.7 | Reach=94% | ε=0.050 | Loss=51.075 | t=3715s
          ├ 토폴로지 도달률(최근50): gangnam_clean_topology=98%
          ├ OD별 도달률(최근200): rnd0=6%(n200)  rnd1=100%(n200)  rnd10=100%(n200)  rnd11=100%(n200)  rnd12=100%(n200)  rnd13=100%(n200)  rnd14=100%(n200)  rnd15=100%(n200)  rnd16=100%(n200)  rnd17=100%(n200)  rnd18=100%(n200)  rnd19=62%(n200)  rnd2=98%(n200)  rnd20=100%(n200)  rnd21=90%(n200)  rnd22=76%(n200)  rnd23=100%(n200)  rnd24=7%(n200)  rnd25=100%(n200)  rnd26=100%(n200)  rnd27=100%(n200)  rnd28=84%(n200)  rnd29=100%(n200)  rnd3=100%(n200)  rnd4=100%(n200)  rnd5=100%(n200)  rnd6=100%(n200)  rnd7=100%(n200)  rnd8=100%(n200)  rnd9=100%(n200)
          └ 이동 분포: straight=66%  left=16%  right=18%
Ep 7100/30000 | R=  152.5 | Fuel=541.4mL | Wait= 157s | Steps=31.2 | Reach=90% | ε=0.050 | Loss=49.215 | t=3753s
          ├ 토폴로지 도달률(최근50): gangnam_clean_topology=90%
          ├ OD별 도달률(최근200): rnd0=6%(n200)  rnd1=100%(n200)  rnd10=100%(n200)  rnd11=100%(n200)  rnd12=100%(n200)  rnd13=100%(n200)  rnd14=100%(n200)  rnd15=100%(n200)  rnd16=100%(n200)  rnd17=100%(n200)  rnd18=100%(n200)  rnd19=62%(n200)  rnd2=99%(n200)  rnd20=100%(n200)  rnd21=92%(n200)  rnd22=78%(n200)  rnd23=100%(n200)  rnd24=7%(n200)  rnd25=100%(n200)  rnd26=100%(n200)  rnd27=100%(n200)  rnd28=86%(n200)  rnd29=100%(n200)  rnd3=100%(n200)  rnd4=100%(n200)  rnd5=100%(n200)  rnd6=100%(n200)  rnd7=100%(n200)  rnd8=100%(n200)  rnd9=100%(n200)
          └ 이동 분포: straight=67%  left=15%  right=17%
Ep 7200/30000 | R=   88.8 | Fuel=609.0mL | Wait= 166s | Steps=34.9 | Reach=92% | ε=0.050 | Loss=51.900 | t=3802s
          ├ 토폴로지 도달률(최근50): gangnam_clean_topology=86%
          ├ OD별 도달률(최근200): rnd0=6%(n200)  rnd1=100%(n200)  rnd10=100%(n200)  rnd11=100%(n200)  rnd12=100%(n200)  rnd13=100%(n200)  rnd14=100%(n200)  rnd15=100%(n200)  rnd16=100%(n200)  rnd17=100%(n200)  rnd18=100%(n200)  rnd19=63%(n200)  rnd2=100%(n200)  rnd20=100%(n200)  rnd21=93%(n200)  rnd22=80%(n200)  rnd23=100%(n200)  rnd24=6%(n200)  rnd25=100%(n200)  rnd26=100%(n200)  rnd27=100%(n200)  rnd28=86%(n200)  rnd29=100%(n200)  rnd3=100%(n200)  rnd4=100%(n200)  rnd5=100%(n200)  rnd6=100%(n200)  rnd7=100%(n200)  rnd8=100%(n200)  rnd9=100%(n200)
          └ 이동 분포: straight=67%  left=15%  right=18%
Ep 7300/30000 | R=  123.2 | Fuel=612.0mL | Wait= 168s | Steps=33.8 | Reach=91% | ε=0.050 | Loss=47.905 | t=3840s
          ├ 토폴로지 도달률(최근50): gangnam_clean_topology=90%
          ├ OD별 도달률(최근200): rnd0=7%(n200)  rnd1=100%(n200)  rnd10=100%(n200)  rnd11=100%(n200)  rnd12=100%(n200)  rnd13=100%(n200)  rnd14=100%(n200)  rnd15=100%(n200)  rnd16=100%(n200)  rnd17=100%(n200)  rnd18=100%(n200)  rnd19=66%(n200)  rnd2=100%(n200)  rnd20=100%(n200)  rnd21=94%(n200)  rnd22=80%(n200)  rnd23=100%(n200)  rnd24=5%(n200)  rnd25=100%(n200)  rnd26=100%(n200)  rnd27=100%(n200)  rnd28=90%(n200)  rnd29=100%(n200)  rnd3=100%(n200)  rnd4=100%(n200)  rnd5=100%(n200)  rnd6=100%(n200)  rnd7=100%(n200)  rnd8=100%(n200)  rnd9=100%(n200)
          └ 이동 분포: straight=70%  left=14%  right=16%
Ep 7400/30000 | R=  131.4 | Fuel=611.6mL | Wait= 159s | Steps=33.9 | Reach=96% | ε=0.050 | Loss=47.397 | t=3877s
          ├ 토폴로지 도달률(최근50): gangnam_clean_topology=96%
          ├ OD별 도달률(최근200): rnd0=7%(n200)  rnd1=100%(n200)  rnd10=100%(n200)  rnd11=100%(n200)  rnd12=100%(n200)  rnd13=100%(n200)  rnd14=100%(n200)  rnd15=100%(n200)  rnd16=100%(n200)  rnd17=100%(n200)  rnd18=100%(n200)  rnd19=67%(n200)  rnd2=100%(n200)  rnd20=100%(n200)  rnd21=94%(n200)  rnd22=82%(n200)  rnd23=100%(n200)  rnd24=5%(n200)  rnd25=100%(n200)  rnd26=100%(n200)  rnd27=100%(n200)  rnd28=92%(n200)  rnd29=100%(n200)  rnd3=100%(n200)  rnd4=100%(n200)  rnd5=100%(n200)  rnd6=100%(n200)  rnd7=100%(n200)  rnd8=100%(n200)  rnd9=100%(n200)
          └ 이동 분포: straight=69%  left=14%  right=17%
Ep 7500/30000 | R=  180.2 | Fuel=558.6mL | Wait= 144s | Steps=30.8 | Reach=95% | ε=0.050 | Loss=44.537 | t=3911s
          ├ 토폴로지 도달률(최근50): gangnam_clean_topology=96%
          ├ OD별 도달률(최근200): rnd0=6%(n200)  rnd1=100%(n200)  rnd10=100%(n200)  rnd11=100%(n200)  rnd12=100%(n200)  rnd13=100%(n200)  rnd14=100%(n200)  rnd15=100%(n200)  rnd16=100%(n200)  rnd17=100%(n200)  rnd18=100%(n200)  rnd19=68%(n200)  rnd2=100%(n200)  rnd20=100%(n200)  rnd21=94%(n200)  rnd22=84%(n200)  rnd23=100%(n200)  rnd24=5%(n200)  rnd25=100%(n200)  rnd26=100%(n200)  rnd27=100%(n200)  rnd28=93%(n200)  rnd29=100%(n200)  rnd3=100%(n200)  rnd4=100%(n200)  rnd5=100%(n200)  rnd6=100%(n200)  rnd7=100%(n200)  rnd8=100%(n200)  rnd9=100%(n200)
          └ 이동 분포: straight=69%  left=14%  right=17%
  [체크포인트] model_rl_signal_ep7500.pth
Ep 7600/30000 | R=   86.8 | Fuel=612.2mL | Wait= 147s | Steps=33.5 | Reach=91% | ε=0.050 | Loss=43.955 | t=3948s
          ├ 토폴로지 도달률(최근50): gangnam_clean_topology=92%
          ├ OD별 도달률(최근200): rnd0=6%(n200)  rnd1=100%(n200)  rnd10=100%(n200)  rnd11=100%(n200)  rnd12=100%(n200)  rnd13=100%(n200)  rnd14=100%(n200)  rnd15=100%(n200)  rnd16=100%(n200)  rnd17=100%(n200)  rnd18=100%(n200)  rnd19=69%(n200)  rnd2=100%(n200)  rnd20=100%(n200)  rnd21=95%(n200)  rnd22=86%(n200)  rnd23=100%(n200)  rnd24=5%(n200)  rnd25=100%(n200)  rnd26=100%(n200)  rnd27=100%(n200)  rnd28=94%(n200)  rnd29=100%(n200)  rnd3=100%(n200)  rnd4=100%(n200)  rnd5=100%(n200)  rnd6=100%(n200)  rnd7=100%(n200)  rnd8=100%(n200)  rnd9=100%(n200)
          └ 이동 분포: straight=67%  left=15%  right=18%
Ep 7700/30000 | R=  144.4 | Fuel=589.4mL | Wait= 141s | Steps=32.8 | Reach=95% | ε=0.050 | Loss=45.361 | t=3983s
          ├ 토폴로지 도달률(최근50): gangnam_clean_topology=96%
          ├ OD별 도달률(최근200): rnd0=6%(n200)  rnd1=100%(n200)  rnd10=100%(n200)  rnd11=100%(n200)  rnd12=100%(n200)  rnd13=100%(n200)  rnd14=100%(n200)  rnd15=100%(n200)  rnd16=100%(n200)  rnd17=100%(n200)  rnd18=100%(n200)  rnd19=70%(n200)  rnd2=100%(n200)  rnd20=100%(n200)  rnd21=96%(n200)  rnd22=88%(n200)  rnd23=100%(n200)  rnd24=6%(n200)  rnd25=100%(n200)  rnd26=100%(n200)  rnd27=100%(n200)  rnd28=94%(n200)  rnd29=100%(n200)  rnd3=100%(n200)  rnd4=100%(n200)  rnd5=100%(n200)  rnd6=100%(n200)  rnd7=100%(n200)  rnd8=100%(n200)  rnd9=100%(n200)
          └ 이동 분포: straight=67%  left=15%  right=18%
Ep 7800/30000 | R=  106.9 | Fuel=614.1mL | Wait= 153s | Steps=35.6 | Reach=92% | ε=0.050 | Loss=40.834 | t=4023s
          ├ 토폴로지 도달률(최근50): gangnam_clean_topology=94%
          ├ OD별 도달률(최근200): rnd0=6%(n200)  rnd1=100%(n200)  rnd10=100%(n200)  rnd11=100%(n200)  rnd12=100%(n200)  rnd13=100%(n200)  rnd14=100%(n200)  rnd15=100%(n200)  rnd16=100%(n200)  rnd17=100%(n200)  rnd18=100%(n200)  rnd19=72%(n200)  rnd2=100%(n200)  rnd20=100%(n200)  rnd21=96%(n200)  rnd22=88%(n200)  rnd23=100%(n200)  rnd24=6%(n200)  rnd25=100%(n200)  rnd26=100%(n200)  rnd27=100%(n200)  rnd28=94%(n200)  rnd29=100%(n200)  rnd3=100%(n200)  rnd4=100%(n200)  rnd5=100%(n200)  rnd6=100%(n200)  rnd7=100%(n200)  rnd8=100%(n200)  rnd9=100%(n200)
          └ 이동 분포: straight=69%  left=15%  right=16%
Ep 7900/30000 | R=  107.6 | Fuel=625.3mL | Wait= 172s | Steps=33.9 | Reach=94% | ε=0.050 | Loss=41.772 | t=4062s
          ├ 토폴로지 도달률(최근50): gangnam_clean_topology=94%
          ├ OD별 도달률(최근200): rnd0=6%(n200)  rnd1=100%(n200)  rnd10=100%(n200)  rnd11=100%(n200)  rnd12=100%(n200)  rnd13=100%(n200)  rnd14=100%(n200)  rnd15=100%(n200)  rnd16=100%(n200)  rnd17=100%(n200)  rnd18=100%(n200)  rnd19=72%(n200)  rnd2=100%(n200)  rnd20=100%(n200)  rnd21=96%(n200)  rnd22=90%(n200)  rnd23=100%(n200)  rnd24=6%(n200)  rnd25=100%(n200)  rnd26=100%(n200)  rnd27=100%(n200)  rnd28=96%(n200)  rnd29=100%(n200)  rnd3=100%(n200)  rnd4=100%(n200)  rnd5=100%(n200)  rnd6=100%(n200)  rnd7=100%(n200)  rnd8=100%(n200)  rnd9=100%(n200)
          └ 이동 분포: straight=68%  left=14%  right=17%
Ep 8000/30000 | R=  137.0 | Fuel=620.6mL | Wait= 150s | Steps=33.8 | Reach=97% | ε=0.050 | Loss=42.319 | t=4103s
          ├ 토폴로지 도달률(최근50): gangnam_clean_topology=100%
          ├ OD별 도달률(최근200): rnd0=6%(n200)  rnd1=100%(n200)  rnd10=100%(n200)  rnd11=100%(n200)  rnd12=100%(n200)  rnd13=100%(n200)  rnd14=100%(n200)  rnd15=100%(n200)  rnd16=100%(n200)  rnd17=100%(n200)  rnd18=100%(n200)  rnd19=74%(n200)  rnd2=100%(n200)  rnd20=100%(n200)  rnd21=98%(n200)  rnd22=92%(n200)  rnd23=100%(n200)  rnd24=6%(n200)  rnd25=100%(n200)  rnd26=100%(n200)  rnd27=100%(n200)  rnd28=96%(n200)  rnd29=100%(n200)  rnd3=100%(n200)  rnd4=100%(n200)  rnd5=100%(n200)  rnd6=100%(n200)  rnd7=100%(n200)  rnd8=100%(n200)  rnd9=100%(n200)
          └ 이동 분포: straight=70%  left=14%  right=16%
Ep 8100/30000 | R=   70.7 | Fuel=680.6mL | Wait= 169s | Steps=38.5 | Reach=97% | ε=0.050 | Loss=39.859 | t=4148s
          ├ 토폴로지 도달률(최근50): gangnam_clean_topology=94%
          ├ OD별 도달률(최근200): rnd0=7%(n200)  rnd1=100%(n200)  rnd10=100%(n200)  rnd11=100%(n200)  rnd12=100%(n200)  rnd13=100%(n200)  rnd14=100%(n200)  rnd15=100%(n200)  rnd16=100%(n200)  rnd17=100%(n200)  rnd18=100%(n200)  rnd19=76%(n200)  rnd2=100%(n200)  rnd20=100%(n200)  rnd21=99%(n200)  rnd22=92%(n200)  rnd23=100%(n200)  rnd24=6%(n200)  rnd25=100%(n200)  rnd26=100%(n200)  rnd27=100%(n200)  rnd28=96%(n200)  rnd29=100%(n200)  rnd3=100%(n200)  rnd4=100%(n200)  rnd5=100%(n200)  rnd6=100%(n200)  rnd7=100%(n200)  rnd8=100%(n200)  rnd9=100%(n200)
          └ 이동 분포: straight=67%  left=16%  right=17%
Ep 8200/30000 | R=   93.0 | Fuel=620.0mL | Wait= 172s | Steps=33.7 | Reach=92% | ε=0.050 | Loss=44.408 | t=4213s
          ├ 토폴로지 도달률(최근50): gangnam_clean_topology=94%
          ├ OD별 도달률(최근200): rnd0=7%(n200)  rnd1=100%(n200)  rnd10=100%(n200)  rnd11=100%(n200)  rnd12=100%(n200)  rnd13=100%(n200)  rnd14=100%(n200)  rnd15=100%(n200)  rnd16=100%(n200)  rnd17=100%(n200)  rnd18=100%(n200)  rnd19=78%(n200)  rnd2=100%(n200)  rnd20=100%(n200)  rnd21=99%(n200)  rnd22=94%(n200)  rnd23=100%(n200)  rnd24=6%(n200)  rnd25=100%(n200)  rnd26=100%(n200)  rnd27=100%(n200)  rnd28=96%(n200)  rnd29=100%(n200)  rnd3=100%(n200)  rnd4=100%(n200)  rnd5=100%(n200)  rnd6=100%(n200)  rnd7=100%(n200)  rnd8=100%(n200)  rnd9=100%(n200)
          └ 이동 분포: straight=68%  left=14%  right=18%
Ep 8300/30000 | R=  102.5 | Fuel=627.9mL | Wait= 160s | Steps=34.3 | Reach=93% | ε=0.050 | Loss=42.620 | t=4283s
          ├ 토폴로지 도달률(최근50): gangnam_clean_topology=98%
          ├ OD별 도달률(최근200): rnd0=7%(n200)  rnd1=100%(n200)  rnd10=100%(n200)  rnd11=100%(n200)  rnd12=100%(n200)  rnd13=100%(n200)  rnd14=100%(n200)  rnd15=100%(n200)  rnd16=100%(n200)  rnd17=100%(n200)  rnd18=100%(n200)  rnd19=80%(n200)  rnd2=100%(n200)  rnd20=100%(n200)  rnd21=99%(n200)  rnd22=94%(n200)  rnd23=100%(n200)  rnd24=6%(n200)  rnd25=100%(n200)  rnd26=100%(n200)  rnd27=100%(n200)  rnd28=96%(n200)  rnd29=100%(n200)  rnd3=100%(n200)  rnd4=100%(n200)  rnd5=100%(n200)  rnd6=100%(n200)  rnd7=100%(n200)  rnd8=100%(n200)  rnd9=100%(n200)
          └ 이동 분포: straight=68%  left=15%  right=18%
Ep 8400/30000 | R=   88.3 | Fuel=658.1mL | Wait= 182s | Steps=34.9 | Reach=96% | ε=0.050 | Loss=43.389 | t=4360s
          ├ 토폴로지 도달률(최근50): gangnam_clean_topology=96%
          ├ OD별 도달률(최근200): rnd0=7%(n200)  rnd1=100%(n200)  rnd10=100%(n200)  rnd11=100%(n200)  rnd12=100%(n200)  rnd13=100%(n200)  rnd14=100%(n200)  rnd15=100%(n200)  rnd16=100%(n200)  rnd17=100%(n200)  rnd18=100%(n200)  rnd19=80%(n200)  rnd2=100%(n200)  rnd20=100%(n200)  rnd21=99%(n200)  rnd22=94%(n200)  rnd23=100%(n200)  rnd24=6%(n200)  rnd25=100%(n200)  rnd26=100%(n200)  rnd27=100%(n200)  rnd28=97%(n200)  rnd29=100%(n200)  rnd3=100%(n200)  rnd4=100%(n200)  rnd5=100%(n200)  rnd6=100%(n200)  rnd7=100%(n200)  rnd8=100%(n200)  rnd9=100%(n200)
          └ 이동 분포: straight=66%  left=16%  right=18%
Ep 8500/30000 | R=  113.9 | Fuel=610.8mL | Wait= 159s | Steps=35.3 | Reach=96% | ε=0.050 | Loss=39.793 | t=4431s
          ├ 토폴로지 도달률(최근50): gangnam_clean_topology=96%
          ├ OD별 도달률(최근200): rnd0=8%(n200)  rnd1=100%(n200)  rnd10=100%(n200)  rnd11=100%(n200)  rnd12=100%(n200)  rnd13=100%(n200)  rnd14=100%(n200)  rnd15=100%(n200)  rnd16=100%(n200)  rnd17=100%(n200)  rnd18=100%(n200)  rnd19=80%(n200)  rnd2=100%(n200)  rnd20=100%(n200)  rnd21=99%(n200)  rnd22=94%(n200)  rnd23=100%(n200)  rnd24=6%(n200)  rnd25=100%(n200)  rnd26=100%(n200)  rnd27=100%(n200)  rnd28=97%(n200)  rnd29=100%(n200)  rnd3=100%(n200)  rnd4=100%(n200)  rnd5=100%(n200)  rnd6=100%(n200)  rnd7=100%(n200)  rnd8=100%(n200)  rnd9=100%(n200)
          └ 이동 분포: straight=66%  left=17%  right=18%
Ep 8600/30000 | R=  118.1 | Fuel=590.3mL | Wait= 166s | Steps=31.8 | Reach=91% | ε=0.050 | Loss=41.070 | t=4490s
          ├ 토폴로지 도달률(최근50): gangnam_clean_topology=86%
          ├ OD별 도달률(최근200): rnd0=6%(n200)  rnd1=100%(n200)  rnd10=100%(n200)  rnd11=100%(n200)  rnd12=100%(n200)  rnd13=100%(n200)  rnd14=100%(n200)  rnd15=100%(n200)  rnd16=100%(n200)  rnd17=100%(n200)  rnd18=100%(n200)  rnd19=82%(n200)  rnd2=100%(n200)  rnd20=100%(n200)  rnd21=99%(n200)  rnd22=96%(n200)  rnd23=100%(n200)  rnd24=6%(n200)  rnd25=100%(n200)  rnd26=100%(n200)  rnd27=100%(n200)  rnd28=97%(n200)  rnd29=100%(n200)  rnd3=100%(n200)  rnd4=100%(n200)  rnd5=100%(n200)  rnd6=100%(n200)  rnd7=100%(n200)  rnd8=100%(n200)  rnd9=100%(n200)
          └ 이동 분포: straight=67%  left=15%  right=18%
Ep 8700/30000 | R=   80.5 | Fuel=625.0mL | Wait= 152s | Steps=34.5 | Reach=95% | ε=0.050 | Loss=44.582 | t=4528s
          ├ 토폴로지 도달률(최근50): gangnam_clean_topology=94%
          ├ OD별 도달률(최근200): rnd0=6%(n200)  rnd1=100%(n200)  rnd10=100%(n200)  rnd11=100%(n200)  rnd12=100%(n200)  rnd13=100%(n200)  rnd14=100%(n200)  rnd15=100%(n200)  rnd16=100%(n200)  rnd17=100%(n200)  rnd18=100%(n200)  rnd19=83%(n200)  rnd2=100%(n200)  rnd20=100%(n200)  rnd21=99%(n200)  rnd22=96%(n200)  rnd23=100%(n200)  rnd24=5%(n200)  rnd25=100%(n200)  rnd26=100%(n200)  rnd27=100%(n200)  rnd28=97%(n200)  rnd29=100%(n200)  rnd3=100%(n200)  rnd4=100%(n200)  rnd5=100%(n200)  rnd6=100%(n200)  rnd7=100%(n200)  rnd8=100%(n200)  rnd9=100%(n200)
          └ 이동 분포: straight=64%  left=17%  right=19%
Ep 8800/30000 | R=  122.6 | Fuel=590.4mL | Wait= 162s | Steps=32.5 | Reach=91% | ε=0.050 | Loss=43.594 | t=4572s
          ├ 토폴로지 도달률(최근50): gangnam_clean_topology=82%
          ├ OD별 도달률(최근200): rnd0=6%(n200)  rnd1=100%(n200)  rnd10=100%(n200)  rnd11=100%(n200)  rnd12=100%(n200)  rnd13=100%(n200)  rnd14=100%(n200)  rnd15=100%(n200)  rnd16=100%(n200)  rnd17=100%(n200)  rnd18=100%(n200)  rnd19=84%(n200)  rnd2=100%(n200)  rnd20=100%(n200)  rnd21=99%(n200)  rnd22=96%(n200)  rnd23=100%(n200)  rnd24=5%(n200)  rnd25=100%(n200)  rnd26=100%(n200)  rnd27=100%(n200)  rnd28=98%(n200)  rnd29=100%(n200)  rnd3=100%(n200)  rnd4=100%(n200)  rnd5=100%(n200)  rnd6=100%(n200)  rnd7=100%(n200)  rnd8=100%(n200)  rnd9=100%(n200)
          └ 이동 분포: straight=69%  left=15%  right=16%
Ep 8900/30000 | R=  160.9 | Fuel=562.7mL | Wait= 155s | Steps=32.0 | Reach=93% | ε=0.050 | Loss=39.112 | t=4607s
          ├ 토폴로지 도달률(최근50): gangnam_clean_topology=98%
          ├ OD별 도달률(최근200): rnd0=6%(n200)  rnd1=100%(n200)  rnd10=100%(n200)  rnd11=100%(n200)  rnd12=100%(n200)  rnd13=100%(n200)  rnd14=100%(n200)  rnd15=100%(n200)  rnd16=100%(n200)  rnd17=100%(n200)  rnd18=100%(n200)  rnd19=86%(n200)  rnd2=100%(n200)  rnd20=100%(n200)  rnd21=99%(n200)  rnd22=96%(n200)  rnd23=100%(n200)  rnd24=5%(n200)  rnd25=100%(n200)  rnd26=100%(n200)  rnd27=100%(n200)  rnd28=98%(n200)  rnd29=100%(n200)  rnd3=100%(n200)  rnd4=100%(n200)  rnd5=100%(n200)  rnd6=100%(n200)  rnd7=100%(n200)  rnd8=100%(n200)  rnd9=100%(n200)
          └ 이동 분포: straight=68%  left=15%  right=16%
Ep 9000/30000 | R=  124.0 | Fuel=641.3mL | Wait= 153s | Steps=34.2 | Reach=95% | ε=0.050 | Loss=40.570 | t=4645s
          ├ 토폴로지 도달률(최근50): gangnam_clean_topology=98%
          ├ OD별 도달률(최근200): rnd0=6%(n200)  rnd1=100%(n200)  rnd10=100%(n200)  rnd11=100%(n200)  rnd12=100%(n200)  rnd13=100%(n200)  rnd14=100%(n200)  rnd15=100%(n200)  rnd16=100%(n200)  rnd17=100%(n200)  rnd18=100%(n200)  rnd19=88%(n200)  rnd2=100%(n200)  rnd20=100%(n200)  rnd21=99%(n200)  rnd22=96%(n200)  rnd23=100%(n200)  rnd24=4%(n200)  rnd25=100%(n200)  rnd26=100%(n200)  rnd27=100%(n200)  rnd28=98%(n200)  rnd29=100%(n200)  rnd3=100%(n200)  rnd4=100%(n200)  rnd5=100%(n200)  rnd6=100%(n200)  rnd7=100%(n200)  rnd8=100%(n200)  rnd9=100%(n200)
          └ 이동 분포: straight=68%  left=15%  right=17%
Ep 9100/30000 | R=  132.7 | Fuel=579.4mL | Wait= 152s | Steps=31.9 | Reach=90% | ε=0.050 | Loss=39.187 | t=4681s
          ├ 토폴로지 도달률(최근50): gangnam_clean_topology=86%
          ├ OD별 도달률(최근200): rnd0=6%(n200)  rnd1=100%(n200)  rnd10=100%(n200)  rnd11=100%(n200)  rnd12=100%(n200)  rnd13=100%(n200)  rnd14=100%(n200)  rnd15=100%(n200)  rnd16=100%(n200)  rnd17=100%(n200)  rnd18=100%(n200)  rnd19=90%(n200)  rnd2=100%(n200)  rnd20=100%(n200)  rnd21=99%(n200)  rnd22=96%(n200)  rnd23=100%(n200)  rnd24=4%(n200)  rnd25=100%(n200)  rnd26=100%(n200)  rnd27=100%(n200)  rnd28=98%(n200)  rnd29=100%(n200)  rnd3=100%(n200)  rnd4=100%(n200)  rnd5=100%(n200)  rnd6=100%(n200)  rnd7=100%(n200)  rnd8=100%(n200)  rnd9=100%(n200)
          └ 이동 분포: straight=68%  left=15%  right=17%
Ep 9200/30000 | R=  193.1 | Fuel=556.0mL | Wait= 145s | Steps=30.7 | Reach=95% | ε=0.050 | Loss=36.620 | t=4743s
          ├ 토폴로지 도달률(최근50): gangnam_clean_topology=94%
          ├ OD별 도달률(최근200): rnd0=6%(n200)  rnd1=100%(n200)  rnd10=100%(n200)  rnd11=100%(n200)  rnd12=100%(n200)  rnd13=100%(n200)  rnd14=100%(n200)  rnd15=100%(n200)  rnd16=100%(n200)  rnd17=100%(n200)  rnd18=100%(n200)  rnd19=92%(n200)  rnd2=100%(n200)  rnd20=100%(n200)  rnd21=99%(n200)  rnd22=96%(n200)  rnd23=100%(n200)  rnd24=4%(n200)  rnd25=100%(n200)  rnd26=100%(n200)  rnd27=100%(n200)  rnd28=98%(n200)  rnd29=100%(n200)  rnd3=100%(n200)  rnd4=100%(n200)  rnd5=100%(n200)  rnd6=100%(n200)  rnd7=100%(n200)  rnd8=100%(n200)  rnd9=100%(n200)
          └ 이동 분포: straight=67%  left=15%  right=17%
Ep 9300/30000 | R=  124.8 | Fuel=593.3mL | Wait= 153s | Steps=31.9 | Reach=89% | ε=0.050 | Loss=35.906 | t=4815s
          ├ 토폴로지 도달률(최근50): gangnam_clean_topology=84%
          ├ OD별 도달률(최근200): rnd0=6%(n200)  rnd1=100%(n200)  rnd10=100%(n200)  rnd11=100%(n200)  rnd12=100%(n200)  rnd13=100%(n200)  rnd14=100%(n200)  rnd15=100%(n200)  rnd16=100%(n200)  rnd17=100%(n200)  rnd18=100%(n200)  rnd19=93%(n200)  rnd2=100%(n200)  rnd20=100%(n200)  rnd21=99%(n200)  rnd22=96%(n200)  rnd23=100%(n200)  rnd24=4%(n200)  rnd25=100%(n200)  rnd26=100%(n200)  rnd27=100%(n200)  rnd28=98%(n200)  rnd29=100%(n200)  rnd3=100%(n200)  rnd4=100%(n200)  rnd5=100%(n200)  rnd6=100%(n200)  rnd7=100%(n200)  rnd8=100%(n200)  rnd9=100%(n200)
          └ 이동 분포: straight=69%  left=15%  right=16%
Ep 9400/30000 | R=   15.8 | Fuel=596.0mL | Wait= 164s | Steps=35.5 | Reach=92% | ε=0.050 | Loss=37.830 | t=4897s
          ├ 토폴로지 도달률(최근50): gangnam_clean_topology=96%
          ├ OD별 도달률(최근200): rnd0=6%(n200)  rnd1=100%(n200)  rnd10=100%(n200)  rnd11=100%(n200)  rnd12=100%(n200)  rnd13=100%(n200)  rnd14=100%(n200)  rnd15=100%(n200)  rnd16=100%(n200)  rnd17=100%(n200)  rnd18=100%(n200)  rnd19=94%(n200)  rnd2=100%(n200)  rnd20=100%(n200)  rnd21=99%(n200)  rnd22=96%(n200)  rnd23=100%(n200)  rnd24=4%(n200)  rnd25=100%(n200)  rnd26=100%(n200)  rnd27=100%(n200)  rnd28=98%(n200)  rnd29=100%(n200)  rnd3=100%(n200)  rnd4=100%(n200)  rnd5=100%(n200)  rnd6=100%(n200)  rnd7=100%(n200)  rnd8=100%(n200)  rnd9=100%(n200)
          └ 이동 분포: straight=64%  left=17%  right=18%
Ep 9500/30000 | R=  149.8 | Fuel=594.5mL | Wait= 171s | Steps=32.2 | Reach=95% | ε=0.050 | Loss=36.371 | t=4969s
          ├ 토폴로지 도달률(최근50): gangnam_clean_topology=94%
          ├ OD별 도달률(최근200): rnd0=6%(n200)  rnd1=100%(n200)  rnd10=100%(n200)  rnd11=100%(n200)  rnd12=100%(n200)  rnd13=100%(n200)  rnd14=100%(n200)  rnd15=100%(n200)  rnd16=100%(n200)  rnd17=100%(n200)  rnd18=100%(n200)  rnd19=95%(n200)  rnd2=100%(n200)  rnd20=100%(n200)  rnd21=99%(n200)  rnd22=96%(n200)  rnd23=100%(n200)  rnd24=4%(n200)  rnd25=100%(n200)  rnd26=100%(n200)  rnd27=100%(n200)  rnd28=98%(n200)  rnd29=100%(n200)  rnd3=100%(n200)  rnd4=100%(n200)  rnd5=100%(n200)  rnd6=100%(n200)  rnd7=100%(n200)  rnd8=100%(n200)  rnd9=100%(n200)
          └ 이동 분포: straight=68%  left=15%  right=17%
Ep 9600/30000 | R=  204.1 | Fuel=545.8mL | Wait= 144s | Steps=29.3 | Reach=95% | ε=0.050 | Loss=34.445 | t=5036s
          ├ 토폴로지 도달률(최근50): gangnam_clean_topology=94%
          ├ OD별 도달률(최근200): rnd0=6%(n200)  rnd1=100%(n200)  rnd10=100%(n200)  rnd11=100%(n200)  rnd12=100%(n200)  rnd13=100%(n200)  rnd14=100%(n200)  rnd15=100%(n200)  rnd16=100%(n200)  rnd17=100%(n200)  rnd18=100%(n200)  rnd19=96%(n200)  rnd2=100%(n200)  rnd20=100%(n200)  rnd21=99%(n200)  rnd22=96%(n200)  rnd23=100%(n200)  rnd24=4%(n200)  rnd25=100%(n200)  rnd26=100%(n200)  rnd27=100%(n200)  rnd28=98%(n200)  rnd29=100%(n200)  rnd3=100%(n200)  rnd4=100%(n200)  rnd5=100%(n200)  rnd6=100%(n200)  rnd7=100%(n200)  rnd8=100%(n200)  rnd9=100%(n200)
          └ 이동 분포: straight=68%  left=16%  right=16%
Ep 9700/30000 | R=  140.3 | Fuel=679.8mL | Wait= 163s | Steps=34.4 | Reach=98% | ε=0.050 | Loss=35.156 | t=5113s
          ├ 토폴로지 도달률(최근50): gangnam_clean_topology=100%
          ├ OD별 도달률(최근200): rnd0=7%(n200)  rnd1=100%(n200)  rnd10=100%(n200)  rnd11=100%(n200)  rnd12=100%(n200)  rnd13=100%(n200)  rnd14=100%(n200)  rnd15=100%(n200)  rnd16=100%(n200)  rnd17=100%(n200)  rnd18=100%(n200)  rnd19=96%(n200)  rnd2=100%(n200)  rnd20=100%(n200)  rnd21=99%(n200)  rnd22=96%(n200)  rnd23=100%(n200)  rnd24=4%(n200)  rnd25=100%(n200)  rnd26=100%(n200)  rnd27=100%(n200)  rnd28=98%(n200)  rnd29=100%(n200)  rnd3=100%(n200)  rnd4=100%(n200)  rnd5=100%(n200)  rnd6=100%(n200)  rnd7=100%(n200)  rnd8=100%(n200)  rnd9=100%(n200)
          └ 이동 분포: straight=68%  left=15%  right=17%
Ep 9800/30000 | R=  155.4 | Fuel=555.0mL | Wait= 163s | Steps=30.4 | Reach=93% | ε=0.050 | Loss=33.546 | t=5182s
          ├ 토폴로지 도달률(최근50): gangnam_clean_topology=92%
          ├ OD별 도달률(최근200): rnd0=7%(n200)  rnd1=100%(n200)  rnd10=100%(n200)  rnd11=100%(n200)  rnd12=100%(n200)  rnd13=100%(n200)  rnd14=100%(n200)  rnd15=100%(n200)  rnd16=100%(n200)  rnd17=100%(n200)  rnd18=100%(n200)  rnd19=96%(n200)  rnd2=100%(n200)  rnd20=100%(n200)  rnd21=99%(n200)  rnd22=96%(n200)  rnd23=100%(n200)  rnd24=4%(n200)  rnd25=100%(n200)  rnd26=100%(n200)  rnd27=100%(n200)  rnd28=98%(n200)  rnd29=100%(n200)  rnd3=100%(n200)  rnd4=100%(n200)  rnd5=100%(n200)  rnd6=100%(n200)  rnd7=100%(n200)  rnd8=100%(n200)  rnd9=100%(n200)
          └ 이동 분포: straight=67%  left=16%  right=17%
Ep 9900/30000 | R=  102.2 | Fuel=616.0mL | Wait= 169s | Steps=35.1 | Reach=94% | ε=0.050 | Loss=31.582 | t=5263s
          ├ 토폴로지 도달률(최근50): gangnam_clean_topology=94%
          ├ OD별 도달률(최근200): rnd0=7%(n200)  rnd1=100%(n200)  rnd10=100%(n200)  rnd11=100%(n200)  rnd12=100%(n200)  rnd13=100%(n200)  rnd14=100%(n200)  rnd15=100%(n200)  rnd16=100%(n200)  rnd17=100%(n200)  rnd18=100%(n200)  rnd19=96%(n200)  rnd2=100%(n200)  rnd20=100%(n200)  rnd21=99%(n200)  rnd22=96%(n200)  rnd23=100%(n200)  rnd24=4%(n200)  rnd25=100%(n200)  rnd26=100%(n200)  rnd27=100%(n200)  rnd28=98%(n200)  rnd29=100%(n200)  rnd3=100%(n200)  rnd4=100%(n200)  rnd5=100%(n200)  rnd6=100%(n200)  rnd7=100%(n200)  rnd8=100%(n200)  rnd9=100%(n200)
          └ 이동 분포: straight=67%  left=15%  right=18%
Ep 10000/30000 | R=   61.8 | Fuel=637.1mL | Wait= 144s | Steps=34.5 | Reach=93% | ε=0.050 | Loss=37.782 | t=5342s
          ├ 토폴로지 도달률(최근50): gangnam_clean_topology=94%
          ├ OD별 도달률(최근200): rnd0=6%(n200)  rnd1=100%(n200)  rnd10=100%(n200)  rnd11=100%(n200)  rnd12=100%(n200)  rnd13=100%(n200)  rnd14=100%(n200)  rnd15=100%(n200)  rnd16=100%(n200)  rnd17=100%(n200)  rnd18=100%(n200)  rnd19=96%(n200)  rnd2=100%(n200)  rnd20=100%(n200)  rnd21=99%(n200)  rnd22=96%(n200)  rnd23=100%(n200)  rnd24=4%(n200)  rnd25=100%(n200)  rnd26=100%(n200)  rnd27=100%(n200)  rnd28=98%(n200)  rnd29=100%(n200)  rnd3=100%(n200)  rnd4=100%(n200)  rnd5=100%(n200)  rnd6=100%(n200)  rnd7=100%(n200)  rnd8=100%(n200)  rnd9=100%(n200)
          └ 이동 분포: straight=66%  left=16%  right=18%
  [체크포인트] model_rl_signal_ep10000.pth
Ep 10100/30000 | R=  157.9 | Fuel=608.5mL | Wait= 170s | Steps=32.5 | Reach=94% | ε=0.050 | Loss=34.859 | t=5390s
          ├ 토폴로지 도달률(최근50): gangnam_clean_topology=98%
          ├ OD별 도달률(최근200): rnd0=6%(n200)  rnd1=100%(n200)  rnd10=100%(n200)  rnd11=100%(n200)  rnd12=100%(n200)  rnd13=100%(n200)  rnd14=100%(n200)  rnd15=100%(n200)  rnd16=100%(n200)  rnd17=100%(n200)  rnd18=100%(n200)  rnd19=96%(n200)  rnd2=100%(n200)  rnd20=100%(n200)  rnd21=99%(n200)  rnd22=97%(n200)  rnd23=100%(n200)  rnd24=4%(n200)  rnd25=100%(n200)  rnd26=100%(n200)  rnd27=100%(n200)  rnd28=98%(n200)  rnd29=100%(n200)  rnd3=100%(n200)  rnd4=100%(n200)  rnd5=100%(n200)  rnd6=100%(n200)  rnd7=100%(n200)  rnd8=100%(n200)  rnd9=100%(n200)
          └ 이동 분포: straight=68%  left=15%  right=17%
Ep 10200/30000 | R=  120.7 | Fuel=609.9mL | Wait= 140s | Steps=31.2 | Reach=91% | ε=0.050 | Loss=34.755 | t=5414s
          ├ 토폴로지 도달률(최근50): gangnam_clean_topology=90%
          ├ OD별 도달률(최근200): rnd0=6%(n200)  rnd1=100%(n200)  rnd10=100%(n200)  rnd11=100%(n200)  rnd12=100%(n200)  rnd13=100%(n200)  rnd14=100%(n200)  rnd15=100%(n200)  rnd16=100%(n200)  rnd17=100%(n200)  rnd18=100%(n200)  rnd19=96%(n200)  rnd2=100%(n200)  rnd20=100%(n200)  rnd21=99%(n200)  rnd22=97%(n200)  rnd23=100%(n200)  rnd24=4%(n200)  rnd25=100%(n200)  rnd26=100%(n200)  rnd27=100%(n200)  rnd28=98%(n200)  rnd29=100%(n200)  rnd3=100%(n200)  rnd4=100%(n200)  rnd5=100%(n200)  rnd6=100%(n200)  rnd7=100%(n200)  rnd8=100%(n200)  rnd9=100%(n200)
          └ 이동 분포: straight=67%  left=15%  right=18%
Ep 10300/30000 | R=  195.3 | Fuel=570.7mL | Wait= 137s | Steps=28.8 | Reach=92% | ε=0.050 | Loss=34.160 | t=5440s
          ├ 토폴로지 도달률(최근50): gangnam_clean_topology=94%
          ├ OD별 도달률(최근200): rnd0=6%(n200)  rnd1=100%(n200)  rnd10=100%(n200)  rnd11=100%(n200)  rnd12=100%(n200)  rnd13=100%(n200)  rnd14=100%(n200)  rnd15=100%(n200)  rnd16=100%(n200)  rnd17=100%(n200)  rnd18=100%(n200)  rnd19=96%(n200)  rnd2=100%(n200)  rnd20=100%(n200)  rnd21=99%(n200)  rnd22=97%(n200)  rnd23=100%(n200)  rnd24=4%(n200)  rnd25=100%(n200)  rnd26=100%(n200)  rnd27=100%(n200)  rnd28=98%(n200)  rnd29=100%(n200)  rnd3=100%(n200)  rnd4=100%(n200)  rnd5=100%(n200)  rnd6=100%(n200)  rnd7=100%(n200)  rnd8=100%(n200)  rnd9=100%(n200)
          └ 이동 분포: straight=67%  left=16%  right=17%
Ep 10400/30000 | R=   41.0 | Fuel=663.2mL | Wait= 165s | Steps=34.3 | Reach=91% | ε=0.050 | Loss=34.043 | t=5463s
          ├ 토폴로지 도달률(최근50): gangnam_clean_topology=92%
          ├ OD별 도달률(최근200): rnd0=6%(n200)  rnd1=100%(n200)  rnd10=100%(n200)  rnd11=100%(n200)  rnd12=100%(n200)  rnd13=100%(n200)  rnd14=100%(n200)  rnd15=100%(n200)  rnd16=100%(n200)  rnd17=100%(n200)  rnd18=100%(n200)  rnd19=96%(n200)  rnd2=100%(n200)  rnd20=100%(n200)  rnd21=99%(n200)  rnd22=97%(n200)  rnd23=100%(n200)  rnd24=3%(n200)  rnd25=100%(n200)  rnd26=100%(n200)  rnd27=100%(n200)  rnd28=98%(n200)  rnd29=100%(n200)  rnd3=100%(n200)  rnd4=100%(n200)  rnd5=100%(n200)  rnd6=100%(n200)  rnd7=100%(n200)  rnd8=100%(n200)  rnd9=100%(n200)
          └ 이동 분포: straight=66%  left=16%  right=18%
Ep 10500/30000 | R=  159.2 | Fuel=571.0mL | Wait= 151s | Steps=31.7 | Reach=92% | ε=0.050 | Loss=32.117 | t=5532s
          ├ 토폴로지 도달률(최근50): gangnam_clean_topology=92%
          ├ OD별 도달률(최근200): rnd0=6%(n200)  rnd1=100%(n200)  rnd10=100%(n200)  rnd11=100%(n200)  rnd12=100%(n200)  rnd13=100%(n200)  rnd14=100%(n200)  rnd15=100%(n200)  rnd16=100%(n200)  rnd17=100%(n200)  rnd18=100%(n200)  rnd19=96%(n200)  rnd2=100%(n200)  rnd20=100%(n200)  rnd21=99%(n200)  rnd22=98%(n200)  rnd23=100%(n200)  rnd24=3%(n200)  rnd25=100%(n200)  rnd26=100%(n200)  rnd27=100%(n200)  rnd28=98%(n200)  rnd29=100%(n200)  rnd3=100%(n200)  rnd4=100%(n200)  rnd5=100%(n200)  rnd6=100%(n200)  rnd7=100%(n200)  rnd8=100%(n200)  rnd9=100%(n200)
          └ 이동 분포: straight=68%  left=14%  right=18%
Ep 10600/30000 | R=  131.2 | Fuel=647.0mL | Wait= 147s | Steps=33.8 | Reach=95% | ε=0.050 | Loss=31.763 | t=5608s
          ├ 토폴로지 도달률(최근50): gangnam_clean_topology=94%
          ├ OD별 도달률(최근200): rnd0=7%(n200)  rnd1=100%(n200)  rnd10=100%(n200)  rnd11=100%(n200)  rnd12=100%(n200)  rnd13=100%(n200)  rnd14=100%(n200)  rnd15=100%(n200)  rnd16=100%(n200)  rnd17=100%(n200)  rnd18=100%(n200)  rnd19=96%(n200)  rnd2=100%(n200)  rnd20=100%(n200)  rnd21=100%(n200)  rnd22=98%(n200)  rnd23=100%(n200)  rnd24=3%(n200)  rnd25=100%(n200)  rnd26=100%(n200)  rnd27=100%(n200)  rnd28=98%(n200)  rnd29=100%(n200)  rnd3=100%(n200)  rnd4=100%(n200)  rnd5=100%(n200)  rnd6=100%(n200)  rnd7=100%(n200)  rnd8=100%(n200)  rnd9=100%(n200)
          └ 이동 분포: straight=68%  left=15%  right=17%
Ep 10700/30000 | R=   79.2 | Fuel=618.7mL | Wait= 163s | Steps=34.7 | Reach=95% | ε=0.050 | Loss=32.592 | t=5687s
          ├ 토폴로지 도달률(최근50): gangnam_clean_topology=98%
          ├ OD별 도달률(최근200): rnd0=7%(n200)  rnd1=100%(n200)  rnd10=100%(n200)  rnd11=100%(n200)  rnd12=100%(n200)  rnd13=100%(n200)  rnd14=100%(n200)  rnd15=100%(n200)  rnd16=100%(n200)  rnd17=100%(n200)  rnd18=100%(n200)  rnd19=96%(n200)  rnd2=100%(n200)  rnd20=100%(n200)  rnd21=99%(n200)  rnd22=98%(n200)  rnd23=100%(n200)  rnd24=3%(n200)  rnd25=100%(n200)  rnd26=100%(n200)  rnd27=100%(n200)  rnd28=98%(n200)  rnd29=100%(n200)  rnd3=100%(n200)  rnd4=100%(n200)  rnd5=100%(n200)  rnd6=100%(n200)  rnd7=100%(n200)  rnd8=100%(n200)  rnd9=100%(n200)
          └ 이동 분포: straight=65%  left=17%  right=18%
Ep 10800/30000 | R=  193.7 | Fuel=545.6mL | Wait= 144s | Steps=30.9 | Reach=93% | ε=0.050 | Loss=31.568 | t=5757s
          ├ 토폴로지 도달률(최근50): gangnam_clean_topology=94%
          ├ OD별 도달률(최근200): rnd0=7%(n200)  rnd1=100%(n200)  rnd10=100%(n200)  rnd11=100%(n200)  rnd12=100%(n200)  rnd13=100%(n200)  rnd14=100%(n200)  rnd15=100%(n200)  rnd16=100%(n200)  rnd17=100%(n200)  rnd18=100%(n200)  rnd19=96%(n200)  rnd2=100%(n200)  rnd20=100%(n200)  rnd21=99%(n200)  rnd22=98%(n200)  rnd23=100%(n200)  rnd24=3%(n200)  rnd25=100%(n200)  rnd26=100%(n200)  rnd27=100%(n200)  rnd28=98%(n200)  rnd29=100%(n200)  rnd3=100%(n200)  rnd4=100%(n200)  rnd5=100%(n200)  rnd6=100%(n200)  rnd7=100%(n200)  rnd8=100%(n200)  rnd9=100%(n200)
          └ 이동 분포: straight=67%  left=15%  right=18%
Ep 10900/30000 | R=  146.3 | Fuel=594.9mL | Wait= 152s | Steps=31.4 | Reach=93% | ε=0.050 | Loss=33.234 | t=5829s
          ├ 토폴로지 도달률(최근50): gangnam_clean_topology=92%
          ├ OD별 도달률(최근200): rnd0=7%(n200)  rnd1=100%(n200)  rnd10=100%(n200)  rnd11=100%(n200)  rnd12=100%(n200)  rnd13=100%(n200)  rnd14=100%(n200)  rnd15=100%(n200)  rnd16=100%(n200)  rnd17=100%(n200)  rnd18=100%(n200)  rnd19=96%(n200)  rnd2=100%(n200)  rnd20=100%(n200)  rnd21=99%(n200)  rnd22=98%(n200)  rnd23=100%(n200)  rnd24=3%(n200)  rnd25=100%(n200)  rnd26=100%(n200)  rnd27=100%(n200)  rnd28=98%(n200)  rnd29=100%(n200)  rnd3=100%(n200)  rnd4=100%(n200)  rnd5=100%(n200)  rnd6=100%(n200)  rnd7=100%(n200)  rnd8=100%(n200)  rnd9=100%(n200)
          └ 이동 분포: straight=68%  left=15%  right=17%
Ep 11000/30000 | R=  115.4 | Fuel=620.8mL | Wait= 168s | Steps=34.0 | Reach=94% | ε=0.050 | Loss=31.973 | t=5870s
          ├ 토폴로지 도달률(최근50): gangnam_clean_topology=90%
          ├ OD별 도달률(최근200): rnd0=6%(n200)  rnd1=100%(n200)  rnd10=100%(n200)  rnd11=100%(n200)  rnd12=100%(n200)  rnd13=100%(n200)  rnd14=100%(n200)  rnd15=100%(n200)  rnd16=100%(n200)  rnd17=100%(n200)  rnd18=100%(n200)  rnd19=97%(n200)  rnd2=100%(n200)  rnd20=100%(n200)  rnd21=99%(n200)  rnd22=98%(n200)  rnd23=100%(n200)  rnd24=4%(n200)  rnd25=100%(n200)  rnd26=100%(n200)  rnd27=100%(n200)  rnd28=98%(n200)  rnd29=100%(n200)  rnd3=100%(n200)  rnd4=100%(n200)  rnd5=100%(n200)  rnd6=100%(n200)  rnd7=100%(n200)  rnd8=100%(n200)  rnd9=100%(n200)
          └ 이동 분포: straight=67%  left=16%  right=17%
Ep 11100/30000 | R=  189.3 | Fuel=628.7mL | Wait= 179s | Steps=31.6 | Reach=97% | ε=0.050 | Loss=31.019 | t=5907s
          ├ 토폴로지 도달률(최근50): gangnam_clean_topology=96%
          ├ OD별 도달률(최근200): rnd0=7%(n200)  rnd1=100%(n200)  rnd10=100%(n200)  rnd11=100%(n200)  rnd12=100%(n200)  rnd13=100%(n200)  rnd14=100%(n200)  rnd15=100%(n200)  rnd16=100%(n200)  rnd17=100%(n200)  rnd18=100%(n200)  rnd19=98%(n200)  rnd2=100%(n200)  rnd20=100%(n200)  rnd21=99%(n200)  rnd22=98%(n200)  rnd23=100%(n200)  rnd24=4%(n200)  rnd25=100%(n200)  rnd26=100%(n200)  rnd27=100%(n200)  rnd28=98%(n200)  rnd29=100%(n200)  rnd3=100%(n200)  rnd4=100%(n200)  rnd5=100%(n200)  rnd6=100%(n200)  rnd7=100%(n200)  rnd8=100%(n200)  rnd9=100%(n200)
          └ 이동 분포: straight=69%  left=15%  right=17%
Ep 11200/30000 | R=  161.9 | Fuel=596.1mL | Wait= 149s | Steps=31.0 | Reach=92% | ε=0.050 | Loss=30.390 | t=5942s
          ├ 토폴로지 도달률(최근50): gangnam_clean_topology=96%
          ├ OD별 도달률(최근200): rnd0=7%(n200)  rnd1=100%(n200)  rnd10=100%(n200)  rnd11=100%(n200)  rnd12=100%(n200)  rnd13=100%(n200)  rnd14=100%(n200)  rnd15=100%(n200)  rnd16=100%(n200)  rnd17=100%(n200)  rnd18=100%(n200)  rnd19=98%(n200)  rnd2=100%(n200)  rnd20=100%(n200)  rnd21=99%(n200)  rnd22=98%(n200)  rnd23=100%(n200)  rnd24=4%(n200)  rnd25=100%(n200)  rnd26=100%(n200)  rnd27=100%(n200)  rnd28=98%(n200)  rnd29=100%(n200)  rnd3=100%(n200)  rnd4=100%(n200)  rnd5=100%(n200)  rnd6=100%(n200)  rnd7=100%(n200)  rnd8=100%(n200)  rnd9=100%(n200)
          └ 이동 분포: straight=68%  left=15%  right=17%
Ep 11300/30000 | R=  199.7 | Fuel=598.6mL | Wait= 147s | Steps=32.8 | Reach=98% | ε=0.050 | Loss=29.468 | t=5978s
          ├ 토폴로지 도달률(최근50): gangnam_clean_topology=96%
          ├ OD별 도달률(최근200): rnd0=7%(n200)  rnd1=100%(n200)  rnd10=100%(n200)  rnd11=100%(n200)  rnd12=100%(n200)  rnd13=100%(n200)  rnd14=100%(n200)  rnd15=100%(n200)  rnd16=100%(n200)  rnd17=100%(n200)  rnd18=100%(n200)  rnd19=98%(n200)  rnd2=100%(n200)  rnd20=100%(n200)  rnd21=99%(n200)  rnd22=98%(n200)  rnd23=100%(n200)  rnd24=4%(n200)  rnd25=100%(n200)  rnd26=100%(n200)  rnd27=100%(n200)  rnd28=98%(n200)  rnd29=100%(n200)  rnd3=100%(n200)  rnd4=100%(n200)  rnd5=100%(n200)  rnd6=100%(n200)  rnd7=100%(n200)  rnd8=100%(n200)  rnd9=100%(n200)
          └ 이동 분포: straight=69%  left=14%  right=17%
Ep 11400/30000 | R=  167.7 | Fuel=630.9mL | Wait= 178s | Steps=33.0 | Reach=98% | ε=0.050 | Loss=27.910 | t=6014s
          ├ 토폴로지 도달률(최근50): gangnam_clean_topology=100%
          ├ OD별 도달률(최근200): rnd0=7%(n200)  rnd1=100%(n200)  rnd10=100%(n200)  rnd11=100%(n200)  rnd12=100%(n200)  rnd13=100%(n200)  rnd14=100%(n200)  rnd15=100%(n200)  rnd16=100%(n200)  rnd17=100%(n200)  rnd18=100%(n200)  rnd19=98%(n200)  rnd2=100%(n200)  rnd20=100%(n200)  rnd21=99%(n200)  rnd22=98%(n200)  rnd23=100%(n200)  rnd24=4%(n200)  rnd25=100%(n200)  rnd26=100%(n200)  rnd27=100%(n200)  rnd28=98%(n200)  rnd29=100%(n200)  rnd3=100%(n200)  rnd4=100%(n200)  rnd5=100%(n200)  rnd6=100%(n200)  rnd7=100%(n200)  rnd8=100%(n200)  rnd9=100%(n200)
          └ 이동 분포: straight=68%  left=15%  right=17%
Ep 11500/30000 | R=  131.0 | Fuel=625.9mL | Wait= 161s | Steps=34.0 | Reach=95% | ε=0.050 | Loss=30.506 | t=6052s
          ├ 토폴로지 도달률(최근50): gangnam_clean_topology=92%
          ├ OD별 도달률(최근200): rnd0=6%(n200)  rnd1=100%(n200)  rnd10=100%(n200)  rnd11=100%(n200)  rnd12=100%(n200)  rnd13=100%(n200)  rnd14=100%(n200)  rnd15=100%(n200)  rnd16=100%(n200)  rnd17=100%(n200)  rnd18=100%(n200)  rnd19=98%(n200)  rnd2=100%(n200)  rnd20=100%(n200)  rnd21=99%(n200)  rnd22=98%(n200)  rnd23=100%(n200)  rnd24=4%(n200)  rnd25=100%(n200)  rnd26=100%(n200)  rnd27=100%(n200)  rnd28=98%(n200)  rnd29=100%(n200)  rnd3=100%(n200)  rnd4=100%(n200)  rnd5=100%(n200)  rnd6=100%(n200)  rnd7=100%(n200)  rnd8=100%(n200)  rnd9=100%(n200)
          └ 이동 분포: straight=67%  left=16%  right=17%
Ep 11600/30000 | R=  105.9 | Fuel=641.9mL | Wait= 166s | Steps=33.7 | Reach=93% | ε=0.050 | Loss=30.240 | t=6089s
          ├ 토폴로지 도달률(최근50): gangnam_clean_topology=94%
          ├ OD별 도달률(최근200): rnd0=6%(n200)  rnd1=100%(n200)  rnd10=100%(n200)  rnd11=100%(n200)  rnd12=100%(n200)  rnd13=100%(n200)  rnd14=100%(n200)  rnd15=100%(n200)  rnd16=100%(n200)  rnd17=100%(n200)  rnd18=100%(n200)  rnd19=98%(n200)  rnd2=100%(n200)  rnd20=100%(n200)  rnd21=99%(n200)  rnd22=98%(n200)  rnd23=100%(n200)  rnd24=4%(n200)  rnd25=100%(n200)  rnd26=100%(n200)  rnd27=100%(n200)  rnd28=99%(n200)  rnd29=100%(n200)  rnd3=100%(n200)  rnd4=100%(n200)  rnd5=100%(n200)  rnd6=100%(n200)  rnd7=100%(n200)  rnd8=100%(n200)  rnd9=100%(n200)
          └ 이동 분포: straight=68%  left=14%  right=17%
Ep 11700/30000 | R=  127.8 | Fuel=670.7mL | Wait= 187s | Steps=34.1 | Reach=96% | ε=0.050 | Loss=28.975 | t=6127s
          ├ 토폴로지 도달률(최근50): gangnam_clean_topology=96%
          ├ OD별 도달률(최근200): rnd0=6%(n200)  rnd1=100%(n200)  rnd10=100%(n200)  rnd11=100%(n200)  rnd12=100%(n200)  rnd13=100%(n200)  rnd14=100%(n200)  rnd15=100%(n200)  rnd16=100%(n200)  rnd17=100%(n200)  rnd18=100%(n200)  rnd19=98%(n200)  rnd2=100%(n200)  rnd20=100%(n200)  rnd21=99%(n200)  rnd22=98%(n200)  rnd23=100%(n200)  rnd24=3%(n200)  rnd25=100%(n200)  rnd26=100%(n200)  rnd27=100%(n200)  rnd28=99%(n200)  rnd29=100%(n200)  rnd3=100%(n200)  rnd4=100%(n200)  rnd5=100%(n200)  rnd6=100%(n200)  rnd7=100%(n200)  rnd8=100%(n200)  rnd9=100%(n200)
          └ 이동 분포: straight=68%  left=15%  right=17%
Ep 11800/30000 | R=   36.2 | Fuel=663.4mL | Wait= 186s | Steps=36.4 | Reach=92% | ε=0.050 | Loss=29.377 | t=6167s
          ├ 토폴로지 도달률(최근50): gangnam_clean_topology=92%
          ├ OD별 도달률(최근200): rnd0=6%(n200)  rnd1=100%(n200)  rnd10=100%(n200)  rnd11=100%(n200)  rnd12=100%(n200)  rnd13=100%(n200)  rnd14=100%(n200)  rnd15=100%(n200)  rnd16=100%(n200)  rnd17=100%(n200)  rnd18=100%(n200)  rnd19=98%(n200)  rnd2=100%(n200)  rnd20=100%(n200)  rnd21=99%(n200)  rnd22=98%(n200)  rnd23=100%(n200)  rnd24=3%(n200)  rnd25=100%(n200)  rnd26=100%(n200)  rnd27=100%(n200)  rnd28=100%(n200)  rnd29=100%(n200)  rnd3=100%(n200)  rnd4=100%(n200)  rnd5=100%(n200)  rnd6=100%(n200)  rnd7=100%(n200)  rnd8=100%(n200)  rnd9=100%(n200)
          └ 이동 분포: straight=66%  left=16%  right=18%
Ep 11900/30000 | R=  195.0 | Fuel=614.9mL | Wait= 184s | Steps=32.0 | Reach=98% | ε=0.050 | Loss=31.057 | t=6202s
          ├ 토폴로지 도달률(최근50): gangnam_clean_topology=98%
          ├ OD별 도달률(최근200): rnd0=6%(n200)  rnd1=100%(n200)  rnd10=100%(n200)  rnd11=100%(n200)  rnd12=100%(n200)  rnd13=100%(n200)  rnd14=100%(n200)  rnd15=100%(n200)  rnd16=100%(n200)  rnd17=100%(n200)  rnd18=100%(n200)  rnd19=98%(n200)  rnd2=100%(n200)  rnd20=100%(n200)  rnd21=99%(n200)  rnd22=98%(n200)  rnd23=100%(n200)  rnd24=3%(n200)  rnd25=100%(n200)  rnd26=100%(n200)  rnd27=100%(n200)  rnd28=100%(n200)  rnd29=100%(n200)  rnd3=100%(n200)  rnd4=100%(n200)  rnd5=100%(n200)  rnd6=100%(n200)  rnd7=100%(n200)  rnd8=100%(n200)  rnd9=100%(n200)
          └ 이동 분포: straight=69%  left=15%  right=16%
Ep 12000/30000 | R=   92.2 | Fuel=580.4mL | Wait= 142s | Steps=33.7 | Reach=87% | ε=0.050 | Loss=31.635 | t=6240s
          ├ 토폴로지 도달률(최근50): gangnam_clean_topology=90%
          ├ OD별 도달률(최근200): rnd0=6%(n200)  rnd1=100%(n200)  rnd10=100%(n200)  rnd11=100%(n200)  rnd12=100%(n200)  rnd13=100%(n200)  rnd14=100%(n200)  rnd15=100%(n200)  rnd16=100%(n200)  rnd17=100%(n200)  rnd18=100%(n200)  rnd19=98%(n200)  rnd2=100%(n200)  rnd20=100%(n200)  rnd21=99%(n200)  rnd22=98%(n200)  rnd23=100%(n200)  rnd24=3%(n200)  rnd25=100%(n200)  rnd26=100%(n200)  rnd27=100%(n200)  rnd28=100%(n200)  rnd29=100%(n200)  rnd3=100%(n200)  rnd4=100%(n200)  rnd5=100%(n200)  rnd6=100%(n200)  rnd7=100%(n200)  rnd8=100%(n200)  rnd9=100%(n200)
          └ 이동 분포: straight=66%  left=16%  right=18%
Ep 12100/30000 | R=  168.3 | Fuel=627.9mL | Wait= 160s | Steps=32.0 | Reach=95% | ε=0.050 | Loss=30.854 | t=6275s
          ├ 토폴로지 도달률(최근50): gangnam_clean_topology=94%
          ├ OD별 도달률(최근200): rnd0=5%(n200)  rnd1=100%(n200)  rnd10=100%(n200)  rnd11=100%(n200)  rnd12=100%(n200)  rnd13=100%(n200)  rnd14=100%(n200)  rnd15=100%(n200)  rnd16=100%(n200)  rnd17=100%(n200)  rnd18=100%(n200)  rnd19=98%(n200)  rnd2=100%(n200)  rnd20=100%(n200)  rnd21=99%(n200)  rnd22=98%(n200)  rnd23=100%(n200)  rnd24=3%(n200)  rnd25=100%(n200)  rnd26=100%(n200)  rnd27=100%(n200)  rnd28=100%(n200)  rnd29=100%(n200)  rnd3=100%(n200)  rnd4=100%(n200)  rnd5=100%(n200)  rnd6=100%(n200)  rnd7=100%(n200)  rnd8=100%(n200)  rnd9=100%(n200)
          └ 이동 분포: straight=70%  left=14%  right=16%
Ep 12200/30000 | R=  169.6 | Fuel=610.7mL | Wait= 166s | Steps=31.8 | Reach=93% | ε=0.050 | Loss=27.010 | t=6310s
          ├ 토폴로지 도달률(최근50): gangnam_clean_topology=94%
          ├ OD별 도달률(최근200): rnd0=4%(n200)  rnd1=100%(n200)  rnd10=100%(n200)  rnd11=100%(n200)  rnd12=100%(n200)  rnd13=100%(n200)  rnd14=100%(n200)  rnd15=100%(n200)  rnd16=100%(n200)  rnd17=100%(n200)  rnd18=100%(n200)  rnd19=98%(n200)  rnd2=100%(n200)  rnd20=100%(n200)  rnd21=99%(n200)  rnd22=98%(n200)  rnd23=100%(n200)  rnd24=3%(n200)  rnd25=100%(n200)  rnd26=100%(n200)  rnd27=100%(n200)  rnd28=100%(n200)  rnd29=100%(n200)  rnd3=100%(n200)  rnd4=100%(n200)  rnd5=100%(n200)  rnd6=100%(n200)  rnd7=100%(n200)  rnd8=100%(n200)  rnd9=100%(n200)
          └ 이동 분포: straight=70%  left=14%  right=16%
Ep 12300/30000 | R=  144.2 | Fuel=606.0mL | Wait= 156s | Steps=33.9 | Reach=93% | ε=0.050 | Loss=28.317 | t=6352s
          ├ 토폴로지 도달률(최근50): gangnam_clean_topology=92%
          ├ OD별 도달률(최근200): rnd0=4%(n200)  rnd1=100%(n200)  rnd10=100%(n200)  rnd11=100%(n200)  rnd12=100%(n200)  rnd13=100%(n200)  rnd14=100%(n200)  rnd15=100%(n200)  rnd16=100%(n200)  rnd17=100%(n200)  rnd18=100%(n200)  rnd19=98%(n200)  rnd2=100%(n200)  rnd20=100%(n200)  rnd21=99%(n200)  rnd22=98%(n200)  rnd23=100%(n200)  rnd24=3%(n200)  rnd25=100%(n200)  rnd26=100%(n200)  rnd27=100%(n200)  rnd28=100%(n200)  rnd29=100%(n200)  rnd3=100%(n200)  rnd4=100%(n200)  rnd5=100%(n200)  rnd6=100%(n200)  rnd7=100%(n200)  rnd8=100%(n200)  rnd9=100%(n200)
          └ 이동 분포: straight=68%  left=16%  right=17%
Ep 12400/30000 | R=  114.7 | Fuel=637.2mL | Wait= 165s | Steps=33.0 | Reach=92% | ε=0.050 | Loss=29.524 | t=6388s
          ├ 토폴로지 도달률(최근50): gangnam_clean_topology=92%
          ├ OD별 도달률(최근200): rnd0=4%(n200)  rnd1=100%(n200)  rnd10=100%(n200)  rnd11=100%(n200)  rnd12=100%(n200)  rnd13=100%(n200)  rnd14=100%(n200)  rnd15=100%(n200)  rnd16=100%(n200)  rnd17=100%(n200)  rnd18=100%(n200)  rnd19=98%(n200)  rnd2=100%(n200)  rnd20=100%(n200)  rnd21=99%(n200)  rnd22=98%(n200)  rnd23=100%(n200)  rnd24=2%(n200)  rnd25=100%(n200)  rnd26=100%(n200)  rnd27=100%(n200)  rnd28=100%(n200)  rnd29=100%(n200)  rnd3=100%(n200)  rnd4=100%(n200)  rnd5=100%(n200)  rnd6=100%(n200)  rnd7=100%(n200)  rnd8=100%(n200)  rnd9=100%(n200)
          └ 이동 분포: straight=70%  left=14%  right=16%
Ep 12500/30000 | R=  124.1 | Fuel=606.1mL | Wait= 166s | Steps=31.7 | Reach=89% | ε=0.050 | Loss=26.549 | t=6423s
          ├ 토폴로지 도달률(최근50): gangnam_clean_topology=84%
          ├ OD별 도달률(최근200): rnd0=4%(n200)  rnd1=100%(n200)  rnd10=100%(n200)  rnd11=100%(n200)  rnd12=100%(n200)  rnd13=100%(n200)  rnd14=100%(n200)  rnd15=100%(n200)  rnd16=100%(n200)  rnd17=100%(n200)  rnd18=100%(n200)  rnd19=98%(n200)  rnd2=100%(n200)  rnd20=100%(n200)  rnd21=99%(n200)  rnd22=98%(n200)  rnd23=100%(n200)  rnd24=2%(n200)  rnd25=100%(n200)  rnd26=100%(n200)  rnd27=100%(n200)  rnd28=100%(n200)  rnd29=100%(n200)  rnd3=100%(n200)  rnd4=100%(n200)  rnd5=100%(n200)  rnd6=100%(n200)  rnd7=100%(n200)  rnd8=100%(n200)  rnd9=100%(n200)
          └ 이동 분포: straight=68%  left=14%  right=18%
  [체크포인트] model_rl_signal_ep12500.pth
Ep 12600/30000 | R=  157.8 | Fuel=628.6mL | Wait= 161s | Steps=31.9 | Reach=95% | ε=0.050 | Loss=28.423 | t=6458s
          ├ 토폴로지 도달률(최근50): gangnam_clean_topology=96%
          ├ OD별 도달률(최근200): rnd0=4%(n200)  rnd1=100%(n200)  rnd10=100%(n200)  rnd11=100%(n200)  rnd12=100%(n200)  rnd13=100%(n200)  rnd14=100%(n200)  rnd15=100%(n200)  rnd16=100%(n200)  rnd17=100%(n200)  rnd18=100%(n200)  rnd19=98%(n200)  rnd2=100%(n200)  rnd20=100%(n200)  rnd21=99%(n200)  rnd22=98%(n200)  rnd23=100%(n200)  rnd24=3%(n200)  rnd25=100%(n200)  rnd26=100%(n200)  rnd27=100%(n200)  rnd28=100%(n200)  rnd29=100%(n200)  rnd3=100%(n200)  rnd4=100%(n200)  rnd5=100%(n200)  rnd6=100%(n200)  rnd7=100%(n200)  rnd8=100%(n200)  rnd9=100%(n200)
          └ 이동 분포: straight=69%  left=14%  right=17%
Ep 12700/30000 | R=  178.1 | Fuel=555.3mL | Wait= 153s | Steps=31.3 | Reach=93% | ε=0.050 | Loss=27.510 | t=6492s
          ├ 토폴로지 도달률(최근50): gangnam_clean_topology=96%
          ├ OD별 도달률(최근200): rnd0=4%(n200)  rnd1=100%(n200)  rnd10=100%(n200)  rnd11=100%(n200)  rnd12=100%(n200)  rnd13=100%(n200)  rnd14=100%(n200)  rnd15=100%(n200)  rnd16=100%(n200)  rnd17=100%(n200)  rnd18=100%(n200)  rnd19=98%(n200)  rnd2=100%(n200)  rnd20=100%(n200)  rnd21=99%(n200)  rnd22=98%(n200)  rnd23=100%(n200)  rnd24=4%(n200)  rnd25=100%(n200)  rnd26=100%(n200)  rnd27=100%(n200)  rnd28=100%(n200)  rnd29=100%(n200)  rnd3=100%(n200)  rnd4=100%(n200)  rnd5=100%(n200)  rnd6=100%(n200)  rnd7=100%(n200)  rnd8=100%(n200)  rnd9=100%(n200)
          └ 이동 분포: straight=69%  left=15%  right=16%
Ep 12800/30000 | R=  142.0 | Fuel=620.3mL | Wait= 166s | Steps=34.2 | Reach=94% | ε=0.050 | Loss=27.256 | t=6530s
          ├ 토폴로지 도달률(최근50): gangnam_clean_topology=92%
          ├ OD별 도달률(최근200): rnd0=4%(n200)  rnd1=100%(n200)  rnd10=100%(n200)  rnd11=100%(n200)  rnd12=100%(n200)  rnd13=100%(n200)  rnd14=100%(n200)  rnd15=100%(n200)  rnd16=100%(n200)  rnd17=100%(n200)  rnd18=100%(n200)  rnd19=98%(n200)  rnd2=100%(n200)  rnd20=100%(n200)  rnd21=99%(n200)  rnd22=98%(n200)  rnd23=100%(n200)  rnd24=4%(n200)  rnd25=100%(n200)  rnd26=100%(n200)  rnd27=100%(n200)  rnd28=100%(n200)  rnd29=100%(n200)  rnd3=100%(n200)  rnd4=100%(n200)  rnd5=100%(n200)  rnd6=100%(n200)  rnd7=100%(n200)  rnd8=100%(n200)  rnd9=100%(n200)
          └ 이동 분포: straight=68%  left=15%  right=17%
Ep 12900/30000 | R=  118.7 | Fuel=659.5mL | Wait= 166s | Steps=33.2 | Reach=93% | ε=0.050 | Loss=27.766 | t=6567s
          ├ 토폴로지 도달률(최근50): gangnam_clean_topology=94%
          ├ OD별 도달률(최근200): rnd0=4%(n200)  rnd1=100%(n200)  rnd10=100%(n200)  rnd11=100%(n200)  rnd12=100%(n200)  rnd13=100%(n200)  rnd14=100%(n200)  rnd15=100%(n200)  rnd16=100%(n200)  rnd17=100%(n200)  rnd18=100%(n200)  rnd19=98%(n200)  rnd2=100%(n200)  rnd20=100%(n200)  rnd21=99%(n200)  rnd22=98%(n200)  rnd23=100%(n200)  rnd24=4%(n200)  rnd25=100%(n200)  rnd26=100%(n200)  rnd27=100%(n200)  rnd28=100%(n200)  rnd29=100%(n200)  rnd3=100%(n200)  rnd4=100%(n200)  rnd5=100%(n200)  rnd6=100%(n200)  rnd7=100%(n200)  rnd8=100%(n200)  rnd9=100%(n200)
          └ 이동 분포: straight=67%  left=15%  right=18%
Ep 13000/30000 | R=  124.4 | Fuel=626.6mL | Wait= 164s | Steps=34.5 | Reach=97% | ε=0.050 | Loss=28.547 | t=6633s
          ├ 토폴로지 도달률(최근50): gangnam_clean_topology=100%
          ├ OD별 도달률(최근200): rnd0=4%(n200)  rnd1=100%(n200)  rnd10=100%(n200)  rnd11=100%(n200)  rnd12=100%(n200)  rnd13=100%(n200)  rnd14=100%(n200)  rnd15=100%(n200)  rnd16=100%(n200)  rnd17=100%(n200)  rnd18=100%(n200)  rnd19=98%(n200)  rnd2=100%(n200)  rnd20=100%(n200)  rnd21=99%(n200)  rnd22=98%(n200)  rnd23=100%(n200)  rnd24=4%(n200)  rnd25=100%(n200)  rnd26=100%(n200)  rnd27=100%(n200)  rnd28=100%(n200)  rnd29=100%(n200)  rnd3=100%(n200)  rnd4=100%(n200)  rnd5=100%(n200)  rnd6=100%(n200)  rnd7=100%(n200)  rnd8=100%(n200)  rnd9=100%(n200)
          └ 이동 분포: straight=67%  left=15%  right=18%
Ep 13100/30000 | R=   87.4 | Fuel=669.4mL | Wait= 175s | Steps=35.6 | Reach=93% | ε=0.050 | Loss=30.855 | t=6696s
          ├ 토폴로지 도달률(최근50): gangnam_clean_topology=92%
          ├ OD별 도달률(최근200): rnd0=5%(n200)  rnd1=100%(n200)  rnd10=100%(n200)  rnd11=100%(n200)  rnd12=100%(n200)  rnd13=100%(n200)  rnd14=100%(n200)  rnd15=100%(n200)  rnd16=100%(n200)  rnd17=100%(n200)  rnd18=100%(n200)  rnd19=98%(n200)  rnd2=100%(n200)  rnd20=100%(n200)  rnd21=99%(n200)  rnd22=99%(n200)  rnd23=100%(n200)  rnd24=4%(n200)  rnd25=100%(n200)  rnd26=100%(n200)  rnd27=100%(n200)  rnd28=100%(n200)  rnd29=100%(n200)  rnd3=100%(n200)  rnd4=100%(n200)  rnd5=100%(n200)  rnd6=100%(n200)  rnd7=100%(n200)  rnd8=100%(n200)  rnd9=100%(n200)
          └ 이동 분포: straight=67%  left=15%  right=18%
Ep 13200/30000 | R=   79.5 | Fuel=635.5mL | Wait= 160s | Steps=34.6 | Reach=97% | ε=0.050 | Loss=32.092 | t=6733s
          ├ 토폴로지 도달률(최근50): gangnam_clean_topology=98%
          ├ OD별 도달률(최근200): rnd0=5%(n200)  rnd1=100%(n200)  rnd10=100%(n200)  rnd11=100%(n200)  rnd12=100%(n200)  rnd13=100%(n200)  rnd14=100%(n200)  rnd15=100%(n200)  rnd16=100%(n200)  rnd17=100%(n200)  rnd18=100%(n200)  rnd19=98%(n200)  rnd2=100%(n200)  rnd20=100%(n200)  rnd21=99%(n200)  rnd22=99%(n200)  rnd23=100%(n200)  rnd24=4%(n200)  rnd25=100%(n200)  rnd26=100%(n200)  rnd27=100%(n200)  rnd28=100%(n200)  rnd29=100%(n200)  rnd3=100%(n200)  rnd4=100%(n200)  rnd5=100%(n200)  rnd6=100%(n200)  rnd7=100%(n200)  rnd8=100%(n200)  rnd9=100%(n200)
          └ 이동 분포: straight=65%  left=17%  right=18%
Ep 13300/30000 | R=  186.0 | Fuel=557.3mL | Wait= 146s | Steps=30.0 | Reach=93% | ε=0.050 | Loss=30.895 | t=6761s
          ├ 토폴로지 도달률(최근50): gangnam_clean_topology=96%
          ├ OD별 도달률(최근200): rnd0=6%(n200)  rnd1=100%(n200)  rnd10=100%(n200)  rnd11=100%(n200)  rnd12=100%(n200)  rnd13=100%(n200)  rnd14=100%(n200)  rnd15=100%(n200)  rnd16=100%(n200)  rnd17=100%(n200)  rnd18=100%(n200)  rnd19=98%(n200)  rnd2=100%(n200)  rnd20=100%(n200)  rnd21=99%(n200)  rnd22=99%(n200)  rnd23=100%(n200)  rnd24=4%(n200)  rnd25=100%(n200)  rnd26=100%(n200)  rnd27=100%(n200)  rnd28=100%(n200)  rnd29=100%(n200)  rnd3=100%(n200)  rnd4=100%(n200)  rnd5=100%(n200)  rnd6=100%(n200)  rnd7=100%(n200)  rnd8=100%(n200)  rnd9=100%(n200)
          └ 이동 분포: straight=70%  left=14%  right=16%
Ep 13400/30000 | R=  114.5 | Fuel=638.9mL | Wait= 167s | Steps=33.8 | Reach=95% | ε=0.050 | Loss=31.240 | t=6782s
          ├ 토폴로지 도달률(최근50): gangnam_clean_topology=94%
          ├ OD별 도달률(최근200): rnd0=5%(n200)  rnd1=100%(n200)  rnd10=100%(n200)  rnd11=100%(n200)  rnd12=100%(n200)  rnd13=100%(n200)  rnd14=100%(n200)  rnd15=100%(n200)  rnd16=100%(n200)  rnd17=100%(n200)  rnd18=100%(n200)  rnd19=98%(n200)  rnd2=100%(n200)  rnd20=100%(n200)  rnd21=99%(n200)  rnd22=99%(n200)  rnd23=100%(n200)  rnd24=4%(n200)  rnd25=100%(n200)  rnd26=100%(n200)  rnd27=100%(n200)  rnd28=100%(n200)  rnd29=100%(n200)  rnd3=100%(n200)  rnd4=100%(n200)  rnd5=100%(n200)  rnd6=100%(n200)  rnd7=100%(n200)  rnd8=100%(n200)  rnd9=100%(n200)
          └ 이동 분포: straight=67%  left=15%  right=17%
Ep 13500/30000 | R=  171.4 | Fuel=585.8mL | Wait= 156s | Steps=30.9 | Reach=92% | ε=0.050 | Loss=30.328 | t=6802s
          ├ 토폴로지 도달률(최근50): gangnam_clean_topology=90%
          ├ OD별 도달률(최근200): rnd0=5%(n200)  rnd1=100%(n200)  rnd10=100%(n200)  rnd11=100%(n200)  rnd12=100%(n200)  rnd13=100%(n200)  rnd14=100%(n200)  rnd15=100%(n200)  rnd16=100%(n200)  rnd17=100%(n200)  rnd18=100%(n200)  rnd19=98%(n200)  rnd2=100%(n200)  rnd20=100%(n200)  rnd21=99%(n200)  rnd22=99%(n200)  rnd23=100%(n200)  rnd24=4%(n200)  rnd25=100%(n200)  rnd26=100%(n200)  rnd27=100%(n200)  rnd28=100%(n200)  rnd29=100%(n200)  rnd3=100%(n200)  rnd4=100%(n200)  rnd5=100%(n200)  rnd6=100%(n200)  rnd7=100%(n200)  rnd8=100%(n200)  rnd9=100%(n200)
          └ 이동 분포: straight=67%  left=16%  right=17%
Ep 13600/30000 | R=  170.7 | Fuel=567.0mL | Wait= 147s | Steps=31.0 | Reach=91% | ε=0.050 | Loss=27.364 | t=6830s
          ├ 토폴로지 도달률(최근50): gangnam_clean_topology=90%
          ├ OD별 도달률(최근200): rnd0=5%(n200)  rnd1=100%(n200)  rnd10=100%(n200)  rnd11=100%(n200)  rnd12=100%(n200)  rnd13=100%(n200)  rnd14=100%(n200)  rnd15=100%(n200)  rnd16=100%(n200)  rnd17=100%(n200)  rnd18=100%(n200)  rnd19=98%(n200)  rnd2=100%(n200)  rnd20=100%(n200)  rnd21=99%(n200)  rnd22=99%(n200)  rnd23=100%(n200)  rnd24=4%(n200)  rnd25=100%(n200)  rnd26=100%(n200)  rnd27=100%(n200)  rnd28=100%(n200)  rnd29=100%(n200)  rnd3=100%(n200)  rnd4=100%(n200)  rnd5=100%(n200)  rnd6=100%(n200)  rnd7=100%(n200)  rnd8=100%(n200)  rnd9=100%(n200)
          └ 이동 분포: straight=67%  left=15%  right=18%
Ep 13700/30000 | R=  134.8 | Fuel=640.0mL | Wait= 166s | Steps=32.6 | Reach=95% | ε=0.050 | Loss=27.694 | t=6851s
          ├ 토폴로지 도달률(최근50): gangnam_clean_topology=94%
          ├ OD별 도달률(최근200): rnd0=5%(n200)  rnd1=100%(n200)  rnd10=100%(n200)  rnd11=100%(n200)  rnd12=100%(n200)  rnd13=100%(n200)  rnd14=100%(n200)  rnd15=100%(n200)  rnd16=100%(n200)  rnd17=100%(n200)  rnd18=100%(n200)  rnd19=98%(n200)  rnd2=100%(n200)  rnd20=100%(n200)  rnd21=100%(n200)  rnd22=100%(n200)  rnd23=100%(n200)  rnd24=4%(n200)  rnd25=100%(n200)  rnd26=100%(n200)  rnd27=100%(n200)  rnd28=100%(n200)  rnd29=100%(n200)  rnd3=100%(n200)  rnd4=100%(n200)  rnd5=100%(n200)  rnd6=100%(n200)  rnd7=100%(n200)  rnd8=100%(n200)  rnd9=100%(n200)
          └ 이동 분포: straight=69%  left=15%  right=16%
Ep 13800/30000 | R=  183.9 | Fuel=557.2mL | Wait= 149s | Steps=29.0 | Reach=91% | ε=0.050 | Loss=27.099 | t=6871s
          ├ 토폴로지 도달률(최근50): gangnam_clean_topology=92%
          ├ OD별 도달률(최근200): rnd0=6%(n200)  rnd1=100%(n200)  rnd10=100%(n200)  rnd11=100%(n200)  rnd12=100%(n200)  rnd13=100%(n200)  rnd14=100%(n200)  rnd15=100%(n200)  rnd16=100%(n200)  rnd17=100%(n200)  rnd18=100%(n200)  rnd19=98%(n200)  rnd2=100%(n200)  rnd20=100%(n200)  rnd21=100%(n200)  rnd22=100%(n200)  rnd23=100%(n200)  rnd24=4%(n200)  rnd25=100%(n200)  rnd26=100%(n200)  rnd27=100%(n200)  rnd28=100%(n200)  rnd29=100%(n200)  rnd3=100%(n200)  rnd4=100%(n200)  rnd5=100%(n200)  rnd6=100%(n200)  rnd7=100%(n200)  rnd8=100%(n200)  rnd9=100%(n200)
          └ 이동 분포: straight=68%  left=15%  right=17%
Ep 13900/30000 | R=  197.0 | Fuel=593.6mL | Wait= 146s | Steps=31.0 | Reach=96% | ε=0.050 | Loss=26.391 | t=6894s
          ├ 토폴로지 도달률(최근50): gangnam_clean_topology=96%
          ├ OD별 도달률(최근200): rnd0=6%(n200)  rnd1=100%(n200)  rnd10=100%(n200)  rnd11=100%(n200)  rnd12=100%(n200)  rnd13=100%(n200)  rnd14=100%(n200)  rnd15=100%(n200)  rnd16=100%(n200)  rnd17=100%(n200)  rnd18=100%(n200)  rnd19=98%(n200)  rnd2=100%(n200)  rnd20=100%(n200)  rnd21=100%(n200)  rnd22=100%(n200)  rnd23=100%(n200)  rnd24=4%(n200)  rnd25=100%(n200)  rnd26=100%(n200)  rnd27=100%(n200)  rnd28=100%(n200)  rnd29=100%(n200)  rnd3=100%(n200)  rnd4=100%(n200)  rnd5=100%(n200)  rnd6=100%(n200)  rnd7=100%(n200)  rnd8=100%(n200)  rnd9=100%(n200)
          └ 이동 분포: straight=68%  left=15%  right=17%
Ep 14000/30000 | R=  164.9 | Fuel=607.6mL | Wait= 183s | Steps=31.0 | Reach=93% | ε=0.050 | Loss=28.430 | t=6941s
          ├ 토폴로지 도달률(최근50): gangnam_clean_topology=94%
          ├ OD별 도달률(최근200): rnd0=6%(n200)  rnd1=100%(n200)  rnd10=100%(n200)  rnd11=100%(n200)  rnd12=100%(n200)  rnd13=100%(n200)  rnd14=100%(n200)  rnd15=100%(n200)  rnd16=100%(n200)  rnd17=100%(n200)  rnd18=100%(n200)  rnd19=98%(n200)  rnd2=100%(n200)  rnd20=100%(n200)  rnd21=100%(n200)  rnd22=100%(n200)  rnd23=100%(n200)  rnd24=4%(n200)  rnd25=100%(n200)  rnd26=100%(n200)  rnd27=100%(n200)  rnd28=100%(n200)  rnd29=100%(n200)  rnd3=100%(n200)  rnd4=100%(n200)  rnd5=100%(n200)  rnd6=100%(n200)  rnd7=100%(n200)  rnd8=100%(n200)  rnd9=100%(n200)
          └ 이동 분포: straight=70%  left=14%  right=17%
Ep 14100/30000 | R=  146.5 | Fuel=599.7mL | Wait= 149s | Steps=31.7 | Reach=90% | ε=0.050 | Loss=26.968 | t=6969s
          ├ 토폴로지 도달률(최근50): gangnam_clean_topology=88%
          ├ OD별 도달률(최근200): rnd0=4%(n200)  rnd1=100%(n200)  rnd10=100%(n200)  rnd11=100%(n200)  rnd12=100%(n200)  rnd13=100%(n200)  rnd14=100%(n200)  rnd15=100%(n200)  rnd16=100%(n200)  rnd17=100%(n200)  rnd18=100%(n200)  rnd19=98%(n200)  rnd2=100%(n200)  rnd20=100%(n200)  rnd21=100%(n200)  rnd22=100%(n200)  rnd23=100%(n200)  rnd24=4%(n200)  rnd25=100%(n200)  rnd26=100%(n200)  rnd27=100%(n200)  rnd28=100%(n200)  rnd29=100%(n200)  rnd3=100%(n200)  rnd4=100%(n200)  rnd5=100%(n200)  rnd6=100%(n200)  rnd7=100%(n200)  rnd8=100%(n200)  rnd9=100%(n200)
          └ 이동 분포: straight=69%  left=15%  right=16%
Ep 14200/30000 | R=  218.3 | Fuel=581.9mL | Wait= 146s | Steps=29.4 | Reach=96% | ε=0.050 | Loss=25.587 | t=6990s
          ├ 토폴로지 도달률(최근50): gangnam_clean_topology=94%
          ├ OD별 도달률(최근200): rnd0=4%(n200)  rnd1=100%(n200)  rnd10=100%(n200)  rnd11=100%(n200)  rnd12=100%(n200)  rnd13=100%(n200)  rnd14=100%(n200)  rnd15=100%(n200)  rnd16=100%(n200)  rnd17=100%(n200)  rnd18=100%(n200)  rnd19=98%(n200)  rnd2=100%(n200)  rnd20=100%(n200)  rnd21=100%(n200)  rnd22=100%(n200)  rnd23=100%(n200)  rnd24=4%(n200)  rnd25=100%(n200)  rnd26=100%(n200)  rnd27=100%(n200)  rnd28=100%(n200)  rnd29=100%(n200)  rnd3=100%(n200)  rnd4=100%(n200)  rnd5=100%(n200)  rnd6=100%(n200)  rnd7=100%(n200)  rnd8=100%(n200)  rnd9=100%(n200)
          └ 이동 분포: straight=68%  left=15%  right=18%
Ep 14300/30000 | R=  230.2 | Fuel=499.6mL | Wait= 138s | Steps=27.4 | Reach=91% | ε=0.050 | Loss=25.461 | t=7009s
          ├ 토폴로지 도달률(최근50): gangnam_clean_topology=92%
          ├ OD별 도달률(최근200): rnd0=4%(n200)  rnd1=100%(n200)  rnd10=100%(n200)  rnd11=100%(n200)  rnd12=100%(n200)  rnd13=100%(n200)  rnd14=100%(n200)  rnd15=100%(n200)  rnd16=100%(n200)  rnd17=100%(n200)  rnd18=100%(n200)  rnd19=98%(n200)  rnd2=100%(n200)  rnd20=100%(n200)  rnd21=100%(n200)  rnd22=100%(n200)  rnd23=100%(n200)  rnd24=4%(n200)  rnd25=100%(n200)  rnd26=100%(n200)  rnd27=100%(n200)  rnd28=100%(n200)  rnd29=100%(n200)  rnd3=100%(n200)  rnd4=100%(n200)  rnd5=100%(n200)  rnd6=100%(n200)  rnd7=100%(n200)  rnd8=100%(n200)  rnd9=100%(n200)
          └ 이동 분포: straight=68%  left=15%  right=17%
Ep 14400/30000 | R=   85.1 | Fuel=637.7mL | Wait= 162s | Steps=33.9 | Reach=90% | ε=0.050 | Loss=27.864 | t=7032s
          ├ 토폴로지 도달률(최근50): gangnam_clean_topology=86%
          ├ OD별 도달률(최근200): rnd0=5%(n200)  rnd1=100%(n200)  rnd10=100%(n200)  rnd11=100%(n200)  rnd12=100%(n200)  rnd13=100%(n200)  rnd14=100%(n200)  rnd15=100%(n200)  rnd16=100%(n200)  rnd17=100%(n200)  rnd18=100%(n200)  rnd19=98%(n200)  rnd2=100%(n200)  rnd20=100%(n200)  rnd21=100%(n200)  rnd22=100%(n200)  rnd23=100%(n200)  rnd24=4%(n200)  rnd25=100%(n200)  rnd26=100%(n200)  rnd27=100%(n200)  rnd28=100%(n200)  rnd29=100%(n200)  rnd3=100%(n200)  rnd4=100%(n200)  rnd5=100%(n200)  rnd6=100%(n200)  rnd7=100%(n200)  rnd8=100%(n200)  rnd9=100%(n200)
          └ 이동 분포: straight=68%  left=15%  right=17%
Ep 14500/30000 | R=  152.9 | Fuel=613.6mL | Wait= 156s | Steps=32.3 | Reach=94% | ε=0.050 | Loss=26.449 | t=7052s
          ├ 토폴로지 도달률(최근50): gangnam_clean_topology=88%
          ├ OD별 도달률(최근200): rnd0=6%(n200)  rnd1=100%(n200)  rnd10=100%(n200)  rnd11=100%(n200)  rnd12=100%(n200)  rnd13=100%(n200)  rnd14=100%(n200)  rnd15=100%(n200)  rnd16=100%(n200)  rnd17=100%(n200)  rnd18=100%(n200)  rnd19=98%(n200)  rnd2=100%(n200)  rnd20=100%(n200)  rnd21=100%(n200)  rnd22=100%(n200)  rnd23=100%(n200)  rnd24=4%(n200)  rnd25=100%(n200)  rnd26=100%(n200)  rnd27=100%(n200)  rnd28=100%(n200)  rnd29=100%(n200)  rnd3=100%(n200)  rnd4=100%(n200)  rnd5=100%(n200)  rnd6=100%(n200)  rnd7=100%(n200)  rnd8=100%(n200)  rnd9=100%(n200)
          └ 이동 분포: straight=68%  left=15%  right=17%
Ep 14600/30000 | R=  222.6 | Fuel=542.9mL | Wait= 138s | Steps=28.8 | Reach=94% | ε=0.050 | Loss=25.140 | t=7074s
          ├ 토폴로지 도달률(최근50): gangnam_clean_topology=94%
          ├ OD별 도달률(최근200): rnd0=6%(n200)  rnd1=100%(n200)  rnd10=100%(n200)  rnd11=100%(n200)  rnd12=100%(n200)  rnd13=100%(n200)  rnd14=100%(n200)  rnd15=100%(n200)  rnd16=100%(n200)  rnd17=100%(n200)  rnd18=100%(n200)  rnd19=98%(n200)  rnd2=100%(n200)  rnd20=100%(n200)  rnd21=100%(n200)  rnd22=100%(n200)  rnd23=100%(n200)  rnd24=4%(n200)  rnd25=100%(n200)  rnd26=100%(n200)  rnd27=100%(n200)  rnd28=100%(n200)  rnd29=100%(n200)  rnd3=100%(n200)  rnd4=100%(n200)  rnd5=100%(n200)  rnd6=100%(n200)  rnd7=100%(n200)  rnd8=100%(n200)  rnd9=100%(n200)
          └ 이동 분포: straight=68%  left=14%  right=17%
Ep 14700/30000 | R=  178.7 | Fuel=613.6mL | Wait= 170s | Steps=32.6 | Reach=96% | ε=0.050 | Loss=23.796 | t=7094s
          ├ 토폴로지 도달률(최근50): gangnam_clean_topology=96%
          ├ OD별 도달률(최근200): rnd0=6%(n200)  rnd1=100%(n200)  rnd10=100%(n200)  rnd11=100%(n200)  rnd12=100%(n200)  rnd13=100%(n200)  rnd14=100%(n200)  rnd15=100%(n200)  rnd16=100%(n200)  rnd17=100%(n200)  rnd18=100%(n200)  rnd19=98%(n200)  rnd2=100%(n200)  rnd20=100%(n200)  rnd21=100%(n200)  rnd22=100%(n200)  rnd23=100%(n200)  rnd24=4%(n200)  rnd25=100%(n200)  rnd26=100%(n200)  rnd27=100%(n200)  rnd28=100%(n200)  rnd29=100%(n200)  rnd3=100%(n200)  rnd4=100%(n200)  rnd5=100%(n200)  rnd6=100%(n200)  rnd7=100%(n200)  rnd8=100%(n200)  rnd9=100%(n200)
          └ 이동 분포: straight=70%  left=15%  right=15%
Ep 14800/30000 | R=  181.9 | Fuel=599.2mL | Wait= 166s | Steps=31.9 | Reach=98% | ε=0.050 | Loss=25.781 | t=7113s
          ├ 토폴로지 도달률(최근50): gangnam_clean_topology=96%
          ├ OD별 도달률(최근200): rnd0=6%(n200)  rnd1=100%(n200)  rnd10=100%(n200)  rnd11=100%(n200)  rnd12=100%(n200)  rnd13=100%(n200)  rnd14=100%(n200)  rnd15=100%(n200)  rnd16=100%(n200)  rnd17=100%(n200)  rnd18=100%(n200)  rnd19=98%(n200)  rnd2=100%(n200)  rnd20=100%(n200)  rnd21=100%(n200)  rnd22=100%(n200)  rnd23=100%(n200)  rnd24=4%(n200)  rnd25=100%(n200)  rnd26=100%(n200)  rnd27=100%(n200)  rnd28=100%(n200)  rnd29=100%(n200)  rnd3=100%(n200)  rnd4=100%(n200)  rnd5=100%(n200)  rnd6=100%(n200)  rnd7=100%(n200)  rnd8=100%(n200)  rnd9=100%(n200)
          └ 이동 분포: straight=67%  left=15%  right=18%
Ep 14900/30000 | R=  192.8 | Fuel=595.7mL | Wait= 159s | Steps=31.5 | Reach=96% | ε=0.050 | Loss=25.743 | t=7139s
          ├ 토폴로지 도달률(최근50): gangnam_clean_topology=92%
          ├ OD별 도달률(최근200): rnd0=6%(n200)  rnd1=100%(n200)  rnd10=100%(n200)  rnd11=100%(n200)  rnd12=100%(n200)  rnd13=100%(n200)  rnd14=100%(n200)  rnd15=100%(n200)  rnd16=100%(n200)  rnd17=100%(n200)  rnd18=100%(n200)  rnd19=98%(n200)  rnd2=100%(n200)  rnd20=100%(n200)  rnd21=100%(n200)  rnd22=100%(n200)  rnd23=100%(n200)  rnd24=4%(n200)  rnd25=100%(n200)  rnd26=100%(n200)  rnd27=100%(n200)  rnd28=100%(n200)  rnd29=100%(n200)  rnd3=100%(n200)  rnd4=100%(n200)  rnd5=100%(n200)  rnd6=100%(n200)  rnd7=100%(n200)  rnd8=100%(n200)  rnd9=100%(n200)
          └ 이동 분포: straight=68%  left=16%  right=16%
Ep 15000/30000 | R=  221.6 | Fuel=551.0mL | Wait= 126s | Steps=30.1 | Reach=95% | ε=0.050 | Loss=24.247 | t=7173s
          ├ 토폴로지 도달률(최근50): gangnam_clean_topology=96%
          ├ OD별 도달률(최근200): rnd0=6%(n200)  rnd1=100%(n200)  rnd10=100%(n200)  rnd11=100%(n200)  rnd12=100%(n200)  rnd13=100%(n200)  rnd14=100%(n200)  rnd15=100%(n200)  rnd16=100%(n200)  rnd17=100%(n200)  rnd18=100%(n200)  rnd19=98%(n200)  rnd2=100%(n200)  rnd20=100%(n200)  rnd21=100%(n200)  rnd22=100%(n200)  rnd23=100%(n200)  rnd24=4%(n200)  rnd25=100%(n200)  rnd26=100%(n200)  rnd27=100%(n200)  rnd28=100%(n200)  rnd29=100%(n200)  rnd3=100%(n200)  rnd4=100%(n200)  rnd5=100%(n200)  rnd6=100%(n200)  rnd7=100%(n200)  rnd8=100%(n200)  rnd9=100%(n200)
          └ 이동 분포: straight=66%  left=16%  right=18%
  [체크포인트] model_rl_signal_ep15000.pth
Ep 15100/30000 | R=  155.9 | Fuel=638.4mL | Wait= 172s | Steps=32.8 | Reach=96% | ε=0.050 | Loss=24.836 | t=7209s
          ├ 토폴로지 도달률(최근50): gangnam_clean_topology=94%
          ├ OD별 도달률(최근200): rnd0=6%(n200)  rnd1=100%(n200)  rnd10=100%(n200)  rnd11=100%(n200)  rnd12=100%(n200)  rnd13=100%(n200)  rnd14=100%(n200)  rnd15=100%(n200)  rnd16=100%(n200)  rnd17=100%(n200)  rnd18=100%(n200)  rnd19=100%(n200)  rnd2=100%(n200)  rnd20=100%(n200)  rnd21=100%(n200)  rnd22=100%(n200)  rnd23=100%(n200)  rnd24=4%(n200)  rnd25=100%(n200)  rnd26=100%(n200)  rnd27=100%(n200)  rnd28=100%(n200)  rnd29=100%(n200)  rnd3=100%(n200)  rnd4=100%(n200)  rnd5=100%(n200)  rnd6=100%(n200)  rnd7=100%(n200)  rnd8=100%(n200)  rnd9=100%(n200)
          └ 이동 분포: straight=68%  left=15%  right=17%
Ep 15200/30000 | R=  138.1 | Fuel=605.5mL | Wait= 165s | Steps=32.0 | Reach=90% | ε=0.050 | Loss=23.974 | t=7244s
          ├ 토폴로지 도달률(최근50): gangnam_clean_topology=88%
          ├ OD별 도달률(최근200): rnd0=6%(n200)  rnd1=100%(n200)  rnd10=100%(n200)  rnd11=100%(n200)  rnd12=100%(n200)  rnd13=100%(n200)  rnd14=100%(n200)  rnd15=100%(n200)  rnd16=100%(n200)  rnd17=100%(n200)  rnd18=100%(n200)  rnd19=100%(n200)  rnd2=100%(n200)  rnd20=100%(n200)  rnd21=100%(n200)  rnd22=100%(n200)  rnd23=100%(n200)  rnd24=4%(n200)  rnd25=100%(n200)  rnd26=100%(n200)  rnd27=100%(n200)  rnd28=100%(n200)  rnd29=100%(n200)  rnd3=100%(n200)  rnd4=100%(n200)  rnd5=100%(n200)  rnd6=100%(n200)  rnd7=100%(n200)  rnd8=100%(n200)  rnd9=100%(n200)
          └ 이동 분포: straight=70%  left=14%  right=16%
Ep 15300/30000 | R=  130.8 | Fuel=593.3mL | Wait= 154s | Steps=30.6 | Reach=89% | ε=0.050 | Loss=24.189 | t=7278s
          ├ 토폴로지 도달률(최근50): gangnam_clean_topology=90%
          ├ OD별 도달률(최근200): rnd0=6%(n200)  rnd1=100%(n200)  rnd10=100%(n200)  rnd11=100%(n200)  rnd12=100%(n200)  rnd13=100%(n200)  rnd14=100%(n200)  rnd15=100%(n200)  rnd16=100%(n200)  rnd17=100%(n200)  rnd18=100%(n200)  rnd19=100%(n200)  rnd2=100%(n200)  rnd20=100%(n200)  rnd21=100%(n200)  rnd22=100%(n200)  rnd23=100%(n200)  rnd24=4%(n200)  rnd25=100%(n200)  rnd26=100%(n200)  rnd27=100%(n200)  rnd28=100%(n200)  rnd29=100%(n200)  rnd3=100%(n200)  rnd4=100%(n200)  rnd5=100%(n200)  rnd6=100%(n200)  rnd7=100%(n200)  rnd8=100%(n200)  rnd9=100%(n200)
          └ 이동 분포: straight=68%  left=15%  right=17%
Ep 15400/30000 | R=  120.9 | Fuel=649.4mL | Wait= 190s | Steps=35.4 | Reach=98% | ε=0.050 | Loss=24.930 | t=7317s
          ├ 토폴로지 도달률(최근50): gangnam_clean_topology=96%
          ├ OD별 도달률(최근200): rnd0=6%(n200)  rnd1=100%(n200)  rnd10=100%(n200)  rnd11=100%(n200)  rnd12=100%(n200)  rnd13=100%(n200)  rnd14=100%(n200)  rnd15=100%(n200)  rnd16=100%(n200)  rnd17=100%(n200)  rnd18=100%(n200)  rnd19=100%(n200)  rnd2=100%(n200)  rnd20=100%(n200)  rnd21=100%(n200)  rnd22=100%(n200)  rnd23=100%(n200)  rnd24=4%(n200)  rnd25=100%(n200)  rnd26=100%(n200)  rnd27=100%(n200)  rnd28=100%(n200)  rnd29=100%(n200)  rnd3=100%(n200)  rnd4=100%(n200)  rnd5=100%(n200)  rnd6=100%(n200)  rnd7=100%(n200)  rnd8=100%(n200)  rnd9=100%(n200)
          └ 이동 분포: straight=68%  left=16%  right=16%
Ep 15500/30000 | R=  161.8 | Fuel=603.4mL | Wait= 145s | Steps=32.4 | Reach=96% | ε=0.050 | Loss=26.081 | t=7353s
          ├ 토폴로지 도달률(최근50): gangnam_clean_topology=98%
          ├ OD별 도달률(최근200): rnd0=6%(n200)  rnd1=100%(n200)  rnd10=100%(n200)  rnd11=100%(n200)  rnd12=100%(n200)  rnd13=100%(n200)  rnd14=100%(n200)  rnd15=100%(n200)  rnd16=100%(n200)  rnd17=100%(n200)  rnd18=100%(n200)  rnd19=100%(n200)  rnd2=100%(n200)  rnd20=100%(n200)  rnd21=100%(n200)  rnd22=100%(n200)  rnd23=100%(n200)  rnd24=4%(n200)  rnd25=100%(n200)  rnd26=100%(n200)  rnd27=100%(n200)  rnd28=100%(n200)  rnd29=100%(n200)  rnd3=100%(n200)  rnd4=100%(n200)  rnd5=100%(n200)  rnd6=100%(n200)  rnd7=100%(n200)  rnd8=100%(n200)  rnd9=100%(n200)
          └ 이동 분포: straight=67%  left=16%  right=17%
Ep 15600/30000 | R=  166.3 | Fuel=635.8mL | Wait= 150s | Steps=31.1 | Reach=94% | ε=0.050 | Loss=23.996 | t=7388s
          ├ 토폴로지 도달률(최근50): gangnam_clean_topology=92%
          ├ OD별 도달률(최근200): rnd0=6%(n200)  rnd1=100%(n200)  rnd10=100%(n200)  rnd11=100%(n200)  rnd12=100%(n200)  rnd13=100%(n200)  rnd14=100%(n200)  rnd15=100%(n200)  rnd16=100%(n200)  rnd17=100%(n200)  rnd18=100%(n200)  rnd19=100%(n200)  rnd2=100%(n200)  rnd20=100%(n200)  rnd21=100%(n200)  rnd22=100%(n200)  rnd23=100%(n200)  rnd24=4%(n200)  rnd25=100%(n200)  rnd26=100%(n200)  rnd27=100%(n200)  rnd28=100%(n200)  rnd29=100%(n200)  rnd3=100%(n200)  rnd4=100%(n200)  rnd5=100%(n200)  rnd6=100%(n200)  rnd7=100%(n200)  rnd8=100%(n200)  rnd9=100%(n200)
          └ 이동 분포: straight=69%  left=15%  right=16%
Ep 15700/30000 | R=  171.0 | Fuel=584.6mL | Wait= 166s | Steps=30.6 | Reach=92% | ε=0.050 | Loss=24.067 | t=7423s
          ├ 토폴로지 도달률(최근50): gangnam_clean_topology=92%
          ├ OD별 도달률(최근200): rnd0=6%(n200)  rnd1=100%(n200)  rnd10=100%(n200)  rnd11=100%(n200)  rnd12=100%(n200)  rnd13=100%(n200)  rnd14=100%(n200)  rnd15=100%(n200)  rnd16=100%(n200)  rnd17=100%(n200)  rnd18=100%(n200)  rnd19=100%(n200)  rnd2=100%(n200)  rnd20=100%(n200)  rnd21=100%(n200)  rnd22=100%(n200)  rnd23=100%(n200)  rnd24=4%(n200)  rnd25=100%(n200)  rnd26=100%(n200)  rnd27=100%(n200)  rnd28=100%(n200)  rnd29=100%(n200)  rnd3=100%(n200)  rnd4=100%(n200)  rnd5=100%(n200)  rnd6=100%(n200)  rnd7=100%(n200)  rnd8=100%(n200)  rnd9=100%(n200)
          └ 이동 분포: straight=69%  left=14%  right=17%
Ep 15800/30000 | R=  123.1 | Fuel=608.6mL | Wait= 170s | Steps=32.8 | Reach=92% | ε=0.050 | Loss=25.841 | t=7459s
          ├ 토폴로지 도달률(최근50): gangnam_clean_topology=94%
          ├ OD별 도달률(최근200): rnd0=6%(n200)  rnd1=100%(n200)  rnd10=100%(n200)  rnd11=100%(n200)  rnd12=100%(n200)  rnd13=100%(n200)  rnd14=100%(n200)  rnd15=100%(n200)  rnd16=100%(n200)  rnd17=100%(n200)  rnd18=100%(n200)  rnd19=100%(n200)  rnd2=100%(n200)  rnd20=100%(n200)  rnd21=100%(n200)  rnd22=100%(n200)  rnd23=100%(n200)  rnd24=4%(n200)  rnd25=100%(n200)  rnd26=100%(n200)  rnd27=100%(n200)  rnd28=100%(n200)  rnd29=100%(n200)  rnd3=100%(n200)  rnd4=100%(n200)  rnd5=100%(n200)  rnd6=100%(n200)  rnd7=100%(n200)  rnd8=100%(n200)  rnd9=100%(n200)
          └ 이동 분포: straight=66%  left=15%  right=19%
Ep 15900/30000 | R=  149.4 | Fuel=562.3mL | Wait= 160s | Steps=30.2 | Reach=89% | ε=0.050 | Loss=23.754 | t=7494s
          ├ 토폴로지 도달률(최근50): gangnam_clean_topology=86%
          ├ OD별 도달률(최근200): rnd0=6%(n200)  rnd1=100%(n200)  rnd10=100%(n200)  rnd11=100%(n200)  rnd12=100%(n200)  rnd13=100%(n200)  rnd14=100%(n200)  rnd15=100%(n200)  rnd16=100%(n200)  rnd17=100%(n200)  rnd18=100%(n200)  rnd19=100%(n200)  rnd2=100%(n200)  rnd20=100%(n200)  rnd21=100%(n200)  rnd22=100%(n200)  rnd23=100%(n200)  rnd24=4%(n200)  rnd25=100%(n200)  rnd26=100%(n200)  rnd27=100%(n200)  rnd28=100%(n200)  rnd29=100%(n200)  rnd3=100%(n200)  rnd4=100%(n200)  rnd5=100%(n200)  rnd6=100%(n200)  rnd7=100%(n200)  rnd8=100%(n200)  rnd9=100%(n200)
          └ 이동 분포: straight=68%  left=15%  right=17%
Ep 16000/30000 | R=  215.7 | Fuel=566.3mL | Wait= 152s | Steps=30.1 | Reach=95% | ε=0.050 | Loss=23.752 | t=7528s
          ├ 토폴로지 도달률(최근50): gangnam_clean_topology=98%
          ├ OD별 도달률(최근200): rnd0=6%(n200)  rnd1=100%(n200)  rnd10=100%(n200)  rnd11=100%(n200)  rnd12=100%(n200)  rnd13=100%(n200)  rnd14=100%(n200)  rnd15=100%(n200)  rnd16=100%(n200)  rnd17=100%(n200)  rnd18=100%(n200)  rnd19=100%(n200)  rnd2=100%(n200)  rnd20=100%(n200)  rnd21=100%(n200)  rnd22=100%(n200)  rnd23=100%(n200)  rnd24=4%(n200)  rnd25=100%(n200)  rnd26=100%(n200)  rnd27=100%(n200)  rnd28=100%(n200)  rnd29=100%(n200)  rnd3=100%(n200)  rnd4=100%(n200)  rnd5=100%(n200)  rnd6=100%(n200)  rnd7=100%(n200)  rnd8=100%(n200)  rnd9=100%(n200)
          └ 이동 분포: straight=70%  left=14%  right=17%
Ep 16100/30000 | R=  165.2 | Fuel=584.8mL | Wait= 138s | Steps=30.2 | Reach=91% | ε=0.050 | Loss=22.622 | t=7562s
          ├ 토폴로지 도달률(최근50): gangnam_clean_topology=96%
          ├ OD별 도달률(최근200): rnd0=6%(n200)  rnd1=100%(n200)  rnd10=100%(n200)  rnd11=100%(n200)  rnd12=100%(n200)  rnd13=100%(n200)  rnd14=100%(n200)  rnd15=100%(n200)  rnd16=100%(n200)  rnd17=100%(n200)  rnd18=100%(n200)  rnd19=100%(n200)  rnd2=100%(n200)  rnd20=100%(n200)  rnd21=100%(n200)  rnd22=100%(n200)  rnd23=100%(n200)  rnd24=4%(n200)  rnd25=100%(n200)  rnd26=100%(n200)  rnd27=100%(n200)  rnd28=100%(n200)  rnd29=100%(n200)  rnd3=100%(n200)  rnd4=100%(n200)  rnd5=100%(n200)  rnd6=100%(n200)  rnd7=100%(n200)  rnd8=100%(n200)  rnd9=100%(n200)
          └ 이동 분포: straight=65%  left=15%  right=19%
Ep 16200/30000 | R=  168.5 | Fuel=597.3mL | Wait= 160s | Steps=31.9 | Reach=94% | ε=0.050 | Loss=23.019 | t=7598s
          ├ 토폴로지 도달률(최근50): gangnam_clean_topology=94%
          ├ OD별 도달률(최근200): rnd0=6%(n200)  rnd1=100%(n200)  rnd10=100%(n200)  rnd11=100%(n200)  rnd12=100%(n200)  rnd13=100%(n200)  rnd14=100%(n200)  rnd15=100%(n200)  rnd16=100%(n200)  rnd17=100%(n200)  rnd18=100%(n200)  rnd19=100%(n200)  rnd2=100%(n200)  rnd20=100%(n200)  rnd21=100%(n200)  rnd22=100%(n200)  rnd23=100%(n200)  rnd24=4%(n200)  rnd25=100%(n200)  rnd26=100%(n200)  rnd27=100%(n200)  rnd28=100%(n200)  rnd29=100%(n200)  rnd3=100%(n200)  rnd4=100%(n200)  rnd5=100%(n200)  rnd6=100%(n200)  rnd7=100%(n200)  rnd8=100%(n200)  rnd9=100%(n200)
          └ 이동 분포: straight=69%  left=14%  right=17%
Ep 16300/30000 | R=  135.2 | Fuel=630.3mL | Wait= 171s | Steps=35.0 | Reach=97% | ε=0.050 | Loss=26.520 | t=7638s
          ├ 토폴로지 도달률(최근50): gangnam_clean_topology=96%
          ├ OD별 도달률(최근200): rnd0=6%(n200)  rnd1=100%(n200)  rnd10=100%(n200)  rnd11=100%(n200)  rnd12=100%(n200)  rnd13=100%(n200)  rnd14=100%(n200)  rnd15=100%(n200)  rnd16=100%(n200)  rnd17=100%(n200)  rnd18=100%(n200)  rnd19=100%(n200)  rnd2=100%(n200)  rnd20=100%(n200)  rnd21=100%(n200)  rnd22=100%(n200)  rnd23=100%(n200)  rnd24=4%(n200)  rnd25=100%(n200)  rnd26=100%(n200)  rnd27=100%(n200)  rnd28=100%(n200)  rnd29=100%(n200)  rnd3=100%(n200)  rnd4=100%(n200)  rnd5=100%(n200)  rnd6=100%(n200)  rnd7=100%(n200)  rnd8=100%(n200)  rnd9=100%(n200)
          └ 이동 분포: straight=68%  left=15%  right=17%
Ep 16400/30000 | R=  168.1 | Fuel=601.4mL | Wait= 139s | Steps=32.2 | Reach=97% | ε=0.050 | Loss=25.339 | t=7675s
          ├ 토폴로지 도달률(최근50): gangnam_clean_topology=96%
          ├ OD별 도달률(최근200): rnd0=6%(n200)  rnd1=100%(n200)  rnd10=100%(n200)  rnd11=100%(n200)  rnd12=100%(n200)  rnd13=100%(n200)  rnd14=100%(n200)  rnd15=100%(n200)  rnd16=100%(n200)  rnd17=100%(n200)  rnd18=100%(n200)  rnd19=100%(n200)  rnd2=100%(n200)  rnd20=100%(n200)  rnd21=100%(n200)  rnd22=100%(n200)  rnd23=100%(n200)  rnd24=5%(n200)  rnd25=100%(n200)  rnd26=100%(n200)  rnd27=100%(n200)  rnd28=100%(n200)  rnd29=100%(n200)  rnd3=100%(n200)  rnd4=100%(n200)  rnd5=100%(n200)  rnd6=100%(n200)  rnd7=100%(n200)  rnd8=100%(n200)  rnd9=100%(n200)
          └ 이동 분포: straight=67%  left=18%  right=16%
Ep 16500/30000 | R=  134.9 | Fuel=615.7mL | Wait= 151s | Steps=32.4 | Reach=93% | ε=0.050 | Loss=24.630 | t=7711s
          ├ 토폴로지 도달률(최근50): gangnam_clean_topology=94%
          ├ OD별 도달률(최근200): rnd0=6%(n200)  rnd1=100%(n200)  rnd10=100%(n200)  rnd11=100%(n200)  rnd12=100%(n200)  rnd13=100%(n200)  rnd14=100%(n200)  rnd15=100%(n200)  rnd16=100%(n200)  rnd17=100%(n200)  rnd18=100%(n200)  rnd19=100%(n200)  rnd2=100%(n200)  rnd20=100%(n200)  rnd21=100%(n200)  rnd22=100%(n200)  rnd23=100%(n200)  rnd24=6%(n200)  rnd25=100%(n200)  rnd26=100%(n200)  rnd27=100%(n200)  rnd28=100%(n200)  rnd29=100%(n200)  rnd3=100%(n200)  rnd4=100%(n200)  rnd5=100%(n200)  rnd6=100%(n200)  rnd7=100%(n200)  rnd8=100%(n200)  rnd9=100%(n200)
          └ 이동 분포: straight=67%  left=16%  right=17%
Ep 16600/30000 | R=  153.3 | Fuel=599.6mL | Wait= 149s | Steps=30.7 | Reach=91% | ε=0.050 | Loss=23.872 | t=7751s
          ├ 토폴로지 도달률(최근50): gangnam_clean_topology=90%
          ├ OD별 도달률(최근200): rnd0=6%(n200)  rnd1=100%(n200)  rnd10=100%(n200)  rnd11=100%(n200)  rnd12=100%(n200)  rnd13=100%(n200)  rnd14=100%(n200)  rnd15=100%(n200)  rnd16=100%(n200)  rnd17=100%(n200)  rnd18=100%(n200)  rnd19=100%(n200)  rnd2=100%(n200)  rnd20=100%(n200)  rnd21=100%(n200)  rnd22=100%(n200)  rnd23=100%(n200)  rnd24=6%(n200)  rnd25=100%(n200)  rnd26=100%(n200)  rnd27=100%(n200)  rnd28=100%(n200)  rnd29=100%(n200)  rnd3=100%(n200)  rnd4=100%(n200)  rnd5=100%(n200)  rnd6=100%(n200)  rnd7=100%(n200)  rnd8=100%(n200)  rnd9=100%(n200)
          └ 이동 분포: straight=67%  left=15%  right=18%
Ep 16700/30000 | R=  163.8 | Fuel=609.3mL | Wait= 147s | Steps=31.6 | Reach=93% | ε=0.050 | Loss=24.295 | t=7797s
          ├ 토폴로지 도달률(최근50): gangnam_clean_topology=88%
          ├ OD별 도달률(최근200): rnd0=6%(n200)  rnd1=100%(n200)  rnd10=100%(n200)  rnd11=100%(n200)  rnd12=100%(n200)  rnd13=100%(n200)  rnd14=100%(n200)  rnd15=100%(n200)  rnd16=100%(n200)  rnd17=100%(n200)  rnd18=100%(n200)  rnd19=100%(n200)  rnd2=100%(n200)  rnd20=100%(n200)  rnd21=100%(n200)  rnd22=100%(n200)  rnd23=100%(n200)  rnd24=6%(n200)  rnd25=100%(n200)  rnd26=100%(n200)  rnd27=100%(n200)  rnd28=100%(n200)  rnd29=100%(n200)  rnd3=100%(n200)  rnd4=100%(n200)  rnd5=100%(n200)  rnd6=100%(n200)  rnd7=100%(n200)  rnd8=100%(n200)  rnd9=100%(n200)
          └ 이동 분포: straight=69%  left=14%  right=17%
Ep 16800/30000 | R=  227.5 | Fuel=498.4mL | Wait= 129s | Steps=26.1 | Reach=90% | ε=0.050 | Loss=24.073 | t=7828s
          ├ 토폴로지 도달률(최근50): gangnam_clean_topology=90%
          ├ OD별 도달률(최근200): rnd0=6%(n200)  rnd1=100%(n200)  rnd10=100%(n200)  rnd11=100%(n200)  rnd12=100%(n200)  rnd13=100%(n200)  rnd14=100%(n200)  rnd15=100%(n200)  rnd16=100%(n200)  rnd17=100%(n200)  rnd18=100%(n200)  rnd19=100%(n200)  rnd2=100%(n200)  rnd20=100%(n200)  rnd21=100%(n200)  rnd22=100%(n200)  rnd23=100%(n200)  rnd24=6%(n200)  rnd25=100%(n200)  rnd26=100%(n200)  rnd27=100%(n200)  rnd28=100%(n200)  rnd29=100%(n200)  rnd3=100%(n200)  rnd4=100%(n200)  rnd5=100%(n200)  rnd6=100%(n200)  rnd7=100%(n200)  rnd8=100%(n200)  rnd9=100%(n200)
          └ 이동 분포: straight=67%  left=15%  right=18%
Ep 16900/30000 | R=  219.9 | Fuel=579.9mL | Wait= 143s | Steps=29.4 | Reach=95% | ε=0.050 | Loss=22.991 | t=7862s
          ├ 토폴로지 도달률(최근50): gangnam_clean_topology=94%
          ├ OD별 도달률(최근200): rnd0=6%(n200)  rnd1=100%(n200)  rnd10=100%(n200)  rnd11=100%(n200)  rnd12=100%(n200)  rnd13=100%(n200)  rnd14=100%(n200)  rnd15=100%(n200)  rnd16=100%(n200)  rnd17=100%(n200)  rnd18=100%(n200)  rnd19=100%(n200)  rnd2=100%(n200)  rnd20=100%(n200)  rnd21=100%(n200)  rnd22=100%(n200)  rnd23=100%(n200)  rnd24=6%(n200)  rnd25=100%(n200)  rnd26=100%(n200)  rnd27=100%(n200)  rnd28=100%(n200)  rnd29=100%(n200)  rnd3=100%(n200)  rnd4=100%(n200)  rnd5=100%(n200)  rnd6=100%(n200)  rnd7=100%(n200)  rnd8=100%(n200)  rnd9=100%(n200)
          └ 이동 분포: straight=68%  left=15%  right=17%
Ep 17000/30000 | R=  218.3 | Fuel=581.9mL | Wait= 142s | Steps=29.6 | Reach=96% | ε=0.050 | Loss=22.356 | t=7895s
          ├ 토폴로지 도달률(최근50): gangnam_clean_topology=94%
          ├ OD별 도달률(최근200): rnd0=6%(n200)  rnd1=100%(n200)  rnd10=100%(n200)  rnd11=100%(n200)  rnd12=100%(n200)  rnd13=100%(n200)  rnd14=100%(n200)  rnd15=100%(n200)  rnd16=100%(n200)  rnd17=100%(n200)  rnd18=100%(n200)  rnd19=100%(n200)  rnd2=100%(n200)  rnd20=100%(n200)  rnd21=100%(n200)  rnd22=100%(n200)  rnd23=100%(n200)  rnd24=6%(n200)  rnd25=100%(n200)  rnd26=100%(n200)  rnd27=100%(n200)  rnd28=100%(n200)  rnd29=100%(n200)  rnd3=100%(n200)  rnd4=100%(n200)  rnd5=100%(n200)  rnd6=100%(n200)  rnd7=100%(n200)  rnd8=100%(n200)  rnd9=100%(n200)
          └ 이동 분포: straight=69%  left=15%  right=17%
Ep 17100/30000 | R=  120.5 | Fuel=608.1mL | Wait= 163s | Steps=32.5 | Reach=90% | ε=0.050 | Loss=22.583 | t=7937s
          ├ 토폴로지 도달률(최근50): gangnam_clean_topology=92%
          ├ OD별 도달률(최근200): rnd0=6%(n200)  rnd1=100%(n200)  rnd10=100%(n200)  rnd11=100%(n200)  rnd12=100%(n200)  rnd13=100%(n200)  rnd14=100%(n200)  rnd15=100%(n200)  rnd16=100%(n200)  rnd17=100%(n200)  rnd18=100%(n200)  rnd19=100%(n200)  rnd2=100%(n200)  rnd20=100%(n200)  rnd21=100%(n200)  rnd22=100%(n200)  rnd23=100%(n200)  rnd24=5%(n200)  rnd25=100%(n200)  rnd26=100%(n200)  rnd27=100%(n200)  rnd28=100%(n200)  rnd29=100%(n200)  rnd3=100%(n200)  rnd4=100%(n200)  rnd5=100%(n200)  rnd6=100%(n200)  rnd7=100%(n200)  rnd8=100%(n200)  rnd9=100%(n200)
          └ 이동 분포: straight=68%  left=15%  right=17%
Ep 17200/30000 | R=  178.5 | Fuel=566.3mL | Wait= 160s | Steps=29.6 | Reach=90% | ε=0.050 | Loss=22.572 | t=8006s
          ├ 토폴로지 도달률(최근50): gangnam_clean_topology=92%
          ├ OD별 도달률(최근200): rnd0=6%(n200)  rnd1=100%(n200)  rnd10=100%(n200)  rnd11=100%(n200)  rnd12=100%(n200)  rnd13=100%(n200)  rnd14=100%(n200)  rnd15=100%(n200)  rnd16=100%(n200)  rnd17=100%(n200)  rnd18=100%(n200)  rnd19=100%(n200)  rnd2=100%(n200)  rnd20=100%(n200)  rnd21=100%(n200)  rnd22=100%(n200)  rnd23=100%(n200)  rnd24=5%(n200)  rnd25=100%(n200)  rnd26=100%(n200)  rnd27=100%(n200)  rnd28=100%(n200)  rnd29=100%(n200)  rnd3=100%(n200)  rnd4=100%(n200)  rnd5=100%(n200)  rnd6=100%(n200)  rnd7=100%(n200)  rnd8=100%(n200)  rnd9=100%(n200)
          └ 이동 분포: straight=69%  left=14%  right=17%
Ep 17300/30000 | R=  171.4 | Fuel=583.1mL | Wait= 134s | Steps=30.4 | Reach=90% | ε=0.050 | Loss=22.975 | t=8076s
          ├ 토폴로지 도달률(최근50): gangnam_clean_topology=86%
          ├ OD별 도달률(최근200): rnd0=6%(n200)  rnd1=100%(n200)  rnd10=100%(n200)  rnd11=100%(n200)  rnd12=100%(n200)  rnd13=100%(n200)  rnd14=100%(n200)  rnd15=100%(n200)  rnd16=100%(n200)  rnd17=100%(n200)  rnd18=100%(n200)  rnd19=100%(n200)  rnd2=100%(n200)  rnd20=100%(n200)  rnd21=100%(n200)  rnd22=100%(n200)  rnd23=100%(n200)  rnd24=5%(n200)  rnd25=100%(n200)  rnd26=100%(n200)  rnd27=100%(n200)  rnd28=100%(n200)  rnd29=100%(n200)  rnd3=100%(n200)  rnd4=100%(n200)  rnd5=100%(n200)  rnd6=100%(n200)  rnd7=100%(n200)  rnd8=100%(n200)  rnd9=100%(n200)
          └ 이동 분포: straight=67%  left=15%  right=18%
Ep 17400/30000 | R=  197.8 | Fuel=625.5mL | Wait= 147s | Steps=32.4 | Reach=99% | ε=0.050 | Loss=24.164 | t=8151s
          ├ 토폴로지 도달률(최근50): gangnam_clean_topology=98%
          ├ OD별 도달률(최근200): rnd0=6%(n200)  rnd1=100%(n200)  rnd10=100%(n200)  rnd11=100%(n200)  rnd12=100%(n200)  rnd13=100%(n200)  rnd14=100%(n200)  rnd15=100%(n200)  rnd16=100%(n200)  rnd17=100%(n200)  rnd18=100%(n200)  rnd19=100%(n200)  rnd2=100%(n200)  rnd20=100%(n200)  rnd21=100%(n200)  rnd22=100%(n200)  rnd23=100%(n200)  rnd24=5%(n200)  rnd25=100%(n200)  rnd26=100%(n200)  rnd27=100%(n200)  rnd28=100%(n200)  rnd29=100%(n200)  rnd3=100%(n200)  rnd4=100%(n200)  rnd5=100%(n200)  rnd6=100%(n200)  rnd7=100%(n200)  rnd8=100%(n200)  rnd9=100%(n200)
          └ 이동 분포: straight=69%  left=14%  right=17%
Ep 17500/30000 | R=  138.2 | Fuel=604.2mL | Wait= 170s | Steps=32.9 | Reach=92% | ε=0.050 | Loss=23.802 | t=8226s
          ├ 토폴로지 도달률(최근50): gangnam_clean_topology=94%
          ├ OD별 도달률(최근200): rnd0=7%(n200)  rnd1=100%(n200)  rnd10=100%(n200)  rnd11=100%(n200)  rnd12=100%(n200)  rnd13=100%(n200)  rnd14=100%(n200)  rnd15=100%(n200)  rnd16=100%(n200)  rnd17=100%(n200)  rnd18=100%(n200)  rnd19=100%(n200)  rnd2=100%(n200)  rnd20=100%(n200)  rnd21=100%(n200)  rnd22=100%(n200)  rnd23=100%(n200)  rnd24=5%(n200)  rnd25=100%(n200)  rnd26=100%(n200)  rnd27=100%(n200)  rnd28=100%(n200)  rnd29=100%(n200)  rnd3=100%(n200)  rnd4=100%(n200)  rnd5=100%(n200)  rnd6=100%(n200)  rnd7=100%(n200)  rnd8=100%(n200)  rnd9=100%(n200)
          └ 이동 분포: straight=67%  left=16%  right=17%
  [체크포인트] model_rl_signal_ep17500.pth
Ep 17600/30000 | R=  148.1 | Fuel=646.1mL | Wait= 164s | Steps=32.3 | Reach=95% | ε=0.050 | Loss=23.298 | t=8301s
          ├ 토폴로지 도달률(최근50): gangnam_clean_topology=96%
          ├ OD별 도달률(최근200): rnd0=8%(n200)  rnd1=100%(n200)  rnd10=100%(n200)  rnd11=100%(n200)  rnd12=100%(n200)  rnd13=100%(n200)  rnd14=100%(n200)  rnd15=100%(n200)  rnd16=100%(n200)  rnd17=100%(n200)  rnd18=100%(n200)  rnd19=100%(n200)  rnd2=100%(n200)  rnd20=100%(n200)  rnd21=100%(n200)  rnd22=100%(n200)  rnd23=100%(n200)  rnd24=5%(n200)  rnd25=100%(n200)  rnd26=100%(n200)  rnd27=100%(n200)  rnd28=100%(n200)  rnd29=100%(n200)  rnd3=100%(n200)  rnd4=100%(n200)  rnd5=100%(n200)  rnd6=100%(n200)  rnd7=100%(n200)  rnd8=100%(n200)  rnd9=100%(n200)
          └ 이동 분포: straight=68%  left=15%  right=17%
Ep 17700/30000 | R=  222.5 | Fuel=540.2mL | Wait= 144s | Steps=29.1 | Reach=94% | ε=0.050 | Loss=22.537 | t=8369s
          ├ 토폴로지 도달률(최근50): gangnam_clean_topology=96%
          ├ OD별 도달률(최근200): rnd0=8%(n200)  rnd1=100%(n200)  rnd10=100%(n200)  rnd11=100%(n200)  rnd12=100%(n200)  rnd13=100%(n200)  rnd14=100%(n200)  rnd15=100%(n200)  rnd16=100%(n200)  rnd17=100%(n200)  rnd18=100%(n200)  rnd19=100%(n200)  rnd2=100%(n200)  rnd20=100%(n200)  rnd21=100%(n200)  rnd22=100%(n200)  rnd23=100%(n200)  rnd24=5%(n200)  rnd25=100%(n200)  rnd26=100%(n200)  rnd27=100%(n200)  rnd28=100%(n200)  rnd29=100%(n200)  rnd3=100%(n200)  rnd4=100%(n200)  rnd5=100%(n200)  rnd6=100%(n200)  rnd7=100%(n200)  rnd8=100%(n200)  rnd9=100%(n200)
          └ 이동 분포: straight=68%  left=15%  right=16%
Ep 17800/30000 | R=  164.7 | Fuel=593.2mL | Wait= 149s | Steps=31.0 | Reach=92% | ε=0.050 | Loss=21.690 | t=8440s
          ├ 토폴로지 도달률(최근50): gangnam_clean_topology=94%
          ├ OD별 도달률(최근200): rnd0=8%(n200)  rnd1=100%(n200)  rnd10=100%(n200)  rnd11=100%(n200)  rnd12=100%(n200)  rnd13=100%(n200)  rnd14=100%(n200)  rnd15=100%(n200)  rnd16=100%(n200)  rnd17=100%(n200)  rnd18=100%(n200)  rnd19=100%(n200)  rnd2=100%(n200)  rnd20=100%(n200)  rnd21=100%(n200)  rnd22=100%(n200)  rnd23=100%(n200)  rnd24=5%(n200)  rnd25=100%(n200)  rnd26=100%(n200)  rnd27=100%(n200)  rnd28=100%(n200)  rnd29=100%(n200)  rnd3=100%(n200)  rnd4=100%(n200)  rnd5=100%(n200)  rnd6=100%(n200)  rnd7=100%(n200)  rnd8=100%(n200)  rnd9=100%(n200)
          └ 이동 분포: straight=69%  left=16%  right=16%
Ep 17900/30000 | R=  166.7 | Fuel=651.6mL | Wait= 159s | Steps=31.8 | Reach=95% | ε=0.050 | Loss=21.122 | t=8514s
          ├ 토폴로지 도달률(최근50): gangnam_clean_topology=98%
          ├ OD별 도달률(최근200): rnd0=8%(n200)  rnd1=100%(n200)  rnd10=100%(n200)  rnd11=100%(n200)  rnd12=100%(n200)  rnd13=100%(n200)  rnd14=100%(n200)  rnd15=100%(n200)  rnd16=100%(n200)  rnd17=100%(n200)  rnd18=100%(n200)  rnd19=100%(n200)  rnd2=100%(n200)  rnd20=100%(n200)  rnd21=100%(n200)  rnd22=100%(n200)  rnd23=100%(n200)  rnd24=5%(n200)  rnd25=100%(n200)  rnd26=100%(n200)  rnd27=100%(n200)  rnd28=100%(n200)  rnd29=100%(n200)  rnd3=100%(n200)  rnd4=100%(n200)  rnd5=100%(n200)  rnd6=100%(n200)  rnd7=100%(n200)  rnd8=100%(n200)  rnd9=100%(n200)
          └ 이동 분포: straight=67%  left=16%  right=17%
Ep 18000/30000 | R=  155.7 | Fuel=600.4mL | Wait= 164s | Steps=33.5 | Reach=97% | ε=0.050 | Loss=22.073 | t=8591s
          ├ 토폴로지 도달률(최근50): gangnam_clean_topology=98%
          ├ OD별 도달률(최근200): rnd0=8%(n200)  rnd1=100%(n200)  rnd10=100%(n200)  rnd11=100%(n200)  rnd12=100%(n200)  rnd13=100%(n200)  rnd14=100%(n200)  rnd15=100%(n200)  rnd16=100%(n200)  rnd17=100%(n200)  rnd18=100%(n200)  rnd19=100%(n200)  rnd2=100%(n200)  rnd20=100%(n200)  rnd21=100%(n200)  rnd22=100%(n200)  rnd23=100%(n200)  rnd24=5%(n200)  rnd25=100%(n200)  rnd26=100%(n200)  rnd27=100%(n200)  rnd28=100%(n200)  rnd29=100%(n200)  rnd3=100%(n200)  rnd4=100%(n200)  rnd5=100%(n200)  rnd6=100%(n200)  rnd7=100%(n200)  rnd8=100%(n200)  rnd9=100%(n200)
          └ 이동 분포: straight=63%  left=16%  right=21%
Ep 18100/30000 | R=  245.4 | Fuel=559.0mL | Wait= 159s | Steps=28.2 | Reach=96% | ε=0.050 | Loss=21.186 | t=8651s
          ├ 토폴로지 도달률(최근50): gangnam_clean_topology=96%
          ├ OD별 도달률(최근200): rnd0=8%(n200)  rnd1=100%(n200)  rnd10=100%(n200)  rnd11=100%(n200)  rnd12=100%(n200)  rnd13=100%(n200)  rnd14=100%(n200)  rnd15=100%(n200)  rnd16=100%(n200)  rnd17=100%(n200)  rnd18=100%(n200)  rnd19=100%(n200)  rnd2=100%(n200)  rnd20=100%(n200)  rnd21=100%(n200)  rnd22=100%(n200)  rnd23=100%(n200)  rnd24=5%(n200)  rnd25=100%(n200)  rnd26=100%(n200)  rnd27=100%(n200)  rnd28=100%(n200)  rnd29=100%(n200)  rnd3=100%(n200)  rnd4=100%(n200)  rnd5=100%(n200)  rnd6=100%(n200)  rnd7=100%(n200)  rnd8=100%(n200)  rnd9=100%(n200)
          └ 이동 분포: straight=69%  left=14%  right=17%
Ep 18200/30000 | R=  102.2 | Fuel=657.8mL | Wait= 187s | Steps=33.1 | Reach=93% | ε=0.050 | Loss=21.746 | t=8673s
          ├ 토폴로지 도달률(최근50): gangnam_clean_topology=92%
          ├ OD별 도달률(최근200): rnd0=8%(n200)  rnd1=100%(n200)  rnd10=100%(n200)  rnd11=100%(n200)  rnd12=100%(n200)  rnd13=100%(n200)  rnd14=100%(n200)  rnd15=100%(n200)  rnd16=100%(n200)  rnd17=100%(n200)  rnd18=100%(n200)  rnd19=100%(n200)  rnd2=100%(n200)  rnd20=100%(n200)  rnd21=100%(n200)  rnd22=100%(n200)  rnd23=100%(n200)  rnd24=4%(n200)  rnd25=100%(n200)  rnd26=100%(n200)  rnd27=100%(n200)  rnd28=100%(n200)  rnd29=100%(n200)  rnd3=100%(n200)  rnd4=100%(n200)  rnd5=100%(n200)  rnd6=100%(n200)  rnd7=100%(n200)  rnd8=100%(n200)  rnd9=100%(n200)
          └ 이동 분포: straight=67%  left=16%  right=17%
Ep 18300/30000 | R=  177.8 | Fuel=586.4mL | Wait= 161s | Steps=30.7 | Reach=94% | ε=0.050 | Loss=20.449 | t=8701s
          ├ 토폴로지 도달률(최근50): gangnam_clean_topology=92%
          ├ OD별 도달률(최근200): rnd0=8%(n200)  rnd1=100%(n200)  rnd10=100%(n200)  rnd11=100%(n200)  rnd12=100%(n200)  rnd13=100%(n200)  rnd14=100%(n200)  rnd15=100%(n200)  rnd16=100%(n200)  rnd17=100%(n200)  rnd18=100%(n200)  rnd19=100%(n200)  rnd2=100%(n200)  rnd20=100%(n200)  rnd21=100%(n200)  rnd22=100%(n200)  rnd23=100%(n200)  rnd24=4%(n200)  rnd25=100%(n200)  rnd26=100%(n200)  rnd27=100%(n200)  rnd28=100%(n200)  rnd29=100%(n200)  rnd3=100%(n200)  rnd4=100%(n200)  rnd5=100%(n200)  rnd6=100%(n200)  rnd7=100%(n200)  rnd8=100%(n200)  rnd9=100%(n200)
          └ 이동 분포: straight=67%  left=16%  right=17%
Ep 18400/30000 | R=  138.6 | Fuel=595.9mL | Wait= 166s | Steps=30.5 | Reach=91% | ε=0.050 | Loss=22.084 | t=8735s
          ├ 토폴로지 도달률(최근50): gangnam_clean_topology=92%
          ├ OD별 도달률(최근200): rnd0=8%(n200)  rnd1=100%(n200)  rnd10=100%(n200)  rnd11=100%(n200)  rnd12=100%(n200)  rnd13=100%(n200)  rnd14=100%(n200)  rnd15=100%(n200)  rnd16=100%(n200)  rnd17=100%(n200)  rnd18=100%(n200)  rnd19=100%(n200)  rnd2=100%(n200)  rnd20=100%(n200)  rnd21=100%(n200)  rnd22=100%(n200)  rnd23=100%(n200)  rnd24=4%(n200)  rnd25=100%(n200)  rnd26=100%(n200)  rnd27=100%(n200)  rnd28=100%(n200)  rnd29=100%(n200)  rnd3=100%(n200)  rnd4=100%(n200)  rnd5=100%(n200)  rnd6=100%(n200)  rnd7=100%(n200)  rnd8=100%(n200)  rnd9=100%(n200)
          └ 이동 분포: straight=68%  left=15%  right=17%
Ep 18500/30000 | R=  201.4 | Fuel=560.1mL | Wait= 140s | Steps=30.0 | Reach=94% | ε=0.050 | Loss=21.735 | t=8765s
          ├ 토폴로지 도달률(최근50): gangnam_clean_topology=98%
          ├ OD별 도달률(최근200): rnd0=8%(n200)  rnd1=100%(n200)  rnd10=100%(n200)  rnd11=100%(n200)  rnd12=100%(n200)  rnd13=100%(n200)  rnd14=100%(n200)  rnd15=100%(n200)  rnd16=100%(n200)  rnd17=100%(n200)  rnd18=100%(n200)  rnd19=100%(n200)  rnd2=100%(n200)  rnd20=100%(n200)  rnd21=100%(n200)  rnd22=100%(n200)  rnd23=100%(n200)  rnd24=4%(n200)  rnd25=100%(n200)  rnd26=100%(n200)  rnd27=100%(n200)  rnd28=100%(n200)  rnd29=100%(n200)  rnd3=100%(n200)  rnd4=100%(n200)  rnd5=100%(n200)  rnd6=100%(n200)  rnd7=100%(n200)  rnd8=100%(n200)  rnd9=100%(n200)
          └ 이동 분포: straight=67%  left=16%  right=18%
Ep 18600/30000 | R=  141.0 | Fuel=590.0mL | Wait= 132s | Steps=31.5 | Reach=95% | ε=0.050 | Loss=22.029 | t=8795s
          ├ 토폴로지 도달률(최근50): gangnam_clean_topology=98%
          ├ OD별 도달률(최근200): rnd0=8%(n200)  rnd1=100%(n200)  rnd10=100%(n200)  rnd11=100%(n200)  rnd12=100%(n200)  rnd13=100%(n200)  rnd14=100%(n200)  rnd15=100%(n200)  rnd16=100%(n200)  rnd17=100%(n200)  rnd18=100%(n200)  rnd19=100%(n200)  rnd2=100%(n200)  rnd20=100%(n200)  rnd21=100%(n200)  rnd22=100%(n200)  rnd23=100%(n200)  rnd24=4%(n200)  rnd25=100%(n200)  rnd26=100%(n200)  rnd27=100%(n200)  rnd28=100%(n200)  rnd29=100%(n200)  rnd3=100%(n200)  rnd4=100%(n200)  rnd5=100%(n200)  rnd6=100%(n200)  rnd7=100%(n200)  rnd8=100%(n200)  rnd9=100%(n200)
          └ 이동 분포: straight=66%  left=17%  right=17%
Ep 18700/30000 | R=  248.6 | Fuel=547.0mL | Wait= 138s | Steps=29.3 | Reach=97% | ε=0.050 | Loss=21.491 | t=8816s
          ├ 토폴로지 도달률(최근50): gangnam_clean_topology=96%
          ├ OD별 도달률(최근200): rnd0=8%(n200)  rnd1=100%(n200)  rnd10=100%(n200)  rnd11=100%(n200)  rnd12=100%(n200)  rnd13=100%(n200)  rnd14=100%(n200)  rnd15=100%(n200)  rnd16=100%(n200)  rnd17=100%(n200)  rnd18=100%(n200)  rnd19=100%(n200)  rnd2=100%(n200)  rnd20=100%(n200)  rnd21=100%(n200)  rnd22=100%(n200)  rnd23=100%(n200)  rnd24=4%(n200)  rnd25=100%(n200)  rnd26=100%(n200)  rnd27=100%(n200)  rnd28=100%(n200)  rnd29=100%(n200)  rnd3=100%(n200)  rnd4=100%(n200)  rnd5=100%(n200)  rnd6=100%(n200)  rnd7=100%(n200)  rnd8=100%(n200)  rnd9=100%(n200)
          └ 이동 분포: straight=68%  left=15%  right=17%
Ep 18800/30000 | R=  190.6 | Fuel=576.9mL | Wait= 148s | Steps=30.9 | Reach=95% | ε=0.050 | Loss=21.840 | t=8840s
          ├ 토폴로지 도달률(최근50): gangnam_clean_topology=94%
          ├ OD별 도달률(최근200): rnd0=8%(n200)  rnd1=100%(n200)  rnd10=100%(n200)  rnd11=100%(n200)  rnd12=100%(n200)  rnd13=100%(n200)  rnd14=100%(n200)  rnd15=100%(n200)  rnd16=100%(n200)  rnd17=100%(n200)  rnd18=100%(n200)  rnd19=100%(n200)  rnd2=100%(n200)  rnd20=100%(n200)  rnd21=100%(n200)  rnd22=100%(n200)  rnd23=100%(n200)  rnd24=3%(n200)  rnd25=100%(n200)  rnd26=100%(n200)  rnd27=100%(n200)  rnd28=100%(n200)  rnd29=100%(n200)  rnd3=100%(n200)  rnd4=100%(n200)  rnd5=100%(n200)  rnd6=100%(n200)  rnd7=100%(n200)  rnd8=100%(n200)  rnd9=100%(n200)
          └ 이동 분포: straight=66%  left=16%  right=18%
Ep 18900/30000 | R=  139.1 | Fuel=633.2mL | Wait= 158s | Steps=32.2 | Reach=93% | ε=0.050 | Loss=22.398 | t=8867s
          ├ 토폴로지 도달률(최근50): gangnam_clean_topology=98%
          ├ OD별 도달률(최근200): rnd0=8%(n200)  rnd1=100%(n200)  rnd10=100%(n200)  rnd11=100%(n200)  rnd12=100%(n200)  rnd13=100%(n200)  rnd14=100%(n200)  rnd15=100%(n200)  rnd16=100%(n200)  rnd17=100%(n200)  rnd18=100%(n200)  rnd19=100%(n200)  rnd2=100%(n200)  rnd20=100%(n200)  rnd21=100%(n200)  rnd22=100%(n200)  rnd23=100%(n200)  rnd24=3%(n200)  rnd25=100%(n200)  rnd26=100%(n200)  rnd27=100%(n200)  rnd28=100%(n200)  rnd29=100%(n200)  rnd3=100%(n200)  rnd4=100%(n200)  rnd5=100%(n200)  rnd6=100%(n200)  rnd7=100%(n200)  rnd8=100%(n200)  rnd9=100%(n200)
          └ 이동 분포: straight=66%  left=16%  right=18%
Ep 19000/30000 | R=  193.1 | Fuel=564.6mL | Wait= 166s | Steps=29.2 | Reach=93% | ε=0.050 | Loss=20.504 | t=8891s
          ├ 토폴로지 도달률(최근50): gangnam_clean_topology=90%
          ├ OD별 도달률(최근200): rnd0=8%(n200)  rnd1=100%(n200)  rnd10=100%(n200)  rnd11=100%(n200)  rnd12=100%(n200)  rnd13=100%(n200)  rnd14=100%(n200)  rnd15=100%(n200)  rnd16=100%(n200)  rnd17=100%(n200)  rnd18=100%(n200)  rnd19=100%(n200)  rnd2=100%(n200)  rnd20=100%(n200)  rnd21=100%(n200)  rnd22=100%(n200)  rnd23=100%(n200)  rnd24=3%(n200)  rnd25=100%(n200)  rnd26=100%(n200)  rnd27=100%(n200)  rnd28=100%(n200)  rnd29=100%(n200)  rnd3=100%(n200)  rnd4=100%(n200)  rnd5=100%(n200)  rnd6=100%(n200)  rnd7=100%(n200)  rnd8=100%(n200)  rnd9=100%(n200)
          └ 이동 분포: straight=70%  left=14%  right=16%
Ep 19100/30000 | R=  154.2 | Fuel=656.7mL | Wait= 169s | Steps=33.8 | Reach=96% | ε=0.050 | Loss=21.210 | t=8920s
          ├ 토폴로지 도달률(최근50): gangnam_clean_topology=96%
          ├ OD별 도달률(최근200): rnd0=8%(n200)  rnd1=100%(n200)  rnd10=100%(n200)  rnd11=100%(n200)  rnd12=100%(n200)  rnd13=100%(n200)  rnd14=100%(n200)  rnd15=100%(n200)  rnd16=100%(n200)  rnd17=100%(n200)  rnd18=100%(n200)  rnd19=100%(n200)  rnd2=100%(n200)  rnd20=100%(n200)  rnd21=100%(n200)  rnd22=100%(n200)  rnd23=100%(n200)  rnd24=3%(n200)  rnd25=100%(n200)  rnd26=100%(n200)  rnd27=100%(n200)  rnd28=100%(n200)  rnd29=100%(n200)  rnd3=100%(n200)  rnd4=100%(n200)  rnd5=100%(n200)  rnd6=100%(n200)  rnd7=100%(n200)  rnd8=100%(n200)  rnd9=100%(n200)
          └ 이동 분포: straight=70%  left=14%  right=16%
Ep 19200/30000 | R=  168.8 | Fuel=610.7mL | Wait= 162s | Steps=33.0 | Reach=97% | ε=0.050 | Loss=21.713 | t=8957s
          ├ 토폴로지 도달률(최근50): gangnam_clean_topology=98%
          ├ OD별 도달률(최근200): rnd0=8%(n200)  rnd1=100%(n200)  rnd10=100%(n200)  rnd11=100%(n200)  rnd12=100%(n200)  rnd13=100%(n200)  rnd14=100%(n200)  rnd15=100%(n200)  rnd16=100%(n200)  rnd17=100%(n200)  rnd18=100%(n200)  rnd19=100%(n200)  rnd2=100%(n200)  rnd20=100%(n200)  rnd21=100%(n200)  rnd22=100%(n200)  rnd23=100%(n200)  rnd24=3%(n200)  rnd25=100%(n200)  rnd26=100%(n200)  rnd27=100%(n200)  rnd28=100%(n200)  rnd29=100%(n200)  rnd3=100%(n200)  rnd4=100%(n200)  rnd5=100%(n200)  rnd6=100%(n200)  rnd7=100%(n200)  rnd8=100%(n200)  rnd9=100%(n200)
          └ 이동 분포: straight=67%  left=16%  right=17%
Ep 19300/30000 | R=  158.8 | Fuel=582.3mL | Wait= 159s | Steps=30.3 | Reach=90% | ε=0.050 | Loss=20.182 | t=8986s
          ├ 토폴로지 도달률(최근50): gangnam_clean_topology=94%
          ├ OD별 도달률(최근200): rnd0=7%(n200)  rnd1=100%(n200)  rnd10=100%(n200)  rnd11=100%(n200)  rnd12=100%(n200)  rnd13=100%(n200)  rnd14=100%(n200)  rnd15=100%(n200)  rnd16=100%(n200)  rnd17=100%(n200)  rnd18=100%(n200)  rnd19=100%(n200)  rnd2=100%(n200)  rnd20=100%(n200)  rnd21=100%(n200)  rnd22=100%(n200)  rnd23=100%(n200)  rnd24=3%(n200)  rnd25=100%(n200)  rnd26=100%(n200)  rnd27=100%(n200)  rnd28=100%(n200)  rnd29=100%(n200)  rnd3=100%(n200)  rnd4=100%(n200)  rnd5=100%(n200)  rnd6=100%(n200)  rnd7=100%(n200)  rnd8=100%(n200)  rnd9=100%(n200)
          └ 이동 분포: straight=67%  left=16%  right=17%
Ep 19400/30000 | R=  186.9 | Fuel=575.4mL | Wait= 127s | Steps=31.2 | Reach=94% | ε=0.050 | Loss=19.110 | t=9011s
          ├ 토폴로지 도달률(최근50): gangnam_clean_topology=98%
          ├ OD별 도달률(최근200): rnd0=7%(n200)  rnd1=100%(n200)  rnd10=100%(n200)  rnd11=100%(n200)  rnd12=100%(n200)  rnd13=100%(n200)  rnd14=100%(n200)  rnd15=100%(n200)  rnd16=100%(n200)  rnd17=100%(n200)  rnd18=100%(n200)  rnd19=100%(n200)  rnd2=100%(n200)  rnd20=100%(n200)  rnd21=100%(n200)  rnd22=100%(n200)  rnd23=100%(n200)  rnd24=3%(n200)  rnd25=100%(n200)  rnd26=100%(n200)  rnd27=100%(n200)  rnd28=100%(n200)  rnd29=100%(n200)  rnd3=100%(n200)  rnd4=100%(n200)  rnd5=100%(n200)  rnd6=100%(n200)  rnd7=100%(n200)  rnd8=100%(n200)  rnd9=100%(n200)
          └ 이동 분포: straight=68%  left=15%  right=18%
Ep 19500/30000 | R=  223.5 | Fuel=578.6mL | Wait= 150s | Steps=29.9 | Reach=96% | ε=0.050 | Loss=18.682 | t=9032s
          ├ 토폴로지 도달률(최근50): gangnam_clean_topology=98%
          ├ OD별 도달률(최근200): rnd0=7%(n200)  rnd1=100%(n200)  rnd10=100%(n200)  rnd11=100%(n200)  rnd12=100%(n200)  rnd13=100%(n200)  rnd14=100%(n200)  rnd15=100%(n200)  rnd16=100%(n200)  rnd17=100%(n200)  rnd18=100%(n200)  rnd19=100%(n200)  rnd2=100%(n200)  rnd20=100%(n200)  rnd21=100%(n200)  rnd22=100%(n200)  rnd23=100%(n200)  rnd24=3%(n200)  rnd25=100%(n200)  rnd26=100%(n200)  rnd27=100%(n200)  rnd28=100%(n200)  rnd29=100%(n200)  rnd3=100%(n200)  rnd4=100%(n200)  rnd5=100%(n200)  rnd6=100%(n200)  rnd7=100%(n200)  rnd8=100%(n200)  rnd9=100%(n200)
          └ 이동 분포: straight=69%  left=15%  right=16%
Ep 19600/30000 | R=  221.3 | Fuel=579.1mL | Wait= 159s | Steps=30.3 | Reach=98% | ε=0.050 | Loss=19.692 | t=9053s
          ├ 토폴로지 도달률(최근50): gangnam_clean_topology=98%
          ├ OD별 도달률(최근200): rnd0=7%(n200)  rnd1=100%(n200)  rnd10=100%(n200)  rnd11=100%(n200)  rnd12=100%(n200)  rnd13=100%(n200)  rnd14=100%(n200)  rnd15=100%(n200)  rnd16=100%(n200)  rnd17=100%(n200)  rnd18=100%(n200)  rnd19=100%(n200)  rnd2=100%(n200)  rnd20=100%(n200)  rnd21=100%(n200)  rnd22=100%(n200)  rnd23=100%(n200)  rnd24=3%(n200)  rnd25=100%(n200)  rnd26=100%(n200)  rnd27=100%(n200)  rnd28=100%(n200)  rnd29=100%(n200)  rnd3=100%(n200)  rnd4=100%(n200)  rnd5=100%(n200)  rnd6=100%(n200)  rnd7=100%(n200)  rnd8=100%(n200)  rnd9=100%(n200)
          └ 이동 분포: straight=66%  left=16%  right=18%
Ep 19700/30000 | R=  163.5 | Fuel=628.8mL | Wait= 190s | Steps=31.9 | Reach=97% | ε=0.050 | Loss=20.917 | t=9076s
          ├ 토폴로지 도달률(최근50): gangnam_clean_topology=98%
          ├ OD별 도달률(최근200): rnd0=7%(n200)  rnd1=100%(n200)  rnd10=100%(n200)  rnd11=100%(n200)  rnd12=100%(n200)  rnd13=100%(n200)  rnd14=100%(n200)  rnd15=100%(n200)  rnd16=100%(n200)  rnd17=100%(n200)  rnd18=100%(n200)  rnd19=100%(n200)  rnd2=100%(n200)  rnd20=100%(n200)  rnd21=100%(n200)  rnd22=100%(n200)  rnd23=100%(n200)  rnd24=4%(n200)  rnd25=100%(n200)  rnd26=100%(n200)  rnd27=100%(n200)  rnd28=100%(n200)  rnd29=100%(n200)  rnd3=100%(n200)  rnd4=100%(n200)  rnd5=100%(n200)  rnd6=100%(n200)  rnd7=100%(n200)  rnd8=100%(n200)  rnd9=100%(n200)
          └ 이동 분포: straight=68%  left=15%  right=17%
Ep 19800/30000 | R=  150.4 | Fuel=586.6mL | Wait= 152s | Steps=31.4 | Reach=93% | ε=0.050 | Loss=20.805 | t=9102s
          ├ 토폴로지 도달률(최근50): gangnam_clean_topology=90%
          ├ OD별 도달률(최근200): rnd0=6%(n200)  rnd1=100%(n200)  rnd10=100%(n200)  rnd11=100%(n200)  rnd12=100%(n200)  rnd13=100%(n200)  rnd14=100%(n200)  rnd15=100%(n200)  rnd16=100%(n200)  rnd17=100%(n200)  rnd18=100%(n200)  rnd19=100%(n200)  rnd2=100%(n200)  rnd20=100%(n200)  rnd21=100%(n200)  rnd22=100%(n200)  rnd23=100%(n200)  rnd24=4%(n200)  rnd25=100%(n200)  rnd26=100%(n200)  rnd27=100%(n200)  rnd28=100%(n200)  rnd29=100%(n200)  rnd3=100%(n200)  rnd4=100%(n200)  rnd5=100%(n200)  rnd6=100%(n200)  rnd7=100%(n200)  rnd8=100%(n200)  rnd9=100%(n200)
          └ 이동 분포: straight=67%  left=16%  right=17%
Ep 19900/30000 | R=  160.1 | Fuel=540.9mL | Wait= 142s | Steps=31.1 | Reach=92% | ε=0.050 | Loss=21.192 | t=9126s
          ├ 토폴로지 도달률(최근50): gangnam_clean_topology=90%
          ├ OD별 도달률(최근200): rnd0=6%(n200)  rnd1=100%(n200)  rnd10=100%(n200)  rnd11=100%(n200)  rnd12=100%(n200)  rnd13=100%(n200)  rnd14=100%(n200)  rnd15=100%(n200)  rnd16=100%(n200)  rnd17=100%(n200)  rnd18=100%(n200)  rnd19=100%(n200)  rnd2=100%(n200)  rnd20=100%(n200)  rnd21=100%(n200)  rnd22=100%(n200)  rnd23=100%(n200)  rnd24=5%(n200)  rnd25=100%(n200)  rnd26=100%(n200)  rnd27=100%(n200)  rnd28=100%(n200)  rnd29=100%(n200)  rnd3=100%(n200)  rnd4=100%(n200)  rnd5=100%(n200)  rnd6=100%(n200)  rnd7=100%(n200)  rnd8=100%(n200)  rnd9=100%(n200)
          └ 이동 분포: straight=68%  left=16%  right=16%
Ep 20000/30000 | R=  141.2 | Fuel=625.6mL | Wait= 153s | Steps=31.2 | Reach=90% | ε=0.050 | Loss=20.499 | t=9151s
          ├ 토폴로지 도달률(최근50): gangnam_clean_topology=92%
          ├ OD별 도달률(최근200): rnd0=7%(n200)  rnd1=100%(n200)  rnd10=100%(n200)  rnd11=100%(n200)  rnd12=100%(n200)  rnd13=100%(n200)  rnd14=100%(n200)  rnd15=100%(n200)  rnd16=100%(n200)  rnd17=100%(n200)  rnd18=100%(n200)  rnd19=100%(n200)  rnd2=100%(n200)  rnd20=100%(n200)  rnd21=100%(n200)  rnd22=100%(n200)  rnd23=100%(n200)  rnd24=5%(n200)  rnd25=100%(n200)  rnd26=100%(n200)  rnd27=100%(n200)  rnd28=100%(n200)  rnd29=100%(n200)  rnd3=100%(n200)  rnd4=100%(n200)  rnd5=100%(n200)  rnd6=100%(n200)  rnd7=100%(n200)  rnd8=100%(n200)  rnd9=100%(n200)
          └ 이동 분포: straight=70%  left=14%  right=16%
  [체크포인트] model_rl_signal_ep20000.pth
Ep 20100/30000 | R=  142.2 | Fuel=634.7mL | Wait= 166s | Steps=33.1 | Reach=94% | ε=0.050 | Loss=20.723 | t=9178s
          ├ 토폴로지 도달률(최근50): gangnam_clean_topology=94%
          ├ OD별 도달률(최근200): rnd0=7%(n200)  rnd1=100%(n200)  rnd10=100%(n200)  rnd11=100%(n200)  rnd12=100%(n200)  rnd13=100%(n200)  rnd14=100%(n200)  rnd15=100%(n200)  rnd16=100%(n200)  rnd17=100%(n200)  rnd18=100%(n200)  rnd19=100%(n200)  rnd2=100%(n200)  rnd20=100%(n200)  rnd21=100%(n200)  rnd22=100%(n200)  rnd23=100%(n200)  rnd24=5%(n200)  rnd25=100%(n200)  rnd26=100%(n200)  rnd27=100%(n200)  rnd28=100%(n200)  rnd29=100%(n200)  rnd3=100%(n200)  rnd4=100%(n200)  rnd5=100%(n200)  rnd6=100%(n200)  rnd7=100%(n200)  rnd8=100%(n200)  rnd9=100%(n200)
          └ 이동 분포: straight=66%  left=16%  right=18%
Ep 20200/30000 | R=  157.5 | Fuel=612.6mL | Wait= 174s | Steps=31.2 | Reach=92% | ε=0.050 | Loss=20.089 | t=9202s
          ├ 토폴로지 도달률(최근50): gangnam_clean_topology=92%
          ├ OD별 도달률(최근200): rnd0=6%(n200)  rnd1=100%(n200)  rnd10=100%(n200)  rnd11=100%(n200)  rnd12=100%(n200)  rnd13=100%(n200)  rnd14=100%(n200)  rnd15=100%(n200)  rnd16=100%(n200)  rnd17=100%(n200)  rnd18=100%(n200)  rnd19=100%(n200)  rnd2=100%(n200)  rnd20=100%(n200)  rnd21=100%(n200)  rnd22=100%(n200)  rnd23=100%(n200)  rnd24=5%(n200)  rnd25=100%(n200)  rnd26=100%(n200)  rnd27=100%(n200)  rnd28=100%(n200)  rnd29=100%(n200)  rnd3=100%(n200)  rnd4=100%(n200)  rnd5=100%(n200)  rnd6=100%(n200)  rnd7=100%(n200)  rnd8=100%(n200)  rnd9=100%(n200)
          └ 이동 분포: straight=68%  left=15%  right=17%
Ep 20300/30000 | R=  212.8 | Fuel=550.6mL | Wait= 139s | Steps=28.9 | Reach=92% | ε=0.050 | Loss=19.940 | t=9224s
          ├ 토폴로지 도달률(최근50): gangnam_clean_topology=92%
          ├ OD별 도달률(최근200): rnd0=6%(n200)  rnd1=100%(n200)  rnd10=100%(n200)  rnd11=100%(n200)  rnd12=100%(n200)  rnd13=100%(n200)  rnd14=100%(n200)  rnd15=100%(n200)  rnd16=100%(n200)  rnd17=100%(n200)  rnd18=100%(n200)  rnd19=100%(n200)  rnd2=100%(n200)  rnd20=100%(n200)  rnd21=100%(n200)  rnd22=100%(n200)  rnd23=100%(n200)  rnd24=5%(n200)  rnd25=100%(n200)  rnd26=100%(n200)  rnd27=100%(n200)  rnd28=100%(n200)  rnd29=100%(n200)  rnd3=100%(n200)  rnd4=100%(n200)  rnd5=100%(n200)  rnd6=100%(n200)  rnd7=100%(n200)  rnd8=100%(n200)  rnd9=100%(n200)
          └ 이동 분포: straight=68%  left=15%  right=17%
Ep 20400/30000 | R=  155.7 | Fuel=624.2mL | Wait= 171s | Steps=32.6 | Reach=96% | ε=0.050 | Loss=20.750 | t=9250s
          ├ 토폴로지 도달률(최근50): gangnam_clean_topology=94%
          ├ OD별 도달률(최근200): rnd0=6%(n200)  rnd1=100%(n200)  rnd10=100%(n200)  rnd11=100%(n200)  rnd12=100%(n200)  rnd13=100%(n200)  rnd14=100%(n200)  rnd15=100%(n200)  rnd16=100%(n200)  rnd17=100%(n200)  rnd18=100%(n200)  rnd19=100%(n200)  rnd2=100%(n200)  rnd20=100%(n200)  rnd21=100%(n200)  rnd22=100%(n200)  rnd23=100%(n200)  rnd24=5%(n200)  rnd25=100%(n200)  rnd26=100%(n200)  rnd27=100%(n200)  rnd28=100%(n200)  rnd29=100%(n200)  rnd3=100%(n200)  rnd4=100%(n200)  rnd5=100%(n200)  rnd6=100%(n200)  rnd7=100%(n200)  rnd8=100%(n200)  rnd9=100%(n200)
          └ 이동 분포: straight=67%  left=16%  right=17%
Ep 20500/30000 | R=  178.9 | Fuel=572.4mL | Wait= 139s | Steps=28.5 | Reach=92% | ε=0.050 | Loss=20.842 | t=9280s
          ├ 토폴로지 도달률(최근50): gangnam_clean_topology=96%
          ├ OD별 도달률(최근200): rnd0=6%(n200)  rnd1=100%(n200)  rnd10=100%(n200)  rnd11=100%(n200)  rnd12=100%(n200)  rnd13=100%(n200)  rnd14=100%(n200)  rnd15=100%(n200)  rnd16=100%(n200)  rnd17=100%(n200)  rnd18=100%(n200)  rnd19=100%(n200)  rnd2=100%(n200)  rnd20=100%(n200)  rnd21=100%(n200)  rnd22=100%(n200)  rnd23=100%(n200)  rnd24=5%(n200)  rnd25=100%(n200)  rnd26=100%(n200)  rnd27=100%(n200)  rnd28=100%(n200)  rnd29=100%(n200)  rnd3=100%(n200)  rnd4=100%(n200)  rnd5=100%(n200)  rnd6=100%(n200)  rnd7=100%(n200)  rnd8=100%(n200)  rnd9=100%(n200)
          └ 이동 분포: straight=64%  left=17%  right=19%
Ep 20600/30000 | R=  185.2 | Fuel=565.0mL | Wait= 147s | Steps=28.3 | Reach=91% | ε=0.050 | Loss=20.195 | t=9301s
          ├ 토폴로지 도달률(최근50): gangnam_clean_topology=86%
          ├ OD별 도달률(최근200): rnd0=6%(n200)  rnd1=100%(n200)  rnd10=100%(n200)  rnd11=100%(n200)  rnd12=100%(n200)  rnd13=100%(n200)  rnd14=100%(n200)  rnd15=100%(n200)  rnd16=100%(n200)  rnd17=100%(n200)  rnd18=100%(n200)  rnd19=100%(n200)  rnd2=100%(n200)  rnd20=100%(n200)  rnd21=100%(n200)  rnd22=100%(n200)  rnd23=100%(n200)  rnd24=5%(n200)  rnd25=100%(n200)  rnd26=100%(n200)  rnd27=100%(n200)  rnd28=100%(n200)  rnd29=100%(n200)  rnd3=100%(n200)  rnd4=100%(n200)  rnd5=100%(n200)  rnd6=100%(n200)  rnd7=100%(n200)  rnd8=100%(n200)  rnd9=100%(n200)
          └ 이동 분포: straight=66%  left=16%  right=18%
Ep 20700/30000 | R=  152.8 | Fuel=610.1mL | Wait= 160s | Steps=30.8 | Reach=91% | ε=0.050 | Loss=19.656 | t=9332s
          ├ 토폴로지 도달률(최근50): gangnam_clean_topology=88%
          ├ OD별 도달률(최근200): rnd0=6%(n200)  rnd1=100%(n200)  rnd10=100%(n200)  rnd11=100%(n200)  rnd12=100%(n200)  rnd13=100%(n200)  rnd14=100%(n200)  rnd15=100%(n200)  rnd16=100%(n200)  rnd17=100%(n200)  rnd18=100%(n200)  rnd19=100%(n200)  rnd2=100%(n200)  rnd20=100%(n200)  rnd21=100%(n200)  rnd22=100%(n200)  rnd23=100%(n200)  rnd24=5%(n200)  rnd25=100%(n200)  rnd26=100%(n200)  rnd27=100%(n200)  rnd28=100%(n200)  rnd29=100%(n200)  rnd3=100%(n200)  rnd4=100%(n200)  rnd5=100%(n200)  rnd6=100%(n200)  rnd7=100%(n200)  rnd8=100%(n200)  rnd9=100%(n200)
          └ 이동 분포: straight=68%  left=15%  right=17%
Ep 20800/30000 | R=  225.1 | Fuel=539.2mL | Wait= 136s | Steps=28.1 | Reach=92% | ε=0.050 | Loss=18.562 | t=9357s
          ├ 토폴로지 도달률(최근50): gangnam_clean_topology=92%
          ├ OD별 도달률(최근200): rnd0=6%(n200)  rnd1=100%(n200)  rnd10=100%(n200)  rnd11=100%(n200)  rnd12=100%(n200)  rnd13=100%(n200)  rnd14=100%(n200)  rnd15=100%(n200)  rnd16=100%(n200)  rnd17=100%(n200)  rnd18=100%(n200)  rnd19=100%(n200)  rnd2=100%(n200)  rnd20=100%(n200)  rnd21=100%(n200)  rnd22=100%(n200)  rnd23=100%(n200)  rnd24=5%(n200)  rnd25=100%(n200)  rnd26=100%(n200)  rnd27=100%(n200)  rnd28=100%(n200)  rnd29=100%(n200)  rnd3=100%(n200)  rnd4=100%(n200)  rnd5=100%(n200)  rnd6=100%(n200)  rnd7=100%(n200)  rnd8=100%(n200)  rnd9=100%(n200)
          └ 이동 분포: straight=68%  left=16%  right=17%
Ep 20900/30000 | R=  245.3 | Fuel=534.7mL | Wait= 133s | Steps=28.9 | Reach=95% | ε=0.050 | Loss=18.248 | t=9382s
          ├ 토폴로지 도달률(최근50): gangnam_clean_topology=94%
          ├ OD별 도달률(최근200): rnd0=6%(n200)  rnd1=100%(n200)  rnd10=100%(n200)  rnd11=100%(n200)  rnd12=100%(n200)  rnd13=100%(n200)  rnd14=100%(n200)  rnd15=100%(n200)  rnd16=100%(n200)  rnd17=100%(n200)  rnd18=100%(n200)  rnd19=100%(n200)  rnd2=100%(n200)  rnd20=100%(n200)  rnd21=100%(n200)  rnd22=100%(n200)  rnd23=100%(n200)  rnd24=5%(n200)  rnd25=100%(n200)  rnd26=100%(n200)  rnd27=100%(n200)  rnd28=100%(n200)  rnd29=100%(n200)  rnd3=100%(n200)  rnd4=100%(n200)  rnd5=100%(n200)  rnd6=100%(n200)  rnd7=100%(n200)  rnd8=100%(n200)  rnd9=100%(n200)
          └ 이동 분포: straight=71%  left=14%  right=16%
Ep 21000/30000 | R=   79.3 | Fuel=605.3mL | Wait= 150s | Steps=33.6 | Reach=94% | ε=0.050 | Loss=21.207 | t=9411s
          ├ 토폴로지 도달률(최근50): gangnam_clean_topology=90%
          ├ OD별 도달률(최근200): rnd0=6%(n200)  rnd1=100%(n200)  rnd10=100%(n200)  rnd11=100%(n200)  rnd12=100%(n200)  rnd13=100%(n200)  rnd14=100%(n200)  rnd15=100%(n200)  rnd16=100%(n200)  rnd17=100%(n200)  rnd18=100%(n200)  rnd19=100%(n200)  rnd2=100%(n200)  rnd20=100%(n200)  rnd21=100%(n200)  rnd22=100%(n200)  rnd23=100%(n200)  rnd24=5%(n200)  rnd25=100%(n200)  rnd26=100%(n200)  rnd27=100%(n200)  rnd28=100%(n200)  rnd29=100%(n200)  rnd3=100%(n200)  rnd4=100%(n200)  rnd5=100%(n200)  rnd6=100%(n200)  rnd7=100%(n200)  rnd8=100%(n200)  rnd9=100%(n200)
          └ 이동 분포: straight=65%  left=16%  right=18%
Ep 21100/30000 | R=  176.3 | Fuel=608.5mL | Wait= 166s | Steps=31.0 | Reach=94% | ε=0.050 | Loss=19.693 | t=9435s
          ├ 토폴로지 도달률(최근50): gangnam_clean_topology=90%
          ├ OD별 도달률(최근200): rnd0=6%(n200)  rnd1=100%(n200)  rnd10=100%(n200)  rnd11=100%(n200)  rnd12=100%(n200)  rnd13=100%(n200)  rnd14=100%(n200)  rnd15=100%(n200)  rnd16=100%(n200)  rnd17=100%(n200)  rnd18=100%(n200)  rnd19=100%(n200)  rnd2=100%(n200)  rnd20=100%(n200)  rnd21=100%(n200)  rnd22=100%(n200)  rnd23=100%(n200)  rnd24=5%(n200)  rnd25=100%(n200)  rnd26=100%(n200)  rnd27=100%(n200)  rnd28=100%(n200)  rnd29=100%(n200)  rnd3=100%(n200)  rnd4=100%(n200)  rnd5=100%(n200)  rnd6=100%(n200)  rnd7=100%(n200)  rnd8=100%(n200)  rnd9=100%(n200)
          └ 이동 분포: straight=69%  left=15%  right=17%
Ep 21200/30000 | R=  140.9 | Fuel=622.2mL | Wait= 163s | Steps=33.0 | Reach=94% | ε=0.050 | Loss=20.964 | t=9462s
          ├ 토폴로지 도달률(최근50): gangnam_clean_topology=94%
          ├ OD별 도달률(최근200): rnd0=6%(n200)  rnd1=100%(n200)  rnd10=100%(n200)  rnd11=100%(n200)  rnd12=100%(n200)  rnd13=100%(n200)  rnd14=100%(n200)  rnd15=100%(n200)  rnd16=100%(n200)  rnd17=100%(n200)  rnd18=100%(n200)  rnd19=100%(n200)  rnd2=100%(n200)  rnd20=100%(n200)  rnd21=100%(n200)  rnd22=100%(n200)  rnd23=100%(n200)  rnd24=5%(n200)  rnd25=100%(n200)  rnd26=100%(n200)  rnd27=100%(n200)  rnd28=100%(n200)  rnd29=100%(n200)  rnd3=100%(n200)  rnd4=100%(n200)  rnd5=100%(n200)  rnd6=100%(n200)  rnd7=100%(n200)  rnd8=100%(n200)  rnd9=100%(n200)
          └ 이동 분포: straight=66%  left=16%  right=18%
Ep 21300/30000 | R=  206.7 | Fuel=585.5mL | Wait= 150s | Steps=30.3 | Reach=96% | ε=0.050 | Loss=19.129 | t=9494s
          ├ 토폴로지 도달률(최근50): gangnam_clean_topology=94%
          ├ OD별 도달률(최근200): rnd0=6%(n200)  rnd1=100%(n200)  rnd10=100%(n200)  rnd11=100%(n200)  rnd12=100%(n200)  rnd13=100%(n200)  rnd14=100%(n200)  rnd15=100%(n200)  rnd16=100%(n200)  rnd17=100%(n200)  rnd18=100%(n200)  rnd19=100%(n200)  rnd2=100%(n200)  rnd20=100%(n200)  rnd21=100%(n200)  rnd22=100%(n200)  rnd23=100%(n200)  rnd24=5%(n200)  rnd25=100%(n200)  rnd26=100%(n200)  rnd27=100%(n200)  rnd28=100%(n200)  rnd29=100%(n200)  rnd3=100%(n200)  rnd4=100%(n200)  rnd5=100%(n200)  rnd6=100%(n200)  rnd7=100%(n200)  rnd8=100%(n200)  rnd9=100%(n200)
          └ 이동 분포: straight=69%  left=15%  right=16%
Ep 21400/30000 | R=  168.5 | Fuel=576.5mL | Wait= 129s | Steps=30.5 | Reach=92% | ε=0.050 | Loss=20.103 | t=9521s
          ├ 토폴로지 도달률(최근50): gangnam_clean_topology=96%
          ├ OD별 도달률(최근200): rnd0=6%(n200)  rnd1=100%(n200)  rnd10=100%(n200)  rnd11=100%(n200)  rnd12=100%(n200)  rnd13=100%(n200)  rnd14=100%(n200)  rnd15=100%(n200)  rnd16=100%(n200)  rnd17=100%(n200)  rnd18=100%(n200)  rnd19=100%(n200)  rnd2=100%(n200)  rnd20=100%(n200)  rnd21=100%(n200)  rnd22=100%(n200)  rnd23=100%(n200)  rnd24=6%(n200)  rnd25=100%(n200)  rnd26=100%(n200)  rnd27=100%(n200)  rnd28=100%(n200)  rnd29=100%(n200)  rnd3=100%(n200)  rnd4=100%(n200)  rnd5=100%(n200)  rnd6=100%(n200)  rnd7=100%(n200)  rnd8=100%(n200)  rnd9=100%(n200)
          └ 이동 분포: straight=66%  left=15%  right=18%
Ep 21500/30000 | R=  150.4 | Fuel=539.9mL | Wait= 132s | Steps=30.2 | Reach=89% | ε=0.050 | Loss=20.418 | t=9548s
          ├ 토폴로지 도달률(최근50): gangnam_clean_topology=92%
          ├ OD별 도달률(최근200): rnd0=6%(n200)  rnd1=100%(n200)  rnd10=100%(n200)  rnd11=100%(n200)  rnd12=100%(n200)  rnd13=100%(n200)  rnd14=100%(n200)  rnd15=100%(n200)  rnd16=100%(n200)  rnd17=100%(n200)  rnd18=100%(n200)  rnd19=100%(n200)  rnd2=100%(n200)  rnd20=100%(n200)  rnd21=99%(n200)  rnd22=100%(n200)  rnd23=100%(n200)  rnd24=6%(n200)  rnd25=100%(n200)  rnd26=100%(n200)  rnd27=100%(n200)  rnd28=100%(n200)  rnd29=100%(n200)  rnd3=100%(n200)  rnd4=100%(n200)  rnd5=100%(n200)  rnd6=100%(n200)  rnd7=100%(n200)  rnd8=100%(n200)  rnd9=100%(n200)
          └ 이동 분포: straight=66%  left=15%  right=19%
Ep 21600/30000 | R=  155.5 | Fuel=609.6mL | Wait= 148s | Steps=31.2 | Reach=90% | ε=0.050 | Loss=19.431 | t=9572s
          ├ 토폴로지 도달률(최근50): gangnam_clean_topology=86%
          ├ OD별 도달률(최근200): rnd0=6%(n200)  rnd1=100%(n200)  rnd10=100%(n200)  rnd11=100%(n200)  rnd12=100%(n200)  rnd13=100%(n200)  rnd14=100%(n200)  rnd15=100%(n200)  rnd16=100%(n200)  rnd17=100%(n200)  rnd18=100%(n200)  rnd19=100%(n200)  rnd2=100%(n200)  rnd20=100%(n200)  rnd21=99%(n200)  rnd22=100%(n200)  rnd23=100%(n200)  rnd24=6%(n200)  rnd25=100%(n200)  rnd26=100%(n200)  rnd27=100%(n200)  rnd28=100%(n200)  rnd29=100%(n200)  rnd3=100%(n200)  rnd4=100%(n200)  rnd5=100%(n200)  rnd6=100%(n200)  rnd7=100%(n200)  rnd8=100%(n200)  rnd9=100%(n200)
          └ 이동 분포: straight=69%  left=15%  right=16%
Ep 21700/30000 | R=  210.5 | Fuel=543.8mL | Wait= 136s | Steps=28.4 | Reach=91% | ε=0.050 | Loss=19.180 | t=9596s
          ├ 토폴로지 도달률(최근50): gangnam_clean_topology=90%
          ├ OD별 도달률(최근200): rnd0=6%(n200)  rnd1=100%(n200)  rnd10=100%(n200)  rnd11=100%(n200)  rnd12=100%(n200)  rnd13=100%(n200)  rnd14=100%(n200)  rnd15=100%(n200)  rnd16=100%(n200)  rnd17=100%(n200)  rnd18=100%(n200)  rnd19=100%(n200)  rnd2=100%(n200)  rnd20=100%(n200)  rnd21=99%(n200)  rnd22=100%(n200)  rnd23=100%(n200)  rnd24=6%(n200)  rnd25=100%(n200)  rnd26=100%(n200)  rnd27=100%(n200)  rnd28=100%(n200)  rnd29=100%(n200)  rnd3=100%(n200)  rnd4=100%(n200)  rnd5=100%(n200)  rnd6=100%(n200)  rnd7=100%(n200)  rnd8=100%(n200)  rnd9=100%(n200)
          └ 이동 분포: straight=68%  left=15%  right=17%
Ep 21800/30000 | R=  186.2 | Fuel=617.3mL | Wait= 146s | Steps=31.9 | Reach=95% | ε=0.050 | Loss=19.387 | t=9616s
          ├ 토폴로지 도달률(최근50): gangnam_clean_topology=96%
          ├ OD별 도달률(최근200): rnd0=7%(n200)  rnd1=100%(n200)  rnd10=100%(n200)  rnd11=100%(n200)  rnd12=100%(n200)  rnd13=100%(n200)  rnd14=100%(n200)  rnd15=100%(n200)  rnd16=100%(n200)  rnd17=100%(n200)  rnd18=100%(n200)  rnd19=100%(n200)  rnd2=100%(n200)  rnd20=100%(n200)  rnd21=99%(n200)  rnd22=100%(n200)  rnd23=100%(n200)  rnd24=6%(n200)  rnd25=100%(n200)  rnd26=100%(n200)  rnd27=100%(n200)  rnd28=100%(n200)  rnd29=100%(n200)  rnd3=100%(n200)  rnd4=100%(n200)  rnd5=100%(n200)  rnd6=100%(n200)  rnd7=100%(n200)  rnd8=100%(n200)  rnd9=100%(n200)
          └ 이동 분포: straight=68%  left=15%  right=16%
Ep 21900/30000 | R=  187.7 | Fuel=562.6mL | Wait= 151s | Steps=29.9 | Reach=91% | ε=0.050 | Loss=19.035 | t=9635s
          ├ 토폴로지 도달률(최근50): gangnam_clean_topology=92%
          ├ OD별 도달률(최근200): rnd0=7%(n200)  rnd1=100%(n200)  rnd10=100%(n200)  rnd11=100%(n200)  rnd12=100%(n200)  rnd13=100%(n200)  rnd14=100%(n200)  rnd15=100%(n200)  rnd16=100%(n200)  rnd17=100%(n200)  rnd18=100%(n200)  rnd19=100%(n200)  rnd2=100%(n200)  rnd20=100%(n200)  rnd21=99%(n200)  rnd22=100%(n200)  rnd23=100%(n200)  rnd24=6%(n200)  rnd25=100%(n200)  rnd26=100%(n200)  rnd27=100%(n200)  rnd28=100%(n200)  rnd29=100%(n200)  rnd3=100%(n200)  rnd4=100%(n200)  rnd5=100%(n200)  rnd6=100%(n200)  rnd7=100%(n200)  rnd8=100%(n200)  rnd9=100%(n200)
          └ 이동 분포: straight=70%  left=14%  right=16%
Ep 22000/30000 | R=  216.3 | Fuel=527.8mL | Wait= 137s | Steps=30.4 | Reach=94% | ε=0.050 | Loss=19.352 | t=9659s
          ├ 토폴로지 도달률(최근50): gangnam_clean_topology=92%
          ├ OD별 도달률(최근200): rnd0=7%(n200)  rnd1=100%(n200)  rnd10=100%(n200)  rnd11=100%(n200)  rnd12=100%(n200)  rnd13=100%(n200)  rnd14=100%(n200)  rnd15=100%(n200)  rnd16=100%(n200)  rnd17=100%(n200)  rnd18=100%(n200)  rnd19=100%(n200)  rnd2=100%(n200)  rnd20=100%(n200)  rnd21=99%(n200)  rnd22=100%(n200)  rnd23=100%(n200)  rnd24=6%(n200)  rnd25=100%(n200)  rnd26=100%(n200)  rnd27=100%(n200)  rnd28=100%(n200)  rnd29=100%(n200)  rnd3=100%(n200)  rnd4=100%(n200)  rnd5=100%(n200)  rnd6=100%(n200)  rnd7=100%(n200)  rnd8=100%(n200)  rnd9=100%(n200)
          └ 이동 분포: straight=68%  left=15%  right=17%
Ep 22100/30000 | R=   94.4 | Fuel=603.7mL | Wait= 159s | Steps=35.5 | Reach=92% | ε=0.050 | Loss=18.483 | t=9687s
          ├ 토폴로지 도달률(최근50): gangnam_clean_topology=92%
          ├ OD별 도달률(최근200): rnd0=7%(n200)  rnd1=100%(n200)  rnd10=100%(n200)  rnd11=100%(n200)  rnd12=100%(n200)  rnd13=100%(n200)  rnd14=100%(n200)  rnd15=100%(n200)  rnd16=100%(n200)  rnd17=100%(n200)  rnd18=100%(n200)  rnd19=100%(n200)  rnd2=100%(n200)  rnd20=100%(n200)  rnd21=99%(n200)  rnd22=100%(n200)  rnd23=100%(n200)  rnd24=5%(n200)  rnd25=100%(n200)  rnd26=100%(n200)  rnd27=100%(n200)  rnd28=100%(n200)  rnd29=100%(n200)  rnd3=100%(n200)  rnd4=100%(n200)  rnd5=100%(n200)  rnd6=100%(n200)  rnd7=100%(n200)  rnd8=100%(n200)  rnd9=100%(n200)
          └ 이동 분포: straight=63%  left=13%  right=24%
Ep 22200/30000 | R=  141.5 | Fuel=632.9mL | Wait= 156s | Steps=32.7 | Reach=92% | ε=0.050 | Loss=20.497 | t=9713s
          ├ 토폴로지 도달률(최근50): gangnam_clean_topology=92%
          ├ OD별 도달률(최근200): rnd0=7%(n200)  rnd1=100%(n200)  rnd10=100%(n200)  rnd11=100%(n200)  rnd12=100%(n200)  rnd13=100%(n200)  rnd14=100%(n200)  rnd15=100%(n200)  rnd16=100%(n200)  rnd17=100%(n200)  rnd18=100%(n200)  rnd19=100%(n200)  rnd2=100%(n200)  rnd20=100%(n200)  rnd21=99%(n200)  rnd22=100%(n200)  rnd23=100%(n200)  rnd24=4%(n200)  rnd25=100%(n200)  rnd26=100%(n200)  rnd27=100%(n200)  rnd28=100%(n200)  rnd29=100%(n200)  rnd3=100%(n200)  rnd4=100%(n200)  rnd5=100%(n200)  rnd6=100%(n200)  rnd7=100%(n200)  rnd8=100%(n200)  rnd9=100%(n200)
          └ 이동 분포: straight=68%  left=15%  right=17%
Ep 22300/30000 | R=  190.5 | Fuel=582.2mL | Wait= 159s | Steps=29.9 | Reach=93% | ε=0.050 | Loss=19.982 | t=9732s
          ├ 토폴로지 도달률(최근50): gangnam_clean_topology=92%
          ├ OD별 도달률(최근200): rnd0=7%(n200)  rnd1=100%(n200)  rnd10=100%(n200)  rnd11=100%(n200)  rnd12=100%(n200)  rnd13=100%(n200)  rnd14=100%(n200)  rnd15=100%(n200)  rnd16=100%(n200)  rnd17=100%(n200)  rnd18=100%(n200)  rnd19=100%(n200)  rnd2=100%(n200)  rnd20=100%(n200)  rnd21=99%(n200)  rnd22=100%(n200)  rnd23=100%(n200)  rnd24=4%(n200)  rnd25=100%(n200)  rnd26=100%(n200)  rnd27=100%(n200)  rnd28=100%(n200)  rnd29=100%(n200)  rnd3=100%(n200)  rnd4=100%(n200)  rnd5=100%(n200)  rnd6=100%(n200)  rnd7=100%(n200)  rnd8=100%(n200)  rnd9=100%(n200)
          └ 이동 분포: straight=69%  left=15%  right=16%
Ep 22400/30000 | R=  182.2 | Fuel=595.8mL | Wait= 159s | Steps=32.6 | Reach=97% | ε=0.050 | Loss=20.163 | t=9755s
          ├ 토폴로지 도달률(최근50): gangnam_clean_topology=98%
          ├ OD별 도달률(최근200): rnd0=7%(n200)  rnd1=100%(n200)  rnd10=100%(n200)  rnd11=100%(n200)  rnd12=100%(n200)  rnd13=100%(n200)  rnd14=100%(n200)  rnd15=100%(n200)  rnd16=100%(n200)  rnd17=100%(n200)  rnd18=100%(n200)  rnd19=100%(n200)  rnd2=100%(n200)  rnd20=100%(n200)  rnd21=99%(n200)  rnd22=100%(n200)  rnd23=100%(n200)  rnd24=4%(n200)  rnd25=100%(n200)  rnd26=100%(n200)  rnd27=100%(n200)  rnd28=100%(n200)  rnd29=100%(n200)  rnd3=100%(n200)  rnd4=100%(n200)  rnd5=100%(n200)  rnd6=100%(n200)  rnd7=100%(n200)  rnd8=100%(n200)  rnd9=100%(n200)
          └ 이동 분포: straight=68%  left=15%  right=17%
Ep 22500/30000 | R=  182.4 | Fuel=616.0mL | Wait= 150s | Steps=32.4 | Reach=98% | ε=0.050 | Loss=20.032 | t=9779s
          ├ 토폴로지 도달률(최근50): gangnam_clean_topology=98%
          ├ OD별 도달률(최근200): rnd0=7%(n200)  rnd1=100%(n200)  rnd10=100%(n200)  rnd11=100%(n200)  rnd12=100%(n200)  rnd13=100%(n200)  rnd14=100%(n200)  rnd15=100%(n200)  rnd16=100%(n200)  rnd17=100%(n200)  rnd18=100%(n200)  rnd19=100%(n200)  rnd2=100%(n200)  rnd20=100%(n200)  rnd21=99%(n200)  rnd22=100%(n200)  rnd23=100%(n200)  rnd24=4%(n200)  rnd25=100%(n200)  rnd26=100%(n200)  rnd27=100%(n200)  rnd28=100%(n200)  rnd29=100%(n200)  rnd3=100%(n200)  rnd4=100%(n200)  rnd5=100%(n200)  rnd6=100%(n200)  rnd7=100%(n200)  rnd8=100%(n200)  rnd9=100%(n200)
          └ 이동 분포: straight=67%  left=17%  right=16%
  [체크포인트] model_rl_signal_ep22500.pth
Ep 22600/30000 | R=  176.4 | Fuel=610.1mL | Wait= 149s | Steps=31.5 | Reach=93% | ε=0.050 | Loss=19.141 | t=9805s
          ├ 토폴로지 도달률(최근50): gangnam_clean_topology=92%
          ├ OD별 도달률(최근200): rnd0=7%(n200)  rnd1=100%(n200)  rnd10=100%(n200)  rnd11=100%(n200)  rnd12=100%(n200)  rnd13=100%(n200)  rnd14=100%(n200)  rnd15=100%(n200)  rnd16=100%(n200)  rnd17=100%(n200)  rnd18=100%(n200)  rnd19=100%(n200)  rnd2=100%(n200)  rnd20=100%(n200)  rnd21=99%(n200)  rnd22=100%(n200)  rnd23=100%(n200)  rnd24=4%(n200)  rnd25=100%(n200)  rnd26=100%(n200)  rnd27=100%(n200)  rnd28=100%(n200)  rnd29=100%(n200)  rnd3=100%(n200)  rnd4=100%(n200)  rnd5=100%(n200)  rnd6=100%(n200)  rnd7=100%(n200)  rnd8=100%(n200)  rnd9=100%(n200)
          └ 이동 분포: straight=67%  left=16%  right=17%
Ep 22700/30000 | R=  164.8 | Fuel=567.5mL | Wait= 143s | Steps=30.8 | Reach=91% | ε=0.050 | Loss=19.240 | t=9831s
          ├ 토폴로지 도달률(최근50): gangnam_clean_topology=90%
          ├ OD별 도달률(최근200): rnd0=8%(n200)  rnd1=100%(n200)  rnd10=100%(n200)  rnd11=100%(n200)  rnd12=100%(n200)  rnd13=100%(n200)  rnd14=100%(n200)  rnd15=100%(n200)  rnd16=100%(n200)  rnd17=100%(n200)  rnd18=100%(n200)  rnd19=100%(n200)  rnd2=100%(n200)  rnd20=100%(n200)  rnd21=99%(n200)  rnd22=100%(n200)  rnd23=100%(n200)  rnd24=4%(n200)  rnd25=100%(n200)  rnd26=100%(n200)  rnd27=100%(n200)  rnd28=100%(n200)  rnd29=100%(n200)  rnd3=100%(n200)  rnd4=100%(n200)  rnd5=100%(n200)  rnd6=100%(n200)  rnd7=100%(n200)  rnd8=100%(n200)  rnd9=100%(n200)
          └ 이동 분포: straight=68%  left=15%  right=17%
Ep 22800/30000 | R=  180.1 | Fuel=538.4mL | Wait= 140s | Steps=29.9 | Reach=91% | ε=0.050 | Loss=19.937 | t=9852s
          ├ 토폴로지 도달률(최근50): gangnam_clean_topology=94%
          ├ OD별 도달률(최근200): rnd0=7%(n200)  rnd1=100%(n200)  rnd10=100%(n200)  rnd11=100%(n200)  rnd12=100%(n200)  rnd13=100%(n200)  rnd14=100%(n200)  rnd15=100%(n200)  rnd16=100%(n200)  rnd17=100%(n200)  rnd18=100%(n200)  rnd19=100%(n200)  rnd2=100%(n200)  rnd20=100%(n200)  rnd21=99%(n200)  rnd22=100%(n200)  rnd23=100%(n200)  rnd24=4%(n200)  rnd25=100%(n200)  rnd26=100%(n200)  rnd27=100%(n200)  rnd28=100%(n200)  rnd29=100%(n200)  rnd3=100%(n200)  rnd4=100%(n200)  rnd5=100%(n200)  rnd6=100%(n200)  rnd7=100%(n200)  rnd8=100%(n200)  rnd9=100%(n200)
          └ 이동 분포: straight=66%  left=16%  right=18%
Ep 22900/30000 | R=  188.2 | Fuel=623.6mL | Wait= 185s | Steps=31.9 | Reach=98% | ε=0.050 | Loss=19.699 | t=9871s
          ├ 토폴로지 도달률(최근50): gangnam_clean_topology=98%
          ├ OD별 도달률(최근200): rnd0=7%(n200)  rnd1=100%(n200)  rnd10=100%(n200)  rnd11=100%(n200)  rnd12=100%(n200)  rnd13=100%(n200)  rnd14=100%(n200)  rnd15=100%(n200)  rnd16=100%(n200)  rnd17=100%(n200)  rnd18=100%(n200)  rnd19=100%(n200)  rnd2=100%(n200)  rnd20=100%(n200)  rnd21=99%(n200)  rnd22=100%(n200)  rnd23=100%(n200)  rnd24=5%(n200)  rnd25=100%(n200)  rnd26=100%(n200)  rnd27=100%(n200)  rnd28=100%(n200)  rnd29=100%(n200)  rnd3=100%(n200)  rnd4=100%(n200)  rnd5=100%(n200)  rnd6=100%(n200)  rnd7=100%(n200)  rnd8=100%(n200)  rnd9=100%(n200)
          └ 이동 분포: straight=68%  left=16%  right=16%
Ep 23000/30000 | R=  136.9 | Fuel=660.1mL | Wait= 183s | Steps=35.0 | Reach=99% | ε=0.050 | Loss=21.610 | t=9898s
          ├ 토폴로지 도달률(최근50): gangnam_clean_topology=98%
          ├ OD별 도달률(최근200): rnd0=7%(n200)  rnd1=100%(n200)  rnd10=100%(n200)  rnd11=100%(n200)  rnd12=100%(n200)  rnd13=100%(n200)  rnd14=100%(n200)  rnd15=100%(n200)  rnd16=100%(n200)  rnd17=100%(n200)  rnd18=100%(n200)  rnd19=100%(n200)  rnd2=100%(n200)  rnd20=100%(n200)  rnd21=99%(n200)  rnd22=100%(n200)  rnd23=100%(n200)  rnd24=5%(n200)  rnd25=100%(n200)  rnd26=100%(n200)  rnd27=100%(n200)  rnd28=100%(n200)  rnd29=100%(n200)  rnd3=100%(n200)  rnd4=100%(n200)  rnd5=100%(n200)  rnd6=100%(n200)  rnd7=100%(n200)  rnd8=100%(n200)  rnd9=100%(n200)
          └ 이동 분포: straight=68%  left=16%  right=16%
Ep 23100/30000 | R=  131.5 | Fuel=644.8mL | Wait= 163s | Steps=35.4 | Reach=95% | ε=0.050 | Loss=19.562 | t=9930s
          ├ 토폴로지 도달률(최근50): gangnam_clean_topology=96%
          ├ OD별 도달률(최근200): rnd0=7%(n200)  rnd1=100%(n200)  rnd10=100%(n200)  rnd11=100%(n200)  rnd12=100%(n200)  rnd13=100%(n200)  rnd14=100%(n200)  rnd15=100%(n200)  rnd16=100%(n200)  rnd17=100%(n200)  rnd18=100%(n200)  rnd19=100%(n200)  rnd2=100%(n200)  rnd20=100%(n200)  rnd21=99%(n200)  rnd22=100%(n200)  rnd23=100%(n200)  rnd24=5%(n200)  rnd25=100%(n200)  rnd26=100%(n200)  rnd27=100%(n200)  rnd28=100%(n200)  rnd29=100%(n200)  rnd3=100%(n200)  rnd4=100%(n200)  rnd5=100%(n200)  rnd6=100%(n200)  rnd7=100%(n200)  rnd8=100%(n200)  rnd9=100%(n200)
          └ 이동 분포: straight=69%  left=15%  right=16%
Ep 23200/30000 | R=  243.0 | Fuel=596.5mL | Wait= 147s | Steps=30.3 | Reach=99% | ε=0.050 | Loss=19.023 | t=9963s
          ├ 토폴로지 도달률(최근50): gangnam_clean_topology=98%
          ├ OD별 도달률(최근200): rnd0=7%(n200)  rnd1=100%(n200)  rnd10=100%(n200)  rnd11=100%(n200)  rnd12=100%(n200)  rnd13=100%(n200)  rnd14=100%(n200)  rnd15=100%(n200)  rnd16=100%(n200)  rnd17=100%(n200)  rnd18=100%(n200)  rnd19=100%(n200)  rnd2=100%(n200)  rnd20=100%(n200)  rnd21=99%(n200)  rnd22=100%(n200)  rnd23=100%(n200)  rnd24=5%(n200)  rnd25=100%(n200)  rnd26=100%(n200)  rnd27=100%(n200)  rnd28=100%(n200)  rnd29=100%(n200)  rnd3=100%(n200)  rnd4=100%(n200)  rnd5=100%(n200)  rnd6=100%(n200)  rnd7=100%(n200)  rnd8=100%(n200)  rnd9=100%(n200)
          └ 이동 분포: straight=69%  left=14%  right=16%
Ep 23300/30000 | R=  224.2 | Fuel=542.4mL | Wait= 138s | Steps=29.5 | Reach=95% | ε=0.050 | Loss=18.434 | t=9996s
          ├ 토폴로지 도달률(최근50): gangnam_clean_topology=94%
          ├ OD별 도달률(최근200): rnd0=7%(n200)  rnd1=100%(n200)  rnd10=100%(n200)  rnd11=100%(n200)  rnd12=100%(n200)  rnd13=100%(n200)  rnd14=100%(n200)  rnd15=100%(n200)  rnd16=100%(n200)  rnd17=100%(n200)  rnd18=100%(n200)  rnd19=100%(n200)  rnd2=100%(n200)  rnd20=100%(n200)  rnd21=99%(n200)  rnd22=100%(n200)  rnd23=100%(n200)  rnd24=5%(n200)  rnd25=100%(n200)  rnd26=100%(n200)  rnd27=100%(n200)  rnd28=100%(n200)  rnd29=100%(n200)  rnd3=100%(n200)  rnd4=100%(n200)  rnd5=100%(n200)  rnd6=100%(n200)  rnd7=100%(n200)  rnd8=100%(n200)  rnd9=100%(n200)
          └ 이동 분포: straight=66%  left=16%  right=18%
Ep 23400/30000 | R=  177.8 | Fuel=575.6mL | Wait= 131s | Steps=30.8 | Reach=95% | ε=0.050 | Loss=20.747 | t=10023s
          ├ 토폴로지 도달률(최근50): gangnam_clean_topology=98%
          ├ OD별 도달률(최근200): rnd0=7%(n200)  rnd1=100%(n200)  rnd10=100%(n200)  rnd11=100%(n200)  rnd12=100%(n200)  rnd13=100%(n200)  rnd14=100%(n200)  rnd15=100%(n200)  rnd16=100%(n200)  rnd17=100%(n200)  rnd18=100%(n200)  rnd19=99%(n200)  rnd2=100%(n200)  rnd20=100%(n200)  rnd21=99%(n200)  rnd22=100%(n200)  rnd23=100%(n200)  rnd24=5%(n200)  rnd25=100%(n200)  rnd26=100%(n200)  rnd27=100%(n200)  rnd28=100%(n200)  rnd29=100%(n200)  rnd3=100%(n200)  rnd4=100%(n200)  rnd5=100%(n200)  rnd6=100%(n200)  rnd7=100%(n200)  rnd8=100%(n200)  rnd9=100%(n200)
          └ 이동 분포: straight=65%  left=17%  right=18%
Ep 23500/30000 | R=  167.1 | Fuel=566.3mL | Wait= 165s | Steps=29.1 | Reach=89% | ε=0.050 | Loss=20.435 | t=10047s
          ├ 토폴로지 도달률(최근50): gangnam_clean_topology=92%
          ├ OD별 도달률(최근200): rnd0=7%(n200)  rnd1=100%(n200)  rnd10=100%(n200)  rnd11=100%(n200)  rnd12=100%(n200)  rnd13=100%(n200)  rnd14=100%(n200)  rnd15=100%(n200)  rnd16=100%(n200)  rnd17=100%(n200)  rnd18=100%(n200)  rnd19=99%(n200)  rnd2=100%(n200)  rnd20=100%(n200)  rnd21=99%(n200)  rnd22=100%(n200)  rnd23=100%(n200)  rnd24=5%(n200)  rnd25=100%(n200)  rnd26=100%(n200)  rnd27=100%(n200)  rnd28=100%(n200)  rnd29=100%(n200)  rnd3=100%(n200)  rnd4=100%(n200)  rnd5=100%(n200)  rnd6=100%(n200)  rnd7=100%(n200)  rnd8=100%(n200)  rnd9=100%(n200)
          └ 이동 분포: straight=68%  left=16%  right=16%
Ep 23600/30000 | R=  103.9 | Fuel=698.2mL | Wait= 186s | Steps=34.7 | Reach=98% | ε=0.050 | Loss=22.255 | t=10083s
          ├ 토폴로지 도달률(최근50): gangnam_clean_topology=98%
          ├ OD별 도달률(최근200): rnd0=7%(n200)  rnd1=100%(n200)  rnd10=100%(n200)  rnd11=100%(n200)  rnd12=100%(n200)  rnd13=100%(n200)  rnd14=100%(n200)  rnd15=100%(n200)  rnd16=100%(n200)  rnd17=100%(n200)  rnd18=100%(n200)  rnd19=99%(n200)  rnd2=100%(n200)  rnd20=100%(n200)  rnd21=99%(n200)  rnd22=100%(n200)  rnd23=100%(n200)  rnd24=5%(n200)  rnd25=100%(n200)  rnd26=100%(n200)  rnd27=100%(n200)  rnd28=100%(n200)  rnd29=100%(n200)  rnd3=100%(n200)  rnd4=100%(n200)  rnd5=100%(n200)  rnd6=100%(n200)  rnd7=100%(n200)  rnd8=100%(n200)  rnd9=100%(n200)
          └ 이동 분포: straight=67%  left=16%  right=18%
Ep 23700/30000 | R=  210.5 | Fuel=606.6mL | Wait= 157s | Steps=31.4 | Reach=97% | ε=0.050 | Loss=20.659 | t=10104s
          ├ 토폴로지 도달률(최근50): gangnam_clean_topology=96%
          ├ OD별 도달률(최근200): rnd0=7%(n200)  rnd1=100%(n200)  rnd10=100%(n200)  rnd11=100%(n200)  rnd12=100%(n200)  rnd13=100%(n200)  rnd14=100%(n200)  rnd15=100%(n200)  rnd16=100%(n200)  rnd17=100%(n200)  rnd18=100%(n200)  rnd19=99%(n200)  rnd2=100%(n200)  rnd20=100%(n200)  rnd21=99%(n200)  rnd22=100%(n200)  rnd23=100%(n200)  rnd24=5%(n200)  rnd25=100%(n200)  rnd26=100%(n200)  rnd27=100%(n200)  rnd28=100%(n200)  rnd29=100%(n200)  rnd3=100%(n200)  rnd4=100%(n200)  rnd5=100%(n200)  rnd6=100%(n200)  rnd7=100%(n200)  rnd8=100%(n200)  rnd9=100%(n200)
          └ 이동 분포: straight=68%  left=15%  right=17%
Ep 23800/30000 | R=  104.3 | Fuel=663.4mL | Wait= 160s | Steps=35.2 | Reach=96% | ε=0.050 | Loss=21.073 | t=10133s
          ├ 토폴로지 도달률(최근50): gangnam_clean_topology=94%
          ├ OD별 도달률(최근200): rnd0=7%(n200)  rnd1=100%(n200)  rnd10=100%(n200)  rnd11=100%(n200)  rnd12=100%(n200)  rnd13=100%(n200)  rnd14=100%(n200)  rnd15=100%(n200)  rnd16=100%(n200)  rnd17=100%(n200)  rnd18=100%(n200)  rnd19=99%(n200)  rnd2=100%(n200)  rnd20=100%(n200)  rnd21=99%(n200)  rnd22=100%(n200)  rnd23=100%(n200)  rnd24=5%(n200)  rnd25=100%(n200)  rnd26=100%(n200)  rnd27=100%(n200)  rnd28=100%(n200)  rnd29=100%(n200)  rnd3=100%(n200)  rnd4=100%(n200)  rnd5=100%(n200)  rnd6=100%(n200)  rnd7=100%(n200)  rnd8=100%(n200)  rnd9=100%(n200)
          └ 이동 분포: straight=66%  left=14%  right=20%
Ep 23900/30000 | R=  195.1 | Fuel=569.3mL | Wait= 151s | Steps=30.9 | Reach=93% | ε=0.050 | Loss=22.441 | t=10152s
          ├ 토폴로지 도달률(최근50): gangnam_clean_topology=96%
          ├ OD별 도달률(최근200): rnd0=6%(n200)  rnd1=100%(n200)  rnd10=100%(n200)  rnd11=100%(n200)  rnd12=100%(n200)  rnd13=100%(n200)  rnd14=100%(n200)  rnd15=100%(n200)  rnd16=100%(n200)  rnd17=100%(n200)  rnd18=100%(n200)  rnd19=98%(n200)  rnd2=100%(n200)  rnd20=100%(n200)  rnd21=99%(n200)  rnd22=100%(n200)  rnd23=100%(n200)  rnd24=5%(n200)  rnd25=100%(n200)  rnd26=100%(n200)  rnd27=100%(n200)  rnd28=100%(n200)  rnd29=100%(n200)  rnd3=100%(n200)  rnd4=100%(n200)  rnd5=100%(n200)  rnd6=100%(n200)  rnd7=100%(n200)  rnd8=100%(n200)  rnd9=100%(n200)
          └ 이동 분포: straight=69%  left=15%  right=16%
Ep 24000/30000 | R=   61.2 | Fuel=613.6mL | Wait= 170s | Steps=33.5 | Reach=87% | ε=0.050 | Loss=22.762 | t=10174s
          ├ 토폴로지 도달률(최근50): gangnam_clean_topology=88%
          ├ OD별 도달률(최근200): rnd0=6%(n200)  rnd1=100%(n200)  rnd10=100%(n200)  rnd11=100%(n200)  rnd12=100%(n200)  rnd13=100%(n200)  rnd14=100%(n200)  rnd15=100%(n200)  rnd16=100%(n200)  rnd17=100%(n200)  rnd18=100%(n200)  rnd19=98%(n200)  rnd2=100%(n200)  rnd20=100%(n200)  rnd21=99%(n200)  rnd22=100%(n200)  rnd23=100%(n200)  rnd24=5%(n200)  rnd25=100%(n200)  rnd26=100%(n200)  rnd27=100%(n200)  rnd28=100%(n200)  rnd29=100%(n200)  rnd3=100%(n200)  rnd4=100%(n200)  rnd5=100%(n200)  rnd6=100%(n200)  rnd7=100%(n200)  rnd8=100%(n200)  rnd9=100%(n200)
          └ 이동 분포: straight=65%  left=19%  right=16%
Ep 24100/30000 | R=  200.6 | Fuel=581.0mL | Wait= 148s | Steps=31.0 | Reach=97% | ε=0.050 | Loss=20.721 | t=10196s
          ├ 토폴로지 도달률(최근50): gangnam_clean_topology=98%
          ├ OD별 도달률(최근200): rnd0=6%(n200)  rnd1=100%(n200)  rnd10=100%(n200)  rnd11=100%(n200)  rnd12=100%(n200)  rnd13=100%(n200)  rnd14=100%(n200)  rnd15=100%(n200)  rnd16=100%(n200)  rnd17=100%(n200)  rnd18=100%(n200)  rnd19=98%(n200)  rnd2=100%(n200)  rnd20=100%(n200)  rnd21=99%(n200)  rnd22=100%(n200)  rnd23=100%(n200)  rnd24=5%(n200)  rnd25=100%(n200)  rnd26=100%(n200)  rnd27=100%(n200)  rnd28=100%(n200)  rnd29=100%(n200)  rnd3=100%(n200)  rnd4=100%(n200)  rnd5=100%(n200)  rnd6=100%(n200)  rnd7=100%(n200)  rnd8=100%(n200)  rnd9=100%(n200)
          └ 이동 분포: straight=67%  left=16%  right=17%
Ep 24200/30000 | R=  150.5 | Fuel=640.1mL | Wait= 176s | Steps=32.9 | Reach=95% | ε=0.050 | Loss=20.360 | t=10224s
          ├ 토폴로지 도달률(최근50): gangnam_clean_topology=92%
          ├ OD별 도달률(최근200): rnd0=6%(n200)  rnd1=100%(n200)  rnd10=100%(n200)  rnd11=100%(n200)  rnd12=100%(n200)  rnd13=100%(n200)  rnd14=100%(n200)  rnd15=100%(n200)  rnd16=100%(n200)  rnd17=100%(n200)  rnd18=100%(n200)  rnd19=98%(n200)  rnd2=100%(n200)  rnd20=100%(n200)  rnd21=99%(n200)  rnd22=100%(n200)  rnd23=100%(n200)  rnd24=5%(n200)  rnd25=100%(n200)  rnd26=100%(n200)  rnd27=100%(n200)  rnd28=100%(n200)  rnd29=100%(n200)  rnd3=100%(n200)  rnd4=100%(n200)  rnd5=100%(n200)  rnd6=100%(n200)  rnd7=100%(n200)  rnd8=100%(n200)  rnd9=100%(n200)
          └ 이동 분포: straight=68%  left=15%  right=17%
Ep 24300/30000 | R=  171.0 | Fuel=541.6mL | Wait= 141s | Steps=32.3 | Reach=93% | ε=0.050 | Loss=20.322 | t=10244s
          ├ 토폴로지 도달률(최근50): gangnam_clean_topology=94%
          ├ OD별 도달률(최근200): rnd0=6%(n200)  rnd1=100%(n200)  rnd10=100%(n200)  rnd11=100%(n200)  rnd12=100%(n200)  rnd13=100%(n200)  rnd14=100%(n200)  rnd15=100%(n200)  rnd16=100%(n200)  rnd17=100%(n200)  rnd18=100%(n200)  rnd19=98%(n200)  rnd2=100%(n200)  rnd20=100%(n200)  rnd21=99%(n200)  rnd22=100%(n200)  rnd23=100%(n200)  rnd24=5%(n200)  rnd25=100%(n200)  rnd26=100%(n200)  rnd27=100%(n200)  rnd28=100%(n200)  rnd29=100%(n200)  rnd3=100%(n200)  rnd4=100%(n200)  rnd5=100%(n200)  rnd6=100%(n200)  rnd7=100%(n200)  rnd8=100%(n200)  rnd9=100%(n200)
          └ 이동 분포: straight=64%  left=17%  right=18%
Ep 24400/30000 | R=  194.2 | Fuel=530.6mL | Wait= 141s | Steps=29.6 | Reach=91% | ε=0.050 | Loss=18.765 | t=10262s
          ├ 토폴로지 도달률(최근50): gangnam_clean_topology=92%
          ├ OD별 도달률(최근200): rnd0=6%(n200)  rnd1=100%(n200)  rnd10=100%(n200)  rnd11=100%(n200)  rnd12=100%(n200)  rnd13=100%(n200)  rnd14=100%(n200)  rnd15=100%(n200)  rnd16=100%(n200)  rnd17=100%(n200)  rnd18=100%(n200)  rnd19=98%(n200)  rnd2=100%(n200)  rnd20=100%(n200)  rnd21=99%(n200)  rnd22=100%(n200)  rnd23=100%(n200)  rnd24=5%(n200)  rnd25=100%(n200)  rnd26=100%(n200)  rnd27=100%(n200)  rnd28=100%(n200)  rnd29=100%(n200)  rnd3=100%(n200)  rnd4=100%(n200)  rnd5=100%(n200)  rnd6=100%(n200)  rnd7=100%(n200)  rnd8=100%(n200)  rnd9=100%(n200)
          └ 이동 분포: straight=66%  left=17%  right=17%
Ep 24500/30000 | R=   73.7 | Fuel=584.8mL | Wait= 160s | Steps=32.8 | Reach=91% | ε=0.050 | Loss=22.667 | t=10284s
          ├ 토폴로지 도달률(최근50): gangnam_clean_topology=92%
          ├ OD별 도달률(최근200): rnd0=6%(n200)  rnd1=100%(n200)  rnd10=100%(n200)  rnd11=100%(n200)  rnd12=100%(n200)  rnd13=100%(n200)  rnd14=100%(n200)  rnd15=100%(n200)  rnd16=100%(n200)  rnd17=100%(n200)  rnd18=100%(n200)  rnd19=98%(n200)  rnd2=100%(n200)  rnd20=100%(n200)  rnd21=99%(n200)  rnd22=100%(n200)  rnd23=100%(n200)  rnd24=6%(n200)  rnd25=100%(n200)  rnd26=100%(n200)  rnd27=100%(n200)  rnd28=100%(n200)  rnd29=100%(n200)  rnd3=100%(n200)  rnd4=100%(n200)  rnd5=100%(n200)  rnd6=100%(n200)  rnd7=100%(n200)  rnd8=100%(n200)  rnd9=100%(n200)
          └ 이동 분포: straight=64%  left=17%  right=19%
Ep 24600/30000 | R=  116.6 | Fuel=639.7mL | Wait= 175s | Steps=34.6 | Reach=94% | ε=0.050 | Loss=21.490 | t=10306s
          ├ 토폴로지 도달률(최근50): gangnam_clean_topology=92%
          ├ OD별 도달률(최근200): rnd0=6%(n200)  rnd1=100%(n200)  rnd10=100%(n200)  rnd11=100%(n200)  rnd12=100%(n200)  rnd13=100%(n200)  rnd14=100%(n200)  rnd15=100%(n200)  rnd16=100%(n200)  rnd17=100%(n200)  rnd18=100%(n200)  rnd19=98%(n200)  rnd2=100%(n200)  rnd20=100%(n200)  rnd21=99%(n200)  rnd22=100%(n200)  rnd23=100%(n200)  rnd24=6%(n200)  rnd25=100%(n200)  rnd26=100%(n200)  rnd27=100%(n200)  rnd28=100%(n200)  rnd29=100%(n200)  rnd3=100%(n200)  rnd4=100%(n200)  rnd5=100%(n200)  rnd6=100%(n200)  rnd7=100%(n200)  rnd8=100%(n200)  rnd9=100%(n200)
          └ 이동 분포: straight=66%  left=17%  right=17%
Ep 24700/30000 | R=  248.7 | Fuel=577.0mL | Wait= 127s | Steps=28.4 | Reach=96% | ε=0.050 | Loss=20.827 | t=10326s
          ├ 토폴로지 도달률(최근50): gangnam_clean_topology=96%
          ├ OD별 도달률(최근200): rnd0=6%(n200)  rnd1=100%(n200)  rnd10=100%(n200)  rnd11=100%(n200)  rnd12=100%(n200)  rnd13=100%(n200)  rnd14=100%(n200)  rnd15=100%(n200)  rnd16=100%(n200)  rnd17=100%(n200)  rnd18=100%(n200)  rnd19=98%(n200)  rnd2=100%(n200)  rnd20=100%(n200)  rnd21=99%(n200)  rnd22=100%(n200)  rnd23=100%(n200)  rnd24=6%(n200)  rnd25=100%(n200)  rnd26=100%(n200)  rnd27=100%(n200)  rnd28=100%(n200)  rnd29=100%(n200)  rnd3=100%(n200)  rnd4=100%(n200)  rnd5=100%(n200)  rnd6=100%(n200)  rnd7=100%(n200)  rnd8=100%(n200)  rnd9=100%(n200)
          └ 이동 분포: straight=69%  left=14%  right=17%
Ep 24800/30000 | R=  180.2 | Fuel=602.3mL | Wait= 165s | Steps=29.6 | Reach=92% | ε=0.050 | Loss=22.802 | t=10350s
          ├ 토폴로지 도달률(최근50): gangnam_clean_topology=92%
          ├ OD별 도달률(최근200): rnd0=6%(n200)  rnd1=100%(n200)  rnd10=100%(n200)  rnd11=100%(n200)  rnd12=100%(n200)  rnd13=100%(n200)  rnd14=100%(n200)  rnd15=100%(n200)  rnd16=100%(n200)  rnd17=100%(n200)  rnd18=100%(n200)  rnd19=98%(n200)  rnd2=100%(n200)  rnd20=100%(n200)  rnd21=99%(n200)  rnd22=100%(n200)  rnd23=100%(n200)  rnd24=6%(n200)  rnd25=100%(n200)  rnd26=100%(n200)  rnd27=100%(n200)  rnd28=100%(n200)  rnd29=100%(n200)  rnd3=100%(n200)  rnd4=100%(n200)  rnd5=100%(n200)  rnd6=100%(n200)  rnd7=100%(n200)  rnd8=100%(n200)  rnd9=100%(n200)
          └ 이동 분포: straight=68%  left=15%  right=17%
Ep 24900/30000 | R=  181.8 | Fuel=649.0mL | Wait= 161s | Steps=33.8 | Reach=98% | ε=0.050 | Loss=20.975 | t=10374s
          ├ 토폴로지 도달률(최근50): gangnam_clean_topology=100%
          ├ OD별 도달률(최근200): rnd0=6%(n200)  rnd1=100%(n200)  rnd10=100%(n200)  rnd11=100%(n200)  rnd12=100%(n200)  rnd13=100%(n200)  rnd14=100%(n200)  rnd15=100%(n200)  rnd16=100%(n200)  rnd17=100%(n200)  rnd18=100%(n200)  rnd19=98%(n200)  rnd2=100%(n200)  rnd20=100%(n200)  rnd21=99%(n200)  rnd22=100%(n200)  rnd23=100%(n200)  rnd24=6%(n200)  rnd25=100%(n200)  rnd26=100%(n200)  rnd27=100%(n200)  rnd28=100%(n200)  rnd29=100%(n200)  rnd3=100%(n200)  rnd4=100%(n200)  rnd5=100%(n200)  rnd6=100%(n200)  rnd7=100%(n200)  rnd8=100%(n200)  rnd9=100%(n200)
          └ 이동 분포: straight=67%  left=16%  right=16%
Ep 25000/30000 | R=  181.4 | Fuel=572.2mL | Wait= 159s | Steps=30.1 | Reach=91% | ε=0.050 | Loss=18.800 | t=10399s
          ├ 토폴로지 도달률(최근50): gangnam_clean_topology=94%
          ├ OD별 도달률(최근200): rnd0=6%(n200)  rnd1=100%(n200)  rnd10=100%(n200)  rnd11=100%(n200)  rnd12=100%(n200)  rnd13=100%(n200)  rnd14=100%(n200)  rnd15=100%(n200)  rnd16=100%(n200)  rnd17=100%(n200)  rnd18=100%(n200)  rnd19=98%(n200)  rnd2=100%(n200)  rnd20=100%(n200)  rnd21=99%(n200)  rnd22=100%(n200)  rnd23=100%(n200)  rnd24=6%(n200)  rnd25=100%(n200)  rnd26=100%(n200)  rnd27=100%(n200)  rnd28=100%(n200)  rnd29=100%(n200)  rnd3=100%(n200)  rnd4=100%(n200)  rnd5=100%(n200)  rnd6=100%(n200)  rnd7=100%(n200)  rnd8=100%(n200)  rnd9=100%(n200)
          └ 이동 분포: straight=67%  left=15%  right=18%
  [체크포인트] model_rl_signal_ep25000.pth
Ep 25100/30000 | R=  214.4 | Fuel=525.2mL | Wait= 137s | Steps=27.1 | Reach=89% | ε=0.050 | Loss=19.581 | t=10418s
          ├ 토폴로지 도달률(최근50): gangnam_clean_topology=86%
          ├ OD별 도달률(최근200): rnd0=6%(n200)  rnd1=100%(n200)  rnd10=100%(n200)  rnd11=100%(n200)  rnd12=100%(n200)  rnd13=100%(n200)  rnd14=100%(n200)  rnd15=100%(n200)  rnd16=100%(n200)  rnd17=100%(n200)  rnd18=100%(n200)  rnd19=98%(n200)  rnd2=100%(n200)  rnd20=100%(n200)  rnd21=99%(n200)  rnd22=100%(n200)  rnd23=100%(n200)  rnd24=6%(n200)  rnd25=100%(n200)  rnd26=100%(n200)  rnd27=100%(n200)  rnd28=100%(n200)  rnd29=100%(n200)  rnd3=100%(n200)  rnd4=100%(n200)  rnd5=100%(n200)  rnd6=100%(n200)  rnd7=100%(n200)  rnd8=100%(n200)  rnd9=100%(n200)
          └ 이동 분포: straight=68%  left=15%  right=18%
Ep 25200/30000 | R=  166.8 | Fuel=599.3mL | Wait= 155s | Steps=31.7 | Reach=94% | ε=0.050 | Loss=19.138 | t=10441s
          ├ 토폴로지 도달률(최근50): gangnam_clean_topology=96%
          ├ OD별 도달률(최근200): rnd0=6%(n200)  rnd1=100%(n200)  rnd10=100%(n200)  rnd11=100%(n200)  rnd12=100%(n200)  rnd13=100%(n200)  rnd14=100%(n200)  rnd15=100%(n200)  rnd16=100%(n200)  rnd17=100%(n200)  rnd18=100%(n200)  rnd19=98%(n200)  rnd2=100%(n200)  rnd20=100%(n200)  rnd21=99%(n200)  rnd22=100%(n200)  rnd23=100%(n200)  rnd24=6%(n200)  rnd25=100%(n200)  rnd26=100%(n200)  rnd27=100%(n200)  rnd28=100%(n200)  rnd29=100%(n200)  rnd3=100%(n200)  rnd4=100%(n200)  rnd5=100%(n200)  rnd6=100%(n200)  rnd7=100%(n200)  rnd8=100%(n200)  rnd9=100%(n200)
          └ 이동 분포: straight=67%  left=15%  right=18%
Ep 25300/30000 | R=  229.0 | Fuel=511.1mL | Wait= 143s | Steps=27.4 | Reach=93% | ε=0.050 | Loss=19.339 | t=10458s
          ├ 토폴로지 도달률(최근50): gangnam_clean_topology=90%
          ├ OD별 도달률(최근200): rnd0=5%(n200)  rnd1=100%(n200)  rnd10=100%(n200)  rnd11=100%(n200)  rnd12=100%(n200)  rnd13=100%(n200)  rnd14=100%(n200)  rnd15=100%(n200)  rnd16=100%(n200)  rnd17=100%(n200)  rnd18=100%(n200)  rnd19=98%(n200)  rnd2=100%(n200)  rnd20=100%(n200)  rnd21=99%(n200)  rnd22=100%(n200)  rnd23=100%(n200)  rnd24=6%(n200)  rnd25=100%(n200)  rnd26=100%(n200)  rnd27=100%(n200)  rnd28=100%(n200)  rnd29=100%(n200)  rnd3=100%(n200)  rnd4=100%(n200)  rnd5=100%(n200)  rnd6=100%(n200)  rnd7=100%(n200)  rnd8=100%(n200)  rnd9=100%(n200)
          └ 이동 분포: straight=69%  left=14%  right=17%
Ep 25400/30000 | R=  147.3 | Fuel=576.2mL | Wait= 166s | Steps=30.2 | Reach=89% | ε=0.050 | Loss=20.109 | t=10477s
          ├ 토폴로지 도달률(최근50): gangnam_clean_topology=88%
          ├ OD별 도달률(최근200): rnd0=5%(n200)  rnd1=100%(n200)  rnd10=100%(n200)  rnd11=100%(n200)  rnd12=100%(n200)  rnd13=100%(n200)  rnd14=100%(n200)  rnd15=100%(n200)  rnd16=100%(n200)  rnd17=100%(n200)  rnd18=100%(n200)  rnd19=98%(n200)  rnd2=100%(n200)  rnd20=100%(n200)  rnd21=99%(n200)  rnd22=100%(n200)  rnd23=100%(n200)  rnd24=5%(n200)  rnd25=100%(n200)  rnd26=100%(n200)  rnd27=100%(n200)  rnd28=100%(n200)  rnd29=100%(n200)  rnd3=100%(n200)  rnd4=100%(n200)  rnd5=100%(n200)  rnd6=100%(n200)  rnd7=100%(n200)  rnd8=100%(n200)  rnd9=100%(n200)
          └ 이동 분포: straight=68%  left=15%  right=17%
Ep 25500/30000 | R=  168.4 | Fuel=617.4mL | Wait= 172s | Steps=31.2 | Reach=94% | ε=0.050 | Loss=20.257 | t=10497s
          ├ 토폴로지 도달률(최근50): gangnam_clean_topology=96%
          ├ OD별 도달률(최근200): rnd0=5%(n200)  rnd1=100%(n200)  rnd10=100%(n200)  rnd11=100%(n200)  rnd12=100%(n200)  rnd13=100%(n200)  rnd14=100%(n200)  rnd15=100%(n200)  rnd16=100%(n200)  rnd17=100%(n200)  rnd18=100%(n200)  rnd19=98%(n200)  rnd2=100%(n200)  rnd20=100%(n200)  rnd21=99%(n200)  rnd22=100%(n200)  rnd23=100%(n200)  rnd24=5%(n200)  rnd25=100%(n200)  rnd26=100%(n200)  rnd27=100%(n200)  rnd28=100%(n200)  rnd29=100%(n200)  rnd3=100%(n200)  rnd4=100%(n200)  rnd5=100%(n200)  rnd6=100%(n200)  rnd7=100%(n200)  rnd8=100%(n200)  rnd9=100%(n200)
          └ 이동 분포: straight=68%  left=15%  right=17%
Ep 25600/30000 | R=  128.1 | Fuel=582.5mL | Wait= 163s | Steps=32.0 | Reach=90% | ε=0.050 | Loss=20.861 | t=10522s
          ├ 토폴로지 도달률(최근50): gangnam_clean_topology=88%
          ├ OD별 도달률(최근200): rnd0=5%(n200)  rnd1=100%(n200)  rnd10=100%(n200)  rnd11=100%(n200)  rnd12=100%(n200)  rnd13=100%(n200)  rnd14=100%(n200)  rnd15=100%(n200)  rnd16=100%(n200)  rnd17=100%(n200)  rnd18=100%(n200)  rnd19=98%(n200)  rnd2=100%(n200)  rnd20=100%(n200)  rnd21=99%(n200)  rnd22=100%(n200)  rnd23=100%(n200)  rnd24=4%(n200)  rnd25=100%(n200)  rnd26=100%(n200)  rnd27=100%(n200)  rnd28=100%(n200)  rnd29=100%(n200)  rnd3=100%(n200)  rnd4=100%(n200)  rnd5=100%(n200)  rnd6=100%(n200)  rnd7=100%(n200)  rnd8=100%(n200)  rnd9=100%(n200)
          └ 이동 분포: straight=67%  left=16%  right=17%
Ep 25700/30000 | R=  155.8 | Fuel=637.1mL | Wait= 157s | Steps=33.0 | Reach=95% | ε=0.050 | Loss=20.216 | t=10546s
          ├ 토폴로지 도달률(최근50): gangnam_clean_topology=96%
          ├ OD별 도달률(최근200): rnd0=6%(n200)  rnd1=100%(n200)  rnd10=100%(n200)  rnd11=100%(n200)  rnd12=100%(n200)  rnd13=100%(n200)  rnd14=100%(n200)  rnd15=100%(n200)  rnd16=100%(n200)  rnd17=100%(n200)  rnd18=100%(n200)  rnd19=98%(n200)  rnd2=100%(n200)  rnd20=100%(n200)  rnd21=99%(n200)  rnd22=100%(n200)  rnd23=100%(n200)  rnd24=4%(n200)  rnd25=100%(n200)  rnd26=100%(n200)  rnd27=100%(n200)  rnd28=100%(n200)  rnd29=100%(n200)  rnd3=100%(n200)  rnd4=100%(n200)  rnd5=100%(n200)  rnd6=100%(n200)  rnd7=100%(n200)  rnd8=100%(n200)  rnd9=100%(n200)
          └ 이동 분포: straight=67%  left=16%  right=17%
Ep 25800/30000 | R=  152.5 | Fuel=612.0mL | Wait= 142s | Steps=32.5 | Reach=94% | ε=0.050 | Loss=19.724 | t=10584s
          ├ 토폴로지 도달률(최근50): gangnam_clean_topology=94%
          ├ OD별 도달률(최근200): rnd0=6%(n200)  rnd1=100%(n200)  rnd10=100%(n200)  rnd11=100%(n200)  rnd12=100%(n200)  rnd13=100%(n200)  rnd14=100%(n200)  rnd15=100%(n200)  rnd16=100%(n200)  rnd17=100%(n200)  rnd18=100%(n200)  rnd19=98%(n200)  rnd2=100%(n200)  rnd20=100%(n200)  rnd21=99%(n200)  rnd22=100%(n200)  rnd23=100%(n200)  rnd24=4%(n200)  rnd25=100%(n200)  rnd26=100%(n200)  rnd27=100%(n200)  rnd28=100%(n200)  rnd29=100%(n200)  rnd3=100%(n200)  rnd4=100%(n200)  rnd5=100%(n200)  rnd6=100%(n200)  rnd7=100%(n200)  rnd8=100%(n200)  rnd9=100%(n200)
          └ 이동 분포: straight=66%  left=17%  right=17%
Ep 25900/30000 | R=  144.8 | Fuel=611.4mL | Wait= 150s | Steps=31.9 | Reach=90% | ε=0.050 | Loss=20.252 | t=10611s
          ├ 토폴로지 도달률(최근50): gangnam_clean_topology=88%
          ├ OD별 도달률(최근200): rnd0=5%(n200)  rnd1=100%(n200)  rnd10=100%(n200)  rnd11=100%(n200)  rnd12=100%(n200)  rnd13=100%(n200)  rnd14=100%(n200)  rnd15=100%(n200)  rnd16=100%(n200)  rnd17=100%(n200)  rnd18=100%(n200)  rnd19=98%(n200)  rnd2=100%(n200)  rnd20=100%(n200)  rnd21=99%(n200)  rnd22=100%(n200)  rnd23=100%(n200)  rnd24=4%(n200)  rnd25=100%(n200)  rnd26=100%(n200)  rnd27=100%(n200)  rnd28=100%(n200)  rnd29=100%(n200)  rnd3=100%(n200)  rnd4=100%(n200)  rnd5=100%(n200)  rnd6=100%(n200)  rnd7=100%(n200)  rnd8=100%(n200)  rnd9=100%(n200)
          └ 이동 분포: straight=68%  left=15%  right=17%
Ep 26000/30000 | R=  203.0 | Fuel=568.8mL | Wait= 150s | Steps=29.5 | Reach=93% | ε=0.050 | Loss=20.220 | t=10634s
          ├ 토폴로지 도달률(최근50): gangnam_clean_topology=92%
          ├ OD별 도달률(최근200): rnd0=5%(n200)  rnd1=100%(n200)  rnd10=100%(n200)  rnd11=100%(n200)  rnd12=100%(n200)  rnd13=100%(n200)  rnd14=100%(n200)  rnd15=100%(n200)  rnd16=100%(n200)  rnd17=100%(n200)  rnd18=100%(n200)  rnd19=98%(n200)  rnd2=100%(n200)  rnd20=100%(n200)  rnd21=99%(n200)  rnd22=100%(n200)  rnd23=100%(n200)  rnd24=4%(n200)  rnd25=100%(n200)  rnd26=100%(n200)  rnd27=100%(n200)  rnd28=100%(n200)  rnd29=100%(n200)  rnd3=100%(n200)  rnd4=100%(n200)  rnd5=100%(n200)  rnd6=100%(n200)  rnd7=100%(n200)  rnd8=100%(n200)  rnd9=100%(n200)
          └ 이동 분포: straight=67%  left=16%  right=17%
Ep 26100/30000 | R=  217.4 | Fuel=567.4mL | Wait= 144s | Steps=30.5 | Reach=97% | ε=0.050 | Loss=18.841 | t=10659s
          ├ 토폴로지 도달률(최근50): gangnam_clean_topology=98%
          ├ OD별 도달률(최근200): rnd0=5%(n200)  rnd1=100%(n200)  rnd10=100%(n200)  rnd11=100%(n200)  rnd12=100%(n200)  rnd13=100%(n200)  rnd14=100%(n200)  rnd15=100%(n200)  rnd16=100%(n200)  rnd17=100%(n200)  rnd18=100%(n200)  rnd19=98%(n200)  rnd2=100%(n200)  rnd20=100%(n200)  rnd21=99%(n200)  rnd22=100%(n200)  rnd23=100%(n200)  rnd24=4%(n200)  rnd25=100%(n200)  rnd26=100%(n200)  rnd27=100%(n200)  rnd28=100%(n200)  rnd29=100%(n200)  rnd3=100%(n200)  rnd4=100%(n200)  rnd5=100%(n200)  rnd6=100%(n200)  rnd7=100%(n200)  rnd8=100%(n200)  rnd9=100%(n200)
          └ 이동 분포: straight=68%  left=15%  right=18%
Ep 26200/30000 | R=  227.8 | Fuel=592.2mL | Wait= 145s | Steps=29.2 | Reach=97% | ε=0.050 | Loss=18.401 | t=10685s
          ├ 토폴로지 도달률(최근50): gangnam_clean_topology=98%
          ├ OD별 도달률(최근200): rnd0=5%(n200)  rnd1=100%(n200)  rnd10=100%(n200)  rnd11=100%(n200)  rnd12=100%(n200)  rnd13=100%(n200)  rnd14=100%(n200)  rnd15=100%(n200)  rnd16=100%(n200)  rnd17=100%(n200)  rnd18=100%(n200)  rnd19=98%(n200)  rnd2=100%(n200)  rnd20=100%(n200)  rnd21=99%(n200)  rnd22=100%(n200)  rnd23=100%(n200)  rnd24=4%(n200)  rnd25=100%(n200)  rnd26=100%(n200)  rnd27=100%(n200)  rnd28=100%(n200)  rnd29=100%(n200)  rnd3=100%(n200)  rnd4=100%(n200)  rnd5=100%(n200)  rnd6=100%(n200)  rnd7=100%(n200)  rnd8=100%(n200)  rnd9=100%(n200)
          └ 이동 분포: straight=67%  left=15%  right=17%
Ep 26300/30000 | R=  199.7 | Fuel=618.2mL | Wait= 131s | Steps=30.0 | Reach=96% | ε=0.050 | Loss=18.424 | t=10707s
          ├ 토폴로지 도달률(최근50): gangnam_clean_topology=98%
          ├ OD별 도달률(최근200): rnd0=6%(n200)  rnd1=100%(n200)  rnd10=100%(n200)  rnd11=100%(n200)  rnd12=100%(n200)  rnd13=100%(n200)  rnd14=100%(n200)  rnd15=100%(n200)  rnd16=100%(n200)  rnd17=100%(n200)  rnd18=100%(n200)  rnd19=98%(n200)  rnd2=100%(n200)  rnd20=100%(n200)  rnd21=99%(n200)  rnd22=100%(n200)  rnd23=100%(n200)  rnd24=4%(n200)  rnd25=100%(n200)  rnd26=100%(n200)  rnd27=100%(n200)  rnd28=100%(n200)  rnd29=100%(n200)  rnd3=100%(n200)  rnd4=100%(n200)  rnd5=100%(n200)  rnd6=100%(n200)  rnd7=100%(n200)  rnd8=100%(n200)  rnd9=100%(n200)
          └ 이동 분포: straight=68%  left=16%  right=17%
Ep 26400/30000 | R=  188.8 | Fuel=591.9mL | Wait= 152s | Steps=30.2 | Reach=94% | ε=0.050 | Loss=18.060 | t=10734s
          ├ 토폴로지 도달률(최근50): gangnam_clean_topology=92%
          ├ OD별 도달률(최근200): rnd0=6%(n200)  rnd1=100%(n200)  rnd10=100%(n200)  rnd11=100%(n200)  rnd12=100%(n200)  rnd13=100%(n200)  rnd14=100%(n200)  rnd15=100%(n200)  rnd16=100%(n200)  rnd17=100%(n200)  rnd18=100%(n200)  rnd19=98%(n200)  rnd2=100%(n200)  rnd20=100%(n200)  rnd21=99%(n200)  rnd22=100%(n200)  rnd23=100%(n200)  rnd24=4%(n200)  rnd25=100%(n200)  rnd26=100%(n200)  rnd27=100%(n200)  rnd28=100%(n200)  rnd29=100%(n200)  rnd3=100%(n200)  rnd4=100%(n200)  rnd5=100%(n200)  rnd6=100%(n200)  rnd7=100%(n200)  rnd8=100%(n200)  rnd9=100%(n200)
          └ 이동 분포: straight=68%  left=15%  right=17%
Ep 26500/30000 | R=  146.2 | Fuel=631.4mL | Wait= 148s | Steps=31.7 | Reach=93% | ε=0.050 | Loss=19.731 | t=10759s
          ├ 토폴로지 도달률(최근50): gangnam_clean_topology=98%
          ├ OD별 도달률(최근200): rnd0=6%(n200)  rnd1=100%(n200)  rnd10=100%(n200)  rnd11=100%(n200)  rnd12=100%(n200)  rnd13=100%(n200)  rnd14=100%(n200)  rnd15=100%(n200)  rnd16=100%(n200)  rnd17=100%(n200)  rnd18=100%(n200)  rnd19=98%(n200)  rnd2=100%(n200)  rnd20=100%(n200)  rnd21=99%(n200)  rnd22=100%(n200)  rnd23=100%(n200)  rnd24=4%(n200)  rnd25=100%(n200)  rnd26=100%(n200)  rnd27=100%(n200)  rnd28=100%(n200)  rnd29=100%(n200)  rnd3=100%(n200)  rnd4=100%(n200)  rnd5=100%(n200)  rnd6=100%(n200)  rnd7=100%(n200)  rnd8=100%(n200)  rnd9=100%(n200)
          └ 이동 분포: straight=68%  left=15%  right=17%
Ep 26600/30000 | R=  179.4 | Fuel=595.8mL | Wait= 156s | Steps=31.2 | Reach=98% | ε=0.050 | Loss=21.810 | t=10784s
          ├ 토폴로지 도달률(최근50): gangnam_clean_topology=96%
          ├ OD별 도달률(최근200): rnd0=6%(n200)  rnd1=100%(n200)  rnd10=100%(n200)  rnd11=100%(n200)  rnd12=100%(n200)  rnd13=100%(n200)  rnd14=100%(n200)  rnd15=100%(n200)  rnd16=100%(n200)  rnd17=100%(n200)  rnd18=100%(n200)  rnd19=98%(n200)  rnd2=100%(n200)  rnd20=100%(n200)  rnd21=99%(n200)  rnd22=100%(n200)  rnd23=100%(n200)  rnd24=4%(n200)  rnd25=100%(n200)  rnd26=100%(n200)  rnd27=100%(n200)  rnd28=100%(n200)  rnd29=100%(n200)  rnd3=100%(n200)  rnd4=100%(n200)  rnd5=100%(n200)  rnd6=100%(n200)  rnd7=100%(n200)  rnd8=100%(n200)  rnd9=100%(n200)
          └ 이동 분포: straight=67%  left=15%  right=17%
Ep 26700/30000 | R=  181.8 | Fuel=605.9mL | Wait= 146s | Steps=31.3 | Reach=94% | ε=0.050 | Loss=19.487 | t=10804s
          ├ 토폴로지 도달률(최근50): gangnam_clean_topology=94%
          ├ OD별 도달률(최근200): rnd0=6%(n200)  rnd1=100%(n200)  rnd10=100%(n200)  rnd11=100%(n200)  rnd12=100%(n200)  rnd13=100%(n200)  rnd14=100%(n200)  rnd15=100%(n200)  rnd16=100%(n200)  rnd17=100%(n200)  rnd18=100%(n200)  rnd19=98%(n200)  rnd2=100%(n200)  rnd20=100%(n200)  rnd21=99%(n200)  rnd22=100%(n200)  rnd23=100%(n200)  rnd24=4%(n200)  rnd25=100%(n200)  rnd26=100%(n200)  rnd27=100%(n200)  rnd28=100%(n200)  rnd29=100%(n200)  rnd3=100%(n200)  rnd4=100%(n200)  rnd5=100%(n200)  rnd6=100%(n200)  rnd7=100%(n200)  rnd8=100%(n200)  rnd9=100%(n200)
          └ 이동 분포: straight=66%  left=17%  right=17%
Ep 26800/30000 | R=  195.0 | Fuel=604.9mL | Wait= 149s | Steps=30.3 | Reach=94% | ε=0.050 | Loss=18.897 | t=10838s
          ├ 토폴로지 도달률(최근50): gangnam_clean_topology=96%
          ├ OD별 도달률(최근200): rnd0=6%(n200)  rnd1=100%(n200)  rnd10=100%(n200)  rnd11=100%(n200)  rnd12=100%(n200)  rnd13=100%(n200)  rnd14=100%(n200)  rnd15=100%(n200)  rnd16=100%(n200)  rnd17=100%(n200)  rnd18=100%(n200)  rnd19=98%(n200)  rnd2=100%(n200)  rnd20=100%(n200)  rnd21=99%(n200)  rnd22=100%(n200)  rnd23=100%(n200)  rnd24=4%(n200)  rnd25=100%(n200)  rnd26=100%(n200)  rnd27=100%(n200)  rnd28=100%(n200)  rnd29=100%(n200)  rnd3=100%(n200)  rnd4=100%(n200)  rnd5=100%(n200)  rnd6=100%(n200)  rnd7=100%(n200)  rnd8=100%(n200)  rnd9=100%(n200)
          └ 이동 분포: straight=67%  left=16%  right=18%
Ep 26900/30000 | R=  224.8 | Fuel=557.1mL | Wait= 132s | Steps=30.0 | Reach=96% | ε=0.050 | Loss=19.184 | t=10873s
          ├ 토폴로지 도달률(최근50): gangnam_clean_topology=94%
          ├ OD별 도달률(최근200): rnd0=6%(n200)  rnd1=100%(n200)  rnd10=100%(n200)  rnd11=100%(n200)  rnd12=100%(n200)  rnd13=100%(n200)  rnd14=100%(n200)  rnd15=100%(n200)  rnd16=100%(n200)  rnd17=100%(n200)  rnd18=100%(n200)  rnd19=98%(n200)  rnd2=100%(n200)  rnd20=100%(n200)  rnd21=99%(n200)  rnd22=100%(n200)  rnd23=100%(n200)  rnd24=4%(n200)  rnd25=100%(n200)  rnd26=100%(n200)  rnd27=100%(n200)  rnd28=100%(n200)  rnd29=100%(n200)  rnd3=100%(n200)  rnd4=100%(n200)  rnd5=100%(n200)  rnd6=100%(n200)  rnd7=100%(n200)  rnd8=100%(n200)  rnd9=100%(n200)
          └ 이동 분포: straight=68%  left=16%  right=16%
Ep 27000/30000 | R=  176.3 | Fuel=553.5mL | Wait= 166s | Steps=30.1 | Reach=91% | ε=0.050 | Loss=19.245 | t=10911s
          ├ 토폴로지 도달률(최근50): gangnam_clean_topology=88%
          ├ OD별 도달률(최근200): rnd0=6%(n200)  rnd1=100%(n200)  rnd10=100%(n200)  rnd11=100%(n200)  rnd12=100%(n200)  rnd13=100%(n200)  rnd14=100%(n200)  rnd15=100%(n200)  rnd16=100%(n200)  rnd17=100%(n200)  rnd18=100%(n200)  rnd19=98%(n200)  rnd2=100%(n200)  rnd20=100%(n200)  rnd21=99%(n200)  rnd22=100%(n200)  rnd23=100%(n200)  rnd24=4%(n200)  rnd25=100%(n200)  rnd26=100%(n200)  rnd27=100%(n200)  rnd28=100%(n200)  rnd29=100%(n200)  rnd3=100%(n200)  rnd4=100%(n200)  rnd5=100%(n200)  rnd6=100%(n200)  rnd7=100%(n200)  rnd8=100%(n200)  rnd9=100%(n200)
          └ 이동 분포: straight=67%  left=16%  right=17%
Ep 27100/30000 | R=  189.3 | Fuel=585.0mL | Wait= 145s | Steps=30.4 | Reach=93% | ε=0.050 | Loss=19.062 | t=10958s
          ├ 토폴로지 도달률(최근50): gangnam_clean_topology=96%
          ├ OD별 도달률(최근200): rnd0=6%(n200)  rnd1=100%(n200)  rnd10=100%(n200)  rnd11=100%(n200)  rnd12=100%(n200)  rnd13=100%(n200)  rnd14=100%(n200)  rnd15=100%(n200)  rnd16=100%(n200)  rnd17=100%(n200)  rnd18=100%(n200)  rnd19=98%(n200)  rnd2=100%(n200)  rnd20=100%(n200)  rnd21=100%(n200)  rnd22=100%(n200)  rnd23=100%(n200)  rnd24=4%(n200)  rnd25=100%(n200)  rnd26=100%(n200)  rnd27=100%(n200)  rnd28=100%(n200)  rnd29=100%(n200)  rnd3=100%(n200)  rnd4=100%(n200)  rnd5=100%(n200)  rnd6=100%(n200)  rnd7=100%(n200)  rnd8=100%(n200)  rnd9=100%(n200)
          └ 이동 분포: straight=67%  left=16%  right=18%
Ep 27200/30000 | R=  165.0 | Fuel=609.6mL | Wait= 147s | Steps=31.7 | Reach=92% | ε=0.050 | Loss=18.227 | t=10994s
          ├ 토폴로지 도달률(최근50): gangnam_clean_topology=92%
          ├ OD별 도달률(최근200): rnd0=6%(n200)  rnd1=100%(n200)  rnd10=100%(n200)  rnd11=100%(n200)  rnd12=100%(n200)  rnd13=100%(n200)  rnd14=100%(n200)  rnd15=100%(n200)  rnd16=100%(n200)  rnd17=100%(n200)  rnd18=100%(n200)  rnd19=98%(n200)  rnd2=100%(n200)  rnd20=100%(n200)  rnd21=100%(n200)  rnd22=100%(n200)  rnd23=100%(n200)  rnd24=4%(n200)  rnd25=100%(n200)  rnd26=100%(n200)  rnd27=100%(n200)  rnd28=100%(n200)  rnd29=100%(n200)  rnd3=100%(n200)  rnd4=100%(n200)  rnd5=100%(n200)  rnd6=100%(n200)  rnd7=100%(n200)  rnd8=100%(n200)  rnd9=100%(n200)
          └ 이동 분포: straight=68%  left=16%  right=17%
Ep 27300/30000 | R=  189.4 | Fuel=577.4mL | Wait= 161s | Steps=30.4 | Reach=93% | ε=0.050 | Loss=18.532 | t=11032s
          ├ 토폴로지 도달률(최근50): gangnam_clean_topology=88%
          ├ OD별 도달률(최근200): rnd0=6%(n200)  rnd1=100%(n200)  rnd10=100%(n200)  rnd11=100%(n200)  rnd12=100%(n200)  rnd13=100%(n200)  rnd14=100%(n200)  rnd15=100%(n200)  rnd16=100%(n200)  rnd17=100%(n200)  rnd18=100%(n200)  rnd19=98%(n200)  rnd2=100%(n200)  rnd20=100%(n200)  rnd21=100%(n200)  rnd22=100%(n200)  rnd23=100%(n200)  rnd24=4%(n200)  rnd25=100%(n200)  rnd26=100%(n200)  rnd27=100%(n200)  rnd28=100%(n200)  rnd29=100%(n200)  rnd3=100%(n200)  rnd4=100%(n200)  rnd5=100%(n200)  rnd6=100%(n200)  rnd7=100%(n200)  rnd8=100%(n200)  rnd9=100%(n200)
          └ 이동 분포: straight=69%  left=15%  right=16%
Ep 27400/30000 | R=  166.1 | Fuel=576.9mL | Wait= 134s | Steps=30.9 | Reach=91% | ε=0.050 | Loss=19.632 | t=11070s
          ├ 토폴로지 도달률(최근50): gangnam_clean_topology=88%
          ├ OD별 도달률(최근200): rnd0=6%(n200)  rnd1=100%(n200)  rnd10=100%(n200)  rnd11=100%(n200)  rnd12=100%(n200)  rnd13=100%(n200)  rnd14=100%(n200)  rnd15=100%(n200)  rnd16=100%(n200)  rnd17=100%(n200)  rnd18=100%(n200)  rnd19=98%(n200)  rnd2=100%(n200)  rnd20=100%(n200)  rnd21=100%(n200)  rnd22=100%(n200)  rnd23=100%(n200)  rnd24=4%(n200)  rnd25=100%(n200)  rnd26=100%(n200)  rnd27=100%(n200)  rnd28=100%(n200)  rnd29=100%(n200)  rnd3=100%(n200)  rnd4=100%(n200)  rnd5=100%(n200)  rnd6=100%(n200)  rnd7=100%(n200)  rnd8=100%(n200)  rnd9=100%(n200)
          └ 이동 분포: straight=66%  left=16%  right=18%
Ep 27500/30000 | R=  158.2 | Fuel=615.7mL | Wait= 158s | Steps=32.5 | Reach=93% | ε=0.050 | Loss=19.009 | t=11121s
          ├ 토폴로지 도달률(최근50): gangnam_clean_topology=90%
          ├ OD별 도달률(최근200): rnd0=6%(n200)  rnd1=100%(n200)  rnd10=100%(n200)  rnd11=100%(n200)  rnd12=100%(n200)  rnd13=100%(n200)  rnd14=100%(n200)  rnd15=100%(n200)  rnd16=100%(n200)  rnd17=100%(n200)  rnd18=100%(n200)  rnd19=98%(n200)  rnd2=100%(n200)  rnd20=100%(n200)  rnd21=100%(n200)  rnd22=100%(n200)  rnd23=100%(n200)  rnd24=4%(n200)  rnd25=100%(n200)  rnd26=100%(n200)  rnd27=100%(n200)  rnd28=100%(n200)  rnd29=100%(n200)  rnd3=100%(n200)  rnd4=100%(n200)  rnd5=100%(n200)  rnd6=100%(n200)  rnd7=100%(n200)  rnd8=100%(n200)  rnd9=100%(n200)
          └ 이동 분포: straight=69%  left=15%  right=16%
  [체크포인트] model_rl_signal_ep27500.pth
Ep 27600/30000 | R=  186.9 | Fuel=582.4mL | Wait= 158s | Steps=32.3 | Reach=96% | ε=0.050 | Loss=18.794 | t=11146s
          ├ 토폴로지 도달률(최근50): gangnam_clean_topology=94%
          ├ OD별 도달률(최근200): rnd0=6%(n200)  rnd1=100%(n200)  rnd10=100%(n200)  rnd11=100%(n200)  rnd12=100%(n200)  rnd13=100%(n200)  rnd14=100%(n200)  rnd15=100%(n200)  rnd16=100%(n200)  rnd17=100%(n200)  rnd18=100%(n200)  rnd19=98%(n200)  rnd2=100%(n200)  rnd20=100%(n200)  rnd21=100%(n200)  rnd22=100%(n200)  rnd23=100%(n200)  rnd24=4%(n200)  rnd25=100%(n200)  rnd26=100%(n200)  rnd27=100%(n200)  rnd28=100%(n200)  rnd29=100%(n200)  rnd3=100%(n200)  rnd4=100%(n200)  rnd5=100%(n200)  rnd6=100%(n200)  rnd7=100%(n200)  rnd8=100%(n200)  rnd9=100%(n200)
          └ 이동 분포: straight=67%  left=15%  right=18%
Ep 27700/30000 | R=  222.0 | Fuel=527.0mL | Wait= 134s | Steps=28.2 | Reach=91% | ε=0.050 | Loss=17.606 | t=11167s
          ├ 토폴로지 도달률(최근50): gangnam_clean_topology=92%
          ├ OD별 도달률(최근200): rnd0=6%(n200)  rnd1=100%(n200)  rnd10=100%(n200)  rnd11=100%(n200)  rnd12=100%(n200)  rnd13=100%(n200)  rnd14=100%(n200)  rnd15=100%(n200)  rnd16=100%(n200)  rnd17=100%(n200)  rnd18=100%(n200)  rnd19=98%(n200)  rnd2=100%(n200)  rnd20=100%(n200)  rnd21=100%(n200)  rnd22=100%(n200)  rnd23=100%(n200)  rnd24=4%(n200)  rnd25=100%(n200)  rnd26=100%(n200)  rnd27=100%(n200)  rnd28=100%(n200)  rnd29=100%(n200)  rnd3=100%(n200)  rnd4=100%(n200)  rnd5=100%(n200)  rnd6=100%(n200)  rnd7=100%(n200)  rnd8=100%(n200)  rnd9=100%(n200)
          └ 이동 분포: straight=70%  left=13%  right=17%
Ep 27800/30000 | R=  170.4 | Fuel=617.1mL | Wait= 154s | Steps=30.7 | Reach=93% | ε=0.050 | Loss=17.307 | t=11187s
          ├ 토폴로지 도달률(최근50): gangnam_clean_topology=94%
          ├ OD별 도달률(최근200): rnd0=6%(n200)  rnd1=100%(n200)  rnd10=100%(n200)  rnd11=100%(n200)  rnd12=100%(n200)  rnd13=100%(n200)  rnd14=100%(n200)  rnd15=100%(n200)  rnd16=100%(n200)  rnd17=100%(n200)  rnd18=100%(n200)  rnd19=99%(n200)  rnd2=100%(n200)  rnd20=100%(n200)  rnd21=100%(n200)  rnd22=100%(n200)  rnd23=100%(n200)  rnd24=4%(n200)  rnd25=100%(n200)  rnd26=100%(n200)  rnd27=100%(n200)  rnd28=100%(n200)  rnd29=100%(n200)  rnd3=100%(n200)  rnd4=100%(n200)  rnd5=100%(n200)  rnd6=100%(n200)  rnd7=100%(n200)  rnd8=100%(n200)  rnd9=100%(n200)
          └ 이동 분포: straight=67%  left=16%  right=17%
Ep 27900/30000 | R=  192.5 | Fuel=596.3mL | Wait= 153s | Steps=31.3 | Reach=95% | ε=0.050 | Loss=17.960 | t=11208s
          ├ 토폴로지 도달률(최근50): gangnam_clean_topology=94%
          ├ OD별 도달률(최근200): rnd0=6%(n200)  rnd1=100%(n200)  rnd10=100%(n200)  rnd11=100%(n200)  rnd12=100%(n200)  rnd13=100%(n200)  rnd14=100%(n200)  rnd15=100%(n200)  rnd16=100%(n200)  rnd17=100%(n200)  rnd18=100%(n200)  rnd19=99%(n200)  rnd2=100%(n200)  rnd20=100%(n200)  rnd21=100%(n200)  rnd22=100%(n200)  rnd23=100%(n200)  rnd24=4%(n200)  rnd25=100%(n200)  rnd26=100%(n200)  rnd27=100%(n200)  rnd28=100%(n200)  rnd29=100%(n200)  rnd3=100%(n200)  rnd4=100%(n200)  rnd5=100%(n200)  rnd6=100%(n200)  rnd7=100%(n200)  rnd8=100%(n200)  rnd9=100%(n200)
          └ 이동 분포: straight=67%  left=15%  right=17%
Ep 28000/30000 | R=  173.9 | Fuel=575.6mL | Wait= 165s | Steps=31.2 | Reach=92% | ε=0.050 | Loss=17.455 | t=11229s
          ├ 토폴로지 도달률(최근50): gangnam_clean_topology=92%
          ├ OD별 도달률(최근200): rnd0=6%(n200)  rnd1=100%(n200)  rnd10=100%(n200)  rnd11=100%(n200)  rnd12=100%(n200)  rnd13=100%(n200)  rnd14=100%(n200)  rnd15=100%(n200)  rnd16=100%(n200)  rnd17=100%(n200)  rnd18=100%(n200)  rnd19=99%(n200)  rnd2=100%(n200)  rnd20=100%(n200)  rnd21=100%(n200)  rnd22=100%(n200)  rnd23=100%(n200)  rnd24=4%(n200)  rnd25=100%(n200)  rnd26=100%(n200)  rnd27=100%(n200)  rnd28=100%(n200)  rnd29=100%(n200)  rnd3=100%(n200)  rnd4=100%(n200)  rnd5=100%(n200)  rnd6=100%(n200)  rnd7=100%(n200)  rnd8=100%(n200)  rnd9=100%(n200)
          └ 이동 분포: straight=67%  left=16%  right=16%
Ep 28100/30000 | R=  160.7 | Fuel=560.8mL | Wait= 153s | Steps=30.3 | Reach=92% | ε=0.050 | Loss=18.139 | t=11263s
          ├ 토폴로지 도달률(최근50): gangnam_clean_topology=94%
          ├ OD별 도달률(최근200): rnd0=6%(n200)  rnd1=100%(n200)  rnd10=100%(n200)  rnd11=100%(n200)  rnd12=100%(n200)  rnd13=100%(n200)  rnd14=100%(n200)  rnd15=100%(n200)  rnd16=100%(n200)  rnd17=100%(n200)  rnd18=100%(n200)  rnd19=98%(n200)  rnd2=100%(n200)  rnd20=100%(n200)  rnd21=100%(n200)  rnd22=100%(n200)  rnd23=100%(n200)  rnd24=4%(n200)  rnd25=100%(n200)  rnd26=100%(n200)  rnd27=100%(n200)  rnd28=100%(n200)  rnd29=100%(n200)  rnd3=100%(n200)  rnd4=100%(n200)  rnd5=100%(n200)  rnd6=100%(n200)  rnd7=100%(n200)  rnd8=100%(n200)  rnd9=100%(n200)
          └ 이동 분포: straight=66%  left=16%  right=18%
Ep 28200/30000 | R=  194.0 | Fuel=573.4mL | Wait= 156s | Steps=29.3 | Reach=93% | ε=0.050 | Loss=17.801 | t=11291s
          ├ 토폴로지 도달률(최근50): gangnam_clean_topology=90%
          ├ OD별 도달률(최근200): rnd0=6%(n200)  rnd1=100%(n200)  rnd10=100%(n200)  rnd11=100%(n200)  rnd12=100%(n200)  rnd13=100%(n200)  rnd14=100%(n200)  rnd15=100%(n200)  rnd16=100%(n200)  rnd17=100%(n200)  rnd18=100%(n200)  rnd19=98%(n200)  rnd2=100%(n200)  rnd20=100%(n200)  rnd21=100%(n200)  rnd22=100%(n200)  rnd23=100%(n200)  rnd24=3%(n200)  rnd25=100%(n200)  rnd26=100%(n200)  rnd27=100%(n200)  rnd28=100%(n200)  rnd29=100%(n200)  rnd3=100%(n200)  rnd4=100%(n200)  rnd5=100%(n200)  rnd6=100%(n200)  rnd7=100%(n200)  rnd8=100%(n200)  rnd9=100%(n200)
          └ 이동 분포: straight=67%  left=15%  right=18%
Ep 28300/30000 | R=  187.0 | Fuel=608.0mL | Wait= 163s | Steps=31.5 | Reach=96% | ε=0.050 | Loss=17.747 | t=11324s
          ├ 토폴로지 도달률(최근50): gangnam_clean_topology=92%
          ├ OD별 도달률(최근200): rnd0=6%(n200)  rnd1=100%(n200)  rnd10=100%(n200)  rnd11=100%(n200)  rnd12=100%(n200)  rnd13=100%(n200)  rnd14=100%(n200)  rnd15=100%(n200)  rnd16=100%(n200)  rnd17=100%(n200)  rnd18=100%(n200)  rnd19=98%(n200)  rnd2=100%(n200)  rnd20=100%(n200)  rnd21=100%(n200)  rnd22=100%(n200)  rnd23=100%(n200)  rnd24=3%(n200)  rnd25=100%(n200)  rnd26=100%(n200)  rnd27=100%(n200)  rnd28=100%(n200)  rnd29=100%(n200)  rnd3=100%(n200)  rnd4=100%(n200)  rnd5=100%(n200)  rnd6=100%(n200)  rnd7=100%(n200)  rnd8=100%(n200)  rnd9=100%(n200)
          └ 이동 분포: straight=67%  left=16%  right=17%
Ep 28400/30000 | R=  180.2 | Fuel=598.9mL | Wait= 157s | Steps=29.8 | Reach=92% | ε=0.050 | Loss=17.458 | t=11357s
          ├ 토폴로지 도달률(최근50): gangnam_clean_topology=92%
          ├ OD별 도달률(최근200): rnd0=6%(n200)  rnd1=100%(n200)  rnd10=100%(n200)  rnd11=100%(n200)  rnd12=100%(n200)  rnd13=100%(n200)  rnd14=100%(n200)  rnd15=100%(n200)  rnd16=100%(n200)  rnd17=100%(n200)  rnd18=100%(n200)  rnd19=98%(n200)  rnd2=100%(n200)  rnd20=100%(n200)  rnd21=100%(n200)  rnd22=100%(n200)  rnd23=100%(n200)  rnd24=4%(n200)  rnd25=100%(n200)  rnd26=100%(n200)  rnd27=100%(n200)  rnd28=100%(n200)  rnd29=100%(n200)  rnd3=100%(n200)  rnd4=100%(n200)  rnd5=100%(n200)  rnd6=100%(n200)  rnd7=100%(n200)  rnd8=100%(n200)  rnd9=100%(n200)
          └ 이동 분포: straight=68%  left=16%  right=16%
Ep 28500/30000 | R=  221.7 | Fuel=599.0mL | Wait= 152s | Steps=29.5 | Reach=95% | ε=0.050 | Loss=17.179 | t=11390s
          ├ 토폴로지 도달률(최근50): gangnam_clean_topology=96%
          ├ OD별 도달률(최근200): rnd0=5%(n200)  rnd1=100%(n200)  rnd10=100%(n200)  rnd11=100%(n200)  rnd12=100%(n200)  rnd13=100%(n200)  rnd14=100%(n200)  rnd15=100%(n200)  rnd16=100%(n200)  rnd17=100%(n200)  rnd18=100%(n200)  rnd19=98%(n200)  rnd2=100%(n200)  rnd20=100%(n200)  rnd21=100%(n200)  rnd22=100%(n200)  rnd23=100%(n200)  rnd24=4%(n200)  rnd25=100%(n200)  rnd26=100%(n200)  rnd27=100%(n200)  rnd28=100%(n200)  rnd29=100%(n200)  rnd3=100%(n200)  rnd4=100%(n200)  rnd5=100%(n200)  rnd6=100%(n200)  rnd7=100%(n200)  rnd8=100%(n200)  rnd9=100%(n200)
          └ 이동 분포: straight=69%  left=16%  right=15%
Ep 28600/30000 | R=  169.4 | Fuel=598.8mL | Wait= 141s | Steps=30.8 | Reach=95% | ε=0.050 | Loss=17.823 | t=11455s
          ├ 토폴로지 도달률(최근50): gangnam_clean_topology=98%
          ├ OD별 도달률(최근200): rnd0=5%(n200)  rnd1=100%(n200)  rnd10=100%(n200)  rnd11=100%(n200)  rnd12=100%(n200)  rnd13=100%(n200)  rnd14=100%(n200)  rnd15=100%(n200)  rnd16=100%(n200)  rnd17=100%(n200)  rnd18=100%(n200)  rnd19=98%(n200)  rnd2=100%(n200)  rnd20=100%(n200)  rnd21=100%(n200)  rnd22=100%(n200)  rnd23=100%(n200)  rnd24=4%(n200)  rnd25=100%(n200)  rnd26=100%(n200)  rnd27=100%(n200)  rnd28=100%(n200)  rnd29=100%(n200)  rnd3=100%(n200)  rnd4=100%(n200)  rnd5=100%(n200)  rnd6=100%(n200)  rnd7=100%(n200)  rnd8=100%(n200)  rnd9=100%(n200)
          └ 이동 분포: straight=67%  left=15%  right=18%
Ep 28700/30000 | R=  165.7 | Fuel=634.8mL | Wait= 175s | Steps=33.5 | Reach=96% | ε=0.050 | Loss=18.862 | t=11533s
          ├ 토폴로지 도달률(최근50): gangnam_clean_topology=98%
          ├ OD별 도달률(최근200): rnd0=5%(n200)  rnd1=100%(n200)  rnd10=100%(n200)  rnd11=100%(n200)  rnd12=100%(n200)  rnd13=100%(n200)  rnd14=100%(n200)  rnd15=100%(n200)  rnd16=100%(n200)  rnd17=100%(n200)  rnd18=100%(n200)  rnd19=98%(n200)  rnd2=100%(n200)  rnd20=100%(n200)  rnd21=100%(n200)  rnd22=100%(n200)  rnd23=100%(n200)  rnd24=4%(n200)  rnd25=100%(n200)  rnd26=100%(n200)  rnd27=100%(n200)  rnd28=100%(n200)  rnd29=100%(n200)  rnd3=100%(n200)  rnd4=100%(n200)  rnd5=100%(n200)  rnd6=100%(n200)  rnd7=100%(n200)  rnd8=100%(n200)  rnd9=100%(n200)
          └ 이동 분포: straight=69%  left=15%  right=16%
Ep 28800/30000 | R=  197.7 | Fuel=576.3mL | Wait= 132s | Steps=30.2 | Reach=94% | ε=0.050 | Loss=19.439 | t=11604s
          ├ 토폴로지 도달률(최근50): gangnam_clean_topology=92%
          ├ OD별 도달률(최근200): rnd0=5%(n200)  rnd1=100%(n200)  rnd10=100%(n200)  rnd11=100%(n200)  rnd12=100%(n200)  rnd13=100%(n200)  rnd14=100%(n200)  rnd15=100%(n200)  rnd16=100%(n200)  rnd17=100%(n200)  rnd18=100%(n200)  rnd19=98%(n200)  rnd2=100%(n200)  rnd20=100%(n200)  rnd21=100%(n200)  rnd22=100%(n200)  rnd23=100%(n200)  rnd24=4%(n200)  rnd25=100%(n200)  rnd26=100%(n200)  rnd27=100%(n200)  rnd28=100%(n200)  rnd29=100%(n200)  rnd3=100%(n200)  rnd4=100%(n200)  rnd5=100%(n200)  rnd6=100%(n200)  rnd7=100%(n200)  rnd8=100%(n200)  rnd9=100%(n200)
          └ 이동 분포: straight=68%  left=15%  right=17%
Ep 28900/30000 | R=  130.6 | Fuel=638.9mL | Wait= 159s | Steps=32.6 | Reach=94% | ε=0.050 | Loss=19.128 | t=11681s
          ├ 토폴로지 도달률(최근50): gangnam_clean_topology=92%
          ├ OD별 도달률(최근200): rnd0=5%(n200)  rnd1=100%(n200)  rnd10=100%(n200)  rnd11=100%(n200)  rnd12=100%(n200)  rnd13=100%(n200)  rnd14=100%(n200)  rnd15=100%(n200)  rnd16=100%(n200)  rnd17=100%(n200)  rnd18=100%(n200)  rnd19=98%(n200)  rnd2=100%(n200)  rnd20=100%(n200)  rnd21=100%(n200)  rnd22=100%(n200)  rnd23=100%(n200)  rnd24=4%(n200)  rnd25=100%(n200)  rnd26=100%(n200)  rnd27=100%(n200)  rnd28=100%(n200)  rnd29=100%(n200)  rnd3=100%(n200)  rnd4=100%(n200)  rnd5=100%(n200)  rnd6=100%(n200)  rnd7=100%(n200)  rnd8=100%(n200)  rnd9=100%(n200)
          └ 이동 분포: straight=67%  left=15%  right=18%
Ep 29000/30000 | R=  167.0 | Fuel=579.4mL | Wait= 146s | Steps=30.7 | Reach=92% | ε=0.050 | Loss=19.248 | t=11753s
          ├ 토폴로지 도달률(최근50): gangnam_clean_topology=86%
          ├ OD별 도달률(최근200): rnd0=4%(n200)  rnd1=100%(n200)  rnd10=100%(n200)  rnd11=100%(n200)  rnd12=100%(n200)  rnd13=100%(n200)  rnd14=100%(n200)  rnd15=100%(n200)  rnd16=100%(n200)  rnd17=100%(n200)  rnd18=100%(n200)  rnd19=98%(n200)  rnd2=100%(n200)  rnd20=100%(n200)  rnd21=100%(n200)  rnd22=100%(n200)  rnd23=100%(n200)  rnd24=4%(n200)  rnd25=100%(n200)  rnd26=100%(n200)  rnd27=100%(n200)  rnd28=100%(n200)  rnd29=100%(n200)  rnd3=100%(n200)  rnd4=100%(n200)  rnd5=100%(n200)  rnd6=100%(n200)  rnd7=100%(n200)  rnd8=100%(n200)  rnd9=100%(n200)
          └ 이동 분포: straight=67%  left=15%  right=17%
Ep 29100/30000 | R=  154.3 | Fuel=599.8mL | Wait= 142s | Steps=30.2 | Reach=90% | ε=0.050 | Loss=17.510 | t=11824s
          ├ 토폴로지 도달률(최근50): gangnam_clean_topology=92%
          ├ OD별 도달률(최근200): rnd0=4%(n200)  rnd1=100%(n200)  rnd10=100%(n200)  rnd11=100%(n200)  rnd12=100%(n200)  rnd13=100%(n200)  rnd14=100%(n200)  rnd15=100%(n200)  rnd16=100%(n200)  rnd17=100%(n200)  rnd18=100%(n200)  rnd19=98%(n200)  rnd2=100%(n200)  rnd20=100%(n200)  rnd21=100%(n200)  rnd22=100%(n200)  rnd23=100%(n200)  rnd24=4%(n200)  rnd25=100%(n200)  rnd26=100%(n200)  rnd27=100%(n200)  rnd28=100%(n200)  rnd29=100%(n200)  rnd3=100%(n200)  rnd4=100%(n200)  rnd5=100%(n200)  rnd6=100%(n200)  rnd7=100%(n200)  rnd8=100%(n200)  rnd9=100%(n200)
          └ 이동 분포: straight=68%  left=15%  right=18%
Ep 29200/30000 | R=  194.3 | Fuel=568.0mL | Wait= 131s | Steps=30.9 | Reach=94% | ε=0.050 | Loss=17.876 | t=11891s
          ├ 토폴로지 도달률(최근50): gangnam_clean_topology=92%
          ├ OD별 도달률(최근200): rnd0=4%(n200)  rnd1=100%(n200)  rnd10=100%(n200)  rnd11=100%(n200)  rnd12=100%(n200)  rnd13=100%(n200)  rnd14=100%(n200)  rnd15=100%(n200)  rnd16=100%(n200)  rnd17=100%(n200)  rnd18=100%(n200)  rnd19=98%(n200)  rnd2=100%(n200)  rnd20=100%(n200)  rnd21=100%(n200)  rnd22=100%(n200)  rnd23=100%(n200)  rnd24=4%(n200)  rnd25=100%(n200)  rnd26=100%(n200)  rnd27=100%(n200)  rnd28=100%(n200)  rnd29=100%(n200)  rnd3=100%(n200)  rnd4=100%(n200)  rnd5=100%(n200)  rnd6=100%(n200)  rnd7=100%(n200)  rnd8=100%(n200)  rnd9=100%(n200)
          └ 이동 분포: straight=67%  left=16%  right=17%
Ep 29300/30000 | R=  227.9 | Fuel=585.4mL | Wait= 157s | Steps=29.1 | Reach=94% | ε=0.050 | Loss=17.302 | t=11919s
          ├ 토폴로지 도달률(최근50): gangnam_clean_topology=94%
          ├ OD별 도달률(최근200): rnd0=4%(n200)  rnd1=100%(n200)  rnd10=100%(n200)  rnd11=100%(n200)  rnd12=100%(n200)  rnd13=100%(n200)  rnd14=100%(n200)  rnd15=100%(n200)  rnd16=100%(n200)  rnd17=100%(n200)  rnd18=100%(n200)  rnd19=98%(n200)  rnd2=100%(n200)  rnd20=100%(n200)  rnd21=100%(n200)  rnd22=100%(n200)  rnd23=100%(n200)  rnd24=4%(n200)  rnd25=100%(n200)  rnd26=100%(n200)  rnd27=100%(n200)  rnd28=100%(n200)  rnd29=100%(n200)  rnd3=100%(n200)  rnd4=100%(n200)  rnd5=100%(n200)  rnd6=100%(n200)  rnd7=100%(n200)  rnd8=100%(n200)  rnd9=100%(n200)
          └ 이동 분포: straight=69%  left=15%  right=17%
Ep 29400/30000 | R=  108.1 | Fuel=668.6mL | Wait= 170s | Steps=35.4 | Reach=94% | ε=0.050 | Loss=16.992 | t=11944s
          ├ 토폴로지 도달률(최근50): gangnam_clean_topology=98%
          ├ OD별 도달률(최근200): rnd0=4%(n200)  rnd1=100%(n200)  rnd10=100%(n200)  rnd11=100%(n200)  rnd12=100%(n200)  rnd13=100%(n200)  rnd14=100%(n200)  rnd15=100%(n200)  rnd16=100%(n200)  rnd17=100%(n200)  rnd18=100%(n200)  rnd19=98%(n200)  rnd2=100%(n200)  rnd20=100%(n200)  rnd21=100%(n200)  rnd22=100%(n200)  rnd23=100%(n200)  rnd24=4%(n200)  rnd25=100%(n200)  rnd26=100%(n200)  rnd27=100%(n200)  rnd28=100%(n200)  rnd29=100%(n200)  rnd3=100%(n200)  rnd4=100%(n200)  rnd5=100%(n200)  rnd6=100%(n200)  rnd7=100%(n200)  rnd8=100%(n200)  rnd9=100%(n200)
          └ 이동 분포: straight=66%  left=16%  right=19%
Ep 29500/30000 | R=  219.9 | Fuel=552.4mL | Wait= 139s | Steps=29.9 | Reach=97% | ε=0.050 | Loss=18.458 | t=11966s
          ├ 토폴로지 도달률(최근50): gangnam_clean_topology=98%
          ├ OD별 도달률(최근200): rnd0=4%(n200)  rnd1=100%(n200)  rnd10=100%(n200)  rnd11=100%(n200)  rnd12=100%(n200)  rnd13=100%(n200)  rnd14=100%(n200)  rnd15=100%(n200)  rnd16=100%(n200)  rnd17=100%(n200)  rnd18=100%(n200)  rnd19=98%(n200)  rnd2=100%(n200)  rnd20=100%(n200)  rnd21=100%(n200)  rnd22=100%(n200)  rnd23=100%(n200)  rnd24=4%(n200)  rnd25=100%(n200)  rnd26=100%(n200)  rnd27=100%(n200)  rnd28=100%(n200)  rnd29=100%(n200)  rnd3=100%(n200)  rnd4=100%(n200)  rnd5=100%(n200)  rnd6=100%(n200)  rnd7=100%(n200)  rnd8=100%(n200)  rnd9=100%(n200)
          └ 이동 분포: straight=69%  left=14%  right=17%
Ep 29600/30000 | R=  173.8 | Fuel=605.8mL | Wait= 138s | Steps=30.5 | Reach=93% | ε=0.050 | Loss=18.792 | t=11985s
          ├ 토폴로지 도달률(최근50): gangnam_clean_topology=88%
          ├ OD별 도달률(최근200): rnd0=4%(n200)  rnd1=100%(n200)  rnd10=100%(n200)  rnd11=100%(n200)  rnd12=100%(n200)  rnd13=100%(n200)  rnd14=100%(n200)  rnd15=100%(n200)  rnd16=100%(n200)  rnd17=100%(n200)  rnd18=100%(n200)  rnd19=98%(n200)  rnd2=100%(n200)  rnd20=100%(n200)  rnd21=100%(n200)  rnd22=100%(n200)  rnd23=100%(n200)  rnd24=5%(n200)  rnd25=100%(n200)  rnd26=100%(n200)  rnd27=100%(n200)  rnd28=100%(n200)  rnd29=100%(n200)  rnd3=100%(n200)  rnd4=100%(n200)  rnd5=100%(n200)  rnd6=100%(n200)  rnd7=100%(n200)  rnd8=100%(n200)  rnd9=100%(n200)
          └ 이동 분포: straight=69%  left=15%  right=16%
Ep 29700/30000 | R=  179.9 | Fuel=576.3mL | Wait= 150s | Steps=30.2 | Reach=93% | ε=0.050 | Loss=17.892 | t=12004s
          ├ 토폴로지 도달률(최근50): gangnam_clean_topology=94%
          ├ OD별 도달률(최근200): rnd0=4%(n200)  rnd1=100%(n200)  rnd10=100%(n200)  rnd11=100%(n200)  rnd12=100%(n200)  rnd13=100%(n200)  rnd14=100%(n200)  rnd15=100%(n200)  rnd16=100%(n200)  rnd17=100%(n200)  rnd18=100%(n200)  rnd19=98%(n200)  rnd2=100%(n200)  rnd20=100%(n200)  rnd21=100%(n200)  rnd22=100%(n200)  rnd23=100%(n200)  rnd24=5%(n200)  rnd25=100%(n200)  rnd26=100%(n200)  rnd27=100%(n200)  rnd28=100%(n200)  rnd29=100%(n200)  rnd3=100%(n200)  rnd4=100%(n200)  rnd5=100%(n200)  rnd6=100%(n200)  rnd7=100%(n200)  rnd8=100%(n200)  rnd9=100%(n200)
          └ 이동 분포: straight=69%  left=15%  right=16%
Ep 29800/30000 | R=  112.2 | Fuel=584.1mL | Wait= 132s | Steps=31.1 | Reach=93% | ε=0.050 | Loss=18.112 | t=12029s
          ├ 토폴로지 도달률(최근50): gangnam_clean_topology=94%
          ├ OD별 도달률(최근200): rnd0=4%(n200)  rnd1=100%(n200)  rnd10=100%(n200)  rnd11=100%(n200)  rnd12=100%(n200)  rnd13=100%(n200)  rnd14=100%(n200)  rnd15=100%(n200)  rnd16=100%(n200)  rnd17=100%(n200)  rnd18=100%(n200)  rnd19=98%(n200)  rnd2=100%(n200)  rnd20=100%(n200)  rnd21=100%(n200)  rnd22=100%(n200)  rnd23=100%(n200)  rnd24=5%(n200)  rnd25=100%(n200)  rnd26=100%(n200)  rnd27=100%(n200)  rnd28=100%(n200)  rnd29=100%(n200)  rnd3=100%(n200)  rnd4=100%(n200)  rnd5=100%(n200)  rnd6=100%(n200)  rnd7=100%(n200)  rnd8=100%(n200)  rnd9=100%(n200)
          └ 이동 분포: straight=66%  left=15%  right=19%
Ep 29900/30000 | R=  140.4 | Fuel=612.8mL | Wait= 165s | Steps=32.9 | Reach=94% | ε=0.050 | Loss=19.238 | t=12066s
          ├ 토폴로지 도달률(최근50): gangnam_clean_topology=98%
          ├ OD별 도달률(최근200): rnd0=4%(n200)  rnd1=100%(n200)  rnd10=100%(n200)  rnd11=100%(n200)  rnd12=100%(n200)  rnd13=100%(n200)  rnd14=100%(n200)  rnd15=100%(n200)  rnd16=100%(n200)  rnd17=100%(n200)  rnd18=100%(n200)  rnd19=98%(n200)  rnd2=100%(n200)  rnd20=100%(n200)  rnd21=100%(n200)  rnd22=100%(n200)  rnd23=100%(n200)  rnd24=5%(n200)  rnd25=100%(n200)  rnd26=100%(n200)  rnd27=100%(n200)  rnd28=100%(n200)  rnd29=100%(n200)  rnd3=100%(n200)  rnd4=100%(n200)  rnd5=100%(n200)  rnd6=100%(n200)  rnd7=100%(n200)  rnd8=100%(n200)  rnd9=100%(n200)
          └ 이동 분포: straight=67%  left=16%  right=17%
Ep 30000/30000 | R=  164.8 | Fuel=597.5mL | Wait= 148s | Steps=31.2 | Reach=93% | ε=0.050 | Loss=19.290 | t=12106s
          ├ 토폴로지 도달률(최근50): gangnam_clean_topology=88%
          ├ OD별 도달률(최근200): rnd0=4%(n200)  rnd1=100%(n200)  rnd10=100%(n200)  rnd11=100%(n200)  rnd12=100%(n200)  rnd13=100%(n200)  rnd14=100%(n200)  rnd15=100%(n200)  rnd16=100%(n200)  rnd17=100%(n200)  rnd18=100%(n200)  rnd19=98%(n200)  rnd2=100%(n200)  rnd20=100%(n200)  rnd21=100%(n200)  rnd22=100%(n200)  rnd23=100%(n200)  rnd24=5%(n200)  rnd25=100%(n200)  rnd26=100%(n200)  rnd27=100%(n200)  rnd28=100%(n200)  rnd29=100%(n200)  rnd3=100%(n200)  rnd4=100%(n200)  rnd5=100%(n200)  rnd6=100%(n200)  rnd7=100%(n200)  rnd8=100%(n200)  rnd9=100%(n200)
          └ 이동 분포: straight=70%  left=14%  right=16%
  [체크포인트] model_rl_signal_ep30000.pth

============================================================
 학습 완료 | 최종 도달률(최근200): 93.5%
 최고 도달률: 99.0%  → model_rl_signal_best.pth
 모델 저장 → models/model_rl_signal.pth
============================================================

