model,route,route_type,time_slot,start_hour,rep,fuel_total,fuel_drive,fuel_idle,travel_time,wait_time,distance,wait_count,reached,steps,n_left,n_right,n_straight,path
shortest_dijkstra,od1_sinnonhyeon_suseo,long,off_peak,7.0,1,1630.3866,1228.7238,401.6628,1124.2473,918.1656,9210.2,16,True,80,2,5,73,342695->342700->343100->342865->340641->340704->341588->343777->340703->342671->340702->341790->341589->340701->563070->340700->341581->341792->342664->341793->341587->341794->342634->340699->342632->343072->341795->341544->341796->343669->341798->342622->341797->341771->341545->341772->646612->341541->340708->646354->342633->342626->344210->341542->341773->341547->563166->341548->340707->343666->343075->341543->588052->341499->344500->342607->587988->342821->341768->646932->341500->341501->343078->647029->647031->647028->647033->342043->338909->338898->338897->340035->338396->338397->338402->338405->338404->338391->338773->613666->613667
shortest_dijkstra,od1_sinnonhyeon_suseo,long,off_peak,7.0,2,1584.7282,1182.5245,402.2037,1081.6904,919.4019,9210.2,15,True,80,2,5,73,342695->342700->343100->342865->340641->340704->341588->343777->340703->342671->340702->341790->341589->340701->563070->340700->341581->341792->342664->341793->341587->341794->342634->340699->342632->343072->341795->341544->341796->343669->341798->342622->341797->341771->341545->341772->646612->341541->340708->646354->342633->342626->344210->341542->341773->341547->563166->341548->340707->343666->343075->341543->588052->341499->344500->342607->587988->342821->341768->646932->341500->341501->343078->647029->647031->647028->647033->342043->338909->338898->338897->340035->338396->338397->338402->338405->338404->338391->338773->613666->613667
shortest_dijkstra,od1_sinnonhyeon_suseo,long,off_peak,7.0,3,1498.1819,1188.1777,310.0042,1111.1485,708.6421,9210.2,14,True,80,2,5,73,342695->342700->343100->342865->340641->340704->341588->343777->340703->342671->340702->341790->341589->340701->563070->340700->341581->341792->342664->341793->341587->341794->342634->340699->342632->343072->341795->341544->341796->343669->341798->342622->341797->341771->341545->341772->646612->341541->340708->646354->342633->342626->344210->341542->341773->341547->563166->341548->340707->343666->343075->341543->588052->341499->344500->342607->587988->342821->341768->646932->341500->341501->343078->647029->647031->647028->647033->342043->338909->338898->338897->340035->338396->338397->338402->338405->338404->338391->338773->613666->613667
shortest_dijkstra,od1_sinnonhyeon_suseo,long,off_peak,7.0,4,1532.051,1184.5907,347.4603,1106.6629,794.2635,9210.2,15,True,80,2,5,73,342695->342700->343100->342865->340641->340704->341588->343777->340703->342671->340702->341790->341589->340701->563070->340700->341581->341792->342664->341793->341587->341794->342634->340699->342632->343072->341795->341544->341796->343669->341798->342622->341797->341771->341545->341772->646612->341541->340708->646354->342633->342626->344210->341542->341773->341547->563166->341548->340707->343666->343075->341543->588052->341499->344500->342607->587988->342821->341768->646932->341500->341501->343078->647029->647031->647028->647033->342043->338909->338898->338897->340035->338396->338397->338402->338405->338404->338391->338773->613666->613667
shortest_dijkstra,od1_sinnonhyeon_suseo,long,off_peak,7.0,5,1546.5389,1219.9454,326.5936,1086.1042,746.5639,9210.2,14,True,80,2,5,73,342695->342700->343100->342865->340641->340704->341588->343777->340703->342671->340702->341790->341589->340701->563070->340700->341581->341792->342664->341793->341587->341794->342634->340699->342632->343072->341795->341544->341796->343669->341798->342622->341797->341771->341545->341772->646612->341541->340708->646354->342633->342626->344210->341542->341773->341547->563166->341548->340707->343666->343075->341543->588052->341499->344500->342607->587988->342821->341768->646932->341500->341501->343078->647029->647031->647028->647033->342043->338909->338898->338897->340035->338396->338397->338402->338405->338404->338391->338773->613666->613667
shortest_dijkstra,od1_sinnonhyeon_suseo,long,off_peak,7.0,6,1525.5472,1178.0913,347.4559,1022.2164,794.2532,9210.2,14,True,80,2,5,73,342695->342700->343100->342865->340641->340704->341588->343777->340703->342671->340702->341790->341589->340701->563070->340700->341581->341792->342664->341793->341587->341794->342634->340699->342632->343072->341795->341544->341796->343669->341798->342622->341797->341771->341545->341772->646612->341541->340708->646354->342633->342626->344210->341542->341773->341547->563166->341548->340707->343666->343075->341543->588052->341499->344500->342607->587988->342821->341768->646932->341500->341501->343078->647029->647031->647028->647033->342043->338909->338898->338897->340035->338396->338397->338402->338405->338404->338391->338773->613666->613667
shortest_dijkstra,od1_sinnonhyeon_suseo,long,off_peak,7.0,7,1511.1396,1164.6075,346.532,1049.7624,792.1415,9210.2,15,True,80,2,5,73,342695->342700->343100->342865->340641->340704->341588->343777->340703->342671->340702->341790->341589->340701->563070->340700->341581->341792->342664->341793->341587->341794->342634->340699->342632->343072->341795->341544->341796->343669->341798->342622->341797->341771->341545->341772->646612->341541->340708->646354->342633->342626->344210->341542->341773->341547->563166->341548->340707->343666->343075->341543->588052->341499->344500->342607->587988->342821->341768->646932->341500->341501->343078->647029->647031->647028->647033->342043->338909->338898->338897->340035->338396->338397->338402->338405->338404->338391->338773->613666->613667
shortest_dijkstra,od1_sinnonhyeon_suseo,long,off_peak,7.0,8,1530.9278,1194.1605,336.7673,1090.6407,769.8202,9210.2,15,True,80,2,5,73,342695->342700->343100->342865->340641->340704->341588->343777->340703->342671->340702->341790->341589->340701->563070->340700->341581->341792->342664->341793->341587->341794->342634->340699->342632->343072->341795->341544->341796->343669->341798->342622->341797->341771->341545->341772->646612->341541->340708->646354->342633->342626->344210->341542->341773->341547->563166->341548->340707->343666->343075->341543->588052->341499->344500->342607->587988->342821->341768->646932->341500->341501->343078->647029->647031->647028->647033->342043->338909->338898->338897->340035->338396->338397->338402->338405->338404->338391->338773->613666->613667
shortest_dijkstra,od1_sinnonhyeon_suseo,long,off_peak,7.0,9,1514.0116,1168.8988,345.1128,1047.356,788.8972,9210.2,14,True,80,2,5,73,342695->342700->343100->342865->340641->340704->341588->343777->340703->342671->340702->341790->341589->340701->563070->340700->341581->341792->342664->341793->341587->341794->342634->340699->342632->343072->341795->341544->341796->343669->341798->342622->341797->341771->341545->341772->646612->341541->340708->646354->342633->342626->344210->341542->341773->341547->563166->341548->340707->343666->343075->341543->588052->341499->344500->342607->587988->342821->341768->646932->341500->341501->343078->647029->647031->647028->647033->342043->338909->338898->338897->340035->338396->338397->338402->338405->338404->338391->338773->613666->613667
shortest_dijkstra,od1_sinnonhyeon_suseo,long,off_peak,7.0,10,1510.9355,1189.3478,321.5877,1111.8896,735.1208,9210.2,15,True,80,2,5,73,342695->342700->343100->342865->340641->340704->341588->343777->340703->342671->340702->341790->341589->340701->563070->340700->341581->341792->342664->341793->341587->341794->342634->340699->342632->343072->341795->341544->341796->343669->341798->342622->341797->341771->341545->341772->646612->341541->340708->646354->342633->342626->344210->341542->341773->341547->563166->341548->340707->343666->343075->341543->588052->341499->344500->342607->587988->342821->341768->646932->341500->341501->343078->647029->647031->647028->647033->342043->338909->338898->338897->340035->338396->338397->338402->338405->338404->338391->338773->613666->613667
shortest_dijkstra,od1_sinnonhyeon_suseo,long,off_peak,7.0,11,1521.9163,1189.4595,332.4568,1071.5863,759.9667,9210.2,15,True,80,2,5,73,342695->342700->343100->342865->340641->340704->341588->343777->340703->342671->340702->341790->341589->340701->563070->340700->341581->341792->342664->341793->341587->341794->342634->340699->342632->343072->341795->341544->341796->343669->341798->342622->341797->341771->341545->341772->646612->341541->340708->646354->342633->342626->344210->341542->341773->341547->563166->341548->340707->343666->343075->341543->588052->341499->344500->342607->587988->342821->341768->646932->341500->341501->343078->647029->647031->647028->647033->342043->338909->338898->338897->340035->338396->338397->338402->338405->338404->338391->338773->613666->613667
shortest_dijkstra,od1_sinnonhyeon_suseo,long,off_peak,7.0,12,1513.0718,1187.7238,325.348,1096.9885,743.7166,9210.2,13,True,80,2,5,73,342695->342700->343100->342865->340641->340704->341588->343777->340703->342671->340702->341790->341589->340701->563070->340700->341581->341792->342664->341793->341587->341794->342634->340699->342632->343072->341795->341544->341796->343669->341798->342622->341797->341771->341545->341772->646612->341541->340708->646354->342633->342626->344210->341542->341773->341547->563166->341548->340707->343666->343075->341543->588052->341499->344500->342607->587988->342821->341768->646932->341500->341501->343078->647029->647031->647028->647033->342043->338909->338898->338897->340035->338396->338397->338402->338405->338404->338391->338773->613666->613667
shortest_dijkstra,od1_sinnonhyeon_suseo,long,off_peak,7.0,13,1524.8774,1171.0578,353.8196,1011.1006,808.8002,9210.2,15,True,80,2,5,73,342695->342700->343100->342865->340641->340704->341588->343777->340703->342671->340702->341790->341589->340701->563070->340700->341581->341792->342664->341793->341587->341794->342634->340699->342632->343072->341795->341544->341796->343669->341798->342622->341797->341771->341545->341772->646612->341541->340708->646354->342633->342626->344210->341542->341773->341547->563166->341548->340707->343666->343075->341543->588052->341499->344500->342607->587988->342821->341768->646932->341500->341501->343078->647029->647031->647028->647033->342043->338909->338898->338897->340035->338396->338397->338402->338405->338404->338391->338773->613666->613667
shortest_dijkstra,od1_sinnonhyeon_suseo,long,off_peak,7.0,14,1458.206,1122.9617,335.2443,1091.8653,766.3388,9210.2,13,True,80,2,5,73,342695->342700->343100->342865->340641->340704->341588->343777->340703->342671->340702->341790->341589->340701->563070->340700->341581->341792->342664->341793->341587->341794->342634->340699->342632->343072->341795->341544->341796->343669->341798->342622->341797->341771->341545->341772->646612->341541->340708->646354->342633->342626->344210->341542->341773->341547->563166->341548->340707->343666->343075->341543->588052->341499->344500->342607->587988->342821->341768->646932->341500->341501->343078->647029->647031->647028->647033->342043->338909->338898->338897->340035->338396->338397->338402->338405->338404->338391->338773->613666->613667
shortest_dijkstra,od1_sinnonhyeon_suseo,long,off_peak,7.0,15,1494.3615,1137.4636,356.8979,1071.0652,815.8368,9210.2,15,True,80,2,5,73,342695->342700->343100->342865->340641->340704->341588->343777->340703->342671->340702->341790->341589->340701->563070->340700->341581->341792->342664->341793->341587->341794->342634->340699->342632->343072->341795->341544->341796->343669->341798->342622->341797->341771->341545->341772->646612->341541->340708->646354->342633->342626->344210->341542->341773->341547->563166->341548->340707->343666->343075->341543->588052->341499->344500->342607->587988->342821->341768->646932->341500->341501->343078->647029->647031->647028->647033->342043->338909->338898->338897->340035->338396->338397->338402->338405->338404->338391->338773->613666->613667
shortest_dijkstra,od1_sinnonhyeon_suseo,long,off_peak,7.0,16,1491.6884,1148.8848,342.8035,1109.5737,783.6184,9210.2,15,True,80,2,5,73,342695->342700->343100->342865->340641->340704->341588->343777->340703->342671->340702->341790->341589->340701->563070->340700->341581->341792->342664->341793->341587->341794->342634->340699->342632->343072->341795->341544->341796->343669->341798->342622->341797->341771->341545->341772->646612->341541->340708->646354->342633->342626->344210->341542->341773->341547->563166->341548->340707->343666->343075->341543->588052->341499->344500->342607->587988->342821->341768->646932->341500->341501->343078->647029->647031->647028->647033->342043->338909->338898->338897->340035->338396->338397->338402->338405->338404->338391->338773->613666->613667
shortest_dijkstra,od1_sinnonhyeon_suseo,long,off_peak,7.0,17,1496.8517,1154.9017,341.95,1067.2414,781.6674,9210.2,15,True,80,2,5,73,342695->342700->343100->342865->340641->340704->341588->343777->340703->342671->340702->341790->341589->340701->563070->340700->341581->341792->342664->341793->341587->341794->342634->340699->342632->343072->341795->341544->341796->343669->341798->342622->341797->341771->341545->341772->646612->341541->340708->646354->342633->342626->344210->341542->341773->341547->563166->341548->340707->343666->343075->341543->588052->341499->344500->342607->587988->342821->341768->646932->341500->341501->343078->647029->647031->647028->647033->342043->338909->338898->338897->340035->338396->338397->338402->338405->338404->338391->338773->613666->613667
shortest_dijkstra,od1_sinnonhyeon_suseo,long,off_peak,7.0,18,1491.784,1133.6244,358.1596,985.4184,818.721,9210.2,15,True,80,2,5,73,342695->342700->343100->342865->340641->340704->341588->343777->340703->342671->340702->341790->341589->340701->563070->340700->341581->341792->342664->341793->341587->341794->342634->340699->342632->343072->341795->341544->341796->343669->341798->342622->341797->341771->341545->341772->646612->341541->340708->646354->342633->342626->344210->341542->341773->341547->563166->341548->340707->343666->343075->341543->588052->341499->344500->342607->587988->342821->341768->646932->341500->341501->343078->647029->647031->647028->647033->342043->338909->338898->338897->340035->338396->338397->338402->338405->338404->338391->338773->613666->613667
shortest_dijkstra,od1_sinnonhyeon_suseo,long,off_peak,7.0,19,1450.84,1108.7887,342.0512,1097.6525,781.8988,9210.2,15,True,80,2,5,73,342695->342700->343100->342865->340641->340704->341588->343777->340703->342671->340702->341790->341589->340701->563070->340700->341581->341792->342664->341793->341587->341794->342634->340699->342632->343072->341795->341544->341796->343669->341798->342622->341797->341771->341545->341772->646612->341541->340708->646354->342633->342626->344210->341542->341773->341547->563166->341548->340707->343666->343075->341543->588052->341499->344500->342607->587988->342821->341768->646932->341500->341501->343078->647029->647031->647028->647033->342043->338909->338898->338897->340035->338396->338397->338402->338405->338404->338391->338773->613666->613667
shortest_dijkstra,od1_sinnonhyeon_suseo,long,off_peak,7.0,20,1590.5605,1239.5367,351.0238,1137.2634,802.4093,9210.2,15,True,80,2,5,73,342695->342700->343100->342865->340641->340704->341588->343777->340703->342671->340702->341790->341589->340701->563070->340700->341581->341792->342664->341793->341587->341794->342634->340699->342632->343072->341795->341544->341796->343669->341798->342622->341797->341771->341545->341772->646612->341541->340708->646354->342633->342626->344210->341542->341773->341547->563166->341548->340707->343666->343075->341543->588052->341499->344500->342607->587988->342821->341768->646932->341500->341501->343078->647029->647031->647028->647033->342043->338909->338898->338897->340035->338396->338397->338402->338405->338404->338391->338773->613666->613667
shortest_dijkstra,od1_sinnonhyeon_suseo,long,off_peak,7.0,21,1603.7631,1199.566,404.197,1103.4324,923.9585,9210.2,15,True,80,2,5,73,342695->342700->343100->342865->340641->340704->341588->343777->340703->342671->340702->341790->341589->340701->563070->340700->341581->341792->342664->341793->341587->341794->342634->340699->342632->343072->341795->341544->341796->343669->341798->342622->341797->341771->341545->341772->646612->341541->340708->646354->342633->342626->344210->341542->341773->341547->563166->341548->340707->343666->343075->341543->588052->341499->344500->342607->587988->342821->341768->646932->341500->341501->343078->647029->647031->647028->647033->342043->338909->338898->338897->340035->338396->338397->338402->338405->338404->338391->338773->613666->613667
shortest_dijkstra,od1_sinnonhyeon_suseo,long,off_peak,7.0,22,1538.662,1201.562,337.1,1052.8404,770.5806,9210.2,15,True,80,2,5,73,342695->342700->343100->342865->340641->340704->341588->343777->340703->342671->340702->341790->341589->340701->563070->340700->341581->341792->342664->341793->341587->341794->342634->340699->342632->343072->341795->341544->341796->343669->341798->342622->341797->341771->341545->341772->646612->341541->340708->646354->342633->342626->344210->341542->341773->341547->563166->341548->340707->343666->343075->341543->588052->341499->344500->342607->587988->342821->341768->646932->341500->341501->343078->647029->647031->647028->647033->342043->338909->338898->338897->340035->338396->338397->338402->338405->338404->338391->338773->613666->613667
shortest_dijkstra,od1_sinnonhyeon_suseo,long,off_peak,7.0,23,1519.8493,1163.112,356.7373,1010.6555,815.4697,9210.2,15,True,80,2,5,73,342695->342700->343100->342865->340641->340704->341588->343777->340703->342671->340702->341790->341589->340701->563070->340700->341581->341792->342664->341793->341587->341794->342634->340699->342632->343072->341795->341544->341796->343669->341798->342622->341797->341771->341545->341772->646612->341541->340708->646354->342633->342626->344210->341542->341773->341547->563166->341548->340707->343666->343075->341543->588052->341499->344500->342607->587988->342821->341768->646932->341500->341501->343078->647029->647031->647028->647033->342043->338909->338898->338897->340035->338396->338397->338402->338405->338404->338391->338773->613666->613667
shortest_dijkstra,od1_sinnonhyeon_suseo,long,off_peak,7.0,24,1545.8067,1215.7146,330.0921,1098.6542,754.5613,9210.2,15,True,80,2,5,73,342695->342700->343100->342865->340641->340704->341588->343777->340703->342671->340702->341790->341589->340701->563070->340700->341581->341792->342664->341793->341587->341794->342634->340699->342632->343072->341795->341544->341796->343669->341798->342622->341797->341771->341545->341772->646612->341541->340708->646354->342633->342626->344210->341542->341773->341547->563166->341548->340707->343666->343075->341543->588052->341499->344500->342607->587988->342821->341768->646932->341500->341501->343078->647029->647031->647028->647033->342043->338909->338898->338897->340035->338396->338397->338402->338405->338404->338391->338773->613666->613667
shortest_dijkstra,od1_sinnonhyeon_suseo,long,off_peak,7.0,25,1476.8514,1149.2708,327.5806,1165.9722,748.8202,9210.2,14,True,80,2,5,73,342695->342700->343100->342865->340641->340704->341588->343777->340703->342671->340702->341790->341589->340701->563070->340700->341581->341792->342664->341793->341587->341794->342634->340699->342632->343072->341795->341544->341796->343669->341798->342622->341797->341771->341545->341772->646612->341541->340708->646354->342633->342626->344210->341542->341773->341547->563166->341548->340707->343666->343075->341543->588052->341499->344500->342607->587988->342821->341768->646932->341500->341501->343078->647029->647031->647028->647033->342043->338909->338898->338897->340035->338396->338397->338402->338405->338404->338391->338773->613666->613667
shortest_dijkstra,od1_sinnonhyeon_suseo,long,off_peak,7.0,26,1550.6427,1203.935,346.7077,1090.8161,792.5429,9210.2,15,True,80,2,5,73,342695->342700->343100->342865->340641->340704->341588->343777->340703->342671->340702->341790->341589->340701->563070->340700->341581->341792->342664->341793->341587->341794->342634->340699->342632->343072->341795->341544->341796->343669->341798->342622->341797->341771->341545->341772->646612->341541->340708->646354->342633->342626->344210->341542->341773->341547->563166->341548->340707->343666->343075->341543->588052->341499->344500->342607->587988->342821->341768->646932->341500->341501->343078->647029->647031->647028->647033->342043->338909->338898->338897->340035->338396->338397->338402->338405->338404->338391->338773->613666->613667
shortest_dijkstra,od1_sinnonhyeon_suseo,long,off_peak,7.0,27,1473.6942,1118.7323,354.9619,1011.3692,811.4114,9210.2,15,True,80,2,5,73,342695->342700->343100->342865->340641->340704->341588->343777->340703->342671->340702->341790->341589->340701->563070->340700->341581->341792->342664->341793->341587->341794->342634->340699->342632->343072->341795->341544->341796->343669->341798->342622->341797->341771->341545->341772->646612->341541->340708->646354->342633->342626->344210->341542->341773->341547->563166->341548->340707->343666->343075->341543->588052->341499->344500->342607->587988->342821->341768->646932->341500->341501->343078->647029->647031->647028->647033->342043->338909->338898->338897->340035->338396->338397->338402->338405->338404->338391->338773->613666->613667
shortest_dijkstra,od1_sinnonhyeon_suseo,long,off_peak,7.0,28,1524.1699,1165.8736,358.2963,1023.6606,819.0334,9210.2,15,True,80,2,5,73,342695->342700->343100->342865->340641->340704->341588->343777->340703->342671->340702->341790->341589->340701->563070->340700->341581->341792->342664->341793->341587->341794->342634->340699->342632->343072->341795->341544->341796->343669->341798->342622->341797->341771->341545->341772->646612->341541->340708->646354->342633->342626->344210->341542->341773->341547->563166->341548->340707->343666->343075->341543->588052->341499->344500->342607->587988->342821->341768->646932->341500->341501->343078->647029->647031->647028->647033->342043->338909->338898->338897->340035->338396->338397->338402->338405->338404->338391->338773->613666->613667
shortest_dijkstra,od1_sinnonhyeon_suseo,long,off_peak,7.0,29,1548.7923,1209.7008,339.0915,1132.4015,775.1331,9210.2,15,True,80,2,5,73,342695->342700->343100->342865->340641->340704->341588->343777->340703->342671->340702->341790->341589->340701->563070->340700->341581->341792->342664->341793->341587->341794->342634->340699->342632->343072->341795->341544->341796->343669->341798->342622->341797->341771->341545->341772->646612->341541->340708->646354->342633->342626->344210->341542->341773->341547->563166->341548->340707->343666->343075->341543->588052->341499->344500->342607->587988->342821->341768->646932->341500->341501->343078->647029->647031->647028->647033->342043->338909->338898->338897->340035->338396->338397->338402->338405->338404->338391->338773->613666->613667
shortest_dijkstra,od1_sinnonhyeon_suseo,long,off_peak,7.0,30,1501.1188,1154.004,347.1148,1046.4411,793.4735,9210.2,15,True,80,2,5,73,342695->342700->343100->342865->340641->340704->341588->343777->340703->342671->340702->341790->341589->340701->563070->340700->341581->341792->342664->341793->341587->341794->342634->340699->342632->343072->341795->341544->341796->343669->341798->342622->341797->341771->341545->341772->646612->341541->340708->646354->342633->342626->344210->341542->341773->341547->563166->341548->340707->343666->343075->341543->588052->341499->344500->342607->587988->342821->341768->646932->341500->341501->343078->647029->647031->647028->647033->342043->338909->338898->338897->340035->338396->338397->338402->338405->338404->338391->338773->613666->613667
shortest_dijkstra,od1_sinnonhyeon_suseo,long,peak,8.0,1,1702.5754,1232.3262,470.2492,1260.4985,1074.9479,9210.2,17,True,80,2,5,73,342695->342700->343100->342865->340641->340704->341588->343777->340703->342671->340702->341790->341589->340701->563070->340700->341581->341792->342664->341793->341587->341794->342634->340699->342632->343072->341795->341544->341796->343669->341798->342622->341797->341771->341545->341772->646612->341541->340708->646354->342633->342626->344210->341542->341773->341547->563166->341548->340707->343666->343075->341543->588052->341499->344500->342607->587988->342821->341768->646932->341500->341501->343078->647029->647031->647028->647033->342043->338909->338898->338897->340035->338396->338397->338402->338405->338404->338391->338773->613666->613667
shortest_dijkstra,od1_sinnonhyeon_suseo,long,peak,8.0,2,1674.2039,1208.7663,465.4376,1224.5043,1063.9489,9210.2,17,True,80,2,5,73,342695->342700->343100->342865->340641->340704->341588->343777->340703->342671->340702->341790->341589->340701->563070->340700->341581->341792->342664->341793->341587->341794->342634->340699->342632->343072->341795->341544->341796->343669->341798->342622->341797->341771->341545->341772->646612->341541->340708->646354->342633->342626->344210->341542->341773->341547->563166->341548->340707->343666->343075->341543->588052->341499->344500->342607->587988->342821->341768->646932->341500->341501->343078->647029->647031->647028->647033->342043->338909->338898->338897->340035->338396->338397->338402->338405->338404->338391->338773->613666->613667
shortest_dijkstra,od1_sinnonhyeon_suseo,long,peak,8.0,3,1749.8841,1212.3767,537.5074,1218.1768,1228.6941,9210.2,19,True,80,2,5,73,342695->342700->343100->342865->340641->340704->341588->343777->340703->342671->340702->341790->341589->340701->563070->340700->341581->341792->342664->341793->341587->341794->342634->340699->342632->343072->341795->341544->341796->343669->341798->342622->341797->341771->341545->341772->646612->341541->340708->646354->342633->342626->344210->341542->341773->341547->563166->341548->340707->343666->343075->341543->588052->341499->344500->342607->587988->342821->341768->646932->341500->341501->343078->647029->647031->647028->647033->342043->338909->338898->338897->340035->338396->338397->338402->338405->338404->338391->338773->613666->613667
shortest_dijkstra,od1_sinnonhyeon_suseo,long,peak,8.0,4,1672.3209,1179.4658,492.8551,1167.1734,1126.623,9210.2,17,True,80,2,5,73,342695->342700->343100->342865->340641->340704->341588->343777->340703->342671->340702->341790->341589->340701->563070->340700->341581->341792->342664->341793->341587->341794->342634->340699->342632->343072->341795->341544->341796->343669->341798->342622->341797->341771->341545->341772->646612->341541->340708->646354->342633->342626->344210->341542->341773->341547->563166->341548->340707->343666->343075->341543->588052->341499->344500->342607->587988->342821->341768->646932->341500->341501->343078->647029->647031->647028->647033->342043->338909->338898->338897->340035->338396->338397->338402->338405->338404->338391->338773->613666->613667
shortest_dijkstra,od1_sinnonhyeon_suseo,long,peak,8.0,5,1731.3953,1180.1919,551.2034,1162.1049,1260.0019,9210.2,18,True,80,2,5,73,342695->342700->343100->342865->340641->340704->341588->343777->340703->342671->340702->341790->341589->340701->563070->340700->341581->341792->342664->341793->341587->341794->342634->340699->342632->343072->341795->341544->341796->343669->341798->342622->341797->341771->341545->341772->646612->341541->340708->646354->342633->342626->344210->341542->341773->341547->563166->341548->340707->343666->343075->341543->588052->341499->344500->342607->587988->342821->341768->646932->341500->341501->343078->647029->647031->647028->647033->342043->338909->338898->338897->340035->338396->338397->338402->338405->338404->338391->338773->613666->613667
shortest_dijkstra,od1_sinnonhyeon_suseo,long,peak,8.0,6,1740.8684,1193.7659,547.1025,1195.2559,1250.6277,9210.2,19,True,80,2,5,73,342695->342700->343100->342865->340641->340704->341588->343777->340703->342671->340702->341790->341589->340701->563070->340700->341581->341792->342664->341793->341587->341794->342634->340699->342632->343072->341795->341544->341796->343669->341798->342622->341797->341771->341545->341772->646612->341541->340708->646354->342633->342626->344210->341542->341773->341547->563166->341548->340707->343666->343075->341543->588052->341499->344500->342607->587988->342821->341768->646932->341500->341501->343078->647029->647031->647028->647033->342043->338909->338898->338897->340035->338396->338397->338402->338405->338404->338391->338773->613666->613667
shortest_dijkstra,od1_sinnonhyeon_suseo,long,peak,8.0,7,1744.5515,1220.1253,524.4262,1294.2278,1198.7916,9210.2,19,True,80,2,5,73,342695->342700->343100->342865->340641->340704->341588->343777->340703->342671->340702->341790->341589->340701->563070->340700->341581->341792->342664->341793->341587->341794->342634->340699->342632->343072->341795->341544->341796->343669->341798->342622->341797->341771->341545->341772->646612->341541->340708->646354->342633->342626->344210->341542->341773->341547->563166->341548->340707->343666->343075->341543->588052->341499->344500->342607->587988->342821->341768->646932->341500->341501->343078->647029->647031->647028->647033->342043->338909->338898->338897->340035->338396->338397->338402->338405->338404->338391->338773->613666->613667
shortest_dijkstra,od1_sinnonhyeon_suseo,long,peak,8.0,8,1691.9041,1206.3871,485.517,1209.3493,1109.8488,9210.2,18,True,80,2,5,73,342695->342700->343100->342865->340641->340704->341588->343777->340703->342671->340702->341790->341589->340701->563070->340700->341581->341792->342664->341793->341587->341794->342634->340699->342632->343072->341795->341544->341796->343669->341798->342622->341797->341771->341545->341772->646612->341541->340708->646354->342633->342626->344210->341542->341773->341547->563166->341548->340707->343666->343075->341543->588052->341499->344500->342607->587988->342821->341768->646932->341500->341501->343078->647029->647031->647028->647033->342043->338909->338898->338897->340035->338396->338397->338402->338405->338404->338391->338773->613666->613667
shortest_dijkstra,od1_sinnonhyeon_suseo,long,peak,8.0,9,1741.2074,1201.6352,539.5722,1231.5724,1233.4141,9210.2,19,True,80,2,5,73,342695->342700->343100->342865->340641->340704->341588->343777->340703->342671->340702->341790->341589->340701->563070->340700->341581->341792->342664->341793->341587->341794->342634->340699->342632->343072->341795->341544->341796->343669->341798->342622->341797->341771->341545->341772->646612->341541->340708->646354->342633->342626->344210->341542->341773->341547->563166->341548->340707->343666->343075->341543->588052->341499->344500->342607->587988->342821->341768->646932->341500->341501->343078->647029->647031->647028->647033->342043->338909->338898->338897->340035->338396->338397->338402->338405->338404->338391->338773->613666->613667
shortest_dijkstra,od1_sinnonhyeon_suseo,long,peak,8.0,10,1752.8916,1201.9702,550.9214,1238.517,1259.3574,9210.2,18,True,80,2,5,73,342695->342700->343100->342865->340641->340704->341588->343777->340703->342671->340702->341790->341589->340701->563070->340700->341581->341792->342664->341793->341587->341794->342634->340699->342632->343072->341795->341544->341796->343669->341798->342622->341797->341771->341545->341772->646612->341541->340708->646354->342633->342626->344210->341542->341773->341547->563166->341548->340707->343666->343075->341543->588052->341499->344500->342607->587988->342821->341768->646932->341500->341501->343078->647029->647031->647028->647033->342043->338909->338898->338897->340035->338396->338397->338402->338405->338404->338391->338773->613666->613667
shortest_dijkstra,od1_sinnonhyeon_suseo,long,peak,8.0,11,1760.2203,1184.8779,575.3424,1122.0689,1315.1816,9210.2,19,True,80,2,5,73,342695->342700->343100->342865->340641->340704->341588->343777->340703->342671->340702->341790->341589->340701->563070->340700->341581->341792->342664->341793->341587->341794->342634->340699->342632->343072->341795->341544->341796->343669->341798->342622->341797->341771->341545->341772->646612->341541->340708->646354->342633->342626->344210->341542->341773->341547->563166->341548->340707->343666->343075->341543->588052->341499->344500->342607->587988->342821->341768->646932->341500->341501->343078->647029->647031->647028->647033->342043->338909->338898->338897->340035->338396->338397->338402->338405->338404->338391->338773->613666->613667
shortest_dijkstra,od1_sinnonhyeon_suseo,long,peak,8.0,12,1699.6473,1161.3609,538.2864,1232.8615,1230.4748,9210.2,18,True,80,2,5,73,342695->342700->343100->342865->340641->340704->341588->343777->340703->342671->340702->341790->341589->340701->563070->340700->341581->341792->342664->341793->341587->341794->342634->340699->342632->343072->341795->341544->341796->343669->341798->342622->341797->341771->341545->341772->646612->341541->340708->646354->342633->342626->344210->341542->341773->341547->563166->341548->340707->343666->343075->341543->588052->341499->344500->342607->587988->342821->341768->646932->341500->341501->343078->647029->647031->647028->647033->342043->338909->338898->338897->340035->338396->338397->338402->338405->338404->338391->338773->613666->613667
shortest_dijkstra,od1_sinnonhyeon_suseo,long,peak,8.0,13,1676.5988,1210.056,466.5428,1266.0042,1066.4755,9210.2,17,True,80,2,5,73,342695->342700->343100->342865->340641->340704->341588->343777->340703->342671->340702->341790->341589->340701->563070->340700->341581->341792->342664->341793->341587->341794->342634->340699->342632->343072->341795->341544->341796->343669->341798->342622->341797->341771->341545->341772->646612->341541->340708->646354->342633->342626->344210->341542->341773->341547->563166->341548->340707->343666->343075->341543->588052->341499->344500->342607->587988->342821->341768->646932->341500->341501->343078->647029->647031->647028->647033->342043->338909->338898->338897->340035->338396->338397->338402->338405->338404->338391->338773->613666->613667
shortest_dijkstra,od1_sinnonhyeon_suseo,long,peak,8.0,14,1761.469,1203.1626,558.3064,1191.1555,1276.2389,9210.2,19,True,80,2,5,73,342695->342700->343100->342865->340641->340704->341588->343777->340703->342671->340702->341790->341589->340701->563070->340700->341581->341792->342664->341793->341587->341794->342634->340699->342632->343072->341795->341544->341796->343669->341798->342622->341797->341771->341545->341772->646612->341541->340708->646354->342633->342626->344210->341542->341773->341547->563166->341548->340707->343666->343075->341543->588052->341499->344500->342607->587988->342821->341768->646932->341500->341501->343078->647029->647031->647028->647033->342043->338909->338898->338897->340035->338396->338397->338402->338405->338404->338391->338773->613666->613667
shortest_dijkstra,od1_sinnonhyeon_suseo,long,peak,8.0,15,1744.6915,1193.3661,551.3254,1215.4593,1260.2809,9210.2,19,True,80,2,5,73,342695->342700->343100->342865->340641->340704->341588->343777->340703->342671->340702->341790->341589->340701->563070->340700->341581->341792->342664->341793->341587->341794->342634->340699->342632->343072->341795->341544->341796->343669->341798->342622->341797->341771->341545->341772->646612->341541->340708->646354->342633->342626->344210->341542->341773->341547->563166->341548->340707->343666->343075->341543->588052->341499->344500->342607->587988->342821->341768->646932->341500->341501->343078->647029->647031->647028->647033->342043->338909->338898->338897->340035->338396->338397->338402->338405->338404->338391->338773->613666->613667
shortest_dijkstra,od1_sinnonhyeon_suseo,long,peak,8.0,16,1676.6201,1199.9823,476.6378,1164.1605,1089.5516,9210.2,18,True,80,2,5,73,342695->342700->343100->342865->340641->340704->341588->343777->340703->342671->340702->341790->341589->340701->563070->340700->341581->341792->342664->341793->341587->341794->342634->340699->342632->343072->341795->341544->341796->343669->341798->342622->341797->341771->341545->341772->646612->341541->340708->646354->342633->342626->344210->341542->341773->341547->563166->341548->340707->343666->343075->341543->588052->341499->344500->342607->587988->342821->341768->646932->341500->341501->343078->647029->647031->647028->647033->342043->338909->338898->338897->340035->338396->338397->338402->338405->338404->338391->338773->613666->613667
shortest_dijkstra,od1_sinnonhyeon_suseo,long,peak,8.0,17,1679.953,1205.1508,474.8022,1192.6554,1085.3556,9210.2,17,True,80,2,5,73,342695->342700->343100->342865->340641->340704->341588->343777->340703->342671->340702->341790->341589->340701->563070->340700->341581->341792->342664->341793->341587->341794->342634->340699->342632->343072->341795->341544->341796->343669->341798->342622->341797->341771->341545->341772->646612->341541->340708->646354->342633->342626->344210->341542->341773->341547->563166->341548->340707->343666->343075->341543->588052->341499->344500->342607->587988->342821->341768->646932->341500->341501->343078->647029->647031->647028->647033->342043->338909->338898->338897->340035->338396->338397->338402->338405->338404->338391->338773->613666->613667
shortest_dijkstra,od1_sinnonhyeon_suseo,long,peak,8.0,18,1701.8088,1237.2477,464.561,1268.2023,1061.9453,9210.2,17,True,80,2,5,73,342695->342700->343100->342865->340641->340704->341588->343777->340703->342671->340702->341790->341589->340701->563070->340700->341581->341792->342664->341793->341587->341794->342634->340699->342632->343072->341795->341544->341796->343669->341798->342622->341797->341771->341545->341772->646612->341541->340708->646354->342633->342626->344210->341542->341773->341547->563166->341548->340707->343666->343075->341543->588052->341499->344500->342607->587988->342821->341768->646932->341500->341501->343078->647029->647031->647028->647033->342043->338909->338898->338897->340035->338396->338397->338402->338405->338404->338391->338773->613666->613667
shortest_dijkstra,od1_sinnonhyeon_suseo,long,peak,8.0,19,1668.2296,1187.0232,481.2065,1196.0717,1099.9952,9210.2,17,True,80,2,5,73,342695->342700->343100->342865->340641->340704->341588->343777->340703->342671->340702->341790->341589->340701->563070->340700->341581->341792->342664->341793->341587->341794->342634->340699->342632->343072->341795->341544->341796->343669->341798->342622->341797->341771->341545->341772->646612->341541->340708->646354->342633->342626->344210->341542->341773->341547->563166->341548->340707->343666->343075->341543->588052->341499->344500->342607->587988->342821->341768->646932->341500->341501->343078->647029->647031->647028->647033->342043->338909->338898->338897->340035->338396->338397->338402->338405->338404->338391->338773->613666->613667
shortest_dijkstra,od1_sinnonhyeon_suseo,long,peak,8.0,20,1725.2161,1171.6555,553.5605,1195.9868,1265.3903,9210.2,19,True,80,2,5,73,342695->342700->343100->342865->340641->340704->341588->343777->340703->342671->340702->341790->341589->340701->563070->340700->341581->341792->342664->341793->341587->341794->342634->340699->342632->343072->341795->341544->341796->343669->341798->342622->341797->341771->341545->341772->646612->341541->340708->646354->342633->342626->344210->341542->341773->341547->563166->341548->340707->343666->343075->341543->588052->341499->344500->342607->587988->342821->341768->646932->341500->341501->343078->647029->647031->647028->647033->342043->338909->338898->338897->340035->338396->338397->338402->338405->338404->338391->338773->613666->613667
shortest_dijkstra,od1_sinnonhyeon_suseo,long,peak,8.0,21,1644.4768,1150.1812,494.2956,1155.6649,1129.9159,9210.2,17,True,80,2,5,73,342695->342700->343100->342865->340641->340704->341588->343777->340703->342671->340702->341790->341589->340701->563070->340700->341581->341792->342664->341793->341587->341794->342634->340699->342632->343072->341795->341544->341796->343669->341798->342622->341797->341771->341545->341772->646612->341541->340708->646354->342633->342626->344210->341542->341773->341547->563166->341548->340707->343666->343075->341543->588052->341499->344500->342607->587988->342821->341768->646932->341500->341501->343078->647029->647031->647028->647033->342043->338909->338898->338897->340035->338396->338397->338402->338405->338404->338391->338773->613666->613667
shortest_dijkstra,od1_sinnonhyeon_suseo,long,peak,8.0,22,1790.3744,1225.1431,565.2313,1170.3953,1292.0687,9210.2,19,True,80,2,5,73,342695->342700->343100->342865->340641->340704->341588->343777->340703->342671->340702->341790->341589->340701->563070->340700->341581->341792->342664->341793->341587->341794->342634->340699->342632->343072->341795->341544->341796->343669->341798->342622->341797->341771->341545->341772->646612->341541->340708->646354->342633->342626->344210->341542->341773->341547->563166->341548->340707->343666->343075->341543->588052->341499->344500->342607->587988->342821->341768->646932->341500->341501->343078->647029->647031->647028->647033->342043->338909->338898->338897->340035->338396->338397->338402->338405->338404->338391->338773->613666->613667
shortest_dijkstra,od1_sinnonhyeon_suseo,long,peak,8.0,23,1770.0572,1213.3216,556.7356,1216.0387,1272.6481,9210.2,19,True,80,2,5,73,342695->342700->343100->342865->340641->340704->341588->343777->340703->342671->340702->341790->341589->340701->563070->340700->341581->341792->342664->341793->341587->341794->342634->340699->342632->343072->341795->341544->341796->343669->341798->342622->341797->341771->341545->341772->646612->341541->340708->646354->342633->342626->344210->341542->341773->341547->563166->341548->340707->343666->343075->341543->588052->341499->344500->342607->587988->342821->341768->646932->341500->341501->343078->647029->647031->647028->647033->342043->338909->338898->338897->340035->338396->338397->338402->338405->338404->338391->338773->613666->613667
shortest_dijkstra,od1_sinnonhyeon_suseo,long,peak,8.0,24,1643.1862,1170.0238,473.1625,1145.1438,1081.6074,9210.2,17,True,80,2,5,73,342695->342700->343100->342865->340641->340704->341588->343777->340703->342671->340702->341790->341589->340701->563070->340700->341581->341792->342664->341793->341587->341794->342634->340699->342632->343072->341795->341544->341796->343669->341798->342622->341797->341771->341545->341772->646612->341541->340708->646354->342633->342626->344210->341542->341773->341547->563166->341548->340707->343666->343075->341543->588052->341499->344500->342607->587988->342821->341768->646932->341500->341501->343078->647029->647031->647028->647033->342043->338909->338898->338897->340035->338396->338397->338402->338405->338404->338391->338773->613666->613667
shortest_dijkstra,od1_sinnonhyeon_suseo,long,peak,8.0,25,1724.7287,1173.8717,550.8571,1236.642,1259.2103,9210.2,19,True,80,2,5,73,342695->342700->343100->342865->340641->340704->341588->343777->340703->342671->340702->341790->341589->340701->563070->340700->341581->341792->342664->341793->341587->341794->342634->340699->342632->343072->341795->341544->341796->343669->341798->342622->341797->341771->341545->341772->646612->341541->340708->646354->342633->342626->344210->341542->341773->341547->563166->341548->340707->343666->343075->341543->588052->341499->344500->342607->587988->342821->341768->646932->341500->341501->343078->647029->647031->647028->647033->342043->338909->338898->338897->340035->338396->338397->338402->338405->338404->338391->338773->613666->613667
shortest_dijkstra,od1_sinnonhyeon_suseo,long,peak,8.0,26,1809.3808,1254.7986,554.5823,1191.0441,1267.7258,9210.2,19,True,80,2,5,73,342695->342700->343100->342865->340641->340704->341588->343777->340703->342671->340702->341790->341589->340701->563070->340700->341581->341792->342664->341793->341587->341794->342634->340699->342632->343072->341795->341544->341796->343669->341798->342622->341797->341771->341545->341772->646612->341541->340708->646354->342633->342626->344210->341542->341773->341547->563166->341548->340707->343666->343075->341543->588052->341499->344500->342607->587988->342821->341768->646932->341500->341501->343078->647029->647031->647028->647033->342043->338909->338898->338897->340035->338396->338397->338402->338405->338404->338391->338773->613666->613667
shortest_dijkstra,od1_sinnonhyeon_suseo,long,peak,8.0,27,1679.8091,1192.704,487.1051,1214.183,1113.4789,9210.2,18,True,80,2,5,73,342695->342700->343100->342865->340641->340704->341588->343777->340703->342671->340702->341790->341589->340701->563070->340700->341581->341792->342664->341793->341587->341794->342634->340699->342632->343072->341795->341544->341796->343669->341798->342622->341797->341771->341545->341772->646612->341541->340708->646354->342633->342626->344210->341542->341773->341547->563166->341548->340707->343666->343075->341543->588052->341499->344500->342607->587988->342821->341768->646932->341500->341501->343078->647029->647031->647028->647033->342043->338909->338898->338897->340035->338396->338397->338402->338405->338404->338391->338773->613666->613667
shortest_dijkstra,od1_sinnonhyeon_suseo,long,peak,8.0,28,1666.9342,1174.4467,492.4875,1162.5368,1125.7828,9210.2,18,True,80,2,5,73,342695->342700->343100->342865->340641->340704->341588->343777->340703->342671->340702->341790->341589->340701->563070->340700->341581->341792->342664->341793->341587->341794->342634->340699->342632->343072->341795->341544->341796->343669->341798->342622->341797->341771->341545->341772->646612->341541->340708->646354->342633->342626->344210->341542->341773->341547->563166->341548->340707->343666->343075->341543->588052->341499->344500->342607->587988->342821->341768->646932->341500->341501->343078->647029->647031->647028->647033->342043->338909->338898->338897->340035->338396->338397->338402->338405->338404->338391->338773->613666->613667
shortest_dijkstra,od1_sinnonhyeon_suseo,long,peak,8.0,29,1677.2217,1194.9994,482.2223,1187.8981,1102.3174,9210.2,18,True,80,2,5,73,342695->342700->343100->342865->340641->340704->341588->343777->340703->342671->340702->341790->341589->340701->563070->340700->341581->341792->342664->341793->341587->341794->342634->340699->342632->343072->341795->341544->341796->343669->341798->342622->341797->341771->341545->341772->646612->341541->340708->646354->342633->342626->344210->341542->341773->341547->563166->341548->340707->343666->343075->341543->588052->341499->344500->342607->587988->342821->341768->646932->341500->341501->343078->647029->647031->647028->647033->342043->338909->338898->338897->340035->338396->338397->338402->338405->338404->338391->338773->613666->613667
shortest_dijkstra,od1_sinnonhyeon_suseo,long,peak,8.0,30,1756.2895,1209.5659,546.7236,1199.2817,1249.7616,9210.2,19,True,80,2,5,73,342695->342700->343100->342865->340641->340704->341588->343777->340703->342671->340702->341790->341589->340701->563070->340700->341581->341792->342664->341793->341587->341794->342634->340699->342632->343072->341795->341544->341796->343669->341798->342622->341797->341771->341545->341772->646612->341541->340708->646354->342633->342626->344210->341542->341773->341547->563166->341548->340707->343666->343075->341543->588052->341499->344500->342607->587988->342821->341768->646932->341500->341501->343078->647029->647031->647028->647033->342043->338909->338898->338897->340035->338396->338397->338402->338405->338404->338391->338773->613666->613667
shortest_dijkstra,od2_yangjae_yeongdong,long,off_peak,7.0,1,1055.0675,843.2212,211.8464,861.9265,484.262,6394.4,10,True,60,8,5,47,338734->338736->338735->338272->339089->338990->339743->340334->339307->338934->338933->338631->339979->340332->338581->338269->338705->339116->339138->338582->338268->338262->339922->340140->339002->338922->646291->338226->339093->339128->341549->342639->563096->342115->343710->341560->341518->341558->563191->341512->646737->341511->342869->341510->343158->343160->344191->344189->342755->341769->341499->341492->343516->343774->563132->646319->344219->341546->343780->342515->342812
shortest_dijkstra,od2_yangjae_yeongdong,long,off_peak,7.0,2,1060.4221,848.2398,212.1823,894.3641,485.0298,6394.4,9,True,60,8,5,47,338734->338736->338735->338272->339089->338990->339743->340334->339307->338934->338933->338631->339979->340332->338581->338269->338705->339116->339138->338582->338268->338262->339922->340140->339002->338922->646291->338226->339093->339128->341549->342639->563096->342115->343710->341560->341518->341558->563191->341512->646737->341511->342869->341510->343158->343160->344191->344189->342755->341769->341499->341492->343516->343774->563132->646319->344219->341546->343780->342515->342812
shortest_dijkstra,od2_yangjae_yeongdong,long,off_peak,7.0,3,1063.2259,870.1895,193.0365,906.2435,441.2642,6394.4,9,True,60,8,5,47,338734->338736->338735->338272->339089->338990->339743->340334->339307->338934->338933->338631->339979->340332->338581->338269->338705->339116->339138->338582->338268->338262->339922->340140->339002->338922->646291->338226->339093->339128->341549->342639->563096->342115->343710->341560->341518->341558->563191->341512->646737->341511->342869->341510->343158->343160->344191->344189->342755->341769->341499->341492->343516->343774->563132->646319->344219->341546->343780->342515->342812
shortest_dijkstra,od2_yangjae_yeongdong,long,off_peak,7.0,4,1040.0589,845.4438,194.6151,896.5543,444.8728,6394.4,11,True,60,8,5,47,338734->338736->338735->338272->339089->338990->339743->340334->339307->338934->338933->338631->339979->340332->338581->338269->338705->339116->339138->338582->338268->338262->339922->340140->339002->338922->646291->338226->339093->339128->341549->342639->563096->342115->343710->341560->341518->341558->563191->341512->646737->341511->342869->341510->343158->343160->344191->344189->342755->341769->341499->341492->343516->343774->563132->646319->344219->341546->343780->342515->342812
shortest_dijkstra,od2_yangjae_yeongdong,long,off_peak,7.0,5,1108.6933,874.7421,233.9512,967.71,534.7916,6394.4,9,True,60,8,5,47,338734->338736->338735->338272->339089->338990->339743->340334->339307->338934->338933->338631->339979->340332->338581->338269->338705->339116->339138->338582->338268->338262->339922->340140->339002->338922->646291->338226->339093->339128->341549->342639->563096->342115->343710->341560->341518->341558->563191->341512->646737->341511->342869->341510->343158->343160->344191->344189->342755->341769->341499->341492->343516->343774->563132->646319->344219->341546->343780->342515->342812
shortest_dijkstra,od2_yangjae_yeongdong,long,off_peak,7.0,6,1031.2956,827.3368,203.9588,901.3996,466.2317,6394.4,10,True,60,8,5,47,338734->338736->338735->338272->339089->338990->339743->340334->339307->338934->338933->338631->339979->340332->338581->338269->338705->339116->339138->338582->338268->338262->339922->340140->339002->338922->646291->338226->339093->339128->341549->342639->563096->342115->343710->341560->341518->341558->563191->341512->646737->341511->342869->341510->343158->343160->344191->344189->342755->341769->341499->341492->343516->343774->563132->646319->344219->341546->343780->342515->342812
shortest_dijkstra,od2_yangjae_yeongdong,long,off_peak,7.0,7,1071.7763,865.663,206.1133,877.6931,471.1567,6394.4,10,True,60,8,5,47,338734->338736->338735->338272->339089->338990->339743->340334->339307->338934->338933->338631->339979->340332->338581->338269->338705->339116->339138->338582->338268->338262->339922->340140->339002->338922->646291->338226->339093->339128->341549->342639->563096->342115->343710->341560->341518->341558->563191->341512->646737->341511->342869->341510->343158->343160->344191->344189->342755->341769->341499->341492->343516->343774->563132->646319->344219->341546->343780->342515->342812
shortest_dijkstra,od2_yangjae_yeongdong,long,off_peak,7.0,8,1052.5669,856.3284,196.2385,920.7005,448.5837,6394.4,10,True,60,8,5,47,338734->338736->338735->338272->339089->338990->339743->340334->339307->338934->338933->338631->339979->340332->338581->338269->338705->339116->339138->338582->338268->338262->339922->340140->339002->338922->646291->338226->339093->339128->341549->342639->563096->342115->343710->341560->341518->341558->563191->341512->646737->341511->342869->341510->343158->343160->344191->344189->342755->341769->341499->341492->343516->343774->563132->646319->344219->341546->343780->342515->342812
shortest_dijkstra,od2_yangjae_yeongdong,long,off_peak,7.0,9,1033.8064,827.1578,206.6486,874.3973,472.3803,6394.4,10,True,60,8,5,47,338734->338736->338735->338272->339089->338990->339743->340334->339307->338934->338933->338631->339979->340332->338581->338269->338705->339116->339138->338582->338268->338262->339922->340140->339002->338922->646291->338226->339093->339128->341549->342639->563096->342115->343710->341560->341518->341558->563191->341512->646737->341511->342869->341510->343158->343160->344191->344189->342755->341769->341499->341492->343516->343774->563132->646319->344219->341546->343780->342515->342812
shortest_dijkstra,od2_yangjae_yeongdong,long,off_peak,7.0,10,1048.2266,838.9611,209.2655,866.1507,478.3622,6394.4,10,True,60,8,5,47,338734->338736->338735->338272->339089->338990->339743->340334->339307->338934->338933->338631->339979->340332->338581->338269->338705->339116->339138->338582->338268->338262->339922->340140->339002->338922->646291->338226->339093->339128->341549->342639->563096->342115->343710->341560->341518->341558->563191->341512->646737->341511->342869->341510->343158->343160->344191->344189->342755->341769->341499->341492->343516->343774->563132->646319->344219->341546->343780->342515->342812
shortest_dijkstra,od2_yangjae_yeongdong,long,off_peak,7.0,11,1020.2526,816.8296,203.423,891.8914,465.0069,6394.4,10,True,60,8,5,47,338734->338736->338735->338272->339089->338990->339743->340334->339307->338934->338933->338631->339979->340332->338581->338269->338705->339116->339138->338582->338268->338262->339922->340140->339002->338922->646291->338226->339093->339128->341549->342639->563096->342115->343710->341560->341518->341558->563191->341512->646737->341511->342869->341510->343158->343160->344191->344189->342755->341769->341499->341492->343516->343774->563132->646319->344219->341546->343780->342515->342812
shortest_dijkstra,od2_yangjae_yeongdong,long,off_peak,7.0,12,1064.6958,863.7257,200.9701,881.7428,459.3999,6394.4,10,True,60,8,5,47,338734->338736->338735->338272->339089->338990->339743->340334->339307->338934->338933->338631->339979->340332->338581->338269->338705->339116->339138->338582->338268->338262->339922->340140->339002->338922->646291->338226->339093->339128->341549->342639->563096->342115->343710->341560->341518->341558->563191->341512->646737->341511->342869->341510->343158->343160->344191->344189->342755->341769->341499->341492->343516->343774->563132->646319->344219->341546->343780->342515->342812
shortest_dijkstra,od2_yangjae_yeongdong,long,off_peak,7.0,13,1026.4905,819.6827,206.8077,872.4835,472.7441,6394.4,10,True,60,8,5,47,338734->338736->338735->338272->339089->338990->339743->340334->339307->338934->338933->338631->339979->340332->338581->338269->338705->339116->339138->338582->338268->338262->339922->340140->339002->338922->646291->338226->339093->339128->341549->342639->563096->342115->343710->341560->341518->341558->563191->341512->646737->341511->342869->341510->343158->343160->344191->344189->342755->341769->341499->341492->343516->343774->563132->646319->344219->341546->343780->342515->342812
shortest_dijkstra,od2_yangjae_yeongdong,long,off_peak,7.0,14,1033.988,818.3415,215.6466,858.6743,492.9489,6394.4,9,True,60,8,5,47,338734->338736->338735->338272->339089->338990->339743->340334->339307->338934->338933->338631->339979->340332->338581->338269->338705->339116->339138->338582->338268->338262->339922->340140->339002->338922->646291->338226->339093->339128->341549->342639->563096->342115->343710->341560->341518->341558->563191->341512->646737->341511->342869->341510->343158->343160->344191->344189->342755->341769->341499->341492->343516->343774->563132->646319->344219->341546->343780->342515->342812
shortest_dijkstra,od2_yangjae_yeongdong,long,off_peak,7.0,15,1069.6094,861.3348,208.2747,871.3578,476.0974,6394.4,11,True,60,8,5,47,338734->338736->338735->338272->339089->338990->339743->340334->339307->338934->338933->338631->339979->340332->338581->338269->338705->339116->339138->338582->338268->338262->339922->340140->339002->338922->646291->338226->339093->339128->341549->342639->563096->342115->343710->341560->341518->341558->563191->341512->646737->341511->342869->341510->343158->343160->344191->344189->342755->341769->341499->341492->343516->343774->563132->646319->344219->341546->343780->342515->342812
shortest_dijkstra,od2_yangjae_yeongdong,long,off_peak,7.0,16,1049.447,841.7948,207.6522,876.9663,474.6744,6394.4,10,True,60,8,5,47,338734->338736->338735->338272->339089->338990->339743->340334->339307->338934->338933->338631->339979->340332->338581->338269->338705->339116->339138->338582->338268->338262->339922->340140->339002->338922->646291->338226->339093->339128->341549->342639->563096->342115->343710->341560->341518->341558->563191->341512->646737->341511->342869->341510->343158->343160->344191->344189->342755->341769->341499->341492->343516->343774->563132->646319->344219->341546->343780->342515->342812
shortest_dijkstra,od2_yangjae_yeongdong,long,off_peak,7.0,17,1026.8532,841.9622,184.891,927.2788,422.6444,6394.4,9,True,60,8,5,47,338734->338736->338735->338272->339089->338990->339743->340334->339307->338934->338933->338631->339979->340332->338581->338269->338705->339116->339138->338582->338268->338262->339922->340140->339002->338922->646291->338226->339093->339128->341549->342639->563096->342115->343710->341560->341518->341558->563191->341512->646737->341511->342869->341510->343158->343160->344191->344189->342755->341769->341499->341492->343516->343774->563132->646319->344219->341546->343780->342515->342812
shortest_dijkstra,od2_yangjae_yeongdong,long,off_peak,7.0,18,1066.6611,859.307,207.3541,900.4418,473.9931,6394.4,11,True,60,8,5,47,338734->338736->338735->338272->339089->338990->339743->340334->339307->338934->338933->338631->339979->340332->338581->338269->338705->339116->339138->338582->338268->338262->339922->340140->339002->338922->646291->338226->339093->339128->341549->342639->563096->342115->343710->341560->341518->341558->563191->341512->646737->341511->342869->341510->343158->343160->344191->344189->342755->341769->341499->341492->343516->343774->563132->646319->344219->341546->343780->342515->342812
shortest_dijkstra,od2_yangjae_yeongdong,long,off_peak,7.0,19,1065.6023,866.8246,198.7777,884.7992,454.3882,6394.4,10,True,60,8,5,47,338734->338736->338735->338272->339089->338990->339743->340334->339307->338934->338933->338631->339979->340332->338581->338269->338705->339116->339138->338582->338268->338262->339922->340140->339002->338922->646291->338226->339093->339128->341549->342639->563096->342115->343710->341560->341518->341558->563191->341512->646737->341511->342869->341510->343158->343160->344191->344189->342755->341769->341499->341492->343516->343774->563132->646319->344219->341546->343780->342515->342812
shortest_dijkstra,od2_yangjae_yeongdong,long,off_peak,7.0,20,1102.6909,838.995,263.6959,904.6301,602.7854,6394.4,11,True,60,8,5,47,338734->338736->338735->338272->339089->338990->339743->340334->339307->338934->338933->338631->339979->340332->338581->338269->338705->339116->339138->338582->338268->338262->339922->340140->339002->338922->646291->338226->339093->339128->341549->342639->563096->342115->343710->341560->341518->341558->563191->341512->646737->341511->342869->341510->343158->343160->344191->344189->342755->341769->341499->341492->343516->343774->563132->646319->344219->341546->343780->342515->342812
shortest_dijkstra,od2_yangjae_yeongdong,long,off_peak,7.0,21,1019.8908,829.1184,190.7724,924.4777,436.0889,6394.4,8,True,60,8,5,47,338734->338736->338735->338272->339089->338990->339743->340334->339307->338934->338933->338631->339979->340332->338581->338269->338705->339116->339138->338582->338268->338262->339922->340140->339002->338922->646291->338226->339093->339128->341549->342639->563096->342115->343710->341560->341518->341558->563191->341512->646737->341511->342869->341510->343158->343160->344191->344189->342755->341769->341499->341492->343516->343774->563132->646319->344219->341546->343780->342515->342812
shortest_dijkstra,od2_yangjae_yeongdong,long,off_peak,7.0,22,1057.7231,859.4481,198.275,903.5546,453.2391,6394.4,9,True,60,8,5,47,338734->338736->338735->338272->339089->338990->339743->340334->339307->338934->338933->338631->339979->340332->338581->338269->338705->339116->339138->338582->338268->338262->339922->340140->339002->338922->646291->338226->339093->339128->341549->342639->563096->342115->343710->341560->341518->341558->563191->341512->646737->341511->342869->341510->343158->343160->344191->344189->342755->341769->341499->341492->343516->343774->563132->646319->344219->341546->343780->342515->342812
shortest_dijkstra,od2_yangjae_yeongdong,long,off_peak,7.0,23,1010.8924,804.2234,206.669,877.0353,472.4269,6394.4,10,True,60,8,5,47,338734->338736->338735->338272->339089->338990->339743->340334->339307->338934->338933->338631->339979->340332->338581->338269->338705->339116->339138->338582->338268->338262->339922->340140->339002->338922->646291->338226->339093->339128->341549->342639->563096->342115->343710->341560->341518->341558->563191->341512->646737->341511->342869->341510->343158->343160->344191->344189->342755->341769->341499->341492->343516->343774->563132->646319->344219->341546->343780->342515->342812
shortest_dijkstra,od2_yangjae_yeongdong,long,off_peak,7.0,24,1037.2602,827.5015,209.7587,864.721,479.4898,6394.4,11,True,60,8,5,47,338734->338736->338735->338272->339089->338990->339743->340334->339307->338934->338933->338631->339979->340332->338581->338269->338705->339116->339138->338582->338268->338262->339922->340140->339002->338922->646291->338226->339093->339128->341549->342639->563096->342115->343710->341560->341518->341558->563191->341512->646737->341511->342869->341510->343158->343160->344191->344189->342755->341769->341499->341492->343516->343774->563132->646319->344219->341546->343780->342515->342812
shortest_dijkstra,od2_yangjae_yeongdong,long,off_peak,7.0,25,1037.8179,840.3757,197.4422,912.8339,451.3354,6394.4,9,True,60,8,5,47,338734->338736->338735->338272->339089->338990->339743->340334->339307->338934->338933->338631->339979->340332->338581->338269->338705->339116->339138->338582->338268->338262->339922->340140->339002->338922->646291->338226->339093->339128->341549->342639->563096->342115->343710->341560->341518->341558->563191->341512->646737->341511->342869->341510->343158->343160->344191->344189->342755->341769->341499->341492->343516->343774->563132->646319->344219->341546->343780->342515->342812
shortest_dijkstra,od2_yangjae_yeongdong,long,off_peak,7.0,26,1022.1902,828.8674,193.3228,909.423,441.9188,6394.4,9,True,60,8,5,47,338734->338736->338735->338272->339089->338990->339743->340334->339307->338934->338933->338631->339979->340332->338581->338269->338705->339116->339138->338582->338268->338262->339922->340140->339002->338922->646291->338226->339093->339128->341549->342639->563096->342115->343710->341560->341518->341558->563191->341512->646737->341511->342869->341510->343158->343160->344191->344189->342755->341769->341499->341492->343516->343774->563132->646319->344219->341546->343780->342515->342812
shortest_dijkstra,od2_yangjae_yeongdong,long,off_peak,7.0,27,1064.9952,849.8382,215.1571,845.0429,491.83,6394.4,11,True,60,8,5,47,338734->338736->338735->338272->339089->338990->339743->340334->339307->338934->338933->338631->339979->340332->338581->338269->338705->339116->339138->338582->338268->338262->339922->340140->339002->338922->646291->338226->339093->339128->341549->342639->563096->342115->343710->341560->341518->341558->563191->341512->646737->341511->342869->341510->343158->343160->344191->344189->342755->341769->341499->341492->343516->343774->563132->646319->344219->341546->343780->342515->342812
shortest_dijkstra,od2_yangjae_yeongdong,long,off_peak,7.0,28,1041.2526,869.6737,171.5789,949.6506,392.2141,6394.4,9,True,60,8,5,47,338734->338736->338735->338272->339089->338990->339743->340334->339307->338934->338933->338631->339979->340332->338581->338269->338705->339116->339138->338582->338268->338262->339922->340140->339002->338922->646291->338226->339093->339128->341549->342639->563096->342115->343710->341560->341518->341558->563191->341512->646737->341511->342869->341510->343158->343160->344191->344189->342755->341769->341499->341492->343516->343774->563132->646319->344219->341546->343780->342515->342812
shortest_dijkstra,od2_yangjae_yeongdong,long,off_peak,7.0,29,1101.9107,843.0653,258.8454,934.3553,591.6976,6394.4,11,True,60,8,5,47,338734->338736->338735->338272->339089->338990->339743->340334->339307->338934->338933->338631->339979->340332->338581->338269->338705->339116->339138->338582->338268->338262->339922->340140->339002->338922->646291->338226->339093->339128->341549->342639->563096->342115->343710->341560->341518->341558->563191->341512->646737->341511->342869->341510->343158->343160->344191->344189->342755->341769->341499->341492->343516->343774->563132->646319->344219->341546->343780->342515->342812
shortest_dijkstra,od2_yangjae_yeongdong,long,off_peak,7.0,30,1038.3067,855.1739,183.1328,926.781,418.6253,6394.4,9,True,60,8,5,47,338734->338736->338735->338272->339089->338990->339743->340334->339307->338934->338933->338631->339979->340332->338581->338269->338705->339116->339138->338582->338268->338262->339922->340140->339002->338922->646291->338226->339093->339128->341549->342639->563096->342115->343710->341560->341518->341558->563191->341512->646737->341511->342869->341510->343158->343160->344191->344189->342755->341769->341499->341492->343516->343774->563132->646319->344219->341546->343780->342515->342812
shortest_dijkstra,od2_yangjae_yeongdong,long,peak,8.0,1,1129.0912,859.3325,269.7587,972.4461,616.6445,6394.4,12,True,60,8,5,47,338734->338736->338735->338272->339089->338990->339743->340334->339307->338934->338933->338631->339979->340332->338581->338269->338705->339116->339138->338582->338268->338262->339922->340140->339002->338922->646291->338226->339093->339128->341549->342639->563096->342115->343710->341560->341518->341558->563191->341512->646737->341511->342869->341510->343158->343160->344191->344189->342755->341769->341499->341492->343516->343774->563132->646319->344219->341546->343780->342515->342812
shortest_dijkstra,od2_yangjae_yeongdong,long,peak,8.0,2,1112.4664,863.2917,249.1747,1024.3797,569.5912,6394.4,11,True,60,8,5,47,338734->338736->338735->338272->339089->338990->339743->340334->339307->338934->338933->338631->339979->340332->338581->338269->338705->339116->339138->338582->338268->338262->339922->340140->339002->338922->646291->338226->339093->339128->341549->342639->563096->342115->343710->341560->341518->341558->563191->341512->646737->341511->342869->341510->343158->343160->344191->344189->342755->341769->341499->341492->343516->343774->563132->646319->344219->341546->343780->342515->342812
shortest_dijkstra,od2_yangjae_yeongdong,long,peak,8.0,3,1094.5475,839.1122,255.4353,1004.0841,583.9025,6394.4,13,True,60,8,5,47,338734->338736->338735->338272->339089->338990->339743->340334->339307->338934->338933->338631->339979->340332->338581->338269->338705->339116->339138->338582->338268->338262->339922->340140->339002->338922->646291->338226->339093->339128->341549->342639->563096->342115->343710->341560->341518->341558->563191->341512->646737->341511->342869->341510->343158->343160->344191->344189->342755->341769->341499->341492->343516->343774->563132->646319->344219->341546->343780->342515->342812
shortest_dijkstra,od2_yangjae_yeongdong,long,peak,8.0,4,1129.3602,870.3288,259.0314,1022.8617,592.1228,6394.4,11,True,60,8,5,47,338734->338736->338735->338272->339089->338990->339743->340334->339307->338934->338933->338631->339979->340332->338581->338269->338705->339116->339138->338582->338268->338262->339922->340140->339002->338922->646291->338226->339093->339128->341549->342639->563096->342115->343710->341560->341518->341558->563191->341512->646737->341511->342869->341510->343158->343160->344191->344189->342755->341769->341499->341492->343516->343774->563132->646319->344219->341546->343780->342515->342812
shortest_dijkstra,od2_yangjae_yeongdong,long,peak,8.0,5,1102.7929,840.4392,262.3537,1001.4464,599.7173,6394.4,12,True,60,8,5,47,338734->338736->338735->338272->339089->338990->339743->340334->339307->338934->338933->338631->339979->340332->338581->338269->338705->339116->339138->338582->338268->338262->339922->340140->339002->338922->646291->338226->339093->339128->341549->342639->563096->342115->343710->341560->341518->341558->563191->341512->646737->341511->342869->341510->343158->343160->344191->344189->342755->341769->341499->341492->343516->343774->563132->646319->344219->341546->343780->342515->342812
shortest_dijkstra,od2_yangjae_yeongdong,long,peak,8.0,6,1083.2667,817.31,265.9567,981.4883,607.9534,6394.4,12,True,60,8,5,47,338734->338736->338735->338272->339089->338990->339743->340334->339307->338934->338933->338631->339979->340332->338581->338269->338705->339116->339138->338582->338268->338262->339922->340140->339002->338922->646291->338226->339093->339128->341549->342639->563096->342115->343710->341560->341518->341558->563191->341512->646737->341511->342869->341510->343158->343160->344191->344189->342755->341769->341499->341492->343516->343774->563132->646319->344219->341546->343780->342515->342812
shortest_dijkstra,od2_yangjae_yeongdong,long,peak,8.0,7,1101.1805,852.1455,249.035,1013.4373,569.2718,6394.4,12,True,60,8,5,47,338734->338736->338735->338272->339089->338990->339743->340334->339307->338934->338933->338631->339979->340332->338581->338269->338705->339116->339138->338582->338268->338262->339922->340140->339002->338922->646291->338226->339093->339128->341549->342639->563096->342115->343710->341560->341518->341558->563191->341512->646737->341511->342869->341510->343158->343160->344191->344189->342755->341769->341499->341492->343516->343774->563132->646319->344219->341546->343780->342515->342812
shortest_dijkstra,od2_yangjae_yeongdong,long,peak,8.0,8,1109.8953,835.5296,274.3657,964.1882,627.1757,6394.4,13,True,60,8,5,47,338734->338736->338735->338272->339089->338990->339743->340334->339307->338934->338933->338631->339979->340332->338581->338269->338705->339116->339138->338582->338268->338262->339922->340140->339002->338922->646291->338226->339093->339128->341549->342639->563096->342115->343710->341560->341518->341558->563191->341512->646737->341511->342869->341510->343158->343160->344191->344189->342755->341769->341499->341492->343516->343774->563132->646319->344219->341546->343780->342515->342812
shortest_dijkstra,od2_yangjae_yeongdong,long,peak,8.0,9,1089.3065,836.2523,253.0542,1006.4734,578.4594,6394.4,10,True,60,8,5,47,338734->338736->338735->338272->339089->338990->339743->340334->339307->338934->338933->338631->339979->340332->338581->338269->338705->339116->339138->338582->338268->338262->339922->340140->339002->338922->646291->338226->339093->339128->341549->342639->563096->342115->343710->341560->341518->341558->563191->341512->646737->341511->342869->341510->343158->343160->344191->344189->342755->341769->341499->341492->343516->343774->563132->646319->344219->341546->343780->342515->342812
shortest_dijkstra,od2_yangjae_yeongdong,long,peak,8.0,10,1117.6282,896.8855,220.7427,1081.0384,504.5983,6394.4,12,True,60,8,5,47,338734->338736->338735->338272->339089->338990->339743->340334->339307->338934->338933->338631->339979->340332->338581->338269->338705->339116->339138->338582->338268->338262->339922->340140->339002->338922->646291->338226->339093->339128->341549->342639->563096->342115->343710->341560->341518->341558->563191->341512->646737->341511->342869->341510->343158->343160->344191->344189->342755->341769->341499->341492->343516->343774->563132->646319->344219->341546->343780->342515->342812
shortest_dijkstra,od2_yangjae_yeongdong,long,peak,8.0,11,1105.6516,868.9761,236.6755,1046.5897,541.0192,6394.4,11,True,60,8,5,47,338734->338736->338735->338272->339089->338990->339743->340334->339307->338934->338933->338631->339979->340332->338581->338269->338705->339116->339138->338582->338268->338262->339922->340140->339002->338922->646291->338226->339093->339128->341549->342639->563096->342115->343710->341560->341518->341558->563191->341512->646737->341511->342869->341510->343158->343160->344191->344189->342755->341769->341499->341492->343516->343774->563132->646319->344219->341546->343780->342515->342812
shortest_dijkstra,od2_yangjae_yeongdong,long,peak,8.0,12,1099.8962,855.4713,244.4249,1035.5715,558.7336,6394.4,9,True,60,8,5,47,338734->338736->338735->338272->339089->338990->339743->340334->339307->338934->338933->338631->339979->340332->338581->338269->338705->339116->339138->338582->338268->338262->339922->340140->339002->338922->646291->338226->339093->339128->341549->342639->563096->342115->343710->341560->341518->341558->563191->341512->646737->341511->342869->341510->343158->343160->344191->344189->342755->341769->341499->341492->343516->343774->563132->646319->344219->341546->343780->342515->342812
shortest_dijkstra,od2_yangjae_yeongdong,long,peak,8.0,13,1097.1256,816.8499,280.2757,950.2404,640.6853,6394.4,12,True,60,8,5,47,338734->338736->338735->338272->339089->338990->339743->340334->339307->338934->338933->338631->339979->340332->338581->338269->338705->339116->339138->338582->338268->338262->339922->340140->339002->338922->646291->338226->339093->339128->341549->342639->563096->342115->343710->341560->341518->341558->563191->341512->646737->341511->342869->341510->343158->343160->344191->344189->342755->341769->341499->341492->343516->343774->563132->646319->344219->341546->343780->342515->342812
shortest_dijkstra,od2_yangjae_yeongdong,long,peak,8.0,14,1106.4291,846.1394,260.2897,1019.7022,594.9992,6394.4,12,True,60,8,5,47,338734->338736->338735->338272->339089->338990->339743->340334->339307->338934->338933->338631->339979->340332->338581->338269->338705->339116->339138->338582->338268->338262->339922->340140->339002->338922->646291->338226->339093->339128->341549->342639->563096->342115->343710->341560->341518->341558->563191->341512->646737->341511->342869->341510->343158->343160->344191->344189->342755->341769->341499->341492->343516->343774->563132->646319->344219->341546->343780->342515->342812
shortest_dijkstra,od2_yangjae_yeongdong,long,peak,8.0,15,1105.0742,834.0875,270.9867,960.6023,619.4515,6394.4,10,True,60,8,5,47,338734->338736->338735->338272->339089->338990->339743->340334->339307->338934->338933->338631->339979->340332->338581->338269->338705->339116->339138->338582->338268->338262->339922->340140->339002->338922->646291->338226->339093->339128->341549->342639->563096->342115->343710->341560->341518->341558->563191->341512->646737->341511->342869->341510->343158->343160->344191->344189->342755->341769->341499->341492->343516->343774->563132->646319->344219->341546->343780->342515->342812
shortest_dijkstra,od2_yangjae_yeongdong,long,peak,8.0,16,1168.6958,838.455,330.2409,993.1477,754.9013,6394.4,11,True,60,8,5,47,338734->338736->338735->338272->339089->338990->339743->340334->339307->338934->338933->338631->339979->340332->338581->338269->338705->339116->339138->338582->338268->338262->339922->340140->339002->338922->646291->338226->339093->339128->341549->342639->563096->342115->343710->341560->341518->341558->563191->341512->646737->341511->342869->341510->343158->343160->344191->344189->342755->341769->341499->341492->343516->343774->563132->646319->344219->341546->343780->342515->342812
shortest_dijkstra,od2_yangjae_yeongdong,long,peak,8.0,17,1099.4418,815.1956,284.2461,928.4295,649.7614,6394.4,13,True,60,8,5,47,338734->338736->338735->338272->339089->338990->339743->340334->339307->338934->338933->338631->339979->340332->338581->338269->338705->339116->339138->338582->338268->338262->339922->340140->339002->338922->646291->338226->339093->339128->341549->342639->563096->342115->343710->341560->341518->341558->563191->341512->646737->341511->342869->341510->343158->343160->344191->344189->342755->341769->341499->341492->343516->343774->563132->646319->344219->341546->343780->342515->342812
shortest_dijkstra,od2_yangjae_yeongdong,long,peak,8.0,18,1089.3747,822.8448,266.5299,996.639,609.2637,6394.4,11,True,60,8,5,47,338734->338736->338735->338272->339089->338990->339743->340334->339307->338934->338933->338631->339979->340332->338581->338269->338705->339116->339138->338582->338268->338262->339922->340140->339002->338922->646291->338226->339093->339128->341549->342639->563096->342115->343710->341560->341518->341558->563191->341512->646737->341511->342869->341510->343158->343160->344191->344189->342755->341769->341499->341492->343516->343774->563132->646319->344219->341546->343780->342515->342812
shortest_dijkstra,od2_yangjae_yeongdong,long,peak,8.0,19,1091.0817,846.0692,245.0125,1032.8967,560.0769,6394.4,13,True,60,8,5,47,338734->338736->338735->338272->339089->338990->339743->340334->339307->338934->338933->338631->339979->340332->338581->338269->338705->339116->339138->338582->338268->338262->339922->340140->339002->338922->646291->338226->339093->339128->341549->342639->563096->342115->343710->341560->341518->341558->563191->341512->646737->341511->342869->341510->343158->343160->344191->344189->342755->341769->341499->341492->343516->343774->563132->646319->344219->341546->343780->342515->342812
shortest_dijkstra,od2_yangjae_yeongdong,long,peak,8.0,20,1171.6743,882.4477,289.2265,1077.4262,661.1462,6394.4,13,True,60,8,5,47,338734->338736->338735->338272->339089->338990->339743->340334->339307->338934->338933->338631->339979->340332->338581->338269->338705->339116->339138->338582->338268->338262->339922->340140->339002->338922->646291->338226->339093->339128->341549->342639->563096->342115->343710->341560->341518->341558->563191->341512->646737->341511->342869->341510->343158->343160->344191->344189->342755->341769->341499->341492->343516->343774->563132->646319->344219->341546->343780->342515->342812
shortest_dijkstra,od2_yangjae_yeongdong,long,peak,8.0,21,1088.6809,849.4485,239.2323,1049.7588,546.8638,6394.4,10,True,60,8,5,47,338734->338736->338735->338272->339089->338990->339743->340334->339307->338934->338933->338631->339979->340332->338581->338269->338705->339116->339138->338582->338268->338262->339922->340140->339002->338922->646291->338226->339093->339128->341549->342639->563096->342115->343710->341560->341518->341558->563191->341512->646737->341511->342869->341510->343158->343160->344191->344189->342755->341769->341499->341492->343516->343774->563132->646319->344219->341546->343780->342515->342812
shortest_dijkstra,od2_yangjae_yeongdong,long,peak,8.0,22,1133.1456,845.4643,287.6813,925.7188,657.614,6394.4,13,True,60,8,5,47,338734->338736->338735->338272->339089->338990->339743->340334->339307->338934->338933->338631->339979->340332->338581->338269->338705->339116->339138->338582->338268->338262->339922->340140->339002->338922->646291->338226->339093->339128->341549->342639->563096->342115->343710->341560->341518->341558->563191->341512->646737->341511->342869->341510->343158->343160->344191->344189->342755->341769->341499->341492->343516->343774->563132->646319->344219->341546->343780->342515->342812
shortest_dijkstra,od2_yangjae_yeongdong,long,peak,8.0,23,1098.6786,833.2783,265.4003,974.8173,606.6816,6394.4,10,True,60,8,5,47,338734->338736->338735->338272->339089->338990->339743->340334->339307->338934->338933->338631->339979->340332->338581->338269->338705->339116->339138->338582->338268->338262->339922->340140->339002->338922->646291->338226->339093->339128->341549->342639->563096->342115->343710->341560->341518->341558->563191->341512->646737->341511->342869->341510->343158->343160->344191->344189->342755->341769->341499->341492->343516->343774->563132->646319->344219->341546->343780->342515->342812
shortest_dijkstra,od2_yangjae_yeongdong,long,peak,8.0,24,1102.3299,842.3687,259.9612,995.7937,594.2482,6394.4,13,True,60,8,5,47,338734->338736->338735->338272->339089->338990->339743->340334->339307->338934->338933->338631->339979->340332->338581->338269->338705->339116->339138->338582->338268->338262->339922->340140->339002->338922->646291->338226->339093->339128->341549->342639->563096->342115->343710->341560->341518->341558->563191->341512->646737->341511->342869->341510->343158->343160->344191->344189->342755->341769->341499->341492->343516->343774->563132->646319->344219->341546->343780->342515->342812
shortest_dijkstra,od2_yangjae_yeongdong,long,peak,8.0,25,1106.6264,852.3138,254.3126,1000.1993,581.3361,6394.4,12,True,60,8,5,47,338734->338736->338735->338272->339089->338990->339743->340334->339307->338934->338933->338631->339979->340332->338581->338269->338705->339116->339138->338582->338268->338262->339922->340140->339002->338922->646291->338226->339093->339128->341549->342639->563096->342115->343710->341560->341518->341558->563191->341512->646737->341511->342869->341510->343158->343160->344191->344189->342755->341769->341499->341492->343516->343774->563132->646319->344219->341546->343780->342515->342812
shortest_dijkstra,od2_yangjae_yeongdong,long,peak,8.0,26,1133.547,860.3576,273.1893,957.5053,624.4866,6394.4,12,True,60,8,5,47,338734->338736->338735->338272->339089->338990->339743->340334->339307->338934->338933->338631->339979->340332->338581->338269->338705->339116->339138->338582->338268->338262->339922->340140->339002->338922->646291->338226->339093->339128->341549->342639->563096->342115->343710->341560->341518->341558->563191->341512->646737->341511->342869->341510->343158->343160->344191->344189->342755->341769->341499->341492->343516->343774->563132->646319->344219->341546->343780->342515->342812
shortest_dijkstra,od2_yangjae_yeongdong,long,peak,8.0,27,1092.5541,812.3375,280.2167,939.8444,640.5504,6394.4,13,True,60,8,5,47,338734->338736->338735->338272->339089->338990->339743->340334->339307->338934->338933->338631->339979->340332->338581->338269->338705->339116->339138->338582->338268->338262->339922->340140->339002->338922->646291->338226->339093->339128->341549->342639->563096->342115->343710->341560->341518->341558->563191->341512->646737->341511->342869->341510->343158->343160->344191->344189->342755->341769->341499->341492->343516->343774->563132->646319->344219->341546->343780->342515->342812
shortest_dijkstra,od2_yangjae_yeongdong,long,peak,8.0,28,1100.0963,821.1684,278.9279,955.3356,637.6043,6394.4,13,True,60,8,5,47,338734->338736->338735->338272->339089->338990->339743->340334->339307->338934->338933->338631->339979->340332->338581->338269->338705->339116->339138->338582->338268->338262->339922->340140->339002->338922->646291->338226->339093->339128->341549->342639->563096->342115->343710->341560->341518->341558->563191->341512->646737->341511->342869->341510->343158->343160->344191->344189->342755->341769->341499->341492->343516->343774->563132->646319->344219->341546->343780->342515->342812
shortest_dijkstra,od2_yangjae_yeongdong,long,peak,8.0,29,1106.5995,846.7707,259.8288,1010.0907,593.9456,6394.4,13,True,60,8,5,47,338734->338736->338735->338272->339089->338990->339743->340334->339307->338934->338933->338631->339979->340332->338581->338269->338705->339116->339138->338582->338268->338262->339922->340140->339002->338922->646291->338226->339093->339128->341549->342639->563096->342115->343710->341560->341518->341558->563191->341512->646737->341511->342869->341510->343158->343160->344191->344189->342755->341769->341499->341492->343516->343774->563132->646319->344219->341546->343780->342515->342812
shortest_dijkstra,od2_yangjae_yeongdong,long,peak,8.0,30,1098.6272,838.7612,259.866,992.8023,594.0306,6394.4,12,True,60,8,5,47,338734->338736->338735->338272->339089->338990->339743->340334->339307->338934->338933->338631->339979->340332->338581->338269->338705->339116->339138->338582->338268->338262->339922->340140->339002->338922->646291->338226->339093->339128->341549->342639->563096->342115->343710->341560->341518->341558->563191->341512->646737->341511->342869->341510->343158->343160->344191->344189->342755->341769->341499->341492->343516->343774->563132->646319->344219->341546->343780->342515->342812
shortest_dijkstra,od3_segok_samsung,long,off_peak,7.0,1,1293.0611,1026.6785,266.3826,921.5324,608.927,7622.4,8,True,63,1,4,58,340301->340456->340502->340560->646141->587890->587891->339558->339337->111369->562926->111366->111357->111365->338931->340027->613620->613748->339941->646276->646278->646249->338395->613788->338611->613666->338773->338391->338404->338405->338402->338397->338396->340035->338897->340186->340185->587863->338279->338280->339584->339216->338356->338355->562954->562956->338344->338312->339664->339000->339297->338311->339265->338310->343919->343726->341535->341739->342112->342113->341519->343157->342801->341509
shortest_dijkstra,od3_segok_samsung,long,off_peak,7.0,2,1190.6165,1044.7493,145.8672,884.1166,333.4395,7622.4,6,True,63,1,4,58,340301->340456->340502->340560->646141->587890->587891->339558->339337->111369->562926->111366->111357->111365->338931->340027->613620->613748->339941->646276->646278->646249->338395->613788->338611->613666->338773->338391->338404->338405->338402->338397->338396->340035->338897->340186->340185->587863->338279->338280->339584->339216->338356->338355->562954->562956->338344->338312->339664->339000->339297->338311->339265->338310->343919->343726->341535->341739->342112->342113->341519->343157->342801->341509
shortest_dijkstra,od3_segok_samsung,long,off_peak,7.0,3,1374.6435,1067.9162,306.7273,1017.149,701.1514,7622.4,9,True,63,1,4,58,340301->340456->340502->340560->646141->587890->587891->339558->339337->111369->562926->111366->111357->111365->338931->340027->613620->613748->339941->646276->646278->646249->338395->613788->338611->613666->338773->338391->338404->338405->338402->338397->338396->340035->338897->340186->340185->587863->338279->338280->339584->339216->338356->338355->562954->562956->338344->338312->339664->339000->339297->338311->339265->338310->343919->343726->341535->341739->342112->342113->341519->343157->342801->341509
shortest_dijkstra,od3_segok_samsung,long,off_peak,7.0,4,1346.458,1082.0599,264.3981,962.6858,604.3905,7622.4,8,True,63,1,4,58,340301->340456->340502->340560->646141->587890->587891->339558->339337->111369->562926->111366->111357->111365->338931->340027->613620->613748->339941->646276->646278->646249->338395->613788->338611->613666->338773->338391->338404->338405->338402->338397->338396->340035->338897->340186->340185->587863->338279->338280->339584->339216->338356->338355->562954->562956->338344->338312->339664->339000->339297->338311->339265->338310->343919->343726->341535->341739->342112->342113->341519->343157->342801->341509
shortest_dijkstra,od3_segok_samsung,long,off_peak,7.0,5,1294.3235,1041.2825,253.0409,983.7357,578.4291,7622.4,8,True,63,1,4,58,340301->340456->340502->340560->646141->587890->587891->339558->339337->111369->562926->111366->111357->111365->338931->340027->613620->613748->339941->646276->646278->646249->338395->613788->338611->613666->338773->338391->338404->338405->338402->338397->338396->340035->338897->340186->340185->587863->338279->338280->339584->339216->338356->338355->562954->562956->338344->338312->339664->339000->339297->338311->339265->338310->343919->343726->341535->341739->342112->342113->341519->343157->342801->341509
shortest_dijkstra,od3_segok_samsung,long,off_peak,7.0,6,1272.1874,1017.7245,254.4629,966.5087,581.6796,7622.4,8,True,63,1,4,58,340301->340456->340502->340560->646141->587890->587891->339558->339337->111369->562926->111366->111357->111365->338931->340027->613620->613748->339941->646276->646278->646249->338395->613788->338611->613666->338773->338391->338404->338405->338402->338397->338396->340035->338897->340186->340185->587863->338279->338280->339584->339216->338356->338355->562954->562956->338344->338312->339664->339000->339297->338311->339265->338310->343919->343726->341535->341739->342112->342113->341519->343157->342801->341509
shortest_dijkstra,od3_segok_samsung,long,off_peak,7.0,7,1373.487,1050.0916,323.3954,968.0261,739.2532,7622.4,10,True,63,1,4,58,340301->340456->340502->340560->646141->587890->587891->339558->339337->111369->562926->111366->111357->111365->338931->340027->613620->613748->339941->646276->646278->646249->338395->613788->338611->613666->338773->338391->338404->338405->338402->338397->338396->340035->338897->340186->340185->587863->338279->338280->339584->339216->338356->338355->562954->562956->338344->338312->339664->339000->339297->338311->339265->338310->343919->343726->341535->341739->342112->342113->341519->343157->342801->341509
shortest_dijkstra,od3_segok_samsung,long,off_peak,7.0,8,1233.7614,1020.9448,212.8166,904.5922,486.4798,7622.4,7,True,63,1,4,58,340301->340456->340502->340560->646141->587890->587891->339558->339337->111369->562926->111366->111357->111365->338931->340027->613620->613748->339941->646276->646278->646249->338395->613788->338611->613666->338773->338391->338404->338405->338402->338397->338396->340035->338897->340186->340185->587863->338279->338280->339584->339216->338356->338355->562954->562956->338344->338312->339664->339000->339297->338311->339265->338310->343919->343726->341535->341739->342112->342113->341519->343157->342801->341509
shortest_dijkstra,od3_segok_samsung,long,off_peak,7.0,9,1334.1764,1086.7615,247.4149,978.4711,565.5685,7622.4,8,True,63,1,4,58,340301->340456->340502->340560->646141->587890->587891->339558->339337->111369->562926->111366->111357->111365->338931->340027->613620->613748->339941->646276->646278->646249->338395->613788->338611->613666->338773->338391->338404->338405->338402->338397->338396->340035->338897->340186->340185->587863->338279->338280->339584->339216->338356->338355->562954->562956->338344->338312->339664->339000->339297->338311->339265->338310->343919->343726->341535->341739->342112->342113->341519->343157->342801->341509
shortest_dijkstra,od3_segok_samsung,long,off_peak,7.0,10,1225.2477,1025.9158,199.3319,940.8722,455.6551,7622.4,7,True,63,1,4,58,340301->340456->340502->340560->646141->587890->587891->339558->339337->111369->562926->111366->111357->111365->338931->340027->613620->613748->339941->646276->646278->646249->338395->613788->338611->613666->338773->338391->338404->338405->338402->338397->338396->340035->338897->340186->340185->587863->338279->338280->339584->339216->338356->338355->562954->562956->338344->338312->339664->339000->339297->338311->339265->338310->343919->343726->341535->341739->342112->342113->341519->343157->342801->341509
shortest_dijkstra,od3_segok_samsung,long,off_peak,7.0,11,1287.4294,1038.0971,249.3323,977.619,569.9515,7622.4,8,True,63,1,4,58,340301->340456->340502->340560->646141->587890->587891->339558->339337->111369->562926->111366->111357->111365->338931->340027->613620->613748->339941->646276->646278->646249->338395->613788->338611->613666->338773->338391->338404->338405->338402->338397->338396->340035->338897->340186->340185->587863->338279->338280->339584->339216->338356->338355->562954->562956->338344->338312->339664->339000->339297->338311->339265->338310->343919->343726->341535->341739->342112->342113->341519->343157->342801->341509
shortest_dijkstra,od3_segok_samsung,long,off_peak,7.0,12,1339.6968,1048.4473,291.2495,923.3762,665.7705,7622.4,8,True,63,1,4,58,340301->340456->340502->340560->646141->587890->587891->339558->339337->111369->562926->111366->111357->111365->338931->340027->613620->613748->339941->646276->646278->646249->338395->613788->338611->613666->338773->338391->338404->338405->338402->338397->338396->340035->338897->340186->340185->587863->338279->338280->339584->339216->338356->338355->562954->562956->338344->338312->339664->339000->339297->338311->339265->338310->343919->343726->341535->341739->342112->342113->341519->343157->342801->341509
shortest_dijkstra,od3_segok_samsung,long,off_peak,7.0,13,1246.4771,1045.9024,200.5746,924.9216,458.4958,7622.4,7,True,63,1,4,58,340301->340456->340502->340560->646141->587890->587891->339558->339337->111369->562926->111366->111357->111365->338931->340027->613620->613748->339941->646276->646278->646249->338395->613788->338611->613666->338773->338391->338404->338405->338402->338397->338396->340035->338897->340186->340185->587863->338279->338280->339584->339216->338356->338355->562954->562956->338344->338312->339664->339000->339297->338311->339265->338310->343919->343726->341535->341739->342112->342113->341519->343157->342801->341509
shortest_dijkstra,od3_segok_samsung,long,off_peak,7.0,14,1303.0676,1045.5787,257.4889,990.2761,588.5968,7622.4,9,True,63,1,4,58,340301->340456->340502->340560->646141->587890->587891->339558->339337->111369->562926->111366->111357->111365->338931->340027->613620->613748->339941->646276->646278->646249->338395->613788->338611->613666->338773->338391->338404->338405->338402->338397->338396->340035->338897->340186->340185->587863->338279->338280->339584->339216->338356->338355->562954->562956->338344->338312->339664->339000->339297->338311->339265->338310->343919->343726->341535->341739->342112->342113->341519->343157->342801->341509
shortest_dijkstra,od3_segok_samsung,long,off_peak,7.0,15,1305.8325,1045.3375,260.495,955.544,595.4684,7622.4,8,True,63,1,4,58,340301->340456->340502->340560->646141->587890->587891->339558->339337->111369->562926->111366->111357->111365->338931->340027->613620->613748->339941->646276->646278->646249->338395->613788->338611->613666->338773->338391->338404->338405->338402->338397->338396->340035->338897->340186->340185->587863->338279->338280->339584->339216->338356->338355->562954->562956->338344->338312->339664->339000->339297->338311->339265->338310->343919->343726->341535->341739->342112->342113->341519->343157->342801->341509
shortest_dijkstra,od3_segok_samsung,long,off_peak,7.0,16,1318.4986,1050.2458,268.2528,970.4828,613.2021,7622.4,9,True,63,1,4,58,340301->340456->340502->340560->646141->587890->587891->339558->339337->111369->562926->111366->111357->111365->338931->340027->613620->613748->339941->646276->646278->646249->338395->613788->338611->613666->338773->338391->338404->338405->338402->338397->338396->340035->338897->340186->340185->587863->338279->338280->339584->339216->338356->338355->562954->562956->338344->338312->339664->339000->339297->338311->339265->338310->343919->343726->341535->341739->342112->342113->341519->343157->342801->341509
shortest_dijkstra,od3_segok_samsung,long,off_peak,7.0,17,1238.608,1115.0047,123.6033,926.228,282.5462,7622.4,6,True,63,1,4,58,340301->340456->340502->340560->646141->587890->587891->339558->339337->111369->562926->111366->111357->111365->338931->340027->613620->613748->339941->646276->646278->646249->338395->613788->338611->613666->338773->338391->338404->338405->338402->338397->338396->340035->338897->340186->340185->587863->338279->338280->339584->339216->338356->338355->562954->562956->338344->338312->339664->339000->339297->338311->339265->338310->343919->343726->341535->341739->342112->342113->341519->343157->342801->341509
shortest_dijkstra,od3_segok_samsung,long,off_peak,7.0,18,1321.4205,1056.5137,264.9068,968.2003,605.5535,7622.4,9,True,63,1,4,58,340301->340456->340502->340560->646141->587890->587891->339558->339337->111369->562926->111366->111357->111365->338931->340027->613620->613748->339941->646276->646278->646249->338395->613788->338611->613666->338773->338391->338404->338405->338402->338397->338396->340035->338897->340186->340185->587863->338279->338280->339584->339216->338356->338355->562954->562956->338344->338312->339664->339000->339297->338311->339265->338310->343919->343726->341535->341739->342112->342113->341519->343157->342801->341509
shortest_dijkstra,od3_segok_samsung,long,off_peak,7.0,19,1318.1641,1037.8379,280.3262,931.5926,640.8007,7622.4,9,True,63,1,4,58,340301->340456->340502->340560->646141->587890->587891->339558->339337->111369->562926->111366->111357->111365->338931->340027->613620->613748->339941->646276->646278->646249->338395->613788->338611->613666->338773->338391->338404->338405->338402->338397->338396->340035->338897->340186->340185->587863->338279->338280->339584->339216->338356->338355->562954->562956->338344->338312->339664->339000->339297->338311->339265->338310->343919->343726->341535->341739->342112->342113->341519->343157->342801->341509
shortest_dijkstra,od3_segok_samsung,long,off_peak,7.0,20,1285.5576,1036.4137,249.1439,1003.0661,569.5207,7622.4,9,True,63,1,4,58,340301->340456->340502->340560->646141->587890->587891->339558->339337->111369->562926->111366->111357->111365->338931->340027->613620->613748->339941->646276->646278->646249->338395->613788->338611->613666->338773->338391->338404->338405->338402->338397->338396->340035->338897->340186->340185->587863->338279->338280->339584->339216->338356->338355->562954->562956->338344->338312->339664->339000->339297->338311->339265->338310->343919->343726->341535->341739->342112->342113->341519->343157->342801->341509
shortest_dijkstra,od3_segok_samsung,long,off_peak,7.0,21,1417.0868,1184.7273,232.3595,1011.3694,531.1532,7622.4,8,True,63,1,4,58,340301->340456->340502->340560->646141->587890->587891->339558->339337->111369->562926->111366->111357->111365->338931->340027->613620->613748->339941->646276->646278->646249->338395->613788->338611->613666->338773->338391->338404->338405->338402->338397->338396->340035->338897->340186->340185->587863->338279->338280->339584->339216->338356->338355->562954->562956->338344->338312->339664->339000->339297->338311->339265->338310->343919->343726->341535->341739->342112->342113->341519->343157->342801->341509
shortest_dijkstra,od3_segok_samsung,long,off_peak,7.0,22,1170.547,954.7448,215.8022,897.269,493.3047,7622.4,7,True,63,1,4,58,340301->340456->340502->340560->646141->587890->587891->339558->339337->111369->562926->111366->111357->111365->338931->340027->613620->613748->339941->646276->646278->646249->338395->613788->338611->613666->338773->338391->338404->338405->338402->338397->338396->340035->338897->340186->340185->587863->338279->338280->339584->339216->338356->338355->562954->562956->338344->338312->339664->339000->339297->338311->339265->338310->343919->343726->341535->341739->342112->342113->341519->343157->342801->341509
shortest_dijkstra,od3_segok_samsung,long,off_peak,7.0,23,1288.9782,1018.0289,270.9494,961.9325,619.3662,7622.4,9,True,63,1,4,58,340301->340456->340502->340560->646141->587890->587891->339558->339337->111369->562926->111366->111357->111365->338931->340027->613620->613748->339941->646276->646278->646249->338395->613788->338611->613666->338773->338391->338404->338405->338402->338397->338396->340035->338897->340186->340185->587863->338279->338280->339584->339216->338356->338355->562954->562956->338344->338312->339664->339000->339297->338311->339265->338310->343919->343726->341535->341739->342112->342113->341519->343157->342801->341509
shortest_dijkstra,od3_segok_samsung,long,off_peak,7.0,24,1335.1805,1066.6223,268.5582,911.3862,613.9001,7622.4,8,True,63,1,4,58,340301->340456->340502->340560->646141->587890->587891->339558->339337->111369->562926->111366->111357->111365->338931->340027->613620->613748->339941->646276->646278->646249->338395->613788->338611->613666->338773->338391->338404->338405->338402->338397->338396->340035->338897->340186->340185->587863->338279->338280->339584->339216->338356->338355->562954->562956->338344->338312->339664->339000->339297->338311->339265->338310->343919->343726->341535->341739->342112->342113->341519->343157->342801->341509
shortest_dijkstra,od3_segok_samsung,long,off_peak,7.0,25,1226.7603,1035.6954,191.0649,952.5127,436.7573,7622.4,7,True,63,1,4,58,340301->340456->340502->340560->646141->587890->587891->339558->339337->111369->562926->111366->111357->111365->338931->340027->613620->613748->339941->646276->646278->646249->338395->613788->338611->613666->338773->338391->338404->338405->338402->338397->338396->340035->338897->340186->340185->587863->338279->338280->339584->339216->338356->338355->562954->562956->338344->338312->339664->339000->339297->338311->339265->338310->343919->343726->341535->341739->342112->342113->341519->343157->342801->341509
shortest_dijkstra,od3_segok_samsung,long,off_peak,7.0,26,1289.8842,1032.6809,257.2032,946.113,587.9437,7622.4,8,True,63,1,4,58,340301->340456->340502->340560->646141->587890->587891->339558->339337->111369->562926->111366->111357->111365->338931->340027->613620->613748->339941->646276->646278->646249->338395->613788->338611->613666->338773->338391->338404->338405->338402->338397->338396->340035->338897->340186->340185->587863->338279->338280->339584->339216->338356->338355->562954->562956->338344->338312->339664->339000->339297->338311->339265->338310->343919->343726->341535->341739->342112->342113->341519->343157->342801->341509
shortest_dijkstra,od3_segok_samsung,long,off_peak,7.0,27,1328.0284,1050.4675,277.5609,952.1555,634.4797,7622.4,9,True,63,1,4,58,340301->340456->340502->340560->646141->587890->587891->339558->339337->111369->562926->111366->111357->111365->338931->340027->613620->613748->339941->646276->646278->646249->338395->613788->338611->613666->338773->338391->338404->338405->338402->338397->338396->340035->338897->340186->340185->587863->338279->338280->339584->339216->338356->338355->562954->562956->338344->338312->339664->339000->339297->338311->339265->338310->343919->343726->341535->341739->342112->342113->341519->343157->342801->341509
shortest_dijkstra,od3_segok_samsung,long,off_peak,7.0,28,1270.9518,1076.1065,194.8453,953.7467,445.399,7622.4,7,True,63,1,4,58,340301->340456->340502->340560->646141->587890->587891->339558->339337->111369->562926->111366->111357->111365->338931->340027->613620->613748->339941->646276->646278->646249->338395->613788->338611->613666->338773->338391->338404->338405->338402->338397->338396->340035->338897->340186->340185->587863->338279->338280->339584->339216->338356->338355->562954->562956->338344->338312->339664->339000->339297->338311->339265->338310->343919->343726->341535->341739->342112->342113->341519->343157->342801->341509
shortest_dijkstra,od3_segok_samsung,long,off_peak,7.0,29,1310.6469,1053.1343,257.5126,959.6674,588.6508,7622.4,8,True,63,1,4,58,340301->340456->340502->340560->646141->587890->587891->339558->339337->111369->562926->111366->111357->111365->338931->340027->613620->613748->339941->646276->646278->646249->338395->613788->338611->613666->338773->338391->338404->338405->338402->338397->338396->340035->338897->340186->340185->587863->338279->338280->339584->339216->338356->338355->562954->562956->338344->338312->339664->339000->339297->338311->339265->338310->343919->343726->341535->341739->342112->342113->341519->343157->342801->341509
shortest_dijkstra,od3_segok_samsung,long,off_peak,7.0,30,1417.4058,1155.8755,261.5303,991.9187,597.835,7622.4,9,True,63,1,4,58,340301->340456->340502->340560->646141->587890->587891->339558->339337->111369->562926->111366->111357->111365->338931->340027->613620->613748->339941->646276->646278->646249->338395->613788->338611->613666->338773->338391->338404->338405->338402->338397->338396->340035->338897->340186->340185->587863->338279->338280->339584->339216->338356->338355->562954->562956->338344->338312->339664->339000->339297->338311->339265->338310->343919->343726->341535->341739->342112->342113->341519->343157->342801->341509
shortest_dijkstra,od3_segok_samsung,long,peak,8.0,1,1320.8835,1048.0832,272.8002,1124.4785,623.5971,7622.4,10,True,63,1,4,58,340301->340456->340502->340560->646141->587890->587891->339558->339337->111369->562926->111366->111357->111365->338931->340027->613620->613748->339941->646276->646278->646249->338395->613788->338611->613666->338773->338391->338404->338405->338402->338397->338396->340035->338897->340186->340185->587863->338279->338280->339584->339216->338356->338355->562954->562956->338344->338312->339664->339000->339297->338311->339265->338310->343919->343726->341535->341739->342112->342113->341519->343157->342801->341509
shortest_dijkstra,od3_segok_samsung,long,peak,8.0,2,1355.8672,1078.3966,277.4706,1102.2424,634.2732,7622.4,10,True,63,1,4,58,340301->340456->340502->340560->646141->587890->587891->339558->339337->111369->562926->111366->111357->111365->338931->340027->613620->613748->339941->646276->646278->646249->338395->613788->338611->613666->338773->338391->338404->338405->338402->338397->338396->340035->338897->340186->340185->587863->338279->338280->339584->339216->338356->338355->562954->562956->338344->338312->339664->339000->339297->338311->339265->338310->343919->343726->341535->341739->342112->342113->341519->343157->342801->341509
shortest_dijkstra,od3_segok_samsung,long,peak,8.0,3,1354.4461,1059.9271,294.519,1068.4378,673.2442,7622.4,10,True,63,1,4,58,340301->340456->340502->340560->646141->587890->587891->339558->339337->111369->562926->111366->111357->111365->338931->340027->613620->613748->339941->646276->646278->646249->338395->613788->338611->613666->338773->338391->338404->338405->338402->338397->338396->340035->338897->340186->340185->587863->338279->338280->339584->339216->338356->338355->562954->562956->338344->338312->339664->339000->339297->338311->339265->338310->343919->343726->341535->341739->342112->342113->341519->343157->342801->341509
shortest_dijkstra,od3_segok_samsung,long,peak,8.0,4,1337.8961,1044.9046,292.9915,1064.9206,669.7526,7622.4,10,True,63,1,4,58,340301->340456->340502->340560->646141->587890->587891->339558->339337->111369->562926->111366->111357->111365->338931->340027->613620->613748->339941->646276->646278->646249->338395->613788->338611->613666->338773->338391->338404->338405->338402->338397->338396->340035->338897->340186->340185->587863->338279->338280->339584->339216->338356->338355->562954->562956->338344->338312->339664->339000->339297->338311->339265->338310->343919->343726->341535->341739->342112->342113->341519->343157->342801->341509
shortest_dijkstra,od3_segok_samsung,long,peak,8.0,5,1389.1151,1103.999,285.1161,1115.9744,651.7501,7622.4,9,True,63,1,4,58,340301->340456->340502->340560->646141->587890->587891->339558->339337->111369->562926->111366->111357->111365->338931->340027->613620->613748->339941->646276->646278->646249->338395->613788->338611->613666->338773->338391->338404->338405->338402->338397->338396->340035->338897->340186->340185->587863->338279->338280->339584->339216->338356->338355->562954->562956->338344->338312->339664->339000->339297->338311->339265->338310->343919->343726->341535->341739->342112->342113->341519->343157->342801->341509
shortest_dijkstra,od3_segok_samsung,long,peak,8.0,6,1361.3368,1080.7804,280.5564,1082.5379,641.327,7622.4,8,True,63,1,4,58,340301->340456->340502->340560->646141->587890->587891->339558->339337->111369->562926->111366->111357->111365->338931->340027->613620->613748->339941->646276->646278->646249->338395->613788->338611->613666->338773->338391->338404->338405->338402->338397->338396->340035->338897->340186->340185->587863->338279->338280->339584->339216->338356->338355->562954->562956->338344->338312->339664->339000->339297->338311->339265->338310->343919->343726->341535->341739->342112->342113->341519->343157->342801->341509
shortest_dijkstra,od3_segok_samsung,long,peak,8.0,7,1462.3706,1128.344,334.0265,1149.8954,763.555,7622.4,10,True,63,1,4,58,340301->340456->340502->340560->646141->587890->587891->339558->339337->111369->562926->111366->111357->111365->338931->340027->613620->613748->339941->646276->646278->646249->338395->613788->338611->613666->338773->338391->338404->338405->338402->338397->338396->340035->338897->340186->340185->587863->338279->338280->339584->339216->338356->338355->562954->562956->338344->338312->339664->339000->339297->338311->339265->338310->343919->343726->341535->341739->342112->342113->341519->343157->342801->341509
shortest_dijkstra,od3_segok_samsung,long,peak,8.0,8,1504.6234,1142.9523,361.671,1101.9933,826.7479,7622.4,10,True,63,1,4,58,340301->340456->340502->340560->646141->587890->587891->339558->339337->111369->562926->111366->111357->111365->338931->340027->613620->613748->339941->646276->646278->646249->338395->613788->338611->613666->338773->338391->338404->338405->338402->338397->338396->340035->338897->340186->340185->587863->338279->338280->339584->339216->338356->338355->562954->562956->338344->338312->339664->339000->339297->338311->339265->338310->343919->343726->341535->341739->342112->342113->341519->343157->342801->341509
shortest_dijkstra,od3_segok_samsung,long,peak,8.0,9,1433.6605,1153.1051,280.5554,1116.9459,641.3246,7622.4,9,True,63,1,4,58,340301->340456->340502->340560->646141->587890->587891->339558->339337->111369->562926->111366->111357->111365->338931->340027->613620->613748->339941->646276->646278->646249->338395->613788->338611->613666->338773->338391->338404->338405->338402->338397->338396->340035->338897->340186->340185->587863->338279->338280->339584->339216->338356->338355->562954->562956->338344->338312->339664->339000->339297->338311->339265->338310->343919->343726->341535->341739->342112->342113->341519->343157->342801->341509
shortest_dijkstra,od3_segok_samsung,long,peak,8.0,10,1396.3312,1088.4926,307.8386,1053.5301,703.6917,7622.4,10,True,63,1,4,58,340301->340456->340502->340560->646141->587890->587891->339558->339337->111369->562926->111366->111357->111365->338931->340027->613620->613748->339941->646276->646278->646249->338395->613788->338611->613666->338773->338391->338404->338405->338402->338397->338396->340035->338897->340186->340185->587863->338279->338280->339584->339216->338356->338355->562954->562956->338344->338312->339664->339000->339297->338311->339265->338310->343919->343726->341535->341739->342112->342113->341519->343157->342801->341509
shortest_dijkstra,od3_segok_samsung,long,peak,8.0,11,1317.9795,1021.5833,296.3961,1066.4308,677.5352,7622.4,10,True,63,1,4,58,340301->340456->340502->340560->646141->587890->587891->339558->339337->111369->562926->111366->111357->111365->338931->340027->613620->613748->339941->646276->646278->646249->338395->613788->338611->613666->338773->338391->338404->338405->338402->338397->338396->340035->338897->340186->340185->587863->338279->338280->339584->339216->338356->338355->562954->562956->338344->338312->339664->339000->339297->338311->339265->338310->343919->343726->341535->341739->342112->342113->341519->343157->342801->341509
shortest_dijkstra,od3_segok_samsung,long,peak,8.0,12,1400.4119,1119.9369,280.475,1112.8988,641.1409,7622.4,10,True,63,1,4,58,340301->340456->340502->340560->646141->587890->587891->339558->339337->111369->562926->111366->111357->111365->338931->340027->613620->613748->339941->646276->646278->646249->338395->613788->338611->613666->338773->338391->338404->338405->338402->338397->338396->340035->338897->340186->340185->587863->338279->338280->339584->339216->338356->338355->562954->562956->338344->338312->339664->339000->339297->338311->339265->338310->343919->343726->341535->341739->342112->342113->341519->343157->342801->341509
shortest_dijkstra,od3_segok_samsung,long,peak,8.0,13,1352.2041,1046.666,305.5381,1061.8367,698.4329,7622.4,10,True,63,1,4,58,340301->340456->340502->340560->646141->587890->587891->339558->339337->111369->562926->111366->111357->111365->338931->340027->613620->613748->339941->646276->646278->646249->338395->613788->338611->613666->338773->338391->338404->338405->338402->338397->338396->340035->338897->340186->340185->587863->338279->338280->339584->339216->338356->338355->562954->562956->338344->338312->339664->339000->339297->338311->339265->338310->343919->343726->341535->341739->342112->342113->341519->343157->342801->341509
shortest_dijkstra,od3_segok_samsung,long,peak,8.0,14,1394.7375,1124.9965,269.7409,1110.1502,616.6038,7622.4,9,True,63,1,4,58,340301->340456->340502->340560->646141->587890->587891->339558->339337->111369->562926->111366->111357->111365->338931->340027->613620->613748->339941->646276->646278->646249->338395->613788->338611->613666->338773->338391->338404->338405->338402->338397->338396->340035->338897->340186->340185->587863->338279->338280->339584->339216->338356->338355->562954->562956->338344->338312->339664->339000->339297->338311->339265->338310->343919->343726->341535->341739->342112->342113->341519->343157->342801->341509
shortest_dijkstra,od3_segok_samsung,long,peak,8.0,15,1346.4973,1105.4572,241.0401,1191.9746,550.9963,7622.4,7,True,63,1,4,58,340301->340456->340502->340560->646141->587890->587891->339558->339337->111369->562926->111366->111357->111365->338931->340027->613620->613748->339941->646276->646278->646249->338395->613788->338611->613666->338773->338391->338404->338405->338402->338397->338396->340035->338897->340186->340185->587863->338279->338280->339584->339216->338356->338355->562954->562956->338344->338312->339664->339000->339297->338311->339265->338310->343919->343726->341535->341739->342112->342113->341519->343157->342801->341509
shortest_dijkstra,od3_segok_samsung,long,peak,8.0,16,1384.2352,1074.3743,309.8608,1039.7405,708.3144,7622.4,10,True,63,1,4,58,340301->340456->340502->340560->646141->587890->587891->339558->339337->111369->562926->111366->111357->111365->338931->340027->613620->613748->339941->646276->646278->646249->338395->613788->338611->613666->338773->338391->338404->338405->338402->338397->338396->340035->338897->340186->340185->587863->338279->338280->339584->339216->338356->338355->562954->562956->338344->338312->339664->339000->339297->338311->339265->338310->343919->343726->341535->341739->342112->342113->341519->343157->342801->341509
shortest_dijkstra,od3_segok_samsung,long,peak,8.0,17,1346.2557,1129.4131,216.8426,1063.9699,495.683,7622.4,8,True,63,1,4,58,340301->340456->340502->340560->646141->587890->587891->339558->339337->111369->562926->111366->111357->111365->338931->340027->613620->613748->339941->646276->646278->646249->338395->613788->338611->613666->338773->338391->338404->338405->338402->338397->338396->340035->338897->340186->340185->587863->338279->338280->339584->339216->338356->338355->562954->562956->338344->338312->339664->339000->339297->338311->339265->338310->343919->343726->341535->341739->342112->342113->341519->343157->342801->341509
shortest_dijkstra,od3_segok_samsung,long,peak,8.0,18,1467.4666,1117.4275,350.0391,1111.4195,800.1583,7622.4,11,True,63,1,4,58,340301->340456->340502->340560->646141->587890->587891->339558->339337->111369->562926->111366->111357->111365->338931->340027->613620->613748->339941->646276->646278->646249->338395->613788->338611->613666->338773->338391->338404->338405->338402->338397->338396->340035->338897->340186->340185->587863->338279->338280->339584->339216->338356->338355->562954->562956->338344->338312->339664->339000->339297->338311->339265->338310->343919->343726->341535->341739->342112->342113->341519->343157->342801->341509
shortest_dijkstra,od3_segok_samsung,long,peak,8.0,19,1326.0319,1092.9576,233.0743,1066.8876,532.7871,7622.4,8,True,63,1,4,58,340301->340456->340502->340560->646141->587890->587891->339558->339337->111369->562926->111366->111357->111365->338931->340027->613620->613748->339941->646276->646278->646249->338395->613788->338611->613666->338773->338391->338404->338405->338402->338397->338396->340035->338897->340186->340185->587863->338279->338280->339584->339216->338356->338355->562954->562956->338344->338312->339664->339000->339297->338311->339265->338310->343919->343726->341535->341739->342112->342113->341519->343157->342801->341509
shortest_dijkstra,od3_segok_samsung,long,peak,8.0,20,1359.4903,1064.3692,295.1211,1081.8697,674.6206,7622.4,9,True,63,1,4,58,340301->340456->340502->340560->646141->587890->587891->339558->339337->111369->562926->111366->111357->111365->338931->340027->613620->613748->339941->646276->646278->646249->338395->613788->338611->613666->338773->338391->338404->338405->338402->338397->338396->340035->338897->340186->340185->587863->338279->338280->339584->339216->338356->338355->562954->562956->338344->338312->339664->339000->339297->338311->339265->338310->343919->343726->341535->341739->342112->342113->341519->343157->342801->341509
shortest_dijkstra,od3_segok_samsung,long,peak,8.0,21,1287.1214,1070.3051,216.8163,1072.6736,495.6229,7622.4,8,True,63,1,4,58,340301->340456->340502->340560->646141->587890->587891->339558->339337->111369->562926->111366->111357->111365->338931->340027->613620->613748->339941->646276->646278->646249->338395->613788->338611->613666->338773->338391->338404->338405->338402->338397->338396->340035->338897->340186->340185->587863->338279->338280->339584->339216->338356->338355->562954->562956->338344->338312->339664->339000->339297->338311->339265->338310->343919->343726->341535->341739->342112->342113->341519->343157->342801->341509
shortest_dijkstra,od3_segok_samsung,long,peak,8.0,22,1362.279,1087.5614,274.7176,1130.7106,627.98,7622.4,9,True,63,1,4,58,340301->340456->340502->340560->646141->587890->587891->339558->339337->111369->562926->111366->111357->111365->338931->340027->613620->613748->339941->646276->646278->646249->338395->613788->338611->613666->338773->338391->338404->338405->338402->338397->338396->340035->338897->340186->340185->587863->338279->338280->339584->339216->338356->338355->562954->562956->338344->338312->339664->339000->339297->338311->339265->338310->343919->343726->341535->341739->342112->342113->341519->343157->342801->341509
shortest_dijkstra,od3_segok_samsung,long,peak,8.0,23,1366.1892,1112.8486,253.3407,1163.8307,579.1143,7622.4,8,True,63,1,4,58,340301->340456->340502->340560->646141->587890->587891->339558->339337->111369->562926->111366->111357->111365->338931->340027->613620->613748->339941->646276->646278->646249->338395->613788->338611->613666->338773->338391->338404->338405->338402->338397->338396->340035->338897->340186->340185->587863->338279->338280->339584->339216->338356->338355->562954->562956->338344->338312->339664->339000->339297->338311->339265->338310->343919->343726->341535->341739->342112->342113->341519->343157->342801->341509
shortest_dijkstra,od3_segok_samsung,long,peak,8.0,24,1361.6235,1059.8329,301.7906,1053.5914,689.8665,7622.4,9,True,63,1,4,58,340301->340456->340502->340560->646141->587890->587891->339558->339337->111369->562926->111366->111357->111365->338931->340027->613620->613748->339941->646276->646278->646249->338395->613788->338611->613666->338773->338391->338404->338405->338402->338397->338396->340035->338897->340186->340185->587863->338279->338280->339584->339216->338356->338355->562954->562956->338344->338312->339664->339000->339297->338311->339265->338310->343919->343726->341535->341739->342112->342113->341519->343157->342801->341509
shortest_dijkstra,od3_segok_samsung,long,peak,8.0,25,1382.1762,1131.3433,250.8329,1157.419,573.3817,7622.4,9,True,63,1,4,58,340301->340456->340502->340560->646141->587890->587891->339558->339337->111369->562926->111366->111357->111365->338931->340027->613620->613748->339941->646276->646278->646249->338395->613788->338611->613666->338773->338391->338404->338405->338402->338397->338396->340035->338897->340186->340185->587863->338279->338280->339584->339216->338356->338355->562954->562956->338344->338312->339664->339000->339297->338311->339265->338310->343919->343726->341535->341739->342112->342113->341519->343157->342801->341509
shortest_dijkstra,od3_segok_samsung,long,peak,8.0,26,1320.8558,1098.2421,222.6137,1094.0116,508.8751,7622.4,8,True,63,1,4,58,340301->340456->340502->340560->646141->587890->587891->339558->339337->111369->562926->111366->111357->111365->338931->340027->613620->613748->339941->646276->646278->646249->338395->613788->338611->613666->338773->338391->338404->338405->338402->338397->338396->340035->338897->340186->340185->587863->338279->338280->339584->339216->338356->338355->562954->562956->338344->338312->339664->339000->339297->338311->339265->338310->343919->343726->341535->341739->342112->342113->341519->343157->342801->341509
shortest_dijkstra,od3_segok_samsung,long,peak,8.0,27,1340.2763,1035.9106,304.3657,1033.5939,695.753,7622.4,10,True,63,1,4,58,340301->340456->340502->340560->646141->587890->587891->339558->339337->111369->562926->111366->111357->111365->338931->340027->613620->613748->339941->646276->646278->646249->338395->613788->338611->613666->338773->338391->338404->338405->338402->338397->338396->340035->338897->340186->340185->587863->338279->338280->339584->339216->338356->338355->562954->562956->338344->338312->339664->339000->339297->338311->339265->338310->343919->343726->341535->341739->342112->342113->341519->343157->342801->341509
shortest_dijkstra,od3_segok_samsung,long,peak,8.0,28,1451.3319,1112.3398,338.9921,1131.3436,774.9059,7622.4,11,True,63,1,4,58,340301->340456->340502->340560->646141->587890->587891->339558->339337->111369->562926->111366->111357->111365->338931->340027->613620->613748->339941->646276->646278->646249->338395->613788->338611->613666->338773->338391->338404->338405->338402->338397->338396->340035->338897->340186->340185->587863->338279->338280->339584->339216->338356->338355->562954->562956->338344->338312->339664->339000->339297->338311->339265->338310->343919->343726->341535->341739->342112->342113->341519->343157->342801->341509
shortest_dijkstra,od3_segok_samsung,long,peak,8.0,29,1325.3752,1056.6306,268.7446,1117.5564,614.3263,7622.4,8,True,63,1,4,58,340301->340456->340502->340560->646141->587890->587891->339558->339337->111369->562926->111366->111357->111365->338931->340027->613620->613748->339941->646276->646278->646249->338395->613788->338611->613666->338773->338391->338404->338405->338402->338397->338396->340035->338897->340186->340185->587863->338279->338280->339584->339216->338356->338355->562954->562956->338344->338312->339664->339000->339297->338311->339265->338310->343919->343726->341535->341739->342112->342113->341519->343157->342801->341509
shortest_dijkstra,od3_segok_samsung,long,peak,8.0,30,1410.8939,1064.1776,346.7163,1148.9778,792.5626,7622.4,10,True,63,1,4,58,340301->340456->340502->340560->646141->587890->587891->339558->339337->111369->562926->111366->111357->111365->338931->340027->613620->613748->339941->646276->646278->646249->338395->613788->338611->613666->338773->338391->338404->338405->338402->338397->338396->340035->338897->340186->340185->587863->338279->338280->339584->339216->338356->338355->562954->562956->338344->338312->339664->339000->339297->338311->339265->338310->343919->343726->341535->341739->342112->342113->341519->343157->342801->341509
static_fuel_dijkstra,od1_sinnonhyeon_suseo,long,off_peak,7.0,1,1335.279,1150.6936,184.5854,1055.1623,421.9458,9391.5,7,True,64,5,8,51,342695->342700->343100->342865->342652->342116->342672->340587->342670->343657->342666->342663->342681->341587->341794->342634->340699->342632->343072->341795->341544->341796->343669->341798->342622->341797->341771->341545->340698->341540->340697->343457->341546->344219->646319->563132->343774->343516->341492->340588->342606->342607->587988->342821->341768->646932->341500->341501->343078->647029->647031->647028->647033->342043->338909->338898->338897->340035->338396->338400->338399->338391->338773->613666->613667
static_fuel_dijkstra,od1_sinnonhyeon_suseo,long,off_peak,7.0,2,1219.6124,1116.5662,103.0462,1035.4488,235.5545,9391.5,6,True,64,5,8,51,342695->342700->343100->342865->342652->342116->342672->340587->342670->343657->342666->342663->342681->341587->341794->342634->340699->342632->343072->341795->341544->341796->343669->341798->342622->341797->341771->341545->340698->341540->340697->343457->341546->344219->646319->563132->343774->343516->341492->340588->342606->342607->587988->342821->341768->646932->341500->341501->343078->647029->647031->647028->647033->342043->338909->338898->338897->340035->338396->338400->338399->338391->338773->613666->613667
static_fuel_dijkstra,od1_sinnonhyeon_suseo,long,off_peak,7.0,3,1244.5659,1146.199,98.3669,1086.0962,224.8579,9391.5,7,True,64,5,8,51,342695->342700->343100->342865->342652->342116->342672->340587->342670->343657->342666->342663->342681->341587->341794->342634->340699->342632->343072->341795->341544->341796->343669->341798->342622->341797->341771->341545->340698->341540->340697->343457->341546->344219->646319->563132->343774->343516->341492->340588->342606->342607->587988->342821->341768->646932->341500->341501->343078->647029->647031->647028->647033->342043->338909->338898->338897->340035->338396->338400->338399->338391->338773->613666->613667
static_fuel_dijkstra,od1_sinnonhyeon_suseo,long,off_peak,7.0,4,1416.7777,1277.3562,139.4215,1146.2741,318.7051,9460.4,7,True,64,7,11,46,342695->342700->343100->342865->342652->342116->342672->340587->342670->343657->342666->342663->342681->341587->341794->342634->340699->342632->343072->341795->341544->341796->343669->341798->342622->341797->341771->341545->340698->341540->340697->343457->341546->344219->646319->563132->343774->343516->341492->340588->342606->342607->587988->342821->343267->343341->343340->341501->343078->647029->647031->647028->647033->342043->338909->338898->338897->340035->338396->338400->338399->338391->338773->613666->613667
static_fuel_dijkstra,od1_sinnonhyeon_suseo,long,off_peak,7.0,5,1254.3506,1149.7713,104.5794,1034.6004,239.0591,9391.5,5,True,64,5,8,51,342695->342700->343100->342865->342652->342116->342672->340587->342670->343657->342666->342663->342681->341587->341794->342634->340699->342632->343072->341795->341544->341796->343669->341798->342622->341797->341771->341545->340698->341540->340697->343457->341546->344219->646319->563132->343774->343516->341492->340588->342606->342607->587988->342821->341768->646932->341500->341501->343078->647029->647031->647028->647033->342043->338909->338898->338897->340035->338396->338400->338399->338391->338773->613666->613667
static_fuel_dijkstra,od1_sinnonhyeon_suseo,long,off_peak,7.0,6,1285.1332,1169.6288,115.5044,1002.2514,264.0328,9391.5,6,True,64,5,8,51,342695->342700->343100->342865->342652->342116->342672->340587->342670->343657->342666->342663->342681->341587->341794->342634->340699->342632->343072->341795->341544->341796->343669->341798->342622->341797->341771->341545->340698->341540->340697->343457->341546->344219->646319->563132->343774->343516->341492->340588->342606->342607->587988->342821->341768->646932->341500->341501->343078->647029->647031->647028->647033->342043->338909->338898->338897->340035->338396->338400->338399->338391->338773->613666->613667
static_fuel_dijkstra,od1_sinnonhyeon_suseo,long,off_peak,7.0,7,1282.8664,1172.0934,110.773,1017.9908,253.2172,9391.5,6,True,64,5,8,51,342695->342700->343100->342865->342652->342116->342672->340587->342670->343657->342666->342663->342681->341587->341794->342634->340699->342632->343072->341795->341544->341796->343669->341798->342622->341797->341771->341545->340698->341540->340697->343457->341546->344219->646319->563132->343774->343516->341492->340588->342606->342607->587988->342821->341768->646932->341500->341501->343078->647029->647031->647028->647033->342043->338909->338898->338897->340035->338396->338400->338399->338391->338773->613666->613667
static_fuel_dijkstra,od1_sinnonhyeon_suseo,long,off_peak,7.0,8,1351.7181,1170.6665,181.0516,1050.1078,413.8678,9391.5,9,True,64,5,8,51,342695->342700->343100->342865->342652->342116->342672->340587->342670->343657->342666->342663->342681->341587->341794->342634->340699->342632->343072->341795->341544->341796->343669->341798->342622->341797->341771->341545->340698->341540->340697->343457->341546->344219->646319->563132->343774->343516->341492->340588->342606->342607->587988->342821->341768->646932->341500->341501->343078->647029->647031->647028->647033->342043->338909->338898->338897->340035->338396->338400->338399->338391->338773->613666->613667
static_fuel_dijkstra,od1_sinnonhyeon_suseo,long,off_peak,7.0,9,1292.9445,1178.4134,114.5311,1014.8422,261.808,9391.5,6,True,64,5,8,51,342695->342700->343100->342865->342652->342116->342672->340587->342670->343657->342666->342663->342681->341587->341794->342634->340699->342632->343072->341795->341544->341796->343669->341798->342622->341797->341771->341545->340698->341540->340697->343457->341546->344219->646319->563132->343774->343516->341492->340588->342606->342607->587988->342821->341768->646932->341500->341501->343078->647029->647031->647028->647033->342043->338909->338898->338897->340035->338396->338400->338399->338391->338773->613666->613667
static_fuel_dijkstra,od1_sinnonhyeon_suseo,long,off_peak,7.0,10,1220.7715,1118.1915,102.58,1021.9704,234.4888,9391.5,6,True,64,5,8,51,342695->342700->343100->342865->342652->342116->342672->340587->342670->343657->342666->342663->342681->341587->341794->342634->340699->342632->343072->341795->341544->341796->343669->341798->342622->341797->341771->341545->340698->341540->340697->343457->341546->344219->646319->563132->343774->343516->341492->340588->342606->342607->587988->342821->341768->646932->341500->341501->343078->647029->647031->647028->647033->342043->338909->338898->338897->340035->338396->338400->338399->338391->338773->613666->613667
static_fuel_dijkstra,od1_sinnonhyeon_suseo,long,off_peak,7.0,11,1253.5611,1142.1336,111.4275,1022.6024,254.7133,9391.5,8,True,64,5,8,51,342695->342700->343100->342865->342652->342116->342672->340587->342670->343657->342666->342663->342681->341587->341794->342634->340699->342632->343072->341795->341544->341796->343669->341798->342622->341797->341771->341545->340698->341540->340697->343457->341546->344219->646319->563132->343774->343516->341492->340588->342606->342607->587988->342821->341768->646932->341500->341501->343078->647029->647031->647028->647033->342043->338909->338898->338897->340035->338396->338400->338399->338391->338773->613666->613667
static_fuel_dijkstra,od1_sinnonhyeon_suseo,long,off_peak,7.0,12,1308.6154,1149.4885,159.1269,1057.085,363.75,9391.5,8,True,64,5,8,51,342695->342700->343100->342865->342652->342116->342672->340587->342670->343657->342666->342663->342681->341587->341794->342634->340699->342632->343072->341795->341544->341796->343669->341798->342622->341797->341771->341545->340698->341540->340697->343457->341546->344219->646319->563132->343774->343516->341492->340588->342606->342607->587988->342821->341768->646932->341500->341501->343078->647029->647031->647028->647033->342043->338909->338898->338897->340035->338396->338400->338399->338391->338773->613666->613667
static_fuel_dijkstra,od1_sinnonhyeon_suseo,long,off_peak,7.0,13,1230.146,1138.5988,91.5472,1074.4933,209.2688,9391.5,6,True,64,5,8,51,342695->342700->343100->342865->342652->342116->342672->340587->342670->343657->342666->342663->342681->341587->341794->342634->340699->342632->343072->341795->341544->341796->343669->341798->342622->341797->341771->341545->340698->341540->340697->343457->341546->344219->646319->563132->343774->343516->341492->340588->342606->342607->587988->342821->341768->646932->341500->341501->343078->647029->647031->647028->647033->342043->338909->338898->338897->340035->338396->338400->338399->338391->338773->613666->613667
static_fuel_dijkstra,od1_sinnonhyeon_suseo,long,off_peak,7.0,14,1241.739,1146.8191,94.9199,1030.5437,216.9784,9391.5,5,True,64,5,8,51,342695->342700->343100->342865->342652->342116->342672->340587->342670->343657->342666->342663->342681->341587->341794->342634->340699->342632->343072->341795->341544->341796->343669->341798->342622->341797->341771->341545->340698->341540->340697->343457->341546->344219->646319->563132->343774->343516->341492->340588->342606->342607->587988->342821->341768->646932->341500->341501->343078->647029->647031->647028->647033->342043->338909->338898->338897->340035->338396->338400->338399->338391->338773->613666->613667
static_fuel_dijkstra,od1_sinnonhyeon_suseo,long,off_peak,7.0,15,1245.249,1136.6566,108.5924,995.8255,248.2326,9391.5,6,True,64,5,8,51,342695->342700->343100->342865->342652->342116->342672->340587->342670->343657->342666->342663->342681->341587->341794->342634->340699->342632->343072->341795->341544->341796->343669->341798->342622->341797->341771->341545->340698->341540->340697->343457->341546->344219->646319->563132->343774->343516->341492->340588->342606->342607->587988->342821->341768->646932->341500->341501->343078->647029->647031->647028->647033->342043->338909->338898->338897->340035->338396->338400->338399->338391->338773->613666->613667
static_fuel_dijkstra,od1_sinnonhyeon_suseo,long,off_peak,7.0,16,1314.1234,1139.6059,174.5175,1078.2854,398.9315,9391.5,8,True,64,5,8,51,342695->342700->343100->342865->342652->342116->342672->340587->342670->343657->342666->342663->342681->341587->341794->342634->340699->342632->343072->341795->341544->341796->343669->341798->342622->341797->341771->341545->340698->341540->340697->343457->341546->344219->646319->563132->343774->343516->341492->340588->342606->342607->587988->342821->341768->646932->341500->341501->343078->647029->647031->647028->647033->342043->338909->338898->338897->340035->338396->338400->338399->338391->338773->613666->613667
static_fuel_dijkstra,od1_sinnonhyeon_suseo,long,off_peak,7.0,17,1313.3573,1192.0107,121.3466,1010.1311,277.3876,9391.5,7,True,64,5,8,51,342695->342700->343100->342865->342652->342116->342672->340587->342670->343657->342666->342663->342681->341587->341794->342634->340699->342632->343072->341795->341544->341796->343669->341798->342622->341797->341771->341545->340698->341540->340697->343457->341546->344219->646319->563132->343774->343516->341492->340588->342606->342607->587988->342821->341768->646932->341500->341501->343078->647029->647031->647028->647033->342043->338909->338898->338897->340035->338396->338400->338399->338391->338773->613666->613667
static_fuel_dijkstra,od1_sinnonhyeon_suseo,long,off_peak,7.0,18,1273.7385,1175.59,98.1485,1120.7218,224.3587,9391.5,5,True,64,5,8,51,342695->342700->343100->342865->342652->342116->342672->340587->342670->343657->342666->342663->342681->341587->341794->342634->340699->342632->343072->341795->341544->341796->343669->341798->342622->341797->341771->341545->340698->341540->340697->343457->341546->344219->646319->563132->343774->343516->341492->340588->342606->342607->587988->342821->341768->646932->341500->341501->343078->647029->647031->647028->647033->342043->338909->338898->338897->340035->338396->338400->338399->338391->338773->613666->613667
static_fuel_dijkstra,od1_sinnonhyeon_suseo,long,off_peak,7.0,19,1333.5129,1177.985,155.5279,1122.7854,355.523,9391.5,6,True,64,5,8,51,342695->342700->343100->342865->342652->342116->342672->340587->342670->343657->342666->342663->342681->341587->341794->342634->340699->342632->343072->341795->341544->341796->343669->341798->342622->341797->341771->341545->340698->341540->340697->343457->341546->344219->646319->563132->343774->343516->341492->340588->342606->342607->587988->342821->341768->646932->341500->341501->343078->647029->647031->647028->647033->342043->338909->338898->338897->340035->338396->338400->338399->338391->338773->613666->613667
static_fuel_dijkstra,od1_sinnonhyeon_suseo,long,off_peak,7.0,20,1384.7996,1203.1735,181.626,1088.3125,415.1809,9391.5,7,True,64,5,8,51,342695->342700->343100->342865->342652->342116->342672->340587->342670->343657->342666->342663->342681->341587->341794->342634->340699->342632->343072->341795->341544->341796->343669->341798->342622->341797->341771->341545->340698->341540->340697->343457->341546->344219->646319->563132->343774->343516->341492->340588->342606->342607->587988->342821->341768->646932->341500->341501->343078->647029->647031->647028->647033->342043->338909->338898->338897->340035->338396->338400->338399->338391->338773->613666->613667
static_fuel_dijkstra,od1_sinnonhyeon_suseo,long,off_peak,7.0,21,1297.2781,1132.4528,164.8253,1064.2523,376.7761,9391.5,7,True,64,5,8,51,342695->342700->343100->342865->342652->342116->342672->340587->342670->343657->342666->342663->342681->341587->341794->342634->340699->342632->343072->341795->341544->341796->343669->341798->342622->341797->341771->341545->340698->341540->340697->343457->341546->344219->646319->563132->343774->343516->341492->340588->342606->342607->587988->342821->341768->646932->341500->341501->343078->647029->647031->647028->647033->342043->338909->338898->338897->340035->338396->338400->338399->338391->338773->613666->613667
static_fuel_dijkstra,od1_sinnonhyeon_suseo,long,off_peak,7.0,22,1356.4245,1159.4134,197.0111,1066.3329,450.3498,9391.5,8,True,64,5,8,51,342695->342700->343100->342865->342652->342116->342672->340587->342670->343657->342666->342663->342681->341587->341794->342634->340699->342632->343072->341795->341544->341796->343669->341798->342622->341797->341771->341545->340698->341540->340697->343457->341546->344219->646319->563132->343774->343516->341492->340588->342606->342607->587988->342821->341768->646932->341500->341501->343078->647029->647031->647028->647033->342043->338909->338898->338897->340035->338396->338400->338399->338391->338773->613666->613667
static_fuel_dijkstra,od1_sinnonhyeon_suseo,long,off_peak,7.0,23,1283.9288,1179.0376,104.8912,1120.9294,239.7719,9391.5,6,True,64,5,8,51,342695->342700->343100->342865->342652->342116->342672->340587->342670->343657->342666->342663->342681->341587->341794->342634->340699->342632->343072->341795->341544->341796->343669->341798->342622->341797->341771->341545->340698->341540->340697->343457->341546->344219->646319->563132->343774->343516->341492->340588->342606->342607->587988->342821->341768->646932->341500->341501->343078->647029->647031->647028->647033->342043->338909->338898->338897->340035->338396->338400->338399->338391->338773->613666->613667
static_fuel_dijkstra,od1_sinnonhyeon_suseo,long,off_peak,7.0,24,1250.7611,1149.8055,100.9557,1059.76,230.7757,9391.5,7,True,64,5,8,51,342695->342700->343100->342865->342652->342116->342672->340587->342670->343657->342666->342663->342681->341587->341794->342634->340699->342632->343072->341795->341544->341796->343669->341798->342622->341797->341771->341545->340698->341540->340697->343457->341546->344219->646319->563132->343774->343516->341492->340588->342606->342607->587988->342821->341768->646932->341500->341501->343078->647029->647031->647028->647033->342043->338909->338898->338897->340035->338396->338400->338399->338391->338773->613666->613667
static_fuel_dijkstra,od1_sinnonhyeon_suseo,long,off_peak,7.0,25,1215.3402,1132.9346,82.4057,1082.7856,188.3721,9460.4,5,True,64,7,11,46,342695->342700->343100->342865->342652->342116->342672->340587->342670->343657->342666->342663->342681->341587->341794->342634->340699->342632->343072->341795->341544->341796->343669->341798->342622->341797->341771->341545->340698->341540->340697->343457->341546->344219->646319->563132->343774->343516->341492->340588->342606->342607->587988->342821->343267->343341->343340->341501->343078->647029->647031->647028->647033->342043->338909->338898->338897->340035->338396->338400->338399->338391->338773->613666->613667
static_fuel_dijkstra,od1_sinnonhyeon_suseo,long,off_peak,7.0,26,1388.5802,1205.7875,182.7927,1074.4472,417.848,9391.5,6,True,64,5,8,51,342695->342700->343100->342865->342652->342116->342672->340587->342670->343657->342666->342663->342681->341587->341794->342634->340699->342632->343072->341795->341544->341796->343669->341798->342622->341797->341771->341545->340698->341540->340697->343457->341546->344219->646319->563132->343774->343516->341492->340588->342606->342607->587988->342821->341768->646932->341500->341501->343078->647029->647031->647028->647033->342043->338909->338898->338897->340035->338396->338400->338399->338391->338773->613666->613667
static_fuel_dijkstra,od1_sinnonhyeon_suseo,long,off_peak,7.0,27,1300.3314,1182.8032,117.5282,1018.2379,268.6591,9391.5,7,True,64,5,8,51,342695->342700->343100->342865->342652->342116->342672->340587->342670->343657->342666->342663->342681->341587->341794->342634->340699->342632->343072->341795->341544->341796->343669->341798->342622->341797->341771->341545->340698->341540->340697->343457->341546->344219->646319->563132->343774->343516->341492->340588->342606->342607->587988->342821->341768->646932->341500->341501->343078->647029->647031->647028->647033->342043->338909->338898->338897->340035->338396->338400->338399->338391->338773->613666->613667
static_fuel_dijkstra,od1_sinnonhyeon_suseo,long,off_peak,7.0,28,1338.4847,1185.8477,152.637,1141.8773,348.9146,9460.4,6,True,64,7,11,46,342695->342700->343100->342865->342652->342116->342672->340587->342670->343657->342666->342663->342681->341587->341794->342634->340699->342632->343072->341795->341544->341796->343669->341798->342622->341797->341771->341545->340698->341540->340697->343457->341546->344219->646319->563132->343774->343516->341492->340588->342606->342607->587988->342821->343267->343341->343340->341501->343078->647029->647031->647028->647033->342043->338909->338898->338897->340035->338396->338400->338399->338391->338773->613666->613667
static_fuel_dijkstra,od1_sinnonhyeon_suseo,long,off_peak,7.0,29,1273.0914,1154.0386,119.0528,1028.252,272.1441,9391.5,7,True,64,5,8,51,342695->342700->343100->342865->342652->342116->342672->340587->342670->343657->342666->342663->342681->341587->341794->342634->340699->342632->343072->341795->341544->341796->343669->341798->342622->341797->341771->341545->340698->341540->340697->343457->341546->344219->646319->563132->343774->343516->341492->340588->342606->342607->587988->342821->341768->646932->341500->341501->343078->647029->647031->647028->647033->342043->338909->338898->338897->340035->338396->338400->338399->338391->338773->613666->613667
static_fuel_dijkstra,od1_sinnonhyeon_suseo,long,off_peak,7.0,30,1422.2213,1175.684,246.5373,1086.4858,563.5624,9391.5,8,True,64,5,8,51,342695->342700->343100->342865->342652->342116->342672->340587->342670->343657->342666->342663->342681->341587->341794->342634->340699->342632->343072->341795->341544->341796->343669->341798->342622->341797->341771->341545->340698->341540->340697->343457->341546->344219->646319->563132->343774->343516->341492->340588->342606->342607->587988->342821->341768->646932->341500->341501->343078->647029->647031->647028->647033->342043->338909->338898->338897->340035->338396->338400->338399->338391->338773->613666->613667
static_fuel_dijkstra,od1_sinnonhyeon_suseo,long,peak,8.0,1,1240.8742,1126.1186,114.7556,1046.2454,262.321,9442.8,4,True,63,6,10,47,342695->342700->343100->342865->342652->342116->342672->340587->342670->343657->342666->342663->342681->342617->342634->340699->342632->343072->341795->341544->341796->343669->341798->342622->341797->341771->341545->340698->341540->340697->343457->341546->344219->646319->563132->343774->343516->341492->341499->344500->342607->587988->342821->343267->343341->343340->341501->343078->647029->647031->647028->647033->342043->338909->338898->338897->340035->338396->338400->338399->338391->338773->613666->613667
static_fuel_dijkstra,od1_sinnonhyeon_suseo,long,peak,8.0,2,1392.8854,1228.7784,164.107,1132.1449,375.134,9522.2,7,True,63,6,9,48,342695->342700->343100->342865->342652->342116->342672->340587->342670->343657->342666->342663->342681->342617->342618->343820->646558->340583->342072->341544->341796->343669->341798->342622->341797->341771->341545->340698->341540->340697->343457->341546->344219->646319->563132->343774->343516->341492->340588->342606->342607->587988->342821->341768->646932->341500->341501->343078->647029->647031->647028->647033->342043->338909->338898->338897->340035->338396->338400->338399->338391->338773->613666->613667
static_fuel_dijkstra,od1_sinnonhyeon_suseo,long,peak,8.0,3,1345.9564,1199.1343,146.8221,1217.9359,335.6223,9442.8,5,True,63,6,10,47,342695->342700->343100->342865->342652->342116->342672->340587->342670->343657->342666->342663->342681->342617->342634->340699->342632->343072->341795->341544->341796->343669->341798->342622->341797->341771->341545->340698->341540->340697->343457->341546->344219->646319->563132->343774->343516->341492->341499->344500->342607->587988->342821->343267->343341->343340->341501->343078->647029->647031->647028->647033->342043->338909->338898->338897->340035->338396->338400->338399->338391->338773->613666->613667
static_fuel_dijkstra,od1_sinnonhyeon_suseo,long,peak,8.0,4,1302.8645,1123.7237,179.1408,1149.2031,409.5,9385.5,6,True,62,5,8,49,342695->342700->343100->342865->342652->342116->342672->340587->342670->343657->342666->342663->342681->342617->342618->342632->343072->341795->341544->341796->343669->341798->342622->341797->341771->341545->340698->341540->340697->343457->341546->344219->646319->563132->343774->343516->341492->340588->342606->342607->587988->342821->341768->646932->341500->341501->343078->647029->647031->647028->647033->342043->338909->338898->338897->340035->338396->338400->338399->338391->338773->613666->613667
static_fuel_dijkstra,od1_sinnonhyeon_suseo,long,peak,8.0,5,1349.6877,1206.603,143.0848,1235.3679,327.0791,9391.5,4,True,63,5,8,50,342695->342700->343100->342865->342652->342116->342672->340587->342670->343657->342666->342663->342681->342617->342634->340699->342632->343072->341795->341544->341796->343669->341798->342622->341797->341771->341545->340698->341540->340697->343457->341546->344219->646319->563132->343774->343516->341492->340588->342606->342607->587988->342821->341768->646932->341500->341501->343078->647029->647031->647028->647033->342043->338909->338898->338897->340035->338396->338400->338399->338391->338773->613666->613667
static_fuel_dijkstra,od1_sinnonhyeon_suseo,long,peak,8.0,6,1253.7907,1175.3552,78.4355,1154.7082,179.2966,9522.2,4,True,63,6,9,48,342695->342700->343100->342865->342652->342116->342672->340587->342670->343657->342666->342663->342681->342617->342618->343820->646558->340583->342072->341544->341796->343669->341798->342622->341797->341771->341545->340698->341540->340697->343457->341546->344219->646319->563132->343774->343516->341492->340588->342606->342607->587988->342821->341768->646932->341500->341501->343078->647029->647031->647028->647033->342043->338909->338898->338897->340035->338396->338400->338399->338391->338773->613666->613667
static_fuel_dijkstra,od1_sinnonhyeon_suseo,long,peak,8.0,7,1348.5664,1188.1943,160.3721,1132.3004,366.5965,9522.2,5,True,63,6,9,48,342695->342700->343100->342865->342652->342116->342672->340587->342670->343657->342666->342663->342681->342617->342618->343820->646558->340583->342072->341544->341796->343669->341798->342622->341797->341771->341545->340698->341540->340697->343457->341546->344219->646319->563132->343774->343516->341492->340588->342606->342607->587988->342821->341768->646932->341500->341501->343078->647029->647031->647028->647033->342043->338909->338898->338897->340035->338396->338400->338399->338391->338773->613666->613667
static_fuel_dijkstra,od1_sinnonhyeon_suseo,long,peak,8.0,8,1329.8002,1259.9391,69.8611,1179.2257,159.6963,9996.9,3,True,58,6,10,42,342695->342700->343100->342865->342652->342116->342672->340587->342670->343657->342666->342663->342681->342617->342634->340699->342632->343072->341795->341544->341796->343669->341798->342622->341797->341771->341545->340698->341540->340697->343457->341546->343780->342515->342516->342111->613883->340602->342772->563248->613949->344742->646964->344673->343077->338899->587863->340185->340168->340186->338897->340035->338396->338400->338399->338391->338773->613666->613667
static_fuel_dijkstra,od1_sinnonhyeon_suseo,long,peak,8.0,9,1357.4265,1182.7923,174.6342,1149.5933,399.1984,9460.4,5,True,63,7,11,45,342695->342700->343100->342865->342652->342116->342672->340587->342670->343657->342666->342663->342681->342617->342634->340699->342632->343072->341795->341544->341796->343669->341798->342622->341797->341771->341545->340698->341540->340697->343457->341546->344219->646319->563132->343774->343516->341492->340588->342606->342607->587988->342821->343267->343341->343340->341501->343078->647029->647031->647028->647033->342043->338909->338898->338897->340035->338396->338400->338399->338391->338773->613666->613667
static_fuel_dijkstra,od1_sinnonhyeon_suseo,long,peak,8.0,10,1322.4759,1273.5119,48.964,1242.4845,111.9274,10127.6,3,True,58,7,11,40,342695->342700->343100->342865->342652->342116->342672->340587->342670->343657->342666->342663->342681->342617->342618->343820->646558->340583->342072->341544->341796->343669->341798->342622->341797->341771->341545->340698->341540->340697->343457->341546->343780->342515->342516->342111->613883->340602->342772->563248->613949->344742->646964->344673->343077->338899->587863->340185->340168->340186->338897->340035->338396->338400->338399->338391->338773->613666->613667
static_fuel_dijkstra,od1_sinnonhyeon_suseo,long,peak,8.0,11,1216.0734,1120.0046,96.0688,1126.0904,219.6048,9442.8,5,True,63,6,10,47,342695->342700->343100->342865->342652->342116->342672->340587->342670->343657->342666->342663->342681->342617->342634->340699->342632->343072->341795->341544->341796->343669->341798->342622->341797->341771->341545->340698->341540->340697->343457->341546->344219->646319->563132->343774->343516->341492->341499->344500->342607->587988->342821->343267->343341->343340->341501->343078->647029->647031->647028->647033->342043->338909->338898->338897->340035->338396->338400->338399->338391->338773->613666->613667
static_fuel_dijkstra,od1_sinnonhyeon_suseo,long,peak,8.0,12,1356.6175,1182.826,173.7916,1159.5899,397.2721,9391.5,6,True,63,5,8,50,342695->342700->343100->342865->342652->342116->342672->340587->342670->343657->342666->342663->342681->342617->342634->340699->342632->343072->341795->341544->341796->343669->341798->342622->341797->341771->341545->340698->341540->340697->343457->341546->344219->646319->563132->343774->343516->341492->340588->342606->342607->587988->342821->341768->646932->341500->341501->343078->647029->647031->647028->647033->342043->338909->338898->338897->340035->338396->338400->338399->338391->338773->613666->613667
static_fuel_dijkstra,od1_sinnonhyeon_suseo,long,peak,8.0,13,1237.6168,1122.4939,115.1229,1084.2649,263.1607,9373.9,4,True,63,4,7,52,342695->342700->343100->342865->342652->342116->342672->340587->342670->343657->342666->342663->342681->342617->342634->340699->342632->343072->341795->341544->341796->343669->341798->342622->341797->341771->341545->340698->341540->340697->343457->341546->344219->646319->563132->343774->343516->341492->341499->344500->342607->587988->342821->341768->646932->341500->341501->343078->647029->647031->647028->647033->342043->338909->338898->338897->340035->338396->338400->338399->338391->338773->613666->613667
static_fuel_dijkstra,od1_sinnonhyeon_suseo,long,peak,8.0,14,1227.7373,1130.6591,97.0782,1105.3647,221.9121,9504.6,5,True,63,5,8,50,342695->342700->343100->342865->342652->342116->342672->340587->342670->343657->342666->342663->342681->342617->342618->343820->646558->340583->342072->341544->341796->343669->341798->342622->341797->341771->341545->340698->341540->340697->343457->341546->344219->646319->563132->343774->343516->341492->341499->344500->342607->587988->342821->341768->646932->341500->341501->343078->647029->647031->647028->647033->342043->338909->338898->338897->340035->338396->338400->338399->338391->338773->613666->613667
static_fuel_dijkstra,od1_sinnonhyeon_suseo,long,peak,8.0,15,1331.5092,1258.075,73.4342,1177.2516,167.8641,9522.2,5,True,63,6,9,48,342695->342700->343100->342865->342652->342116->342672->340587->342670->343657->342666->342663->342681->342617->342618->343820->646558->340583->342072->341544->341796->343669->341798->342622->341797->341771->341545->340698->341540->340697->343457->341546->344219->646319->563132->343774->343516->341492->340588->342606->342607->587988->342821->341768->646932->341500->341501->343078->647029->647031->647028->647033->342043->338909->338898->338897->340035->338396->338400->338399->338391->338773->613666->613667
static_fuel_dijkstra,od1_sinnonhyeon_suseo,long,peak,8.0,16,1295.3052,1210.5668,84.7384,1192.0268,193.7044,9830.6,5,True,68,9,8,51,342695->342700->343100->342865->342652->342116->342672->340587->342670->343657->342666->342663->342681->342617->342634->341794->341587->342681->342617->342618->343820->646558->340583->342072->341544->341796->343669->341798->342622->341797->341771->341545->340698->341540->340697->343457->341546->344219->646319->563132->343774->343516->341492->341499->344500->342607->587988->342821->341768->646932->341500->341501->343078->647029->647031->647028->647033->342043->338909->338898->338897->340035->338396->338400->338399->338391->338773->613666->613667
static_fuel_dijkstra,od1_sinnonhyeon_suseo,long,peak,8.0,17,1298.136,1128.1392,169.9967,1134.4497,388.5974,9504.6,6,True,63,5,8,50,342695->342700->343100->342865->342652->342116->342672->340587->342670->343657->342666->342663->342681->342617->342618->343820->646558->340583->342072->341544->341796->343669->341798->342622->341797->341771->341545->340698->341540->340697->343457->341546->344219->646319->563132->343774->343516->341492->341499->344500->342607->587988->342821->341768->646932->341500->341501->343078->647029->647031->647028->647033->342043->338909->338898->338897->340035->338396->338400->338399->338391->338773->613666->613667
static_fuel_dijkstra,od1_sinnonhyeon_suseo,long,peak,8.0,18,1345.1158,1291.8667,53.249,1366.8026,121.7226,10127.6,2,True,58,7,11,40,342695->342700->343100->342865->342652->342116->342672->340587->342670->343657->342666->342663->342681->342617->342618->343820->646558->340583->342072->341544->341796->343669->341798->342622->341797->341771->341545->340698->341540->340697->343457->341546->343780->342515->342516->342111->613883->340602->342772->563248->613949->344742->646964->344673->343077->338899->587863->340185->340168->340186->338897->340035->338396->338400->338399->338391->338773->613666->613667
static_fuel_dijkstra,od1_sinnonhyeon_suseo,long,peak,8.0,19,1265.8187,1157.9862,107.8325,1058.0488,246.4955,9391.5,5,True,63,5,8,50,342695->342700->343100->342865->342652->342116->342672->340587->342670->343657->342666->342663->342681->342617->342634->340699->342632->343072->341795->341544->341796->343669->341798->342622->341797->341771->341545->340698->341540->340697->343457->341546->344219->646319->563132->343774->343516->341492->340588->342606->342607->587988->342821->341768->646932->341500->341501->343078->647029->647031->647028->647033->342043->338909->338898->338897->340035->338396->338400->338399->338391->338773->613666->613667
static_fuel_dijkstra,od1_sinnonhyeon_suseo,long,peak,8.0,20,1234.8378,1154.1277,80.7101,1165.9367,184.4961,9522.2,5,True,63,6,9,48,342695->342700->343100->342865->342652->342116->342672->340587->342670->343657->342666->342663->342681->342617->342618->343820->646558->340583->342072->341544->341796->343669->341798->342622->341797->341771->341545->340698->341540->340697->343457->341546->344219->646319->563132->343774->343516->341492->340588->342606->342607->587988->342821->341768->646932->341500->341501->343078->647029->647031->647028->647033->342043->338909->338898->338897->340035->338396->338400->338399->338391->338773->613666->613667
static_fuel_dijkstra,od1_sinnonhyeon_suseo,long,peak,8.0,21,1344.7334,1268.2057,76.5277,1261.2445,174.9356,9591.1,4,True,63,8,12,43,342695->342700->343100->342865->342652->342116->342672->340587->342670->343657->342666->342663->342681->342617->342618->343820->646558->340583->342072->341544->341796->343669->341798->342622->341797->341771->341545->340698->341540->340697->343457->341546->344219->646319->563132->343774->343516->341492->340588->342606->342607->587988->342821->343267->343341->343340->341501->343078->647029->647031->647028->647033->342043->338909->338898->338897->340035->338396->338400->338399->338391->338773->613666->613667
static_fuel_dijkstra,od1_sinnonhyeon_suseo,long,peak,8.0,22,1330.1639,1295.4758,34.6881,1276.0042,79.2939,10127.6,3,True,58,7,11,40,342695->342700->343100->342865->342652->342116->342672->340587->342670->343657->342666->342663->342681->342617->342618->343820->646558->340583->342072->341544->341796->343669->341798->342622->341797->341771->341545->340698->341540->340697->343457->341546->343780->342515->342516->342111->613883->340602->342772->563248->613949->344742->646964->344673->343077->338899->587863->340185->340168->340186->338897->340035->338396->338400->338399->338391->338773->613666->613667
static_fuel_dijkstra,od1_sinnonhyeon_suseo,long,peak,8.0,23,1345.7321,1167.5189,178.2132,1108.7955,407.3795,9373.9,7,True,63,4,7,52,342695->342700->343100->342865->342652->342116->342672->340587->342670->343657->342666->342663->342681->342617->342634->340699->342632->343072->341795->341544->341796->343669->341798->342622->341797->341771->341545->340698->341540->340697->343457->341546->344219->646319->563132->343774->343516->341492->341499->344500->342607->587988->342821->341768->646932->341500->341501->343078->647029->647031->647028->647033->342043->338909->338898->338897->340035->338396->338400->338399->338391->338773->613666->613667
static_fuel_dijkstra,od1_sinnonhyeon_suseo,long,peak,8.0,24,1316.948,1164.7953,152.1526,1184.6986,347.8074,9442.8,6,True,63,6,10,47,342695->342700->343100->342865->342652->342116->342672->340587->342670->343657->342666->342663->342681->342617->342634->340699->342632->343072->341795->341544->341796->343669->341798->342622->341797->341771->341545->340698->341540->340697->343457->341546->344219->646319->563132->343774->343516->341492->341499->344500->342607->587988->342821->343267->343341->343340->341501->343078->647029->647031->647028->647033->342043->338909->338898->338897->340035->338396->338400->338399->338391->338773->613666->613667
static_fuel_dijkstra,od1_sinnonhyeon_suseo,long,peak,8.0,25,1289.9378,1217.5895,72.3484,1175.507,165.3819,9591.1,4,True,63,8,12,43,342695->342700->343100->342865->342652->342116->342672->340587->342670->343657->342666->342663->342681->342617->342618->343820->646558->340583->342072->341544->341796->343669->341798->342622->341797->341771->341545->340698->341540->340697->343457->341546->344219->646319->563132->343774->343516->341492->340588->342606->342607->587988->342821->343267->343341->343340->341501->343078->647029->647031->647028->647033->342043->338909->338898->338897->340035->338396->338400->338399->338391->338773->613666->613667
static_fuel_dijkstra,od1_sinnonhyeon_suseo,long,peak,8.0,26,1310.0294,1161.3155,148.7139,1155.091,339.9468,9522.2,6,True,63,6,9,48,342695->342700->343100->342865->342652->342116->342672->340587->342670->343657->342666->342663->342681->342617->342618->343820->646558->340583->342072->341544->341796->343669->341798->342622->341797->341771->341545->340698->341540->340697->343457->341546->344219->646319->563132->343774->343516->341492->340588->342606->342607->587988->342821->341768->646932->341500->341501->343078->647029->647031->647028->647033->342043->338909->338898->338897->340035->338396->338400->338399->338391->338773->613666->613667
static_fuel_dijkstra,od1_sinnonhyeon_suseo,long,peak,8.0,27,1314.4492,1147.1291,167.32,1184.1131,382.4787,9442.8,6,True,63,6,10,47,342695->342700->343100->342865->342652->342116->342672->340587->342670->343657->342666->342663->342681->342617->342634->340699->342632->343072->341795->341544->341796->343669->341798->342622->341797->341771->341545->340698->341540->340697->343457->341546->344219->646319->563132->343774->343516->341492->341499->344500->342607->587988->342821->343267->343341->343340->341501->343078->647029->647031->647028->647033->342043->338909->338898->338897->340035->338396->338400->338399->338391->338773->613666->613667
static_fuel_dijkstra,od1_sinnonhyeon_suseo,long,peak,8.0,28,1273.6864,1181.1735,92.5128,1193.9065,211.4761,9460.4,4,True,63,7,11,45,342695->342700->343100->342865->342652->342116->342672->340587->342670->343657->342666->342663->342681->342617->342634->340699->342632->343072->341795->341544->341796->343669->341798->342622->341797->341771->341545->340698->341540->340697->343457->341546->344219->646319->563132->343774->343516->341492->340588->342606->342607->587988->342821->343267->343341->343340->341501->343078->647029->647031->647028->647033->342043->338909->338898->338897->340035->338396->338400->338399->338391->338773->613666->613667
static_fuel_dijkstra,od1_sinnonhyeon_suseo,long,peak,8.0,29,1355.2599,1200.2506,155.0093,1174.573,354.3376,9504.6,6,True,63,5,8,50,342695->342700->343100->342865->342652->342116->342672->340587->342670->343657->342666->342663->342681->342617->342618->343820->646558->340583->342072->341544->341796->343669->341798->342622->341797->341771->341545->340698->341540->340697->343457->341546->344219->646319->563132->343774->343516->341492->341499->344500->342607->587988->342821->341768->646932->341500->341501->343078->647029->647031->647028->647033->342043->338909->338898->338897->340035->338396->338400->338399->338391->338773->613666->613667
static_fuel_dijkstra,od1_sinnonhyeon_suseo,long,peak,8.0,30,1364.165,1291.2682,72.8968,1167.8893,166.6355,9996.9,3,True,58,6,10,42,342695->342700->343100->342865->342652->342116->342672->340587->342670->343657->342666->342663->342681->342617->342634->340699->342632->343072->341795->341544->341796->343669->341798->342622->341797->341771->341545->340698->341540->340697->343457->341546->343780->342515->342516->342111->613883->340602->342772->563248->613949->344742->646964->344673->343077->338899->587863->340185->340168->340186->338897->340035->338396->338400->338399->338391->338773->613666->613667
static_fuel_dijkstra,od2_yangjae_yeongdong,long,off_peak,7.0,1,994.4446,874.1383,120.3063,902.6868,275.0096,6760.4,7,True,60,9,7,44,338734->338275->338104->338217->339014->339574->338735->338272->339089->338990->340239->339744->339087->340330->340328->339088->339091->339090->338268->338262->338586->339132->338258->613662->339651->338651->562919->562884->613773->613772->339003->339662->341549->342639->563096->342115->343710->341560->341518->341517->341516->341511->342869->341510->343158->343160->344191->344189->342755->341769->341499->341492->343516->343774->563132->646319->344219->341546->343780->342515->342812
static_fuel_dijkstra,od2_yangjae_yeongdong,long,off_peak,7.0,2,1001.3204,888.8927,112.4277,926.6785,256.9997,6763.9,8,True,59,7,6,46,338734->338275->338104->338103->339026->340554->339013->339014->339574->338735->338272->339089->338990->340239->339744->339087->340330->340328->339088->339091->339090->338268->338262->339922->340140->339002->338922->646291->338226->339093->339128->341549->342639->563096->342115->343710->341560->341518->341517->341516->341511->342869->341510->343158->343160->344191->344189->342755->341769->341499->341492->343516->343774->563132->646319->344219->341546->343780->342515->342812
static_fuel_dijkstra,od2_yangjae_yeongdong,long,off_peak,7.0,3,955.251,844.2929,110.9581,926.2173,253.6403,6556.0,6,True,54,5,4,45,338734->338275->340339->338217->339014->339574->338735->338272->339089->338990->340239->339744->339087->340330->340328->339088->339091->339090->338268->338262->339922->340140->339002->338922->646291->338226->338252->338199->338224->342071->341571->341521->342613->646707->563094->342114->341515->341510->343158->343160->344191->344189->342755->341769->341499->341492->343516->343774->563132->646319->344219->341546->343780->342515->342812
static_fuel_dijkstra,od2_yangjae_yeongdong,long,off_peak,7.0,4,1096.9965,1001.6685,95.328,1128.8019,217.9113,7644.3,5,True,75,10,13,52,338734->338275->338104->338103->339026->340326->339052->338163->339021->339067->338162->339056->340481->338654->338158->338157->338139->562936->339292->339070->613767->613766->613768->338253->339069->339134->338230->646176->339098->342073->342687->341600->342685->341607->344213->343102->341557->342643->341561->341562->341564->342645->342148->342644->613995->342640->342641->342642->646764->563119->563189->563191->341512->646737->341511->342869->341510->343158->343160->344191->344189->342755->342608->342607->342606->340588->341492->343516->343774->563132->646319->344219->341546->343780->342515->342812
static_fuel_dijkstra,od2_yangjae_yeongdong,long,off_peak,7.0,5,990.5631,896.8145,93.7486,992.7433,214.301,6553.2,5,True,57,6,5,46,338734->338275->340339->338217->339014->339574->338735->338272->339089->338990->340239->339744->339087->340330->340328->339088->339091->339090->338268->338262->339922->340140->339002->338922->646291->338226->338252->338199->338224->342071->341571->341996->342147->342648->341560->341518->341517->341516->341511->342869->341510->343158->343160->344191->344189->342755->341769->341499->341492->343516->343774->563132->646319->344219->341546->343780->342515->342812
static_fuel_dijkstra,od2_yangjae_yeongdong,long,off_peak,7.0,6,1132.5932,1032.4556,100.1376,1119.3619,228.9057,7644.3,4,True,75,10,13,52,338734->338275->338104->338103->339026->340326->339052->338163->339021->339067->338162->339056->340481->338654->338158->338157->338139->562936->339292->339070->613767->613766->613768->338253->339069->339134->338230->646176->339098->342073->342687->341600->342685->341607->344213->343102->341557->342643->341561->341562->341564->342645->342148->342644->613995->342640->342641->342642->646764->563119->563189->563191->341512->646737->341511->342869->341510->343158->343160->344191->344189->342755->342608->342607->342606->340588->341492->343516->343774->563132->646319->344219->341546->343780->342515->342812
static_fuel_dijkstra,od2_yangjae_yeongdong,long,off_peak,7.0,7,972.8824,859.9344,112.948,930.9249,258.1891,6760.4,6,True,60,9,7,44,338734->338275->338104->338217->339014->339574->338735->338272->339089->338990->340239->339744->339087->340330->340328->339088->339091->339090->338268->338262->338586->339132->338258->613662->339651->338651->562919->562884->613773->613772->339003->339662->341549->342639->563096->342115->343710->341560->341518->341517->341516->341511->342869->341510->343158->343160->344191->344189->342755->341769->341499->341492->343516->343774->563132->646319->344219->341546->343780->342515->342812
static_fuel_dijkstra,od2_yangjae_yeongdong,long,off_peak,7.0,8,1057.8918,871.8425,186.0492,932.9933,425.292,6698.3,9,True,62,9,7,46,338734->338275->338104->338103->339026->340326->339052->339028->339027->338133->338815->338250->646103->339088->339117->338775->338269->338705->339116->339138->338582->338268->338262->338586->339132->338258->613662->339651->338651->562919->562884->613773->613772->339003->339662->341549->342639->563096->342115->343710->341560->341518->341517->341516->341515->341510->343158->343160->344191->344189->342755->341769->341499->341492->343516->343774->563132->646319->344219->341546->343780->342515->342812
static_fuel_dijkstra,od2_yangjae_yeongdong,long,off_peak,7.0,9,1049.1927,868.824,180.3687,982.0092,412.3069,6718.9,8,True,58,7,7,44,338734->338275->338104->338103->339026->340326->339052->339028->339027->338133->338815->338250->339741->339066->338156->339090->338268->338262->338586->339132->338258->339538->338261->563143->588038->341607->342693->343943->343106->341601->646355->341593->344353->342694->563168->341608->342649->341592->341591->342631->563095->342614->342072->341544->341796->343669->341798->342622->341797->341771->341545->340698->341540->340697->343457->341546->343780->342515->342812
static_fuel_dijkstra,od2_yangjae_yeongdong,long,off_peak,7.0,10,1069.1403,934.8672,134.2731,1035.2904,306.9364,6899.0,9,True,65,10,8,47,338734->338275->338104->338103->339026->340554->339013->339014->339574->338735->338272->339089->338990->340239->339744->339087->340330->340328->339088->339091->339090->338268->338262->338586->339132->338258->613662->339651->338651->562919->562884->613773->613772->339003->339662->341549->342639->563096->342115->343710->341560->341518->341558->563191->341512->646737->341511->342869->341510->343158->343160->344191->344189->342755->341769->341499->341492->343516->343774->563132->646319->344219->341546->343780->342515->342812
static_fuel_dijkstra,od2_yangjae_yeongdong,long,off_peak,7.0,11,1004.2844,903.9021,100.3822,957.0232,229.4649,6902.0,6,True,63,10,8,45,338734->338275->338104->338103->339026->340554->339013->339014->339574->338735->338272->339089->338990->340239->339744->339087->340330->340328->339088->339091->339090->338268->338262->338586->339132->338258->613662->339651->338651->562919->562884->613773->613772->339003->339662->341549->342639->563096->342115->343710->341560->341518->341517->341516->341511->342869->341510->343158->343160->344191->344189->342755->341769->341499->341492->343516->343774->563132->646319->344219->341546->343780->342515->342812
static_fuel_dijkstra,od2_yangjae_yeongdong,long,off_peak,7.0,12,994.8717,922.6052,72.2664,1017.1665,165.1947,6981.9,4,True,69,6,8,55,338734->338275->338104->338103->339026->340326->339052->338163->339021->339067->338162->339056->340481->338654->338158->338157->338139->562936->339292->339070->613767->613766->613768->338253->339069->339134->338230->646176->339098->342073->342687->341600->342685->341607->344213->343102->341557->342643->341561->341562->341564->342645->341559->341985->341569->344767->341558->563191->341512->646737->341511->342869->341510->343158->343160->344191->344189->342755->341769->341499->341492->343516->343774->563132->646319->344219->341546->343780->342515->342812
static_fuel_dijkstra,od2_yangjae_yeongdong,long,off_peak,7.0,13,1073.1856,907.3026,165.883,1012.0793,379.1938,6926.1,7,True,59,6,6,47,338734->338275->338104->338103->339026->340326->339052->338163->339021->339067->338162->339056->340481->338654->338158->339433->338161->339430->338140->339015->339008->341612->341653->342703->342699->342695->342700->343100->342865->342652->342116->342672->340587->342670->343657->342666->342663->342681->342617->342618->343820->646558->340583->342072->341544->341796->343669->341798->342622->341797->341771->341545->340698->341540->340697->343457->341546->343780->342515->342812
static_fuel_dijkstra,od2_yangjae_yeongdong,long,off_peak,7.0,14,963.997,850.4723,113.5247,920.3418,259.5075,6698.6,8,True,63,9,7,47,338734->338275->338104->338103->339026->340326->339052->339028->339027->338133->338815->338250->646103->339088->339117->338775->338269->338705->339116->339138->338582->338268->338262->338586->339132->338258->613662->339651->338651->562919->562884->613773->613772->339003->339662->341549->342639->563096->342115->343710->341560->341518->341517->341516->341511->342869->341510->343158->343160->344191->344189->342755->341769->341499->341492->343516->343774->563132->646319->344219->341546->343780->342515->342812
static_fuel_dijkstra,od2_yangjae_yeongdong,long,off_peak,7.0,15,1072.8145,936.677,136.1375,1041.166,311.1982,7257.5,4,True,71,8,10,53,338734->338275->338104->338103->339026->340326->339052->338163->339021->339067->338162->339056->340481->338654->338158->338157->338139->562936->339292->339070->613767->613766->613768->338253->339069->339134->338230->646176->339098->342073->342687->341600->342685->341607->344213->343102->341557->342643->341561->341562->341564->342645->341559->341985->341569->344767->341558->563191->341512->646737->341511->342869->341510->343158->343160->344191->344189->342755->342608->342607->342606->340588->341492->343516->343774->563132->646319->344219->341546->343780->342515->342812
static_fuel_dijkstra,od2_yangjae_yeongdong,long,off_peak,7.0,16,1001.7861,880.5841,121.2019,908.8167,277.0568,6760.4,7,True,60,9,7,44,338734->338275->338104->338217->339014->339574->338735->338272->339089->338990->340239->339744->339087->340330->340328->339088->339091->339090->338268->338262->338586->339132->338258->613662->339651->338651->562919->562884->613773->613772->339003->339662->341549->342639->563096->342115->343710->341560->341518->341517->341516->341511->342869->341510->343158->343160->344191->344189->342755->341769->341499->341492->343516->343774->563132->646319->344219->341546->343780->342515->342812
static_fuel_dijkstra,od2_yangjae_yeongdong,long,off_peak,7.0,17,992.4276,864.4099,128.0177,893.3973,292.637,6537.6,8,True,56,6,5,45,338734->338275->340339->338217->339014->339574->338735->338272->339089->338990->340239->339744->339087->340330->340328->339088->339091->339090->338268->338262->339922->340140->339002->338922->646291->338226->339093->339128->341549->342639->563096->342115->343710->341560->341518->341517->341516->341511->342869->341510->343158->343160->344191->344189->342755->341769->341499->341492->343516->343774->563132->646319->344219->341546->343780->342515->342812
static_fuel_dijkstra,od2_yangjae_yeongdong,long,off_peak,7.0,18,1200.7974,895.5003,305.2971,996.2685,697.8821,6661.4,11,True,60,8,7,45,338734->338275->338104->338103->339026->340326->339052->339028->339027->338133->338815->338250->339741->339066->338156->339090->338268->338262->338586->339132->338258->339538->338261->563143->588038->341607->342693->343943->343106->341601->646355->341593->344353->342694->563168->341608->341777->341565->340710->341776->341538->613852->344181->342630->342628->341542->344210->342626->342633->646354->340708->341541->341539->563187->341540->340697->343457->341546->343780->342515->342812
static_fuel_dijkstra,od2_yangjae_yeongdong,long,off_peak,7.0,19,1011.3286,854.3514,156.9773,1000.2979,358.8361,6702.0,7,True,57,9,7,41,338734->338275->338104->338103->339026->340326->339052->339028->339027->338133->338815->338250->339741->339066->338156->339090->338268->338262->338586->339132->338258->613662->339651->338651->562919->562884->613773->613772->339003->339662->341549->342639->563096->342115->343710->341560->341518->341517->341516->341515->341510->343158->343160->344191->344189->342755->341769->341499->341492->343516->343774->563132->646319->344219->341546->343780->342515->342812
static_fuel_dijkstra,od2_yangjae_yeongdong,long,off_peak,7.0,20,978.586,886.5233,92.0627,964.5639,210.4471,6560.5,7,True,59,6,5,48,338734->338275->338104->338103->339026->340326->339052->339028->339027->338133->338815->338250->646103->339088->339117->338775->338269->338705->339116->339138->338582->338268->338262->339922->340140->339002->338922->646291->338226->339093->339128->341549->342639->563096->342115->343710->341560->341518->341517->341516->341511->342869->341510->343158->343160->344191->344189->342755->341769->341499->341492->343516->343774->563132->646319->344219->341546->343780->342515->342812
static_fuel_dijkstra,od2_yangjae_yeongdong,long,off_peak,7.0,21,1001.1764,893.0315,108.1449,940.9112,247.2097,6782.3,7,True,57,6,5,46,338734->338275->338104->338103->339026->340554->339013->339014->339574->338735->338272->339089->338990->340239->339744->339087->340330->340328->339088->339091->339090->338268->338262->339922->340140->339002->338922->646291->338226->338252->338199->338224->342071->341571->341521->342613->646707->563094->342114->341515->341510->343158->343160->344191->344189->342755->341769->341499->341492->343516->343774->563132->646319->344219->341546->343780->342515->342812
static_fuel_dijkstra,od2_yangjae_yeongdong,long,off_peak,7.0,22,1090.3514,946.9965,143.355,1021.7235,327.6968,6675.7,8,True,60,9,7,44,338734->338275->340339->338217->339014->339574->338735->338272->339089->338990->340239->339744->339087->340330->340328->339088->339091->339090->338268->338262->338586->339132->338258->613662->339651->338651->562919->562884->613773->613772->339003->339662->341549->342639->563096->342115->343710->341560->341518->341517->341516->341511->342869->341510->343158->343160->344191->344189->342755->341769->341499->341492->343516->343774->563132->646319->344219->341546->343780->342515->342812
static_fuel_dijkstra,od2_yangjae_yeongdong,long,off_peak,7.0,23,955.7262,839.2996,116.4266,929.6381,266.1408,6622.3,8,True,56,6,5,45,338734->338275->338104->338217->339014->339574->338735->338272->339089->338990->340239->339744->339087->340330->340328->339088->339091->339090->338268->338262->339922->340140->339002->338922->646291->338226->339093->339128->341549->342639->563096->342115->343710->341560->341518->341517->341516->341511->342869->341510->343158->343160->344191->344189->342755->341769->341499->341492->343516->343774->563132->646319->344219->341546->343780->342515->342812
static_fuel_dijkstra,od2_yangjae_yeongdong,long,off_peak,7.0,24,983.3166,895.9856,87.331,984.7671,199.6309,6981.9,4,True,69,6,8,55,338734->338275->338104->338103->339026->340326->339052->338163->339021->339067->338162->339056->340481->338654->338158->338157->338139->562936->339292->339070->613767->613766->613768->338253->339069->339134->338230->646176->339098->342073->342687->341600->342685->341607->344213->343102->341557->342643->341561->341562->341564->342645->341559->341985->341569->344767->341558->563191->341512->646737->341511->342869->341510->343158->343160->344191->344189->342755->341769->341499->341492->343516->343774->563132->646319->344219->341546->343780->342515->342812
static_fuel_dijkstra,od2_yangjae_yeongdong,long,off_peak,7.0,25,1000.6163,897.0214,103.5949,943.4371,236.8088,6675.7,7,True,60,9,7,44,338734->338275->340339->338217->339014->339574->338735->338272->339089->338990->340239->339744->339087->340330->340328->339088->339091->339090->338268->338262->338586->339132->338258->613662->339651->338651->562919->562884->613773->613772->339003->339662->341549->342639->563096->342115->343710->341560->341518->341517->341516->341511->342869->341510->343158->343160->344191->344189->342755->341769->341499->341492->343516->343774->563132->646319->344219->341546->343780->342515->342812
static_fuel_dijkstra,od2_yangjae_yeongdong,long,off_peak,7.0,26,1002.1307,847.1268,155.004,832.2946,354.3253,6622.3,9,True,56,6,5,45,338734->338275->338104->338217->339014->339574->338735->338272->339089->338990->340239->339744->339087->340330->340328->339088->339091->339090->338268->338262->339922->340140->339002->338922->646291->338226->339093->339128->341549->342639->563096->342115->343710->341560->341518->341517->341516->341511->342869->341510->343158->343160->344191->344189->342755->341769->341499->341492->343516->343774->563132->646319->344219->341546->343780->342515->342812
static_fuel_dijkstra,od2_yangjae_yeongdong,long,off_peak,7.0,27,1025.1346,856.7561,168.3785,964.4129,384.8982,6677.8,8,True,55,8,6,41,338734->338275->338104->338103->339026->340326->339052->338163->339021->338658->338657->338132->338156->339090->338268->338262->338586->339132->338258->613662->339651->338651->562919->562884->613773->613772->339003->339662->341549->342639->563096->342115->343710->341560->341518->341517->341516->341515->341510->343158->343160->344191->344189->342755->341769->341499->341492->343516->343774->563132->646319->344219->341546->343780->342515->342812
static_fuel_dijkstra,od2_yangjae_yeongdong,long,off_peak,7.0,28,1026.2926,894.6057,131.6869,892.8131,301.0246,6622.3,7,True,56,6,5,45,338734->338275->338104->338217->339014->339574->338735->338272->339089->338990->340239->339744->339087->340330->340328->339088->339091->339090->338268->338262->339922->340140->339002->338922->646291->338226->339093->339128->341549->342639->563096->342115->343710->341560->341518->341517->341516->341511->342869->341510->343158->343160->344191->344189->342755->341769->341499->341492->343516->343774->563132->646319->344219->341546->343780->342515->342812
static_fuel_dijkstra,od2_yangjae_yeongdong,long,off_peak,7.0,29,1007.4247,911.5782,95.8465,991.1442,219.0965,6637.9,6,True,57,6,5,46,338734->338275->338104->338217->339014->339574->338735->338272->339089->338990->340239->339744->339087->340330->340328->339088->339091->339090->338268->338262->339922->340140->339002->338922->646291->338226->338252->338199->338224->342071->341571->341996->342147->342648->341560->341518->341517->341516->341511->342869->341510->343158->343160->344191->344189->342755->341769->341499->341492->343516->343774->563132->646319->344219->341546->343780->342515->342812
static_fuel_dijkstra,od2_yangjae_yeongdong,long,off_peak,7.0,30,978.0519,857.071,120.9809,903.996,276.5516,6763.9,9,True,59,7,6,46,338734->338275->338104->338103->339026->340554->339013->339014->339574->338735->338272->339089->338990->340239->339744->339087->340330->340328->339088->339091->339090->338268->338262->339922->340140->339002->338922->646291->338226->339093->339128->341549->342639->563096->342115->343710->341560->341518->341517->341516->341511->342869->341510->343158->343160->344191->344189->342755->341769->341499->341492->343516->343774->563132->646319->344219->341546->343780->342515->342812
static_fuel_dijkstra,od2_yangjae_yeongdong,long,peak,8.0,1,1022.7061,916.8829,105.8232,1040.6404,241.9024,7168.1,7,True,70,14,9,47,338734->338736->338735->338272->339089->338990->339743->340334->339307->338934->338933->338631->339979->340332->338581->338269->338705->339116->339138->338582->338268->338583->587842->338768->338767->338254->339133->338229->338218->339571->338261->341734->341572->339293->338651->562919->562884->613773->613772->339003->339662->341549->342639->341564->342645->341559->342115->343710->341560->341518->341517->341516->341515->341510->343158->343160->344191->344189->342755->341769->341499->341492->343516->343774->563132->646319->344219->341546->343780->342515->342812
static_fuel_dijkstra,od2_yangjae_yeongdong,long,peak,8.0,2,1016.2498,937.2288,79.021,1082.752,180.635,7188.8,7,True,68,11,8,49,338734->338736->338735->338272->339089->338990->339743->340334->339307->338934->338933->338631->339979->340332->338581->338269->338705->339116->339138->338582->338268->338583->587842->338768->338767->338254->339133->338229->340484->339098->342073->342687->341600->342685->341607->344213->343102->341557->342643->341561->341562->341564->342645->341559->342115->343710->341560->341518->341517->341516->341515->341510->343158->343160->344191->344189->342755->341769->341499->341492->343516->343774->563132->646319->344219->341546->343780->342515->342812
static_fuel_dijkstra,od2_yangjae_yeongdong,long,peak,8.0,3,984.255,895.5327,88.7223,1069.3707,202.8113,6994.1,5,True,56,9,6,41,338734->338736->338735->338272->339089->338990->339743->340334->339307->338934->339087->340330->340328->339088->339091->339090->338268->338262->338586->339132->338258->613662->339651->338651->562919->562884->613773->339003->339662->341549->342639->563096->342115->343710->341560->341518->341517->341516->341515->341510->343158->343160->344191->344189->342755->341769->341499->341492->343516->343774->563132->646319->344219->341546->343780->342515->342812
static_fuel_dijkstra,od2_yangjae_yeongdong,long,peak,8.0,4,1047.213,976.8238,70.3892,1126.4429,160.9035,7464.4,7,True,70,13,10,47,338734->338736->338735->338272->339089->338990->339743->340334->339307->338934->338933->338631->339979->340332->338581->338269->338705->339116->339138->338582->338268->338583->587842->338768->338767->338254->339133->338229->340484->339098->342073->342687->341600->342685->341607->344213->343102->341557->342643->341561->341562->341564->342645->341559->342115->343710->341560->341518->341517->341516->341515->341510->343158->343160->344191->344189->342755->342608->342607->342606->340588->341492->343516->343774->563132->646319->344219->341546->343780->342515->342812
static_fuel_dijkstra,od2_yangjae_yeongdong,long,peak,8.0,5,1052.0075,884.365,167.6426,1046.9985,383.216,6740.0,6,True,67,9,6,52,338734->338736->338735->338272->339089->338990->339743->340334->339307->338934->338933->338631->339979->340332->338581->338269->338705->339116->339138->338582->338268->338583->587842->338768->338767->338254->339133->338229->338218->339571->338261->341734->341572->340705->341555->342643->341561->341562->341564->342645->341559->341985->341569->344767->341558->563191->341512->646737->341511->342869->341510->343158->343160->344191->344189->342755->341769->341499->341492->343516->343774->563132->646319->344219->341546->343780->342515->342812
static_fuel_dijkstra,od2_yangjae_yeongdong,long,peak,8.0,6,941.6349,885.7145,55.9204,1031.4814,127.8291,6852.1,5,True,70,9,6,55,338734->338736->338735->338272->339089->338990->339743->340334->339307->338934->338933->338631->339979->340332->338581->338269->338705->339116->339138->338582->338268->338583->587842->338768->338767->338254->339133->338229->340484->339098->342073->342687->341600->342685->341607->344213->343102->341557->342643->341561->341562->341564->342645->341559->341985->341569->344767->341558->563191->341512->646737->341511->342869->341510->343158->343160->344191->344189->342755->341769->341499->341492->343516->343774->563132->646319->344219->341546->343780->342515->342812
static_fuel_dijkstra,od2_yangjae_yeongdong,long,peak,8.0,7,1015.2965,933.1779,82.1186,1084.3904,187.7159,7188.8,6,True,68,11,8,49,338734->338736->338735->338272->339089->338990->339743->340334->339307->338934->338933->338631->339979->340332->338581->338269->338705->339116->339138->338582->338268->338583->587842->338768->338767->338254->339133->338229->340484->339098->342073->342687->341600->342685->341607->344213->343102->341557->342643->341561->341562->341564->342645->341559->342115->343710->341560->341518->341517->341516->341515->341510->343158->343160->344191->344189->342755->341769->341499->341492->343516->343774->563132->646319->344219->341546->343780->342515->342812
static_fuel_dijkstra,od2_yangjae_yeongdong,long,peak,8.0,8,1011.2628,919.1647,92.098,1064.336,210.5279,7189.1,7,True,69,11,8,50,338734->338736->338735->338272->339089->338990->339743->340334->339307->338934->338933->338631->339979->340332->338581->338269->338705->339116->339138->338582->338268->338583->587842->338768->338767->338254->339133->338229->340484->339098->342073->342687->341600->342685->341607->344213->343102->341557->342643->341561->341562->341564->342645->341559->342115->343710->341560->341518->341517->341516->341511->342869->341510->343158->343160->344191->344189->342755->341769->341499->341492->343516->343774->563132->646319->344219->341546->343780->342515->342812
static_fuel_dijkstra,od2_yangjae_yeongdong,long,peak,8.0,9,983.8257,935.2812,48.5445,1029.8632,110.9685,7244.5,6,True,70,12,9,49,338734->338736->338735->338272->339089->338990->339743->340334->339307->338934->338933->338631->339979->340332->338581->338269->338705->339116->339138->338582->338268->338583->587842->338768->338767->338254->339133->338229->340484->339098->342073->342687->341600->342685->341607->344213->343102->341557->342643->341561->341562->341552->342644->342148->342645->341559->342115->343710->341560->341518->341517->341516->341515->341510->343158->343160->344191->344189->342755->341769->341499->341492->343516->343774->563132->646319->344219->341546->343780->342515->342812
static_fuel_dijkstra,od2_yangjae_yeongdong,long,peak,8.0,10,1080.719,922.9904,157.7286,1067.0889,360.5537,6907.8,8,True,72,10,7,55,338734->338736->338735->338272->339089->338990->339743->340334->339307->338934->338933->338631->339979->340332->338581->338269->338705->339116->339138->338582->338268->338583->587842->338768->338767->338254->339133->338229->340484->339098->342073->342687->341600->342685->341607->344213->343102->341557->342643->341561->341562->341552->342644->342148->342645->341559->341985->341569->344767->341558->563191->341512->646737->341511->342869->341510->343158->343160->344191->344189->342755->341769->341499->341492->343516->343774->563132->646319->344219->341546->343780->342515->342812
static_fuel_dijkstra,od2_yangjae_yeongdong,long,peak,8.0,11,947.8079,885.0561,62.7518,1001.6512,143.4449,6831.4,7,True,72,12,7,53,338734->338736->338735->338272->339089->338990->339743->340334->339307->338934->338933->338631->339979->340332->338581->338269->338705->339116->339138->338582->338268->338583->587842->338768->338767->338254->339133->338229->338218->339571->338261->341734->341572->339293->338651->562919->562884->613773->613772->339003->339662->341549->342639->341564->342645->341559->341985->341569->344767->341558->563191->341512->646737->341511->342869->341510->343158->343160->344191->344189->342755->341769->341499->341492->343516->343774->563132->646319->344219->341546->343780->342515->342812
static_fuel_dijkstra,od2_yangjae_yeongdong,long,peak,8.0,12,981.8533,902.1109,79.7424,1107.1598,182.2841,7190.7,7,True,68,12,9,47,338734->338736->338735->338272->339089->338990->339743->340334->339307->338934->338933->338631->339979->340332->338581->338269->338705->339116->339138->338582->338268->338583->587842->338768->338767->338254->339133->338229->338218->338219->342074->341600->342685->341607->344213->343102->341557->342643->341561->341562->341564->342645->341559->342115->343710->341560->341518->341517->341516->341511->342869->341510->343158->343160->344191->344189->342755->341769->341499->341492->343516->343774->563132->646319->344219->341546->343780->342515->342812
static_fuel_dijkstra,od2_yangjae_yeongdong,long,peak,8.0,13,1007.6903,897.7129,109.9774,1042.8981,251.3986,7121.0,4,True,69,12,9,48,338734->338736->338735->338272->339089->338990->339743->340334->339307->338934->338933->338631->339979->340332->338581->338269->338705->339116->339138->338582->338268->338583->587842->338768->338767->338254->339133->338229->338218->339094->338258->613662->339651->338651->562919->562884->613773->339003->339662->341549->342639->563096->342115->343710->341560->341518->341517->341516->341511->342869->341510->343158->343160->344191->344189->342755->342608->342607->342606->340588->341492->343516->343774->563132->646319->344219->341546->343780->342515->342812
static_fuel_dijkstra,od2_yangjae_yeongdong,long,peak,8.0,14,1033.6529,945.8044,87.8485,1109.077,200.8138,7121.0,6,True,69,12,9,48,338734->338736->338735->338272->339089->338990->339743->340334->339307->338934->338933->338631->339979->340332->338581->338269->338705->339116->339138->338582->338268->338583->587842->338768->338767->338254->339133->338229->338218->339094->338258->613662->339651->338651->562919->562884->613773->339003->339662->341549->342639->563096->342115->343710->341560->341518->341517->341516->341511->342869->341510->343158->343160->344191->344189->342755->342608->342607->342606->340588->341492->343516->343774->563132->646319->344219->341546->343780->342515->342812
static_fuel_dijkstra,od2_yangjae_yeongdong,long,peak,8.0,15,1012.7052,924.5859,88.1193,1081.8321,201.4329,7188.8,6,True,68,11,8,49,338734->338736->338735->338272->339089->338990->339743->340334->339307->338934->338933->338631->339979->340332->338581->338269->338705->339116->339138->338582->338268->338583->587842->338768->338767->338254->339133->338229->340484->339098->342073->342687->341600->342685->341607->344213->343102->341557->342643->341561->341562->341564->342645->341559->342115->343710->341560->341518->341517->341516->341515->341510->343158->343160->344191->344189->342755->341769->341499->341492->343516->343774->563132->646319->344219->341546->343780->342515->342812
static_fuel_dijkstra,od2_yangjae_yeongdong,long,peak,8.0,16,1015.1609,926.8482,88.3127,1076.2408,201.875,7188.8,6,True,68,11,8,49,338734->338736->338735->338272->339089->338990->339743->340334->339307->338934->338933->338631->339979->340332->338581->338269->338705->339116->339138->338582->338268->338583->587842->338768->338767->338254->339133->338229->340484->339098->342073->342687->341600->342685->341607->344213->343102->341557->342643->341561->341562->341564->342645->341559->342115->343710->341560->341518->341517->341516->341515->341510->343158->343160->344191->344189->342755->341769->341499->341492->343516->343774->563132->646319->344219->341546->343780->342515->342812
static_fuel_dijkstra,od2_yangjae_yeongdong,long,peak,8.0,17,942.4895,878.3835,64.106,1003.9139,146.5407,6907.8,7,True,72,10,7,55,338734->338736->338735->338272->339089->338990->339743->340334->339307->338934->338933->338631->339979->340332->338581->338269->338705->339116->339138->338582->338268->338583->587842->338768->338767->338254->339133->338229->340484->339098->342073->342687->341600->342685->341607->344213->343102->341557->342643->341561->341562->341552->342644->342148->342645->341559->341985->341569->344767->341558->563191->341512->646737->341511->342869->341510->343158->343160->344191->344189->342755->341769->341499->341492->343516->343774->563132->646319->344219->341546->343780->342515->342812
static_fuel_dijkstra,od2_yangjae_yeongdong,long,peak,8.0,18,1126.1704,896.0329,230.1375,1078.5571,526.0739,6829.2,8,True,70,14,11,45,338734->338736->338735->338272->339089->338990->339743->340334->339307->338934->338933->338631->339979->340332->338581->338269->338705->339116->339138->338582->338268->338262->338586->339132->338258->613662->339651->338651->562919->562884->613773->613772->339003->339662->341549->341566->341568->341735->341564->342645->341559->341985->341569->341737->342641->341775->343989->341774->341547->563166->341548->343667->343076->344198->344512->344515->344195->344196->341543->588052->341499->341492->343516->343774->563132->646319->344219->341546->343780->342515->342812
static_fuel_dijkstra,od2_yangjae_yeongdong,long,peak,8.0,19,1025.7288,926.4937,99.2351,1071.6583,226.8427,7121.0,7,True,69,12,9,48,338734->338736->338735->338272->339089->338990->339743->340334->339307->338934->338933->338631->339979->340332->338581->338269->338705->339116->339138->338582->338268->338583->587842->338768->338767->338254->339133->338229->338218->339094->338258->613662->339651->338651->562919->562884->613773->339003->339662->341549->342639->563096->342115->343710->341560->341518->341517->341516->341511->342869->341510->343158->343160->344191->344189->342755->342608->342607->342606->340588->341492->343516->343774->563132->646319->344219->341546->343780->342515->342812
static_fuel_dijkstra,od2_yangjae_yeongdong,long,peak,8.0,20,1055.5026,997.0714,58.4313,1149.7794,133.5687,7464.4,7,True,70,13,10,47,338734->338736->338735->338272->339089->338990->339743->340334->339307->338934->338933->338631->339979->340332->338581->338269->338705->339116->339138->338582->338268->338583->587842->338768->338767->338254->339133->338229->340484->339098->342073->342687->341600->342685->341607->344213->343102->341557->342643->341561->341562->341564->342645->341559->342115->343710->341560->341518->341517->341516->341515->341510->343158->343160->344191->344189->342755->342608->342607->342606->340588->341492->343516->343774->563132->646319->344219->341546->343780->342515->342812
static_fuel_dijkstra,od2_yangjae_yeongdong,long,peak,8.0,21,1001.3427,911.2399,90.1028,1059.8846,205.967,7244.5,7,True,70,12,9,49,338734->338736->338735->338272->339089->338990->339743->340334->339307->338934->338933->338631->339979->340332->338581->338269->338705->339116->339138->338582->338268->338583->587842->338768->338767->338254->339133->338229->340484->339098->342073->342687->341600->342685->341607->344213->343102->341557->342643->341561->341562->341552->342644->342148->342645->341559->342115->343710->341560->341518->341517->341516->341515->341510->343158->343160->344191->344189->342755->341769->341499->341492->343516->343774->563132->646319->344219->341546->343780->342515->342812
static_fuel_dijkstra,od2_yangjae_yeongdong,long,peak,8.0,22,1022.8709,910.7152,112.1557,1012.5139,256.378,6953.6,8,True,72,10,7,55,338734->338736->338735->338272->339089->338990->339743->340334->339307->338934->338933->338631->339979->340332->338581->338269->338705->339116->339138->338582->338268->338583->587842->338768->338767->338254->339133->338229->340484->339098->342073->342687->341600->342685->341607->344213->343102->341557->342643->341561->341562->341552->342644->613995->342640->342641->341737->341569->344767->341558->563191->341512->646737->341511->342869->341510->343158->343160->344191->344189->342755->341769->341499->341492->343516->343774->563132->646319->344219->341546->343780->342515->342812
static_fuel_dijkstra,od2_yangjae_yeongdong,long,peak,8.0,23,1053.9218,1000.412,53.5098,1174.7213,122.3186,7466.3,6,True,70,14,11,45,338734->338736->338735->338272->339089->338990->339743->340334->339307->338934->338933->338631->339979->340332->338581->338269->338705->339116->339138->338582->338268->338583->587842->338768->338767->338254->339133->338229->338218->338219->342074->341600->342685->341607->344213->343102->341557->342643->341561->341562->341564->342645->341559->342115->343710->341560->341518->341517->341516->341511->342869->341510->343158->343160->344191->344189->342755->342608->342607->342606->340588->341492->343516->343774->563132->646319->344219->341546->343780->342515->342812
static_fuel_dijkstra,od2_yangjae_yeongdong,long,peak,8.0,24,981.3907,880.3135,101.0773,1032.0749,231.0536,6845.1,6,True,66,10,7,49,338734->338736->338735->338272->339089->338990->339743->340334->339307->338934->338933->338631->339979->340332->338581->338269->338705->339116->339138->338582->338268->338583->587842->338768->338767->338254->339133->338229->338218->339094->338258->613662->339651->338651->562919->562884->613773->339003->339662->341549->342639->563096->342115->343710->341560->341518->341517->341516->341515->341510->343158->343160->344191->344189->342755->341769->341499->341492->343516->343774->563132->646319->344219->341546->343780->342515->342812
static_fuel_dijkstra,od2_yangjae_yeongdong,long,peak,8.0,25,1015.0168,919.1976,95.8191,1048.7583,219.034,7188.8,6,True,68,11,8,49,338734->338736->338735->338272->339089->338990->339743->340334->339307->338934->338933->338631->339979->340332->338581->338269->338705->339116->339138->338582->338268->338583->587842->338768->338767->338254->339133->338229->340484->339098->342073->342687->341600->342685->341607->344213->343102->341557->342643->341561->341562->341564->342645->341559->342115->343710->341560->341518->341517->341516->341515->341510->343158->343160->344191->344189->342755->341769->341499->341492->343516->343774->563132->646319->344219->341546->343780->342515->342812
static_fuel_dijkstra,od2_yangjae_yeongdong,long,peak,8.0,26,1033.7519,930.6778,103.0741,1041.0147,235.6182,7188.8,6,True,68,11,8,49,338734->338736->338735->338272->339089->338990->339743->340334->339307->338934->338933->338631->339979->340332->338581->338269->338705->339116->339138->338582->338268->338583->587842->338768->338767->338254->339133->338229->340484->339098->342073->342687->341600->342685->341607->344213->343102->341557->342643->341561->341562->341564->342645->341559->342115->343710->341560->341518->341517->341516->341515->341510->343158->343160->344191->344189->342755->341769->341499->341492->343516->343774->563132->646319->344219->341546->343780->342515->342812
static_fuel_dijkstra,od2_yangjae_yeongdong,long,peak,8.0,27,1000.5254,920.5835,79.9419,1106.4229,182.7401,7121.0,6,True,69,12,9,48,338734->338736->338735->338272->339089->338990->339743->340334->339307->338934->338933->338631->339979->340332->338581->338269->338705->339116->339138->338582->338268->338583->587842->338768->338767->338254->339133->338229->338218->339094->338258->613662->339651->338651->562919->562884->613773->339003->339662->341549->342639->563096->342115->343710->341560->341518->341517->341516->341511->342869->341510->343158->343160->344191->344189->342755->342608->342607->342606->340588->341492->343516->343774->563132->646319->344219->341546->343780->342515->342812
static_fuel_dijkstra,od2_yangjae_yeongdong,long,peak,8.0,28,1004.0952,909.3833,94.7119,1047.814,216.503,7188.8,5,True,68,11,8,49,338734->338736->338735->338272->339089->338990->339743->340334->339307->338934->338933->338631->339979->340332->338581->338269->338705->339116->339138->338582->338268->338583->587842->338768->338767->338254->339133->338229->340484->339098->342073->342687->341600->342685->341607->344213->343102->341557->342643->341561->341562->341564->342645->341559->342115->343710->341560->341518->341517->341516->341515->341510->343158->343160->344191->344189->342755->341769->341499->341492->343516->343774->563132->646319->344219->341546->343780->342515->342812
static_fuel_dijkstra,od2_yangjae_yeongdong,long,peak,8.0,29,998.4944,867.7073,130.7871,977.2995,298.9678,6798.2,7,True,67,10,6,51,338734->338736->338735->338272->339089->338990->339743->340334->339307->338934->338933->338631->339979->340332->338581->338269->338705->339116->339138->338582->338268->338583->587842->338768->338767->338254->339133->338229->338218->339571->338261->341734->341572->339293->338651->562919->562884->613773->339003->339662->341549->342639->563096->342115->343710->341560->341518->341517->341516->341515->341510->343158->343160->344191->344189->342755->341769->341499->341492->343516->343774->563132->646319->344219->341546->343780->342515->342812
static_fuel_dijkstra,od2_yangjae_yeongdong,long,peak,8.0,30,1003.3267,923.6895,79.6372,1075.7691,182.0436,7188.8,6,True,68,11,8,49,338734->338736->338735->338272->339089->338990->339743->340334->339307->338934->338933->338631->339979->340332->338581->338269->338705->339116->339138->338582->338268->338583->587842->338768->338767->338254->339133->338229->340484->339098->342073->342687->341600->342685->341607->344213->343102->341557->342643->341561->341562->341564->342645->341559->342115->343710->341560->341518->341517->341516->341515->341510->343158->343160->344191->344189->342755->341769->341499->341492->343516->343774->563132->646319->344219->341546->343780->342515->342812
static_fuel_dijkstra,od3_segok_samsung,long,off_peak,7.0,1,1203.2461,1023.694,179.5521,873.7754,410.4401,8599.9,7,True,56,5,6,45,340301->340456->340502->340560->646141->587890->587891->339558->339337->111369->562926->111366->111357->111365->338931->340027->613620->613748->339941->646276->646278->646249->338395->338612->613667->613666->338773->338391->338399->338400->338396->340035->338897->338898->338909->342043->647033->647028->647032->647031->647029->343078->341501->341500->646932->341768->342821->343267->342611->563120->341494->613864->341507->341508->343159->340646->341509
static_fuel_dijkstra,od3_segok_samsung,long,off_peak,7.0,2,1178.5525,1005.5444,173.0081,868.1937,395.4812,8553.7,9,True,50,5,5,40,340301->340456->340502->340560->646141->587890->587891->339558->339337->111369->562926->111366->111357->111365->338931->340027->613620->613748->339941->646276->646278->646249->338395->338612->613667->613666->338773->338391->338399->338400->338396->340035->338897->338898->338909->342043->647033->647028->647032->647031->647029->343078->341501->343340->344393->341506->341507->341508->343159->340646->341509
static_fuel_dijkstra,od3_segok_samsung,long,off_peak,7.0,3,1190.8464,1041.3769,149.4695,917.4549,341.6739,7935.9,7,True,64,6,8,50,340301->340456->340502->340560->646141->587890->587891->339558->339337->111369->562926->111366->111357->111365->338931->340027->613620->613748->339941->646276->646278->646249->338395->338612->613667->613666->338773->338391->338399->338400->338396->340035->338897->340186->340168->340185->587863->338279->338280->339584->339216->338356->338355->562954->562956->338344->338312->339664->339000->339297->338311->339265->338310->343919->343726->341535->342613->646707->563094->342114->341515->341510->343158->341977->341509
static_fuel_dijkstra,od3_segok_samsung,long,off_peak,7.0,4,1134.9685,1001.9419,133.0266,894.0502,304.0871,7714.6,6,True,62,5,6,51,340301->340456->340502->340560->646141->587890->587891->339558->339337->111369->562926->111366->111357->111365->338931->340027->613620->613748->339941->646276->646278->646249->338395->338612->613667->613666->338773->338391->338399->338400->338396->340035->338897->340186->340168->340185->587863->338279->338280->339584->339216->338356->338355->562954->562956->338344->338312->339664->339000->339297->338311->339265->338310->343919->343726->341535->341739->342112->342113->341519->343157->342801->341509
static_fuel_dijkstra,od3_segok_samsung,long,off_peak,7.0,5,1203.6187,998.1284,205.4902,918.2626,469.7325,7714.6,7,True,62,5,6,51,340301->340456->340502->340560->646141->587890->587891->339558->339337->111369->562926->111366->111357->111365->338931->340027->613620->613748->339941->646276->646278->646249->338395->338612->613667->613666->338773->338391->338399->338400->338396->340035->338897->340186->340168->340185->587863->338279->338280->339584->339216->338356->338355->562954->562956->338344->338312->339664->339000->339297->338311->339265->338310->343919->343726->341535->341739->342112->342113->341519->343157->342801->341509
static_fuel_dijkstra,od3_segok_samsung,long,off_peak,7.0,6,1213.4635,1052.487,160.9764,918.3954,367.9779,8627.7,8,True,56,4,7,45,340301->340456->340502->340560->646141->587890->587891->339558->339337->111369->562926->111366->111357->111365->338931->340027->613620->613748->339941->646275->646277->613750->613789->613788->338611->613666->338773->338391->338399->338400->338396->340035->338897->338898->338909->342043->647033->647028->647032->647031->647029->343078->341501->341500->646932->341768->342821->343267->342611->563120->341494->613864->341507->341508->343159->340646->341509
static_fuel_dijkstra,od3_segok_samsung,long,off_peak,7.0,7,1177.0164,1020.7839,156.2324,878.1125,357.1335,7935.9,6,True,64,6,8,50,340301->340456->340502->340560->646141->587890->587891->339558->339337->111369->562926->111366->111357->111365->338931->340027->613620->613748->339941->646276->646278->646249->338395->338612->613667->613666->338773->338391->338399->338400->338396->340035->338897->340186->340168->340185->587863->338279->338280->339584->339216->338356->338355->562954->562956->338344->338312->339664->339000->339297->338311->339265->338310->343919->343726->341535->342613->646707->563094->342114->341515->341510->343158->341977->341509
static_fuel_dijkstra,od3_segok_samsung,long,off_peak,7.0,8,1222.5214,974.3505,248.171,888.0212,567.2968,8553.7,8,True,50,5,5,40,340301->340456->340502->340560->646141->587890->587891->339558->339337->111369->562926->111366->111357->111365->338931->340027->613620->613748->339941->646276->646278->646249->338395->338612->613667->613666->338773->338391->338399->338400->338396->340035->338897->338898->338909->342043->647033->647028->647032->647031->647029->343078->341501->343340->344393->341506->341507->341508->343159->340646->341509
static_fuel_dijkstra,od3_segok_samsung,long,off_peak,7.0,9,1205.0159,997.5379,207.478,911.3897,474.2763,7714.6,7,True,62,5,6,51,340301->340456->340502->340560->646141->587890->587891->339558->339337->111369->562926->111366->111357->111365->338931->340027->613620->613748->339941->646276->646278->646249->338395->338612->613667->613666->338773->338391->338399->338400->338396->340035->338897->340186->340168->340185->587863->338279->338280->339584->339216->338356->338355->562954->562956->338344->338312->339664->339000->339297->338311->339265->338310->343919->343726->341535->341739->342112->342113->341519->343157->342801->341509
static_fuel_dijkstra,od3_segok_samsung,long,off_peak,7.0,10,1218.9796,1009.554,209.4256,918.9298,478.7283,7714.6,8,True,62,5,6,51,340301->340456->340502->340560->646141->587890->587891->339558->339337->111369->562926->111366->111357->111365->338931->340027->613620->613748->339941->646276->646278->646249->338395->338612->613667->613666->338773->338391->338399->338400->338396->340035->338897->340186->340168->340185->587863->338279->338280->339584->339216->338356->338355->562954->562956->338344->338312->339664->339000->339297->338311->339265->338310->343919->343726->341535->341739->342112->342113->341519->343157->342801->341509
static_fuel_dijkstra,od3_segok_samsung,long,off_peak,7.0,11,1303.8299,1087.9247,215.9053,1043.0622,493.5402,7742.4,7,True,62,4,7,51,340301->340456->340502->340560->646141->587890->587891->339558->339337->111369->562926->111366->111357->111365->338931->340027->613620->613748->339941->646275->646277->613750->613789->613788->338611->613666->338773->338391->338399->338400->338396->340035->338897->340186->340168->340185->587863->338279->338280->339584->339216->338356->338355->562954->562956->338344->338312->339664->339000->339297->338311->339265->338310->343919->343726->341535->341739->342112->342113->341519->343157->342801->341509
static_fuel_dijkstra,od3_segok_samsung,long,off_peak,7.0,12,1258.3079,1029.8635,228.4444,936.2722,522.2037,8553.7,9,True,50,5,5,40,340301->340456->340502->340560->646141->587890->587891->339558->339337->111369->562926->111366->111357->111365->338931->340027->613620->613748->339941->646276->646278->646249->338395->338612->613667->613666->338773->338391->338399->338400->338396->340035->338897->338898->338909->342043->647033->647028->647032->647031->647029->343078->341501->343340->344393->341506->341507->341508->343159->340646->341509
static_fuel_dijkstra,od3_segok_samsung,long,off_peak,7.0,13,1282.9889,1090.6209,192.368,936.7748,439.7362,7795.6,7,True,63,5,8,50,340301->340456->340502->340560->646141->587890->587891->339558->339337->111369->562926->111366->111357->111365->338931->340027->613620->613748->339941->646276->646278->646277->613750->613789->613788->338611->613666->338773->338391->338399->338400->338396->340035->338897->340186->340168->340185->587863->338279->338280->339584->339216->338356->338355->562954->562956->338344->338312->339664->339000->339297->338311->339265->338310->343919->343726->341535->341739->342112->342113->341519->343157->342801->341509
static_fuel_dijkstra,od3_segok_samsung,long,off_peak,7.0,14,1259.638,1068.0356,191.6024,837.8722,437.986,8599.9,8,True,56,5,6,45,340301->340456->340502->340560->646141->587890->587891->339558->339337->111369->562926->111366->111357->111365->338931->340027->613620->613748->339941->646276->646278->646249->338395->338612->613667->613666->338773->338391->338399->338400->338396->340035->338897->338898->338909->342043->647033->647028->647032->647031->647029->343078->341501->341500->646932->341768->342821->343267->342611->563120->341494->613864->341507->341508->343159->340646->341509
static_fuel_dijkstra,od3_segok_samsung,long,off_peak,7.0,15,1201.6188,986.8866,214.7322,904.1162,490.8587,7714.6,7,True,62,5,6,51,340301->340456->340502->340560->646141->587890->587891->339558->339337->111369->562926->111366->111357->111365->338931->340027->613620->613748->339941->646276->646278->646249->338395->338612->613667->613666->338773->338391->338399->338400->338396->340035->338897->340186->340168->340185->587863->338279->338280->339584->339216->338356->338355->562954->562956->338344->338312->339664->339000->339297->338311->339265->338310->343919->343726->341535->341739->342112->342113->341519->343157->342801->341509
static_fuel_dijkstra,od3_segok_samsung,long,off_peak,7.0,16,1232.2393,1016.869,215.3704,886.4014,492.3175,7714.6,7,True,62,5,6,51,340301->340456->340502->340560->646141->587890->587891->339558->339337->111369->562926->111366->111357->111365->338931->340027->613620->613748->339941->646276->646278->646249->338395->338612->613667->613666->338773->338391->338399->338400->338396->340035->338897->340186->340168->340185->587863->338279->338280->339584->339216->338356->338355->562954->562956->338344->338312->339664->339000->339297->338311->339265->338310->343919->343726->341535->341739->342112->342113->341519->343157->342801->341509
static_fuel_dijkstra,od3_segok_samsung,long,off_peak,7.0,17,1254.1348,1064.2444,189.8905,1000.9015,434.0728,7963.7,7,True,64,5,9,50,340301->340456->340502->340560->646141->587890->587891->339558->339337->111369->562926->111366->111357->111365->338931->340027->613620->613748->339941->646275->646277->613750->613789->613788->338611->613666->338773->338391->338399->338400->338396->340035->338897->340186->340168->340185->587863->338279->338280->339584->339216->338356->338355->562954->562956->338344->338312->339664->339000->339297->338311->339265->338310->343919->343726->341535->342613->646707->563094->342114->341515->341510->343158->341977->341509
static_fuel_dijkstra,od3_segok_samsung,long,off_peak,7.0,18,1254.0528,1008.7189,245.3339,900.2458,560.8116,8553.7,9,True,50,5,5,40,340301->340456->340502->340560->646141->587890->587891->339558->339337->111369->562926->111366->111357->111365->338931->340027->613620->613748->339941->646276->646278->646249->338395->338612->613667->613666->338773->338391->338399->338400->338396->340035->338897->338898->338909->342043->647033->647028->647032->647031->647029->343078->341501->343340->344393->341506->341507->341508->343159->340646->341509
static_fuel_dijkstra,od3_segok_samsung,long,off_peak,7.0,19,1269.5178,1081.9121,187.6057,996.8388,428.85,8212.7,7,True,69,7,9,53,340301->340456->340502->340560->646141->587890->587891->339558->339337->111369->562926->111366->111357->111365->338931->340027->613620->613748->339941->646275->646277->646278->646276->339941->646275->646277->613750->613789->613788->338611->613666->338773->338391->338399->338400->338396->340035->338897->340186->340168->340185->587863->338279->338280->339584->339216->338356->338355->562954->562956->338344->338312->339664->339000->339297->338311->339265->338310->343919->343726->341535->342613->646707->563094->342114->341515->341510->343158->341977->341509
static_fuel_dijkstra,od3_segok_samsung,long,off_peak,7.0,20,1217.2155,1078.2377,138.9778,914.0385,317.691,7714.6,6,True,62,5,6,51,340301->340456->340502->340560->646141->587890->587891->339558->339337->111369->562926->111366->111357->111365->338931->340027->613620->613748->339941->646276->646278->646249->338395->338612->613667->613666->338773->338391->338399->338400->338396->340035->338897->340186->340168->340185->587863->338279->338280->339584->339216->338356->338355->562954->562956->338344->338312->339664->339000->339297->338311->339265->338310->343919->343726->341535->341739->342112->342113->341519->343157->342801->341509
static_fuel_dijkstra,od3_segok_samsung,long,off_peak,7.0,21,1287.4307,1072.2712,215.1595,923.5937,491.8355,7935.9,8,True,64,6,8,50,340301->340456->340502->340560->646141->587890->587891->339558->339337->111369->562926->111366->111357->111365->338931->340027->613620->613748->339941->646276->646278->646249->338395->338612->613667->613666->338773->338391->338399->338400->338396->340035->338897->340186->340168->340185->587863->338279->338280->339584->339216->338356->338355->562954->562956->338344->338312->339664->339000->339297->338311->339265->338310->343919->343726->341535->342613->646707->563094->342114->341515->341510->343158->341977->341509
static_fuel_dijkstra,od3_segok_samsung,long,off_peak,7.0,22,1318.2969,1096.6835,221.6134,904.5281,506.5886,8746.4,8,True,55,6,5,44,340301->340456->340502->340560->646141->587890->587891->339558->339337->111369->562926->111366->111357->111365->338931->340027->613620->613748->339941->646276->646278->646249->338395->338612->613667->613666->338773->338391->338399->338400->338396->340035->338897->338898->338909->342043->647033->647028->647032->647031->647029->343078->341501->341500->646932->341768->342821->587988->342607->342608->342755->344189->344191->343160->342800->341509
static_fuel_dijkstra,od3_segok_samsung,long,off_peak,7.0,23,1192.1744,1003.1545,189.02,863.3929,432.0829,8553.7,8,True,50,5,5,40,340301->340456->340502->340560->646141->587890->587891->339558->339337->111369->562926->111366->111357->111365->338931->340027->613620->613748->339941->646276->646278->646249->338395->338612->613667->613666->338773->338391->338399->338400->338396->340035->338897->338898->338909->342043->647033->647028->647032->647031->647029->343078->341501->343340->344393->341506->341507->341508->343159->340646->341509
static_fuel_dijkstra,od3_segok_samsung,long,off_peak,7.0,24,1184.1239,1002.6654,181.4585,992.8544,414.7981,7714.6,7,True,62,5,6,51,340301->340456->340502->340560->646141->587890->587891->339558->339337->111369->562926->111366->111357->111365->338931->340027->613620->613748->339941->646276->646278->646249->338395->338612->613667->613666->338773->338391->338399->338400->338396->340035->338897->340186->340168->340185->587863->338279->338280->339584->339216->338356->338355->562954->562956->338344->338312->339664->339000->339297->338311->339265->338310->343919->343726->341535->341739->342112->342113->341519->343157->342801->341509
static_fuel_dijkstra,od3_segok_samsung,long,off_peak,7.0,25,1296.8081,1056.4179,240.3903,1033.0697,549.5108,7720.2,9,True,63,5,6,52,340301->340456->340502->340560->646141->587890->587891->339558->339337->111369->562926->111366->111357->111365->338931->340027->613620->613748->339941->646275->646277->646278->646249->338395->338612->613667->613666->338773->338391->338399->338400->338396->340035->338897->340186->340168->340185->587863->338279->338280->339584->339216->338356->338355->562954->562956->338344->338312->339664->339000->339297->338311->339265->338310->343919->343726->341535->341739->342112->342113->341519->343157->342801->341509
static_fuel_dijkstra,od3_segok_samsung,long,off_peak,7.0,26,1204.532,1079.8043,124.7277,923.673,285.1164,7714.6,7,True,62,5,6,51,340301->340456->340502->340560->646141->587890->587891->339558->339337->111369->562926->111366->111357->111365->338931->340027->613620->613748->339941->646276->646278->646249->338395->338612->613667->613666->338773->338391->338399->338400->338396->340035->338897->340186->340168->340185->587863->338279->338280->339584->339216->338356->338355->562954->562956->338344->338312->339664->339000->339297->338311->339265->338310->343919->343726->341535->341739->342112->342113->341519->343157->342801->341509
static_fuel_dijkstra,od3_segok_samsung,long,off_peak,7.0,27,1227.2381,1023.5352,203.7029,959.7124,465.6467,7935.9,7,True,64,6,8,50,340301->340456->340502->340560->646141->587890->587891->339558->339337->111369->562926->111366->111357->111365->338931->340027->613620->613748->339941->646276->646278->646249->338395->338612->613667->613666->338773->338391->338399->338400->338396->340035->338897->340186->340168->340185->587863->338279->338280->339584->339216->338356->338355->562954->562956->338344->338312->339664->339000->339297->338311->339265->338310->343919->343726->341535->342613->646707->563094->342114->341515->341510->343158->341977->341509
static_fuel_dijkstra,od3_segok_samsung,long,off_peak,7.0,28,1253.3471,1057.9678,195.3792,962.8121,446.6195,7742.4,7,True,62,4,7,51,340301->340456->340502->340560->646141->587890->587891->339558->339337->111369->562926->111366->111357->111365->338931->340027->613620->613748->339941->646275->646277->613750->613789->613788->338611->613666->338773->338391->338399->338400->338396->340035->338897->340186->340168->340185->587863->338279->338280->339584->339216->338356->338355->562954->562956->338344->338312->339664->339000->339297->338311->339265->338310->343919->343726->341535->341739->342112->342113->341519->343157->342801->341509
static_fuel_dijkstra,od3_segok_samsung,long,off_peak,7.0,29,1193.4234,1032.9901,160.4333,910.2747,366.7363,8553.7,7,True,50,5,5,40,340301->340456->340502->340560->646141->587890->587891->339558->339337->111369->562926->111366->111357->111365->338931->340027->613620->613748->339941->646276->646278->646249->338395->338612->613667->613666->338773->338391->338399->338400->338396->340035->338897->338898->338909->342043->647033->647028->647032->647031->647029->343078->341501->343340->344393->341506->341507->341508->343159->340646->341509
static_fuel_dijkstra,od3_segok_samsung,long,off_peak,7.0,30,1180.7383,985.7615,194.9769,958.6236,445.6998,7714.6,7,True,62,5,6,51,340301->340456->340502->340560->646141->587890->587891->339558->339337->111369->562926->111366->111357->111365->338931->340027->613620->613748->339941->646276->646278->646249->338395->338612->613667->613666->338773->338391->338399->338400->338396->340035->338897->340186->340168->340185->587863->338279->338280->339584->339216->338356->338355->562954->562956->338344->338312->339664->339000->339297->338311->339265->338310->343919->343726->341535->341739->342112->342113->341519->343157->342801->341509
static_fuel_dijkstra,od3_segok_samsung,long,peak,8.0,1,1262.6017,1048.5144,214.0873,1069.7376,489.3845,7714.6,8,True,62,5,6,51,340301->340456->340502->340560->646141->587890->587891->339558->339337->111369->562926->111366->111357->111365->338931->340027->613620->613748->339941->646276->646278->646249->338395->338612->613667->613666->338773->338391->338399->338400->338396->340035->338897->340186->340168->340185->587863->338279->338280->339584->339216->338356->338355->562954->562956->338344->338312->339664->339000->339297->338311->339265->338310->343919->343726->341535->341739->342112->342113->341519->343157->342801->341509
static_fuel_dijkstra,od3_segok_samsung,long,peak,8.0,2,1246.6537,1006.5461,240.1076,1066.2296,548.8647,7714.6,7,True,62,5,6,51,340301->340456->340502->340560->646141->587890->587891->339558->339337->111369->562926->111366->111357->111365->338931->340027->613620->613748->339941->646276->646278->646249->338395->338612->613667->613666->338773->338391->338399->338400->338396->340035->338897->340186->340168->340185->587863->338279->338280->339584->339216->338356->338355->562954->562956->338344->338312->339664->339000->339297->338311->339265->338310->343919->343726->341535->341739->342112->342113->341519->343157->342801->341509
static_fuel_dijkstra,od3_segok_samsung,long,peak,8.0,3,1350.3331,1136.5734,213.7597,1119.733,488.6358,8016.9,6,True,65,6,10,49,340301->340456->340502->340560->646141->587890->587891->339558->339337->111369->562926->111366->111357->111365->338931->340027->613620->613748->339941->646276->646278->646277->613750->613789->613788->338611->613666->338773->338391->338399->338400->338396->340035->338897->340186->340168->340185->587863->338279->338280->339584->339216->338356->338355->562954->562956->338344->338312->339664->339000->339297->338311->339265->338310->343919->343726->341535->342613->646707->563094->342114->341515->341510->343158->341977->341509
static_fuel_dijkstra,od3_segok_samsung,long,peak,8.0,4,1343.2137,1106.9145,236.2992,1213.0615,540.1591,7742.4,7,True,62,4,7,51,340301->340456->340502->340560->646141->587890->587891->339558->339337->111369->562926->111366->111357->111365->338931->340027->613620->613748->339941->646275->646277->613750->613789->613788->338611->613666->338773->338391->338399->338400->338396->340035->338897->340186->340168->340185->587863->338279->338280->339584->339216->338356->338355->562954->562956->338344->338312->339664->339000->339297->338311->339265->338310->343919->343726->341535->341739->342112->342113->341519->343157->342801->341509
static_fuel_dijkstra,od3_segok_samsung,long,peak,8.0,5,1262.4375,1043.5031,218.9344,1064.554,500.4646,7795.6,7,True,63,5,8,50,340301->340456->340502->340560->646141->587890->587891->339558->339337->111369->562926->111366->111357->111365->338931->340027->613620->613748->339941->646276->646278->646277->613750->613789->613788->338611->613666->338773->338391->338399->338400->338396->340035->338897->340186->340168->340185->587863->338279->338280->339584->339216->338356->338355->562954->562956->338344->338312->339664->339000->339297->338311->339265->338310->343919->343726->341535->341739->342112->342113->341519->343157->342801->341509
static_fuel_dijkstra,od3_segok_samsung,long,peak,8.0,6,1275.8765,1045.0229,230.8536,1107.7449,527.7109,7941.5,6,True,65,6,8,51,340301->340456->340502->340560->646141->587890->587891->339558->339337->111369->562926->111366->111357->111365->338931->340027->613620->613748->339941->646275->646277->646278->646249->338395->338612->613667->613666->338773->338391->338399->338400->338396->340035->338897->340186->340168->340185->587863->338279->338280->339584->339216->338356->338355->562954->562956->338344->338312->339664->339000->339297->338311->339265->338310->343919->343726->341535->342613->646707->563094->342114->341515->341510->343158->341977->341509
static_fuel_dijkstra,od3_segok_samsung,long,peak,8.0,7,1347.9674,1063.256,284.7113,1080.2138,650.8248,7742.4,8,True,62,4,7,51,340301->340456->340502->340560->646141->587890->587891->339558->339337->111369->562926->111366->111357->111365->338931->340027->613620->613748->339941->646275->646277->613750->613789->613788->338611->613666->338773->338391->338399->338400->338396->340035->338897->340186->340168->340185->587863->338279->338280->339584->339216->338356->338355->562954->562956->338344->338312->339664->339000->339297->338311->339265->338310->343919->343726->341535->341739->342112->342113->341519->343157->342801->341509
static_fuel_dijkstra,od3_segok_samsung,long,peak,8.0,8,1385.1862,1111.0111,274.1751,1118.903,626.7398,7714.6,8,True,62,5,6,51,340301->340456->340502->340560->646141->587890->587891->339558->339337->111369->562926->111366->111357->111365->338931->340027->613620->613748->339941->646276->646278->646249->338395->338612->613667->613666->338773->338391->338399->338400->338396->340035->338897->340186->340168->340185->587863->338279->338280->339584->339216->338356->338355->562954->562956->338344->338312->339664->339000->339297->338311->339265->338310->343919->343726->341535->341739->342112->342113->341519->343157->342801->341509
static_fuel_dijkstra,od3_segok_samsung,long,peak,8.0,9,1345.5327,1125.8584,219.6742,1122.0876,502.1558,7963.7,8,True,64,5,9,50,340301->340456->340502->340560->646141->587890->587891->339558->339337->111369->562926->111366->111357->111365->338931->340027->613620->613748->339941->646275->646277->613750->613789->613788->338611->613666->338773->338391->338399->338400->338396->340035->338897->340186->340168->340185->587863->338279->338280->339584->339216->338356->338355->562954->562956->338344->338312->339664->339000->339297->338311->339265->338310->343919->343726->341535->342613->646707->563094->342114->341515->341510->343158->341977->341509
static_fuel_dijkstra,od3_segok_samsung,long,peak,8.0,10,1264.6908,1028.6609,236.03,1006.0589,539.5435,7714.6,8,True,62,5,6,51,340301->340456->340502->340560->646141->587890->587891->339558->339337->111369->562926->111366->111357->111365->338931->340027->613620->613748->339941->646276->646278->646249->338395->338612->613667->613666->338773->338391->338399->338400->338396->340035->338897->340186->340168->340185->587863->338279->338280->339584->339216->338356->338355->562954->562956->338344->338312->339664->339000->339297->338311->339265->338310->343919->343726->341535->341739->342112->342113->341519->343157->342801->341509
static_fuel_dijkstra,od3_segok_samsung,long,peak,8.0,11,1304.0095,1095.7296,208.2799,1097.7259,476.1094,7714.6,7,True,62,5,6,51,340301->340456->340502->340560->646141->587890->587891->339558->339337->111369->562926->111366->111357->111365->338931->340027->613620->613748->339941->646276->646278->646249->338395->338612->613667->613666->338773->338391->338399->338400->338396->340035->338897->340186->340168->340185->587863->338279->338280->339584->339216->338356->338355->562954->562956->338344->338312->339664->339000->339297->338311->339265->338310->343919->343726->341535->341739->342112->342113->341519->343157->342801->341509
static_fuel_dijkstra,od3_segok_samsung,long,peak,8.0,12,1265.9281,1094.1614,171.7666,1094.2824,392.6432,8205.8,5,True,68,11,12,45,340301->340456->340502->340560->646141->587890->587891->339558->339337->111369->562926->111366->111357->111365->338931->340027->613620->613748->339941->646276->646278->646249->338395->338612->613667->613666->338773->338391->338399->338400->338396->340035->338897->340186->340168->340185->587863->338279->338280->339584->339216->338356->338355->562954->562956->338344->338312->339664->339000->339297->338311->338769->338324->339229->343940->344529->344530->341533->341532->343937->343932->343933->341520->341513->646563->341508->343159->340646->341509
static_fuel_dijkstra,od3_segok_samsung,long,peak,8.0,13,1330.6153,1100.5564,230.0589,1117.2514,525.8943,7941.5,7,True,65,6,8,51,340301->340456->340502->340560->646141->587890->587891->339558->339337->111369->562926->111366->111357->111365->338931->340027->613620->613748->339941->646275->646277->646278->646249->338395->338612->613667->613666->338773->338391->338399->338400->338396->340035->338897->340186->340168->340185->587863->338279->338280->339584->339216->338356->338355->562954->562956->338344->338312->339664->339000->339297->338311->339265->338310->343919->343726->341535->342613->646707->563094->342114->341515->341510->343158->341977->341509
static_fuel_dijkstra,od3_segok_samsung,long,peak,8.0,14,1199.3067,1030.9087,168.398,881.1947,384.9428,8745.9,7,True,54,6,5,43,340301->340456->340502->340560->646141->587890->587891->339558->339337->111369->562926->111366->111357->111365->338931->340027->613620->613748->339941->646276->646278->646249->338395->338612->613667->613666->338773->338391->338399->338400->338396->340035->338897->338898->338909->342043->647033->647028->647031->647029->343078->341501->341500->646932->341768->342821->587988->342607->342608->342755->344189->344191->343160->342800->341509
static_fuel_dijkstra,od3_segok_samsung,long,peak,8.0,15,1307.419,1086.3572,221.0618,1119.4991,505.3275,7963.7,6,True,64,5,9,50,340301->340456->340502->340560->646141->587890->587891->339558->339337->111369->562926->111366->111357->111365->338931->340027->613620->613748->339941->646275->646277->613750->613789->613788->338611->613666->338773->338391->338399->338400->338396->340035->338897->340186->340168->340185->587863->338279->338280->339584->339216->338356->338355->562954->562956->338344->338312->339664->339000->339297->338311->339265->338310->343919->343726->341535->342613->646707->563094->342114->341515->341510->343158->341977->341509
static_fuel_dijkstra,od3_segok_samsung,long,peak,8.0,16,1324.0111,1098.8135,225.1976,1088.5261,514.7818,7963.7,8,True,64,5,9,50,340301->340456->340502->340560->646141->587890->587891->339558->339337->111369->562926->111366->111357->111365->338931->340027->613620->613748->339941->646275->646277->613750->613789->613788->338611->613666->338773->338391->338399->338400->338396->340035->338897->340186->340168->340185->587863->338279->338280->339584->339216->338356->338355->562954->562956->338344->338312->339664->339000->339297->338311->339265->338310->343919->343726->341535->342613->646707->563094->342114->341515->341510->343158->341977->341509
static_fuel_dijkstra,od3_segok_samsung,long,peak,8.0,17,1236.3802,1028.9167,207.4634,1076.7314,474.243,7714.6,6,True,62,5,6,51,340301->340456->340502->340560->646141->587890->587891->339558->339337->111369->562926->111366->111357->111365->338931->340027->613620->613748->339941->646276->646278->646249->338395->338612->613667->613666->338773->338391->338399->338400->338396->340035->338897->340186->340168->340185->587863->338279->338280->339584->339216->338356->338355->562954->562956->338344->338312->339664->339000->339297->338311->339265->338310->343919->343726->341535->341739->342112->342113->341519->343157->342801->341509
static_fuel_dijkstra,od3_segok_samsung,long,peak,8.0,18,1371.2683,1107.7345,263.5338,1138.8308,602.4148,7714.6,9,True,62,5,6,51,340301->340456->340502->340560->646141->587890->587891->339558->339337->111369->562926->111366->111357->111365->338931->340027->613620->613748->339941->646276->646278->646249->338395->338612->613667->613666->338773->338391->338399->338400->338396->340035->338897->340186->340168->340185->587863->338279->338280->339584->339216->338356->338355->562954->562956->338344->338312->339664->339000->339297->338311->339265->338310->343919->343726->341535->341739->342112->342113->341519->343157->342801->341509
static_fuel_dijkstra,od3_segok_samsung,long,peak,8.0,19,1369.6395,1167.5131,202.1264,1173.8345,462.043,7963.7,7,True,64,5,9,50,340301->340456->340502->340560->646141->587890->587891->339558->339337->111369->562926->111366->111357->111365->338931->340027->613620->613748->339941->646275->646277->613750->613789->613788->338611->613666->338773->338391->338399->338400->338396->340035->338897->340186->340168->340185->587863->338279->338280->339584->339216->338356->338355->562954->562956->338344->338312->339664->339000->339297->338311->339265->338310->343919->343726->341535->342613->646707->563094->342114->341515->341510->343158->341977->341509
static_fuel_dijkstra,od3_segok_samsung,long,peak,8.0,20,1238.7134,1007.0558,231.6576,1013.5132,529.5487,7742.4,8,True,62,4,7,51,340301->340456->340502->340560->646141->587890->587891->339558->339337->111369->562926->111366->111357->111365->338931->340027->613620->613748->339941->646275->646277->613750->613789->613788->338611->613666->338773->338391->338399->338400->338396->340035->338897->340186->340168->340185->587863->338279->338280->339584->339216->338356->338355->562954->562956->338344->338312->339664->339000->339297->338311->339265->338310->343919->343726->341535->341739->342112->342113->341519->343157->342801->341509
static_fuel_dijkstra,od3_segok_samsung,long,peak,8.0,21,1241.8352,1029.5392,212.296,1069.4478,485.2897,7742.4,8,True,62,4,7,51,340301->340456->340502->340560->646141->587890->587891->339558->339337->111369->562926->111366->111357->111365->338931->340027->613620->613748->339941->646275->646277->613750->613789->613788->338611->613666->338773->338391->338399->338400->338396->340035->338897->340186->340168->340185->587863->338279->338280->339584->339216->338356->338355->562954->562956->338344->338312->339664->339000->339297->338311->339265->338310->343919->343726->341535->341739->342112->342113->341519->343157->342801->341509
static_fuel_dijkstra,od3_segok_samsung,long,peak,8.0,22,1294.1367,1087.2594,206.8773,1145.4937,472.9031,7935.9,7,True,64,6,8,50,340301->340456->340502->340560->646141->587890->587891->339558->339337->111369->562926->111366->111357->111365->338931->340027->613620->613748->339941->646276->646278->646249->338395->338612->613667->613666->338773->338391->338399->338400->338396->340035->338897->340186->340168->340185->587863->338279->338280->339584->339216->338356->338355->562954->562956->338344->338312->339664->339000->339297->338311->339265->338310->343919->343726->341535->342613->646707->563094->342114->341515->341510->343158->341977->341509
static_fuel_dijkstra,od3_segok_samsung,long,peak,8.0,23,1251.9932,1033.6187,218.3745,1057.3712,499.1847,7714.6,8,True,62,5,6,51,340301->340456->340502->340560->646141->587890->587891->339558->339337->111369->562926->111366->111357->111365->338931->340027->613620->613748->339941->646276->646278->646249->338395->338612->613667->613666->338773->338391->338399->338400->338396->340035->338897->340186->340168->340185->587863->338279->338280->339584->339216->338356->338355->562954->562956->338344->338312->339664->339000->339297->338311->339265->338310->343919->343726->341535->341739->342112->342113->341519->343157->342801->341509
static_fuel_dijkstra,od3_segok_samsung,long,peak,8.0,24,1251.3551,1062.0787,189.2765,1136.4993,432.6692,7742.4,7,True,62,4,7,51,340301->340456->340502->340560->646141->587890->587891->339558->339337->111369->562926->111366->111357->111365->338931->340027->613620->613748->339941->646275->646277->613750->613789->613788->338611->613666->338773->338391->338399->338400->338396->340035->338897->340186->340168->340185->587863->338279->338280->339584->339216->338356->338355->562954->562956->338344->338312->339664->339000->339297->338311->339265->338310->343919->343726->341535->341739->342112->342113->341519->343157->342801->341509
static_fuel_dijkstra,od3_segok_samsung,long,peak,8.0,25,1270.1203,1058.504,211.6163,1072.0522,483.7362,7714.6,7,True,62,5,6,51,340301->340456->340502->340560->646141->587890->587891->339558->339337->111369->562926->111366->111357->111365->338931->340027->613620->613748->339941->646276->646278->646249->338395->338612->613667->613666->338773->338391->338399->338400->338396->340035->338897->340186->340168->340185->587863->338279->338280->339584->339216->338356->338355->562954->562956->338344->338312->339664->339000->339297->338311->339265->338310->343919->343726->341535->341739->342112->342113->341519->343157->342801->341509
static_fuel_dijkstra,od3_segok_samsung,long,peak,8.0,26,1259.8678,1054.0286,205.8392,1097.4325,470.5302,7714.6,7,True,62,5,6,51,340301->340456->340502->340560->646141->587890->587891->339558->339337->111369->562926->111366->111357->111365->338931->340027->613620->613748->339941->646276->646278->646249->338395->338612->613667->613666->338773->338391->338399->338400->338396->340035->338897->340186->340168->340185->587863->338279->338280->339584->339216->338356->338355->562954->562956->338344->338312->339664->339000->339297->338311->339265->338310->343919->343726->341535->341739->342112->342113->341519->343157->342801->341509
static_fuel_dijkstra,od3_segok_samsung,long,peak,8.0,27,1353.3221,1053.3611,299.9609,1110.8588,685.6841,7742.4,9,True,62,4,7,51,340301->340456->340502->340560->646141->587890->587891->339558->339337->111369->562926->111366->111357->111365->338931->340027->613620->613748->339941->646275->646277->613750->613789->613788->338611->613666->338773->338391->338399->338400->338396->340035->338897->340186->340168->340185->587863->338279->338280->339584->339216->338356->338355->562954->562956->338344->338312->339664->339000->339297->338311->339265->338310->343919->343726->341535->341739->342112->342113->341519->343157->342801->341509
static_fuel_dijkstra,od3_segok_samsung,long,peak,8.0,28,1239.1275,1023.8788,215.2487,1063.037,492.0394,7714.6,7,True,62,5,6,51,340301->340456->340502->340560->646141->587890->587891->339558->339337->111369->562926->111366->111357->111365->338931->340027->613620->613748->339941->646276->646278->646249->338395->338612->613667->613666->338773->338391->338399->338400->338396->340035->338897->340186->340168->340185->587863->338279->338280->339584->339216->338356->338355->562954->562956->338344->338312->339664->339000->339297->338311->339265->338310->343919->343726->341535->341739->342112->342113->341519->343157->342801->341509
static_fuel_dijkstra,od3_segok_samsung,long,peak,8.0,29,1245.6969,1044.5793,201.1176,1104.5025,459.7369,7714.6,6,True,62,5,6,51,340301->340456->340502->340560->646141->587890->587891->339558->339337->111369->562926->111366->111357->111365->338931->340027->613620->613748->339941->646276->646278->646249->338395->338612->613667->613666->338773->338391->338399->338400->338396->340035->338897->340186->340168->340185->587863->338279->338280->339584->339216->338356->338355->562954->562956->338344->338312->339664->339000->339297->338311->339265->338310->343919->343726->341535->341739->342112->342113->341519->343157->342801->341509
static_fuel_dijkstra,od3_segok_samsung,long,peak,8.0,30,1239.742,1074.6435,165.0985,1111.3466,377.4006,8205.8,6,True,68,11,12,45,340301->340456->340502->340560->646141->587890->587891->339558->339337->111369->562926->111366->111357->111365->338931->340027->613620->613748->339941->646276->646278->646249->338395->338612->613667->613666->338773->338391->338399->338400->338396->340035->338897->340186->340168->340185->587863->338279->338280->339584->339216->338356->338355->562954->562956->338344->338312->339664->339000->339297->338311->338769->338324->339229->343940->344529->344530->341533->341532->343937->343932->343933->341520->341513->646563->341508->343159->340646->341509
rl_base,od1_sinnonhyeon_suseo,long,off_peak,7.0,1,1358.8328,1189.9149,168.9179,1081.6413,386.1312,9356.3,7,True,59,5,8,46,342695->342700->343100->342865->342652->342116->342672->340587->342670->343657->342666->342663->342681->342617->342618->343820->646558->340583->563095->342614->340597->342633->342626->344210->341542->341773->341547->563166->341548->340707->343666->343075->341543->588052->341499->344500->342607->587988->342821->341768->646932->341500->341501->343078->647029->647031->647028->647033->342043->338909->338898->338897->340035->338396->338400->338399->338391->338773->613666->613667
rl_base,od1_sinnonhyeon_suseo,long,off_peak,7.0,2,1323.6159,1144.5012,179.1148,1034.9612,409.4405,9457.5,9,True,66,9,10,47,342695->342700->343100->342865->342652->342116->342672->340587->342670->343657->342666->342663->342681->342617->342618->343654->343653->343654->342618->343820->646558->340583->563095->342614->340597->342633->342626->344210->341542->341773->341547->563166->341548->340707->343666->343075->341543->588052->341499->344500->342607->587988->342821->341768->646932->341500->343341->343340->341501->343078->647029->647031->647032->647028->647033->342043->338909->338898->338897->340035->338396->338400->338399->338391->338773->613666->613667
rl_base,od1_sinnonhyeon_suseo,long,off_peak,7.0,3,1425.5641,1236.652,188.912,1023.3289,431.8362,9324.7,8,True,59,5,8,46,342695->342700->343100->342865->342652->342116->342672->340587->342670->343657->342666->342663->342681->342617->342618->343820->646558->340583->342072->342614->340597->342633->342626->344210->341542->341773->341547->563166->341548->340707->343666->343075->341543->588052->341499->344500->342607->587988->342821->341768->646932->341500->341501->343078->647029->647031->647028->647033->342043->338909->338898->338897->340035->338396->338400->338399->338391->338773->613666->613667
rl_base,od1_sinnonhyeon_suseo,long,off_peak,7.0,4,1296.9113,1128.2688,168.6425,1048.7185,385.5017,9538.9,10,True,64,8,11,45,342695->342700->343100->342865->342652->342116->342672->340587->342670->343657->342666->342663->342681->342617->342618->343820->646558->340583->563095->342614->340597->342633->342626->344210->341542->341773->341547->563166->341548->340707->343666->343075->341543->344196->344195->344513->344196->341543->588052->341499->344500->342607->587988->342821->341768->646932->341500->341501->343078->647029->647031->647028->647033->342043->338909->338898->338897->340035->338396->338400->338399->338391->338773->613666->613667
rl_base,od1_sinnonhyeon_suseo,long,off_peak,7.0,5,1329.805,1157.6016,172.2034,1043.4207,393.6417,9521.1,8,True,64,7,10,47,342695->342700->343100->342865->342652->342116->342672->342671->340702->341790->341589->340701->563070->340700->341581->342666->342663->342681->342617->342618->343820->646558->340583->563095->342614->340597->342633->342626->344210->341542->341773->341547->563166->341548->340707->343666->343075->341543->588052->341499->344500->342607->587988->342821->341768->646932->341500->341501->343078->647029->647031->647028->647033->342043->338909->338898->338897->340035->338396->338400->338399->338391->338773->613666->613667
rl_base,od1_sinnonhyeon_suseo,long,off_peak,7.0,6,1351.7693,1183.7344,168.0348,1062.9056,384.1127,9356.3,10,True,59,5,8,46,342695->342700->343100->342865->342652->342116->342672->340587->342670->343657->342666->342663->342681->342617->342618->343820->646558->340583->563095->342614->340597->342633->342626->344210->341542->341773->341547->563166->341548->340707->343666->343075->341543->588052->341499->344500->342607->587988->342821->341768->646932->341500->341501->343078->647029->647031->647028->647033->342043->338909->338898->338897->340035->338396->338400->338399->338391->338773->613666->613667
rl_base,od1_sinnonhyeon_suseo,long,off_peak,7.0,7,1539.0857,1365.3004,173.7852,1268.5607,397.2576,11151.4,9,True,61,6,9,46,342695->342700->343100->342865->342652->342116->342672->340587->342670->343657->342666->342663->342681->342617->342618->343820->646558->340583->563095->342614->340597->342633->342626->344210->341542->341773->341547->563166->341548->340707->343666->343075->341543->588052->341499->344500->342607->587988->342821->341768->646932->341500->341501->343078->647029->647031->647028->647033->342043->338909->338898->338903->338886->338371->339984->338403->338372->338404->338391->338773->613666->613667
rl_base,od1_sinnonhyeon_suseo,long,off_peak,7.0,8,1316.552,1136.2442,180.3079,1071.1368,412.1678,9356.3,10,True,59,5,8,46,342695->342700->343100->342865->342652->342116->342672->340587->342670->343657->342666->342663->342681->342617->342618->343820->646558->340583->563095->342614->340597->342633->342626->344210->341542->341773->341547->563166->341548->340707->343666->343075->341543->588052->341499->344500->342607->587988->342821->341768->646932->341500->341501->343078->647029->647031->647028->647033->342043->338909->338898->338897->340035->338396->338400->338399->338391->338773->613666->613667
rl_base,od1_sinnonhyeon_suseo,long,off_peak,7.0,9,1309.988,1137.9885,171.9995,1106.2758,393.1755,9324.7,8,True,59,5,8,46,342695->342700->343100->342865->342652->342116->342672->340587->342670->343657->342666->342663->342681->342617->342618->343820->646558->340583->342072->342614->340597->342633->342626->344210->341542->341773->341547->563166->341548->340707->343666->343075->341543->588052->341499->344500->342607->587988->342821->341768->646932->341500->341501->343078->647029->647031->647028->647033->342043->338909->338898->338897->340035->338396->338400->338399->338391->338773->613666->613667
rl_base,od1_sinnonhyeon_suseo,long,off_peak,7.0,10,1395.2456,1203.0745,192.1711,1004.8698,439.2862,9388.4,8,True,57,6,9,42,342695->342700->343100->342865->342652->342116->342672->340587->342670->343657->342666->342663->342681->342617->342618->343820->646558->340583->563095->342614->340597->342633->342626->344210->341542->341773->341547->563166->341548->340707->343666->343075->341543->588052->341499->344500->342607->587988->342821->341768->646932->341500->341501->343078->647029->647030->342043->338909->338898->338897->340035->338396->338400->338399->338391->338773->613666->613667
rl_base,od1_sinnonhyeon_suseo,long,off_peak,7.0,11,1525.8838,1340.4735,185.4103,1279.0553,423.8314,10044.9,7,True,78,9,14,55,342695->342700->343100->342865->342652->342116->342672->340587->342670->343657->342666->342663->342681->342617->342618->343820->646558->340583->563095->342614->340597->342633->342626->344210->341542->341773->341547->341774->343989->341775->342641->341737->341569->344767->341558->341518->341517->341516->341515->342114->563094->646707->342613->341535->343726->343919->338310->339265->338311->339297->339000->339664->338312->338344->562956->562954->338355->338356->339216->339584->340268->340269->587862->338280->338279->587863->340185->340186->338897->340035->340034->340035->338396->338400->338399->338391->338773->613666->613667
rl_base,od1_sinnonhyeon_suseo,long,off_peak,7.0,12,1363.5467,1187.2965,176.2502,1040.3421,402.8923,9865.9,9,True,63,6,8,49,342695->342699->342697->342699->342695->342700->343100->342865->342652->342116->342672->340587->342670->343657->342666->342663->342681->342617->342618->343820->646558->340583->342072->342614->340597->342633->342626->344210->341542->341773->341547->563166->341548->340707->343666->343075->341543->588052->341499->344500->342607->587988->342821->341768->646932->341500->341501->343078->647029->647031->647028->647033->342043->338909->338898->338897->340035->338396->338400->338399->338391->338773->613666->613667
rl_base,od1_sinnonhyeon_suseo,long,off_peak,7.0,13,1311.9974,1129.7889,182.2085,1056.2364,416.5125,9356.3,8,True,59,5,8,46,342695->342700->343100->342865->342652->342116->342672->340587->342670->343657->342666->342663->342681->342617->342618->343820->646558->340583->563095->342614->340597->342633->342626->344210->341542->341773->341547->563166->341548->340707->343666->343075->341543->588052->341499->344500->342607->587988->342821->341768->646932->341500->341501->343078->647029->647031->647028->647033->342043->338909->338898->338897->340035->338396->338400->338399->338391->338773->613666->613667
rl_base,od1_sinnonhyeon_suseo,long,off_peak,7.0,14,1434.4461,1188.8455,245.6006,1075.795,561.4212,9900.9,11,True,65,5,12,48,342695->342700->343100->342865->342652->342116->342672->340587->342670->343657->342666->342663->342681->342617->342618->343820->646558->340583->563095->342614->340597->342633->342626->344210->341542->341773->341547->563166->341548->340707->343666->343075->341543->588052->341499->344500->342607->342608->342755->341769->341499->344500->342607->587988->342821->341768->646932->341500->341501->343078->647029->647031->647028->647033->342043->338909->338898->338897->340035->338396->338400->338399->338391->338773->613666->613667
rl_base,od1_sinnonhyeon_suseo,long,off_peak,7.0,15,1321.7429,1134.0707,187.6722,1033.9319,429.002,9354.9,11,True,62,5,8,49,342695->342700->343100->342865->340641->340704->341588->341785->342116->342672->340587->342670->343657->342666->342663->342681->342617->342618->343820->646558->340583->563095->342614->340597->342633->342626->344210->341542->341773->341547->563166->341548->340707->343666->343075->341543->588052->341499->344500->342607->587988->342821->341768->646932->341500->341501->343078->647029->647031->647028->647033->342043->338909->338898->338897->340035->338396->338400->338399->338391->338773->613666->613667
rl_base,od1_sinnonhyeon_suseo,long,off_peak,7.0,16,1345.0056,1164.8631,180.1425,1093.4273,411.7897,9406.4,9,True,62,8,10,44,342695->342700->343100->342865->342652->342116->342672->340587->342670->343657->342666->342663->342681->342617->342618->343820->646558->340583->342072->342614->340597->342633->342626->344210->341542->341773->341547->563166->341548->340707->343666->343075->341543->588052->341499->344500->342607->587988->342821->341768->646932->342820->341500->343341->343340->341501->343078->647029->647031->647028->647033->342043->338909->338898->338897->340035->338396->338400->338399->338391->338773->613666->613667
rl_base,od1_sinnonhyeon_suseo,long,off_peak,7.0,17,1328.606,1127.1875,201.4185,1020.5306,460.4248,9662.0,8,True,65,7,12,46,342695->342700->343100->342865->342652->342116->342672->340587->342670->343657->342666->342663->342681->342617->342618->343820->646558->340583->342072->342614->340597->342633->342626->344210->341542->341773->341547->563166->341548->343668->341548->340707->343666->343075->341543->588052->341499->344500->342607->587988->342821->341768->646932->341500->341501->343340->343341->341500->341501->343078->647029->647031->647028->647033->342043->338909->338898->338897->340035->338396->338400->338399->338391->338773->613666->613667
rl_base,od1_sinnonhyeon_suseo,long,off_peak,7.0,18,1341.243,1143.5193,197.7238,1031.5559,451.979,9356.3,9,True,59,5,8,46,342695->342700->343100->342865->342652->342116->342672->340587->342670->343657->342666->342663->342681->342617->342618->343820->646558->340583->563095->342614->340597->342633->342626->344210->341542->341773->341547->563166->341548->340707->343666->343075->341543->588052->341499->344500->342607->587988->342821->341768->646932->341500->341501->343078->647029->647031->647028->647033->342043->338909->338898->338897->340035->338396->338400->338399->338391->338773->613666->613667
rl_base,od1_sinnonhyeon_suseo,long,off_peak,7.0,19,1982.0558,1790.1407,191.915,1773.2558,438.7007,13166.9,6,True,120,36,15,69,342695->342700->343100->342834->341621->344204->342159->342700->343100->342865->342652->342116->341788->341787->563170->341731->341603->341730->646623->341984->341732->342691->341733->341602->338230->646176->339098->340484->338229->339133->338254->338926->646136->339130->339129->338926->646136->339130->339129->338926->646136->339130->339129->338926->646136->339130->339129->338926->646136->339130->339129->338926->646136->339130->339129->338926->338254->338584->338267->340192->338229->338218->339571->338261->341734->341572->339293->338651->562921->562923->342153->341556->341555->342643->341561->341562->341564->342645->341559->342115->343710->341560->341518->341517->341516->341515->342114->563094->646707->342613->341535->343726->343919->338310->339265->338311->339297->339000->339664->338312->338344->562956->562954->338355->338356->339216->339584->338280->338279->587863->340185->340186->338897->340035->338396->338400->338399->338391->338773->613666->613667
rl_base,od1_sinnonhyeon_suseo,long,off_peak,7.0,20,1324.3878,1127.0206,197.3672,1039.9054,451.1639,9356.8,10,True,60,5,8,47,342695->342700->343100->342865->342652->342116->342672->340587->342670->343657->342666->342663->342681->342617->342618->343820->646558->340583->563095->342614->340597->342633->342626->344210->341542->341773->341547->563166->341548->340707->343666->343075->341543->588052->341499->344500->342607->587988->342821->341768->646932->341500->341501->343078->647029->647031->647032->647028->647033->342043->338909->338898->338897->340035->338396->338400->338399->338391->338773->613666->613667
rl_base,od1_sinnonhyeon_suseo,long,off_peak,7.0,21,1362.0741,1178.2102,183.8639,1023.5547,420.2964,9438.0,10,True,62,8,10,44,342695->342700->343100->342865->342652->342116->342672->340587->342670->343657->342666->342663->342681->342617->342618->343820->646558->340583->563095->342614->340597->342633->342626->344210->341542->341773->341547->563166->341548->340707->343666->343075->341543->588052->341499->344500->342607->587988->342821->341768->646932->342820->341500->343341->343340->341501->343078->647029->647031->647028->647033->342043->338909->338898->338897->340035->338396->338400->338399->338391->338773->613666->613667
rl_base,od1_sinnonhyeon_suseo,long,off_peak,7.0,22,1501.8663,1362.2402,139.6261,1374.7857,319.1729,10542.8,5,True,60,10,11,39,342695->342700->343100->342865->342652->342116->342672->340587->342670->343657->342666->342663->342681->342617->342618->343654->343653->343654->342618->343820->646558->340583->563095->342614->340597->342633->646354->340708->341541->341539->563187->341540->340697->343457->341546->343780->342515->342516->342111->613883->340602->342772->563248->613949->344742->646964->344673->343077->338899->587863->340185->340186->338897->340035->338396->338400->338399->338391->338773->613666->613667
rl_base,od1_sinnonhyeon_suseo,long,off_peak,7.0,23,1498.1698,1337.4893,160.6804,1343.8771,367.3012,9976.1,5,True,57,4,7,46,342695->342700->343100->342865->342652->342116->342672->340587->342670->343657->342666->342663->342681->342617->342634->340699->342632->343072->341795->341544->341796->343669->341798->342622->341797->341771->341545->340698->341540->340697->343457->341546->342524->343662->342516->342111->613883->340602->342772->563248->613949->344742->646964->344673->343077->338899->587863->340185->340186->338897->340035->338396->338400->338399->338391->338773->613666->613667
rl_base,od1_sinnonhyeon_suseo,long,off_peak,7.0,24,1434.4651,1169.3065,265.1586,1047.5893,606.1291,9343.2,10,True,59,5,8,46,342695->342700->343100->342865->342652->342116->342672->340587->342670->343657->342666->342663->342681->342617->646583->342615->343819->342631->563095->342614->340597->342633->342626->344210->341542->341773->341547->563166->341548->340707->343666->343075->341543->588052->341499->344500->342607->587988->342821->341768->646932->341500->341501->343078->647029->647031->647028->647033->342043->338909->338898->338897->340035->338396->338400->338399->338391->338773->613666->613667
rl_base,od1_sinnonhyeon_suseo,long,off_peak,7.0,25,1271.3594,1088.0935,183.2659,1055.9237,418.9296,9324.7,7,True,59,5,8,46,342695->342700->343100->342865->342652->342116->342672->340587->342670->343657->342666->342663->342681->342617->342618->343820->646558->340583->342072->342614->340597->342633->342626->344210->341542->341773->341547->563166->341548->340707->343666->343075->341543->588052->341499->344500->342607->587988->342821->341768->646932->341500->341501->343078->647029->647031->647028->647033->342043->338909->338898->338897->340035->338396->338400->338399->338391->338773->613666->613667
rl_base,od1_sinnonhyeon_suseo,long,off_peak,7.0,26,1459.0192,1283.874,175.1452,1085.6703,400.3663,9952.9,6,True,60,5,8,47,342695->342700->343100->342865->342652->342116->342672->340587->342670->343657->342666->341581->341792->342664->341793->341587->341794->342634->340699->342632->343072->341795->341544->341796->343669->341798->342622->341797->341771->341545->340698->341540->340697->343457->341546->343780->342515->342516->342111->613883->340602->342772->563248->613949->344742->646964->344673->343077->338899->587863->340185->340186->338897->340035->338396->338400->338399->338391->338773->613666->613667
rl_base,od1_sinnonhyeon_suseo,long,off_peak,7.0,27,1377.3028,1195.3984,181.9044,1091.1908,415.8174,9356.3,10,True,59,5,8,46,342695->342700->343100->342865->342652->342116->342672->340587->342670->343657->342666->342663->342681->342617->342618->343820->646558->340583->563095->342614->340597->342633->342626->344210->341542->341773->341547->563166->341548->340707->343666->343075->341543->588052->341499->344500->342607->587988->342821->341768->646932->341500->341501->343078->647029->647031->647028->647033->342043->338909->338898->338897->340035->338396->338400->338399->338391->338773->613666->613667
rl_base,od1_sinnonhyeon_suseo,long,off_peak,7.0,28,1385.6329,1219.2632,166.3697,1080.201,380.3063,9343.2,10,True,59,5,8,46,342695->342700->343100->342865->342652->342116->342672->340587->342670->343657->342666->342663->342681->342617->646583->342615->343819->342631->563095->342614->340597->342633->342626->344210->341542->341773->341547->563166->341548->340707->343666->343075->341543->588052->341499->344500->342607->587988->342821->341768->646932->341500->341501->343078->647029->647031->647028->647033->342043->338909->338898->338897->340035->338396->338400->338399->338391->338773->613666->613667
rl_base,od1_sinnonhyeon_suseo,long,off_peak,7.0,29,1405.9853,1204.5847,201.4006,1054.0451,460.3839,9955.7,9,True,62,6,8,48,342695->342700->343100->342865->342652->342116->342672->340587->342670->343657->342666->342663->342681->342617->342618->343820->646558->340583->563095->342614->340597->342633->342626->344210->341542->341773->341547->563166->341548->340707->343666->343075->341543->588052->341499->344500->342607->587988->342821->341768->646932->341500->341501->343078->647029->647031->647028->647032->647031->647029->647030->342043->338909->338898->338897->340035->338396->338400->338399->338391->338773->613666->613667
rl_base,od1_sinnonhyeon_suseo,long,off_peak,7.0,30,1455.3062,1299.0051,156.3011,1254.5729,357.2904,11151.4,9,True,61,6,9,46,342695->342700->343100->342865->342652->342116->342672->340587->342670->343657->342666->342663->342681->342617->342618->343820->646558->340583->563095->342614->340597->342633->342626->344210->341542->341773->341547->563166->341548->340707->343666->343075->341543->588052->341499->344500->342607->587988->342821->341768->646932->341500->341501->343078->647029->647031->647028->647033->342043->338909->338898->338903->338886->338371->339984->338403->338372->338404->338391->338773->613666->613667
rl_base,od1_sinnonhyeon_suseo,long,peak,8.0,1,1336.7422,1099.3507,237.3914,1143.046,542.6557,9522.5,10,True,67,7,10,50,342695->342700->343100->342865->340641->340704->341588->341785->342116->342672->340587->342670->343657->342666->341581->341792->342664->341793->341587->341794->342634->342617->342618->343820->646558->340583->563095->342614->340597->342633->342626->344210->341542->341773->341547->563166->341548->340707->343666->343075->341543->588052->341499->344500->342607->587988->342821->341768->646932->341500->341501->343078->647029->647031->647028->647033->342043->338909->338898->338897->340035->338396->338400->338399->338391->338773->613666->613667
rl_base,od1_sinnonhyeon_suseo,long,peak,8.0,2,1373.1643,1134.31,238.8544,1154.3507,545.9999,9478.4,9,True,64,5,8,51,342695->342700->343100->342865->340641->340704->341588->341785->342116->342672->340587->342670->343657->342666->342663->342681->342617->342634->340699->342632->343072->341795->341544->342072->342614->340597->342633->342626->344210->341542->341773->341547->563166->341548->340707->343666->343075->341543->588052->341499->344500->342607->587988->342821->341768->646932->341500->341501->343078->647029->647031->647028->647033->342043->338909->338898->338897->340035->338396->338400->338399->338391->338773->613666->613667
rl_base,od1_sinnonhyeon_suseo,long,peak,8.0,3,1352.2298,1228.8162,123.4135,1126.846,282.1124,9974.7,4,True,60,4,7,49,342695->342700->343100->342865->340641->340704->341588->341785->342116->342672->340587->342670->343657->342666->342663->342681->342617->342634->340699->342632->343072->341795->341544->341796->343669->341798->342622->341797->341771->341545->340698->341540->340697->343457->341546->342524->343662->342516->342111->613883->340602->342772->563248->613949->344742->646964->344673->343077->338899->587863->340185->340186->338897->340035->338396->338400->338399->338391->338773->613666->613667
rl_base,od1_sinnonhyeon_suseo,long,peak,8.0,4,1359.4778,1275.8954,83.5824,1164.3159,191.062,10229.9,5,True,63,7,10,46,342695->342700->343100->342865->342652->342116->342672->340587->342670->343657->342666->342663->342681->342617->342634->340699->342632->343072->341795->341544->341796->343669->341798->342622->341797->341771->341545->340698->341540->340697->343457->341546->343780->342515->342516->342111->613883->340602->342772->563248->613949->344742->646964->344673->343077->338899->587863->340185->340186->338897->340035->338396->338400->338399->338391->338773->613628->338388->338390->613789->613788->338611->613666->613667
rl_base,od1_sinnonhyeon_suseo,long,peak,8.0,5,1398.2292,1171.5758,226.6534,1209.7698,518.1095,9541.1,11,True,67,9,10,48,342695->342700->343100->342865->340641->340704->341588->341785->342116->342672->340587->342670->343657->342666->342663->342681->341587->341794->342634->342617->342618->343820->646558->646557->646558->340583->563095->342614->340597->342633->342626->344210->341542->341773->341547->563166->341548->340707->343666->343075->341543->588052->341499->344500->342607->587988->342821->341768->646932->341500->341501->343078->647029->647031->647028->647033->342043->338909->338898->338897->340035->338396->338400->338399->338391->338773->613666->613667
rl_base,od1_sinnonhyeon_suseo,long,peak,8.0,6,1434.5211,1234.7008,199.8203,1212.0399,456.7715,9923.5,11,True,69,5,12,52,342695->342700->343100->342865->340641->340704->341588->341785->342116->342652->342865->340641->340704->341588->341785->342116->342672->340587->342670->343657->342666->342663->342681->342617->342618->343820->646558->340583->563095->342614->340597->342633->342626->344210->341542->341773->341547->563166->341548->340707->343666->343075->341543->588052->341499->344500->342607->587988->342821->341768->646932->341500->341501->343078->647029->647031->647028->647033->342043->338909->338898->338897->340035->338396->338400->338399->338391->338773->613666->613667
rl_base,od1_sinnonhyeon_suseo,long,peak,8.0,7,1461.0772,1353.7471,107.3301,1200.2091,245.3471,10105.4,5,True,60,5,8,47,342695->342700->343100->342865->340641->340704->341588->341785->342116->342672->340587->342670->343657->342666->342663->342681->342617->342618->343820->646558->340583->342072->341544->341796->343669->341798->342622->341797->341771->341545->340698->341540->340697->343457->341546->342524->343662->342516->342111->613883->340602->342772->563248->613949->344742->646964->344673->343077->338899->587863->340185->340186->338897->340035->338396->338400->338399->338391->338773->613666->613667
rl_base,od1_sinnonhyeon_suseo,long,peak,8.0,8,1447.3476,1339.0001,108.3475,1215.5665,247.6728,10593.4,4,True,63,5,12,46,342695->342700->343100->342865->342652->342116->342672->340587->342670->343657->342666->342663->342681->342617->342634->340699->342632->343072->341795->341544->341796->343669->341798->342622->341797->341771->341545->340698->341540->340697->343457->341546->342524->343662->342516->342111->613883->613982->613883->340602->342772->563248->613949->344742->646964->344673->343077->338899->587863->340185->340186->338897->340035->338396->338400->338399->338391->338404->338405->338406->338391->338773->613666->613667
rl_base,od1_sinnonhyeon_suseo,long,peak,8.0,9,1477.8041,1319.3094,158.4947,1378.4571,362.3047,10844.0,8,True,69,11,7,51,342695->342700->343100->342834->341621->344204->342159->342700->343100->342865->342652->342116->342672->340587->342670->343657->342666->342663->342681->342617->342618->343820->646558->340583->563095->342614->340597->342633->342626->344210->341542->341773->341547->563166->341548->343668->341548->340707->343666->343075->341543->588052->341499->344500->342607->587988->342821->341768->646932->341500->341501->343078->343127->343078->647029->647031->647028->647033->342043->338909->338898->338897->340035->338396->338400->338399->338391->338773->613666->613667
rl_base,od1_sinnonhyeon_suseo,long,peak,8.0,10,1425.005,1197.1933,227.8116,1210.4729,520.7572,9558.9,11,True,65,5,10,50,342695->342700->343100->342865->340641->340704->341588->341785->342116->342672->340587->342670->343657->342666->342663->342681->342680->342150->646876->646875->646876->342150->341591->342631->563095->342614->340597->342633->342626->344210->341542->341773->341547->563166->341548->340707->343666->343075->341543->588052->341499->344500->342607->587988->342821->341768->646932->341500->341501->343078->647029->647031->647028->647033->342043->338909->338898->338897->340035->338396->338400->338399->338391->338773->613666->613667
rl_base,od1_sinnonhyeon_suseo,long,peak,8.0,11,1482.4062,1348.8631,133.5431,1248.6347,305.2676,10299.4,5,True,66,4,9,53,342695->342700->343100->342865->340641->340704->341588->341785->342116->342672->340587->342670->343657->342666->342665->342666->342663->342681->342617->342634->340699->342632->343072->341795->341544->341796->343669->341798->342622->341797->341771->341545->340698->341540->340697->343457->341546->342524->343662->342516->342111->613883->340602->342772->563248->613949->344742->646964->344673->343077->338899->587863->340185->340186->338897->340035->338396->338400->338399->338391->338773->613666->338611->613788->338395->338612->613667
rl_base,od1_sinnonhyeon_suseo,long,peak,8.0,12,1384.4636,1250.8007,133.6629,1207.4543,305.5416,9974.7,4,True,60,4,7,49,342695->342700->343100->342865->340641->340704->341588->341785->342116->342672->340587->342670->343657->342666->342663->342681->342617->342634->340699->342632->343072->341795->341544->341796->343669->341798->342622->341797->341771->341545->340698->341540->340697->343457->341546->342524->343662->342516->342111->613883->340602->342772->563248->613949->344742->646964->344673->343077->338899->587863->340185->340186->338897->340035->338396->338400->338399->338391->338773->613666->613667
rl_base,od1_sinnonhyeon_suseo,long,peak,8.0,13,1520.6174,1393.3849,127.2325,1254.7231,290.8422,11098.9,4,True,68,8,10,50,342695->342700->343100->342865->342652->342116->342672->340587->342670->343657->342666->342663->342681->342617->342634->340699->342632->343072->341795->341544->341796->343669->341798->342622->341797->341771->341545->340698->341540->340697->343457->341546->343780->342515->342516->342111->613883->340602->342772->563248->613949->344742->646964->344673->343077->338899->587863->338279->338758->338302->338301->338759->340268->340269->587862->587861->338279->587863->340185->340186->338897->340035->338396->338400->338399->338391->338773->613666->613667
rl_base,od1_sinnonhyeon_suseo,long,peak,8.0,14,1467.1847,1317.5912,149.5935,1348.8978,341.9576,10859.2,7,True,67,9,8,50,342695->342696->342695->342700->343100->342834->341621->344204->342159->342700->343100->342865->342652->342116->342672->340587->342670->343657->342666->342663->342681->342617->342618->343820->646558->340583->563095->342614->340597->342633->342626->344210->341542->341773->341547->563166->341548->340707->343666->343075->341543->588052->341499->344500->342607->587988->342821->341768->646932->341500->341501->343078->647029->647031->647028->647033->342043->338909->338898->338897->340035->338396->338400->338399->338391->338773->613666->613667
rl_base,od1_sinnonhyeon_suseo,long,peak,8.0,15,1530.7548,1395.6437,135.1111,1294.4506,308.8519,11129.6,7,True,69,11,10,48,342695->342700->343100->342865->342652->342116->342672->340587->342670->343657->342666->342663->342681->342617->342634->341794->341587->342681->342680->342150->341591->342631->563095->342614->342072->341544->341796->343669->341798->342622->341797->341771->341545->340698->341540->340697->343457->341546->343780->342515->342516->342111->613883->340602->342772->563248->613949->344742->646964->344673->343077->338899->587863->340185->340186->338897->340035->338396->338400->338399->338391->338773->613628->338388->338390->613789->613788->338611->613666->613667
rl_base,od1_sinnonhyeon_suseo,long,peak,8.0,16,1389.4123,1275.5693,113.843,1266.2819,260.2351,9974.7,4,True,60,4,7,49,342695->342700->343100->342865->340641->340704->341588->341785->342116->342672->340587->342670->343657->342666->342663->342681->342617->342634->340699->342632->343072->341795->341544->341796->343669->341798->342622->341797->341771->341545->340698->341540->340697->343457->341546->342524->343662->342516->342111->613883->340602->342772->563248->613949->344742->646964->344673->343077->338899->587863->340185->340186->338897->340035->338396->338400->338399->338391->338773->613666->613667
rl_base,od1_sinnonhyeon_suseo,long,peak,8.0,17,1425.3405,1205.0917,220.2488,1142.8221,503.4693,9710.0,9,True,63,5,7,51,342695->342700->342159->344204->341621->342834->343100->342865->342652->342116->342672->340587->342670->343657->342666->342663->342681->342617->342618->343820->646558->340583->563095->342614->340597->342633->342626->344210->341542->341773->341547->563166->341548->340707->343666->343075->341543->588052->341499->344500->342607->587988->342821->341768->646932->341500->341501->343078->647029->647031->647028->647033->342043->338909->338898->338897->340035->338396->338400->338399->338391->338773->613666->613667
rl_base,od1_sinnonhyeon_suseo,long,peak,8.0,18,1505.36,1332.5488,172.8112,1312.3182,395.031,10794.6,8,True,67,8,10,49,342695->342700->343100->342834->341621->344204->342159->342700->343100->342865->342652->342116->342672->340587->342670->343657->342666->342663->342681->342617->342618->343820->646558->340583->563095->342614->340597->342633->342626->344210->341542->341773->341547->563166->341548->340707->343666->343075->341543->588052->341499->344500->342607->587988->342821->341768->646932->341500->341501->343078->647029->647031->647028->647033->342043->338909->338898->338897->340035->340034->340035->338396->338400->338399->338391->338773->613666->613667
rl_base,od1_sinnonhyeon_suseo,long,peak,8.0,19,1280.028,1201.0356,78.9924,1108.8055,180.5696,10076.2,5,True,60,6,9,45,342695->342700->343100->342865->340641->340704->341588->341785->342116->342672->340587->342670->343657->342666->342663->342681->342617->342618->343820->646558->340583->342072->341544->341796->343669->341798->342622->341797->341771->341545->340698->341540->340697->343457->341546->343780->342515->342516->342111->613883->340602->342772->563248->613949->344742->646964->344673->343077->338899->587863->340185->340186->338897->340035->338396->338400->338399->338391->338773->613666->613667
rl_base,od1_sinnonhyeon_suseo,long,peak,8.0,20,1385.6038,1276.4074,109.1964,1368.6704,249.6133,9694.8,5,True,76,10,10,56,342695->342700->343100->342865->342652->342116->342672->340587->646667->646362->646363->646362->341982->342679->341983->342673->646784->646782->341597->344261->341907->341605->341594->343104->341601->343106->343943->342693->341607->344213->343102->341557->342643->341561->341562->341564->342639->563096->342115->563067->342636->342147->341996->341571->341521->342613->341535->343726->343919->338310->339265->338311->339297->339000->339664->338312->338344->562956->562954->338355->338356->339216->339584->338280->338279->587863->340185->340186->338897->340035->338396->338400->338399->338391->338773->613666->613667
rl_base,od1_sinnonhyeon_suseo,long,peak,8.0,21,1714.7092,1475.5978,239.1115,1504.0946,546.5876,12185.4,10,True,75,12,13,50,342695->342700->343100->342865->340641->340704->341588->341785->342116->342672->340587->342670->343657->342666->342663->342681->342617->342634->340699->342632->343072->341795->341544->342072->342614->340597->342633->342626->344210->341542->341773->341547->563166->341548->340707->343666->343075->341543->588052->341499->344500->342607->587988->342821->341768->646932->342820->341500->343341->343340->341501->343078->647029->647031->647028->647033->342043->338909->338898->338903->338886->338371->339984->338403->338372->338404->338391->338399->338400->646212->338398->338399->338391->338773->613666->613667
rl_base,od1_sinnonhyeon_suseo,long,peak,8.0,22,1411.529,1298.0476,113.4814,1261.2939,259.4084,10115.6,5,True,66,6,9,51,342695->342700->343100->342865->340641->340704->341588->341785->342116->342672->340587->341789->341589->340701->563070->342670->343657->342666->342663->342681->342617->342634->340699->342632->343072->341795->341544->341796->343669->341798->342622->341797->341771->341545->340698->341540->340697->343457->341546->342524->343662->342516->342111->613883->340602->342772->563248->613949->344742->646964->344673->343077->338899->587863->340185->340186->338897->340035->338396->338397->338402->338405->338404->338391->338773->613666->613667
rl_base,od1_sinnonhyeon_suseo,long,peak,8.0,23,1344.2969,1242.4034,101.8935,1207.8298,232.9195,10091.7,3,True,59,4,9,46,342695->342700->343100->342865->342652->342116->342672->340587->342670->343657->342666->342663->342681->342617->342634->340699->342632->343072->341795->341544->341796->343669->646874->343669->341798->342622->341797->341771->341545->340698->341540->340697->343457->341546->342524->343662->342516->342111->613883->340602->342772->563248->613949->344742->646964->344673->343077->338899->587863->340185->340186->338897->340035->338396->338400->338399->338391->338773->613666->613667
rl_base,od1_sinnonhyeon_suseo,long,peak,8.0,24,1962.841,1795.3726,167.4684,1766.9699,382.8179,14866.1,6,True,74,10,15,49,342695->342700->343100->342865->340641->340704->341588->341785->342116->342672->340587->342670->343657->342666->342663->342681->342617->342618->343820->646558->340583->342072->341544->341796->343669->341798->342622->341797->341771->341545->340698->341540->340697->343457->341546->343780->342515->342516->343662->614014->343663->614014->343662->342524->341546->343780->342515->342516->342111->613883->340602->342772->563248->613949->344742->646964->344673->343077->338899->587863->340185->340186->338897->338898->338903->338886->338371->339984->338403->338372->338404->338391->338773->613666->613667
rl_base,od1_sinnonhyeon_suseo,long,peak,8.0,25,1408.8947,1353.0041,55.8906,1311.7556,127.761,10076.2,4,True,60,6,9,45,342695->342700->343100->342865->340641->340704->341588->341785->342116->342672->340587->342670->343657->342666->342663->342681->342617->342618->343820->646558->340583->342072->341544->341796->343669->341798->342622->341797->341771->341545->340698->341540->340697->343457->341546->343780->342515->342516->342111->613883->340602->342772->563248->613949->344742->646964->344673->343077->338899->587863->340185->340186->338897->340035->338396->338400->338399->338391->338773->613666->613667
rl_base,od1_sinnonhyeon_suseo,long,peak,8.0,26,1352.2753,1242.1687,110.1066,1149.7517,251.6939,10031.5,3,True,59,4,9,46,342695->342700->343100->342865->342652->342116->342672->340587->342670->343657->343658->343657->342666->342663->342681->342617->342634->340699->342632->343072->341795->341544->341796->343669->341798->342622->341797->341771->341545->340698->341540->340697->343457->341546->342524->343662->342516->342111->613883->340602->342772->563248->613949->344742->646964->344673->343077->338899->587863->340185->340186->338897->340035->338396->338400->338399->338391->338773->613666->613667
rl_base,od1_sinnonhyeon_suseo,long,peak,8.0,27,1410.5513,1277.9949,132.5564,1225.8138,303.0122,9945.5,5,True,60,5,8,47,342695->342700->343100->342865->340641->340704->341588->341785->342116->342672->340587->342670->343657->342666->342663->342681->342617->342634->340699->342632->343072->341795->341544->341796->343669->341798->342622->341797->341771->341545->340698->341540->340697->343457->341546->343780->342515->342516->342111->613883->340602->342772->563248->613949->344742->646964->344673->343077->338899->587863->340185->340186->338897->340035->338396->338400->338399->338391->338773->613666->613667
rl_base,od1_sinnonhyeon_suseo,long,peak,8.0,28,1543.265,1418.9832,124.2818,1612.2117,284.0971,9945.5,5,True,60,5,8,47,342695->342700->343100->342865->340641->340704->341588->341785->342116->342672->340587->342670->343657->342666->342663->342681->342617->342634->340699->342632->343072->341795->341544->341796->343669->341798->342622->341797->341771->341545->340698->341540->340697->343457->341546->343780->342515->342516->342111->613883->340602->342772->563248->613949->344742->646964->344673->343077->338899->587863->340185->340186->338897->340035->338396->338400->338399->338391->338773->613666->613667
rl_base,od1_sinnonhyeon_suseo,long,peak,8.0,29,1345.9076,1205.503,140.4046,1145.1883,320.9525,9945.5,5,True,60,5,8,47,342695->342700->343100->342865->340641->340704->341588->341785->342116->342672->340587->342670->343657->342666->342663->342681->342617->342634->340699->342632->343072->341795->341544->341796->343669->341798->342622->341797->341771->341545->340698->341540->340697->343457->341546->343780->342515->342516->342111->613883->340602->342772->563248->613949->344742->646964->344673->343077->338899->587863->340185->340186->338897->340035->338396->338400->338399->338391->338773->613666->613667
rl_base,od1_sinnonhyeon_suseo,long,peak,8.0,30,1484.6501,1374.02,110.63,1206.8171,252.8904,10404.2,5,True,63,8,11,44,342695->342700->343100->342865->342652->342116->341785->341588->341786->341583->342674->342671->342672->340587->342670->343657->342666->342663->342681->342617->342618->343820->646558->340583->342072->341544->341796->343669->341798->342622->341797->341771->341545->340698->341540->340697->343457->341546->343780->342515->342516->342111->613883->340602->342772->563248->613949->344742->646964->344673->343077->338899->587863->340185->340186->338897->340035->338396->338400->338399->338391->338773->613666->613667
rl_base,od2_yangjae_yeongdong,long,off_peak,7.0,1,1300.9975,1064.2344,236.7631,1055.5947,541.2193,8228.8,11,True,74,15,15,44,338734->338736->338735->339574->338272->339089->338990->340239->339744->339087->339745->339087->340330->340328->339088->339091->339090->338268->338262->338586->339132->338258->339094->338218->338219->342074->341600->342685->341607->344213->343102->341557->342643->341561->341562->341552->342644->613995->342640->341551->341538->613852->344181->342630->342628->341542->344210->342626->342633->646354->340708->341541->341539->563187->341540->340697->343457->341546->344219->646319->646416->646417->646416->646353->344394->343664->646556->343664->344394->646353->342524->343662->342516->342515->342812
rl_base,od2_yangjae_yeongdong,long,off_peak,7.0,2,1061.6365,849.835,211.8015,905.3815,484.1594,6728.6,9,True,56,10,9,37,338734->338736->338735->339574->338272->339089->338990->340239->339744->339087->340330->340328->339088->339091->339090->338268->338262->338586->339132->338258->613662->339651->338651->562921->562923->342153->341556->341555->342643->341561->341562->341552->342644->613995->342640->341551->341538->613852->344181->342630->342628->341542->344210->342626->342633->646354->340708->341541->341539->563187->341540->340697->343457->341546->343780->342515->342812
rl_base,od2_yangjae_yeongdong,long,off_peak,7.0,3,1164.9791,882.8325,282.1466,890.6935,644.962,6728.6,11,True,56,10,9,37,338734->338736->338735->339574->338272->339089->338990->340239->339744->339087->340330->340328->339088->339091->339090->338268->338262->338586->339132->338258->613662->339651->338651->562921->562923->342153->341556->341555->342643->341561->341562->341552->342644->613995->342640->341551->341538->613852->344181->342630->342628->341542->344210->342626->342633->646354->340708->341541->341539->563187->341540->340697->343457->341546->343780->342515->342812
rl_base,od2_yangjae_yeongdong,long,off_peak,7.0,4,1095.5878,871.8861,223.7017,877.9044,511.3622,6728.6,9,True,56,10,9,37,338734->338736->338735->339574->338272->339089->338990->340239->339744->339087->340330->340328->339088->339091->339090->338268->338262->338586->339132->338258->613662->339651->338651->562921->562923->342153->341556->341555->342643->341561->341562->341552->342644->613995->342640->341551->341538->613852->344181->342630->342628->341542->344210->342626->342633->646354->340708->341541->341539->563187->341540->340697->343457->341546->343780->342515->342812
rl_base,od2_yangjae_yeongdong,long,off_peak,7.0,5,1101.4453,893.2963,208.149,910.1728,475.8102,7105.3,9,True,56,11,10,35,338734->338736->338735->339574->338272->339089->338990->340239->339744->339087->340330->340328->339088->339091->339090->338268->338262->338586->339132->338258->613662->339651->338651->562921->562923->342153->341556->341555->342643->341561->341562->341552->341563->341553->341554->341551->341538->613852->344181->342630->342628->341542->344210->342626->342633->646354->340708->341541->341539->563187->341540->340697->343457->341546->343780->342515->342812
rl_base,od2_yangjae_yeongdong,long,off_peak,7.0,6,1127.6399,876.6988,250.9412,975.2547,573.6292,6885.1,11,True,58,11,9,38,338734->338736->338735->339574->339014->338217->338104->338103->339026->340326->339052->338163->339021->338658->338657->338132->338156->339090->338268->338262->338586->339132->338258->613662->339651->338651->339293->341572->588040->341557->342643->341561->341562->341552->342644->613995->342640->341551->341538->613852->344181->342630->342628->341542->344210->342626->342633->646354->340708->341541->341539->563187->341540->340697->343457->341546->343780->342515->342812
rl_base,od2_yangjae_yeongdong,long,off_peak,7.0,7,1115.7087,903.7191,211.9896,903.9992,484.5895,6762.0,7,True,58,12,9,37,338734->338736->338735->339574->338272->339089->338990->340239->339744->339087->340330->340328->340327->340328->339088->339091->339090->338268->338262->338586->339132->338258->613662->339651->338651->562921->562923->342153->341556->341555->342643->341561->341562->341552->342644->613995->342640->341551->341538->613852->344181->342630->342628->341542->344210->342626->342633->646354->340708->341541->341539->563187->341540->340697->343457->341546->343780->342515->342812
rl_base,od2_yangjae_yeongdong,long,off_peak,7.0,8,1143.3501,929.613,213.737,896.0713,488.5839,7042.2,9,True,62,12,11,39,338734->338736->338735->339574->338272->339089->338990->340239->340238->340239->339744->339087->340330->340328->339088->339091->339090->338268->338262->338586->339132->338258->613662->339651->338651->562921->562923->342153->341556->341555->342643->341561->341562->341552->342644->613995->342640->341551->341538->613852->344181->342630->342628->341542->342627->343944->342627->341542->344210->342626->342633->646354->340708->341541->341539->563187->341540->340697->343457->341546->343780->342515->342812
rl_base,od2_yangjae_yeongdong,long,off_peak,7.0,9,1243.743,1017.2216,226.5214,1067.4273,517.8079,7831.2,7,True,72,10,10,52,338734->338736->338735->339574->339014->338217->338104->338103->339026->340326->339052->338163->339021->339067->338162->339056->340481->338654->338158->339433->339432->339430->338140->339015->339008->341612->341653->342703->342702->587944->342702->342703->342699->342695->342700->343100->342865->342652->342116->342672->340587->341789->341589->341791->342678->342667->342662->342682->587943->646411->341586->646410->342677->342495->342496->343071->344391->342512->341801->341272->341799->342510->341803->342523->343378->341269->341713->343039->341268->343040->341711->341263->342812
rl_base,od2_yangjae_yeongdong,long,off_peak,7.0,10,1081.818,850.6195,231.1985,872.3615,528.4993,6728.6,9,True,56,10,9,37,338734->338736->338735->339574->338272->339089->338990->340239->339744->339087->340330->340328->339088->339091->339090->338268->338262->338586->339132->338258->613662->339651->338651->562921->562923->342153->341556->341555->342643->341561->341562->341552->342644->613995->342640->341551->341538->613852->344181->342630->342628->341542->344210->342626->342633->646354->340708->341541->341539->563187->341540->340697->343457->341546->343780->342515->342812
rl_base,od2_yangjae_yeongdong,long,off_peak,7.0,11,1092.6455,898.3129,194.3327,986.8002,444.2272,7127.2,10,True,59,13,9,37,338734->338736->338735->339574->338272->339089->338990->340239->339744->339087->340330->340328->339088->339091->339090->338268->338262->338586->339132->338258->339538->338261->563143->588038->341607->344213->343102->341557->342643->341561->341562->341552->342644->613995->342640->341551->341538->613852->344181->342630->342628->341542->344210->342626->342633->646354->340708->341541->341539->563187->341540->340697->343457->341546->343780->342515->342516->342111->343038->342812
rl_base,od2_yangjae_yeongdong,long,off_peak,7.0,12,1102.0956,883.7892,218.3063,888.1629,499.0289,6728.6,9,True,56,10,9,37,338734->338736->338735->339574->338272->339089->338990->340239->339744->339087->340330->340328->339088->339091->339090->338268->338262->338586->339132->338258->613662->339651->338651->562921->562923->342153->341556->341555->342643->341561->341562->341552->342644->613995->342640->341551->341538->613852->344181->342630->342628->341542->344210->342626->342633->646354->340708->341541->341539->563187->341540->340697->343457->341546->343780->342515->342812
rl_base,od2_yangjae_yeongdong,long,off_peak,7.0,13,1115.4787,887.8351,227.6436,869.1489,520.3731,6552.8,11,True,63,10,10,43,338734->338736->338735->339574->338272->339089->339746->340118->339743->340334->339307->338934->338933->338631->339979->340332->338581->338269->338705->339116->339138->338582->338268->338262->338586->339132->338258->613662->339651->338651->562921->562923->342153->341556->341555->342643->341561->341562->341552->342644->613995->342640->342641->341775->343989->341774->341547->341773->341542->344210->342626->342633->646354->340708->341541->341539->563187->341540->340697->343457->341546->343780->342515->342812
rl_base,od2_yangjae_yeongdong,long,off_peak,7.0,14,1170.3995,905.2734,265.126,953.9183,606.0546,6798.3,10,True,59,9,9,41,338734->338736->338735->339574->338272->339089->338990->340239->339744->339087->340330->340328->339088->339091->339090->338268->338262->338586->339132->338258->613662->339651->338651->562921->562923->342153->341556->341555->342643->341561->341562->341552->342644->613995->342640->341551->341538->613852->344181->342630->342628->563165->341547->341773->341542->344210->342626->342633->646354->340708->341541->341539->563187->341540->340697->343457->341546->343780->342515->342812
rl_base,od2_yangjae_yeongdong,long,off_peak,7.0,15,1066.9353,854.4548,212.4805,906.8437,485.7116,6728.6,8,True,56,10,9,37,338734->338736->338735->339574->338272->339089->338990->340239->339744->339087->340330->340328->339088->339091->339090->338268->338262->338586->339132->338258->613662->339651->338651->562921->562923->342153->341556->341555->342643->341561->341562->341552->342644->613995->342640->341551->341538->613852->344181->342630->342628->341542->344210->342626->342633->646354->340708->341541->341539->563187->341540->340697->343457->341546->343780->342515->342812
rl_base,od2_yangjae_yeongdong,long,off_peak,7.0,16,1081.8797,861.3656,220.5141,882.5182,504.0757,6776.4,9,True,58,12,9,37,338734->338736->338735->339574->338272->339089->338990->340239->340238->340239->339744->339087->340330->340328->339088->339091->339090->338268->338262->338586->339132->338258->613662->339651->338651->562921->562923->342153->341556->341555->342643->341561->341562->341552->342644->613995->342640->341551->341538->613852->344181->342630->342628->341542->344210->342626->342633->646354->340708->341541->341539->563187->341540->340697->343457->341546->343780->342515->342812
rl_base,od2_yangjae_yeongdong,long,off_peak,7.0,17,1104.5316,907.9472,196.5844,975.9609,449.3745,7231.3,9,True,61,14,11,36,338734->338736->338735->339574->338272->339089->338990->340239->339744->339087->340330->340328->339088->339091->339090->338268->338262->338586->339132->338258->613662->339651->338651->562921->562923->342153->341556->341555->342643->341561->341562->341564->342645->342148->342644->613995->342640->341551->341538->613852->344181->342630->342628->341542->344210->342626->342633->646354->340708->341541->341539->563187->341540->340697->343457->341546->343780->342515->342516->342111->343038->342812
rl_base,od2_yangjae_yeongdong,long,off_peak,7.0,18,1131.5952,926.5458,205.0494,913.1615,468.7247,6728.6,7,True,56,10,9,37,338734->338736->338735->339574->338272->339089->338990->340239->339744->339087->340330->340328->339088->339091->339090->338268->338262->338586->339132->338258->613662->339651->338651->562921->562923->342153->341556->341555->342643->341561->341562->341552->342644->613995->342640->341551->341538->613852->344181->342630->342628->341542->344210->342626->342633->646354->340708->341541->341539->563187->341540->340697->343457->341546->343780->342515->342812
rl_base,od2_yangjae_yeongdong,long,off_peak,7.0,19,1264.9102,1020.7337,244.1766,1038.5049,558.166,7824.8,11,True,66,13,10,43,338734->338736->338735->339574->338272->339089->338990->340239->339744->339087->340330->340328->339088->339091->339090->338268->338262->338586->339132->338258->613662->339651->338651->562921->562923->342153->341556->341555->342643->341561->341562->341552->342644->613995->342640->341551->341538->613852->344181->342630->342628->341542->344210->342626->342633->340597->342614->342072->341544->341796->343669->341798->342622->341797->341771->341545->340698->341540->340697->343457->341546->343780->342515->342516->342111->343038->342812
rl_base,od2_yangjae_yeongdong,long,off_peak,7.0,20,1108.3259,892.5691,215.7569,892.9609,493.2011,6791.8,9,True,58,10,11,37,338734->338736->338735->339574->338272->339089->338990->340239->339744->339087->340330->340328->339088->339091->339090->338268->338262->338586->339132->338258->613662->339651->338651->562921->562923->562922->562923->342153->341556->341555->342643->341561->341562->341552->342644->613995->342640->341551->341538->613852->344181->342630->342628->341542->344210->342626->342633->646354->340708->341541->341539->563187->341540->340697->343457->341546->343780->342515->342812
rl_base,od2_yangjae_yeongdong,long,off_peak,7.0,21,1167.8177,896.6697,271.148,923.6324,619.8202,6717.8,10,True,55,10,8,37,338734->338736->338735->339574->338272->339089->338990->340239->339744->339087->340330->340328->339088->339091->339090->338268->338262->338586->339132->338258->613662->339651->338651->339293->341572->588040->341557->342643->341561->341562->341552->342644->613995->342640->341551->341538->613852->344181->342630->342628->341542->344210->342626->342633->646354->340708->341541->341539->563187->341540->340697->343457->341546->343780->342515->342812
rl_base,od2_yangjae_yeongdong,long,off_peak,7.0,22,1084.2388,854.6368,229.602,858.4017,524.8497,6728.6,9,True,56,10,9,37,338734->338736->338735->339574->338272->339089->338990->340239->339744->339087->340330->340328->339088->339091->339090->338268->338262->338586->339132->338258->613662->339651->338651->562921->562923->342153->341556->341555->342643->341561->341562->341552->342644->613995->342640->341551->341538->613852->344181->342630->342628->341542->344210->342626->342633->646354->340708->341541->341539->563187->341540->340697->343457->341546->343780->342515->342812
rl_base,od2_yangjae_yeongdong,long,off_peak,7.0,23,1159.2997,903.3556,255.9441,963.7177,585.0656,6728.6,11,True,58,9,9,40,338734->338275->340339->338217->339014->339574->338272->339089->338990->340239->339744->339087->340330->340328->339088->339091->339090->338268->338262->338586->339132->338258->613662->339651->338651->562921->562923->342153->341556->341555->342643->341561->341562->341552->342644->613995->342640->341551->341538->613852->344181->342630->342628->341542->344210->342626->342633->646354->340708->341541->341539->563187->341540->340697->343457->341546->343780->342515->342812
rl_base,od2_yangjae_yeongdong,long,off_peak,7.0,24,1111.1584,905.1151,206.0433,907.5425,470.9966,6728.6,8,True,56,10,9,37,338734->338736->338735->339574->338272->339089->338990->340239->339744->339087->340330->340328->339088->339091->339090->338268->338262->338586->339132->338258->613662->339651->338651->562921->562923->342153->341556->341555->342643->341561->341562->341552->342644->613995->342640->341551->341538->613852->344181->342630->342628->341542->344210->342626->342633->646354->340708->341541->341539->563187->341540->340697->343457->341546->343780->342515->342812
rl_base,od2_yangjae_yeongdong,long,off_peak,7.0,25,1117.4695,958.8286,158.6408,1021.3485,362.6389,7547.6,8,True,64,14,11,39,338734->338736->338735->339574->338272->339089->338990->340239->339744->339087->340330->340328->339088->339091->339090->338268->338262->338586->339132->338258->613662->339651->338651->562921->562923->342153->341556->341555->342643->341557->343102->344213->344212->344213->343102->341557->342643->341561->341562->341552->342644->613995->342640->341551->341538->613852->344181->342630->342628->341542->344210->342626->342633->646354->340708->341541->341539->563187->341540->340697->343457->341546->343780->342515->342812
rl_base,od2_yangjae_yeongdong,long,off_peak,7.0,26,1123.6896,900.4414,223.2482,873.8079,510.3255,6829.6,9,True,60,12,11,37,338734->338736->338735->339574->338272->339089->338990->340239->340238->340239->339744->339087->340330->340328->339088->339091->339090->338268->338262->338586->339132->338258->613662->339651->338651->562921->562920->562921->562923->342153->341556->341555->342643->341561->341562->341552->342644->613995->342640->341551->341538->613852->344181->342630->342628->341542->344210->342626->342633->646354->340708->341541->341539->563187->341540->340697->343457->341546->343780->342515->342812
rl_base,od2_yangjae_yeongdong,long,off_peak,7.0,27,1179.448,930.7413,248.7068,987.2331,568.5215,6866.3,11,True,60,9,11,40,338734->338736->338735->339574->338272->339089->338990->340239->339744->339087->340330->340328->339088->339091->339090->338268->338262->338586->339132->338258->613662->339651->338651->562921->562923->342153->341556->341555->342643->341561->341562->341552->342644->613995->342640->342641->341775->343989->341774->341547->341773->341542->342627->343944->342627->341542->344210->342626->342633->646354->340708->341541->341539->563187->341540->340697->343457->341546->343780->342515->342812
rl_base,od2_yangjae_yeongdong,long,off_peak,7.0,28,1157.871,895.5939,262.2771,948.0666,599.5421,7105.3,10,True,56,11,10,35,338734->338736->338735->339574->338272->339089->338990->340239->339744->339087->340330->340328->339088->339091->339090->338268->338262->338586->339132->338258->613662->339651->338651->562921->562923->342153->341556->341555->342643->341561->341562->341552->341563->341553->341554->341551->341538->613852->344181->342630->342628->341542->344210->342626->342633->646354->340708->341541->341539->563187->341540->340697->343457->341546->343780->342515->342812
rl_base,od2_yangjae_yeongdong,long,off_peak,7.0,29,1094.255,900.8097,193.4453,951.8996,442.1989,6728.6,8,True,56,10,9,37,338734->338736->338735->339574->338272->339089->338990->340239->339744->339087->340330->340328->339088->339091->339090->338268->338262->338586->339132->338258->613662->339651->338651->562921->562923->342153->341556->341555->342643->341561->341562->341552->342644->613995->342640->341551->341538->613852->344181->342630->342628->341542->344210->342626->342633->646354->340708->341541->341539->563187->341540->340697->343457->341546->343780->342515->342812
rl_base,od2_yangjae_yeongdong,long,off_peak,7.0,30,1138.2173,917.886,220.3313,938.8179,503.6577,6929.7,9,True,65,15,11,39,338734->338736->338735->339574->338272->339089->339746->340118->339743->340334->339307->338934->338933->338631->339979->340332->338581->338269->338705->339116->339138->338582->338268->338262->338586->339132->338258->613662->339651->338651->339293->341572->588040->341557->342643->341561->341562->341552->342644->613995->342640->341551->341538->613852->344181->342630->342628->341542->344210->342626->342633->646354->340708->341541->341539->563187->341540->340697->343457->341546->343780->342515->342516->342111->343038->342812
rl_base,od2_yangjae_yeongdong,long,peak,8.0,1,1132.6309,859.7798,272.8511,1009.7029,623.7134,6625.6,10,True,61,13,10,38,338734->338736->338735->339574->338272->339089->338990->339743->340334->339307->338934->338933->338631->339979->340332->338581->338269->338705->339116->339138->338582->338268->338262->338586->339132->338258->613662->339651->338651->339293->341572->588040->341557->342643->341561->341562->341552->342644->613995->342640->341551->341538->613852->344181->342630->342628->341542->344210->342626->342633->646354->340708->341541->341539->563187->341540->340697->343457->341546->343780->342515->342812
rl_base,od2_yangjae_yeongdong,long,peak,8.0,2,1052.446,930.2025,122.2435,1048.1038,279.4377,7246.7,7,True,67,14,12,41,338734->338736->338735->339574->338272->339089->339746->340118->339743->340334->339307->338934->338933->338631->339979->340332->338581->338269->338705->339116->339138->338582->338268->338583->587842->338768->338767->338254->339133->338229->338218->338219->342074->341600->342685->341607->344213->343102->341557->342643->341561->341562->341552->341563->341553->341554->341551->341538->613852->344181->342630->342628->341542->344210->342626->342633->646354->340708->341541->341539->563187->341540->340697->343457->341546->343780->342515->342812
rl_base,od2_yangjae_yeongdong,long,peak,8.0,3,1260.546,995.5945,264.9515,1184.1107,605.6556,7814.9,12,True,67,13,11,43,338734->338736->338735->339574->338272->339089->338990->340239->339744->339087->340330->340328->339088->339091->339090->338268->338582->339138->339116->338705->338269->338580->339112->339111->339116->339138->338582->338268->338262->338586->339132->338258->613662->339651->338651->339293->341572->588040->341557->342643->341561->341563->341553->341554->341565->340710->341776->341538->613852->344181->342630->342628->341542->344210->342626->342633->646354->340708->341541->341539->563187->341540->340697->343457->341546->343780->342515->342812
rl_base,od2_yangjae_yeongdong,long,peak,8.0,4,1249.5432,954.5646,294.9786,1104.4016,674.2948,7407.9,10,True,66,14,12,40,338734->338736->338735->339574->338272->339089->338990->339743->340118->338988->339308->339893->339307->338934->338933->338631->339979->340332->340331->340332->338581->338269->338705->339116->339138->338582->338268->338262->338586->339132->338258->613662->339651->338651->339293->341572->588040->341557->342643->341561->341562->341552->342644->613995->342640->341551->341538->613852->344181->342630->342628->341542->344210->342626->342633->646354->340708->341541->341539->563187->341540->340697->343457->341546->343780->342515->342812
rl_base,od2_yangjae_yeongdong,long,peak,8.0,5,1130.8498,919.1321,211.7177,995.6547,483.9679,6823.9,9,True,67,13,10,44,338734->338736->338735->339574->338272->339089->338990->339743->340334->339307->338934->338933->338631->339979->340332->338581->338269->338705->339116->339138->338582->338268->338583->587842->338768->338767->338254->339133->338229->340484->339098->342073->342687->341600->342685->341607->344213->343102->341557->342643->341561->341562->341552->342644->613995->342640->341551->341538->613852->344181->342630->342628->341542->344210->342626->342633->646354->340708->341541->341539->563187->341540->340697->343457->341546->343780->342515->342812
rl_base,od2_yangjae_yeongdong,long,peak,8.0,6,1142.7887,885.8123,256.9764,1043.5841,587.4253,7018.9,10,True,65,14,13,38,338734->338736->338735->339574->338272->339089->338990->339743->340118->338988->339308->339893->339307->338934->338933->338631->339979->340332->338581->338269->338705->339116->339138->338582->338268->338262->338586->339132->338258->613662->339651->338651->562921->562923->342153->341556->341555->342643->341561->341562->341552->342644->613995->342640->341551->341538->613852->344181->342630->342628->341542->344210->342626->342633->646354->340708->341541->341539->563187->341540->340697->343457->341546->343780->342515->342812
rl_base,od2_yangjae_yeongdong,long,peak,8.0,7,1250.9579,1025.7782,225.1797,1134.6392,514.7407,7846.0,12,True,81,15,16,50,338734->338736->338735->339574->338272->339089->338990->339743->340334->339307->338934->338933->338631->339979->340332->338581->338269->338705->339116->339138->338582->338268->338583->587842->338768->338767->338254->339133->338229->340484->339098->342073->342687->341600->342685->341607->344213->343102->341557->342643->341561->341562->341552->342644->613995->342640->341551->341538->613852->344181->342630->342628->341542->344210->342626->342633->646354->340708->341541->341539->563187->341540->340697->343457->341546->344219->646319->646416->646417->646416->646353->344394->343664->646556->343664->344394->646353->342524->343662->342516->342515->342812
rl_base,od2_yangjae_yeongdong,long,peak,8.0,8,1062.0298,927.8605,134.1693,1025.2553,306.699,6845.4,8,True,72,11,9,52,338734->338275->340339->338217->339014->339574->338272->339089->338990->339743->340334->339307->338934->338933->338631->339979->340332->338581->338269->338705->339116->339138->338582->338268->338583->587842->338768->338767->338254->338584->338267->338585->562917->338230->646176->339098->342073->342687->341600->342685->341607->344213->343102->341557->342643->341561->341562->341552->342644->613995->342640->341551->341538->613852->344181->342630->342628->341542->344210->342626->342633->646354->340708->341541->341539->563187->341540->340697->343457->341546->343780->342515->342812
rl_base,od2_yangjae_yeongdong,long,peak,8.0,9,1199.8852,876.6256,323.2597,1052.0871,738.9429,6698.5,11,True,60,13,11,36,338734->338736->338735->339574->338272->339089->338990->339743->340334->339307->338934->338933->338631->339979->340332->338581->338269->338705->339116->339138->338582->338268->338262->338586->339132->338258->613662->339651->338651->562921->562923->342153->341556->341555->342643->341561->341563->341553->341554->341551->341538->613852->344181->342630->342628->341542->344210->342626->342633->646354->340708->341541->341539->563187->341540->340697->343457->341546->343780->342515->342812
rl_base,od2_yangjae_yeongdong,long,peak,8.0,10,1100.691,907.8763,192.8147,1030.6475,440.7573,6823.9,8,True,67,13,10,44,338734->338736->338735->339574->338272->339089->338990->339743->340334->339307->338934->338933->338631->339979->340332->338581->338269->338705->339116->339138->338582->338268->338583->587842->338768->338767->338254->339133->338229->340484->339098->342073->342687->341600->342685->341607->344213->343102->341557->342643->341561->341562->341552->342644->613995->342640->341551->341538->613852->344181->342630->342628->341542->344210->342626->342633->646354->340708->341541->341539->563187->341540->340697->343457->341546->343780->342515->342812
rl_base,od2_yangjae_yeongdong,long,peak,8.0,11,1179.4614,898.0393,281.4221,988.276,643.3058,6835.8,10,True,64,13,13,38,338734->338736->338735->339574->338272->338735->339574->338272->339089->338990->339743->340334->339307->338934->338933->338631->339979->340332->338581->338269->338705->339116->339138->338582->338268->338262->338586->339132->338258->613662->339651->338651->339293->341572->588040->341557->342643->341561->341562->341552->342644->613995->342640->341551->341538->613852->344181->342630->342628->341542->344210->342626->342633->646354->340708->341541->341539->563187->341540->340697->343457->341546->343780->342515->342812
rl_base,od2_yangjae_yeongdong,long,peak,8.0,12,1072.2324,857.7006,214.5317,989.9546,490.4005,6775.4,10,True,62,13,10,39,338734->338736->338735->339574->338272->339089->338990->339743->340334->339307->338934->338933->338631->339979->340332->338581->338269->338705->339116->339138->338582->338268->338262->338586->339132->338258->339538->338261->563143->588038->341607->344213->343102->341557->342643->341561->341562->341552->342644->613995->342640->341551->341538->613852->344181->342630->342628->341542->344210->342626->342633->646354->340708->341541->341539->563187->341540->340697->343457->341546->343780->342515->342812
rl_base,od2_yangjae_yeongdong,long,peak,8.0,13,1118.707,891.1993,227.5077,952.2624,520.0625,6823.9,10,True,67,13,10,44,338734->338736->338735->339574->338272->339089->338990->339743->340334->339307->338934->338933->338631->339979->340332->338581->338269->338705->339116->339138->338582->338268->338583->587842->338768->338767->338254->339133->338229->340484->339098->342073->342687->341600->342685->341607->344213->343102->341557->342643->341561->341562->341552->342644->613995->342640->341551->341538->613852->344181->342630->342628->341542->344210->342626->342633->646354->340708->341541->341539->563187->341540->340697->343457->341546->343780->342515->342812
rl_base,od2_yangjae_yeongdong,long,peak,8.0,14,1088.8662,912.4358,176.4304,1067.78,403.3041,6823.9,8,True,67,13,10,44,338734->338736->338735->339574->338272->339089->338990->339743->340334->339307->338934->338933->338631->339979->340332->338581->338269->338705->339116->339138->338582->338268->338583->587842->338768->338767->338254->339133->338229->340484->339098->342073->342687->341600->342685->341607->344213->343102->341557->342643->341561->341562->341552->342644->613995->342640->341551->341538->613852->344181->342630->342628->341542->344210->342626->342633->646354->340708->341541->341539->563187->341540->340697->343457->341546->343780->342515->342812
rl_base,od2_yangjae_yeongdong,long,peak,8.0,15,1128.6563,913.2507,215.4056,981.7143,492.3982,6984.9,10,True,71,15,10,46,338734->338736->338735->339574->338272->339089->338990->339743->340334->339307->338934->338933->338631->339979->340332->338581->338269->338705->339116->339138->338582->338268->338583->587842->338768->338767->338254->339133->338229->340484->339098->342073->342687->341600->342685->341607->344213->343102->341557->342643->341561->341562->341552->342644->613995->342640->341551->341538->613852->344181->342630->342628->341542->344210->342626->342633->646354->340708->341541->341539->563187->341540->343074->646559->343074->341540->340697->343457->341546->343780->342515->342812
rl_base,od2_yangjae_yeongdong,long,peak,8.0,16,1109.0742,897.6813,211.3928,984.8546,483.2252,7058.3,10,True,71,14,13,44,338734->338736->338735->339574->338272->339089->338990->339743->340334->339307->338934->338933->338631->339979->340332->338581->338269->338705->339116->339138->338582->338268->338583->587842->338768->338767->338254->339133->338229->340484->339098->342073->342687->341600->342685->341607->588038->588037->588038->341607->344213->343102->341557->342643->341561->341562->341552->342644->613995->342640->341551->341538->613852->344181->342630->342628->341542->344210->342626->342633->646354->340708->341541->341539->563187->341540->340697->343457->341546->343780->342515->342812
rl_base,od2_yangjae_yeongdong,long,peak,8.0,17,1093.558,879.5393,214.0187,970.4026,489.2278,6711.6,10,True,64,15,11,38,338734->338736->338735->339574->338272->339089->338990->339743->340334->339307->338934->338933->338631->339979->340332->338581->338269->338705->339116->339138->338582->338268->338262->338586->339132->338258->613662->339651->338651->562921->562923->342153->341556->341555->342643->341561->341562->341552->342644->613995->613994->613995->342640->341551->341538->613852->344181->342630->342628->341542->344210->342626->342633->646354->340708->341541->341539->563187->341540->340697->343457->341546->343780->342515->342812
rl_base,od2_yangjae_yeongdong,long,peak,8.0,18,1040.0898,876.9931,163.0967,955.2996,372.8246,6823.9,9,True,67,13,10,44,338734->338736->338735->339574->338272->339089->338990->339743->340334->339307->338934->338933->338631->339979->340332->338581->338269->338705->339116->339138->338582->338268->338583->587842->338768->338767->338254->339133->338229->340484->339098->342073->342687->341600->342685->341607->344213->343102->341557->342643->341561->341562->341552->342644->613995->342640->341551->341538->613852->344181->342630->342628->341542->344210->342626->342633->646354->340708->341541->341539->563187->341540->340697->343457->341546->343780->342515->342812
rl_base,od2_yangjae_yeongdong,long,peak,8.0,19,1136.9425,962.0681,174.8744,1059.5028,399.7474,7052.0,9,True,72,13,13,46,338734->340339->338217->339014->339574->338272->339089->338990->339743->340334->339307->338934->338933->338631->339979->340332->338581->338269->338705->339116->339138->338582->338268->338583->587842->338768->338767->338254->339133->338229->340484->339098->342073->342687->341600->342685->341607->588038->588037->588038->341607->344213->343102->341557->342643->341561->341562->341552->342644->613995->342640->341551->341538->613852->344181->342630->342628->341542->344210->342626->342633->646354->340708->341541->341539->563187->341540->340697->343457->341546->343780->342515->342812
rl_base,od2_yangjae_yeongdong,long,peak,8.0,20,1204.2638,947.6613,256.6025,1054.2333,586.5705,7000.8,10,True,70,15,12,43,338734->338736->338735->339574->339014->338217->338104->338103->339026->340554->339013->339014->339574->338272->339089->338990->339743->340334->339307->338934->338933->338631->339979->340332->338581->338269->338705->339116->339138->338582->338268->338262->338586->339132->338258->613662->339651->338651->339293->341572->588040->341557->342643->341561->341562->341552->342644->613995->342640->341551->341538->613852->344181->342630->342628->341542->344210->342626->342633->646354->340708->341541->341539->563187->341540->340697->343457->341546->343780->342515->342812
rl_base,od2_yangjae_yeongdong,long,peak,8.0,21,1165.3687,910.5845,254.7842,1047.9681,582.414,6846.6,9,True,65,13,14,38,338734->338736->338735->339574->338272->338735->339574->338272->339089->338990->339743->340334->339307->338934->338933->338631->339979->340332->338581->338269->338705->339116->339138->338582->338268->338262->338586->339132->338258->613662->339651->338651->562921->562923->342153->341556->341555->342643->341561->341562->341552->342644->613995->342640->341551->341538->613852->344181->342630->342628->341542->344210->342626->342633->646354->340708->341541->341539->563187->341540->340697->343457->341546->343780->342515->342812
rl_base,od2_yangjae_yeongdong,long,peak,8.0,22,1153.6126,1003.5074,150.1052,1125.0114,343.1271,7819.3,7,True,73,16,13,44,338734->338736->338735->339574->338272->339089->338990->339743->340334->339307->338934->338933->338631->339979->340332->338581->338269->338580->339112->339111->339116->339138->338582->338268->338583->587842->338768->338767->338254->339133->338229->340484->339098->342073->342687->341600->342685->341607->344213->343102->341557->342643->341561->341562->341552->342644->613995->342640->341551->341554->341565->340710->341776->341538->613852->344181->342630->342628->341542->344210->342626->342633->646354->340708->341541->341539->563187->341540->340697->343457->341546->343780->342515->342812
rl_base,od2_yangjae_yeongdong,long,peak,8.0,23,1383.41,1062.0915,321.3185,1211.0322,734.5055,8328.6,12,True,77,15,13,49,338734->340339->338217->339014->339013->340554->340553->340554->339026->340326->339052->338163->339021->338658->338657->338132->338156->339066->339741->339742->339741->339066->338156->339054->338139->339072->339904->339071->339904->339072->338139->562936->339292->339070->613767->338253->339069->339134->338230->646176->339098->342073->342687->341600->342685->341607->344213->343102->341557->342643->341561->341562->341552->342644->613995->342640->341551->341538->613852->344181->342630->342628->341542->344210->342626->342633->646354->340708->341541->341539->563187->341540->340697->343457->341546->343780->342515->342812
rl_base,od2_yangjae_yeongdong,long,peak,8.0,24,1031.3939,872.6298,158.7642,955.6535,362.9208,6625.6,10,True,61,13,10,38,338734->338736->338735->339574->338272->339089->338990->339743->340334->339307->338934->338933->338631->339979->340332->338581->338269->338705->339116->339138->338582->338268->338262->338586->339132->338258->613662->339651->338651->339293->341572->588040->341557->342643->341561->341562->341552->342644->613995->342640->341551->341538->613852->344181->342630->342628->341542->344210->342626->342633->646354->340708->341541->341539->563187->341540->340697->343457->341546->343780->342515->342812
rl_base,od2_yangjae_yeongdong,long,peak,8.0,25,1254.5798,946.3465,308.2333,1082.6609,704.5941,7063.6,12,True,73,12,12,49,338734->338736->338735->339574->338272->339089->338990->339743->340334->340335->340334->339307->338934->338933->338631->339979->340332->338581->338269->338705->339116->339138->338582->338268->338583->587842->338768->338767->338254->339133->338229->340484->339098->342073->342687->341600->342685->341607->344213->343102->341557->342643->341561->341562->341552->342644->342148->342645->341559->341985->341569->341737->342641->341775->343989->341774->341547->341773->341542->344210->342626->342633->646354->340708->341541->341539->563187->341540->340697->343457->341546->343780->342515->342812
rl_base,od2_yangjae_yeongdong,long,peak,8.0,26,1097.4707,888.1615,209.3092,993.5666,478.4623,6823.9,9,True,67,13,10,44,338734->338736->338735->339574->338272->339089->338990->339743->340334->339307->338934->338933->338631->339979->340332->338581->338269->338705->339116->339138->338582->338268->338583->587842->338768->338767->338254->339133->338229->340484->339098->342073->342687->341600->342685->341607->344213->343102->341557->342643->341561->341562->341552->342644->613995->342640->341551->341538->613852->344181->342630->342628->341542->344210->342626->342633->646354->340708->341541->341539->563187->341540->340697->343457->341546->343780->342515->342812
rl_base,od2_yangjae_yeongdong,long,peak,8.0,27,1098.6091,910.8198,187.7893,1036.5507,429.2696,6893.6,10,True,70,12,10,48,338734->338736->338735->339574->338272->339089->338990->339743->340334->339307->338934->338933->338631->339979->340332->338581->338269->338705->339116->339138->338582->338268->338583->587842->338768->338767->338254->339133->338229->340484->339098->342073->342687->341600->342685->341607->344213->343102->341557->342643->341561->341562->341552->342644->613995->342640->341551->341538->613852->344181->342630->342628->563165->341547->341773->341542->344210->342626->342633->646354->340708->341541->341539->563187->341540->340697->343457->341546->343780->342515->342812
rl_base,od2_yangjae_yeongdong,long,peak,8.0,28,1121.2418,906.1238,215.1179,972.3707,491.7404,6825.5,10,True,66,14,11,41,338734->338736->338735->339574->338272->339089->338990->339743->340334->339307->338934->338933->338631->339979->340332->338581->338269->338705->339116->339138->338582->338268->338583->587842->338768->338767->338254->339133->338229->338218->338219->342074->341600->342685->341607->344213->343102->341557->342643->341561->341562->341552->342644->613995->342640->341551->341538->613852->344181->342630->342628->341542->344210->342626->342633->646354->340708->341541->341539->563187->341540->340697->343457->341546->343780->342515->342812
rl_base,od2_yangjae_yeongdong,long,peak,8.0,29,1192.2251,1063.6168,128.6083,1190.3498,293.9872,8044.7,8,True,88,15,17,56,338734->338736->338735->339574->338272->339089->338990->339743->340334->339307->338934->338933->338631->339979->340332->338581->338269->338705->339116->339138->338582->338268->338583->587842->338768->338767->338254->339133->338229->340484->339098->342073->342687->341600->342685->341607->342693->343943->343106->341601->343104->341594->341605->341907->344261->341597->646782->646784->342673->563097->342669->342679->341982->646362->646667->646664->646667->340587->341789->341589->341791->342678->342667->342662->342682->587943->646411->341586->646410->342677->342495->342496->343071->344391->342512->341801->341272->341800->342504->342505->342520->342526->341713->341269->342519->646613->342514->341263->342812
rl_base,od2_yangjae_yeongdong,long,peak,8.0,30,1122.0291,901.7295,220.2996,1119.66,503.5853,6689.6,10,True,64,13,13,38,338734->338736->338735->339574->338272->339089->338990->339743->340334->339307->338934->338933->338631->339979->340332->338581->338269->338705->339116->339138->338582->338268->338262->338586->339132->338258->613662->339651->338651->562921->562920->562921->562923->342153->341556->341555->342643->341561->341562->341552->342644->613995->342640->341551->341538->613852->344181->342630->342628->341542->344210->342626->342633->646354->340708->341541->341539->563187->341540->340697->343457->341546->343780->342515->342812
rl_base,od3_segok_samsung,long,off_peak,7.0,1,782.7189,779.6566,3.0622,657.3471,7.0,4718.8,1,False,200,175,6,19,340301->340215->340210->340209->340317->340316->340318->340317->340316->340318->340317->340316->340318->340317->340316->340318->340317->340316->340318->340317->340316->340218->340216->340218->340316->340318->340317->340316->340318->340317->340316->340318->340317->340316->340318->340317->340316->340318->340317->340316->340318->340317->340316->340318->340317->340316->340318->340317->340316->340318->340317->340316->340318->340317->340316->340318->340317->340316->340318->340317->340316->340318->340317->340316->340318->340317->340316->340318->340317->340316->340318->340317->340316->340318->340317->340316->340318->340317->340316->340318->340317->340316->340318->340317->340316->340318->340317->340316->340318->340317->340316->340318->340317->340316->340318->340317->340316->340318->340317->340316->340318->340317->340316->340318->340317->340316->340318->340317->340316->340318->340317->340316->340318->340317->340316->340318->340317->340316->340318->340300->340298->340300->340299->340297->340299->340300->340318->340317->340316->340318->340317->340316->340318->340317->340316->340318->340317->340316->340318->340317->340316->340318->340317->340316->340318->340317->340316->340318->340317->340316->340318->340317->340209->340210->340215->340219->340215->340210->340209->340317->340316->340318->340317->340316->340318->340317->340316->340318->340317->340316->340318->340317->340316->340318->340317->340316->340318->340317->340316->340318->340317->340316->340318->340317->340316->340318->340317->340316->340318->340317->340316->340318->340317->340316->340318->340317->340316->340318->340317->340316->340318
rl_base,od3_segok_samsung,long,off_peak,7.0,2,925.9805,917.4748,8.5058,724.6533,19.4435,5385.0,2,False,200,152,12,36,340301->340215->340210->340209->340317->340316->340318->340317->340316->340318->340317->340209->340210->340215->340219->340215->340210->340209->340317->340316->340318->340317->340316->340318->340317->340316->340318->340317->340316->340318->340317->340316->340318->340317->340316->340318->340317->340316->340318->340317->340316->340318->340317->340316->340318->340317->340316->340318->340317->340316->340318->340317->340316->340318->340317->340316->340318->340317->340316->340318->340317->340209->340210->340215->340219->340215->340301->340393->340207->340222->340208->340215->340210->340209->340317->340316->340318->340317->340316->340318->340317->340316->340218->340216->340218->340316->340318->340317->340316->340218->340216->340218->340316->340318->340317->340316->340318->340317->340316->340318->340317->340316->340318->340317->340316->340318->340317->340316->340318->340317->340316->340318->340317->340316->340318->340317->340316->340318->340317->340316->340318->340317->340316->340318->340317->340316->340318->340317->340316->340318->340317->340316->340318->340317->340316->340318->340317->340316->340218->340216->340218->340316->340318->340317->340316->340218->340216->340218->340316->340318->340317->340316->340318->340317->340316->340318->340317->340316->340318->340317->340316->340318->340317->340316->340318->340317->340316->340318->340317->340316->340318->340317->340316->340318->340317->340316->340318->340317->340316->340318->340317->340316->340318->340317->340316->340318->340317->340316->340318->340317->340316->340318->340317->340316->340318->340317->340316->340318->340317->340316->340318
rl_base,od3_segok_samsung,long,off_peak,7.0,3,1056.819,1053.7568,3.0622,769.708,7.0,5679.6,1,False,200,138,15,47,340301->340215->340210->340209->340317->340316->340318->340317->340316->340318->340317->340316->340318->340317->340316->340318->340300->340298->340300->340318->340317->340316->340318->340317->340316->340318->340317->340316->340318->340317->340316->340318->340317->340316->340318->340317->340209->340210->340215->340219->340215->340210->340209->340317->340316->340318->340317->340316->340318->340317->340316->340318->340317->340316->340318->340317->340316->340318->340317->340316->340318->340317->340316->340318->340317->340316->340318->340317->340316->340318->340317->340316->340318->340317->340316->340318->340317->340316->340318->340317->340316->340318->340300->340298->340300->340318->340317->340316->340318->340317->340316->340318->340317->340316->340318->340317->340316->340318->340317->340316->340318->340317->340316->340318->340317->340209->340210->340215->340219->340215->340210->340209->340317->340316->340218->340216->340218->340316->340318->340317->340316->340318->340317->340316->340318->340317->340209->340210->340215->340219->340215->340210->340209->340317->340316->340318->340317->340316->340318->340317->340316->340318->340317->340316->340318->340317->340316->340318->340317->340316->340318->340317->340316->340318->340317->340316->340318->340317->340316->340318->340317->340316->340318->340300->340298->340300->340318->340317->340316->340318->340317->340316->340318->340300->340298->340300->340318->340317->340316->340318->340317->340316->340318->340317->340316->340318->340317->340316->340318->340317->340209->340210->340215->340219->340215->340210->340209->340317->340316->340318->340317
rl_base,od3_segok_samsung,long,off_peak,7.0,4,799.7685,796.7063,3.0622,677.0572,7.0,4859.6,1,False,200,168,9,23,340301->340215->340210->340209->340317->340316->340318->340317->340316->340318->340317->340316->340318->340317->340316->340318->340317->340316->340318->340317->340316->340318->340317->340316->340318->340317->340316->340318->340317->340316->340318->340317->340316->340318->340317->340316->340318->340317->340316->340318->340317->340316->340318->340317->340316->340318->340317->340316->340318->340317->340316->340318->340317->340316->340218->340216->340218->340316->340318->340317->340316->340318->340300->340298->340300->340318->340317->340316->340318->340317->340316->340318->340317->340316->340318->340300->340298->340300->340318->340317->340316->340318->340317->340316->340318->340317->340316->340218->340216->340218->340316->340318->340317->340316->340318->340317->340316->340318->340317->340316->340318->340317->340316->340318->340317->340316->340318->340317->340316->340318->340317->340316->340318->340317->340316->340318->340317->340316->340318->340317->340316->340318->340317->340316->340318->340317->340316->340318->340317->340316->340318->340317->340316->340318->340317->340316->340318->340317->340316->340318->340317->340316->340318->340317->340316->340318->340317->340316->340318->340317->340316->340318->340317->340316->340318->340317->340316->340318->340317->340209->340210->340215->340219->340215->340210->340209->340317->340316->340318->340317->340316->340318->340317->340316->340318->340317->340316->340318->340317->340316->340318->340317->340316->340318->340317->340316->340318->340317->340316->340318->340317->340316->340318->340317->340316->340318->340317->340316->340318->340317->340316
rl_base,od3_segok_samsung,long,off_peak,7.0,5,857.8427,854.7805,3.0622,709.6247,7.0,5028.4,1,False,200,168,10,22,340301->340215->340210->340209->340317->340316->340318->340317->340316->340318->340300->340298->340300->340318->340317->340316->340318->340317->340316->340318->340317->340316->340318->340317->340316->340318->340317->340316->340318->340317->340316->340318->340317->340316->340318->340317->340316->340318->340317->340316->340318->340317->340316->340318->340317->340316->340318->340317->340316->340318->340317->340316->340318->340317->340316->340318->340317->340316->340318->340317->340316->340318->340317->340316->340318->340317->340316->340318->340317->340316->340318->340317->340316->340318->340317->340316->340318->340317->340316->340318->340317->340316->340318->340317->340316->340318->340317->340316->340318->340317->340316->340318->340317->340316->340318->340317->340316->340318->340317->340316->340318->340317->340316->340318->340317->340316->340318->340317->340316->340318->340317->340316->340318->340317->340316->340318->340300->340298->340300->340318->340317->340316->340318->340317->340316->340318->340317->340316->340318->340317->340316->340318->340317->340316->340318->340317->340316->340318->340317->340316->340318->340317->340316->340318->340317->340316->340318->340317->340316->340318->340317->340316->340318->340317->340316->340218->340216->340218->340316->340318->340317->340316->340318->340300->340298->340300->340318->340317->340316->340318->340317->340316->340318->340317->340316->340318->340317->340316->340318->340317->340316->340318->340317->340209->340210->340215->340219->340215->340210->340209->340317->340316->340318->340317->340316->340318->340317->340316->340318->340317->340209
rl_base,od3_segok_samsung,long,off_peak,7.0,6,768.5651,765.5028,3.0622,613.8055,7.0,4265.2,1,False,200,181,4,15,340301->340215->340210->340209->340317->340316->340318->340317->340316->340318->340317->340316->340318->340317->340316->340318->340317->340316->340318->340317->340316->340318->340317->340316->340318->340317->340316->340318->340317->340316->340318->340317->340316->340318->340317->340316->340318->340317->340316->340318->340317->340316->340318->340317->340316->340318->340317->340316->340318->340317->340316->340218->340216->340218->340316->340318->340317->340316->340318->340317->340316->340318->340317->340316->340318->340317->340316->340318->340317->340316->340318->340317->340316->340318->340317->340316->340318->340317->340316->340318->340317->340316->340318->340317->340316->340318->340317->340316->340318->340317->340316->340318->340317->340316->340318->340317->340316->340318->340317->340316->340318->340317->340316->340318->340317->340316->340318->340317->340316->340318->340317->340316->340318->340317->340316->340318->340317->340316->340318->340317->340316->340318->340317->340316->340318->340317->340316->340318->340317->340316->340318->340317->340316->340318->340317->340316->340318->340317->340316->340318->340317->340316->340318->340317->340316->340318->340317->340316->340318->340317->340316->340318->340317->340316->340318->340317->340316->340318->340317->340316->340318->340317->340316->340318->340317->340316->340318->340317->340316->340318->340317->340316->340318->340317->340316->340318->340317->340316->340318->340317->340316->340318->340317->340316->340318->340317->340316->340318->340317->340316->340318->340317->340209->340210->340215->340219->340215->340210->340209->340317->340316
rl_base,od3_segok_samsung,long,off_peak,7.0,7,864.1185,861.0563,3.0622,685.8989,7.0,4882.4,1,False,200,167,10,23,340301->340215->340210->340209->340317->340316->340318->340317->340316->340318->340317->340316->340318->340317->340209->340210->340215->340219->340215->340210->340209->340317->340316->340318->340317->340316->340318->340317->340316->340318->340317->340316->340318->340317->340316->340318->340317->340316->340318->340317->340316->340318->340317->340316->340318->340317->340316->340318->340317->340316->340318->340317->340316->340318->340317->340316->340318->340317->340316->340318->340317->340316->340318->340317->340316->340318->340317->340316->340318->340300->340298->340300->340318->340317->340316->340318->340317->340316->340318->340317->340316->340318->340317->340316->340318->340317->340316->340318->340317->340316->340318->340317->340316->340318->340317->340316->340318->340317->340316->340318->340317->340316->340318->340317->340316->340318->340317->340316->340318->340317->340316->340318->340317->340316->340318->340317->340316->340318->340317->340316->340318->340317->340316->340318->340317->340316->340318->340317->340316->340318->340317->340316->340318->340317->340316->340318->340317->340316->340318->340317->340316->340318->340317->340316->340318->340317->340316->340318->340317->340316->340318->340317->340316->340318->340317->340316->340318->340317->340316->340318->340317->340316->340318->340300->340298->340300->340318->340317->340316->340318->340317->340316->340318->340317->340316->340318->340317->340316->340218->340216->340218->340217->340218->340316->340317->340318->340316->340218->340216->340218->340316->340318->340317->340316->340318->340317->340316->340318->340317->340316->340318
rl_base,od3_segok_samsung,long,off_peak,7.0,8,1156.8178,1140.1323,16.6856,828.1145,38.1418,6322.6,2,False,200,130,17,53,340301->340215->340210->340209->340317->340316->340318->340317->340316->340318->340317->340209->340210->340215->340219->340215->340301->340393->340207->340222->340208->340215->340210->340209->340317->340316->340318->340317->340316->340318->340317->340316->340318->340317->340316->340318->340317->340316->340318->340317->340316->340318->340317->340316->340318->340317->340316->340318->340317->340316->340318->340317->340316->340318->340317->340316->340318->340317->340316->340318->340300->340299->340297->340299->340300->340318->340317->340316->340318->340317->340316->340318->340317->340316->340318->340317->340316->340318->340317->340316->340318->340317->340209->340210->340215->340219->340215->340210->340209->340317->340316->340318->340317->340316->340318->340317->340316->340318->340317->340316->340318->340317->340316->340318->340317->340316->340318->340317->340316->340318->340300->340299->340297->340299->340300->340318->340317->340316->340318->340317->340316->340318->340317->340316->340318->340317->340316->340318->340317->340316->340318->340317->340209->340210->340215->340219->340215->340210->340209->340317->340316->340318->340317->340316->340218->340216->340218->340316->340318->340317->340316->340318->340317->340316->340318->340317->340209->340210->340215->340219->340215->340210->340209->340317->340316->340318->340317->340316->340318->340317->340316->340318->340317->340316->340318->340317->340316->340318->340317->340316->340218->340216->340218->340316->340318->340317->340316->340318->340317->340316->340318->340317->340316->340318->340317->340316->340318->340317->340316->340218->340216
rl_base,od3_segok_samsung,long,off_peak,7.0,9,901.449,898.3868,3.0622,684.2024,7.0,5108.8,1,False,200,157,8,35,340301->340215->340210->340209->340317->340318->340316->340218->340216->340218->340316->340318->340317->340316->340218->340216->340218->340316->340318->340317->340316->340318->340317->340316->340318->340317->340316->340318->340317->340316->340318->340317->340316->340318->340317->340316->340318->340317->340316->340318->340317->340316->340318->340317->340316->340318->340317->340209->340210->340215->340219->340215->340210->340209->340317->340316->340318->340317->340316->340318->340317->340316->340318->340317->340316->340318->340317->340316->340318->340317->340316->340318->340317->340316->340318->340317->340316->340318->340300->340298->340300->340318->340316->340218->340216->340218->340316->340318->340317->340316->340318->340317->340316->340318->340317->340316->340318->340317->340316->340318->340317->340316->340318->340317->340316->340318->340317->340316->340318->340317->340316->340318->340317->340316->340318->340317->340316->340318->340317->340316->340318->340317->340316->340318->340317->340316->340318->340317->340316->340318->340317->340316->340318->340317->340316->340318->340300->340298->340300->340318->340317->340316->340318->340317->340316->340318->340317->340316->340318->340317->340316->340318->340317->340316->340318->340317->340316->340318->340317->340316->340318->340317->340316->340318->340317->340316->340318->340317->340316->340318->340317->340316->340318->340317->340316->340318->340317->340316->340318->340317->340316->340318->340317->340316->340318->340317->340316->340318->340317->340316->340218->340216->340218->340316->340318->340317->340316->340318->340317->340316->340318
rl_base,od3_segok_samsung,long,off_peak,7.0,10,872.5788,869.5166,3.0622,646.4361,7.0,4586.2,1,False,200,182,7,11,340301->340215->340210->340209->340317->340316->340318->340317->340316->340318->340317->340316->340318->340317->340316->340318->340317->340316->340318->340317->340316->340318->340317->340316->340318->340317->340316->340318->340317->340316->340318->340300->340298->340300->340318->340317->340316->340318->340317->340316->340318->340317->340316->340318->340317->340316->340318->340317->340316->340318->340317->340316->340318->340317->340316->340318->340317->340316->340318->340317->340316->340318->340317->340316->340318->340317->340316->340318->340317->340316->340318->340317->340316->340318->340317->340316->340318->340317->340316->340318->340317->340316->340318->340317->340316->340318->340317->340316->340318->340317->340316->340218->340216->340218->340316->340318->340317->340316->340318->340317->340316->340318->340317->340316->340318->340317->340316->340318->340317->340316->340318->340317->340316->340318->340317->340316->340318->340317->340316->340318->340317->340316->340318->340317->340316->340318->340317->340316->340318->340317->340316->340318->340317->340316->340318->340317->340316->340318->340317->340316->340318->340317->340316->340318->340317->340316->340318->340317->340316->340318->340317->340316->340318->340300->340298->340300->340318->340317->340316->340318->340317->340316->340318->340317->340316->340318->340317->340316->340318->340317->340316->340318->340317->340316->340318->340317->340316->340318->340317->340316->340318->340317->340316->340318->340317->340316->340318->340317->340316->340318->340317->340316->340318->340317->340316->340318->340317->340316->340318->340317->340316
rl_base,od3_segok_samsung,long,off_peak,7.0,11,844.8701,841.8079,3.0622,682.7626,7.0,5049.8,1,False,200,150,9,41,340301->340215->340210->340209->340317->340316->340318->340317->340316->340318->340317->340316->340318->340317->340316->340318->340317->340316->340318->340317->340316->340318->340317->340316->340318->340317->340316->340318->340317->340316->340318->340317->340316->340318->340317->340316->340218->340216->340218->340316->340318->340317->340316->340318->340317->340316->340318->340317->340316->340318->340300->340298->340300->340318->340317->340316->340318->340317->340316->340318->340317->340316->340218->340216->340218->340316->340318->340317->340316->340318->340317->340316->340318->340317->340316->340318->340317->340209->340210->340215->340219->340215->340210->340209->340317->340316->340318->340317->340316->340318->340317->340316->340318->340317->340316->340318->340317->340316->340318->340317->340316->340318->340317->340316->340318->340317->340316->340318->340317->340316->340318->340317->340316->340318->340317->340316->340318->340317->340316->340218->340216->340218->340316->340318->340317->340209->340210->340215->340219->340215->340210->340209->340317->340316->340318->340317->340316->340318->340317->340316->340318->340317->340316->340318->340317->340316->340318->340317->340316->340318->340317->340316->340318->340317->340316->340318->340317->340316->340318->340317->340316->340318->340317->340316->340318->340317->340316->340318->340317->340316->340318->340317->340316->340318->340317->340316->340318->340317->340316->340318->340317->340316->340318->340317->340316->340318->340317->340316->340318->340317->340316->340318->340317->340209->340210->340215->340219->340215->340210->340209->340317
rl_base,od3_segok_samsung,long,off_peak,7.0,12,739.1129,736.0506,3.0622,602.0618,7.0,4110.8,1,False,200,190,3,7,340301->340215->340210->340209->340317->340316->340318->340317->340316->340318->340317->340316->340318->340317->340316->340318->340317->340316->340318->340317->340316->340318->340317->340316->340318->340317->340316->340318->340317->340316->340318->340317->340316->340318->340317->340316->340318->340317->340316->340318->340317->340316->340318->340317->340316->340318->340317->340316->340318->340317->340316->340318->340317->340316->340318->340317->340316->340318->340317->340316->340318->340317->340316->340218->340216->340218->340316->340318->340317->340316->340318->340317->340316->340318->340317->340316->340318->340317->340316->340318->340317->340316->340318->340317->340316->340318->340317->340316->340318->340317->340316->340318->340317->340316->340318->340317->340316->340318->340317->340316->340318->340317->340316->340318->340317->340316->340318->340317->340316->340318->340317->340316->340318->340317->340316->340318->340317->340316->340318->340317->340316->340318->340317->340316->340318->340317->340316->340318->340317->340316->340318->340317->340316->340318->340317->340316->340318->340317->340316->340318->340317->340316->340318->340317->340316->340318->340317->340316->340318->340317->340316->340318->340317->340316->340318->340317->340316->340318->340317->340316->340318->340317->340316->340318->340317->340316->340318->340317->340316->340318->340317->340316->340318->340317->340316->340318->340317->340316->340318->340317->340316->340318->340317->340316->340318->340317->340316->340318->340317->340316->340318->340317->340316->340318->340317->340316->340318->340317->340316->340318->340317
rl_base,od3_segok_samsung,long,off_peak,7.0,13,954.1767,951.1144,3.0622,748.1332,7.0,5359.0,1,False,200,162,14,24,340301->340215->340210->340209->340317->340316->340318->340317->340316->340318->340300->340298->340300->340318->340317->340316->340318->340317->340316->340318->340317->340316->340318->340317->340316->340318->340317->340316->340318->340317->340316->340318->340317->340316->340318->340317->340316->340318->340317->340316->340318->340317->340316->340318->340317->340316->340318->340317->340316->340318->340317->340316->340318->340317->340316->340318->340317->340316->340318->340317->340316->340318->340317->340316->340318->340317->340316->340318->340317->340316->340318->340317->340316->340318->340317->340316->340318->340317->340316->340318->340317->340316->340318->340300->340298->340300->340318->340317->340316->340318->340317->340316->340218->340216->340218->340316->340318->340317->340316->340318->340317->340316->340318->340317->340316->340318->340317->340316->340318->340317->340316->340318->340317->340316->340318->340317->340316->340318->340317->340316->340318->340317->340316->340318->340317->340316->340318->340317->340316->340318->340317->340316->340318->340317->340316->340318->340317->340316->340318->340317->340316->340318->340317->340316->340218->340216->340218->340316->340318->340317->340316->340318->340317->340316->340318->340317->340316->340318->340317->340316->340318->340317->340316->340318->340317->340316->340218->340216->340218->340316->340318->340300->340298->340300->340318->340317->340316->340318->340317->340316->340318->340317->340316->340318->340317->340316->340318->340317->340316->340318->340317->340316->340318->340300->340298->340300->340318->340317->340316->340218->340216
rl_base,od3_segok_samsung,long,off_peak,7.0,14,751.4607,748.3984,3.0622,580.1387,7.0,3991.8,1,False,200,195,2,3,340301->340215->340210->340209->340317->340316->340318->340317->340316->340318->340317->340316->340318->340317->340316->340318->340317->340316->340318->340317->340316->340318->340317->340316->340318->340317->340316->340318->340317->340316->340318->340317->340316->340318->340317->340316->340318->340317->340316->340318->340317->340316->340318->340317->340316->340318->340317->340316->340318->340317->340316->340318->340317->340316->340318->340317->340316->340318->340317->340316->340318->340317->340316->340318->340317->340316->340318->340317->340316->340318->340317->340316->340318->340317->340316->340318->340317->340316->340318->340317->340316->340318->340317->340316->340318->340317->340316->340318->340317->340316->340318->340317->340316->340318->340317->340316->340318->340317->340316->340318->340317->340316->340318->340317->340316->340318->340317->340316->340318->340317->340316->340318->340317->340316->340318->340317->340316->340318->340317->340316->340318->340317->340316->340318->340317->340316->340318->340317->340316->340318->340317->340316->340318->340317->340316->340318->340317->340316->340318->340317->340316->340318->340317->340316->340318->340317->340316->340318->340317->340316->340318->340317->340316->340318->340317->340316->340318->340317->340316->340318->340317->340316->340318->340317->340316->340318->340317->340316->340318->340317->340316->340318->340317->340316->340318->340317->340316->340318->340317->340316->340318->340317->340316->340318->340317->340316->340318->340317->340316->340318->340317->340316->340318->340317->340316->340318->340317->340316->340318->340317->340316
rl_base,od3_segok_samsung,long,off_peak,7.0,15,862.5997,859.5375,3.0622,720.4852,7.0,5078.2,1,False,200,174,6,20,340301->340215->340208->340223->340208->340215->340210->340209->340317->340316->340318->340317->340316->340318->340317->340316->340318->340317->340316->340318->340317->340316->340318->340317->340316->340318->340317->340316->340318->340317->340316->340318->340317->340316->340318->340317->340316->340318->340317->340316->340318->340317->340316->340318->340317->340316->340318->340317->340316->340318->340317->340316->340318->340317->340316->340318->340317->340316->340318->340317->340316->340318->340317->340316->340318->340317->340316->340318->340317->340316->340318->340317->340316->340318->340317->340316->340318->340317->340316->340318->340317->340316->340318->340317->340316->340318->340317->340316->340318->340317->340316->340318->340317->340316->340318->340317->340316->340318->340317->340316->340318->340317->340316->340318->340317->340316->340318->340300->340298->340300->340318->340317->340316->340318->340317->340316->340318->340317->340316->340318->340317->340316->340318->340317->340316->340318->340317->340316->340318->340317->340316->340318->340317->340316->340318->340317->340316->340318->340317->340316->340318->340317->340316->340318->340300->340299->340297->340299->340300->340318->340317->340316->340318->340317->340316->340318->340317->340316->340318->340317->340316->340318->340317->340316->340318->340317->340316->340318->340317->340316->340318->340317->340209->340210->340215->340219->340215->340210->340209->340317->340316->340318->340317->340316->340318->340317->340316->340318->340317->340316->340318->340317->340316->340318->340317->340316->340318->340317->340316->340318->340317
rl_base,od3_segok_samsung,long,off_peak,7.0,16,849.9293,846.8671,3.0622,661.1142,7.0,4776.2,1,False,200,169,8,23,340301->340215->340210->340209->340317->340316->340318->340317->340316->340318->340317->340316->340318->340317->340316->340318->340317->340316->340318->340317->340316->340318->340317->340316->340318->340317->340316->340318->340317->340316->340318->340317->340316->340318->340317->340316->340318->340317->340316->340318->340317->340316->340318->340317->340316->340318->340317->340316->340318->340317->340316->340318->340317->340316->340318->340317->340316->340318->340317->340316->340318->340317->340316->340318->340317->340316->340318->340317->340316->340318->340317->340316->340318->340317->340316->340318->340317->340316->340318->340317->340316->340318->340300->340298->340300->340318->340317->340316->340318->340317->340316->340318->340317->340316->340318->340317->340316->340318->340317->340316->340318->340317->340316->340318->340317->340316->340318->340317->340316->340318->340317->340316->340318->340317->340316->340318->340317->340316->340318->340317->340316->340318->340317->340316->340318->340317->340316->340318->340317->340316->340318->340317->340316->340318->340317->340316->340318->340317->340316->340318->340317->340316->340318->340317->340316->340318->340317->340316->340318->340317->340316->340318->340317->340316->340318->340317->340316->340318->340317->340209->340210->340215->340219->340215->340210->340209->340317->340316->340318->340317->340316->340318->340317->340316->340318->340317->340316->340318->340300->340298->340300->340318->340317->340316->340318->340317->340316->340318->340317->340316->340318->340317->340209->340210->340215->340219->340215->340210->340209->340317->340316
rl_base,od3_segok_samsung,long,off_peak,7.0,17,818.7962,815.734,3.0622,627.8777,7.0,4352.2,1,False,200,186,5,9,340301->340215->340210->340209->340317->340316->340318->340317->340316->340318->340317->340316->340318->340317->340316->340318->340317->340316->340318->340317->340316->340318->340317->340316->340318->340317->340316->340318->340317->340316->340318->340317->340316->340318->340317->340316->340318->340317->340316->340318->340317->340316->340318->340317->340316->340318->340317->340316->340318->340317->340316->340318->340317->340316->340318->340317->340316->340318->340317->340316->340318->340317->340316->340318->340317->340316->340318->340317->340316->340318->340317->340316->340318->340317->340316->340318->340317->340316->340318->340317->340316->340318->340317->340316->340318->340317->340316->340318->340317->340316->340318->340317->340316->340318->340317->340316->340318->340317->340316->340318->340317->340316->340318->340317->340316->340318->340317->340316->340318->340317->340316->340318->340317->340316->340318->340317->340316->340318->340317->340316->340318->340317->340316->340318->340317->340316->340318->340300->340298->340300->340318->340317->340316->340318->340317->340316->340318->340317->340316->340318->340317->340316->340318->340317->340316->340318->340317->340316->340318->340317->340316->340318->340317->340316->340318->340317->340316->340318->340317->340316->340318->340317->340316->340318->340317->340316->340318->340317->340316->340318->340317->340316->340318->340317->340316->340318->340317->340316->340318->340317->340316->340318->340317->340316->340318->340317->340316->340218->340216->340218->340316->340318->340317->340316->340318->340317->340316->340318->340317->340316->340318
rl_base,od3_segok_samsung,long,off_peak,7.0,18,819.8826,816.8203,3.0622,647.0816,7.0,4657.4,1,False,200,168,7,25,340301->340215->340210->340209->340317->340316->340318->340317->340316->340318->340317->340316->340318->340317->340316->340318->340317->340316->340318->340317->340316->340318->340317->340316->340318->340317->340316->340318->340317->340316->340318->340317->340316->340318->340317->340316->340318->340317->340316->340318->340317->340316->340318->340317->340316->340318->340300->340298->340300->340318->340317->340316->340318->340317->340316->340318->340317->340316->340318->340317->340316->340318->340317->340316->340318->340317->340316->340318->340317->340209->340210->340215->340219->340215->340210->340209->340317->340316->340318->340317->340316->340318->340317->340316->340318->340317->340316->340318->340317->340316->340318->340317->340316->340318->340317->340316->340318->340317->340316->340318->340317->340316->340318->340317->340316->340318->340317->340316->340318->340317->340316->340318->340317->340316->340318->340317->340316->340318->340317->340316->340318->340317->340316->340318->340317->340316->340318->340317->340316->340318->340317->340316->340318->340317->340316->340318->340317->340316->340218->340216->340218->340316->340318->340317->340316->340318->340317->340316->340318->340317->340316->340318->340317->340316->340318->340317->340316->340318->340317->340316->340318->340317->340316->340318->340317->340316->340318->340317->340209->340210->340215->340219->340215->340210->340209->340317->340316->340318->340317->340316->340318->340317->340316->340318->340317->340316->340318->340317->340316->340318->340317->340316->340318->340317->340316->340318->340317->340316->340318->340317->340316
rl_base,od3_segok_samsung,long,off_peak,7.0,19,778.8518,775.7896,3.0622,604.0455,7.0,4233.4,1,False,200,185,4,11,340301->340215->340210->340209->340317->340316->340318->340317->340316->340318->340317->340316->340318->340317->340316->340318->340317->340316->340318->340317->340316->340318->340317->340316->340318->340317->340316->340318->340317->340316->340318->340317->340316->340318->340317->340316->340318->340317->340316->340318->340317->340316->340318->340317->340316->340318->340317->340316->340318->340317->340316->340318->340317->340316->340318->340317->340316->340318->340317->340316->340318->340317->340316->340318->340317->340316->340318->340317->340316->340318->340317->340316->340318->340317->340316->340318->340317->340316->340318->340317->340316->340218->340216->340218->340316->340318->340317->340316->340318->340317->340316->340318->340317->340316->340318->340317->340316->340318->340317->340316->340318->340317->340316->340318->340317->340316->340318->340317->340316->340318->340317->340316->340318->340317->340316->340318->340317->340316->340318->340317->340316->340318->340317->340316->340318->340317->340316->340318->340317->340316->340318->340317->340316->340318->340317->340316->340218->340216->340218->340316->340318->340317->340316->340318->340317->340316->340318->340317->340316->340318->340317->340316->340318->340317->340316->340318->340317->340316->340318->340317->340316->340318->340317->340316->340318->340317->340316->340318->340317->340316->340318->340317->340316->340318->340317->340316->340318->340317->340316->340318->340317->340316->340318->340317->340316->340318->340317->340316->340318->340317->340316->340318->340317->340316->340318->340317->340316->340318->340317->340316->340318
rl_base,od3_segok_samsung,long,off_peak,7.0,20,995.8642,992.8019,3.0622,763.2333,7.0,5273.8,1,False,200,173,11,16,340301->340215->340210->340209->340317->340316->340318->340317->340316->340318->340317->340316->340318->340300->340298->340300->340299->340297->340299->340300->340318->340317->340316->340318->340317->340316->340318->340317->340316->340318->340317->340316->340318->340317->340316->340318->340317->340316->340318->340317->340316->340318->340317->340316->340318->340317->340316->340318->340317->340316->340318->340317->340316->340318->340317->340316->340318->340317->340316->340318->340317->340316->340318->340317->340316->340318->340317->340316->340318->340317->340316->340318->340317->340316->340318->340317->340316->340318->340317->340316->340318->340300->340298->340300->340318->340317->340316->340318->340317->340316->340318->340317->340316->340318->340317->340316->340318->340317->340316->340318->340317->340316->340318->340317->340316->340318->340317->340316->340318->340317->340316->340318->340317->340316->340318->340317->340316->340318->340317->340316->340318->340317->340316->340318->340317->340316->340318->340317->340316->340318->340317->340316->340318->340317->340316->340318->340317->340316->340318->340317->340316->340318->340317->340316->340318->340317->340316->340318->340317->340316->340318->340317->340316->340318->340300->340298->340300->340318->340317->340316->340318->340317->340316->340318->340317->340316->340318->340317->340316->340318->340317->340316->340318->340317->340316->340318->340300->340298->340300->340318->340317->340316->340318->340317->340316->340318->340317->340316->340318->340317->340316->340318->340317->340316->340318->340317->340316->340218->340216->340218->340316
rl_base,od3_segok_samsung,long,off_peak,7.0,21,880.6892,877.6269,3.0622,666.6755,7.0,4895.2,1,False,200,164,9,27,340301->340215->340210->340209->340317->340316->340318->340317->340316->340318->340300->340298->340300->340318->340317->340316->340318->340317->340316->340318->340317->340316->340318->340317->340316->340318->340300->340298->340300->340318->340317->340316->340318->340317->340316->340318->340317->340316->340318->340317->340316->340318->340317->340316->340318->340317->340316->340318->340317->340316->340318->340317->340316->340318->340317->340316->340318->340317->340316->340318->340317->340316->340318->340317->340316->340318->340317->340209->340210->340215->340219->340215->340210->340209->340317->340316->340318->340317->340316->340318->340317->340316->340318->340317->340316->340318->340317->340316->340318->340317->340316->340318->340317->340316->340318->340317->340316->340318->340317->340209->340210->340215->340219->340215->340210->340209->340317->340316->340318->340317->340316->340318->340317->340316->340318->340317->340316->340318->340317->340316->340318->340317->340316->340318->340317->340316->340318->340317->340316->340318->340317->340316->340218->340216->340218->340316->340318->340317->340316->340318->340317->340316->340318->340317->340316->340318->340317->340316->340318->340317->340316->340318->340317->340316->340318->340317->340316->340318->340317->340316->340318->340317->340316->340318->340317->340316->340318->340317->340316->340318->340317->340316->340318->340317->340316->340318->340317->340316->340318->340317->340316->340318->340317->340316->340318->340317->340316->340318->340317->340316->340318->340317->340316->340318->340317->340316->340318->340317->340316->340318->340317
rl_base,od3_segok_samsung,long,off_peak,7.0,22,919.4754,916.4131,3.0622,693.7268,7.0,5323.0,1,False,200,141,12,47,340301->340215->340210->340209->340317->340316->340318->340317->340316->340218->340216->340218->340316->340318->340317->340316->340318->340317->340316->340318->340317->340316->340318->340317->340316->340318->340317->340316->340318->340317->340316->340318->340300->340298->340300->340318->340317->340316->340318->340317->340316->340318->340317->340209->340210->340215->340219->340215->340210->340209->340317->340316->340318->340317->340316->340318->340317->340316->340318->340317->340316->340318->340317->340316->340318->340317->340316->340318->340317->340316->340318->340317->340316->340318->340317->340209->340210->340215->340219->340215->340210->340209->340317->340316->340318->340300->340298->340300->340318->340317->340316->340318->340317->340316->340218->340216->340218->340316->340318->340317->340316->340318->340317->340316->340318->340317->340316->340318->340317->340316->340318->340317->340316->340318->340317->340316->340318->340317->340316->340318->340317->340316->340318->340317->340316->340318->340317->340316->340318->340317->340316->340318->340317->340316->340318->340317->340316->340318->340317->340316->340318->340317->340316->340318->340317->340316->340318->340317->340316->340318->340317->340316->340318->340317->340316->340318->340317->340316->340318->340317->340316->340318->340317->340316->340318->340317->340316->340318->340317->340316->340318->340317->340209->340210->340215->340219->340215->340210->340209->340317->340316->340318->340317->340316->340318->340317->340209->340210->340215->340219->340215->340210->340209->340317->340316->340318->340317->340316->340318->340317->340316
rl_base,od3_segok_samsung,long,off_peak,7.0,23,800.5892,797.527,3.0622,720.1641,7.0,4978.6,1,False,200,163,10,27,340301->340215->340210->340209->340317->340316->340318->340317->340316->340318->340317->340316->340318->340317->340316->340318->340317->340316->340318->340317->340316->340318->340317->340316->340318->340317->340316->340318->340317->340316->340318->340300->340298->340300->340318->340317->340316->340318->340300->340298->340300->340318->340317->340316->340318->340317->340316->340318->340317->340316->340318->340317->340316->340318->340317->340316->340318->340317->340316->340318->340317->340316->340318->340317->340316->340318->340317->340316->340318->340317->340316->340318->340317->340316->340218->340216->340218->340316->340318->340317->340316->340318->340317->340316->340318->340317->340316->340318->340317->340316->340318->340317->340316->340318->340317->340316->340318->340317->340316->340318->340317->340316->340318->340317->340316->340318->340317->340316->340318->340317->340316->340318->340317->340316->340318->340317->340316->340318->340317->340316->340318->340317->340316->340318->340317->340316->340318->340317->340316->340318->340317->340209->340210->340215->340219->340215->340210->340209->340317->340316->340318->340317->340316->340318->340317->340316->340318->340317->340316->340318->340317->340316->340318->340317->340316->340318->340317->340316->340318->340317->340316->340318->340317->340316->340218->340216->340218->340316->340318->340317->340316->340318->340317->340316->340318->340317->340316->340318->340317->340316->340318->340317->340316->340318->340317->340316->340318->340317->340316->340218->340216->340218->340316->340318->340317->340316->340318->340317->340316->340318->340317
rl_base,od3_segok_samsung,long,off_peak,7.0,24,958.3548,925.5204,32.8344,766.2706,75.0565,5622.6,2,False,200,154,14,32,340301->340215->340210->340209->340317->340316->340318->340300->340298->340300->340318->340317->340316->340318->340300->340298->340300->340318->340317->340316->340318->340317->340316->340218->340216->340218->340316->340318->340317->340316->340318->340317->340316->340318->340317->340316->340318->340317->340316->340318->340317->340316->340318->340317->340316->340318->340317->340316->340318->340317->340316->340318->340317->340316->340318->340317->340316->340318->340317->340316->340318->340317->340316->340318->340317->340316->340318->340317->340316->340318->340317->340316->340318->340317->340316->340318->340317->340316->340318->340317->340316->340318->340317->340316->340318->340317->340316->340318->340317->340209->340210->340215->340219->340215->340210->340209->340317->340316->340318->340317->340316->340318->340317->340316->340318->340317->340316->340318->340317->340316->340318->340317->340316->340318->340317->340316->340318->340317->340316->340318->340317->340316->340318->340317->340316->340318->340317->340316->340318->340317->340316->340318->340317->340316->340318->340317->340316->340318->340317->340316->340318->340317->340316->340318->340317->340316->340318->340317->340316->340318->340317->340316->340318->340317->340316->340318->340317->340316->340318->340317->340316->340318->340317->340316->340218->340216->340218->340316->340318->340317->340316->340318->340317->340316->340318->340317->340209->340210->340215->340219->340215->340301->340393->340207->340222->340208->340215->340210->340209->340317->340316->340318->340317->340316->340318->340317->340316->340318->340317->340316->340318
rl_base,od3_segok_samsung,long,off_peak,7.0,25,910.7666,907.7043,3.0622,809.1259,7.0,5701.4,1,False,200,156,14,30,340301->340215->340210->340209->340317->340316->340318->340317->340316->340318->340317->340316->340218->340216->340218->340316->340318->340317->340316->340318->340317->340316->340318->340317->340316->340318->340317->340316->340318->340317->340316->340318->340317->340316->340318->340317->340316->340218->340216->340218->340316->340318->340317->340316->340318->340317->340316->340318->340317->340316->340318->340317->340316->340318->340317->340316->340318->340317->340316->340318->340317->340316->340318->340300->340298->340300->340318->340317->340316->340318->340317->340316->340318->340317->340316->340318->340317->340316->340218->340216->340218->340316->340318->340317->340316->340318->340317->340316->340318->340317->340209->340210->340215->340301->340393->340207->340222->340208->340215->340210->340209->340317->340316->340318->340317->340316->340318->340317->340316->340318->340317->340316->340318->340317->340316->340318->340317->340316->340318->340317->340316->340318->340317->340316->340318->340317->340316->340318->340317->340316->340318->340300->340298->340300->340318->340317->340316->340318->340317->340316->340318->340317->340316->340318->340317->340316->340318->340317->340316->340318->340317->340316->340318->340317->340316->340318->340317->340316->340318->340317->340316->340318->340317->340316->340318->340317->340316->340318->340317->340316->340318->340317->340316->340318->340317->340316->340318->340317->340316->340318->340317->340316->340318->340317->340316->340318->340317->340316->340218->340216->340218->340316->340318->340317->340316->340318->340317->340316->340318->340317->340316
rl_base,od3_segok_samsung,long,off_peak,7.0,26,826.7089,823.6466,3.0622,668.1958,7.0,4657.4,1,False,200,168,7,25,340301->340215->340210->340209->340317->340316->340318->340317->340316->340318->340317->340316->340318->340317->340316->340318->340317->340316->340318->340317->340316->340318->340317->340316->340318->340317->340316->340318->340317->340316->340218->340216->340218->340316->340318->340317->340316->340318->340317->340209->340210->340215->340219->340215->340210->340209->340317->340316->340318->340317->340316->340318->340317->340316->340318->340300->340298->340300->340318->340317->340316->340318->340317->340316->340318->340317->340316->340318->340317->340316->340318->340317->340316->340318->340317->340316->340318->340317->340316->340318->340317->340316->340318->340317->340316->340318->340317->340316->340318->340317->340316->340318->340317->340316->340318->340317->340316->340318->340317->340316->340318->340317->340316->340318->340317->340316->340318->340317->340316->340318->340317->340316->340318->340317->340316->340318->340317->340316->340318->340317->340316->340318->340317->340209->340210->340215->340219->340215->340210->340209->340317->340316->340318->340317->340316->340318->340317->340316->340318->340317->340316->340318->340317->340316->340318->340317->340316->340318->340317->340316->340318->340317->340316->340318->340317->340316->340318->340317->340316->340318->340317->340316->340318->340317->340316->340318->340317->340316->340318->340317->340316->340318->340317->340316->340318->340317->340316->340318->340317->340316->340318->340317->340316->340318->340317->340316->340318->340317->340316->340318->340317->340316->340318->340317->340316->340318->340317->340316->340318->340317->340316
rl_base,od3_segok_samsung,long,off_peak,7.0,27,785.2886,782.2264,3.0622,664.7662,7.0,4705.0,1,False,200,183,8,9,340301->340215->340210->340209->340317->340316->340318->340317->340316->340318->340317->340316->340318->340317->340316->340318->340317->340316->340318->340317->340316->340318->340317->340316->340318->340317->340316->340318->340317->340316->340318->340317->340316->340318->340317->340316->340318->340317->340316->340318->340317->340316->340318->340317->340316->340318->340300->340298->340300->340318->340317->340316->340318->340317->340316->340318->340317->340316->340318->340317->340316->340318->340317->340316->340318->340317->340316->340318->340300->340298->340300->340318->340317->340316->340318->340317->340316->340318->340317->340316->340318->340317->340316->340318->340317->340316->340318->340317->340316->340318->340317->340316->340318->340317->340316->340318->340317->340316->340318->340317->340316->340318->340317->340316->340318->340317->340316->340318->340317->340316->340318->340317->340316->340318->340317->340316->340318->340317->340316->340318->340317->340316->340318->340317->340316->340318->340317->340316->340318->340317->340316->340318->340317->340316->340318->340317->340316->340318->340317->340316->340318->340317->340316->340318->340317->340316->340318->340317->340316->340318->340317->340316->340318->340317->340316->340318->340317->340316->340318->340317->340316->340318->340317->340316->340318->340317->340316->340318->340317->340316->340318->340317->340316->340318->340317->340316->340318->340300->340298->340300->340318->340317->340316->340318->340317->340316->340318->340317->340316->340318->340317->340316->340318->340317->340316->340318->340317->340316->340318->340317->340316
rl_base,od3_segok_samsung,long,off_peak,7.0,28,767.8338,764.7716,3.0622,615.2835,7.0,4352.2,1,False,200,186,5,9,340301->340215->340210->340209->340317->340316->340318->340317->340316->340318->340317->340316->340318->340317->340316->340318->340317->340316->340318->340317->340316->340318->340317->340316->340318->340317->340316->340318->340317->340316->340318->340317->340316->340318->340317->340316->340318->340317->340316->340318->340317->340316->340318->340317->340316->340318->340317->340316->340318->340317->340316->340318->340317->340316->340318->340317->340316->340318->340317->340316->340318->340317->340316->340318->340317->340316->340318->340317->340316->340318->340317->340316->340318->340317->340316->340318->340317->340316->340318->340300->340298->340300->340318->340317->340316->340318->340317->340316->340318->340317->340316->340318->340317->340316->340318->340317->340316->340318->340317->340316->340318->340317->340316->340318->340317->340316->340318->340317->340316->340318->340317->340316->340218->340216->340218->340316->340318->340317->340316->340318->340317->340316->340318->340317->340316->340318->340317->340316->340318->340317->340316->340318->340317->340316->340318->340317->340316->340318->340317->340316->340318->340317->340316->340318->340317->340316->340318->340317->340316->340318->340317->340316->340318->340317->340316->340318->340317->340316->340318->340317->340316->340318->340317->340316->340318->340317->340316->340318->340317->340316->340318->340317->340316->340318->340317->340316->340318->340317->340316->340318->340317->340316->340318->340317->340316->340318->340317->340316->340318->340317->340316->340318->340317->340316->340318->340317->340316->340318->340317->340316->340318
rl_base,od3_segok_samsung,long,off_peak,7.0,29,738.1245,735.0623,3.0622,638.0303,7.0,4352.2,1,False,200,186,5,9,340301->340215->340210->340209->340317->340316->340318->340317->340316->340318->340317->340316->340318->340317->340316->340318->340317->340316->340318->340317->340316->340318->340317->340316->340318->340317->340316->340318->340317->340316->340318->340317->340316->340318->340317->340316->340318->340317->340316->340318->340317->340316->340318->340317->340316->340318->340317->340316->340318->340317->340316->340318->340317->340316->340318->340317->340316->340318->340317->340316->340318->340317->340316->340218->340216->340218->340316->340318->340317->340316->340318->340317->340316->340318->340317->340316->340318->340317->340316->340318->340317->340316->340318->340317->340316->340318->340317->340316->340318->340317->340316->340318->340317->340316->340318->340317->340316->340318->340317->340316->340318->340317->340316->340318->340317->340316->340318->340317->340316->340318->340317->340316->340318->340317->340316->340318->340317->340316->340318->340317->340316->340318->340317->340316->340318->340317->340316->340318->340317->340316->340318->340317->340316->340318->340317->340316->340318->340317->340316->340318->340300->340298->340300->340318->340317->340316->340318->340317->340316->340318->340317->340316->340318->340317->340316->340318->340317->340316->340318->340317->340316->340318->340317->340316->340318->340317->340316->340318->340317->340316->340318->340317->340316->340318->340317->340316->340318->340317->340316->340318->340317->340316->340318->340317->340316->340318->340317->340316->340318->340317->340316->340318->340317->340316->340318->340317->340316->340318->340317->340316->340318
rl_base,od3_segok_samsung,long,off_peak,7.0,30,716.71,713.6478,3.0622,613.819,7.0,4233.4,1,False,200,184,5,11,340301->340215->340210->340209->340317->340316->340318->340317->340316->340318->340317->340316->340318->340317->340316->340318->340317->340316->340318->340317->340316->340318->340317->340316->340318->340317->340316->340318->340317->340316->340318->340317->340316->340318->340317->340316->340318->340317->340316->340318->340317->340316->340318->340317->340316->340318->340317->340316->340318->340317->340316->340318->340317->340316->340318->340317->340316->340318->340317->340316->340318->340317->340316->340318->340317->340316->340318->340317->340316->340318->340317->340316->340318->340317->340316->340318->340317->340316->340318->340317->340316->340318->340317->340316->340318->340317->340316->340318->340317->340316->340318->340317->340316->340318->340317->340316->340318->340317->340316->340318->340317->340316->340318->340317->340316->340318->340317->340316->340318->340317->340316->340318->340317->340316->340318->340317->340316->340318->340317->340316->340318->340317->340316->340318->340317->340316->340218->340216->340218->340316->340317->340318->340316->340218->340216->340218->340316->340318->340317->340316->340318->340317->340316->340318->340317->340316->340318->340317->340316->340318->340317->340316->340318->340317->340316->340318->340317->340316->340318->340317->340316->340318->340317->340316->340318->340317->340316->340318->340317->340316->340318->340317->340316->340318->340317->340316->340318->340317->340316->340318->340317->340316->340318->340317->340316->340318->340317->340316->340318->340317->340316->340318->340317->340316->340318->340317->340316->340318->340317->340316->340318
rl_base,od3_segok_samsung,long,peak,8.0,1,980.8962,918.2661,62.6301,861.8439,143.1669,6161.2,2,False,200,147,19,34,340301->340215->340210->340209->340317->340316->340318->340317->340316->340318->340317->340316->340318->340317->340316->340318->340317->340316->340318->340317->340316->340318->340317->340316->340318->340317->340316->340318->340317->340316->340318->340317->340316->340318->340317->340316->340318->340317->340316->340318->340317->340316->340318->340317->340316->340318->340317->340316->340318->340317->340316->340318->340317->340316->340318->340317->340316->340318->340317->340316->340318->340317->340316->340318->340317->340316->340318->340317->340316->340318->340317->340316->340318->340317->340316->340318->340317->340316->340318->340300->340299->340297->340299->340300->340318->340317->340316->340318->340317->340316->340318->340317->340316->340318->340317->340316->340318->340317->340316->340318->340317->340316->340318->340317->340316->340218->340217->340218->340316->340318->340317->340316->340218->340217->340218->340316->340318->340317->340316->340318->340317->340316->340318->340317->340316->340218->340217->340218->340316->340318->340317->340316->340318->340300->340298->340300->340318->340317->340316->340318->340317->340316->340318->340300->340299->340297->340299->340300->340318->340317->340316->340318->340317->340209->340210->340215->340301->340393->340207->340222->340208->340215->340210->340209->340317->340316->340318->340317->340316->340318->340317->340316->340318->340317->340316->340318->340317->340316->340318->340317->340316->340318->340317->340316->340318->340317->340316->340318->340317->340316->340318->340317->340209->340210->340215->340219->340215->340210->340209->340317->340316
rl_base,od3_segok_samsung,long,peak,8.0,2,832.8988,803.5888,29.31,788.6157,67.0,5433.4,1,False,200,166,10,24,340301->340215->340208->340223->340208->340215->340210->340209->340317->340316->340218->340217->340218->340316->340318->340317->340316->340318->340300->340298->340300->340318->340317->340316->340318->340317->340316->340318->340317->340316->340318->340317->340316->340318->340317->340316->340318->340317->340316->340318->340317->340316->340318->340317->340316->340318->340317->340316->340318->340317->340316->340318->340317->340316->340318->340317->340316->340318->340317->340316->340318->340317->340316->340318->340317->340316->340318->340317->340316->340318->340317->340316->340318->340317->340316->340318->340317->340316->340318->340317->340316->340318->340317->340316->340318->340317->340316->340318->340317->340316->340318->340317->340316->340318->340317->340316->340318->340317->340316->340318->340317->340316->340318->340317->340316->340318->340317->340316->340318->340317->340316->340318->340317->340316->340318->340317->340316->340318->340317->340316->340318->340317->340316->340318->340317->340316->340318->340317->340316->340318->340317->340316->340318->340317->340316->340318->340317->340316->340318->340317->340316->340318->340317->340316->340318->340300->340298->340300->340318->340317->340316->340318->340317->340316->340318->340317->340316->340318->340317->340316->340318->340317->340316->340318->340317->340316->340318->340317->340316->340318->340300->340298->340300->340299->340297->340299->340300->340318->340317->340316->340318->340317->340316->340318->340317->340209->340210->340215->340219->340215->340210->340209->340317->340316->340318->340317->340316->340318->340317->340316->340318
rl_base,od3_segok_samsung,long,peak,8.0,3,727.5354,698.2254,29.31,680.1497,67.0,4728.6,1,False,200,174,11,15,340301->340215->340210->340209->340317->340316->340318->340317->340316->340318->340317->340316->340318->340317->340316->340318->340317->340316->340318->340317->340316->340318->340317->340316->340318->340317->340316->340318->340317->340316->340318->340317->340316->340318->340317->340316->340318->340317->340316->340318->340317->340316->340318->340317->340316->340218->340217->340218->340316->340318->340317->340316->340318->340317->340316->340318->340317->340316->340318->340317->340316->340318->340317->340316->340318->340317->340316->340318->340317->340316->340318->340300->340298->340300->340318->340317->340316->340318->340317->340316->340318->340317->340316->340318->340317->340316->340318->340317->340316->340318->340317->340316->340318->340317->340316->340318->340317->340316->340318->340317->340316->340318->340317->340316->340318->340317->340316->340318->340317->340316->340318->340317->340316->340318->340317->340316->340318->340317->340316->340318->340317->340316->340318->340317->340316->340318->340317->340316->340318->340317->340316->340318->340317->340316->340318->340317->340316->340218->340216->340218->340316->340318->340317->340316->340318->340317->340316->340318->340317->340316->340318->340317->340316->340218->340217->340218->340316->340318->340317->340316->340318->340317->340316->340318->340317->340316->340318->340300->340298->340300->340318->340317->340316->340318->340317->340316->340318->340317->340316->340318->340317->340316->340318->340317->340316->340318->340317->340316->340318->340317->340316->340318->340317->340316->340318->340317->340316->340318->340317->340316->340318
rl_base,od3_segok_samsung,long,peak,8.0,4,697.8809,668.5709,29.31,644.34,67.0,4526.4,1,False,200,174,9,17,340301->340215->340210->340209->340317->340316->340318->340317->340316->340318->340317->340316->340318->340317->340316->340318->340317->340316->340318->340317->340316->340318->340317->340316->340318->340317->340316->340318->340317->340316->340318->340317->340316->340318->340317->340316->340318->340317->340316->340318->340317->340316->340318->340300->340298->340300->340318->340317->340316->340318->340317->340316->340318->340317->340316->340318->340317->340316->340318->340317->340316->340318->340317->340316->340218->340217->340218->340316->340318->340317->340316->340318->340317->340316->340318->340317->340316->340318->340317->340316->340318->340317->340316->340318->340317->340316->340318->340317->340316->340318->340317->340316->340318->340317->340316->340318->340317->340316->340318->340317->340316->340318->340317->340316->340318->340317->340316->340318->340317->340316->340318->340317->340316->340318->340317->340316->340318->340317->340316->340318->340317->340316->340318->340317->340316->340318->340317->340316->340318->340317->340316->340318->340317->340316->340318->340317->340316->340318->340317->340316->340318->340317->340316->340318->340317->340316->340318->340317->340316->340218->340217->340218->340316->340318->340317->340209->340210->340215->340219->340215->340210->340209->340317->340316->340318->340317->340316->340318->340317->340316->340318->340317->340316->340318->340317->340316->340318->340317->340316->340318->340317->340316->340318->340317->340316->340318->340317->340316->340318->340317->340316->340318->340317->340316->340318->340317->340316->340318->340317->340316->340318
rl_base,od3_segok_samsung,long,peak,8.0,5,690.466,661.156,29.31,677.8849,67.0,4621.0,1,False,200,175,9,16,340301->340215->340210->340209->340317->340316->340318->340317->340316->340318->340317->340316->340318->340317->340316->340318->340317->340316->340318->340317->340316->340318->340317->340316->340318->340317->340316->340318->340317->340316->340318->340317->340316->340318->340317->340316->340318->340317->340316->340318->340317->340316->340318->340317->340316->340318->340317->340316->340318->340317->340316->340318->340317->340316->340318->340317->340316->340318->340317->340316->340318->340317->340316->340318->340317->340316->340318->340317->340316->340318->340317->340316->340318->340317->340316->340318->340317->340316->340318->340317->340316->340318->340317->340209->340210->340215->340219->340215->340210->340209->340317->340316->340318->340317->340316->340318->340317->340316->340318->340317->340316->340318->340317->340316->340318->340317->340316->340318->340317->340316->340318->340317->340316->340318->340300->340299->340297->340299->340300->340318->340317->340316->340318->340317->340316->340318->340317->340316->340318->340317->340316->340318->340317->340316->340318->340317->340316->340318->340317->340316->340318->340317->340316->340318->340317->340316->340318->340317->340316->340318->340317->340316->340318->340317->340316->340318->340317->340316->340318->340317->340316->340318->340317->340316->340318->340317->340316->340318->340317->340316->340318->340317->340316->340318->340317->340316->340318->340317->340316->340318->340317->340316->340318->340317->340316->340318->340317->340316->340318->340317->340316->340318->340317->340316->340218->340217->340218->340316->340317->340318->340316
rl_base,od3_segok_samsung,long,peak,8.0,6,661.9496,632.6396,29.31,627.4903,67.0,4300.8,1,False,200,177,4,19,340301->340215->340210->340209->340317->340316->340318->340317->340316->340318->340317->340316->340318->340317->340316->340318->340317->340316->340318->340317->340316->340318->340317->340316->340318->340317->340316->340318->340317->340316->340318->340317->340316->340318->340317->340316->340318->340317->340316->340318->340317->340316->340318->340317->340316->340318->340317->340316->340318->340317->340316->340318->340317->340316->340318->340317->340316->340318->340317->340316->340318->340317->340316->340318->340317->340316->340318->340317->340316->340318->340317->340316->340318->340317->340209->340210->340215->340219->340215->340210->340209->340317->340316->340318->340317->340316->340318->340317->340209->340210->340215->340219->340215->340210->340209->340317->340316->340318->340317->340316->340318->340317->340316->340318->340317->340316->340318->340317->340316->340318->340317->340316->340318->340317->340316->340318->340317->340316->340318->340317->340316->340318->340317->340316->340318->340317->340316->340318->340317->340316->340318->340317->340316->340318->340317->340316->340318->340317->340316->340318->340317->340316->340318->340317->340316->340318->340317->340316->340318->340317->340316->340318->340317->340316->340318->340317->340316->340318->340317->340316->340318->340317->340316->340318->340317->340316->340318->340317->340316->340318->340317->340316->340318->340317->340316->340318->340317->340316->340318->340317->340316->340318->340317->340316->340318->340317->340316->340318->340317->340316->340318->340317->340316->340318->340317->340316->340318->340317->340316->340318->340317
rl_base,od3_segok_samsung,long,peak,8.0,7,637.2384,607.9284,29.31,633.561,67.0,4384.0,1,False,200,182,5,13,340301->340215->340210->340209->340317->340316->340318->340317->340316->340318->340317->340316->340318->340317->340316->340318->340317->340316->340318->340317->340316->340318->340317->340316->340318->340317->340316->340318->340317->340316->340318->340317->340316->340318->340317->340316->340318->340317->340316->340318->340317->340316->340318->340317->340316->340318->340317->340316->340318->340317->340316->340318->340317->340316->340318->340317->340316->340318->340317->340316->340318->340317->340316->340318->340317->340316->340318->340317->340316->340318->340317->340316->340318->340317->340316->340318->340317->340316->340318->340317->340316->340318->340317->340316->340318->340317->340316->340318->340317->340316->340318->340317->340316->340318->340317->340316->340318->340317->340316->340318->340317->340316->340318->340317->340209->340210->340215->340219->340215->340210->340209->340317->340316->340318->340317->340316->340318->340317->340316->340318->340317->340316->340318->340317->340316->340318->340317->340316->340318->340317->340316->340318->340317->340316->340318->340317->340316->340318->340317->340316->340318->340317->340316->340318->340317->340316->340318->340317->340316->340318->340317->340316->340318->340317->340316->340318->340317->340316->340318->340317->340316->340318->340300->340298->340300->340318->340317->340316->340318->340317->340316->340318->340317->340316->340318->340317->340316->340318->340317->340316->340318->340317->340316->340318->340317->340316->340318->340317->340316->340318->340317->340316->340318->340317->340316->340318->340317->340316->340318->340317->340316
rl_base,od3_segok_samsung,long,peak,8.0,8,767.3345,738.0245,29.31,645.1392,67.0,4460.8,1,False,200,142,41,17,340301->340215->340210->340209->340317->340316->340318->340317->340316->340318->340317->340316->340318->340317->340316->340318->340317->340316->340318->340317->340316->340318->340317->340316->340318->340317->340316->340318->340317->340316->340318->340317->340316->340318->340317->340316->340318->340317->340316->340318->340317->340316->340318->340317->340316->340318->340317->340316->340318->340317->340316->340318->340317->340316->340318->340317->340316->340318->340317->340316->340318->340317->340316->340318->340317->340316->340318->340317->340316->340318->340317->340316->340318->340317->340316->340318->340300->340298->340300->340318->340316->340317->340318->340316->340317->340318->340316->340317->340318->340316->340317->340318->340316->340317->340318->340316->340317->340318->340316->340317->340318->340316->340317->340318->340316->340317->340318->340316->340317->340318->340316->340317->340318->340316->340317->340318->340316->340218->340217->340218->340316->340318->340317->340316->340318->340317->340316->340318->340317->340316->340318->340317->340316->340318->340317->340316->340318->340317->340316->340318->340317->340316->340318->340317->340316->340318->340317->340316->340318->340317->340209->340210->340215->340219->340215->340210->340209->340317->340316->340318->340317->340316->340318->340317->340316->340318->340317->340316->340318->340317->340316->340318->340317->340316->340318->340317->340316->340318->340317->340316->340318->340317->340316->340318->340317->340316->340318->340317->340316->340318->340317->340316->340318->340317->340316->340318->340317->340316->340318->340317->340316
rl_base,od3_segok_samsung,long,peak,8.0,9,838.0304,798.4826,39.5477,733.4465,90.4026,5283.8,2,False,200,150,12,38,340301->340215->340210->340209->340317->340316->340218->340217->340218->340316->340318->340317->340316->340318->340317->340316->340318->340317->340316->340318->340317->340316->340318->340317->340316->340318->340317->340316->340318->340317->340316->340318->340317->340316->340318->340317->340316->340318->340317->340316->340318->340317->340316->340318->340317->340316->340318->340317->340316->340318->340317->340316->340318->340317->340316->340318->340317->340316->340318->340317->340316->340318->340317->340316->340318->340317->340316->340318->340317->340316->340318->340317->340316->340318->340317->340316->340318->340317->340316->340318->340317->340316->340318->340317->340316->340318->340317->340209->340210->340215->340219->340215->340210->340209->340317->340316->340318->340317->340316->340318->340317->340316->340318->340317->340316->340318->340317->340316->340318->340317->340316->340318->340317->340316->340318->340317->340316->340318->340317->340316->340318->340317->340209->340210->340215->340219->340215->340210->340209->340317->340316->340318->340317->340316->340318->340317->340316->340318->340317->340209->340210->340215->340219->340215->340210->340209->340317->340316->340318->340317->340316->340318->340317->340316->340318->340317->340316->340318->340317->340316->340318->340317->340316->340318->340317->340209->340210->340215->340219->340215->340301->340393->340207->340222->340208->340215->340210->340209->340317->340316->340318->340317->340316->340318->340317->340316->340318->340317->340316->340318->340317->340316->340318->340317->340316->340318->340317->340316->340318->340317->340316
rl_base,od3_segok_samsung,long,peak,8.0,10,770.9373,741.6273,29.31,676.7205,67.0,4904.8,1,False,200,151,12,37,340301->340215->340210->340209->340317->340316->340318->340317->340316->340318->340317->340316->340318->340317->340316->340318->340317->340209->340210->340215->340219->340215->340210->340209->340317->340316->340318->340317->340316->340318->340317->340316->340318->340317->340316->340318->340317->340316->340318->340317->340316->340318->340317->340316->340318->340317->340316->340318->340317->340316->340318->340317->340316->340318->340317->340316->340318->340317->340316->340318->340317->340316->340318->340317->340316->340318->340317->340316->340318->340317->340316->340318->340317->340316->340318->340317->340316->340318->340317->340316->340318->340317->340316->340318->340317->340316->340318->340317->340316->340318->340317->340316->340318->340317->340316->340318->340317->340316->340318->340317->340316->340318->340317->340316->340318->340317->340316->340318->340317->340209->340210->340215->340219->340215->340210->340209->340317->340318->340316->340218->340217->340218->340316->340318->340317->340316->340318->340317->340316->340318->340317->340316->340318->340317->340316->340318->340317->340316->340318->340317->340316->340318->340317->340209->340210->340215->340219->340215->340210->340209->340317->340316->340318->340317->340316->340218->340217->340218->340316->340318->340317->340316->340318->340317->340316->340318->340317->340316->340318->340317->340316->340318->340317->340316->340218->340217->340218->340316->340318->340317->340316->340318->340317->340316->340318->340317->340316->340318->340317->340316->340318->340300->340298->340300->340318->340317->340316->340318->340317->340316->340318
rl_base,od3_segok_samsung,long,peak,8.0,11,657.8074,628.4974,29.31,611.7347,67.0,4373.8,1,False,200,173,6,21,340301->340215->340210->340209->340317->340316->340318->340317->340316->340318->340317->340316->340318->340317->340316->340318->340317->340316->340318->340317->340316->340318->340317->340316->340318->340317->340316->340318->340317->340316->340318->340317->340316->340318->340317->340316->340318->340317->340316->340318->340317->340316->340318->340317->340316->340318->340317->340316->340318->340317->340316->340318->340317->340316->340318->340317->340316->340318->340317->340316->340318->340317->340316->340318->340317->340316->340318->340317->340316->340318->340317->340316->340318->340317->340316->340318->340317->340316->340318->340317->340316->340318->340317->340316->340318->340317->340316->340318->340317->340316->340318->340317->340209->340210->340215->340219->340215->340210->340209->340317->340316->340318->340317->340316->340318->340317->340316->340318->340317->340209->340210->340215->340219->340215->340210->340209->340317->340316->340318->340317->340316->340318->340317->340316->340318->340317->340316->340318->340317->340316->340318->340317->340316->340318->340317->340316->340318->340317->340316->340318->340317->340316->340318->340317->340316->340318->340317->340316->340318->340317->340316->340318->340317->340316->340318->340317->340316->340318->340317->340316->340318->340317->340316->340318->340317->340316->340318->340317->340316->340218->340217->340218->340316->340318->340317->340316->340318->340317->340316->340318->340317->340316->340318->340317->340316->340318->340317->340316->340318->340317->340316->340318->340317->340316->340318->340317->340316->340318->340317->340316->340318
rl_base,od3_segok_samsung,long,peak,8.0,12,689.1685,659.8586,29.31,597.8378,67.0,4304.0,1,False,200,185,4,11,340301->340215->340210->340209->340317->340316->340318->340317->340316->340318->340317->340316->340318->340317->340316->340318->340317->340316->340318->340317->340316->340318->340317->340316->340318->340317->340316->340318->340317->340316->340318->340317->340316->340318->340317->340316->340318->340317->340316->340318->340317->340316->340318->340317->340316->340318->340317->340316->340318->340317->340316->340318->340317->340316->340318->340317->340316->340318->340317->340316->340318->340317->340316->340318->340317->340316->340318->340317->340316->340318->340317->340316->340318->340317->340316->340318->340317->340316->340318->340317->340316->340318->340317->340316->340318->340317->340316->340318->340317->340316->340318->340317->340316->340318->340317->340316->340318->340317->340316->340318->340317->340316->340318->340317->340316->340318->340317->340316->340318->340317->340316->340318->340317->340316->340318->340317->340316->340318->340317->340316->340318->340317->340316->340318->340317->340316->340318->340317->340316->340318->340317->340316->340318->340317->340316->340318->340317->340316->340318->340317->340316->340318->340317->340316->340318->340317->340316->340318->340317->340316->340318->340317->340316->340318->340317->340316->340318->340317->340316->340318->340317->340316->340318->340317->340316->340318->340300->340298->340300->340318->340317->340316->340318->340317->340316->340318->340317->340316->340318->340317->340316->340318->340317->340316->340318->340317->340316->340318->340317->340316->340318->340317->340316->340318->340317->340209->340210->340215->340219->340215->340210
rl_base,od3_segok_samsung,long,peak,8.0,13,698.8115,669.5016,29.31,636.9494,67.0,4483.6,1,False,200,166,10,24,340301->340215->340210->340209->340317->340316->340318->340317->340316->340318->340317->340316->340318->340317->340316->340318->340317->340316->340318->340317->340316->340318->340317->340209->340210->340215->340219->340215->340210->340209->340317->340316->340318->340317->340316->340218->340217->340218->340316->340318->340317->340316->340318->340317->340316->340318->340317->340316->340318->340317->340316->340318->340317->340316->340318->340317->340316->340318->340317->340316->340318->340317->340316->340318->340317->340316->340318->340317->340316->340318->340317->340316->340318->340317->340316->340318->340317->340316->340318->340317->340316->340318->340317->340316->340318->340317->340316->340318->340317->340316->340318->340317->340316->340318->340317->340316->340318->340317->340316->340318->340317->340316->340318->340317->340316->340318->340317->340316->340318->340317->340316->340318->340317->340316->340318->340317->340316->340318->340317->340316->340318->340317->340316->340318->340317->340316->340318->340317->340316->340318->340317->340316->340318->340317->340316->340318->340317->340316->340318->340317->340316->340318->340317->340316->340318->340317->340316->340318->340317->340316->340318->340317->340316->340218->340217->340218->340316->340318->340317->340316->340318->340317->340316->340318->340317->340316->340318->340317->340316->340318->340317->340316->340318->340317->340316->340318->340317->340209->340210->340215->340219->340215->340210->340209->340317->340316->340318->340317->340316->340318->340317->340316->340318->340317->340316->340318->340317->340316->340218->340217->340218
rl_base,od3_segok_samsung,long,peak,8.0,14,714.1978,684.8878,29.31,701.7166,67.0,4845.6,1,False,200,165,10,25,340301->340215->340210->340209->340317->340316->340318->340317->340316->340318->340317->340316->340318->340317->340316->340318->340317->340316->340318->340317->340209->340210->340215->340219->340215->340210->340209->340317->340316->340318->340317->340316->340318->340317->340316->340318->340317->340316->340318->340317->340316->340218->340217->340218->340316->340318->340317->340316->340318->340317->340316->340318->340317->340316->340318->340317->340316->340318->340317->340209->340210->340215->340219->340215->340210->340209->340317->340316->340318->340317->340316->340318->340317->340316->340318->340317->340316->340318->340317->340316->340318->340317->340316->340318->340317->340316->340318->340317->340316->340318->340317->340316->340318->340317->340316->340318->340317->340316->340318->340317->340316->340318->340317->340316->340318->340317->340316->340318->340300->340298->340300->340318->340317->340316->340318->340317->340316->340318->340317->340316->340318->340317->340316->340318->340317->340316->340318->340317->340316->340318->340317->340316->340318->340317->340316->340318->340317->340316->340318->340317->340316->340318->340317->340316->340318->340317->340316->340318->340317->340316->340318->340317->340316->340318->340317->340316->340318->340317->340316->340318->340317->340316->340318->340317->340316->340318->340300->340298->340300->340318->340317->340316->340318->340317->340316->340318->340317->340316->340318->340317->340316->340318->340317->340316->340318->340317->340316->340318->340317->340316->340318->340317->340316->340318->340317->340316->340318->340317->340316->340318->340317
rl_base,od3_segok_samsung,long,peak,8.0,15,758.9649,700.3923,58.5727,689.4997,133.8919,4841.2,2,False,200,173,8,19,340301->340215->340210->340209->340317->340316->340318->340317->340316->340318->340317->340316->340318->340317->340316->340318->340317->340316->340318->340317->340316->340318->340317->340316->340318->340317->340316->340318->340317->340316->340318->340317->340316->340318->340317->340316->340318->340317->340316->340318->340317->340316->340318->340317->340316->340318->340317->340316->340318->340317->340316->340318->340317->340316->340318->340317->340316->340318->340317->340316->340318->340300->340298->340300->340318->340317->340316->340318->340317->340316->340318->340317->340316->340318->340317->340316->340318->340317->340316->340318->340317->340316->340318->340317->340316->340318->340317->340316->340318->340317->340316->340318->340317->340316->340318->340317->340209->340210->340215->340219->340215->340210->340209->340317->340316->340318->340317->340316->340318->340317->340316->340318->340317->340316->340318->340317->340316->340318->340317->340316->340318->340317->340316->340318->340317->340316->340318->340317->340316->340318->340317->340316->340318->340317->340316->340318->340317->340316->340318->340317->340316->340318->340317->340316->340318->340317->340316->340318->340317->340316->340318->340317->340316->340318->340317->340316->340318->340317->340316->340318->340317->340316->340218->340217->340218->340316->340318->340317->340316->340318->340317->340316->340318->340317->340316->340318->340317->340316->340318->340317->340316->340318->340317->340316->340318->340317->340316->340318->340317->340316->340318->340317->340316->340318->340317->340209->340210->340215->340301->340393->340207
rl_base,od3_segok_samsung,long,peak,8.0,16,756.4907,727.1807,29.31,678.9139,67.0,4995.0,1,False,200,159,12,29,340301->340215->340210->340209->340317->340316->340318->340317->340316->340318->340317->340316->340318->340317->340316->340318->340317->340316->340318->340317->340316->340318->340317->340316->340318->340317->340316->340318->340317->340316->340318->340317->340316->340318->340317->340316->340318->340317->340316->340318->340317->340316->340318->340317->340316->340318->340317->340316->340318->340317->340316->340318->340317->340316->340318->340317->340316->340318->340317->340316->340318->340317->340316->340318->340317->340316->340318->340317->340316->340318->340317->340316->340318->340317->340316->340218->340217->340218->340316->340318->340317->340316->340318->340317->340209->340210->340215->340219->340215->340210->340209->340317->340316->340318->340317->340316->340318->340317->340316->340318->340317->340316->340318->340317->340316->340318->340317->340316->340318->340317->340209->340210->340215->340219->340215->340210->340209->340317->340316->340318->340317->340316->340318->340317->340316->340318->340317->340316->340318->340317->340316->340318->340317->340316->340318->340317->340316->340318->340317->340316->340318->340317->340316->340318->340317->340316->340218->340217->340218->340316->340318->340317->340316->340318->340317->340316->340318->340317->340316->340318->340317->340316->340318->340317->340316->340318->340317->340316->340318->340317->340316->340318->340317->340316->340318->340300->340298->340300->340318->340317->340316->340318->340317->340316->340318->340317->340316->340318->340300->340298->340300->340318->340317->340316->340318->340317->340316->340318->340317->340209->340210
rl_base,od3_segok_samsung,long,peak,8.0,17,797.2756,767.9656,29.31,642.8948,67.0,4845.6,1,False,200,165,10,25,340301->340215->340210->340209->340317->340316->340318->340317->340316->340318->340317->340316->340318->340317->340316->340318->340317->340209->340210->340215->340219->340215->340210->340209->340317->340316->340318->340317->340316->340318->340317->340316->340318->340317->340316->340318->340317->340316->340318->340317->340316->340318->340317->340316->340318->340317->340316->340318->340317->340316->340318->340317->340316->340318->340317->340316->340318->340317->340316->340318->340317->340316->340318->340317->340316->340318->340300->340298->340300->340318->340317->340316->340318->340317->340316->340318->340317->340316->340318->340317->340316->340318->340317->340316->340318->340317->340316->340318->340317->340316->340318->340317->340316->340318->340317->340316->340318->340317->340209->340210->340215->340219->340215->340210->340209->340317->340316->340318->340317->340316->340318->340317->340316->340318->340317->340316->340318->340317->340316->340318->340317->340316->340318->340317->340316->340318->340317->340316->340318->340300->340298->340300->340318->340317->340316->340318->340317->340316->340318->340317->340316->340318->340317->340316->340318->340317->340316->340318->340317->340316->340318->340317->340316->340318->340317->340316->340318->340317->340316->340318->340317->340316->340318->340317->340316->340318->340317->340316->340318->340317->340316->340318->340317->340316->340318->340317->340316->340218->340217->340218->340316->340318->340317->340316->340318->340317->340316->340318->340317->340316->340318->340317->340316->340318->340317->340316->340318->340317->340316->340318->340317
rl_base,od3_segok_samsung,long,peak,8.0,18,798.3867,769.0768,29.31,737.9126,67.0,5255.4,1,False,200,161,12,27,340301->340215->340210->340209->340317->340316->340318->340317->340316->340318->340317->340316->340318->340317->340316->340318->340300->340298->340300->340318->340317->340316->340318->340317->340316->340318->340317->340316->340318->340317->340316->340318->340317->340316->340318->340317->340316->340318->340317->340316->340318->340317->340316->340318->340317->340209->340210->340215->340219->340215->340210->340209->340317->340316->340318->340317->340316->340318->340317->340316->340318->340317->340316->340318->340317->340316->340318->340317->340316->340318->340317->340316->340318->340317->340316->340318->340317->340316->340318->340317->340316->340318->340317->340316->340318->340300->340298->340300->340318->340317->340316->340318->340317->340316->340318->340317->340316->340318->340317->340316->340318->340317->340316->340318->340317->340316->340318->340317->340316->340318->340317->340316->340318->340317->340316->340318->340317->340316->340318->340317->340316->340318->340317->340316->340318->340317->340316->340318->340300->340298->340300->340318->340317->340316->340318->340317->340316->340318->340317->340316->340318->340317->340316->340318->340317->340316->340318->340300->340298->340300->340318->340317->340316->340318->340317->340316->340318->340317->340316->340318->340317->340316->340318->340317->340316->340318->340317->340316->340318->340317->340316->340318->340317->340209->340210->340215->340219->340215->340210->340209->340317->340316->340318->340317->340316->340318->340317->340316->340318->340317->340316->340318->340317->340316->340318->340317->340316->340318->340317->340316->340318
rl_base,od3_segok_samsung,long,peak,8.0,19,823.2284,793.9185,29.31,729.4237,67.0,5341.2,1,False,200,154,11,35,340301->340215->340210->340209->340317->340316->340318->340317->340316->340318->340317->340316->340318->340317->340316->340318->340317->340316->340318->340317->340316->340318->340317->340316->340318->340317->340316->340318->340317->340316->340318->340317->340316->340318->340317->340209->340210->340215->340219->340215->340210->340209->340317->340316->340318->340300->340298->340300->340318->340317->340316->340318->340317->340316->340318->340317->340316->340318->340317->340316->340318->340317->340316->340318->340317->340316->340318->340317->340316->340218->340216->340218->340316->340318->340317->340316->340318->340317->340316->340318->340317->340316->340318->340317->340316->340318->340317->340316->340318->340317->340316->340318->340317->340316->340318->340317->340316->340318->340317->340316->340318->340317->340209->340210->340215->340219->340215->340210->340209->340317->340316->340318->340317->340316->340318->340317->340316->340318->340317->340316->340318->340317->340316->340318->340317->340316->340318->340317->340316->340318->340317->340316->340318->340317->340316->340318->340317->340316->340318->340317->340316->340318->340317->340316->340318->340317->340316->340318->340317->340316->340318->340317->340316->340318->340317->340316->340318->340317->340316->340318->340317->340316->340318->340300->340298->340300->340318->340317->340316->340318->340317->340316->340318->340317->340316->340318->340317->340316->340318->340317->340209->340210->340215->340208->340223->340208->340215->340210->340209->340317->340316->340318->340317->340316->340318->340317->340316->340318->340317->340316->340318
rl_base,od3_segok_samsung,long,peak,8.0,20,608.7166,579.4066,29.31,602.1436,67.0,4215.6,1,False,200,182,5,13,340301->340215->340210->340209->340317->340316->340318->340317->340316->340318->340317->340316->340318->340317->340316->340318->340317->340316->340318->340317->340316->340318->340317->340316->340318->340317->340316->340318->340317->340316->340318->340317->340316->340318->340317->340316->340318->340317->340316->340318->340317->340316->340318->340317->340316->340318->340317->340316->340318->340317->340316->340218->340217->340218->340316->340318->340317->340316->340318->340317->340316->340318->340317->340316->340318->340317->340316->340318->340317->340209->340210->340215->340219->340215->340210->340209->340317->340316->340318->340317->340316->340318->340317->340316->340318->340317->340316->340318->340317->340316->340318->340317->340316->340318->340317->340316->340318->340317->340316->340318->340317->340316->340318->340317->340316->340318->340317->340316->340318->340317->340316->340318->340317->340316->340318->340317->340316->340318->340317->340316->340318->340317->340316->340318->340317->340316->340318->340317->340316->340318->340317->340316->340318->340317->340316->340318->340317->340316->340318->340317->340316->340318->340317->340316->340318->340317->340316->340318->340317->340316->340318->340317->340316->340318->340317->340316->340318->340317->340316->340318->340317->340316->340318->340317->340316->340318->340317->340316->340318->340317->340316->340318->340317->340316->340318->340317->340316->340318->340317->340316->340318->340317->340316->340318->340317->340316->340318->340317->340316->340318->340317->340316->340318->340317->340316->340318->340317->340316->340318->340317->340316
rl_base,od3_segok_samsung,long,peak,8.0,21,685.3025,655.9926,29.31,636.269,67.0,4337.8,1,False,200,176,11,13,340301->340215->340210->340209->340317->340316->340318->340317->340316->340318->340317->340316->340318->340317->340316->340218->340217->340218->340316->340318->340317->340316->340318->340317->340316->340318->340317->340316->340318->340317->340316->340318->340317->340316->340318->340317->340316->340318->340317->340316->340218->340217->340218->340216->340218->340316->340318->340317->340316->340318->340317->340316->340218->340217->340218->340316->340318->340317->340316->340318->340317->340316->340318->340317->340316->340318->340317->340316->340318->340317->340316->340318->340317->340316->340318->340317->340316->340318->340317->340316->340318->340317->340316->340318->340317->340316->340318->340317->340316->340318->340317->340316->340218->340217->340218->340316->340318->340317->340316->340318->340317->340316->340318->340317->340316->340318->340317->340316->340318->340317->340316->340318->340317->340316->340318->340317->340316->340318->340317->340316->340318->340317->340316->340318->340317->340316->340318->340317->340316->340318->340317->340316->340318->340317->340316->340318->340317->340316->340318->340317->340316->340318->340317->340316->340318->340317->340316->340318->340317->340316->340318->340317->340316->340318->340317->340316->340318->340317->340316->340318->340317->340316->340318->340317->340316->340318->340317->340316->340318->340317->340316->340318->340317->340316->340318->340317->340316->340318->340317->340316->340318->340317->340316->340318->340317->340316->340318->340317->340316->340318->340317->340316->340318->340317->340316->340318->340317->340316->340318->340317->340316
rl_base,od3_segok_samsung,long,peak,8.0,22,696.8503,667.5403,29.31,636.5552,67.0,4607.8,1,False,200,169,8,23,340301->340215->340210->340209->340317->340316->340318->340317->340316->340318->340317->340316->340318->340317->340316->340318->340317->340316->340318->340317->340209->340210->340215->340219->340215->340210->340209->340317->340316->340318->340317->340316->340318->340317->340316->340318->340317->340316->340318->340317->340316->340318->340317->340316->340318->340317->340316->340318->340317->340316->340318->340317->340316->340318->340317->340316->340318->340317->340316->340318->340317->340316->340318->340317->340316->340318->340317->340316->340318->340317->340316->340318->340317->340316->340318->340317->340316->340318->340317->340316->340318->340317->340316->340318->340317->340316->340318->340317->340316->340318->340317->340316->340318->340317->340316->340318->340317->340316->340318->340317->340316->340318->340317->340316->340318->340317->340316->340318->340317->340316->340318->340317->340316->340318->340317->340316->340318->340317->340209->340210->340215->340219->340215->340210->340209->340317->340316->340318->340317->340316->340318->340317->340316->340318->340317->340316->340318->340317->340316->340318->340317->340316->340318->340317->340316->340318->340317->340316->340318->340317->340316->340318->340317->340316->340318->340317->340316->340318->340317->340316->340318->340317->340316->340318->340317->340316->340318->340317->340316->340318->340317->340316->340218->340217->340218->340316->340318->340317->340316->340318->340317->340316->340318->340300->340298->340300->340318->340317->340316->340318->340317->340316->340318->340317->340316->340318->340317->340316->340318->340317->340316
rl_base,od3_segok_samsung,long,peak,8.0,23,743.8463,702.1262,41.7201,677.9175,95.3684,4889.8,2,False,200,173,11,16,340301->340215->340210->340209->340317->340316->340318->340317->340316->340318->340317->340316->340318->340317->340316->340318->340317->340316->340318->340317->340316->340318->340317->340316->340318->340317->340316->340318->340317->340316->340318->340317->340316->340318->340317->340316->340318->340317->340316->340318->340317->340316->340318->340317->340316->340318->340317->340316->340318->340317->340316->340318->340317->340316->340318->340317->340316->340318->340317->340316->340318->340317->340316->340318->340317->340316->340318->340317->340316->340318->340317->340316->340318->340317->340316->340318->340317->340316->340318->340317->340316->340318->340317->340316->340318->340317->340316->340318->340317->340316->340318->340317->340316->340318->340317->340316->340218->340217->340218->340316->340318->340317->340316->340318->340317->340316->340318->340317->340316->340318->340317->340316->340318->340317->340316->340318->340317->340316->340318->340317->340316->340318->340317->340316->340318->340317->340316->340318->340317->340316->340318->340317->340316->340318->340317->340316->340318->340317->340316->340318->340317->340209->340210->340215->340219->340215->340301->340393->340207->340222->340208->340215->340210->340209->340317->340316->340318->340317->340316->340318->340317->340316->340218->340217->340218->340316->340318->340317->340316->340318->340317->340316->340318->340317->340316->340318->340317->340316->340318->340317->340316->340318->340317->340316->340318->340317->340316->340318->340317->340316->340318->340317->340316->340318->340317->340316->340318->340317->340316->340318->340317
rl_base,od3_segok_samsung,long,peak,8.0,24,715.152,685.842,29.31,655.8589,67.0,4776.2,1,False,200,169,8,23,340301->340215->340210->340209->340317->340316->340318->340317->340316->340318->340317->340316->340318->340317->340316->340318->340317->340316->340318->340317->340316->340318->340317->340316->340318->340317->340316->340318->340317->340209->340210->340215->340219->340215->340210->340209->340317->340316->340318->340317->340316->340318->340317->340316->340318->340317->340316->340318->340317->340316->340318->340300->340298->340300->340318->340317->340316->340318->340317->340316->340318->340317->340316->340318->340317->340316->340318->340317->340316->340318->340317->340316->340318->340317->340209->340210->340215->340219->340215->340210->340209->340317->340316->340318->340317->340316->340318->340317->340316->340318->340317->340316->340318->340317->340316->340318->340317->340316->340318->340317->340316->340318->340317->340316->340318->340317->340316->340318->340317->340316->340318->340317->340316->340318->340317->340316->340318->340317->340316->340318->340317->340316->340318->340317->340316->340318->340317->340316->340318->340317->340316->340318->340317->340316->340318->340317->340316->340318->340317->340316->340318->340317->340316->340318->340300->340298->340300->340318->340317->340316->340318->340317->340316->340318->340317->340316->340318->340317->340316->340318->340317->340316->340318->340317->340316->340318->340317->340316->340318->340317->340316->340318->340317->340316->340318->340317->340316->340318->340317->340316->340318->340317->340316->340318->340317->340316->340318->340317->340316->340318->340317->340316->340318->340317->340316->340318->340317->340316->340318->340317->340316
rl_base,od3_segok_samsung,long,peak,8.0,25,752.852,723.5421,29.31,657.3139,67.0,4694.8,1,False,200,174,9,17,340301->340215->340210->340209->340317->340316->340318->340317->340316->340318->340317->340316->340318->340317->340316->340318->340317->340316->340318->340300->340298->340300->340318->340317->340316->340318->340317->340316->340318->340317->340316->340318->340317->340316->340318->340317->340316->340318->340317->340316->340318->340317->340316->340318->340317->340316->340318->340317->340316->340318->340317->340316->340318->340317->340316->340318->340317->340316->340318->340317->340316->340318->340317->340316->340318->340317->340316->340318->340317->340316->340318->340317->340316->340318->340317->340316->340318->340317->340316->340318->340317->340316->340318->340317->340316->340318->340317->340316->340318->340317->340316->340318->340317->340316->340318->340317->340316->340318->340317->340316->340318->340317->340316->340318->340300->340298->340300->340318->340317->340316->340318->340317->340316->340318->340317->340316->340318->340317->340316->340318->340317->340316->340318->340317->340316->340318->340317->340316->340318->340317->340316->340218->340217->340218->340316->340318->340317->340316->340318->340317->340316->340318->340317->340316->340318->340317->340316->340318->340317->340316->340318->340317->340316->340318->340317->340316->340318->340317->340316->340318->340317->340316->340318->340317->340316->340318->340317->340209->340210->340215->340219->340215->340210->340209->340317->340316->340318->340317->340316->340318->340317->340316->340318->340317->340316->340318->340317->340316->340318->340317->340316->340318->340317->340316->340318->340317->340316->340318->340317->340316->340318
rl_base,od3_segok_samsung,long,peak,8.0,26,785.4235,756.1135,29.31,705.2344,67.0,4998.2,1,False,200,156,23,21,340301->340215->340210->340209->340317->340316->340318->340317->340316->340318->340317->340316->340318->340317->340316->340318->340317->340316->340318->340317->340316->340318->340317->340316->340318->340317->340316->340318->340317->340316->340318->340317->340316->340318->340317->340316->340318->340317->340316->340318->340317->340316->340318->340317->340316->340318->340317->340316->340318->340317->340316->340318->340317->340316->340318->340317->340316->340318->340317->340316->340318->340317->340316->340318->340317->340316->340318->340317->340316->340318->340317->340316->340318->340317->340316->340318->340317->340316->340318->340317->340316->340318->340317->340316->340318->340317->340316->340318->340317->340316->340318->340317->340316->340318->340317->340316->340318->340300->340298->340300->340318->340317->340316->340318->340317->340316->340318->340317->340316->340318->340317->340316->340318->340300->340298->340300->340318->340317->340316->340318->340317->340316->340318->340317->340316->340318->340317->340316->340318->340317->340316->340318->340317->340316->340318->340317->340316->340318->340317->340316->340318->340317->340316->340318->340317->340316->340318->340317->340316->340318->340317->340316->340318->340300->340298->340300->340318->340317->340316->340218->340217->340218->340316->340317->340318->340316->340317->340318->340316->340317->340318->340316->340317->340318->340316->340218->340217->340218->340316->340318->340317->340209->340210->340215->340219->340215->340210->340209->340317->340316->340318->340317->340316->340318->340317->340316->340318->340317->340316->340318->340317
rl_base,od3_segok_samsung,long,peak,8.0,27,694.4474,665.1374,29.31,638.9471,67.0,4542.2,1,False,200,174,5,21,340301->340215->340210->340209->340317->340316->340318->340317->340316->340318->340317->340316->340318->340317->340316->340318->340317->340316->340318->340317->340316->340318->340317->340316->340318->340317->340316->340318->340317->340209->340210->340215->340219->340215->340210->340209->340317->340316->340318->340317->340316->340318->340317->340316->340318->340317->340316->340318->340317->340316->340318->340317->340316->340318->340317->340316->340318->340317->340316->340318->340317->340316->340318->340317->340316->340318->340317->340316->340318->340317->340316->340318->340317->340316->340318->340317->340316->340318->340317->340316->340318->340317->340316->340318->340317->340316->340318->340317->340316->340318->340317->340316->340318->340317->340316->340318->340317->340316->340318->340317->340316->340318->340317->340316->340318->340317->340316->340318->340317->340316->340318->340317->340316->340318->340317->340316->340318->340317->340316->340318->340317->340316->340318->340317->340316->340318->340317->340316->340318->340317->340316->340318->340317->340316->340318->340317->340316->340318->340317->340316->340318->340317->340316->340318->340317->340316->340318->340317->340316->340318->340317->340316->340318->340317->340316->340318->340317->340209->340210->340215->340219->340215->340210->340209->340317->340316->340318->340317->340316->340318->340317->340316->340318->340317->340316->340318->340317->340316->340318->340317->340316->340318->340317->340316->340318->340317->340316->340318->340317->340316->340318->340317->340316->340318->340317->340316->340318->340300->340298->340300->340318
rl_base,od3_segok_samsung,long,peak,8.0,28,673.0819,643.7719,29.31,642.4544,67.0,4453.4,1,False,200,178,7,15,340301->340215->340210->340209->340317->340316->340318->340317->340316->340318->340317->340316->340318->340317->340316->340318->340317->340316->340318->340317->340316->340318->340317->340316->340318->340317->340316->340318->340317->340316->340318->340317->340316->340318->340300->340298->340300->340318->340317->340316->340318->340317->340316->340318->340317->340316->340318->340317->340316->340318->340317->340316->340318->340317->340316->340318->340317->340316->340318->340317->340316->340318->340317->340316->340318->340317->340316->340318->340317->340316->340318->340317->340209->340210->340215->340219->340215->340210->340209->340317->340316->340318->340317->340316->340318->340317->340316->340318->340317->340316->340318->340317->340316->340318->340317->340316->340218->340217->340218->340316->340318->340317->340316->340318->340317->340316->340318->340317->340316->340318->340317->340316->340318->340317->340316->340318->340317->340316->340318->340317->340316->340318->340317->340316->340318->340317->340316->340318->340317->340316->340318->340317->340316->340318->340317->340316->340318->340317->340316->340318->340317->340316->340318->340317->340316->340318->340317->340316->340318->340317->340316->340318->340317->340316->340318->340317->340316->340318->340317->340316->340318->340317->340316->340318->340317->340316->340318->340317->340316->340318->340317->340316->340318->340317->340316->340318->340317->340316->340318->340317->340316->340318->340317->340316->340318->340317->340316->340318->340317->340316->340318->340317->340316->340318->340317->340316->340318->340317->340316->340318->340317
rl_base,od3_segok_samsung,long,peak,8.0,29,659.5841,630.2741,29.31,624.6486,67.0,4453.4,1,False,200,178,7,15,340301->340215->340210->340209->340317->340316->340318->340317->340316->340318->340317->340316->340318->340317->340316->340318->340317->340316->340318->340317->340209->340210->340215->340219->340215->340210->340209->340317->340316->340318->340317->340316->340318->340317->340316->340318->340317->340316->340318->340317->340316->340318->340317->340316->340318->340317->340316->340218->340217->340218->340316->340318->340317->340316->340318->340317->340316->340318->340317->340316->340318->340317->340316->340318->340317->340316->340318->340317->340316->340318->340317->340316->340318->340317->340316->340318->340317->340316->340318->340317->340316->340318->340317->340316->340318->340317->340316->340318->340317->340316->340318->340317->340316->340318->340317->340316->340318->340317->340316->340318->340317->340316->340318->340317->340316->340318->340317->340316->340318->340317->340316->340318->340300->340298->340300->340318->340317->340316->340318->340317->340316->340318->340317->340316->340318->340317->340316->340318->340317->340316->340318->340317->340316->340318->340317->340316->340318->340317->340316->340318->340317->340316->340318->340317->340316->340318->340317->340316->340318->340317->340316->340318->340317->340316->340318->340317->340316->340318->340317->340316->340318->340317->340316->340318->340317->340316->340318->340317->340316->340318->340317->340316->340318->340317->340316->340318->340317->340316->340318->340317->340316->340318->340317->340316->340318->340317->340316->340318->340317->340316->340318->340317->340316->340318->340317->340316->340318->340317->340316->340318->340317
rl_base,od3_segok_samsung,long,peak,8.0,30,744.9279,715.618,29.31,667.6377,67.0,4560.2,1,False,200,174,11,15,340301->340215->340210->340209->340317->340316->340218->340216->340218->340316->340318->340317->340316->340318->340317->340316->340318->340317->340316->340318->340317->340316->340318->340317->340316->340318->340317->340316->340318->340317->340316->340318->340317->340316->340318->340317->340316->340318->340317->340316->340318->340317->340316->340318->340317->340316->340318->340317->340316->340318->340317->340316->340318->340317->340316->340218->340217->340218->340316->340318->340317->340316->340318->340317->340316->340318->340317->340316->340318->340317->340316->340318->340317->340316->340318->340317->340316->340218->340217->340218->340316->340318->340317->340316->340318->340317->340316->340318->340317->340316->340318->340317->340316->340318->340317->340316->340318->340317->340316->340318->340317->340316->340318->340317->340316->340318->340317->340316->340318->340317->340316->340318->340317->340316->340318->340317->340316->340318->340317->340316->340318->340317->340316->340318->340317->340316->340318->340317->340316->340318->340317->340316->340318->340317->340316->340318->340317->340316->340318->340317->340316->340318->340317->340316->340318->340317->340316->340318->340317->340316->340318->340317->340316->340318->340317->340316->340318->340317->340316->340318->340317->340316->340218->340217->340218->340316->340318->340317->340316->340318->340317->340316->340318->340317->340316->340318->340317->340316->340318->340317->340316->340318->340317->340316->340318->340317->340316->340318->340317->340316->340318->340317->340316->340318->340300->340298->340300->340318->340317->340316->340318
rl_signal,od1_sinnonhyeon_suseo,long,off_peak,7.0,1,1299.7879,1117.7585,182.0293,1060.8209,416.1029,9385.8,9,True,59,6,10,43,342695->342700->343100->342865->342652->342116->342672->340587->342670->343657->342666->342663->342681->342617->646583->342615->343819->342631->563095->342614->340597->342633->342626->344210->341542->341773->341547->563166->341548->340707->343666->343075->341543->588052->341499->344500->342607->587988->342821->343267->343341->341500->341501->343078->647029->647031->647028->647033->342043->338909->338898->338897->340035->338396->338400->338399->338391->338773->613666->613667
rl_signal,od1_sinnonhyeon_suseo,long,off_peak,7.0,2,1329.255,1180.5095,148.7455,1110.3274,340.019,9673.1,10,True,60,6,9,45,342695->342696->342695->342700->343100->342865->342652->342116->342672->340587->342670->343657->342666->342663->342681->342680->342150->341591->342631->563095->342614->340597->342633->342626->344210->341542->341773->341547->563166->341548->340707->343666->343075->341543->588052->341499->344500->342607->587988->342821->343267->343341->341500->341501->343078->647029->647031->647028->647033->342043->338909->338898->338897->340035->338396->338400->338399->338391->338773->613666->613667
rl_signal,od1_sinnonhyeon_suseo,long,off_peak,7.0,3,1544.0321,1287.7632,256.2689,1228.4333,585.808,11169.0,9,True,66,5,8,53,342695->342700->343100->342865->342652->342116->342672->340587->342670->343657->342666->342663->342681->341587->341794->342634->340699->342632->343072->341795->341544->341796->343669->341798->342622->341797->341771->341545->340698->341540->340697->343457->341546->344219->646319->563132->343774->343516->341492->341499->344500->342607->587988->342821->341768->646932->341500->341501->343078->647029->647031->647028->647033->342043->338909->338898->338903->338886->338371->339984->338403->338372->338404->338391->338773->613666->613667
rl_signal,od1_sinnonhyeon_suseo,long,off_peak,7.0,4,1356.1349,1150.0146,206.1203,1053.1102,471.1727,9434.1,8,True,64,6,10,48,342695->342700->343100->342865->342652->342116->342672->340587->342670->343657->342666->342663->342681->341587->341794->342634->340699->342632->343072->341795->341544->341796->343669->341798->342622->341797->341771->341545->340698->341540->340697->343457->341546->344219->646319->563132->343774->343516->341492->340588->342606->342607->587988->342821->343267->343341->341500->341501->343078->647029->647031->647028->647033->342043->338909->338898->338897->340035->338396->338400->338399->338391->338773->613666->613667
rl_signal,od1_sinnonhyeon_suseo,long,off_peak,7.0,5,1320.6508,1169.8385,150.8123,1137.5548,344.7436,9830.1,9,True,65,8,11,46,342695->342696->342695->342700->343100->342865->342652->342116->342672->340587->342670->343657->342666->342663->342681->341587->341794->342634->342617->646583->342615->343819->342631->563095->342614->340597->342633->342626->344210->341542->341773->341547->563166->341548->340707->343666->343075->341543->588052->341499->344500->342607->587988->342821->343267->343341->341500->341501->343078->647029->647031->647032->647028->647033->342043->338909->338898->338897->340035->338396->338400->338399->338391->338773->613666->613667
rl_signal,od1_sinnonhyeon_suseo,long,off_peak,7.0,6,1426.0682,1330.9078,95.1604,1235.4232,217.5282,10631.6,5,True,62,7,9,46,342695->342700->343100->342865->342652->342116->342672->340587->342670->343657->342666->342663->342681->341587->341794->342634->340699->342632->343072->341795->341544->341796->343669->341798->342622->341797->341771->341545->340698->341540->340697->343457->341546->342524->343662->342516->342111->613883->340602->342772->563248->613949->344742->646964->344746->344745->344673->343077->338899->587863->340185->340186->338897->340035->338396->338400->646212->338398->338399->338391->338773->613666->613667
rl_signal,od1_sinnonhyeon_suseo,long,off_peak,7.0,7,1394.8244,1233.3583,161.4661,1151.9017,369.0972,9882.4,9,True,66,10,13,43,342695->342700->343100->342865->342652->342116->342672->340587->342670->343657->342666->342663->342681->341587->341794->342634->342617->646583->342615->343819->342631->563095->342614->340597->342633->342626->344210->341542->341773->341547->563166->341548->340707->343666->343075->341543->588052->341499->344500->342607->587988->342821->343267->343341->341500->341501->343078->647029->647031->647028->647033->342043->338909->338898->338897->340035->338396->338397->338402->338401->646211->338407->338406->338391->338773->613666->613667
rl_signal,od1_sinnonhyeon_suseo,long,off_peak,7.0,8,1282.3526,1172.9716,109.381,1020.9859,250.0354,9391.5,5,True,64,5,8,51,342695->342700->343100->342865->342652->342116->342672->340587->342670->343657->342666->342663->342681->341587->341794->342634->340699->342632->343072->341795->341544->341796->343669->341798->342622->341797->341771->341545->340698->341540->340697->343457->341546->344219->646319->563132->343774->343516->341492->340588->342606->342607->587988->342821->341768->646932->341500->341501->343078->647029->647031->647028->647033->342043->338909->338898->338897->340035->338396->338400->338399->338391->338773->613666->613667
rl_signal,od1_sinnonhyeon_suseo,long,off_peak,7.0,9,1404.6858,1317.0603,87.6255,1144.3486,200.3041,10021.9,7,True,70,8,9,53,342695->342699->342697->342699->342695->342700->343100->342865->342652->342116->342672->340587->342670->343657->342666->342663->342681->341587->341794->342634->340699->342632->343072->341795->341544->341796->343669->341798->342622->341797->341771->341545->340698->341540->340697->343457->341546->344219->646319->563132->343774->343516->341492->340588->342606->342607->587988->342821->341768->646932->341500->341501->343078->647029->647031->647028->647033->342043->338909->338898->338897->340035->338396->338397->338402->338405->338406->338391->338773->613666->613667
rl_signal,od1_sinnonhyeon_suseo,long,off_peak,7.0,10,1304.5788,1187.2055,117.3733,1113.413,268.305,9657.4,8,True,72,6,12,54,342695->342700->343100->342865->342652->342116->342672->340587->342670->343657->342666->342663->342681->341587->341794->342634->340699->342632->343072->341795->341544->341796->343669->341798->342622->341797->341771->341545->340698->341540->340697->343457->341546->344219->646319->563132->343774->343516->341492->340588->342606->342607->587988->342821->341768->646932->341500->341501->343340->343341->343267->342821->341768->646932->341500->341501->343078->647029->647031->647028->647033->342043->338909->338898->338897->340035->338396->338400->338399->338391->338773->613666->613667
rl_signal,od1_sinnonhyeon_suseo,long,off_peak,7.0,11,1445.3094,1286.3117,158.9977,1095.7573,363.4547,9938.9,9,True,64,9,10,45,342695->342696->342695->342700->343100->342865->342652->342116->342672->340587->342670->343657->342666->342663->342681->342680->342150->341591->342631->563095->342614->340597->342633->342626->344210->341542->342627->343944->342627->341542->341773->341547->563166->341548->340707->343666->343075->341543->588052->341499->344500->342607->587988->342821->343267->343341->341500->341501->343078->647029->647031->647028->647033->342043->338909->338898->338897->340035->338396->338400->338399->338391->338773->613666->613667
rl_signal,od1_sinnonhyeon_suseo,long,off_peak,7.0,12,1495.9725,1334.6257,161.3468,1182.9967,368.8244,10675.0,8,True,75,8,17,50,342695->342700->343100->342865->342652->342116->342672->340587->342670->343657->342666->342663->342681->341587->341794->342634->340699->342632->343072->341795->341544->341796->343669->341798->342622->343671->342623->343671->343672->343671->342622->341797->341771->341545->340698->341540->340697->343457->341546->344219->646319->563132->343774->343516->341492->340588->342606->342607->587988->342821->343267->343341->343340->341501->343078->647029->647031->647028->647033->342043->338909->338898->338897->340186->340168->340185->340186->338897->340035->338396->338400->338399->338391->338773->613666->613667
rl_signal,od1_sinnonhyeon_suseo,long,off_peak,7.0,13,1340.2038,1149.4877,190.7161,1046.6799,435.9601,9390.9,12,True,58,5,9,44,342695->342700->343100->342865->342652->342116->342672->340587->342670->343657->342666->342663->342681->342680->342150->341591->342631->563095->342614->340597->342633->342626->344210->341542->341773->341547->563166->341548->340707->343666->343075->341543->588052->341499->344500->342607->587988->342821->343267->343341->341500->341501->343078->647029->647031->647028->647033->342043->338909->338898->338897->340035->338396->338400->338399->338391->338773->613666->613667
rl_signal,od1_sinnonhyeon_suseo,long,off_peak,7.0,14,1519.2694,1339.1491,180.1203,1272.0806,411.7391,10291.2,9,True,65,7,10,48,342695->342700->343100->342865->342652->342116->342672->340587->342670->343657->342666->342663->342681->342680->342150->341591->342631->563095->342614->340597->342633->342626->344210->341542->341773->341547->563166->341548->340707->343666->343075->341543->588052->341499->344500->342607->587988->342821->343267->343341->341500->341501->343078->647029->647031->647028->647033->342043->338909->338898->338897->340186->340185->340168->340186->338897->340035->338396->338397->338402->338405->338404->338391->338773->613666->613667
rl_signal,od1_sinnonhyeon_suseo,long,off_peak,7.0,15,1879.3654,1630.6451,248.7203,1523.1312,568.5526,12894.3,10,True,92,16,12,64,342695->342700->343100->342865->342652->342116->342672->340587->342670->343657->342666->342663->342681->341587->341794->342634->340699->342632->343072->341795->341544->341796->343669->341798->342622->341797->341771->341545->340698->341540->340697->343457->341546->344219->646319->563132->343774->343516->341492->340588->342606->342607->587988->342821->343267->342611->563120->341494->613864->341507->646429->341520->343933->343932->343937->341532->343936->343935->343934->341532->341533->344529->343940->339229->338324->338769->338311->339297->339000->339664->339665->339664->338312->338344->562956->562954->338355->338356->339216->339584->338280->338279->587863->338899->339250->338904->338885->338372->338404->338391->338773->613666->613667
rl_signal,od1_sinnonhyeon_suseo,long,off_peak,7.0,16,1409.7431,1258.1522,151.591,1088.8635,346.5235,9974.8,9,True,61,8,12,41,342695->342700->343100->342865->342652->342116->342672->340587->342670->343657->342666->342663->342681->342680->342150->341591->342631->563095->342614->340597->342633->646354->340708->341541->341539->563187->341540->340697->343457->341546->344219->646319->563132->343774->343516->341492->340588->342606->342607->587988->342821->343267->343341->341500->341501->343078->647029->647031->647028->647033->342043->338909->338898->338897->340035->338396->338400->338399->338391->338773->613666->613667
rl_signal,od1_sinnonhyeon_suseo,long,off_peak,7.0,17,1475.1143,1333.6422,141.4721,1130.419,323.3926,10673.3,5,True,59,8,11,40,342695->342700->343100->342865->342652->342116->342672->340587->342670->343657->342666->342663->342681->341587->341794->342634->342617->646583->342615->343819->342631->563095->342614->340597->342633->646354->340708->341541->341539->563187->341540->340697->343457->341546->342524->343662->342516->342111->613883->340602->342772->563248->613949->344742->646964->344673->343077->338899->587863->340185->340186->338897->340035->338396->338400->338399->338391->338773->613666->613667
rl_signal,od1_sinnonhyeon_suseo,long,off_peak,7.0,18,1359.5006,1173.5975,185.903,1066.3892,424.9578,9547.4,9,True,62,7,11,44,342695->342700->343100->342865->342652->342116->342672->340587->342670->343657->342666->342663->342681->341587->341794->342634->342617->646583->342615->343819->342631->563095->342614->340597->342633->342626->344210->341542->341773->341547->563166->341548->340707->343666->343075->341543->588052->341499->344500->342607->587988->342821->343267->343341->341500->341501->343078->647029->647031->647028->647033->342043->338909->338898->338897->340035->338396->338400->338399->338391->338773->613666->613667
rl_signal,od1_sinnonhyeon_suseo,long,off_peak,7.0,19,1377.8566,1186.6801,191.1765,1028.3766,437.0124,9547.4,9,True,62,7,11,44,342695->342700->343100->342865->342652->342116->342672->340587->342670->343657->342666->342663->342681->341587->341794->342634->342617->646583->342615->343819->342631->563095->342614->340597->342633->342626->344210->341542->341773->341547->563166->341548->340707->343666->343075->341543->588052->341499->344500->342607->587988->342821->343267->343341->341500->341501->343078->647029->647031->647028->647033->342043->338909->338898->338897->340035->338396->338400->338399->338391->338773->613666->613667
rl_signal,od1_sinnonhyeon_suseo,long,off_peak,7.0,20,1749.4848,1588.9042,160.5806,1561.722,367.073,11749.5,8,True,108,14,26,68,342695->342700->343100->342865->342652->342116->342672->340587->342670->646668->646669->342669->563097->342673->646784->646782->341597->344261->341907->341605->341594->343104->341601->343106->343943->342693->341607->344213->343102->341557->342643->341555->341736->341568->341735->341564->342645->341559->342115->563067->342648->342147->341996->341571->341521->342613->341535->343726->343919->338310->339265->338311->338769->338324->338779->338324->339229->343940->344529->341533->341532->343936->343935->343934->341532->341533->344529->344530->341533->344529->344530->341533->344529->344530->341533->344529->344530->341533->344529->343940->339229->338324->338769->338311->339297->339000->339664->338312->338344->562956->562954->338355->338356->339216->339584->338280->338279->587863->340185->340186->338897->340035->338396->338400->338399->338391->338773->613666->613667
rl_signal,od1_sinnonhyeon_suseo,long,off_peak,7.0,21,1457.9087,1251.0159,206.8928,1160.0129,472.9386,10092.0,11,True,68,7,15,46,342695->342700->343100->342865->342652->342116->342672->340587->342670->343657->342666->342663->342681->341587->341794->342634->342617->646583->342615->343819->342631->563095->342614->340597->342633->342626->344210->341542->341773->341547->563166->341548->340707->343666->343075->341543->588052->341499->344500->342607->342608->342755->341769->341499->344500->342607->587988->342821->343267->343341->341500->341501->343078->647029->647031->647028->647033->342043->338909->338898->338897->340035->338396->338400->338399->338391->338773->613666->613667
rl_signal,od1_sinnonhyeon_suseo,long,off_peak,7.0,22,1383.9206,1223.3053,160.6153,1099.0741,367.1523,9682.4,7,True,70,8,14,48,342695->342700->343100->342865->342652->342116->342672->340587->342670->343657->342666->342663->342681->341587->341794->342634->340699->342632->343072->341795->341544->341796->343669->341798->342622->341797->341771->341545->341772->646612->646873->646612->341772->341545->340698->341540->340697->343457->341546->344219->646319->563132->343774->343516->341492->340588->342606->342607->587988->342821->343267->343341->343340->341501->343078->647029->647031->647028->647033->342043->338909->338898->338897->340035->338396->338400->338399->338391->338773->613666->613667
rl_signal,od1_sinnonhyeon_suseo,long,off_peak,7.0,23,1242.7505,1127.8367,114.9138,982.5135,262.6827,9391.5,6,True,64,5,8,51,342695->342700->343100->342865->342652->342116->342672->340587->342670->343657->342666->342663->342681->341587->341794->342634->340699->342632->343072->341795->341544->341796->343669->341798->342622->341797->341771->341545->340698->341540->340697->343457->341546->344219->646319->563132->343774->343516->341492->340588->342606->342607->587988->342821->341768->646932->341500->341501->343078->647029->647031->647028->647033->342043->338909->338898->338897->340035->338396->338400->338399->338391->338773->613666->613667
rl_signal,od1_sinnonhyeon_suseo,long,off_peak,7.0,24,1453.0801,1197.5426,255.5375,1124.1512,584.136,9651.7,13,True,65,9,13,43,342695->342700->343100->342865->342652->342116->341785->341588->343777->340703->342671->342672->340587->342670->343657->342666->342663->342681->342680->342150->341591->342631->563095->342614->340597->342633->342626->344210->341542->341773->341547->563166->341548->340707->343666->343075->344195->344196->341543->588052->341499->344500->342607->587988->342821->343267->343341->341500->341501->343078->647029->647031->647028->647033->342043->338909->338898->338897->340035->338396->338400->338399->338391->338773->613666->613667
rl_signal,od1_sinnonhyeon_suseo,long,off_peak,7.0,25,1308.9505,1147.3351,161.6154,1113.7218,369.4384,9577.9,9,True,60,7,9,44,342695->342700->343100->342865->342652->342116->342672->340587->342670->343657->342666->342663->342681->342680->342150->341591->342631->563095->342614->340597->342633->342626->344210->341542->341773->341547->563166->341548->343668->341548->340707->343666->343075->341543->588052->341499->344500->342607->587988->342821->343267->343341->341500->341501->343078->647029->647031->647028->647033->342043->338909->338898->338897->340035->338396->338400->338399->338391->338773->613666->613667
rl_signal,od1_sinnonhyeon_suseo,long,off_peak,7.0,26,1370.6548,1215.4222,155.2326,1085.228,354.848,9716.9,8,True,63,7,11,45,342695->342700->343100->342865->342652->342116->342672->340587->342670->343657->342666->342663->342681->341587->341794->342634->342617->342681->342680->342150->341591->342631->563095->342614->340597->342633->342626->344210->341542->341773->341547->563166->341548->340707->343666->343075->341543->588052->341499->344500->342607->587988->342821->343267->343341->341500->341501->343078->647029->647031->647028->647033->342043->338909->338898->338897->340035->338396->338400->338399->338391->338773->613666->613667
rl_signal,od1_sinnonhyeon_suseo,long,off_peak,7.0,27,1342.0854,1267.1627,74.9227,1339.5025,171.2667,9547.1,4,True,76,8,10,58,342695->342700->343100->342865->342652->342116->342672->340587->646667->646362->341982->342679->341983->342673->646784->646782->341597->344261->341907->341605->341594->343104->341601->343106->343943->342693->341607->344213->343102->341557->342643->341555->341736->341568->341735->341564->342645->341559->342115->563067->342648->342147->341996->341571->341521->342613->341535->343726->343919->338310->339265->338311->339297->339000->339664->338312->338344->562956->562954->338355->338356->339216->339584->338280->338279->587863->340185->340186->338897->340035->338396->338400->338399->338391->338773->613666->613667
rl_signal,od1_sinnonhyeon_suseo,long,off_peak,7.0,28,1532.3773,1242.1945,290.1827,1130.2445,663.3319,10125.6,12,True,67,10,10,47,342695->342700->343100->342865->342652->342116->342672->340587->342670->343657->342666->342663->342681->341587->341793->342664->341792->341581->342666->342663->342681->342617->646583->342615->343819->342631->563095->342614->340597->342633->342626->344210->341542->341773->341547->563166->341548->340707->343666->343075->341543->588052->341499->344500->342607->587988->342821->343267->343341->341500->341501->343078->647029->647031->647028->647033->342043->338909->338898->338897->340035->338396->338400->338399->338391->338773->613666->613667
rl_signal,od1_sinnonhyeon_suseo,long,off_peak,7.0,29,1324.8406,1149.9629,174.8777,1065.5603,399.7548,9390.9,9,True,58,5,9,44,342695->342700->343100->342865->342652->342116->342672->340587->342670->343657->342666->342663->342681->342680->342150->341591->342631->563095->342614->340597->342633->342626->344210->341542->341773->341547->563166->341548->340707->343666->343075->341543->588052->341499->344500->342607->587988->342821->343267->343341->341500->341501->343078->647029->647031->647028->647033->342043->338909->338898->338897->340035->338396->338400->338399->338391->338773->613666->613667
rl_signal,od1_sinnonhyeon_suseo,long,off_peak,7.0,30,1303.2521,1151.6988,151.5532,1112.6298,346.4372,9554.8,9,True,60,7,11,42,342695->342700->343100->342865->342652->342116->342672->340587->342670->563070->340700->341581->342666->342663->342681->342680->342150->341591->342631->563095->342614->340597->342633->342626->344210->341542->341773->341547->563166->341548->340707->343666->343075->341543->588052->341499->344500->342607->587988->342821->343267->343341->341500->341501->343078->647029->647031->647028->647033->342043->338909->338898->338897->340035->338396->338400->338399->338391->338773->613666->613667
rl_signal,od1_sinnonhyeon_suseo,long,peak,8.0,1,1286.2481,1185.8365,100.4116,1071.0997,229.5319,9661.3,5,True,66,7,10,49,342695->342700->343100->342865->342652->342116->342672->340587->342670->343657->342666->342663->342681->342617->646583->342615->343819->344184->343820->646558->340583->342072->341544->341796->343669->341798->342622->341797->341771->341545->340698->341540->340697->343457->341546->344219->646319->563132->343774->343516->341492->340588->342606->342607->587988->342821->341768->646932->341500->341501->343078->647029->647031->647028->647033->342043->338909->338898->338897->340035->338396->338400->338399->338391->338773->613666->613667
rl_signal,od1_sinnonhyeon_suseo,long,peak,8.0,2,1303.5283,1245.3027,58.2257,1293.3055,133.0987,10077.6,3,True,57,6,9,42,342695->342700->343100->342865->342652->342116->342672->340587->342670->343657->342666->342663->342681->342617->342618->343820->646558->340583->342072->341544->341796->343669->341798->342622->341797->341771->341545->340698->341540->340697->343457->341546->343780->342515->342516->342111->613883->340602->342772->563248->613949->344742->646964->344673->343077->338899->587863->340185->340186->338897->340035->338396->338400->338399->338391->338773->613666->613667
rl_signal,od1_sinnonhyeon_suseo,long,peak,8.0,3,1316.3818,1193.042,123.3398,1260.5339,281.9439,9591.1,4,True,63,8,12,43,342695->342700->343100->342865->342652->342116->342672->340587->342670->343657->342666->342663->342681->342617->342618->343820->646558->340583->342072->341544->341796->343669->341798->342622->341797->341771->341545->340698->341540->340697->343457->341546->344219->646319->563132->343774->343516->341492->340588->342606->342607->587988->342821->343267->343341->343340->341501->343078->647029->647031->647028->647033->342043->338909->338898->338897->340035->338396->338400->338399->338391->338773->613666->613667
rl_signal,od1_sinnonhyeon_suseo,long,peak,8.0,4,1255.8889,1169.6376,86.2512,1148.7504,197.1626,9460.4,4,True,64,7,11,46,342695->342700->343100->342865->342652->342116->342672->340587->342670->343657->342666->342663->342681->341587->341794->342634->340699->342632->343072->341795->341544->341796->343669->341798->342622->341797->341771->341545->340698->341540->340697->343457->341546->344219->646319->563132->343774->343516->341492->340588->342606->342607->587988->342821->343267->343341->343340->341501->343078->647029->647031->647028->647033->342043->338909->338898->338897->340035->338396->338400->338399->338391->338773->613666->613667
rl_signal,od1_sinnonhyeon_suseo,long,peak,8.0,5,1258.2167,1157.416,100.8007,1109.4595,230.4215,9428.1,3,True,62,6,10,46,342695->342700->343100->342865->342652->342116->342672->340587->342670->343657->342666->342663->342681->342617->342618->342632->343072->341795->341544->341796->343669->341798->342622->341797->341771->341545->340698->341540->340697->343457->341546->344219->646319->563132->343774->343516->341492->340588->342606->342607->587988->342821->343267->343341->341500->341501->343078->647029->647031->647028->647033->342043->338909->338898->338897->340035->338396->338400->338399->338391->338773->613666->613667
rl_signal,od1_sinnonhyeon_suseo,long,peak,8.0,6,1326.6149,1173.239,153.3759,1159.5864,350.6037,9547.2,8,True,63,6,10,47,342695->342700->343100->342865->342652->342116->342672->340587->342670->343657->342666->342663->342681->342617->342618->343820->646558->340583->342072->341544->341796->343669->341798->342622->341797->341771->341545->340698->341540->340697->343457->341546->344219->646319->563132->343774->343516->341492->341499->344500->342607->587988->342821->343267->343341->341500->341501->343078->647029->647031->647028->647033->342043->338909->338898->338897->340035->338396->338400->338399->338391->338773->613666->613667
rl_signal,od1_sinnonhyeon_suseo,long,peak,8.0,7,1349.2615,1236.6337,112.6277,1128.912,257.457,10103.5,6,True,67,7,13,47,342695->342700->343100->342865->342652->342116->342672->340587->342670->343657->342666->342663->342681->342617->342618->343820->646558->340583->342072->341544->341796->343669->341798->342622->341797->341771->341545->340698->341540->340697->343457->341546->344219->646319->563132->343774->343516->341492->341499->344500->342607->587988->342821->343267->343341->341500->341501->343078->647029->647031->647028->647033->342043->338909->338898->338897->340035->338396->338400->338399->338391->338404->338405->338406->338391->338773->613666->613667
rl_signal,od1_sinnonhyeon_suseo,long,peak,8.0,8,1271.3292,1101.8533,169.4759,1102.4987,387.4068,9416.5,5,True,63,5,9,49,342695->342700->343100->342865->342652->342116->342672->340587->342670->343657->342666->342663->342681->342617->342634->340699->342632->343072->341795->341544->341796->343669->341798->342622->341797->341771->341545->340698->341540->340697->343457->341546->344219->646319->563132->343774->343516->341492->341499->344500->342607->587988->342821->343267->343341->341500->341501->343078->647029->647031->647028->647033->342043->338909->338898->338897->340035->338396->338400->338399->338391->338773->613666->613667
rl_signal,od1_sinnonhyeon_suseo,long,peak,8.0,9,1449.1785,1230.8833,218.2952,1206.4882,499.0035,9936.0,9,True,71,6,9,56,342695->342700->342159->344204->341621->342834->343100->342865->342652->342116->342672->340587->342670->343657->342666->342663->342681->342617->342618->343820->646558->340583->342072->341544->341796->343669->341798->342622->341797->341771->341545->340698->341540->340697->343457->341546->344219->646319->563132->343774->343516->341492->341499->344500->342607->587988->342821->343267->343341->341500->341501->343078->647029->647031->647028->647033->342043->338909->338898->338897->340035->338396->338400->338399->338391->338773->613666->338611->613788->338395->338612->613667
rl_signal,od1_sinnonhyeon_suseo,long,peak,8.0,10,1264.3934,1193.4292,70.9642,1217.8006,162.2178,9671.1,4,True,65,9,11,45,342695->342700->343100->342865->342652->342116->342672->340587->342670->343657->342666->342663->342681->342617->342618->343820->646558->340583->342072->341544->341796->343669->341798->342622->341797->341771->341545->340698->341540->340697->343457->341546->344219->646319->563132->343774->343516->341492->340588->342606->342607->587988->342821->343267->343341->343340->341501->343078->343127->343078->647029->647031->647028->647033->342043->338909->338898->338897->340035->338396->338400->338399->338391->338773->613666->613667
rl_signal,od1_sinnonhyeon_suseo,long,peak,8.0,11,1297.2685,1133.982,163.2865,1125.6102,373.2584,9436.8,6,True,62,6,10,46,342695->342700->343100->342865->342652->342116->342672->340587->342670->343657->342666->342663->342681->342617->342618->342632->343072->341795->341544->341796->343669->341798->342622->341797->341771->341545->340698->341540->340697->343457->341546->344219->646319->563132->343774->343516->341492->341499->344500->342607->587988->342821->343267->343341->343340->341501->343078->647029->647031->647028->647033->342043->338909->338898->338897->340035->338396->338400->338399->338391->338773->613666->613667
rl_signal,od1_sinnonhyeon_suseo,long,peak,8.0,12,1637.4849,1536.6202,100.8647,1613.8305,230.5677,11798.2,5,True,98,15,16,67,342695->342700->343100->342834->341621->344204->342159->342700->343100->342865->342652->342116->342672->340587->342670->646668->646669->342669->563097->342673->646784->646782->341597->344261->341907->341605->341594->343104->341601->343106->343943->342693->341607->344213->343102->341557->342643->341555->341736->341568->341735->341564->342645->341559->342115->343710->343711->343710->342115->341559->341985->341569->344767->341558->341518->341517->341512->646737->341511->342869->341510->341515->342114->342113->342112->341739->341535->343726->343919->338310->339265->338311->339297->339000->339664->338312->338344->562956->562954->338355->338356->339216->339584->338280->587862->587861->338279->587863->340185->340186->338897->340035->338396->338400->338399->338391->338773->613666->613667
rl_signal,od1_sinnonhyeon_suseo,long,peak,8.0,13,1399.8578,1337.7817,62.0762,1471.9208,141.9006,9922.6,3,True,79,9,11,59,342695->342700->343100->342865->342652->342116->342672->340587->342670->646668->646669->342669->563097->342673->646784->646782->341597->344261->341907->341605->341594->343104->341601->343106->343943->342693->341607->344213->343102->341557->342643->341555->341736->341568->341735->341564->342645->341559->342115->563067->342636->338199->338198->338222->562951->340229->341571->341521->342613->341535->343726->343919->338310->339265->338311->339297->339000->339664->338312->338344->562956->562954->338355->338356->339216->339584->338280->338279->587863->340185->340186->338897->340035->338396->338400->338399->338391->338773->613666->613667
rl_signal,od1_sinnonhyeon_suseo,long,peak,8.0,14,1255.7283,1178.2035,77.5247,1230.7654,177.2147,9564.8,5,True,63,7,11,45,342695->342700->343100->342865->342652->342116->342672->340587->342670->343657->342666->342663->342681->342617->342618->343820->646558->340583->342072->341544->341796->343669->341798->342622->341797->341771->341545->340698->341540->340697->343457->341546->344219->646319->563132->343774->343516->341492->340588->342606->342607->587988->342821->343267->343341->341500->341501->343078->647029->647031->647028->647033->342043->338909->338898->338897->340035->338396->338400->338399->338391->338773->613666->613667
rl_signal,od1_sinnonhyeon_suseo,long,peak,8.0,15,1269.056,1168.0199,101.0361,1088.9336,230.9595,9547.2,5,True,63,6,10,47,342695->342700->343100->342865->342652->342116->342672->340587->342670->343657->342666->342663->342681->342617->342618->343820->646558->340583->342072->341544->341796->343669->341798->342622->341797->341771->341545->340698->341540->340697->343457->341546->344219->646319->563132->343774->343516->341492->341499->344500->342607->587988->342821->343267->343341->341500->341501->343078->647029->647031->647028->647033->342043->338909->338898->338897->340035->338396->338400->338399->338391->338773->613666->613667
rl_signal,od1_sinnonhyeon_suseo,long,peak,8.0,16,1499.2597,1395.1914,104.0683,1481.8458,237.8908,10077.6,4,True,57,6,9,42,342695->342700->343100->342865->342652->342116->342672->340587->342670->343657->342666->342663->342681->342617->342618->343820->646558->340583->342072->341544->341796->343669->341798->342622->341797->341771->341545->340698->341540->340697->343457->341546->343780->342515->342516->342111->613883->340602->342772->563248->613949->344742->646964->344673->343077->338899->587863->340185->340186->338897->340035->338396->338400->338399->338391->338773->613666->613667
rl_signal,od1_sinnonhyeon_suseo,long,peak,8.0,17,1256.7834,1177.2666,79.5168,1173.7564,181.7683,9565.3,5,True,64,7,11,46,342695->342700->343100->342865->342652->342116->342672->340587->342670->343657->342666->342663->342681->342617->342618->343820->646558->340583->342072->341544->341796->343669->341798->342622->341797->341771->341545->340698->341540->340697->343457->341546->344219->646319->563132->343774->343516->341492->340588->342606->342607->587988->342821->343267->343341->341500->341501->343078->647029->647031->647032->647028->647033->342043->338909->338898->338897->340035->338396->338400->338399->338391->338773->613666->613667
rl_signal,od1_sinnonhyeon_suseo,long,peak,8.0,18,1382.7443,1220.4408,162.3036,1122.4282,371.0115,9547.2,6,True,63,6,10,47,342695->342700->343100->342865->342652->342116->342672->340587->342670->343657->342666->342663->342681->342617->342618->343820->646558->340583->342072->341544->341796->343669->341798->342622->341797->341771->341545->340698->341540->340697->343457->341546->344219->646319->563132->343774->343516->341492->341499->344500->342607->587988->342821->343267->343341->341500->341501->343078->647029->647031->647028->647033->342043->338909->338898->338897->340035->338396->338400->338399->338391->338773->613666->613667
rl_signal,od1_sinnonhyeon_suseo,long,peak,8.0,19,1251.4769,1159.8713,91.6056,1147.4786,209.4024,9428.1,4,True,62,6,10,46,342695->342700->343100->342865->342652->342116->342672->340587->342670->343657->342666->342663->342681->342617->342618->342632->343072->341795->341544->341796->343669->341798->342622->341797->341771->341545->340698->341540->340697->343457->341546->344219->646319->563132->343774->343516->341492->340588->342606->342607->587988->342821->343267->343341->341500->341501->343078->647029->647031->647028->647033->342043->338909->338898->338897->340035->338396->338400->338399->338391->338773->613666->613667
rl_signal,od1_sinnonhyeon_suseo,long,peak,8.0,20,1623.7953,1450.0991,173.6962,1594.1267,397.0542,10840.4,9,True,93,12,14,67,342695->342700->343100->342865->342652->342116->342672->340587->341789->341589->340701->563070->340700->341581->342666->342663->342681->342617->342618->343820->646558->340583->342072->341544->341796->343669->341798->342622->341797->341771->341545->340698->341540->340697->343457->341546->344219->646319->563132->343774->343516->341492->341499->344500->342607->587988->342821->343267->342611->563120->341494->613864->341507->341508->646563->341513->341519->342113->342112->341739->341535->343726->343919->338310->339265->338311->339297->339000->339664->338312->338344->562956->562954->338355->338356->339216->339584->338280->338279->587863->340185->340186->338897->340035->338396->646285->338401->646211->338407->338406->338391->338773->613666->613667
rl_signal,od1_sinnonhyeon_suseo,long,peak,8.0,21,1338.4911,1262.3377,76.1533,1401.6169,174.0797,9740.3,4,True,76,9,11,56,342695->342700->343100->342865->342652->342116->342672->340587->342670->646668->646669->342669->563097->342673->646784->646782->341597->344261->341907->341605->341594->343104->341601->343106->343943->342693->341607->344213->343102->341557->342643->341555->341736->341568->341735->341564->342645->341559->342115->563067->342648->342147->341996->341571->341521->342613->341535->343726->343919->338310->339265->338311->339297->339000->339664->338312->338344->562956->562954->338355->338356->339216->339584->338280->338279->587863->340185->340186->338897->340035->338396->338400->338399->338391->338773->613666->613667
rl_signal,od1_sinnonhyeon_suseo,long,peak,8.0,22,1389.3895,1318.9681,70.4213,1190.8584,160.9769,10414.6,3,True,61,7,11,43,342695->342700->343100->342865->342652->342116->342672->340587->342670->343657->342666->342663->342681->342617->342618->342632->343072->341795->341544->341796->343669->341798->342622->341797->341771->341545->340698->341540->340697->343457->341546->343780->342515->342516->342111->613883->340602->342772->563248->613949->344742->646964->344673->343077->338899->587863->340185->340186->338897->340035->340034->340035->338396->646285->338401->646211->338407->338406->338391->338773->613666->613667
rl_signal,od1_sinnonhyeon_suseo,long,peak,8.0,23,1595.7332,1411.9159,183.8173,1581.9048,420.1901,10517.6,9,True,88,9,14,65,342695->342700->343100->342865->342652->342116->342672->340587->342670->343657->343658->343657->342666->342663->342681->342617->342618->343820->646558->340583->342072->341544->341796->343669->341798->342622->341797->341771->341545->340698->341540->340697->343457->341546->344219->646319->563132->343774->343516->341492->340588->342606->342607->587988->342821->343267->342611->563120->341494->613864->341507->341508->646563->341513->341519->342113->342112->341739->341535->343726->343919->338310->339265->338311->339297->339000->339664->338312->338344->562956->562954->338355->338356->339216->339584->338280->338279->587863->340185->340186->338897->340035->338396->338400->338399->338391->338773->613666->613667
rl_signal,od1_sinnonhyeon_suseo,long,peak,8.0,24,1164.719,1090.3038,74.4152,1147.3232,170.1065,9428.1,4,True,62,6,10,46,342695->342700->343100->342865->342652->342116->342672->340587->342670->343657->342666->342663->342681->342617->342618->342632->343072->341795->341544->341796->343669->341798->342622->341797->341771->341545->340698->341540->340697->343457->341546->344219->646319->563132->343774->343516->341492->340588->342606->342607->587988->342821->343267->343341->341500->341501->343078->647029->647031->647028->647033->342043->338909->338898->338897->340035->338396->338400->338399->338391->338773->613666->613667
rl_signal,od1_sinnonhyeon_suseo,long,peak,8.0,25,1522.2755,1467.0789,55.1966,1408.8243,126.1745,11293.2,2,True,73,13,15,45,342695->342700->343100->342865->342652->342116->342672->340587->342670->343657->342666->342663->342681->342617->342618->343820->646558->340583->563095->342614->342072->341544->341796->343669->341798->342622->341797->341771->341545->340698->341540->340697->343457->341546->344219->646319->563132->343774->343516->341492->340588->342606->342607->587988->342821->343267->343341->341500->341501->343078->647029->647031->647028->647033->342043->338909->338898->338897->340186->340185->340168->340186->338897->340035->338396->338400->338399->338398->338407->338406->338391->338773->613666->613667
rl_signal,od1_sinnonhyeon_suseo,long,peak,8.0,26,1420.8303,1369.8484,50.9819,1417.1321,116.5402,10452.2,3,True,60,9,11,40,342695->342700->343100->342865->342652->342116->342672->340587->342670->343657->342666->342663->342681->342617->342618->343820->646558->340583->342072->341544->341796->343669->341798->342622->341797->341771->341545->340698->341540->340697->343457->341546->343780->342515->342516->342111->613883->340602->342772->563248->613949->344742->646964->344673->343077->338899->587863->340185->340186->338897->340035->338396->338400->338399->338398->338407->338406->338391->338773->613666->613667
rl_signal,od1_sinnonhyeon_suseo,long,peak,8.0,27,1300.1333,1232.9596,67.1737,1189.7581,153.5531,10077.6,3,True,57,6,9,42,342695->342700->343100->342865->342652->342116->342672->340587->342670->343657->342666->342663->342681->342617->342618->343820->646558->340583->342072->341544->341796->343669->341798->342622->341797->341771->341545->340698->341540->340697->343457->341546->343780->342515->342516->342111->613883->340602->342772->563248->613949->344742->646964->344673->343077->338899->587863->340185->340186->338897->340035->338396->338400->338399->338391->338773->613666->613667
rl_signal,od1_sinnonhyeon_suseo,long,peak,8.0,28,1242.4759,1173.2304,69.2456,1220.3361,158.2892,9591.1,4,True,63,8,12,43,342695->342700->343100->342865->342652->342116->342672->340587->342670->343657->342666->342663->342681->342617->342618->343820->646558->340583->342072->341544->341796->343669->341798->342622->341797->341771->341545->340698->341540->340697->343457->341546->344219->646319->563132->343774->343516->341492->340588->342606->342607->587988->342821->343267->343341->343340->341501->343078->647029->647031->647028->647033->342043->338909->338898->338897->340035->338396->338400->338399->338391->338773->613666->613667
rl_signal,od1_sinnonhyeon_suseo,long,peak,8.0,29,1426.4601,1352.8572,73.6028,1313.3706,168.2495,10519.3,3,True,70,10,14,46,342695->342700->343100->342865->342652->342116->342672->340587->342670->343657->342666->342663->342681->342617->342618->343820->646558->340583->342072->341544->341796->343669->341798->342622->341797->341771->341545->340698->341540->340697->343457->341546->344219->646319->563132->343774->343516->341492->340588->342606->342607->587988->342821->343267->343341->341500->341501->343078->647029->647031->647028->647033->342043->338909->338898->338897->340035->338396->338397->338402->338405->338404->338391->338399->338398->338407->338406->338391->338773->613666->613667
rl_signal,od1_sinnonhyeon_suseo,long,peak,8.0,30,1424.3838,1339.9665,84.4173,1276.6879,192.9703,11002.9,3,True,64,7,9,48,342695->342700->342159->344204->341621->342834->343100->342865->342652->342116->342672->340587->342670->343657->342666->342663->342681->342617->342618->343820->344184->343819->342631->563095->342614->342072->341544->341796->343669->341798->342622->341797->341771->341545->340698->341540->340697->343457->341546->343780->342515->342516->342111->613883->340602->342772->563248->613949->344742->646964->344673->343077->338899->587863->340185->340186->338897->340035->338396->338400->338399->338391->338773->613666->613667
rl_signal,od2_yangjae_yeongdong,long,off_peak,7.0,1,1196.9955,1006.0666,190.9288,1026.856,436.4463,7547.6,9,True,71,13,12,46,338734->338275->340338->338734->338736->338735->338272->339089->338990->339743->340118->339746->339089->338990->340239->339744->339087->340330->340328->339088->339091->339090->338268->338583->587842->338768->338767->338254->339133->338229->340484->339098->342073->342687->341600->342685->341607->344213->343102->341557->342643->341561->341562->341552->342644->613995->342640->342641->341775->343989->341774->341547->341773->341542->344210->342626->342633->646354->340708->341541->341539->563187->341540->340697->343457->341546->343780->342515->342516->342111->343038->342812
rl_signal,od2_yangjae_yeongdong,long,off_peak,7.0,2,1125.0754,914.1371,210.9383,914.4285,482.1862,6593.6,9,True,60,12,9,39,338734->338736->338735->338272->339089->338990->339743->340334->339307->338934->338933->338631->339979->340332->338581->338269->338705->339116->339138->338582->338268->338262->338586->339132->338258->613662->339651->338651->339293->341572->588040->341557->342643->341561->341562->341552->342644->613995->342640->341551->341538->613852->344181->342630->342628->341542->344210->342626->342633->646354->340708->341541->341539->563187->341540->340697->343457->341546->343780->342515->342812
rl_signal,od2_yangjae_yeongdong,long,off_peak,7.0,3,1096.5053,902.706,193.7993,950.7475,443.008,6868.0,8,True,64,9,6,49,338734->338275->340338->338734->338736->338735->338272->339089->338990->340239->339744->339087->340330->340328->339088->339091->339090->338268->338583->587842->338768->338767->338254->339133->338229->340484->339098->342073->342687->341600->342685->341607->344213->343102->341557->342643->341561->341562->341552->342644->613995->342640->342641->341775->343989->341774->341547->563166->341548->340707->343666->343075->341543->588052->341499->341492->343516->343774->563132->646319->344219->341546->343780->342515->342812
rl_signal,od2_yangjae_yeongdong,long,off_peak,7.0,4,1100.0826,891.9073,208.1753,905.2287,475.8703,6812.3,9,True,63,10,7,46,338734->338275->340338->338734->338736->338735->338272->339089->338990->340239->339744->339087->340330->340328->339088->339091->339090->338268->338583->587842->338768->338767->338254->339133->338229->340484->339098->342073->342687->341600->342685->341607->344213->343102->341557->342643->341561->341562->341552->342644->613995->342640->342641->341775->343989->341774->341547->341773->341542->344210->342626->342633->646354->340708->341541->341539->563187->341540->340697->343457->341546->343780->342515->342812
rl_signal,od2_yangjae_yeongdong,long,off_peak,7.0,5,1128.257,923.6159,204.6411,920.3398,467.7914,7046.7,9,True,67,11,10,46,338734->338275->340338->338734->338736->338735->338272->339089->338990->340239->339744->339087->340330->340328->339088->339091->339090->338268->338583->587842->338768->338767->338254->339133->338229->340484->339098->342073->342687->341600->342685->341607->588038->588037->588038->341607->344213->343102->341557->342643->341561->341562->341552->342644->613995->342640->342641->341775->343989->341774->341547->341773->341542->344210->342626->342633->646354->340708->341541->341539->563187->341540->340697->343457->341546->343780->342515->342812
rl_signal,od2_yangjae_yeongdong,long,off_peak,7.0,6,1072.9995,864.822,208.1776,917.3821,475.8754,6824.2,11,True,60,12,6,42,338734->338275->340338->338734->338736->338735->338272->339574->338735->338272->339089->338990->340239->339744->339087->340330->340328->339088->339091->339090->338268->338262->338586->339132->338258->613662->339651->338651->339293->341572->588040->341557->342643->341561->341562->341552->342644->613995->342640->342641->341775->343989->341774->341547->341773->341542->344210->342626->342633->646354->340708->341541->341539->563187->341540->340697->343457->341546->343780->342515->342812
rl_signal,od2_yangjae_yeongdong,long,off_peak,7.0,7,1517.1318,1241.1175,276.0143,1229.4057,630.9441,9219.4,13,True,94,26,18,50,338734->338275->340338->338734->338275->340338->338734->340339->338217->339014->339574->338272->339089->338990->339743->340334->339307->338934->338933->338631->339979->340332->338581->338269->338705->339116->339111->339112->339947->339096->338710->338991->339115->338205->338998->340121->338997->645954->339806->646068->338655->339657->338922->646291->338226->339093->339128->341549->342639->341564->342645->342148->342644->613995->342640->342641->341775->343989->341774->341547->341773->341542->344210->342626->342633->340597->342614->342072->340583->563095->342614->340597->342633->342626->344210->341542->342627->343944->342627->341542->344210->342626->342633->646354->340708->341541->341539->563187->341540->340697->343457->341546->343780->342515->342812
rl_signal,od2_yangjae_yeongdong,long,off_peak,7.0,8,1074.6689,865.8329,208.836,913.1944,477.3805,6742.1,10,True,57,11,7,39,338734->338275->340338->338734->338736->338735->338272->339089->338990->340239->339744->339087->340330->340328->339088->339091->339090->338268->338262->338586->339132->338258->613662->339651->338651->339293->341572->588040->341557->342643->341561->341562->341552->342644->613995->342640->341551->341538->613852->344181->342630->342628->341542->344210->342626->342633->646354->340708->341541->341539->563187->341540->340697->343457->341546->343780->342515->342812
rl_signal,od2_yangjae_yeongdong,long,off_peak,7.0,9,1081.0266,859.7908,221.2359,881.6554,505.7255,6649.9,11,True,63,14,9,40,338734->338275->340338->338734->338736->338735->338272->339089->338990->339743->340334->339307->338934->338933->338631->339979->340332->338581->338269->338705->339116->339138->338582->338268->338262->338586->339132->338258->613662->339651->338651->339293->341572->588040->341557->342643->341561->341562->341552->342644->613995->342640->341551->341538->613852->344181->342630->342628->341542->344210->342626->342633->646354->340708->341541->341539->563187->341540->340697->343457->341546->343780->342515->342812
rl_signal,od2_yangjae_yeongdong,long,off_peak,7.0,10,1316.7859,1011.4741,305.3118,977.3689,697.9156,7145.2,13,True,91,15,14,62,338734->338275->340338->338734->338736->338735->338272->339089->338990->339743->340334->339307->338934->338933->338631->339979->340332->338581->338269->338705->339116->339138->338582->338268->338262->338586->339132->338258->613662->339651->338651->562921->562923->342153->341556->341555->342643->341561->341562->341552->342644->613995->613994->613995->342640->342641->342642->646764->646763->646764->342642->340709->344193->613986->344812->613985->344813->344258->342638->646427->646428->646427->342638->344258->344813->613985->344812->344813->344258->342638->646427->340706->646705->343076->343667->341548->340707->343666->343075->341543->588052->341499->341492->343516->343774->563132->646319->344219->341546->343780->342515->342812
rl_signal,od2_yangjae_yeongdong,long,off_peak,7.0,11,1071.4306,857.1236,214.307,894.6738,489.8868,6593.6,8,True,60,12,9,39,338734->338736->338735->338272->339089->338990->339743->340334->339307->338934->338933->338631->339979->340332->338581->338269->338705->339116->339138->338582->338268->338262->338586->339132->338258->613662->339651->338651->339293->341572->588040->341557->342643->341561->341562->341552->342644->613995->342640->341551->341538->613852->344181->342630->342628->341542->344210->342626->342633->646354->340708->341541->341539->563187->341540->340697->343457->341546->343780->342515->342812
rl_signal,od2_yangjae_yeongdong,long,off_peak,7.0,12,1233.0504,968.4601,264.5902,936.0762,604.8298,7520.3,11,True,63,14,8,41,338734->338275->340338->338734->338736->338735->338272->339089->338990->340239->339744->339087->340330->340328->340327->340328->339088->339091->339090->338268->338262->338586->339132->338258->613662->339651->338651->339293->341572->588040->341557->342643->341561->341562->341552->342644->613995->342640->341551->341554->341565->340710->341776->341538->613852->344181->342630->342628->341542->344210->342626->342633->646354->340708->341541->341539->563187->341540->340697->343457->341546->343780->342515->342812
rl_signal,od2_yangjae_yeongdong,long,off_peak,7.0,13,1151.4924,931.5521,219.9404,885.7655,502.7641,6849.8,9,True,68,15,10,43,338734->338275->340338->338734->338736->338735->338272->339089->338990->339743->340334->339307->338934->338933->338631->339979->340332->338581->338269->338705->339116->339138->338582->338268->338583->587842->338768->338767->338254->339133->338229->338218->338219->342074->341600->342685->341607->344213->343102->341557->342643->341561->341562->341552->342644->613995->342640->341551->341538->613852->344181->342630->342628->341542->344210->342626->342633->646354->340708->341541->341539->563187->341540->340697->343457->341546->343780->342515->342812
rl_signal,od2_yangjae_yeongdong,long,off_peak,7.0,14,1403.9225,1099.6937,304.2288,1131.3471,695.4401,7873.1,11,True,86,15,12,59,338734->338275->340338->338734->340339->338275->338734->340338->338275->338104->338103->339026->340326->339052->338163->339021->339067->338162->339056->340481->338654->338158->339433->339432->338821->338161->339433->338158->338157->338139->562936->339292->339070->613767->338253->339069->339134->338230->646176->339098->342073->342687->341600->342685->341607->344213->343102->341557->342643->341561->341562->341552->342644->613995->342640->341551->341538->613852->344181->342630->342628->341542->344210->342626->342633->646354->340708->341541->646612->341772->341545->340698->341540->340697->343457->341546->344219->646319->646416->646417->646416->646319->344219->341546->343780->342515->342812
rl_signal,od2_yangjae_yeongdong,long,off_peak,7.0,15,1174.5567,975.9605,198.5961,928.845,453.9732,7330.6,8,True,65,15,10,40,338734->338275->340338->338734->338736->338735->338272->339089->338990->339743->340334->339307->338934->339087->340330->340328->339088->339091->339090->338268->338583->587842->338768->338767->338254->339133->338229->340484->339098->342073->342687->341600->342685->341607->344213->343102->341557->342643->341561->341562->341552->342644->613995->342640->341551->341538->613852->344181->342630->342628->341542->344210->342626->342633->646354->340708->341541->341539->563187->341540->340697->343457->341546->343780->342515->342812
rl_signal,od2_yangjae_yeongdong,long,off_peak,7.0,16,1332.1458,1096.4459,235.6999,1133.2356,538.7891,7956.2,9,True,89,16,13,60,338734->338275->340338->338734->338736->338735->338272->339089->338990->339743->340334->339307->338934->338933->338631->339979->340332->338581->338269->338705->339116->339138->338582->338268->338262->338587->338588->339119->338997->645954->339806->646068->646067->646068->339806->645954->645955->645954->339806->646068->646067->646068->339806->645954->645955->645954->339806->646068->338655->339656->339807->339808->339807->339810->338999->339654->339136->338209->338648->646070->338251->338252->338199->338224->342071->341571->341521->342613->646707->563094->342114->341515->341510->343158->343160->344191->344189->342755->341769->341499->341492->343516->343774->563132->646319->344219->341546->343780->342515->342812
rl_signal,od2_yangjae_yeongdong,long,off_peak,7.0,17,1138.2705,985.3686,152.9019,1026.4925,349.5203,7154.0,8,True,73,15,8,50,338734->338275->340338->338734->338736->338735->338272->339574->338735->338272->339089->338990->339743->340334->339307->339893->339308->340139->338933->338631->339979->340332->338581->338269->338705->339116->339138->338582->338268->338262->338586->339132->338258->613662->339651->338651->339293->341572->588040->341557->342643->341561->341562->341552->342644->613995->342640->341551->341538->613852->344181->342630->342628->341542->341773->341547->563166->341548->340707->343666->343075->341543->588052->341499->341492->343516->343774->563132->646319->344219->341546->343780->342515->342812
rl_signal,od2_yangjae_yeongdong,long,off_peak,7.0,18,1119.7352,948.1293,171.6058,998.7596,392.2757,7164.7,8,True,67,10,9,48,338734->338275->340338->338734->338736->338735->338272->339089->338990->340239->339744->339087->340330->340328->339088->339091->339090->338268->338262->338586->339132->338258->613662->339651->338651->339293->341572->588040->341557->342643->341555->341736->341568->341735->341564->341562->341552->342644->613995->342640->342641->341775->343989->341774->341547->341773->341542->342627->343944->342627->341542->344210->342626->342633->646354->340708->341541->646612->341772->341545->340698->341540->340697->343457->341546->343780->342515->342812
rl_signal,od2_yangjae_yeongdong,long,off_peak,7.0,19,1173.5881,877.5069,296.0812,864.2649,676.8154,6658.1,12,True,65,13,9,43,338734->338275->340338->338734->338736->338735->338272->339089->338990->339743->340334->339307->339893->339308->340139->338933->338631->339979->340332->338581->338269->338705->339116->339138->338582->338268->338262->338586->339132->338258->613662->339651->338651->339293->341572->588040->341557->342643->341561->341562->341552->342644->613995->342640->341551->341538->613852->344181->342630->342628->341542->344210->342626->342633->646354->340708->341541->341539->563187->341540->340697->343457->341546->343780->342515->342812
rl_signal,od2_yangjae_yeongdong,long,off_peak,7.0,20,1144.9073,1037.8595,107.0478,1102.6511,244.7018,7886.8,6,True,77,16,11,50,338734->338275->340338->338734->338736->338735->338272->339089->338990->339743->340334->339307->338934->338933->338631->339979->340332->338581->338269->338705->339116->339138->338582->338268->338583->587842->338768->338767->338254->339133->338229->338218->339571->338261->563143->588038->341607->344213->343102->341557->342643->341561->341562->341552->342644->342148->342645->341559->342115->563067->342648->342147->341996->341571->341521->342613->646707->563094->342114->341515->341510->343158->343160->344191->344189->342755->341769->341499->341492->343516->343774->563132->646319->344219->341546->343780->342515->342812
rl_signal,od2_yangjae_yeongdong,long,off_peak,7.0,21,1133.699,847.1962,286.5028,894.1614,654.92,6949.6,14,True,63,13,7,43,338734->338275->340338->338734->338275->340338->338734->338736->338735->338272->339089->338990->340239->339744->339087->340330->340328->339088->339091->339090->338268->338262->338586->339132->338258->613662->339651->338651->339293->341572->588040->341557->342643->341561->341568->341735->341564->341562->341552->342644->613995->342640->342641->341775->343989->341774->341547->341773->341542->344210->342626->342633->646354->340708->341541->341539->563187->341540->340697->343457->341546->343780->342515->342812
rl_signal,od2_yangjae_yeongdong,long,off_peak,7.0,22,1109.7678,889.4608,220.307,878.6029,503.6021,6521.8,10,True,63,12,8,43,338734->338275->340338->338734->338736->338735->338272->339089->338990->339743->340334->339307->338934->338933->338631->339979->340332->338581->338269->338705->339116->339138->338582->338268->338262->338586->339132->338258->613662->339651->338651->339293->341572->588040->341557->342643->341561->341562->341552->342644->613995->342640->342641->341775->343989->341774->341547->341773->341542->344210->342626->342633->646354->340708->341541->341539->563187->341540->340697->343457->341546->343780->342515->342812
rl_signal,od2_yangjae_yeongdong,long,off_peak,7.0,23,1089.7234,925.565,164.1584,1003.8872,375.2516,6860.3,8,True,65,9,6,50,338734->338275->340338->338734->338736->338735->338272->339089->338990->340239->339744->339087->340330->340328->339088->339091->339090->338268->338583->587842->338768->338767->338254->339133->338229->340484->339098->342073->342687->341600->342685->341607->344213->343102->341557->342643->341561->341562->341552->342644->613995->342640->342641->341775->343989->341774->341547->341773->341542->344210->342626->342633->646354->340708->341541->646612->341772->341545->340698->341540->340697->343457->341546->343780->342515->342812
rl_signal,od2_yangjae_yeongdong,long,off_peak,7.0,24,1019.4241,863.1914,156.2327,861.41,357.1341,6849.8,9,True,68,15,10,43,338734->338275->340338->338734->338736->338735->338272->339089->338990->339743->340334->339307->338934->338933->338631->339979->340332->338581->338269->338705->339116->339138->338582->338268->338583->587842->338768->338767->338254->339133->338229->338218->338219->342074->341600->342685->341607->344213->343102->341557->342643->341561->341562->341552->342644->613995->342640->341551->341538->613852->344181->342630->342628->341542->344210->342626->342633->646354->340708->341541->341539->563187->341540->340697->343457->341546->343780->342515->342812
rl_signal,od2_yangjae_yeongdong,long,off_peak,7.0,25,1246.5007,1073.8274,172.6734,1117.1445,394.716,7475.3,9,True,78,10,8,60,338734->338275->340338->338734->338736->338735->338272->339089->338990->339743->340336->339743->340334->339307->339893->339308->338988->338629->338270->338628->338624->338238->338625->339478->339477->339503->338839->338840->340290->339504->338805->338590->338259->338591->338204->338789->338923->340045->340479->587843->338594->338227->338693->338595->338210->339659->338209->338648->646070->338251->338252->338199->338224->342071->341571->341521->342613->646707->563094->342114->341515->341510->343158->343160->344191->344189->342755->341769->341499->341492->343516->343774->563132->646319->344219->341546->343780->342515->342812
rl_signal,od2_yangjae_yeongdong,long,off_peak,7.0,26,1112.7048,909.1592,203.5457,924.7087,465.2874,6753.0,11,True,66,14,10,42,338734->338275->340338->338734->338736->338735->338272->339089->338990->339743->340334->339307->338934->338933->338631->339979->340332->338581->338269->338705->339116->339138->338582->338268->338262->338586->339132->338258->613662->339651->338651->339293->341572->588040->341557->342643->341555->341736->341568->341561->341562->341552->342644->613995->342640->342641->341775->343989->341774->341547->341773->341542->344210->342626->342633->646354->340708->341541->341539->563187->341540->340697->343457->341546->343780->342515->342812
rl_signal,od2_yangjae_yeongdong,long,off_peak,7.0,27,1109.33,908.2608,201.0693,922.0692,459.6265,6991.7,9,True,62,12,6,44,338734->338275->340338->338734->338736->338735->338272->339089->338990->340239->339744->339087->340330->340328->339088->339091->339090->338268->338262->338586->339132->338258->613662->339651->338651->339293->341572->588040->341557->342643->341561->341562->341552->342644->613995->342640->342641->341775->343989->341774->341547->341773->341542->342628->563165->341547->341773->341542->344210->342626->342633->646354->340708->341541->341539->563187->341540->340697->343457->341546->343780->342515->342812
rl_signal,od2_yangjae_yeongdong,long,off_peak,7.0,28,1261.4145,1073.6871,187.7274,1108.6262,429.1281,8260.8,10,True,74,19,14,41,338734->338275->340338->338734->338736->338735->338272->339089->338990->339743->340334->339307->338934->338933->338631->339979->340332->340331->340332->338581->338269->338775->339117->339088->339091->339090->338268->338583->587842->338768->338767->338254->339133->338229->338218->338219->342074->341600->342685->341607->344213->343102->341557->342643->341555->341736->341568->341561->341562->341552->342644->613995->342640->341551->341538->613852->344181->342630->342628->341542->344210->342626->342633->646354->340708->341541->341539->563187->341540->340697->343457->341546->343780->342515->342812
rl_signal,od2_yangjae_yeongdong,long,off_peak,7.0,29,1113.6673,894.8763,218.791,885.8623,500.1367,6761.3,10,True,65,16,9,40,338734->338275->340338->338734->338736->338735->338272->339089->338990->339743->340334->339307->338934->338933->338631->339979->646073->339979->340332->338581->338269->338705->339116->339138->338582->338268->338262->338586->339132->338258->613662->339651->338651->339293->341572->588040->341557->342643->341561->341562->341552->342644->613995->342640->341551->341538->613852->344181->342630->342628->341542->344210->342626->342633->646354->340708->341541->341539->563187->341540->340697->343457->341546->343780->342515->342812
rl_signal,od2_yangjae_yeongdong,long,off_peak,7.0,30,1180.9036,957.0078,223.8958,910.2824,511.8059,7109.4,10,True,71,18,11,42,338734->338275->340338->338734->338736->338735->338272->339089->338990->339743->340334->339307->338934->338933->338631->339979->340332->338581->338269->338705->339116->339138->338582->338268->338583->587842->338768->338767->338254->339133->338229->338218->338219->342074->341600->342685->341607->344213->343102->341557->342643->341561->341562->341552->342644->613995->342640->341551->341538->613852->344181->342630->342628->341542->344210->342626->342633->646354->340708->341541->341539->563187->341540->340697->343457->341546->343780->342515->342516->342111->343038->342812
rl_signal,od2_yangjae_yeongdong,long,peak,8.0,1,985.0223,923.0421,61.9802,1006.7631,141.6813,6816.1,6,True,68,14,9,45,338734->338736->338735->338272->339089->338990->339743->340334->339307->338934->338933->338631->339979->340332->338581->338269->338705->339116->339138->338582->338268->338583->587842->338768->338767->338254->339133->338229->340484->339098->342073->342687->341600->342685->341607->344213->343102->341557->342643->341561->341562->341552->342644->613995->342640->341551->341538->613852->344181->342630->342628->341542->344210->342626->342633->646354->340708->341541->341539->563187->563186->563187->341540->340697->343457->341546->343780->342515->342812
rl_signal,od2_yangjae_yeongdong,long,peak,8.0,2,1091.9572,881.6035,210.3537,989.9214,480.85,6836.4,9,True,67,11,9,47,338734->338736->338735->338272->339089->339746->340118->339743->340334->339307->338934->338933->338631->339979->340332->338581->338269->338705->339116->339138->338582->338268->338583->587842->338768->338767->338254->339133->338229->340484->339098->342073->342687->341600->342685->341607->344213->343102->341557->342643->341561->341562->341552->342644->613995->342640->341551->341538->613852->344181->342630->342628->341542->344210->342626->342633->646354->340708->341541->341539->563187->341540->340697->343457->341546->343780->342515->342812
rl_signal,od2_yangjae_yeongdong,long,peak,8.0,3,1357.803,1190.2012,167.6017,1372.0888,383.1227,8557.5,11,True,89,13,11,65,338734->338736->338735->338272->339089->338990->339743->340118->339746->338630->338270->338629->338988->340118->339743->340334->339307->339893->339308->338988->338629->338270->338628->338624->338238->338625->339478->339477->339503->338839->338840->340290->339217->338805->338590->338259->338591->338204->338789->338923->340045->340479->587843->338594->338227->338693->338595->338210->613615->338596->338197->339135->562865->338198->338199->342636->563067->342115->343710->341560->341518->341558->563191->341512->646737->341511->342869->341510->341515->342114->342113->341519->343157->343158->343160->344191->344189->342755->341769->341499->341492->343516->343774->563132->646319->344219->341546->343780->342515->342812
rl_signal,od2_yangjae_yeongdong,long,peak,8.0,4,1181.9399,910.3593,271.5806,1004.4816,620.8091,6900.7,10,True,68,13,12,43,338734->340339->338275->338104->338103->339026->340554->339013->339014->339574->338272->339089->339746->340118->339743->340334->339307->338934->338933->338631->339979->340332->338581->338269->338705->339116->339138->338582->338268->338262->338586->339132->338258->613662->339651->338651->339293->341572->588040->341557->342643->341561->341562->341552->342644->613995->342640->341551->341538->613852->344181->342630->342628->341542->344210->342626->342633->646354->340708->341541->341539->563187->341540->340697->343457->341546->343780->342515->342812
rl_signal,od2_yangjae_yeongdong,long,peak,8.0,5,1059.2798,907.8021,151.4777,973.8236,346.2645,6791.9,6,True,66,12,9,45,338734->338736->338735->338272->339089->338990->339743->340334->339307->338934->338933->338631->339979->340332->338581->338269->338705->339116->339138->338582->338268->338583->587842->338768->338767->338254->339133->338229->340484->339098->342073->342687->341600->342685->341607->344213->343102->341557->342643->341561->341562->341552->342644->613995->342640->341551->341538->613852->344181->342630->342628->341542->344210->342626->342633->646354->340708->341541->341539->563187->341540->340697->343457->341546->343780->342515->342812
rl_signal,od2_yangjae_yeongdong,long,peak,8.0,6,1183.0075,898.9652,284.0423,977.7277,649.2954,6714.0,11,True,70,16,11,43,338734->338736->338735->338272->339089->338990->339743->340334->339307->338934->338933->338631->339979->340332->338581->338269->338580->339112->339947->339096->338710->338991->339115->338205->338998->340121->338997->645954->339806->339805->339806->646068->338655->339657->338922->646291->646290->646291->338226->339093->339128->341549->342639->341564->341562->341552->342644->613995->342640->342641->341775->343989->341774->341547->341773->341542->344210->342626->342633->646354->340708->341541->341539->563187->341540->340697->343457->341546->343780->342515->342812
rl_signal,od2_yangjae_yeongdong,long,peak,8.0,7,1071.5652,915.8959,155.6692,1075.0914,355.8461,6631.4,6,True,66,11,8,47,338734->338736->338735->338272->339089->339746->340118->339743->340334->339307->338934->338933->338631->339979->340332->338581->338269->338580->339112->339947->339096->338710->338991->339115->338205->338998->340121->338997->645954->339806->646068->338655->339657->338922->646291->646290->646291->338226->338252->338199->338224->342071->341571->341521->342613->646707->563094->342114->341515->341510->343158->343160->344191->344189->342755->341769->341499->341492->343516->343774->563132->646319->344219->341546->343780->342515->342812
rl_signal,od2_yangjae_yeongdong,long,peak,8.0,8,1238.4688,1024.3743,214.0945,1255.0785,489.401,7305.8,10,True,74,13,11,50,338734->338736->338735->338272->339089->338990->339743->340334->339307->338934->338933->340139->339308->339893->339307->340334->340335->340334->339307->339893->339308->340139->338933->338631->339979->340332->338581->338269->338705->339116->339138->338582->338268->338262->339922->340140->339002->338922->646291->338226->338252->338199->338224->342071->341571->341521->342613->646707->563094->342114->341515->341519->343157->343158->343160->344191->344808->344806->344807->344808->344191->344189->342755->341769->341499->341492->343516->343774->563132->646319->344219->341546->343780->342515->342812
rl_signal,od2_yangjae_yeongdong,long,peak,8.0,9,1025.234,880.1184,145.1156,997.5165,331.7214,6857.9,10,True,70,10,8,52,338734->338736->338735->338272->339089->339746->340118->339743->340334->339307->338934->338933->338631->339979->340332->338581->338269->338705->339116->339138->338582->338268->338583->587842->338768->338767->338254->338584->338267->338585->562917->338230->646176->339098->342073->342687->341600->342685->341607->344213->343102->341557->342643->341561->341562->341552->342644->613995->342640->341551->341538->613852->344181->342630->342628->341542->344210->342626->342633->646354->340708->341541->341539->563187->341540->340697->343457->341546->343780->342515->342812
rl_signal,od2_yangjae_yeongdong,long,peak,8.0,10,1075.4101,859.026,216.3841,995.1661,494.6348,6677.1,7,True,63,12,9,42,338734->338736->338735->338272->339089->338990->339743->340334->339307->338934->338933->338631->339979->340332->338581->338269->338705->339116->339138->338582->338268->338583->587842->338768->338767->338254->339133->338229->338218->339571->338261->341734->341572->588040->341557->342643->341561->341562->341552->342644->613995->342640->341551->341538->613852->344181->342630->342628->341542->344210->342626->342633->646354->340708->341541->341539->563187->341540->340697->343457->341546->343780->342515->342812
rl_signal,od2_yangjae_yeongdong,long,peak,8.0,11,1135.7278,950.0811,185.6467,1042.9028,424.3719,7033.5,10,True,74,13,12,49,338734->340338->338275->340339->338217->339014->339574->338272->339089->338990->339743->340334->339307->338934->338933->338631->339979->340332->338581->338269->338705->339116->339138->338582->338268->338583->587842->338768->338767->338254->339133->338229->340484->339098->342073->342687->341600->342685->341607->344213->343102->341557->588040->341572->340705->341555->342643->341561->341562->341552->342644->613995->342640->341551->341538->613852->344181->342630->342628->341542->344210->342626->342633->646354->340708->341541->341539->563187->341540->340697->343457->341546->343780->342515->342812
rl_signal,od2_yangjae_yeongdong,long,peak,8.0,12,1226.9563,979.5724,247.3839,1068.6076,565.4977,7149.7,9,True,76,14,13,49,338734->340339->338275->338104->338103->339026->340554->339013->339014->339574->338272->339089->338990->339743->340334->339307->339893->339308->340139->338933->338631->339979->340332->338581->338269->338705->339116->339138->338582->338268->338583->587842->338768->338767->338254->339133->338229->338218->339571->338261->341734->341572->588040->341557->342643->341555->341736->341568->341735->341564->342645->342148->342644->613995->342640->341551->341538->613852->344181->342630->342628->341542->344210->342626->342633->646354->340708->341541->341539->563187->341540->340697->343457->341546->343780->342515->342812
rl_signal,od2_yangjae_yeongdong,long,peak,8.0,13,928.9058,865.096,63.8098,1011.0691,145.8635,6791.9,7,True,66,12,9,45,338734->338736->338735->338272->339089->338990->339743->340334->339307->338934->338933->338631->339979->340332->338581->338269->338705->339116->339138->338582->338268->338583->587842->338768->338767->338254->339133->338229->340484->339098->342073->342687->341600->342685->341607->344213->343102->341557->342643->341561->341562->341552->342644->613995->342640->341551->341538->613852->344181->342630->342628->341542->344210->342626->342633->646354->340708->341541->341539->563187->341540->340697->343457->341546->343780->342515->342812
rl_signal,od2_yangjae_yeongdong,long,peak,8.0,14,1455.546,1157.4637,298.0823,1262.0925,681.3896,8641.0,12,True,95,16,12,67,338734->338736->338735->338272->339574->338735->338272->339089->339746->340118->339743->340334->339307->339893->339308->340139->338933->338631->339979->340332->338581->338269->338705->339116->339138->338582->338268->338583->587842->338768->338767->338254->339133->338229->340484->339098->342073->342687->341600->342685->341607->344213->343102->341557->342643->341561->341568->341735->341564->342645->342148->342644->613995->342640->341551->341538->613852->344181->342630->342628->341542->342627->343944->342627->341542->344210->342626->342633->646354->340708->341541->341539->563187->341540->340698->341545->341771->341797->342622->341798->343669->646874->343669->341798->342622->341797->341771->341545->340698->341540->340697->343457->341546->343780->342515->342812
rl_signal,od2_yangjae_yeongdong,long,peak,8.0,15,1165.276,981.3494,183.9266,1044.8111,420.4399,7311.6,7,True,73,13,12,48,338734->338736->338735->338272->339089->338990->339743->340118->339746->338630->338270->338629->338988->340118->339743->340334->339307->339893->339308->340139->338933->338631->339979->340332->338581->338269->338705->339116->339138->338582->338268->338583->587842->338768->338767->338254->339133->338229->338218->339571->338261->341734->341572->588040->341557->342643->341561->341562->341552->342644->613995->342640->341551->341538->613852->344181->342630->342628->341542->344210->342626->342633->646354->340708->341541->341539->563187->341540->340697->343457->341546->343780->342515->342812
rl_signal,od2_yangjae_yeongdong,long,peak,8.0,16,1103.114,912.0918,191.0222,1032.4291,436.6598,7057.7,10,True,70,12,11,47,338734->338736->338735->338272->339089->338990->339743->340334->339307->338934->338933->338631->339979->340332->338581->338269->338705->339116->339138->338582->338268->338583->587842->338768->338767->338254->339133->338229->340484->339098->342073->342687->341600->342685->341607->344213->343102->341557->342643->341561->341562->341552->342644->613995->342640->341551->341538->613852->344181->342630->342628->341542->342627->343944->342627->341542->344210->342626->342633->646354->340708->341541->341539->563187->341540->340697->343457->341546->343780->342515->342812
rl_signal,od2_yangjae_yeongdong,long,peak,8.0,17,1094.0929,963.4178,130.6751,1018.814,298.7117,7261.8,7,True,73,13,10,50,338734->338736->338735->338272->339089->338990->339743->340334->339307->338934->338933->338631->339979->340332->338581->338269->338705->339116->339138->338582->338268->338583->587842->338768->338767->338254->339133->338229->340484->339098->342073->342687->341600->342074->338219->338218->339094->338258->613662->339651->338651->339293->341572->588040->341557->342643->341561->341562->341552->342644->613995->342640->341551->341538->613852->344181->342630->342628->341542->344210->342626->342633->646354->340708->341541->341539->563187->341540->340697->343457->341546->343780->342515->342812
rl_signal,od2_yangjae_yeongdong,long,peak,8.0,18,962.9072,859.9374,102.9697,921.2722,235.3797,6724.3,8,True,64,11,9,44,338734->338736->338735->338272->339089->339746->340118->339743->340334->339307->338934->338933->338631->339979->340332->338581->338269->338705->339116->339138->338582->338268->338583->587842->338768->338767->338254->339133->338229->338218->339571->338261->341734->341572->340705->341555->342643->341561->341562->341552->342644->613995->342640->341551->341538->613852->344181->342630->342628->341542->344210->342626->342633->646354->340708->341541->341539->563187->341540->340697->343457->341546->343780->342515->342812
rl_signal,od2_yangjae_yeongdong,long,peak,8.0,19,1269.5248,1014.245,255.2798,1195.9349,583.5469,7893.0,12,True,71,13,11,47,338734->338736->338735->338272->339089->338990->339743->340334->339307->338934->338933->338631->339979->340332->338581->338269->338705->339116->339138->338582->338268->339090->338156->339054->338139->562936->339292->339070->613767->338253->339069->339134->338230->646176->339098->342073->342687->341600->342685->341607->344213->343102->341557->342643->341561->341562->341552->342644->613995->342640->341551->341538->613852->344181->342630->342628->341542->344210->342626->342633->646354->340708->341541->341539->563187->341540->340697->343457->341546->343780->342515->342812
rl_signal,od2_yangjae_yeongdong,long,peak,8.0,20,1102.867,971.0013,131.8657,1025.8736,301.4333,7598.4,6,True,70,13,11,46,338734->338736->338735->338272->339089->338990->339743->340334->339307->338934->339087->339745->339087->340330->340328->339088->339091->339090->338268->338583->587842->338768->338767->338254->339133->338229->340484->339098->342073->342687->341600->342685->341607->344213->344212->344213->343102->341557->342643->341561->341562->341552->342644->342148->342645->341559->341985->341569->341737->342641->341775->343989->341774->341547->341773->341542->344210->342626->342633->646354->340708->341541->341539->563187->341540->340697->343457->341546->343780->342515->342812
rl_signal,od2_yangjae_yeongdong,long,peak,8.0,21,1037.0031,877.7781,159.225,956.6382,363.9743,6796.7,6,True,67,13,9,45,338734->338736->338735->338272->339089->338990->339743->340334->339307->339893->339308->340139->338933->338631->339979->646073->339979->340332->338581->338269->338705->339116->339138->338582->338268->338583->587842->338768->338767->338254->339133->338229->338218->339571->338261->341734->341572->588040->341557->342643->341561->341562->341552->342644->613995->342640->341551->341538->613852->344181->342630->342628->341542->344210->342626->342633->646354->340708->341541->341539->563187->341540->340697->343457->341546->343780->342515->342812
rl_signal,od2_yangjae_yeongdong,long,peak,8.0,22,1105.1131,885.2407,219.8724,971.5277,502.6089,6887.3,8,True,66,15,9,42,338734->338736->338735->338272->339574->338735->338272->339089->338990->339743->340334->339307->338934->338933->338631->339979->340332->338581->338269->338705->339116->339138->338582->338268->338583->587842->338768->338767->338254->339133->338229->338218->339571->338261->341734->341572->588040->341557->342643->341561->341562->341552->342644->613995->342640->341551->341538->613852->344181->342630->342628->341542->344210->342626->342633->646354->340708->341541->341539->563187->341540->340697->343457->341546->343780->342515->342812
rl_signal,od2_yangjae_yeongdong,long,peak,8.0,23,1274.0191,979.9818,294.0373,1115.4564,672.1433,7459.8,11,True,64,14,11,39,338734->338736->338735->338272->339089->338990->339743->340334->339307->338934->338933->338631->339979->340332->338581->338269->338775->339117->339088->339091->339090->338268->338583->587842->338768->338767->338254->339133->338229->338218->339571->338261->341734->341572->340705->341555->342643->341561->341562->341552->342644->613995->342640->341551->341538->613852->344181->342630->342628->341542->344210->342626->342633->646354->340708->341541->341539->563187->341540->340697->343457->341546->343780->342515->342812
rl_signal,od2_yangjae_yeongdong,long,peak,8.0,24,1108.9797,911.829,197.1507,1030.4032,450.6689,6831.1,10,True,68,12,11,45,338734->338736->338735->338272->339089->338990->339743->340334->339307->338934->338933->338631->339979->340332->338581->338269->338705->339116->339138->338582->338268->338583->587842->338768->338767->338254->339133->338229->340484->339098->342073->342687->341600->342685->341607->344213->344212->344213->343102->341557->342643->341561->341562->341552->342644->613995->342640->341551->341538->613852->344181->342630->342628->341542->344210->342626->342633->646354->340708->341541->341539->563187->341540->340697->343457->341546->343780->342515->342812
rl_signal,od2_yangjae_yeongdong,long,peak,8.0,25,963.8959,858.771,105.125,914.5392,240.3063,6677.1,9,True,63,12,9,42,338734->338736->338735->338272->339089->338990->339743->340334->339307->338934->338933->338631->339979->340332->338581->338269->338705->339116->339138->338582->338268->338583->587842->338768->338767->338254->339133->338229->338218->339571->338261->341734->341572->588040->341557->342643->341561->341562->341552->342644->613995->342640->341551->341538->613852->344181->342630->342628->341542->344210->342626->342633->646354->340708->341541->341539->563187->341540->340697->343457->341546->343780->342515->342812
rl_signal,od2_yangjae_yeongdong,long,peak,8.0,26,1097.0362,896.34,200.6963,1012.2035,458.7738,6838.0,10,True,66,12,10,44,338734->338736->338735->338272->339089->339746->340118->339743->340334->339307->338934->338933->338631->339979->340332->338581->338269->338705->339116->339138->338582->338268->338583->587842->338768->338767->338254->339133->338229->338218->338219->342074->341600->342685->341607->344213->343102->341557->342643->341561->341562->341552->342644->613995->342640->341551->341538->613852->344181->342630->342628->341542->344210->342626->342633->646354->340708->341541->341539->563187->341540->340697->343457->341546->343780->342515->342812
rl_signal,od2_yangjae_yeongdong,long,peak,8.0,27,1066.2672,888.4466,177.8206,1062.3806,406.4821,6913.2,9,True,68,14,10,44,338734->338736->338735->338272->339089->339746->340118->339743->340334->339307->338934->338933->338631->339979->340332->338581->338269->338705->339116->339138->338582->338268->338583->587842->338768->338767->338254->339133->338229->338218->338219->342074->341600->342685->341607->344213->343102->341557->342643->341561->341562->341552->342644->613995->613994->613995->342640->341551->341538->613852->344181->342630->342628->341542->344210->342626->342633->646354->340708->341541->341539->563187->341540->340697->343457->341546->343780->342515->342812
rl_signal,od2_yangjae_yeongdong,long,peak,8.0,28,1288.0864,1020.413,267.6734,1173.3262,611.8775,7968.2,13,True,73,15,11,47,338734->338736->338735->338272->339089->338990->339743->340334->339307->338934->338933->338631->339979->340332->338581->338269->338705->339116->339138->338582->338268->339090->338156->339054->338139->562936->339292->339070->613767->338253->339069->339134->338230->646176->339098->342073->342687->341600->342685->341607->344213->343102->341557->342643->341561->341562->341552->342644->613995->613994->613995->342640->341551->341538->613852->344181->342630->342628->341542->344210->342626->342633->646354->340708->341541->341539->563187->341540->340697->343457->341546->343780->342515->342812
rl_signal,od2_yangjae_yeongdong,long,peak,8.0,29,1049.7313,890.204,159.5272,959.2665,364.6651,6791.9,9,True,66,12,9,45,338734->338736->338735->338272->339089->338990->339743->340334->339307->338934->338933->338631->339979->340332->338581->338269->338705->339116->339138->338582->338268->338583->587842->338768->338767->338254->339133->338229->340484->339098->342073->342687->341600->342685->341607->344213->343102->341557->342643->341561->341562->341552->342644->613995->342640->341551->341538->613852->344181->342630->342628->341542->344210->342626->342633->646354->340708->341541->341539->563187->341540->340697->343457->341546->343780->342515->342812
rl_signal,od2_yangjae_yeongdong,long,peak,8.0,30,1071.1134,888.7592,182.3542,1045.1561,416.8454,6849.8,8,True,68,15,10,43,338734->338275->340338->338734->338736->338735->338272->339089->338990->339743->340334->339307->338934->338933->338631->339979->340332->338581->338269->338705->339116->339138->338582->338268->338583->587842->338768->338767->338254->339133->338229->338218->338219->342074->341600->342685->341607->344213->343102->341557->342643->341561->341562->341552->342644->613995->342640->341551->341538->613852->344181->342630->342628->341542->344210->342626->342633->646354->340708->341541->341539->563187->341540->340697->343457->341546->343780->342515->342812
rl_signal,od3_segok_samsung,long,off_peak,7.0,1,904.4947,901.4325,3.0622,675.936,7.0,4864.8,1,False,200,159,10,31,340301->340215->340210->340209->340317->340316->340318->340317->340316->340318->340317->340316->340318->340317->340316->340318->340317->340316->340318->340317->340316->340318->340317->340316->340318->340317->340316->340318->340317->340316->340318->340317->340316->340318->340317->340316->340318->340317->340316->340318->340317->340209->340210->340215->340219->340215->340210->340209->340317->340316->340318->340317->340316->340318->340317->340316->340318->340317->340316->340318->340317->340316->340318->340317->340316->340218->340217->340218->340316->340318->340317->340316->340318->340317->340316->340318->340317->340316->340318->340317->340316->340318->340317->340316->340218->340216->340218->340217->340218->340316->340318->340317->340316->340318->340317->340316->340318->340317->340316->340318->340317->340316->340318->340317->340316->340318->340317->340316->340318->340317->340316->340318->340317->340316->340318->340317->340316->340318->340317->340316->340318->340317->340316->340318->340300->340298->340300->340318->340317->340316->340318->340317->340316->340318->340317->340316->340218->340216->340218->340316->340318->340317->340316->340318->340317->340316->340318->340317->340316->340318->340317->340316->340318->340317->340316->340318->340317->340316->340318->340317->340316->340318->340317->340316->340318->340317->340316->340318->340317->340316->340318->340317->340316->340318->340317->340316->340318->340317->340316->340318->340317->340316->340318->340317->340316->340318->340317->340316->340318->340317->340209->340210->340215->340219->340215->340210->340209->340317->340316->340318->340317
rl_signal,od3_segok_samsung,long,off_peak,7.0,2,886.3804,883.3182,3.0622,650.4009,7.0,4824.0,1,False,200,178,9,13,340301->340215->340210->340209->340317->340316->340318->340300->340298->340300->340318->340317->340316->340318->340317->340316->340318->340300->340298->340300->340318->340317->340316->340318->340317->340316->340318->340317->340316->340318->340317->340316->340318->340317->340316->340318->340317->340316->340318->340317->340316->340318->340317->340316->340318->340317->340316->340318->340317->340316->340318->340317->340316->340318->340317->340316->340318->340317->340316->340318->340317->340316->340318->340317->340316->340318->340317->340316->340318->340317->340316->340318->340317->340316->340318->340317->340316->340318->340317->340316->340318->340317->340316->340318->340317->340316->340318->340317->340316->340318->340317->340316->340318->340317->340316->340318->340317->340316->340318->340317->340316->340318->340317->340316->340318->340317->340316->340218->340216->340218->340316->340318->340300->340298->340300->340318->340317->340316->340318->340317->340316->340318->340317->340316->340318->340317->340316->340318->340317->340316->340318->340317->340316->340318->340317->340316->340318->340317->340316->340318->340317->340316->340318->340317->340316->340318->340317->340316->340318->340317->340316->340318->340317->340316->340318->340317->340316->340318->340317->340316->340318->340317->340316->340318->340317->340316->340318->340317->340316->340318->340317->340316->340318->340317->340316->340318->340317->340316->340318->340317->340316->340318->340317->340316->340318->340317->340316->340318->340317->340316->340318->340317->340316->340318->340317->340316->340318->340317->340316->340318->340317
rl_signal,od3_segok_samsung,long,off_peak,7.0,3,911.7768,908.7145,3.0622,718.0226,7.0,5166.8,1,False,200,166,9,25,340301->340215->340210->340209->340317->340316->340318->340317->340316->340318->340317->340316->340318->340317->340316->340318->340317->340316->340318->340317->340316->340318->340317->340316->340318->340317->340316->340318->340317->340316->340318->340317->340316->340318->340317->340316->340318->340317->340316->340318->340317->340316->340318->340317->340316->340218->340216->340218->340316->340318->340317->340316->340318->340317->340316->340318->340317->340316->340318->340317->340316->340318->340317->340316->340318->340317->340316->340318->340317->340316->340318->340317->340316->340318->340317->340316->340318->340317->340316->340318->340317->340316->340318->340317->340316->340218->340216->340218->340316->340318->340317->340316->340318->340317->340209->340210->340215->340208->340222->340220->340222->340208->340215->340210->340209->340317->340316->340318->340317->340316->340318->340317->340316->340318->340317->340316->340318->340317->340316->340318->340317->340316->340318->340317->340316->340318->340317->340316->340318->340317->340316->340318->340317->340316->340318->340317->340316->340318->340317->340316->340318->340317->340316->340318->340317->340316->340318->340317->340316->340318->340317->340316->340318->340317->340316->340318->340317->340316->340318->340317->340316->340318->340317->340316->340318->340317->340316->340318->340317->340316->340318->340317->340316->340318->340317->340316->340318->340300->340298->340300->340318->340316->340218->340216->340218->340316->340318->340317->340316->340318->340317->340316->340318->340317->340316->340318->340317->340316->340318->340317->340316
rl_signal,od3_segok_samsung,long,off_peak,7.0,4,839.9776,836.9154,3.0622,695.2312,7.0,4828.8,1,False,200,166,7,27,340301->340215->340210->340209->340317->340316->340318->340317->340316->340318->340317->340316->340318->340317->340316->340218->340216->340218->340316->340318->340317->340316->340318->340317->340209->340210->340215->340219->340215->340210->340209->340317->340316->340318->340317->340316->340318->340317->340316->340318->340317->340316->340318->340317->340316->340318->340317->340316->340318->340317->340316->340318->340317->340316->340318->340317->340316->340318->340317->340316->340318->340317->340316->340318->340317->340316->340318->340317->340316->340318->340317->340316->340318->340317->340316->340318->340317->340316->340318->340317->340316->340318->340317->340316->340318->340317->340316->340318->340317->340316->340318->340300->340299->340297->340299->340300->340318->340317->340316->340318->340317->340316->340318->340317->340316->340318->340317->340316->340318->340317->340316->340318->340317->340316->340318->340317->340316->340318->340317->340316->340318->340317->340316->340318->340317->340316->340318->340317->340316->340318->340317->340316->340318->340317->340316->340318->340317->340316->340318->340317->340316->340318->340317->340316->340318->340317->340316->340318->340317->340316->340318->340317->340316->340318->340317->340316->340318->340317->340316->340318->340317->340316->340318->340317->340209->340210->340215->340219->340215->340210->340209->340317->340316->340318->340317->340316->340318->340317->340316->340318->340317->340316->340318->340317->340316->340318->340317->340316->340318->340317->340316->340318->340317->340316->340318->340317->340316->340318->340317->340316->340318
rl_signal,od3_segok_samsung,long,off_peak,7.0,5,769.2266,766.1644,3.0622,647.4297,7.0,4503.0,1,False,200,177,6,17,340301->340215->340210->340209->340317->340316->340318->340317->340316->340318->340317->340316->340318->340317->340316->340318->340317->340316->340318->340317->340316->340318->340317->340316->340318->340317->340316->340318->340317->340316->340318->340317->340316->340318->340317->340316->340318->340317->340316->340318->340317->340316->340318->340317->340316->340318->340317->340316->340318->340317->340316->340318->340317->340316->340318->340317->340316->340318->340317->340316->340318->340317->340316->340318->340317->340316->340318->340317->340316->340318->340317->340316->340318->340317->340316->340318->340317->340316->340318->340317->340316->340318->340317->340316->340318->340317->340316->340218->340216->340218->340316->340318->340317->340316->340318->340317->340316->340318->340317->340316->340318->340317->340316->340318->340317->340316->340318->340317->340316->340318->340317->340316->340318->340317->340316->340318->340317->340316->340318->340317->340316->340318->340317->340316->340318->340317->340316->340318->340317->340316->340318->340317->340316->340318->340317->340316->340318->340317->340316->340318->340317->340316->340318->340317->340209->340210->340215->340219->340215->340210->340209->340317->340316->340318->340317->340316->340318->340317->340316->340318->340317->340316->340318->340317->340316->340318->340317->340316->340318->340300->340298->340300->340318->340317->340316->340318->340317->340316->340318->340317->340316->340318->340317->340316->340318->340317->340316->340318->340317->340316->340318->340317->340316->340318->340317->340316->340318->340317->340316->340318->340317
rl_signal,od3_segok_samsung,long,off_peak,7.0,6,839.8588,836.7965,3.0622,616.8938,7.0,4384.2,1,False,200,176,5,19,340301->340215->340210->340209->340317->340316->340318->340317->340316->340318->340317->340316->340318->340317->340316->340318->340317->340316->340318->340317->340316->340318->340317->340316->340318->340317->340316->340318->340317->340316->340318->340317->340316->340318->340317->340316->340318->340317->340316->340318->340317->340316->340318->340317->340209->340210->340215->340219->340215->340210->340209->340317->340316->340318->340317->340316->340318->340317->340316->340318->340317->340316->340318->340317->340316->340318->340317->340316->340318->340317->340316->340318->340317->340316->340318->340317->340316->340318->340317->340316->340318->340317->340316->340318->340317->340316->340318->340317->340316->340318->340317->340316->340318->340317->340316->340318->340317->340316->340318->340317->340316->340318->340317->340316->340318->340317->340316->340318->340317->340316->340318->340317->340316->340318->340317->340316->340318->340317->340316->340318->340317->340316->340318->340317->340316->340318->340317->340316->340318->340317->340316->340218->340216->340218->340316->340318->340317->340316->340318->340317->340316->340318->340317->340316->340318->340317->340316->340318->340317->340316->340318->340317->340316->340318->340317->340316->340318->340317->340316->340318->340317->340316->340318->340317->340316->340318->340317->340316->340318->340317->340316->340218->340216->340218->340316->340318->340317->340316->340318->340317->340316->340318->340317->340316->340318->340317->340316->340318->340317->340316->340318->340317->340316->340318->340317->340316->340318->340317->340316->340318->340317
rl_signal,od3_segok_samsung,long,off_peak,7.0,7,2369.6298,2038.6348,330.9949,1503.9721,756.6251,10795.0,16,False,200,24,68,108,340301->340392->340476->340477->340404->340406->340405->340407->340410->340436->340411->340437->340417->340416->562979->340413->340439->340414->340415->563050->563052->340237->587900->587899->587900->340237->338931->340027->613620->613748->339941->646276->646278->646277->646275->339942->339941->646275->646277->613750->613789->613788->338395->338612->613667->613666->338611->613788->338395->338612->613667->613666->338773->613628->338388->338390->613789->613788->338395->338612->613667->613666->338611->613788->338395->338612->613667->562953->562952->562953->613667->613666->338611->613788->338395->338612->613667->613666->338611->613788->338395->646249->646278->646277->646275->339941->646276->646278->646277->646275->339941->646276->646278->646277->646275->339941->646276->646278->646277->646275->339941->646276->646278->646277->646275->339941->646276->646278->646249->338395->338612->613667->562953->562952->562953->613667->613666->338611->613788->338395->338612->613667->613666->338611->613788->338395->338612->613667->613666->338611->613788->338395->338612->613667->562953->562952->562953->613667->613666->338611->613788->338395->338612->613667->613666->338611->613788->338395->338612->613667->613666->338611->613788->338395->338610->613750->646277->646275->339941->646276->646278->646277->646275->339941->646276->646278->646277->613750->613789->338390->338729->339957->338888->338892->340313->338732->338891->338890->338889->338387->338389->646225->646224->646225->338389->338387->338889->339955->338729->339957->338888->338892->338890->338891->646225->338389->338387->338889->339955->338729->338390
rl_signal,od3_segok_samsung,long,off_peak,7.0,8,913.6681,910.6059,3.0622,705.6514,7.0,5017.8,1,False,200,159,10,31,340301->340215->340210->340209->340317->340316->340318->340317->340316->340318->340317->340316->340318->340317->340316->340318->340317->340316->340218->340216->340218->340316->340318->340317->340316->340318->340317->340316->340318->340317->340316->340318->340317->340316->340318->340317->340316->340318->340317->340316->340318->340300->340298->340300->340318->340317->340316->340318->340317->340316->340318->340317->340316->340318->340317->340316->340318->340317->340316->340318->340317->340316->340318->340317->340316->340318->340317->340316->340318->340317->340316->340318->340317->340209->340210->340215->340219->340215->340210->340209->340317->340316->340318->340317->340316->340318->340300->340298->340300->340318->340317->340316->340318->340317->340316->340318->340317->340316->340318->340317->340316->340318->340317->340316->340318->340317->340316->340318->340317->340316->340318->340317->340316->340318->340317->340316->340318->340317->340316->340318->340317->340316->340318->340317->340316->340318->340317->340316->340318->340317->340316->340318->340317->340316->340318->340317->340316->340318->340317->340316->340318->340317->340316->340318->340317->340316->340318->340317->340316->340318->340317->340316->340318->340317->340316->340318->340317->340316->340318->340317->340316->340318->340317->340316->340318->340317->340209->340210->340215->340219->340215->340210->340209->340317->340316->340318->340317->340316->340318->340317->340316->340318->340317->340316->340318->340317->340316->340318->340317->340316->340318->340317->340316->340318->340317->340316->340218->340216->340218->340316->340318
rl_signal,od3_segok_samsung,long,off_peak,7.0,9,920.6218,917.5595,3.0622,734.789,7.0,5274.6,1,False,200,162,9,29,340301->340215->340210->340209->340317->340316->340318->340317->340316->340318->340317->340316->340318->340317->340316->340318->340317->340209->340210->340215->340208->340222->340220->340222->340208->340223->340208->340211->340212->646154->646113->340315->340299->340300->340318->340317->340316->340318->340317->340316->340318->340317->340316->340318->340317->340316->340318->340317->340316->340318->340317->340316->340318->340317->340316->340318->340317->340316->340318->340317->340316->340318->340317->340316->340318->340317->340316->340318->340317->340316->340318->340317->340316->340318->340317->340316->340318->340317->340316->340318->340317->340316->340318->340317->340316->340318->340317->340316->340318->340317->340316->340318->340317->340316->340318->340317->340316->340318->340317->340316->340318->340317->340316->340318->340317->340316->340318->340317->340316->340318->340317->340316->340318->340317->340316->340318->340317->340316->340318->340317->340316->340318->340317->340316->340318->340317->340316->340318->340317->340316->340318->340317->340316->340318->340317->340316->340318->340317->340316->340318->340317->340316->340318->340317->340316->340318->340317->340209->340210->340215->340219->340215->340210->340209->340317->340316->340318->340317->340316->340318->340317->340316->340318->340317->340316->340318->340317->340209->340210->340215->340219->340215->340210->340209->340317->340316->340318->340317->340316->340318->340317->340316->340318->340317->340316->340318->340317->340316->340318->340317->340316->340318->340317->340316->340318->340317->340316->340318->340317->340316->340318
rl_signal,od3_segok_samsung,long,off_peak,7.0,10,783.0225,779.9602,3.0622,662.4451,7.0,4712.6,1,False,200,177,6,17,340301->340215->340210->340209->340317->340316->340318->340317->340316->340318->340317->340316->340318->340300->340298->340300->340318->340317->340316->340318->340317->340316->340318->340317->340316->340318->340317->340316->340318->340317->340316->340318->340317->340316->340318->340317->340316->340318->340317->340316->340318->340317->340316->340318->340317->340316->340318->340317->340316->340318->340317->340316->340318->340317->340316->340318->340317->340316->340318->340317->340316->340318->340317->340316->340318->340317->340316->340318->340317->340316->340318->340317->340316->340318->340317->340316->340318->340317->340316->340318->340317->340316->340318->340317->340316->340318->340317->340316->340318->340317->340316->340318->340317->340316->340318->340317->340316->340318->340317->340316->340318->340317->340316->340318->340317->340316->340318->340317->340316->340318->340317->340316->340318->340317->340316->340318->340317->340316->340318->340317->340316->340318->340317->340316->340318->340317->340316->340218->340216->340218->340316->340318->340317->340316->340318->340317->340316->340318->340317->340316->340318->340317->340316->340318->340317->340316->340318->340317->340316->340318->340317->340316->340318->340317->340316->340318->340317->340316->340318->340317->340316->340318->340317->340316->340318->340317->340316->340318->340317->340316->340318->340317->340316->340318->340317->340316->340318->340317->340316->340318->340317->340316->340318->340317->340316->340318->340300->340298->340300->340318->340316->340218->340216->340218->340316->340318->340317->340316->340318->340317->340316
rl_signal,od3_segok_samsung,long,off_peak,7.0,11,941.6658,916.9784,24.6874,696.3865,56.4332,5023.6,2,False,200,170,8,22,340301->340215->340210->340209->340317->340316->340218->340216->340218->340316->340318->340317->340316->340318->340317->340316->340318->340317->340316->340318->340317->340209->340210->340215->340219->340215->340210->340209->340317->340316->340318->340317->340316->340318->340317->340316->340318->340317->340316->340318->340317->340316->340318->340317->340316->340318->340317->340316->340318->340317->340316->340318->340317->340316->340318->340317->340316->340318->340317->340316->340318->340317->340316->340318->340317->340316->340318->340317->340316->340318->340317->340316->340318->340317->340316->340318->340317->340316->340318->340317->340316->340318->340317->340316->340318->340317->340316->340318->340317->340316->340318->340317->340316->340318->340317->340316->340318->340317->340316->340318->340317->340316->340318->340317->340316->340318->340317->340316->340318->340317->340316->340318->340317->340316->340318->340317->340316->340318->340317->340316->340318->340317->340316->340318->340317->340209->340210->340215->340301->340393->340207->340222->340208->340215->340210->340209->340317->340316->340318->340317->340316->340318->340317->340316->340318->340317->340316->340318->340317->340316->340318->340317->340316->340318->340317->340316->340318->340317->340316->340318->340317->340316->340318->340317->340316->340318->340317->340316->340318->340317->340316->340318->340317->340316->340318->340317->340316->340318->340317->340316->340318->340317->340316->340318->340317->340316->340318->340317->340316->340318->340317->340316->340318->340317->340316->340318->340317->340316->340318->340317->340316
rl_signal,od3_segok_samsung,long,off_peak,7.0,12,963.3013,960.2391,3.0622,871.8423,7.0,5898.4,1,False,200,158,17,25,340301->340215->340210->340209->340317->340316->340318->340317->340316->340318->340317->340316->340318->340317->340316->340318->340317->340316->340318->340300->340298->340300->340318->340317->340316->340318->340317->340316->340318->340317->340316->340318->340317->340316->340318->340317->340316->340218->340216->340218->340316->340318->340317->340316->340318->340300->340298->340300->340318->340317->340316->340318->340317->340316->340318->340317->340316->340318->340300->340298->340300->340318->340317->340316->340318->340317->340316->340318->340317->340316->340318->340317->340316->340318->340317->340316->340318->340317->340316->340318->340317->340316->340318->340317->340316->340318->340317->340316->340318->340317->340316->340318->340317->340316->340318->340317->340316->340318->340317->340316->340318->340317->340316->340318->340317->340316->340318->340317->340316->340318->340317->340316->340318->340317->340316->340318->340317->340316->340318->340317->340316->340318->340317->340316->340318->340317->340316->340318->340317->340316->340318->340317->340316->340318->340317->340316->340318->340300->340298->340300->340318->340317->340316->340318->340317->340316->340318->340317->340316->340318->340317->340316->340318->340317->340316->340318->340317->340316->340318->340300->340298->340300->340318->340317->340209->340210->340215->340219->340215->340208->340222->340220->340222->340208->340215->340210->340209->340317->340316->340318->340317->340316->340318->340317->340316->340318->340317->340316->340318->340317->340316->340318->340317->340316->340318->340317->340316->340318->340317->340316->340218
rl_signal,od3_segok_samsung,long,off_peak,7.0,13,844.034,840.9718,3.0622,636.5847,7.0,4693.0,1,False,200,164,7,29,340301->340215->340210->340209->340317->340316->340318->340317->340316->340318->340317->340316->340318->340317->340316->340318->340317->340316->340318->340317->340316->340318->340317->340316->340318->340317->340316->340318->340317->340316->340318->340317->340316->340318->340317->340316->340318->340317->340316->340318->340317->340316->340318->340317->340316->340318->340317->340316->340318->340317->340316->340318->340317->340316->340318->340317->340316->340318->340317->340316->340318->340300->340298->340300->340318->340317->340316->340318->340317->340316->340318->340317->340316->340318->340317->340316->340318->340317->340316->340318->340317->340316->340318->340317->340316->340318->340317->340316->340318->340317->340316->340318->340317->340316->340318->340317->340316->340318->340317->340209->340210->340215->340219->340215->340210->340209->340317->340316->340318->340317->340316->340318->340317->340316->340318->340317->340316->340318->340317->340316->340318->340317->340316->340318->340317->340316->340318->340317->340316->340318->340317->340316->340318->340317->340209->340210->340215->340219->340215->340210->340209->340317->340316->340318->340317->340316->340318->340317->340316->340318->340317->340316->340318->340317->340316->340318->340317->340316->340318->340317->340209->340210->340215->340219->340215->340210->340209->340317->340316->340318->340317->340316->340318->340317->340316->340318->340317->340316->340318->340317->340316->340318->340317->340316->340318->340317->340316->340318->340317->340316->340318->340317->340316->340318->340317->340316->340318->340317->340316->340318->340317
rl_signal,od3_segok_samsung,long,off_peak,7.0,14,2349.1647,2015.898,333.2668,1249.6647,761.8183,8981.2,13,False,200,10,133,57,340301->340392->340476->340477->340404->340406->340405->340407->340410->340436->340411->340437->340417->340416->562979->340413->340439->340414->340415->563050->563052->340237->587900->587899->587900->340237->338931->340027->613620->613748->339941->646276->646278->646277->646275->339941->646276->646278->646249->338395->338612->613667->613666->338611->613788->338395->338612->613667->613666->338611->613788->338395->646249->646278->646277->646275->339941->646276->646278->646249->338395->338612->613667->562953->562952->562953->613667->338612->338395->646249->646278->646277->646275->339941->646276->338392->339694->339693->339694->339156->645988->645961->339157->340262->340261->339157->340262->340261->339157->340262->340261->339157->340262->340261->339157->340262->340261->339157->340262->340261->339157->340262->340261->339157->340262->340261->339157->340262->340261->339157->340262->340261->339157->645961->645962->645961->339157->340262->340261->339157->340262->340261->339157->340262->340261->339157->340262->340261->339157->340262->340261->339157->340262->340261->339157->340262->340261->339157->340262->340261->339157->340262->340261->339157->340262->340261->339157->340262->340261->339157->340262->340261->339157->340262->340261->339157->340262->340261->339157->340262->340261->339157->340262->340261->339157->340262->340261->339157->340262->340261->339157->340262->340261->339157->340262->340261->339157->340262->340261->339157->340262->340261->339157->340262->340261->339157->340262->340261->339157->340262->340261->339157->340262->340261->339157->340262->340261->339157->340262->340261->339157
rl_signal,od3_segok_samsung,long,off_peak,7.0,15,950.47,947.4078,3.0622,714.7214,7.0,5336.4,1,False,200,147,10,43,340301->340215->340210->340209->340317->340318->340316->340218->340216->340218->340316->340318->340317->340316->340318->340317->340316->340318->340317->340209->340210->340215->340219->340215->340210->340209->340317->340316->340318->340317->340316->340318->340317->340316->340318->340317->340316->340318->340317->340316->340318->340317->340209->340210->340215->340219->340215->340210->340209->340317->340316->340318->340317->340316->340318->340317->340316->340318->340317->340316->340318->340300->340299->340297->340299->340300->340318->340317->340316->340318->340317->340316->340318->340317->340316->340318->340317->340316->340318->340300->340298->340300->340318->340317->340316->340318->340317->340316->340318->340317->340316->340318->340317->340316->340318->340317->340316->340318->340317->340316->340318->340317->340316->340318->340317->340316->340318->340317->340316->340318->340317->340316->340318->340317->340316->340318->340317->340316->340318->340317->340316->340318->340317->340316->340318->340317->340316->340318->340317->340316->340318->340317->340316->340318->340317->340316->340318->340317->340316->340318->340317->340316->340318->340317->340316->340318->340317->340316->340318->340317->340316->340318->340317->340316->340318->340317->340316->340318->340317->340316->340318->340317->340316->340318->340317->340316->340318->340317->340316->340318->340317->340316->340318->340317->340316->340318->340317->340316->340318->340317->340316->340218->340216->340218->340316->340318->340317->340316->340318->340317->340209->340210->340215->340219->340215->340210->340209->340317->340316->340318->340317
rl_signal,od3_segok_samsung,long,off_peak,7.0,16,766.1429,763.0806,3.0622,643.0502,7.0,4384.2,1,False,200,176,5,19,340301->340215->340210->340209->340317->340316->340318->340317->340316->340318->340317->340316->340318->340317->340316->340318->340317->340316->340318->340317->340316->340318->340317->340316->340318->340317->340316->340318->340317->340316->340318->340317->340316->340318->340317->340316->340318->340317->340316->340318->340317->340316->340318->340317->340316->340318->340317->340316->340318->340317->340316->340318->340317->340316->340318->340317->340316->340318->340317->340316->340318->340317->340316->340318->340317->340316->340318->340317->340316->340318->340317->340316->340318->340317->340316->340318->340317->340316->340318->340317->340316->340318->340317->340316->340318->340317->340316->340218->340216->340218->340316->340318->340317->340316->340318->340317->340316->340318->340317->340316->340318->340317->340316->340318->340317->340316->340318->340317->340316->340318->340317->340316->340318->340317->340316->340318->340317->340316->340318->340317->340316->340318->340317->340316->340318->340317->340316->340318->340317->340316->340318->340317->340316->340318->340317->340316->340218->340216->340218->340316->340318->340317->340316->340318->340317->340316->340318->340317->340316->340318->340317->340316->340318->340317->340316->340318->340317->340316->340318->340317->340316->340318->340317->340316->340318->340317->340209->340210->340215->340219->340215->340210->340209->340317->340316->340318->340317->340316->340318->340317->340316->340318->340317->340316->340318->340317->340316->340318->340317->340316->340318->340317->340316->340318->340317->340316->340318->340317->340316->340318->340317
rl_signal,od3_segok_samsung,long,off_peak,7.0,17,798.9393,795.8771,3.0622,649.8474,7.0,4696.8,1,False,200,158,7,35,340301->340215->340210->340209->340317->340316->340318->340317->340316->340318->340317->340316->340318->340317->340316->340318->340317->340316->340318->340317->340316->340318->340317->340316->340318->340317->340316->340318->340317->340316->340318->340317->340209->340210->340215->340219->340215->340210->340209->340317->340316->340218->340216->340218->340316->340318->340317->340316->340318->340317->340316->340318->340317->340316->340318->340317->340316->340318->340317->340316->340318->340317->340316->340318->340317->340316->340318->340317->340316->340318->340317->340316->340318->340317->340316->340318->340317->340316->340318->340317->340316->340318->340317->340316->340318->340317->340316->340318->340317->340316->340318->340317->340316->340318->340317->340316->340318->340317->340316->340318->340317->340209->340210->340215->340219->340215->340210->340209->340317->340316->340318->340317->340316->340318->340317->340316->340318->340317->340316->340318->340317->340316->340318->340317->340316->340318->340317->340316->340318->340317->340316->340318->340317->340316->340318->340317->340316->340318->340317->340316->340218->340216->340218->340316->340318->340317->340316->340318->340317->340316->340318->340317->340316->340318->340317->340316->340318->340317->340316->340318->340317->340316->340318->340317->340209->340210->340215->340219->340215->340210->340209->340317->340316->340318->340317->340316->340318->340317->340316->340318->340317->340316->340318->340317->340316->340318->340317->340316->340318->340317->340316->340318->340317->340316->340318->340317->340316->340318->340317->340316->340318
rl_signal,od3_segok_samsung,long,off_peak,7.0,18,822.9333,819.8711,3.0622,638.9065,7.0,4503.0,1,False,200,177,6,17,340301->340215->340210->340209->340317->340316->340318->340317->340316->340318->340317->340316->340318->340317->340316->340318->340317->340316->340318->340317->340316->340318->340317->340316->340318->340317->340316->340318->340317->340316->340318->340317->340316->340218->340216->340218->340316->340318->340317->340316->340318->340317->340316->340318->340317->340316->340318->340317->340316->340318->340317->340316->340318->340317->340316->340318->340317->340316->340318->340317->340316->340318->340317->340316->340318->340317->340316->340318->340317->340316->340318->340317->340316->340318->340317->340316->340318->340317->340316->340318->340317->340316->340318->340317->340316->340318->340317->340316->340318->340317->340316->340318->340317->340316->340318->340317->340316->340318->340317->340316->340318->340317->340316->340318->340317->340316->340318->340317->340316->340318->340317->340316->340318->340317->340316->340318->340317->340209->340210->340215->340219->340215->340210->340209->340317->340316->340318->340317->340316->340318->340317->340316->340318->340317->340316->340318->340317->340316->340318->340317->340316->340318->340317->340316->340318->340317->340316->340318->340317->340316->340318->340317->340316->340318->340317->340316->340318->340317->340316->340318->340317->340316->340318->340317->340316->340318->340317->340316->340318->340317->340316->340318->340317->340316->340318->340300->340298->340300->340318->340317->340316->340318->340317->340316->340318->340317->340316->340318->340317->340316->340318->340317->340316->340318->340317->340316->340318->340317->340316->340318->340317
rl_signal,od3_segok_samsung,long,off_peak,7.0,19,784.3108,781.2486,3.0622,618.5162,7.0,4455.2,1,False,200,168,5,27,340301->340215->340210->340209->340317->340316->340318->340317->340316->340318->340317->340209->340210->340215->340219->340215->340210->340209->340317->340316->340318->340317->340316->340318->340317->340316->340318->340317->340316->340318->340317->340316->340318->340317->340316->340318->340317->340316->340318->340317->340316->340318->340317->340316->340318->340317->340316->340318->340317->340316->340318->340317->340316->340318->340317->340316->340318->340317->340316->340318->340317->340316->340318->340317->340316->340318->340317->340316->340318->340317->340316->340318->340317->340316->340318->340317->340316->340318->340317->340316->340318->340317->340316->340318->340317->340209->340210->340215->340219->340215->340210->340209->340317->340316->340318->340317->340316->340318->340317->340316->340318->340317->340316->340318->340317->340316->340318->340317->340316->340318->340317->340316->340318->340317->340316->340318->340317->340316->340318->340317->340316->340318->340317->340209->340210->340215->340219->340215->340210->340209->340317->340316->340318->340317->340316->340318->340317->340316->340318->340317->340316->340318->340317->340316->340318->340317->340316->340318->340317->340316->340318->340317->340316->340318->340317->340316->340318->340317->340316->340318->340317->340316->340318->340317->340316->340318->340317->340316->340318->340317->340316->340318->340317->340316->340318->340317->340316->340318->340317->340316->340318->340317->340316->340318->340317->340316->340318->340317->340316->340318->340317->340316->340318->340317->340316->340318->340317->340316->340318->340317->340316
rl_signal,od3_segok_samsung,long,off_peak,7.0,20,840.072,837.0097,3.0622,680.0672,7.0,5017.8,1,False,200,159,10,31,340301->340215->340210->340209->340317->340316->340318->340317->340316->340318->340317->340316->340318->340317->340316->340318->340317->340316->340318->340317->340316->340318->340317->340316->340318->340317->340316->340318->340317->340316->340218->340216->340218->340316->340318->340317->340316->340318->340317->340316->340318->340317->340316->340318->340317->340316->340318->340317->340316->340318->340317->340316->340318->340317->340316->340318->340317->340316->340318->340317->340316->340318->340317->340316->340318->340317->340316->340318->340317->340316->340318->340317->340316->340318->340317->340316->340318->340317->340316->340318->340317->340316->340318->340317->340316->340318->340317->340316->340318->340300->340298->340300->340318->340317->340316->340318->340317->340316->340318->340317->340316->340218->340216->340218->340316->340318->340317->340316->340318->340317->340316->340318->340317->340209->340210->340215->340219->340215->340210->340209->340317->340316->340318->340317->340316->340318->340317->340209->340210->340215->340219->340215->340210->340209->340317->340316->340318->340317->340316->340318->340317->340316->340318->340317->340316->340318->340317->340316->340318->340317->340316->340318->340317->340316->340318->340317->340316->340318->340317->340316->340318->340317->340316->340318->340300->340298->340300->340318->340317->340316->340318->340317->340316->340318->340317->340316->340318->340317->340316->340318->340317->340316->340318->340317->340316->340318->340317->340316->340318->340317->340316->340318->340317->340316->340318->340317->340316->340318->340317->340316->340318
rl_signal,od3_segok_samsung,long,off_peak,7.0,21,800.9348,797.8726,3.0622,656.799,7.0,4605.4,1,False,200,176,7,17,340301->340215->340210->340209->340317->340316->340318->340317->340316->340318->340317->340316->340318->340317->340316->340318->340317->340316->340318->340317->340316->340318->340317->340316->340318->340317->340316->340318->340317->340316->340318->340317->340316->340318->340317->340316->340318->340317->340316->340318->340317->340316->340318->340317->340316->340318->340317->340316->340218->340216->340218->340316->340318->340317->340316->340318->340317->340316->340318->340317->340316->340318->340317->340316->340318->340317->340316->340318->340317->340316->340218->340216->340218->340316->340318->340317->340316->340318->340317->340316->340318->340300->340298->340300->340318->340317->340316->340318->340317->340316->340318->340317->340316->340318->340317->340316->340318->340317->340316->340318->340317->340316->340318->340317->340316->340318->340317->340316->340318->340317->340316->340318->340317->340316->340318->340317->340316->340318->340317->340316->340318->340317->340316->340218->340216->340218->340217->340218->340316->340318->340317->340316->340318->340317->340316->340318->340317->340316->340318->340317->340316->340318->340317->340316->340318->340317->340316->340318->340317->340316->340318->340317->340316->340318->340317->340316->340318->340317->340316->340318->340317->340316->340318->340317->340316->340318->340317->340316->340318->340317->340316->340318->340317->340316->340318->340317->340316->340318->340317->340316->340318->340317->340316->340318->340317->340316->340318->340317->340316->340318->340317->340316->340318->340317->340316->340318->340317->340316->340318->340317->340316
rl_signal,od3_segok_samsung,long,off_peak,7.0,22,2222.6524,1770.4664,452.186,1282.5042,1033.657,10133.3,13,False,200,62,76,62,340301->340456->340502->340560->646141->587890->587847->587890->587891->587906->646042->338516->338862->338520->338865->338515->339995->338518->338863->338520->338865->338515->339995->338518->338516->338517->338514->338864->338520->338865->338515->339995->338518->338516->338517->338514->338864->338520->338862->338516->338517->338514->338864->338520->338863->338518->339995->338515->338514->338517->338516->338862->338520->338865->338515->338514->338517->338516->338862->338520->338864->338514->338515->338865->338520->338863->338518->339995->338515->338865->338520->338862->338516->338517->338514->338864->338520->338865->338515->338514->338864->338520->338865->338515->339995->338518->338516->338517->340207->340222->340220->340222->340208->340215->340210->340209->340317->340316->340318->340317->340316->340318->340317->340316->340318->340317->340316->340318->340317->340316->340318->340317->340316->340318->340317->340316->340318->340317->340316->340318->340317->340316->340318->340317->340209->340210->340215->340219->340215->340210->340209->340317->340316->340318->340317->340316->340318->340317->340316->340318->340300->340298->340300->340318->340316->340317->340318->340316->340317->340318->340316->340317->340318->340316->340317->340318->340316->340317->340318->340316->340317->340318->340316->340317->340318->340316->340317->340318->340316->340317->340318->340316->340317->340318->340316->340317->340318->340316->340317->340318->340316->340317->340318->340316->340317->340318->340316->340218->340216->340218->340316->340317->340318->340316->340317->340318->340316->340317->340318->340316->340317
rl_signal,od3_segok_samsung,long,off_peak,7.0,23,878.2138,875.1516,3.0622,701.7301,7.0,5180.6,1,False,200,149,8,43,340301->340215->340219->340215->340210->340209->340317->340316->340318->340317->340316->340318->340317->340209->340210->340215->340219->340215->340210->340209->340317->340316->340318->340317->340316->340318->340317->340316->340318->340317->340316->340318->340317->340316->340318->340317->340316->340318->340317->340316->340318->340317->340316->340318->340317->340316->340318->340317->340316->340318->340317->340316->340218->340216->340218->340316->340318->340317->340316->340318->340317->340316->340318->340317->340316->340318->340317->340316->340318->340317->340316->340318->340317->340316->340318->340317->340316->340318->340300->340298->340300->340318->340316->340218->340216->340218->340316->340318->340317->340316->340318->340317->340316->340318->340317->340316->340318->340300->340298->340300->340318->340317->340316->340318->340317->340316->340318->340317->340316->340318->340317->340316->340318->340317->340316->340318->340317->340316->340318->340317->340316->340318->340317->340316->340318->340317->340316->340318->340317->340316->340318->340317->340209->340210->340215->340219->340215->340210->340209->340317->340316->340318->340317->340316->340318->340317->340316->340318->340317->340316->340318->340317->340316->340318->340317->340316->340318->340317->340316->340318->340317->340316->340318->340317->340316->340318->340317->340316->340318->340317->340316->340318->340317->340316->340318->340317->340316->340318->340317->340316->340318->340317->340316->340318->340317->340316->340318->340317->340209->340210->340215->340219->340215->340210->340209->340317->340316->340318->340317->340316->340318
rl_signal,od3_segok_samsung,long,off_peak,7.0,24,781.7122,778.6499,3.0622,635.8707,7.0,4467.4,1,False,200,181,6,13,340301->340215->340210->340209->340317->340316->340318->340317->340316->340318->340317->340316->340318->340317->340316->340318->340317->340316->340318->340317->340316->340318->340317->340316->340318->340317->340316->340218->340216->340218->340316->340318->340317->340316->340318->340317->340316->340318->340317->340316->340318->340317->340316->340318->340317->340316->340318->340317->340316->340318->340317->340316->340318->340317->340316->340318->340317->340316->340318->340317->340316->340318->340317->340316->340318->340317->340316->340318->340317->340316->340318->340317->340316->340318->340317->340316->340318->340317->340316->340318->340317->340316->340318->340317->340316->340318->340317->340316->340318->340317->340316->340318->340317->340316->340318->340317->340316->340318->340317->340316->340318->340317->340316->340318->340317->340316->340318->340317->340316->340318->340317->340316->340318->340317->340316->340218->340216->340218->340316->340318->340317->340316->340318->340317->340316->340318->340317->340316->340318->340317->340316->340318->340300->340298->340300->340318->340317->340316->340318->340317->340316->340318->340317->340316->340318->340317->340316->340318->340317->340316->340318->340317->340316->340318->340317->340316->340318->340317->340316->340318->340317->340316->340318->340317->340316->340318->340317->340316->340318->340317->340316->340318->340317->340316->340318->340317->340316->340318->340317->340316->340318->340317->340316->340318->340317->340316->340318->340317->340316->340318->340317->340316->340318->340317->340316->340318->340317->340316->340318->340317->340316
rl_signal,od3_segok_samsung,long,off_peak,7.0,25,766.0515,762.9893,3.0622,640.2451,7.0,4503.0,1,False,200,177,6,17,340301->340215->340210->340209->340317->340316->340318->340317->340316->340318->340317->340316->340318->340317->340316->340318->340317->340316->340318->340317->340316->340318->340317->340316->340318->340317->340316->340318->340317->340316->340318->340317->340316->340318->340317->340209->340210->340215->340219->340215->340210->340209->340317->340316->340318->340317->340316->340318->340317->340316->340318->340317->340316->340318->340317->340316->340318->340317->340316->340318->340317->340316->340318->340317->340316->340318->340317->340316->340318->340317->340316->340318->340317->340316->340318->340317->340316->340318->340317->340316->340318->340317->340316->340318->340317->340316->340318->340317->340316->340318->340317->340316->340318->340317->340316->340318->340317->340316->340318->340317->340316->340318->340317->340316->340318->340317->340316->340318->340317->340316->340318->340317->340316->340318->340317->340316->340318->340317->340316->340318->340317->340316->340318->340317->340316->340318->340317->340316->340318->340317->340316->340318->340317->340316->340318->340317->340316->340218->340216->340218->340316->340318->340317->340316->340318->340317->340316->340318->340317->340316->340318->340317->340316->340318->340317->340316->340318->340317->340316->340318->340317->340316->340318->340317->340316->340318->340317->340316->340318->340317->340316->340318->340317->340316->340318->340300->340298->340300->340318->340317->340316->340318->340317->340316->340318->340317->340316->340318->340317->340316->340318->340317->340316->340318->340317->340316->340318->340317->340316->340318->340317
rl_signal,od3_segok_samsung,long,off_peak,7.0,26,683.106,680.0438,3.0622,596.9831,7.0,4300.8,1,False,200,177,4,19,340301->340215->340210->340209->340317->340316->340318->340317->340316->340318->340317->340316->340318->340317->340316->340318->340317->340316->340318->340317->340316->340318->340317->340316->340318->340317->340316->340318->340317->340316->340318->340317->340316->340318->340317->340316->340318->340317->340316->340318->340317->340316->340318->340317->340316->340318->340317->340316->340318->340317->340316->340318->340317->340316->340318->340317->340316->340318->340317->340316->340318->340317->340316->340318->340317->340316->340318->340317->340316->340318->340317->340316->340318->340317->340316->340318->340317->340316->340318->340317->340316->340318->340317->340316->340318->340317->340209->340210->340215->340219->340215->340210->340209->340317->340316->340318->340317->340316->340318->340317->340316->340318->340317->340316->340318->340317->340316->340318->340317->340316->340318->340317->340316->340318->340317->340316->340318->340317->340316->340318->340317->340316->340318->340317->340209->340210->340215->340219->340215->340210->340209->340317->340316->340318->340317->340316->340318->340317->340316->340318->340317->340316->340318->340317->340316->340318->340317->340316->340318->340317->340316->340318->340317->340316->340318->340317->340316->340318->340317->340316->340318->340317->340316->340318->340317->340316->340318->340317->340316->340318->340317->340316->340318->340317->340316->340318->340317->340316->340318->340317->340316->340318->340317->340316->340318->340317->340316->340318->340317->340316->340318->340317->340316->340318->340317->340316->340318->340317->340316->340318->340317
rl_signal,od3_segok_samsung,long,off_peak,7.0,27,844.6515,841.5893,3.0622,621.3608,7.0,4467.4,1,False,200,182,6,12,340301->340215->340210->340209->340317->340316->340318->340317->340316->340318->340317->340316->340318->340317->340316->340318->340317->340316->340318->340317->340316->340318->340317->340316->340318->340317->340316->340318->340317->340316->340318->340317->340316->340318->340317->340316->340318->340317->340316->340318->340317->340316->340318->340317->340316->340318->340317->340316->340318->340317->340316->340318->340317->340316->340318->340317->340316->340318->340317->340316->340318->340317->340316->340318->340317->340316->340318->340317->340316->340318->340300->340298->340300->340318->340317->340316->340218->340216->340218->340316->340318->340317->340316->340318->340317->340316->340318->340317->340316->340318->340317->340316->340318->340317->340316->340318->340317->340316->340318->340317->340316->340318->340317->340316->340318->340317->340316->340318->340317->340316->340318->340317->340316->340318->340317->340316->340318->340317->340316->340318->340317->340316->340318->340317->340316->340318->340317->340316->340318->340317->340316->340318->340317->340316->340318->340317->340316->340318->340317->340316->340318->340317->340316->340318->340317->340316->340318->340317->340316->340318->340317->340316->340318->340317->340316->340318->340317->340316->340318->340317->340316->340318->340317->340316->340318->340317->340316->340318->340317->340316->340318->340317->340316->340318->340317->340316->340318->340317->340316->340318->340317->340316->340318->340317->340316->340318->340317->340316->340318->340317->340316->340318->340317->340316->340318->340317->340316->340218->340216->340218->340316
rl_signal,od3_segok_samsung,long,off_peak,7.0,28,902.0043,898.942,3.0622,708.7576,7.0,5081.0,1,False,200,157,9,34,340301->340215->340210->340209->340317->340316->340318->340317->340316->340318->340317->340316->340318->340317->340316->340318->340317->340316->340318->340317->340316->340318->340317->340316->340318->340317->340316->340318->340317->340316->340318->340317->340316->340318->340317->340316->340318->340300->340298->340300->340318->340316->340218->340216->340218->340316->340318->340317->340316->340218->340216->340218->340316->340318->340317->340316->340318->340317->340316->340318->340317->340316->340318->340317->340316->340318->340317->340316->340318->340317->340316->340318->340317->340316->340318->340317->340316->340318->340317->340316->340318->340317->340316->340318->340300->340298->340300->340318->340317->340316->340318->340317->340316->340318->340317->340316->340318->340317->340209->340210->340215->340219->340215->340210->340209->340317->340316->340318->340317->340316->340318->340317->340316->340318->340317->340316->340318->340317->340316->340318->340317->340316->340318->340317->340316->340318->340317->340316->340318->340317->340316->340318->340317->340209->340210->340215->340219->340215->340210->340209->340317->340316->340318->340317->340316->340318->340317->340316->340318->340317->340316->340318->340317->340316->340318->340317->340316->340318->340317->340316->340318->340317->340316->340318->340317->340316->340318->340317->340316->340318->340317->340316->340318->340317->340316->340318->340317->340316->340318->340317->340316->340318->340317->340316->340318->340317->340316->340318->340317->340316->340318->340317->340316->340318->340317->340316->340318->340317->340316->340218->340216
rl_signal,od3_segok_samsung,long,off_peak,7.0,29,1325.1518,1123.3327,201.819,902.7014,461.3404,7019.6,8,False,200,156,12,32,340301->340215->340210->340209->340317->340316->340318->340317->340316->340318->340317->340316->340318->340317->340316->340318->340317->340316->340318->340317->340316->340318->340317->340316->340318->340317->340316->340318->340317->340316->340318->340317->340316->340318->340317->340316->340218->340216->340218->340316->340318->340317->340209->340210->340215->340301->340393->340207->338517->338514->338864->338520->338865->338515->339995->338518->338516->338862->338520->338865->338515->339995->338518->338863->338520->338865->338515->339995->338518->338863->338520->338862->338516->338517->338514->338515->339995->338518->338863->338520->338862->338516->338517->340207->340393->340301->340215->340210->340209->340317->340316->340318->340317->340316->340318->340317->340316->340318->340317->340316->340318->340317->340316->340318->340317->340316->340318->340317->340316->340318->340317->340316->340318->340317->340316->340318->340317->340316->340318->340317->340316->340318->340317->340316->340318->340317->340316->340318->340317->340316->340318->340317->340316->340318->340317->340316->340318->340317->340316->340318->340317->340316->340318->340317->340316->340318->340317->340316->340318->340317->340316->340318->340317->340316->340318->340317->340316->340318->340317->340316->340318->340317->340316->340318->340317->340316->340318->340317->340316->340318->340317->340316->340318->340317->340316->340318->340317->340316->340318->340317->340316->340318->340317->340316->340318->340317->340316->340318->340317->340316->340318->340317->340316->340318->340317->340316->340318->340317->340316->340318->340317
rl_signal,od3_segok_samsung,long,off_peak,7.0,30,754.1558,751.0935,3.0622,657.759,7.0,4625.6,1,False,200,172,7,21,340301->340215->340210->340209->340317->340316->340318->340317->340316->340318->340317->340316->340318->340317->340316->340318->340317->340316->340318->340317->340316->340318->340317->340316->340218->340216->340218->340316->340318->340317->340316->340318->340317->340316->340218->340216->340218->340316->340318->340317->340316->340318->340317->340316->340318->340317->340316->340318->340317->340316->340318->340317->340316->340318->340317->340316->340318->340317->340316->340318->340317->340316->340318->340317->340316->340318->340317->340316->340318->340317->340316->340318->340300->340298->340300->340318->340317->340316->340318->340317->340316->340318->340317->340316->340318->340317->340316->340318->340317->340316->340318->340317->340316->340318->340317->340316->340318->340317->340316->340318->340317->340316->340318->340317->340316->340318->340317->340316->340318->340317->340316->340318->340317->340316->340318->340317->340316->340318->340317->340316->340318->340317->340316->340318->340317->340316->340318->340317->340316->340318->340317->340316->340318->340317->340316->340318->340317->340316->340318->340317->340316->340318->340317->340316->340318->340317->340316->340318->340317->340316->340318->340317->340316->340318->340317->340316->340318->340317->340316->340318->340317->340316->340318->340317->340316->340318->340317->340316->340318->340317->340316->340318->340317->340316->340318->340317->340209->340210->340215->340219->340215->340210->340209->340317->340316->340318->340317->340316->340318->340317->340316->340318->340317->340316->340318->340317->340316->340318->340317->340316->340318
rl_signal,od3_segok_samsung,long,peak,8.0,1,710.7411,681.4311,29.31,641.3082,67.0,4692.0,1,False,200,173,8,19,340301->340215->340219->340215->340210->340209->340317->340316->340318->340317->340316->340318->340317->340316->340318->340317->340316->340318->340317->340316->340318->340317->340316->340318->340317->340316->340318->340317->340316->340318->340317->340316->340318->340317->340316->340318->340317->340316->340318->340317->340316->340318->340317->340316->340318->340317->340316->340318->340317->340316->340318->340317->340316->340318->340317->340316->340318->340317->340316->340318->340317->340316->340318->340317->340316->340318->340317->340316->340318->340317->340316->340318->340317->340316->340318->340317->340316->340318->340317->340316->340318->340317->340316->340318->340317->340316->340318->340317->340316->340318->340317->340316->340318->340317->340316->340318->340317->340316->340318->340317->340316->340318->340317->340316->340318->340317->340316->340318->340317->340316->340318->340317->340316->340318->340317->340316->340318->340317->340316->340318->340317->340316->340318->340317->340316->340318->340317->340316->340318->340317->340316->340318->340317->340316->340318->340317->340316->340318->340317->340316->340318->340300->340298->340300->340318->340317->340316->340318->340317->340316->340318->340317->340316->340318->340317->340316->340318->340317->340316->340318->340317->340316->340318->340317->340316->340318->340317->340316->340318->340300->340298->340300->340318->340317->340316->340318->340317->340316->340318->340317->340316->340318->340317->340316->340218->340217->340218->340316->340318->340317->340209->340210->340215->340219->340215->340210->340209->340317->340316->340318->340317
rl_signal,od3_segok_samsung,long,peak,8.0,2,795.0255,765.7155,29.31,664.0576,67.0,4666.2,1,False,200,168,8,24,340301->340215->340210->340209->340317->340318->340316->340218->340216->340218->340316->340318->340317->340316->340318->340317->340316->340218->340216->340218->340316->340318->340317->340316->340318->340317->340316->340318->340317->340316->340318->340317->340316->340318->340317->340316->340318->340317->340316->340318->340317->340316->340318->340317->340316->340318->340317->340316->340318->340317->340316->340318->340317->340316->340318->340317->340316->340318->340317->340316->340318->340317->340316->340318->340317->340316->340318->340317->340316->340318->340317->340316->340318->340317->340316->340318->340317->340316->340318->340317->340316->340318->340317->340316->340318->340317->340209->340210->340215->340219->340215->340210->340209->340317->340316->340318->340317->340316->340318->340317->340316->340318->340317->340316->340318->340317->340316->340318->340317->340316->340318->340317->340316->340318->340317->340316->340318->340317->340316->340318->340300->340298->340300->340318->340317->340316->340318->340317->340316->340318->340317->340316->340318->340317->340316->340318->340317->340316->340318->340317->340316->340318->340317->340316->340318->340317->340316->340318->340317->340316->340318->340317->340316->340318->340317->340316->340318->340317->340316->340318->340317->340316->340318->340317->340316->340318->340317->340316->340318->340317->340316->340318->340317->340316->340318->340317->340316->340318->340317->340316->340318->340317->340316->340318->340317->340316->340318->340317->340316->340318->340317->340316->340318->340317->340316->340318->340317->340316->340218->340217->340218
rl_signal,od3_segok_samsung,long,peak,8.0,3,690.763,661.4531,29.31,644.8096,67.0,4606.0,1,False,200,179,10,11,340301->340215->340210->340209->340317->340316->340318->340317->340316->340318->340317->340316->340318->340317->340316->340318->340317->340316->340318->340317->340316->340318->340317->340316->340318->340317->340316->340318->340317->340316->340318->340317->340316->340318->340317->340316->340318->340317->340316->340318->340317->340316->340318->340317->340316->340318->340317->340316->340318->340317->340316->340318->340317->340316->340318->340317->340316->340318->340317->340316->340318->340317->340316->340318->340317->340316->340318->340317->340316->340318->340317->340316->340318->340317->340316->340318->340317->340316->340318->340317->340316->340318->340317->340316->340318->340317->340316->340318->340317->340316->340318->340317->340316->340318->340317->340316->340318->340317->340316->340318->340317->340316->340318->340317->340316->340218->340217->340218->340316->340318->340317->340316->340318->340317->340316->340318->340300->340298->340300->340318->340317->340316->340218->340217->340218->340316->340318->340317->340316->340318->340317->340316->340318->340317->340316->340318->340317->340316->340318->340317->340316->340318->340317->340316->340318->340317->340316->340318->340317->340316->340318->340317->340316->340318->340317->340316->340318->340317->340316->340318->340317->340316->340318->340317->340316->340318->340317->340316->340318->340317->340316->340318->340317->340316->340318->340317->340316->340318->340317->340316->340318->340300->340298->340300->340318->340317->340316->340318->340317->340316->340318->340317->340316->340318->340317->340316->340318->340317->340316->340318->340317
rl_signal,od3_segok_samsung,long,peak,8.0,4,684.9649,655.655,29.31,672.6422,67.0,4471.0,1,False,200,187,6,7,340301->340215->340210->340209->340317->340316->340318->340317->340316->340318->340317->340316->340318->340317->340316->340318->340317->340316->340318->340317->340316->340318->340317->340316->340318->340317->340316->340318->340317->340316->340318->340317->340316->340318->340317->340316->340318->340317->340316->340318->340317->340316->340318->340317->340316->340318->340317->340316->340318->340317->340316->340318->340317->340316->340318->340317->340316->340318->340317->340316->340318->340317->340316->340318->340317->340316->340318->340317->340316->340318->340317->340316->340318->340317->340316->340318->340317->340316->340318->340317->340316->340318->340317->340316->340318->340317->340316->340318->340317->340316->340318->340317->340316->340318->340317->340316->340318->340317->340316->340318->340317->340316->340318->340317->340316->340318->340317->340316->340318->340300->340298->340300->340318->340317->340316->340318->340317->340316->340318->340317->340316->340318->340317->340316->340318->340317->340316->340318->340300->340298->340300->340318->340317->340316->340318->340317->340316->340318->340317->340316->340318->340317->340316->340318->340317->340316->340318->340317->340316->340318->340317->340316->340318->340317->340316->340318->340317->340316->340318->340317->340316->340318->340317->340316->340318->340317->340316->340318->340317->340316->340318->340317->340316->340318->340317->340316->340318->340317->340316->340318->340317->340316->340318->340317->340316->340318->340317->340316->340318->340317->340316->340318->340317->340316->340318->340317->340316->340318->340317->340316->340318
rl_signal,od3_segok_samsung,long,peak,8.0,5,710.9944,681.6845,29.31,700.991,67.0,4961.6,1,False,200,171,8,21,340301->340215->340210->340209->340317->340316->340318->340317->340316->340318->340317->340316->340318->340317->340316->340318->340317->340316->340318->340317->340316->340318->340317->340316->340318->340317->340316->340318->340317->340316->340318->340317->340316->340318->340317->340316->340318->340317->340316->340318->340317->340316->340318->340317->340316->340318->340317->340316->340318->340317->340316->340318->340317->340316->340318->340317->340316->340318->340317->340316->340318->340317->340316->340318->340317->340316->340318->340317->340316->340318->340317->340316->340318->340317->340316->340318->340317->340316->340318->340317->340316->340318->340317->340316->340318->340317->340316->340318->340317->340316->340318->340317->340316->340318->340317->340316->340318->340317->340316->340318->340317->340316->340318->340317->340316->340318->340317->340316->340318->340317->340316->340318->340317->340316->340318->340317->340316->340318->340317->340316->340318->340317->340316->340318->340317->340316->340318->340317->340316->340318->340317->340316->340318->340317->340209->340210->340215->340219->340215->340210->340209->340317->340316->340318->340317->340316->340318->340317->340316->340318->340317->340209->340210->340215->340219->340215->340208->340222->340220->340222->340208->340215->340210->340209->340317->340316->340318->340317->340316->340318->340317->340316->340318->340317->340316->340318->340317->340316->340318->340317->340316->340318->340317->340316->340318->340317->340316->340318->340317->340316->340318->340317->340316->340318->340300->340298->340300->340318->340317->340316->340318
rl_signal,od3_segok_samsung,long,peak,8.0,6,872.2549,842.9449,29.31,825.539,67.0,5660.8,1,False,200,155,14,31,340301->340215->340210->340209->340317->340316->340318->340317->340316->340318->340300->340298->340300->340318->340317->340316->340318->340317->340316->340318->340317->340316->340318->340300->340298->340300->340318->340317->340316->340318->340300->340299->340297->340299->340300->340318->340317->340316->340318->340317->340316->340318->340317->340316->340318->340317->340316->340318->340317->340316->340318->340317->340209->340210->340215->340219->340215->340210->340209->340317->340316->340318->340317->340316->340318->340317->340316->340318->340317->340316->340318->340317->340316->340318->340317->340316->340318->340317->340316->340318->340317->340316->340318->340317->340316->340318->340317->340316->340318->340317->340316->340318->340317->340316->340318->340317->340316->340318->340317->340316->340318->340317->340209->340210->340215->340219->340215->340210->340209->340317->340316->340318->340317->340316->340318->340317->340316->340318->340317->340316->340318->340317->340316->340318->340317->340316->340318->340317->340316->340318->340317->340316->340318->340317->340316->340318->340317->340316->340318->340317->340316->340318->340317->340316->340318->340300->340298->340300->340318->340317->340316->340318->340317->340316->340318->340317->340316->340318->340317->340316->340318->340317->340316->340318->340317->340316->340318->340300->340298->340300->340318->340317->340316->340318->340317->340316->340318->340317->340316->340318->340317->340316->340318->340317->340316->340318->340317->340316->340318->340317->340316->340318->340317->340316->340318->340317->340316->340318->340317->340316->340318
rl_signal,od3_segok_samsung,long,peak,8.0,7,685.1431,655.8332,29.31,646.5726,67.0,4573.2,1,False,200,172,7,21,340301->340215->340219->340215->340210->340209->340317->340316->340318->340317->340316->340318->340317->340316->340318->340317->340316->340318->340317->340316->340318->340317->340316->340318->340317->340316->340318->340317->340316->340318->340317->340316->340318->340317->340316->340318->340317->340316->340318->340317->340316->340318->340317->340316->340318->340317->340316->340318->340317->340316->340218->340216->340218->340316->340318->340317->340316->340318->340317->340316->340318->340317->340316->340318->340317->340316->340318->340317->340316->340318->340317->340316->340318->340317->340209->340210->340215->340219->340215->340210->340209->340317->340316->340318->340317->340316->340318->340317->340316->340318->340317->340316->340318->340317->340316->340318->340317->340316->340218->340217->340218->340316->340318->340317->340316->340318->340317->340316->340318->340317->340316->340318->340317->340316->340318->340317->340316->340318->340317->340316->340318->340317->340316->340318->340317->340316->340318->340317->340316->340318->340317->340316->340318->340317->340316->340318->340317->340316->340318->340317->340316->340318->340317->340316->340318->340317->340316->340318->340317->340316->340318->340317->340316->340318->340317->340316->340318->340317->340316->340318->340317->340316->340318->340317->340316->340318->340317->340316->340318->340317->340316->340318->340317->340316->340318->340317->340316->340318->340317->340316->340318->340317->340316->340318->340300->340298->340300->340318->340317->340316->340318->340317->340316->340318->340317->340316->340318->340317->340316->340318->340317
rl_signal,od3_segok_samsung,long,peak,8.0,8,680.3408,651.0308,29.31,603.4394,67.0,4423.4,1,False,200,172,5,23,340301->340215->340210->340209->340317->340316->340318->340317->340316->340318->340317->340316->340318->340317->340316->340318->340317->340316->340318->340317->340316->340318->340317->340316->340318->340317->340316->340318->340317->340316->340318->340317->340316->340318->340317->340316->340318->340317->340209->340210->340215->340219->340215->340210->340209->340317->340316->340318->340317->340316->340318->340317->340316->340318->340317->340316->340318->340317->340316->340318->340317->340316->340318->340317->340316->340318->340317->340316->340318->340317->340316->340318->340317->340316->340318->340317->340316->340318->340317->340316->340218->340216->340218->340316->340318->340317->340316->340318->340317->340316->340318->340317->340316->340318->340317->340316->340318->340317->340316->340318->340317->340316->340318->340317->340316->340318->340317->340316->340318->340317->340316->340318->340317->340316->340318->340317->340316->340318->340317->340316->340318->340317->340316->340318->340317->340316->340318->340317->340316->340318->340317->340316->340318->340317->340209->340210->340215->340219->340215->340210->340209->340317->340316->340318->340317->340316->340318->340317->340316->340318->340317->340316->340318->340317->340316->340318->340317->340316->340318->340317->340316->340318->340317->340316->340318->340317->340316->340318->340317->340316->340318->340317->340316->340318->340317->340316->340318->340317->340316->340318->340317->340316->340318->340317->340316->340318->340317->340316->340318->340317->340316->340318->340317->340316->340318->340317->340316->340318->340317->340316->340318
rl_signal,od3_segok_samsung,long,peak,8.0,9,701.0832,671.7733,29.31,634.9241,67.0,4586.2,1,False,200,182,7,11,340301->340215->340210->340209->340317->340316->340318->340300->340298->340300->340318->340317->340316->340318->340317->340316->340318->340317->340316->340318->340317->340316->340318->340317->340316->340218->340216->340218->340316->340318->340317->340316->340318->340317->340316->340318->340317->340316->340318->340317->340316->340318->340317->340316->340318->340317->340316->340318->340317->340316->340318->340317->340316->340318->340317->340316->340318->340317->340316->340318->340317->340316->340318->340300->340298->340300->340318->340317->340316->340318->340317->340316->340318->340317->340316->340318->340317->340316->340318->340317->340316->340318->340317->340316->340318->340317->340316->340318->340317->340316->340318->340317->340316->340318->340317->340316->340318->340317->340316->340318->340317->340316->340318->340317->340316->340318->340317->340316->340318->340317->340316->340318->340317->340316->340318->340317->340316->340318->340317->340316->340318->340317->340316->340318->340317->340316->340318->340317->340316->340318->340317->340316->340318->340317->340316->340318->340317->340316->340318->340317->340316->340318->340317->340316->340318->340317->340316->340318->340317->340316->340318->340317->340316->340318->340317->340316->340318->340317->340316->340318->340317->340316->340318->340317->340316->340318->340317->340316->340318->340317->340316->340318->340317->340316->340318->340317->340316->340318->340317->340316->340318->340317->340316->340318->340317->340316->340318->340317->340316->340318->340317->340316->340318->340317->340316->340318->340317->340316->340318->340317->340316
rl_signal,od3_segok_samsung,long,peak,8.0,10,605.5799,576.2699,29.31,586.0632,67.0,4061.2,1,False,200,191,4,5,340301->340215->340210->340209->340317->340316->340318->340317->340316->340318->340317->340316->340318->340317->340316->340318->340317->340316->340318->340317->340316->340318->340317->340316->340318->340317->340316->340318->340317->340316->340318->340317->340316->340318->340317->340316->340318->340317->340316->340318->340317->340316->340318->340317->340316->340318->340317->340316->340318->340317->340316->340318->340317->340316->340318->340317->340316->340318->340317->340316->340318->340317->340316->340318->340317->340316->340318->340317->340316->340318->340317->340316->340318->340317->340316->340318->340317->340316->340318->340317->340316->340318->340317->340316->340318->340317->340316->340318->340317->340316->340318->340317->340316->340318->340317->340316->340318->340317->340316->340318->340317->340316->340318->340317->340316->340318->340317->340316->340318->340317->340316->340318->340317->340316->340318->340317->340316->340318->340317->340316->340318->340317->340316->340318->340317->340316->340318->340317->340316->340318->340317->340316->340318->340317->340316->340318->340317->340316->340318->340317->340316->340318->340317->340316->340318->340317->340316->340318->340317->340316->340318->340317->340316->340318->340317->340316->340318->340317->340316->340318->340317->340316->340318->340317->340316->340318->340317->340316->340318->340317->340316->340318->340317->340316->340318->340317->340316->340318->340317->340316->340318->340317->340316->340318->340317->340316->340218->340217->340218->340316->340318->340317->340316->340318->340317->340316->340318->340317->340316->340318->340317
rl_signal,od3_segok_samsung,long,peak,8.0,11,745.3557,716.0457,29.31,752.977,67.0,4880.2,1,False,200,163,12,25,340301->340215->340210->340209->340317->340316->340318->340317->340316->340318->340317->340316->340318->340317->340316->340318->340317->340316->340318->340317->340316->340318->340317->340316->340318->340317->340209->340210->340215->340219->340215->340210->340209->340317->340316->340318->340317->340209->340210->340215->340219->340215->340210->340209->340317->340316->340318->340317->340316->340318->340317->340316->340318->340317->340316->340318->340317->340316->340318->340317->340316->340318->340317->340316->340318->340317->340316->340318->340300->340298->340300->340318->340317->340316->340318->340317->340316->340218->340217->340218->340316->340318->340317->340316->340318->340317->340316->340318->340317->340316->340318->340317->340316->340318->340317->340316->340318->340317->340316->340318->340317->340316->340318->340317->340316->340318->340317->340316->340318->340317->340316->340318->340317->340316->340318->340317->340316->340318->340317->340316->340318->340317->340316->340318->340317->340316->340318->340317->340316->340318->340317->340316->340318->340317->340316->340318->340317->340316->340318->340317->340316->340318->340317->340316->340318->340317->340316->340318->340317->340316->340318->340317->340316->340318->340317->340316->340318->340317->340316->340318->340317->340316->340318->340317->340316->340318->340317->340316->340318->340317->340316->340318->340317->340316->340318->340317->340316->340318->340317->340316->340318->340317->340316->340318->340317->340316->340318->340300->340298->340300->340318->340317->340316->340318->340317->340316->340318->340317->340316->340218->340217
rl_signal,od3_segok_samsung,long,peak,8.0,12,692.5849,663.2749,29.31,676.268,67.0,4754.0,1,False,200,176,6,18,340301->340215->340208->340222->340220->340222->340208->340215->340210->340209->340317->340316->340318->340317->340316->340218->340216->340218->340316->340318->340317->340316->340318->340317->340316->340318->340317->340316->340318->340317->340316->340318->340317->340316->340318->340317->340316->340318->340317->340316->340318->340317->340316->340318->340317->340316->340318->340317->340316->340318->340317->340316->340318->340317->340316->340318->340317->340316->340318->340317->340316->340318->340317->340316->340318->340317->340316->340318->340317->340316->340318->340317->340316->340318->340317->340316->340318->340317->340316->340318->340317->340316->340318->340317->340316->340218->340217->340218->340316->340318->340317->340316->340318->340317->340316->340318->340317->340316->340318->340317->340316->340318->340317->340316->340318->340317->340316->340318->340317->340316->340318->340317->340316->340318->340317->340316->340318->340317->340316->340318->340317->340316->340318->340317->340316->340318->340317->340316->340318->340317->340316->340318->340317->340316->340318->340317->340316->340318->340317->340316->340318->340317->340316->340318->340317->340316->340318->340317->340316->340318->340317->340316->340318->340317->340316->340318->340317->340316->340318->340317->340316->340318->340317->340316->340318->340317->340316->340318->340317->340316->340318->340317->340316->340318->340317->340316->340318->340317->340316->340318->340317->340316->340318->340317->340316->340318->340317->340316->340318->340317->340316->340318->340317->340209->340210->340215->340219->340215->340210->340209->340317
rl_signal,od3_segok_samsung,long,peak,8.0,13,686.4477,657.1377,29.31,649.0531,67.0,4536.8,1,False,200,177,8,15,340301->340215->340210->340209->340317->340316->340318->340300->340298->340300->340318->340317->340316->340318->340317->340316->340318->340317->340316->340318->340317->340316->340318->340317->340316->340218->340216->340218->340316->340318->340317->340316->340318->340317->340316->340218->340216->340218->340316->340318->340317->340316->340318->340317->340316->340318->340317->340316->340318->340317->340316->340318->340317->340316->340318->340317->340316->340318->340317->340316->340318->340317->340316->340318->340317->340316->340318->340317->340316->340318->340317->340316->340318->340317->340316->340318->340317->340316->340318->340317->340316->340318->340317->340316->340318->340317->340316->340318->340317->340316->340318->340317->340316->340318->340317->340316->340318->340317->340316->340318->340317->340316->340318->340317->340316->340318->340317->340316->340318->340317->340316->340318->340317->340316->340318->340317->340316->340318->340317->340316->340318->340317->340316->340318->340317->340316->340318->340317->340316->340318->340317->340316->340318->340317->340316->340318->340317->340316->340318->340317->340316->340318->340317->340316->340318->340317->340316->340318->340317->340316->340318->340317->340316->340318->340317->340316->340318->340317->340316->340318->340317->340316->340318->340317->340316->340318->340317->340316->340318->340317->340316->340318->340317->340316->340318->340317->340316->340318->340317->340316->340318->340317->340316->340318->340317->340316->340218->340217->340218->340316->340318->340317->340316->340318->340317->340316->340318->340317->340316->340318->340317
rl_signal,od3_segok_samsung,long,peak,8.0,14,636.506,607.1961,29.31,612.9562,67.0,4230.2,1,False,200,184,4,12,340301->340215->340210->340209->340317->340318->340316->340218->340216->340218->340316->340318->340317->340316->340318->340317->340316->340318->340317->340316->340318->340317->340316->340318->340317->340316->340318->340317->340316->340318->340317->340316->340318->340317->340316->340318->340317->340316->340318->340317->340316->340318->340317->340316->340318->340317->340316->340318->340317->340316->340318->340317->340316->340318->340317->340316->340318->340317->340316->340318->340317->340316->340318->340317->340316->340318->340317->340316->340318->340317->340316->340318->340317->340316->340318->340317->340316->340318->340317->340316->340318->340317->340316->340318->340317->340316->340218->340217->340218->340316->340318->340317->340316->340318->340317->340316->340318->340317->340316->340318->340317->340316->340318->340317->340316->340318->340317->340316->340318->340317->340316->340318->340317->340316->340318->340317->340316->340318->340317->340316->340318->340317->340316->340318->340317->340316->340318->340317->340316->340318->340317->340316->340318->340317->340316->340318->340317->340316->340318->340317->340316->340318->340317->340316->340318->340317->340316->340318->340317->340316->340318->340317->340316->340318->340317->340316->340318->340317->340316->340318->340317->340316->340318->340317->340316->340318->340317->340316->340318->340317->340316->340318->340317->340316->340318->340317->340316->340318->340317->340316->340318->340317->340316->340318->340317->340316->340318->340317->340316->340318->340317->340316->340318->340317->340316->340318->340317->340316->340318->340317->340209
rl_signal,od3_segok_samsung,long,peak,8.0,15,605.59,576.28,29.31,626.9957,67.0,4249.4,1,False,200,182,7,11,340301->340215->340210->340209->340317->340316->340318->340317->340316->340318->340317->340316->340318->340317->340316->340318->340317->340316->340318->340317->340316->340318->340317->340316->340318->340317->340316->340318->340317->340316->340318->340317->340316->340318->340317->340316->340318->340317->340316->340318->340317->340316->340318->340317->340316->340318->340317->340316->340318->340317->340316->340318->340317->340316->340318->340317->340316->340318->340317->340316->340218->340216->340218->340316->340318->340317->340316->340318->340317->340316->340318->340317->340316->340318->340317->340316->340318->340317->340316->340318->340317->340316->340318->340317->340316->340318->340317->340316->340318->340317->340316->340318->340317->340316->340318->340317->340316->340318->340317->340316->340318->340317->340316->340218->340217->340218->340316->340318->340317->340316->340318->340317->340316->340318->340317->340316->340318->340317->340316->340318->340317->340316->340318->340317->340316->340318->340317->340316->340318->340317->340316->340318->340317->340316->340318->340317->340316->340318->340317->340316->340318->340317->340316->340318->340317->340316->340218->340217->340218->340316->340318->340317->340316->340318->340317->340316->340318->340317->340316->340318->340317->340316->340318->340317->340316->340318->340317->340316->340318->340317->340316->340318->340317->340316->340318->340317->340316->340318->340317->340316->340318->340317->340316->340318->340317->340316->340318->340317->340316->340318->340317->340316->340318->340317->340316->340318->340317->340316->340318->340317->340316
rl_signal,od3_segok_samsung,long,peak,8.0,16,890.4055,861.0956,29.31,748.9527,67.0,5477.4,1,False,200,138,13,49,340301->340215->340210->340209->340317->340316->340318->340317->340316->340318->340300->340298->340300->340318->340317->340209->340210->340215->340219->340215->340210->340209->340317->340316->340318->340317->340316->340318->340317->340316->340318->340317->340316->340318->340317->340316->340318->340317->340316->340318->340317->340316->340318->340317->340316->340318->340317->340316->340318->340317->340209->340210->340215->340219->340215->340210->340209->340317->340316->340318->340317->340316->340318->340317->340316->340318->340317->340316->340318->340317->340316->340318->340317->340316->340318->340317->340316->340318->340300->340298->340300->340318->340317->340316->340318->340317->340316->340318->340317->340316->340318->340317->340316->340318->340317->340316->340318->340317->340316->340318->340317->340316->340318->340317->340316->340318->340317->340316->340318->340317->340316->340318->340317->340316->340318->340317->340316->340318->340317->340209->340210->340215->340219->340215->340210->340209->340317->340316->340318->340317->340316->340318->340317->340316->340318->340317->340209->340210->340215->340219->340215->340210->340209->340317->340316->340318->340317->340316->340318->340317->340316->340318->340317->340316->340318->340317->340316->340318->340317->340316->340318->340317->340316->340318->340317->340316->340318->340300->340298->340300->340318->340317->340316->340318->340317->340316->340318->340317->340316->340318->340317->340316->340318->340317->340209->340210->340215->340219->340215->340210->340209->340317->340316->340318->340317->340316->340318->340317->340316->340318->340317
rl_signal,od3_segok_samsung,long,peak,8.0,17,633.5354,604.2255,29.31,603.0341,67.0,4215.6,1,False,200,182,5,13,340301->340215->340210->340209->340317->340316->340318->340317->340316->340318->340317->340316->340318->340317->340316->340318->340317->340316->340318->340317->340316->340318->340317->340209->340210->340215->340219->340215->340210->340209->340317->340316->340318->340317->340316->340318->340317->340316->340318->340317->340316->340318->340317->340316->340318->340317->340316->340318->340317->340316->340318->340317->340316->340318->340317->340316->340318->340317->340316->340318->340317->340316->340318->340317->340316->340318->340317->340316->340318->340317->340316->340318->340317->340316->340318->340317->340316->340318->340317->340316->340318->340317->340316->340318->340317->340316->340318->340317->340316->340318->340317->340316->340318->340317->340316->340318->340317->340316->340318->340317->340316->340318->340317->340316->340318->340317->340316->340318->340317->340316->340318->340317->340316->340318->340317->340316->340318->340317->340316->340318->340317->340316->340318->340317->340316->340318->340317->340316->340318->340317->340316->340318->340317->340316->340318->340317->340316->340318->340317->340316->340318->340317->340316->340318->340317->340316->340318->340317->340316->340318->340317->340316->340318->340317->340316->340318->340317->340316->340318->340317->340316->340318->340317->340316->340318->340317->340316->340218->340217->340218->340316->340318->340317->340316->340318->340317->340316->340318->340317->340316->340318->340317->340316->340318->340317->340316->340318->340317->340316->340318->340317->340316->340318->340317->340316->340318->340317->340316->340318->340317->340316
rl_signal,od3_segok_samsung,long,peak,8.0,18,646.7701,617.4601,29.31,614.0332,67.0,4300.8,1,False,200,177,4,19,340301->340215->340210->340209->340317->340316->340318->340317->340316->340318->340317->340209->340210->340215->340219->340215->340210->340209->340317->340316->340318->340317->340316->340318->340317->340316->340318->340317->340316->340318->340317->340316->340318->340317->340316->340318->340317->340316->340318->340317->340316->340318->340317->340316->340318->340317->340316->340318->340317->340316->340318->340317->340316->340318->340317->340316->340318->340317->340316->340318->340317->340316->340318->340317->340316->340318->340317->340316->340318->340317->340316->340318->340317->340316->340318->340317->340316->340318->340317->340316->340318->340317->340316->340318->340317->340316->340318->340317->340316->340318->340317->340316->340318->340317->340316->340318->340317->340316->340318->340317->340316->340318->340317->340316->340318->340317->340316->340318->340317->340316->340318->340317->340316->340318->340317->340316->340318->340317->340316->340318->340317->340316->340318->340317->340316->340318->340317->340316->340318->340317->340316->340318->340317->340316->340318->340317->340316->340318->340317->340316->340318->340317->340316->340318->340317->340316->340318->340317->340316->340318->340317->340316->340318->340317->340316->340318->340317->340209->340210->340215->340219->340215->340210->340209->340317->340316->340318->340317->340316->340318->340317->340316->340318->340317->340316->340318->340317->340316->340318->340317->340316->340318->340317->340316->340318->340317->340316->340318->340317->340316->340318->340317->340316->340318->340317->340316->340318->340317->340316->340318->340317
rl_signal,od3_segok_samsung,long,peak,8.0,19,810.1935,780.8835,29.31,725.9281,67.0,5087.0,1,False,200,161,12,27,340301->340215->340210->340209->340317->340316->340318->340317->340316->340318->340317->340316->340318->340317->340316->340318->340317->340316->340318->340317->340316->340318->340317->340316->340318->340317->340316->340318->340317->340316->340318->340317->340316->340318->340317->340316->340318->340317->340316->340318->340317->340316->340318->340317->340209->340210->340215->340219->340215->340210->340209->340317->340316->340318->340317->340316->340318->340300->340298->340300->340318->340317->340316->340318->340317->340316->340318->340317->340316->340318->340317->340316->340318->340317->340316->340318->340317->340316->340318->340300->340298->340300->340318->340317->340316->340318->340317->340316->340318->340317->340316->340318->340317->340316->340318->340317->340316->340318->340317->340316->340318->340317->340316->340318->340300->340298->340300->340318->340317->340316->340318->340317->340316->340318->340317->340316->340318->340317->340316->340318->340317->340316->340218->340217->340218->340316->340318->340317->340316->340318->340317->340209->340210->340215->340219->340215->340210->340209->340317->340316->340318->340317->340316->340318->340317->340316->340318->340317->340316->340318->340317->340316->340318->340317->340316->340318->340317->340316->340318->340317->340316->340318->340317->340316->340318->340317->340316->340318->340317->340316->340318->340317->340316->340318->340317->340316->340318->340317->340316->340318->340317->340316->340318->340317->340316->340318->340317->340316->340318->340317->340316->340318->340317->340316->340318->340317->340316->340318->340317->340316->340318
rl_signal,od3_segok_samsung,long,peak,8.0,20,786.2866,756.9766,29.31,734.3516,67.0,5188.4,1,False,200,141,14,45,340301->340215->340210->340209->340317->340316->340318->340317->340316->340318->340317->340316->340318->340317->340209->340210->340215->340219->340215->340210->340209->340317->340316->340318->340317->340316->340318->340317->340316->340318->340317->340316->340318->340317->340316->340218->340216->340218->340316->340318->340317->340316->340218->340216->340218->340316->340318->340317->340316->340218->340216->340218->340316->340318->340317->340316->340318->340317->340316->340318->340317->340316->340318->340317->340316->340318->340317->340316->340318->340317->340316->340318->340317->340316->340218->340217->340218->340316->340318->340317->340209->340210->340215->340219->340215->340210->340209->340317->340316->340318->340317->340316->340318->340317->340316->340318->340317->340209->340210->340215->340219->340215->340210->340209->340317->340316->340318->340317->340316->340318->340317->340316->340318->340317->340316->340318->340317->340316->340318->340317->340316->340318->340317->340316->340318->340317->340316->340318->340317->340316->340318->340317->340316->340318->340317->340316->340318->340317->340316->340318->340317->340316->340318->340317->340316->340218->340217->340218->340316->340318->340317->340316->340318->340317->340316->340318->340317->340316->340318->340317->340316->340318->340317->340316->340318->340317->340316->340318->340317->340316->340318->340317->340316->340318->340317->340316->340318->340317->340316->340318->340317->340316->340318->340300->340298->340300->340318->340317->340316->340318->340317->340316->340318->340317->340316->340318->340317->340316->340318->340317->340316
rl_signal,od3_segok_samsung,long,peak,8.0,21,677.277,647.967,29.31,634.7087,67.0,4384.2,1,False,200,176,5,19,340301->340215->340210->340209->340317->340316->340318->340317->340316->340318->340317->340316->340318->340317->340316->340318->340317->340316->340218->340216->340218->340316->340318->340317->340316->340318->340317->340316->340318->340317->340316->340318->340317->340316->340318->340317->340316->340318->340317->340316->340318->340317->340316->340318->340317->340316->340318->340317->340316->340318->340317->340316->340318->340317->340316->340218->340216->340218->340316->340318->340317->340316->340318->340317->340316->340318->340317->340316->340318->340317->340316->340318->340317->340316->340318->340317->340316->340318->340317->340316->340318->340317->340209->340210->340215->340219->340215->340210->340209->340317->340316->340318->340317->340316->340318->340317->340316->340318->340317->340316->340318->340317->340316->340318->340317->340316->340318->340317->340316->340318->340317->340316->340318->340317->340316->340318->340317->340316->340318->340317->340316->340318->340317->340316->340318->340317->340316->340318->340317->340316->340318->340317->340316->340318->340317->340316->340318->340317->340316->340318->340317->340316->340318->340317->340316->340318->340317->340316->340318->340317->340316->340318->340317->340316->340318->340317->340316->340318->340317->340316->340318->340317->340316->340318->340317->340316->340318->340317->340316->340318->340317->340316->340318->340317->340316->340318->340317->340316->340318->340317->340316->340318->340317->340316->340318->340317->340316->340318->340317->340316->340318->340317->340316->340318->340317->340316->340318->340317->340316->340318->340317
rl_signal,od3_segok_samsung,long,peak,8.0,22,754.1847,724.8747,29.31,682.1244,67.0,4845.6,1,False,200,165,10,25,340301->340215->340210->340209->340317->340316->340318->340317->340316->340318->340317->340316->340318->340317->340316->340318->340317->340316->340318->340317->340316->340318->340317->340316->340318->340317->340316->340318->340317->340316->340318->340317->340316->340318->340300->340298->340300->340318->340317->340316->340318->340317->340316->340318->340317->340316->340318->340317->340316->340318->340317->340316->340318->340317->340316->340318->340317->340316->340318->340317->340316->340318->340317->340316->340318->340317->340316->340318->340317->340316->340318->340317->340316->340318->340317->340316->340318->340317->340316->340318->340317->340316->340318->340317->340316->340318->340317->340316->340318->340317->340316->340318->340317->340209->340210->340215->340219->340215->340210->340209->340317->340316->340318->340317->340316->340318->340317->340316->340318->340317->340316->340318->340317->340316->340318->340317->340316->340318->340317->340316->340318->340317->340316->340318->340317->340316->340318->340317->340316->340318->340300->340298->340300->340318->340317->340316->340318->340317->340316->340318->340317->340316->340318->340317->340316->340318->340317->340316->340318->340317->340316->340218->340217->340218->340316->340318->340317->340316->340318->340317->340316->340318->340317->340316->340318->340317->340316->340318->340317->340316->340318->340317->340316->340318->340317->340316->340318->340317->340316->340318->340317->340209->340210->340215->340219->340215->340210->340209->340317->340316->340318->340317->340316->340318->340317->340316->340318->340317->340316->340318->340317
rl_signal,od3_segok_samsung,long,peak,8.0,23,692.5024,663.1924,29.31,626.2595,67.0,4467.8,1,False,200,181,7,12,340301->340215->340210->340209->340317->340316->340318->340317->340316->340318->340317->340316->340318->340317->340316->340318->340317->340316->340318->340317->340316->340318->340317->340316->340318->340317->340316->340218->340216->340218->340316->340318->340317->340316->340318->340317->340316->340318->340317->340316->340318->340317->340316->340318->340317->340316->340318->340317->340316->340318->340317->340316->340318->340317->340316->340318->340317->340316->340318->340317->340316->340318->340317->340316->340318->340317->340316->340318->340317->340316->340318->340317->340316->340318->340317->340316->340318->340317->340316->340318->340317->340316->340318->340317->340316->340318->340317->340316->340318->340317->340316->340318->340317->340316->340318->340317->340316->340318->340317->340316->340318->340317->340316->340318->340317->340316->340318->340317->340316->340318->340317->340316->340318->340317->340316->340318->340317->340316->340318->340317->340316->340218->340217->340218->340316->340318->340317->340316->340318->340317->340316->340318->340317->340316->340318->340317->340316->340318->340317->340316->340318->340317->340316->340318->340300->340298->340300->340318->340317->340316->340318->340317->340316->340318->340317->340316->340318->340317->340316->340318->340317->340316->340318->340317->340316->340318->340317->340316->340318->340317->340316->340318->340317->340316->340318->340317->340316->340318->340317->340316->340318->340317->340316->340318->340317->340316->340318->340317->340316->340318->340317->340316->340318->340317->340316->340318->340317->340316->340318->340317->340209
rl_signal,od3_segok_samsung,long,peak,8.0,24,660.2978,630.9878,29.31,598.5531,67.0,4285.0,1,False,200,178,7,15,340301->340215->340210->340209->340317->340316->340318->340317->340316->340318->340317->340316->340318->340317->340316->340318->340317->340316->340318->340317->340316->340318->340317->340316->340318->340317->340316->340318->340317->340316->340318->340317->340316->340318->340317->340316->340318->340317->340316->340318->340317->340316->340318->340317->340316->340318->340317->340316->340318->340317->340316->340318->340317->340316->340318->340317->340316->340318->340317->340316->340318->340317->340316->340318->340317->340316->340318->340317->340316->340318->340317->340316->340318->340317->340316->340318->340317->340316->340318->340317->340316->340318->340317->340316->340318->340317->340316->340318->340317->340209->340210->340215->340219->340215->340210->340209->340317->340316->340318->340317->340316->340318->340317->340316->340318->340317->340316->340318->340317->340316->340318->340317->340316->340318->340317->340316->340318->340317->340316->340318->340317->340316->340318->340317->340316->340318->340317->340316->340318->340317->340316->340318->340317->340316->340318->340317->340316->340318->340317->340316->340318->340317->340316->340318->340317->340316->340318->340317->340316->340318->340317->340316->340318->340317->340316->340218->340217->340218->340316->340318->340317->340316->340318->340317->340316->340318->340317->340316->340318->340317->340316->340218->340217->340218->340316->340318->340317->340316->340318->340317->340316->340318->340317->340316->340318->340317->340316->340318->340317->340316->340318->340317->340316->340318->340317->340316->340318->340317->340316->340318->340317
rl_signal,od3_segok_samsung,long,peak,8.0,25,766.1859,736.876,29.31,679.0728,67.0,4815.6,1,False,200,159,8,33,340301->340215->340210->340209->340317->340316->340318->340317->340316->340318->340317->340316->340318->340317->340316->340318->340317->340316->340318->340317->340316->340318->340317->340316->340318->340317->340316->340218->340216->340218->340316->340318->340317->340316->340318->340317->340316->340318->340317->340316->340318->340317->340316->340318->340317->340316->340318->340317->340316->340318->340317->340316->340318->340317->340316->340318->340317->340316->340318->340317->340316->340318->340317->340209->340210->340215->340219->340215->340210->340209->340317->340316->340318->340317->340316->340318->340317->340316->340318->340317->340316->340318->340317->340316->340318->340317->340316->340318->340317->340316->340318->340317->340316->340318->340317->340316->340318->340317->340316->340318->340300->340298->340300->340318->340317->340316->340318->340317->340316->340318->340317->340316->340318->340317->340316->340318->340317->340316->340318->340317->340209->340210->340215->340219->340215->340210->340209->340317->340316->340318->340317->340316->340318->340317->340316->340318->340317->340316->340318->340317->340316->340318->340317->340316->340318->340317->340316->340318->340317->340316->340318->340317->340316->340318->340317->340316->340318->340317->340316->340318->340317->340316->340318->340317->340209->340210->340215->340219->340215->340210->340209->340317->340316->340318->340317->340316->340318->340317->340316->340318->340317->340316->340318->340317->340316->340318->340317->340316->340318->340317->340316->340318->340317->340316->340318->340317->340316->340318->340317->340316->340318
rl_signal,od3_segok_samsung,long,peak,8.0,26,760.9175,731.6075,29.31,662.5865,67.0,4730.6,1,False,200,163,8,29,340301->340215->340210->340209->340317->340316->340318->340317->340316->340318->340317->340316->340318->340317->340316->340318->340317->340316->340318->340317->340316->340318->340317->340316->340318->340317->340316->340318->340317->340316->340318->340317->340316->340318->340317->340316->340318->340317->340316->340318->340317->340316->340318->340317->340316->340318->340317->340316->340318->340317->340316->340318->340317->340316->340318->340317->340316->340318->340317->340316->340318->340317->340316->340318->340317->340209->340210->340215->340219->340215->340210->340209->340317->340318->340316->340218->340216->340218->340316->340318->340317->340316->340318->340317->340316->340318->340317->340316->340318->340317->340316->340318->340317->340316->340318->340317->340316->340318->340317->340316->340318->340300->340298->340300->340318->340317->340316->340318->340317->340316->340318->340317->340316->340318->340317->340316->340318->340317->340316->340318->340317->340316->340318->340317->340316->340318->340317->340316->340318->340317->340209->340210->340215->340219->340215->340210->340209->340317->340316->340318->340317->340316->340318->340317->340316->340318->340317->340316->340318->340317->340316->340218->340217->340218->340316->340318->340317->340316->340318->340317->340316->340318->340317->340316->340318->340317->340316->340318->340317->340316->340318->340317->340316->340318->340317->340316->340318->340317->340316->340318->340317->340316->340318->340317->340316->340318->340317->340316->340318->340317->340316->340318->340317->340316->340318->340317->340316->340318->340317->340316->340318
rl_signal,od3_segok_samsung,long,peak,8.0,27,738.255,708.945,29.31,699.4945,67.0,5014.2,1,False,200,158,9,33,340301->340215->340210->340209->340317->340316->340318->340317->340316->340318->340317->340316->340318->340317->340209->340210->340215->340219->340215->340210->340209->340317->340318->340316->340218->340216->340218->340316->340318->340317->340316->340318->340317->340316->340318->340317->340316->340318->340317->340316->340318->340317->340316->340318->340317->340316->340318->340317->340316->340318->340317->340316->340318->340317->340316->340318->340317->340316->340318->340317->340316->340318->340317->340316->340318->340317->340316->340318->340317->340316->340318->340317->340316->340318->340317->340316->340318->340317->340316->340318->340317->340316->340318->340317->340316->340218->340216->340218->340316->340318->340317->340316->340318->340317->340316->340318->340317->340316->340318->340317->340316->340318->340317->340316->340318->340317->340316->340318->340317->340316->340318->340317->340316->340318->340317->340316->340318->340317->340316->340318->340317->340316->340318->340317->340316->340318->340300->340298->340300->340318->340317->340316->340318->340317->340316->340318->340317->340316->340318->340317->340316->340318->340317->340316->340318->340317->340316->340318->340317->340316->340318->340317->340316->340318->340300->340298->340300->340318->340317->340316->340318->340317->340316->340318->340317->340316->340318->340317->340316->340318->340317->340316->340318->340317->340316->340318->340317->340316->340318->340317->340316->340318->340317->340209->340210->340215->340219->340215->340210->340209->340317->340316->340318->340317->340316->340318->340317->340316->340318->340317->340316
rl_signal,od3_segok_samsung,long,peak,8.0,28,635.4754,606.1654,29.31,619.0318,67.0,4334.6,1,False,200,177,6,17,340301->340215->340210->340209->340317->340316->340318->340317->340316->340318->340317->340316->340318->340317->340316->340318->340317->340316->340318->340317->340316->340318->340317->340316->340318->340317->340316->340318->340317->340316->340318->340317->340316->340318->340317->340316->340318->340317->340209->340210->340215->340219->340215->340210->340209->340317->340316->340318->340317->340316->340218->340216->340218->340316->340318->340317->340316->340318->340317->340316->340318->340317->340316->340318->340317->340316->340318->340317->340316->340318->340317->340316->340318->340317->340316->340318->340317->340316->340318->340317->340316->340318->340317->340316->340318->340317->340316->340318->340317->340316->340318->340317->340316->340318->340317->340316->340318->340317->340316->340318->340317->340316->340318->340317->340316->340318->340317->340316->340318->340317->340316->340318->340317->340316->340318->340317->340316->340318->340317->340316->340318->340317->340316->340318->340317->340316->340318->340317->340316->340318->340317->340316->340318->340317->340316->340318->340317->340316->340318->340317->340316->340318->340317->340316->340318->340317->340316->340318->340317->340316->340318->340317->340316->340318->340317->340316->340318->340317->340316->340318->340317->340316->340318->340317->340316->340318->340317->340316->340318->340317->340316->340318->340317->340316->340318->340317->340316->340318->340317->340316->340318->340317->340316->340318->340317->340316->340218->340217->340218->340316->340318->340317->340316->340318->340317->340316->340318->340317->340316->340318->340317
rl_signal,od3_segok_samsung,long,peak,8.0,29,771.6113,742.3013,29.31,722.546,67.0,5047.8,1,False,200,165,12,23,340301->340215->340210->340209->340317->340316->340318->340317->340316->340318->340317->340316->340318->340317->340316->340318->340317->340316->340318->340317->340316->340318->340317->340316->340318->340317->340316->340318->340317->340316->340218->340216->340218->340316->340318->340317->340316->340318->340317->340316->340318->340317->340316->340318->340317->340316->340318->340317->340316->340318->340317->340316->340318->340317->340316->340318->340317->340316->340318->340317->340316->340318->340317->340316->340318->340317->340209->340210->340215->340219->340215->340210->340209->340317->340316->340318->340317->340316->340318->340317->340316->340318->340317->340316->340318->340317->340316->340218->340217->340218->340316->340318->340317->340316->340318->340317->340316->340318->340317->340316->340318->340317->340316->340318->340317->340316->340318->340317->340316->340318->340317->340316->340318->340317->340316->340318->340317->340316->340318->340317->340316->340318->340317->340316->340318->340317->340316->340318->340317->340316->340318->340317->340316->340318->340317->340316->340318->340317->340316->340318->340317->340316->340318->340300->340298->340300->340318->340317->340316->340318->340317->340316->340318->340317->340316->340318->340317->340316->340318->340317->340316->340318->340317->340316->340318->340317->340316->340318->340300->340298->340300->340318->340317->340316->340318->340317->340316->340318->340300->340298->340300->340318->340317->340316->340318->340317->340316->340318->340317->340316->340318->340317->340316->340318->340317->340316->340318->340317->340316->340318->340317
rl_signal,od3_segok_samsung,long,peak,8.0,30,675.2263,645.9163,29.31,643.8087,67.0,4524.6,1,False,200,164,7,29,340301->340215->340210->340209->340317->340316->340318->340317->340316->340318->340317->340316->340318->340317->340316->340318->340317->340209->340210->340215->340219->340215->340210->340209->340317->340316->340318->340317->340316->340318->340317->340316->340318->340317->340316->340318->340317->340316->340318->340317->340316->340318->340317->340316->340318->340317->340316->340318->340317->340316->340318->340317->340316->340318->340317->340316->340318->340317->340316->340318->340317->340316->340318->340317->340316->340318->340317->340316->340318->340317->340316->340318->340317->340209->340210->340215->340219->340215->340210->340209->340317->340316->340318->340317->340316->340318->340317->340316->340318->340317->340316->340318->340317->340316->340318->340317->340316->340318->340317->340316->340318->340317->340316->340218->340217->340218->340316->340318->340317->340316->340318->340317->340316->340318->340317->340316->340318->340317->340316->340318->340317->340316->340318->340317->340316->340318->340317->340316->340318->340317->340316->340318->340317->340316->340318->340317->340316->340318->340317->340316->340318->340317->340316->340318->340317->340316->340318->340317->340316->340318->340317->340316->340318->340317->340316->340318->340317->340316->340318->340317->340316->340318->340317->340316->340318->340317->340316->340318->340317->340209->340210->340215->340219->340215->340210->340209->340317->340316->340318->340317->340316->340318->340317->340316->340318->340317->340316->340318->340317->340316->340318->340317->340316->340318->340317->340316->340318->340317->340316->340318->340317
rl_signal_attention,od1_sinnonhyeon_suseo,long,off_peak,7.0,1,1256.2053,1148.282,107.9233,1016.7764,246.703,9385.5,5,True,62,5,8,49,342695->342700->343100->342865->342652->342116->342672->340587->342670->343657->342666->342663->342681->342617->342618->342632->343072->341795->341544->341796->343669->341798->342622->341797->341771->341545->340698->341540->340697->343457->341546->344219->646319->563132->343774->343516->341492->340588->342606->342607->587988->342821->341768->646932->341500->341501->343078->647029->647031->647028->647033->342043->338909->338898->338897->340035->338396->338400->338399->338391->338773->613666->613667
rl_signal_attention,od1_sinnonhyeon_suseo,long,off_peak,7.0,2,1327.2772,1244.0314,83.2459,1274.7285,190.2926,9588.4,4,True,74,8,10,56,342695->342700->343100->342865->342652->342116->342672->340587->646667->646362->341982->342679->341983->342673->646784->646782->341597->344261->341907->341605->341594->343104->341601->343106->343943->342693->341607->344213->343102->341557->342643->341561->341562->341564->342645->341559->342115->563067->342648->342147->341996->341571->341521->342613->341535->343726->343919->338310->339265->338311->339297->339000->339664->338312->338344->562956->562954->338355->338356->339216->339584->338280->338279->587863->340185->340186->338897->340035->338396->338400->338399->338391->338773->613666->613667
rl_signal_attention,od1_sinnonhyeon_suseo,long,off_peak,7.0,3,1265.6244,1163.2955,102.3288,1119.805,233.9146,9644.6,7,True,65,7,10,48,342695->342700->343100->342865->342652->342116->341785->341588->341786->341583->342674->342675->342678->342667->342662->342682->340582->343656->342632->343072->341795->341544->341796->343669->341798->342622->341797->341771->341545->340698->341540->340697->343457->341546->344219->646319->563132->343774->343516->341492->340588->342606->342607->587988->342821->341768->646932->341500->341501->343078->647029->647031->647028->647033->342043->338909->338898->338897->340035->338396->338400->338399->338391->338773->613666->613667
rl_signal_attention,od1_sinnonhyeon_suseo,long,off_peak,7.0,4,1406.1283,1267.3805,138.7478,1120.2511,317.1652,10185.5,6,True,62,8,7,47,342695->342700->343100->342865->342652->342116->342672->340587->342670->343657->342666->342663->342681->342617->342618->342632->343072->341795->341544->341796->343669->341798->342622->341797->341771->341545->340698->341540->343074->646559->343074->342624->343074->341540->340697->343457->341546->342524->343662->342516->342111->613883->340602->342772->563248->613949->344742->646964->344673->343077->338899->587863->340185->340186->338897->340035->338396->338400->338399->338391->338773->613666->613667
rl_signal_attention,od1_sinnonhyeon_suseo,long,off_peak,7.0,5,1393.5249,1237.6858,155.8391,1107.2165,356.2344,10526.9,6,True,57,6,9,42,342695->342700->343100->342865->342652->342116->342672->340587->341789->341589->341791->342678->342667->342662->342682->340582->343656->342632->343072->341795->341544->341796->343669->341798->342622->341797->341771->341545->340698->341540->340697->343457->341546->343780->342515->342812->343038->342776->342775->342773->341271->341491->342050->647032->647028->647033->342043->338909->338898->338897->340035->338396->338400->338399->338391->338773->613666->613667
rl_signal_attention,od1_sinnonhyeon_suseo,long,off_peak,7.0,6,1230.8931,1130.8435,100.0496,1067.0615,228.7045,9385.5,6,True,62,5,8,49,342695->342700->343100->342865->342652->342116->342672->340587->342670->343657->342666->342663->342681->342617->342618->342632->343072->341795->341544->341796->343669->341798->342622->341797->341771->341545->340698->341540->340697->343457->341546->344219->646319->563132->343774->343516->341492->340588->342606->342607->587988->342821->341768->646932->341500->341501->343078->647029->647031->647028->647033->342043->338909->338898->338897->340035->338396->338400->338399->338391->338773->613666->613667
rl_signal_attention,od1_sinnonhyeon_suseo,long,off_peak,7.0,7,1383.4962,1205.4366,178.0597,1102.2278,407.0286,9526.9,8,True,70,6,11,53,342695->342700->343100->342865->342652->342116->342672->340587->342670->343657->342666->341581->341792->342664->341793->341587->341794->342634->340699->342632->343072->341795->341544->341796->343669->341798->342622->341797->341771->341545->340698->341540->563187->563186->563187->341540->340697->343457->341546->344219->646319->563132->343774->343516->341492->340588->342606->342607->587988->342821->341768->646932->341500->341501->343078->647029->647031->647028->647033->342043->338909->338898->338897->340035->338396->338400->338399->338391->338773->613666->613667
rl_signal_attention,od1_sinnonhyeon_suseo,long,off_peak,7.0,8,1296.5693,1189.3471,107.2222,1045.599,245.1005,9546.5,8,True,66,8,9,49,342695->342700->343100->342865->342652->342116->342672->340587->342670->343657->342666->342663->342681->342617->342618->342632->343072->341795->341544->341796->343669->341798->342622->341797->341771->341545->340698->341540->343074->646559->343074->341540->340697->343457->341546->344219->646319->563132->343774->343516->341492->340588->342606->342607->587988->342821->341768->646932->341500->341501->343078->647029->647031->647028->647033->342043->338909->338898->338897->340035->338396->338400->338399->338391->338773->613666->613667
rl_signal_attention,od1_sinnonhyeon_suseo,long,off_peak,7.0,9,1317.4051,1130.5548,186.8503,1017.9367,427.1232,9348.3,11,True,58,4,7,47,342695->342700->343100->342865->342652->342116->342672->340587->342670->343657->342666->342663->342681->342680->342150->341591->342631->563095->342614->340597->342633->342626->344210->341542->341773->341547->563166->341548->340707->343666->343075->341543->588052->341499->344500->342607->587988->342821->341768->646932->341500->341501->343078->647029->647031->647028->647033->342043->338909->338898->338897->340035->338396->338400->338399->338391->338773->613666->613667
rl_signal_attention,od1_sinnonhyeon_suseo,long,off_peak,7.0,10,1408.5281,1289.5105,119.0177,1131.1304,272.0638,11236.0,6,True,66,6,11,49,342695->342700->343100->342865->342652->342116->342672->340587->342670->343657->343658->343657->342666->342663->342681->342617->342618->342632->343072->341795->341544->341796->343669->341798->342622->341797->341771->341545->340698->341540->340697->343457->341546->344219->646319->563132->343774->343516->341492->340588->342606->342607->587988->342821->341768->646932->341500->341501->343078->647029->647031->647028->647033->342043->338909->338898->338903->338886->338371->339984->338403->338372->338404->338391->338773->613666->613667
rl_signal_attention,od1_sinnonhyeon_suseo,long,off_peak,7.0,11,1226.004,1122.3167,103.6873,1019.7201,237.0199,9546.5,6,True,66,8,9,49,342695->342700->343100->342865->342652->342116->342672->340587->342670->343657->342666->342663->342681->342617->342618->342632->343072->341795->341544->341796->343669->341798->342622->341797->341771->341545->340698->341540->343074->646559->343074->341540->340697->343457->341546->344219->646319->563132->343774->343516->341492->340588->342606->342607->587988->342821->341768->646932->341500->341501->343078->647029->647031->647028->647033->342043->338909->338898->338897->340035->338396->338400->338399->338391->338773->613666->613667
rl_signal_attention,od1_sinnonhyeon_suseo,long,off_peak,7.0,12,1375.6773,1179.0585,196.6188,996.5434,449.4531,9356.3,8,True,59,5,8,46,342695->342700->343100->342865->342652->342116->342672->340587->342670->343657->342666->342663->342681->342617->342618->343820->646558->340583->563095->342614->340597->342633->342626->344210->341542->341773->341547->563166->341548->340707->343666->343075->341543->588052->341499->344500->342607->587988->342821->341768->646932->341500->341501->343078->647029->647031->647028->647033->342043->338909->338898->338897->340035->338396->338400->338399->338391->338773->613666->613667
rl_signal_attention,od1_sinnonhyeon_suseo,long,off_peak,7.0,13,1307.1095,1192.6841,114.4254,1162.9658,261.5662,9546.5,6,True,66,8,9,49,342695->342700->343100->342865->342652->342116->342672->340587->342670->343657->342666->342663->342681->342617->342618->342632->343072->341795->341544->341796->343669->341798->342622->341797->341771->341545->340698->341540->343074->646559->343074->341540->340697->343457->341546->344219->646319->563132->343774->343516->341492->340588->342606->342607->587988->342821->341768->646932->341500->341501->343078->647029->647031->647028->647033->342043->338909->338898->338897->340035->338396->338400->338399->338391->338773->613666->613667
rl_signal_attention,od1_sinnonhyeon_suseo,long,off_peak,7.0,14,1375.7959,1121.7528,254.0431,1064.3295,580.72,9473.8,11,True,60,5,8,47,342695->342700->343100->342865->342652->342116->342672->340587->342670->343657->342666->342663->342681->342617->342618->342632->343072->341795->341544->342072->342614->340597->342633->342626->344210->341542->341773->341547->563166->341548->340707->343666->343075->341543->588052->341499->344500->342607->587988->342821->341768->646932->341500->341501->343078->647029->647031->647028->647033->342043->338909->338898->338897->340035->338396->338400->338399->338391->338773->613666->613667
rl_signal_attention,od1_sinnonhyeon_suseo,long,off_peak,7.0,15,1262.2946,1158.4642,103.8304,1074.7624,237.347,9667.7,6,True,64,6,8,50,342695->342696->342695->342700->343100->342865->342652->342116->342672->340587->342670->343657->342666->342663->342681->342617->342618->342632->343072->341795->341544->341796->343669->341798->342622->341797->341771->341545->340698->341540->340697->343457->341546->344219->646319->563132->343774->343516->341492->340588->342606->342607->587988->342821->341768->646932->341500->341501->343078->647029->647031->647028->647033->342043->338909->338898->338897->340035->338396->338400->338399->338391->338773->613666->613667
rl_signal_attention,od1_sinnonhyeon_suseo,long,off_peak,7.0,16,1255.1021,1152.9023,102.1998,1088.4537,233.6196,9546.5,7,True,66,8,9,49,342695->342700->343100->342865->342652->342116->342672->340587->342670->343657->342666->342663->342681->342617->342618->342632->343072->341795->341544->341796->343669->341798->342622->341797->341771->341545->340698->341540->343074->646559->343074->341540->340697->343457->341546->344219->646319->563132->343774->343516->341492->340588->342606->342607->587988->342821->341768->646932->341500->341501->343078->647029->647031->647028->647033->342043->338909->338898->338897->340035->338396->338400->338399->338391->338773->613666->613667
rl_signal_attention,od1_sinnonhyeon_suseo,long,off_peak,7.0,17,1358.9021,1230.5429,128.3592,1055.5891,293.4177,9547.8,9,True,70,5,12,53,342695->342700->343100->342865->342652->342116->342672->340587->342670->343657->342666->341581->341792->342664->341793->341587->341794->342634->340699->342632->343072->341795->341544->341796->343669->341798->342622->341797->341771->341545->340698->341540->340697->343457->341546->344219->646319->563132->343774->343516->341492->340588->342606->342607->587988->342821->341768->646932->341500->341501->343340->343341->341500->341501->343078->647029->647031->647028->647033->342043->338909->338898->338897->340035->338396->338400->338399->338391->338773->613666->613667
rl_signal_attention,od1_sinnonhyeon_suseo,long,off_peak,7.0,18,1302.7868,1128.9939,173.7929,1054.3534,397.2751,9346.9,9,True,61,4,7,50,342695->342700->343100->342865->340641->340704->341588->341785->342116->342672->340587->342670->343657->342666->342663->342681->342680->342150->341591->342631->563095->342614->340597->342633->342626->344210->341542->341773->341547->563166->341548->340707->343666->343075->341543->588052->341499->344500->342607->587988->342821->341768->646932->341500->341501->343078->647029->647031->647028->647033->342043->338909->338898->338897->340035->338396->338400->338399->338391->338773->613666->613667
rl_signal_attention,od1_sinnonhyeon_suseo,long,off_peak,7.0,19,1215.4713,1123.2967,92.1746,1054.6381,210.7029,9384.1,6,True,65,5,8,52,342695->342700->343100->342865->340641->340704->341588->341785->342116->342672->340587->342670->343657->342666->342663->342681->342617->342618->342632->343072->341795->341544->341796->343669->341798->342622->341797->341771->341545->340698->341540->340697->343457->341546->344219->646319->563132->343774->343516->341492->340588->342606->342607->587988->342821->341768->646932->341500->341501->343078->647029->647031->647028->647033->342043->338909->338898->338897->340035->338396->338400->338399->338391->338773->613666->613667
rl_signal_attention,od1_sinnonhyeon_suseo,long,off_peak,7.0,20,1444.4405,1330.5688,113.8717,1108.2143,260.3007,10159.4,7,True,68,6,13,49,342695->342700->343100->342865->342652->342116->342672->340587->342670->343657->342666->342663->342681->342617->342618->342632->343072->341795->341544->341796->343669->341798->342622->341797->341771->341545->340698->341540->340697->343457->341546->344219->646319->563132->343774->343516->341492->340588->342606->342607->587988->342821->341768->646932->341500->341501->343078->647029->647031->647028->647033->342043->338909->338898->338897->340035->340034->340035->338396->338400->338399->338391->338404->338405->338406->338391->338773->613666->613667
rl_signal_attention,od1_sinnonhyeon_suseo,long,off_peak,7.0,21,1254.328,1160.8139,93.5141,1063.8874,213.7649,9545.5,6,True,67,8,9,50,342695->342700->343100->342865->342652->342116->342672->340587->342670->343657->342666->342663->342681->342617->342634->340699->342632->343656->343655->343656->342632->343072->341795->341544->341796->343669->341798->342622->341797->341771->341545->340698->341540->340697->343457->341546->344219->646319->563132->343774->343516->341492->340588->342606->342607->587988->342821->341768->646932->341500->341501->343078->647029->647031->647028->647033->342043->338909->338898->338897->340035->338396->338400->338399->338391->338773->613666->613667
rl_signal_attention,od1_sinnonhyeon_suseo,long,off_peak,7.0,22,1524.0824,1351.8488,172.2336,1275.545,393.7106,10057.6,8,True,68,11,10,47,342695->342700->343100->342865->342652->342116->342672->340587->342670->343657->342666->342663->342681->342617->342618->343654->343653->343654->342618->343820->646558->340583->563095->342614->340597->342633->342626->344210->341542->341773->341547->563166->341548->343667->343076->344198->344512->344515->344195->344196->341543->588052->341499->344500->342607->587988->342821->341768->646932->341500->341501->341997->341490->342050->647032->647028->647033->342043->338909->338898->338897->340035->338396->338400->338399->338391->338773->613666->613667
rl_signal_attention,od1_sinnonhyeon_suseo,long,off_peak,7.0,23,1275.2497,1177.3204,97.9293,1092.6586,223.8578,9544.0,6,True,68,8,9,51,342695->342700->343100->342865->342652->342116->342672->340587->342670->343657->342666->342663->342681->342617->342618->342632->343072->341795->341544->341796->343669->341798->342622->341797->341771->341545->340698->341540->343074->646559->343074->341540->340697->343457->341546->344219->646319->563132->343774->343516->341492->340588->342606->342607->587988->342821->341768->646932->341500->341501->343078->647029->647031->647028->647033->342043->338909->338898->338897->340035->338396->338397->338402->338405->338404->338391->338773->613666->613667
rl_signal_attention,od1_sinnonhyeon_suseo,long,off_peak,7.0,24,1424.1999,1304.0482,120.1517,1092.6028,274.6561,10288.3,7,True,67,7,9,51,342695->342700->343100->342865->342652->342116->342672->340587->342670->343657->342666->342663->342681->342617->342618->342632->343072->341795->341544->341796->343669->341798->342622->341797->341771->341545->340698->341540->340697->343457->341546->344219->646319->563132->343774->343516->341492->340588->342606->342607->587988->342821->341768->646932->341500->341501->343078->647029->647031->647028->647033->342043->338909->338898->338897->340186->340185->340168->340186->338897->340035->338396->338400->338399->338391->338773->613666->613667
rl_signal_attention,od1_sinnonhyeon_suseo,long,off_peak,7.0,25,1298.5698,1195.2862,103.2836,1072.7772,236.0972,10375.9,5,True,60,6,9,45,342695->342700->343100->342865->342652->342116->342672->340587->342670->343657->342666->342663->342681->342617->342618->342632->343072->341795->341544->341796->343669->341798->342622->341797->341771->341545->340698->341540->340697->343457->341546->343780->342515->342812->343038->342776->342775->342773->341271->341491->342050->341490->341997->341501->343078->647029->647031->647028->647033->342043->338909->338898->338897->340035->338396->338400->338399->338391->338773->613666->613667
rl_signal_attention,od1_sinnonhyeon_suseo,long,off_peak,7.0,26,1329.0359,1214.6524,114.3835,970.696,261.4706,9546.5,8,True,66,8,9,49,342695->342700->343100->342865->342652->342116->342672->340587->342670->343657->342666->342663->342681->342617->342618->342632->343072->341795->341544->341796->343669->341798->342622->341797->341771->341545->340698->341540->343074->646559->343074->341540->340697->343457->341546->344219->646319->563132->343774->343516->341492->340588->342606->342607->587988->342821->341768->646932->341500->341501->343078->647029->647031->647028->647033->342043->338909->338898->338897->340035->338396->338400->338399->338391->338773->613666->613667
rl_signal_attention,od1_sinnonhyeon_suseo,long,off_peak,7.0,27,1378.6986,1206.7685,171.9301,1048.0161,393.0169,9449.9,10,True,62,6,10,46,342695->342700->343100->342865->342652->342116->342672->340587->342670->343657->343658->343657->342666->342663->342681->342680->342150->341591->342631->563095->342614->340597->342633->342626->344210->341542->341773->341547->563166->341548->340707->343666->343075->341543->588052->341499->344500->342607->587988->342821->341768->646932->341500->341501->343078->647029->647031->647028->647033->342043->338909->338898->338897->340035->338396->338400->646212->338398->338399->338391->338773->613666->613667
rl_signal_attention,od1_sinnonhyeon_suseo,long,off_peak,7.0,28,1515.4585,1287.5282,227.9303,1126.0886,521.0285,9838.9,8,True,68,5,12,51,342695->342700->343100->342865->342652->342116->342672->340587->342670->343657->342666->342663->342681->342617->342618->342632->343072->341795->341544->341796->343669->341798->342622->341797->341771->341545->340698->341540->340697->343457->341546->344219->646319->563132->343774->343516->341492->340588->342606->342607->344500->341499->341492->340588->342606->342607->587988->342821->341768->646932->341500->341501->343078->647029->647031->647028->647033->342043->338909->338898->338897->340035->338396->338400->338399->338391->338773->613666->613667
rl_signal_attention,od1_sinnonhyeon_suseo,long,off_peak,7.0,29,1525.2076,1416.7286,108.479,1219.4169,247.9734,11854.5,6,True,67,6,11,50,342695->342700->343100->342865->342652->342116->342672->340587->342670->343657->342666->342663->342681->342617->342618->342632->343072->341795->341544->341796->343669->341798->342622->341797->341771->341545->341770->342619->646934->341802->341272->341799->342510->341803->342523->343378->341269->341713->341712->341267->342774->342773->341271->341491->342050->647032->647028->647033->342043->647030->647029->647031->647028->647033->342043->338909->338898->338897->340035->340034->340035->338396->338400->338399->338391->338773->613666->613667
rl_signal_attention,od1_sinnonhyeon_suseo,long,off_peak,7.0,30,1595.3825,1344.8073,250.5752,1127.8096,572.7928,10221.6,7,True,66,7,10,49,342695->342700->343100->342865->342652->342116->342672->340587->342670->343657->343658->343657->342666->342663->342681->342617->342618->342632->343072->341795->341544->341796->343669->341798->342622->341797->341771->341545->340698->341540->343074->646559->343074->341540->340697->343457->341546->342524->343662->342516->342111->613883->340602->342772->563248->613949->344742->646964->344673->343077->338899->587863->340185->340186->338897->340035->338396->338400->338399->338391->338773->613666->338611->613788->338395->338612->613667
rl_signal_attention,od1_sinnonhyeon_suseo,long,peak,8.0,1,1293.1633,1227.3497,65.8136,1185.9483,150.444,10502.4,3,True,56,6,9,41,342695->342700->343100->342865->342652->342116->342672->340587->342670->343657->342666->342663->342681->342617->342618->343820->646558->340583->342072->341544->341796->343669->341798->342622->341797->341771->341545->340698->341540->340697->343457->341546->343780->342515->342812->343038->342776->342775->342773->341271->341491->342050->647032->647028->647033->342043->338909->338898->338897->340035->338396->338400->338399->338391->338773->613666->613667
rl_signal_attention,od1_sinnonhyeon_suseo,long,peak,8.0,2,1323.1873,1262.6329,60.5544,1161.2457,138.4219,10501.0,5,True,59,6,9,44,342695->342700->343100->342865->340641->340704->341588->341785->342116->342672->340587->342670->343657->342666->342663->342681->342617->342618->343820->646558->340583->342072->341544->341796->343669->341798->342622->341797->341771->341545->340698->341540->340697->343457->341546->343780->342515->342812->343038->342776->342775->342773->341271->341491->342050->647032->647028->647033->342043->338909->338898->338897->340035->338396->338400->338399->338391->338773->613666->613667
rl_signal_attention,od1_sinnonhyeon_suseo,long,peak,8.0,3,1503.881,1433.588,70.2931,1427.1857,160.6837,11757.4,4,True,71,12,11,48,342695->342700->343100->342865->342652->342116->342672->340587->342670->343657->342666->342663->342681->342617->342618->342632->343072->341795->341544->341796->343669->341798->342622->341797->341771->341545->340698->341540->340697->343457->341546->343780->342515->342812->343038->342776->342775->342773->342774->341267->341712->341711->341263->342812->343038->342776->342775->342773->341271->341491->342050->647032->647028->647033->342043->338909->338898->338897->340035->338396->338400->338399->338391->338773->613628->338388->338390->613789->613788->338611->613666->613667
rl_signal_attention,od1_sinnonhyeon_suseo,long,peak,8.0,4,1273.287,1219.7443,53.5427,1219.16,122.3939,10906.9,4,True,59,6,8,45,342695->342699->342697->342699->342695->342700->343100->342865->342652->342116->342672->340587->342670->343657->342666->342663->342681->342617->342618->342632->343072->341795->341544->341796->343669->341798->342622->341797->341771->341545->340698->341540->340697->343457->341546->343780->342515->342812->343038->342776->342775->342773->341271->341491->342050->647032->647028->647033->342043->338909->338898->338897->340035->338396->338400->338399->338391->338773->613666->613667
rl_signal_attention,od1_sinnonhyeon_suseo,long,peak,8.0,5,1473.3636,1313.8168,159.5468,1299.0378,364.7099,10906.1,6,True,63,10,13,40,342695->342700->343100->342865->342652->342116->341785->341588->341786->341583->342674->342675->342678->342667->341581->341792->342664->341793->341587->342681->342617->342618->343820->646558->340583->342072->341544->341796->343669->341798->342622->341797->341771->341545->340698->341540->340697->343457->341546->343780->342515->342812->343038->342776->342775->342773->341271->341491->342050->647032->647028->647033->342043->338909->338898->338897->340035->338396->338400->338399->338391->338773->613666->613667
rl_signal_attention,od1_sinnonhyeon_suseo,long,peak,8.0,6,1258.4426,1144.6365,113.8061,1043.0666,260.1507,9385.5,5,True,62,5,8,49,342695->342700->343100->342865->342652->342116->342672->340587->342670->343657->342666->342663->342681->342617->342618->342632->343072->341795->341544->341796->343669->341798->342622->341797->341771->341545->340698->341540->340697->343457->341546->344219->646319->563132->343774->343516->341492->340588->342606->342607->587988->342821->341768->646932->341500->341501->343078->647029->647031->647028->647033->342043->338909->338898->338897->340035->338396->338400->338399->338391->338773->613666->613667
rl_signal_attention,od1_sinnonhyeon_suseo,long,peak,8.0,7,1500.9936,1203.8388,297.1548,1249.3674,679.2695,9608.5,11,True,65,7,14,44,342695->342700->343100->342865->342652->342116->342672->340587->342670->343657->342666->342663->342681->342617->342618->343820->646558->340583->563095->342614->340597->342633->342626->344210->341542->341773->341547->563166->341548->340707->343666->343075->344195->344196->341543->588052->341499->344500->342607->587988->342821->341768->646932->341500->341501->343340->343341->341500->341501->343078->647029->647031->647028->647033->342043->338909->338898->338897->340035->338396->338400->338399->338391->338773->613666->613667
rl_signal_attention,od1_sinnonhyeon_suseo,long,peak,8.0,8,1420.0794,1195.1396,224.9398,1207.3573,514.1924,10031.2,10,True,69,10,11,48,342695->342700->343100->342865->342652->342116->342672->340587->341789->341589->340701->563070->342670->343657->342666->342663->342681->342617->342618->343820->646558->340583->342072->341544->613853->341544->342072->342614->340597->342633->342626->344210->341542->341773->341547->563166->341548->340707->343666->343075->344195->344196->341543->588052->341499->344500->342607->587988->342821->341768->646932->341500->341501->343078->647029->647031->647028->647033->342043->338909->338898->338897->340035->338396->338400->338399->338391->338773->613666->613667
rl_signal_attention,od1_sinnonhyeon_suseo,long,peak,8.0,9,1318.5756,1260.4866,58.089,1282.3856,132.7863,10502.4,4,True,56,6,9,41,342695->342700->343100->342865->342652->342116->342672->340587->342670->343657->342666->342663->342681->342617->342618->343820->646558->340583->342072->341544->341796->343669->341798->342622->341797->341771->341545->340698->341540->340697->343457->341546->343780->342515->342812->343038->342776->342775->342773->341271->341491->342050->647032->647028->647033->342043->338909->338898->338897->340035->338396->338400->338399->338391->338773->613666->613667
rl_signal_attention,od1_sinnonhyeon_suseo,long,peak,8.0,10,1426.8761,1304.1451,122.731,1220.2398,280.5521,10719.4,4,True,59,5,7,47,342695->342700->342159->344204->341621->342834->343100->342865->342652->342116->342672->340587->342670->343657->342666->342663->342681->342617->342618->342632->343072->341795->341544->341796->343669->341798->342622->341797->341771->341545->340698->341540->340697->343457->341546->343780->342515->342812->343038->342776->342775->342773->341271->341491->342050->647032->647028->647033->342043->338909->338898->338897->340035->338396->338400->338399->338391->338773->613666->613667
rl_signal_attention,od1_sinnonhyeon_suseo,long,peak,8.0,11,1274.2015,1208.2124,65.9891,1144.52,150.8452,10502.4,4,True,56,6,9,41,342695->342700->343100->342865->342652->342116->342672->340587->342670->343657->342666->342663->342681->342617->342618->343820->646558->340583->342072->341544->341796->343669->341798->342622->341797->341771->341545->340698->341540->340697->343457->341546->343780->342515->342812->343038->342776->342775->342773->341271->341491->342050->647032->647028->647033->342043->338909->338898->338897->340035->338396->338400->338399->338391->338773->613666->613667
rl_signal_attention,od1_sinnonhyeon_suseo,long,peak,8.0,12,1333.1367,1294.3481,38.7886,1282.9159,88.6672,10527.0,3,True,58,8,9,41,342695->342700->343100->342865->342652->342116->342672->340587->342670->343657->342666->342663->342681->342617->342618->343820->646558->646557->646558->340583->342072->341544->341796->343669->341798->342622->341797->341771->341545->340698->341540->340697->343457->341546->343780->342515->342812->343038->342776->342775->342773->341271->341491->342050->647032->647028->647033->342043->338909->338898->338897->340035->338396->338400->338399->338391->338773->613666->613667
rl_signal_attention,od1_sinnonhyeon_suseo,long,peak,8.0,13,1335.5865,1181.1992,154.3874,1161.6369,352.9158,10003.6,6,True,69,7,11,51,342695->342696->342695->342700->343100->342865->342652->342116->342672->340587->342670->343657->342666->342663->342681->342617->342618->343820->646558->340583->342072->341544->341796->343669->341798->342622->343671->343672->343671->342622->341797->341771->341545->340698->341540->340697->343457->341546->344219->646319->563132->343774->343516->341492->341499->344500->342607->587988->342821->341768->646932->341500->341501->343078->647029->647031->647028->647033->342043->338909->338898->338897->340035->338396->338400->338399->338391->338773->613666->613667
rl_signal_attention,od1_sinnonhyeon_suseo,long,peak,8.0,14,1347.9267,1252.9079,95.0189,1269.2985,217.2047,10888.8,4,True,55,8,11,36,342695->342700->343100->342865->342652->342116->342672->340587->342670->343657->342666->342663->342681->342617->342618->343820->646558->340583->342072->342614->340597->342633->646354->340708->341541->341539->563187->341540->340697->343457->341546->343780->342515->342812->343038->342776->342775->342773->341271->341491->342050->647032->647028->647033->342043->338909->338898->338897->340035->338396->338400->338399->338391->338773->613666->613667
rl_signal_attention,od1_sinnonhyeon_suseo,long,peak,8.0,15,1418.5989,1191.1923,227.4066,1172.4143,519.8312,9887.8,9,True,65,8,9,48,342695->342700->343100->342865->342652->342116->342672->340587->342670->343657->342666->342663->342681->342617->342618->343820->646558->340583->342072->341544->613853->341544->342072->342614->340597->342633->342626->344210->341542->341773->341547->563166->341548->340707->343666->343075->344195->344196->341543->588052->341499->344500->342607->587988->342821->341768->646932->341500->341501->343078->647029->647031->647028->647033->342043->338909->338898->338897->340035->338396->338400->338399->338391->338773->613666->613667
rl_signal_attention,od1_sinnonhyeon_suseo,long,peak,8.0,16,1533.1679,1462.2828,70.8852,1303.0035,162.0372,11301.3,2,True,65,7,9,49,342695->342700->343100->342865->342652->342116->342672->340587->342670->343657->342666->342663->342681->342617->342618->342632->343072->341795->341544->341796->343669->341798->342622->341797->341771->341545->340698->341540->340697->343457->341546->343780->342515->342812->343038->342111->613883->340602->342772->563248->613949->344742->646964->344746->344745->344673->343077->338899->587863->338279->338758->587864->587861->338279->587863->340185->340186->338897->340035->338396->338400->338399->338391->338773->613666->613667
rl_signal_attention,od1_sinnonhyeon_suseo,long,peak,8.0,17,1307.7642,1187.5182,120.246,1173.8896,274.8717,10106.8,5,True,57,5,8,44,342695->342700->343100->342865->342652->342116->342672->340587->342670->343657->342666->342663->342681->342617->342618->343820->646558->340583->342072->341544->341796->343669->341798->342622->341797->341771->341545->340698->341540->340697->343457->341546->342524->343662->342516->342111->613883->340602->342772->563248->613949->344742->646964->344673->343077->338899->587863->340185->340186->338897->340035->338396->338400->338399->338391->338773->613666->613667
rl_signal_attention,od1_sinnonhyeon_suseo,long,peak,8.0,18,1425.826,1281.1588,144.6672,1241.4615,330.6963,10495.1,5,True,59,6,11,42,342695->342700->343100->342865->342652->342116->342672->340587->342670->343657->342666->342663->342681->342617->342618->342632->343072->341795->341544->341796->343669->341798->342622->341797->341771->341545->340698->341540->563187->563186->563187->341540->340697->343457->341546->343780->342515->342812->343038->342776->342775->342773->341271->341491->342050->647032->647028->647033->342043->338909->338898->338897->340035->338396->338400->338399->338391->338773->613666->613667
rl_signal_attention,od1_sinnonhyeon_suseo,long,peak,8.0,19,1361.0106,1125.571,235.4396,1156.544,538.194,9470.4,10,True,61,7,9,45,342695->342700->343100->342865->342652->342116->342672->340587->342670->343657->342666->342663->342681->342680->342150->341591->342631->563095->342614->340597->342633->342626->344210->341542->341773->341547->563166->341548->340707->343666->343075->344195->344513->344196->341543->588052->341499->344500->342607->587988->342821->341768->646932->341500->341501->343078->647029->647031->647028->647033->342043->338909->338898->338897->340035->338396->338400->338399->338391->338773->613666->613667
rl_signal_attention,od1_sinnonhyeon_suseo,long,peak,8.0,20,1307.2093,1123.8642,183.3451,1121.4901,419.1107,9367.9,7,True,62,4,7,51,342695->342700->343100->342865->342652->342116->342672->340587->342670->343657->342666->342663->342681->342617->342618->342632->343072->341795->341544->341796->343669->341798->342622->341797->341771->341545->340698->341540->340697->343457->341546->344219->646319->563132->343774->343516->341492->341499->344500->342607->587988->342821->341768->646932->341500->341501->343078->647029->647031->647028->647033->342043->338909->338898->338897->340035->338396->338400->338399->338391->338773->613666->613667
rl_signal_attention,od1_sinnonhyeon_suseo,long,peak,8.0,21,1295.5985,1219.0183,76.5802,1180.8763,175.0556,10365.7,4,True,55,5,8,42,342695->342700->343100->342865->342652->342116->342672->340587->342670->343657->342666->342663->342681->342617->342618->342632->343072->341795->341544->341796->343669->341798->342622->341797->341771->341545->340698->341540->340697->343457->341546->343780->342515->342812->343038->342776->342775->342773->341271->341491->342050->647032->647028->647033->342043->338909->338898->338897->340035->338396->338400->338399->338391->338773->613666->613667
rl_signal_attention,od1_sinnonhyeon_suseo,long,peak,8.0,22,1401.6085,1287.4985,114.11,1266.5422,260.8453,10502.4,4,True,56,6,9,41,342695->342700->343100->342865->342652->342116->342672->340587->342670->343657->342666->342663->342681->342617->342618->343820->646558->340583->342072->341544->341796->343669->341798->342622->341797->341771->341545->340698->341540->340697->343457->341546->343780->342515->342812->343038->342776->342775->342773->341271->341491->342050->647032->647028->647033->342043->338909->338898->338897->340035->338396->338400->338399->338391->338773->613666->613667
rl_signal_attention,od1_sinnonhyeon_suseo,long,peak,8.0,23,1499.8185,1425.1736,74.6448,1313.0982,170.6315,12160.8,4,True,57,6,9,42,342695->342700->343100->342865->342652->342116->342672->340587->342670->343657->342666->342663->342681->342617->342618->342632->343072->341795->341544->341796->343669->341798->342622->341797->341771->341545->340698->341540->340697->343457->341546->343780->342515->342812->343038->342776->342775->342773->341271->341491->342050->647032->647028->647033->342043->338909->338898->338903->338886->338371->339984->338403->338372->338404->338391->338773->613666->613667
rl_signal_attention,od1_sinnonhyeon_suseo,long,peak,8.0,24,1497.1171,1378.2136,118.9035,1324.7302,271.8028,10502.4,5,True,56,6,9,41,342695->342700->343100->342865->342652->342116->342672->340587->342670->343657->342666->342663->342681->342617->342618->343820->646558->340583->342072->341544->341796->343669->341798->342622->341797->341771->341545->340698->341540->340697->343457->341546->343780->342515->342812->343038->342776->342775->342773->341271->341491->342050->647032->647028->647033->342043->338909->338898->338897->340035->338396->338400->338399->338391->338773->613666->613667
rl_signal_attention,od1_sinnonhyeon_suseo,long,peak,8.0,25,1421.6754,1285.7963,135.8792,1421.9273,310.6077,9757.7,7,True,74,11,12,51,342695->342700->343100->342865->342652->342116->341788->341787->563170->341731->341603->341729->341598->343105->341906->341605->341595->341594->343104->341601->343106->343943->342693->341607->344213->343102->341557->342643->341561->341562->341564->342645->341559->342115->563067->342648->342147->341996->341571->341521->342613->341535->343726->343919->338310->339265->338311->339297->339000->339664->338312->338344->562956->562954->338355->338356->339216->339584->338280->338279->587863->340185->340186->338897->340035->338396->646285->338401->338402->338405->338404->338391->338773->613666->613667
rl_signal_attention,od1_sinnonhyeon_suseo,long,peak,8.0,26,1338.3616,1294.91,43.4516,1486.9117,99.3266,9793.1,3,True,78,9,11,58,342695->342700->343100->342865->342652->342116->342672->340587->646667->646362->341982->342679->341983->342673->646784->646782->341597->344261->341907->341605->341594->343104->341601->343106->343943->342693->341607->344213->343102->341557->588040->341572->340705->341555->342643->341561->341562->341564->342645->341559->342115->563067->342648->342147->341996->341571->341521->342613->341535->343726->343919->338310->339265->338311->339297->339000->339664->338312->338344->562956->562954->338355->338356->339216->339584->338280->338279->587863->340185->340186->338897->340035->338396->338400->338399->338391->338773->613666->613667
rl_signal_attention,od1_sinnonhyeon_suseo,long,peak,8.0,27,1271.0145,1183.7855,87.229,1152.3885,199.3978,9504.6,5,True,63,5,8,50,342695->342700->343100->342865->342652->342116->342672->340587->342670->343657->342666->342663->342681->342617->342618->343820->646558->340583->342072->341544->341796->343669->341798->342622->341797->341771->341545->340698->341540->340697->343457->341546->344219->646319->563132->343774->343516->341492->341499->344500->342607->587988->342821->341768->646932->341500->341501->343078->647029->647031->647028->647033->342043->338909->338898->338897->340035->338396->338400->338399->338391->338773->613666->613667
rl_signal_attention,od1_sinnonhyeon_suseo,long,peak,8.0,28,1493.9945,1329.4561,164.5384,1232.0458,376.1202,10846.8,9,True,73,10,10,53,342695->342700->343100->342865->342652->342116->342672->340587->342670->343657->342666->342663->342681->342617->342618->342632->340699->342634->342617->342618->343820->646558->340583->342072->341544->341796->343669->341798->342622->341797->341771->341545->340698->341540->340697->343457->341546->344219->646319->563132->343774->343516->341492->341499->344500->342607->587988->342821->341768->646932->341500->341501->343078->647029->647031->647028->647033->342043->338909->338898->338897->340186->340168->340185->340186->338897->340035->338396->338400->338399->338391->338773->613666->613667
rl_signal_attention,od1_sinnonhyeon_suseo,long,peak,8.0,29,1505.6089,1363.6457,141.9632,1187.7861,324.5153,10461.4,6,True,57,6,9,42,342695->342700->343100->342865->340641->340704->341588->341786->341583->342674->342675->342678->342667->342662->342682->340582->343656->342632->343072->341795->341544->341796->343669->341798->342622->341797->341771->341545->340698->341540->340697->343457->341546->343780->342515->342812->343038->342776->342775->342773->341271->341491->342050->647032->647028->647033->342043->338909->338898->338897->340035->338396->338400->338399->338391->338773->613666->613667
rl_signal_attention,od1_sinnonhyeon_suseo,long,peak,8.0,30,1578.152,1443.062,135.0901,1334.3683,308.8039,11630.5,6,True,62,7,12,43,342695->342700->343100->342865->342652->342116->342672->342671->342674->342675->342678->342667->342662->342682->340582->343656->342632->343072->341795->341544->341796->343669->341798->342622->341797->341771->341545->340698->341540->340697->343457->341546->343780->342515->342812->343038->342776->342775->342773->341271->341491->341502->341491->342050->647032->647028->647033->342043->338909->338898->338897->340035->338396->338400->338399->338391->338404->338405->338406->338391->338773->613666->613667
rl_signal_attention,od2_yangjae_yeongdong,long,off_peak,7.0,1,1057.9363,837.6016,220.3347,892.1045,503.6655,6560.4,9,True,54,8,7,39,338734->338736->338735->338272->339089->338990->340239->339744->339087->340330->340328->339088->339091->339090->338268->338262->338586->339132->338258->613662->339651->338651->339293->341572->340705->341555->342643->341561->341562->341552->342644->613995->342640->342641->341775->343989->341774->341547->341773->341542->344210->342626->342633->646354->340708->341541->341539->563187->341540->340697->343457->341546->343780->342515->342812
rl_signal_attention,od2_yangjae_yeongdong,long,off_peak,7.0,2,1047.0411,835.9296,211.1114,901.7948,482.582,6560.4,10,True,54,8,7,39,338734->338736->338735->338272->339089->338990->340239->339744->339087->340330->340328->339088->339091->339090->338268->338262->338586->339132->338258->613662->339651->338651->339293->341572->340705->341555->342643->341561->341562->341552->342644->613995->342640->342641->341775->343989->341774->341547->341773->341542->344210->342626->342633->646354->340708->341541->341539->563187->341540->340697->343457->341546->343780->342515->342812
rl_signal_attention,od2_yangjae_yeongdong,long,off_peak,7.0,3,1070.0887,847.1691,222.9197,874.5996,509.5746,6560.4,9,True,54,8,7,39,338734->338736->338735->338272->339089->338990->340239->339744->339087->340330->340328->339088->339091->339090->338268->338262->338586->339132->338258->613662->339651->338651->339293->341572->340705->341555->342643->341561->341562->341552->342644->613995->342640->342641->341775->343989->341774->341547->341773->341542->344210->342626->342633->646354->340708->341541->341539->563187->341540->340697->343457->341546->343780->342515->342812
rl_signal_attention,od2_yangjae_yeongdong,long,off_peak,7.0,4,1237.5115,992.6652,244.8463,994.7642,559.6969,7220.0,10,True,68,11,9,48,338734->338736->338735->338272->339089->338990->340239->339744->339087->338934->338933->338631->339979->340332->338581->338269->338705->339116->339138->338582->338268->338583->587842->338768->338767->338254->339133->338229->340484->339098->342073->342687->341600->342685->341607->344213->343102->341557->342643->341561->341562->341552->341563->341553->341554->341565->340710->341776->341538->613852->344181->342630->342628->341542->344210->342626->342633->646354->340708->341541->341539->563187->341540->340697->343457->341546->343780->342515->342812
rl_signal_attention,od2_yangjae_yeongdong,long,off_peak,7.0,5,1163.5909,966.5087,197.0822,971.8696,450.5125,7200.3,7,True,75,16,9,50,338734->338736->338735->338272->339089->338990->340239->339744->339087->338934->338933->338631->339979->340332->338581->338269->338705->339116->339138->338582->338268->338583->587842->338768->338767->338254->339133->338229->340484->339098->342073->342687->341600->342685->341607->344213->343102->341557->342643->341561->341563->341553->341554->341565->340710->341776->341538->613852->344181->342630->342628->341542->344210->342626->342633->646354->340708->341541->341539->563187->563186->563187->341540->340697->343457->341546->343780->342515->646346->646572->646574->646573->646572->646346->342515->342812
rl_signal_attention,od2_yangjae_yeongdong,long,off_peak,7.0,6,1065.4486,824.8383,240.6103,843.8139,550.0138,6560.4,10,True,54,8,7,39,338734->338736->338735->338272->339089->338990->340239->339744->339087->340330->340328->339088->339091->339090->338268->338262->338586->339132->338258->613662->339651->338651->339293->341572->340705->341555->342643->341561->341562->341552->342644->613995->342640->342641->341775->343989->341774->341547->341773->341542->344210->342626->342633->646354->340708->341541->341539->563187->341540->340697->343457->341546->343780->342515->342812
rl_signal_attention,od2_yangjae_yeongdong,long,off_peak,7.0,7,1238.5634,998.441,240.1224,1044.319,548.8985,7557.3,12,True,66,11,12,43,338734->338736->338735->338272->339089->338990->340239->339744->339087->340330->340328->339088->339091->339090->338268->338262->338586->339132->338258->613662->339651->338651->339293->341572->340705->341555->342643->341561->341562->341552->342644->613995->342640->342641->341775->343989->341774->341547->341773->341542->344210->342626->342633->646354->340708->341541->341539->563187->341540->340697->343457->341546->344219->646319->646416->646353->344394->343664->646556->343664->344394->646353->342524->343662->342516->342515->342812
rl_signal_attention,od2_yangjae_yeongdong,long,off_peak,7.0,8,1293.874,1109.5057,184.3683,1121.7603,421.4495,8336.8,10,True,79,12,11,56,338734->340339->338217->339014->339574->338272->339089->338990->340239->339744->339087->338934->338933->338631->339979->340332->338581->338269->338705->339116->339138->338582->338268->338583->587842->338768->338767->338254->339133->338229->338218->338219->342074->341600->342685->341607->344213->343102->341557->342643->341561->341563->341553->341554->341551->341538->613852->344181->342630->342628->341542->344210->342626->342633->340597->342614->563095->340583->646558->343820->342618->342632->343072->341795->341544->341796->343669->341798->342622->341797->341771->341545->340698->341540->340697->343457->341546->343780->342515->342812
rl_signal_attention,od2_yangjae_yeongdong,long,off_peak,7.0,9,1036.3612,903.422,132.9393,920.6032,303.8874,6907.0,8,True,65,11,9,45,338734->338736->338735->338272->339089->338990->340239->339744->339087->338934->338933->338631->339979->340332->338581->338269->338705->339116->339138->338582->338268->338583->587842->338768->338767->338254->339133->338229->338218->338219->342074->341600->342685->341607->344213->343102->341557->342643->341561->341563->341553->341554->341565->340710->341776->341538->613852->344181->342630->342628->341542->344210->342626->342633->646354->340708->341541->341539->563187->341540->340697->343457->341546->343780->342515->342812
rl_signal_attention,od2_yangjae_yeongdong,long,off_peak,7.0,10,1113.9519,906.9195,207.0324,910.6986,473.2577,6953.2,7,True,68,12,8,48,338734->338736->338735->338272->339089->338990->340239->340238->340239->339744->339087->338934->338933->338631->339979->340332->338581->338269->338705->339116->339138->338582->338268->338583->587842->338768->338767->338254->339133->338229->340484->339098->342073->342687->341600->342685->341607->344213->343102->341557->342643->341561->341563->341553->341554->341565->340710->341776->341538->613852->344181->342630->342628->341542->344210->342626->342633->646354->340708->341541->341539->563187->341540->340697->343457->341546->343780->342515->342812
rl_signal_attention,od2_yangjae_yeongdong,long,off_peak,7.0,11,1211.6765,976.57,235.1066,1009.8282,537.4327,7137.2,10,True,70,11,9,50,338734->338736->338735->338272->339089->338990->340239->339744->339087->338934->339307->339893->339308->340139->338933->338631->339979->340332->338581->338269->338705->339116->339138->338582->338268->338583->587842->338768->338767->338254->339133->338229->340484->339098->342073->342687->341600->342685->341607->344213->343102->341557->342643->341561->341563->341553->341554->341565->340710->341776->341538->613852->344181->342630->342628->341542->344210->342626->342633->646354->340708->341541->341539->563187->341540->340697->343457->341546->343780->342515->342812
rl_signal_attention,od2_yangjae_yeongdong,long,off_peak,7.0,12,1061.7217,834.7441,226.9777,869.5479,518.8508,6714.0,10,True,54,10,8,36,338734->338736->338735->338272->339089->338990->340239->339744->339087->340330->340328->339088->339091->339090->338268->338262->338586->339132->338258->613662->339651->338651->339293->341572->340705->341555->342643->341561->341563->341553->341554->341565->340710->341776->341538->613852->344181->342630->342628->341542->344210->342626->342633->646354->340708->341541->341539->563187->341540->340697->343457->341546->343780->342515->342812
rl_signal_attention,od2_yangjae_yeongdong,long,off_peak,7.0,13,1123.1277,900.313,222.8147,869.8965,509.3345,6905.4,9,True,66,10,8,48,338734->338736->338735->338272->339089->338990->340239->339744->339087->338934->338933->338631->339979->340332->338581->338269->338705->339116->339138->338582->338268->338583->587842->338768->338767->338254->339133->338229->340484->339098->342073->342687->341600->342685->341607->344213->343102->341557->342643->341561->341563->341553->341554->341565->340710->341776->341538->613852->344181->342630->342628->341542->344210->342626->342633->646354->340708->341541->341539->563187->341540->340697->343457->341546->343780->342515->342812
rl_signal_attention,od2_yangjae_yeongdong,long,off_peak,7.0,14,1100.9875,903.7858,197.2017,937.1717,450.7855,6753.4,8,True,65,9,8,48,338734->338736->338735->338272->339089->338990->340239->339744->339087->338934->338933->338631->339979->340332->338581->338269->338705->339116->339138->338582->338268->338583->587842->338768->338767->338254->339133->338229->338218->338219->342074->341600->342685->341607->344213->343102->341557->342643->341561->341562->341552->342644->613995->342640->342641->341775->343989->341774->341547->341773->341542->344210->342626->342633->646354->340708->341541->341539->563187->341540->340697->343457->341546->343780->342515->342812
rl_signal_attention,od2_yangjae_yeongdong,long,off_peak,7.0,15,1450.034,1075.9109,374.1232,1012.4212,855.2123,7947.0,13,True,76,14,14,48,338734->338736->338735->338272->339574->339014->338217->338104->338275->340339->338734->340338->338275->338104->338103->339026->340554->339013->339014->339574->338272->339089->338990->340239->339744->339087->340330->340328->339088->339091->339090->338268->338262->338586->339132->338258->613662->339651->338651->339293->341572->340705->341555->342643->341561->341568->341735->341564->342639->563096->342115->341559->341985->341569->341737->342641->341775->343989->341774->341547->341773->341542->344210->342626->342633->646354->340708->341541->341539->563187->341540->340697->343457->341546->343780->342515->342812
rl_signal_attention,od2_yangjae_yeongdong,long,off_peak,7.0,16,1098.5515,906.1057,192.4458,943.4465,439.9141,6905.4,7,True,66,10,8,48,338734->338736->338735->338272->339089->338990->340239->339744->339087->338934->338933->338631->339979->340332->338581->338269->338705->339116->339138->338582->338268->338583->587842->338768->338767->338254->339133->338229->340484->339098->342073->342687->341600->342685->341607->344213->343102->341557->342643->341561->341563->341553->341554->341565->340710->341776->341538->613852->344181->342630->342628->341542->344210->342626->342633->646354->340708->341541->341539->563187->341540->340697->343457->341546->343780->342515->342812
rl_signal_attention,od2_yangjae_yeongdong,long,off_peak,7.0,17,1097.6119,916.0395,181.5724,972.5959,415.0585,6914.4,10,True,69,11,8,50,338734->338736->338735->338272->339089->338990->340239->339744->339087->338934->338933->338631->339979->340332->338581->338269->338705->339116->339138->338582->338268->338583->587842->338768->338767->338254->339133->338229->338218->338219->342074->341600->342685->341607->344213->343102->341557->342643->341561->341562->341552->342644->613995->342640->342641->341775->343989->341774->341547->341773->341542->344210->342626->342633->646354->340708->341541->341539->563187->341540->343074->646559->343074->341540->340697->343457->341546->343780->342515->342812
rl_signal_attention,od2_yangjae_yeongdong,long,off_peak,7.0,18,1207.6165,982.3872,225.2293,1032.4287,514.8541,7336.2,11,True,61,10,9,42,338734->338736->338735->338272->339089->338990->340239->339744->339087->338934->338933->338631->339979->340332->338581->338269->338775->339117->339088->339091->339090->338268->338262->338586->339132->338258->613662->339651->338651->339293->341572->340705->341555->342643->341561->341562->341552->342644->613995->342640->342641->341775->343989->341774->341547->341773->341542->344210->342626->342633->646354->340708->341541->341539->563187->341540->340697->343457->341546->343780->342515->342812
rl_signal_attention,od2_yangjae_yeongdong,long,off_peak,7.0,19,1082.3219,867.9689,214.3531,894.6827,489.9921,6584.6,10,True,56,10,7,39,338734->338736->338735->338272->339089->338990->340239->339744->339087->340330->340328->339088->339091->339090->338268->338262->338586->339132->338258->613662->339651->338651->339293->341572->340705->341555->342643->341561->341562->341552->342644->613995->342640->342641->341775->343989->341774->341547->341773->341542->344210->342626->342633->646354->340708->341541->341539->563187->563186->563187->341540->340697->343457->341546->343780->342515->342812
rl_signal_attention,od2_yangjae_yeongdong,long,off_peak,7.0,20,1133.4321,929.9132,203.5189,916.7947,465.2261,6870.1,7,True,69,10,9,50,338734->338736->338735->338272->339089->339746->340118->339743->340334->339307->339893->339308->340139->338933->338631->339979->340332->338581->338269->338705->339116->339138->338582->338268->338583->587842->338768->338767->338254->339133->338229->340484->339098->342073->342687->341600->342685->341607->344213->343102->341557->342643->341561->341563->341553->341554->341565->340710->341776->341538->613852->344181->342630->342628->341542->344210->342626->342633->646354->340708->341541->341539->563187->341540->340697->343457->341546->343780->342515->342812
rl_signal_attention,od2_yangjae_yeongdong,long,off_peak,7.0,21,1441.164,1111.5297,329.6343,1228.3919,753.5147,8391.9,13,True,74,13,7,54,338734->338736->338735->338272->339089->338990->340239->339744->339087->340330->340328->339088->339091->339090->338268->338262->338587->338588->339119->338589->338205->338992->338592->338259->338591->338204->338789->338923->340045->340479->587843->338594->338227->645956->339136->338649->338999->339654->339136->338209->338648->646070->338251->338252->338199->338224->342071->341571->341521->342613->646707->563094->342114->341515->341519->343157->343158->343160->344191->344189->342755->342608->342607->342606->340588->341492->343516->343774->563132->646319->344219->341546->343780->342515->342812
rl_signal_attention,od2_yangjae_yeongdong,long,off_peak,7.0,22,1172.9532,963.8074,209.1458,909.4437,478.0886,7153.9,7,True,69,11,13,45,338734->340338->338275->340339->338217->339014->339574->338272->339089->338990->340239->339744->340337->339744->339087->338934->338933->338631->339979->340332->338581->338269->338705->339116->339138->338582->338268->338583->587842->338768->338767->338254->339133->338229->338218->338219->342074->341600->342685->341607->344213->343102->341557->342643->341561->341563->341553->341554->341551->341538->613852->344181->342630->342628->341542->344210->342626->342633->646354->340708->341541->341539->563187->341540->340697->343457->341546->343780->342515->342812
rl_signal_attention,od2_yangjae_yeongdong,long,off_peak,7.0,23,1291.4748,1047.6306,243.8442,980.032,557.4062,7800.5,12,True,82,14,12,56,338734->338736->338735->338272->339574->338735->338272->339089->338990->340239->339744->339087->338934->338933->340139->339308->339893->339307->340334->340335->340334->339307->339893->339308->340139->338933->338631->339979->340332->338581->338269->338705->339116->339138->338582->338268->338583->587842->338768->338767->338254->339133->338229->338218->339571->338261->341734->341572->340705->341555->342643->341561->341562->341552->342644->342148->342645->341559->341985->341569->341737->342641->341775->343989->341774->341547->341773->341542->344210->342626->342633->646354->340708->341541->341539->563187->341540->340697->343457->341546->343780->342515->342812
rl_signal_attention,od2_yangjae_yeongdong,long,off_peak,7.0,24,1091.365,885.3109,206.0541,917.7175,471.0213,6714.0,8,True,54,10,8,36,338734->338736->338735->338272->339089->338990->340239->339744->339087->340330->340328->339088->339091->339090->338268->338262->338586->339132->338258->613662->339651->338651->339293->341572->340705->341555->342643->341561->341563->341553->341554->341565->340710->341776->341538->613852->344181->342630->342628->341542->344210->342626->342633->646354->340708->341541->341539->563187->341540->340697->343457->341546->343780->342515->342812
rl_signal_attention,od2_yangjae_yeongdong,long,off_peak,7.0,25,1091.2017,883.5811,207.6206,906.9873,474.6023,6905.4,7,True,66,10,8,48,338734->338736->338735->338272->339089->338990->340239->339744->339087->338934->338933->338631->339979->340332->338581->338269->338705->339116->339138->338582->338268->338583->587842->338768->338767->338254->339133->338229->340484->339098->342073->342687->341600->342685->341607->344213->343102->341557->342643->341561->341563->341553->341554->341565->340710->341776->341538->613852->344181->342630->342628->341542->344210->342626->342633->646354->340708->341541->341539->563187->341540->340697->343457->341546->343780->342515->342812
rl_signal_attention,od2_yangjae_yeongdong,long,off_peak,7.0,26,1586.5324,1271.0485,315.4839,1310.0176,721.1682,9514.7,13,True,95,16,12,67,338734->338736->338735->338272->339089->338990->340239->339744->339087->338934->338933->338631->339979->340332->340331->340332->339979->338631->338933->340139->339308->339893->339307->340334->340335->340334->339307->339893->339308->340139->338933->338934->339307->339893->339308->340139->338933->338631->339979->340332->338581->338269->338705->339116->339138->338582->338268->338583->587842->338768->338767->338254->339133->338229->338218->339571->338261->341734->341572->340705->341555->342643->341561->341563->341553->341608->342649->341592->341591->342150->342680->342681->342617->342618->343820->646558->340583->563095->342614->342072->341544->341796->343669->341798->342622->341797->341771->341545->340698->341540->340697->343457->341546->343780->342515->342812
rl_signal_attention,od2_yangjae_yeongdong,long,off_peak,7.0,27,1125.8091,933.5887,192.2204,950.5294,439.3988,7209.4,9,True,67,11,11,45,338734->338736->338735->338272->339089->338990->340239->339744->339087->338934->338933->338631->339979->340332->338581->338269->338705->339116->339138->338582->338268->338583->587842->338768->338767->338254->339133->338229->338218->338219->342074->341600->342685->341607->344213->343102->341557->342643->341561->341563->341553->341554->341551->341538->613852->344181->342630->342628->341542->342627->343944->342627->341542->344210->342626->342633->646354->340708->341541->341539->563187->341540->340697->343457->341546->343780->342515->342812
rl_signal_attention,od2_yangjae_yeongdong,long,off_peak,7.0,28,1154.1363,971.31,182.8264,967.622,417.9248,7333.5,12,True,73,9,9,55,338734->338736->338735->338272->339089->338990->340239->339744->339087->338934->338933->338631->339979->340332->338581->338269->338705->339116->339138->338582->338268->338583->587842->338768->338767->338254->339133->338229->340484->339098->342073->342687->341600->342685->341607->344213->343102->341557->342643->341561->341563->341553->341608->342649->341592->341591->342150->342680->342681->342617->342618->342632->343072->341795->341544->341796->343669->341798->342622->341797->341771->341545->341772->646612->341541->341539->563187->341540->340697->343457->341546->343780->342515->342812
rl_signal_attention,od2_yangjae_yeongdong,long,off_peak,7.0,29,1192.9941,942.0105,250.9836,975.0132,573.7262,7207.3,12,True,62,12,11,39,338734->340339->338275->338734->338736->338735->338272->339089->338990->340239->339744->340337->339744->339087->340330->340328->339088->339091->339090->338268->338262->338586->339132->338258->339538->338261->341734->341572->340705->341555->342643->341561->341562->341552->342644->613995->342640->341551->341538->613852->344181->342630->342628->341542->342627->343944->342627->341542->344210->342626->342633->646354->340708->341541->341539->563187->341540->340697->343457->341546->343780->342515->342812
rl_signal_attention,od2_yangjae_yeongdong,long,off_peak,7.0,30,1089.4385,875.6615,213.777,915.4382,488.6753,6759.8,9,True,58,9,8,41,338734->338736->338735->338272->339089->338990->340239->339744->339087->340330->340328->339088->339091->339090->338268->338262->338586->339132->338258->613662->339651->338651->562919->562884->613773->613772->343109->342153->341556->341555->342643->341561->341562->341552->342644->613995->342640->342641->341775->343989->341774->341547->341773->341542->344210->342626->342633->646354->340708->341541->341539->563187->341540->340697->343457->341546->343780->342515->342812
rl_signal_attention,od2_yangjae_yeongdong,long,peak,8.0,1,1116.6881,949.8908,166.7973,1090.1818,381.2838,7320.1,7,True,60,13,14,33,338734->338736->338735->338272->339089->338990->339743->340334->340335->340334->339307->338934->339087->340330->340328->339088->339091->339090->338268->338262->338586->339132->338258->613662->613661->613662->339651->338651->339293->341572->340705->341555->342643->341561->341562->341552->342644->613995->342640->341551->341538->613852->344181->342630->342628->341542->344210->342626->342633->646354->340708->341541->341539->563187->341540->340697->343457->341546->343780->342515->342812
rl_signal_attention,od2_yangjae_yeongdong,long,peak,8.0,2,1496.6818,1308.4557,188.2261,1523.927,430.2681,9613.9,13,True,101,24,20,57,338734->338736->338735->338272->339089->338990->339743->340334->339307->338934->338933->338631->339979->340332->338581->338269->338705->339116->339138->338582->338268->338583->587842->338768->338767->338254->339133->338229->340484->339098->342073->342687->341600->342685->341607->344213->343102->341557->342643->341555->341736->341568->341561->341562->341552->342644->613995->342640->341551->341538->613852->344181->342630->342628->341542->344210->342626->342633->646354->340708->341541->341539->563187->563186->563187->341540->340697->343457->341546->344219->646319->646416->646353->344394->343664->646556->343664->344394->646353->342524->343662->342516->342515->343780->341546->344219->646319->646416->646353->646415->646353->344394->343664->646556->343664->344394->646353->342524->343662->342516->342515->342812
rl_signal_attention,od2_yangjae_yeongdong,long,peak,8.0,3,1097.5351,892.6746,204.8605,993.4928,468.293,6887.4,11,True,70,14,10,46,338734->338736->338735->338272->339089->338990->339743->340334->339307->338934->338933->338631->339979->340332->338581->338269->338705->339116->339138->338582->338268->338583->587842->338768->338767->338254->339133->338229->338218->338219->342074->341600->342685->341607->344213->343102->341557->342643->341561->341562->341552->342644->613995->342640->341551->341538->613852->344181->342630->342628->563165->341547->341773->341542->344210->342626->342633->646354->340708->341541->341539->563187->563186->563187->341540->340697->343457->341546->343780->342515->342812
rl_signal_attention,od2_yangjae_yeongdong,long,peak,8.0,4,1108.8072,925.8844,182.9228,1007.3587,418.1453,7079.2,11,True,70,12,9,49,338734->338736->338735->338272->339089->338990->339743->340334->339307->338934->338933->338631->339979->340332->338581->338269->338705->339116->339138->338582->338268->338583->587842->338768->338767->338254->339133->338229->338218->338219->342074->341600->342685->341607->344213->343102->341557->342643->341561->341562->341552->342644->613995->342640->341551->341538->613852->344181->342630->342628->341542->341773->341547->563166->341548->340707->343666->343075->341543->588052->341499->341492->343516->343774->563132->646319->344219->341546->343780->342515->342812
rl_signal_attention,od2_yangjae_yeongdong,long,peak,8.0,5,1229.4527,997.0807,232.3721,1110.9139,531.1819,7440.8,9,True,76,11,12,53,338734->338736->338735->338272->339089->338990->339743->340334->339307->338934->338933->340139->339308->339893->340333->339893->339308->340139->338933->338631->339979->340332->338581->338269->338705->339116->339138->338582->338268->338583->587842->338768->338767->338254->339133->338229->338218->339571->338261->563143->588038->341607->344213->343102->341557->342643->341561->341563->341553->341608->342649->341592->341591->342150->342680->342681->342617->342618->342632->343072->341795->341544->341796->343669->341798->342622->341797->341771->341545->340698->341540->340697->343457->341546->343780->342515->342812
rl_signal_attention,od2_yangjae_yeongdong,long,peak,8.0,6,1141.2614,878.0337,263.2277,1035.9544,601.7151,6639.7,10,True,63,8,7,48,338734->338736->338735->338272->339089->338990->340239->339744->339087->338934->338933->338631->339979->340332->338581->338269->338705->339116->339138->338582->338268->338583->587842->338768->338767->338254->339133->338229->338218->339571->338261->341734->341572->340705->341555->342643->341561->341562->341552->342644->613995->342640->342641->341775->343989->341774->341547->341773->341542->344210->342626->342633->646354->340708->341541->341539->563187->341540->340697->343457->341546->343780->342515->342812
rl_signal_attention,od2_yangjae_yeongdong,long,peak,8.0,7,1492.1934,1308.3884,183.805,1274.4607,420.162,8767.7,9,True,88,18,16,54,338734->338736->338735->338272->339089->338990->339743->340334->339307->338934->338933->338631->339979->340332->338581->338269->338705->339116->339138->338582->338268->338583->587842->338768->338767->338254->339133->338229->338218->338219->342074->341600->342685->341607->344213->343102->341557->342643->341561->341563->341553->341554->341565->340710->341776->341538->613852->344181->342630->342628->341542->344210->342626->342633->646354->340708->341541->341539->563187->341540->340697->343457->341546->343780->342515->342516->342111->613883->340602->342772->341262->341264->344379->344381->344380->646536->646535->646536->344380->344379->341264->341262->342775->342776->340602->613883->342111->343038->342812
rl_signal_attention,od2_yangjae_yeongdong,long,peak,8.0,8,1206.1049,1006.9126,199.1923,1182.2665,455.3359,7910.9,9,True,70,12,10,48,338734->338736->338735->338272->339089->338990->339743->340334->339307->338934->338933->338631->339979->340332->338581->338269->338705->339116->339138->338582->338268->338583->587842->338768->338767->338254->339133->338229->340484->339098->342073->342687->341600->342685->341607->344213->343102->341557->342643->341561->341563->341553->341554->341565->340710->341776->341538->341551->342640->342641->341775->343989->341774->341547->341773->341542->344210->342626->342633->646354->340708->341541->341539->563187->341540->340697->343457->341546->343780->342515->342812
rl_signal_attention,od2_yangjae_yeongdong,long,peak,8.0,9,1253.024,1020.4466,232.5774,1098.3461,531.6514,7966.9,13,True,77,14,12,51,338734->338736->338735->338272->339089->338990->339743->340334->339307->338934->338933->338631->339979->340332->338581->338269->338705->339116->339138->338582->338268->338583->587842->338768->338767->338254->339133->338229->338218->339571->338261->341734->341572->339293->338651->562921->562923->342153->341556->341555->342643->341561->341563->341553->341554->341565->341777->341608->342649->341592->341591->342150->342680->342681->342617->342618->343820->646558->340583->563095->342614->342072->341544->341796->343669->341798->342622->341797->341771->341545->340698->341540->340697->343457->341546->343780->342515->342812
rl_signal_attention,od2_yangjae_yeongdong,long,peak,8.0,10,1265.6816,981.0762,284.6054,1093.6214,650.5826,7528.8,13,True,78,16,17,45,338734->338736->338735->338272->339089->338990->339743->340334->339307->338934->338933->338631->339979->340332->338581->338269->338580->339112->339947->339096->338710->338991->339115->338205->338998->340121->338997->645954->339806->646068->338655->339657->338922->646291->338226->339093->339128->341549->342639->341564->342645->342148->342644->613995->342640->342641->341775->343989->341774->341547->341773->341542->344210->342626->342633->646354->340708->341541->341539->563187->341540->340697->343457->341546->344219->646319->646416->646353->344394->343664->646556->343664->344394->646353->342524->343662->342516->342515->342812
rl_signal_attention,od2_yangjae_yeongdong,long,peak,8.0,11,1089.1933,872.8094,216.3839,972.1444,494.6343,6856.6,10,True,68,12,11,45,338734->338736->338735->338272->339089->338990->339743->340334->339307->338934->338933->338631->339979->340332->338581->338269->338705->339116->339138->338582->338268->338583->587842->338768->338767->338254->339133->338229->340484->339098->342073->342687->341600->342685->341607->344213->344212->344213->343102->341557->342643->341561->341563->341553->341554->341565->340710->341776->341538->613852->344181->342630->342628->341542->344210->342626->342633->646354->340708->341541->341539->563187->341540->340697->343457->341546->343780->342515->342812
rl_signal_attention,od2_yangjae_yeongdong,long,peak,8.0,12,1082.1139,861.9686,220.1452,970.1664,503.2325,6551.7,10,True,63,10,8,45,338734->338736->338735->338272->339089->338990->339743->340334->339307->338934->338933->338631->339979->340332->338581->338269->338705->339116->339138->338582->338268->338583->587842->338768->338767->338254->339133->338229->338218->339571->338261->341734->341572->340705->341555->342643->341561->341562->341552->342644->613995->342640->342641->341775->343989->341774->341547->341773->341542->344210->342626->342633->646354->340708->341541->341539->563187->341540->340697->343457->341546->343780->342515->342812
rl_signal_attention,od2_yangjae_yeongdong,long,peak,8.0,13,1068.9107,855.0805,213.8302,970.481,488.7968,6819.0,10,True,65,13,10,42,338734->338736->338735->338272->339089->338990->339743->340334->339307->338934->338933->338631->339979->340332->338581->338269->338705->339116->339138->338582->338268->338583->587842->338768->338767->338254->339133->338229->338218->338219->342074->341600->342685->341607->344213->343102->341557->342643->341561->341563->341553->341554->341565->340710->341776->341538->613852->344181->342630->342628->341542->344210->342626->342633->646354->340708->341541->341539->563187->341540->340697->343457->341546->343780->342515->342812
rl_signal_attention,od2_yangjae_yeongdong,long,peak,8.0,14,1072.0934,873.0424,199.051,1016.4283,455.0129,6828.5,9,True,65,13,10,42,338734->338736->338735->338272->339089->338990->339743->340334->339307->338934->338933->338631->339979->340332->338581->338269->338705->339116->339138->338582->338268->338583->587842->338768->338767->338254->339133->338229->338218->339571->338261->563143->588038->341607->344213->343102->341557->342643->341561->341563->341553->341554->341565->340710->341776->341538->613852->344181->342630->342628->341542->344210->342626->342633->646354->340708->341541->341539->563187->341540->340697->343457->341546->343780->342515->342812
rl_signal_attention,od2_yangjae_yeongdong,long,peak,8.0,15,1053.7501,901.0918,152.6583,992.9387,348.9634,6953.6,7,True,65,14,11,40,338734->338736->338735->338272->339089->338990->339743->340334->339307->338934->338933->338631->339979->340332->338581->338269->338705->339116->339138->338582->338268->338583->587842->338768->338767->338254->339133->338229->338218->339094->338258->339538->338261->341734->341572->340705->341555->342643->341561->341562->341552->342644->613995->342640->341551->341538->613852->344181->342630->342628->341542->344210->342626->342633->646354->340708->341541->341539->563187->341540->340697->343457->341546->343780->342515->342812
rl_signal_attention,od2_yangjae_yeongdong,long,peak,8.0,16,963.9169,877.2448,86.6722,959.7777,198.1249,6819.0,8,True,65,13,10,42,338734->338736->338735->338272->339089->338990->339743->340334->339307->338934->338933->338631->339979->340332->338581->338269->338705->339116->339138->338582->338268->338583->587842->338768->338767->338254->339133->338229->338218->338219->342074->341600->342685->341607->344213->343102->341557->342643->341561->341563->341553->341554->341565->340710->341776->341538->613852->344181->342630->342628->341542->344210->342626->342633->646354->340708->341541->341539->563187->341540->340697->343457->341546->343780->342515->342812
rl_signal_attention,od2_yangjae_yeongdong,long,peak,8.0,17,1079.8988,885.7734,194.1254,1023.7245,443.7534,6863.5,9,True,66,12,10,44,338734->338736->338735->338272->339089->339746->340118->339743->340334->339307->338934->338933->338631->339979->340332->338581->338269->338705->339116->339138->338582->338268->338583->587842->338768->338767->338254->339133->338229->338218->338219->342074->341600->342685->341607->344213->343102->341557->342643->341561->341563->341553->341554->341565->340710->341776->341538->613852->344181->342630->342628->341542->344210->342626->342633->646354->340708->341541->341539->563187->341540->340697->343457->341546->343780->342515->342812
rl_signal_attention,od2_yangjae_yeongdong,long,peak,8.0,18,1062.0899,865.7929,196.297,1023.5928,448.7176,6793.5,10,True,65,13,10,42,338734->338736->338735->338272->339089->338990->339743->340334->339307->338934->338933->338631->339979->340332->338581->338269->338705->339116->339138->338582->338268->338583->587842->338768->338767->338254->339133->338229->338218->338219->342074->341600->342685->341607->344213->343102->341557->342643->341561->341562->341552->342644->613995->342640->341551->341538->613852->344181->342630->342628->341542->344210->342626->342633->646354->340708->341541->341539->563187->341540->340697->343457->341546->343780->342515->342812
rl_signal_attention,od2_yangjae_yeongdong,long,peak,8.0,19,1034.3499,898.7193,135.6306,1012.7903,310.0394,6817.4,8,True,66,12,9,45,338734->338736->338735->338272->339089->338990->339743->340334->339307->338934->338933->338631->339979->340332->338581->338269->338705->339116->339138->338582->338268->338583->587842->338768->338767->338254->339133->338229->340484->339098->342073->342687->341600->342685->341607->344213->343102->341557->342643->341561->341563->341553->341554->341565->340710->341776->341538->613852->344181->342630->342628->341542->344210->342626->342633->646354->340708->341541->341539->563187->341540->340697->343457->341546->343780->342515->342812
rl_signal_attention,od2_yangjae_yeongdong,long,peak,8.0,20,1092.1329,902.3975,189.7355,1046.2268,433.7184,6953.6,9,True,65,14,11,40,338734->338736->338735->338272->339089->338990->339743->340334->339307->338934->338933->338631->339979->340332->338581->338269->338705->339116->339138->338582->338268->338583->587842->338768->338767->338254->339133->338229->338218->339094->338258->339538->338261->341734->341572->340705->341555->342643->341561->341562->341552->342644->613995->342640->341551->341538->613852->344181->342630->342628->341542->344210->342626->342633->646354->340708->341541->341539->563187->341540->340697->343457->341546->343780->342515->342812
rl_signal_attention,od2_yangjae_yeongdong,long,peak,8.0,21,1095.1538,880.4954,214.6584,976.2728,490.6902,6817.4,10,True,66,12,9,45,338734->338736->338735->338272->339089->338990->339743->340334->339307->338934->338933->338631->339979->340332->338581->338269->338705->339116->339138->338582->338268->338583->587842->338768->338767->338254->339133->338229->340484->339098->342073->342687->341600->342685->341607->344213->343102->341557->342643->341561->341563->341553->341554->341565->340710->341776->341538->613852->344181->342630->342628->341542->344210->342626->342633->646354->340708->341541->341539->563187->341540->340697->343457->341546->343780->342515->342812
rl_signal_attention,od2_yangjae_yeongdong,long,peak,8.0,22,1183.3586,930.3021,253.0565,1051.9461,578.4647,7004.7,10,True,70,15,15,40,338734->338736->338735->338272->339089->338990->339743->340334->339307->338934->338933->338631->339979->340332->338581->338269->338705->339116->339111->339112->339947->339096->338710->338991->339115->338205->338998->340121->338997->645954->339806->646068->646067->646068->338655->339657->338922->646291->338226->339093->339128->341549->342639->341564->341562->341552->342644->613995->342640->341551->341538->613852->344181->342630->342628->341542->344210->342626->342633->646354->340708->341541->341539->563187->341540->340697->343457->341546->343780->342515->342812
rl_signal_attention,od2_yangjae_yeongdong,long,peak,8.0,23,964.6389,899.462,65.1769,1003.5898,148.9885,7107.9,7,True,65,11,9,45,338734->338736->338735->338272->339089->338990->340239->339744->339087->338934->338933->338631->339979->340332->338581->338269->338705->339116->339138->338582->338268->338583->587842->338768->338767->338254->339133->338229->338218->339571->338261->341734->341572->340705->341555->342643->341561->341562->341552->341563->341553->341554->341565->340710->341776->341538->613852->344181->342630->342628->341542->344210->342626->342633->646354->340708->341541->341539->563187->341540->340697->343457->341546->343780->342515->342812
rl_signal_attention,od2_yangjae_yeongdong,long,peak,8.0,24,1045.3615,900.933,144.4285,989.6907,330.1507,7083.2,8,True,70,12,11,47,338734->338736->338735->338272->339089->338990->339743->340334->339307->338934->338933->338631->339979->340332->338581->338269->338705->339116->339138->338582->338268->338583->587842->338768->338767->338254->339133->338229->340484->339098->342073->342687->341600->342685->341607->344213->343102->341557->342643->341561->341563->341553->341554->341565->340710->341776->341538->613852->344181->342630->342628->341542->342627->343944->342627->341542->344210->342626->342633->646354->340708->341541->341539->563187->341540->340697->343457->341546->343780->342515->342812
rl_signal_attention,od2_yangjae_yeongdong,long,peak,8.0,25,1195.2907,949.9673,245.3234,1064.1397,560.7876,7280.2,14,True,72,11,9,52,338734->338736->338735->338272->339089->338990->339743->340334->339307->338934->338933->338631->339979->340332->338581->338269->338705->339116->339138->338582->338268->338583->587842->338768->338767->338254->339133->338229->340484->339098->342073->342687->341600->342685->341607->344213->343102->341557->342643->341561->341563->341553->341554->341565->341777->341608->342649->341592->341591->342150->342680->342681->342617->342618->342632->343072->341795->341544->341796->343669->341798->342622->341797->341771->341545->340698->341540->340697->343457->341546->343780->342515->342812
rl_signal_attention,od2_yangjae_yeongdong,long,peak,8.0,26,1042.5444,889.5958,152.9486,979.8185,349.6269,6819.0,9,True,65,13,10,42,338734->338736->338735->338272->339089->338990->339743->340334->339307->338934->338933->338631->339979->340332->338581->338269->338705->339116->339138->338582->338268->338583->587842->338768->338767->338254->339133->338229->338218->338219->342074->341600->342685->341607->344213->343102->341557->342643->341561->341563->341553->341554->341565->340710->341776->341538->613852->344181->342630->342628->341542->344210->342626->342633->646354->340708->341541->341539->563187->341540->340697->343457->341546->343780->342515->342812
rl_signal_attention,od2_yangjae_yeongdong,long,peak,8.0,27,1113.1246,946.2503,166.8743,1091.923,381.4599,7036.6,7,True,67,14,11,42,338734->338736->338735->338272->339089->338990->339743->340334->339307->338934->338933->338631->339979->340332->338581->338269->338705->339116->339138->338582->338268->338583->587842->338768->338767->338254->339133->338229->338218->338219->342074->341600->342685->341607->344213->343102->341557->342643->341561->341562->341564->342645->342148->342644->613995->342640->341551->341538->613852->344181->342630->342628->341542->344210->342626->342633->646354->340708->341541->341539->563187->341540->340697->343457->341546->343780->342515->342812
rl_signal_attention,od2_yangjae_yeongdong,long,peak,8.0,28,1215.3019,939.9216,275.3803,1004.8867,629.495,6845.9,10,True,69,11,13,45,338734->338736->338735->338272->339089->338990->339743->340334->340335->340334->339307->338934->338933->338631->339979->340332->338581->338269->338705->339116->339138->338582->338268->338583->587842->338768->338767->338254->339133->338229->338218->339571->338261->341734->341572->340705->341555->342643->341561->341562->341552->342644->613995->342640->342641->341775->343989->341774->341547->341773->341542->342627->343944->342627->341542->344210->342626->342633->646354->340708->341541->341539->563187->341540->340697->343457->341546->343780->342515->342812
rl_signal_attention,od2_yangjae_yeongdong,long,peak,8.0,29,1287.8619,989.603,298.2589,1123.8148,681.7934,7568.8,14,True,75,12,12,51,338734->338736->338735->338272->339089->338990->339743->340334->339307->338934->338933->338631->339979->340332->338581->338269->338705->339116->339138->338582->338268->338583->587842->338768->338767->338254->339133->338229->338218->338219->342074->341600->342685->341607->344213->343102->341557->342643->341561->341563->341553->341554->341565->341777->341608->342649->341592->341591->342150->342680->342681->342617->342618->342632->343072->341795->341544->341796->343669->341798->342622->343671->342623->343671->342622->341797->341771->341545->340698->341540->340697->343457->341546->343780->342515->342812
rl_signal_attention,od2_yangjae_yeongdong,long,peak,8.0,30,1129.7151,950.9946,178.7205,1060.2769,408.5393,7082.0,9,True,77,12,11,54,338734->338736->338735->338272->339089->338990->339743->340334->339307->338934->338933->338631->339979->340332->338581->338269->338705->339116->339138->338582->338268->338583->587842->338768->338767->338254->338926->339129->339130->646136->338920->613766->613768->338803->338267->340192->338229->340484->339098->342073->342687->341600->342685->341607->344213->343102->341557->342643->341561->341562->341552->342644->613995->342640->341551->341538->613852->344181->342630->342628->341542->344210->342626->342633->646354->340708->341541->646612->341772->341545->340698->341540->340697->343457->341546->343780->342515->342812
rl_signal_attention,od3_segok_samsung,long,off_peak,7.0,1,1204.2184,1018.0648,186.1536,884.9536,425.5306,8779.2,6,True,52,6,7,39,340301->340456->340502->340560->646141->587890->587891->339558->339337->111369->562926->111366->111357->111365->338931->340027->613620->613748->339941->646275->646277->646278->646249->338395->338612->613667->613666->338773->338391->338399->338400->338396->340035->338897->338898->338909->342043->647033->647028->647031->647029->343078->341501->343340->344393->341506->341507->341508->343159->343157->343158->341977->341509
rl_signal_attention,od3_segok_samsung,long,off_peak,7.0,2,1342.8122,1072.9924,269.8197,1025.1762,616.784,8776.4,10,True,52,7,5,40,340301->340456->340502->340560->646141->587890->587891->339558->339337->111369->562926->111366->111357->111365->338931->340027->613620->613748->339941->646275->646277->646278->646249->338395->338612->613667->613666->338773->338391->338399->338400->338396->340035->340034->340035->338897->338898->338909->342043->647033->647028->647031->647029->343078->341501->343340->344393->341506->341507->341508->343159->340646->341509
rl_signal_attention,od3_segok_samsung,long,off_peak,7.0,3,1644.4656,1333.7997,310.666,1142.6847,710.1548,9868.7,11,True,72,11,18,43,340301->340456->340502->340560->646141->587890->587891->339558->339337->111369->562926->111366->111357->111365->338931->340237->563052->563050->563049->563050->563052->563051->563052->340237->340415->563050->563052->340237->587900->587899->587900->340237->338931->340027->613620->613748->339941->339942->646275->646277->613750->613789->613788->338395->338612->613667->613666->338773->338391->338404->338405->338402->338397->338396->340035->338897->338898->338909->342043->647033->647028->647031->647029->343078->341501->343340->344393->341506->341507->341508->343159->340646->341509
rl_signal_attention,od3_segok_samsung,long,off_peak,7.0,4,1952.5885,1768.1911,184.3974,1630.6149,421.5161,13565.3,7,True,111,47,12,52,340301->340456->340502->339357->339358->562881->562878->340354->339358->562881->562878->340354->339358->562881->562878->340354->339358->339357->340403->340354->339358->562881->562878->340354->339358->562881->562878->340354->339358->562881->562878->340354->339358->562881->562878->340354->339358->562881->562878->340354->339358->562881->562878->340354->339358->562881->562878->340354->340403->340456->340482->340456->340502->340560->646141->587890->587891->339558->339337->111369->562926->111366->111357->111365->338931->340027->613620->613748->339941->646275->646277->613750->338610->338395->338612->613667->613666->338773->338391->338399->338400->338396->340035->338897->338898->338909->342043->647033->647028->647031->647029->343078->341501->343340->344393->341506->646615->646617->343938->343939->343935->343934->341532->343937->343933->341520->646429->341507->341508->343159->340646->341509
rl_signal_attention,od3_segok_samsung,long,off_peak,7.0,5,1239.1517,1051.0295,188.1222,848.0758,430.0307,8716.8,7,True,54,7,5,42,340301->340456->340502->340560->646141->587890->587891->339558->339337->111369->562926->111366->111357->111365->338931->340027->613620->613748->339941->646275->646277->646278->646249->338395->338612->613667->562953->562952->562953->613667->613666->338773->338391->338399->338400->338396->340035->338897->338898->338909->342043->647033->647028->647031->647029->343078->341501->343340->344393->341506->341507->341508->343159->340646->341509
rl_signal_attention,od3_segok_samsung,long,off_peak,7.0,6,1364.73,1069.7039,295.0261,976.6888,674.4034,9624.6,10,True,48,5,7,36,340301->340456->340502->340560->646141->587890->587891->339558->339337->111369->562926->111366->111357->111365->338931->646287->613729->646279->340028->340468->562980->340029->340030->340029->340183->340184->338886->338371->338397->338396->340035->338897->338898->338909->342043->647033->647028->647031->647029->343078->341501->343340->344393->341506->341507->341508->343159->340646->341509
rl_signal_attention,od3_segok_samsung,long,off_peak,7.0,7,1147.3171,981.0744,166.2427,907.0987,380.016,8558.8,7,True,50,5,5,40,340301->340456->340502->340560->646141->587890->587891->339558->339337->111369->562926->111366->111357->111365->338931->340027->613620->613748->339941->646275->646277->646278->646249->338395->338612->613667->613666->338773->338391->338399->338400->338396->340035->338897->338898->338909->342043->647033->647028->647031->647029->343078->341501->343340->344393->341506->341507->341508->343159->340646->341509
rl_signal_attention,od3_segok_samsung,long,off_peak,7.0,8,1224.1182,1074.6814,149.4368,943.0987,341.5992,8558.8,6,True,50,5,5,40,340301->340456->340502->340560->646141->587890->587891->339558->339337->111369->562926->111366->111357->111365->338931->340027->613620->613748->339941->646275->646277->646278->646249->338395->338612->613667->613666->338773->338391->338399->338400->338396->340035->338897->338898->338909->342043->647033->647028->647031->647029->343078->341501->343340->344393->341506->341507->341508->343159->340646->341509
rl_signal_attention,od3_segok_samsung,long,off_peak,7.0,9,1580.7718,1186.9546,393.8172,1136.9783,900.2312,9799.1,14,True,68,12,11,45,340301->340456->340502->340560->646141->587890->587891->339558->339337->111369->562926->111366->111357->111365->338931->340237->340415->563050->563052->340237->587900->587899->587900->340237->338931->340027->613620->613748->339941->646275->646277->613750->338610->338395->338612->613667->562953->562952->562953->613667->613666->338773->338391->338399->338400->338396->340035->338897->338898->338909->342043->647033->647028->647031->647029->343078->341501->343340->344393->341506->341507->646429->646430->646429->341507->341508->343159->340646->341509
rl_signal_attention,od3_segok_samsung,long,off_peak,7.0,10,1275.729,1024.1276,251.6014,895.2072,575.1384,8558.8,9,True,50,5,5,40,340301->340456->340502->340560->646141->587890->587891->339558->339337->111369->562926->111366->111357->111365->338931->340027->613620->613748->339941->646275->646277->646278->646249->338395->338612->613667->613666->338773->338391->338399->338400->338396->340035->338897->338898->338909->342043->647033->647028->647031->647029->343078->341501->343340->344393->341506->341507->341508->343159->340646->341509
rl_signal_attention,od3_segok_samsung,long,off_peak,7.0,11,1343.3817,1109.9514,233.4302,967.0264,533.6008,8884.4,8,True,53,6,8,39,340301->340456->340502->340560->646141->587890->587891->339558->339337->111369->562926->111366->111357->111365->338931->340027->613620->613748->339941->646275->646277->646278->646249->338395->338612->613667->613666->338773->338391->338399->338400->338396->340035->338897->338898->338909->342043->647033->647028->647031->647029->343078->341501->343340->344393->341506->341507->341508->343159->343157->343158->343160->342800->341509
rl_signal_attention,od3_segok_samsung,long,off_peak,7.0,12,1400.7689,1135.3335,265.4354,1023.8231,606.7617,8653.9,10,True,51,6,7,38,340301->340456->340502->340560->646141->587890->587891->339558->339337->111369->562926->111366->111357->111365->338931->340027->613620->613748->339941->646275->646277->613750->613789->613788->338395->338612->613667->613666->338773->338391->338399->338400->338396->340035->338897->338898->338909->342043->647033->647028->647031->647029->343078->341501->343340->344393->341506->341507->341508->343159->340646->341509
rl_signal_attention,od3_segok_samsung,long,off_peak,7.0,13,1242.7021,1074.0793,168.6228,884.0122,385.4567,9083.0,9,True,51,3,5,43,340301->340456->340502->340560->646141->587890->587891->339558->339337->111369->562926->111366->111357->111365->338931->340027->613620->613748->339941->646275->646277->646278->646249->338395->338612->613667->613666->338773->338391->338399->338400->338396->340035->338897->338898->338909->342043->647033->647028->647032->342050->341490->341997->341501->343340->344393->341506->341507->341508->343159->340646->341509
rl_signal_attention,od3_segok_samsung,long,off_peak,7.0,14,1360.844,1053.1489,307.6951,946.3712,703.3637,8578.5,9,True,50,5,5,40,340301->340456->340502->340560->646141->587890->587891->339558->339337->111369->562926->111366->111357->111365->338931->340027->613620->613748->339941->646275->646277->613750->338610->338395->338612->613667->613666->338773->338391->338399->338400->338396->340035->338897->338898->338909->342043->647033->647028->647031->647029->343078->341501->343340->344393->341506->341507->341508->343159->340646->341509
rl_signal_attention,od3_segok_samsung,long,off_peak,7.0,15,2804.5249,2525.6476,278.8773,2310.9208,637.4887,19451.1,12,True,170,86,21,63,340301->340392->340476->340477->340404->340406->340405->340407->562878->562881->339358->339357->340403->340354->339358->562881->562878->340354->339358->562881->562878->340407->340408->340407->562878->340354->339358->562881->562878->340354->339358->562881->562878->340354->339358->562881->562878->340354->339358->562881->562878->340354->339358->562881->562878->340354->339358->562881->562878->340354->339358->562881->562878->340354->339358->562881->562878->340354->340403->339357->339358->562881->562878->340354->339358->562881->562878->340354->339358->562881->562878->340354->339358->562881->562878->340354->339358->562881->562878->340354->339358->562881->562878->340354->339358->562881->562878->340354->339358->562881->562878->340354->339358->562881->562878->340354->340403->340456->340482->340456->340502->340560->646141->587890->587891->587906->646042->338516->338862->338520->338864->338514->338517->338516->646042->587906->587891->339558->339337->111369->562926->111366->111357->111365->338931->340027->613620->613619->613620->613748->339941->646275->646277->613750->613789->613788->338395->338612->613667->613666->338773->338391->338399->338400->646212->338398->338399->338400->338396->340035->340034->340035->338897->338898->338909->342043->647033->647028->647032->647031->647029->343078->341501->343340->344393->341506->341507->341508->343159->340646->341509
rl_signal_attention,od3_segok_samsung,long,off_peak,7.0,16,1340.8817,1087.725,253.1567,882.4013,578.6936,8648.0,8,True,52,6,7,39,340301->340456->340502->340560->646141->587890->587891->339558->339337->111369->562926->111366->111357->111365->338931->340027->613620->613748->339941->646275->646277->646278->646249->338395->338612->613667->613666->338773->338391->338406->338405->338402->338397->338396->340035->338897->338898->338909->342043->647033->647028->647031->647029->343078->341501->343340->344393->341506->341507->341508->343159->340646->341509
rl_signal_attention,od3_segok_samsung,long,off_peak,7.0,17,1548.1145,1287.1992,260.9153,1065.6152,596.4292,9492.3,9,True,59,8,10,41,340301->340456->340502->340560->646141->587890->587891->339558->339337->111369->562926->111366->111357->111365->338931->340027->613620->613748->339941->646275->646277->646278->646249->338395->338612->613667->613666->338773->338391->338399->338400->338396->340035->338897->338898->338909->342043->647030->647029->343078->341501->343340->344393->341506->646615->646617->343938->342836->343936->341532->343937->343933->341520->341513->341519->343157->343158->343160->342800->341509
rl_signal_attention,od3_segok_samsung,long,off_peak,7.0,18,1746.707,1507.9603,238.7467,1168.2982,545.7538,10913.8,11,True,92,14,12,66,340301->340456->340502->340560->646141->587890->587891->339558->339337->111369->562926->111366->111357->111365->338931->340027->613620->613748->339941->646275->646277->646278->646249->338395->613788->613789->338390->338729->339957->338888->338892->340313->338891->646225->646224->646225->338891->340313->338732->338891->646225->338389->645998->645996->340287->587849->645991->645993->645994->645993->645991->587849->340287->645996->645995->645996->340287->587849->645991->645993->338388->338390->613789->613750->338610->338395->338612->613667->613666->338773->338391->338399->338400->338396->340035->338897->338898->338909->342043->647033->647028->647031->647029->343078->341501->343340->344393->341506->341507->341508->343159->340646->341509
rl_signal_attention,od3_segok_samsung,long,off_peak,7.0,19,381.8577,215.9712,165.8865,219.6734,379.2018,1652.0,5,False,17,3,3,11,340301->340456->340502->340560->646141->587890->587847->587890->587891->339558->339337->111369->562926->562924->562939->562940->562941->562943
rl_signal_attention,od3_segok_samsung,long,off_peak,7.0,20,1308.8617,1061.5936,247.2681,880.1985,565.2329,8558.8,9,True,50,5,5,40,340301->340456->340502->340560->646141->587890->587891->339558->339337->111369->562926->111366->111357->111365->338931->340027->613620->613748->339941->646275->646277->646278->646249->338395->338612->613667->613666->338773->338391->338399->338400->338396->340035->338897->338898->338909->342043->647033->647028->647031->647029->343078->341501->343340->344393->341506->341507->341508->343159->340646->341509
rl_signal_attention,od3_segok_samsung,long,off_peak,7.0,21,1379.8596,1076.8281,303.0315,944.5848,692.7031,8869.1,9,True,53,5,6,42,340301->340456->340502->340560->646141->587890->587891->339558->339337->111369->562926->111366->111357->111365->338931->340027->613620->613748->339941->646275->646277->646278->646249->338395->338612->613667->613666->338773->338391->338399->338400->338396->340035->338897->338898->338909->342043->647033->647028->647031->647032->647028->647031->647029->343078->341501->343340->344393->341506->341507->341508->343159->340646->341509
rl_signal_attention,od3_segok_samsung,long,off_peak,7.0,22,1324.4574,1003.2677,321.1897,908.8362,734.2112,8558.8,9,True,50,5,5,40,340301->340456->340502->340560->646141->587890->587891->339558->339337->111369->562926->111366->111357->111365->338931->340027->613620->613748->339941->646275->646277->646278->646249->338395->338612->613667->613666->338773->338391->338399->338400->338396->340035->338897->338898->338909->342043->647033->647028->647031->647029->343078->341501->343340->344393->341506->341507->341508->343159->340646->341509
rl_signal_attention,od3_segok_samsung,long,off_peak,7.0,23,1392.8071,1122.4236,270.3835,881.9413,618.0726,8854.1,9,True,52,9,7,36,340301->340456->340502->340560->646141->587890->587891->339558->339337->111369->562926->111366->111357->111365->338931->340027->613620->613748->339941->646275->646277->646278->646249->338395->338612->613667->613666->338773->338391->338399->338400->338396->340035->338897->338898->338909->342043->647030->647029->343078->341501->343340->344393->341506->341507->646429->646430->646429->341507->341508->343159->340646->341509
rl_signal_attention,od3_segok_samsung,long,off_peak,7.0,24,1199.0809,1010.4072,188.6737,836.4936,431.2912,8558.8,6,True,50,5,5,40,340301->340456->340502->340560->646141->587890->587891->339558->339337->111369->562926->111366->111357->111365->338931->340027->613620->613748->339941->646275->646277->646278->646249->338395->338612->613667->613666->338773->338391->338399->338400->338396->340035->338897->338898->338909->342043->647033->647028->647031->647029->343078->341501->343340->344393->341506->341507->341508->343159->340646->341509
rl_signal_attention,od3_segok_samsung,long,off_peak,7.0,25,1455.9707,1155.8448,300.1259,945.4752,686.0612,9223.9,10,True,64,9,11,44,340301->340456->340502->340560->646141->587890->587891->339558->339337->111369->562926->111366->111357->111365->338931->340027->613620->613748->339941->339942->646275->646277->646278->646249->338395->338612->613667->613666->338773->613628->338388->338390->613789->613750->646277->646278->646249->338395->338612->613667->613666->338773->338391->338399->338400->338396->340035->338897->338898->338909->342043->647033->647028->647031->647029->343078->341501->343340->344393->341506->341507->341508->343159->340646->341509
rl_signal_attention,od3_segok_samsung,long,off_peak,7.0,26,1373.3653,1124.1537,249.2116,923.6495,569.6756,9132.2,8,True,57,7,11,39,340301->340456->340502->340560->646141->587890->587891->339558->339337->111369->562926->111366->111357->111365->338931->340027->613620->613748->339941->646275->646277->646278->646249->338395->338612->613667->613666->338773->338391->338399->338400->646212->338398->338399->338400->338396->340035->338897->338898->338909->342043->647033->647028->647031->647029->343078->341501->343340->344393->341506->341507->341508->343159->343157->343158->343160->342800->341509
rl_signal_attention,od3_segok_samsung,long,off_peak,7.0,27,1380.6153,1088.7165,291.8989,1044.8149,667.2549,9014.3,9,True,54,9,6,39,340301->340456->340502->340560->646141->587890->587891->339558->339337->111369->562926->111366->111357->111365->338931->340027->613620->613748->339941->646275->646277->646278->646249->338395->338612->613667->613666->338773->338391->338399->338400->338396->340035->338897->338898->338909->342043->647033->647028->647031->647029->343078->341501->343340->344393->341506->341507->341508->343159->343160->343158->343157->343159->340646->341509
rl_signal_attention,od3_segok_samsung,long,off_peak,7.0,28,1392.5069,1154.5923,237.9146,1098.9341,543.8516,9058.0,8,True,54,5,7,42,340301->340456->340502->340560->646141->587890->587891->587909->587908->587909->587891->339558->339337->111369->562926->111366->111357->111365->338931->340027->613620->613748->339941->646275->646277->646278->646249->338395->338612->613667->613666->338773->338391->338399->338400->338396->340035->338897->338898->338909->342043->647033->647028->647031->647029->343078->341501->343340->344393->341506->341507->341508->343159->340646->341509
rl_signal_attention,od3_segok_samsung,long,off_peak,7.0,29,1366.1549,1067.1351,299.0198,956.121,683.5327,8807.8,9,True,55,7,5,43,340301->340456->340502->340560->646141->587890->587891->339558->339337->111369->562926->111366->111357->111365->338931->340027->613620->613748->339941->646275->646277->646278->646276->339941->646275->646277->646278->646249->338395->338612->613667->613666->338773->338391->338399->338400->338396->340035->338897->338898->338909->342043->647033->647028->647031->647029->343078->341501->343340->344393->341506->341507->341508->343159->340646->341509
rl_signal_attention,od3_segok_samsung,long,off_peak,7.0,30,1821.733,1497.5355,324.1975,1376.1945,741.0866,12229.8,9,True,73,6,8,59,340301->340456->340502->340560->646141->587890->587891->339558->339337->111369->562926->111366->111357->111365->338931->340027->613620->613748->339941->646275->646277->646278->646249->338395->338612->613667->613666->338773->338391->338399->338400->338396->340035->338897->338898->338903->338886->338371->338397->338396->340035->338897->340186->340185->587863->338279->338280->339584->339216->338356->338355->562954->562956->338344->338312->339664->339000->339297->338311->339265->338310->343919->343726->341535->341739->342112->342113->341519->341513->646563->341508->343159->340646->341509
rl_signal_attention,od3_segok_samsung,long,peak,8.0,1,1446.461,1170.7554,275.7056,1082.982,630.2384,9053.7,9,True,53,6,9,38,340301->340456->340502->340560->646141->587890->587891->339558->339337->111369->562926->111366->111357->111365->338931->340027->613620->613748->339941->646275->646277->613750->613789->613788->338395->338612->613667->613666->338773->338391->338399->338400->338396->340035->338897->338898->338909->342043->647033->647028->647031->647029->343078->341501->343340->344393->341506->341507->341508->341514->341508->343159->340646->341509
rl_signal_attention,od3_segok_samsung,long,peak,8.0,2,1568.7272,1189.2019,379.5253,1131.8902,867.5611,9403.0,12,True,63,7,11,45,340301->340456->340502->340560->646141->587890->587891->339558->339337->111369->562926->111366->111357->111365->338931->340237->340415->563050->563052->563051->563052->340237->587900->587899->587900->340237->338931->340027->613620->613748->339941->646275->646277->613750->338610->338395->338612->613667->613666->338773->338391->338399->338400->338396->340035->338897->338898->338909->342043->647033->647028->647032->647031->647029->343078->341501->343340->344393->341506->341507->341508->343159->340646->341509
rl_signal_attention,od3_segok_samsung,long,peak,8.0,3,1307.8321,1038.7139,269.1182,1052.1344,615.1803,8578.5,10,True,50,5,5,40,340301->340456->340502->340560->646141->587890->587891->339558->339337->111369->562926->111366->111357->111365->338931->340027->613620->613748->339941->646275->646277->613750->338610->338395->338612->613667->613666->338773->338391->338399->338400->338396->340035->338897->338898->338909->342043->647033->647028->647031->647029->343078->341501->343340->344393->341506->341507->341508->343159->340646->341509
rl_signal_attention,od3_segok_samsung,long,peak,8.0,4,1705.3859,1334.0108,371.3751,1335.8351,848.9305,10344.2,12,True,73,12,14,47,340301->340456->340502->340560->646141->587890->587891->339558->339337->111369->562926->111366->111357->111365->338931->340237->340415->563050->563052->563051->563052->563050->563049->563050->563052->563051->563052->340237->587900->587899->587900->587902->587901->587902->587900->340237->338931->340027->613620->613748->339941->646275->646277->613750->338610->338395->338612->613667->613666->338773->338391->338399->338400->338396->340035->338897->338898->338909->342043->647033->647028->647032->647031->647029->343078->341501->343340->344393->341506->341507->341508->343159->340646->341509
rl_signal_attention,od3_segok_samsung,long,peak,8.0,5,1447.659,1155.1284,292.5306,1169.6419,668.699,8579.0,10,True,51,5,5,41,340301->340456->340502->340560->646141->587890->587891->339558->339337->111369->562926->111366->111357->111365->338931->340027->613620->613748->339941->646275->646277->613750->338610->338395->338612->613667->613666->338773->338391->338399->338400->338396->340035->338897->338898->338909->342043->647033->647028->647032->647031->647029->343078->341501->343340->344393->341506->341507->341508->343159->340646->341509
rl_signal_attention,od3_segok_samsung,long,peak,8.0,6,1308.4491,1046.5287,261.9204,1037.5313,598.7267,8653.9,9,True,51,6,7,38,340301->340456->340502->340560->646141->587890->587891->339558->339337->111369->562926->111366->111357->111365->338931->340027->613620->613748->339941->646275->646277->613750->613789->613788->338395->338612->613667->613666->338773->338391->338399->338400->338396->340035->338897->338898->338909->342043->647033->647028->647031->647029->343078->341501->343340->344393->341506->341507->341508->343159->340646->341509
rl_signal_attention,od3_segok_samsung,long,peak,8.0,7,1325.5314,1066.7483,258.7832,1043.6202,591.5553,8714.2,8,True,55,7,8,40,340301->340456->340502->340560->646141->587890->587891->339558->339337->111369->562926->111366->111357->111365->338931->340027->613620->613748->339941->646275->646277->613750->338610->338395->338612->613667->613666->338773->338391->338399->338400->338396->340035->338897->338898->338909->342043->647033->647028->647031->647029->343078->341501->341500->342820->646932->341500->343341->343340->344393->341506->341507->341508->343159->340646->341509
rl_signal_attention,od3_segok_samsung,long,peak,8.0,8,1404.1639,1168.2341,235.9298,1141.6978,539.3145,9650.2,9,True,62,10,12,40,340301->340456->340502->340560->646141->587890->587891->339558->339337->111369->562926->111366->111357->111365->338931->340027->613620->613619->613620->613748->339941->646275->646277->613750->613789->613788->338395->338612->613667->613666->338773->338391->338399->338400->338396->340035->338897->338898->338909->342043->647033->647028->647031->647029->343078->341501->343340->344393->341506->646615->646617->343938->343939->343932->343933->341520->341513->341519->343157->343158->343160->342800->341509
rl_signal_attention,od3_segok_samsung,long,peak,8.0,9,1322.6,1038.7927,283.8073,991.6914,648.7583,8654.4,10,True,52,6,7,39,340301->340456->340502->340560->646141->587890->587891->339558->339337->111369->562926->111366->111357->111365->338931->340027->613620->613748->339941->646275->646277->613750->613789->613788->338395->338612->613667->613666->338773->338391->338399->338400->338396->340035->338897->338898->338909->342043->647033->647028->647032->647031->647029->343078->341501->343340->344393->341506->341507->341508->343159->340646->341509
rl_signal_attention,od3_segok_samsung,long,peak,8.0,10,1310.0931,1028.9219,281.1712,1007.3665,642.7324,8578.5,10,True,50,5,5,40,340301->340456->340502->340560->646141->587890->587891->339558->339337->111369->562926->111366->111357->111365->338931->340027->613620->613748->339941->646275->646277->613750->338610->338395->338612->613667->613666->338773->338391->338399->338400->338396->340035->338897->338898->338909->342043->647033->647028->647031->647029->343078->341501->343340->344393->341506->341507->341508->343159->340646->341509
rl_signal_attention,od3_segok_samsung,long,peak,8.0,11,1292.3565,1016.2418,276.1147,1017.6609,631.1737,8578.5,9,True,50,5,5,40,340301->340456->340502->340560->646141->587890->587891->339558->339337->111369->562926->111366->111357->111365->338931->340027->613620->613748->339941->646275->646277->613750->338610->338395->338612->613667->613666->338773->338391->338399->338400->338396->340035->338897->338898->338909->342043->647033->647028->647031->647029->343078->341501->343340->344393->341506->341507->341508->343159->340646->341509
rl_signal_attention,od3_segok_samsung,long,peak,8.0,12,1291.7758,1089.3762,202.3996,1022.5677,462.6675,8558.8,7,True,50,5,5,40,340301->340456->340502->340560->646141->587890->587891->339558->339337->111369->562926->111366->111357->111365->338931->340027->613620->613748->339941->646275->646277->646278->646249->338395->338612->613667->613666->338773->338391->338399->338400->338396->340035->338897->338898->338909->342043->647033->647028->647031->647029->343078->341501->343340->344393->341506->341507->341508->343159->340646->341509
rl_signal_attention,od3_segok_samsung,long,peak,8.0,13,1357.6975,1107.9902,249.7073,1065.8172,570.8088,8653.9,9,True,51,6,7,38,340301->340456->340502->340560->646141->587890->587891->339558->339337->111369->562926->111366->111357->111365->338931->340027->613620->613748->339941->646275->646277->613750->613789->613788->338395->338612->613667->613666->338773->338391->338399->338400->338396->340035->338897->338898->338909->342043->647033->647028->647031->647029->343078->341501->343340->344393->341506->341507->341508->343159->340646->341509
rl_signal_attention,od3_segok_samsung,long,peak,8.0,14,1317.7494,1061.2796,256.4698,1066.479,586.2671,8578.5,8,True,50,5,5,40,340301->340456->340502->340560->646141->587890->587891->339558->339337->111369->562926->111366->111357->111365->338931->340027->613620->613748->339941->646275->646277->613750->338610->338395->338612->613667->613666->338773->338391->338399->338400->338396->340035->338897->338898->338909->342043->647033->647028->647031->647029->343078->341501->343340->344393->341506->341507->341508->343159->340646->341509
rl_signal_attention,od3_segok_samsung,long,peak,8.0,15,1405.482,1143.162,262.32,1061.8329,599.6403,8733.9,9,True,53,5,8,40,340301->340456->340502->340560->646141->587890->587891->339558->339337->111369->562926->111366->111357->111365->338931->340027->613620->613748->339941->646275->646277->613750->613789->613788->338395->338612->613667->613666->338773->338391->338399->338400->338396->340035->338897->338898->338909->342043->647033->647028->647031->647029->343078->343127->343078->341501->343340->344393->341506->341507->341508->343159->340646->341509
rl_signal_attention,od3_segok_samsung,long,peak,8.0,16,2012.7175,1674.3097,338.4077,1641.5917,773.57,13539.9,9,True,70,9,9,52,340301->340456->340502->340560->646141->587890->587891->339558->339337->111369->562926->111366->111357->111365->338931->340027->613620->613748->339941->646275->646277->613750->338610->338395->338612->613667->613666->338773->338391->338399->338400->338396->340035->338897->338898->338903->338886->338371->338397->338396->340035->338897->338898->338909->342043->647033->647028->647032->647031->647029->343078->341501->343340->344393->341506->646615->646617->343938->343939->343935->343934->341532->343937->343933->341520->646429->341507->341508->343159->340646->341509
rl_signal_attention,od3_segok_samsung,long,peak,8.0,17,1407.6736,1054.3117,353.3619,1025.0452,807.7539,8579.0,10,True,51,5,5,41,340301->340456->340502->340560->646141->587890->587891->339558->339337->111369->562926->111366->111357->111365->338931->340027->613620->613748->339941->646275->646277->613750->338610->338395->338612->613667->613666->338773->338391->338399->338400->338396->340035->338897->338898->338909->342043->647033->647028->647032->647031->647029->343078->341501->343340->344393->341506->341507->341508->343159->340646->341509
rl_signal_attention,od3_segok_samsung,long,peak,8.0,18,1484.9704,1181.899,303.0714,1327.2207,692.7944,9518.3,9,True,57,6,10,41,340301->340456->340502->340560->646141->587890->587891->339558->339337->111369->562926->111366->111357->111365->338931->340027->613620->613748->339941->646275->646277->613750->338610->338395->338612->613667->613666->338773->338391->338399->338400->338396->340035->338897->338898->338909->342043->647033->647028->647031->647029->343078->341501->343340->344393->341506->341507->341508->341514->341508->646563->341513->341519->343157->343158->343160->342800->341509
rl_signal_attention,od3_segok_samsung,long,peak,8.0,19,1813.5811,1522.9558,290.6253,1565.2996,664.3437,12941.0,10,True,60,7,9,44,340301->340456->340502->340560->646141->587890->587891->339558->339337->111369->562926->111366->111357->111365->338931->340027->613620->613748->339941->646275->646277->613750->613789->613788->338395->338612->613667->613666->338773->338391->338399->338400->338396->340035->338897->338898->338903->338886->338371->338397->338396->340035->338897->338898->338909->342043->647033->647028->647032->647031->647029->343078->341501->343340->344393->341506->341507->341508->343159->340646->341509
rl_signal_attention,od3_segok_samsung,long,peak,8.0,20,1396.1399,1057.3554,338.7845,1044.3502,774.4313,8578.5,9,True,50,5,5,40,340301->340456->340502->340560->646141->587890->587891->339558->339337->111369->562926->111366->111357->111365->338931->340027->613620->613748->339941->646275->646277->613750->338610->338395->338612->613667->613666->338773->338391->338399->338400->338396->340035->338897->338898->338909->342043->647033->647028->647031->647029->343078->341501->343340->344393->341506->341507->341508->343159->340646->341509
rl_signal_attention,od3_segok_samsung,long,peak,8.0,21,1315.0782,1082.9805,232.0977,1116.4485,530.5547,8653.9,9,True,51,6,7,38,340301->340456->340502->340560->646141->587890->587891->339558->339337->111369->562926->111366->111357->111365->338931->340027->613620->613748->339941->646275->646277->613750->613789->613788->338395->338612->613667->613666->338773->338391->338399->338400->338396->340035->338897->338898->338909->342043->647033->647028->647031->647029->343078->341501->343340->344393->341506->341507->341508->343159->340646->341509
rl_signal_attention,od3_segok_samsung,long,peak,8.0,22,1318.4474,1054.2147,264.2327,1046.1742,604.0124,8697.6,10,True,52,7,8,37,340301->340456->340502->340560->646141->587890->587891->339558->339337->111369->562926->111366->111357->111365->338931->340027->613620->613748->339941->339942->646275->646277->613750->613789->613788->338395->338612->613667->613666->338773->338391->338399->338400->338396->340035->338897->338898->338909->342043->647033->647028->647031->647029->343078->341501->343340->344393->341506->341507->341508->343159->340646->341509
rl_signal_attention,od3_segok_samsung,long,peak,8.0,23,1324.4822,1068.0918,256.3904,1063.3048,586.0857,8578.5,9,True,50,5,5,40,340301->340456->340502->340560->646141->587890->587891->339558->339337->111369->562926->111366->111357->111365->338931->340027->613620->613748->339941->646275->646277->613750->338610->338395->338612->613667->613666->338773->338391->338399->338400->338396->340035->338897->338898->338909->342043->647033->647028->647031->647029->343078->341501->343340->344393->341506->341507->341508->343159->340646->341509
rl_signal_attention,od3_segok_samsung,long,peak,8.0,24,1422.6644,1122.7586,299.9057,1157.9767,685.5579,8718.1,9,True,55,5,8,42,340301->340456->340502->340560->646141->587890->587891->339558->339337->111369->562926->111366->111357->111365->338931->340027->613620->613748->339941->646275->646277->613750->338610->338395->613788->613789->613750->338610->338395->338612->613667->613666->338773->338391->338399->338400->338396->340035->338897->338898->338909->342043->647033->647028->647031->647029->343078->341501->343340->344393->341506->341507->341508->343159->340646->341509
rl_signal_attention,od3_segok_samsung,long,peak,8.0,25,1321.0719,1038.0156,283.0563,989.4182,647.0417,8558.8,8,True,50,5,5,40,340301->340456->340502->340560->646141->587890->587891->339558->339337->111369->562926->111366->111357->111365->338931->340027->613620->613748->339941->646275->646277->646278->646249->338395->338612->613667->613666->338773->338391->338399->338400->338396->340035->338897->338898->338909->342043->647033->647028->647031->647029->343078->341501->343340->344393->341506->341507->341508->343159->340646->341509
rl_signal_attention,od3_segok_samsung,long,peak,8.0,26,1324.3996,1039.6706,284.729,982.9698,650.8652,8620.7,10,True,52,5,7,40,340301->340456->340502->340560->646141->587890->587891->339558->339337->111369->562926->111366->111357->111365->338931->340027->613620->613748->339941->646275->646277->613750->338610->338395->338612->613667->613666->338773->338391->338399->338400->338396->340035->338897->338898->338909->342043->647033->647028->647031->647029->343078->341501->343340->344393->646843->344393->341506->341507->341508->343159->340646->341509
rl_signal_attention,od3_segok_samsung,long,peak,8.0,27,1346.2404,1065.518,280.7223,1011.6464,641.7063,8578.5,9,True,50,5,5,40,340301->340456->340502->340560->646141->587890->587891->339558->339337->111369->562926->111366->111357->111365->338931->340027->613620->613748->339941->646275->646277->613750->338610->338395->338612->613667->613666->338773->338391->338399->338400->338396->340035->338897->338898->338909->342043->647033->647028->647031->647029->343078->341501->343340->344393->341506->341507->341508->343159->340646->341509
rl_signal_attention,od3_segok_samsung,long,peak,8.0,28,1328.5071,1053.7382,274.7689,1042.5094,628.0973,8558.8,9,True,50,5,5,40,340301->340456->340502->340560->646141->587890->587891->339558->339337->111369->562926->111366->111357->111365->338931->340027->613620->613748->339941->646275->646277->646278->646249->338395->338612->613667->613666->338773->338391->338399->338400->338396->340035->338897->338898->338909->342043->647033->647028->647031->647029->343078->341501->343340->344393->341506->341507->341508->343159->340646->341509
rl_signal_attention,od3_segok_samsung,long,peak,8.0,29,1334.4383,1093.4256,241.0128,1095.5444,550.9337,8620.7,8,True,52,5,7,40,340301->340456->340502->340560->646141->587890->587891->339558->339337->111369->562926->111366->111357->111365->338931->340027->613620->613748->339941->646275->646277->613750->338610->338395->338612->613667->613666->338773->338391->338399->338400->338396->340035->338897->338898->338909->342043->647033->647028->647031->647029->343078->341501->343340->344393->646843->344393->341506->341507->341508->343159->340646->341509
rl_signal_attention,od3_segok_samsung,long,peak,8.0,30,1342.5038,1074.9781,267.5257,1059.7262,611.5399,8578.5,10,True,50,5,5,40,340301->340456->340502->340560->646141->587890->587891->339558->339337->111369->562926->111366->111357->111365->338931->340027->613620->613748->339941->646275->646277->613750->338610->338395->338612->613667->613666->338773->338391->338399->338400->338396->340035->338897->338898->338909->342043->647033->647028->647031->647029->343078->341501->343340->344393->341506->341507->341508->343159->340646->341509
