model,route,route_type,time_slot,start_hour,rep,fuel_total,fuel_drive,fuel_idle,travel_time,wait_time,distance,wait_count,reached,steps,n_left,n_right,n_straight,path
shortest_dijkstra,t1_seonjeongneung_daechi,long,off_peak,7.0,1,510.6309,393.5504,109.5618,437.9195,291.2192,2915.1,5,True,31,2,2,27,341608->341553->341563->341552->342644->342148->342645->341559->341985->341569->341738->563185->341560->342648->342147->341996->341571->340229->562951->338222->338726->338837->339122->646056->338604->338223->338603->339126->338348->338347->338706->338354
shortest_dijkstra,t1_seonjeongneung_daechi,long,off_peak,7.0,2,428.6953,359.443,64.076,440.3383,170.3162,2915.1,4,True,31,2,2,27,341608->341553->341563->341552->342644->342148->342645->341559->341985->341569->341738->563185->341560->342648->342147->341996->341571->340229->562951->338222->338726->338837->339122->646056->338604->338223->338603->339126->338348->338347->338706->338354
shortest_dijkstra,t1_seonjeongneung_daechi,long,off_peak,7.0,3,448.7542,362.0985,80.6456,414.5386,214.3589,2915.1,4,True,31,2,2,27,341608->341553->341563->341552->342644->342148->342645->341559->341985->341569->341738->563185->341560->342648->342147->341996->341571->340229->562951->338222->338726->338837->339122->646056->338604->338223->338603->339126->338348->338347->338706->338354
shortest_dijkstra,t1_seonjeongneung_daechi,long,off_peak,7.0,4,431.6566,356.8451,70.366,429.4878,187.0354,2915.1,4,True,31,2,2,27,341608->341553->341563->341552->342644->342148->342645->341559->341985->341569->341738->563185->341560->342648->342147->341996->341571->340229->562951->338222->338726->338837->339122->646056->338604->338223->338603->339126->338348->338347->338706->338354
shortest_dijkstra,t1_seonjeongneung_daechi,long,off_peak,7.0,5,452.8678,377.2446,69.7192,435.7654,185.3162,2915.1,4,True,31,2,2,27,341608->341553->341563->341552->342644->342148->342645->341559->341985->341569->341738->563185->341560->342648->342147->341996->341571->340229->562951->338222->338726->338837->339122->646056->338604->338223->338603->339126->338348->338347->338706->338354
shortest_dijkstra,t1_seonjeongneung_daechi,long,off_peak,7.0,6,445.5092,360.3581,79.6709,407.1092,211.7682,2915.1,4,True,31,2,2,27,341608->341553->341563->341552->342644->342148->342645->341559->341985->341569->341738->563185->341560->342648->342147->341996->341571->340229->562951->338222->338726->338837->339122->646056->338604->338223->338603->339126->338348->338347->338706->338354
shortest_dijkstra,t1_seonjeongneung_daechi,long,off_peak,7.0,7,446.5165,358.8592,82.3234,399.0047,218.8186,2915.1,4,True,31,2,2,27,341608->341553->341563->341552->342644->342148->342645->341559->341985->341569->341738->563185->341560->342648->342147->341996->341571->340229->562951->338222->338726->338837->339122->646056->338604->338223->338603->339126->338348->338347->338706->338354
shortest_dijkstra,t1_seonjeongneung_daechi,long,off_peak,7.0,8,435.2011,353.5292,75.5414,413.0754,200.7917,2915.1,4,True,31,2,2,27,341608->341553->341563->341552->342644->342148->342645->341559->341985->341569->341738->563185->341560->342648->342147->341996->341571->340229->562951->338222->338726->338837->339122->646056->338604->338223->338603->339126->338348->338347->338706->338354
shortest_dijkstra,t1_seonjeongneung_daechi,long,off_peak,7.0,9,437.2001,354.6488,76.48,416.7966,203.2866,2915.1,4,True,31,2,2,27,341608->341553->341563->341552->342644->342148->342645->341559->341985->341569->341738->563185->341560->342648->342147->341996->341571->340229->562951->338222->338726->338837->339122->646056->338604->338223->338603->339126->338348->338347->338706->338354
shortest_dijkstra,t1_seonjeongneung_daechi,long,off_peak,7.0,10,430.3385,359.4735,65.5913,440.5133,174.344,2915.1,4,True,31,2,2,27,341608->341553->341563->341552->342644->342148->342645->341559->341985->341569->341738->563185->341560->342648->342147->341996->341571->340229->562951->338222->338726->338837->339122->646056->338604->338223->338603->339126->338348->338347->338706->338354
shortest_dijkstra,t1_seonjeongneung_daechi,long,off_peak,7.0,11,440.3509,364.1276,70.8408,414.0527,188.2975,2915.1,4,True,31,2,2,27,341608->341553->341563->341552->342644->342148->342645->341559->341985->341569->341738->563185->341560->342648->342147->341996->341571->340229->562951->338222->338726->338837->339122->646056->338604->338223->338603->339126->338348->338347->338706->338354
shortest_dijkstra,t1_seonjeongneung_daechi,long,off_peak,7.0,12,451.4005,369.9948,74.7871,418.9109,198.7869,2915.1,4,True,31,2,2,27,341608->341553->341563->341552->342644->342148->342645->341559->341985->341569->341738->563185->341560->342648->342147->341996->341571->340229->562951->338222->338726->338837->339122->646056->338604->338223->338603->339126->338348->338347->338706->338354
shortest_dijkstra,t1_seonjeongneung_daechi,long,off_peak,7.0,13,445.2862,364.3825,74.3687,428.2214,197.6746,2915.1,4,True,31,2,2,27,341608->341553->341563->341552->342644->342148->342645->341559->341985->341569->341738->563185->341560->342648->342147->341996->341571->340229->562951->338222->338726->338837->339122->646056->338604->338223->338603->339126->338348->338347->338706->338354
shortest_dijkstra,t1_seonjeongneung_daechi,long,off_peak,7.0,14,441.5375,362.0674,72.6059,429.6641,192.9892,2915.1,4,True,31,2,2,27,341608->341553->341563->341552->342644->342148->342645->341559->341985->341569->341738->563185->341560->342648->342147->341996->341571->340229->562951->338222->338726->338837->339122->646056->338604->338223->338603->339126->338348->338347->338706->338354
shortest_dijkstra,t1_seonjeongneung_daechi,long,off_peak,7.0,15,437.5973,365.2967,67.3432,439.2069,179.0006,2915.1,4,True,31,2,2,27,341608->341553->341563->341552->342644->342148->342645->341559->341985->341569->341738->563185->341560->342648->342147->341996->341571->340229->562951->338222->338726->338837->339122->646056->338604->338223->338603->339126->338348->338347->338706->338354
shortest_dijkstra,t1_seonjeongneung_daechi,long,off_peak,7.0,16,459.5188,378.4938,75.1893,446.6418,199.856,2915.1,4,True,31,2,2,27,341608->341553->341563->341552->342644->342148->342645->341559->341985->341569->341738->563185->341560->342648->342147->341996->341571->340229->562951->338222->338726->338837->339122->646056->338604->338223->338603->339126->338348->338347->338706->338354
shortest_dijkstra,t1_seonjeongneung_daechi,long,off_peak,7.0,17,429.9914,349.4459,75.1461,411.4597,199.7411,2915.1,4,True,31,2,2,27,341608->341553->341563->341552->342644->342148->342645->341559->341985->341569->341738->563185->341560->342648->342147->341996->341571->340229->562951->338222->338726->338837->339122->646056->338604->338223->338603->339126->338348->338347->338706->338354
shortest_dijkstra,t1_seonjeongneung_daechi,long,off_peak,7.0,18,433.9222,350.7431,78.7647,425.5836,209.3594,2915.1,4,True,31,2,2,27,341608->341553->341563->341552->342644->342148->342645->341559->341985->341569->341738->563185->341560->342648->342147->341996->341571->340229->562951->338222->338726->338837->339122->646056->338604->338223->338603->339126->338348->338347->338706->338354
shortest_dijkstra,t1_seonjeongneung_daechi,long,off_peak,7.0,19,438.0402,350.5298,81.539,397.0866,216.7337,2915.1,4,True,31,2,2,27,341608->341553->341563->341552->342644->342148->342645->341559->341985->341569->341738->563185->341560->342648->342147->341996->341571->340229->562951->338222->338726->338837->339122->646056->338604->338223->338603->339126->338348->338347->338706->338354
shortest_dijkstra,t1_seonjeongneung_daechi,long,off_peak,7.0,20,450.5767,374.6838,70.0057,427.5168,186.0777,2915.1,4,True,31,2,2,27,341608->341553->341563->341552->342644->342148->342645->341559->341985->341569->341738->563185->341560->342648->342147->341996->341571->340229->562951->338222->338726->338837->339122->646056->338604->338223->338603->339126->338348->338347->338706->338354
shortest_dijkstra,t1_seonjeongneung_daechi,long,off_peak,7.0,21,436.33,354.6071,75.6954,426.9933,201.2011,2915.1,4,True,31,2,2,27,341608->341553->341563->341552->342644->342148->342645->341559->341985->341569->341738->563185->341560->342648->342147->341996->341571->340229->562951->338222->338726->338837->339122->646056->338604->338223->338603->339126->338348->338347->338706->338354
shortest_dijkstra,t1_seonjeongneung_daechi,long,off_peak,7.0,22,435.0661,349.3704,80.2049,419.6088,213.1875,2915.1,4,True,31,2,2,27,341608->341553->341563->341552->342644->342148->342645->341559->341985->341569->341738->563185->341560->342648->342147->341996->341571->340229->562951->338222->338726->338837->339122->646056->338604->338223->338603->339126->338348->338347->338706->338354
shortest_dijkstra,t1_seonjeongneung_daechi,long,off_peak,7.0,23,448.9087,365.4393,77.1386,418.3685,205.0371,2915.1,4,True,31,2,2,27,341608->341553->341563->341552->342644->342148->342645->341559->341985->341569->341738->563185->341560->342648->342147->341996->341571->340229->562951->338222->338726->338837->339122->646056->338604->338223->338603->339126->338348->338347->338706->338354
shortest_dijkstra,t1_seonjeongneung_daechi,long,off_peak,7.0,24,449.6482,368.5713,75.8912,419.6818,201.7217,2915.1,4,True,31,2,2,27,341608->341553->341563->341552->342644->342148->342645->341559->341985->341569->341738->563185->341560->342648->342147->341996->341571->340229->562951->338222->338726->338837->339122->646056->338604->338223->338603->339126->338348->338347->338706->338354
shortest_dijkstra,t1_seonjeongneung_daechi,long,off_peak,7.0,25,448.8234,362.7229,79.0128,409.9846,210.0189,2915.1,4,True,31,2,2,27,341608->341553->341563->341552->342644->342148->342645->341559->341985->341569->341738->563185->341560->342648->342147->341996->341571->340229->562951->338222->338726->338837->339122->646056->338604->338223->338603->339126->338348->338347->338706->338354
shortest_dijkstra,t1_seonjeongneung_daechi,long,off_peak,7.0,26,446.5674,375.54,64.8954,440.8911,172.4943,2915.1,4,True,31,2,2,27,341608->341553->341563->341552->342644->342148->342645->341559->341985->341569->341738->563185->341560->342648->342147->341996->341571->340229->562951->338222->338726->338837->339122->646056->338604->338223->338603->339126->338348->338347->338706->338354
shortest_dijkstra,t1_seonjeongneung_daechi,long,off_peak,7.0,27,445.7016,365.7968,73.7182,421.4856,195.9455,2915.1,4,True,31,2,2,27,341608->341553->341563->341552->342644->342148->342645->341559->341985->341569->341738->563185->341560->342648->342147->341996->341571->340229->562951->338222->338726->338837->339122->646056->338604->338223->338603->339126->338348->338347->338706->338354
shortest_dijkstra,t1_seonjeongneung_daechi,long,off_peak,7.0,28,447.3798,357.7303,82.8199,403.8489,220.1382,2915.1,4,True,31,2,2,27,341608->341553->341563->341552->342644->342148->342645->341559->341985->341569->341738->563185->341560->342648->342147->341996->341571->340229->562951->338222->338726->338837->339122->646056->338604->338223->338603->339126->338348->338347->338706->338354
shortest_dijkstra,t1_seonjeongneung_daechi,long,off_peak,7.0,29,440.6527,354.877,80.8637,406.5622,214.9386,2915.1,4,True,31,2,2,27,341608->341553->341563->341552->342644->342148->342645->341559->341985->341569->341738->563185->341560->342648->342147->341996->341571->340229->562951->338222->338726->338837->339122->646056->338604->338223->338603->339126->338348->338347->338706->338354
shortest_dijkstra,t1_seonjeongneung_daechi,long,off_peak,7.0,30,434.4114,373.0964,57.2608,472.9806,152.2013,2915.1,4,True,31,2,2,27,341608->341553->341563->341552->342644->342148->342645->341559->341985->341569->341738->563185->341560->342648->342147->341996->341571->340229->562951->338222->338726->338837->339122->646056->338604->338223->338603->339126->338348->338347->338706->338354
shortest_dijkstra,t1_seonjeongneung_daechi,long,peak,8.0,1,447.0339,354.6096,89.0193,454.2947,236.6165,2915.1,3,True,31,2,2,27,341608->341553->341563->341552->342644->342148->342645->341559->341985->341569->341738->563185->341560->342648->342147->341996->341571->340229->562951->338222->338726->338837->339122->646056->338604->338223->338603->339126->338348->338347->338706->338354
shortest_dijkstra,t1_seonjeongneung_daechi,long,peak,8.0,2,493.5515,384.7343,104.7016,523.5877,278.3005,2915.1,4,True,31,2,2,27,341608->341553->341563->341552->342644->342148->342645->341559->341985->341569->341738->563185->341560->342648->342147->341996->341571->340229->562951->338222->338726->338837->339122->646056->338604->338223->338603->339126->338348->338347->338706->338354
shortest_dijkstra,t1_seonjeongneung_daechi,long,peak,8.0,3,538.5468,374.6699,158.8619,539.69,422.2606,2915.1,5,True,31,2,2,27,341608->341553->341563->341552->342644->342148->342645->341559->341985->341569->341738->563185->341560->342648->342147->341996->341571->340229->562951->338222->338726->338837->339122->646056->338604->338223->338603->339126->338348->338347->338706->338354
shortest_dijkstra,t1_seonjeongneung_daechi,long,peak,8.0,4,435.1229,356.568,76.5656,482.5683,203.5141,2915.1,3,True,31,2,2,27,341608->341553->341563->341552->342644->342148->342645->341559->341985->341569->341738->563185->341560->342648->342147->341996->341571->340229->562951->338222->338726->338837->339122->646056->338604->338223->338603->339126->338348->338347->338706->338354
shortest_dijkstra,t1_seonjeongneung_daechi,long,peak,8.0,5,488.0155,361.3524,123.0699,485.6597,327.1243,2915.1,4,True,31,2,2,27,341608->341553->341563->341552->342644->342148->342645->341559->341985->341569->341738->563185->341560->342648->342147->341996->341571->340229->562951->338222->338726->338837->339122->646056->338604->338223->338603->339126->338348->338347->338706->338354
shortest_dijkstra,t1_seonjeongneung_daechi,long,peak,8.0,6,457.0825,371.1636,83.2072,479.1302,221.1677,2915.1,3,True,31,2,2,27,341608->341553->341563->341552->342644->342148->342645->341559->341985->341569->341738->563185->341560->342648->342147->341996->341571->340229->562951->338222->338726->338837->339122->646056->338604->338223->338603->339126->338348->338347->338706->338354
shortest_dijkstra,t1_seonjeongneung_daechi,long,peak,8.0,7,493.1143,389.2991,100.5597,542.9663,267.2914,2915.1,4,True,31,2,2,27,341608->341553->341563->341552->342644->342148->342645->341559->341985->341569->341738->563185->341560->342648->342147->341996->341571->340229->562951->338222->338726->338837->339122->646056->338604->338223->338603->339126->338348->338347->338706->338354
shortest_dijkstra,t1_seonjeongneung_daechi,long,peak,8.0,8,440.6164,363.1827,74.4807,498.0163,197.9724,2915.1,3,True,31,2,2,27,341608->341553->341563->341552->342644->342148->342645->341559->341985->341569->341738->563185->341560->342648->342147->341996->341571->340229->562951->338222->338726->338837->339122->646056->338604->338223->338603->339126->338348->338347->338706->338354
shortest_dijkstra,t1_seonjeongneung_daechi,long,peak,8.0,9,442.2292,353.6561,84.7361,465.7382,225.2317,2915.1,3,True,31,2,2,27,341608->341553->341563->341552->342644->342148->342645->341559->341985->341569->341738->563185->341560->342648->342147->341996->341571->340229->562951->338222->338726->338837->339122->646056->338604->338223->338603->339126->338348->338347->338706->338354
shortest_dijkstra,t1_seonjeongneung_daechi,long,peak,8.0,10,552.0085,387.3168,159.0787,518.7246,422.8371,2915.1,5,True,31,2,2,27,341608->341553->341563->341552->342644->342148->342645->341559->341985->341569->341738->563185->341560->342648->342147->341996->341571->340229->562951->338222->338726->338837->339122->646056->338604->338223->338603->339126->338348->338347->338706->338354
shortest_dijkstra,t1_seonjeongneung_daechi,long,peak,8.0,11,534.2488,363.0492,165.8924,506.5495,440.9481,2915.1,5,True,31,2,2,27,341608->341553->341563->341552->342644->342148->342645->341559->341985->341569->341738->563185->341560->342648->342147->341996->341571->340229->562951->338222->338726->338837->339122->646056->338604->338223->338603->339126->338348->338347->338706->338354
shortest_dijkstra,t1_seonjeongneung_daechi,long,peak,8.0,12,448.5799,354.0307,91.1134,445.1296,242.1829,2915.1,3,True,31,2,2,27,341608->341553->341563->341552->342644->342148->342645->341559->341985->341569->341738->563185->341560->342648->342147->341996->341571->340229->562951->338222->338726->338837->339122->646056->338604->338223->338603->339126->338348->338347->338706->338354
shortest_dijkstra,t1_seonjeongneung_daechi,long,peak,8.0,13,436.3899,355.016,78.4203,507.4177,208.4441,2915.1,3,True,31,2,2,27,341608->341553->341563->341552->342644->342148->342645->341559->341985->341569->341738->563185->341560->342648->342147->341996->341571->340229->562951->338222->338726->338837->339122->646056->338604->338223->338603->339126->338348->338347->338706->338354
shortest_dijkstra,t1_seonjeongneung_daechi,long,peak,8.0,14,451.8606,369.9418,79.6131,481.5358,211.6145,2915.1,3,True,31,2,2,27,341608->341553->341563->341552->342644->342148->342645->341559->341985->341569->341738->563185->341560->342648->342147->341996->341571->340229->562951->338222->338726->338837->339122->646056->338604->338223->338603->339126->338348->338347->338706->338354
shortest_dijkstra,t1_seonjeongneung_daechi,long,peak,8.0,15,435.7475,346.339,86.1412,460.672,228.9664,2915.1,3,True,31,2,2,27,341608->341553->341563->341552->342644->342148->342645->341559->341985->341569->341738->563185->341560->342648->342147->341996->341571->340229->562951->338222->338726->338837->339122->646056->338604->338223->338603->339126->338348->338347->338706->338354
shortest_dijkstra,t1_seonjeongneung_daechi,long,peak,8.0,16,437.0545,358.2772,76.2864,508.098,202.772,2915.1,3,True,31,2,2,27,341608->341553->341563->341552->342644->342148->342645->341559->341985->341569->341738->563185->341560->342648->342147->341996->341571->340229->562951->338222->338726->338837->339122->646056->338604->338223->338603->339126->338348->338347->338706->338354
shortest_dijkstra,t1_seonjeongneung_daechi,long,peak,8.0,17,431.6344,350.0836,79.2361,472.6111,210.6125,2915.1,3,True,31,2,2,27,341608->341553->341563->341552->342644->342148->342645->341559->341985->341569->341738->563185->341560->342648->342147->341996->341571->340229->562951->338222->338726->338837->339122->646056->338604->338223->338603->339126->338348->338347->338706->338354
shortest_dijkstra,t1_seonjeongneung_daechi,long,peak,8.0,18,445.5524,357.7182,85.4969,470.1527,227.2538,2915.1,3,True,31,2,2,27,341608->341553->341563->341552->342644->342148->342645->341559->341985->341569->341738->563185->341560->342648->342147->341996->341571->340229->562951->338222->338726->338837->339122->646056->338604->338223->338603->339126->338348->338347->338706->338354
shortest_dijkstra,t1_seonjeongneung_daechi,long,peak,8.0,19,544.352,362.3685,176.8614,468.7995,470.104,2915.1,5,True,31,2,2,27,341608->341553->341563->341552->342644->342148->342645->341559->341985->341569->341738->563185->341560->342648->342147->341996->341571->340229->562951->338222->338726->338837->339122->646056->338604->338223->338603->339126->338348->338347->338706->338354
shortest_dijkstra,t1_seonjeongneung_daechi,long,peak,8.0,20,546.491,374.601,166.5301,514.9585,442.6432,2915.1,5,True,31,2,2,27,341608->341553->341563->341552->342644->342148->342645->341559->341985->341569->341738->563185->341560->342648->342147->341996->341571->340229->562951->338222->338726->338837->339122->646056->338604->338223->338603->339126->338348->338347->338706->338354
shortest_dijkstra,t1_seonjeongneung_daechi,long,peak,8.0,21,542.3667,369.1286,168.4145,502.8066,447.6518,2915.1,5,True,31,2,2,27,341608->341553->341563->341552->342644->342148->342645->341559->341985->341569->341738->563185->341560->342648->342147->341996->341571->340229->562951->338222->338726->338837->339122->646056->338604->338223->338603->339126->338348->338347->338706->338354
shortest_dijkstra,t1_seonjeongneung_daechi,long,peak,8.0,22,440.9521,353.2427,84.9344,487.183,225.7586,2915.1,3,True,31,2,2,27,341608->341553->341563->341552->342644->342148->342645->341559->341985->341569->341738->563185->341560->342648->342147->341996->341571->340229->562951->338222->338726->338837->339122->646056->338604->338223->338603->339126->338348->338347->338706->338354
shortest_dijkstra,t1_seonjeongneung_daechi,long,peak,8.0,23,452.6394,368.2122,81.5271,498.6663,216.7021,2915.1,3,True,31,2,2,27,341608->341553->341563->341552->342644->342148->342645->341559->341985->341569->341738->563185->341560->342648->342147->341996->341571->340229->562951->338222->338726->338837->339122->646056->338604->338223->338603->339126->338348->338347->338706->338354
shortest_dijkstra,t1_seonjeongneung_daechi,long,peak,8.0,24,431.4811,348.5993,80.7774,481.0099,214.7092,2915.1,3,True,31,2,2,27,341608->341553->341563->341552->342644->342148->342645->341559->341985->341569->341738->563185->341560->342648->342147->341996->341571->340229->562951->338222->338726->338837->339122->646056->338604->338223->338603->339126->338348->338347->338706->338354
shortest_dijkstra,t1_seonjeongneung_daechi,long,peak,8.0,25,454.6194,366.7941,85.0221,510.5645,225.9917,2915.1,3,True,31,2,2,27,341608->341553->341563->341552->342644->342148->342645->341559->341985->341569->341738->563185->341560->342648->342147->341996->341571->340229->562951->338222->338726->338837->339122->646056->338604->338223->338603->339126->338348->338347->338706->338354
shortest_dijkstra,t1_seonjeongneung_daechi,long,peak,8.0,26,446.5151,355.8072,87.6507,466.7133,232.9789,2915.1,3,True,31,2,2,27,341608->341553->341563->341552->342644->342148->342645->341559->341985->341569->341738->563185->341560->342648->342147->341996->341571->340229->562951->338222->338726->338837->339122->646056->338604->338223->338603->339126->338348->338347->338706->338354
shortest_dijkstra,t1_seonjeongneung_daechi,long,peak,8.0,27,532.7027,361.9648,165.342,503.1514,439.485,2915.1,5,True,31,2,2,27,341608->341553->341563->341552->342644->342148->342645->341559->341985->341569->341738->563185->341560->342648->342147->341996->341571->340229->562951->338222->338726->338837->339122->646056->338604->338223->338603->339126->338348->338347->338706->338354
shortest_dijkstra,t1_seonjeongneung_daechi,long,peak,8.0,28,556.5047,395.6388,155.2235,536.1763,412.5896,2915.1,5,True,31,2,2,27,341608->341553->341563->341552->342644->342148->342645->341559->341985->341569->341738->563185->341560->342648->342147->341996->341571->340229->562951->338222->338726->338837->339122->646056->338604->338223->338603->339126->338348->338347->338706->338354
shortest_dijkstra,t1_seonjeongneung_daechi,long,peak,8.0,29,484.3161,369.0741,112.1647,499.8935,298.1378,2915.1,4,True,31,2,2,27,341608->341553->341563->341552->342644->342148->342645->341559->341985->341569->341738->563185->341560->342648->342147->341996->341571->340229->562951->338222->338726->338837->339122->646056->338604->338223->338603->339126->338348->338347->338706->338354
shortest_dijkstra,t1_seonjeongneung_daechi,long,peak,8.0,30,451.1663,361.3131,85.9646,475.0751,228.497,2915.1,3,True,31,2,2,27,341608->341553->341563->341552->342644->342148->342645->341559->341985->341569->341738->563185->341560->342648->342147->341996->341571->340229->562951->338222->338726->338837->339122->646056->338604->338223->338603->339126->338348->338347->338706->338354
shortest_dijkstra,t2_yeoksam_hakyeoul,long,off_peak,7.0,1,678.2019,517.1798,153.3324,605.4323,407.563,3958.3,7,True,49,4,3,42,338267->340192->338229->338218->339571->338261->341734->341572->339293->338651->562921->562923->342153->343109->613772->339003->339662->341549->342639->563096->342115->343710->341560->342648->342147->341996->341571->340229->562951->338222->338726->338837->339122->646056->338604->338223->338603->339126->338348->338347->338346->339296->338349->338341->338728->339266->338343->338313->338712->338344
shortest_dijkstra,t2_yeoksam_hakyeoul,long,off_peak,7.0,2,684.9359,525.8922,151.4689,610.0893,402.6098,3958.3,7,True,49,4,3,42,338267->340192->338229->338218->339571->338261->341734->341572->339293->338651->562921->562923->342153->343109->613772->339003->339662->341549->342639->563096->342115->343710->341560->342648->342147->341996->341571->340229->562951->338222->338726->338837->339122->646056->338604->338223->338603->339126->338348->338347->338346->339296->338349->338341->338728->339266->338343->338313->338712->338344
shortest_dijkstra,t2_yeoksam_hakyeoul,long,off_peak,7.0,3,681.687,518.1333,154.2422,608.3185,409.9813,3958.3,6,True,49,4,3,42,338267->340192->338229->338218->339571->338261->341734->341572->339293->338651->562921->562923->342153->343109->613772->339003->339662->341549->342639->563096->342115->343710->341560->342648->342147->341996->341571->340229->562951->338222->338726->338837->339122->646056->338604->338223->338603->339126->338348->338347->338346->339296->338349->338341->338728->339266->338343->338313->338712->338344
shortest_dijkstra,t2_yeoksam_hakyeoul,long,off_peak,7.0,4,710.7926,535.3134,166.109,569.7272,441.5238,3958.3,7,True,49,4,3,42,338267->340192->338229->338218->339571->338261->341734->341572->339293->338651->562921->562923->342153->343109->613772->339003->339662->341549->342639->563096->342115->343710->341560->342648->342147->341996->341571->340229->562951->338222->338726->338837->339122->646056->338604->338223->338603->339126->338348->338347->338346->339296->338349->338341->338728->339266->338343->338313->338712->338344
shortest_dijkstra,t2_yeoksam_hakyeoul,long,off_peak,7.0,5,695.201,525.22,160.9747,583.5561,427.8765,3958.3,7,True,49,4,3,42,338267->340192->338229->338218->339571->338261->341734->341572->339293->338651->562921->562923->342153->343109->613772->339003->339662->341549->342639->563096->342115->343710->341560->342648->342147->341996->341571->340229->562951->338222->338726->338837->339122->646056->338604->338223->338603->339126->338348->338347->338346->339296->338349->338341->338728->339266->338343->338313->338712->338344
shortest_dijkstra,t2_yeoksam_hakyeoul,long,off_peak,7.0,6,700.7806,531.6991,160.7767,584.6564,427.3502,3958.3,7,True,49,4,3,42,338267->340192->338229->338218->339571->338261->341734->341572->339293->338651->562921->562923->342153->343109->613772->339003->339662->341549->342639->563096->342115->343710->341560->342648->342147->341996->341571->340229->562951->338222->338726->338837->339122->646056->338604->338223->338603->339126->338348->338347->338346->339296->338349->338341->338728->339266->338343->338313->338712->338344
shortest_dijkstra,t2_yeoksam_hakyeoul,long,off_peak,7.0,7,671.9513,503.1624,159.5529,588.1055,424.0974,3958.3,7,True,49,4,3,42,338267->340192->338229->338218->339571->338261->341734->341572->339293->338651->562921->562923->342153->343109->613772->339003->339662->341549->342639->563096->342115->343710->341560->342648->342147->341996->341571->340229->562951->338222->338726->338837->339122->646056->338604->338223->338603->339126->338348->338347->338346->339296->338349->338341->338728->339266->338343->338313->338712->338344
shortest_dijkstra,t2_yeoksam_hakyeoul,long,off_peak,7.0,8,766.3882,537.4386,218.4966,610.6163,580.7718,3958.3,7,True,49,4,3,42,338267->340192->338229->338218->339571->338261->341734->341572->339293->338651->562921->562923->342153->343109->613772->339003->339662->341549->342639->563096->342115->343710->341560->342648->342147->341996->341571->340229->562951->338222->338726->338837->339122->646056->338604->338223->338603->339126->338348->338347->338346->339296->338349->338341->338728->339266->338343->338313->338712->338344
shortest_dijkstra,t2_yeoksam_hakyeoul,long,off_peak,7.0,9,704.5906,532.649,162.9753,577.7327,433.1942,3958.3,7,True,49,4,3,42,338267->340192->338229->338218->339571->338261->341734->341572->339293->338651->562921->562923->342153->343109->613772->339003->339662->341549->342639->563096->342115->343710->341560->342648->342147->341996->341571->340229->562951->338222->338726->338837->339122->646056->338604->338223->338603->339126->338348->338347->338346->339296->338349->338341->338728->339266->338343->338313->338712->338344
shortest_dijkstra,t2_yeoksam_hakyeoul,long,off_peak,7.0,10,688.3091,551.9062,129.1296,669.936,343.2313,3958.3,7,True,49,4,3,42,338267->340192->338229->338218->339571->338261->341734->341572->339293->338651->562921->562923->342153->343109->613772->339003->339662->341549->342639->563096->342115->343710->341560->342648->342147->341996->341571->340229->562951->338222->338726->338837->339122->646056->338604->338223->338603->339126->338348->338347->338346->339296->338349->338341->338728->339266->338343->338313->338712->338344
shortest_dijkstra,t2_yeoksam_hakyeoul,long,off_peak,7.0,11,719.3634,538.0376,172.7811,552.1155,459.2583,3958.3,7,True,49,4,3,42,338267->340192->338229->338218->339571->338261->341734->341572->339293->338651->562921->562923->342153->343109->613772->339003->339662->341549->342639->563096->342115->343710->341560->342648->342147->341996->341571->340229->562951->338222->338726->338837->339122->646056->338604->338223->338603->339126->338348->338347->338346->339296->338349->338341->338728->339266->338343->338313->338712->338344
shortest_dijkstra,t2_yeoksam_hakyeoul,long,off_peak,7.0,12,699.3848,536.7529,154.7453,599.6343,411.3186,3958.3,7,True,49,4,3,42,338267->340192->338229->338218->339571->338261->341734->341572->339293->338651->562921->562923->342153->343109->613772->339003->339662->341549->342639->563096->342115->343710->341560->342648->342147->341996->341571->340229->562951->338222->338726->338837->339122->646056->338604->338223->338603->339126->338348->338347->338346->339296->338349->338341->338728->339266->338343->338313->338712->338344
shortest_dijkstra,t2_yeoksam_hakyeoul,long,off_peak,7.0,13,720.6834,548.6067,163.4201,577.5444,434.3767,3958.3,7,True,49,4,3,42,338267->340192->338229->338218->339571->338261->341734->341572->339293->338651->562921->562923->342153->343109->613772->339003->339662->341549->342639->563096->342115->343710->341560->342648->342147->341996->341571->340229->562951->338222->338726->338837->339122->646056->338604->338223->338603->339126->338348->338347->338346->339296->338349->338341->338728->339266->338343->338313->338712->338344
shortest_dijkstra,t2_yeoksam_hakyeoul,long,off_peak,7.0,14,689.0324,519.7358,161.2894,581.923,428.7131,3958.3,7,True,49,4,3,42,338267->340192->338229->338218->339571->338261->341734->341572->339293->338651->562921->562923->342153->343109->613772->339003->339662->341549->342639->563096->342115->343710->341560->342648->342147->341996->341571->340229->562951->338222->338726->338837->339122->646056->338604->338223->338603->339126->338348->338347->338346->339296->338349->338341->338728->339266->338343->338313->338712->338344
shortest_dijkstra,t2_yeoksam_hakyeoul,long,off_peak,7.0,15,696.676,518.4995,170.3675,559.9316,452.8429,3958.3,7,True,49,4,3,42,338267->340192->338229->338218->339571->338261->341734->341572->339293->338651->562921->562923->342153->343109->613772->339003->339662->341549->342639->563096->342115->343710->341560->342648->342147->341996->341571->340229->562951->338222->338726->338837->339122->646056->338604->338223->338603->339126->338348->338347->338346->339296->338349->338341->338728->339266->338343->338313->338712->338344
shortest_dijkstra,t2_yeoksam_hakyeoul,long,off_peak,7.0,16,703.2933,549.8257,144.5922,629.0559,384.3314,3958.3,7,True,49,4,3,42,338267->340192->338229->338218->339571->338261->341734->341572->339293->338651->562921->562923->342153->343109->613772->339003->339662->341549->342639->563096->342115->343710->341560->342648->342147->341996->341571->340229->562951->338222->338726->338837->339122->646056->338604->338223->338603->339126->338348->338347->338346->339296->338349->338341->338728->339266->338343->338313->338712->338344
shortest_dijkstra,t2_yeoksam_hakyeoul,long,off_peak,7.0,17,745.9908,506.1104,229.0372,582.6614,608.7893,3958.3,8,True,49,4,3,42,338267->340192->338229->338218->339571->338261->341734->341572->339293->338651->562921->562923->342153->343109->613772->339003->339662->341549->342639->563096->342115->343710->341560->342648->342147->341996->341571->340229->562951->338222->338726->338837->339122->646056->338604->338223->338603->339126->338348->338347->338346->339296->338349->338341->338728->339266->338343->338313->338712->338344
shortest_dijkstra,t2_yeoksam_hakyeoul,long,off_peak,7.0,18,696.3273,523.6563,164.3857,574.2625,436.9432,3958.3,7,True,49,4,3,42,338267->340192->338229->338218->339571->338261->341734->341572->339293->338651->562921->562923->342153->343109->613772->339003->339662->341549->342639->563096->342115->343710->341560->342648->342147->341996->341571->340229->562951->338222->338726->338837->339122->646056->338604->338223->338603->339126->338348->338347->338346->339296->338349->338341->338728->339266->338343->338313->338712->338344
shortest_dijkstra,t2_yeoksam_hakyeoul,long,off_peak,7.0,19,677.9338,526.9182,144.6582,627.3967,384.5066,3958.3,5,True,49,4,3,42,338267->340192->338229->338218->339571->338261->341734->341572->339293->338651->562921->562923->342153->343109->613772->339003->339662->341549->342639->563096->342115->343710->341560->342648->342147->341996->341571->340229->562951->338222->338726->338837->339122->646056->338604->338223->338603->339126->338348->338347->338346->339296->338349->338341->338728->339266->338343->338313->338712->338344
shortest_dijkstra,t2_yeoksam_hakyeoul,long,off_peak,7.0,20,689.7822,524.4165,155.6248,597.4066,413.6563,3958.3,7,True,49,4,3,42,338267->340192->338229->338218->339571->338261->341734->341572->339293->338651->562921->562923->342153->343109->613772->339003->339662->341549->342639->563096->342115->343710->341560->342648->342147->341996->341571->340229->562951->338222->338726->338837->339122->646056->338604->338223->338603->339126->338348->338347->338346->339296->338349->338341->338728->339266->338343->338313->338712->338344
shortest_dijkstra,t2_yeoksam_hakyeoul,long,off_peak,7.0,21,700.3802,524.0343,167.1511,568.048,444.2936,3958.3,7,True,49,4,3,42,338267->340192->338229->338218->339571->338261->341734->341572->339293->338651->562921->562923->342153->343109->613772->339003->339662->341549->342639->563096->342115->343710->341560->342648->342147->341996->341571->340229->562951->338222->338726->338837->339122->646056->338604->338223->338603->339126->338348->338347->338346->339296->338349->338341->338728->339266->338343->338313->338712->338344
shortest_dijkstra,t2_yeoksam_hakyeoul,long,off_peak,7.0,22,686.5889,509.8837,164.9505,574.3216,438.4445,3958.3,7,True,49,4,3,42,338267->340192->338229->338218->339571->338261->341734->341572->339293->338651->562921->562923->342153->343109->613772->339003->339662->341549->342639->563096->342115->343710->341560->342648->342147->341996->341571->340229->562951->338222->338726->338837->339122->646056->338604->338223->338603->339126->338348->338347->338346->339296->338349->338341->338728->339266->338343->338313->338712->338344
shortest_dijkstra,t2_yeoksam_hakyeoul,long,off_peak,7.0,23,695.4508,537.5048,150.593,611.4852,400.2816,3958.3,7,True,49,4,3,42,338267->340192->338229->338218->339571->338261->341734->341572->339293->338651->562921->562923->342153->343109->613772->339003->339662->341549->342639->563096->342115->343710->341560->342648->342147->341996->341571->340229->562951->338222->338726->338837->339122->646056->338604->338223->338603->339126->338348->338347->338346->339296->338349->338341->338728->339266->338343->338313->338712->338344
shortest_dijkstra,t2_yeoksam_hakyeoul,long,off_peak,7.0,24,685.8796,519.1313,157.5014,592.4287,418.6444,3958.3,7,True,49,4,3,42,338267->340192->338229->338218->339571->338261->341734->341572->339293->338651->562921->562923->342153->343109->613772->339003->339662->341549->342639->563096->342115->343710->341560->342648->342147->341996->341571->340229->562951->338222->338726->338837->339122->646056->338604->338223->338603->339126->338348->338347->338346->339296->338349->338341->338728->339266->338343->338313->338712->338344
shortest_dijkstra,t2_yeoksam_hakyeoul,long,off_peak,7.0,25,677.083,493.4511,173.0627,551.1449,460.007,3958.3,7,True,49,4,3,42,338267->340192->338229->338218->339571->338261->341734->341572->339293->338651->562921->562923->342153->343109->613772->339003->339662->341549->342639->563096->342115->343710->341560->342648->342147->341996->341571->340229->562951->338222->338726->338837->339122->646056->338604->338223->338603->339126->338348->338347->338346->339296->338349->338341->338728->339266->338343->338313->338712->338344
shortest_dijkstra,t2_yeoksam_hakyeoul,long,off_peak,7.0,26,680.9504,513.591,158.4073,590.5745,421.0524,3958.3,7,True,49,4,3,42,338267->340192->338229->338218->339571->338261->341734->341572->339293->338651->562921->562923->342153->343109->613772->339003->339662->341549->342639->563096->342115->343710->341560->342648->342147->341996->341571->340229->562951->338222->338726->338837->339122->646056->338604->338223->338603->339126->338348->338347->338346->339296->338349->338341->338728->339266->338343->338313->338712->338344
shortest_dijkstra,t2_yeoksam_hakyeoul,long,off_peak,7.0,27,707.8773,542.7288,157.4715,594.3264,418.5649,3958.3,7,True,49,4,3,42,338267->340192->338229->338218->339571->338261->341734->341572->339293->338651->562921->562923->342153->343109->613772->339003->339662->341549->342639->563096->342115->343710->341560->342648->342147->341996->341571->340229->562951->338222->338726->338837->339122->646056->338604->338223->338603->339126->338348->338347->338346->339296->338349->338341->338728->339266->338343->338313->338712->338344
shortest_dijkstra,t2_yeoksam_hakyeoul,long,off_peak,7.0,28,719.0601,547.2978,163.2813,579.1574,434.0076,3958.3,7,True,49,4,3,42,338267->340192->338229->338218->339571->338261->341734->341572->339293->338651->562921->562923->342153->343109->613772->339003->339662->341549->342639->563096->342115->343710->341560->342648->342147->341996->341571->340229->562951->338222->338726->338837->339122->646056->338604->338223->338603->339126->338348->338347->338346->339296->338349->338341->338728->339266->338343->338313->338712->338344
shortest_dijkstra,t2_yeoksam_hakyeoul,long,off_peak,7.0,29,695.2917,529.2864,156.1125,596.2793,414.9528,3958.3,7,True,49,4,3,42,338267->340192->338229->338218->339571->338261->341734->341572->339293->338651->562921->562923->342153->343109->613772->339003->339662->341549->342639->563096->342115->343710->341560->342648->342147->341996->341571->340229->562951->338222->338726->338837->339122->646056->338604->338223->338603->339126->338348->338347->338346->339296->338349->338341->338728->339266->338343->338313->338712->338344
shortest_dijkstra,t2_yeoksam_hakyeoul,long,off_peak,7.0,30,705.5577,533.9707,160.9938,583.4253,427.9274,3958.3,7,True,49,4,3,42,338267->340192->338229->338218->339571->338261->341734->341572->339293->338651->562921->562923->342153->343109->613772->339003->339662->341549->342639->563096->342115->343710->341560->342648->342147->341996->341571->340229->562951->338222->338726->338837->339122->646056->338604->338223->338603->339126->338348->338347->338346->339296->338349->338341->338728->339266->338343->338313->338712->338344
shortest_dijkstra,t2_yeoksam_hakyeoul,long,peak,8.0,1,638.4502,562.0511,67.9753,653.2751,180.6809,3958.3,7,True,49,4,3,42,338267->340192->338229->338218->339571->338261->341734->341572->339293->338651->562921->562923->342153->343109->613772->339003->339662->341549->342639->563096->342115->343710->341560->342648->342147->341996->341571->340229->562951->338222->338726->338837->339122->646056->338604->338223->338603->339126->338348->338347->338346->339296->338349->338341->338728->339266->338343->338313->338712->338344
shortest_dijkstra,t2_yeoksam_hakyeoul,long,peak,8.0,2,591.7829,527.0801,58.5119,677.2273,155.5266,3958.3,6,True,49,4,3,42,338267->340192->338229->338218->339571->338261->341734->341572->339293->338651->562921->562923->342153->343109->613772->339003->339662->341549->342639->563096->342115->343710->341560->342648->342147->341996->341571->340229->562951->338222->338726->338837->339122->646056->338604->338223->338603->339126->338348->338347->338346->339296->338349->338341->338728->339266->338343->338313->338712->338344
shortest_dijkstra,t2_yeoksam_hakyeoul,long,peak,8.0,3,599.4933,534.2628,57.0617,679.4942,151.6721,3958.3,6,True,49,4,3,42,338267->340192->338229->338218->339571->338261->341734->341572->339293->338651->562921->562923->342153->343109->613772->339003->339662->341549->342639->563096->342115->343710->341560->342648->342147->341996->341571->340229->562951->338222->338726->338837->339122->646056->338604->338223->338603->339126->338348->338347->338346->339296->338349->338341->338728->339266->338343->338313->338712->338344
shortest_dijkstra,t2_yeoksam_hakyeoul,long,peak,8.0,4,594.8935,512.9498,75.7593,629.5191,201.3711,3958.3,6,True,49,4,3,42,338267->340192->338229->338218->339571->338261->341734->341572->339293->338651->562921->562923->342153->343109->613772->339003->339662->341549->342639->563096->342115->343710->341560->342648->342147->341996->341571->340229->562951->338222->338726->338837->339122->646056->338604->338223->338603->339126->338348->338347->338346->339296->338349->338341->338728->339266->338343->338313->338712->338344
shortest_dijkstra,t2_yeoksam_hakyeoul,long,peak,8.0,5,603.2793,516.3012,80.9365,617.9665,215.1322,3958.3,5,True,49,4,3,42,338267->340192->338229->338218->339571->338261->341734->341572->339293->338651->562921->562923->342153->343109->613772->339003->339662->341549->342639->563096->342115->343710->341560->342648->342147->341996->341571->340229->562951->338222->338726->338837->339122->646056->338604->338223->338603->339126->338348->338347->338346->339296->338349->338341->338728->339266->338343->338313->338712->338344
shortest_dijkstra,t2_yeoksam_hakyeoul,long,peak,8.0,6,593.3879,526.9577,60.0154,671.7796,159.5231,3958.3,6,True,49,4,3,42,338267->340192->338229->338218->339571->338261->341734->341572->339293->338651->562921->562923->342153->343109->613772->339003->339662->341549->342639->563096->342115->343710->341560->342648->342147->341996->341571->340229->562951->338222->338726->338837->339122->646056->338604->338223->338603->339126->338348->338347->338346->339296->338349->338341->338728->339266->338343->338313->338712->338344
shortest_dijkstra,t2_yeoksam_hakyeoul,long,peak,8.0,7,665.364,536.8039,119.9378,692.5933,318.7991,3958.3,6,True,49,4,3,42,338267->340192->338229->338218->339571->338261->341734->341572->339293->338651->562921->562923->342153->343109->613772->339003->339662->341549->342639->563096->342115->343710->341560->342648->342147->341996->341571->340229->562951->338222->338726->338837->339122->646056->338604->338223->338603->339126->338348->338347->338346->339296->338349->338341->338728->339266->338343->338313->338712->338344
shortest_dijkstra,t2_yeoksam_hakyeoul,long,peak,8.0,8,605.0775,525.0304,72.8282,637.6689,193.5801,3958.3,6,True,49,4,3,42,338267->340192->338229->338218->339571->338261->341734->341572->339293->338651->562921->562923->342153->343109->613772->339003->339662->341549->342639->563096->342115->343710->341560->342648->342147->341996->341571->340229->562951->338222->338726->338837->339122->646056->338604->338223->338603->339126->338348->338347->338346->339296->338349->338341->338728->339266->338343->338313->338712->338344
shortest_dijkstra,t2_yeoksam_hakyeoul,long,peak,8.0,9,585.5807,525.6873,53.6998,689.2941,142.736,3958.3,5,True,49,4,3,42,338267->340192->338229->338218->339571->338261->341734->341572->339293->338651->562921->562923->342153->343109->613772->339003->339662->341549->342639->563096->342115->343710->341560->342648->342147->341996->341571->340229->562951->338222->338726->338837->339122->646056->338604->338223->338603->339126->338348->338347->338346->339296->338349->338341->338728->339266->338343->338313->338712->338344
shortest_dijkstra,t2_yeoksam_hakyeoul,long,peak,8.0,10,602.8517,525.249,70.1877,645.2652,186.5614,3958.3,6,True,49,4,3,42,338267->340192->338229->338218->339571->338261->341734->341572->339293->338651->562921->562923->342153->343109->613772->339003->339662->341549->342639->563096->342115->343710->341560->342648->342147->341996->341571->340229->562951->338222->338726->338837->339122->646056->338604->338223->338603->339126->338348->338347->338346->339296->338349->338341->338728->339266->338343->338313->338712->338344
shortest_dijkstra,t2_yeoksam_hakyeoul,long,peak,8.0,11,665.0197,535.055,122.0997,686.8618,324.5455,3958.3,8,True,49,4,3,42,338267->340192->338229->338218->339571->338261->341734->341572->339293->338651->562921->562923->342153->343109->613772->339003->339662->341549->342639->563096->342115->343710->341560->342648->342147->341996->341571->340229->562951->338222->338726->338837->339122->646056->338604->338223->338603->339126->338348->338347->338346->339296->338349->338341->338728->339266->338343->338313->338712->338344
shortest_dijkstra,t2_yeoksam_hakyeoul,long,peak,8.0,12,590.7474,520.6831,64.2385,659.9797,170.7481,3958.3,6,True,49,4,3,42,338267->340192->338229->338218->339571->338261->341734->341572->339293->338651->562921->562923->342153->343109->613772->339003->339662->341549->342639->563096->342115->343710->341560->342648->342147->341996->341571->340229->562951->338222->338726->338837->339122->646056->338604->338223->338603->339126->338348->338347->338346->339296->338349->338341->338728->339266->338343->338313->338712->338344
shortest_dijkstra,t2_yeoksam_hakyeoul,long,peak,8.0,13,617.8857,527.7139,81.8742,614.0732,217.6246,3958.3,6,True,49,4,3,42,338267->340192->338229->338218->339571->338261->341734->341572->339293->338651->562921->562923->342153->343109->613772->339003->339662->341549->342639->563096->342115->343710->341560->342648->342147->341996->341571->340229->562951->338222->338726->338837->339122->646056->338604->338223->338603->339126->338348->338347->338346->339296->338349->338341->338728->339266->338343->338313->338712->338344
shortest_dijkstra,t2_yeoksam_hakyeoul,long,peak,8.0,14,578.0664,512.3064,59.7106,672.9544,158.713,3958.3,6,True,49,4,3,42,338267->340192->338229->338218->339571->338261->341734->341572->339293->338651->562921->562923->342153->343109->613772->339003->339662->341549->342639->563096->342115->343710->341560->342648->342147->341996->341571->340229->562951->338222->338726->338837->339122->646056->338604->338223->338603->339126->338348->338347->338346->339296->338349->338341->338728->339266->338343->338313->338712->338344
shortest_dijkstra,t2_yeoksam_hakyeoul,long,peak,8.0,15,593.4329,516.0331,70.9541,642.6437,188.5987,3958.3,6,True,49,4,3,42,338267->340192->338229->338218->339571->338261->341734->341572->339293->338651->562921->562923->342153->343109->613772->339003->339662->341549->342639->563096->342115->343710->341560->342648->342147->341996->341571->340229->562951->338222->338726->338837->339122->646056->338604->338223->338603->339126->338348->338347->338346->339296->338349->338341->338728->339266->338343->338313->338712->338344
shortest_dijkstra,t2_yeoksam_hakyeoul,long,peak,8.0,16,588.7573,524.6265,55.7225,683.3695,148.1124,3958.3,6,True,49,4,3,42,338267->340192->338229->338218->339571->338261->341734->341572->339293->338651->562921->562923->342153->343109->613772->339003->339662->341549->342639->563096->342115->343710->341560->342648->342147->341996->341571->340229->562951->338222->338726->338837->339122->646056->338604->338223->338603->339126->338348->338347->338346->339296->338349->338341->338728->339266->338343->338313->338712->338344
shortest_dijkstra,t2_yeoksam_hakyeoul,long,peak,8.0,17,587.1799,515.3474,64.2263,660.415,170.7159,3958.3,6,True,49,4,3,42,338267->340192->338229->338218->339571->338261->341734->341572->339293->338651->562921->562923->342153->343109->613772->339003->339662->341549->342639->563096->342115->343710->341560->342648->342147->341996->341571->340229->562951->338222->338726->338837->339122->646056->338604->338223->338603->339126->338348->338347->338346->339296->338349->338341->338728->339266->338343->338313->338712->338344
shortest_dijkstra,t2_yeoksam_hakyeoul,long,peak,8.0,18,581.5774,515.179,61.2577,670.3968,162.8252,3958.3,6,True,49,4,3,42,338267->340192->338229->338218->339571->338261->341734->341572->339293->338651->562921->562923->342153->343109->613772->339003->339662->341549->342639->563096->342115->343710->341560->342648->342147->341996->341571->340229->562951->338222->338726->338837->339122->646056->338604->338223->338603->339126->338348->338347->338346->339296->338349->338341->338728->339266->338343->338313->338712->338344
shortest_dijkstra,t2_yeoksam_hakyeoul,long,peak,8.0,19,581.0996,532.8733,44.1783,714.3642,117.4276,3958.3,4,True,49,4,3,42,338267->340192->338229->338218->339571->338261->341734->341572->339293->338651->562921->562923->342153->343109->613772->339003->339662->341549->342639->563096->342115->343710->341560->342648->342147->341996->341571->340229->562951->338222->338726->338837->339122->646056->338604->338223->338603->339126->338348->338347->338346->339296->338349->338341->338728->339266->338343->338313->338712->338344
shortest_dijkstra,t2_yeoksam_hakyeoul,long,peak,8.0,20,659.0063,535.6488,115.986,703.1807,308.295,3958.3,7,True,49,4,3,42,338267->340192->338229->338218->339571->338261->341734->341572->339293->338651->562921->562923->342153->343109->613772->339003->339662->341549->342639->563096->342115->343710->341560->342648->342147->341996->341571->340229->562951->338222->338726->338837->339122->646056->338604->338223->338603->339126->338348->338347->338346->339296->338349->338341->338728->339266->338343->338313->338712->338344
shortest_dijkstra,t2_yeoksam_hakyeoul,long,peak,8.0,21,599.5796,526.4119,67.109,654.295,178.3781,3958.3,5,True,49,4,3,42,338267->340192->338229->338218->339571->338261->341734->341572->339293->338651->562921->562923->342153->343109->613772->339003->339662->341549->342639->563096->342115->343710->341560->342648->342147->341996->341571->340229->562951->338222->338726->338837->339122->646056->338604->338223->338603->339126->338348->338347->338346->339296->338349->338341->338728->339266->338343->338313->338712->338344
shortest_dijkstra,t2_yeoksam_hakyeoul,long,peak,8.0,22,582.3442,506.2464,69.4467,647.0576,184.5919,3958.3,6,True,49,4,3,42,338267->340192->338229->338218->339571->338261->341734->341572->339293->338651->562921->562923->342153->343109->613772->339003->339662->341549->342639->563096->342115->343710->341560->342648->342147->341996->341571->340229->562951->338222->338726->338837->339122->646056->338604->338223->338603->339126->338348->338347->338346->339296->338349->338341->338728->339266->338343->338313->338712->338344
shortest_dijkstra,t2_yeoksam_hakyeoul,long,peak,8.0,23,592.0249,521.6075,64.1469,660.5515,170.5049,3958.3,6,True,49,4,3,42,338267->340192->338229->338218->339571->338261->341734->341572->339293->338651->562921->562923->342153->343109->613772->339003->339662->341549->342639->563096->342115->343710->341560->342648->342147->341996->341571->340229->562951->338222->338726->338837->339122->646056->338604->338223->338603->339126->338348->338347->338346->339296->338349->338341->338728->339266->338343->338313->338712->338344
shortest_dijkstra,t2_yeoksam_hakyeoul,long,peak,8.0,24,586.0185,520.1191,59.6532,673.2813,158.5604,3958.3,5,True,49,4,3,42,338267->340192->338229->338218->339571->338261->341734->341572->339293->338651->562921->562923->342153->343109->613772->339003->339662->341549->342639->563096->342115->343710->341560->342648->342147->341996->341571->340229->562951->338222->338726->338837->339122->646056->338604->338223->338603->339126->338348->338347->338346->339296->338349->338341->338728->339266->338343->338313->338712->338344
shortest_dijkstra,t2_yeoksam_hakyeoul,long,peak,8.0,25,588.9185,514.5601,67.9082,651.4663,180.5026,3958.3,6,True,49,4,3,42,338267->340192->338229->338218->339571->338261->341734->341572->339293->338651->562921->562923->342153->343109->613772->339003->339662->341549->342639->563096->342115->343710->341560->342648->342147->341996->341571->340229->562951->338222->338726->338837->339122->646056->338604->338223->338603->339126->338348->338347->338346->339296->338349->338341->338728->339266->338343->338313->338712->338344
shortest_dijkstra,t2_yeoksam_hakyeoul,long,peak,8.0,26,583.8947,519.4039,58.4466,677.0338,155.3533,3958.3,6,True,49,4,3,42,338267->340192->338229->338218->339571->338261->341734->341572->339293->338651->562921->562923->342153->343109->613772->339003->339662->341549->342639->563096->342115->343710->341560->342648->342147->341996->341571->340229->562951->338222->338726->338837->339122->646056->338604->338223->338603->339126->338348->338347->338346->339296->338349->338341->338728->339266->338343->338313->338712->338344
shortest_dijkstra,t2_yeoksam_hakyeoul,long,peak,8.0,27,591.2874,507.521,76.3683,629.4967,202.9896,3958.3,6,True,49,4,3,42,338267->340192->338229->338218->339571->338261->341734->341572->339293->338651->562921->562923->342153->343109->613772->339003->339662->341549->342639->563096->342115->343710->341560->342648->342147->341996->341571->340229->562951->338222->338726->338837->339122->646056->338604->338223->338603->339126->338348->338347->338346->339296->338349->338341->338728->339266->338343->338313->338712->338344
shortest_dijkstra,t2_yeoksam_hakyeoul,long,peak,8.0,28,576.3594,503.9097,65.5637,658.1818,174.2708,3958.3,6,True,49,4,3,42,338267->340192->338229->338218->339571->338261->341734->341572->339293->338651->562921->562923->342153->343109->613772->339003->339662->341549->342639->563096->342115->343710->341560->342648->342147->341996->341571->340229->562951->338222->338726->338837->339122->646056->338604->338223->338603->339126->338348->338347->338346->339296->338349->338341->338728->339266->338343->338313->338712->338344
shortest_dijkstra,t2_yeoksam_hakyeoul,long,peak,8.0,29,589.6849,524.8608,57.9009,678.4052,153.9026,3958.3,6,True,49,4,3,42,338267->340192->338229->338218->339571->338261->341734->341572->339293->338651->562921->562923->342153->343109->613772->339003->339662->341549->342639->563096->342115->343710->341560->342648->342147->341996->341571->340229->562951->338222->338726->338837->339122->646056->338604->338223->338603->339126->338348->338347->338346->339296->338349->338341->338728->339266->338343->338313->338712->338344
shortest_dijkstra,t2_yeoksam_hakyeoul,long,peak,8.0,30,602.7214,530.1315,65.0479,658.8279,172.8996,3958.3,6,True,49,4,3,42,338267->340192->338229->338218->339571->338261->341734->341572->339293->338651->562921->562923->342153->343109->613772->339003->339662->341549->342639->563096->342115->343710->341560->342648->342147->341996->341571->340229->562951->338222->338726->338837->339122->646056->338604->338223->338603->339126->338348->338347->338346->339296->338349->338341->338728->339266->338343->338313->338712->338344
shortest_dijkstra,t3_sinsa_daechi,long,off_peak,7.0,1,985.7852,771.9308,203.2555,905.6039,540.2605,5965.7,8,True,68,6,7,55,341904->342719->342710->342156->342157->342711->342712->342714->342713->342076->341620->341621->342834->343100->342865->340641->340704->341588->341785->342116->341788->341787->563170->341731->341603->341729->341598->343105->341906->341605->341595->343103->341778->341593->344353->342694->563168->341608->341553->341563->341552->342644->342148->342645->341559->341985->341569->341738->563185->341560->342648->342147->341996->341571->340229->562951->338222->338726->338837->339122->646056->338604->338223->338603->339126->338348->338347->338706->338354
shortest_dijkstra,t3_sinsa_daechi,long,off_peak,7.0,2,922.0252,748.1805,163.5657,850.6672,434.7635,5965.7,7,True,68,6,7,55,341904->342719->342710->342156->342157->342711->342712->342714->342713->342076->341620->341621->342834->343100->342865->340641->340704->341588->341785->342116->341788->341787->563170->341731->341603->341729->341598->343105->341906->341605->341595->343103->341778->341593->344353->342694->563168->341608->341553->341563->341552->342644->342148->342645->341559->341985->341569->341738->563185->341560->342648->342147->341996->341571->340229->562951->338222->338726->338837->339122->646056->338604->338223->338603->339126->338348->338347->338706->338354
shortest_dijkstra,t3_sinsa_daechi,long,off_peak,7.0,3,971.8786,746.4257,214.4743,880.2596,570.0803,5965.7,8,True,68,6,7,55,341904->342719->342710->342156->342157->342711->342712->342714->342713->342076->341620->341621->342834->343100->342865->340641->340704->341588->341785->342116->341788->341787->563170->341731->341603->341729->341598->343105->341906->341605->341595->343103->341778->341593->344353->342694->563168->341608->341553->341563->341552->342644->342148->342645->341559->341985->341569->341738->563185->341560->342648->342147->341996->341571->340229->562951->338222->338726->338837->339122->646056->338604->338223->338603->339126->338348->338347->338706->338354
shortest_dijkstra,t3_sinsa_daechi,long,off_peak,7.0,4,984.2034,770.5968,203.6602,908.8517,541.3362,5965.7,8,True,68,6,7,55,341904->342719->342710->342156->342157->342711->342712->342714->342713->342076->341620->341621->342834->343100->342865->340641->340704->341588->341785->342116->341788->341787->563170->341731->341603->341729->341598->343105->341906->341605->341595->343103->341778->341593->344353->342694->563168->341608->341553->341563->341552->342644->342148->342645->341559->341985->341569->341738->563185->341560->342648->342147->341996->341571->340229->562951->338222->338726->338837->339122->646056->338604->338223->338603->339126->338348->338347->338706->338354
shortest_dijkstra,t3_sinsa_daechi,long,off_peak,7.0,5,1010.7043,786.7711,213.6649,894.9949,567.929,5965.7,8,True,68,6,7,55,341904->342719->342710->342156->342157->342711->342712->342714->342713->342076->341620->341621->342834->343100->342865->340641->340704->341588->341785->342116->341788->341787->563170->341731->341603->341729->341598->343105->341906->341605->341595->343103->341778->341593->344353->342694->563168->341608->341553->341563->341552->342644->342148->342645->341559->341985->341569->341738->563185->341560->342648->342147->341996->341571->340229->562951->338222->338726->338837->339122->646056->338604->338223->338603->339126->338348->338347->338706->338354
shortest_dijkstra,t3_sinsa_daechi,long,off_peak,7.0,6,1005.2125,799.9223,194.6104,961.7143,517.2814,5965.7,8,True,68,6,7,55,341904->342719->342710->342156->342157->342711->342712->342714->342713->342076->341620->341621->342834->343100->342865->340641->340704->341588->341785->342116->341788->341787->563170->341731->341603->341729->341598->343105->341906->341605->341595->343103->341778->341593->344353->342694->563168->341608->341553->341563->341552->342644->342148->342645->341559->341985->341569->341738->563185->341560->342648->342147->341996->341571->340229->562951->338222->338726->338837->339122->646056->338604->338223->338603->339126->338348->338347->338706->338354
shortest_dijkstra,t3_sinsa_daechi,long,off_peak,7.0,7,921.5633,766.0476,146.9186,916.3205,390.5148,5965.7,7,True,68,6,7,55,341904->342719->342710->342156->342157->342711->342712->342714->342713->342076->341620->341621->342834->343100->342865->340641->340704->341588->341785->342116->341788->341787->563170->341731->341603->341729->341598->343105->341906->341605->341595->343103->341778->341593->344353->342694->563168->341608->341553->341563->341552->342644->342148->342645->341559->341985->341569->341738->563185->341560->342648->342147->341996->341571->340229->562951->338222->338726->338837->339122->646056->338604->338223->338603->339126->338348->338347->338706->338354
shortest_dijkstra,t3_sinsa_daechi,long,off_peak,7.0,8,966.8304,746.6459,209.6932,899.4808,557.3721,5965.7,8,True,68,6,7,55,341904->342719->342710->342156->342157->342711->342712->342714->342713->342076->341620->341621->342834->343100->342865->340641->340704->341588->341785->342116->341788->341787->563170->341731->341603->341729->341598->343105->341906->341605->341595->343103->341778->341593->344353->342694->563168->341608->341553->341563->341552->342644->342148->342645->341559->341985->341569->341738->563185->341560->342648->342147->341996->341571->340229->562951->338222->338726->338837->339122->646056->338604->338223->338603->339126->338348->338347->338706->338354
shortest_dijkstra,t3_sinsa_daechi,long,off_peak,7.0,9,976.8839,747.6633,218.8538,865.6908,581.7213,5965.7,8,True,68,6,7,55,341904->342719->342710->342156->342157->342711->342712->342714->342713->342076->341620->341621->342834->343100->342865->340641->340704->341588->341785->342116->341788->341787->563170->341731->341603->341729->341598->343105->341906->341605->341595->343103->341778->341593->344353->342694->563168->341608->341553->341563->341552->342644->342148->342645->341559->341985->341569->341738->563185->341560->342648->342147->341996->341571->340229->562951->338222->338726->338837->339122->646056->338604->338223->338603->339126->338348->338347->338706->338354
shortest_dijkstra,t3_sinsa_daechi,long,off_peak,7.0,10,994.7619,776.9975,208.2874,913.9387,553.6354,5965.7,8,True,68,6,7,55,341904->342719->342710->342156->342157->342711->342712->342714->342713->342076->341620->341621->342834->343100->342865->340641->340704->341588->341785->342116->341788->341787->563170->341731->341603->341729->341598->343105->341906->341605->341595->343103->341778->341593->344353->342694->563168->341608->341553->341563->341552->342644->342148->342645->341559->341985->341569->341738->563185->341560->342648->342147->341996->341571->340229->562951->338222->338726->338837->339122->646056->338604->338223->338603->339126->338348->338347->338706->338354
shortest_dijkstra,t3_sinsa_daechi,long,off_peak,7.0,11,887.3781,730.2135,148.1617,899.6686,393.8192,5965.7,8,True,68,6,7,55,341904->342719->342710->342156->342157->342711->342712->342714->342713->342076->341620->341621->342834->343100->342865->340641->340704->341588->341785->342116->341788->341787->563170->341731->341603->341729->341598->343105->341906->341605->341595->343103->341778->341593->344353->342694->563168->341608->341553->341563->341552->342644->342148->342645->341559->341985->341569->341738->563185->341560->342648->342147->341996->341571->340229->562951->338222->338726->338837->339122->646056->338604->338223->338603->339126->338348->338347->338706->338354
shortest_dijkstra,t3_sinsa_daechi,long,off_peak,7.0,12,1009.6014,802.7176,195.5797,946.5201,519.8579,5965.7,7,True,68,6,7,55,341904->342719->342710->342156->342157->342711->342712->342714->342713->342076->341620->341621->342834->343100->342865->340641->340704->341588->341785->342116->341788->341787->563170->341731->341603->341729->341598->343105->341906->341605->341595->343103->341778->341593->344353->342694->563168->341608->341553->341563->341552->342644->342148->342645->341559->341985->341569->341738->563185->341560->342648->342147->341996->341571->340229->562951->338222->338726->338837->339122->646056->338604->338223->338603->339126->338348->338347->338706->338354
shortest_dijkstra,t3_sinsa_daechi,long,off_peak,7.0,13,867.9001,754.1447,106.9028,868.6852,284.1516,5965.7,6,True,68,6,7,55,341904->342719->342710->342156->342157->342711->342712->342714->342713->342076->341620->341621->342834->343100->342865->340641->340704->341588->341785->342116->341788->341787->563170->341731->341603->341729->341598->343105->341906->341605->341595->343103->341778->341593->344353->342694->563168->341608->341553->341563->341552->342644->342148->342645->341559->341985->341569->341738->563185->341560->342648->342147->341996->341571->340229->562951->338222->338726->338837->339122->646056->338604->338223->338603->339126->338348->338347->338706->338354
shortest_dijkstra,t3_sinsa_daechi,long,off_peak,7.0,14,970.9825,744.321,216.0525,872.1122,574.2754,5965.7,8,True,68,6,7,55,341904->342719->342710->342156->342157->342711->342712->342714->342713->342076->341620->341621->342834->343100->342865->340641->340704->341588->341785->342116->341788->341787->563170->341731->341603->341729->341598->343105->341906->341605->341595->343103->341778->341593->344353->342694->563168->341608->341553->341563->341552->342644->342148->342645->341559->341985->341569->341738->563185->341560->342648->342147->341996->341571->340229->562951->338222->338726->338837->339122->646056->338604->338223->338603->339126->338348->338347->338706->338354
shortest_dijkstra,t3_sinsa_daechi,long,off_peak,7.0,15,1007.2222,778.0653,218.2441,887.3682,580.1007,5965.7,8,True,68,6,7,55,341904->342719->342710->342156->342157->342711->342712->342714->342713->342076->341620->341621->342834->343100->342865->340641->340704->341588->341785->342116->341788->341787->563170->341731->341603->341729->341598->343105->341906->341605->341595->343103->341778->341593->344353->342694->563168->341608->341553->341563->341552->342644->342148->342645->341559->341985->341569->341738->563185->341560->342648->342147->341996->341571->340229->562951->338222->338726->338837->339122->646056->338604->338223->338603->339126->338348->338347->338706->338354
shortest_dijkstra,t3_sinsa_daechi,long,off_peak,7.0,16,975.4222,748.5051,216.8267,893.4892,576.3331,5965.7,8,True,68,6,7,55,341904->342719->342710->342156->342157->342711->342712->342714->342713->342076->341620->341621->342834->343100->342865->340641->340704->341588->341785->342116->341788->341787->563170->341731->341603->341729->341598->343105->341906->341605->341595->343103->341778->341593->344353->342694->563168->341608->341553->341563->341552->342644->342148->342645->341559->341985->341569->341738->563185->341560->342648->342147->341996->341571->340229->562951->338222->338726->338837->339122->646056->338604->338223->338603->339126->338348->338347->338706->338354
shortest_dijkstra,t3_sinsa_daechi,long,off_peak,7.0,17,1008.3284,763.1823,234.3032,846.7009,622.7865,5965.7,8,True,68,6,7,55,341904->342719->342710->342156->342157->342711->342712->342714->342713->342076->341620->341621->342834->343100->342865->340641->340704->341588->341785->342116->341788->341787->563170->341731->341603->341729->341598->343105->341906->341605->341595->343103->341778->341593->344353->342694->563168->341608->341553->341563->341552->342644->342148->342645->341559->341985->341569->341738->563185->341560->342648->342147->341996->341571->340229->562951->338222->338726->338837->339122->646056->338604->338223->338603->339126->338348->338347->338706->338354
shortest_dijkstra,t3_sinsa_daechi,long,off_peak,7.0,18,950.3558,769.4254,169.6588,841.8815,450.9592,5965.7,8,True,68,6,7,55,341904->342719->342710->342156->342157->342711->342712->342714->342713->342076->341620->341621->342834->343100->342865->340641->340704->341588->341785->342116->341788->341787->563170->341731->341603->341729->341598->343105->341906->341605->341595->343103->341778->341593->344353->342694->563168->341608->341553->341563->341552->342644->342148->342645->341559->341985->341569->341738->563185->341560->342648->342147->341996->341571->340229->562951->338222->338726->338837->339122->646056->338604->338223->338603->339126->338348->338347->338706->338354
shortest_dijkstra,t3_sinsa_daechi,long,off_peak,7.0,19,1034.4852,750.6927,271.0312,909.9541,720.4107,5965.7,9,True,68,6,7,55,341904->342719->342710->342156->342157->342711->342712->342714->342713->342076->341620->341621->342834->343100->342865->340641->340704->341588->341785->342116->341788->341787->563170->341731->341603->341729->341598->343105->341906->341605->341595->343103->341778->341593->344353->342694->563168->341608->341553->341563->341552->342644->342148->342645->341559->341985->341569->341738->563185->341560->342648->342147->341996->341571->340229->562951->338222->338726->338837->339122->646056->338604->338223->338603->339126->338348->338347->338706->338354
shortest_dijkstra,t3_sinsa_daechi,long,off_peak,7.0,20,993.0148,779.6159,203.4911,931.7124,540.8868,5965.7,8,True,68,6,7,55,341904->342719->342710->342156->342157->342711->342712->342714->342713->342076->341620->341621->342834->343100->342865->340641->340704->341588->341785->342116->341788->341787->563170->341731->341603->341729->341598->343105->341906->341605->341595->343103->341778->341593->344353->342694->563168->341608->341553->341563->341552->342644->342148->342645->341559->341985->341569->341738->563185->341560->342648->342147->341996->341571->340229->562951->338222->338726->338837->339122->646056->338604->338223->338603->339126->338348->338347->338706->338354
shortest_dijkstra,t3_sinsa_daechi,long,off_peak,7.0,21,1017.5482,794.8679,211.3214,912.2018,561.6999,5965.7,8,True,68,6,7,55,341904->342719->342710->342156->342157->342711->342712->342714->342713->342076->341620->341621->342834->343100->342865->340641->340704->341588->341785->342116->341788->341787->563170->341731->341603->341729->341598->343105->341906->341605->341595->343103->341778->341593->344353->342694->563168->341608->341553->341563->341552->342644->342148->342645->341559->341985->341569->341738->563185->341560->342648->342147->341996->341571->340229->562951->338222->338726->338837->339122->646056->338604->338223->338603->339126->338348->338347->338706->338354
shortest_dijkstra,t3_sinsa_daechi,long,off_peak,7.0,22,981.7582,748.5097,220.7146,871.3629,586.6675,5965.7,8,True,68,6,7,55,341904->342719->342710->342156->342157->342711->342712->342714->342713->342076->341620->341621->342834->343100->342865->340641->340704->341588->341785->342116->341788->341787->563170->341731->341603->341729->341598->343105->341906->341605->341595->343103->341778->341593->344353->342694->563168->341608->341553->341563->341552->342644->342148->342645->341559->341985->341569->341738->563185->341560->342648->342147->341996->341571->340229->562951->338222->338726->338837->339122->646056->338604->338223->338603->339126->338348->338347->338706->338354
shortest_dijkstra,t3_sinsa_daechi,long,off_peak,7.0,23,968.0096,741.1219,218.9696,866.4843,582.029,5965.7,8,True,68,6,7,55,341904->342719->342710->342156->342157->342711->342712->342714->342713->342076->341620->341621->342834->343100->342865->340641->340704->341588->341785->342116->341788->341787->563170->341731->341603->341729->341598->343105->341906->341605->341595->343103->341778->341593->344353->342694->563168->341608->341553->341563->341552->342644->342148->342645->341559->341985->341569->341738->563185->341560->342648->342147->341996->341571->340229->562951->338222->338726->338837->339122->646056->338604->338223->338603->339126->338348->338347->338706->338354
shortest_dijkstra,t3_sinsa_daechi,long,off_peak,7.0,24,962.7374,739.206,211.8361,904.5474,563.068,5965.7,8,True,68,6,7,55,341904->342719->342710->342156->342157->342711->342712->342714->342713->342076->341620->341621->342834->343100->342865->340641->340704->341588->341785->342116->341788->341787->563170->341731->341603->341729->341598->343105->341906->341605->341595->343103->341778->341593->344353->342694->563168->341608->341553->341563->341552->342644->342148->342645->341559->341985->341569->341738->563185->341560->342648->342147->341996->341571->340229->562951->338222->338726->338837->339122->646056->338604->338223->338603->339126->338348->338347->338706->338354
shortest_dijkstra,t3_sinsa_daechi,long,off_peak,7.0,25,922.6846,753.899,159.3343,877.0159,423.5164,5965.7,8,True,68,6,7,55,341904->342719->342710->342156->342157->342711->342712->342714->342713->342076->341620->341621->342834->343100->342865->340641->340704->341588->341785->342116->341788->341787->563170->341731->341603->341729->341598->343105->341906->341605->341595->343103->341778->341593->344353->342694->563168->341608->341553->341563->341552->342644->342148->342645->341559->341985->341569->341738->563185->341560->342648->342147->341996->341571->340229->562951->338222->338726->338837->339122->646056->338604->338223->338603->339126->338348->338347->338706->338354
shortest_dijkstra,t3_sinsa_daechi,long,off_peak,7.0,26,982.2556,756.2401,215.1608,880.4488,571.9053,5965.7,8,True,68,6,7,55,341904->342719->342710->342156->342157->342711->342712->342714->342713->342076->341620->341621->342834->343100->342865->340641->340704->341588->341785->342116->341788->341787->563170->341731->341603->341729->341598->343105->341906->341605->341595->343103->341778->341593->344353->342694->563168->341608->341553->341563->341552->342644->342148->342645->341559->341985->341569->341738->563185->341560->342648->342147->341996->341571->340229->562951->338222->338726->338837->339122->646056->338604->338223->338603->339126->338348->338347->338706->338354
shortest_dijkstra,t3_sinsa_daechi,long,off_peak,7.0,27,943.7836,765.346,166.8701,850.2129,443.5469,5965.7,8,True,68,6,7,55,341904->342719->342710->342156->342157->342711->342712->342714->342713->342076->341620->341621->342834->343100->342865->340641->340704->341588->341785->342116->341788->341787->563170->341731->341603->341729->341598->343105->341906->341605->341595->343103->341778->341593->344353->342694->563168->341608->341553->341563->341552->342644->342148->342645->341559->341985->341569->341738->563185->341560->342648->342147->341996->341571->340229->562951->338222->338726->338837->339122->646056->338604->338223->338603->339126->338348->338347->338706->338354
shortest_dijkstra,t3_sinsa_daechi,long,off_peak,7.0,28,927.9962,748.018,169.1712,844.7805,449.6632,5965.7,8,True,68,6,7,55,341904->342719->342710->342156->342157->342711->342712->342714->342713->342076->341620->341621->342834->343100->342865->340641->340704->341588->341785->342116->341788->341787->563170->341731->341603->341729->341598->343105->341906->341605->341595->343103->341778->341593->344353->342694->563168->341608->341553->341563->341552->342644->342148->342645->341559->341985->341569->341738->563185->341560->342648->342147->341996->341571->340229->562951->338222->338726->338837->339122->646056->338604->338223->338603->339126->338348->338347->338706->338354
shortest_dijkstra,t3_sinsa_daechi,long,off_peak,7.0,29,991.4752,778.8863,202.2121,930.0838,537.4872,5965.7,8,True,68,6,7,55,341904->342719->342710->342156->342157->342711->342712->342714->342713->342076->341620->341621->342834->343100->342865->340641->340704->341588->341785->342116->341788->341787->563170->341731->341603->341729->341598->343105->341906->341605->341595->343103->341778->341593->344353->342694->563168->341608->341553->341563->341552->342644->342148->342645->341559->341985->341569->341738->563185->341560->342648->342147->341996->341571->340229->562951->338222->338726->338837->339122->646056->338604->338223->338603->339126->338348->338347->338706->338354
shortest_dijkstra,t3_sinsa_daechi,long,off_peak,7.0,30,979.5436,752.7095,215.9112,874.0604,573.8997,5965.7,8,True,68,6,7,55,341904->342719->342710->342156->342157->342711->342712->342714->342713->342076->341620->341621->342834->343100->342865->340641->340704->341588->341785->342116->341788->341787->563170->341731->341603->341729->341598->343105->341906->341605->341595->343103->341778->341593->344353->342694->563168->341608->341553->341563->341552->342644->342148->342645->341559->341985->341569->341738->563185->341560->342648->342147->341996->341571->340229->562951->338222->338726->338837->339122->646056->338604->338223->338603->339126->338348->338347->338706->338354
shortest_dijkstra,t3_sinsa_daechi,long,peak,8.0,1,919.5511,758.9886,154.2296,997.1703,409.9478,5965.7,7,True,68,6,7,55,341904->342719->342710->342156->342157->342711->342712->342714->342713->342076->341620->341621->342834->343100->342865->340641->340704->341588->341785->342116->341788->341787->563170->341731->341603->341729->341598->343105->341906->341605->341595->343103->341778->341593->344353->342694->563168->341608->341553->341563->341552->342644->342148->342645->341559->341985->341569->341738->563185->341560->342648->342147->341996->341571->340229->562951->338222->338726->338837->339122->646056->338604->338223->338603->339126->338348->338347->338706->338354
shortest_dijkstra,t3_sinsa_daechi,long,peak,8.0,2,989.3061,774.8319,207.4177,964.4116,551.3237,5965.7,8,True,68,6,7,55,341904->342719->342710->342156->342157->342711->342712->342714->342713->342076->341620->341621->342834->343100->342865->340641->340704->341588->341785->342116->341788->341787->563170->341731->341603->341729->341598->343105->341906->341605->341595->343103->341778->341593->344353->342694->563168->341608->341553->341563->341552->342644->342148->342645->341559->341985->341569->341738->563185->341560->342648->342147->341996->341571->340229->562951->338222->338726->338837->339122->646056->338604->338223->338603->339126->338348->338347->338706->338354
shortest_dijkstra,t3_sinsa_daechi,long,peak,8.0,3,1037.6916,798.2056,230.3756,1051.645,612.3466,5965.7,9,True,68,6,7,55,341904->342719->342710->342156->342157->342711->342712->342714->342713->342076->341620->341621->342834->343100->342865->340641->340704->341588->341785->342116->341788->341787->563170->341731->341603->341729->341598->343105->341906->341605->341595->343103->341778->341593->344353->342694->563168->341608->341553->341563->341552->342644->342148->342645->341559->341985->341569->341738->563185->341560->342648->342147->341996->341571->340229->562951->338222->338726->338837->339122->646056->338604->338223->338603->339126->338348->338347->338706->338354
shortest_dijkstra,t3_sinsa_daechi,long,peak,8.0,4,937.4558,779.8139,151.4118,981.0696,402.4581,5965.7,7,True,68,6,7,55,341904->342719->342710->342156->342157->342711->342712->342714->342713->342076->341620->341621->342834->343100->342865->340641->340704->341588->341785->342116->341788->341787->563170->341731->341603->341729->341598->343105->341906->341605->341595->343103->341778->341593->344353->342694->563168->341608->341553->341563->341552->342644->342148->342645->341559->341985->341569->341738->563185->341560->342648->342147->341996->341571->340229->562951->338222->338726->338837->339122->646056->338604->338223->338603->339126->338348->338347->338706->338354
shortest_dijkstra,t3_sinsa_daechi,long,peak,8.0,5,965.5966,751.9014,205.561,970.2967,546.3886,5965.7,8,True,68,6,7,55,341904->342719->342710->342156->342157->342711->342712->342714->342713->342076->341620->341621->342834->343100->342865->340641->340704->341588->341785->342116->341788->341787->563170->341731->341603->341729->341598->343105->341906->341605->341595->343103->341778->341593->344353->342694->563168->341608->341553->341563->341552->342644->342148->342645->341559->341985->341569->341738->563185->341560->342648->342147->341996->341571->340229->562951->338222->338726->338837->339122->646056->338604->338223->338603->339126->338348->338347->338706->338354
shortest_dijkstra,t3_sinsa_daechi,long,peak,8.0,6,1003.5028,784.792,209.0152,979.4283,555.5699,5965.7,8,True,68,6,7,55,341904->342719->342710->342156->342157->342711->342712->342714->342713->342076->341620->341621->342834->343100->342865->340641->340704->341588->341785->342116->341788->341787->563170->341731->341603->341729->341598->343105->341906->341605->341595->343103->341778->341593->344353->342694->563168->341608->341553->341563->341552->342644->342148->342645->341559->341985->341569->341738->563185->341560->342648->342147->341996->341571->340229->562951->338222->338726->338837->339122->646056->338604->338223->338603->339126->338348->338347->338706->338354
shortest_dijkstra,t3_sinsa_daechi,long,peak,8.0,7,933.2837,750.5633,174.2606,945.6042,463.1911,5965.7,7,True,68,6,7,55,341904->342719->342710->342156->342157->342711->342712->342714->342713->342076->341620->341621->342834->343100->342865->340641->340704->341588->341785->342116->341788->341787->563170->341731->341603->341729->341598->343105->341906->341605->341595->343103->341778->341593->344353->342694->563168->341608->341553->341563->341552->342644->342148->342645->341559->341985->341569->341738->563185->341560->342648->342147->341996->341571->340229->562951->338222->338726->338837->339122->646056->338604->338223->338603->339126->338348->338347->338706->338354
shortest_dijkstra,t3_sinsa_daechi,long,peak,8.0,8,984.7539,761.7527,214.5322,991.7612,570.2344,5965.7,8,True,68,6,7,55,341904->342719->342710->342156->342157->342711->342712->342714->342713->342076->341620->341621->342834->343100->342865->340641->340704->341588->341785->342116->341788->341787->563170->341731->341603->341729->341598->343105->341906->341605->341595->343103->341778->341593->344353->342694->563168->341608->341553->341563->341552->342644->342148->342645->341559->341985->341569->341738->563185->341560->342648->342147->341996->341571->340229->562951->338222->338726->338837->339122->646056->338604->338223->338603->339126->338348->338347->338706->338354
shortest_dijkstra,t3_sinsa_daechi,long,peak,8.0,9,987.7104,770.8545,206.6649,977.8473,549.3228,5965.7,8,True,68,6,7,55,341904->342719->342710->342156->342157->342711->342712->342714->342713->342076->341620->341621->342834->343100->342865->340641->340704->341588->341785->342116->341788->341787->563170->341731->341603->341729->341598->343105->341906->341605->341595->343103->341778->341593->344353->342694->563168->341608->341553->341563->341552->342644->342148->342645->341559->341985->341569->341738->563185->341560->342648->342147->341996->341571->340229->562951->338222->338726->338837->339122->646056->338604->338223->338603->339126->338348->338347->338706->338354
shortest_dijkstra,t3_sinsa_daechi,long,peak,8.0,10,948.514,739.2394,201.5128,983.6351,535.6283,5965.7,8,True,68,6,7,55,341904->342719->342710->342156->342157->342711->342712->342714->342713->342076->341620->341621->342834->343100->342865->340641->340704->341588->341785->342116->341788->341787->563170->341731->341603->341729->341598->343105->341906->341605->341595->343103->341778->341593->344353->342694->563168->341608->341553->341563->341552->342644->342148->342645->341559->341985->341569->341738->563185->341560->342648->342147->341996->341571->340229->562951->338222->338726->338837->339122->646056->338604->338223->338603->339126->338348->338347->338706->338354
shortest_dijkstra,t3_sinsa_daechi,long,peak,8.0,11,979.0897,774.6346,196.557,1011.2967,522.4556,5965.7,8,True,68,6,7,55,341904->342719->342710->342156->342157->342711->342712->342714->342713->342076->341620->341621->342834->343100->342865->340641->340704->341588->341785->342116->341788->341787->563170->341731->341603->341729->341598->343105->341906->341605->341595->343103->341778->341593->344353->342694->563168->341608->341553->341563->341552->342644->342148->342645->341559->341985->341569->341738->563185->341560->342648->342147->341996->341571->340229->562951->338222->338726->338837->339122->646056->338604->338223->338603->339126->338348->338347->338706->338354
shortest_dijkstra,t3_sinsa_daechi,long,peak,8.0,12,946.9951,753.149,187.3601,1009.0768,498.0099,5965.7,8,True,68,6,7,55,341904->342719->342710->342156->342157->342711->342712->342714->342713->342076->341620->341621->342834->343100->342865->340641->340704->341588->341785->342116->341788->341787->563170->341731->341603->341729->341598->343105->341906->341605->341595->343103->341778->341593->344353->342694->563168->341608->341553->341563->341552->342644->342148->342645->341559->341985->341569->341738->563185->341560->342648->342147->341996->341571->340229->562951->338222->338726->338837->339122->646056->338604->338223->338603->339126->338348->338347->338706->338354
shortest_dijkstra,t3_sinsa_daechi,long,peak,8.0,13,894.5423,758.1094,130.873,1042.4146,347.8652,5965.7,6,True,68,6,7,55,341904->342719->342710->342156->342157->342711->342712->342714->342713->342076->341620->341621->342834->343100->342865->340641->340704->341588->341785->342116->341788->341787->563170->341731->341603->341729->341598->343105->341906->341605->341595->343103->341778->341593->344353->342694->563168->341608->341553->341563->341552->342644->342148->342645->341559->341985->341569->341738->563185->341560->342648->342147->341996->341571->340229->562951->338222->338726->338837->339122->646056->338604->338223->338603->339126->338348->338347->338706->338354
shortest_dijkstra,t3_sinsa_daechi,long,peak,8.0,14,917.3722,757.9035,151.4726,967.8101,402.6198,5965.7,8,True,68,6,7,55,341904->342719->342710->342156->342157->342711->342712->342714->342713->342076->341620->341621->342834->343100->342865->340641->340704->341588->341785->342116->341788->341787->563170->341731->341603->341729->341598->343105->341906->341605->341595->343103->341778->341593->344353->342694->563168->341608->341553->341563->341552->342644->342148->342645->341559->341985->341569->341738->563185->341560->342648->342147->341996->341571->340229->562951->338222->338726->338837->339122->646056->338604->338223->338603->339126->338348->338347->338706->338354
shortest_dijkstra,t3_sinsa_daechi,long,peak,8.0,15,1014.6711,772.0128,233.3361,1025.3121,620.2157,5965.7,9,True,68,6,7,55,341904->342719->342710->342156->342157->342711->342712->342714->342713->342076->341620->341621->342834->343100->342865->340641->340704->341588->341785->342116->341788->341787->563170->341731->341603->341729->341598->343105->341906->341605->341595->343103->341778->341593->344353->342694->563168->341608->341553->341563->341552->342644->342148->342645->341559->341985->341569->341738->563185->341560->342648->342147->341996->341571->340229->562951->338222->338726->338837->339122->646056->338604->338223->338603->339126->338348->338347->338706->338354
shortest_dijkstra,t3_sinsa_daechi,long,peak,8.0,16,946.4887,752.696,185.3069,1046.3511,492.5524,5965.7,7,True,68,6,7,55,341904->342719->342710->342156->342157->342711->342712->342714->342713->342076->341620->341621->342834->343100->342865->340641->340704->341588->341785->342116->341788->341787->563170->341731->341603->341729->341598->343105->341906->341605->341595->343103->341778->341593->344353->342694->563168->341608->341553->341563->341552->342644->342148->342645->341559->341985->341569->341738->563185->341560->342648->342147->341996->341571->340229->562951->338222->338726->338837->339122->646056->338604->338223->338603->339126->338348->338347->338706->338354
shortest_dijkstra,t3_sinsa_daechi,long,peak,8.0,17,980.6499,764.6991,207.2566,993.1549,550.8955,5965.7,8,True,68,6,7,55,341904->342719->342710->342156->342157->342711->342712->342714->342713->342076->341620->341621->342834->343100->342865->340641->340704->341588->341785->342116->341788->341787->563170->341731->341603->341729->341598->343105->341906->341605->341595->343103->341778->341593->344353->342694->563168->341608->341553->341563->341552->342644->342148->342645->341559->341985->341569->341738->563185->341560->342648->342147->341996->341571->340229->562951->338222->338726->338837->339122->646056->338604->338223->338603->339126->338348->338347->338706->338354
shortest_dijkstra,t3_sinsa_daechi,long,peak,8.0,18,992.6581,791.4323,192.072,1016.586,510.5343,5965.7,8,True,68,6,7,55,341904->342719->342710->342156->342157->342711->342712->342714->342713->342076->341620->341621->342834->343100->342865->340641->340704->341588->341785->342116->341788->341787->563170->341731->341603->341729->341598->343105->341906->341605->341595->343103->341778->341593->344353->342694->563168->341608->341553->341563->341552->342644->342148->342645->341559->341985->341569->341738->563185->341560->342648->342147->341996->341571->340229->562951->338222->338726->338837->339122->646056->338604->338223->338603->339126->338348->338347->338706->338354
shortest_dijkstra,t3_sinsa_daechi,long,peak,8.0,19,902.1316,741.4254,155.1513,977.0338,412.3977,5965.7,6,True,68,6,7,55,341904->342719->342710->342156->342157->342711->342712->342714->342713->342076->341620->341621->342834->343100->342865->340641->340704->341588->341785->342116->341788->341787->563170->341731->341603->341729->341598->343105->341906->341605->341595->343103->341778->341593->344353->342694->563168->341608->341553->341563->341552->342644->342148->342645->341559->341985->341569->341738->563185->341560->342648->342147->341996->341571->340229->562951->338222->338726->338837->339122->646056->338604->338223->338603->339126->338348->338347->338706->338354
shortest_dijkstra,t3_sinsa_daechi,long,peak,8.0,20,924.0461,762.7625,154.5008,998.2517,410.6686,5965.7,7,True,68,6,7,55,341904->342719->342710->342156->342157->342711->342712->342714->342713->342076->341620->341621->342834->343100->342865->340641->340704->341588->341785->342116->341788->341787->563170->341731->341603->341729->341598->343105->341906->341605->341595->343103->341778->341593->344353->342694->563168->341608->341553->341563->341552->342644->342148->342645->341559->341985->341569->341738->563185->341560->342648->342147->341996->341571->340229->562951->338222->338726->338837->339122->646056->338604->338223->338603->339126->338348->338347->338706->338354
shortest_dijkstra,t3_sinsa_daechi,long,peak,8.0,21,969.9239,782.3156,178.9055,1073.089,475.5373,5965.7,8,True,68,6,7,55,341904->342719->342710->342156->342157->342711->342712->342714->342713->342076->341620->341621->342834->343100->342865->340641->340704->341588->341785->342116->341788->341787->563170->341731->341603->341729->341598->343105->341906->341605->341595->343103->341778->341593->344353->342694->563168->341608->341553->341563->341552->342644->342148->342645->341559->341985->341569->341738->563185->341560->342648->342147->341996->341571->340229->562951->338222->338726->338837->339122->646056->338604->338223->338603->339126->338348->338347->338706->338354
shortest_dijkstra,t3_sinsa_daechi,long,peak,8.0,22,906.962,732.8441,165.6499,935.1175,440.3034,5965.7,8,True,68,6,7,55,341904->342719->342710->342156->342157->342711->342712->342714->342713->342076->341620->341621->342834->343100->342865->340641->340704->341588->341785->342116->341788->341787->563170->341731->341603->341729->341598->343105->341906->341605->341595->343103->341778->341593->344353->342694->563168->341608->341553->341563->341552->342644->342148->342645->341559->341985->341569->341738->563185->341560->342648->342147->341996->341571->340229->562951->338222->338726->338837->339122->646056->338604->338223->338603->339126->338348->338347->338706->338354
shortest_dijkstra,t3_sinsa_daechi,long,peak,8.0,23,983.6749,772.7764,203.7658,996.5626,541.617,5965.7,8,True,68,6,7,55,341904->342719->342710->342156->342157->342711->342712->342714->342713->342076->341620->341621->342834->343100->342865->340641->340704->341588->341785->342116->341788->341787->563170->341731->341603->341729->341598->343105->341906->341605->341595->343103->341778->341593->344353->342694->563168->341608->341553->341563->341552->342644->342148->342645->341559->341985->341569->341738->563185->341560->342648->342147->341996->341571->340229->562951->338222->338726->338837->339122->646056->338604->338223->338603->339126->338348->338347->338706->338354
shortest_dijkstra,t3_sinsa_daechi,long,peak,8.0,24,1081.1032,772.0882,298.4821,995.5258,793.3763,5965.7,10,True,68,6,7,55,341904->342719->342710->342156->342157->342711->342712->342714->342713->342076->341620->341621->342834->343100->342865->340641->340704->341588->341785->342116->341788->341787->563170->341731->341603->341729->341598->343105->341906->341605->341595->343103->341778->341593->344353->342694->563168->341608->341553->341563->341552->342644->342148->342645->341559->341985->341569->341738->563185->341560->342648->342147->341996->341571->340229->562951->338222->338726->338837->339122->646056->338604->338223->338603->339126->338348->338347->338706->338354
shortest_dijkstra,t3_sinsa_daechi,long,peak,8.0,25,927.6107,752.7153,167.167,955.7971,444.336,5965.7,7,True,68,6,7,55,341904->342719->342710->342156->342157->342711->342712->342714->342713->342076->341620->341621->342834->343100->342865->340641->340704->341588->341785->342116->341788->341787->563170->341731->341603->341729->341598->343105->341906->341605->341595->343103->341778->341593->344353->342694->563168->341608->341553->341563->341552->342644->342148->342645->341559->341985->341569->341738->563185->341560->342648->342147->341996->341571->340229->562951->338222->338726->338837->339122->646056->338604->338223->338603->339126->338348->338347->338706->338354
shortest_dijkstra,t3_sinsa_daechi,long,peak,8.0,26,972.7076,779.2745,185.8887,1012.5068,494.0988,5965.7,8,True,68,6,7,55,341904->342719->342710->342156->342157->342711->342712->342714->342713->342076->341620->341621->342834->343100->342865->340641->340704->341588->341785->342116->341788->341787->563170->341731->341603->341729->341598->343105->341906->341605->341595->343103->341778->341593->344353->342694->563168->341608->341553->341563->341552->342644->342148->342645->341559->341985->341569->341738->563185->341560->342648->342147->341996->341571->340229->562951->338222->338726->338837->339122->646056->338604->338223->338603->339126->338348->338347->338706->338354
shortest_dijkstra,t3_sinsa_daechi,long,peak,8.0,27,996.364,788.7369,198.9356,1003.7703,528.778,5965.7,8,True,68,6,7,55,341904->342719->342710->342156->342157->342711->342712->342714->342713->342076->341620->341621->342834->343100->342865->340641->340704->341588->341785->342116->341788->341787->563170->341731->341603->341729->341598->343105->341906->341605->341595->343103->341778->341593->344353->342694->563168->341608->341553->341563->341552->342644->342148->342645->341559->341985->341569->341738->563185->341560->342648->342147->341996->341571->340229->562951->338222->338726->338837->339122->646056->338604->338223->338603->339126->338348->338347->338706->338354
shortest_dijkstra,t3_sinsa_daechi,long,peak,8.0,28,914.9551,754.7681,154.7588,990.2866,411.3545,5965.7,7,True,68,6,7,55,341904->342719->342710->342156->342157->342711->342712->342714->342713->342076->341620->341621->342834->343100->342865->340641->340704->341588->341785->342116->341788->341787->563170->341731->341603->341729->341598->343105->341906->341605->341595->343103->341778->341593->344353->342694->563168->341608->341553->341563->341552->342644->342148->342645->341559->341985->341569->341738->563185->341560->342648->342147->341996->341571->340229->562951->338222->338726->338837->339122->646056->338604->338223->338603->339126->338348->338347->338706->338354
shortest_dijkstra,t3_sinsa_daechi,long,peak,8.0,29,993.8944,775.1988,208.9398,970.8306,555.3696,5965.7,8,True,68,6,7,55,341904->342719->342710->342156->342157->342711->342712->342714->342713->342076->341620->341621->342834->343100->342865->340641->340704->341588->341785->342116->341788->341787->563170->341731->341603->341729->341598->343105->341906->341605->341595->343103->341778->341593->344353->342694->563168->341608->341553->341563->341552->342644->342148->342645->341559->341985->341569->341738->563185->341560->342648->342147->341996->341571->340229->562951->338222->338726->338837->339122->646056->338604->338223->338603->339126->338348->338347->338706->338354
shortest_dijkstra,t3_sinsa_daechi,long,peak,8.0,30,979.91,768.6893,202.3445,1006.097,537.8391,5965.7,8,True,68,6,7,55,341904->342719->342710->342156->342157->342711->342712->342714->342713->342076->341620->341621->342834->343100->342865->340641->340704->341588->341785->342116->341788->341787->563170->341731->341603->341729->341598->343105->341906->341605->341595->343103->341778->341593->344353->342694->563168->341608->341553->341563->341552->342644->342148->342645->341559->341985->341569->341738->563185->341560->342648->342147->341996->341571->340229->562951->338222->338726->338837->339122->646056->338604->338223->338603->339126->338348->338347->338706->338354
static_fuel_dijkstra,t1_seonjeongneung_daechi,long,off_peak,7.0,1,409.4935,354.6488,50.5057,455.0359,134.2461,3099.9,3,True,22,3,3,16,341608->341553->341563->341561->341562->341564->342645->341559->342115->563067->342636->338199->338198->562865->339135->338197->338925->646201->339126->338348->338347->338706->338354
static_fuel_dijkstra,t1_seonjeongneung_daechi,long,off_peak,7.0,2,447.4002,365.6314,75.1113,421.0575,199.6486,3021.4,4,True,28,3,3,22,341608->341553->341563->341561->341562->341564->342645->341559->342115->563067->342648->342147->341996->341571->340229->562951->338222->338726->338837->339122->646056->338604->338223->338603->339126->338348->338347->338706->338354
static_fuel_dijkstra,t1_seonjeongneung_daechi,long,off_peak,7.0,3,383.1001,354.637,24.3972,394.0219,64.8486,3021.4,2,True,28,3,3,22,341608->341553->341563->341561->341562->341564->342645->341559->342115->563067->342648->342147->341996->341571->340229->562951->338222->338726->338837->339122->646056->338604->338223->338603->339126->338348->338347->338706->338354
static_fuel_dijkstra,t1_seonjeongneung_daechi,long,off_peak,7.0,4,365.2231,341.9185,20.2572,416.4978,53.8443,3021.4,2,True,28,3,3,22,341608->341553->341563->341561->341562->341564->342645->341559->342115->563067->342648->342147->341996->341571->340229->562951->338222->338726->338837->339122->646056->338604->338223->338603->339126->338348->338347->338706->338354
static_fuel_dijkstra,t1_seonjeongneung_daechi,long,off_peak,7.0,5,384.5532,369.7387,13.9201,490.2788,37.0,3189.7,1,True,27,4,3,20,341608->341553->341563->341561->341562->341564->342645->341559->342115->563067->342636->338199->338198->562865->339135->338197->338925->587845->646128->587905->339124->339125->338598->338208->338599->587846->338600->338354
static_fuel_dijkstra,t1_seonjeongneung_daechi,long,off_peak,7.0,6,359.139,336.5807,19.642,430.1963,52.2092,3099.9,2,True,22,3,3,16,341608->341553->341563->341561->341562->341564->342645->341559->342115->563067->342636->338199->338198->562865->339135->338197->338925->646201->339126->338348->338347->338706->338354
static_fuel_dijkstra,t1_seonjeongneung_daechi,long,off_peak,7.0,7,386.7287,364.5534,19.4648,441.9215,51.7382,3061.9,2,True,25,3,3,19,341608->341553->341563->341561->341562->341564->342645->341559->342115->563067->342636->338199->338198->338222->338726->338837->339122->646056->338604->338223->338603->339126->338348->338347->338706->338354
static_fuel_dijkstra,t1_seonjeongneung_daechi,long,off_peak,7.0,8,415.1865,345.2422,64.7109,439.0832,172.0038,3057.8,3,True,24,3,3,18,341608->341553->341563->341561->341562->341564->342645->341559->342115->563067->342636->338199->338198->562865->339135->339122->646056->338604->338223->338603->339126->338348->338347->338706->338354
static_fuel_dijkstra,t1_seonjeongneung_daechi,long,off_peak,7.0,9,425.2927,367.9839,53.4585,450.523,142.0946,3061.9,3,True,25,3,3,19,341608->341553->341563->341561->341562->341564->342645->341559->342115->563067->342636->338199->338198->338222->338726->338837->339122->646056->338604->338223->338603->339126->338348->338347->338706->338354
static_fuel_dijkstra,t1_seonjeongneung_daechi,long,off_peak,7.0,10,369.5465,348.9108,17.8843,430.2872,47.537,3099.9,2,True,22,3,3,16,341608->341553->341563->341561->341562->341564->342645->341559->342115->563067->342636->338199->338198->562865->339135->338197->338925->646201->339126->338348->338347->338706->338354
static_fuel_dijkstra,t1_seonjeongneung_daechi,long,off_peak,7.0,11,354.2272,331.6392,19.7032,403.2681,52.3719,3021.4,2,True,28,3,3,22,341608->341553->341563->341561->341562->341564->342645->341559->342115->563067->342648->342147->341996->341571->340229->562951->338222->338726->338837->339122->646056->338604->338223->338603->339126->338348->338347->338706->338354
static_fuel_dijkstra,t1_seonjeongneung_daechi,long,off_peak,7.0,12,422.8387,363.5392,55.284,446.2694,146.9468,3099.9,3,True,22,3,3,16,341608->341553->341563->341561->341562->341564->342645->341559->342115->563067->342636->338199->338198->562865->339135->338197->338925->646201->339126->338348->338347->338706->338354
static_fuel_dijkstra,t1_seonjeongneung_daechi,long,off_peak,7.0,13,424.644,373.6372,46.5831,467.9194,123.8197,3057.8,3,True,24,3,3,18,341608->341553->341563->341561->341562->341564->342645->341559->342115->563067->342636->338199->338198->562865->339135->339122->646056->338604->338223->338603->339126->338348->338347->338706->338354
static_fuel_dijkstra,t1_seonjeongneung_daechi,long,off_peak,7.0,14,386.8437,372.2136,13.9201,483.7704,37.0,3189.7,1,True,27,4,3,20,341608->341553->341563->341561->341562->341564->342645->341559->342115->563067->342636->338199->338198->562865->339135->338197->338925->587845->646128->587905->339124->339125->338598->338208->338599->587846->338600->338354
static_fuel_dijkstra,t1_seonjeongneung_daechi,long,off_peak,7.0,15,370.8661,354.215,13.9201,452.661,37.0,3099.9,1,True,22,3,3,16,341608->341553->341563->341561->341562->341564->342645->341559->342115->563067->342636->338199->338198->562865->339135->338197->338925->646201->339126->338348->338347->338706->338354
static_fuel_dijkstra,t1_seonjeongneung_daechi,long,off_peak,7.0,16,379.059,355.7353,20.043,430.0446,53.2749,3099.9,2,True,22,3,3,16,341608->341553->341563->341561->341562->341564->342645->341559->342115->563067->342636->338199->338198->562865->339135->338197->338925->646201->339126->338348->338347->338706->338354
static_fuel_dijkstra,t1_seonjeongneung_daechi,long,off_peak,7.0,17,414.5441,354.1295,55.8205,469.9781,148.373,3061.9,3,True,25,3,3,19,341608->341553->341563->341561->341562->341564->342645->341559->342115->563067->342636->338199->338198->338222->338726->338837->339122->646056->338604->338223->338603->339126->338348->338347->338706->338354
static_fuel_dijkstra,t1_seonjeongneung_daechi,long,off_peak,7.0,18,376.7022,352.8838,19.2213,440.3963,51.0908,3061.9,3,True,25,3,3,19,341608->341553->341563->341561->341562->341564->342645->341559->342115->563067->342636->338199->338198->338222->338726->338837->339122->646056->338604->338223->338603->339126->338348->338347->338706->338354
static_fuel_dijkstra,t1_seonjeongneung_daechi,long,off_peak,7.0,19,417.5187,358.1337,55.4562,439.426,147.4046,3099.9,3,True,22,3,3,16,341608->341553->341563->341561->341562->341564->342645->341559->342115->563067->342636->338199->338198->562865->339135->338197->338925->646201->339126->338348->338347->338706->338354
static_fuel_dijkstra,t1_seonjeongneung_daechi,long,off_peak,7.0,20,428.3397,359.2019,65.5622,447.0136,174.2666,3061.9,3,True,25,3,3,19,341608->341553->341563->341561->341562->341564->342645->341559->342115->563067->342636->338199->338198->338222->338726->338837->339122->646056->338604->338223->338603->339126->338348->338347->338706->338354
static_fuel_dijkstra,t1_seonjeongneung_daechi,long,off_peak,7.0,21,388.363,367.3331,17.7296,411.9692,47.1259,3053.6,2,True,28,3,3,22,341608->341553->341563->341561->341562->341564->342645->341559->342115->563067->342636->342147->341996->341571->340229->562951->338222->338726->338837->339122->646056->338604->338223->338603->339126->338348->338347->338706->338354
static_fuel_dijkstra,t1_seonjeongneung_daechi,long,off_peak,7.0,22,377.2208,355.8836,18.1855,412.5094,48.3378,3021.4,2,True,28,3,3,22,341608->341553->341563->341561->341562->341564->342645->341559->342115->563067->342648->342147->341996->341571->340229->562951->338222->338726->338837->339122->646056->338604->338223->338603->339126->338348->338347->338706->338354
static_fuel_dijkstra,t1_seonjeongneung_daechi,long,off_peak,7.0,23,375.7499,349.3085,22.6624,429.9909,60.2374,3099.9,2,True,22,3,3,16,341608->341553->341563->341561->341562->341564->342645->341559->342115->563067->342636->338199->338198->562865->339135->338197->338925->646201->339126->338348->338347->338706->338354
static_fuel_dijkstra,t1_seonjeongneung_daechi,long,off_peak,7.0,24,412.125,365.7952,41.9934,477.5303,111.6199,3060.9,3,True,24,3,3,18,341608->341553->341563->341561->341562->341564->342645->341559->342115->563067->342636->338199->338198->562865->339135->338197->338597->338605->338223->338603->339126->338348->338347->338706->338354
static_fuel_dijkstra,t1_seonjeongneung_daechi,long,off_peak,7.0,25,468.3929,369.4151,94.4404,480.7807,251.0259,3057.8,4,True,24,3,3,18,341608->341553->341563->341561->341562->341564->342645->341559->342115->563067->342636->338199->338198->562865->339135->339122->646056->338604->338223->338603->339126->338348->338347->338706->338354
static_fuel_dijkstra,t1_seonjeongneung_daechi,long,off_peak,7.0,26,427.4366,352.573,69.8216,431.8335,185.5883,3053.6,4,True,28,3,3,22,341608->341553->341563->341561->341562->341564->342645->341559->342115->563067->342636->342147->341996->341571->340229->562951->338222->338726->338837->339122->646056->338604->338223->338603->339126->338348->338347->338706->338354
static_fuel_dijkstra,t1_seonjeongneung_daechi,long,off_peak,7.0,27,377.3732,352.7457,20.4789,420.6529,54.4337,3061.9,2,True,25,3,3,19,341608->341553->341563->341561->341562->341564->342645->341559->342115->563067->342636->338199->338198->338222->338726->338837->339122->646056->338604->338223->338603->339126->338348->338347->338706->338354
static_fuel_dijkstra,t1_seonjeongneung_daechi,long,off_peak,7.0,28,423.6691,368.1241,53.7212,490.0417,142.7928,3057.8,2,True,24,3,3,18,341608->341553->341563->341561->341562->341564->342645->341559->342115->563067->342636->338199->338198->562865->339135->339122->646056->338604->338223->338603->339126->338348->338347->338706->338354
static_fuel_dijkstra,t1_seonjeongneung_daechi,long,off_peak,7.0,29,424.6822,358.1065,62.405,454.1827,165.8748,3061.9,3,True,25,3,3,19,341608->341553->341563->341561->341562->341564->342645->341559->342115->563067->342636->338199->338198->338222->338726->338837->339122->646056->338604->338223->338603->339126->338348->338347->338706->338354
static_fuel_dijkstra,t1_seonjeongneung_daechi,long,off_peak,7.0,30,440.7446,372.6022,63.5949,462.0703,169.0375,3061.9,3,True,25,3,3,19,341608->341553->341563->341561->341562->341564->342645->341559->342115->563067->342636->338199->338198->338222->338726->338837->339122->646056->338604->338223->338603->339126->338348->338347->338706->338354
static_fuel_dijkstra,t1_seonjeongneung_daechi,long,peak,8.0,1,436.3552,385.9556,46.2323,542.2982,122.8872,3394.9,3,True,24,4,4,16,341608->341553->341554->341551->342640->613995->342644->342148->342645->341559->342115->563067->342636->338199->338198->562865->339135->338197->338925->646201->339126->338348->338347->338706->338354
static_fuel_dijkstra,t1_seonjeongneung_daechi,long,peak,8.0,2,441.2087,392.5299,44.6597,547.4764,118.7072,3394.9,3,True,24,4,4,16,341608->341553->341554->341551->342640->613995->342644->342148->342645->341559->342115->563067->342636->338199->338198->562865->339135->338197->338925->646201->339126->338348->338347->338706->338354
static_fuel_dijkstra,t1_seonjeongneung_daechi,long,peak,8.0,3,368.0706,361.5159,6.016,512.2714,15.9907,3316.4,1,True,30,4,4,22,341608->341553->341554->341551->342640->613995->342644->342148->342645->341559->342115->563067->342648->342147->341996->341571->340229->562951->338222->338726->338837->339122->646056->338604->338223->338603->339126->338348->338347->338706->338354
static_fuel_dijkstra,t1_seonjeongneung_daechi,long,peak,8.0,4,432.0451,386.0756,42.8417,546.3343,113.8747,3394.9,2,True,24,4,4,16,341608->341553->341554->341551->342640->613995->342644->342148->342645->341559->342115->563067->342636->338199->338198->562865->339135->338197->338925->646201->339126->338348->338347->338706->338354
static_fuel_dijkstra,t1_seonjeongneung_daechi,long,peak,8.0,5,488.4352,416.4403,69.9478,623.2468,185.9238,3316.4,3,True,30,4,4,22,341608->341553->341554->341551->342640->613995->342644->342148->342645->341559->342115->563067->342648->342147->341996->341571->340229->562951->338222->338726->338837->339122->646056->338604->338223->338603->339126->338348->338347->338706->338354
static_fuel_dijkstra,t1_seonjeongneung_daechi,long,peak,8.0,6,378.4693,368.1467,8.3144,449.4182,22.1,3480.0,1,True,26,6,5,15,341608->341553->341554->341551->342640->613995->342644->342148->342645->341559->342115->563067->342636->338199->338198->562865->339135->338197->338925->587845->646128->587905->339124->587910->587846->338600->338354
static_fuel_dijkstra,t1_seonjeongneung_daechi,long,peak,8.0,7,442.6535,389.636,49.695,542.2757,132.0912,3394.9,3,True,24,4,4,16,341608->341553->341554->341551->342640->613995->342644->342148->342645->341559->342115->563067->342636->338199->338198->562865->339135->338197->338925->646201->339126->338348->338347->338706->338354
static_fuel_dijkstra,t1_seonjeongneung_daechi,long,peak,8.0,8,387.2718,378.3777,7.0574,508.8291,18.7587,3348.6,2,True,30,4,4,22,341608->341553->341554->341551->342640->613995->342644->342148->342645->341559->342115->563067->342636->342147->341996->341571->340229->562951->338222->338726->338837->339122->646056->338604->338223->338603->339126->338348->338347->338706->338354
static_fuel_dijkstra,t1_seonjeongneung_daechi,long,peak,8.0,9,443.8752,388.3987,52.064,524.2122,138.3879,3394.9,3,True,24,4,4,16,341608->341553->341554->341551->342640->613995->342644->342148->342645->341559->342115->563067->342636->338199->338198->562865->339135->338197->338925->646201->339126->338348->338347->338706->338354
static_fuel_dijkstra,t1_seonjeongneung_daechi,long,peak,8.0,10,445.7797,396.4749,45.7076,545.7691,121.4924,3394.9,3,True,24,4,4,16,341608->341553->341554->341551->342640->613995->342644->342148->342645->341559->342115->563067->342636->338199->338198->562865->339135->338197->338925->646201->339126->338348->338347->338706->338354
static_fuel_dijkstra,t1_seonjeongneung_daechi,long,peak,8.0,11,454.0883,392.3378,59.9867,538.736,159.4468,3348.6,2,True,30,4,4,22,341608->341553->341554->341551->342640->613995->342644->342148->342645->341559->342115->563067->342636->342147->341996->341571->340229->562951->338222->338726->338837->339122->646056->338604->338223->338603->339126->338348->338347->338706->338354
static_fuel_dijkstra,t1_seonjeongneung_daechi,long,peak,8.0,12,358.2044,358.2044,0.0,483.0711,0.0,3480.0,0,True,26,6,5,15,341608->341553->341554->341551->342640->613995->342644->342148->342645->341559->342115->563067->342636->338199->338198->562865->339135->338197->338925->587845->646128->587905->339124->587910->587846->338600->338354
static_fuel_dijkstra,t1_seonjeongneung_daechi,long,peak,8.0,13,441.6626,390.1087,48.4545,534.8624,128.7939,3394.9,3,True,24,4,4,16,341608->341553->341554->341551->342640->613995->342644->342148->342645->341559->342115->563067->342636->338199->338198->562865->339135->338197->338925->646201->339126->338348->338347->338706->338354
static_fuel_dijkstra,t1_seonjeongneung_daechi,long,peak,8.0,14,436.2191,399.7962,34.5291,593.174,91.7796,3394.9,2,True,24,4,4,16,341608->341553->341554->341551->342640->613995->342644->342148->342645->341559->342115->563067->342636->338199->338198->562865->339135->338197->338925->646201->339126->338348->338347->338706->338354
static_fuel_dijkstra,t1_seonjeongneung_daechi,long,peak,8.0,15,444.3837,393.5105,48.0097,553.9623,127.6115,3394.9,2,True,24,4,4,16,341608->341553->341554->341551->342640->613995->342644->342148->342645->341559->342115->563067->342636->338199->338198->562865->339135->338197->338925->646201->339126->338348->338347->338706->338354
static_fuel_dijkstra,t1_seonjeongneung_daechi,long,peak,8.0,16,377.3709,372.7312,3.8272,523.5191,10.1727,3316.4,1,True,30,4,4,22,341608->341553->341554->341551->342640->613995->342644->342148->342645->341559->342115->563067->342648->342147->341996->341571->340229->562951->338222->338726->338837->339122->646056->338604->338223->338603->339126->338348->338347->338706->338354
static_fuel_dijkstra,t1_seonjeongneung_daechi,long,peak,8.0,17,385.6264,385.6264,0.0,478.7445,0.0,3480.0,0,True,26,6,5,15,341608->341553->341554->341551->342640->613995->342644->342148->342645->341559->342115->563067->342636->338199->338198->562865->339135->338197->338925->587845->646128->587905->339124->587910->587846->338600->338354
static_fuel_dijkstra,t1_seonjeongneung_daechi,long,peak,8.0,18,370.3575,363.7991,4.8985,504.5611,13.0204,3316.4,2,True,30,4,4,22,341608->341553->341554->341551->342640->613995->342644->342148->342645->341559->342115->563067->342648->342147->341996->341571->340229->562951->338222->338726->338837->339122->646056->338604->338223->338603->339126->338348->338347->338706->338354
static_fuel_dijkstra,t1_seonjeongneung_daechi,long,peak,8.0,19,366.3633,362.984,1.5713,459.2158,4.1765,3480.0,1,True,26,6,5,15,341608->341553->341554->341551->342640->613995->342644->342148->342645->341559->342115->563067->342636->338199->338198->562865->339135->338197->338925->587845->646128->587905->339124->587910->587846->338600->338354
static_fuel_dijkstra,t1_seonjeongneung_daechi,long,peak,8.0,20,393.612,383.8189,7.8106,453.1587,20.7609,3480.0,1,True,26,6,5,15,341608->341553->341554->341551->342640->613995->342644->342148->342645->341559->342115->563067->342636->338199->338198->562865->339135->338197->338925->587845->646128->587905->339124->587910->587846->338600->338354
static_fuel_dijkstra,t1_seonjeongneung_daechi,long,peak,8.0,21,369.1575,369.1575,0.0,462.8018,0.0,3480.0,0,True,26,6,5,15,341608->341553->341554->341551->342640->613995->342644->342148->342645->341559->342115->563067->342636->338199->338198->562865->339135->338197->338925->587845->646128->587905->339124->587910->587846->338600->338354
static_fuel_dijkstra,t1_seonjeongneung_daechi,long,peak,8.0,22,374.8338,374.8338,0.0,507.3843,0.0,3480.0,0,True,26,6,5,15,341608->341553->341554->341551->342640->613995->342644->342148->342645->341559->342115->563067->342636->338199->338198->562865->339135->338197->338925->587845->646128->587905->339124->587910->587846->338600->338354
static_fuel_dijkstra,t1_seonjeongneung_daechi,long,peak,8.0,23,372.5919,369.9192,0.7893,483.0591,2.0979,3480.0,1,True,26,6,5,15,341608->341553->341554->341551->342640->613995->342644->342148->342645->341559->342115->563067->342636->338199->338198->562865->339135->338197->338925->587845->646128->587905->339124->587910->587846->338600->338354
static_fuel_dijkstra,t1_seonjeongneung_daechi,long,peak,8.0,24,455.1325,403.6883,47.3503,543.0671,125.8588,3394.9,3,True,24,4,4,16,341608->341553->341554->341551->342640->613995->342644->342148->342645->341559->342115->563067->342636->338199->338198->562865->339135->338197->338925->646201->339126->338348->338347->338706->338354
static_fuel_dijkstra,t1_seonjeongneung_daechi,long,peak,8.0,25,363.3302,363.3302,0.0,482.6286,0.0,3480.0,0,True,26,6,5,15,341608->341553->341554->341551->342640->613995->342644->342148->342645->341559->342115->563067->342636->338199->338198->562865->339135->338197->338925->587845->646128->587905->339124->587910->587846->338600->338354
static_fuel_dijkstra,t1_seonjeongneung_daechi,long,peak,8.0,26,384.2016,380.034,3.6037,513.6674,9.5787,3348.6,1,True,30,4,4,22,341608->341553->341554->341551->342640->613995->342644->342148->342645->341559->342115->563067->342636->342147->341996->341571->340229->562951->338222->338726->338837->339122->646056->338604->338223->338603->339126->338348->338347->338706->338354
static_fuel_dijkstra,t1_seonjeongneung_daechi,long,peak,8.0,27,380.7686,378.1965,0.9385,457.6463,2.4945,3480.0,1,True,26,6,5,15,341608->341553->341554->341551->342640->613995->342644->342148->342645->341559->342115->563067->342636->338199->338198->562865->339135->338197->338925->587845->646128->587905->339124->587910->587846->338600->338354
static_fuel_dijkstra,t1_seonjeongneung_daechi,long,peak,8.0,28,379.3139,370.0646,7.3467,450.0685,19.5279,3480.0,1,True,26,6,5,15,341608->341553->341554->341551->342640->613995->342644->342148->342645->341559->342115->563067->342636->338199->338198->562865->339135->338197->338925->587845->646128->587905->339124->587910->587846->338600->338354
static_fuel_dijkstra,t1_seonjeongneung_daechi,long,peak,8.0,29,376.2054,376.2054,0.0,511.0634,0.0,3480.0,0,True,26,6,5,15,341608->341553->341554->341551->342640->613995->342644->342148->342645->341559->342115->563067->342636->338199->338198->562865->339135->338197->338925->587845->646128->587905->339124->587910->587846->338600->338354
static_fuel_dijkstra,t1_seonjeongneung_daechi,long,peak,8.0,30,380.849,380.849,0.0,465.102,0.0,3480.0,0,True,26,6,5,15,341608->341553->341554->341551->342640->613995->342644->342148->342645->341559->342115->563067->342636->338199->338198->562865->339135->338197->338925->587845->646128->587905->339124->587910->587846->338600->338354
static_fuel_dijkstra,t2_yeoksam_hakyeoul,long,off_peak,7.0,1,576.8822,532.8071,39.6087,624.4534,105.2813,4307.7,3,True,47,8,6,33,338267->340192->338229->338218->339094->338258->613662->339651->338651->339293->341572->340705->341555->341736->341568->341735->341564->342639->563096->342115->563067->342648->342147->341996->341571->340229->562951->338222->338726->338837->339122->646056->338604->338223->338603->339126->338348->338347->338346->339296->338349->338341->338728->339266->338343->338313->340271->338344
static_fuel_dijkstra,t2_yeoksam_hakyeoul,long,off_peak,7.0,2,578.4792,522.9972,51.1455,711.1348,135.9466,4294.9,2,True,37,7,6,24,338267->340192->338229->338218->339094->338258->613662->339651->338651->339293->341572->340705->341555->341736->341568->341735->341564->342639->563096->342115->563067->342648->342147->341996->341571->341521->342613->341535->343726->343919->338310->339265->338311->339297->339000->339664->338312->338344
static_fuel_dijkstra,t2_yeoksam_hakyeoul,long,off_peak,7.0,3,552.8418,512.5864,35.5062,648.3343,94.3767,4307.7,3,True,47,8,6,33,338267->340192->338229->338218->339094->338258->613662->339651->338651->339293->341572->340705->341555->341736->341568->341735->341564->342639->563096->342115->563067->342648->342147->341996->341571->340229->562951->338222->338726->338837->339122->646056->338604->338223->338603->339126->338348->338347->338346->339296->338349->338341->338728->339266->338343->338313->340271->338344
static_fuel_dijkstra,t2_yeoksam_hakyeoul,long,off_peak,7.0,4,614.5654,516.0178,91.9923,612.5487,244.5189,4307.7,4,True,47,8,6,33,338267->340192->338229->338218->339094->338258->613662->339651->338651->339293->341572->340705->341555->341736->341568->341735->341564->342639->563096->342115->563067->342648->342147->341996->341571->340229->562951->338222->338726->338837->339122->646056->338604->338223->338603->339126->338348->338347->338346->339296->338349->338341->338728->339266->338343->338313->340271->338344
static_fuel_dijkstra,t2_yeoksam_hakyeoul,long,off_peak,7.0,5,597.6,550.4971,43.7333,617.4899,116.2447,4400.0,3,True,51,10,7,34,338267->340192->338229->338218->339571->338261->341734->341572->339293->338651->562919->562884->613773->613772->339003->339662->341549->341566->341568->341735->341564->342639->563096->342115->563067->342648->342147->341996->341571->340229->562951->338222->338726->338837->339122->646056->338604->338223->338603->339126->338348->338347->338346->339296->338349->338341->338728->339266->338343->338313->340271->338344
static_fuel_dijkstra,t2_yeoksam_hakyeoul,long,off_peak,7.0,6,549.0067,512.1018,33.6416,653.995,89.4206,4307.7,2,True,47,8,6,33,338267->340192->338229->338218->339094->338258->613662->339651->338651->339293->341572->340705->341555->341736->341568->341735->341564->342639->563096->342115->563067->342648->342147->341996->341571->340229->562951->338222->338726->338837->339122->646056->338604->338223->338603->339126->338348->338347->338346->339296->338349->338341->338728->339266->338343->338313->340271->338344
static_fuel_dijkstra,t2_yeoksam_hakyeoul,long,off_peak,7.0,7,535.5567,487.5946,44.8649,602.5595,119.2526,4307.7,3,True,47,8,6,33,338267->340192->338229->338218->339094->338258->613662->339651->338651->339293->341572->340705->341555->341736->341568->341735->341564->342639->563096->342115->563067->342648->342147->341996->341571->340229->562951->338222->338726->338837->339122->646056->338604->338223->338603->339126->338348->338347->338346->339296->338349->338341->338728->339266->338343->338313->340271->338344
static_fuel_dijkstra,t2_yeoksam_hakyeoul,long,off_peak,7.0,8,608.4729,541.1989,62.4519,677.4292,165.9995,4403.1,3,True,44,9,7,28,338267->340192->338229->338218->339094->338258->613662->339651->338651->339293->341572->340705->341555->341556->342153->343109->613772->339003->339662->341549->342639->563096->342115->563067->342648->341560->341518->341517->341516->341515->342114->563094->646707->342613->341535->343726->343919->338310->339265->338311->339297->339000->339664->338312->338344
static_fuel_dijkstra,t2_yeoksam_hakyeoul,long,off_peak,7.0,9,589.8677,525.0553,60.9314,683.7294,161.9578,4219.7,3,True,40,9,7,24,338267->340192->338229->338218->339094->338258->613662->339651->338651->562919->562884->613773->613772->339003->339662->341549->342639->563096->342115->563067->342648->341560->341518->341517->341516->341515->342114->563094->646707->342613->341535->343726->343919->338310->339265->338311->339297->339000->339664->338312->338344
static_fuel_dijkstra,t2_yeoksam_hakyeoul,long,off_peak,7.0,10,588.5348,535.5808,49.1394,722.7097,130.6142,4403.1,3,True,44,9,7,28,338267->340192->338229->338218->339094->338258->613662->339651->338651->339293->341572->340705->341555->341556->342153->343109->613772->339003->339662->341549->342639->563096->342115->563067->342648->341560->341518->341517->341516->341515->342114->563094->646707->342613->341535->343726->343919->338310->339265->338311->339297->339000->339664->338312->338344
static_fuel_dijkstra,t2_yeoksam_hakyeoul,long,off_peak,7.0,11,599.3156,516.807,78.692,646.2241,209.1662,4307.7,3,True,47,8,6,33,338267->340192->338229->338218->339094->338258->613662->339651->338651->339293->341572->340705->341555->341736->341568->341735->341564->342639->563096->342115->563067->342648->342147->341996->341571->340229->562951->338222->338726->338837->339122->646056->338604->338223->338603->339126->338348->338347->338346->339296->338349->338341->338728->339266->338343->338313->340271->338344
static_fuel_dijkstra,t2_yeoksam_hakyeoul,long,off_peak,7.0,12,595.2208,539.3436,52.361,702.5745,139.1774,4447.4,2,True,41,8,7,26,338267->340192->338229->338218->339094->338258->613662->339651->338651->339293->341572->340705->341555->341736->341568->341735->341564->342639->563096->342115->563067->342648->341560->341518->341517->341516->341515->342114->563094->646707->342613->341535->343726->343919->338310->339265->338311->339297->339000->339664->338312->338344
static_fuel_dijkstra,t2_yeoksam_hakyeoul,long,off_peak,7.0,13,590.3699,533.7992,53.6807,698.0697,142.6853,4250.6,3,True,40,8,6,26,338267->340192->338229->338218->339094->338258->613662->339651->338651->339293->341572->340705->341555->341556->342153->343109->613772->339003->339662->341549->342639->563096->342115->563067->342648->342147->341996->341571->341521->342613->341535->343726->343919->338310->339265->338311->339297->339000->339664->338312->338344
static_fuel_dijkstra,t2_yeoksam_hakyeoul,long,off_peak,7.0,14,545.3005,490.3137,50.4656,599.5552,134.1395,4285.4,4,True,44,6,5,33,338267->340192->338229->338218->339571->338261->341734->341572->588040->341557->342643->341561->341562->341564->342645->341559->342115->563067->342648->342147->341996->341571->340229->562951->338222->338726->338837->339122->646056->338604->338223->338603->339126->338348->338347->338346->339296->338349->338341->338728->339266->338343->338313->340271->338344
static_fuel_dijkstra,t2_yeoksam_hakyeoul,long,off_peak,7.0,15,600.6541,518.303,76.5998,644.6562,203.6051,4219.7,3,True,40,9,7,24,338267->340192->338229->338218->339094->338258->613662->339651->338651->562919->562884->613773->613772->339003->339662->341549->342639->563096->342115->563067->342648->341560->341518->341517->341516->341515->342114->563094->646707->342613->341535->343726->343919->338310->339265->338311->339297->339000->339664->338312->338344
static_fuel_dijkstra,t2_yeoksam_hakyeoul,long,off_peak,7.0,16,535.6562,495.1411,35.8054,626.574,95.1722,4307.7,2,True,47,8,6,33,338267->340192->338229->338218->339094->338258->613662->339651->338651->339293->341572->340705->341555->341736->341568->341735->341564->342639->563096->342115->563067->342648->342147->341996->341571->340229->562951->338222->338726->338837->339122->646056->338604->338223->338603->339126->338348->338347->338346->339296->338349->338341->338728->339266->338343->338313->340271->338344
static_fuel_dijkstra,t2_yeoksam_hakyeoul,long,off_peak,7.0,17,550.1953,510.9158,35.3261,636.1273,93.8981,4307.7,3,True,47,8,6,33,338267->340192->338229->338218->339094->338258->613662->339651->338651->339293->341572->340705->341555->341736->341568->341735->341564->342639->563096->342115->563067->342648->342147->341996->341571->340229->562951->338222->338726->338837->339122->646056->338604->338223->338603->339126->338348->338347->338346->339296->338349->338341->338728->339266->338343->338313->340271->338344
static_fuel_dijkstra,t2_yeoksam_hakyeoul,long,off_peak,7.0,18,576.5012,534.8995,37.1158,623.0316,98.6551,4307.7,3,True,47,8,6,33,338267->340192->338229->338218->339094->338258->613662->339651->338651->339293->341572->340705->341555->341736->341568->341735->341564->342639->563096->342115->563067->342648->342147->341996->341571->340229->562951->338222->338726->338837->339122->646056->338604->338223->338603->339126->338348->338347->338346->339296->338349->338341->338728->339266->338343->338313->340271->338344
static_fuel_dijkstra,t2_yeoksam_hakyeoul,long,off_peak,7.0,19,570.4582,501.4653,65.7487,669.1039,174.7624,4288.3,3,True,40,6,5,29,338267->340192->338229->338218->339094->338258->613662->339651->338651->339293->341572->340705->341555->341736->341568->341566->341549->342639->563096->342115->343710->341560->341518->341517->341516->341515->342114->563094->646707->342613->341535->343726->343919->338310->339265->338311->339297->339000->339664->338312->338344
static_fuel_dijkstra,t2_yeoksam_hakyeoul,long,off_peak,7.0,20,579.8469,534.5992,40.7306,626.928,108.2634,4322.1,3,True,49,8,6,35,338267->340192->338229->338218->339571->338261->339538->338258->613662->339651->338651->339293->341572->340705->341555->341736->341568->341735->341564->342639->563096->342115->563067->342648->342147->341996->341571->340229->562951->338222->338726->338837->339122->646056->338604->338223->338603->339126->338348->338347->338346->339296->338349->338341->338728->339266->338343->338313->340271->338344
static_fuel_dijkstra,t2_yeoksam_hakyeoul,long,off_peak,7.0,21,557.2981,503.7595,49.5102,606.8025,131.5998,4285.4,3,True,44,6,5,33,338267->340192->338229->338218->339571->338261->341734->341572->588040->341557->342643->341561->341562->341564->342645->341559->342115->563067->342648->342147->341996->341571->340229->562951->338222->338726->338837->339122->646056->338604->338223->338603->339126->338348->338347->338346->339296->338349->338341->338728->339266->338343->338313->340271->338344
static_fuel_dijkstra,t2_yeoksam_hakyeoul,long,off_peak,7.0,22,562.1772,514.3386,43.87,627.612,116.608,4307.7,3,True,47,8,6,33,338267->340192->338229->338218->339094->338258->613662->339651->338651->339293->341572->340705->341555->341736->341568->341735->341564->342639->563096->342115->563067->342648->342147->341996->341571->340229->562951->338222->338726->338837->339122->646056->338604->338223->338603->339126->338348->338347->338346->339296->338349->338341->338728->339266->338343->338313->340271->338344
static_fuel_dijkstra,t2_yeoksam_hakyeoul,long,off_peak,7.0,23,588.0544,510.7129,70.7541,664.6899,188.067,4219.7,3,True,40,9,7,24,338267->340192->338229->338218->339094->338258->613662->339651->338651->562919->562884->613773->613772->339003->339662->341549->342639->563096->342115->563067->342648->341560->341518->341517->341516->341515->342114->563094->646707->342613->341535->343726->343919->338310->339265->338311->339297->339000->339664->338312->338344
static_fuel_dijkstra,t2_yeoksam_hakyeoul,long,off_peak,7.0,24,583.8114,511.5487,67.8056,662.8201,180.2298,4294.9,3,True,37,7,6,24,338267->340192->338229->338218->339094->338258->613662->339651->338651->339293->341572->340705->341555->341736->341568->341735->341564->342639->563096->342115->563067->342648->342147->341996->341571->341521->342613->341535->343726->343919->338310->339265->338311->339297->339000->339664->338312->338344
static_fuel_dijkstra,t2_yeoksam_hakyeoul,long,off_peak,7.0,25,578.9804,515.7574,60.3999,684.6732,160.5451,4219.7,3,True,40,9,7,24,338267->340192->338229->338218->339094->338258->613662->339651->338651->562919->562884->613773->613772->339003->339662->341549->342639->563096->342115->563067->342648->341560->341518->341517->341516->341515->342114->563094->646707->342613->341535->343726->343919->338310->339265->338311->339297->339000->339664->338312->338344
static_fuel_dijkstra,t2_yeoksam_hakyeoul,long,off_peak,7.0,26,580.42,506.614,69.8847,653.2157,185.7561,4403.1,3,True,44,9,7,28,338267->340192->338229->338218->339094->338258->613662->339651->338651->339293->341572->340705->341555->341556->342153->343109->613772->339003->339662->341549->342639->563096->342115->563067->342648->341560->341518->341517->341516->341515->342114->563094->646707->342613->341535->343726->343919->338310->339265->338311->339297->339000->339664->338312->338344
static_fuel_dijkstra,t2_yeoksam_hakyeoul,long,off_peak,7.0,27,633.1204,544.1014,83.9409,640.5478,223.118,4307.7,4,True,47,8,6,33,338267->340192->338229->338218->339094->338258->613662->339651->338651->339293->341572->340705->341555->341736->341568->341735->341564->342639->563096->342115->563067->342648->342147->341996->341571->340229->562951->338222->338726->338837->339122->646056->338604->338223->338603->339126->338348->338347->338346->339296->338349->338341->338728->339266->338343->338313->340271->338344
static_fuel_dijkstra,t2_yeoksam_hakyeoul,long,off_peak,7.0,28,608.4547,525.4371,79.4908,642.6318,211.2894,4307.7,4,True,47,8,6,33,338267->340192->338229->338218->339094->338258->613662->339651->338651->339293->341572->340705->341555->341736->341568->341735->341564->342639->563096->342115->563067->342648->342147->341996->341571->340229->562951->338222->338726->338837->339122->646056->338604->338223->338603->339126->338348->338347->338346->339296->338349->338341->338728->339266->338343->338313->340271->338344
static_fuel_dijkstra,t2_yeoksam_hakyeoul,long,off_peak,7.0,29,580.8475,508.2759,68.3727,666.7669,181.7372,4294.9,3,True,37,7,6,24,338267->340192->338229->338218->339094->338258->613662->339651->338651->339293->341572->340705->341555->341736->341568->341735->341564->342639->563096->342115->563067->342648->342147->341996->341571->341521->342613->341535->343726->343919->338310->339265->338311->339297->339000->339664->338312->338344
static_fuel_dijkstra,t2_yeoksam_hakyeoul,long,off_peak,7.0,30,560.8886,525.6498,31.617,642.3645,84.0393,4307.7,3,True,47,8,6,33,338267->340192->338229->338218->339094->338258->613662->339651->338651->339293->341572->340705->341555->341736->341568->341735->341564->342639->563096->342115->563067->342648->342147->341996->341571->340229->562951->338222->338726->338837->339122->646056->338604->338223->338603->339126->338348->338347->338346->339296->338349->338341->338728->339266->338343->338313->340271->338344
static_fuel_dijkstra,t2_yeoksam_hakyeoul,long,peak,8.0,1,604.0883,515.048,84.9918,743.3959,225.9112,4265.0,3,True,42,8,6,28,338267->340192->338229->338218->339571->338261->339538->338258->613662->339651->338651->339293->341572->340705->341555->341556->342153->343109->613772->339003->339662->341549->342639->563096->342115->563067->342648->342147->341996->341571->341521->342613->341535->343726->343919->338310->339265->338311->339297->339000->339664->338312->338344
static_fuel_dijkstra,t2_yeoksam_hakyeoul,long,peak,8.0,2,618.3961,520.4517,92.2151,721.7057,245.1111,4020.3,5,True,37,7,5,25,338267->340192->338229->338218->339571->338261->341734->341572->339293->338651->562919->562884->613773->613772->339003->339662->341549->342639->563096->342115->563067->342648->342147->341996->341571->341521->342613->341535->343726->343919->338310->339265->338311->339297->339000->339664->338312->338344
static_fuel_dijkstra,t2_yeoksam_hakyeoul,long,peak,8.0,3,606.6093,516.6349,85.7977,756.1928,228.0535,4250.6,3,True,40,8,6,26,338267->340192->338229->338218->339094->338258->613662->339651->338651->339293->341572->340705->341555->341556->342153->343109->613772->339003->339662->341549->342639->563096->342115->563067->342648->342147->341996->341571->341521->342613->341535->343726->343919->338310->339265->338311->339297->339000->339664->338312->338344
static_fuel_dijkstra,t2_yeoksam_hakyeoul,long,peak,8.0,4,558.4359,518.2344,36.9859,749.1924,98.3099,4236.4,3,True,39,6,5,28,338267->340192->338229->338218->339571->338261->341734->341572->588040->341557->342643->341555->341556->342153->343109->613772->339003->339662->341549->342639->563096->342115->563067->342636->342147->341996->341571->341521->342613->341535->343726->343919->338310->339265->338311->339297->339000->339664->338312->338344
static_fuel_dijkstra,t2_yeoksam_hakyeoul,long,peak,8.0,5,610.2805,513.9578,91.7714,726.264,243.9318,4250.6,4,True,40,8,6,26,338267->340192->338229->338218->339094->338258->613662->339651->338651->339293->341572->340705->341555->341556->342153->343109->613772->339003->339662->341549->342639->563096->342115->563067->342648->342147->341996->341571->341521->342613->341535->343726->343919->338310->339265->338311->339297->339000->339664->338312->338344
static_fuel_dijkstra,t2_yeoksam_hakyeoul,long,peak,8.0,6,639.8666,555.9561,81.2055,774.7618,215.8472,4520.8,3,True,38,8,7,23,338267->340192->338229->338218->339094->338258->613662->339651->338651->339293->341572->340705->341555->342643->341561->341562->341564->342645->341559->342115->343710->341560->342648->342147->341996->341571->341521->342613->341535->343726->343919->338310->339265->338311->339297->339000->339664->338312->338344
static_fuel_dijkstra,t2_yeoksam_hakyeoul,long,peak,8.0,7,619.9852,531.3035,81.4549,759.5267,216.51,4020.3,5,True,37,7,5,25,338267->340192->338229->338218->339571->338261->341734->341572->339293->338651->562919->562884->613773->613772->339003->339662->341549->342639->563096->342115->563067->342648->342147->341996->341571->341521->342613->341535->343726->343919->338310->339265->338311->339297->339000->339664->338312->338344
static_fuel_dijkstra,t2_yeoksam_hakyeoul,long,peak,8.0,8,616.0942,513.4434,96.4735,712.3307,256.43,4020.3,5,True,37,7,5,25,338267->340192->338229->338218->339571->338261->341734->341572->339293->338651->562919->562884->613773->613772->339003->339662->341549->342639->563096->342115->563067->342648->342147->341996->341571->341521->342613->341535->343726->343919->338310->339265->338311->339297->339000->339664->338312->338344
static_fuel_dijkstra,t2_yeoksam_hakyeoul,long,peak,8.0,9,604.4775,512.9023,86.9548,737.6466,231.129,4020.3,4,True,37,7,5,25,338267->340192->338229->338218->339571->338261->341734->341572->339293->338651->562919->562884->613773->613772->339003->339662->341549->342639->563096->342115->563067->342648->342147->341996->341571->341521->342613->341535->343726->343919->338310->339265->338311->339297->339000->339664->338312->338344
static_fuel_dijkstra,t2_yeoksam_hakyeoul,long,peak,8.0,10,557.6102,494.524,58.473,695.7609,155.4235,4020.3,4,True,37,7,5,25,338267->340192->338229->338218->339571->338261->341734->341572->339293->338651->562919->562884->613773->613772->339003->339662->341549->342639->563096->342115->563067->342648->342147->341996->341571->341521->342613->341535->343726->343919->338310->339265->338311->339297->339000->339664->338312->338344
static_fuel_dijkstra,t2_yeoksam_hakyeoul,long,peak,8.0,11,555.5421,482.7433,66.7738,675.7275,177.4873,4052.5,4,True,37,7,5,25,338267->340192->338229->338218->339571->338261->341734->341572->339293->338651->562919->562884->613773->613772->339003->339662->341549->342639->563096->342115->563067->342636->342147->341996->341571->341521->342613->341535->343726->343919->338310->339265->338311->339297->339000->339664->338312->338344
static_fuel_dijkstra,t2_yeoksam_hakyeoul,long,peak,8.0,12,566.5264,515.478,48.553,723.7323,129.0556,4265.0,3,True,42,8,6,28,338267->340192->338229->338218->339571->338261->339538->338258->613662->339651->338651->339293->341572->340705->341555->341556->342153->343109->613772->339003->339662->341549->342639->563096->342115->563067->342648->342147->341996->341571->341521->342613->341535->343726->343919->338310->339265->338311->339297->339000->339664->338312->338344
static_fuel_dijkstra,t2_yeoksam_hakyeoul,long,peak,8.0,13,566.5485,501.3515,61.17,719.6596,162.5922,4020.3,3,True,37,7,5,25,338267->340192->338229->338218->339571->338261->341734->341572->339293->338651->562919->562884->613773->613772->339003->339662->341549->342639->563096->342115->563067->342648->342147->341996->341571->341521->342613->341535->343726->343919->338310->339265->338311->339297->339000->339664->338312->338344
static_fuel_dijkstra,t2_yeoksam_hakyeoul,long,peak,8.0,14,558.0308,492.9822,61.4091,675.8026,163.2277,4052.5,4,True,37,7,5,25,338267->340192->338229->338218->339571->338261->341734->341572->339293->338651->562919->562884->613773->613772->339003->339662->341549->342639->563096->342115->563067->342636->342147->341996->341571->341521->342613->341535->343726->343919->338310->339265->338311->339297->339000->339664->338312->338344
static_fuel_dijkstra,t2_yeoksam_hakyeoul,long,peak,8.0,15,565.7109,515.3197,46.6808,704.7379,124.0791,4036.2,4,True,45,4,3,38,338267->340192->338229->338218->339571->338261->341734->341572->340705->341555->341736->341568->341735->341564->342645->341559->342115->343710->341560->342648->342147->341996->341571->340229->562951->338222->338726->338837->339122->646056->338604->338223->338603->339126->338348->338347->338346->339296->338349->338341->338728->339266->338343->338313->340271->338344
static_fuel_dijkstra,t2_yeoksam_hakyeoul,long,peak,8.0,16,568.3919,517.9833,46.6889,726.7841,124.1007,4282.8,3,True,40,8,6,26,338267->340192->338229->338218->339094->338258->613662->339651->338651->339293->341572->340705->341555->341556->342153->343109->613772->339003->339662->341549->342639->563096->342115->563067->342636->342147->341996->341571->341521->342613->341535->343726->343919->338310->339265->338311->339297->339000->339664->338312->338344
static_fuel_dijkstra,t2_yeoksam_hakyeoul,long,peak,8.0,17,610.3136,508.2329,96.4844,722.9458,256.459,4020.3,4,True,37,7,5,25,338267->340192->338229->338218->339571->338261->341734->341572->339293->338651->562919->562884->613773->613772->339003->339662->341549->342639->563096->342115->563067->342648->342147->341996->341571->341521->342613->341535->343726->343919->338310->339265->338311->339297->339000->339664->338312->338344
static_fuel_dijkstra,t2_yeoksam_hakyeoul,long,peak,8.0,18,550.1481,486.8951,59.3137,693.1162,157.6579,4020.3,4,True,37,7,5,25,338267->340192->338229->338218->339571->338261->341734->341572->339293->338651->562919->562884->613773->613772->339003->339662->341549->342639->563096->342115->563067->342648->342147->341996->341571->341521->342613->341535->343726->343919->338310->339265->338311->339297->339000->339664->338312->338344
static_fuel_dijkstra,t2_yeoksam_hakyeoul,long,peak,8.0,19,567.4555,510.4582,53.2651,705.1155,141.5806,4020.3,3,True,37,7,5,25,338267->340192->338229->338218->339571->338261->341734->341572->339293->338651->562919->562884->613773->613772->339003->339662->341549->342639->563096->342115->563067->342648->342147->341996->341571->341521->342613->341535->343726->343919->338310->339265->338311->339297->339000->339664->338312->338344
static_fuel_dijkstra,t2_yeoksam_hakyeoul,long,peak,8.0,20,554.9426,497.6031,52.1611,708.0963,138.646,4052.5,4,True,37,7,5,25,338267->340192->338229->338218->339571->338261->341734->341572->339293->338651->562919->562884->613773->613772->339003->339662->341549->342639->563096->342115->563067->342636->342147->341996->341571->341521->342613->341535->343726->343919->338310->339265->338311->339297->339000->339664->338312->338344
static_fuel_dijkstra,t2_yeoksam_hakyeoul,long,peak,8.0,21,601.6922,497.6318,99.3028,714.4657,263.9504,4020.3,5,True,37,7,5,25,338267->340192->338229->338218->339571->338261->341734->341572->339293->338651->562919->562884->613773->613772->339003->339662->341549->342639->563096->342115->563067->342648->342147->341996->341571->341521->342613->341535->343726->343919->338310->339265->338311->339297->339000->339664->338312->338344
static_fuel_dijkstra,t2_yeoksam_hakyeoul,long,peak,8.0,22,562.0452,501.0011,56.3162,709.4375,149.6906,4020.3,4,True,37,7,5,25,338267->340192->338229->338218->339571->338261->341734->341572->339293->338651->562919->562884->613773->613772->339003->339662->341549->342639->563096->342115->563067->342648->342147->341996->341571->341521->342613->341535->343726->343919->338310->339265->338311->339297->339000->339664->338312->338344
static_fuel_dijkstra,t2_yeoksam_hakyeoul,long,peak,8.0,23,609.783,529.1853,76.5311,763.0221,203.4224,4268.2,4,True,35,5,5,25,338267->340192->338229->338218->339571->338261->341734->341572->588040->341557->342643->341561->341562->341564->342645->341559->342115->343710->341560->342648->342147->341996->341571->341521->342613->341535->343726->343919->338310->339265->338311->339297->339000->339664->338312->338344
static_fuel_dijkstra,t2_yeoksam_hakyeoul,long,peak,8.0,24,579.8574,530.3381,44.2217,733.0058,117.5428,4221.8,3,True,40,5,5,30,338267->340192->338229->338218->339571->338261->341734->341572->588040->341557->342643->341555->341736->341568->341735->341564->342645->341559->341985->341569->344767->341558->341518->341517->341516->341515->342114->563094->646707->342613->341535->343726->343919->338310->339265->338311->339297->339000->339664->338312->338344
static_fuel_dijkstra,t2_yeoksam_hakyeoul,long,peak,8.0,25,564.8567,500.1599,60.1698,688.7756,159.9336,4221.8,4,True,40,5,5,30,338267->340192->338229->338218->339571->338261->341734->341572->588040->341557->342643->341555->341736->341568->341735->341564->342645->341559->341985->341569->344767->341558->341518->341517->341516->341515->342114->563094->646707->342613->341535->343726->343919->338310->339265->338311->339297->339000->339664->338312->338344
static_fuel_dijkstra,t2_yeoksam_hakyeoul,long,peak,8.0,26,549.9181,495.5839,49.3368,712.3618,131.1391,4052.5,4,True,37,7,5,25,338267->340192->338229->338218->339571->338261->341734->341572->339293->338651->562919->562884->613773->613772->339003->339662->341549->342639->563096->342115->563067->342636->342147->341996->341571->341521->342613->341535->343726->343919->338310->339265->338311->339297->339000->339664->338312->338344
static_fuel_dijkstra,t2_yeoksam_hakyeoul,long,peak,8.0,27,600.0949,500.088,95.4282,728.5472,253.6516,4020.3,4,True,37,7,5,25,338267->340192->338229->338218->339571->338261->341734->341572->339293->338651->562919->562884->613773->613772->339003->339662->341549->342639->563096->342115->563067->342648->342147->341996->341571->341521->342613->341535->343726->343919->338310->339265->338311->339297->339000->339664->338312->338344
static_fuel_dijkstra,t2_yeoksam_hakyeoul,long,peak,8.0,28,559.991,517.8615,37.2529,746.0899,99.0196,4263.1,3,True,38,5,5,28,338267->340192->338229->338218->339571->338261->341734->341572->588040->341557->342643->341561->341562->341564->342645->341559->341985->341569->344767->341558->341518->341517->341516->341515->342114->563094->646707->342613->341535->343726->343919->338310->339265->338311->339297->339000->339664->338312->338344
static_fuel_dijkstra,t2_yeoksam_hakyeoul,long,peak,8.0,29,635.0485,552.4859,76.5569,766.5271,203.4911,4052.5,5,True,37,7,5,25,338267->340192->338229->338218->339571->338261->341734->341572->339293->338651->562919->562884->613773->613772->339003->339662->341549->342639->563096->342115->563067->342636->342147->341996->341571->341521->342613->341535->343726->343919->338310->339265->338311->339297->339000->339664->338312->338344
static_fuel_dijkstra,t2_yeoksam_hakyeoul,long,peak,8.0,30,628.0881,543.8892,79.0556,769.1802,210.1327,4297.2,4,True,42,8,6,28,338267->340192->338229->338218->339571->338261->339538->338258->613662->339651->338651->339293->341572->340705->341555->341556->342153->343109->613772->339003->339662->341549->342639->563096->342115->563067->342636->342147->341996->341571->341521->342613->341535->343726->343919->338310->339265->338311->339297->339000->339664->338312->338344
static_fuel_dijkstra,t3_sinsa_daechi,long,off_peak,7.0,1,827.5028,730.7667,92.4765,908.4718,245.8059,6181.4,3,True,56,10,12,34,341904->342719->342710->342156->342157->342711->342712->342714->342713->342076->341620->341621->342834->343100->342865->342652->342116->341788->341787->563170->341731->341603->341729->341598->342684->341601->343106->343943->342693->341607->344213->343102->341557->342643->341561->341562->341564->342645->341559->342115->563067->342636->338199->338198->338222->338726->338837->339122->646056->338604->338223->338603->339126->338348->338347->338706->338354
static_fuel_dijkstra,t3_sinsa_daechi,long,off_peak,7.0,2,789.6834,735.705,49.878,872.228,132.5776,6181.4,3,True,56,10,12,34,341904->342719->342710->342156->342157->342711->342712->342714->342713->342076->341620->341621->342834->343100->342865->342652->342116->341788->341787->563170->341731->341603->341729->341598->342684->341601->343106->343943->342693->341607->344213->343102->341557->342643->341561->341562->341564->342645->341559->342115->563067->342636->338199->338198->338222->338726->338837->339122->646056->338604->338223->338603->339126->338348->338347->338706->338354
static_fuel_dijkstra,t3_sinsa_daechi,long,off_peak,7.0,3,770.9791,701.0192,64.7754,842.2634,172.1753,6181.4,3,True,56,10,12,34,341904->342719->342710->342156->342157->342711->342712->342714->342713->342076->341620->341621->342834->343100->342865->342652->342116->341788->341787->563170->341731->341603->341729->341598->342684->341601->343106->343943->342693->341607->344213->343102->341557->342643->341561->341562->341564->342645->341559->342115->563067->342636->338199->338198->338222->338726->338837->339122->646056->338604->338223->338603->339126->338348->338347->338706->338354
static_fuel_dijkstra,t3_sinsa_daechi,long,off_peak,7.0,4,826.8881,783.4372,40.401,924.6032,107.3873,6176.1,2,True,63,14,14,35,341904->342719->342710->342156->342157->342711->342712->342714->342713->342076->341620->341621->342834->343100->342865->342652->342116->341788->341787->563170->341731->341603->341729->341598->342684->341601->343106->343943->342693->341607->344213->343102->341557->588040->341572->339293->338651->562919->562884->613773->613772->339003->339662->341549->339128->339093->338226->338252->338251->646070->338648->338209->339659->338210->613615->338596->338197->338925->646201->339126->338348->338347->338706->338354
static_fuel_dijkstra,t3_sinsa_daechi,long,off_peak,7.0,5,779.2199,740.8886,36.6073,921.7687,97.3035,6176.1,2,True,63,14,14,35,341904->342719->342710->342156->342157->342711->342712->342714->342713->342076->341620->341621->342834->343100->342865->342652->342116->341788->341787->563170->341731->341603->341729->341598->342684->341601->343106->343943->342693->341607->344213->343102->341557->588040->341572->339293->338651->562919->562884->613773->613772->339003->339662->341549->339128->339093->338226->338252->338251->646070->338648->338209->339659->338210->613615->338596->338197->338925->646201->339126->338348->338347->338706->338354
static_fuel_dijkstra,t3_sinsa_daechi,long,off_peak,7.0,6,787.3646,741.0963,43.1814,925.064,114.7778,6176.1,2,True,63,14,14,35,341904->342719->342710->342156->342157->342711->342712->342714->342713->342076->341620->341621->342834->343100->342865->342652->342116->341788->341787->563170->341731->341603->341729->341598->342684->341601->343106->343943->342693->341607->344213->343102->341557->588040->341572->339293->338651->562919->562884->613773->613772->339003->339662->341549->339128->339093->338226->338252->338251->646070->338648->338209->339659->338210->613615->338596->338197->338925->646201->339126->338348->338347->338706->338354
static_fuel_dijkstra,t3_sinsa_daechi,long,off_peak,7.0,7,813.3738,709.8171,97.7104,897.1714,259.7177,6181.4,4,True,56,10,12,34,341904->342719->342710->342156->342157->342711->342712->342714->342713->342076->341620->341621->342834->343100->342865->342652->342116->341788->341787->563170->341731->341603->341729->341598->342684->341601->343106->343943->342693->341607->344213->343102->341557->342643->341561->341562->341564->342645->341559->342115->563067->342636->338199->338198->338222->338726->338837->339122->646056->338604->338223->338603->339126->338348->338347->338706->338354
static_fuel_dijkstra,t3_sinsa_daechi,long,off_peak,7.0,8,805.0689,751.0272,49.313,882.2918,131.0756,6181.4,3,True,56,10,12,34,341904->342719->342710->342156->342157->342711->342712->342714->342713->342076->341620->341621->342834->343100->342865->342652->342116->341788->341787->563170->341731->341603->341729->341598->342684->341601->343106->343943->342693->341607->344213->343102->341557->342643->341561->341562->341564->342645->341559->342115->563067->342636->338199->338198->338222->338726->338837->339122->646056->338604->338223->338603->339126->338348->338347->338706->338354
static_fuel_dijkstra,t3_sinsa_daechi,long,off_peak,7.0,9,808.6369,758.0622,46.8065,887.9205,124.4135,6176.1,3,True,63,14,14,35,341904->342719->342710->342156->342157->342711->342712->342714->342713->342076->341620->341621->342834->343100->342865->342652->342116->341788->341787->563170->341731->341603->341729->341598->342684->341601->343106->343943->342693->341607->344213->343102->341557->588040->341572->339293->338651->562919->562884->613773->613772->339003->339662->341549->339128->339093->338226->338252->338251->646070->338648->338209->339659->338210->613615->338596->338197->338925->646201->339126->338348->338347->338706->338354
static_fuel_dijkstra,t3_sinsa_daechi,long,off_peak,7.0,10,825.3375,719.3764,99.8715,892.734,265.4621,6140.9,5,True,59,10,12,37,341904->342719->342710->342156->342157->342711->342712->342714->342713->342076->341620->341621->342834->343100->342865->342652->342116->341788->341787->563170->341731->341603->341729->341598->342684->341601->343106->343943->342693->341607->344213->343102->341557->342643->341561->341562->341564->342645->341559->342115->563067->342648->342147->341996->341571->340229->562951->338222->338726->338837->339122->646056->338604->338223->338603->339126->338348->338347->338706->338354
static_fuel_dijkstra,t3_sinsa_daechi,long,off_peak,7.0,11,756.951,697.5287,55.9514,857.265,148.7209,6181.4,3,True,56,10,12,34,341904->342719->342710->342156->342157->342711->342712->342714->342713->342076->341620->341621->342834->343100->342865->342652->342116->341788->341787->563170->341731->341603->341729->341598->342684->341601->343106->343943->342693->341607->344213->343102->341557->342643->341561->341562->341564->342645->341559->342115->563067->342636->338199->338198->338222->338726->338837->339122->646056->338604->338223->338603->339126->338348->338347->338706->338354
static_fuel_dijkstra,t3_sinsa_daechi,long,off_peak,7.0,12,815.0384,770.6916,41.3422,902.7054,109.8891,6131.1,3,True,63,12,12,39,341904->342719->342710->342156->342157->342711->342712->342714->342713->342076->341620->341621->342834->343100->342865->342652->342116->341788->341787->563170->341731->341603->341729->341598->342684->341601->343106->343943->342693->341607->344213->343102->341557->588040->341572->339293->338651->562919->562884->613773->613772->339003->339662->341549->342639->563096->342115->563067->342636->338199->338198->338222->338726->338837->339122->646056->338604->338223->338603->339126->338348->338347->338706->338354
static_fuel_dijkstra,t3_sinsa_daechi,long,off_peak,7.0,13,794.9153,733.964,54.4434,881.9377,144.7126,6162.6,3,True,60,11,13,36,341904->342719->342710->342156->342157->342711->342712->342714->342713->342076->341620->341621->342834->343100->342865->342652->342116->341788->341787->563170->341731->341603->341729->341598->342684->341601->343106->343943->342693->341607->344213->343102->341557->342643->341555->341736->341568->341566->341549->339128->339093->338226->338252->338251->646070->338648->338209->339659->338210->613615->338596->338197->338597->338605->338223->338603->339126->338348->338347->338706->338354
static_fuel_dijkstra,t3_sinsa_daechi,long,off_peak,7.0,14,840.5789,733.3096,100.5966,885.6398,267.3894,6140.9,5,True,59,10,12,37,341904->342719->342710->342156->342157->342711->342712->342714->342713->342076->341620->341621->342834->343100->342865->342652->342116->341788->341787->563170->341731->341603->341729->341598->342684->341601->343106->343943->342693->341607->344213->343102->341557->342643->341561->341562->341564->342645->341559->342115->563067->342648->342147->341996->341571->340229->562951->338222->338726->338837->339122->646056->338604->338223->338603->339126->338348->338347->338706->338354
static_fuel_dijkstra,t3_sinsa_daechi,long,off_peak,7.0,15,811.9277,729.8665,78.5313,940.5972,208.7392,6158.1,4,True,59,10,12,37,341904->342719->342710->342156->342157->342711->342712->342714->342713->342076->341620->341621->342834->343100->342865->342652->342116->341788->341787->563170->341731->341603->341729->341598->342684->341601->343106->343943->342693->341607->344213->343102->341557->342643->341561->341562->341564->342639->563096->342115->563067->342648->342147->341996->341571->340229->562951->338222->338726->338837->339122->646056->338604->338223->338603->339126->338348->338347->338706->338354
static_fuel_dijkstra,t3_sinsa_daechi,long,off_peak,7.0,16,856.0871,757.8378,92.4385,903.1887,245.705,6140.9,5,True,59,10,12,37,341904->342719->342710->342156->342157->342711->342712->342714->342713->342076->341620->341621->342834->343100->342865->342652->342116->341788->341787->563170->341731->341603->341729->341598->342684->341601->343106->343943->342693->341607->344213->343102->341557->342643->341561->341562->341564->342645->341559->342115->563067->342648->342147->341996->341571->340229->562951->338222->338726->338837->339122->646056->338604->338223->338603->339126->338348->338347->338706->338354
static_fuel_dijkstra,t3_sinsa_daechi,long,off_peak,7.0,17,767.3276,719.9783,44.048,895.3938,117.0812,6181.4,3,True,56,10,12,34,341904->342719->342710->342156->342157->342711->342712->342714->342713->342076->341620->341621->342834->343100->342865->342652->342116->341788->341787->563170->341731->341603->341729->341598->342684->341601->343106->343943->342693->341607->344213->343102->341557->342643->341561->341562->341564->342645->341559->342115->563067->342636->338199->338198->338222->338726->338837->339122->646056->338604->338223->338603->339126->338348->338347->338706->338354
static_fuel_dijkstra,t3_sinsa_daechi,long,off_peak,7.0,18,791.3818,735.8839,51.76,874.2491,137.5801,6181.4,3,True,56,10,12,34,341904->342719->342710->342156->342157->342711->342712->342714->342713->342076->341620->341621->342834->343100->342865->342652->342116->341788->341787->563170->341731->341603->341729->341598->342684->341601->343106->343943->342693->341607->344213->343102->341557->342643->341561->341562->341564->342645->341559->342115->563067->342636->338199->338198->338222->338726->338837->339122->646056->338604->338223->338603->339126->338348->338347->338706->338354
static_fuel_dijkstra,t3_sinsa_daechi,long,off_peak,7.0,19,819.0204,770.4581,44.9395,896.3831,119.4508,6176.1,2,True,63,14,14,35,341904->342719->342710->342156->342157->342711->342712->342714->342713->342076->341620->341621->342834->343100->342865->342652->342116->341788->341787->563170->341731->341603->341729->341598->342684->341601->343106->343943->342693->341607->344213->343102->341557->588040->341572->339293->338651->562919->562884->613773->613772->339003->339662->341549->339128->339093->338226->338252->338251->646070->338648->338209->339659->338210->613615->338596->338197->338925->646201->339126->338348->338347->338706->338354
static_fuel_dijkstra,t3_sinsa_daechi,long,off_peak,7.0,20,790.7683,738.056,50.3903,886.9709,133.9392,6181.4,2,True,56,10,12,34,341904->342719->342710->342156->342157->342711->342712->342714->342713->342076->341620->341621->342834->343100->342865->342652->342116->341788->341787->563170->341731->341603->341729->341598->342684->341601->343106->343943->342693->341607->344213->343102->341557->342643->341561->341562->341564->342645->341559->342115->563067->342636->338199->338198->338222->338726->338837->339122->646056->338604->338223->338603->339126->338348->338347->338706->338354
static_fuel_dijkstra,t3_sinsa_daechi,long,off_peak,7.0,21,774.6653,714.1079,56.7648,861.0609,150.8829,6181.4,3,True,56,10,12,34,341904->342719->342710->342156->342157->342711->342712->342714->342713->342076->341620->341621->342834->343100->342865->342652->342116->341788->341787->563170->341731->341603->341729->341598->342684->341601->343106->343943->342693->341607->344213->343102->341557->342643->341561->341562->341564->342645->341559->342115->563067->342636->338199->338198->338222->338726->338837->339122->646056->338604->338223->338603->339126->338348->338347->338706->338354
static_fuel_dijkstra,t3_sinsa_daechi,long,off_peak,7.0,22,816.6667,768.7998,44.4734,912.4755,118.2119,6554.4,2,True,63,14,14,35,341904->342719->342710->342156->342157->342711->342712->342714->342713->342076->341620->341621->342834->343100->342865->342652->342116->341788->341787->563170->341731->341603->341729->341598->342684->341601->343106->343943->342693->341607->344213->343102->341557->588040->341572->339293->338651->562919->562884->613773->613772->339003->339662->341549->342639->563096->342115->563067->342636->338199->338198->338222->338726->338837->339122->339135->338197->338925->646201->339126->338348->338347->338706->338354
static_fuel_dijkstra,t3_sinsa_daechi,long,off_peak,7.0,23,787.4829,730.8611,52.8867,904.4246,140.5748,6201.6,3,True,58,12,14,32,341904->342719->342710->342156->342157->342711->342712->342714->342713->342076->341620->341621->342834->343100->342865->342652->342116->341788->341787->563170->341731->341603->341729->341598->342684->341601->343106->343943->342693->341607->344213->343102->341557->342643->341555->341736->341568->341566->341549->339128->339093->338226->338252->338251->646070->338648->338209->339659->338210->613615->338596->338197->338925->646201->339126->338348->338347->338706->338354
static_fuel_dijkstra,t3_sinsa_daechi,long,off_peak,7.0,24,849.0736,772.3315,74.0971,953.6483,196.9527,6565.7,2,True,58,12,14,32,341904->342719->342710->342156->342157->342711->342712->342714->342713->342076->341620->341621->342834->343100->342865->342652->342116->341788->341787->563170->341731->341603->341729->341598->342684->341601->343106->343943->342693->341607->344213->343102->341557->342643->341561->341562->341564->342645->341559->342115->563067->342636->338199->338198->338222->338726->338837->339122->339135->338197->338597->338605->338223->338603->339126->338348->338347->338706->338354
static_fuel_dijkstra,t3_sinsa_daechi,long,off_peak,7.0,25,780.5584,728.0877,48.5657,876.3761,129.0894,6181.4,3,True,56,10,12,34,341904->342719->342710->342156->342157->342711->342712->342714->342713->342076->341620->341621->342834->343100->342865->342652->342116->341788->341787->563170->341731->341603->341729->341598->342684->341601->343106->343943->342693->341607->344213->343102->341557->342643->341561->341562->341564->342645->341559->342115->563067->342636->338199->338198->338222->338726->338837->339122->646056->338604->338223->338603->339126->338348->338347->338706->338354
static_fuel_dijkstra,t3_sinsa_daechi,long,off_peak,7.0,26,893.108,802.9457,87.4179,994.5317,232.3598,6670.8,3,True,60,14,15,31,341904->342719->342710->342156->342157->342711->342712->342714->342713->342076->341620->341621->342834->343100->342865->342652->342116->341788->341787->563170->341731->341603->341729->341598->342684->341601->343106->343943->342693->341607->344213->343102->341557->342643->341561->341562->341564->342645->341559->342115->563067->342636->342147->341996->341571->340229->562951->338222->338198->562865->339135->338197->338925->587845->646128->587905->339124->587910->587846->338600->338354
static_fuel_dijkstra,t3_sinsa_daechi,long,off_peak,7.0,27,800.1243,747.069,49.2091,888.4387,130.7995,6176.1,3,True,63,14,14,35,341904->342719->342710->342156->342157->342711->342712->342714->342713->342076->341620->341621->342834->343100->342865->342652->342116->341788->341787->563170->341731->341603->341729->341598->342684->341601->343106->343943->342693->341607->344213->343102->341557->588040->341572->339293->338651->562919->562884->613773->613772->339003->339662->341549->339128->339093->338226->338252->338251->646070->338648->338209->339659->338210->613615->338596->338197->338925->646201->339126->338348->338347->338706->338354
static_fuel_dijkstra,t3_sinsa_daechi,long,off_peak,7.0,28,761.9927,725.8143,33.1972,935.9759,88.2393,6604.7,2,True,56,12,14,30,341904->342719->342710->342156->342157->342711->342712->342714->342713->342076->341620->341621->342834->343100->342865->342652->342116->341788->341787->563170->341731->341603->341729->341598->342684->341601->343106->343943->342693->341607->344213->343102->341557->342643->341561->341562->341564->342645->341559->342115->563067->342636->338199->338198->338222->338726->338837->339122->339135->338197->338925->646201->339126->338348->338347->338706->338354
static_fuel_dijkstra,t3_sinsa_daechi,long,off_peak,7.0,29,845.7039,745.092,94.994,903.804,252.4976,6131.1,4,True,63,12,12,39,341904->342719->342710->342156->342157->342711->342712->342714->342713->342076->341620->341621->342834->343100->342865->342652->342116->341788->341787->563170->341731->341603->341729->341598->342684->341601->343106->343943->342693->341607->344213->343102->341557->588040->341572->339293->338651->562919->562884->613773->613772->339003->339662->341549->342639->563096->342115->563067->342636->338199->338198->338222->338726->338837->339122->646056->338604->338223->338603->339126->338348->338347->338706->338354
static_fuel_dijkstra,t3_sinsa_daechi,long,off_peak,7.0,30,781.9242,747.9982,32.6477,924.6225,86.7788,6604.7,1,True,56,12,14,30,341904->342719->342710->342156->342157->342711->342712->342714->342713->342076->341620->341621->342834->343100->342865->342652->342116->341788->341787->563170->341731->341603->341729->341598->342684->341601->343106->343943->342693->341607->344213->343102->341557->342643->341561->341562->341564->342645->341559->342115->563067->342636->338199->338198->338222->338726->338837->339122->339135->338197->338925->646201->339126->338348->338347->338706->338354
static_fuel_dijkstra,t3_sinsa_daechi,long,peak,8.0,1,797.7245,774.2589,22.2245,1054.3894,59.0735,6531.9,1,True,68,7,9,52,341904->342719->342710->343062->563071->340626->341619->563100->341780->341614->341779->341781->341617->341618->341782->341615->340584->341784->341889->341583->341786->341588->341785->342116->342672->340587->646667->646362->341982->342679->341983->342673->646784->646782->341597->341596->341598->342684->341601->343106->343943->342693->341607->344213->343102->341557->342643->341561->341562->341564->342645->341559->342115->563067->342636->338199->338198->562865->339135->338197->338597->338605->338223->338603->339126->338348->338347->338706->338354
static_fuel_dijkstra,t3_sinsa_daechi,long,peak,8.0,2,766.188,739.8681,25.6113,944.8218,68.0758,6463.7,1,True,73,10,10,53,341904->342719->342710->343062->563071->340626->341619->563100->341780->341614->341779->341781->341617->341618->341782->341615->340584->341784->341889->341583->341786->341588->341785->342116->342672->340587->646667->646362->341982->342679->341983->342673->646784->646782->341597->344261->341907->341605->341595->341594->343104->341601->343106->343943->342693->341607->344213->343102->341557->342643->341555->341736->341568->341566->341549->342639->563096->342115->563067->342636->338199->338198->562865->339135->338197->338925->587845->646128->587905->339124->587910->587846->338600->338354
static_fuel_dijkstra,t3_sinsa_daechi,long,peak,8.0,3,754.4294,716.8505,35.4463,930.1343,94.2177,6420.1,1,True,76,10,9,57,341904->342719->342710->343062->563071->340626->341619->563100->341780->341614->341779->341781->341617->341618->341782->341615->340584->341784->341889->341583->341786->341588->341785->342116->342672->340587->646667->646362->341982->342679->341983->342673->646784->646782->341597->344261->341907->341605->341595->341594->343104->341601->343106->343943->342693->341607->344213->343102->341557->342643->341555->341556->342153->343109->613772->339003->339662->341549->342639->563096->342115->563067->342636->338199->338198->562865->339135->338197->338925->587845->646128->587905->339124->587910->587846->338600->338354
static_fuel_dijkstra,t3_sinsa_daechi,long,peak,8.0,4,788.2928,773.7769,13.8894,1019.8522,36.9186,6838.9,1,True,69,10,11,48,341904->342719->342710->343062->563071->340626->341619->563100->341780->341614->341779->341781->341617->341618->341782->341615->340584->341784->341889->341583->342674->342675->342678->341791->341589->341789->340587->646667->646362->341982->342679->341983->342673->646784->646782->341597->341596->341598->342684->341601->343106->343943->342693->341607->344213->343102->341557->342643->341561->341562->341564->342645->341559->342115->563067->342636->338199->338198->562865->339135->338197->338925->587845->646128->587905->339124->587910->587846->338600->338354
static_fuel_dijkstra,t3_sinsa_daechi,long,peak,8.0,5,829.8369,773.7118,53.0587,1081.945,141.032,6532.9,3,True,69,7,9,53,341904->342719->342710->343062->563071->340626->341619->563100->341780->341614->341779->341781->341617->341618->341782->341615->340584->341784->341889->341583->341786->341588->341785->342116->342672->340587->646667->646362->341982->342679->341983->342673->646784->646782->341597->341596->341598->342684->341601->343106->343943->342693->341607->344213->343102->341557->342643->341561->341562->341564->342645->341559->342115->563067->342636->338199->338198->338222->338726->338837->339122->646056->338604->338223->338603->339126->338348->338347->338706->338354
static_fuel_dijkstra,t3_sinsa_daechi,long,peak,8.0,6,819.8851,744.9482,72.547,1027.7448,192.8327,6528.8,3,True,68,7,9,52,341904->342719->342710->343062->563071->340626->341619->563100->341780->341614->341779->341781->341617->341618->341782->341615->340584->341784->341889->341583->341786->341588->341785->342116->342672->340587->646667->646362->341982->342679->341983->342673->646784->646782->341597->341596->341598->342684->341601->343106->343943->342693->341607->344213->343102->341557->342643->341561->341562->341564->342645->341559->342115->563067->342636->338199->338198->562865->339135->339122->646056->338604->338223->338603->339126->338348->338347->338706->338354
static_fuel_dijkstra,t3_sinsa_daechi,long,peak,8.0,7,768.6664,745.7213,20.9418,998.1273,55.664,6420.1,1,True,76,10,9,57,341904->342719->342710->343062->563071->340626->341619->563100->341780->341614->341779->341781->341617->341618->341782->341615->340584->341784->341889->341583->341786->341588->341785->342116->342672->340587->646667->646362->341982->342679->341983->342673->646784->646782->341597->344261->341907->341605->341595->341594->343104->341601->343106->343943->342693->341607->344213->343102->341557->342643->341555->341556->342153->343109->613772->339003->339662->341549->342639->563096->342115->563067->342636->338199->338198->562865->339135->338197->338925->587845->646128->587905->339124->587910->587846->338600->338354
static_fuel_dijkstra,t3_sinsa_daechi,long,peak,8.0,8,790.84,748.2891,40.684,972.103,108.1397,6320.5,2,True,76,7,8,61,341904->342719->342710->343062->563071->340626->341619->563100->341780->341614->341779->341781->341617->341618->341782->341615->340584->341784->341889->341583->341786->341588->341785->342116->342672->340587->646667->646362->341982->342679->341983->342673->646784->646782->341597->344261->341907->341605->341595->341594->343104->341601->343106->343943->342693->341607->344213->343102->341557->342643->341561->341562->341564->342645->341559->342115->343710->341560->342648->342147->341996->341571->340229->562951->338222->338726->338837->339122->646056->338604->338223->338603->339126->338348->338347->338706->338354
static_fuel_dijkstra,t3_sinsa_daechi,long,peak,8.0,9,793.8878,757.992,33.4559,912.9865,88.927,6420.1,1,True,76,10,9,57,341904->342719->342710->343062->563071->340626->341619->563100->341780->341614->341779->341781->341617->341618->341782->341615->340584->341784->341889->341583->341786->341588->341785->342116->342672->340587->646667->646362->341982->342679->341983->342673->646784->646782->341597->344261->341907->341605->341595->341594->343104->341601->343106->343943->342693->341607->344213->343102->341557->342643->341555->341556->342153->343109->613772->339003->339662->341549->342639->563096->342115->563067->342636->338199->338198->562865->339135->338197->338925->587845->646128->587905->339124->587910->587846->338600->338354
static_fuel_dijkstra,t3_sinsa_daechi,long,peak,8.0,10,748.7527,708.9847,38.7381,908.3964,102.9672,6420.1,1,True,76,10,9,57,341904->342719->342710->343062->563071->340626->341619->563100->341780->341614->341779->341781->341617->341618->341782->341615->340584->341784->341889->341583->341786->341588->341785->342116->342672->340587->646667->646362->341982->342679->341983->342673->646784->646782->341597->344261->341907->341605->341595->341594->343104->341601->343106->343943->342693->341607->344213->343102->341557->342643->341555->341556->342153->343109->613772->339003->339662->341549->342639->563096->342115->563067->342636->338199->338198->562865->339135->338197->338925->587845->646128->587905->339124->587910->587846->338600->338354
static_fuel_dijkstra,t3_sinsa_daechi,long,peak,8.0,11,850.6723,780.5095,67.9962,1038.0489,180.7364,6711.7,3,True,69,8,10,51,341904->342719->342710->343062->563071->340626->341619->563100->341780->341614->341779->341781->341617->341618->341782->341615->340584->341784->341889->341583->342674->342675->342678->341791->341589->341789->340587->646667->646362->341982->342679->341983->342673->646784->646782->341597->341596->341598->342684->341601->343106->343943->342693->341607->344213->343102->341557->342643->341561->341562->341564->342645->341559->342115->563067->342636->338199->338198->562865->339135->339122->646056->338604->338223->338603->339126->338348->338347->338706->338354
static_fuel_dijkstra,t3_sinsa_daechi,long,peak,8.0,12,838.1223,785.3876,50.782,1095.3728,134.9805,6691.7,2,True,72,9,11,52,341904->342719->342710->343062->563071->340626->341619->563100->341780->341614->341779->341781->341617->341618->341782->341615->340584->341784->341889->341583->342674->342675->342678->341791->341589->341789->340587->646667->646362->341982->342679->341983->342673->646784->646782->341597->341596->341598->342684->341601->343106->343943->342693->341607->344213->343102->341557->342643->341555->341736->341568->341735->341564->342639->563096->342115->563067->342636->338199->338198->338222->338726->338837->339122->646056->338604->338223->338603->339126->338348->338347->338706->338354
static_fuel_dijkstra,t3_sinsa_daechi,long,peak,8.0,13,850.1445,763.5156,84.0258,999.7343,223.3436,6379.6,3,True,72,8,9,55,341904->342719->342710->343062->563071->340626->341619->563100->341780->341614->341779->341781->341617->341618->341782->341615->340584->341784->341889->341583->341786->341588->341785->342116->342672->340587->646667->646362->341982->342679->341983->342673->646784->646782->341597->344261->341907->341605->341595->341594->343104->341601->343106->343943->342693->341607->344213->343102->341557->342643->341561->341568->341735->341564->342639->563096->342115->563067->342636->338199->338198->562865->339135->339122->646056->338604->338223->338603->339126->338348->338347->338706->338354
static_fuel_dijkstra,t3_sinsa_daechi,long,peak,8.0,14,802.1312,779.4899,21.5186,1005.8784,57.1971,6656.0,1,True,68,9,10,49,341904->342719->342710->343062->563071->340626->341619->563100->341780->341614->341779->341781->341617->341618->341782->341615->340584->341784->341889->341583->341786->341588->341785->342116->342672->340587->646667->646362->341982->342679->341983->342673->646784->646782->341597->341596->341598->342684->341601->343106->343943->342693->341607->344213->343102->341557->342643->341561->341562->341564->342645->341559->342115->563067->342636->338199->338198->562865->339135->338197->338925->587845->646128->587905->339124->587910->587846->338600->338354
static_fuel_dijkstra,t3_sinsa_daechi,long,peak,8.0,15,856.9784,787.5207,67.3455,1037.9203,179.0069,6525.7,3,True,69,8,10,51,341904->342719->342710->343062->563071->340626->341619->563100->341780->341614->341779->341781->341617->341618->341782->341615->340584->341784->341889->341583->341786->341588->343777->340703->342671->342672->340587->646667->646362->341982->342679->341983->342673->646784->646782->341597->341596->341598->342684->341601->343106->343943->342693->341607->344213->343102->341557->342643->341561->341562->341564->342645->341559->342115->563067->342636->338199->338198->562865->339135->339122->646056->338604->338223->338603->339126->338348->338347->338706->338354
static_fuel_dijkstra,t3_sinsa_daechi,long,peak,8.0,16,782.0409,767.1936,13.5499,1063.3355,36.0162,6714.8,1,True,69,8,10,51,341904->342719->342710->343062->563071->340626->341619->563100->341780->341614->341779->341781->341617->341618->341782->341615->340584->341784->341889->341583->342674->342675->342678->341791->341589->341789->340587->646667->646362->341982->342679->341983->342673->646784->646782->341597->341596->341598->342684->341601->343106->343943->342693->341607->344213->343102->341557->342643->341561->341562->341564->342645->341559->342115->563067->342636->338199->338198->562865->339135->338197->338597->338605->338223->338603->339126->338348->338347->338706->338354
static_fuel_dijkstra,t3_sinsa_daechi,long,peak,8.0,17,837.8958,778.8941,57.5497,1093.6016,152.9692,6715.8,2,True,70,8,10,52,341904->342719->342710->343062->563071->340626->341619->563100->341780->341614->341779->341781->341617->341618->341782->341615->340584->341784->341889->341583->342674->342675->342678->341791->341589->341789->340587->646667->646362->341982->342679->341983->342673->646784->646782->341597->341596->341598->342684->341601->343106->343943->342693->341607->344213->343102->341557->342643->341561->341562->341564->342645->341559->342115->563067->342636->338199->338198->338222->338726->338837->339122->646056->338604->338223->338603->339126->338348->338347->338706->338354
static_fuel_dijkstra,t3_sinsa_daechi,long,peak,8.0,18,778.0331,750.7508,26.1228,981.3393,69.4354,6656.0,1,True,68,9,10,49,341904->342719->342710->343062->563071->340626->341619->563100->341780->341614->341779->341781->341617->341618->341782->341615->340584->341784->341889->341583->341786->341588->341785->342116->342672->340587->646667->646362->341982->342679->341983->342673->646784->646782->341597->341596->341598->342684->341601->343106->343943->342693->341607->344213->343102->341557->342643->341561->341562->341564->342645->341559->342115->563067->342636->338199->338198->562865->339135->338197->338925->587845->646128->587905->339124->587910->587846->338600->338354
static_fuel_dijkstra,t3_sinsa_daechi,long,peak,8.0,19,777.1311,746.3588,28.7919,935.4976,76.5299,6587.6,1,True,73,10,10,53,341904->342719->342710->343062->563071->340626->341619->563100->341780->341614->341779->341781->341617->341618->341782->341615->340584->341784->341889->341583->341786->341588->341785->342116->342672->340587->646667->646362->341982->342679->341983->342673->646784->646782->341597->341596->341598->342684->341601->343106->343943->342693->341607->344213->343102->341557->342643->341555->341556->342153->343109->613772->339003->339662->341549->342639->563096->342115->563067->342636->338199->338198->562865->339135->338197->338925->587845->646128->587905->339124->587910->587846->338600->338354
static_fuel_dijkstra,t3_sinsa_daechi,long,peak,8.0,20,846.5497,775.7467,66.458,1052.8678,176.6478,6528.8,4,True,68,7,9,52,341904->342719->342710->343062->563071->340626->341619->563100->341780->341614->341779->341781->341617->341618->341782->341615->340584->341784->341889->341583->341786->341588->341785->342116->342672->340587->646667->646362->341982->342679->341983->342673->646784->646782->341597->341596->341598->342684->341601->343106->343943->342693->341607->344213->343102->341557->342643->341561->341562->341564->342645->341559->342115->563067->342636->338199->338198->562865->339135->339122->646056->338604->338223->338603->339126->338348->338347->338706->338354
static_fuel_dijkstra,t3_sinsa_daechi,long,peak,8.0,21,786.5558,760.4533,25.1854,985.5055,66.9436,6656.0,1,True,68,9,10,49,341904->342719->342710->343062->563071->340626->341619->563100->341780->341614->341779->341781->341617->341618->341782->341615->340584->341784->341889->341583->341786->341588->341785->342116->342672->340587->646667->646362->341982->342679->341983->342673->646784->646782->341597->341596->341598->342684->341601->343106->343943->342693->341607->344213->343102->341557->342643->341561->341562->341564->342645->341559->342115->563067->342636->338199->338198->562865->339135->338197->338925->587845->646128->587905->339124->587910->587846->338600->338354
static_fuel_dijkstra,t3_sinsa_daechi,long,peak,8.0,22,837.056,766.716,68.2324,1040.5508,181.3643,6361.3,2,True,71,7,8,56,341904->342719->342710->343062->563071->340626->341619->563100->341780->341614->341779->341781->341617->341618->341782->341615->340584->341784->341889->341583->341786->341588->341785->342116->342672->340587->646667->646362->341982->342679->341983->342673->646784->646782->341597->344261->341907->341605->341595->341594->343104->341601->343106->343943->342693->341607->344213->343102->341557->342643->341561->341562->341564->342645->341559->342115->563067->342636->338199->338198->562865->339135->339122->646056->338604->338223->338603->339126->338348->338347->338706->338354
static_fuel_dijkstra,t3_sinsa_daechi,long,peak,8.0,23,860.7218,792.1598,66.2703,1043.505,176.1489,6714.4,3,True,74,10,11,53,341904->342719->342710->343062->563071->340626->341619->563100->341780->341614->341779->341781->341617->341618->341782->341615->340584->341784->341889->341583->341786->341588->341785->342116->342672->340587->646667->646362->341982->342679->341983->342673->646784->646782->341597->344261->341907->341605->341595->341594->343104->341601->343106->343943->342693->341607->344213->343102->341557->342643->341561->341568->341735->341564->342639->563096->342115->563067->342648->342147->342636->338199->338198->562865->339135->339122->646056->338604->338223->338603->339126->338348->338347->338706->338354
static_fuel_dijkstra,t3_sinsa_daechi,long,peak,8.0,24,770.6108,753.8027,15.4791,1009.9375,41.144,6656.0,1,True,68,9,10,49,341904->342719->342710->343062->563071->340626->341619->563100->341780->341614->341779->341781->341617->341618->341782->341615->340584->341784->341889->341583->341786->341588->341785->342116->342672->340587->646667->646362->341982->342679->341983->342673->646784->646782->341597->341596->341598->342684->341601->343106->343943->342693->341607->344213->343102->341557->342643->341561->341562->341564->342645->341559->342115->563067->342636->338199->338198->562865->339135->338197->338925->587845->646128->587905->339124->587910->587846->338600->338354
static_fuel_dijkstra,t3_sinsa_daechi,long,peak,8.0,25,788.1657,767.7357,19.0824,1029.8345,50.7218,6656.0,1,True,68,9,10,49,341904->342719->342710->343062->563071->340626->341619->563100->341780->341614->341779->341781->341617->341618->341782->341615->340584->341784->341889->341583->341786->341588->341785->342116->342672->340587->646667->646362->341982->342679->341983->342673->646784->646782->341597->341596->341598->342684->341601->343106->343943->342693->341607->344213->343102->341557->342643->341561->341562->341564->342645->341559->342115->563067->342636->338199->338198->562865->339135->338197->338925->587845->646128->587905->339124->587910->587846->338600->338354
static_fuel_dijkstra,t3_sinsa_daechi,long,peak,8.0,26,788.7579,741.2228,43.6544,891.9602,116.035,6441.2,3,True,70,7,8,55,341904->342719->342710->343062->563071->340626->341619->563100->341780->341614->341779->341781->341617->341618->341782->341615->340584->341784->341889->341583->341786->341588->341785->342116->342672->340587->646667->646362->341982->342679->341983->342673->646784->646782->341597->344261->341907->341605->341594->341595->343103->341778->341593->344353->342694->563168->341608->341553->341563->341561->341562->341564->342639->563096->342115->563067->342636->338199->338198->562865->339135->338197->338925->587845->646128->587905->339124->587910->587846->338600->338354
static_fuel_dijkstra,t3_sinsa_daechi,long,peak,8.0,27,747.7951,707.8902,38.7467,912.0285,102.9902,6420.1,1,True,76,10,9,57,341904->342719->342710->343062->563071->340626->341619->563100->341780->341614->341779->341781->341617->341618->341782->341615->340584->341784->341889->341583->341786->341588->341785->342116->342672->340587->646667->646362->341982->342679->341983->342673->646784->646782->341597->344261->341907->341605->341595->341594->343104->341601->343106->343943->342693->341607->344213->343102->341557->342643->341555->341556->342153->343109->613772->339003->339662->341549->342639->563096->342115->563067->342636->338199->338198->562865->339135->338197->338925->587845->646128->587905->339124->587910->587846->338600->338354
static_fuel_dijkstra,t3_sinsa_daechi,long,peak,8.0,28,767.8033,750.387,16.1427,999.4581,42.9078,6656.0,1,True,68,9,10,49,341904->342719->342710->343062->563071->340626->341619->563100->341780->341614->341779->341781->341617->341618->341782->341615->340584->341784->341889->341583->341786->341588->341785->342116->342672->340587->646667->646362->341982->342679->341983->342673->646784->646782->341597->341596->341598->342684->341601->343106->343943->342693->341607->344213->343102->341557->342643->341561->341562->341564->342645->341559->342115->563067->342636->338199->338198->562865->339135->338197->338925->587845->646128->587905->339124->587910->587846->338600->338354
static_fuel_dijkstra,t3_sinsa_daechi,long,peak,8.0,29,773.8473,743.9519,27.7799,951.2933,73.8399,6420.1,1,True,76,10,9,57,341904->342719->342710->343062->563071->340626->341619->563100->341780->341614->341779->341781->341617->341618->341782->341615->340584->341784->341889->341583->341786->341588->341785->342116->342672->340587->646667->646362->341982->342679->341983->342673->646784->646782->341597->344261->341907->341605->341595->341594->343104->341601->343106->343943->342693->341607->344213->343102->341557->342643->341555->341556->342153->343109->613772->339003->339662->341549->342639->563096->342115->563067->342636->338199->338198->562865->339135->338197->338925->587845->646128->587905->339124->587910->587846->338600->338354
static_fuel_dijkstra,t3_sinsa_daechi,long,peak,8.0,30,842.5634,757.1013,82.9779,1003.0617,220.5584,6551.3,3,True,74,8,10,56,341904->342719->342710->343062->563071->340626->341619->563100->341780->341614->341779->341781->341617->341618->341782->341615->340584->341784->341889->341583->341786->341588->341785->342116->342672->340587->646667->646362->341982->342679->341983->342673->646784->646782->341597->344261->341907->341605->341595->343103->341778->341593->646355->341601->343106->343943->342693->341607->344213->343102->341557->342643->341561->341568->341735->341564->342639->563096->342115->563067->342636->338199->338198->562865->339135->339122->646056->338604->338223->338603->339126->338348->338347->338706->338354
rl_base,t1_seonjeongneung_daechi,long,off_peak,7.0,1,1484.075,1309.7718,164.4331,1287.1413,437.0693,8497.9,6,True,132,10,86,36,341608->563168->342694->344353->341593->341778->343103->341595->341605->341906->341907->341605->341906->341907->341605->341906->341907->341605->341906->341907->341605->341906->341907->341605->341906->341907->341605->341906->341907->341605->341906->341907->341605->341906->341907->341605->341906->341907->341605->341906->341907->341605->341906->341907->341605->341906->341907->341605->341906->341907->341605->341906->341907->341605->341906->341907->341605->341906->341907->341605->341906->341907->341605->341906->341907->341605->341906->341907->341605->341906->341907->341605->341906->341907->341605->341906->341907->341605->341906->341907->341605->341906->341907->341605->341906->341907->341605->341595->341594->343104->341601->343106->343943->342693->341607->344213->343102->341557->342643->341555->340705->341572->339293->338651->562919->562884->613773->613772->343109->342153->341556->341555->341736->341568->341735->341564->342645->341559->342115->563067->342636->338199->338198->562865->339135->338197->338925->646201->339126->338348->338347->338706->338354
rl_base,t1_seonjeongneung_daechi,long,off_peak,7.0,2,1724.471,1512.6543,199.5048,1610.2095,530.2911,11391.2,9,True,146,18,45,83,341608->563168->342694->344353->341593->341778->343103->341595->341605->341906->341907->341605->341906->341907->341605->341906->341907->341605->341906->341907->341605->341906->341907->341605->341906->341907->341605->341906->341907->341605->341595->341594->343104->341601->343106->343943->342693->341607->344213->344212->344213->341607->588038->563143->338261->339571->338218->338229->339133->338254->338767->338768->587842->338583->338268->338262->339922->340140->339002->338922->646291->338226->338252->338251->646070->338648->338209->339659->339658->339659->338209->338648->646070->646069->646070->338648->338209->339659->339658->339659->338209->338648->646070->646069->646070->338648->338209->339659->339658->339659->338209->338648->646070->646069->646070->338648->338209->339659->339658->339659->338210->338595->338693->338227->338594->587843->340479->340478->340479->587843->338594->338227->339819->646028->646026->646025->646026->339934->339811->340231->339724->340046->339724->340231->339811->339934->646026->646028->339819->338227->338693->338595->338210->613623->645958->613623->338210->613615->338596->338197->338925->646201->339126->338348->338347->338706->338354
rl_base,t1_seonjeongneung_daechi,long,off_peak,7.0,3,1508.9481,1329.4471,172.4646,1541.9611,458.4171,10797.5,6,True,128,16,36,76,341608->563168->342694->344353->341593->341778->343103->341595->341594->343104->341601->343106->343943->342693->341607->344213->343102->341557->342643->341555->340705->341572->339293->338651->562921->562923->342153->343109->613772->613773->562884->562919->338651->562921->562923->342153->343109->613772->613773->562884->562919->338651->562921->562923->342153->343109->613772->613773->562884->562919->338651->562921->562923->342153->343109->613772->613773->562884->562919->338651->562921->562923->342153->343109->613772->613773->562884->562919->338651->339651->613662->613661->613662->338258->339132->338586->338262->339922->340140->339002->338922->646291->338226->338252->338251->646070->338648->338209->339659->339658->339659->338209->338648->646070->646069->646070->338648->338209->339659->339658->339659->338209->338648->646070->338251->338252->338199->338224->342071->341571->340229->562951->338222->338726->338837->339122->646056->338604->338223->338605->338597->338197->338925->646201->339126->338348->338347->338706->338354
rl_base,t1_seonjeongneung_daechi,long,off_peak,7.0,4,2622.3875,2383.3662,225.0525,2650.5038,598.1978,18625.4,9,False,200,13,97,90,341608->563168->342694->344353->341593->341778->343103->341595->341605->341906->341907->341605->341906->341907->341605->341906->341907->341605->341906->341907->341605->341906->341907->341605->341906->341907->341605->341906->341907->341605->341906->341907->341605->341906->341907->341605->341906->341907->341605->341594->343104->341601->343106->343943->342693->341607->344213->343102->341557->342643->341555->340705->341572->339293->338651->562921->562923->342153->343109->613772->613773->562884->562919->338651->562921->562923->342153->343109->613772->613773->562884->562919->338651->562921->562923->342153->343109->613772->613773->562884->562919->338651->562921->562923->342153->343109->613772->613773->562884->562919->338651->562921->562923->342153->341556->341555->341736->341568->341735->341564->342645->341559->342115->563067->342636->338199->338198->562865->339135->338197->338925->587845->646128->587905->339124->587841->338206->340158->338207->338327->338326->339575->338350->338351->339714->339716->339718->339717->339718->339720->339716->339714->338351->338350->339575->338326->338328->338342->338887->338315->338314->340271->340280->338887->338315->338314->340271->340280->338887->338315->338314->340271->340280->338887->338315->338314->340271->340280->338887->338315->338314->340271->340280->338887->338315->338314->340271->340280->338887->338315->338314->340271->340280->338887->338315->338314->340271->340280->338887->338315->338314->340271->340280->338887->338315->338314->340271->340280->338887->338315->338314->340271->340280->338887->338315->338314->340271->340280->338887->338315->338314
rl_base,t1_seonjeongneung_daechi,long,off_peak,7.0,5,782.9198,703.3932,73.1093,816.9618,194.3272,5700.7,4,True,64,12,15,37,341608->563168->342694->344353->341593->341778->343103->341595->341605->341907->341906->341605->341594->343104->341601->343106->343943->342693->341607->344213->343102->341557->342643->341555->340705->341572->339293->338651->562921->562923->342153->343109->613772->613773->562884->562919->338651->562921->562920->562921->338651->562919->562884->613773->613772->339003->339662->341549->342639->563096->342115->563067->342636->338199->338198->562865->339135->338197->338925->646201->339126->338348->338347->338706->338354
rl_base,t1_seonjeongneung_daechi,long,off_peak,7.0,6,763.1221,677.7182,80.1152,798.7419,212.9491,5537.1,4,True,60,12,13,35,341608->563168->342694->344353->341593->341778->343103->341595->341594->343104->341601->343106->343943->342693->341607->344213->343102->341557->342643->341555->340705->341572->339293->338651->562921->562923->342153->343109->613772->613773->562884->562919->338651->562921->562920->562921->338651->562919->562884->613773->613772->339003->339662->341549->342639->563096->342115->563067->342636->338199->338198->562865->339135->338197->338925->646201->339126->338348->338347->338706->338354
rl_base,t1_seonjeongneung_daechi,long,off_peak,7.0,7,1351.8077,1259.553,86.9345,1504.9939,231.075,10051.1,4,True,116,8,44,64,341608->563168->342694->344353->341593->341778->343103->341595->341605->341907->341906->341605->341594->343104->341601->343106->343943->342693->341607->344213->343102->341557->342643->341555->340705->341572->339293->338651->562921->562923->342153->343109->613772->613773->562884->562919->338651->562921->562923->342153->343109->613772->613773->562884->562919->338651->562921->562923->342153->343109->613772->613773->562884->562919->338651->562921->562923->342153->343109->613772->613773->562884->562919->338651->562921->562923->342153->343109->613772->613773->562884->562919->338651->562921->562923->342153->343109->613772->613773->562884->562919->338651->562921->562923->342153->343109->613772->613773->562884->562919->338651->562921->562923->342153->341556->341555->341736->341568->341735->341564->342645->341559->342115->563067->342636->338199->338198->562865->339135->338197->338925->646201->339126->338348->338347->338706->338354
rl_base,t1_seonjeongneung_daechi,long,off_peak,7.0,8,840.7886,798.7891,35.0389,915.2401,93.1347,6419.6,4,True,73,12,20,41,341608->563168->342694->344353->341593->341778->343103->341595->341605->341907->341906->341605->341594->343104->341601->343106->343943->342693->341607->344213->343102->341557->342643->341555->340705->341572->339293->338651->562921->562923->342153->343109->613772->613773->562884->562919->338651->562921->562923->342153->343109->613772->613773->562884->562919->338651->562921->562920->562921->338651->562919->562884->613773->613772->339003->339662->341549->342639->563096->342115->563067->342636->338199->338198->562865->339135->338197->338925->646201->339126->338348->338347->338706->338354
rl_base,t1_seonjeongneung_daechi,long,off_peak,7.0,9,1385.3726,1320.3897,59.8002,1570.1001,158.951,10783.2,3,True,125,13,44,68,341608->563168->342694->344353->341593->341778->343103->341595->341605->341907->341906->341605->341594->343104->341601->343106->343943->342693->341607->344213->343102->341557->342643->341555->340705->341572->339293->338651->562921->562923->342153->343109->613772->613773->562884->562919->338651->562921->562923->342153->343109->613772->613773->562884->562919->338651->339293->341572->340705->341555->341556->342153->343109->613772->613773->562884->562919->338651->562921->562923->342153->343109->613772->613773->562884->562919->338651->562921->562923->342153->343109->613772->613773->562884->562919->338651->562921->562923->342153->343109->613772->613773->562884->562919->338651->562921->562923->342153->343109->613772->613773->562884->562919->338651->562921->562923->342153->341556->341555->340705->341572->339293->338651->562919->562884->613773->339003->339662->341549->342639->563096->342115->563067->342636->338199->338198->562865->339135->338197->338925->646201->339126->338348->338347->338706->338354
rl_base,t1_seonjeongneung_daechi,long,off_peak,7.0,10,1487.866,1387.0365,91.7242,1472.5142,243.8062,9838.4,6,True,134,6,74,54,341608->563168->342694->344353->341593->341778->343103->341595->341605->341906->341907->341605->341906->341907->341605->341906->341907->341605->341906->341907->341605->341906->341907->341605->341906->341907->341605->341906->341907->341605->341906->341907->341605->341906->341907->341605->341906->341907->341605->341906->341907->341605->341906->341907->341605->341906->341907->341605->341906->341907->341605->341906->341907->341605->341906->341907->341605->341594->343104->341601->343106->343943->342693->341607->344213->343102->341557->342643->341555->340705->341572->339293->338651->562921->562923->342153->343109->613772->613773->562884->562919->338651->562921->562923->342153->343109->613772->613773->562884->562919->338651->562921->562923->342153->343109->613772->613773->562884->562919->338651->562921->562923->342153->343109->613772->613773->562884->562919->338651->562921->562923->342153->341556->341555->341736->341568->341735->341564->342645->341559->342115->563067->342636->338199->338198->562865->339135->338197->338925->646201->339126->338348->338347->338706->338354
rl_base,t1_seonjeongneung_daechi,long,off_peak,7.0,11,1440.2653,1166.1337,258.7603,1310.6919,687.7942,8454.5,10,True,108,10,55,43,341608->563168->342694->344353->341593->341778->343103->341595->341605->341906->341907->341605->341906->341907->341605->341906->341907->341605->341906->341907->341605->341906->341907->341605->341906->341907->341605->341906->341907->341605->341906->341907->341605->341906->341907->341605->341906->341907->341605->341906->341907->341605->341906->341907->341605->341906->341907->341605->341906->341907->341605->341906->341907->341605->341906->341907->341605->341906->341907->341605->341595->341594->343104->341601->343106->343943->342693->341607->588038->563143->338261->339571->338218->338229->339133->338254->338767->338768->587842->338583->338268->338262->339922->340140->339002->338922->646291->338226->338252->338199->338198->562865->339135->338197->338925->646201->339126->338603->338223->338605->338597->338197->338925->646201->339126->338348->338347->338706->338354
rl_base,t1_seonjeongneung_daechi,long,off_peak,7.0,12,1015.6055,876.5348,131.5688,1031.7725,349.7147,7000.2,6,True,82,14,13,55,341608->563168->342694->344353->341593->341778->343103->341595->341605->341907->341906->341605->341594->343104->341601->343106->343943->342693->341607->588038->563143->338261->339571->338218->339094->338258->339132->338586->338262->338587->338588->339119->338589->338205->338992->338592->338259->338590->338805->339504->339505->339506->339503->339477->339480->339479->339478->339477->339503->338839->338840->340290->339504->339505->339506->339503->339477->339478->339479->339309->338994->563041->338755->340115->339735->340296->339311->562885->339740->613774->613775->338232->339582->338234->340157->340158->338206->587841->339124->587910->587846->338600->338354
rl_base,t1_seonjeongneung_daechi,long,off_peak,7.0,13,642.6535,558.1286,79.6753,660.4727,211.7799,4437.6,4,True,42,7,7,28,341608->563168->342694->344353->341593->341778->343103->341595->341605->341907->341906->341605->341594->343104->341601->646355->341593->344353->342694->563168->341608->341553->341563->341561->341562->341564->342639->563096->342115->563067->342636->338199->338198->562865->339135->338197->338925->646201->339126->338348->338347->338706->338354
rl_base,t1_seonjeongneung_daechi,long,off_peak,7.0,14,898.0908,748.8848,142.0222,792.6361,377.5003,5737.7,5,True,63,8,17,38,341608->563168->342694->344353->341593->341778->343103->341595->341605->341906->341907->341605->341906->341907->341605->341906->341907->344261->341597->563098->342151->563301->341593->646355->341601->343106->343943->342693->341607->344213->343102->341557->342643->341555->340705->341572->339293->338651->562921->562923->342153->341556->341555->341736->341568->341735->341564->342645->341559->342115->563067->342636->338199->338198->562865->339135->338197->338925->646201->339126->338348->338347->338706->338354
rl_base,t1_seonjeongneung_daechi,long,off_peak,7.0,15,1058.6269,914.3304,138.7421,1068.3123,368.7817,7255.9,5,True,82,9,27,46,341608->563168->342694->344353->341593->341778->343103->341595->341605->341907->341906->341605->341594->343104->341601->343106->343943->342693->341607->344213->343102->341557->342643->341555->340705->341572->339293->338651->562921->562923->342153->343109->613772->613773->562884->562919->338651->562921->562923->562922->562923->342153->343109->613772->613773->562884->562919->338651->562921->562923->342153->343109->613772->613773->562884->562919->338651->562921->562923->342153->341556->341555->341736->341568->341735->341564->342639->563096->342115->563067->342636->338199->338198->562865->339135->338197->338925->646201->339126->338348->338347->338706->338354
rl_base,t1_seonjeongneung_daechi,long,off_peak,7.0,16,1443.7612,1365.5112,72.1699,1670.5722,191.8302,11150.9,4,True,131,10,51,70,341608->563168->342694->344353->341593->341778->343103->341595->341605->341907->341906->341605->341594->343104->341601->343106->343943->342693->341607->344213->343102->341557->342643->341555->340705->341572->339293->338651->562921->562923->342153->343109->613772->613773->562884->562919->338651->562921->562923->342153->343109->613772->613773->562884->562919->338651->562921->562923->342153->343109->613772->613773->562884->562919->338651->562921->562923->342153->343109->613772->613773->562884->562919->338651->562921->562923->342153->343109->613772->613773->562884->562919->338651->562921->562923->342153->343109->613772->613773->562884->562919->338651->562921->562923->342153->343109->613772->613773->562884->562919->338651->562921->562923->342153->343109->613772->613773->562884->562919->338651->562921->562923->342153->341556->341555->341736->341568->341735->341564->342645->341559->342115->563067->342636->338199->338198->562865->339135->339122->646056->338604->338223->338605->338597->338197->338925->646201->339126->338348->338347->338706->338354
rl_base,t1_seonjeongneung_daechi,long,off_peak,7.0,17,600.9587,562.1999,36.8011,629.7753,97.8185,4883.9,2,True,36,5,7,24,341608->342649->341592->341591->342631->563095->342614->340597->342633->342626->342629->342630->344181->613852->341538->341551->342640->342641->341737->341569->341985->341559->342115->563067->342636->338199->338198->562865->339135->338197->338925->646201->339126->338348->338347->338706->338354
rl_base,t1_seonjeongneung_daechi,long,off_peak,7.0,18,1392.2963,1317.2768,70.3256,1534.2182,186.9279,10504.6,3,True,116,9,46,61,341608->563168->342694->344353->341593->563301->342151->563098->341597->341596->341598->342684->341601->343106->343943->342693->341607->344213->343102->341557->342643->341555->340705->341572->339293->338651->562921->562923->342153->343109->613772->613773->562884->562919->338651->562921->562923->342153->343109->613772->613773->562884->562919->338651->562921->562923->342153->343109->613772->613773->562884->562919->338651->562921->562923->342153->343109->613772->613773->562884->562919->338651->562921->562923->342153->343109->613772->613773->562884->562919->338651->562921->562923->342153->343109->613772->613773->562884->562919->338651->562921->562920->562921->562923->342153->343109->613772->613773->562884->562919->338651->562921->562923->342153->341556->341555->341736->341568->341735->341564->342645->341559->342115->563067->342636->338199->338198->562865->339135->338197->338925->646201->339126->338348->338347->338706->338354
rl_base,t1_seonjeongneung_daechi,long,off_peak,7.0,19,1340.1002,1253.0665,80.194,1509.9042,213.1585,10051.1,5,True,116,8,44,64,341608->563168->342694->344353->341593->341778->343103->341595->341605->341907->341906->341605->341594->343104->341601->343106->343943->342693->341607->344213->343102->341557->342643->341555->340705->341572->339293->338651->562921->562923->342153->343109->613772->613773->562884->562919->338651->562921->562923->342153->343109->613772->613773->562884->562919->338651->562921->562923->342153->343109->613772->613773->562884->562919->338651->562921->562923->342153->343109->613772->613773->562884->562919->338651->562921->562923->342153->343109->613772->613773->562884->562919->338651->562921->562923->342153->343109->613772->613773->562884->562919->338651->562921->562923->342153->343109->613772->613773->562884->562919->338651->562921->562923->342153->341556->341555->341736->341568->341735->341564->342645->341559->342115->563067->342636->338199->338198->562865->339135->338197->338925->646201->339126->338348->338347->338706->338354
rl_base,t1_seonjeongneung_daechi,long,off_peak,7.0,20,1152.6196,1046.9358,98.0776,1178.6965,260.6939,8699.3,5,True,89,13,29,47,341608->563168->342694->344353->341593->341778->343103->341595->341605->341906->341907->341605->341906->341907->341605->341906->341907->344261->341597->563098->342151->563301->341593->341778->343103->341595->341605->341907->341906->341605->341594->343104->341601->343106->343943->342693->341607->344213->343102->341557->342643->341555->340705->341572->339293->338651->562921->562923->342153->343109->613772->613773->562884->562919->338651->339293->341572->340705->341555->342643->341561->341562->341552->341563->341553->341554->341551->342640->342641->341737->341569->341738->563185->341560->343710->342115->563067->342636->338199->338198->562865->339135->338197->338925->646201->339126->338348->338347->338706->338354
rl_base,t1_seonjeongneung_daechi,long,off_peak,7.0,21,960.7323,872.1699,81.6615,955.2708,217.0592,6934.5,3,True,80,8,25,47,341608->563168->342694->344353->341593->341778->343103->341595->341605->341907->341906->341605->341594->343104->341601->343106->343943->342693->341607->344213->343102->341557->342643->341555->340705->341572->339293->338651->562921->562923->342153->343109->613772->613773->562884->562919->338651->562921->562923->342153->343109->613772->613773->562884->562919->338651->562921->562923->342153->343109->613772->613773->562884->562919->338651->562921->562923->342153->343109->613772->613773->339003->339662->341549->342639->563096->342115->563067->342636->338199->338198->562865->339135->338197->338925->646201->339126->338348->338347->338706->338354
rl_base,t1_seonjeongneung_daechi,long,off_peak,7.0,22,1372.0602,1283.0558,81.3613,1513.8008,216.2612,10114.3,3,True,118,8,46,64,341608->563168->342694->344353->341593->341778->343103->341595->341605->341907->341906->341605->341594->343104->341601->343106->343943->342693->341607->344213->343102->341557->342643->341555->340705->341572->339293->338651->562921->562923->342153->343109->613772->613773->562884->562919->338651->562921->562923->342153->343109->613772->613773->562884->562919->338651->562921->562923->562922->562923->342153->343109->613772->613773->562884->562919->338651->562921->562923->342153->343109->613772->613773->562884->562919->338651->562921->562923->342153->343109->613772->613773->562884->562919->338651->562921->562923->342153->343109->613772->613773->562884->562919->338651->562921->562923->342153->343109->613772->613773->562884->562919->338651->562921->562923->342153->341556->341555->341736->341568->341735->341564->342645->341559->342115->563067->342636->338199->338198->562865->339135->338197->338925->646201->339126->338348->338347->338706->338354
rl_base,t1_seonjeongneung_daechi,long,off_peak,7.0,23,2481.3241,2401.1946,71.5297,2789.7557,190.1286,19240.1,5,False,200,16,83,101,341608->563168->342694->344353->341593->341778->343103->341595->341605->341907->341906->341605->341594->343104->341601->343106->343943->342693->341607->344213->343102->341557->342643->341555->340705->341572->339293->338651->562921->562923->342153->343109->613772->613773->562884->562919->338651->562921->562923->342153->343109->613772->613773->562884->562919->338651->562921->562923->342153->343109->613772->613773->562884->562919->338651->562921->562923->342153->343109->613772->613773->562884->562919->338651->562921->562923->342153->343109->613772->613773->562884->562919->338651->562921->562923->342153->343109->613772->613773->562884->562919->338651->562921->562923->562922->562923->342153->343109->613772->613773->562884->562919->338651->562921->562923->342153->341556->341555->341736->341568->341735->341564->342645->341559->342115->563067->342636->338199->338198->562865->339135->338197->338597->338605->338223->338603->339126->646201->338925->587845->646128->587905->339124->587841->338206->340158->338207->338327->338326->339575->338350->338351->339714->339716->339718->339717->339718->339720->339716->339714->338351->338350->339575->338326->338328->338342->338887->338315->338314->340271->340280->338887->338315->338314->340271->340280->338887->338315->338314->340271->340280->338887->338315->338314->340271->340280->338887->338315->338314->340271->340280->338887->338315->338314->340271->340280->338887->338315->338314->340271->340280->338887->338315->338314->340271->340280->338887->338315->338314->340271->340280->338887->338315->338314->340271->340280->338887->338315->338314->340271->340280
rl_base,t1_seonjeongneung_daechi,long,off_peak,7.0,24,1078.8904,958.1283,114.6274,1134.7074,304.6838,7653.4,4,True,89,8,30,51,341608->563168->342694->344353->341593->341778->343103->341595->341605->341907->341906->341605->341594->343104->341601->343106->343943->342693->341607->344213->343102->341557->342643->341555->340705->341572->339293->338651->562921->562923->342153->343109->613772->613773->562884->562919->338651->562921->562923->342153->343109->613772->613773->562884->562919->338651->562921->562923->342153->343109->613772->613773->562884->562919->338651->562921->562923->342153->343109->613772->613773->562884->562919->338651->562921->562923->342153->343109->613772->613773->339003->339662->341549->342639->563096->342115->563067->342636->338199->338198->562865->339135->338197->338925->646201->339126->338348->338347->338706->338354
rl_base,t1_seonjeongneung_daechi,long,off_peak,7.0,25,402.5505,383.5404,16.0073,440.5879,42.5479,3450.6,2,True,25,4,5,16,341608->341777->341565->341554->341551->342640->342641->341737->341569->341985->341559->342115->563067->342636->338199->338198->562865->339135->338197->338925->646201->339126->338348->338347->338706->338354
rl_base,t1_seonjeongneung_daechi,long,off_peak,7.0,26,1374.9399,1284.4321,84.3367,1497.8054,224.1701,10051.1,5,True,116,8,44,64,341608->563168->342694->344353->341593->341778->343103->341595->341605->341907->341906->341605->341594->343104->341601->343106->343943->342693->341607->344213->343102->341557->342643->341555->340705->341572->339293->338651->562921->562923->342153->343109->613772->613773->562884->562919->338651->562921->562923->342153->343109->613772->613773->562884->562919->338651->562921->562923->342153->343109->613772->613773->562884->562919->338651->562921->562923->342153->343109->613772->613773->562884->562919->338651->562921->562923->342153->343109->613772->613773->562884->562919->338651->562921->562923->342153->343109->613772->613773->562884->562919->338651->562921->562923->342153->343109->613772->613773->562884->562919->338651->562921->562923->342153->341556->341555->341736->341568->341735->341564->342645->341559->342115->563067->342636->338199->338198->562865->339135->338197->338925->646201->339126->338348->338347->338706->338354
rl_base,t1_seonjeongneung_daechi,long,off_peak,7.0,27,973.3315,855.0791,109.3511,879.5493,290.6591,6460.1,5,True,77,9,28,40,341608->563168->342694->344353->341593->341778->343103->341595->341605->341906->341907->341605->341906->341907->341605->341906->341907->341605->341906->341907->344261->341597->563098->342151->563301->341593->646355->341601->343106->343943->342693->341607->344213->343102->341557->588040->341572->339293->338651->562921->562923->342153->343109->613772->613773->562884->562919->338651->562921->562923->562922->562923->342153->341556->341555->341736->341568->341735->341564->342639->563096->342115->563067->342648->342147->342636->338199->338198->562865->339135->338197->338925->646201->339126->338348->338347->338706->338354
rl_base,t1_seonjeongneung_daechi,long,off_peak,7.0,28,1481.5975,1367.7786,105.9012,1622.9548,281.4892,10738.3,6,True,123,12,46,65,341608->563168->342694->344353->341593->341778->343103->341595->341605->341907->341906->341605->341594->343104->341601->343106->343943->342693->341607->344213->343102->341557->342643->341555->340705->341572->339293->338651->562921->562923->342153->343109->613772->613773->562884->562919->338651->562921->562923->342153->343109->613772->613773->562884->562919->338651->562921->562923->342153->343109->613772->613773->562884->562919->338651->562921->562923->342153->343109->613772->613773->562884->562919->338651->562921->562923->342153->343109->613772->613773->562884->562919->338651->562921->562923->342153->343109->613772->613773->562884->562919->338651->562921->562923->342153->343109->613772->613773->562884->562919->338651->562921->562920->562921->562923->342153->341556->341555->341736->341568->341735->341564->341562->341561->341568->341566->341549->342639->563096->342115->563067->342636->338199->338198->562865->339135->338197->338925->646201->339126->338348->338347->338706->338354
rl_base,t1_seonjeongneung_daechi,long,off_peak,7.0,29,1328.4281,1303.8502,21.1292,1544.5154,56.1621,10770.0,2,True,125,8,49,68,341608->563168->342694->344353->341593->341778->343103->341595->341605->341907->341906->341605->341594->343104->341601->343106->343943->342693->341607->344213->343102->341557->342643->341555->340705->341572->339293->338651->562921->562923->342153->343109->613772->613773->562884->562919->338651->562921->562923->342153->343109->613772->613773->562884->562919->338651->562921->562923->342153->343109->613772->613773->562884->562919->338651->562921->562923->342153->343109->613772->613773->562884->562919->338651->562921->562923->342153->343109->613772->613773->562884->562919->338651->562921->562923->342153->343109->613772->613773->562884->562919->338651->562921->562923->342153->343109->613772->613773->562884->562919->338651->562921->562923->342153->343109->613772->613773->562884->562919->338651->562921->562923->342153->341556->341555->341736->341568->341735->341564->342645->341559->342115->563067->342636->338199->338198->562865->339135->338197->338925->646201->339126->338348->338347->338706->338354
rl_base,t1_seonjeongneung_daechi,long,off_peak,7.0,30,1265.3016,1233.3854,29.0867,1509.604,77.3134,10051.1,2,True,116,8,44,64,341608->563168->342694->344353->341593->341778->343103->341595->341605->341907->341906->341605->341594->343104->341601->343106->343943->342693->341607->344213->343102->341557->342643->341555->340705->341572->339293->338651->562921->562923->342153->343109->613772->613773->562884->562919->338651->562921->562923->342153->343109->613772->613773->562884->562919->338651->562921->562923->342153->343109->613772->613773->562884->562919->338651->562921->562923->342153->343109->613772->613773->562884->562919->338651->562921->562923->342153->343109->613772->613773->562884->562919->338651->562921->562923->342153->343109->613772->613773->562884->562919->338651->562921->562923->342153->343109->613772->613773->562884->562919->338651->562921->562923->342153->341556->341555->341736->341568->341735->341564->342645->341559->342115->563067->342636->338199->338198->562865->339135->338197->338925->646201->339126->338348->338347->338706->338354
rl_base,t1_seonjeongneung_daechi,long,peak,8.0,1,453.8586,367.8386,81.6578,445.1098,217.0494,3117.1,4,True,22,3,3,16,341608->341553->341563->341561->341562->341564->342639->563096->342115->563067->342636->338199->338198->562865->339135->338197->338925->646201->339126->338348->338347->338706->338354
rl_base,t1_seonjeongneung_daechi,long,peak,8.0,2,1102.3311,911.5475,179.1975,1102.1134,476.3135,7459.9,8,True,62,13,10,39,341608->341553->341563->341561->341562->341564->342639->563096->342115->563067->342636->338199->338198->562865->339135->338197->338925->587845->646128->587905->587904->587905->339124->587841->338206->340158->338207->338327->338326->339575->338350->338351->339714->339716->339718->339717->339718->339720->339716->339714->338351->587871->587870->587871->338351->338350->339575->338326->338328->338342->338887->338315->338314->338707->338313->338343->339266->338728->338341->338349->339296->338346->338354
rl_base,t1_seonjeongneung_daechi,long,peak,8.0,3,430.4846,365.6645,62.2477,527.6401,165.4568,3079.1,3,True,25,3,3,19,341608->341553->341563->341561->341562->341564->342639->563096->342115->563067->342636->338199->338198->338222->338726->338837->339122->646056->338604->338223->338603->339126->338348->338347->338706->338354
rl_base,t1_seonjeongneung_daechi,long,peak,8.0,4,450.9592,368.1824,77.6875,456.1029,206.4962,3117.1,4,True,22,3,3,16,341608->341553->341563->341561->341562->341564->342639->563096->342115->563067->342636->338199->338198->562865->339135->338197->338925->646201->339126->338348->338347->338706->338354
rl_base,t1_seonjeongneung_daechi,long,peak,8.0,5,451.3684,375.7609,71.395,515.3864,189.7706,3117.1,3,True,22,3,3,16,341608->341553->341563->341561->341562->341564->342639->563096->342115->563067->342636->338199->338198->562865->339135->338197->338925->646201->339126->338348->338347->338706->338354
rl_base,t1_seonjeongneung_daechi,long,peak,8.0,6,427.7797,358.973,64.5257,492.6746,171.5116,3093.5,3,True,22,3,3,16,341608->341553->341563->341552->341562->341564->342639->563096->342115->563067->342636->338199->338198->562865->339135->338197->338925->646201->339126->338348->338347->338706->338354
rl_base,t1_seonjeongneung_daechi,long,peak,8.0,7,454.3771,378.1428,71.3595,473.5616,189.676,3117.1,4,True,22,3,3,16,341608->341553->341563->341561->341562->341564->342639->563096->342115->563067->342636->338199->338198->562865->339135->338197->338925->646201->339126->338348->338347->338706->338354
rl_base,t1_seonjeongneung_daechi,long,peak,8.0,8,598.8923,540.1336,55.3899,686.3561,147.2283,4888.3,3,True,30,6,6,18,341608->341553->341563->341561->341562->341552->341563->341553->341554->341551->342640->342641->341737->341569->341985->341559->342115->563067->342636->338199->338198->562865->339135->338197->338925->646201->339126->338348->338347->338706->338354
rl_base,t1_seonjeongneung_daechi,long,peak,8.0,9,442.6888,373.0755,64.4567,504.3183,171.3282,3117.1,3,True,22,3,3,16,341608->341553->341563->341561->341562->341564->342639->563096->342115->563067->342636->338199->338198->562865->339135->338197->338925->646201->339126->338348->338347->338706->338354
rl_base,t1_seonjeongneung_daechi,long,peak,8.0,10,585.9966,459.8016,120.5634,626.186,320.4618,3946.3,4,True,33,7,5,21,341608->341553->341563->341561->342643->341555->340705->341572->339293->338651->562919->562884->613773->613772->339003->339662->341549->342639->563096->342115->563067->342636->338199->338198->562865->339135->338197->338925->646201->339126->338348->338347->338706->338354
rl_base,t1_seonjeongneung_daechi,long,peak,8.0,11,436.4887,369.5352,62.2145,499.6323,165.3683,3117.1,4,True,22,3,3,16,341608->341553->341563->341561->341562->341564->342639->563096->342115->563067->342636->338199->338198->562865->339135->338197->338925->646201->339126->338348->338347->338706->338354
rl_base,t1_seonjeongneung_daechi,long,peak,8.0,12,442.8908,364.0933,74.2587,477.9521,197.3823,3117.1,3,True,22,3,3,16,341608->341553->341563->341561->341562->341564->342639->563096->342115->563067->342636->338199->338198->562865->339135->338197->338925->646201->339126->338348->338347->338706->338354
rl_base,t1_seonjeongneung_daechi,long,peak,8.0,13,457.4448,372.0046,80.1456,471.9082,213.0298,3117.1,4,True,22,3,3,16,341608->341553->341563->341561->341562->341564->342639->563096->342115->563067->342636->338199->338198->562865->339135->338197->338925->646201->339126->338348->338347->338706->338354
rl_base,t1_seonjeongneung_daechi,long,peak,8.0,14,439.9879,366.6341,68.4611,494.8966,181.972,3117.1,3,True,22,3,3,16,341608->341553->341563->341561->341562->341564->342639->563096->342115->563067->342636->338199->338198->562865->339135->338197->338925->646201->339126->338348->338347->338706->338354
rl_base,t1_seonjeongneung_daechi,long,peak,8.0,15,464.0434,373.3916,85.2984,442.7415,226.7261,3117.1,4,True,22,3,3,16,341608->341553->341563->341561->341562->341564->342639->563096->342115->563067->342636->338199->338198->562865->339135->338197->338925->646201->339126->338348->338347->338706->338354
rl_base,t1_seonjeongneung_daechi,long,peak,8.0,16,2648.9504,2441.5898,195.5857,3259.0892,519.8738,20068.7,10,False,200,30,62,108,341608->341553->341563->341561->341562->341564->342639->341549->339128->339093->338226->338252->338251->646070->338648->338209->339659->339658->339659->338209->338648->646070->646069->646070->338648->338209->339659->339658->339659->338209->338648->646070->646069->646070->338648->338209->339659->339658->339659->338209->339136->338649->338999->339654->339136->338209->338648->646070->646069->646070->338648->338209->339659->339658->339659->338210->338595->338693->338227->339819->646028->646026->646025->646026->339934->339811->340231->339724->340046->339724->340231->339811->339934->646026->646028->646027->646028->646026->646025->646026->339934->339811->340231->339724->340046->339724->340231->339811->339934->646026->646028->646027->646028->646026->646025->646026->339934->339811->340231->339724->339314->339317->338256->339580->613775->338232->339582->338234->340157->340158->338206->587841->339124->587910->587846->338599->338208->338598->339125->338206->340158->338207->338327->338326->339575->338350->338351->339714->339716->339718->339717->339718->339720->339716->339714->338351->338350->339575->338326->338328->338342->338887->338315->338314->340271->340280->338887->338315->338314->340271->340280->338887->338315->338314->340271->340280->338887->338315->338314->340271->340280->338887->338315->338314->340271->340280->338887->338315->338314->340271->340280->338887->338315->338314->340271->340280->338887->338315->338314->340271->340280->338887->338315->338314->340271->340280->338887->338315->338345->340097->339563->338317->613780->613779->613777->613779->338340->338363->587871->587870->587871
rl_base,t1_seonjeongneung_daechi,long,peak,8.0,17,439.6082,358.3374,76.2111,472.088,202.5718,3117.1,4,True,22,3,3,16,341608->341553->341563->341561->341562->341564->342639->563096->342115->563067->342636->338199->338198->562865->339135->338197->338925->646201->339126->338348->338347->338706->338354
rl_base,t1_seonjeongneung_daechi,long,peak,8.0,18,428.4381,355.7449,68.4863,496.5002,182.0391,3117.1,3,True,22,3,3,16,341608->341553->341563->341561->341562->341564->342639->563096->342115->563067->342636->338199->338198->562865->339135->338197->338925->646201->339126->338348->338347->338706->338354
rl_base,t1_seonjeongneung_daechi,long,peak,8.0,19,441.2588,365.6191,70.1305,470.4689,186.4095,3117.1,4,True,22,3,3,16,341608->341553->341563->341561->341562->341564->342639->563096->342115->563067->342636->338199->338198->562865->339135->338197->338925->646201->339126->338348->338347->338706->338354
rl_base,t1_seonjeongneung_daechi,long,peak,8.0,20,447.4108,379.6103,62.8332,491.6956,167.0129,3117.1,4,True,22,3,3,16,341608->341553->341563->341561->341562->341564->342639->563096->342115->563067->342636->338199->338198->562865->339135->338197->338925->646201->339126->338348->338347->338706->338354
rl_base,t1_seonjeongneung_daechi,long,peak,8.0,21,433.5449,359.4186,69.7447,487.7493,185.3839,3093.5,3,True,22,3,3,16,341608->341553->341563->341552->341562->341564->342639->563096->342115->563067->342636->338199->338198->562865->339135->338197->338925->646201->339126->338348->338347->338706->338354
rl_base,t1_seonjeongneung_daechi,long,peak,8.0,22,438.8814,356.4645,77.3163,461.239,205.5096,3117.1,4,True,22,3,3,16,341608->341553->341563->341561->341562->341564->342639->563096->342115->563067->342636->338199->338198->562865->339135->338197->338925->646201->339126->338348->338347->338706->338354
rl_base,t1_seonjeongneung_daechi,long,peak,8.0,23,452.9187,374.0704,74.0715,469.4695,196.8847,3198.7,4,True,22,4,4,14,341608->341553->341563->341561->341562->341564->342639->563096->342115->563067->342636->338199->338198->562865->339135->338197->338925->646201->339126->338348->338347->338346->338354
rl_base,t1_seonjeongneung_daechi,long,peak,8.0,24,429.4469,347.7125,76.891,451.3921,204.3792,3117.1,3,True,22,3,3,16,341608->341553->341563->341561->341562->341564->342639->563096->342115->563067->342636->338199->338198->562865->339135->338197->338925->646201->339126->338348->338347->338706->338354
rl_base,t1_seonjeongneung_daechi,long,peak,8.0,25,450.2542,396.5253,51.6786,542.6342,137.3637,3483.4,2,True,27,5,5,17,341608->341553->341563->341561->341562->341564->342639->563096->342115->563067->342636->342147->341996->341571->340229->562951->338222->338198->562865->339135->338197->338925->646201->339126->338348->338347->338706->338354
rl_base,t1_seonjeongneung_daechi,long,peak,8.0,26,443.8039,355.1814,83.862,442.0637,222.9083,3117.1,4,True,22,3,3,16,341608->341553->341563->341561->341562->341564->342639->563096->342115->563067->342636->338199->338198->562865->339135->338197->338925->646201->339126->338348->338347->338706->338354
rl_base,t1_seonjeongneung_daechi,long,peak,8.0,27,459.5564,374.8939,80.5664,462.0376,214.1484,3153.1,3,True,24,3,5,16,341608->341553->341563->341561->341562->341564->342639->563096->342115->563067->342636->338199->338198->562865->339135->338197->338925->646201->646200->646201->339126->338348->338347->338706->338354
rl_base,t1_seonjeongneung_daechi,long,peak,8.0,28,440.0837,360.2326,75.4242,471.9673,200.4801,3117.1,3,True,22,3,3,16,341608->341553->341563->341561->341562->341564->342639->563096->342115->563067->342636->338199->338198->562865->339135->338197->338925->646201->339126->338348->338347->338706->338354
rl_base,t1_seonjeongneung_daechi,long,peak,8.0,29,420.9431,343.7207,73.3881,476.133,195.0682,3117.1,3,True,22,3,3,16,341608->341553->341563->341561->341562->341564->342639->563096->342115->563067->342636->338199->338198->562865->339135->338197->338925->646201->339126->338348->338347->338706->338354
rl_base,t1_seonjeongneung_daechi,long,peak,8.0,30,443.5201,379.7313,61.1194,497.9887,162.4577,3450.6,2,True,25,4,5,16,341608->341777->341565->341554->341551->342640->342641->341737->341569->341985->341559->342115->563067->342636->338199->338198->562865->339135->338197->338925->646201->339126->338348->338347->338706->338354
rl_base,t2_yeoksam_hakyeoul,long,off_peak,7.0,1,1224.451,1059.5527,150.3424,1172.8944,399.6155,7995.7,10,True,94,18,15,61,338267->338584->338254->338767->338768->587842->338583->338268->338582->339138->339116->338705->338269->338581->340332->339979->646073->339979->338631->338933->338934->339307->340334->339743->340118->338988->338629->338270->338628->338624->338238->338625->339478->339479->339309->338994->563041->338755->340115->339735->340296->339311->562885->339740->613774->338232->339582->338234->340157->340158->338207->338327->338326->339713->339712->339884->338601->338354->338346->339296->338349->646052->338349->339296->338346->338354->338706->338347->338348->339126->338603->338223->338604->646056->339122->339135->338197->338597->338605->338223->338603->339126->338348->338347->338346->339296->338349->338341->562897->338341->338728->339266->338343->338312->338344
rl_base,t2_yeoksam_hakyeoul,long,off_peak,7.0,2,871.1672,698.9591,162.5765,759.927,432.1342,5187.5,6,True,53,14,8,31,338267->338584->338254->338767->338768->587842->338583->338268->338262->339922->340140->339002->338922->646291->338226->338252->338199->338198->562865->339135->338197->338925->646201->646200->646201->339126->338348->338347->338346->339296->338349->338341->562897->338341->338728->339266->338343->338312->339664->339665->339664->338312->338343->338313->338709->338312->338343->338313->338709->338312->338343->338313->338712->338344
rl_base,t2_yeoksam_hakyeoul,long,off_peak,7.0,3,683.5093,533.5433,142.0072,616.6575,377.4602,4431.0,5,True,38,5,7,26,338267->338584->338254->338767->338768->587842->338583->338268->338262->339922->340140->339002->338922->646291->338226->338252->338199->338198->562865->339135->338197->338925->646201->646200->646201->339126->338348->338347->338346->339296->338349->338341->562897->338341->338728->339266->338343->338312->338344
rl_base,t2_yeoksam_hakyeoul,long,off_peak,7.0,4,2739.0314,2138.2344,575.3712,2230.4283,1529.3576,15701.5,20,False,200,51,39,110,338267->338584->338254->338767->338768->587842->338583->338268->338262->338587->338588->339119->338997->645954->339806->646068->338655->340247->340245->338921->340159->339654->339136->645956->338227->339819->646028->646026->339934->339811->340231->339724->339314->339317->338256->339580->613775->338232->338908->338255->338246->338248->338245->646015->339318->338246->338255->338908->338232->339582->338234->340157->340158->338207->338327->338326->338328->338342->338887->338315->338314->338707->338313->338709->338312->338343->338313->338709->338312->338343->338313->338709->338312->338343->338313->338709->338312->338343->338313->338707->338314->340271->340280->338887->338315->338314->338707->338313->338709->338312->338343->338313->338707->338314->340271->340280->338887->338315->338314->338707->338313->338709->338312->338343->338313->338707->338314->340271->340280->338887->338315->338345->340097->339563->339562->338296->646044->338295->646241->338294->338956->646245->646244->646245->338956->338294->339210->646071->339210->338958->338296->646044->338295->646241->338294->338956->646245->646244->646245->338956->338294->339210->646071->339210->338958->338296->646044->338295->646241->338294->338956->646245->646244->646245->338956->338294->339210->646071->339210->338958->338296->646044->338295->646241->338294->338956->646245->646244->646245->338956->338294->339210->646071->339210->338958->338296->646044->338295->646241->338294->338956->646245->646244->646245->646243->646242->646243->338277->339298->646053->339298->338277->646243->646245->338956->338294->339210->646071->339210->338958->338296
rl_base,t2_yeoksam_hakyeoul,long,off_peak,7.0,5,758.4719,560.9212,186.49,635.8403,495.6973,4431.0,7,True,38,5,7,26,338267->338584->338254->338767->338768->587842->338583->338268->338262->339922->340140->339002->338922->646291->338226->338252->338199->338198->562865->339135->338197->338925->646201->646200->646201->339126->338348->338347->338346->339296->338349->338341->562897->338341->338728->339266->338343->338312->338344
rl_base,t2_yeoksam_hakyeoul,long,off_peak,7.0,6,684.4525,547.6583,129.0373,638.8116,342.9858,4431.0,6,True,38,5,7,26,338267->338584->338254->338767->338768->587842->338583->338268->338262->339922->340140->339002->338922->646291->338226->338252->338199->338198->562865->339135->338197->338925->646201->646200->646201->339126->338348->338347->338346->339296->338349->338341->562897->338341->338728->339266->338343->338312->338344
rl_base,t2_yeoksam_hakyeoul,long,off_peak,7.0,7,721.1479,538.4442,174.5616,673.6317,463.991,4431.0,6,True,38,5,7,26,338267->338584->338254->338767->338768->587842->338583->338268->338262->339922->340140->339002->338922->646291->338226->338252->338199->338198->562865->339135->338197->338925->646201->646200->646201->339126->338348->338347->338346->339296->338349->338341->562897->338341->338728->339266->338343->338312->338344
rl_base,t2_yeoksam_hakyeoul,long,off_peak,7.0,8,699.9549,557.7878,135.0453,617.743,358.9553,4431.0,6,True,38,5,7,26,338267->338584->338254->338767->338768->587842->338583->338268->338262->339922->340140->339002->338922->646291->338226->338252->338199->338198->562865->339135->338197->338925->646201->646200->646201->339126->338348->338347->338346->339296->338349->338341->562897->338341->338728->339266->338343->338312->338344
rl_base,t2_yeoksam_hakyeoul,long,off_peak,7.0,9,657.8369,533.2883,117.1365,683.6918,311.353,4431.0,5,True,38,5,7,26,338267->338584->338254->338767->338768->587842->338583->338268->338262->339922->340140->339002->338922->646291->338226->338252->338199->338198->562865->339135->338197->338925->646201->646200->646201->339126->338348->338347->338346->339296->338349->338341->562897->338341->338728->339266->338343->338312->338344
rl_base,t2_yeoksam_hakyeoul,long,off_peak,7.0,10,813.0484,683.456,124.5754,806.3259,331.1258,5364.8,4,True,50,6,10,34,338267->338584->338254->338767->338768->587842->338583->338268->338262->339922->340140->339002->338922->646291->338226->338252->338251->646070->338648->338209->339659->339658->339659->338209->338648->646070->338251->338252->338199->338198->562865->339135->338197->338925->646201->646200->646201->339126->338348->338347->338346->339296->338349->338341->562897->338341->338728->339266->338343->338312->338344
rl_base,t2_yeoksam_hakyeoul,long,off_peak,7.0,11,713.6521,596.5189,110.7308,710.4729,294.3266,4889.8,4,True,44,6,8,30,338267->338584->338254->338767->338768->587842->338583->338268->338262->339922->340140->339002->338922->646291->338226->338252->338199->338198->562865->339135->338197->338925->646201->646200->646201->338925->338197->338597->338605->338223->338603->339126->338348->338347->338346->339296->338349->338341->562897->338341->338728->339266->338343->338312->338344
rl_base,t2_yeoksam_hakyeoul,long,off_peak,7.0,12,677.6666,555.4071,116.1017,658.2662,308.6024,4431.0,5,True,38,5,7,26,338267->338584->338254->338767->338768->587842->338583->338268->338262->339922->340140->339002->338922->646291->338226->338252->338199->338198->562865->339135->338197->338925->646201->646200->646201->339126->338348->338347->338346->339296->338349->338341->562897->338341->338728->339266->338343->338312->338344
rl_base,t2_yeoksam_hakyeoul,long,off_peak,7.0,13,700.021,569.9866,122.7124,639.8752,326.174,4431.0,5,True,38,5,7,26,338267->338584->338254->338767->338768->587842->338583->338268->338262->339922->340140->339002->338922->646291->338226->338252->338199->338198->562865->339135->338197->338925->646201->646200->646201->339126->338348->338347->338346->339296->338349->338341->562897->338341->338728->339266->338343->338312->338344
rl_base,t2_yeoksam_hakyeoul,long,off_peak,7.0,14,717.7688,575.6792,133.872,633.1532,355.8366,4431.0,5,True,38,5,7,26,338267->338584->338254->338767->338768->587842->338583->338268->338262->339922->340140->339002->338922->646291->338226->338252->338199->338198->562865->339135->338197->338925->646201->646200->646201->339126->338348->338347->338346->339296->338349->338341->562897->338341->338728->339266->338343->338312->338344
rl_base,t2_yeoksam_hakyeoul,long,off_peak,7.0,15,690.582,542.8294,138.8336,613.151,369.0248,4431.0,5,True,38,5,7,26,338267->338584->338254->338767->338768->587842->338583->338268->338262->339922->340140->339002->338922->646291->338226->338252->338199->338198->562865->339135->338197->338925->646201->646200->646201->339126->338348->338347->338346->339296->338349->338341->562897->338341->338728->339266->338343->338312->338344
rl_base,t2_yeoksam_hakyeoul,long,off_peak,7.0,16,689.9265,559.6016,124.0921,673.9132,329.8414,4431.0,5,True,38,5,7,26,338267->338584->338254->338767->338768->587842->338583->338268->338262->339922->340140->339002->338922->646291->338226->338252->338199->338198->562865->339135->338197->338925->646201->646200->646201->339126->338348->338347->338346->339296->338349->338341->562897->338341->338728->339266->338343->338312->338344
rl_base,t2_yeoksam_hakyeoul,long,off_peak,7.0,17,666.8899,538.5314,121.6054,650.5557,323.2316,4431.0,5,True,38,5,7,26,338267->338584->338254->338767->338768->587842->338583->338268->338262->339922->340140->339002->338922->646291->338226->338252->338199->338198->562865->339135->338197->338925->646201->646200->646201->339126->338348->338347->338346->339296->338349->338341->562897->338341->338728->339266->338343->338312->338344
rl_base,t2_yeoksam_hakyeoul,long,off_peak,7.0,18,851.6317,688.091,153.5898,771.2667,408.2473,5448.8,6,True,54,7,13,34,338267->338584->338254->338767->338768->587842->338583->338268->338262->339922->340140->339002->338922->646291->338226->338252->338199->338198->562865->339135->338197->338925->646201->646200->646201->339126->338348->338347->338346->339296->338349->338341->562897->338341->338349->339296->338346->338354->338706->338347->338346->338354->338706->338347->338346->339296->338349->338341->562897->338341->338728->339266->338343->338312->338344
rl_base,t2_yeoksam_hakyeoul,long,off_peak,7.0,19,856.0943,589.1834,256.4668,730.6253,681.698,4431.0,8,True,38,5,7,26,338267->338584->338254->338767->338768->587842->338583->338268->338262->339922->340140->339002->338922->646291->338226->338252->338199->338198->562865->339135->338197->338925->646201->646200->646201->339126->338348->338347->338346->339296->338349->338341->562897->338341->338728->339266->338343->338312->338344
rl_base,t2_yeoksam_hakyeoul,long,off_peak,7.0,20,680.107,549.8596,123.9062,664.7629,329.3472,4431.0,5,True,38,5,7,26,338267->338584->338254->338767->338768->587842->338583->338268->338262->339922->340140->339002->338922->646291->338226->338252->338199->338198->562865->339135->338197->338925->646201->646200->646201->339126->338348->338347->338346->339296->338349->338341->562897->338341->338728->339266->338343->338312->338344
rl_base,t2_yeoksam_hakyeoul,long,off_peak,7.0,21,771.5718,591.2001,169.7629,687.6683,451.2359,4431.0,7,True,38,5,7,26,338267->338584->338254->338767->338768->587842->338583->338268->338262->339922->340140->339002->338922->646291->338226->338252->338199->338198->562865->339135->338197->338925->646201->646200->646201->339126->338348->338347->338346->339296->338349->338341->562897->338341->338728->339266->338343->338312->338344
rl_base,t2_yeoksam_hakyeoul,long,off_peak,7.0,22,2001.538,1549.4896,428.3678,1822.5594,1138.6171,11857.1,19,True,122,23,23,76,338267->338584->338254->338767->338768->587842->338583->338268->338262->339922->340140->339002->338922->646291->338226->338252->338199->338198->562865->339135->338197->338925->646201->646200->646201->339126->338348->338347->338346->338354->338706->338347->338346->339296->338349->338341->562897->338341->338349->339296->338346->338354->338706->338347->338348->646202->338348->339126->338603->338223->338604->646056->339122->339135->338197->338925->646201->339126->338348->338347->338346->339296->338349->646052->338349->339296->338346->338354->338706->338347->338348->339126->338603->338223->338604->646056->339122->339135->338197->338925->646201->339126->338348->338347->338346->339296->338349->338341->562897->338341->338349->339296->338346->338354->338706->338347->338348->339126->338603->338223->338604->646056->339122->339135->338197->338925->646201->646200->646201->339126->338348->338347->338346->339296->338349->338341->562897->338341->338728->339266->338343->338312->338344
rl_base,t2_yeoksam_hakyeoul,long,off_peak,7.0,23,1155.3696,903.3522,239.851,1059.4985,637.5326,7034.2,10,True,67,13,9,45,338267->338584->338254->338767->338768->587842->338583->338268->338262->339922->340140->339002->338922->646291->338226->338252->338251->646070->338648->338209->339659->339658->339659->338209->338648->646070->338251->338252->338199->338224->342071->341571->341996->342147->342636->338199->338198->562865->339135->338197->338925->646201->646200->646201->339126->338603->338223->338604->646056->339122->339135->338197->338925->646201->339126->338348->338347->338346->339296->338349->338341->562897->338341->338728->339266->338343->338312->338344
rl_base,t2_yeoksam_hakyeoul,long,off_peak,7.0,24,1078.817,833.7691,236.1272,938.926,627.6347,6287.3,7,True,70,20,12,38,338267->338584->338254->338767->338768->587842->338583->338268->338262->339922->340140->339002->338922->646291->338226->338252->338199->338198->562865->339135->338197->338925->646201->646200->646201->339126->338348->338347->338346->338354->338706->338347->338346->339296->338349->338341->562897->338341->338728->339266->338343->338313->338709->338312->338343->338313->338709->338312->338343->338313->338709->338312->338343->338313->338709->338312->338343->338313->338709->338312->338343->339266->338728->338341->562897->338341->338728->339266->338343->338312->338344
rl_base,t2_yeoksam_hakyeoul,long,off_peak,7.0,25,821.2427,641.1679,168.3539,677.0103,447.4908,5021.9,7,True,45,6,8,31,338267->338584->338254->338767->338768->587842->338583->338268->338262->339922->340140->339002->338922->646291->338226->339093->339128->341549->342639->563096->342115->563067->342636->338199->338198->562865->339135->338197->338925->646201->646200->646201->339126->338348->338347->338346->339296->338349->338341->562897->338341->338728->339266->338343->338312->338344
rl_base,t2_yeoksam_hakyeoul,long,off_peak,7.0,26,765.4636,587.561,168.2941,681.7676,447.3319,4431.0,6,True,38,5,7,26,338267->338584->338254->338767->338768->587842->338583->338268->338262->339922->340140->339002->338922->646291->338226->338252->338199->338198->562865->339135->338197->338925->646201->646200->646201->339126->338348->338347->338346->339296->338349->338341->562897->338341->338728->339266->338343->338312->338344
rl_base,t2_yeoksam_hakyeoul,long,off_peak,7.0,27,736.6027,559.2886,168.9746,684.4665,449.1407,4431.0,7,True,38,5,7,26,338267->338584->338254->338767->338768->587842->338583->338268->338262->339922->340140->339002->338922->646291->338226->338252->338199->338198->562865->339135->338197->338925->646201->646200->646201->339126->338348->338347->338346->339296->338349->338341->562897->338341->338728->339266->338343->338312->338344
rl_base,t2_yeoksam_hakyeoul,long,off_peak,7.0,28,782.0332,607.7045,162.1756,714.9335,431.0685,4431.0,7,True,38,5,7,26,338267->338584->338254->338767->338768->587842->338583->338268->338262->339922->340140->339002->338922->646291->338226->338252->338199->338198->562865->339135->338197->338925->646201->646200->646201->339126->338348->338347->338346->339296->338349->338341->562897->338341->338728->339266->338343->338312->338344
rl_base,t2_yeoksam_hakyeoul,long,off_peak,7.0,29,673.9206,543.3287,122.9252,643.6505,326.7396,4431.0,5,True,38,5,7,26,338267->338584->338254->338767->338768->587842->338583->338268->338262->339922->340140->339002->338922->646291->338226->338252->338199->338198->562865->339135->338197->338925->646201->646200->646201->339126->338348->338347->338346->339296->338349->338341->562897->338341->338728->339266->338343->338312->338344
rl_base,t2_yeoksam_hakyeoul,long,off_peak,7.0,30,678.0019,531.9531,137.9678,614.1151,366.7234,4431.0,5,True,38,5,7,26,338267->338584->338254->338767->338768->587842->338583->338268->338262->339922->340140->339002->338922->646291->338226->338252->338199->338198->562865->339135->338197->338925->646201->646200->646201->339126->338348->338347->338346->339296->338349->338341->562897->338341->338728->339266->338343->338312->338344
rl_base,t2_yeoksam_hakyeoul,long,peak,8.0,1,2660.3835,2434.6725,211.4585,3202.7872,562.0644,20013.6,10,False,200,45,51,104,338267->338584->338254->338767->338768->587842->338583->338268->338582->339138->339116->338705->338269->338581->340332->339979->646073->339979->338631->338933->338934->339307->340334->339743->340118->338988->339308->339893->339307->338934->338933->338631->339979->340332->340331->340332->339979->646073->339979->338631->338933->338934->339307->340334->339743->340118->338988->339308->339893->340333->339893->339308->340139->338933->338631->339979->646073->339979->338631->338933->338934->339307->340334->339743->340118->338988->339308->339893->339307->338934->338933->338631->339979->340332->340331->340332->339979->646073->339979->338631->338933->340139->339308->339893->339307->338934->338933->338631->339979->340332->340331->340332->339979->646073->339979->338631->338933->338934->339307->340334->339743->340118->338988->339308->339893->339307->338934->338933->338631->339979->340332->340331->340332->339979->646073->339979->338631->338933->338934->339307->340334->339743->340118->338988->339308->339893->339307->338934->339087->340330->340328->339088->339117->339118->339117->338775->338269->338581->340332->339979->646073->339979->338631->338933->338934->339087->340330->340328->339088->339117->339118->339117->338775->338269->338581->340332->339979->646073->339979->338631->338933->338934->339307->340334->339743->340118->338988->339308->339893->339307->338934->338933->338631->339979->340332->340331->340332->339979->646073->339979->338631->338933->338934->339307->340334->339743->340118->338988->339308->339893->339307->338934->338933->338631->339979->340332->340331->340332->339979->646073->339979
rl_base,t2_yeoksam_hakyeoul,long,peak,8.0,2,899.1056,801.1124,91.6348,1098.1419,243.5686,6390.1,5,True,56,9,11,36,338267->338584->338254->338767->338768->587842->338583->338268->338262->339922->340140->339002->338922->646291->646290->646291->338226->338252->338199->338198->562865->339135->338197->338596->613615->338210->339659->339658->339659->338209->338648->646070->338251->338252->338199->338198->562865->339135->338197->338925->646201->646200->646201->339126->338348->338347->338346->339296->338349->338341->562897->338341->338728->339266->338343->338312->338344
rl_base,t2_yeoksam_hakyeoul,long,peak,8.0,3,698.2028,580.7405,111.364,791.2208,296.0095,4560.6,5,True,40,7,7,26,338267->338584->338254->338767->338768->587842->338583->338268->338262->339922->340140->339002->338922->646291->338226->338252->338199->338198->562865->339135->338197->338925->646201->646200->646201->339126->338348->338347->338346->339296->338349->646052->338349->338341->562897->338341->338728->339266->338343->338312->338344
rl_base,t2_yeoksam_hakyeoul,long,peak,8.0,4,666.1396,550.2127,111.2205,764.9859,295.628,4431.0,5,True,38,5,7,26,338267->338584->338254->338767->338768->587842->338583->338268->338262->339922->340140->339002->338922->646291->338226->338252->338199->338198->562865->339135->338197->338925->646201->646200->646201->339126->338348->338347->338346->339296->338349->338341->562897->338341->338728->339266->338343->338312->338344
rl_base,t2_yeoksam_hakyeoul,long,peak,8.0,5,694.2008,558.8173,128.9556,730.8658,342.7687,4431.0,6,True,38,5,7,26,338267->338584->338254->338767->338768->587842->338583->338268->338262->339922->340140->339002->338922->646291->338226->338252->338199->338198->562865->339135->338197->338925->646201->646200->646201->339126->338348->338347->338346->339296->338349->338341->562897->338341->338728->339266->338343->338312->338344
rl_base,t2_yeoksam_hakyeoul,long,peak,8.0,6,783.1168,643.3072,131.5016,869.3527,349.5361,4960.9,7,True,45,8,6,31,338267->338584->338254->338767->338768->587842->338583->338268->338262->339922->340140->339002->338922->646291->338226->338252->338199->338224->342071->341571->341996->342147->342636->338199->338198->562865->339135->338197->338925->646201->646200->646201->339126->338348->338347->338346->339296->338349->338341->562897->338341->338728->339266->338343->338312->338344
rl_base,t2_yeoksam_hakyeoul,long,peak,8.0,7,690.2048,544.6036,137.6168,714.6348,365.7904,4431.0,6,True,38,5,7,26,338267->338584->338254->338767->338768->587842->338583->338268->338262->339922->340140->339002->338922->646291->338226->338252->338199->338198->562865->339135->338197->338925->646201->646200->646201->339126->338348->338347->338346->339296->338349->338341->562897->338341->338728->339266->338343->338312->338344
rl_base,t2_yeoksam_hakyeoul,long,peak,8.0,8,923.6978,797.6135,117.5404,1035.1243,312.4266,6390.1,7,True,56,9,11,36,338267->338584->338254->338767->338768->587842->338583->338268->338262->339922->340140->339002->338922->646291->646290->646291->338226->338252->338199->338198->562865->339135->338197->338596->613615->338210->339659->339658->339659->338209->338648->646070->338251->338252->338199->338198->562865->339135->338197->338925->646201->646200->646201->339126->338348->338347->338346->339296->338349->338341->562897->338341->338728->339266->338343->338312->338344
rl_base,t2_yeoksam_hakyeoul,long,peak,8.0,9,805.6668,582.4698,215.757,778.8663,573.4898,4431.0,8,True,38,5,7,26,338267->338584->338254->338767->338768->587842->338583->338268->338262->339922->340140->339002->338922->646291->338226->338252->338199->338198->562865->339135->338197->338925->646201->646200->646201->339126->338348->338347->338346->339296->338349->338341->562897->338341->338728->339266->338343->338312->338344
rl_base,t2_yeoksam_hakyeoul,long,peak,8.0,10,646.0309,543.6426,96.323,712.3482,256.0299,4431.0,5,True,38,5,7,26,338267->338584->338254->338767->338768->587842->338583->338268->338262->339922->340140->339002->338922->646291->338226->338252->338199->338198->562865->339135->338197->338925->646201->646200->646201->339126->338348->338347->338346->339296->338349->338341->562897->338341->338728->339266->338343->338312->338344
rl_base,t2_yeoksam_hakyeoul,long,peak,8.0,11,685.8999,562.6928,116.8693,751.5053,310.6428,4431.0,6,True,38,5,7,26,338267->338584->338254->338767->338768->587842->338583->338268->338262->339922->340140->339002->338922->646291->338226->338252->338199->338198->562865->339135->338197->338925->646201->646200->646201->339126->338348->338347->338346->339296->338349->338341->562897->338341->338728->339266->338343->338312->338344
rl_base,t2_yeoksam_hakyeoul,long,peak,8.0,12,641.3752,539.7488,96.2532,726.934,255.8446,4431.0,4,True,38,5,7,26,338267->338584->338254->338767->338768->587842->338583->338268->338262->339922->340140->339002->338922->646291->338226->338252->338199->338198->562865->339135->338197->338925->646201->646200->646201->339126->338348->338347->338346->339296->338349->338341->562897->338341->338728->339266->338343->338312->338344
rl_base,t2_yeoksam_hakyeoul,long,peak,8.0,13,2053.6898,1689.0598,346.0459,2104.1775,919.8024,13169.6,13,False,200,102,25,73,338267->338584->338254->338767->338768->587842->338583->338268->338262->339922->340140->339002->338922->646291->338226->339127->338649->339136->645956->338227->339819->646028->646026->339934->339811->340231->339724->339314->339317->338256->339580->613775->338232->339582->338234->340157->340158->338207->338327->338326->338328->338342->338887->338315->338314->338707->338313->338709->338312->338343->338313->338709->338312->338343->338313->338709->338312->338343->338313->338709->338312->338343->338313->338709->338312->338343->338313->338707->338314->340271->340280->338887->338315->338314->338707->338313->338709->338312->338343->338313->338707->338314->340271->340280->338887->338315->338314->338707->338313->338709->338312->338343->338313->338707->338314->340271->340280->338887->338315->338314->338707->338313->338709->338312->338343->338313->338707->338314->340271->340280->338887->338342->338328->338327->338207->340158->340157->338207->340158->340157->338207->340158->340157->338207->340158->340157->338207->340158->340157->338207->340158->340157->338207->340158->340157->338207->340158->340157->338207->340158->340157->338207->340158->340157->338207->340158->340157->338207->340158->340157->338207->340158->340157->338207->340158->340157->338207->340158->340157->338207->340158->340157->338207->340158->340157->338207->340158->340157->338207->340158->340157->338207->340158->340157->338207->340158->340157->338207->340158->340157->338207->340158->338206->587841->339124->587905->646128->646127->646128->587905->339124->587910->587846->338600->338354->338601->339884->339712->339944->339712->339713
rl_base,t2_yeoksam_hakyeoul,long,peak,8.0,14,680.4006,556.0368,118.4396,760.5756,314.8166,4431.0,6,True,38,5,7,26,338267->338584->338254->338767->338768->587842->338583->338268->338262->339922->340140->339002->338922->646291->338226->338252->338199->338198->562865->339135->338197->338925->646201->646200->646201->339126->338348->338347->338346->339296->338349->338341->562897->338341->338728->339266->338343->338312->338344
rl_base,t2_yeoksam_hakyeoul,long,peak,8.0,15,771.2108,625.8887,136.9927,854.1057,364.1316,5130.1,6,True,48,8,10,30,338267->338584->338254->338767->338768->587842->338583->338268->338262->339922->340140->339002->338922->339657->338655->339656->339807->339810->338999->339654->339136->338209->338648->646070->338251->338252->338199->338198->562865->339135->338197->338925->646201->646200->646201->339126->338348->338347->338346->339296->338349->338341->562897->338341->338728->339266->338343->338312->338344
rl_base,t2_yeoksam_hakyeoul,long,peak,8.0,16,677.4375,536.0325,135.9737,693.1808,361.423,4431.0,5,True,38,5,7,26,338267->338584->338254->338767->338768->587842->338583->338268->338262->339922->340140->339002->338922->646291->338226->338252->338199->338198->562865->339135->338197->338925->646201->646200->646201->339126->338348->338347->338346->339296->338349->338341->562897->338341->338728->339266->338343->338312->338344
rl_base,t2_yeoksam_hakyeoul,long,peak,8.0,17,674.3149,545.048,123.3148,741.6574,327.7751,4431.0,6,True,38,5,7,26,338267->338584->338254->338767->338768->587842->338583->338268->338262->339922->340140->339002->338922->646291->338226->338252->338199->338198->562865->339135->338197->338925->646201->646200->646201->339126->338348->338347->338346->339296->338349->338341->562897->338341->338728->339266->338343->338312->338344
rl_base,t2_yeoksam_hakyeoul,long,peak,8.0,18,649.1225,542.7195,102.2583,684.3773,271.8062,4431.0,4,True,38,5,7,26,338267->338584->338254->338767->338768->587842->338583->338268->338262->339922->340140->339002->338922->646291->338226->338252->338199->338198->562865->339135->338197->338925->646201->646200->646201->339126->338348->338347->338346->339296->338349->338341->562897->338341->338728->339266->338343->338312->338344
rl_base,t2_yeoksam_hakyeoul,long,peak,8.0,19,618.1784,527.3316,86.2621,737.2896,229.2878,4431.0,4,True,38,5,7,26,338267->338584->338254->338767->338768->587842->338583->338268->338262->339922->340140->339002->338922->646291->338226->338252->338199->338198->562865->339135->338197->338925->646201->646200->646201->339126->338348->338347->338346->339296->338349->338341->562897->338341->338728->339266->338343->338312->338344
rl_base,t2_yeoksam_hakyeoul,long,peak,8.0,20,581.9746,528.097,46.6651,675.2674,124.0375,4272.6,5,True,42,7,8,27,338267->340192->338229->338218->339094->338258->613662->339651->338651->562921->562923->342153->343109->613772->339003->339662->341549->342639->563096->342115->563067->342636->338199->338198->562865->339135->338197->338925->646201->339126->338348->338347->338346->339296->338349->338341->562897->338341->338728->339266->338343->338312->338344
rl_base,t2_yeoksam_hakyeoul,long,peak,8.0,21,678.6957,545.8827,126.1269,704.5633,335.25,4431.0,5,True,38,5,7,26,338267->338584->338254->338767->338768->587842->338583->338268->338262->339922->340140->339002->338922->646291->338226->338252->338199->338198->562865->339135->338197->338925->646201->646200->646201->339126->338348->338347->338346->339296->338349->338341->562897->338341->338728->339266->338343->338312->338344
rl_base,t2_yeoksam_hakyeoul,long,peak,8.0,22,777.0227,609.3509,161.0604,765.3285,428.1045,4816.3,7,True,41,7,9,25,338267->338584->338254->338767->338768->587842->338583->338268->338262->339922->340140->339002->338922->646291->338226->338252->338199->338198->338222->338726->338837->339122->339135->338197->338925->646201->646200->646201->339126->338348->338347->338346->339296->338349->338341->562897->338341->338728->339266->338343->338312->338344
rl_base,t2_yeoksam_hakyeoul,long,peak,8.0,23,594.9736,573.2519,17.4077,738.4758,46.2703,4856.8,2,True,46,6,11,29,338267->338803->613768->338253->339069->339134->338230->646176->339098->342073->342687->341600->342685->341607->344213->343102->341557->342643->341561->341562->341564->342639->563096->342115->563067->342636->338199->338198->562865->339135->338197->338925->646201->339126->338348->338347->338346->339296->338349->338341->562897->338341->338728->339266->338343->338312->338344
rl_base,t2_yeoksam_hakyeoul,long,peak,8.0,24,677.9037,553.4335,117.2117,752.9886,311.553,4431.0,6,True,38,5,7,26,338267->338584->338254->338767->338768->587842->338583->338268->338262->339922->340140->339002->338922->646291->338226->338252->338199->338198->562865->339135->338197->338925->646201->646200->646201->339126->338348->338347->338346->339296->338349->338341->562897->338341->338728->339266->338343->338312->338344
rl_base,t2_yeoksam_hakyeoul,long,peak,8.0,25,686.1241,547.9071,131.1051,723.7179,348.482,4465.0,6,True,40,4,7,29,338267->338584->338254->338767->338768->587842->338583->338268->338262->339922->340140->339002->338922->646291->338226->338252->338199->338198->562865->339135->338197->338925->646201->646200->646201->339126->338348->338347->338706->338354->338346->339296->338349->338341->562897->338341->338728->339266->338343->338312->338344
rl_base,t2_yeoksam_hakyeoul,long,peak,8.0,26,661.6264,555.2083,99.2353,695.6968,263.771,4431.0,5,True,38,5,7,26,338267->338584->338254->338767->338768->587842->338583->338268->338262->339922->340140->339002->338922->646291->338226->338252->338199->338198->562865->339135->338197->338925->646201->646200->646201->339126->338348->338347->338346->339296->338349->338341->562897->338341->338728->339266->338343->338312->338344
rl_base,t2_yeoksam_hakyeoul,long,peak,8.0,27,696.8901,565.3883,124.9519,720.2702,332.1266,4431.0,5,True,38,5,7,26,338267->338584->338254->338767->338768->587842->338583->338268->338262->339922->340140->339002->338922->646291->338226->338252->338199->338198->562865->339135->338197->338925->646201->646200->646201->339126->338348->338347->338346->339296->338349->338341->562897->338341->338728->339266->338343->338312->338344
rl_base,t2_yeoksam_hakyeoul,long,peak,8.0,28,710.441,581.0671,122.2602,751.2106,324.9719,4465.0,6,True,40,4,7,29,338267->338584->338254->338767->338768->587842->338583->338268->338262->339922->340140->339002->338922->646291->338226->338252->338199->338198->562865->339135->338197->338925->646201->646200->646201->339126->338348->338347->338706->338354->338346->339296->338349->338341->562897->338341->338728->339266->338343->338312->338344
rl_base,t2_yeoksam_hakyeoul,long,peak,8.0,29,681.1102,543.05,133.1821,716.4145,354.0028,4431.0,5,True,38,5,7,26,338267->338584->338254->338767->338768->587842->338583->338268->338262->339922->340140->339002->338922->646291->338226->338252->338199->338198->562865->339135->338197->338925->646201->646200->646201->339126->338348->338347->338346->339296->338349->338341->562897->338341->338728->339266->338343->338312->338344
rl_base,t2_yeoksam_hakyeoul,long,peak,8.0,30,2584.4968,2395.6486,177.6141,3140.2601,472.1048,20624.7,9,False,200,47,47,106,338267->338584->338254->338767->338768->587842->338583->338268->338582->339138->339116->338705->338269->338581->340332->339979->646073->339979->338631->338933->338934->339307->340334->339743->340118->338988->339308->339893->339307->338934->338933->338631->339979->340332->340331->340332->339979->646073->339979->338631->338933->338934->339307->340334->339743->340118->338988->339308->339893->339307->338934->338933->338631->339979->340332->340331->340332->339979->646073->339979->338631->338933->338934->339307->340334->339743->340118->338988->339308->339893->339307->338934->338933->338631->339979->340332->340331->340332->339979->646073->339979->338631->338933->338934->339307->340334->339743->340118->338988->339308->339893->339307->338934->338933->338631->339979->340332->340331->340332->339979->646073->339979->338631->338933->338934->339307->340334->339743->340118->338988->339308->339893->339307->338934->338933->338631->339979->340332->340331->340332->339979->646073->339979->338631->338933->338934->339307->340334->339743->340118->338988->339308->339893->339307->338934->338933->338631->339979->340332->340331->340332->339979->646073->339979->338631->338933->338934->339307->340334->339743->338990->340239->339744->339087->340330->340328->339088->339117->339118->339117->338775->338269->338581->340332->339979->646073->339979->338631->338933->338934->339307->340334->339743->340118->338988->339308->339893->339307->338934->338933->338631->339979->340332->340331->340332->339979->646073->339979->338631->338933->338934->339307->340334->339743->340118->338988->339308->340139->338933->338631->339979
rl_base,t3_sinsa_daechi,long,off_peak,7.0,1,1381.8875,1245.7313,124.9936,1399.1048,332.2375,10444.8,6,True,118,17,21,80,341904->343064->341633->341903->342155->342720->342728->563265->342729->563265->342728->342720->342155->341903->341633->343064->341904->341903->342155->342720->342728->563265->342729->563265->342728->342720->342155->341903->341633->343064->341904->341903->342155->342720->342728->563265->342729->563265->342728->342720->342155->341903->341633->343064->341904->342719->342710->343062->342711->342157->342158->342712->344670->342712->342714->342713->342076->341620->341621->342834->343100->342865->340641->340704->341588->341785->342116->342672->340587->646667->646362->341982->342679->341983->342673->646784->646782->341597->341596->341598->342684->341601->343106->343943->342693->341607->344213->343102->341557->342643->341555->340705->341572->339293->338651->562919->562884->613773->613772->339003->339662->341549->342639->563096->342115->563067->342636->338199->338198->562865->339135->338197->338925->646201->339126->338348->338347->338706->338354
rl_base,t3_sinsa_daechi,long,off_peak,7.0,2,1499.2361,1443.8323,51.9109,1588.5238,137.9811,11854.3,2,True,137,17,23,97,341904->341903->342155->342720->342728->563265->342729->563265->342728->342720->342155->341903->341633->343064->341904->341903->342155->342720->342728->563265->342729->563265->342728->342720->342155->341903->341633->343064->341904->341903->342155->342720->342728->563265->342729->563265->342728->342720->342155->341903->341633->343064->341904->341903->342155->342720->342728->563265->342729->563265->342728->342720->342155->341903->341633->343064->341904->342719->342710->343062->342711->342157->342156->342710->342719->341904->341903->342155->342720->342715->342158->342712->344670->342712->342714->342713->342076->341620->341621->342834->343100->342865->340641->340704->341588->341785->342116->342672->340587->646667->646362->341982->342679->341983->342673->646784->646782->341597->341596->341598->342684->341601->343106->343943->342693->341607->344213->343102->341557->342643->341555->340705->341572->339293->338651->562919->562884->613773->339003->339662->341549->342639->563096->342115->563067->342636->338199->338198->562865->339135->338197->338925->646201->339126->338348->338347->338706->338354
rl_base,t3_sinsa_daechi,long,off_peak,7.0,3,1452.6056,1359.58,85.4528,1497.6067,227.1366,10851.4,5,True,123,14,42,67,341904->343064->341633->341905->341623->342117->342719->342710->343062->342711->342157->342158->342715->343651->343652->343651->342715->342158->342712->344670->342712->342714->342713->342076->341620->341621->342834->343100->342865->340641->340704->341588->341785->342116->342672->340587->646667->646362->341982->342679->341983->342673->646784->646782->341597->341596->341598->342684->341601->343106->343943->342693->341607->344213->343102->341557->342643->341555->340705->341572->339293->338651->562921->562923->342153->343109->613772->613773->562884->562919->338651->562921->562923->342153->343109->613772->613773->562884->562919->338651->562921->562923->342153->343109->613772->613773->562884->562919->338651->562921->562923->342153->343109->613772->613773->562884->562919->338651->562921->562923->342153->341556->341555->341736->341568->341735->341564->342645->341559->342115->563067->342636->338199->338198->562865->339135->338197->338925->646201->339126->338348->338347->338706->338354
rl_base,t3_sinsa_daechi,long,off_peak,7.0,4,1537.2467,1372.182,156.5277,1473.4474,416.0562,11221.6,6,True,127,23,23,81,341904->343064->341633->341903->342155->342720->342728->563265->342729->563265->342728->342720->342155->341903->341633->343064->341904->341903->342155->342720->342728->563265->342729->563265->342728->342720->342155->341903->341633->343064->341904->341903->342155->342720->342728->563265->342729->563265->342728->342720->342155->341903->341633->343064->341904->341905->341623->342117->342719->342710->343062->342711->342157->342158->342712->344670->342712->342714->342713->342076->341620->341621->342834->343100->342865->340641->340704->341588->341785->342116->342672->340587->646667->646664->646667->646362->341982->342679->341983->342673->563097->342669->342679->341983->342673->646784->646782->341597->341596->341598->342684->341601->343106->343943->342693->341607->344213->343102->341557->342643->341555->340705->341572->339293->338651->562919->562884->613773->339003->339662->341549->342639->563096->342115->563067->342636->338199->338198->562865->339135->338197->338925->646201->339126->338348->338347->338706->338354
rl_base,t3_sinsa_daechi,long,off_peak,7.0,5,1450.7862,1391.9374,51.5707,1577.2215,137.0768,11377.2,5,True,132,20,20,92,341904->341903->342155->342720->342728->563265->342729->563265->342728->342720->342155->341903->341633->343064->341904->341903->342155->342156->342710->342719->341904->341903->342155->342720->342728->563265->342729->563265->342728->342720->342155->341903->341633->343064->341904->341903->342155->342720->342728->563265->342729->563265->342728->342720->342155->341903->341633->343064->341904->341903->342155->342720->342728->563265->342729->563265->342728->342720->342155->341903->341633->343064->341904->342719->342710->342156->342157->342711->342712->342714->342713->342076->341620->341621->342834->343100->342865->340641->340704->341588->341785->342116->342672->340587->646667->646362->341982->342679->341983->342673->646784->646782->341597->341596->341598->342684->341601->343106->343943->342693->341607->344213->343102->341557->342643->341555->340705->341572->339293->338651->562919->562884->613773->339003->339662->341549->342639->563096->342115->563067->342636->338199->338198->562865->339135->338197->338925->646201->339126->338348->338347->338706->338354
rl_base,t3_sinsa_daechi,long,off_peak,7.0,6,1578.5452,1324.9668,239.8035,1505.0142,637.4064,11022.5,9,True,122,20,20,82,341904->343064->341633->341903->342155->342720->342728->563265->342729->563265->342728->342720->342155->341903->341633->343064->341904->341903->342155->342720->342728->563265->342729->563265->342728->342720->342155->341903->341633->343064->341904->341903->342155->342720->342728->563265->342729->563265->342728->342720->342155->341903->341633->343064->341904->342719->342710->343062->342711->342157->342158->342712->344670->342712->342714->342713->342076->341620->341621->342834->343100->342865->340641->340704->341588->341786->341583->341611->342865->342652->342116->342672->340587->646667->646362->341982->342679->341983->342673->646784->646782->341597->341596->341598->342684->341601->343106->343943->342693->341607->344213->343102->341557->342643->341555->340705->341572->339293->338651->562919->562884->613773->613772->339003->339662->341549->342639->563096->342115->563067->342636->338199->338198->562865->339135->338197->338925->646201->339126->338348->338347->338706->338354
rl_base,t3_sinsa_daechi,long,off_peak,7.0,7,1552.0251,1355.0246,190.1815,1498.748,505.5094,11123.7,5,True,123,16,22,85,341904->343064->341633->341903->342155->342720->342728->563265->342729->563265->342728->342720->342155->341903->341633->343064->341904->341903->342155->342720->342728->563265->342729->563265->342728->342720->342155->341903->341633->343064->341904->341903->342155->342720->342728->563265->342729->563265->342728->342720->342155->341903->341633->343064->341904->341903->342155->342720->342728->563265->342729->563265->342728->342720->342715->342158->342712->344670->342712->342714->342713->342076->341620->341621->342834->343100->342865->340641->340704->341588->341785->342116->342672->340587->342670->646668->646669->342669->342679->341983->342673->646784->646782->341597->341596->341598->342684->341601->343106->343943->342693->341607->344213->343102->341557->342643->341555->340705->341572->339293->338651->562919->562884->613773->339003->339662->341549->342639->563096->342115->563067->342636->338199->338198->562865->339135->338197->338925->646201->339126->338348->338347->338346->338354
rl_base,t3_sinsa_daechi,long,off_peak,7.0,8,1315.6873,1179.3886,129.5066,1382.03,344.2333,9641.6,5,True,106,16,21,69,341904->343064->341633->341903->342155->342720->342728->563265->342729->563265->342728->342720->342155->341903->341633->343064->341904->341903->342155->342720->342728->563265->342729->563265->342728->342720->342155->341903->341633->343064->341904->341905->341623->342117->342719->342710->343062->342711->342157->342158->342712->344670->342712->342714->342713->342076->341620->341621->342834->343100->342865->340641->340704->341588->341785->342116->342672->340587->646667->646362->341982->342679->341983->342673->646784->646782->341597->341596->341598->342684->341601->343106->343943->342693->341607->344213->343102->341557->342643->341555->340705->341572->339293->338651->562919->562884->613773->339003->339662->341549->342639->563096->342115->563067->342636->338199->338198->562865->339135->338197->338925->646201->339126->338348->338347->338706->338354
rl_base,t3_sinsa_daechi,long,off_peak,7.0,9,1396.791,1258.3783,128.6564,1378.7839,341.9733,10421.3,6,True,117,15,20,82,341904->343064->341633->341903->342155->342720->342728->563265->342729->563265->342728->342720->342155->341903->341633->343064->341904->341903->342155->342720->342728->563265->342729->563265->342728->342720->342155->341903->341633->343064->341904->341903->342155->342720->342728->563265->342729->563265->342728->342720->342155->341903->341633->343064->341904->342719->342710->343062->342711->342157->342158->342712->344670->342712->342714->342713->342076->341620->341621->342834->343100->342865->340641->340704->341588->341785->342116->342672->340587->646667->646362->341982->342679->341983->342673->646784->646782->341597->341596->341598->342684->341601->343106->343943->342693->341607->344213->343102->341557->342643->341555->340705->341572->339293->338651->562919->562884->613773->339003->339662->341549->342639->563096->342115->563067->342636->338199->338198->562865->339135->338197->338925->646201->339126->338348->338347->338706->338354
rl_base,t3_sinsa_daechi,long,off_peak,7.0,10,1821.2057,1699.317,112.7754,1981.7153,299.761,13853.8,7,True,149,24,23,102,341904->343064->341633->341903->342155->342720->342728->563265->342729->563265->342728->342720->342155->341903->341633->343064->341904->341903->342155->342720->342728->563265->342729->563265->342728->342720->342155->341903->341633->343064->341904->341903->342155->342156->342710->342719->341904->341903->342155->342720->342728->563265->342729->563265->342728->342720->342155->341903->341633->343064->341904->342719->342710->343062->342711->342157->342158->342712->344670->342712->342714->342713->342076->341620->341621->342834->343100->342865->340641->340704->341588->341785->342116->342672->340587->646667->646362->341982->342679->341983->342673->563097->342669->342679->341983->342673->646784->646782->341597->341596->341598->342684->341601->343106->343943->342693->341607->342685->341600->342074->338219->338218->338229->339133->338254->338767->338768->587842->338583->338268->338262->339922->340140->339002->338922->646291->338226->338252->338251->646070->338648->338209->339659->339658->339659->338209->339136->338649->339127->338226->339093->339128->341549->342639->563096->342115->563067->342636->338199->338198->562865->339135->338197->338925->646201->339126->338348->338347->338706->338354
rl_base,t3_sinsa_daechi,long,off_peak,7.0,11,1566.9799,1393.1255,163.4261,1564.2466,434.3925,11196.4,8,True,121,21,21,79,341904->343064->341633->341903->342155->342720->342728->563265->342729->563265->342728->342720->342155->341903->341633->343064->341904->341903->342155->342720->342728->563265->342729->563265->342728->342720->342155->341903->341633->343064->341904->341903->342155->342720->342728->563265->342729->563265->342728->342720->342155->341903->341633->343064->341904->342719->342710->343062->342711->342157->342158->342712->344670->342712->342714->342713->342076->341620->341621->342834->343100->342865->340641->340704->341588->341785->342116->342672->340587->646667->646362->646363->646362->341982->342679->341983->342673->646784->646782->341597->341596->341598->342684->341601->343106->343943->342693->341607->344213->343102->341557->342643->341561->341562->341564->342639->563096->342115->563067->342648->342147->342636->338199->338198->562865->339135->338197->338925->646201->339126->338603->338223->338605->338597->338197->338925->646201->339126->338348->338347->338706->338354
rl_base,t3_sinsa_daechi,long,off_peak,7.0,12,1549.4462,1354.1456,183.0957,1517.8321,486.6749,11106.0,7,True,131,23,20,88,341904->343064->341633->341903->342155->342720->342728->563265->342729->563265->342728->342720->342155->341903->341633->343064->341904->341903->342155->342720->342728->563265->342729->563265->342728->342720->342155->341903->341633->343064->341904->341903->342155->342720->342728->563265->342729->563265->342728->342720->342155->341903->341633->343064->341904->342719->342117->341623->341905->341904->342719->342710->343062->342711->342157->342158->342712->344670->342712->342714->342713->342076->341620->341621->342834->343100->342865->340641->340704->341588->341785->342116->342672->340587->646667->646362->341982->342679->341983->342673->646784->646782->341597->341596->341598->342684->341601->343104->341594->341605->341907->341906->341605->341594->343104->341601->343106->343943->342693->341607->344213->343102->341557->342643->341555->340705->341572->339293->338651->562919->562884->613773->339003->339662->341549->342639->563096->342115->563067->342636->338199->338198->562865->339135->338197->338925->646201->339126->338348->338347->338706->338354
rl_base,t3_sinsa_daechi,long,off_peak,7.0,13,1411.6815,1278.8324,124.3504,1391.5237,330.5278,10421.3,7,True,117,15,20,82,341904->343064->341633->341903->342155->342720->342728->563265->342729->563265->342728->342720->342155->341903->341633->343064->341904->341903->342155->342720->342728->563265->342729->563265->342728->342720->342155->341903->341633->343064->341904->341903->342155->342720->342728->563265->342729->563265->342728->342720->342155->341903->341633->343064->341904->342719->342710->343062->342711->342157->342158->342712->344670->342712->342714->342713->342076->341620->341621->342834->343100->342865->340641->340704->341588->341785->342116->342672->340587->646667->646362->341982->342679->341983->342673->646784->646782->341597->341596->341598->342684->341601->343106->343943->342693->341607->344213->343102->341557->342643->341555->340705->341572->339293->338651->562919->562884->613773->339003->339662->341549->342639->563096->342115->563067->342636->338199->338198->562865->339135->338197->338925->646201->339126->338348->338347->338706->338354
rl_base,t3_sinsa_daechi,long,off_peak,7.0,14,2729.4499,2502.0979,210.9847,2707.9147,560.805,19574.8,11,False,200,32,45,123,341904->343064->341633->341903->342155->342720->342728->563265->342729->563265->342728->342720->342155->341903->341633->343064->341904->341903->342155->342720->342728->563265->342729->563265->342728->342720->342155->341903->341633->343064->341904->341903->342155->342720->342728->563265->342729->563265->342728->342720->342155->341903->341633->343064->341904->342719->342710->343062->342711->342157->342158->342715->343651->343652->343651->342715->342158->342712->344670->342712->342714->342713->342076->341620->341621->342834->343100->342865->340641->340704->341588->341785->342116->342672->340587->646667->646362->341982->342679->341983->342673->646784->646782->341597->341596->341598->342684->341601->343106->343943->342693->341607->344213->343102->341557->342643->341555->340705->341572->339293->338651->562919->562884->613773->339003->339662->341549->342639->563096->342115->563067->342636->338199->338198->562865->339135->338197->338925->587845->646128->587905->339124->587841->338206->340158->338207->338327->338326->339575->338350->338351->339714->339716->339718->339717->339718->339720->339716->339714->338351->338350->339575->338326->338328->338342->338887->338315->338314->340271->338313->338712->338344->340271->338314->338315->338887->338342->338328->338327->338207->340158->340157->338207->338327->338326->339575->338350->338351->339714->339716->339718->339717->339718->339720->339716->339714->338351->338350->339575->338326->338328->338342->338887->338315->338314->340271->340280->338887->338315->338314->340271->340280->338887->338315->338314->340271->340280->338887->338315->338314->340271
rl_base,t3_sinsa_daechi,long,off_peak,7.0,15,1545.7522,1416.94,120.8372,1585.9599,321.1897,11399.9,5,True,131,15,22,94,341904->343064->341633->341903->342155->342720->342728->563265->342729->563265->342728->342720->342155->341903->341633->343064->341904->341903->342155->342720->342728->563265->342729->563265->342728->342720->342155->341903->341633->343064->341904->341903->342155->342720->342728->563265->342729->563265->342728->342720->342155->341903->341633->343064->341904->342719->342710->343062->342711->342157->342156->342710->342719->341904->341903->342155->342720->342728->563265->342729->563265->342728->342720->342715->342158->342712->344670->342712->342714->342713->342076->341620->341621->342834->343100->342865->340641->340704->341588->341785->342116->342672->340587->646667->646362->341982->342679->341983->342673->646784->646782->341597->341596->341598->342684->341601->343106->343943->342693->341607->344213->343102->341557->342643->341555->340705->341572->339293->338651->562919->562884->613773->339003->339662->341549->342639->563096->342115->563067->342636->338199->338198->562865->339135->338197->338925->646201->339126->338348->338347->338706->338354
rl_base,t3_sinsa_daechi,long,off_peak,7.0,16,1583.3075,1396.9883,177.157,1414.5244,470.8897,11008.7,5,True,127,25,20,82,341904->343064->341633->341903->342155->342720->342728->563265->342729->563265->342728->342720->342155->341903->341633->343064->341904->341903->342155->342720->342728->563265->342729->563265->342728->342720->342155->341903->341633->343064->341904->341903->342155->342720->342728->563265->342729->563265->342728->342720->342155->341903->341633->343064->341904->342719->342117->341623->341905->341904->342719->342117->341623->341905->341904->342719->342710->343062->342711->342157->342158->342712->344670->342712->342714->342713->342076->341620->341621->342834->343100->342865->340641->340704->341588->341785->342116->342672->340587->646667->646362->341982->342679->341983->342673->646784->646782->341597->341596->341598->342684->341601->343106->343943->342693->341607->344213->343102->341557->342643->341555->340705->341572->339293->338651->562919->562884->613773->339003->339662->341549->342639->563096->342115->563067->342636->338199->338198->562865->339135->338197->338925->646201->339126->338348->338347->338706->338354
rl_base,t3_sinsa_daechi,long,off_peak,7.0,17,1518.5562,1236.0895,269.5625,1420.1104,716.5068,10100.8,10,True,110,21,17,72,341904->343064->341633->341903->342155->342720->342728->563265->342729->563265->342728->342720->342155->342156->342710->342719->341904->343064->341633->341903->342155->342720->342728->563265->342729->563265->342728->342720->342155->341903->341633->343064->341904->342719->342710->343062->342711->342157->342158->342712->344670->342712->342714->342713->342076->341620->341621->342834->343100->342865->340641->340704->341588->341786->341583->341611->342865->342652->342116->342672->340587->646667->646362->341982->342679->341983->342673->646784->646782->341597->341596->341598->342684->341601->343106->343943->342693->341607->344213->343102->341557->342643->341555->340705->341572->339293->338651->562919->562884->613773->613772->339003->339662->341549->342639->563096->342115->563067->342636->338199->338198->562865->339135->338197->338925->646201->339126->338348->338347->338706->338354
rl_base,t3_sinsa_daechi,long,off_peak,7.0,18,1486.5013,1314.5966,164.1271,1466.6057,436.2558,10503.2,6,True,117,16,20,81,341904->343064->341633->341903->342155->342720->342728->563265->342729->563265->342728->342720->342155->341903->341633->343064->341904->341903->342155->342720->342728->563265->342729->563265->342728->342720->342155->341903->341633->343064->341904->341903->342155->342720->342728->563265->342729->563265->342728->342720->342155->341903->341633->341905->341904->342719->342710->343062->342711->342157->342158->342712->344670->342712->342714->342713->342076->341620->341621->342834->343100->342865->340641->340704->341588->341785->342116->342672->340587->646667->646362->341982->342679->341983->342673->646784->646782->341597->341596->341598->342684->341601->343106->343943->342693->341607->344213->343102->341557->342643->341555->340705->341572->339293->338651->562919->562884->613773->339003->339662->341549->342639->563096->342115->563067->342636->338199->338198->562865->339135->338197->338925->646201->339126->338348->338347->338706->338354
rl_base,t3_sinsa_daechi,long,off_peak,7.0,19,1404.7559,1279.6377,115.6424,1414.2302,307.3816,10419.3,6,True,121,15,20,86,341904->343064->341633->341903->342155->342720->342728->563265->342729->563265->342728->342720->342155->341903->341633->343064->341904->341903->342155->342720->342728->563265->342729->563265->342728->342720->342155->341903->341633->343064->341904->341903->342155->342720->342728->563265->342729->563265->342728->342720->342155->341903->341633->343064->341904->342719->342710->343062->342711->342157->342158->342712->344670->342712->342714->342713->342076->341620->341621->342834->343100->342865->340641->340704->341588->341785->342116->342672->340587->646667->646362->341982->342679->341983->342673->646784->646782->341597->341596->341598->343105->341906->341605->341594->343104->341601->343106->343943->342693->341607->344213->343102->341557->342643->341555->340705->341572->339293->338651->562919->562884->613773->339003->339662->341549->342639->563096->342115->563067->342636->338199->338198->562865->339135->338197->338925->646201->339126->338348->338347->338706->338354
rl_base,t3_sinsa_daechi,long,off_peak,7.0,20,966.0026,919.8289,41.1551,1054.7196,109.3917,7703.5,3,True,83,16,22,45,341904->341905->341623->342117->342719->342710->343062->342711->342157->342158->342715->343651->343652->343651->342715->342158->342712->344670->342712->342714->342713->342076->341620->341621->342834->343100->342865->340641->340704->341588->341785->342116->342672->340587->646667->646362->341982->342679->341983->342673->646784->646782->341597->341596->341598->342684->341601->343106->343943->342693->341607->344213->343102->341557->342643->341555->340705->341572->339293->338651->562919->562884->613773->613772->339003->339662->341549->342639->563096->342115->563067->342636->338199->338198->562865->339135->338197->338925->646201->339126->338348->338347->338706->338354
rl_base,t3_sinsa_daechi,long,off_peak,7.0,21,1612.1937,1522.9623,84.1533,1779.202,223.6826,12749.9,4,True,137,18,29,90,341904->343064->341633->341903->342155->342720->342728->563265->342729->563265->342728->342720->342155->341903->341633->343064->341904->341903->342155->342720->342728->563265->342729->563265->342728->342720->342155->341903->341633->343064->341904->341903->342155->342720->342728->563265->342729->563265->342728->342720->342155->341903->341633->343064->341904->342719->342710->343062->342711->342157->342158->342712->344670->342712->342714->342713->342076->341620->341621->342834->343100->342865->340641->340704->341588->341785->342116->342672->340587->342670->646668->646665->646668->646669->342669->342679->341983->342673->646784->646782->341597->341596->341598->342684->341601->343106->343943->342693->341607->344213->343102->341557->342643->341555->340705->341572->339293->338651->562919->562884->613773->339003->339662->341549->342639->563096->342115->563067->342636->338199->338252->338226->339093->339128->341549->342639->563096->342115->563067->342636->338199->338198->562865->339135->339122->646056->338604->338223->338605->338597->338197->338925->646201->339126->338348->338347->338706->338354
rl_base,t3_sinsa_daechi,long,off_peak,7.0,22,1335.1512,1185.4899,142.7578,1341.1613,379.4554,9265.5,5,True,102,14,17,71,341904->343064->341633->341903->342155->342720->342728->563265->342729->563265->342728->342720->342155->341903->341633->343064->341904->341903->342155->342720->342728->563265->342729->563265->342728->342720->342155->341903->341633->343064->341904->341903->342155->342720->342715->342158->342712->344670->342712->342714->342713->342076->341620->341621->342834->343100->342865->340641->340704->341588->341785->342116->342672->340587->646667->646362->341982->342679->341983->342673->646784->646782->341597->341596->341598->342684->341601->343106->343943->342693->341607->344213->343102->341557->342643->341555->340705->341572->339293->338651->562919->562884->613773->339003->339662->341549->342639->563096->342115->563067->342636->338199->338198->562865->339135->338197->338925->646201->339126->338348->338347->338706->338354
rl_base,t3_sinsa_daechi,long,off_peak,7.0,23,1489.6093,1356.9266,126.5609,1555.4673,336.4035,11274.1,4,True,128,20,19,89,341904->343064->341633->341903->342155->342720->342728->563265->342729->563265->342728->342720->342155->341903->341633->343064->341904->341903->342155->342720->342728->563265->342729->563265->342728->342720->342155->341903->341633->343064->341904->341903->342155->342156->342710->342719->341904->341903->342155->342720->342728->563265->342729->563265->342728->342720->342155->342156->342710->342719->341904->341903->342155->342720->342728->563265->342729->563265->342728->342720->342715->342158->342712->344670->342712->342714->342713->342076->341620->341621->342834->343100->342865->340641->340704->341588->341785->342116->342672->340587->646667->646362->341982->342679->341983->342673->646784->646782->341597->341596->341598->342684->341601->343106->343943->342693->341607->344213->343102->341557->342643->341555->340705->341572->339293->338651->562919->562884->613773->339003->339662->341549->342639->563096->342115->563067->342636->338199->338198->562865->339135->338197->338925->646201->339126->338348->338347->338706->338354
rl_base,t3_sinsa_daechi,long,off_peak,7.0,24,2624.3558,2321.977,287.1976,2610.4017,763.3817,18840.7,12,False,200,27,46,127,341904->343064->341633->341905->341904->343064->341633->341903->342155->342720->342728->563265->342729->563265->342728->342720->342155->341903->341633->343064->341904->341903->342155->342720->342728->563265->342729->563265->342728->342720->342155->341903->341633->343064->341904->341903->342155->342720->342728->563265->342729->563265->342728->342720->342155->341903->341633->343064->341904->342719->342710->343062->342711->342157->342158->342712->344670->342712->342714->342713->342076->341620->341621->342834->343100->342865->340641->340704->341588->341785->342116->342672->340587->646667->646362->341982->342679->341983->342673->646784->646782->341597->341596->341598->342684->341601->343106->343943->342693->341607->588038->563143->338261->339571->338218->339094->338258->339132->338586->338262->338587->338588->339119->338997->645954->339806->646068->338655->340247->340245->338921->340159->339654->339136->338209->338648->646070->646069->646070->338648->338209->339659->339658->339659->338209->339136->338649->339127->338226->339093->339128->341549->342639->563096->342115->563067->342636->338199->338198->562865->339135->338197->338925->587845->646128->587905->587904->587905->339124->587841->338206->340158->338207->338327->338326->339575->338350->338351->339714->339716->339718->339717->339718->339720->339716->339714->338351->338350->339575->338326->338328->338342->338887->338315->338314->340271->340280->338887->338315->338314->340271->340280->338887->338315->338314->340271->340280->338887->338315->338314->340271->340280->338887->338315->338314->340271->340280->338887->338315->338314->340271
rl_base,t3_sinsa_daechi,long,off_peak,7.0,25,1671.6885,1422.1806,236.2506,1516.5182,627.9627,11310.8,10,True,136,25,26,85,341904->343064->341633->341903->342155->342720->342728->563265->342729->563265->342728->342720->342155->341903->341633->341905->341904->342719->342710->343062->342711->342157->342158->342715->343651->343652->343651->342715->342158->342712->344670->342712->342711->342157->342158->342715->343651->343652->343651->342715->342720->342728->563265->342729->563265->342728->342720->342155->341903->341633->343064->341904->342719->342710->343062->342711->342157->342158->342712->344670->342712->342714->342713->342076->341620->341621->342834->343100->342865->340641->340704->341588->341785->342116->342672->340587->646667->646362->341982->342679->341983->342673->646784->646782->341597->341596->341598->341729->341603->341730->646623->341984->341732->342691->341733->341602->338230->646176->339098->342073->342687->341600->342685->341607->344213->343102->341557->342643->341555->340705->341572->339293->338651->562919->562884->613773->613772->339003->339662->341549->342639->563096->342115->563067->342636->338199->338198->562865->339135->338197->338925->646201->339126->338348->338347->338706->338354
rl_base,t3_sinsa_daechi,long,off_peak,7.0,26,1496.1375,1329.1404,153.1656,1485.949,407.1197,11063.9,6,True,127,16,19,92,341904->343064->341633->341903->342155->342720->342728->563265->342729->563265->342728->342720->342155->341903->341633->343064->341904->341903->342155->342720->342728->563265->342729->563265->342728->342720->342155->341903->341633->343064->341904->341903->342155->342720->342728->563265->342729->563265->342728->342720->342155->341903->341633->343064->341904->342719->342117->341623->341905->341633->341903->342155->342720->342728->563265->342729->563265->342728->342720->342715->342158->342712->344670->342712->342714->342713->342076->341620->341621->342834->343100->342865->340641->340704->341588->341785->342116->342672->340587->646667->646362->341982->342679->341983->342673->646784->646782->341597->341596->341598->342684->341601->343106->343943->342693->341607->344213->343102->341557->342643->341555->340705->341572->339293->338651->562919->562884->613773->339003->339662->341549->342639->563096->342115->563067->342636->338199->338198->562865->339135->338197->338925->646201->339126->338348->338347->338706->338354
rl_base,t3_sinsa_daechi,long,off_peak,7.0,27,1110.2122,936.5944,165.5226,996.2981,439.965,7775.0,5,True,81,13,15,53,341904->343064->341633->341903->342155->342720->342728->563265->342729->563265->342728->342720->342715->342158->342712->344670->342712->342714->342713->342076->341620->341621->342834->343100->342865->340641->340704->341588->341785->342116->342672->340587->646667->646362->341982->342679->341983->342673->646784->646782->341597->341596->341598->342684->341601->343106->343943->342693->341607->344213->343102->341557->342643->341555->340705->341572->339293->338651->562919->562884->613773->613772->339003->339662->341549->342639->563096->342115->563067->342636->338199->338198->562865->339135->338197->338925->646201->339126->338348->338347->338706->338354
rl_base,t3_sinsa_daechi,long,off_peak,7.0,28,1408.9165,1280.6124,119.2861,1414.5503,317.0667,10421.3,6,True,117,15,20,82,341904->343064->341633->341903->342155->342720->342728->563265->342729->563265->342728->342720->342155->341903->341633->343064->341904->341903->342155->342720->342728->563265->342729->563265->342728->342720->342155->341903->341633->343064->341904->341903->342155->342720->342728->563265->342729->563265->342728->342720->342155->341903->341633->343064->341904->342719->342710->343062->342711->342157->342158->342712->344670->342712->342714->342713->342076->341620->341621->342834->343100->342865->340641->340704->341588->341785->342116->342672->340587->646667->646362->341982->342679->341983->342673->646784->646782->341597->341596->341598->342684->341601->343106->343943->342693->341607->344213->343102->341557->342643->341555->340705->341572->339293->338651->562919->562884->613773->339003->339662->341549->342639->563096->342115->563067->342636->338199->338198->562865->339135->338197->338925->646201->339126->338348->338347->338706->338354
rl_base,t3_sinsa_daechi,long,off_peak,7.0,29,1398.0397,1278.6447,109.5357,1433.4406,291.1498,10421.3,7,True,117,15,20,82,341904->343064->341633->341903->342155->342720->342728->563265->342729->563265->342728->342720->342155->341903->341633->343064->341904->341903->342155->342720->342728->563265->342729->563265->342728->342720->342155->341903->341633->343064->341904->341903->342155->342720->342728->563265->342729->563265->342728->342720->342155->341903->341633->343064->341904->342719->342710->343062->342711->342157->342158->342712->344670->342712->342714->342713->342076->341620->341621->342834->343100->342865->340641->340704->341588->341785->342116->342672->340587->646667->646362->341982->342679->341983->342673->646784->646782->341597->341596->341598->342684->341601->343106->343943->342693->341607->344213->343102->341557->342643->341555->340705->341572->339293->338651->562919->562884->613773->339003->339662->341549->342639->563096->342115->563067->342636->338199->338198->562865->339135->338197->338925->646201->339126->338348->338347->338706->338354
rl_base,t3_sinsa_daechi,long,off_peak,7.0,30,1852.7338,1507.3553,330.7106,1680.4857,879.0407,12058.8,10,True,134,24,27,83,341904->343064->341633->341903->342155->342720->342728->563265->342729->563265->342728->342720->342155->341903->341633->341905->341904->342719->342710->343062->342711->342157->342158->342715->343651->343652->343651->342715->342158->342712->344670->342712->342714->342713->342076->341620->341621->342834->343100->342865->340641->340704->341588->341785->342116->342672->340587->646667->646362->341982->342679->341983->342673->646784->646782->341597->341596->341598->342684->341601->343106->343943->342693->341607->344213->343102->341557->342643->341555->340705->341572->339293->338651->339651->613662->613661->613662->338258->339132->338586->338262->338587->338588->339119->338997->645954->339806->646068->338655->340247->340245->338921->340159->339654->339136->338209->338648->646070->646069->646070->338648->338209->339659->339658->339659->338209->339136->339654->338999->338649->339127->338226->339093->339128->341549->342639->563096->342115->343710->341560->342648->342147->342636->338199->338198->562865->339135->338197->338925->646201->339126->338348->338347->338706->338354
rl_base,t3_sinsa_daechi,long,peak,8.0,1,1030.7124,918.6115,108.4514,1228.5809,288.2678,7775.0,3,True,81,13,15,53,341904->343064->341633->341903->342155->342720->342728->563265->342729->563265->342728->342720->342715->342158->342712->344670->342712->342714->342713->342076->341620->341621->342834->343100->342865->340641->340704->341588->341785->342116->342672->340587->646667->646362->341982->342679->341983->342673->646784->646782->341597->341596->341598->342684->341601->343106->343943->342693->341607->344213->343102->341557->342643->341555->340705->341572->339293->338651->562919->562884->613773->613772->339003->339662->341549->342639->563096->342115->563067->342636->338199->338198->562865->339135->338197->338925->646201->339126->338348->338347->338706->338354
rl_base,t3_sinsa_daechi,long,peak,8.0,2,1183.9535,1043.3199,134.8324,1290.7404,358.3894,8762.3,5,True,90,15,14,61,341904->343064->341633->341903->342155->342720->342728->563265->342729->563265->342728->342720->342715->342158->342712->344670->342712->342714->342713->342076->341620->341621->342834->343100->342865->340641->340704->341588->341785->342116->342672->340587->646667->646362->341982->342679->341983->342673->646784->646782->341597->341596->341598->342684->341601->646355->341593->563301->342151->563098->341597->341596->341598->342684->341601->343106->343943->342693->341607->344213->343102->341557->342643->341555->340705->341572->339293->338651->562919->562884->613773->339003->339662->341549->342639->563096->342115->563067->342636->338199->338198->562865->339135->338197->338925->646201->339126->338348->338347->338706->338354
rl_base,t3_sinsa_daechi,long,peak,8.0,3,1201.3101,1031.215,164.3296,1371.9749,436.7941,8914.9,5,True,83,14,17,52,341904->343064->341633->341903->342155->342720->342728->563265->342729->563265->342728->342720->342715->342158->342712->344670->342712->342714->342713->342076->341620->341621->342834->343100->342700->342695->342699->342703->341653->343705->342701->342698->344040->343866->344366->342692->563167->341603->341729->341598->342684->341601->343106->343943->342693->341607->344213->343102->341557->342643->341555->340705->341572->339293->338651->562919->562884->613773->339003->339662->341549->342639->563096->342115->563067->342636->338199->338198->562865->339135->339122->646056->338604->338223->338605->338597->338197->338925->646201->339126->338348->338347->338706->338354
rl_base,t3_sinsa_daechi,long,peak,8.0,4,2288.8465,1734.7303,537.7521,2203.6563,1429.3646,12214.6,15,False,200,26,98,76,341904->343064->341633->341903->342155->342720->342728->563265->342729->563265->342728->342720->342715->342158->342712->344670->342712->342714->342713->342076->341620->341621->342834->343100->342865->340641->340704->341588->341785->342116->342672->340587->646667->646362->341982->342679->341983->342673->646784->646782->341597->344261->341907->341605->341906->341907->341605->341906->341907->341605->341906->341907->341605->341906->341907->341605->341906->341907->341605->341906->341907->341605->341906->341907->341605->341906->341907->341605->341906->341907->341605->341906->341907->341605->341906->341907->341605->341906->341907->341605->341906->341907->341605->341906->341907->341605->341906->341907->341605->341906->341907->341605->341906->341907->341605->341906->341907->341605->341906->341907->341605->341906->341907->341605->341906->341907->341605->341595->341594->341605->341907->341906->341605->341595->341594->341605->341907->341906->341605->341595->341594->341605->341907->341906->341605->341595->341594->341605->341907->341906->341605->341595->341594->341605->341907->341906->341605->341595->341594->341605->341907->341906->341605->341595->341594->341605->341907->341906->341605->341595->341594->341605->341907->341906->341605->341595->341594->341605->341595->341594->343104->341601->342684->341598->341729->341603->341730->646623->341984->341732->342691->341733->341602->338230->646176->339098->342073->342687->341600->342074->338219->338218->338229->339133->338254->338584->338267->340192->338229->339133->338254->338767->338768->587842->338583->338268->338582->339138->339116->338705->338269
rl_base,t3_sinsa_daechi,long,peak,8.0,5,1662.6169,1395.685,254.3739,1856.5938,676.135,11288.8,12,True,132,19,23,90,341904->343064->341633->341903->342155->342156->342710->342719->341904->341903->342155->342720->342728->563265->342729->563265->342728->342720->342715->342158->342712->344670->342712->342714->342713->342076->341620->341621->342834->343100->342865->340641->340704->341588->341785->342116->342672->340587->646667->646362->341982->342679->341983->342673->646784->646783->646784->646782->341597->344261->341907->341605->341906->341907->341605->341594->343104->341601->343106->343943->342693->341607->588038->563143->338261->339571->338218->339094->338258->339132->338586->338262->338587->338588->339119->338997->645954->339806->646068->338655->340247->340245->338921->340159->339654->339136->338209->338648->646070->646069->646070->338648->338209->339659->339658->339659->338209->338648->646070->646069->646070->338648->338209->339659->339658->339659->338209->339136->339654->338999->338649->339127->338226->339093->339128->341549->342639->563096->342115->563067->342636->338199->338198->562865->339135->338197->338925->646201->339126->338348->338347->338706->338354
rl_base,t3_sinsa_daechi,long,peak,8.0,6,1488.064,1201.4213,278.162,1613.1869,739.3647,9701.4,9,True,108,14,24,70,341904->343064->341633->341903->342155->342720->342728->563265->342729->563265->342728->342720->342715->342158->342712->344670->342712->342714->342713->342076->341620->341621->342834->343100->342865->340641->340704->341588->341785->342116->342672->340587->646667->646362->341982->342679->341983->342673->646784->646782->341597->344261->341907->341605->341906->341907->341605->341906->341907->341605->341595->341594->343104->341601->343106->343943->342693->341607->344213->343102->341557->342643->341555->340705->341572->339293->338651->562919->562884->613773->339003->339662->341549->339128->339093->338226->338252->338251->646070->338648->338209->339659->339658->339659->338209->339136->338649->339127->338226->339093->339128->341549->342639->563096->342115->563067->342636->338199->338198->562865->339135->338197->338925->646201->339126->338348->338347->338706->338354
rl_base,t3_sinsa_daechi,long,peak,8.0,7,1504.9315,1339.5166,159.4205,1683.159,423.7456,10070.5,5,True,141,10,67,64,341904->343064->341633->341903->342155->342720->342728->563265->342729->563265->342728->342720->342715->342158->342712->344670->342712->342714->342713->342076->341620->341621->342834->343100->342865->340641->340704->341588->341785->342116->342672->342671->340702->341790->341589->341789->340587->646667->646362->341982->342679->341983->342673->646784->646782->341597->344261->341907->341605->341906->341907->341605->341906->341907->341605->341906->341907->341605->341906->341907->341605->341906->341907->341605->341906->341907->341605->341906->341907->341605->341906->341907->341605->341906->341907->341605->341906->341907->341605->341906->341907->341605->341906->341907->341605->341906->341907->341605->341906->341907->341605->341906->341907->341605->341906->341907->341605->341906->341907->341605->341906->341907->341605->341594->343104->341601->343106->343943->342693->341607->344213->343102->341557->342643->341555->340705->341572->339293->338651->562919->562884->613773->339003->339662->341549->342639->563096->342115->563067->342636->338199->338198->562865->339135->338197->338925->646201->339126->338348->338347->338706->338354
rl_base,t3_sinsa_daechi,long,peak,8.0,8,994.1133,939.4287,53.622,1232.0913,142.5292,8475.1,1,True,83,14,17,52,341904->343064->341633->341903->342155->342720->342728->563265->342729->563265->342728->342720->342715->342158->342712->344670->342712->342714->342713->342076->341620->341621->344204->342159->342700->343100->342865->340641->340704->341588->341785->342116->342672->340587->646667->646362->341982->342679->341983->342673->646784->646782->341597->341596->341598->342684->341601->343106->343943->342693->341607->344213->343102->341557->342643->341555->340705->341572->339293->338651->562919->562884->613773->613772->339003->339662->341549->342639->563096->342115->563067->342636->338199->338198->562865->339135->338197->338925->646201->339126->338348->338347->338706->338354
rl_base,t3_sinsa_daechi,long,peak,8.0,9,987.7693,900.0598,84.0452,1143.5351,223.3951,7628.0,3,True,79,15,19,45,341904->343064->341633->341905->341623->342117->342719->342710->343062->342711->342157->342158->342712->344670->342712->342714->342713->342076->341620->341621->342834->343100->342865->340641->340704->341588->341785->342116->342672->340587->646667->646362->341982->342679->341983->342673->646784->646782->341597->341596->341598->342684->341601->343106->343943->342693->341607->344213->343102->341557->342643->341555->340705->341572->339293->338651->562919->562884->613773->613772->339003->339662->341549->342639->563096->342115->563067->342636->338199->338198->562865->339135->338197->338925->646201->339126->338348->338347->338706->338354
rl_base,t3_sinsa_daechi,long,peak,8.0,10,1391.3175,1062.1504,319.5861,1364.2045,849.4714,8361.6,8,True,101,11,31,59,341904->343064->341633->341903->342155->342720->342728->563265->342729->563265->342728->342720->342715->342158->342712->344670->342712->342714->342713->342076->341620->341621->342834->343100->342865->340641->340704->341588->341785->342116->342672->340587->646667->646362->341982->342679->341983->342673->646784->646782->341597->344261->341907->341605->341906->341907->341605->341906->341907->341605->341906->341907->341605->341906->341907->341605->341906->341907->341605->341906->341907->341605->341595->341594->343104->341601->343106->343943->342693->341607->344213->343102->341557->342643->341555->340705->341572->339293->338651->562919->562884->613773->339003->339662->341549->342639->563096->342115->563067->342636->338199->338198->562865->339135->338197->338925->646201->339126->338348->338347->338706->338354
rl_base,t3_sinsa_daechi,long,peak,8.0,11,1214.5088,1069.5158,139.9693,1417.9482,372.0434,8871.0,5,True,96,13,21,62,341904->343064->341633->341903->342155->342720->342728->563265->342729->563265->342728->342720->342715->342158->342712->344670->342712->342714->342713->342076->341620->341621->342834->343100->342865->340641->340704->341588->341785->342116->342672->342671->340702->341790->341589->341789->340587->646667->646362->341982->342679->341983->342673->646784->646782->341597->344261->341907->341906->341605->341594->343104->341601->343106->343943->342693->341607->344213->343102->341557->342643->341555->340705->341572->588040->341557->342643->341555->340705->341572->339293->338651->562919->562884->613773->339003->339662->341549->342639->563096->342115->563067->342648->342147->342636->338199->338198->562865->339135->338197->338925->646201->339126->338348->338347->338706->338354
rl_base,t3_sinsa_daechi,long,peak,8.0,12,1624.9369,1449.0533,167.435,1919.8731,445.0483,12171.0,8,True,130,22,21,87,341904->343064->341633->341903->342155->342720->342728->563265->342729->563265->342728->342720->342715->342158->342712->344670->342712->342714->342713->342076->341620->341621->342834->343100->342865->342652->342116->342672->340587->646667->646362->341982->342679->341983->342673->646784->646782->341597->341596->341598->342684->341601->646355->341593->563301->342151->563098->341597->341596->341598->342684->341601->343106->343943->342693->341607->588038->563143->338261->339571->338218->339094->338258->339132->338586->338262->338587->338588->339119->338997->645954->339806->646068->338655->340247->340245->338921->340159->339654->339136->338209->338648->646070->646069->646070->338648->338209->339659->339658->339659->338209->338648->646070->646069->646070->338648->338209->339659->339658->339659->338209->339136->338649->339127->338226->339093->339128->341549->342639->563096->342115->563067->342636->338199->338198->562865->339135->339122->646056->338604->338223->338605->338597->338197->338925->646201->339126->338348->338347->338706->338354
rl_base,t3_sinsa_daechi,long,peak,8.0,13,1019.459,917.8463,98.0772,1143.3289,260.6928,7757.2,2,True,85,16,22,47,341904->343064->341633->341905->341623->342117->342719->342710->343062->342711->342157->342158->342715->343651->343652->343651->342715->342158->342712->344670->342712->342714->342713->342076->341620->341621->342834->343100->342865->340641->340704->341588->341785->342116->342672->340587->646667->646362->341982->342679->341983->342673->646784->646782->341597->341596->341598->342684->341601->343106->343943->342693->341607->344213->343102->341557->342643->341555->340705->341572->339293->338651->562919->562884->613773->613772->339003->339662->341549->342639->563096->342115->563067->342636->338199->338198->562865->339135->338197->338925->646201->339126->338348->338347->338706->338354
rl_base,t3_sinsa_daechi,long,peak,8.0,14,1577.3631,1363.0863,207.6342,1805.97,551.8991,11496.6,8,True,124,20,22,82,341904->343064->341633->341903->342155->342720->342728->563265->342729->563265->342728->342720->342715->342158->342712->344670->342712->342714->342713->342076->341620->341621->342834->343100->342865->340641->340704->341588->341785->342116->342672->340587->646667->646362->341982->342679->341983->342673->646784->646782->341597->341596->341598->342684->341601->343106->343943->342693->341607->344213->343102->341557->342643->341555->340705->341572->339293->338651->339651->613662->613661->613662->338258->339132->338586->338262->338587->338588->339119->338997->645954->339806->646068->338655->340247->340245->338921->340159->339654->339136->338209->338648->646070->646069->646070->338648->338209->339659->339658->339659->338209->338648->646070->646069->646070->338648->338209->339659->339658->339659->338209->339136->338649->339127->338226->339093->339128->341549->342639->563096->342115->563067->342636->338199->338198->562865->339135->338197->338925->646201->339126->338348->338347->338706->338354
rl_base,t3_sinsa_daechi,long,peak,8.0,15,1400.6435,1221.5465,172.382,1493.1189,458.1975,9861.5,6,True,115,22,30,63,341904->343064->341633->341903->341904->341905->341623->342117->342719->342710->343062->342711->342157->342156->342710->342719->341904->343064->341633->341903->342155->342156->342710->342719->341904->341903->342155->342720->342728->563265->342729->563265->342728->342720->342715->342158->342712->344670->342712->342714->342713->342076->341620->341621->342834->343100->342865->342652->342116->342672->340587->646667->646362->341982->342679->341983->342673->646784->646782->341597->344261->341907->341605->341906->341907->341605->341906->341907->341605->341906->341907->341605->341906->341907->344261->341597->341596->341598->342684->341601->343106->343943->342693->341607->344213->343102->341557->342643->341555->340705->341572->339293->338651->562919->562884->613773->339003->339662->341549->342639->563096->342115->563067->342636->338199->338198->562865->339135->338197->338925->646201->339126->338348->338347->338706->338354
rl_base,t3_sinsa_daechi,long,peak,8.0,16,951.3209,929.4927,19.6618,1200.9672,52.2619,7628.0,2,True,79,15,19,45,341904->343064->341633->341905->341623->342117->342719->342710->343062->342711->342157->342158->342712->344670->342712->342714->342713->342076->341620->341621->342834->343100->342865->340641->340704->341588->341785->342116->342672->340587->646667->646362->341982->342679->341983->342673->646784->646782->341597->341596->341598->342684->341601->343106->343943->342693->341607->344213->343102->341557->342643->341555->340705->341572->339293->338651->562919->562884->613773->613772->339003->339662->341549->342639->563096->342115->563067->342636->338199->338198->562865->339135->338197->338925->646201->339126->338348->338347->338706->338354
rl_base,t3_sinsa_daechi,long,peak,8.0,17,1495.6051,1249.0432,240.2654,1575.8579,638.6343,9718.0,6,True,129,11,59,59,341904->343064->341633->341903->342155->342720->342728->563265->342729->563265->342728->342720->342715->342158->342712->344670->342712->342714->342713->342076->341620->341621->342834->343100->342865->340641->340704->341588->341785->342116->342672->340587->646667->646362->341982->342679->341983->342673->646784->646782->341597->344261->341907->341605->341906->341907->341605->341906->341907->341605->341906->341907->341605->341906->341907->341605->341906->341907->341605->341906->341907->341605->341906->341907->341605->341906->341907->341605->341906->341907->341605->341906->341907->341605->341906->341907->341605->341906->341907->341605->341906->341907->341605->341906->341907->341605->341906->341907->341605->341906->343105->341598->342684->341601->343106->343943->342693->341607->344213->343102->341557->342643->341555->340705->341572->339293->338651->562919->562884->613773->339003->339662->341549->342639->563096->342115->563067->342636->338199->338198->562865->339135->338197->338925->646201->339126->338348->338347->338706->338354
rl_base,t3_sinsa_daechi,long,peak,8.0,18,1091.541,969.6961,117.7891,1333.2129,313.0878,8141.3,4,True,86,15,17,54,341904->343064->341633->341903->342155->342720->342728->563265->342729->563265->342728->342720->342715->342158->342712->344670->342712->342714->342713->342076->341620->341621->342834->343100->342865->340641->340704->341588->341785->342116->342672->340587->646667->646362->341982->342679->341983->342673->646784->646782->341597->341596->341598->342684->341601->343106->343943->342693->341607->344213->343102->341557->342643->341555->340705->341572->339293->338651->562919->562884->613773->613772->339003->339662->341549->342639->563096->342115->563067->342636->342147->341996->341571->340229->562951->338222->338198->562865->339135->338197->338925->646201->339126->338348->338347->338706->338354
rl_base,t3_sinsa_daechi,long,peak,8.0,19,1360.6955,1202.2339,151.2502,1554.8231,402.0285,9619.2,5,True,113,13,24,76,341904->343064->341633->341903->342155->342720->342728->563265->342729->563265->342728->342720->342155->341903->341633->343064->341904->342719->342710->343062->342711->342157->342156->342710->342719->341904->341903->342155->342720->342728->563265->342729->563265->342728->342720->342715->342158->342712->344670->342712->342714->342713->342076->341620->341621->342834->343100->342865->340641->340704->341588->341785->342116->342672->340587->646667->646362->341982->342679->341983->342673->646784->646782->341597->344261->341907->341605->341906->341907->341605->341906->341907->341605->341906->343105->341598->342684->341601->343106->343943->342693->341607->344213->343102->341557->342643->341555->340705->341572->339293->338651->562919->562884->613773->339003->339662->341549->342639->563096->342115->563067->342636->338199->338198->562865->339135->338197->338925->646201->339126->338348->338347->338706->338354
rl_base,t3_sinsa_daechi,long,peak,8.0,20,3044.5748,2377.6048,647.8963,3268.9833,1722.1318,18825.4,21,False,200,20,64,116,341904->343064->341633->341903->342155->342720->342728->563265->342729->563265->342728->342720->342715->342158->342712->344670->342712->342714->342713->342076->341620->341621->342834->343100->342865->340641->340704->341588->341785->342116->342672->340587->646667->646362->341982->342679->341983->342673->646784->646782->341597->344261->341907->341906->341605->341594->343104->341601->343106->343943->342693->341607->342685->341600->342074->338219->338218->338229->339133->338254->338767->338768->587842->338583->338268->338262->339922->340140->339002->338922->646291->338226->338252->338199->338198->562865->339135->338197->338925->587845->646128->646127->646128->587905->339124->587841->338206->340158->338207->338327->338326->339575->338350->338351->339714->339716->339718->339717->339718->339720->339716->339714->338351->338350->339575->338326->338328->338342->338887->338315->338314->340271->340280->562957->340280->340271->338313->338712->338344->340271->338314->338315->338887->338342->338328->338327->338207->340158->338206->587841->339124->587910->587846->338599->338208->338598->339125->339124->587910->587846->338599->338208->338598->339125->339124->587910->587846->338599->338208->338598->339125->339124->587910->587846->338599->338208->338598->339125->339124->587910->587846->338599->338208->338598->339125->339124->587910->587846->338599->338208->338598->339125->339124->587910->587846->338599->338208->338598->339125->339124->587910->587846->338599->338208->338598->339125->339124->587910->587846->338599->338208->338598->339125->339124->587910->587846->338599->338208->338598->339125->339124
rl_base,t3_sinsa_daechi,long,peak,8.0,21,1182.3384,962.837,210.7939,1229.9452,560.2979,7907.9,8,True,88,9,16,63,341904->343064->341633->341903->342155->342720->342728->563265->342729->563265->342728->342720->342715->342158->342712->344670->342712->342714->342713->342076->341620->341621->342834->343100->342865->340641->340704->341588->341785->342116->342672->340587->646667->646362->341982->342679->341983->342673->646784->646782->341597->344261->341907->341605->341906->341907->341605->341594->343104->341601->343106->343943->342693->341607->344213->343102->341557->342643->341555->340705->341572->339293->338651->562921->562923->342153->341556->341555->341736->341568->341735->341564->342645->341559->342115->563067->342636->338199->338198->562865->339135->338197->338925->646201->339126->338348->338347->338706->338354
rl_base,t3_sinsa_daechi,long,peak,8.0,22,1226.2524,1044.8088,173.8291,1328.8512,462.0441,8698.1,6,True,91,13,21,57,341904->341905->341623->342117->342719->342710->342156->342155->342720->342728->563265->342729->563265->342728->342720->342715->342158->342712->344670->342712->342714->342713->342076->341620->341621->342834->343100->342865->340641->340704->341588->341785->342116->342672->340587->646667->646362->341982->342679->341983->342673->646784->646782->341597->341596->341598->342684->341601->343106->343943->342693->341607->344213->343102->341557->342643->341555->340705->341572->341734->338261->339538->338258->613662->339651->338651->562921->562923->342153->341556->341555->341736->341568->341735->341564->342645->341559->342115->563067->342636->338199->338198->562865->339135->338197->338925->646201->339126->338348->338347->338706->338354
rl_base,t3_sinsa_daechi,long,peak,8.0,23,969.991,877.651,88.9256,1148.8767,236.3675,7775.0,2,True,81,13,15,53,341904->343064->341633->341903->342155->342720->342728->563265->342729->563265->342728->342720->342715->342158->342712->344670->342712->342714->342713->342076->341620->341621->342834->343100->342865->340641->340704->341588->341785->342116->342672->340587->646667->646362->341982->342679->341983->342673->646784->646782->341597->341596->341598->342684->341601->343106->343943->342693->341607->344213->343102->341557->342643->341555->340705->341572->339293->338651->562919->562884->613773->613772->339003->339662->341549->342639->563096->342115->563067->342636->338199->338198->562865->339135->338197->338925->646201->339126->338348->338347->338706->338354
rl_base,t3_sinsa_daechi,long,peak,8.0,24,990.3419,909.2346,78.3438,1203.2433,208.2406,7948.5,2,True,81,12,15,54,341904->343064->341633->341903->342155->342720->342728->563265->342729->563265->342728->342720->342715->342158->342712->344670->342712->342714->342713->342076->341620->341621->342834->343100->342865->340641->340704->341588->341785->342116->342672->340587->342670->646668->646669->342669->342679->341983->342673->646784->646782->341597->341596->341598->342684->341601->343106->343943->342693->341607->344213->343102->341557->342643->341555->340705->341572->339293->338651->562919->562884->613773->339003->339662->341549->342639->563096->342115->563067->342636->338199->338198->562865->339135->338197->338925->646201->339126->338348->338347->338706->338354
rl_base,t3_sinsa_daechi,long,peak,8.0,25,1227.7154,1021.6729,199.1007,1427.3859,529.2168,8615.6,5,True,77,13,16,48,341904->343064->341633->341903->342155->342720->342728->563265->342729->563265->342728->342720->342715->342158->342712->344670->342712->342714->342713->342076->341620->341621->342834->343100->342700->342695->342699->342703->341653->343705->342701->342698->344040->343866->344366->342692->563167->341603->341729->341598->342684->341601->343106->343943->342693->341607->344213->343102->341557->342643->341555->340705->341572->339293->338651->562919->562884->613773->339003->339662->341549->342639->563096->342115->563067->342636->338199->338198->562865->339135->338197->338925->646201->339126->338348->338347->338346->338354
rl_base,t3_sinsa_daechi,long,peak,8.0,26,959.8249,878.1549,77.6819,1182.4938,206.4813,7576.3,4,True,79,15,15,49,341904->343064->341633->341903->342155->342720->342715->342158->342712->344670->342712->342714->342713->342076->341620->341621->342834->343100->342865->340641->340704->341588->341785->342116->342672->340587->646667->646362->341982->342679->341983->342673->646784->646782->341597->341596->341598->342684->341601->343106->343943->342693->341607->344213->343102->341557->342643->341555->340705->341572->339293->338651->562919->562884->613773->613772->339003->339662->341549->341566->341568->341735->341564->342645->341559->342115->563067->342636->338199->338198->562865->339135->338197->338925->646201->339126->338348->338347->338706->338354
rl_base,t3_sinsa_daechi,long,peak,8.0,27,1091.4318,926.1157,159.9596,1224.2418,425.1785,7751.5,5,True,80,11,14,55,341904->343064->341633->341903->342155->342720->342728->563265->342729->563265->342728->342720->342715->342158->342712->344670->342712->342714->342713->342076->341620->341621->342834->343100->342865->340641->340704->341588->341785->342116->342672->340587->646667->646362->341982->342679->341983->342673->646784->646782->341597->341596->341598->342684->341601->343106->343943->342693->341607->344213->343102->341557->342643->341555->340705->341572->339293->338651->562919->562884->613773->339003->339662->341549->342639->563096->342115->563067->342636->338199->338198->562865->339135->338197->338925->646201->339126->338348->338347->338706->338354
rl_base,t3_sinsa_daechi,long,peak,8.0,28,1469.0014,1286.1973,176.2345,1647.7707,468.4376,9939.9,6,True,131,11,59,61,341904->343064->341633->341903->342155->342720->342728->563265->342729->563265->342728->342720->342715->342158->342712->344670->342712->342714->342713->342076->341620->341621->342834->343100->342865->340641->340704->341588->341785->342116->342672->340587->646667->646362->341982->342679->341983->342673->646784->646782->341597->344261->341907->341605->341906->341907->341605->341906->341907->341605->341906->341907->341605->341906->341907->341605->341906->341907->341605->341906->341907->341605->341906->341907->341605->341906->341907->341605->341906->341907->341605->341906->341907->341605->341906->341907->341605->341906->341907->341605->341906->341907->341605->341906->341907->341605->341906->341907->344261->341597->563098->342151->563301->341593->646355->341601->343106->343943->342693->341607->344213->343102->341557->342643->341555->340705->341572->339293->338651->562919->562884->613773->339003->339662->341549->342639->563096->342115->563067->342636->338199->338198->562865->339135->338197->338925->646201->339126->338348->338347->338706->338354
rl_base,t3_sinsa_daechi,long,peak,8.0,29,1303.3948,1087.5286,207.1464,1407.0863,550.6027,8667.4,6,True,102,13,30,59,341904->343064->341633->341903->342155->342720->342728->563265->342729->563265->342728->342720->342715->342158->342712->344670->342712->342714->342713->342076->341620->341621->342834->343100->342865->340641->340704->341588->341785->342116->342672->340587->646667->646362->341982->342679->341983->342673->646784->646782->341597->344261->341907->341605->341906->341907->341605->341906->341907->341605->341906->341907->341605->341906->341907->341605->341906->341907->344261->341597->563098->342151->563301->341593->646355->341601->343106->343943->342693->341607->344213->343102->341557->342643->341555->340705->341572->339293->338651->562919->562884->613773->613772->339003->339662->341549->342639->563096->342115->563067->342636->338199->338198->562865->339135->338197->338925->646201->339126->338348->338347->338706->338354
rl_base,t3_sinsa_daechi,long,peak,8.0,30,2796.5737,2564.0376,219.0164,3484.0284,582.1534,20742.5,12,False,200,28,68,104,341904->341905->341623->342117->342719->342710->343062->342711->342157->342158->342712->344670->342712->342714->342713->342076->341620->341621->342834->343100->342865->340641->340704->341588->341785->342116->342672->340587->646667->646362->341982->342679->341983->342673->646784->646782->341597->341596->341598->342684->341601->343106->343943->342693->341607->344213->343102->341557->342643->341555->340705->341572->339293->338651->562919->562884->613773->613772->339003->339662->341549->342639->563096->342115->563067->342636->338199->338252->338226->339127->338649->339136->645956->338227->339819->646028->646026->646025->646026->339934->339811->340231->339724->340046->339724->340231->339811->339934->646026->646028->646027->646028->646026->646025->646026->339934->339811->340231->339724->339314->339317->338256->339580->613775->338232->339582->339581->338232->339582->338234->340157->340158->338206->587841->339124->587910->587846->338599->338208->338598->339125->338206->340158->338207->338327->338326->339575->338350->338351->339714->339716->339718->339717->339718->339720->339716->339714->338351->338350->339575->338326->338328->338342->338887->338315->338314->340271->340280->338887->338315->338314->340271->340280->338887->338315->338314->340271->340280->338887->338315->338314->340271->340280->338887->338315->338314->340271->340280->338887->338315->338314->340271->340280->338887->338315->338314->340271->340280->338887->338315->338314->340271->340280->338887->338315->338314->340271->340280->338887->338315->338314->340271->340280->338887->338315->338314->340271->340280->338887->338315->338314
rl_signal,t1_seonjeongneung_daechi,long,off_peak,7.0,1,2208.4271,2098.5502,103.1691,2026.0667,274.2273,14833.1,4,False,200,39,105,56,341608->563168->342694->344353->341593->341778->343103->341595->341594->343104->341601->343106->343943->342693->341607->344213->343102->341557->342643->341561->341568->341735->341564->342639->563096->342115->563067->342636->338199->338198->562865->339135->339122->646056->338604->338223->338603->339126->646201->646200->646201->338925->587845->646128->587905->339124->339125->338206->340158->338207->340157->340158->338206->339125->339124->587910->587846->338599->338208->339663->338208->338599->587846->587910->339124->339125->338206->338776->339001->646223->587844->587841->339124->587905->646128->587845->338925->338197->338597->338605->338223->338603->339126->646201->646200->646201->338925->587845->646128->646127->646128->587905->339124->339125->338206->340158->338207->340157->340158->338206->339125->339124->587910->587846->338599->338208->339663->338208->338599->587846->587910->339124->339125->338206->340158->338207->340157->340158->338206->339125->339124->587910->587846->338599->338208->339663->338208->338599->587846->587910->339124->339125->338206->340158->338207->340157->340158->338207->340157->340158->338207->340157->340158->338207->340157->340158->338207->340157->340158->338207->340157->340158->338207->340157->340158->338207->340157->340158->338207->340157->340158->338207->340157->340158->338207->340157->340158->338207->340157->340158->338207->340157->340158->338207->340157->340158->338207->340157->340158->338207->340157->340158->338207->340157->340158->338207->340157->340158->338207->340157->340158->338207->340157->340158->338207->340157->340158->338207->340157->340158->338207
rl_signal,t1_seonjeongneung_daechi,long,off_peak,7.0,2,1313.5274,1258.5639,49.5821,1370.9387,131.791,10402.3,4,True,102,31,28,43,341608->563168->342694->344353->341593->341778->343103->341595->341594->343104->341601->343106->343943->342693->341607->344213->343102->341557->342643->341561->341562->341564->342639->563096->342115->563067->342636->338199->338198->562865->339135->339122->646056->338604->338223->338603->339126->646201->646200->646201->338925->587845->646128->587905->339124->339125->338206->340158->338207->340157->340158->338206->339125->339124->587910->587846->338599->338208->339663->338208->338599->587846->587910->339124->339125->338598->338208->338599->587846->587910->339124->339125->338206->340158->338207->340157->340158->338206->339125->339124->587910->587846->338599->338208->339663->338208->338599->587846->587910->339124->339125->338206->340158->338207->340157->340158->338206->339125->339124->587910->587846->338600->338354
rl_signal,t1_seonjeongneung_daechi,long,off_peak,7.0,3,649.0158,598.195,45.0325,749.7996,119.698,5077.2,3,True,47,8,7,32,341608->563168->342694->344353->341593->341778->343103->341595->341594->343104->341601->343106->343943->342693->341607->344213->343102->341557->342643->341561->341562->341564->341735->341568->341561->342643->341555->341736->341568->341735->341564->342645->341559->342115->563067->342636->338199->338198->562865->339135->338197->338925->646201->339126->338348->338347->338706->338354
rl_signal,t1_seonjeongneung_daechi,long,off_peak,7.0,4,511.8161,495.8466,13.9201,593.9012,37.0,4162.8,1,True,38,6,5,27,341608->563168->342694->344353->341593->341778->343103->341595->341594->343104->341601->343106->343943->342693->341607->344213->343102->341557->342643->341561->341562->341564->342639->563096->342115->563067->342636->338199->338198->562865->339135->338197->338925->646201->339126->338348->338347->338706->338354
rl_signal,t1_seonjeongneung_daechi,long,off_peak,7.0,5,748.1958,637.2965,101.9656,739.6354,271.0283,5465.0,5,True,47,10,9,28,341608->563168->342694->344353->341593->341778->343103->341595->341594->343104->341601->343106->343943->342693->341607->344213->343102->341557->342643->341561->341562->341564->342639->563096->342115->563067->342636->338199->338252->338226->339127->338649->338999->339654->339136->338209->339659->338210->613615->338596->338197->338925->646201->339126->338348->338347->338706->338354
rl_signal,t1_seonjeongneung_daechi,long,off_peak,7.0,6,682.948,603.6105,72.9655,679.0239,193.9451,5040.9,4,True,51,10,11,30,341608->563168->342694->344353->341593->341778->343103->341595->341605->341907->341906->343105->341598->342684->341601->343104->341594->341605->341595->343103->341778->341593->646355->341601->343106->343943->342693->341607->344213->343102->341557->342643->341561->341562->341564->342639->563096->342115->563067->342636->338199->338198->562865->339135->338197->338925->646201->339126->338348->338347->338346->338354
rl_signal,t1_seonjeongneung_daechi,long,off_peak,7.0,7,630.5524,516.127,107.0083,584.79,284.432,4162.8,5,True,38,6,5,27,341608->563168->342694->344353->341593->341778->343103->341595->341594->343104->341601->343106->343943->342693->341607->344213->343102->341557->342643->341561->341562->341564->342639->563096->342115->563067->342636->338199->338198->562865->339135->338197->338925->646201->339126->338348->338347->338706->338354
rl_signal,t1_seonjeongneung_daechi,long,off_peak,7.0,8,2255.9326,2117.2125,129.9378,2284.579,345.3794,16787.0,5,False,200,66,50,84,341608->563168->342694->344353->341593->341778->343103->341595->341594->343104->341601->343106->343943->342693->341607->344213->343102->341557->342643->341561->341562->341564->342639->563096->342115->563067->342636->338199->338198->562865->339135->339122->646056->338604->338223->338603->339126->646201->646200->646201->338925->587845->646128->587905->339124->339125->338206->340158->338207->338327->338326->338328->338327->338207->340158->340157->338207->340158->340157->338207->340158->340157->338207->340158->340157->338207->340158->340157->338207->340158->340157->338207->340158->340157->338207->340158->340157->338234->339582->338232->613774->613775->339580->338256->339317->339314->339724->340231->340230->340231->339724->339314->339315->339314->339724->340231->340230->340231->339724->339314->339315->339314->339724->340231->340230->340231->339724->339314->339315->339314->339724->340231->340230->340231->339724->339314->339315->339314->339724->340046->339724->340231->340230->340231->339724->339314->339315->339314->339724->340231->340230->340231->339724->339314->339317->338256->338622->613624->339312->339728->340320->339480->339479->339309->338994->563041->338755->339731->339730->338760->339736->338233->338234->339582->338232->613774->613775->338232->339582->338234->340157->340158->338206->339125->339124->587910->587846->338599->338208->339663->338208->338599->587846->587910->339124->339125->338206->340158->338207->340157->338234->339582->338232->338908->338255->338246->338248->338245->646015->339318->338246->338248->338245->646015->339318->338246->338248->338245->646015->339318->338246
rl_signal,t1_seonjeongneung_daechi,long,off_peak,7.0,9,583.4627,526.8156,52.9423,632.7668,140.7225,4067.1,3,True,37,6,7,24,341608->341777->341565->341554->341553->341563->341552->341562->341564->342639->563096->342115->563067->342636->338199->338198->562865->339135->339122->646056->338604->338223->338603->339126->646201->646200->646201->338925->587845->563046->587845->338925->646201->339126->338348->338347->338706->338354
rl_signal,t1_seonjeongneung_daechi,long,off_peak,7.0,10,661.5631,565.602,89.2131,636.1505,237.1316,4527.2,5,True,43,8,8,27,341608->563168->342694->344353->341593->341778->343103->341595->341594->341605->341907->341906->343105->341598->342684->341601->343106->343943->342693->341607->344213->343102->341557->342643->341561->341562->341564->342639->563096->342115->563067->342636->338199->338198->562865->339135->338197->338925->646201->339126->338348->338347->338706->338354
rl_signal,t1_seonjeongneung_daechi,long,off_peak,7.0,11,662.248,549.5711,101.4853,604.4751,269.7515,4430.0,6,True,46,5,3,38,341608->563168->342694->344353->341593->341778->343103->341595->341594->343104->341601->343106->343943->342693->341607->342685->341600->342074->338219->338218->339571->338261->341734->341572->340705->341555->341736->341568->341735->341564->342645->341559->342115->563067->342636->338199->338198->562865->339135->338197->338925->646201->339126->338348->338347->338706->338354
rl_signal,t1_seonjeongneung_daechi,long,off_peak,7.0,12,825.7239,764.9298,54.9587,776.0294,146.0822,6235.0,3,True,63,13,14,36,341608->563168->342694->344353->341593->341778->343103->341595->341594->343104->341601->343106->343943->342693->341607->344213->343102->341557->342643->341561->341562->341564->342639->563096->342115->563067->342636->338199->338198->562865->339135->339122->646056->338604->338223->338603->339126->646201->646200->646201->338925->587845->646128->587905->339124->339125->338206->340158->338207->340157->340158->338206->339125->339124->587910->587846->338599->338208->339663->338208->338599->587846->338600->338354
rl_signal,t1_seonjeongneung_daechi,long,off_peak,7.0,13,816.4677,765.1629,47.3895,883.3451,125.9631,6542.5,3,True,67,13,13,41,341608->563168->342694->344353->341593->341778->343103->341595->341594->343104->341601->343106->343943->342693->341607->344213->343102->341557->342643->341561->341562->341564->342639->563096->342115->563067->342636->338199->338198->562865->339135->339122->646056->338604->338223->338603->339126->646201->646200->646201->338925->587845->646128->587905->339124->339125->338206->340158->338207->340157->340158->338206->338776->339001->646223->587844->587841->339124->587905->646128->587845->338925->646201->339126->338348->338347->338706->338354
rl_signal,t1_seonjeongneung_daechi,long,off_peak,7.0,14,2510.2436,2389.067,113.9599,2541.9959,302.9097,19276.9,5,False,200,54,85,61,341608->563168->342694->344353->341593->341778->343103->341595->341594->343104->341601->343106->343943->342693->341607->344213->343102->341557->342643->341561->341562->341564->342639->563096->342115->563067->342636->338199->338198->562865->339135->339122->646056->338604->338223->338603->339126->646201->646200->646201->338925->338197->338597->338605->338223->338603->339126->646201->646200->646201->338925->587845->646128->587905->339124->339125->338206->340158->338207->340157->340158->338206->339125->339124->587910->587846->338599->338208->339663->338208->338599->587846->587910->339124->339125->338206->340158->338207->340157->340158->338206->339125->339124->587910->587846->338599->338208->339663->338208->338599->587846->587910->339124->339125->338206->340158->338207->340157->340158->338206->339125->339124->587910->587846->338599->338208->339663->338208->338599->587846->587910->339124->339125->338206->340158->340157->338207->338327->338326->338328->338327->338207->340157->340158->338207->340157->340158->338207->340157->340158->338207->340157->340158->338207->340157->340158->338207->340157->340158->338207->340157->340158->338207->340157->340158->338207->340157->340158->338207->340157->340158->338207->338327->338326->338328->338327->338207->340158->340157->338207->338327->338326->338328->338327->338207->340158->340157->338207->338327->338326->338328->338327->338207->340158->340157->338207->338327->338326->338328->338327->338207->340158->340157->338207->338327->338326->338328->338327->338207->340158->340157->338207->338327->338326->338328->338327->338207->340158->340157->338207->338327
rl_signal,t1_seonjeongneung_daechi,long,off_peak,7.0,15,1093.2627,1014.6667,73.1924,1103.0074,194.5481,8340.7,4,True,82,19,20,43,341608->563168->342694->344353->341593->341778->343103->341595->341594->343104->341601->343106->343943->342693->341607->344213->343102->341557->342643->341561->341562->341564->342639->563096->342115->563067->342636->338199->338198->562865->339135->339122->646056->338604->338223->338603->339126->646201->646200->646201->338925->587845->646128->587905->339124->339125->338206->340158->338207->340157->340158->338206->339125->339124->587910->587846->338599->338208->339663->338208->338599->587846->587910->339124->339125->338206->340158->338207->340157->340158->338206->587841->339124->587905->646128->587845->338925->646201->339126->338348->338347->338706->338354
rl_signal,t1_seonjeongneung_daechi,long,off_peak,7.0,16,2652.9462,2471.589,171.3399,2540.3498,455.4275,18430.9,9,False,200,41,96,63,341608->563168->342694->344353->341593->341778->343103->341595->341594->343104->341601->343106->343943->342693->341607->344213->343102->341557->342643->341561->341562->341564->342639->563096->342115->563067->342636->338199->338198->562865->339135->339122->646056->338604->338223->338603->339126->646201->646200->646201->338925->587845->646128->587905->339124->339125->338206->340158->338207->340157->340158->338206->339125->339124->587910->587846->338599->338208->339663->338208->338599->587846->587910->339124->339125->338206->340158->338207->340157->340158->338206->339125->339124->587910->587846->338599->338208->339663->338208->338599->587846->587910->339124->339125->338206->340158->338207->338327->338326->338328->338327->338207->340158->340157->338207->338327->338326->339575->338350->338351->587871->338363->338340->338330->338318->338319->338323->646119->338099->338100->338329->339883->338352->338619->338618->338351->338350->339575->338326->338328->338327->338207->340158->340157->338207->338327->338326->338328->338327->338207->340158->340157->338207->338327->338326->338328->338327->338207->340157->340158->338207->340157->340158->338207->340157->340158->338207->340157->340158->338207->340157->340158->338207->340157->340158->338207->340157->340158->338207->340157->340158->338207->340157->340158->338207->340157->340158->338207->340157->340158->338207->340157->338234->339582->338232->613774->613775->338232->339582->338234->340157->340158->338207->340157->340158->338207->340157->340158->338207->340157->340158->338207->340157->340158->338207->340157->340158->338207->340157->340158->338207
rl_signal,t1_seonjeongneung_daechi,long,off_peak,7.0,17,613.4082,540.289,67.153,700.9837,178.4951,4326.4,4,True,42,6,7,29,341608->563168->342694->344353->341593->341778->343103->341595->341605->341907->341906->341605->341594->343104->341601->343106->343943->342693->341607->344213->343102->341557->342643->341561->341562->341564->342639->563096->342115->563067->342636->338199->338198->562865->339135->338197->338925->646201->339126->338348->338347->338706->338354
rl_signal,t1_seonjeongneung_daechi,long,off_peak,7.0,18,2575.9069,2430.0139,139.095,2453.318,369.7197,18276.3,5,False,200,52,94,54,341608->563168->342694->344353->341593->341778->343103->341595->341594->343104->341601->343106->343943->342693->341607->344213->343102->341557->342643->341561->341562->341564->342639->563096->342115->563067->342636->338199->338198->562865->339135->339122->646056->338604->338223->338603->339126->646201->646200->646201->338925->587845->646128->587905->339124->587910->587846->338599->338208->339663->338208->338599->587846->587910->339124->339125->338206->340158->338207->340157->340158->338206->339125->339124->587910->587846->338599->338208->339663->338208->338599->587846->587910->339124->339125->338206->340158->338207->340157->340158->338206->339125->339124->587910->587846->338599->338208->339663->338208->338599->587846->587910->339124->339125->338206->340158->338207->340157->340158->338206->339125->339124->587910->587846->338599->338208->339663->338208->338599->587846->587910->339124->339125->338206->340158->338207->340157->340158->338206->339125->339124->587910->587846->338599->338208->339663->338208->338599->587846->587910->339124->339125->338206->340158->338207->340157->340158->338207->340157->340158->338207->340157->338234->339582->338232->613774->613775->338232->339582->338234->340157->340158->338207->340157->340158->338207->340157->340158->338207->340157->338234->339582->338232->613774->613775->338232->339582->338234->340157->340158->338207->340157->340158->338207->340157->340158->338207->340157->340158->338207->340157->340158->338207->340157->340158->338207->340157->340158->338207->340157->340158->338207->340157->340158->338207->340157->338234->339582->338232->613774->613775
rl_signal,t1_seonjeongneung_daechi,long,off_peak,7.0,19,655.8971,633.9144,19.7372,702.9609,52.4623,4960.3,2,True,54,10,9,35,341608->563168->342694->344353->341593->341778->343103->341595->341594->343104->341601->343106->343943->342693->341607->344213->343102->341557->342643->341561->341562->341564->342639->563096->342115->563067->342636->338199->338198->562865->339135->339122->646056->338604->338223->338603->339126->646201->646200->646201->338925->587845->646128->587905->587904->587905->646128->587845->338925->646201->339126->338348->338347->338706->338354
rl_signal,t1_seonjeongneung_daechi,long,off_peak,7.0,20,491.4266,476.4063,13.9201,593.1544,37.0,4162.8,1,True,38,6,5,27,341608->563168->342694->344353->341593->341778->343103->341595->341594->343104->341601->343106->343943->342693->341607->344213->343102->341557->342643->341561->341562->341564->342639->563096->342115->563067->342636->338199->338198->562865->339135->338197->338925->646201->339126->338348->338347->338706->338354
rl_signal,t1_seonjeongneung_daechi,long,off_peak,7.0,21,1069.2841,1013.7171,50.8728,1158.2888,135.2219,8442.1,4,True,85,23,17,45,341608->563168->342694->344353->341593->341778->343103->341595->341594->343104->341601->343106->343943->342693->341607->344213->343102->341557->342643->341561->341562->341564->342639->563096->342115->563067->342636->338199->338198->562865->339135->339122->646056->338604->338223->338603->339126->646201->646200->646201->338925->587845->646128->587905->339124->339125->338206->340158->338207->340157->340158->338206->339125->339124->587841->338206->339125->339124->587910->587846->338599->338208->339663->338208->338599->587846->587910->339124->587905->646128->587845->338925->646201->339126->338603->338223->338605->338597->338197->338925->646201->339126->338348->338347->338706->338354
rl_signal,t1_seonjeongneung_daechi,long,off_peak,7.0,22,794.34,759.882,30.7614,924.2422,81.765,6565.3,3,True,67,11,15,41,341608->563168->342694->344353->341593->341778->343103->341595->341594->343104->341601->343106->343943->342693->341607->344213->343102->341557->342643->341561->341562->341564->342639->563096->342115->563067->342636->338199->338198->562865->339135->339122->646056->338604->338223->338603->339126->646201->338925->587845->646128->587905->339124->339125->338206->340158->338207->340157->340158->338206->338776->339001->646223->587844->587841->339124->587905->587904->587905->646128->587845->338925->646201->339126->338348->338347->338706->338354
rl_signal,t1_seonjeongneung_daechi,long,off_peak,7.0,23,554.7783,488.8414,61.4213,563.2706,163.2601,4162.8,3,True,38,6,5,27,341608->563168->342694->344353->341593->341778->343103->341595->341594->343104->341601->343106->343943->342693->341607->344213->343102->341557->342643->341561->341562->341564->342639->563096->342115->563067->342636->338199->338198->562865->339135->338197->338925->646201->339126->338348->338347->338706->338354
rl_signal,t1_seonjeongneung_daechi,long,off_peak,7.0,24,817.952,782.1319,31.1742,836.8648,82.8621,6235.0,3,True,63,13,14,36,341608->563168->342694->344353->341593->341778->343103->341595->341594->343104->341601->343106->343943->342693->341607->344213->343102->341557->342643->341561->341562->341564->342639->563096->342115->563067->342636->338199->338198->562865->339135->339122->646056->338604->338223->338603->339126->646201->646200->646201->338925->587845->646128->587905->339124->339125->338206->340158->338207->340157->340158->338206->339125->339124->587910->587846->338599->338208->339663->338208->338599->587846->338600->338354
rl_signal,t1_seonjeongneung_daechi,long,off_peak,7.0,25,651.886,555.1212,89.9937,644.7709,239.2065,4665.7,5,True,44,9,8,27,341608->563168->342694->344353->341593->341778->343103->341595->341594->343104->341601->343106->343943->342693->341607->344213->343102->341557->342643->341561->341562->341564->342639->341549->339128->339093->338226->339127->338649->338999->339654->339136->338209->339659->338210->613615->338596->338197->338925->646201->339126->338348->338347->338706->338354
rl_signal,t1_seonjeongneung_daechi,long,off_peak,7.0,26,520.74,487.3125,27.5003,555.8305,73.0969,4162.8,3,True,38,6,5,27,341608->563168->342694->344353->341593->341778->343103->341595->341594->343104->341601->343106->343943->342693->341607->344213->343102->341557->342643->341561->341562->341564->342639->563096->342115->563067->342636->338199->338198->562865->339135->338197->338925->646201->339126->338348->338347->338706->338354
rl_signal,t1_seonjeongneung_daechi,long,off_peak,7.0,27,496.5727,480.9554,13.9201,595.471,37.0,4162.8,1,True,38,6,5,27,341608->563168->342694->344353->341593->341778->343103->341595->341594->343104->341601->343106->343943->342693->341607->344213->343102->341557->342643->341561->341562->341564->342639->563096->342115->563067->342636->338199->338198->562865->339135->338197->338925->646201->339126->338348->338347->338706->338354
rl_signal,t1_seonjeongneung_daechi,long,off_peak,7.0,28,566.9344,499.8995,61.0504,566.1075,162.2742,4162.8,4,True,38,6,5,27,341608->563168->342694->344353->341593->341778->343103->341595->341594->343104->341601->343106->343943->342693->341607->344213->343102->341557->342643->341561->341562->341564->342639->563096->342115->563067->342636->338199->338198->562865->339135->338197->338925->646201->339126->338348->338347->338706->338354
rl_signal,t1_seonjeongneung_daechi,long,off_peak,7.0,29,2584.1764,2375.0569,199.5344,2176.8321,530.3696,17112.1,7,False,200,43,100,57,341608->563168->342694->344353->341593->341778->343103->341595->341594->343104->341601->343106->343943->342693->341607->344213->343102->341557->342643->341561->341562->341564->342639->563096->342115->563067->342636->338199->338198->562865->339135->339122->646056->338604->338223->338603->339126->646201->646200->646201->338925->338197->338597->338605->338223->338603->339126->646201->338925->587845->646128->587905->339124->339125->338206->340158->338207->340157->340158->338206->339125->339124->587910->587846->338599->338208->339663->338208->338599->587846->587910->339124->339125->338206->340158->338207->340157->340158->338206->339125->339124->587910->587846->338599->338208->339663->338208->338599->587846->587910->339124->339125->338206->340158->338207->340157->340158->338206->339125->338598->338208->338599->587846->587910->339124->339125->338206->340158->338207->340157->340158->338206->339125->339124->587910->587846->338599->338208->339663->338208->338599->587846->587910->339124->339125->338206->340158->338207->340157->340158->338207->340157->340158->338207->340157->340158->338207->340157->338234->339582->338232->613774->613775->338232->339582->338234->340157->340158->338207->340157->340158->338207->340157->340158->338207->340157->340158->338207->340157->340158->338207->340157->340158->338207->340157->340158->338207->340157->340158->338207->340157->340158->338207->340157->340158->338207->340157->340158->338207->340157->340158->338207->340157->340158->338207->340157->340158->338207->340157->340158->338206->339125->339124->587910->587846->338599->338208->339663->338208->338599->587846
rl_signal,t1_seonjeongneung_daechi,long,off_peak,7.0,30,446.9498,356.99,85.3122,407.0703,226.763,3093.5,3,True,22,3,3,16,341608->341553->341563->341552->341562->341564->342639->563096->342115->563067->342636->338199->338198->562865->339135->338197->338925->646201->339126->338348->338347->338706->338354
rl_signal,t1_seonjeongneung_daechi,long,peak,8.0,1,673.3382,520.2072,144.7822,698.8824,384.8363,4240.2,7,True,31,5,5,21,341608->341553->341563->341552->341562->341564->342639->563096->342115->563067->342636->338199->338252->338226->339127->338649->339136->645956->338227->338693->338595->338210->613615->338596->338197->338925->646201->339126->338348->338347->338706->338354
rl_signal,t1_seonjeongneung_daechi,long,peak,8.0,2,443.0683,389.3474,50.6625,534.8329,134.6629,3414.0,3,True,26,3,3,20,341608->341553->341563->341561->342643->341555->341736->341568->341735->341564->342645->341559->342115->563067->342636->338199->338198->562865->339135->338197->338925->646201->339126->338348->338347->338706->338354
rl_signal,t1_seonjeongneung_daechi,long,peak,8.0,3,450.3273,356.5646,87.4748,428.3482,232.5111,3093.5,4,True,22,3,3,16,341608->341553->341563->341552->341562->341564->342639->563096->342115->563067->342636->338199->338198->562865->339135->338197->338925->646201->339126->338348->338347->338706->338354
rl_signal,t1_seonjeongneung_daechi,long,peak,8.0,4,465.8754,430.5089,31.8469,581.4509,84.6503,3716.6,3,True,28,5,6,17,341608->341777->341565->341554->341553->341563->341552->341562->341564->342639->563096->342115->343710->341560->342648->563067->342636->338199->338198->562865->339135->338197->338925->646201->339126->338348->338347->338706->338354
rl_signal,t1_seonjeongneung_daechi,long,peak,8.0,5,2092.3776,1849.477,228.8857,2341.5342,608.3866,13945.3,8,False,200,41,95,64,341608->341553->341563->341552->341562->341564->342639->563096->342115->563067->342636->342147->341996->341571->341521->342613->341535->343726->343919->338310->339265->338311->338769->338324->339669->338324->338769->338311->646265->338733->339152->338790->339123->338602->338223->338603->339126->646201->646200->646201->338925->587845->646128->587905->339124->339125->338206->340158->338207->340157->340158->338206->339125->339124->587910->587846->338599->338208->339663->338208->338599->587846->587910->339124->339125->338206->340158->338207->340157->340158->338207->340157->340158->338207->340157->340158->338207->340157->340158->338207->340157->340158->338207->340157->340158->338207->340157->340158->338207->340157->340158->338207->340157->340158->338207->340157->338234->339582->338232->613774->339740->562885->339311->339739->339311->562885->339740->613774->338232->613775->613774->338232->613775->613774->338232->613775->613774->338232->613775->339580->338256->339317->339314->339724->340231->340230->340231->339724->339314->339315->339314->339724->340231->340230->340231->339724->339314->339315->339314->339317->338256->338621->338727->339001->338776->338206->340158->338207->340157->340158->338207->340157->340158->338207->340157->340158->338207->340157->340158->338207->340157->340158->338207->340157->340158->338207->340157->340158->338207->340157->340158->338207->340157->340158->338207->340157->340158->338207->340157->340158->338207->340157->340158->338207->340157->340158->338207->340157->340158->338207->338327->338326->338328->338327->338207->340158->340157->338207->338327->338328->338326
rl_signal,t1_seonjeongneung_daechi,long,peak,8.0,6,429.5357,357.0228,68.2432,484.1004,181.3929,3093.5,4,True,22,3,3,16,341608->341553->341563->341552->341562->341564->342639->563096->342115->563067->342636->338199->338198->562865->339135->338197->338925->646201->339126->338348->338347->338706->338354
rl_signal,t1_seonjeongneung_daechi,long,peak,8.0,7,444.2535,369.8528,69.005,486.6393,183.4178,3093.5,4,True,22,3,3,16,341608->341553->341563->341552->341562->341564->342639->563096->342115->563067->342636->338199->338198->562865->339135->338197->338925->646201->339126->338348->338347->338706->338354
rl_signal,t1_seonjeongneung_daechi,long,peak,8.0,8,442.5725,362.7078,74.4781,467.0697,197.9656,3093.5,4,True,22,3,3,16,341608->341553->341563->341552->341562->341564->342639->563096->342115->563067->342636->338199->338198->562865->339135->338197->338925->646201->339126->338348->338347->338706->338354
rl_signal,t1_seonjeongneung_daechi,long,peak,8.0,9,445.2907,384.3545,56.8548,548.1067,151.1222,3093.5,2,True,22,3,3,16,341608->341553->341563->341552->341562->341564->342639->563096->342115->563067->342636->338199->338198->562865->339135->338197->338925->646201->339126->338348->338347->338706->338354
rl_signal,t1_seonjeongneung_daechi,long,peak,8.0,10,528.4404,440.8764,81.0593,589.4005,215.4585,3596.4,4,True,28,6,6,16,341608->341553->341563->341552->341562->341564->342639->341549->339128->339093->338226->339127->338649->338999->339654->339136->338209->339659->338210->613615->338596->338197->338925->646201->339126->338348->338347->338706->338354
rl_signal,t1_seonjeongneung_daechi,long,peak,8.0,11,429.6754,351.8005,72.8149,488.4333,193.5446,3093.5,3,True,22,3,3,16,341608->341553->341563->341552->341562->341564->342639->563096->342115->563067->342636->338199->338198->562865->339135->338197->338925->646201->339126->338348->338347->338706->338354
rl_signal,t1_seonjeongneung_daechi,long,peak,8.0,12,438.2243,357.7056,76.6205,474.9043,203.66,3093.5,3,True,22,3,3,16,341608->341553->341563->341552->341562->341564->342639->563096->342115->563067->342636->338199->338198->562865->339135->338197->338925->646201->339126->338348->338347->338706->338354
rl_signal,t1_seonjeongneung_daechi,long,peak,8.0,13,1657.2714,1517.4619,134.6794,1707.9323,357.9827,11048.3,5,False,200,21,151,28,341608->341553->341563->341552->341562->341564->342639->563096->342115->563067->342636->338199->338198->562865->339135->338197->338597->338605->338223->338603->339126->646201->646200->646201->338925->587845->646128->587905->339124->339125->338206->340158->338207->340157->340158->338206->339125->339124->587910->587846->338599->338208->339663->338208->338599->587846->587910->339124->339125->338206->340158->338207->340157->340158->338206->339125->339124->587910->587846->338599->338208->339663->338208->338599->587846->587910->339124->339125->338206->340158->338207->340157->340158->338207->340157->340158->338207->340157->340158->338207->340157->340158->338207->340157->340158->338207->340157->340158->338207->340157->340158->338207->340157->340158->338207->340157->340158->338207->340157->340158->338207->340157->340158->338207->340157->340158->338207->340157->340158->338207->340157->340158->338207->340157->340158->338207->340157->340158->338207->340157->340158->338207->340157->340158->338207->340157->340158->338207->340157->340158->338207->340157->340158->338207->340157->340158->338207->340157->340158->338207->340157->340158->338207->340157->340158->338207->340157->340158->338207->340157->340158->338207->340157->340158->338207->340157->340158->338207->340157->340158->338207->340157->340158->338207->340157->340158->338207->340157->340158->338207->340157->340158->338207->340157->340158->338207->340157->340158->338207->340157->340158->338207->340157->340158->338207->340157->340158->338207->340157->340158->338207->340157->340158->338207->340157->340158->338207->340157->340158->338207->340157
rl_signal,t1_seonjeongneung_daechi,long,peak,8.0,14,484.7092,440.4737,41.7895,568.9799,111.078,3849.0,2,True,26,4,4,18,341608->341553->341554->341551->342640->613995->342644->341552->341562->341564->342639->563096->342115->563067->342636->338199->338198->562865->339135->338197->338925->646201->339126->338348->338347->338706->338354
rl_signal,t1_seonjeongneung_daechi,long,peak,8.0,15,434.6467,361.2215,68.1466,480.4732,181.1362,3093.5,4,True,22,3,3,16,341608->341553->341563->341552->341562->341564->342639->563096->342115->563067->342636->338199->338198->562865->339135->338197->338925->646201->339126->338348->338347->338706->338354
rl_signal,t1_seonjeongneung_daechi,long,peak,8.0,16,441.5761,367.6644,69.9755,497.9884,185.9973,3093.5,3,True,22,3,3,16,341608->341553->341563->341552->341562->341564->342639->563096->342115->563067->342636->338199->338198->562865->339135->338197->338925->646201->339126->338348->338347->338706->338354
rl_signal,t1_seonjeongneung_daechi,long,peak,8.0,17,728.7404,597.5676,123.8712,747.4334,329.2542,5062.3,6,True,40,3,5,32,341608->342649->341592->341591->342631->563095->342614->340597->342633->342626->344210->341542->341773->341547->341774->343989->341775->342641->342640->613995->342644->341552->341562->341564->342639->563096->342115->563067->342636->338199->338198->562865->339135->338197->338925->646201->339126->338348->338347->338706->338354
rl_signal,t1_seonjeongneung_daechi,long,peak,8.0,18,914.5396,796.4558,114.1901,988.1356,303.5215,6571.1,4,True,59,17,13,29,341608->341553->341563->341552->341562->341564->342639->563096->342115->563067->342636->338199->338198->338222->338726->338837->339122->646056->338604->338223->338603->339126->646201->646200->646201->338925->587845->646128->587905->339124->339125->338206->340158->338207->340157->340158->338206->339125->339124->587910->587846->338599->338208->339663->338208->338599->587846->587910->339124->339125->338206->340158->338207->338327->338326->339713->339712->339884->338601->338354
rl_signal,t1_seonjeongneung_daechi,long,peak,8.0,19,428.5419,346.242,76.7329,463.7701,203.9589,3093.5,4,True,22,3,3,16,341608->341553->341563->341552->341562->341564->342639->563096->342115->563067->342636->338199->338198->562865->339135->338197->338925->646201->339126->338348->338347->338706->338354
rl_signal,t1_seonjeongneung_daechi,long,peak,8.0,20,439.6813,351.2823,83.0782,444.9848,220.8248,3093.5,4,True,22,3,3,16,341608->341553->341563->341552->341562->341564->342639->563096->342115->563067->342636->338199->338198->562865->339135->338197->338925->646201->339126->338348->338347->338706->338354
rl_signal,t1_seonjeongneung_daechi,long,peak,8.0,21,791.0605,622.2855,160.2393,791.0669,425.922,5108.9,7,True,46,9,5,32,341608->341553->341563->341552->341562->341564->342639->563096->342115->563067->342636->338199->338198->562865->339135->338197->338925->646201->339126->338603->338223->338602->339123->338790->339152->338733->646265->338311->339297->339000->339664->338312->338709->338313->340271->338344->338312->338343->339266->338728->338341->562897->338341->338349->339296->338346->338354
rl_signal,t1_seonjeongneung_daechi,long,peak,8.0,22,2554.0939,2432.6183,116.7515,3090.084,310.3298,21103.3,4,False,200,57,61,82,341608->341553->341563->341552->341562->341564->342639->563096->342115->341559->341985->341569->344767->341558->563191->563189->341512->341517->341518->341560->343710->342115->563067->342648->342147->342636->338199->338198->562865->339135->339122->646056->338604->338223->338603->339126->646201->646200->646201->338925->587845->646128->587905->339124->339125->338206->340158->338207->340157->340158->338206->339125->339124->587910->587846->338599->338208->339663->338208->338599->587846->587910->339124->339125->338206->340158->340157->338207->338327->338326->338328->338327->338207->340158->340157->338207->338327->338326->338328->338327->338207->340158->340157->338207->338327->338326->338328->338342->338887->338315->338345->340097->339563->338317->613780->613779->338340->338330->338358->339151->562874->338352->338619->338618->338351->338350->339575->338326->338328->338327->338207->340158->340157->338207->338327->338326->338328->338327->338207->340158->340157->338207->338327->338326->338328->338327->338207->340158->340157->338207->338327->338326->338328->338327->338207->340158->340157->338207->338327->338326->338328->338327->338207->340158->340157->338207->338327->338326->338328->338327->338207->340158->340157->338234->339582->338232->613774->613775->339580->338256->339317->339314->339724->340231->340230->340231->339724->339314->339315->339314->339724->340231->340230->340231->339724->339314->339315->339314->339724->340231->340230->340231->339724->339314->339315->339314->339724->340231->340230->340231->339724->339314->339315->339314->339724->340231->340230->340231->339724->340046->339724
rl_signal,t1_seonjeongneung_daechi,long,peak,8.0,23,431.6818,348.7673,77.8554,454.3827,206.9424,3093.5,4,True,22,3,3,16,341608->341553->341563->341552->341562->341564->342639->563096->342115->563067->342636->338199->338198->562865->339135->338197->338925->646201->339126->338348->338347->338706->338354
rl_signal,t1_seonjeongneung_daechi,long,peak,8.0,24,669.8063,526.6668,136.7,717.9729,363.3537,4240.2,7,True,31,5,5,21,341608->341553->341563->341552->341562->341564->342639->563096->342115->563067->342636->338199->338252->338226->339127->338649->339136->645956->338227->338693->338595->338210->613615->338596->338197->338925->646201->339126->338348->338347->338706->338354
rl_signal,t1_seonjeongneung_daechi,long,peak,8.0,25,535.8372,434.1837,95.9279,549.1549,254.9798,3596.4,5,True,28,6,6,16,341608->341553->341563->341552->341562->341564->342639->341549->339128->339093->338226->339127->338649->338999->339654->339136->338209->339659->338210->613615->338596->338197->338925->646201->339126->338348->338347->338706->338354
rl_signal,t1_seonjeongneung_daechi,long,peak,8.0,26,435.0419,360.7606,68.5489,488.9153,182.2055,3093.5,4,True,22,3,3,16,341608->341553->341563->341552->341562->341564->342639->563096->342115->563067->342636->338199->338198->562865->339135->338197->338925->646201->339126->338348->338347->338706->338354
rl_signal,t1_seonjeongneung_daechi,long,peak,8.0,27,451.2119,361.8365,83.1232,450.6685,220.9445,3093.5,4,True,22,3,3,16,341608->341553->341563->341552->341562->341564->342639->563096->342115->563067->342636->338199->338198->562865->339135->338197->338925->646201->339126->338348->338347->338706->338354
rl_signal,t1_seonjeongneung_daechi,long,peak,8.0,28,434.7137,370.5465,59.7432,507.8019,158.7996,3093.5,4,True,22,3,3,16,341608->341553->341563->341552->341562->341564->342639->563096->342115->563067->342636->338199->338198->562865->339135->338197->338925->646201->339126->338348->338347->338706->338354
rl_signal,t1_seonjeongneung_daechi,long,peak,8.0,29,436.7582,365.7134,67.29,492.8685,178.8592,3093.5,3,True,22,3,3,16,341608->341553->341563->341552->341562->341564->342639->563096->342115->563067->342636->338199->338198->562865->339135->338197->338925->646201->339126->338348->338347->338706->338354
rl_signal,t1_seonjeongneung_daechi,long,peak,8.0,30,429.2725,367.0522,58.5236,514.9319,155.5578,3093.5,3,True,22,3,3,16,341608->341553->341563->341552->341562->341564->342639->563096->342115->563067->342636->338199->338198->562865->339135->338197->338925->646201->339126->338348->338347->338706->338354
rl_signal,t2_yeoksam_hakyeoul,long,off_peak,7.0,1,858.0948,687.9612,160.2979,796.8921,426.0776,5191.2,7,True,54,10,10,34,338267->338584->338254->339133->338229->338218->339571->338261->341734->341572->339293->338651->562921->562923->342153->343109->613772->613773->339003->339662->341549->339128->339093->338226->339127->338649->338999->339654->339136->338209->338648->646070->338251->338252->338199->338198->338222->338726->338837->339122->646056->338604->338223->338602->339123->338790->339152->338733->646265->338311->339297->339000->339664->338312->338344
rl_signal,t2_yeoksam_hakyeoul,long,off_peak,7.0,2,1232.9383,995.3674,222.4978,1139.0249,591.4073,7982.7,10,True,79,15,13,51,338267->338584->338254->339133->338229->338218->339571->338261->341734->341572->340705->341555->341736->341568->341566->341549->339128->339093->338226->339127->338649->338999->339654->339136->338209->338648->646070->338251->338252->338199->338198->338222->338726->338837->339122->646056->646055->646056->339122->339135->338197->338925->646201->339126->338348->338347->338706->338354->338346->339296->338349->338341->338728->339266->338343->338313->340271->340280->338887->338315->338314->340271->338313->338709->338312->339664->339000->339297->338311->338769->338324->339669->338324->338769->338311->339297->339000->339664->338312->338344
rl_signal,t2_yeoksam_hakyeoul,long,off_peak,7.0,3,1014.626,839.1829,160.0813,928.3668,425.5019,6709.0,9,True,57,11,10,36,338267->338584->338254->339133->338229->338218->339571->338261->341734->341572->340705->341555->341736->341568->341735->341564->342639->563096->342115->343710->341560->342648->342147->342636->338199->338252->338226->339127->338649->338999->339654->339136->338209->338648->646070->338251->338252->338199->338198->338222->338726->338837->339122->646056->338604->338223->338602->339123->338790->339152->338733->646265->338311->339297->339000->339664->338312->338344
rl_signal,t2_yeoksam_hakyeoul,long,off_peak,7.0,4,1184.5472,976.0595,197.5939,1041.446,525.2116,8062.1,8,True,68,16,12,40,338267->338584->338254->339133->338229->338218->339571->338261->341734->341572->340705->341555->341736->341568->341735->341564->342639->563096->342115->343710->341560->342648->342147->342636->338199->338252->338226->339127->338649->338999->339654->339136->338209->338648->646070->338251->338252->338199->338198->338222->338726->338837->339122->339135->338197->338925->646201->339126->338348->338347->338706->338354->338601->339884->339712->339713->338326->338328->338342->562898->338342->338887->338315->338314->340271->338313->338709->338312->338344
rl_signal,t2_yeoksam_hakyeoul,long,off_peak,7.0,5,1122.7301,880.9208,228.4385,957.2086,607.1978,7163.0,10,True,64,14,11,39,338267->338584->338254->339133->338229->338218->339571->338261->341734->341572->340705->341555->341736->341568->341735->341564->342639->563096->342115->343710->341560->342648->342147->342636->338199->338252->338226->339127->338649->338999->339654->339136->645956->338227->338693->338595->338210->613615->338596->338197->338925->646201->339126->338348->338347->338706->338354->338601->339884->339712->339713->338326->338327->338328->338342->562898->338342->338887->338315->338314->340271->338313->338709->338312->338344
rl_signal,t2_yeoksam_hakyeoul,long,off_peak,7.0,6,1985.5875,1793.2029,175.1416,1988.0946,465.5326,13817.5,11,True,149,14,52,83,338267->338584->338254->339133->338229->340192->338267->338585->562917->338230->646176->339098->340484->338229->339133->338254->338584->338267->338585->562917->338230->646176->339098->340484->338229->339133->338254->338584->338267->338585->562917->338230->646176->646175->646176->339098->340484->338229->339133->338254->338584->338267->338585->562917->338230->646176->339098->340484->338229->339133->338254->338584->338267->338585->562917->338230->646176->339098->340484->338229->339133->338254->338584->338267->338585->562917->338230->646176->339098->340484->338229->338218->339571->338261->339538->338258->339094->338218->339571->338261->339538->338258->339094->338218->339571->338261->339538->338258->339094->338218->339571->338261->339538->338258->339094->338218->339571->338261->339538->338258->339094->338218->339571->338261->563143->588038->341607->344213->343102->341557->342643->341561->341562->341564->342639->563096->342115->343710->341560->341518->341558->344767->341569->341738->563185->341560->342648->342147->342636->338199->338198->338222->338726->338837->339122->646056->338604->338223->338602->339123->338790->339152->338733->646265->338311->339297->339000->339664->338312->338344
rl_signal,t2_yeoksam_hakyeoul,long,off_peak,7.0,7,2720.7481,2577.0694,130.3148,2831.0278,346.3814,20252.5,10,False,200,15,92,93,338267->338585->562917->338230->646176->339098->340484->340483->340484->338229->339133->338254->338584->338267->338585->562917->338230->646176->339098->340484->338229->339133->338254->338584->338267->338585->562917->338230->646176->339098->340484->338229->339133->338254->338584->338267->338585->562917->338230->646176->339098->340484->338229->339133->338254->338584->338267->338585->562917->338230->646176->339098->340484->338229->339133->338254->338584->338267->338585->562917->562916->562917->338585->338267->338803->613768->338253->613767->339070->339068->339070->613767->613766->338920->646136->338926->338254->339133->338229->338218->339571->338261->339538->338258->339094->338218->339571->338261->339538->338258->339094->338218->339571->338261->339538->338258->339094->338218->339571->338261->339538->338258->339094->338218->339571->338261->339538->338258->339094->338218->339571->338261->339538->338258->339094->338218->339571->338261->339538->338258->339094->338218->339571->338261->339538->338258->339094->338218->339571->338261->341734->341572->588040->341557->342643->341561->341562->341564->342639->563096->342115->343710->341560->342648->342147->342636->338199->338252->338226->339127->338649->338999->339654->339136->338209->338648->646070->338251->338252->338199->338198->338222->338726->338837->339122->339135->338197->338925->646201->339126->338348->338347->338706->338354->338601->339884->339712->339713->338326->338328->338327->338326->338328->338327->338326->338328->338327->338326->338328->338327->338326->338328->338327->338326->338328->338327->338326->338328->338327->338326->338328
rl_signal,t2_yeoksam_hakyeoul,long,off_peak,7.0,8,1180.7592,947.8023,219.1936,988.7461,582.6244,7512.3,9,True,67,16,10,41,338267->338584->338254->339133->338229->338218->339571->338261->341734->341572->340705->341555->341736->341568->341735->341564->342639->563096->342115->343710->341560->342648->342147->342636->338199->338252->338226->339127->338649->338999->339654->339136->338209->338648->646070->646069->646070->338648->338209->339659->338210->613615->338596->338197->338925->646201->339126->338348->338347->338706->338354->338601->339884->339712->339713->338326->338328->338342->562898->338342->338887->338315->338314->340271->338313->338709->338312->338344
rl_signal,t2_yeoksam_hakyeoul,long,off_peak,7.0,9,1148.7961,905.5946,229.2039,961.7843,609.2323,6999.7,10,True,63,14,10,39,338267->338584->338254->339133->338229->338218->339571->338261->341734->341572->340705->341555->341736->341568->341735->341564->342639->563096->342115->343710->341560->342648->342147->342636->338199->338252->338226->339127->338649->338999->339654->339136->645956->338227->338693->338595->338210->613615->338596->338197->338925->646201->339126->338348->338347->338706->338354->338601->339884->339712->339713->338326->338328->338342->562898->338342->338887->338315->338314->340271->338313->338709->338312->338344
rl_signal,t2_yeoksam_hakyeoul,long,off_peak,7.0,10,1290.9263,1024.4161,252.3805,1076.9056,670.8366,7871.5,10,True,67,14,16,37,338267->338584->338254->339133->338229->338218->339571->338261->341734->341572->340705->341555->341736->341568->341735->341564->342639->563096->342115->343710->341560->342648->342147->342636->338199->338252->338226->339127->338649->338999->339654->339136->338209->339659->338210->613615->338596->338197->338925->646201->339126->338348->338347->338706->338354->338601->339884->339712->339713->338326->338328->338327->338326->338328->338327->338326->338328->338342->562898->338342->338887->338315->338314->340271->338313->338709->338312->338344
rl_signal,t2_yeoksam_hakyeoul,long,off_peak,7.0,11,1184.055,1009.3056,162.593,1137.7306,432.1781,8290.8,8,True,75,14,16,45,338267->338584->338254->338926->646136->338920->613766->613768->338803->338267->340192->338229->338218->339571->338261->341734->341572->340705->341555->341736->341568->341735->341564->342639->563096->342115->343710->341560->342648->342147->342636->338199->338252->338226->339127->338649->338999->339654->339136->338209->338648->646070->338251->338252->338199->338198->338222->338726->338837->339122->339135->338197->338925->646201->339126->338348->338347->338706->338354->338601->339884->339712->339713->338326->338328->338342->562898->338342->338887->338315->338314->340271->338313->338709->338312->338344
rl_signal,t2_yeoksam_hakyeoul,long,off_peak,7.0,12,1166.1251,990.3476,168.5546,1120.8757,448.0242,8309.6,6,True,68,17,13,38,338267->338584->338254->339133->338229->338218->339571->338261->341734->341572->340705->341555->342643->341561->341562->341564->342639->563096->342115->343710->341560->342648->342147->342636->338199->338252->338226->339127->338649->338999->339654->339136->338209->338648->646070->338251->338252->338199->338198->338222->338726->338837->339122->339135->338197->338925->646201->339126->338348->338347->338706->338354->338601->339884->339712->339713->338326->338328->338342->562898->338342->338887->338315->338314->340271->338313->338709->338312->338344
rl_signal,t2_yeoksam_hakyeoul,long,off_peak,7.0,13,1031.0435,850.5628,165.4171,924.8675,439.6847,6709.0,9,True,57,11,10,36,338267->338584->338254->339133->338229->338218->339571->338261->341734->341572->340705->341555->341736->341568->341735->341564->342639->563096->342115->343710->341560->342648->342147->342636->338199->338252->338226->339127->338649->338999->339654->339136->338209->338648->646070->338251->338252->338199->338198->338222->338726->338837->339122->646056->338604->338223->338602->339123->338790->339152->338733->646265->338311->339297->339000->339664->338312->338344
rl_signal,t2_yeoksam_hakyeoul,long,off_peak,7.0,14,978.5996,876.1045,97.8197,979.9265,260.0084,7425.8,4,True,64,16,14,34,338267->338584->338254->339133->338229->338218->339571->338261->563143->588038->341607->344213->343102->341557->342643->341561->341562->341564->342639->563096->342115->343710->341560->342648->342147->342636->338199->338198->338222->338726->338837->339122->339135->338197->338925->646201->339126->338348->338347->338706->338354->338601->339884->339712->339713->338326->338328->338342->562898->338342->338328->338327->338326->338328->338342->562898->338342->338887->338315->338314->340271->338313->338709->338312->338344
rl_signal,t2_yeoksam_hakyeoul,long,off_peak,7.0,15,986.1151,881.8556,96.1572,948.7117,255.5893,6591.2,6,True,64,16,13,35,338267->338584->338254->339133->338229->338218->339094->338258->613662->339651->338651->562921->562923->342153->343109->613772->613773->339003->339662->341549->339128->339093->338226->339127->338649->338999->339654->339136->338209->338648->646070->338251->338252->338199->338198->338222->338726->338837->339122->339135->338197->338925->646201->339126->338348->338347->338706->338354->338601->339884->339712->339713->338326->338328->338342->562898->338342->338887->338315->338314->340271->338313->338709->338312->338344
rl_signal,t2_yeoksam_hakyeoul,long,off_peak,7.0,16,2482.8941,2250.8069,220.7932,2288.9547,586.8762,17320.5,9,True,131,17,76,38,338267->338584->338254->339133->338229->338218->339571->338261->341734->341572->340705->341555->341736->341568->341735->341564->342639->563096->342115->343710->341560->342648->342147->342636->338199->338252->338226->339127->338649->338999->339654->339136->338209->338648->646070->338251->338252->338199->338198->338222->338726->338837->339122->339135->338197->338925->646201->339126->338348->338347->338706->338354->338601->339884->339712->339713->338326->338328->338327->338326->338328->338327->338326->338328->338327->338326->338328->338327->338326->338328->338327->338326->338328->338327->338326->338328->338327->338326->338328->338327->338326->338328->338327->338326->338328->338327->338326->338328->338327->338326->338328->338327->338326->338328->338327->338326->338328->338327->338326->338328->338327->338326->338328->338327->338326->338328->338327->338326->338328->338327->338326->338328->338327->338326->338328->338327->338326->338328->338327->338326->338328->338342->562898->338342->338887->338315->338314->340271->338313->338343->338312->338344
rl_signal,t2_yeoksam_hakyeoul,long,off_peak,7.0,17,1198.4418,1030.3391,157.4821,1150.8319,418.5933,8599.9,8,True,73,16,15,42,338267->338584->338254->339133->338229->338218->339571->338261->341734->341572->340705->341555->341736->341568->341735->341564->342639->563096->342115->343710->341560->342648->342147->342636->338199->338252->338226->339127->338649->338999->339654->339136->338209->338648->646070->338251->338252->338199->338198->338222->338726->338837->339122->339135->338197->338925->646201->339126->338348->338347->338706->338354->338601->339884->339712->339713->338326->338328->338342->562898->338342->338887->338315->338314->340271->340280->338887->338315->338314->340271->338313->338709->338312->338344
rl_signal,t2_yeoksam_hakyeoul,long,off_peak,7.0,18,2211.753,1979.9381,216.5979,2403.2678,575.7251,15820.7,11,True,161,18,50,93,338267->338584->338254->339133->338229->340192->338267->338585->562917->338230->646176->339098->340484->338229->340192->338267->338585->562917->338230->646176->339098->340484->338229->339133->338254->338584->338267->338585->562917->338230->646176->339098->340484->338229->339133->338254->338584->338267->338585->562917->338230->646176->339098->340484->338229->339133->338254->338584->338267->338585->562917->338230->646176->646175->646176->339098->340484->338229->339133->338254->338584->338267->338585->562917->338230->646176->339098->340484->338229->339133->338254->338584->338267->338585->562917->338230->646176->339098->340484->338229->339133->338254->338584->338267->338585->562917->338230->339134->339069->338253->613768->338803->338267->338584->338254->339133->338229->338218->339571->338261->339538->338258->339094->338218->339571->338261->341734->341572->340705->341555->341736->341568->341561->341562->341564->342639->563096->342115->343710->341560->342648->342147->342636->338199->338252->338226->339127->338649->338999->339654->339136->338209->338648->646070->338251->338252->338199->338198->338222->338726->338837->339122->339135->562865->338198->338199->338224->342071->341571->341521->342613->341535->343726->343919->338310->339265->338311->339297->339000->339664->338312->338344
rl_signal,t2_yeoksam_hakyeoul,long,off_peak,7.0,19,1035.9896,841.8665,180.5635,980.4785,479.9443,6709.0,9,True,57,11,10,36,338267->338584->338254->339133->338229->338218->339571->338261->341734->341572->340705->341555->341736->341568->341735->341564->342639->563096->342115->343710->341560->342648->342147->342636->338199->338252->338226->339127->338649->338999->339654->339136->338209->338648->646070->338251->338252->338199->338198->338222->338726->338837->339122->646056->338604->338223->338602->339123->338790->339152->338733->646265->338311->339297->339000->339664->338312->338344
rl_signal,t2_yeoksam_hakyeoul,long,off_peak,7.0,20,1180.6373,997.4675,170.6049,1116.9053,453.4741,7908.9,9,True,69,17,11,41,338267->338584->338254->339133->338229->338218->339571->338261->341734->341572->340705->341555->341736->341568->341735->341564->342639->563096->342115->343710->343711->343710->342115->563067->342636->338199->338252->338226->339127->338649->338999->339654->339136->338209->338648->646070->338251->338252->338199->338198->338222->338726->338837->339122->339135->338197->338925->646201->339126->338348->338347->338706->338354->338601->339884->339712->339713->338326->338328->338342->562898->338342->338887->338315->338314->340271->338313->338709->338312->338344
rl_signal,t2_yeoksam_hakyeoul,long,off_peak,7.0,21,1112.474,844.8317,253.4372,895.8301,673.6452,6932.4,9,True,62,14,10,38,338267->338584->338254->339133->338229->338218->339571->338261->341734->341572->340705->341555->341736->341568->341735->341564->342639->341549->339128->339093->338226->339127->338649->338999->339654->339136->338209->338648->646070->338251->338252->338199->338198->338222->338726->338837->339122->339135->338197->338925->646201->339126->338348->338347->338706->338354->338601->339884->339712->339713->338326->338328->338342->562898->338342->338887->338315->338314->340271->338313->338709->338312->338344
rl_signal,t2_yeoksam_hakyeoul,long,off_peak,7.0,22,1119.9451,910.1693,197.8395,1065.6263,525.8647,7542.9,9,True,61,13,12,36,338267->338584->338254->339133->338229->338218->339571->338261->341734->341572->340705->341555->341736->341568->341735->341564->342639->563096->342115->343710->341560->342648->342147->342636->338199->338252->338226->339127->338649->338999->339654->339136->338209->338648->646070->338251->338252->338199->338198->338222->338726->338837->339122->339135->338197->338925->646201->339126->338603->338223->338602->339123->338790->339152->338733->646265->338311->339297->339000->339664->338312->338344
rl_signal,t2_yeoksam_hakyeoul,long,off_peak,7.0,23,1171.6034,979.1202,181.1038,1083.0249,481.3804,8062.1,7,True,68,16,12,40,338267->338584->338254->339133->338229->338218->339571->338261->341734->341572->340705->341555->341736->341568->341735->341564->342639->563096->342115->343710->341560->342648->342147->342636->338199->338252->338226->339127->338649->338999->339654->339136->338209->338648->646070->338251->338252->338199->338198->338222->338726->338837->339122->339135->338197->338925->646201->339126->338348->338347->338706->338354->338601->339884->339712->339713->338326->338328->338342->562898->338342->338887->338315->338314->340271->338313->338709->338312->338344
rl_signal,t2_yeoksam_hakyeoul,long,off_peak,7.0,24,1776.4388,1578.5484,185.9289,1612.2401,494.2057,12303.0,8,True,104,14,37,53,338267->338584->338254->339133->338229->338218->339571->338261->341734->341572->340705->341555->341736->341568->341735->341564->342639->563096->342115->343710->341560->342648->342147->342636->338199->338252->338226->339127->338649->338999->339654->339136->338209->338648->646070->338251->338252->338199->338198->338222->338726->338837->339122->339135->562865->338198->338222->338726->338837->339122->646056->338604->338223->338603->339126->646201->338925->587845->563046->587845->338925->646201->339126->338348->338347->338706->338354->338601->339884->339712->339713->338326->338328->338327->338326->338328->338327->338326->338328->338327->338326->338328->338327->338326->338328->338327->338326->338328->338327->338326->338328->338327->338326->338328->338342->562898->338342->338887->338315->338314->340271->338313->338709->338312->338344
rl_signal,t2_yeoksam_hakyeoul,long,off_peak,7.0,25,1032.7339,845.0046,177.5889,914.3648,472.0379,6929.0,6,True,63,9,15,39,338267->338584->338254->339133->338229->338218->339571->338261->341734->341572->340705->341555->341736->341568->341735->341564->342639->563096->342115->343710->341560->342648->342147->342636->563067->342648->342147->342636->338199->338198->338222->338726->338837->339122->339135->338197->338925->587845->563046->587845->338925->646201->339126->338348->338347->338706->338354->338601->339884->339712->339944->339712->339713->338326->338328->338342->338887->338315->338314->340271->338313->338709->338312->338344
rl_signal,t2_yeoksam_hakyeoul,long,off_peak,7.0,26,3398.703,3248.5615,135.6423,3075.1072,360.5422,24883.5,10,False,200,16,125,59,338267->338585->562917->338230->646176->339098->340484->338229->339133->338254->338584->338267->338585->562917->338230->646176->339098->340484->338229->339133->338254->338584->338267->338585->562917->338230->646176->339098->340484->338229->339133->338254->338584->338267->338585->562917->338230->646176->339098->342073->342687->341600->342685->341607->344213->343102->341557->342643->341561->341562->341564->342639->563096->342115->343710->341560->342648->342147->342636->338199->338252->338226->339127->338649->338999->339654->339136->338209->338648->646070->338251->338252->338199->338198->338222->338726->338837->339122->339135->338197->338925->646201->339126->338348->338347->338706->338354->338601->339884->339712->339713->338326->338328->338327->338326->338328->338327->338326->338328->338327->338326->338328->338327->338207->340158->340157->338207->340158->340157->338207->338327->338326->338328->338327->338326->338328->338327->338326->338328->338327->338326->338328->338327->338326->338328->338327->338326->338328->338327->338326->338328->338327->338326->338328->338327->338326->338328->338327->338326->338328->338327->338326->338328->338327->338326->338328->338327->338326->338328->338327->338326->338328->338327->338326->338328->338327->338326->338328->338327->338326->338328->338327->338326->338328->338327->338326->338328->338327->338326->338328->338327->338326->338328->338327->338326->338328->338327->338326->338328->338327->338326->338328->338327->338326->338328->338327->338326->338328->338327->338326->338328->338327->338326->338328->338327->338326->338328->338327->338326->338328->338327
rl_signal,t2_yeoksam_hakyeoul,long,off_peak,7.0,27,1011.616,918.2141,84.1382,981.7196,223.6425,7055.1,7,True,62,14,11,37,338267->338584->338254->339133->338229->338218->339571->338261->341734->341572->340705->341555->341736->341568->341735->341564->342639->563096->342115->343710->341560->342648->342147->342636->338199->338198->338222->338726->338837->339122->339135->338197->338925->646201->339126->338348->338347->338706->338354->338601->339884->339712->339713->338326->338328->338342->562898->338342->338328->338327->338326->338328->338342->562898->338342->338887->338315->338314->340271->338313->338709->338312->338344
rl_signal,t2_yeoksam_hakyeoul,long,off_peak,7.0,28,1021.6863,887.0936,123.5801,1016.8622,328.4803,7117.6,7,True,60,10,13,37,338267->338584->338254->339133->338229->338218->339571->338261->341734->341572->340705->341555->341736->341568->341735->341564->342639->563096->342115->343710->341560->342648->342147->342636->338199->338252->338226->339093->339128->341549->342639->341564->342645->341559->342115->343710->341560->342648->342147->342636->338199->338198->338222->338726->338837->339122->646056->338604->338223->338602->339123->338790->339152->338733->646265->338311->339297->339000->339664->338312->338344
rl_signal,t2_yeoksam_hakyeoul,long,off_peak,7.0,29,1151.6306,947.9272,191.2321,1059.6349,508.302,8062.1,9,True,68,16,12,40,338267->338584->338254->339133->338229->338218->339571->338261->341734->341572->340705->341555->341736->341568->341735->341564->342639->563096->342115->343710->341560->342648->342147->342636->338199->338252->338226->339127->338649->338999->339654->339136->338209->338648->646070->338251->338252->338199->338198->338222->338726->338837->339122->339135->338197->338925->646201->339126->338348->338347->338706->338354->338601->339884->339712->339713->338326->338328->338342->562898->338342->338887->338315->338314->340271->338313->338709->338312->338344
rl_signal,t2_yeoksam_hakyeoul,long,off_peak,7.0,30,937.2338,853.5742,81.5084,936.6998,216.6523,7183.0,2,True,65,16,12,37,338267->338584->338254->339133->338229->338218->339571->338261->563143->588038->341607->344213->343102->341557->342643->341561->341562->341564->342639->563096->342115->343710->341560->342648->342147->342636->338199->338198->338222->338726->338837->339122->339135->338197->338925->587845->563046->587845->338925->646201->339126->338348->338347->338706->338354->338601->339884->339712->339713->338326->338328->338342->562898->338342->338887->338315->338314->340271->338313->338707->338314->338315->338887->340280->340271->338344
rl_signal,t2_yeoksam_hakyeoul,long,peak,8.0,1,2454.4309,2292.6942,153.0566,2451.3814,406.8299,17959.5,8,True,138,18,78,42,338267->338584->338254->339133->338229->338218->339571->338261->341734->341572->340705->341555->341736->341568->341735->341564->342639->563096->342115->343710->341560->342648->342147->342636->338199->338252->338226->339127->338649->338999->339654->339136->338209->338648->646070->338251->338252->338199->338198->338222->338726->338837->339122->646056->646055->646056->339122->339135->338197->338925->646201->339126->338348->338347->338706->338354->338601->339884->339712->339713->338326->338328->338327->338326->338328->338327->338326->338328->338327->338326->338328->338327->338326->338328->338327->338326->338328->338327->338326->338328->338327->338326->338328->338327->338326->338328->338327->338326->338328->338327->338326->338328->338327->338326->338328->338327->338326->338328->338327->338326->338328->338327->338326->338328->338327->338326->338328->338327->338326->338328->338327->338326->338328->338327->338326->338328->338327->338326->338328->338327->338326->338328->338327->338326->338328->338327->338326->338328->338342->562898->338342->338887->338315->338314->340271->338313->338709->338312->338344
rl_signal,t2_yeoksam_hakyeoul,long,peak,8.0,2,1085.8728,904.0047,172.5355,1265.1665,458.6057,7506.6,8,True,58,12,11,35,338267->338584->338254->339133->338229->338218->339571->338261->341734->341572->340705->341555->341736->341568->341561->341563->341552->341562->341564->342639->563096->342115->343710->341560->342648->342147->342636->338199->338252->338226->339127->338649->338999->339654->339136->338209->338648->646070->338251->338252->338199->338198->338222->562951->340229->341571->341521->342613->341535->343726->343919->338310->339265->338311->339297->339000->339664->338312->338344
rl_signal,t2_yeoksam_hakyeoul,long,peak,8.0,3,971.3354,796.5201,168.0506,1049.6246,446.6846,6584.8,6,True,58,9,10,39,338267->338584->338254->339133->338229->338218->339571->338261->341734->341572->340705->341555->341736->341568->341566->341549->339128->339093->338226->339127->338649->338999->339654->339136->338209->338648->646070->338251->338252->338199->338198->338222->338726->338837->339122->646056->646055->646056->339122->339135->562865->338198->338199->338224->342071->341571->341521->342613->341535->343726->343919->338310->339265->338311->339297->339000->339664->338312->338344
rl_signal,t2_yeoksam_hakyeoul,long,peak,8.0,4,816.4581,723.3126,87.1658,868.2137,231.6898,5926.8,5,True,55,9,10,36,338267->338584->338254->339133->338229->338218->339571->338261->341734->341572->340705->341555->341736->341568->341735->341564->342639->563096->342115->343710->341560->342648->342147->342636->338199->338198->338222->338726->338837->339122->646056->646055->646056->339122->339135->562865->338198->338222->338726->338837->339122->646056->338604->338223->338602->339123->338790->339152->338733->646265->338311->339297->339000->339664->338312->338344
rl_signal,t2_yeoksam_hakyeoul,long,peak,8.0,5,591.3551,547.8012,39.8211,745.3147,105.8459,4721.4,4,True,39,7,7,25,338267->338584->338254->339133->338229->338218->339571->338261->563143->588038->341607->344213->343102->341557->342643->341561->341562->341564->342639->563096->342115->343710->341560->342648->342147->341996->341571->341521->342613->341535->343726->343919->338310->339265->338311->339297->339000->339664->338312->338344
rl_signal,t2_yeoksam_hakyeoul,long,peak,8.0,6,917.1111,820.9136,89.2531,1134.3671,237.2381,6709.0,5,True,57,11,10,36,338267->338584->338254->339133->338229->338218->339571->338261->341734->341572->340705->341555->341736->341568->341735->341564->342639->563096->342115->343710->341560->342648->342147->342636->338199->338252->338226->339127->338649->338999->339654->339136->338209->338648->646070->338251->338252->338199->338198->338222->338726->338837->339122->646056->338604->338223->338602->339123->338790->339152->338733->646265->338311->339297->339000->339664->338312->338344
rl_signal,t2_yeoksam_hakyeoul,long,peak,8.0,7,966.914,814.1769,144.4682,1083.2871,384.0018,6709.0,7,True,57,11,10,36,338267->338584->338254->339133->338229->338218->339571->338261->341734->341572->340705->341555->341736->341568->341735->341564->342639->563096->342115->343710->341560->342648->342147->342636->338199->338252->338226->339127->338649->338999->339654->339136->338209->338648->646070->338251->338252->338199->338198->338222->338726->338837->339122->646056->338604->338223->338602->339123->338790->339152->338733->646265->338311->339297->339000->339664->338312->338344
rl_signal,t2_yeoksam_hakyeoul,long,peak,8.0,8,3338.858,2996.9331,324.127,3568.9603,861.5415,23904.5,16,False,200,26,92,82,338267->338584->338254->339133->338229->338218->339571->338261->341734->341572->340705->341555->341736->341568->341735->341564->342639->563096->342115->343710->341560->342648->342147->342636->338199->338252->338226->339127->338649->338999->339654->339136->338209->338648->646070->338251->338252->338199->338198->338222->338726->338837->339122->646056->646055->646056->339122->339135->338197->338925->587845->563046->587845->338925->646201->339126->338348->338347->338706->338354->338601->339884->339712->339713->338326->338328->338327->338326->339713->339712->339884->338601->338354->338346->338347->338348->339126->338603->338223->338604->646056->339122->339135->338197->338925->646201->339126->338348->338347->338706->338354->338601->339884->339712->339713->338326->338328->338327->338326->338328->338327->338326->338328->338327->338326->338328->338327->338326->338328->338327->338326->338328->338327->338326->338328->338327->338326->338328->338327->338326->338328->338327->338326->338328->338327->338326->338328->338327->338326->338328->338327->338326->338328->338327->338326->338328->338327->338326->338328->338327->338326->338328->338327->338326->338328->338327->338326->338328->338327->338326->338328->338327->338326->338328->338327->338326->338328->338327->338326->338328->338327->338207->340158->340157->338207->340158->338206->339125->339124->587910->587846->338600->338354->338706->338347->338348->339126->338603->338223->338604->646056->339122->339135->562865->338198->338222->338726->338837->339122->646056->646055->646056->339122->339135->562865->338198->338222->338726->338837->339122->646056
rl_signal,t2_yeoksam_hakyeoul,long,peak,8.0,9,2713.359,2458.6111,238.9914,2965.943,635.2479,19196.3,14,True,171,32,54,85,338267->338584->338254->339133->338229->338218->339571->338261->341734->341572->340705->341555->341736->341568->341735->341564->342639->563096->342115->563067->342636->338199->338198->338222->338726->338837->339122->646056->646055->646056->339122->339135->338197->338925->646201->339126->338348->338347->338706->338354->338600->587846->587910->339124->587905->646128->587845->338925->646201->339126->338348->338347->338706->338354->338601->339884->339712->339713->338326->338328->338327->338326->338328->338327->338326->338328->338327->338326->338328->338327->338326->338328->338327->338326->338328->338327->338326->338328->338327->338326->338328->338327->338326->338328->338327->338326->338328->338327->338326->338328->338327->338326->338328->338327->338326->339713->339712->339884->338601->338354->338346->338347->338348->339126->338603->338223->338604->646056->339122->338837->338726->338222->338198->562865->339135->339122->338837->338726->338222->338198->562865->339135->339122->338837->338726->338222->338198->562865->339135->339122->338837->338726->338222->338198->562865->339135->339122->338837->338726->338222->562951->340229->341571->342071->338224->338199->342636->563067->342648->342147->342636->338199->338198->338222->338726->338837->339122->646056->338604->338223->338602->339123->338790->339152->338733->646265->338311->339297->339000->339664->338312->338344
rl_signal,t2_yeoksam_hakyeoul,long,peak,8.0,10,1827.0295,1631.1249,188.7271,2331.4084,501.6434,13948.9,8,True,113,34,17,62,338267->338584->338254->339133->338229->338218->339571->338261->341734->341572->340705->341555->341736->341568->341735->341564->342639->563096->342115->343710->341560->342648->342147->342636->338199->338252->338226->339127->338649->338999->339654->339136->338209->338648->646070->338251->338252->338199->338198->338222->338726->338837->339122->646056->646055->646056->339122->339135->562865->338198->338222->338726->338837->339122->646056->646055->646056->339122->338837->338726->338222->338198->562865->339135->339122->338837->338726->338222->338198->562865->339135->339122->338837->338726->338222->338198->562865->339135->339122->338837->338726->338222->338198->562865->339135->339122->338837->338726->338222->338198->562865->339135->339122->338837->338726->338222->338198->338199->338224->342071->341571->341521->342613->341535->343726->343919->338310->339265->338311->339297->339000->339664->338312->338344
rl_signal,t2_yeoksam_hakyeoul,long,peak,8.0,11,1377.0966,1205.5563,163.041,1664.5989,433.3688,10083.9,8,True,87,15,20,52,338267->338584->338254->339133->338229->338218->339571->338261->341734->341572->340705->341555->341736->341568->341735->341564->342639->563096->342115->343710->341560->342648->342147->342636->338199->338252->338226->339127->338649->338999->339654->339136->338209->338648->646070->338251->338252->338199->338198->338222->338726->338837->339122->646056->646055->646056->339122->339135->562865->338198->338222->338726->338837->339122->646056->646055->646056->339122->339135->562865->338198->338222->338726->338837->339122->646056->646055->646056->339122->338837->338726->338222->562951->340229->341571->341521->342613->341535->343726->343919->338310->339265->338311->339297->339000->339664->338312->338344
rl_signal,t2_yeoksam_hakyeoul,long,peak,8.0,12,964.0452,847.0978,112.1671,1091.2526,298.1442,7224.7,5,True,64,19,12,33,338267->338584->338254->339133->338229->338218->339571->338261->341734->341572->340705->341555->341736->341568->341735->341564->342639->563096->342115->343710->341560->342648->342147->342636->338199->338198->338222->338726->338837->339122->646056->646055->646056->339122->339135->338197->338925->646201->339126->338348->338347->338706->338354->338600->587846->587910->339124->339125->338206->340158->338207->338327->338326->338328->338342->562898->338342->338887->338315->338314->340271->338313->338709->338312->338344
rl_signal,t2_yeoksam_hakyeoul,long,peak,8.0,13,1170.7507,1001.018,158.3357,1340.1169,420.8619,8085.1,8,True,73,15,16,42,338267->338584->338254->339133->338229->338218->339571->338261->341734->341572->340705->341555->341736->341568->341735->341564->342639->563096->342115->343710->341560->342648->342147->342636->338199->338252->338226->339127->338649->338999->339654->340159->338921->340245->340244->340245->338921->340159->339654->339136->338209->338648->646070->338251->338252->338199->338198->338222->562951->340229->341571->341521->342613->341535->343726->343919->338310->339265->338311->646265->646264->646265->338311->338769->338324->339669->338324->338769->338311->339297->339000->339664->338312->338344
rl_signal,t2_yeoksam_hakyeoul,long,peak,8.0,14,895.9317,767.4675,118.9828,1023.3793,316.2607,6174.5,7,True,54,10,5,39,338267->338584->338254->339133->338229->338218->339571->338261->341734->341572->340705->341555->341736->341568->341735->341564->342639->563096->342115->343710->341560->341518->341558->344767->341569->341738->563185->341560->342648->342147->342636->338199->338198->562865->339135->339122->338837->338726->338222->562951->340229->341571->341521->342613->341535->343726->343919->338310->339265->338311->339297->339000->339664->338312->338344
rl_signal,t2_yeoksam_hakyeoul,long,peak,8.0,15,1400.1459,1244.7589,147.1392,1690.6871,391.1014,10083.9,7,True,87,15,20,52,338267->338584->338254->339133->338229->338218->339571->338261->341734->341572->340705->341555->341736->341568->341735->341564->342639->563096->342115->343710->341560->342648->342147->342636->338199->338252->338226->339127->338649->338999->339654->339136->338209->338648->646070->338251->338252->338199->338198->338222->338726->338837->339122->646056->646055->646056->339122->339135->562865->338198->338222->338726->338837->339122->646056->646055->646056->339122->339135->562865->338198->338222->338726->338837->339122->646056->646055->646056->339122->338837->338726->338222->562951->340229->341571->341521->342613->341535->343726->343919->338310->339265->338311->339297->339000->339664->338312->338344
rl_signal,t2_yeoksam_hakyeoul,long,peak,8.0,16,1805.3852,1739.252,59.393,2448.1071,157.8688,14640.4,4,True,133,31,27,75,338267->338803->613768->338253->613767->339070->339068->339070->613767->613766->338920->646136->338926->339129->339130->646136->338920->613766->613768->338803->338267->340192->338229->338218->339571->338261->341734->341572->340705->341555->341736->341568->341735->341564->342639->563096->342115->343710->341560->342648->342147->342636->338199->338252->338226->339127->338649->338999->339654->339136->338209->338648->646070->338251->338252->338199->338198->338222->338726->338837->339122->646056->646055->646056->339122->339135->562865->338198->338222->338726->338837->339122->646056->646055->646056->339122->339135->562865->338198->338222->338726->338837->339122->646056->646055->646056->339122->338837->338726->338222->338198->562865->339135->339122->338837->338726->338222->338198->562865->339135->339122->338837->338726->338222->338198->562865->339135->339122->338837->338726->338222->338198->562865->339135->339122->338837->338726->338222->562951->340229->341571->341521->342613->341535->343726->343919->338310->339265->338311->339297->339000->339664->338312->338344
rl_signal,t2_yeoksam_hakyeoul,long,peak,8.0,17,1236.748,1020.5419,209.014,1377.6935,555.5667,7997.8,8,True,75,10,16,49,338267->338584->338254->339133->338229->338218->339571->338261->341734->341572->340705->341555->341736->341568->341735->341564->342645->341559->342115->343710->341560->342648->342147->342636->338199->338198->338222->338726->338837->339122->646056->646055->646056->339122->339135->562865->338198->338222->338726->338837->339122->646056->646055->646056->339122->339135->562865->338198->338199->338224->342071->341571->341521->342613->341535->343726->343919->338310->339265->338311->339297->339000->339664->338312->338709->338313->340271->340280->338887->338315->338314->340271->338313->338709->338312->338344
rl_signal,t2_yeoksam_hakyeoul,long,peak,8.0,18,966.9145,832.7822,129.5654,1045.7406,344.3895,7071.5,5,True,65,20,11,34,338267->338584->338254->339133->338229->338218->339571->338261->341734->341572->340705->341555->341736->341568->341735->341564->342639->563096->342115->343710->343711->343710->342115->563067->342636->338199->338198->338222->338726->338837->339122->646056->646055->646056->339122->339135->338197->338925->646201->339126->338348->338347->338706->338354->338600->587846->587910->339124->339125->338206->340158->338207->338327->338326->338328->338342->562898->338342->338887->338315->338314->340271->338313->338709->338312->338344
rl_signal,t2_yeoksam_hakyeoul,long,peak,8.0,19,818.309,694.9126,117.3494,816.0094,311.9189,5922.3,5,True,51,9,10,32,338267->338584->338254->339133->338229->338218->339571->338261->341734->341572->340705->341555->341736->341568->341735->341564->342639->563096->342115->343710->341560->342648->342147->342636->338199->338198->338222->338726->338837->339122->339135->338197->338925->646201->646200->646201->339126->338348->338347->338706->338354->338601->339884->339712->339713->338326->338328->338342->338887->340280->340271->338344
rl_signal,t2_yeoksam_hakyeoul,long,peak,8.0,20,824.2589,765.7025,52.5443,960.219,139.6647,6417.6,4,True,56,11,12,33,338267->338584->338254->339133->338229->338218->339571->338261->341734->341572->340705->341555->341736->341568->341735->341564->342639->563096->342115->343710->341560->342648->342147->342636->563067->342648->342147->342636->338199->338198->338222->338726->338837->339122->646056->646055->646056->339122->339135->338197->338925->646201->339126->338603->338223->338602->339123->338790->339152->338733->646265->338311->339297->339000->339664->338312->338344
rl_signal,t2_yeoksam_hakyeoul,long,peak,8.0,21,1085.8628,1004.1851,74.5765,1410.6527,198.2272,8021.3,6,True,69,8,17,44,338267->338584->338254->338926->646136->338920->613766->613768->338803->338267->340192->338229->338218->339571->338261->341734->341572->340705->341555->341736->341568->341735->341564->342639->563096->342115->343710->341560->342648->342147->342636->338199->338252->338226->339127->338649->338999->339654->339136->338209->338648->646070->338251->338252->338199->338198->338222->338726->338837->339122->339135->562865->338198->338199->338224->342071->341571->341521->342613->341535->343726->343919->338310->339265->338311->339297->339000->339664->338312->338344
rl_signal,t2_yeoksam_hakyeoul,long,peak,8.0,22,884.2456,726.1341,150.1416,963.0775,399.0818,5866.1,7,True,53,11,6,36,338267->338584->338254->339133->338229->338218->339571->338261->341734->341572->340705->341555->341736->341568->341735->341564->342639->563096->342115->343710->341560->341518->341558->344767->341569->341738->563185->341560->342648->342147->341996->341571->341521->342613->646707->563094->342114->342113->342112->341739->341535->344530->341533->344529->343940->339229->338324->338769->338311->339297->339000->339664->338312->338344
rl_signal,t2_yeoksam_hakyeoul,long,peak,8.0,23,3564.8789,3068.9726,472.3313,3427.5942,1255.4738,23562.5,17,False,200,41,97,62,338267->338584->338254->339133->338229->338218->339571->338261->341734->341572->340705->341555->341736->341568->341735->341564->342639->563096->342115->343710->341560->342648->342147->342636->338199->338252->338226->339127->338649->338999->339654->339136->338209->338648->646070->338251->338252->338199->338198->338222->338726->338837->339122->339135->338197->338925->646201->339126->338348->338347->338706->338354->338601->339884->339712->339713->338326->338328->338327->338326->338328->338327->338326->338328->338327->338326->338328->338327->338326->338328->338327->338326->338328->338327->338326->338328->338327->338326->338328->338327->338326->338328->338327->338326->338328->338327->338326->338328->338327->338326->338328->338327->338326->338328->338327->338326->338328->338327->338326->338328->338327->338326->338328->338327->338326->338328->338327->338326->338328->338327->338326->338328->338327->338326->338328->338327->338326->338328->338327->338326->338328->338327->338326->338328->338327->338326->338328->338327->338326->338328->338327->338326->338328->338327->338326->338328->338327->338326->338328->338327->338326->339713->339712->339884->338601->338354->338346->338347->338348->339126->338603->338223->338605->338597->338197->338925->646201->339126->338348->338347->338706->338354->338601->339884->339712->339713->338326->339575->338350->338351->587871->338363->338340->613779->613780->613778->613780->338317->339562->339563->338317->339562->339563->338317->339562->339563->338317->339562->339563->338317->339562->339563->338317->339562->339563->338317->339562->339563->338317->339562->339563
rl_signal,t2_yeoksam_hakyeoul,long,peak,8.0,24,1233.1019,1102.754,124.9498,1539.0178,332.121,9250.5,5,True,77,14,17,46,338267->338584->338254->339133->338229->338218->339571->338261->341734->341572->340705->341555->341736->341568->341735->341564->342639->563096->342115->343710->341560->342648->342147->342636->338199->338252->338226->339127->338649->338999->339654->339136->338209->338648->646070->338251->338252->338199->338198->338222->338726->338837->339122->339135->562865->338198->338199->338224->342071->341571->340229->562951->338222->338198->562865->339135->339122->338837->338726->338222->338198->338199->338224->342071->341571->341521->342613->341535->343726->343919->338310->339265->338311->339297->339000->339664->338312->338344
rl_signal,t2_yeoksam_hakyeoul,long,peak,8.0,25,819.3865,689.4801,123.2039,884.0699,327.4804,5889.3,6,True,50,11,6,33,338267->338584->338254->339133->338229->338218->339571->338261->341734->341572->340705->341555->341736->341568->341735->341564->342639->563096->342115->341559->342645->341564->342639->563096->342115->343710->341560->342648->342147->342636->338199->338198->338222->338726->338837->339122->646056->338604->338223->338602->339123->338790->339152->338733->646265->338311->339297->339000->339664->338312->338344
rl_signal,t2_yeoksam_hakyeoul,long,peak,8.0,26,2140.4642,2051.5692,82.717,2354.1142,219.8648,17075.6,5,False,200,96,65,39,338267->338584->338254->339133->338229->338218->339571->338261->341734->341572->340705->341555->341736->341568->341735->341564->342639->563096->342115->343710->341560->342648->342147->342636->338199->338198->338222->338726->338837->339122->646056->646055->646056->339122->339135->562865->338198->338222->338726->338837->339122->646056->646055->646056->339122->339135->338197->338925->646201->339126->338348->338347->338706->338354->338601->339884->339712->339713->338326->338328->338327->338326->338328->338327->338326->338328->338327->338326->338328->338327->338326->338328->338327->338326->338328->338327->338326->338328->338327->338326->338328->338327->338326->338328->338327->338326->338328->338327->338326->338328->338327->338326->338328->338327->338326->338328->338327->338326->338328->338327->338326->338328->338327->338207->340158->340157->338207->340158->340157->338207->340158->340157->338207->340158->340157->338207->340158->340157->338207->340158->340157->338207->340158->340157->338207->340158->340157->338207->340158->340157->338207->340158->340157->338207->340158->340157->338207->340158->340157->338207->340158->340157->338207->340158->340157->338207->340158->340157->338207->340158->340157->338207->340158->340157->338207->340158->340157->338207->340158->340157->338207->340158->340157->338207->340158->340157->338207->340158->340157->338207->340158->340157->338207->340158->340157->338207->340158->340157->338207->340158->340157->338207->340158->340157->338234->339582->338232->613774->613775->338232->339582->338234->340157->340158->338207->338327->338326->338328->338327->338326->338328
rl_signal,t2_yeoksam_hakyeoul,long,peak,8.0,27,1147.0598,868.4387,268.5225,1215.0324,713.7426,6813.9,9,True,64,8,12,44,338267->338584->338254->339133->338229->338218->339571->338261->341734->341572->340705->341555->341736->341568->341735->341564->342639->563096->342115->343710->341560->342648->342147->342636->338199->338198->338222->338726->338837->339122->646056->646055->646056->339122->339135->562865->338198->338199->338224->342071->341571->341521->342613->341535->343726->343919->338310->339265->338311->339297->339000->339664->338312->338709->338313->340271->340280->338887->338315->338314->340271->338313->338709->338312->338344
rl_signal,t2_yeoksam_hakyeoul,long,peak,8.0,28,3127.5523,2900.8335,216.465,3194.0492,575.3719,22735.3,9,False,200,42,106,52,338267->338584->338254->339133->338229->338218->339571->338261->341734->341572->340705->341555->341736->341568->341735->341564->342639->563096->342115->343710->341560->342648->342147->342636->338199->338252->338226->339127->338649->338999->339654->339136->338209->338648->646070->338251->338252->338199->338198->338222->338726->338837->339122->339135->338197->338925->587845->563046->587845->338925->646201->339126->338348->338347->338706->338354->338601->339884->339712->339713->338326->338328->338327->338326->338328->338327->338326->338328->338327->338326->338328->338327->338326->338328->338327->338326->338328->338327->338326->338328->338327->338326->338328->338327->338326->338328->338327->338326->338328->338327->338326->338328->338327->338326->338328->338327->338326->338328->338327->338326->338328->338327->338326->338328->338327->338207->340158->340157->338207->340158->340157->338207->340158->340157->338207->340158->340157->338207->340158->340157->338207->340158->340157->338207->340158->340157->338207->340158->340157->338207->340158->340157->338207->340158->340157->338207->338327->338326->338328->338327->338326->338328->338327->338326->338328->338327->338326->338328->338327->338326->338328->338327->338326->338328->338327->338326->338328->338327->338326->338328->338327->338326->338328->338327->338326->338328->338327->338326->338328->338327->338326->338328->338327->338326->338328->338327->338326->338328->338327->338326->338328->338327->338326->339713->339712->339884->338601->338354->338346->338347->338348->646202->338348->339126->338603->338223->338602->339123->338790->339152->338733
rl_signal,t2_yeoksam_hakyeoul,long,peak,8.0,29,815.9193,746.4015,63.9791,922.2322,170.0587,6100.8,5,True,57,11,10,36,338267->338584->338254->339133->338229->338218->339571->338261->341734->341572->340705->341555->341736->341568->341735->341564->342639->563096->342115->343710->341560->342648->342147->342636->338199->338198->338222->338726->338837->339122->646056->646055->646056->339122->339135->562865->338198->338222->338726->338837->339122->646056->338604->338223->338602->339123->338790->339152->338733->646265->646264->646265->338311->339297->339000->339664->338312->338344
rl_signal,t2_yeoksam_hakyeoul,long,peak,8.0,30,903.0241,792.475,103.9981,986.6249,276.4307,6265.8,5,True,60,11,13,36,338267->338584->338254->339133->338229->338218->339571->338261->341734->341572->340705->341555->341736->341568->341735->341564->342639->563096->342115->343710->343711->343710->342115->563067->342636->338199->338198->338222->338726->338837->339122->339135->338197->338925->646201->339126->338603->338223->338602->339123->338790->339152->338733->646265->338311->339297->339000->339664->338312->338343->338313->340271->340280->338887->338315->338314->338707->338313->338343->338312->338344
rl_signal,t3_sinsa_daechi,long,off_peak,7.0,1,816.2364,773.4517,36.8184,928.9587,97.8646,6742.2,3,True,60,10,12,38,341904->342719->342710->343062->342711->342157->342158->342712->342714->342713->342076->341620->341621->342834->343100->342865->342652->342116->342672->340587->646667->646362->341982->342679->341983->342673->646784->646782->341597->341596->341598->342684->341601->343106->343943->342693->341607->344213->343102->341557->342643->341561->341562->341564->342639->563096->342115->563067->342636->338199->338198->562865->339135->338197->338925->646201->339126->338348->338347->338706->338354
rl_signal,t3_sinsa_daechi,long,off_peak,7.0,2,2408.7201,2244.3808,155.8039,1966.8883,414.1324,15206.7,6,False,200,32,118,50,341904->342719->342710->343062->342711->342157->342158->342712->342714->342713->342076->341620->341621->342834->343100->342865->342652->342116->342672->340587->646667->646362->341982->342679->341983->342673->646784->646782->341597->341596->341598->342684->341601->343106->343943->342693->341607->344213->343102->341557->342643->341561->341562->341564->342639->563096->342115->563067->342636->338199->338198->562865->339135->338197->338925->587845->646128->587905->339124->339125->338206->340158->338207->340157->340158->338206->339125->339124->587910->587846->338599->338208->339663->338208->338599->587846->587910->339124->339125->338206->340158->338207->340157->340158->338206->339125->339124->587910->587846->338599->338208->339663->338208->338599->587846->587910->339124->339125->338206->340158->338207->340157->340158->338206->339125->339124->587910->587846->338599->338208->339663->338208->338599->587846->587910->339124->339125->338206->340158->338207->340157->340158->338207->340157->340158->338207->340157->340158->338207->340157->340158->338207->340157->340158->338207->340157->340158->338207->340157->340158->338207->340157->340158->338207->340157->340158->338207->340157->340158->338207->340157->340158->338207->340157->340158->338207->340157->340158->338207->340157->340158->338207->340157->340158->338207->340157->340158->338207->340157->340158->338207->340157->340158->338207->340157->340158->338207->340157->340158->338207->340157->340158->338207->340157->340158->338207->340157->340158->338207->340157->340158->338207->340157->340158->338207->340157->340158->338207->340157->340158->338207
rl_signal,t3_sinsa_daechi,long,off_peak,7.0,3,840.2547,787.3773,47.4548,881.194,126.1367,6742.2,3,True,60,10,12,38,341904->342719->342710->343062->342711->342157->342158->342712->342714->342713->342076->341620->341621->342834->343100->342865->342652->342116->342672->340587->646667->646362->341982->342679->341983->342673->646784->646782->341597->341596->341598->342684->341601->343106->343943->342693->341607->344213->343102->341557->342643->341561->341562->341564->342639->563096->342115->563067->342636->338199->338198->562865->339135->338197->338925->646201->339126->338348->338347->338706->338354
rl_signal,t3_sinsa_daechi,long,off_peak,7.0,4,839.0571,775.6891,57.1423,853.0515,151.8863,6742.2,3,True,60,10,12,38,341904->342719->342710->343062->342711->342157->342158->342712->342714->342713->342076->341620->341621->342834->343100->342865->342652->342116->342672->340587->646667->646362->341982->342679->341983->342673->646784->646782->341597->341596->341598->342684->341601->343106->343943->342693->341607->344213->343102->341557->342643->341561->341562->341564->342639->563096->342115->563067->342636->338199->338198->562865->339135->338197->338925->646201->339126->338348->338347->338706->338354
rl_signal,t3_sinsa_daechi,long,off_peak,7.0,5,919.0527,841.775,72.5319,975.7376,192.7924,7118.0,3,True,66,12,15,39,341904->342719->342710->343062->342711->342157->342158->342712->342714->342713->342076->341620->341621->342834->343100->342865->342652->342116->342672->340587->341789->341589->340701->563070->342670->646668->646669->342669->563097->342673->646784->646782->341597->341596->341598->342684->341601->343106->343943->342693->341607->344213->344212->344213->343102->341557->342643->341561->341562->341564->342639->563096->342115->563067->342636->338199->338198->562865->339135->338197->338925->646201->339126->338348->338347->338706->338354
rl_signal,t3_sinsa_daechi,long,off_peak,7.0,6,877.0643,798.9723,74.7152,986.1241,198.5957,6943.7,3,True,65,11,13,41,341904->342719->342710->343062->342711->342157->342158->342712->342714->342713->342076->341620->341621->342834->343100->342865->342652->342116->342672->342671->340702->341790->341589->341789->340587->646667->646362->341982->342679->341983->342673->646784->646782->341597->341596->341598->342684->341601->343106->343943->342693->341607->344213->343102->341557->342643->341561->341562->341564->342639->563096->342115->563067->342636->338199->338198->562865->339135->338197->338925->646201->339126->338348->338347->338706->338354
rl_signal,t3_sinsa_daechi,long,off_peak,7.0,7,923.7264,836.3253,83.0105,950.7257,220.6448,7199.7,3,True,64,12,14,38,341904->342719->342710->343062->342711->342157->342158->342712->342714->342713->342076->341620->341621->342834->343100->342865->342652->342116->342672->340587->646667->646362->341982->342679->341983->342673->646784->646782->341597->341596->341598->342684->341601->343106->343943->342693->341607->344213->343102->341557->342643->341561->341562->341552->342644->342148->342645->341564->342639->563096->342115->563067->342636->338199->338198->562865->339135->338197->338925->646201->339126->338348->338347->338706->338354
rl_signal,t3_sinsa_daechi,long,off_peak,7.0,8,982.8123,825.7719,149.4545,913.9183,397.2554,6758.3,6,True,74,8,9,57,341904->342719->342710->343062->342711->342157->342158->342712->342714->342713->342076->341620->341621->342834->343100->342865->342652->342116->342672->340587->646667->646362->341982->342679->341983->342673->646784->646782->341597->341596->341598->342684->341601->343106->343943->342693->341607->588038->563143->338261->339538->338258->339132->338586->338262->338587->338588->339119->338589->338205->338992->338592->338259->338591->338204->338789->338923->340045->340479->587843->338594->338227->338693->338595->338210->613615->338596->338197->338925->646201->339126->338348->338347->338706->338354
rl_signal,t3_sinsa_daechi,long,off_peak,7.0,9,862.9307,813.1776,44.7358,893.5583,118.9093,6902.2,3,True,64,12,14,38,341904->342719->342710->343062->342711->342157->342158->342712->344670->342712->342714->342713->342076->341620->341621->342834->343100->342865->342652->342116->342672->340587->646667->646664->646667->646362->341982->342679->341983->342673->646784->646782->341597->341596->341598->342684->341601->343106->343943->342693->341607->344213->343102->341557->342643->341561->341562->341564->342639->563096->342115->563067->342636->338199->338198->562865->339135->338197->338925->646201->339126->338348->338347->338706->338354
rl_signal,t3_sinsa_daechi,long,off_peak,7.0,10,864.1304,773.0399,86.1945,938.9914,229.1081,6742.2,3,True,60,10,12,38,341904->342719->342710->343062->342711->342157->342158->342712->342714->342713->342076->341620->341621->342834->343100->342865->342652->342116->342672->340587->646667->646362->341982->342679->341983->342673->646784->646782->341597->341596->341598->342684->341601->343106->343943->342693->341607->344213->343102->341557->342643->341561->341562->341564->342639->563096->342115->563067->342636->338199->338198->562865->339135->338197->338925->646201->339126->338348->338347->338706->338354
rl_signal,t3_sinsa_daechi,long,off_peak,7.0,11,2390.2169,2335.5984,49.3826,2734.1828,131.2607,21362.8,3,True,158,42,35,81,341904->342719->342117->341623->341905->341633->341903->342155->342720->342715->343651->343652->343651->342716->342717->342718->343098->342718->342159->342700->342695->342699->342697->342699->563099->342699->342697->342699->563099->342699->342697->342699->563099->342699->342697->342699->563099->342699->342697->342699->563099->342699->342697->342699->563099->342699->342697->342699->563099->342699->342697->342699->563099->342699->342697->342699->563099->342699->342697->342699->563099->342699->342697->342699->563099->342699->342697->342699->563099->342699->342697->342699->563099->342699->342697->342699->563099->342699->342697->342699->563099->342699->342697->342699->563099->342699->342697->342699->563099->342699->342697->342699->563099->342699->342697->342699->342695->342700->343100->342865->342652->342116->342672->340587->646667->646362->341982->342679->341983->342673->563097->342669->342679->341983->342673->646784->646782->341597->341596->341598->342684->341601->343106->343943->342693->341607->344213->343102->341557->342643->341555->341736->341568->341561->341562->341564->342645->342148->342644->341552->341562->341564->342639->563096->342115->563067->342636->338199->338198->562865->339135->338197->338925->646201->339126->338348->338347->338706->338354
rl_signal,t3_sinsa_daechi,long,off_peak,7.0,12,1075.9441,919.9521,144.4887,1057.5366,384.0561,7694.9,4,True,68,15,15,38,341904->342719->342117->341623->341905->341633->341903->342155->342720->342715->343651->343652->343651->342716->342717->342718->343098->342718->342159->342700->343100->342865->342652->342116->342672->340587->646667->646362->341982->342679->341983->342673->646784->646782->341597->341596->341598->342684->341601->343106->343943->342693->341607->344213->344212->344213->343102->341557->342643->341561->341562->341564->342639->563096->342115->563067->342636->338199->338198->562865->339135->338197->338925->646201->339126->338348->338347->338346->338354
rl_signal,t3_sinsa_daechi,long,off_peak,7.0,13,921.3249,821.4791,91.1509,952.4107,242.2824,6917.9,5,True,64,11,13,40,341904->342719->342710->343062->342711->342157->342158->342712->342714->342713->342076->341620->341621->342834->343100->342865->340641->340704->341588->341785->342116->342672->340587->342670->646668->646669->342669->563097->342673->646784->646782->341597->341596->341598->342684->341601->343106->343943->342693->341607->344213->343102->341557->342643->341561->341568->341735->341564->342645->341559->342115->563067->342636->338199->338198->562865->339135->338197->338925->646201->339126->338348->338347->338706->338354
rl_signal,t3_sinsa_daechi,long,off_peak,7.0,14,2000.5874,1898.5813,91.9685,2184.1336,244.4556,15529.7,4,True,141,34,41,66,341904->342719->342117->341623->341905->341633->341903->342155->342720->342715->343651->343652->343651->342716->342717->342718->343098->342718->342159->342700->342695->342699->342697->342699->563099->342699->342697->342699->563099->342699->342697->342699->563099->342699->342695->342700->343100->342865->342652->342116->342672->340587->646667->646362->341982->342679->341983->342673->646784->646782->341597->341596->341598->342684->341601->343106->343943->342693->341607->344213->343102->341557->342643->341561->341562->341564->342639->563096->342115->563067->342636->338199->338198->338222->338726->338837->339122->646056->338604->338223->338603->339126->646201->646200->646201->338925->587845->646128->587905->339124->339125->338206->340158->338207->340157->340158->338206->339125->339124->587910->587846->338599->338208->339663->338208->338599->587846->587910->339124->339125->338206->340158->338207->340157->340158->338206->339125->339124->587910->587846->338599->338208->339663->338208->338599->587846->587910->339124->339125->338206->587841->339124->587905->646128->587845->338925->646201->339126->338348->338347->338706->338354
rl_signal,t3_sinsa_daechi,long,off_peak,7.0,15,2266.5642,2132.5657,127.2602,2363.2653,338.2623,18834.1,6,True,148,31,37,80,341904->342719->342710->343062->342711->342157->342158->342712->342714->342713->342076->341620->341621->342834->343100->342700->342159->344204->341621->341620->342076->342713->342714->342712->344670->342712->342714->342713->342076->341620->341621->344204->342159->342700->342695->342699->342697->342699->563099->342699->342697->342699->563099->342699->342697->342699->563099->342699->342697->342699->563099->342699->342697->342699->563099->342699->342697->342699->563099->342699->342697->342699->563099->342699->342697->342699->563099->342699->342697->342699->563099->342699->342697->342699->563099->342699->342697->342699->563099->342699->342697->342699->342695->342700->343100->342865->342652->342116->342672->340587->646667->646362->341982->342679->341983->342673->646784->646782->341597->341596->341598->342684->341601->343106->343943->342693->341607->344213->343102->341557->342643->341555->341736->341568->341561->341562->341564->342639->563096->342115->563067->342636->338199->338198->562865->339135->338197->338925->587845->646128->587905->339124->339125->338598->338208->338599->587846->587910->339124->587905->646128->587845->338925->646201->339126->338348->338347->338706->338354
rl_signal,t3_sinsa_daechi,long,off_peak,7.0,16,1005.8765,884.8241,112.9853,993.5708,300.3189,7575.8,5,True,68,14,12,42,341904->342719->342710->343062->342711->342157->342158->342712->342714->342713->342076->341620->341621->342834->343100->342865->342652->342116->342672->340587->646667->646362->341982->342679->341983->342673->646784->646782->341597->341596->341598->342684->341601->343106->343943->342693->341607->344213->343102->341557->342643->341561->341562->341564->342639->563096->342115->563067->342636->338199->338198->562865->339135->338197->338925->646201->339126->338603->338223->338605->338597->338197->338925->646201->339126->338348->338347->338706->338354
rl_signal,t3_sinsa_daechi,long,off_peak,7.0,17,816.6627,774.5051,39.6853,927.8807,105.485,6742.2,2,True,60,10,12,38,341904->342719->342710->343062->342711->342157->342158->342712->342714->342713->342076->341620->341621->342834->343100->342865->342652->342116->342672->340587->646667->646362->341982->342679->341983->342673->646784->646782->341597->341596->341598->342684->341601->343106->343943->342693->341607->344213->343102->341557->342643->341561->341562->341564->342639->563096->342115->563067->342636->338199->338198->562865->339135->338197->338925->646201->339126->338348->338347->338706->338354
rl_signal,t3_sinsa_daechi,long,off_peak,7.0,18,909.5642,793.3166,107.1658,886.7241,284.8505,6789.0,4,True,62,10,12,40,341904->342719->342710->343062->342711->342157->342158->342712->342714->342713->342076->341620->341621->342834->343100->342865->342652->342116->342672->340587->646667->646362->341982->342679->341983->342673->646784->646782->341597->563098->342151->563301->341593->646355->341601->343106->343943->342693->341607->344213->343102->341557->342643->341561->341562->341564->342639->563096->342115->563067->342636->338199->338198->562865->339135->338197->338925->646201->339126->338348->338347->338706->338354
rl_signal,t3_sinsa_daechi,long,off_peak,7.0,19,814.836,772.8483,37.6217,907.2274,99.9998,6742.2,3,True,60,10,12,38,341904->342719->342710->343062->342711->342157->342158->342712->342714->342713->342076->341620->341621->342834->343100->342865->342652->342116->342672->340587->646667->646362->341982->342679->341983->342673->646784->646782->341597->341596->341598->342684->341601->343106->343943->342693->341607->344213->343102->341557->342643->341561->341562->341564->342639->563096->342115->563067->342636->338199->338198->562865->339135->338197->338925->646201->339126->338348->338347->338706->338354
rl_signal,t3_sinsa_daechi,long,off_peak,7.0,20,2235.3053,2028.4869,196.2644,2189.7089,521.678,15931.4,7,True,160,39,59,62,341904->342719->342710->343062->342711->342157->342158->342712->342714->342713->342076->341620->341621->342834->343100->342865->342652->342116->342672->340587->646667->646362->341982->342679->341983->342673->646784->646782->341597->341596->341598->342684->341601->343106->343943->342693->341607->344213->343102->341557->342643->341561->341562->341564->342639->563096->342115->563067->342636->338199->338198->562865->339135->338197->338925->646201->646200->646201->338925->587845->646128->587905->339124->339125->338206->340158->338207->340157->340158->338206->339125->339124->587910->587846->338599->338208->339663->338208->338599->587846->587910->339124->339125->338206->340158->338207->340157->340158->338206->339125->339124->587910->587846->338599->338208->339663->338208->338599->587846->587910->339124->339125->338206->340158->338207->340157->340158->338206->339125->339124->587910->587846->338599->338208->339663->338208->338599->587846->587910->339124->339125->338206->340158->338207->340157->340158->338207->340157->340158->338207->340157->340158->338207->340157->340158->338207->340157->340158->338206->339125->339124->587910->587846->338599->338208->339663->338208->338599->587846->587910->339124->587905->646128->587845->338925->646201->339126->338348->338347->338706->338354
rl_signal,t3_sinsa_daechi,long,off_peak,7.0,21,819.4307,761.6006,53.3713,865.39,141.8629,6742.2,3,True,60,10,12,38,341904->342719->342710->343062->342711->342157->342158->342712->342714->342713->342076->341620->341621->342834->343100->342865->342652->342116->342672->340587->646667->646362->341982->342679->341983->342673->646784->646782->341597->341596->341598->342684->341601->343106->343943->342693->341607->344213->343102->341557->342643->341561->341562->341564->342639->563096->342115->563067->342636->338199->338198->562865->339135->338197->338925->646201->339126->338348->338347->338706->338354
rl_signal,t3_sinsa_daechi,long,off_peak,7.0,22,802.4067,754.9729,42.8675,892.663,113.9435,6742.2,3,True,60,10,12,38,341904->342719->342710->343062->342711->342157->342158->342712->342714->342713->342076->341620->341621->342834->343100->342865->342652->342116->342672->340587->646667->646362->341982->342679->341983->342673->646784->646782->341597->341596->341598->342684->341601->343106->343943->342693->341607->344213->343102->341557->342643->341561->341562->341564->342639->563096->342115->563067->342636->338199->338198->562865->339135->338197->338925->646201->339126->338348->338347->338706->338354
rl_signal,t3_sinsa_daechi,long,off_peak,7.0,23,885.2831,795.3069,84.4785,945.2293,224.547,6952.9,3,True,63,13,15,35,341904->342719->342710->343062->342711->342157->342158->342712->342714->342713->342076->341620->341621->342834->343100->342865->342652->342116->342672->340587->646667->646362->341982->342679->342669->563097->342673->646784->646782->341597->341596->341598->342684->341601->343106->343943->342693->341607->344213->343102->341557->342643->341561->341562->341552->342644->342148->342645->341559->342115->563067->342636->338199->338198->562865->339135->338197->338925->646201->339126->338348->338347->338706->338354
rl_signal,t3_sinsa_daechi,long,off_peak,7.0,24,794.5191,737.5762,52.2555,873.7415,138.8971,6742.2,3,True,60,10,12,38,341904->342719->342710->343062->342711->342157->342158->342712->342714->342713->342076->341620->341621->342834->343100->342865->342652->342116->342672->340587->646667->646362->341982->342679->341983->342673->646784->646782->341597->341596->341598->342684->341601->343106->343943->342693->341607->344213->343102->341557->342643->341561->341562->341564->342639->563096->342115->563067->342636->338199->338198->562865->339135->338197->338925->646201->339126->338348->338347->338706->338354
rl_signal,t3_sinsa_daechi,long,off_peak,7.0,25,2341.0358,2163.3079,170.7887,2044.3948,453.9626,15746.1,6,False,200,35,113,52,341904->342719->342710->343062->342711->342157->342158->342712->342714->342713->342076->341620->341621->342834->343100->342865->342652->342116->342672->340587->646667->646362->341982->342679->341983->342673->646784->646783->646784->646782->341597->341596->341598->342684->341601->343106->343943->342693->341607->344213->343102->341557->342643->341561->341562->341564->342639->563096->342115->563067->342648->342147->342636->338199->338198->562865->339135->339122->646056->338604->338223->338603->339126->646201->338925->587845->646128->587905->339124->339125->338206->340158->338207->340157->340158->338206->339125->339124->587910->587846->338599->338208->339663->338208->338599->587846->587910->339124->339125->338206->340158->338207->340157->340158->338206->339125->339124->587910->587846->338599->338208->339663->338208->338599->587846->587910->339124->339125->338206->340158->338207->340157->340158->338206->339125->339124->587910->587846->338599->338208->339663->338208->338599->587846->587910->339124->339125->338206->340158->338207->340157->340158->338207->340157->340158->338207->340157->340158->338207->340157->340158->338207->340157->340158->338207->340157->340158->338207->340157->340158->338207->340157->340158->338207->340157->340158->338207->340157->340158->338207->340157->340158->338207->340157->340158->338207->340157->340158->338207->340157->340158->338207->340157->340158->338207->340157->340158->338207->340157->340158->338207->340157->340158->338207->340157->340158->338207->340157->340158->338207->340157->340158->338207->340157->340158->338207->340157->340158->338207->340157->340158
rl_signal,t3_sinsa_daechi,long,off_peak,7.0,26,911.5217,830.464,74.6739,965.6832,198.4859,7199.7,3,True,64,12,14,38,341904->342719->342710->343062->342711->342157->342158->342712->342714->342713->342076->341620->341621->342834->343100->342865->342652->342116->342672->340587->646667->646362->341982->342679->341983->342673->646784->646782->341597->341596->341598->342684->341601->343106->343943->342693->341607->344213->343102->341557->342643->341561->341562->341552->342644->342148->342645->341564->342639->563096->342115->563067->342636->338199->338198->562865->339135->338197->338925->646201->339126->338348->338347->338706->338354
rl_signal,t3_sinsa_daechi,long,off_peak,7.0,27,813.4094,763.1487,44.4626,893.6656,118.1833,6742.2,3,True,60,10,12,38,341904->342719->342710->343062->342711->342157->342158->342712->342714->342713->342076->341620->341621->342834->343100->342865->342652->342116->342672->340587->646667->646362->341982->342679->341983->342673->646784->646782->341597->341596->341598->342684->341601->343106->343943->342693->341607->344213->343102->341557->342643->341561->341562->341564->342639->563096->342115->563067->342636->338199->338198->562865->339135->338197->338925->646201->339126->338348->338347->338706->338354
rl_signal,t3_sinsa_daechi,long,off_peak,7.0,28,942.0887,842.772,93.4868,923.9158,248.4913,6758.3,5,True,74,8,9,57,341904->342719->342710->343062->342711->342157->342158->342712->342714->342713->342076->341620->341621->342834->343100->342865->342652->342116->342672->340587->646667->646362->341982->342679->341983->342673->646784->646782->341597->341596->341598->342684->341601->343106->343943->342693->341607->588038->563143->338261->339538->338258->339132->338586->338262->338587->338588->339119->338589->338205->338992->338592->338259->338591->338204->338789->338923->340045->340479->587843->338594->338227->338693->338595->338210->613615->338596->338197->338925->646201->339126->338348->338347->338706->338354
rl_signal,t3_sinsa_daechi,long,off_peak,7.0,29,802.2532,747.2337,50.0777,879.5444,133.1084,6742.2,3,True,60,10,12,38,341904->342719->342710->343062->342711->342157->342158->342712->342714->342713->342076->341620->341621->342834->343100->342865->342652->342116->342672->340587->646667->646362->341982->342679->341983->342673->646784->646782->341597->341596->341598->342684->341601->343106->343943->342693->341607->344213->343102->341557->342643->341561->341562->341564->342639->563096->342115->563067->342636->338199->338198->562865->339135->338197->338925->646201->339126->338348->338347->338706->338354
rl_signal,t3_sinsa_daechi,long,off_peak,7.0,30,874.2149,775.9519,92.6443,916.0028,246.252,6935.4,3,True,60,11,13,36,341904->342719->342710->343062->342711->342157->342158->342712->342714->342713->342076->341620->341621->342834->343100->342865->342652->342116->342672->340587->342670->646668->646669->342669->563097->342673->646784->646782->341597->341596->341598->342684->341601->343106->343943->342693->341607->344213->343102->341557->342643->341561->341562->341564->342639->563096->342115->563067->342636->338199->338198->562865->339135->338197->338925->646201->339126->338348->338347->338706->338354
rl_signal,t3_sinsa_daechi,long,peak,8.0,1,1829.9304,1748.332,75.6945,2016.8889,201.1988,13786.2,5,False,200,28,116,56,341904->342719->342710->342156->342157->342158->342712->342714->342713->342076->341620->341621->342834->343100->342865->342652->342116->342672->340587->646667->646362->341982->342679->341983->342673->646784->646782->341597->341596->341598->342684->341601->343106->343943->342693->341607->344213->343102->341557->588040->341572->340705->341555->341736->341568->341735->341564->342639->563096->342115->563067->342636->338199->338198->338222->338726->338837->339122->646056->338604->338223->338603->339126->646201->646200->646201->338925->587845->646128->587905->339124->339125->338206->340158->338207->340157->340158->338206->339125->339124->587910->587846->338599->338208->339663->338208->338599->587846->587910->339124->339125->338206->340158->338207->340157->340158->338207->340157->340158->338207->340157->340158->338207->340157->340158->338207->340157->340158->338207->340157->340158->338207->340157->340158->338207->340157->340158->338207->340157->340158->338207->340157->340158->338207->340157->340158->338207->340157->340158->338207->340157->340158->338207->340157->340158->338207->340157->340158->338207->340157->340158->338207->340157->340158->338207->340157->340158->338207->340157->340158->338207->340157->340158->338207->340157->340158->338207->340157->340158->338207->340157->340158->338207->340157->340158->338207->340157->340158->338207->340157->340158->338207->340157->340158->338207->340157->340158->338207->340157->340158->338207->338327->338326->338328->338327->338207->340158->340157->338207->338327->338326->338328->338327->338207->340158->340157->338207->338327->338326->338328->338327
rl_signal,t3_sinsa_daechi,long,peak,8.0,2,1050.6619,869.4527,172.0228,1058.0488,457.2427,7258.1,6,True,67,13,16,38,341904->342719->342710->342156->342157->342158->342712->344670->342712->342714->342713->342076->341620->341621->342834->343100->342865->342652->342116->342672->340587->646667->646362->341982->342679->341983->342673->646784->646782->341597->341596->341598->342684->341601->646355->341593->344353->342694->563168->341608->341553->341563->341552->341562->341564->342639->341549->339128->339093->338226->339127->338649->338999->339654->339136->338209->339659->338210->613615->338596->338197->338925->646201->339126->338348->338347->338346->338354
rl_signal,t3_sinsa_daechi,long,peak,8.0,3,774.7632,723.3611,48.3863,956.6491,128.6124,6477.8,3,True,59,9,11,39,341904->342719->342710->342156->342157->342158->342712->342714->342713->342076->341620->341621->342834->343100->342865->342652->342116->342672->340587->646667->646362->341982->342679->341983->342673->646784->646782->341597->341596->341598->342684->341601->343106->343943->342693->341607->344213->343102->341557->342643->341561->341562->341564->342639->563096->342115->563067->342636->338199->338198->562865->339135->338197->338925->646201->339126->338348->338347->338706->338354
rl_signal,t3_sinsa_daechi,long,peak,8.0,4,860.3272,752.6417,104.2033,951.5213,276.9762,6559.4,4,True,59,10,12,37,341904->342719->342710->342156->342157->342158->342712->342714->342713->342076->341620->341621->342834->343100->342865->342652->342116->342672->340587->646667->646362->341982->342679->341983->342673->646784->646782->341597->341596->341598->342684->341601->343106->343943->342693->341607->344213->343102->341557->342643->341561->341562->341564->342639->563096->342115->563067->342636->338199->338198->562865->339135->338197->338925->646201->339126->338348->338347->338346->338354
rl_signal,t3_sinsa_daechi,long,peak,8.0,5,1257.3673,1143.2457,106.4571,1527.86,282.9668,9668.1,6,True,87,17,18,52,341904->342719->342710->342156->342155->342720->342728->563265->342729->563265->342728->342720->342715->343651->343652->343651->342716->342717->342718->343098->342718->342717->342716->343651->342715->342158->342157->342156->342155->342720->342715->343651->343652->343651->342716->342717->342718->343098->342718->342159->342700->343100->342865->342652->342116->342672->340587->646667->646362->341982->342679->341983->342673->646784->646782->341597->341596->341598->342684->341601->343106->343943->342693->341607->344213->343102->341557->342643->341561->341562->341564->342639->563096->342115->563067->342636->338199->338198->562865->339135->338197->338925->646201->339126->338348->338347->338706->338354
rl_signal,t3_sinsa_daechi,long,peak,8.0,6,786.1704,734.3193,49.61,963.6686,131.8651,6477.8,3,True,59,9,11,39,341904->342719->342710->342156->342157->342158->342712->342714->342713->342076->341620->341621->342834->343100->342865->342652->342116->342672->340587->646667->646362->341982->342679->341983->342673->646784->646782->341597->341596->341598->342684->341601->343106->343943->342693->341607->344213->343102->341557->342643->341561->341562->341564->342639->563096->342115->563067->342636->338199->338198->562865->339135->338197->338925->646201->339126->338348->338347->338706->338354
rl_signal,t3_sinsa_daechi,long,peak,8.0,7,858.6878,792.274,62.0876,1063.3868,165.031,6903.9,4,True,64,12,14,38,341904->342719->342710->342156->342157->342158->342712->342714->342713->342076->341620->341621->342834->343100->342865->342652->342116->342672->342671->340702->341790->341589->340701->563070->342670->646668->646669->342669->563097->342673->646784->646782->341597->341596->341598->342684->341601->343106->343943->342693->341607->344213->343102->341557->342643->341561->341562->341564->342645->341559->342115->563067->342636->338199->338198->562865->339135->338197->338925->646201->339126->338348->338347->338346->338354
rl_signal,t3_sinsa_daechi,long,peak,8.0,8,2624.0608,2574.6676,45.5975,3032.0436,121.1999,22065.3,3,False,200,62,63,75,341904->342719->342710->342156->342157->342158->342712->342714->342713->342076->341620->341621->342834->343100->342865->340641->340704->341588->341785->342116->342672->340587->646667->646362->341982->342679->341983->342673->646784->646782->341597->341596->341598->342684->341601->343106->343943->342693->341607->344213->343102->341557->342643->341561->341562->341564->342639->563096->342115->563067->342636->338199->338198->562865->339135->338197->338925->646201->646200->646201->338925->587845->646128->587905->339124->339125->338206->340158->338207->338327->338326->338328->338327->338207->340158->340157->338207->338327->338326->338328->338327->338207->340158->340157->338207->338327->338326->338328->338327->338207->340158->340157->338207->338327->338326->338328->338327->338207->340158->340157->338207->340158->340157->338207->338327->338326->338328->338327->338207->340158->340157->338207->338327->338326->338328->338327->338207->340158->340157->338207->338327->338326->338328->338327->338207->340158->340157->338207->338327->338326->338328->338327->338207->340158->340157->338207->338327->338326->338328->338327->338326->338328->338327->338207->340158->340157->338207->338327->338326->338328->338327->338207->340158->340157->338207->338327->338326->338328->338327->338207->340158->340157->338207->338327->338326->338328->338327->338207->340158->340157->338207->338327->338326->338328->338327->338207->340158->340157->338207->338327->338326->338328->338327->338207->340158->340157->338207->338327->338326->338328->338327->338207->340158->340157->338207->338327->338326->338328->338327->338207->340158
rl_signal,t3_sinsa_daechi,long,peak,8.0,9,860.6366,796.6154,62.0889,1082.9844,165.0347,6718.3,2,True,64,12,14,38,341904->342719->342710->342156->342157->342158->342712->342714->342713->342076->341620->341621->342834->343100->342865->342652->342116->341785->341588->343777->340703->342671->342672->340587->646667->646362->341982->342679->341983->342673->646784->646782->341597->341596->341598->342684->341601->343106->343943->342693->341607->344213->343102->341557->342643->341561->341562->341564->342639->563096->342115->563067->342636->338199->338198->562865->339135->338197->338925->646201->339126->338348->338347->338346->338354
rl_signal,t3_sinsa_daechi,long,peak,8.0,10,873.3288,756.9198,111.8584,932.9517,297.3236,6559.4,4,True,59,10,12,37,341904->342719->342710->342156->342157->342158->342712->342714->342713->342076->341620->341621->342834->343100->342865->342652->342116->342672->340587->646667->646362->341982->342679->341983->342673->646784->646782->341597->341596->341598->342684->341601->343106->343943->342693->341607->344213->343102->341557->342643->341561->341562->341564->342639->563096->342115->563067->342636->338199->338198->562865->339135->338197->338925->646201->339126->338348->338347->338346->338354
rl_signal,t3_sinsa_daechi,long,peak,8.0,11,1108.8984,961.759,138.4942,1158.75,368.1227,7939.7,7,True,79,14,20,45,341904->342719->342710->342156->342157->342158->342712->342714->342713->342076->341620->341621->342834->343100->342865->342652->342116->342672->340587->646667->646362->341982->342679->341983->342673->646784->646782->341597->341596->341598->342684->341601->343106->343943->342693->341607->344213->343102->341557->342643->341555->341736->341568->341735->341564->342639->341549->339128->339093->338226->339127->338649->339136->339654->340159->338921->340245->340244->340245->338921->340159->339654->339136->338209->339659->338210->613623->645958->613623->338210->613615->338596->338197->338925->646201->339126->338348->338347->338346->338354
rl_signal,t3_sinsa_daechi,long,peak,8.0,12,774.8645,720.9922,50.9474,948.425,135.4201,6477.8,3,True,59,9,11,39,341904->342719->342710->342156->342157->342158->342712->342714->342713->342076->341620->341621->342834->343100->342865->342652->342116->342672->340587->646667->646362->341982->342679->341983->342673->646784->646782->341597->341596->341598->342684->341601->343106->343943->342693->341607->344213->343102->341557->342643->341561->341562->341564->342639->563096->342115->563067->342636->338199->338198->562865->339135->338197->338925->646201->339126->338348->338347->338706->338354
rl_signal,t3_sinsa_daechi,long,peak,8.0,13,787.6058,724.3142,59.5044,929.3349,158.1649,6567.0,3,True,61,9,13,39,341904->342719->342710->342156->342157->342158->342712->342714->342713->342076->341620->341621->342834->343100->342865->342652->342116->342672->340587->646667->646362->341982->342679->341983->342673->646784->646783->646784->646782->341597->341596->341598->342684->341601->343106->343943->342693->341607->344213->343102->341557->342643->341561->341562->341564->342639->563096->342115->563067->342636->338199->338198->562865->339135->338197->338925->646201->339126->338348->338347->338706->338354
rl_signal,t3_sinsa_daechi,long,peak,8.0,14,2145.6018,1967.5527,172.6911,2509.139,459.0192,15924.8,6,False,200,25,105,70,341904->342719->342710->342156->342157->342158->342712->342714->342713->342076->341620->341621->342834->343100->342865->342652->342116->342672->340587->646667->646362->341982->342679->341983->342673->646784->646782->341597->341596->341598->342684->341601->343106->343943->342693->341607->344213->343102->341557->342643->341561->341562->341564->342639->563096->342115->563067->342636->338199->338252->338226->339127->338649->338999->339654->339136->645956->338227->338693->338595->338210->613615->338596->338197->338925->646201->339126->338603->338223->338602->339123->339120->339123->338790->339152->338733->646265->338311->339297->339000->339664->338312->338709->338313->340271->338314->338315->338345->340097->339563->338317->613780->613779->338340->338363->587871->338351->338350->339575->338326->338328->338327->338207->340158->340157->338207->338327->338326->338328->338327->338207->340158->340157->338207->338327->338326->338328->338327->338207->340158->340157->338234->339582->338232->613774->613775->338232->339582->338234->340157->340158->338207->340157->340158->338207->340157->340158->338207->340157->340158->338207->340157->340158->338207->340157->340158->338207->340157->340158->338207->340157->340158->338207->340157->340158->338207->340157->340158->338207->340157->340158->338207->340157->340158->338207->340157->340158->338207->340157->340158->338207->340157->340158->338207->340157->340158->338207->340157->340158->338207->340157->340158->338207->340157->340158->338207->340157->340158->338207->340157->340158->338207->340157->340158->338207->340157->340158->338207->340157->340158->338207
rl_signal,t3_sinsa_daechi,long,peak,8.0,15,810.2601,757.0058,50.2132,948.1617,133.4685,6623.8,3,True,61,10,14,37,341904->342719->342710->342156->342157->342711->342712->342714->342713->342076->341620->341621->342834->343100->342865->342652->342116->342672->340587->646667->646362->341982->342679->342651->342679->341983->342673->646784->646782->341597->341596->341598->342684->341601->343106->343943->342693->341607->344213->343102->341557->342643->341561->341562->341564->342639->563096->342115->563067->342636->338199->338198->562865->339135->338197->338925->646201->339126->338348->338347->338706->338354
rl_signal,t3_sinsa_daechi,long,peak,8.0,16,969.2206,865.6792,99.445,1135.4395,264.3283,7543.8,3,True,71,11,17,43,341904->342719->342710->342156->342157->342158->342712->342714->342713->342076->341620->341621->342834->343100->342865->342652->342116->342672->340587->646667->646362->341982->342679->341983->342673->646784->646782->341597->341596->341598->342684->341601->343106->343943->342693->341607->344213->343102->341557->342643->341561->341562->341564->342639->563096->342115->563067->342636->338199->338198->562865->339135->338197->338925->587845->646128->587905->339124->339125->338206->587841->339124->587905->646128->587845->338925->646201->339126->338348->338347->338346->338354
rl_signal,t3_sinsa_daechi,long,peak,8.0,17,894.5135,833.5431,56.3446,1083.3769,149.766,7242.7,4,True,74,13,14,47,341904->342719->342710->342156->342157->342158->342712->342714->342713->342076->341620->341621->342834->343100->342865->342652->342116->341785->341588->343777->340703->342671->342672->340587->646667->646362->341982->342679->341983->342673->646784->646782->341597->341596->341598->342684->341601->343106->343943->342693->341607->588038->563143->338261->339538->338258->613662->339651->338651->562921->562923->342153->341556->341555->342643->341561->341562->341564->342639->563096->342115->563067->342636->338199->338198->562865->339135->338197->338925->646201->339126->338348->338347->338346->338354
rl_signal,t3_sinsa_daechi,long,peak,8.0,18,832.5194,752.6387,77.9599,1027.4178,207.2204,6559.4,2,True,59,10,12,37,341904->342719->342710->342156->342157->342158->342712->342714->342713->342076->341620->341621->342834->343100->342865->342652->342116->342672->340587->646667->646362->341982->342679->341983->342673->646784->646782->341597->341596->341598->342684->341601->343106->343943->342693->341607->344213->343102->341557->342643->341561->341562->341564->342639->563096->342115->563067->342636->338199->338198->562865->339135->338197->338925->646201->339126->338348->338347->338346->338354
rl_signal,t3_sinsa_daechi,long,peak,8.0,19,852.0925,769.9172,78.2314,1016.6778,207.9418,6648.6,4,True,61,10,14,37,341904->342719->342710->342156->342157->342158->342712->342714->342713->342076->341620->341621->342834->343100->342865->342652->342116->342672->340587->646667->646362->341982->342679->341983->342673->646784->646783->646784->646782->341597->341596->341598->342684->341601->343106->343943->342693->341607->344213->343102->341557->342643->341561->341562->341564->342639->563096->342115->563067->342636->338199->338198->562865->339135->338197->338925->646201->339126->338348->338347->338346->338354
rl_signal,t3_sinsa_daechi,long,peak,8.0,20,777.0535,725.9978,48.5398,961.0255,129.0205,6477.8,3,True,59,9,11,39,341904->342719->342710->342156->342157->342158->342712->342714->342713->342076->341620->341621->342834->343100->342865->342652->342116->342672->340587->646667->646362->341982->342679->341983->342673->646784->646782->341597->341596->341598->342684->341601->343106->343943->342693->341607->344213->343102->341557->342643->341561->341562->341564->342639->563096->342115->563067->342636->338199->338198->562865->339135->338197->338925->646201->339126->338348->338347->338706->338354
rl_signal,t3_sinsa_daechi,long,peak,8.0,21,888.1473,812.7314,71.617,1079.056,190.3605,7002.2,3,True,69,10,11,48,341904->342719->342710->342156->342157->342158->342712->342714->342713->342076->341620->341621->342834->343100->342865->342652->342116->342672->340587->646667->646362->341982->342679->341983->342673->646784->646782->341597->341596->341598->342684->341601->343106->343943->342693->341607->588038->563143->338261->339538->338258->613662->339651->338651->562921->562923->342153->341556->341555->342643->341561->341562->341564->342639->563096->342115->563067->342636->338199->338198->562865->339135->338197->338925->646201->339126->338348->338347->338706->338354
rl_signal,t3_sinsa_daechi,long,peak,8.0,22,2668.5216,2393.1718,265.0174,2922.7081,704.4259,19951.5,9,False,200,44,76,80,341904->342719->342710->342156->342157->342158->342712->342714->342713->342076->341620->341621->342834->343100->342865->342652->342116->342672->340587->646667->646664->646667->646362->341982->342679->341983->342673->646784->646782->341597->341596->341598->342684->341601->343106->343943->342693->341607->344213->343102->341557->342643->341561->341562->341564->342639->563096->342115->563067->342636->338199->338198->562865->339135->339122->646056->338604->338223->338603->339126->646201->646200->646201->338925->587845->646128->587905->339124->339125->338206->340158->338207->340157->340158->338206->339125->338598->338208->338599->587846->587910->339124->339125->338206->340158->338207->340157->340158->338206->339125->339124->587910->587846->338599->338208->338598->339125->339124->587910->587846->338599->338208->339663->338208->338599->587846->587910->339124->339125->338206->340158->338207->340157->340158->338207->340157->340158->338207->340157->340158->338207->340157->340158->338207->340157->340158->338207->340157->340158->338207->340157->340158->338207->340157->340158->338207->340157->340158->338207->340157->340158->338207->340157->338234->339582->338232->613774->613775->338232->338908->338255->338246->338248->338249->339110->338352->338619->338618->338351->338350->339575->338326->338328->338342->338887->340280->340271->338344->338312->338343->338313->338707->338314->338315->338887->338342->338328->338327->338207->340158->340157->338207->338327->338326->338328->338327->338207->340158->340157->338207->338327->338326->338328->338327->338207->340158->340157->338207->338327->338326->338328
rl_signal,t3_sinsa_daechi,long,peak,8.0,23,793.7994,762.1321,29.0907,1009.4509,77.3242,6742.2,3,True,60,10,12,38,341904->342719->342710->343062->342711->342157->342158->342712->342714->342713->342076->341620->341621->342834->343100->342865->342652->342116->342672->340587->646667->646362->341982->342679->341983->342673->646784->646782->341597->341596->341598->342684->341601->343106->343943->342693->341607->344213->343102->341557->342643->341561->341562->341564->342639->563096->342115->563067->342636->338199->338198->562865->339135->338197->338925->646201->339126->338348->338347->338706->338354
rl_signal,t3_sinsa_daechi,long,peak,8.0,24,796.8977,755.8714,39.0363,987.6385,103.7599,6742.2,3,True,60,10,12,38,341904->342719->342710->343062->342711->342157->342158->342712->342714->342713->342076->341620->341621->342834->343100->342865->342652->342116->342672->340587->646667->646362->341982->342679->341983->342673->646784->646782->341597->341596->341598->342684->341601->343106->343943->342693->341607->344213->343102->341557->342643->341561->341562->341564->342639->563096->342115->563067->342636->338199->338198->562865->339135->338197->338925->646201->339126->338348->338347->338706->338354
rl_signal,t3_sinsa_daechi,long,peak,8.0,25,907.1674,887.5082,17.155,1193.7268,45.5985,7985.3,2,True,67,12,15,40,341904->341903->342155->342720->342728->563265->342729->563265->342728->342720->342715->343651->343652->343651->342716->342717->342718->343098->342718->342159->342700->343100->342865->342652->342116->342672->340587->646667->646362->341982->342679->341983->342673->646784->646782->341597->341596->341598->342684->341601->343106->343943->342693->341607->344213->343102->341557->342643->341561->341562->341564->342639->563096->342115->563067->342636->338199->338198->562865->339135->338197->338925->646201->339126->338348->338347->338346->338354
rl_signal,t3_sinsa_daechi,long,peak,8.0,26,925.7284,819.3603,103.7769,1117.149,275.8428,6974.8,3,True,64,13,11,40,341904->342719->342710->342156->342157->342158->342712->342714->342713->342076->341620->341621->342834->343100->342865->342652->342116->342672->340587->646667->646362->341982->342679->341983->342673->563097->342669->342679->341983->342673->646784->646782->341597->341596->341598->342684->341601->343106->343943->342693->341607->344213->343102->341557->342643->341561->341562->341564->342639->563096->342115->563067->342636->338199->338198->562865->339135->338197->338925->646201->339126->338348->338347->338706->338354
rl_signal,t3_sinsa_daechi,long,peak,8.0,27,848.2721,778.1595,67.8801,1092.7812,180.4278,6477.8,2,True,59,9,11,39,341904->342719->342710->342156->342157->342158->342712->342714->342713->342076->341620->341621->342834->343100->342865->342652->342116->342672->340587->646667->646362->341982->342679->341983->342673->646784->646782->341597->341596->341598->342684->341601->343106->343943->342693->341607->344213->343102->341557->342643->341561->341562->341564->342639->563096->342115->563067->342636->338199->338198->562865->339135->338197->338925->646201->339126->338348->338347->338706->338354
rl_signal,t3_sinsa_daechi,long,peak,8.0,28,1206.3086,1031.2075,166.077,1255.777,441.4386,8452.6,8,True,86,11,17,58,341904->342719->342710->342156->342157->342158->342712->342714->342713->342076->341620->341621->342834->343100->342865->342652->342116->342672->340587->646667->646362->341982->342679->341983->342673->646784->646782->341597->341596->341598->342684->341601->343106->343943->342693->341607->344213->343102->341557->342643->341561->341562->341564->342639->563096->342115->563067->342636->338199->338198->562865->339135->338197->338925->646201->339126->338603->338223->338602->339123->338790->339152->338733->646265->338311->339297->339000->339664->338312->338709->338313->340271->338314->338707->338313->340271->338314->338707->338313->338343->339266->338728->338341->338349->339296->338346->338354
rl_signal,t3_sinsa_daechi,long,peak,8.0,29,1024.8533,958.8729,63.1572,1243.2924,167.874,8131.1,2,True,71,12,17,42,341904->342719->342710->342156->342157->342158->342715->342720->342728->563265->342729->563265->342728->342720->342715->343651->343652->343651->342716->342717->342718->343098->342718->342159->342700->343100->342865->342652->342116->342672->340587->646667->646362->341982->342679->341983->342673->646784->646782->341597->341596->341598->342684->341601->343106->343943->342693->341607->344213->343102->341557->342643->341561->341562->341564->342639->563096->342115->563067->342636->338199->338198->562865->339135->338197->338925->646201->339126->338348->338347->338346->338354
rl_signal,t3_sinsa_daechi,long,peak,8.0,30,778.043,726.8776,48.8464,969.4486,129.8356,6477.8,2,True,59,9,11,39,341904->342719->342710->342156->342157->342158->342712->342714->342713->342076->341620->341621->342834->343100->342865->342652->342116->342672->340587->646667->646362->341982->342679->341983->342673->646784->646782->341597->341596->341598->342684->341601->343106->343943->342693->341607->344213->343102->341557->342643->341561->341562->341564->342639->563096->342115->563067->342636->338199->338198->562865->339135->338197->338925->646201->339126->338348->338347->338706->338354
