model,route,route_type,time_slot,start_hour,rep,fuel_total,fuel_drive,fuel_idle,travel_time,wait_time,distance,wait_count,reached,steps,n_left,n_right,n_straight,path
shortest_dijkstra,od1_sinnonhyeon_suseo,long,peak,8.0,1,1628.7665,1197.7543,407.2998,1235.9787,1082.6176,9210.2,18,True,80,2,5,73,342695->342700->343100->342865->340641->340704->341588->343777->340703->342671->340702->341790->341589->340701->563070->340700->341581->341792->342664->341793->341587->341794->342634->340699->342632->343072->341795->341544->341796->343669->341798->342622->341797->341771->341545->341772->646612->341541->340708->646354->342633->342626->344210->341542->341773->341547->563166->341548->340707->343666->343075->341543->588052->341499->344500->342607->587988->342821->341768->646932->341500->341501->343078->647029->647031->647028->647033->342043->338909->338898->338897->340035->338396->338397->338402->338405->338404->338391->338773->613666->613667
shortest_dijkstra,od1_sinnonhyeon_suseo,long,peak,8.0,2,1570.4321,1154.1007,397.4872,1228.0107,1056.5353,9210.2,18,True,80,2,5,73,342695->342700->343100->342865->340641->340704->341588->343777->340703->342671->340702->341790->341589->340701->563070->340700->341581->341792->342664->341793->341587->341794->342634->340699->342632->343072->341795->341544->341796->343669->341798->342622->341797->341771->341545->341772->646612->341541->340708->646354->342633->342626->344210->341542->341773->341547->563166->341548->340707->343666->343075->341543->588052->341499->344500->342607->587988->342821->341768->646932->341500->341501->343078->647029->647031->647028->647033->342043->338909->338898->338897->340035->338396->338397->338402->338405->338404->338391->338773->613666->613667
shortest_dijkstra,od1_sinnonhyeon_suseo,long,peak,8.0,3,1584.5039,1156.5139,403.7298,1223.3673,1073.1285,9210.2,18,True,80,2,5,73,342695->342700->343100->342865->340641->340704->341588->343777->340703->342671->340702->341790->341589->340701->563070->340700->341581->341792->342664->341793->341587->341794->342634->340699->342632->343072->341795->341544->341796->343669->341798->342622->341797->341771->341545->341772->646612->341541->340708->646354->342633->342626->344210->341542->341773->341547->563166->341548->340707->343666->343075->341543->588052->341499->344500->342607->587988->342821->341768->646932->341500->341501->343078->647029->647031->647028->647033->342043->338909->338898->338897->340035->338396->338397->338402->338405->338404->338391->338773->613666->613667
shortest_dijkstra,od1_sinnonhyeon_suseo,long,peak,8.0,4,1517.1284,1108.8076,387.3425,1266.4396,1029.5704,9210.2,18,True,80,2,5,73,342695->342700->343100->342865->340641->340704->341588->343777->340703->342671->340702->341790->341589->340701->563070->340700->341581->341792->342664->341793->341587->341794->342634->340699->342632->343072->341795->341544->341796->343669->341798->342622->341797->341771->341545->341772->646612->341541->340708->646354->342633->342626->344210->341542->341773->341547->563166->341548->340707->343666->343075->341543->588052->341499->344500->342607->587988->342821->341768->646932->341500->341501->343078->647029->647031->647028->647033->342043->338909->338898->338897->340035->338396->338397->338402->338405->338404->338391->338773->613666->613667
shortest_dijkstra,od1_sinnonhyeon_suseo,long,peak,8.0,5,1585.5396,1158.4922,406.7711,1181.4358,1081.2123,9210.2,18,True,80,2,5,73,342695->342700->343100->342865->340641->340704->341588->343777->340703->342671->340702->341790->341589->340701->563070->340700->341581->341792->342664->341793->341587->341794->342634->340699->342632->343072->341795->341544->341796->343669->341798->342622->341797->341771->341545->341772->646612->341541->340708->646354->342633->342626->344210->341542->341773->341547->563166->341548->340707->343666->343075->341543->588052->341499->344500->342607->587988->342821->341768->646932->341500->341501->343078->647029->647031->647028->647033->342043->338909->338898->338897->340035->338396->338397->338402->338405->338404->338391->338773->613666->613667
shortest_dijkstra,od1_sinnonhyeon_suseo,long,peak,8.0,6,1581.9484,1150.3426,409.0006,1185.2114,1087.1384,9210.2,18,True,80,2,5,73,342695->342700->343100->342865->340641->340704->341588->343777->340703->342671->340702->341790->341589->340701->563070->340700->341581->341792->342664->341793->341587->341794->342634->340699->342632->343072->341795->341544->341796->343669->341798->342622->341797->341771->341545->341772->646612->341541->340708->646354->342633->342626->344210->341542->341773->341547->563166->341548->340707->343666->343075->341543->588052->341499->344500->342607->587988->342821->341768->646932->341500->341501->343078->647029->647031->647028->647033->342043->338909->338898->338897->340035->338396->338397->338402->338405->338404->338391->338773->613666->613667
shortest_dijkstra,od1_sinnonhyeon_suseo,long,peak,8.0,7,1549.4639,1114.64,412.0252,1187.4871,1095.178,9210.2,18,True,80,2,5,73,342695->342700->343100->342865->340641->340704->341588->343777->340703->342671->340702->341790->341589->340701->563070->340700->341581->341792->342664->341793->341587->341794->342634->340699->342632->343072->341795->341544->341796->343669->341798->342622->341797->341771->341545->341772->646612->341541->340708->646354->342633->342626->344210->341542->341773->341547->563166->341548->340707->343666->343075->341543->588052->341499->344500->342607->587988->342821->341768->646932->341500->341501->343078->647029->647031->647028->647033->342043->338909->338898->338897->340035->338396->338397->338402->338405->338404->338391->338773->613666->613667
shortest_dijkstra,od1_sinnonhyeon_suseo,long,peak,8.0,8,1592.0626,1183.7734,384.1123,1302.9917,1020.9845,9210.2,18,True,80,2,5,73,342695->342700->343100->342865->340641->340704->341588->343777->340703->342671->340702->341790->341589->340701->563070->340700->341581->341792->342664->341793->341587->341794->342634->340699->342632->343072->341795->341544->341796->343669->341798->342622->341797->341771->341545->341772->646612->341541->340708->646354->342633->342626->344210->341542->341773->341547->563166->341548->340707->343666->343075->341543->588052->341499->344500->342607->587988->342821->341768->646932->341500->341501->343078->647029->647031->647028->647033->342043->338909->338898->338897->340035->338396->338397->338402->338405->338404->338391->338773->613666->613667
shortest_dijkstra,od1_sinnonhyeon_suseo,long,peak,8.0,9,1563.3191,1138.2818,402.7636,1194.4288,1070.5603,9210.2,18,True,80,2,5,73,342695->342700->343100->342865->340641->340704->341588->343777->340703->342671->340702->341790->341589->340701->563070->340700->341581->341792->342664->341793->341587->341794->342634->340699->342632->343072->341795->341544->341796->343669->341798->342622->341797->341771->341545->341772->646612->341541->340708->646354->342633->342626->344210->341542->341773->341547->563166->341548->340707->343666->343075->341543->588052->341499->344500->342607->587988->342821->341768->646932->341500->341501->343078->647029->647031->647028->647033->342043->338909->338898->338897->340035->338396->338397->338402->338405->338404->338391->338773->613666->613667
shortest_dijkstra,od1_sinnonhyeon_suseo,long,peak,8.0,10,1548.8981,1141.8889,385.9873,1269.5495,1025.9684,9210.2,18,True,80,2,5,73,342695->342700->343100->342865->340641->340704->341588->343777->340703->342671->340702->341790->341589->340701->563070->340700->341581->341792->342664->341793->341587->341794->342634->340699->342632->343072->341795->341544->341796->343669->341798->342622->341797->341771->341545->341772->646612->341541->340708->646354->342633->342626->344210->341542->341773->341547->563166->341548->340707->343666->343075->341543->588052->341499->344500->342607->587988->342821->341768->646932->341500->341501->343078->647029->647031->647028->647033->342043->338909->338898->338897->340035->338396->338397->338402->338405->338404->338391->338773->613666->613667
shortest_dijkstra,od1_sinnonhyeon_suseo,long,peak,8.0,11,1535.7707,1126.7472,385.2342,1239.9277,1023.9666,9210.2,18,True,80,2,5,73,342695->342700->343100->342865->340641->340704->341588->343777->340703->342671->340702->341790->341589->340701->563070->340700->341581->341792->342664->341793->341587->341794->342634->340699->342632->343072->341795->341544->341796->343669->341798->342622->341797->341771->341545->341772->646612->341541->340708->646354->342633->342626->344210->341542->341773->341547->563166->341548->340707->343666->343075->341543->588052->341499->344500->342607->587988->342821->341768->646932->341500->341501->343078->647029->647031->647028->647033->342043->338909->338898->338897->340035->338396->338397->338402->338405->338404->338391->338773->613666->613667
shortest_dijkstra,od1_sinnonhyeon_suseo,long,peak,8.0,12,1559.823,1126.9609,411.0729,1203.4821,1092.6466,9210.2,18,True,80,2,5,73,342695->342700->343100->342865->340641->340704->341588->343777->340703->342671->340702->341790->341589->340701->563070->340700->341581->341792->342664->341793->341587->341794->342634->340699->342632->343072->341795->341544->341796->343669->341798->342622->341797->341771->341545->341772->646612->341541->340708->646354->342633->342626->344210->341542->341773->341547->563166->341548->340707->343666->343075->341543->588052->341499->344500->342607->587988->342821->341768->646932->341500->341501->343078->647029->647031->647028->647033->342043->338909->338898->338897->340035->338396->338397->338402->338405->338404->338391->338773->613666->613667
shortest_dijkstra,od1_sinnonhyeon_suseo,long,peak,8.0,13,1585.9215,1145.7781,415.8223,1182.9691,1105.2707,9210.2,18,True,80,2,5,73,342695->342700->343100->342865->340641->340704->341588->343777->340703->342671->340702->341790->341589->340701->563070->340700->341581->341792->342664->341793->341587->341794->342634->340699->342632->343072->341795->341544->341796->343669->341798->342622->341797->341771->341545->341772->646612->341541->340708->646354->342633->342626->344210->341542->341773->341547->563166->341548->340707->343666->343075->341543->588052->341499->344500->342607->587988->342821->341768->646932->341500->341501->343078->647029->647031->647028->647033->342043->338909->338898->338897->340035->338396->338397->338402->338405->338404->338391->338773->613666->613667
shortest_dijkstra,od1_sinnonhyeon_suseo,long,peak,8.0,14,1607.6792,1185.7068,399.7397,1228.6034,1062.5226,9210.2,18,True,80,2,5,73,342695->342700->343100->342865->340641->340704->341588->343777->340703->342671->340702->341790->341589->340701->563070->340700->341581->341792->342664->341793->341587->341794->342634->340699->342632->343072->341795->341544->341796->343669->341798->342622->341797->341771->341545->341772->646612->341541->340708->646354->342633->342626->344210->341542->341773->341547->563166->341548->340707->343666->343075->341543->588052->341499->344500->342607->587988->342821->341768->646932->341500->341501->343078->647029->647031->647028->647033->342043->338909->338898->338897->340035->338396->338397->338402->338405->338404->338391->338773->613666->613667
shortest_dijkstra,od1_sinnonhyeon_suseo,long,peak,8.0,15,1548.8804,1134.3105,394.5396,1277.8416,1048.7005,9210.2,18,True,80,2,5,73,342695->342700->343100->342865->340641->340704->341588->343777->340703->342671->340702->341790->341589->340701->563070->340700->341581->341792->342664->341793->341587->341794->342634->340699->342632->343072->341795->341544->341796->343669->341798->342622->341797->341771->341545->341772->646612->341541->340708->646354->342633->342626->344210->341542->341773->341547->563166->341548->340707->343666->343075->341543->588052->341499->344500->342607->587988->342821->341768->646932->341500->341501->343078->647029->647031->647028->647033->342043->338909->338898->338897->340035->338396->338397->338402->338405->338404->338391->338773->613666->613667
shortest_dijkstra,od1_sinnonhyeon_suseo,long,peak,8.0,16,1563.9307,1143.9816,396.5389,1260.6784,1054.0147,9210.2,18,True,80,2,5,73,342695->342700->343100->342865->340641->340704->341588->343777->340703->342671->340702->341790->341589->340701->563070->340700->341581->341792->342664->341793->341587->341794->342634->340699->342632->343072->341795->341544->341796->343669->341798->342622->341797->341771->341545->341772->646612->341541->340708->646354->342633->342626->344210->341542->341773->341547->563166->341548->340707->343666->343075->341543->588052->341499->344500->342607->587988->342821->341768->646932->341500->341501->343078->647029->647031->647028->647033->342043->338909->338898->338897->340035->338396->338397->338402->338405->338404->338391->338773->613666->613667
shortest_dijkstra,od1_sinnonhyeon_suseo,long,peak,8.0,17,1568.4683,1135.6803,410.6884,1180.3832,1091.6247,9210.2,18,True,80,2,5,73,342695->342700->343100->342865->340641->340704->341588->343777->340703->342671->340702->341790->341589->340701->563070->340700->341581->341792->342664->341793->341587->341794->342634->340699->342632->343072->341795->341544->341796->343669->341798->342622->341797->341771->341545->341772->646612->341541->340708->646354->342633->342626->344210->341542->341773->341547->563166->341548->340707->343666->343075->341543->588052->341499->344500->342607->587988->342821->341768->646932->341500->341501->343078->647029->647031->647028->647033->342043->338909->338898->338897->340035->338396->338397->338402->338405->338404->338391->338773->613666->613667
shortest_dijkstra,od1_sinnonhyeon_suseo,long,peak,8.0,18,1552.7388,1130.4592,401.1675,1203.5583,1066.3178,9210.2,18,True,80,2,5,73,342695->342700->343100->342865->340641->340704->341588->343777->340703->342671->340702->341790->341589->340701->563070->340700->341581->341792->342664->341793->341587->341794->342634->340699->342632->343072->341795->341544->341796->343669->341798->342622->341797->341771->341545->341772->646612->341541->340708->646354->342633->342626->344210->341542->341773->341547->563166->341548->340707->343666->343075->341543->588052->341499->344500->342607->587988->342821->341768->646932->341500->341501->343078->647029->647031->647028->647033->342043->338909->338898->338897->340035->338396->338397->338402->338405->338404->338391->338773->613666->613667
shortest_dijkstra,od1_sinnonhyeon_suseo,long,peak,8.0,19,1537.2307,1125.9208,388.1815,1252.6484,1031.8005,9210.2,17,True,80,2,5,73,342695->342700->343100->342865->340641->340704->341588->343777->340703->342671->340702->341790->341589->340701->563070->340700->341581->341792->342664->341793->341587->341794->342634->340699->342632->343072->341795->341544->341796->343669->341798->342622->341797->341771->341545->341772->646612->341541->340708->646354->342633->342626->344210->341542->341773->341547->563166->341548->340707->343666->343075->341543->588052->341499->344500->342607->587988->342821->341768->646932->341500->341501->343078->647029->647031->647028->647033->342043->338909->338898->338897->340035->338396->338397->338402->338405->338404->338391->338773->613666->613667
shortest_dijkstra,od1_sinnonhyeon_suseo,long,peak,8.0,20,1602.2634,1192.732,387.9174,1227.6056,1031.0986,9210.2,18,True,80,2,5,73,342695->342700->343100->342865->340641->340704->341588->343777->340703->342671->340702->341790->341589->340701->563070->340700->341581->341792->342664->341793->341587->341794->342634->340699->342632->343072->341795->341544->341796->343669->341798->342622->341797->341771->341545->341772->646612->341541->340708->646354->342633->342626->344210->341542->341773->341547->563166->341548->340707->343666->343075->341543->588052->341499->344500->342607->587988->342821->341768->646932->341500->341501->343078->647029->647031->647028->647033->342043->338909->338898->338897->340035->338396->338397->338402->338405->338404->338391->338773->613666->613667
shortest_dijkstra,od1_sinnonhyeon_suseo,long,peak,8.0,21,1522.9156,1090.939,411.1194,1142.2935,1092.7704,9210.2,18,True,80,2,5,73,342695->342700->343100->342865->340641->340704->341588->343777->340703->342671->340702->341790->341589->340701->563070->340700->341581->341792->342664->341793->341587->341794->342634->340699->342632->343072->341795->341544->341796->343669->341798->342622->341797->341771->341545->341772->646612->341541->340708->646354->342633->342626->344210->341542->341773->341547->563166->341548->340707->343666->343075->341543->588052->341499->344500->342607->587988->342821->341768->646932->341500->341501->343078->647029->647031->647028->647033->342043->338909->338898->338897->340035->338396->338397->338402->338405->338404->338391->338773->613666->613667
shortest_dijkstra,od1_sinnonhyeon_suseo,long,peak,8.0,22,1558.1386,1135.2155,402.336,1238.6829,1069.4238,9210.2,17,True,80,2,5,73,342695->342700->343100->342865->340641->340704->341588->343777->340703->342671->340702->341790->341589->340701->563070->340700->341581->341792->342664->341793->341587->341794->342634->340699->342632->343072->341795->341544->341796->343669->341798->342622->341797->341771->341545->341772->646612->341541->340708->646354->342633->342626->344210->341542->341773->341547->563166->341548->340707->343666->343075->341543->588052->341499->344500->342607->587988->342821->341768->646932->341500->341501->343078->647029->647031->647028->647033->342043->338909->338898->338897->340035->338396->338397->338402->338405->338404->338391->338773->613666->613667
shortest_dijkstra,od1_sinnonhyeon_suseo,long,peak,8.0,23,1537.03,1135.9864,379.7873,1323.2225,1009.4884,9210.2,17,True,80,2,5,73,342695->342700->343100->342865->340641->340704->341588->343777->340703->342671->340702->341790->341589->340701->563070->340700->341581->341792->342664->341793->341587->341794->342634->340699->342632->343072->341795->341544->341796->343669->341798->342622->341797->341771->341545->341772->646612->341541->340708->646354->342633->342626->344210->341542->341773->341547->563166->341548->340707->343666->343075->341543->588052->341499->344500->342607->587988->342821->341768->646932->341500->341501->343078->647029->647031->647028->647033->342043->338909->338898->338897->340035->338396->338397->338402->338405->338404->338391->338773->613666->613667
shortest_dijkstra,od1_sinnonhyeon_suseo,long,peak,8.0,24,1615.9812,1191.8431,401.8977,1300.3108,1068.2587,9210.2,18,True,80,2,5,73,342695->342700->343100->342865->340641->340704->341588->343777->340703->342671->340702->341790->341589->340701->563070->340700->341581->341792->342664->341793->341587->341794->342634->340699->342632->343072->341795->341544->341796->343669->341798->342622->341797->341771->341545->341772->646612->341541->340708->646354->342633->342626->344210->341542->341773->341547->563166->341548->340707->343666->343075->341543->588052->341499->344500->342607->587988->342821->341768->646932->341500->341501->343078->647029->647031->647028->647033->342043->338909->338898->338897->340035->338396->338397->338402->338405->338404->338391->338773->613666->613667
shortest_dijkstra,od1_sinnonhyeon_suseo,long,peak,8.0,25,1571.9124,1153.3787,397.4481,1230.5914,1056.4316,9210.2,17,True,80,2,5,73,342695->342700->343100->342865->340641->340704->341588->343777->340703->342671->340702->341790->341589->340701->563070->340700->341581->341792->342664->341793->341587->341794->342634->340699->342632->343072->341795->341544->341796->343669->341798->342622->341797->341771->341545->341772->646612->341541->340708->646354->342633->342626->344210->341542->341773->341547->563166->341548->340707->343666->343075->341543->588052->341499->344500->342607->587988->342821->341768->646932->341500->341501->343078->647029->647031->647028->647033->342043->338909->338898->338897->340035->338396->338397->338402->338405->338404->338391->338773->613666->613667
shortest_dijkstra,od1_sinnonhyeon_suseo,long,peak,8.0,26,1545.6184,1118.4946,403.4787,1181.1769,1072.4611,9210.2,18,True,80,2,5,73,342695->342700->343100->342865->340641->340704->341588->343777->340703->342671->340702->341790->341589->340701->563070->340700->341581->341792->342664->341793->341587->341794->342634->340699->342632->343072->341795->341544->341796->343669->341798->342622->341797->341771->341545->341772->646612->341541->340708->646354->342633->342626->344210->341542->341773->341547->563166->341548->340707->343666->343075->341543->588052->341499->344500->342607->587988->342821->341768->646932->341500->341501->343078->647029->647031->647028->647033->342043->338909->338898->338897->340035->338396->338397->338402->338405->338404->338391->338773->613666->613667
shortest_dijkstra,od1_sinnonhyeon_suseo,long,peak,8.0,27,1542.2996,1130.197,392.6717,1222.7114,1043.7355,9210.2,18,True,80,2,5,73,342695->342700->343100->342865->340641->340704->341588->343777->340703->342671->340702->341790->341589->340701->563070->340700->341581->341792->342664->341793->341587->341794->342634->340699->342632->343072->341795->341544->341796->343669->341798->342622->341797->341771->341545->341772->646612->341541->340708->646354->342633->342626->344210->341542->341773->341547->563166->341548->340707->343666->343075->341543->588052->341499->344500->342607->587988->342821->341768->646932->341500->341501->343078->647029->647031->647028->647033->342043->338909->338898->338897->340035->338396->338397->338402->338405->338404->338391->338773->613666->613667
shortest_dijkstra,od1_sinnonhyeon_suseo,long,peak,8.0,28,1630.2576,1201.0257,406.3218,1211.5681,1080.0182,9210.2,18,True,80,2,5,73,342695->342700->343100->342865->340641->340704->341588->343777->340703->342671->340702->341790->341589->340701->563070->340700->341581->341792->342664->341793->341587->341794->342634->340699->342632->343072->341795->341544->341796->343669->341798->342622->341797->341771->341545->341772->646612->341541->340708->646354->342633->342626->344210->341542->341773->341547->563166->341548->340707->343666->343075->341543->588052->341499->344500->342607->587988->342821->341768->646932->341500->341501->343078->647029->647031->647028->647033->342043->338909->338898->338897->340035->338396->338397->338402->338405->338404->338391->338773->613666->613667
shortest_dijkstra,od1_sinnonhyeon_suseo,long,peak,8.0,29,1566.9595,1153.9683,389.8284,1259.4051,1036.1779,9210.2,18,True,80,2,5,73,342695->342700->343100->342865->340641->340704->341588->343777->340703->342671->340702->341790->341589->340701->563070->340700->341581->341792->342664->341793->341587->341794->342634->340699->342632->343072->341795->341544->341796->343669->341798->342622->341797->341771->341545->341772->646612->341541->340708->646354->342633->342626->344210->341542->341773->341547->563166->341548->340707->343666->343075->341543->588052->341499->344500->342607->587988->342821->341768->646932->341500->341501->343078->647029->647031->647028->647033->342043->338909->338898->338897->340035->338396->338397->338402->338405->338404->338391->338773->613666->613667
shortest_dijkstra,od1_sinnonhyeon_suseo,long,peak,8.0,30,1516.6783,1082.4424,412.7113,1203.8574,1097.0015,9210.2,18,True,80,2,5,73,342695->342700->343100->342865->340641->340704->341588->343777->340703->342671->340702->341790->341589->340701->563070->340700->341581->341792->342664->341793->341587->341794->342634->340699->342632->343072->341795->341544->341796->343669->341798->342622->341797->341771->341545->341772->646612->341541->340708->646354->342633->342626->344210->341542->341773->341547->563166->341548->340707->343666->343075->341543->588052->341499->344500->342607->587988->342821->341768->646932->341500->341501->343078->647029->647031->647028->647033->342043->338909->338898->338897->340035->338396->338397->338402->338405->338404->338391->338773->613666->613667
static_fuel_dijkstra,od1_sinnonhyeon_suseo,long,peak,8.0,1,1068.5218,998.3809,64.9539,1101.1177,172.6497,9421.4,3,True,64,6,9,49,342695->342700->343100->342865->342652->342116->342672->340587->342670->343657->342666->342663->342681->342617->342618->342632->343072->341795->341544->341796->343669->341798->342622->341797->341771->341545->340698->341540->340697->343457->341546->344219->646319->563132->343774->343516->341492->341499->344500->342607->587988->342821->341768->646932->341500->343341->343340->341501->343078->647029->647031->647028->647033->342043->338909->338898->338897->340035->338396->338400->338399->338391->338773->613666->613667
static_fuel_dijkstra,od1_sinnonhyeon_suseo,long,peak,8.0,2,1170.245,1073.6677,92.8325,1161.0948,246.7521,9439.0,3,True,64,7,10,47,342695->342700->343100->342865->342652->342116->342672->340587->342670->343657->342666->342663->342681->342617->342618->342632->343072->341795->341544->341796->343669->341798->342622->341797->341771->341545->340698->341540->340697->343457->341546->344219->646319->563132->343774->343516->341492->340588->342606->342607->587988->342821->341768->646932->341500->343341->343340->341501->343078->647029->647031->647028->647033->342043->338909->338898->338897->340035->338396->338400->338399->338391->338773->613666->613667
static_fuel_dijkstra,od1_sinnonhyeon_suseo,long,peak,8.0,3,1080.0845,998.1218,75.288,1139.7574,200.1183,9367.9,4,True,62,4,7,51,342695->342700->343100->342865->342652->342116->342672->340587->342670->343657->342666->342663->342681->342617->342618->342632->343072->341795->341544->341796->343669->341798->342622->341797->341771->341545->340698->341540->340697->343457->341546->344219->646319->563132->343774->343516->341492->341499->344500->342607->587988->342821->341768->646932->341500->341501->343078->647029->647031->647028->647033->342043->338909->338898->338897->340035->338396->338400->338399->338391->338773->613666->613667
static_fuel_dijkstra,od1_sinnonhyeon_suseo,long,peak,8.0,4,1086.7315,997.7453,83.9414,1108.5104,223.1194,9367.9,4,True,62,4,7,51,342695->342700->343100->342865->342652->342116->342672->340587->342670->343657->342666->342663->342681->342617->342618->342632->343072->341795->341544->341796->343669->341798->342622->341797->341771->341545->340698->341540->340697->343457->341546->344219->646319->563132->343774->343516->341492->341499->344500->342607->587988->342821->341768->646932->341500->341501->343078->647029->647031->647028->647033->342043->338909->338898->338897->340035->338396->338400->338399->338391->338773->613666->613667
static_fuel_dijkstra,od1_sinnonhyeon_suseo,long,peak,8.0,5,1058.2074,962.0268,91.7056,1068.8263,243.7567,9439.0,3,True,64,7,10,47,342695->342700->343100->342865->342652->342116->342672->340587->342670->343657->342666->342663->342681->342617->342618->342632->343072->341795->341544->341796->343669->341798->342622->341797->341771->341545->340698->341540->340697->343457->341546->344219->646319->563132->343774->343516->341492->340588->342606->342607->587988->342821->341768->646932->341500->343341->343340->341501->343078->647029->647031->647028->647033->342043->338909->338898->338897->340035->338396->338400->338399->338391->338773->613666->613667
static_fuel_dijkstra,od1_sinnonhyeon_suseo,long,peak,8.0,6,1342.0767,1250.3214,86.1929,1619.6257,229.1038,9385.5,3,True,62,5,8,49,342695->342700->343100->342865->342652->342116->342672->340587->342670->343657->342666->342663->342681->342617->342618->342632->343072->341795->341544->341796->343669->341798->342622->341797->341771->341545->340698->341540->340697->343457->341546->344219->646319->563132->343774->343516->341492->340588->342606->342607->587988->342821->341768->646932->341500->341501->343078->647029->647031->647028->647033->342043->338909->338898->338897->340035->338396->338400->338399->338391->338773->613666->613667
static_fuel_dijkstra,od1_sinnonhyeon_suseo,long,peak,8.0,7,1116.1429,1068.9715,44.1596,1233.105,117.3779,9675.1,2,True,67,7,10,50,342695->342700->343100->342865->342652->342116->342672->340587->342670->343657->342666->342663->342681->342617->342634->340699->342632->343072->341795->341544->341796->343669->341798->342622->341797->341771->341545->341772->646612->341541->341539->563187->341540->340697->343457->341546->344219->646319->563132->343774->343516->341492->340588->342606->342607->587988->342821->341768->646932->341500->341501->343078->647029->647031->647028->647033->342043->338909->338898->338897->340035->338396->338400->338399->338391->338773->613666->613667
static_fuel_dijkstra,od1_sinnonhyeon_suseo,long,peak,8.0,8,1064.9113,1005.9251,55.0103,1188.3526,146.2193,9421.4,3,True,64,6,9,49,342695->342700->343100->342865->342652->342116->342672->340587->342670->343657->342666->342663->342681->342617->342618->342632->343072->341795->341544->341796->343669->341798->342622->341797->341771->341545->340698->341540->340697->343457->341546->344219->646319->563132->343774->343516->341492->341499->344500->342607->587988->342821->341768->646932->341500->343341->343340->341501->343078->647029->647031->647028->647033->342043->338909->338898->338897->340035->338396->338400->338399->338391->338773->613666->613667
static_fuel_dijkstra,od1_sinnonhyeon_suseo,long,peak,8.0,9,1170.4699,1098.3767,67.2726,1271.6418,178.8129,9439.0,3,True,64,7,10,47,342695->342700->343100->342865->342652->342116->342672->340587->342670->343657->342666->342663->342681->342617->342618->342632->343072->341795->341544->341796->343669->341798->342622->341797->341771->341545->340698->341540->340697->343457->341546->344219->646319->563132->343774->343516->341492->340588->342606->342607->587988->342821->341768->646932->341500->343341->343340->341501->343078->647029->647031->647028->647033->342043->338909->338898->338897->340035->338396->338400->338399->338391->338773->613666->613667
static_fuel_dijkstra,od1_sinnonhyeon_suseo,long,peak,8.0,10,1163.9283,1029.996,129.307,1174.4082,343.7028,9445.0,4,True,65,7,10,48,342695->342700->343100->342865->342652->342116->342672->340587->342670->343657->342666->342663->342681->342617->342634->340699->342632->343072->341795->341544->341796->343669->341798->342622->341797->341771->341545->340698->341540->340697->343457->341546->344219->646319->563132->343774->343516->341492->340588->342606->342607->587988->342821->341768->646932->341500->343341->343340->341501->343078->647029->647031->647028->647033->342043->338909->338898->338897->340035->338396->338400->338399->338391->338773->613666->613667
static_fuel_dijkstra,od1_sinnonhyeon_suseo,long,peak,8.0,11,1140.7464,1052.9104,82.6321,1129.4985,219.6391,9373.9,4,True,63,4,7,52,342695->342700->343100->342865->342652->342116->342672->340587->342670->343657->342666->342663->342681->342617->342634->340699->342632->343072->341795->341544->341796->343669->341798->342622->341797->341771->341545->340698->341540->340697->343457->341546->344219->646319->563132->343774->343516->341492->341499->344500->342607->587988->342821->341768->646932->341500->341501->343078->647029->647031->647028->647033->342043->338909->338898->338897->340035->338396->338400->338399->338391->338773->613666->613667
static_fuel_dijkstra,od1_sinnonhyeon_suseo,long,peak,8.0,12,1032.3949,972.4793,56.629,1102.9106,150.522,9427.4,3,True,65,6,9,50,342695->342700->343100->342865->342652->342116->342672->340587->342670->343657->342666->342663->342681->342617->342634->340699->342632->343072->341795->341544->341796->343669->341798->342622->341797->341771->341545->340698->341540->340697->343457->341546->344219->646319->563132->343774->343516->341492->341499->344500->342607->587988->342821->341768->646932->341500->343341->343340->341501->343078->647029->647031->647028->647033->342043->338909->338898->338897->340035->338396->338400->338399->338391->338773->613666->613667
static_fuel_dijkstra,od1_sinnonhyeon_suseo,long,peak,8.0,13,1092.8023,997.4178,91.5657,1056.3815,243.3849,9439.0,3,True,64,7,10,47,342695->342700->343100->342865->342652->342116->342672->340587->342670->343657->342666->342663->342681->342617->342618->342632->343072->341795->341544->341796->343669->341798->342622->341797->341771->341545->340698->341540->340697->343457->341546->344219->646319->563132->343774->343516->341492->340588->342606->342607->587988->342821->341768->646932->341500->343341->343340->341501->343078->647029->647031->647028->647033->342043->338909->338898->338897->340035->338396->338400->338399->338391->338773->613666->613667
static_fuel_dijkstra,od1_sinnonhyeon_suseo,long,peak,8.0,14,1075.3195,986.8679,83.6543,1085.8612,222.3563,9445.0,3,True,65,7,10,48,342695->342700->343100->342865->342652->342116->342672->340587->342670->343657->342666->342663->342681->342617->342634->340699->342632->343072->341795->341544->341796->343669->341798->342622->341797->341771->341545->340698->341540->340697->343457->341546->344219->646319->563132->343774->343516->341492->340588->342606->342607->587988->342821->341768->646932->341500->343341->343340->341501->343078->647029->647031->647028->647033->342043->338909->338898->338897->340035->338396->338400->338399->338391->338773->613666->613667
static_fuel_dijkstra,od1_sinnonhyeon_suseo,long,peak,8.0,15,1093.3215,1010.9254,79.5391,1175.7778,211.4177,9439.0,3,True,64,7,10,47,342695->342700->343100->342865->342652->342116->342672->340587->342670->343657->342666->342663->342681->342617->342618->342632->343072->341795->341544->341796->343669->341798->342622->341797->341771->341545->340698->341540->340697->343457->341546->344219->646319->563132->343774->343516->341492->340588->342606->342607->587988->342821->341768->646932->341500->343341->343340->341501->343078->647029->647031->647028->647033->342043->338909->338898->338897->340035->338396->338400->338399->338391->338773->613666->613667
static_fuel_dijkstra,od1_sinnonhyeon_suseo,long,peak,8.0,16,1100.7404,1043.7142,54.2493,1168.2528,144.1966,9728.6,2,True,69,9,12,48,342695->342700->343100->342865->342652->342116->342672->340587->342670->343657->342666->342663->342681->342617->342634->340699->342632->343072->341795->341544->341796->343669->341798->342622->341797->341771->341545->341772->646612->341541->341539->563187->341540->340697->343457->341546->344219->646319->563132->343774->343516->341492->340588->342606->342607->587988->342821->341768->646932->341500->343341->343340->341501->343078->647029->647031->647028->647033->342043->338909->338898->338897->340035->338396->338400->338399->338391->338773->613666->613667
static_fuel_dijkstra,od1_sinnonhyeon_suseo,long,peak,8.0,17,1127.1908,1037.532,85.7988,1151.4055,228.0562,9445.0,3,True,65,7,10,48,342695->342700->343100->342865->342652->342116->342672->340587->342670->343657->342666->342663->342681->342617->342634->340699->342632->343072->341795->341544->341796->343669->341798->342622->341797->341771->341545->340698->341540->340697->343457->341546->344219->646319->563132->343774->343516->341492->340588->342606->342607->587988->342821->341768->646932->341500->343341->343340->341501->343078->647029->647031->647028->647033->342043->338909->338898->338897->340035->338396->338400->338399->338391->338773->613666->613667
static_fuel_dijkstra,od1_sinnonhyeon_suseo,long,peak,8.0,18,1117.4355,1008.9274,102.2711,1045.2815,271.8403,9439.0,3,True,64,7,10,47,342695->342700->343100->342865->342652->342116->342672->340587->342670->343657->342666->342663->342681->342617->342618->342632->343072->341795->341544->341796->343669->341798->342622->341797->341771->341545->340698->341540->340697->343457->341546->344219->646319->563132->343774->343516->341492->340588->342606->342607->587988->342821->341768->646932->341500->343341->343340->341501->343078->647029->647031->647028->647033->342043->338909->338898->338897->340035->338396->338400->338399->338391->338773->613666->613667
static_fuel_dijkstra,od1_sinnonhyeon_suseo,long,peak,8.0,19,1098.0769,1039.6983,55.3982,1173.4943,147.2503,9722.6,2,True,68,9,12,47,342695->342700->343100->342865->342652->342116->342672->340587->342670->343657->342666->342663->342681->342617->342618->342632->343072->341795->341544->341796->343669->341798->342622->341797->341771->341545->341772->646612->341541->341539->563187->341540->340697->343457->341546->344219->646319->563132->343774->343516->341492->340588->342606->342607->587988->342821->341768->646932->341500->343341->343340->341501->343078->647029->647031->647028->647033->342043->338909->338898->338897->340035->338396->338400->338399->338391->338773->613666->613667
static_fuel_dijkstra,od1_sinnonhyeon_suseo,long,peak,8.0,20,1046.301,1038.0982,5.4462,1164.6161,14.4763,9728.6,2,True,69,9,12,48,342695->342700->343100->342865->342652->342116->342672->340587->342670->343657->342666->342663->342681->342617->342634->340699->342632->343072->341795->341544->341796->343669->341798->342622->341797->341771->341545->341772->646612->341541->341539->563187->341540->340697->343457->341546->344219->646319->563132->343774->343516->341492->340588->342606->342607->587988->342821->341768->646932->341500->343341->343340->341501->343078->647029->647031->647028->647033->342043->338909->338898->338897->340035->338396->338400->338399->338391->338773->613666->613667
static_fuel_dijkstra,od1_sinnonhyeon_suseo,long,peak,8.0,21,1100.7448,1003.2258,92.5024,1093.1881,245.8746,9385.5,3,True,62,5,8,49,342695->342700->343100->342865->342652->342116->342672->340587->342670->343657->342666->342663->342681->342617->342618->342632->343072->341795->341544->341796->343669->341798->342622->341797->341771->341545->340698->341540->340697->343457->341546->344219->646319->563132->343774->343516->341492->340588->342606->342607->587988->342821->341768->646932->341500->341501->343078->647029->647031->647028->647033->342043->338909->338898->338897->340035->338396->338400->338399->338391->338773->613666->613667
static_fuel_dijkstra,od1_sinnonhyeon_suseo,long,peak,8.0,22,1101.0313,1009.4517,86.9009,1125.1387,230.9858,9385.5,2,True,62,5,8,49,342695->342700->343100->342865->342652->342116->342672->340587->342670->343657->342666->342663->342681->342617->342618->342632->343072->341795->341544->341796->343669->341798->342622->341797->341771->341545->340698->341540->340697->343457->341546->344219->646319->563132->343774->343516->341492->340588->342606->342607->587988->342821->341768->646932->341500->341501->343078->647029->647031->647028->647033->342043->338909->338898->338897->340035->338396->338400->338399->338391->338773->613666->613667
static_fuel_dijkstra,od1_sinnonhyeon_suseo,long,peak,8.0,23,1071.4466,1065.7564,3.8346,1192.0463,10.1925,9728.6,1,True,69,9,12,48,342695->342700->343100->342865->342652->342116->342672->340587->342670->343657->342666->342663->342681->342617->342634->340699->342632->343072->341795->341544->341796->343669->341798->342622->341797->341771->341545->341772->646612->341541->341539->563187->341540->340697->343457->341546->344219->646319->563132->343774->343516->341492->340588->342606->342607->587988->342821->341768->646932->341500->343341->343340->341501->343078->647029->647031->647028->647033->342043->338909->338898->338897->340035->338396->338400->338399->338391->338773->613666->613667
static_fuel_dijkstra,od1_sinnonhyeon_suseo,long,peak,8.0,24,1123.3583,1033.6639,84.7664,1116.8784,225.3121,9439.0,3,True,64,7,10,47,342695->342700->343100->342865->342652->342116->342672->340587->342670->343657->342666->342663->342681->342617->342618->342632->343072->341795->341544->341796->343669->341798->342622->341797->341771->341545->340698->341540->340697->343457->341546->344219->646319->563132->343774->343516->341492->340588->342606->342607->587988->342821->341768->646932->341500->343341->343340->341501->343078->647029->647031->647028->647033->342043->338909->338898->338897->340035->338396->338400->338399->338391->338773->613666->613667
static_fuel_dijkstra,od1_sinnonhyeon_suseo,long,peak,8.0,25,1096.3782,1029.3098,62.357,1141.6301,165.7471,9445.0,3,True,65,7,10,48,342695->342700->343100->342865->342652->342116->342672->340587->342670->343657->342666->342663->342681->342617->342634->340699->342632->343072->341795->341544->341796->343669->341798->342622->341797->341771->341545->340698->341540->340697->343457->341546->344219->646319->563132->343774->343516->341492->340588->342606->342607->587988->342821->341768->646932->341500->343341->343340->341501->343078->647029->647031->647028->647033->342043->338909->338898->338897->340035->338396->338400->338399->338391->338773->613666->613667
static_fuel_dijkstra,od1_sinnonhyeon_suseo,long,peak,8.0,26,1061.828,990.8285,65.6368,1182.6763,174.465,9421.4,3,True,64,6,9,49,342695->342700->343100->342865->342652->342116->342672->340587->342670->343657->342666->342663->342681->342617->342618->342632->343072->341795->341544->341796->343669->341798->342622->341797->341771->341545->340698->341540->340697->343457->341546->344219->646319->563132->343774->343516->341492->341499->344500->342607->587988->342821->341768->646932->341500->343341->343340->341501->343078->647029->647031->647028->647033->342043->338909->338898->338897->340035->338396->338400->338399->338391->338773->613666->613667
static_fuel_dijkstra,od1_sinnonhyeon_suseo,long,peak,8.0,27,1013.2575,1007.9441,2.5581,1107.7386,6.7995,9728.6,2,True,69,9,12,48,342695->342700->343100->342865->342652->342116->342672->340587->342670->343657->342666->342663->342681->342617->342634->340699->342632->343072->341795->341544->341796->343669->341798->342622->341797->341771->341545->341772->646612->341541->341539->563187->341540->340697->343457->341546->344219->646319->563132->343774->343516->341492->340588->342606->342607->587988->342821->341768->646932->341500->343341->343340->341501->343078->647029->647031->647028->647033->342043->338909->338898->338897->340035->338396->338400->338399->338391->338773->613666->613667
static_fuel_dijkstra,od1_sinnonhyeon_suseo,long,peak,8.0,28,1114.9137,1025.3006,84.3586,1081.4425,224.2283,9439.0,3,True,64,7,10,47,342695->342700->343100->342865->342652->342116->342672->340587->342670->343657->342666->342663->342681->342617->342618->342632->343072->341795->341544->341796->343669->341798->342622->341797->341771->341545->340698->341540->340697->343457->341546->344219->646319->563132->343774->343516->341492->340588->342606->342607->587988->342821->341768->646932->341500->343341->343340->341501->343078->647029->647031->647028->647033->342043->338909->338898->338897->340035->338396->338400->338399->338391->338773->613666->613667
static_fuel_dijkstra,od1_sinnonhyeon_suseo,long,peak,8.0,29,1054.307,1054.307,0.0,1178.5696,0.0,9728.6,0,True,69,9,12,48,342695->342700->343100->342865->342652->342116->342672->340587->342670->343657->342666->342663->342681->342617->342634->340699->342632->343072->341795->341544->341796->343669->341798->342622->341797->341771->341545->341772->646612->341541->341539->563187->341540->340697->343457->341546->344219->646319->563132->343774->343516->341492->340588->342606->342607->587988->342821->341768->646932->341500->343341->343340->341501->343078->647029->647031->647028->647033->342043->338909->338898->338897->340035->338396->338400->338399->338391->338773->613666->613667
static_fuel_dijkstra,od1_sinnonhyeon_suseo,long,peak,8.0,30,1145.3287,1050.7317,91.1654,1244.5832,242.321,9385.5,3,True,62,5,8,49,342695->342700->343100->342865->342652->342116->342672->340587->342670->343657->342666->342663->342681->342617->342618->342632->343072->341795->341544->341796->343669->341798->342622->341797->341771->341545->340698->341540->340697->343457->341546->344219->646319->563132->343774->343516->341492->340588->342606->342607->587988->342821->341768->646932->341500->341501->343078->647029->647031->647028->647033->342043->338909->338898->338897->340035->338396->338400->338399->338391->338773->613666->613667
rl_base,od1_sinnonhyeon_suseo,long,peak,8.0,1,2679.7856,2364.9049,297.7542,2948.7875,791.4415,19589.0,13,False,200,54,38,108,342695->342700->343100->342834->341621->341620->342076->342713->342714->342712->342158->342715->342720->342155->342156->342710->343062->342711->342157->342158->342715->342720->342728->563265->342729->563265->342728->342720->342715->342158->342157->342711->343062->563071->340626->341619->563100->341780->341614->341779->341781->341617->341616->342655->341575->341584->342676->341582->341811->341579->341578->341810->341580->342657->342654->342653->342676->341582->341811->341579->341590->341577->341812->341584->344570->613854->341813->341585->341783->341618->343068->341616->341585->341813->613854->344570->341584->342676->341582->341811->341579->341578->341576->341809->341244->342499->342068->344388->341891->341163->341166->343027->344434->341169->341166->341163->341891->342483->342655->341575->341584->342676->341582->341811->341579->341590->341577->341812->341584->342676->341582->341811->341579->341590->341577->341812->341584->342676->341582->341811->341579->341590->341577->341812->341584->342676->341582->341811->341579->341590->341577->341812->341584->342676->341582->341811->341579->341590->341577->341812->341584->342676->341582->341811->341579->341590->341577->341812->341584->342676->341582->341811->341579->341590->341576->341809->341244->341239->341918->341917->343037->342503->343032->343033->343034->342501->342146->342500->342498->342502->341249->341806->341260->341586->646411->587943->342682->342662->342667->341581->340700->563070->342670->340587->646667->646362->341982->342679->341983->342673->646784->646782->341597->341596->341598->342684->341601->343106->343943->342693->341607
rl_base,od1_sinnonhyeon_suseo,long,peak,8.0,2,1425.8824,1351.2966,69.9295,1541.7334,185.8751,11003.8,4,True,100,18,22,60,342695->342700->343100->342865->342652->342116->342672->340587->342670->646668->646669->342669->342679->341983->342673->646784->646782->341597->341596->341598->342684->341601->343106->343943->342693->341607->344213->343102->341557->588040->341572->341734->338261->339538->338258->613662->339651->338651->562919->562884->613773->613772->339003->339662->341549->342639->563096->342115->563067->342648->342147->341996->341571->340229->562951->338222->338198->562865->339135->339122->646056->338604->338223->338603->339126->338348->338347->338346->339296->338349->338341->338728->339266->338343->338312->338344->562956->562954->338355->338356->339216->339584->340268->338759->338758->338279->587863->340185->340186->340168->340185->340186->338897->340035->338396->338400->338399->338391->338773->613666->613667
rl_base,od1_sinnonhyeon_suseo,long,peak,8.0,3,1582.3117,1421.5782,148.0395,1771.6856,393.4944,11769.7,9,True,101,20,20,61,342695->342700->343100->342865->342652->342116->342672->340587->342670->646668->646669->342669->342679->341983->342673->646784->646782->341597->341596->341598->342684->341601->343106->343943->342693->341607->344213->343102->341557->588040->341572->339293->338651->562919->562884->613773->613772->339003->339662->341549->342639->563096->342115->563067->342648->342147->341996->341571->340229->562951->338222->338198->562865->339135->339122->646056->338604->338223->338603->339126->338348->338347->338346->338354->338601->339884->339712->339713->338326->338327->338328->338342->338887->340280->340271->338314->338315->338345->340097->339563->338317->339562->338296->645999->646000->338362->339695->339697->338278->338298->338297->645982->339213->338361->339150->338403->338372->338404->338391->338773->613666->613667
rl_base,od1_sinnonhyeon_suseo,long,peak,8.0,4,1576.7141,1458.9759,107.7606,1870.6075,286.4316,12021.1,7,True,108,24,20,64,342695->342700->343100->342865->342652->342116->342672->340587->342670->646668->646669->342669->342679->341983->342673->646784->646782->341597->341596->341598->342684->341601->343106->343943->342693->341607->344213->344212->344213->343102->341557->588040->341572->339293->338651->562919->562884->613773->613772->339003->339662->341549->342639->563096->342115->563067->342648->342147->341996->341571->340229->562951->338222->338198->562865->339135->339122->646056->338604->338223->338603->339126->338348->338347->338346->338354->338601->339884->339712->339713->338326->338327->338328->338342->338887->340280->340271->338314->338315->338345->340097->339563->338317->339562->339563->338317->338620->338318->338319->338320->339710->338321->339871->338791->338306->338308->338307->338615->339149->338614->338361->339150->338403->338372->338404->338391->338773->613666->613667
rl_base,od1_sinnonhyeon_suseo,long,peak,8.0,5,1523.6026,1381.954,133.1104,1798.3815,353.8123,11769.7,8,True,101,20,20,61,342695->342700->343100->342865->342652->342116->342672->340587->342670->646668->646669->342669->342679->341983->342673->646784->646782->341597->341596->341598->342684->341601->343106->343943->342693->341607->344213->343102->341557->588040->341572->339293->338651->562919->562884->613773->613772->339003->339662->341549->342639->563096->342115->563067->342648->342147->341996->341571->340229->562951->338222->338198->562865->339135->339122->646056->338604->338223->338603->339126->338348->338347->338346->338354->338601->339884->339712->339713->338326->338327->338328->338342->338887->340280->340271->338314->338315->338345->340097->339563->338317->339562->338296->645999->646000->338362->339695->339697->338278->338298->338297->645982->339213->338361->339150->338403->338372->338404->338391->338773->613666->613667
rl_base,od1_sinnonhyeon_suseo,long,peak,8.0,6,1592.2367,1440.7263,141.4468,1795.153,375.9707,12034.0,7,True,104,22,24,58,342695->342700->343100->342865->342652->342116->342672->340587->342670->646668->646669->646666->646669->342669->342679->341983->342673->646784->646782->341597->341596->341598->342684->341601->343106->343943->342693->341607->344213->343102->341557->588040->341572->339293->338651->562919->562884->613773->613772->339003->339662->341549->342639->563096->342115->563067->342648->342147->342636->338199->338198->562865->339135->339122->646056->338604->338223->338603->339126->338348->338347->338346->338354->338601->339884->339712->339713->338326->338327->338328->338342->338887->340280->340271->338314->338315->338345->340097->339563->338317->339562->338296->338958->339210->338294->646241->338295->338277->339298->340235->338299->645952->338298->338297->645982->339213->338361->339150->338403->338372->338404->338391->338773->613666->613667
rl_base,od1_sinnonhyeon_suseo,long,peak,8.0,7,1795.2926,1583.2583,200.4858,1951.3818,532.8986,13971.1,10,True,114,20,18,76,342695->342700->343100->342865->342652->342116->342672->340587->342670->343657->342666->342663->342681->342617->646583->342615->343819->342631->563095->342614->340597->342633->646354->340708->341541->646612->341772->341545->341771->341797->342622->341798->343669->341796->341544->341795->343072->342632->342618->343820->646558->340583->342072->342614->563095->342631->341591->341592->342649->341608->341777->341565->341554->341551->342640->342641->341737->341569->341985->341559->342645->341564->342639->563096->342115->563067->342648->342147->341996->341571->340229->562951->338222->338198->562865->339135->339122->646056->338604->338223->338603->339126->338348->338347->338346->339296->338349->338341->338728->339266->338343->338312->338344->562956->562954->338355->338356->339216->339584->340268->338759->338758->338279->587863->340185->340186->338897->340035->338396->338400->338399->338391->338773->613666->613667
rl_base,od1_sinnonhyeon_suseo,long,peak,8.0,8,1676.4128,1529.3441,137.1786,1930.8544,364.6258,12847.3,8,True,112,23,22,67,342695->342700->343100->342865->342652->342116->342672->340587->342670->646668->646669->342669->342679->341983->342673->646784->646782->341597->341596->341598->342684->341601->343106->343943->342693->341607->344213->343102->341557->588040->341572->339293->338651->562919->562884->613773->613772->339003->339662->341549->342639->563096->342115->563067->342648->342147->341996->341571->340229->562951->338222->338198->562865->339135->339122->646056->338604->338223->338603->339126->338348->338347->338346->338354->338601->339884->339712->339713->338326->338327->338328->338342->338887->340280->340271->338314->338315->338345->340097->339563->338317->339562->338296->645999->646000->338362->339695->339697->338278->613781->645974->338277->339298->340235->338299->645952->338298->338278->338955->338308->338307->338615->339149->338614->338361->339150->338403->338372->338404->338391->338773->613666->613667
rl_base,od1_sinnonhyeon_suseo,long,peak,8.0,9,1525.9163,1331.2054,186.336,1700.941,495.2879,11147.0,8,True,99,18,21,60,342695->342700->343100->342865->342652->342116->342672->340587->342670->646668->646669->342669->342679->341983->342673->646784->646782->341597->341596->341598->342684->341601->343106->343943->342693->341607->344213->343102->341557->588040->341572->339293->338651->562919->562884->613773->613772->339003->339662->341549->342639->341564->342645->341559->342115->563067->342648->342147->341996->341571->340229->562951->338222->338198->562865->339135->339122->646056->338604->338223->338603->339126->338348->338347->338346->339296->338349->338341->338728->339266->338343->338313->340271->338314->338315->338345->340097->339563->338317->339562->338296->645999->646000->338362->339695->339697->338278->338298->338297->645982->339213->338361->339150->338403->338372->338404->338391->338773->613666->613667
rl_base,od1_sinnonhyeon_suseo,long,peak,8.0,10,1359.8357,1271.1976,84.659,1558.1292,225.0267,10795.6,4,True,105,18,20,67,342695->342700->343100->342865->342652->342116->342672->340587->341789->341589->340701->563070->342670->646668->646669->342669->342679->341983->342673->646784->646782->341597->341596->341598->343105->341906->341907->341605->341594->343104->341601->343106->343943->342693->341607->344213->343102->341557->588040->341572->339293->338651->562919->562884->613773->613772->339003->339662->341549->342639->563096->342115->563067->342648->342147->341996->341571->340229->562951->338222->338198->562865->339135->339122->646056->338604->338223->338603->339126->338348->338347->338346->339296->338349->338341->338728->339266->338343->338312->338344->562956->562954->338355->338356->339216->339584->340268->338759->338758->338279->587863->340185->340186->338897->340035->340034->340035->338396->338397->338402->338405->338404->338391->338773->613666->613667
rl_base,od1_sinnonhyeon_suseo,long,peak,8.0,11,2130.8976,1746.1662,366.9257,2221.0559,975.3019,14639.2,15,True,128,24,23,81,342695->342700->343100->342865->342652->342116->342672->340587->342670->646668->646669->342669->342679->341982->646362->646667->340587->342670->343657->342666->342663->342681->342617->646583->342615->343819->342631->563095->342614->340597->342633->646354->340708->341541->646612->341772->341545->341771->341797->342622->341798->343669->341796->341544->341795->343072->342632->342618->343820->646558->340583->342072->341544->613853->341544->342072->342614->563095->342631->341591->341592->342649->341608->341777->341565->341554->341551->342640->342641->341737->341569->341985->341559->342115->563067->342648->342147->341996->341571->340229->562951->338222->338198->562865->339135->339122->646056->338604->338223->338603->339126->338348->338347->338346->339296->338349->338341->338728->339266->338343->338312->338344->340271->338314->338315->338345->340097->339563->339562->338296->645999->646000->338362->339695->339697->338278->338298->338297->645982->339213->338361->339150->338403->338372->338404->338391->338773->613666->613667
rl_base,od1_sinnonhyeon_suseo,long,peak,8.0,12,1570.7685,1423.1629,138.2428,1801.6834,367.4544,11769.7,9,True,101,20,20,61,342695->342700->343100->342865->342652->342116->342672->340587->342670->646668->646669->342669->342679->341983->342673->646784->646782->341597->341596->341598->342684->341601->343106->343943->342693->341607->344213->343102->341557->588040->341572->339293->338651->562919->562884->613773->613772->339003->339662->341549->342639->563096->342115->563067->342648->342147->341996->341571->340229->562951->338222->338198->562865->339135->339122->646056->338604->338223->338603->339126->338348->338347->338346->338354->338601->339884->339712->339713->338326->338327->338328->338342->338887->340280->340271->338314->338315->338345->340097->339563->338317->339562->338296->645999->646000->338362->339695->339697->338278->338298->338297->645982->339213->338361->339150->338403->338372->338404->338391->338773->613666->613667
rl_base,od1_sinnonhyeon_suseo,long,peak,8.0,13,1563.4167,1426.309,128.8749,1848.3485,342.5542,11981.1,8,True,105,21,21,63,342695->342700->343100->342865->342652->342116->342672->340587->342670->646668->646669->342669->342679->341983->342673->646784->646782->341597->341596->341598->342684->341601->343106->343943->342693->341607->344213->343102->341557->588040->341572->339293->338651->562919->562884->613773->613772->339003->339662->341549->342639->563096->342115->563067->342648->342147->341996->341571->340229->562951->338222->338198->562865->339135->339122->646056->338604->338223->338603->339126->338348->338347->338346->338354->338601->339884->339712->339713->338326->338327->338328->338342->562898->338342->338887->340280->562957->340280->340271->338314->338315->338345->340097->339563->338317->339562->338296->645999->646000->338362->339695->339697->338278->338298->338297->645982->339213->338361->339150->338403->338372->338404->338391->338773->613666->613667
rl_base,od1_sinnonhyeon_suseo,long,peak,8.0,14,1632.5143,1420.9726,199.3176,1847.4282,529.7935,11577.8,11,True,110,14,21,75,342695->342700->343100->342865->342652->342116->342672->340587->342670->646668->646669->646666->646669->342669->342679->341983->342673->646784->646782->341597->341596->341598->342684->341601->343106->343943->342693->341607->344213->343102->341557->588040->341572->339293->338651->339651->613662->338258->339132->338586->338262->338587->338588->339119->338589->338205->338998->340121->338997->645954->339806->646068->338655->339656->339807->339810->338999->339654->339136->645956->338227->339819->646028->646026->339934->339811->340231->339724->339314->339317->338256->339580->613775->338232->339581->338233->338234->340157->338207->338327->338326->339575->338350->338351->587871->338363->338340->613779->613780->338317->339562->338296->645999->646000->338362->339695->339697->338278->338298->338297->645982->339213->338361->339150->338403->338372->338404->338391->338773->613666->613667
rl_base,od1_sinnonhyeon_suseo,long,peak,8.0,15,1588.7519,1429.1276,149.7626,1871.0457,398.0743,11769.7,8,True,101,20,20,61,342695->342700->343100->342865->342652->342116->342672->340587->342670->646668->646669->342669->342679->341983->342673->646784->646782->341597->341596->341598->342684->341601->343106->343943->342693->341607->344213->343102->341557->588040->341572->339293->338651->562919->562884->613773->613772->339003->339662->341549->342639->563096->342115->563067->342648->342147->341996->341571->340229->562951->338222->338198->562865->339135->339122->646056->338604->338223->338603->339126->338348->338347->338346->338354->338601->339884->339712->339713->338326->338327->338328->338342->338887->340280->340271->338314->338315->338345->340097->339563->338317->339562->338296->645999->646000->338362->339695->339697->338278->338298->338297->645982->339213->338361->339150->338403->338372->338404->338391->338773->613666->613667
rl_base,od1_sinnonhyeon_suseo,long,peak,8.0,16,1350.5849,1251.8312,92.989,1624.1474,247.1681,10841.2,6,True,100,16,15,69,342695->342700->343100->342865->342652->342116->342672->340587->342670->646668->646669->342669->563097->342673->646784->646782->341597->341596->341598->343105->341906->341907->341605->341594->343104->341601->343106->343943->342693->341607->588038->563143->338261->339538->338258->613662->339651->338651->562919->562884->613773->339003->339662->341549->341566->341568->341735->341564->342645->341559->342115->563067->342648->342147->341996->341571->340229->562951->338222->338198->562865->339135->339122->646056->338604->338223->338603->339126->338348->338347->338346->339296->338349->338341->338728->339266->338343->338312->338344->562956->562954->338355->338356->339216->339584->338280->587862->587861->338279->587863->340185->340186->338897->340035->338396->338400->338399->338391->338773->613666->613667
rl_base,od1_sinnonhyeon_suseo,long,peak,8.0,17,1277.2401,1221.9223,50.379,1444.0292,133.9092,10640.3,3,True,92,16,19,57,342695->342700->343100->342865->342652->342116->342672->340587->342670->646668->646669->646666->646669->342669->342679->341983->342673->646784->646782->341597->341596->341598->342684->341601->343106->343943->342693->341607->344213->343102->341557->588040->341572->339293->338651->562919->562884->613773->613772->339003->339662->341549->342639->563096->342115->563067->342648->341560->341518->341517->341516->341515->341519->341513->341520->343933->343932->343937->341532->341533->344529->343940->339229->338324->338769->338311->339297->339000->339664->338312->338344->562956->562954->338355->338356->339216->339584->340268->338759->338758->338279->587863->340185->340186->338897->340035->338396->338400->338399->338391->338773->613666->613667
rl_base,od1_sinnonhyeon_suseo,long,peak,8.0,18,1260.6584,1193.138,65.5,1546.5953,174.1014,10741.7,3,True,94,17,18,59,342695->342700->343100->342865->342652->342116->342672->340587->342670->646668->646669->342669->342679->341983->342673->646784->646782->341597->341596->341598->342684->341601->343106->343943->342693->341607->344213->343102->341557->588040->341572->339293->338651->562919->562884->613773->613772->339003->339662->341549->342639->341564->342645->341559->342115->563067->342648->342147->341996->341571->340229->562951->338222->338198->562865->339135->339122->646056->338604->338223->338603->339126->338348->338347->338346->339296->338349->338341->338728->339266->338343->338312->338344->562956->562954->338355->338356->339216->339584->340268->338759->338758->338279->587863->340185->340186->338897->340035->338396->338400->338399->338391->338773->613666->613667
rl_base,od1_sinnonhyeon_suseo,long,peak,8.0,19,2552.3356,2168.4249,364.9072,2626.5555,969.9367,18528.1,16,True,146,20,23,103,342695->342700->342159->344204->341621->342834->343100->342865->342652->342116->342672->340587->342670->646668->646669->342669->342679->341982->646362->646667->340587->342670->343657->342666->342663->342681->342617->646583->342615->343819->342631->563095->342614->340597->342633->646354->340708->341541->646612->341772->341545->341771->341797->342622->341798->343669->341796->341544->341795->343072->342632->340699->342634->341794->341587->341793->342664->341792->341581->340700->563070->342670->343657->342666->342665->342666->341581->342667->342662->342682->340582->343656->342632->342618->343820->646558->340583->342072->342614->563095->342631->341591->341592->342649->341608->341777->341565->340710->341776->341538->341551->342640->342641->341737->341569->341985->341559->342115->563067->342648->342147->341996->341571->340229->562951->338222->338198->562865->339135->339122->646056->338604->338223->338603->339126->338348->338347->338346->339296->338349->338341->338728->339266->338343->338312->338344->562956->562954->338355->338356->339216->339584->340268->338759->338758->338279->587863->338899->339250->338904->338885->338372->338404->338391->338773->613666->613667
rl_base,od1_sinnonhyeon_suseo,long,peak,8.0,20,1263.4088,1190.7305,68.1525,1429.2328,181.1519,9981.0,4,True,82,13,15,54,342695->342700->343100->342865->342652->342116->342672->340587->342670->646668->646669->342669->342679->341983->342673->646784->646782->341597->341596->341598->342684->341601->343106->343943->342693->341607->344213->343102->341557->588040->341572->339293->338651->562919->562884->613773->613772->339003->339662->341549->342639->563096->342115->563067->342648->342147->341996->341571->341521->342613->341535->343726->343919->338310->339265->338311->339297->339000->339664->338312->338344->562956->562954->338355->338356->339216->339584->340268->338759->338758->338279->587863->340185->340186->338897->340035->338396->338400->338399->338391->338773->613666->613667
rl_base,od1_sinnonhyeon_suseo,long,peak,8.0,21,1546.7417,1403.5627,136.4176,1849.8666,362.6029,12022.6,6,True,108,16,18,74,342695->342700->343100->342865->342652->342116->342672->340587->342670->646668->646669->342669->342679->341983->342673->646784->646782->341597->341596->341598->342684->341601->343106->343943->342693->341607->344213->343102->341557->588040->341572->339293->338651->339651->613662->338258->339132->338586->338262->338587->338588->339119->338589->338205->338998->340121->338997->645954->339806->646068->338655->339656->339807->339810->338999->339654->339136->645956->338227->339819->646028->646026->339934->339811->340231->339724->339314->339317->338256->339580->613775->338232->339581->338233->338234->340157->338207->338327->338328->338342->338887->340280->340271->338314->338315->338345->340097->339563->339562->338296->645999->646000->338362->339695->339697->338278->338298->338297->645982->339213->338361->339150->338403->338372->338404->338391->338773->613666->613667
rl_base,od1_sinnonhyeon_suseo,long,peak,8.0,22,1556.187,1390.8263,156.4265,1760.3628,415.7872,11729.8,8,True,102,18,20,64,342695->342700->343100->342865->342652->342116->342672->340587->342670->646668->646669->342669->342679->341983->342673->646784->646782->341597->341596->341598->342684->341601->343106->343943->342693->341607->344213->343102->341557->588040->341572->339293->338651->562921->562923->342153->343109->613772->339003->339662->341549->342639->563096->342115->563067->342648->342147->341996->341571->340229->562951->338222->338198->562865->339135->339122->646056->338604->338223->338603->339126->338348->338347->338346->338354->338601->339884->339712->339713->338326->338327->338328->338342->338887->340280->340271->338314->338315->338345->340097->339563->338317->339562->338296->645999->646000->338362->339695->339697->338278->338298->338297->645982->339213->338361->339150->338403->338372->338404->338391->338773->613666->613667
rl_base,od1_sinnonhyeon_suseo,long,peak,8.0,23,1477.8723,1406.8933,65.4198,1797.886,173.8882,11687.4,4,True,103,21,20,62,342695->342700->343100->342865->342652->342116->342672->340587->342670->646668->646669->342669->342679->341983->342673->646784->646782->341597->341596->341598->342684->341601->343106->343943->342693->341607->344213->343102->341557->588040->341572->339293->338651->562919->562884->613773->613772->339003->339662->341549->342639->563096->342115->563067->342648->342147->341996->341571->340229->562951->338222->338198->562865->339135->339122->646056->338604->338223->338603->339126->338348->338347->338346->338354->338601->339884->339712->339713->338326->338327->338328->338342->338887->340280->340271->338314->338315->338345->340097->339563->338317->339562->338296->645999->646000->338362->339695->339697->338278->338955->338308->338307->338615->339149->338614->338361->339150->338403->338372->338404->338391->338773->613666->613667
rl_base,od1_sinnonhyeon_suseo,long,peak,8.0,24,1483.567,1387.8939,89.0869,1784.3808,236.7963,11985.7,6,True,99,20,22,57,342695->342700->343100->342865->342652->342116->342672->340587->342670->646668->646669->342669->342679->341983->342673->646784->646782->341597->341596->341598->342684->341601->343106->343943->342693->341607->344213->343102->341557->588040->341572->339293->338651->562919->562884->613773->613772->339003->339662->341549->342639->563096->342115->563067->342648->342147->341996->341571->340229->562951->338222->338198->562865->339135->339122->646056->338604->338223->338605->338597->338197->338925->587845->646128->587905->339124->339125->338206->340158->338207->338327->338328->338342->338887->338315->338345->340097->339563->338317->339562->338296->645999->646000->338362->339695->339697->338278->338298->338297->645982->339213->338361->339150->338403->338372->338404->338391->338773->613666->613667
rl_base,od1_sinnonhyeon_suseo,long,peak,8.0,25,1531.7531,1384.4217,136.7743,1820.9699,363.5511,11769.7,8,True,101,20,20,61,342695->342700->343100->342865->342652->342116->342672->340587->342670->646668->646669->342669->342679->341983->342673->646784->646782->341597->341596->341598->342684->341601->343106->343943->342693->341607->344213->343102->341557->588040->341572->339293->338651->562919->562884->613773->613772->339003->339662->341549->342639->563096->342115->563067->342648->342147->341996->341571->340229->562951->338222->338198->562865->339135->339122->646056->338604->338223->338603->339126->338348->338347->338346->338354->338601->339884->339712->339713->338326->338327->338328->338342->338887->340280->340271->338314->338315->338345->340097->339563->338317->339562->338296->645999->646000->338362->339695->339697->338278->338298->338297->645982->339213->338361->339150->338403->338372->338404->338391->338773->613666->613667
rl_base,od1_sinnonhyeon_suseo,long,peak,8.0,26,1369.3517,1324.0001,42.3881,1594.9933,112.6692,10937.7,3,True,102,15,15,72,342695->342700->343100->342865->342652->342116->342672->340587->646667->646362->341982->342679->341983->342673->646784->646782->341597->341596->341598->341729->341603->341730->646623->341984->341732->342691->341733->341602->338230->646176->339098->342073->342687->341600->342685->341607->344213->343102->341557->588040->341572->339293->338651->562919->562884->613773->613772->339003->339662->341549->342639->563096->342115->563067->342648->342147->341996->341571->340229->562951->338222->338198->562865->339135->339122->646056->338604->338223->338603->339126->338348->338347->338346->339296->338349->338341->338728->339266->338343->338312->338344->562956->562954->338355->338356->339216->339584->338280->587862->587861->338279->587863->340185->340186->338897->340035->338396->338400->338399->338391->338773->613666->613667
rl_base,od1_sinnonhyeon_suseo,long,peak,8.0,27,1342.4619,1243.9992,93.1758,1526.4023,247.6648,10393.9,5,True,95,16,17,62,342695->342700->343100->342865->340641->340704->341588->341785->342116->342672->340587->342670->646668->646669->342669->342679->341983->342673->646784->646782->341597->341596->341598->342684->341601->343106->343943->342693->341607->344213->343102->341557->588040->341572->339293->338651->562919->562884->613773->613772->339003->339662->341549->342639->563096->342115->563067->342648->342147->341996->341571->340229->562951->338222->338198->562865->339135->339122->646056->338604->338223->338603->339126->338348->338347->338346->339296->338349->338341->338728->339266->338343->338312->338344->562956->562954->338355->338356->339216->339584->340268->338759->338758->338279->587863->340185->340186->338897->340035->338396->338400->338399->338391->338773->613666->613667
rl_base,od1_sinnonhyeon_suseo,long,peak,8.0,28,1450.6282,1397.3526,48.399,1849.821,128.6462,12084.4,3,True,106,23,20,63,342695->342700->343100->342865->342652->342116->342672->340587->342670->646668->646669->342669->342679->341983->342673->646784->646782->341597->341596->341598->342684->341601->343106->343943->342693->341607->344213->343102->341557->588040->341572->339293->338651->562919->562884->613773->613772->339003->339662->341549->342639->563096->342115->563067->342648->342147->341996->341571->340229->562951->338222->338198->562865->339135->339122->646056->338604->338223->338603->339126->646201->646200->646201->338925->587845->646128->587905->339124->339125->338206->340158->338207->338327->338328->338342->338887->340280->340271->338314->338315->338345->340097->339563->338317->339562->338296->645999->646000->338362->339695->339697->338278->338955->338308->338307->338615->339149->338614->338361->339150->338403->338372->338404->338391->338773->613666->613667
rl_base,od1_sinnonhyeon_suseo,long,peak,8.0,29,1538.1698,1472.3988,64.6316,1845.4475,171.7931,12395.9,2,True,102,20,19,63,342695->342700->343100->342865->342652->342116->342672->340587->342670->646668->646669->342669->342679->341983->342673->646784->646782->341597->341596->341598->342684->341601->343106->343943->342693->341607->344213->343102->341557->588040->341572->339293->338651->562919->562884->613773->613772->339003->339662->341549->342639->563096->342115->563067->342648->342147->341996->341571->340229->562951->338222->338198->562865->339135->339122->338837->338726->338222->338198->338199->338224->342071->341571->341521->342613->341535->343726->343919->338310->339265->338311->339297->339000->339664->338312->338344->562956->562954->338355->338356->339216->339584->340268->338759->338758->338279->587863->340185->340186->338897->340035->338396->338400->338399->338391->338406->338407->338398->338399->338391->338773->613666->613667
rl_base,od1_sinnonhyeon_suseo,long,peak,8.0,30,2349.3648,1865.3748,457.7262,2289.1559,1216.6528,15023.4,20,True,142,30,21,91,342695->342700->342159->344204->341621->342834->343100->342865->342652->342116->342672->340587->342670->563070->340700->341581->341792->342664->341793->341587->342681->342617->646583->342615->343819->342631->563095->342614->340597->342633->646354->340708->341541->646612->341772->341545->341771->341797->342622->341798->343669->341796->341544->341795->343072->342632->342618->343820->646558->340583->563095->342614->340597->342633->342626->344210->341542->342628->563165->341547->341774->343989->341775->342641->341737->341569->341985->341559->342115->563067->342648->342147->341996->341571->340229->562951->338222->338198->562865->339135->339122->646056->338604->338223->338603->339126->338348->338347->338346->338354->338601->339884->339712->339713->338326->338327->338328->338342->338887->340280->340271->338314->338315->338345->340097->339563->339562->338317->338620->338318->338319->338323->338743->340304->338763->338764->338316->340283->340285->338616->340282->338332->340056->338335->340055->338305->338336->646014->646010->338337->339564->339866->338738->338450->338792->563056->562869->563057->338718->338392->338393->562953->613667
rl_signal,od1_sinnonhyeon_suseo,long,peak,8.0,1,1272.7782,1190.8925,78.698,1479.2743,209.1821,10154.8,3,True,83,11,14,58,342695->342700->343100->342865->342652->342116->342672->340587->341789->341589->340701->563070->342670->646668->646669->342669->563097->342673->646784->646782->341597->341596->341598->343105->341906->341605->341594->343104->341601->343106->343943->342693->341607->344213->343102->341557->342643->341561->341562->341564->342639->563096->342115->343710->341560->342648->342147->341996->341571->341521->342613->341535->343726->343919->338310->339265->338311->339297->339000->339664->338312->338344->562956->562954->338355->338356->339216->339584->338280->587862->587861->338279->587863->340185->340186->338897->340035->338396->338400->338399->338391->338773->613666->613667
rl_signal,od1_sinnonhyeon_suseo,long,peak,8.0,2,1287.0826,1184.7086,96.1094,1317.8278,255.4621,10137.7,3,True,86,11,14,61,342695->342700->343100->342865->342652->342116->342672->340587->341789->341589->340701->563070->342670->646668->646669->342669->563097->342673->646784->646782->341597->341596->341598->343105->341906->341605->341594->341595->343103->341778->341593->344353->342694->563168->341608->341553->341563->341561->341568->341735->341564->342639->563096->342115->343710->341560->341518->341517->341516->341515->342114->563094->646707->342613->341535->343726->343919->338310->339265->338311->339297->339000->339664->338312->338344->562956->562954->338355->338356->339216->339584->338280->587862->587861->338279->587863->340185->340186->338897->340035->338396->338400->338399->338391->338773->613666->613667
rl_signal,od1_sinnonhyeon_suseo,long,peak,8.0,3,1453.3291,1317.3641,130.6845,1658.7711,347.3642,10541.0,5,True,89,16,16,57,342695->342699->342703->341653->341612->339008->339015->338140->339430->339432->338157->338158->339433->339432->338157->338139->562936->339292->339070->613767->613766->338920->646136->338926->338254->339133->338229->338218->339094->338258->613662->339651->338651->562919->562884->613773->613772->339003->339662->341549->341566->341568->341735->341564->342639->563096->342115->343710->341560->341518->341517->341516->341515->342114->563094->646707->342613->341535->343726->343919->338310->339265->338311->339297->339000->339664->338312->338344->562956->562954->338355->338356->339216->339584->338280->587862->587861->338279->587863->340185->340186->338897->340035->338396->338400->338399->338391->338773->613666->613667
rl_signal,od1_sinnonhyeon_suseo,long,peak,8.0,4,1312.8621,1204.5227,102.2954,1440.9175,271.9048,10211.4,5,True,90,15,15,60,342695->342700->343100->342865->342652->342116->342672->340587->341789->341589->340701->563070->342670->646668->646669->342669->563097->342673->646784->646782->341597->341596->341598->343105->341906->341605->341595->343103->341778->341593->344353->342694->563168->341608->341553->341563->341552->342644->613995->342640->342641->342642->646764->646763->646764->563119->563189->563191->341512->341517->341516->341515->342114->563094->646707->342613->341535->343726->343919->338310->339265->338311->339297->339000->339664->338312->338344->562956->562954->338355->338356->339216->339584->338280->587862->587861->338279->587863->340185->340186->338897->340035->338396->338400->646212->338398->338399->338391->338773->613666->613667
rl_signal,od1_sinnonhyeon_suseo,long,peak,8.0,5,1571.5285,1525.5455,43.2461,1672.2686,114.9498,12839.7,2,True,84,13,16,55,342695->342700->343100->342865->342652->342116->342672->340587->341789->341589->340701->563070->342670->646668->646669->342669->563097->342673->646784->646782->341597->341596->341598->343105->341906->341605->341594->343104->341601->343106->343943->342693->341607->344213->343102->341557->342643->341561->341562->341564->342639->563096->342115->563067->342636->338199->338198->338222->562951->340229->341571->341521->342613->341535->343726->343919->338310->339265->338311->339297->339000->339664->338312->338344->562956->562954->338355->338356->339216->339584->338280->587862->587861->338279->587863->338899->339250->338904->338885->338372->338404->338391->338773->613666->613667
rl_signal,od1_sinnonhyeon_suseo,long,peak,8.0,6,1997.3542,1775.0438,210.8831,1889.5176,560.535,15508.7,8,True,92,16,19,57,342695->342700->343100->342865->342652->342116->342672->342671->342674->342675->342678->342667->342662->342682->587943->646411->341586->341260->341806->341249->342502->341250->341252->340581->342496->343070->341805->341260->341806->341249->342659->341807->341808->341580->341810->341578->341590->341577->341579->341811->341582->342676->342653->342654->341582->341811->341579->341590->341576->341809->341244->341239->341240->343033->343034->342501->342146->342500->341242->341246->341255->341248->341256->341717->341261->341243->343347->341210->344381->344380->344379->341264->341262->342772->563248->613949->344742->646964->344673->343077->338899->587863->340185->340186->338897->340035->338396->338400->338399->338391->338773->613666->613667
rl_signal,od1_sinnonhyeon_suseo,long,peak,8.0,7,1322.4594,1258.3372,60.6203,1551.6387,161.1311,10743.4,3,True,94,14,16,64,342695->342700->343100->342865->342652->342116->342672->340587->341789->341589->340701->563070->342670->646668->646669->342669->342679->341983->342673->646784->646782->341597->341596->341598->343105->341906->341605->341907->344261->341597->563098->342151->563301->341593->341778->343103->341595->341594->343104->341601->343106->343943->342693->341607->344213->343102->341557->342643->341561->341562->341564->342639->563096->342115->343710->341560->342648->342147->341996->341571->341521->342613->341535->343726->343919->338310->339265->338311->339297->339000->339664->338312->338344->562956->562954->338355->338356->339216->339584->338280->587862->587861->338279->587863->340185->340186->338897->340035->338396->338400->338399->338391->338773->613666->613667
rl_signal,od1_sinnonhyeon_suseo,long,peak,8.0,8,1432.3543,1366.6037,63.5305,1772.8058,168.8663,11534.0,2,True,106,16,20,70,342695->342700->343100->342865->342652->342116->342672->340587->341789->341589->340701->563070->342670->646668->646669->342669->563097->342673->646784->646782->341597->341596->341598->343105->341906->341605->341594->343104->341601->343106->343943->342693->341607->344213->343102->341557->342643->341561->341562->341564->342639->563096->342115->343710->341560->342648->342147->341996->341571->340229->562951->338222->338726->338837->339122->646056->338604->338223->338605->338597->338197->338925->587845->646128->587905->339124->587910->587846->338600->338354->338346->339296->338349->338341->338728->339266->338343->338313->338707->338314->338315->338345->340097->339563->339562->338296->645999->646000->338362->339695->339697->338278->338298->338297->562893->338300->340168->340186->338897->340035->338396->338400->338399->338391->338773->613666->613667
rl_signal,od1_sinnonhyeon_suseo,long,peak,8.0,9,1423.9018,1401.5193,20.2879,1719.9756,53.9259,11840.1,2,True,102,16,19,67,342695->342700->343100->342865->342652->342116->342672->340587->342670->646668->646669->342669->563097->342668->342152->343709->342152->342668->563097->342673->646784->646782->341597->341596->341598->343105->341906->341605->341594->343104->341601->343106->343943->342693->341607->344213->343102->341557->342643->341561->341562->341564->342639->563096->342115->343710->341560->342648->342147->341996->341571->342071->338224->338199->342636->342147->342648->341560->341518->341517->341516->341515->342114->563094->646707->342613->341535->343726->343919->338310->339265->338311->339297->339000->339664->338312->338344->562956->562954->338355->338356->339216->339584->338280->587862->587861->338279->338758->587864->587861->338279->587863->340185->340186->338897->340035->338396->338400->338399->338391->338773->613666->613667
rl_signal,od1_sinnonhyeon_suseo,long,peak,8.0,10,1417.8045,1360.0947,55.1015,1842.5724,146.4617,11572.0,3,True,97,17,21,59,342695->342700->343100->342865->342652->342116->342672->340587->341789->341589->340701->563070->342670->646668->646669->342669->563097->342673->646784->646782->341597->341596->341598->343105->341906->341605->341594->343104->341601->343106->343943->342693->341607->344213->343102->341557->342643->341561->341562->341564->342639->563096->342115->343710->341560->342648->342147->341996->341571->341521->342613->341535->343726->343919->338310->339265->338311->339297->339000->339664->338312->338709->338313->340271->338314->338315->338345->340097->339563->339562->338296->645999->646000->338362->338318->338319->563047->338763->338323->338743->338316->338745->339711->338321->339871->338308->338307->338615->339149->338942->339150->338403->338372->338404->338391->338773->613666->613667
rl_signal,od1_sinnonhyeon_suseo,long,peak,8.0,11,1399.0272,1384.9702,13.3419,1799.1467,35.4633,11604.4,1,True,108,17,19,72,342695->342700->343100->342865->342652->342116->342672->340587->341789->341589->340701->563070->342670->646668->646669->342669->563097->342673->646784->646782->341597->341596->341598->343105->341906->341605->341594->343104->341601->343106->343943->342693->341607->344213->343102->341557->342643->341561->341562->341564->342639->563096->342115->343710->341560->342648->342147->341996->341571->340229->562951->338222->338726->338837->339122->646056->646055->646056->338604->338223->338603->339126->646201->338925->587845->646128->587905->339124->587910->587846->338600->338354->338346->339296->338349->338341->338728->339266->338343->338313->338707->338314->338315->338345->340097->339563->339562->338296->645999->646000->338362->339695->339697->338278->338298->338297->562893->338300->340168->340186->338897->340035->338396->338400->338399->338391->338773->613666->613667
rl_signal,od1_sinnonhyeon_suseo,long,peak,8.0,12,2314.747,2031.0714,270.9371,2569.7217,720.1607,16454.6,12,True,143,31,31,81,342695->342696->342695->342700->343100->342865->342652->342116->342672->340587->341789->341589->340701->563070->342670->646668->646669->342669->563097->342673->646784->646782->341597->341596->341598->343105->341906->341605->341594->343104->341601->646355->341593->344353->342694->563168->341608->341777->341565->341554->341551->342640->342641->342642->646764->563119->563189->563191->341512->341517->341516->341515->342114->563094->646707->342613->341521->341571->341996->342147->342648->341560->341518->341558->344767->341569->341738->563185->341560->343710->342115->563067->342636->338199->338198->338222->562951->340229->341571->342071->338224->338199->338252->338226->339127->338649->338999->339654->339136->645956->338227->339819->646028->646026->339934->339811->340231->339724->339314->339317->338256->339580->613775->613774->338232->339582->338234->340157->340158->338207->338327->338326->339575->338350->338351->338618->338619->338352->562874->339151->338358->338330->338318->338362->339695->340050->339695->339697->338278->338298->338297->562893->338300->340168->340186->338897->340035->338396->338400->338399->338391->338773->613666->613667
rl_signal,od1_sinnonhyeon_suseo,long,peak,8.0,13,1395.3113,1359.6517,33.3921,1731.8022,88.7575,11508.8,2,True,106,15,19,72,342695->342700->343100->342865->342652->342116->342672->340587->341789->341589->340701->563070->342670->646668->646669->342669->563097->342673->646784->646782->341597->341596->341598->343105->341906->341605->341594->343104->341601->343106->343943->342693->341607->344213->343102->341557->342643->341561->341562->341564->342639->563096->342115->343710->341560->342648->342147->341996->341571->340229->562951->338222->338726->338837->339122->646056->338604->338223->338603->339126->646201->338925->587845->646128->587905->339124->587910->587846->338600->338354->338346->339296->338349->338341->338728->339266->338343->338313->338707->338314->338315->338345->340097->339563->339562->338296->645999->646000->338362->339695->339697->338278->338298->338297->562893->338300->340168->340186->338897->340035->338396->338400->338399->338391->338773->613666->613667
rl_signal,od1_sinnonhyeon_suseo,long,peak,8.0,14,1217.0435,1170.98,42.2335,1456.143,112.2582,10177.1,3,True,82,12,15,55,342695->342700->343100->342865->342652->342116->342672->340587->646667->646362->341982->342679->342669->563097->342673->646784->646782->341597->341596->341598->343105->341906->341605->341594->343104->341601->343106->343943->342693->341607->344213->343102->341557->342643->341561->341562->341564->342639->563096->342115->563067->342636->338199->338198->338222->562951->340229->341571->341521->342613->341535->343726->343919->338310->339265->338311->339297->339000->339664->338312->338344->562956->562954->338355->338356->339216->339584->338280->587862->587861->338279->587863->340185->340186->338897->340035->338396->338400->338399->338391->338773->613666->613667
rl_signal,od1_sinnonhyeon_suseo,long,peak,8.0,15,1697.981,1640.8503,52.8819,2140.0992,140.5619,13235.5,4,True,119,18,27,74,342695->342700->343100->342865->342652->342116->342672->340587->341789->341589->340701->563070->342670->646668->646669->342669->563097->342673->341983->342679->342669->563097->342673->646784->646782->341597->341596->341598->343105->341906->341605->341594->343104->341601->343106->343943->342693->341607->344213->343102->341557->342643->341561->341562->341564->342645->341559->342115->343710->341560->341518->341517->341516->341515->341519->342113->342114->563094->646707->342613->341521->341571->340229->562951->338222->338726->338837->339122->646056->338604->338223->338603->339126->646201->338925->587845->646128->587905->339124->587910->587846->338600->338354->338346->339296->338349->338341->338728->339266->338343->338313->340271->338314->338315->338345->340097->339563->339562->338296->645999->646000->338362->339695->339697->338278->338298->338297->562893->338300->340168->340186->338897->340035->338396->338400->338399->338391->338773->613666->613667
rl_signal,od1_sinnonhyeon_suseo,long,peak,8.0,16,1391.5309,1370.6012,18.7905,1697.4778,49.9459,11459.2,2,True,98,14,25,59,342695->342700->343100->342865->342652->342116->342672->340587->341789->341589->340701->563070->342670->646668->646669->342669->563097->342673->341983->342679->342669->563097->342673->341983->342679->342669->563097->342673->646784->646782->341597->341596->341598->343105->341906->341605->341594->343104->341601->343106->343943->342693->341607->344213->343102->341557->342643->341561->341562->341564->342645->341559->342115->343710->341560->341518->341558->563191->341512->341517->341516->341515->342114->563094->646707->342613->341535->343726->343919->338310->339265->338311->339297->339000->339664->338312->338344->562956->562954->338355->338356->339216->339584->338280->587862->587861->338279->587863->340185->340186->338897->340035->338396->338400->338399->338391->338773->613666->613667
rl_signal,od1_sinnonhyeon_suseo,long,peak,8.0,17,1320.1644,1239.3334,75.9219,1563.3476,201.8032,10329.5,4,True,92,14,14,64,342695->342700->343100->342865->342652->342116->342672->340587->341789->341589->340701->563070->342670->646668->646669->342669->563097->342673->646784->646782->341597->341596->341598->343105->341906->341605->341594->343104->341601->343106->343943->342693->341607->344213->343102->341557->342643->341561->341562->341564->342639->563096->342115->343710->341560->342648->342147->341996->341571->341521->342613->341535->343726->343919->338310->339265->338311->339297->339000->339664->338312->338344->562956->562954->338355->338356->339216->339584->338280->587862->587861->338279->587863->340185->340186->338897->340035->338396->338400->338399->338391->338773->613666->338611->613788->338395->338610->613750->613789->613788->338395->338612->613667
rl_signal,od1_sinnonhyeon_suseo,long,peak,8.0,18,1418.7664,1380.8862,34.7146,1675.4937,92.2726,11580.2,3,True,108,15,21,72,342695->342700->343100->342865->342652->342116->342672->340587->341789->341589->340701->563070->342670->646668->646669->342669->563097->342673->646784->646782->341597->341596->341598->343105->341906->341605->341594->343104->341601->343106->343943->342693->341607->344213->343102->341557->342643->341561->341562->341564->342639->563096->342115->343710->341560->342648->342147->341996->341571->340229->562951->338222->338726->338837->339122->646056->338604->338223->338603->339126->646201->338925->587845->646128->587905->339124->587910->587846->338600->338354->338346->339296->338349->338341->338728->339266->338343->338313->338707->338314->338315->338345->340097->339563->339562->338296->645999->646000->338362->339695->340050->339695->339697->338278->338298->338297->562893->338300->340168->340186->338897->340035->338396->338400->338399->338391->338773->613666->613667
rl_signal,od1_sinnonhyeon_suseo,long,peak,8.0,19,1396.3581,1347.0078,46.762,1586.3433,124.2952,11604.6,2,True,114,25,19,70,342695->342700->343100->342865->342652->342116->342672->340587->341789->341589->340701->563070->342670->646668->646669->342669->563097->342668->342152->343709->342152->342668->563097->342673->646784->646782->341597->341596->341598->343105->341906->341907->344261->341597->563098->342151->563301->341593->341778->343103->341595->341594->343104->341601->343106->343943->342693->341607->344213->344212->344213->341607->588038->563143->338261->339538->338258->613662->339651->338651->562919->562884->613773->613772->339003->339662->341549->342639->341564->342645->341559->342115->343710->341560->341518->341517->341516->341515->342114->563094->646707->342613->341535->343726->343919->338310->339265->338311->339297->339000->339664->338312->338344->562956->562954->338355->338356->339216->339584->338280->587862->587861->338279->587863->340185->340186->338897->340035->338396->338400->338399->338391->338773->613666->613667
rl_signal,od1_sinnonhyeon_suseo,long,peak,8.0,20,1527.7782,1431.6949,92.4068,1860.9586,245.6206,12117.4,4,True,113,18,26,69,342695->342700->343100->342865->342652->342116->342672->340587->341789->341589->340701->563070->342670->646668->646669->342669->563097->342673->341983->342679->342669->563097->342673->646784->646782->341597->563098->342151->563301->341593->341778->343103->341595->341594->343104->341601->343106->343943->342693->341607->344213->343102->341557->342643->341561->341568->341735->341564->342639->563096->342115->563067->342648->342147->341996->341571->340229->562951->338222->338726->338837->339122->646056->338604->338223->338603->339126->646201->338925->587845->646128->587905->339124->587910->587846->338600->338354->338346->339296->338349->338341->338728->339266->338343->338313->340271->338314->338315->338345->340097->339563->339562->338296->645999->646000->338362->339695->339697->338278->338298->338297->562893->338300->340168->340186->338897->340035->338396->338400->338399->338391->338773->613666->613667
rl_signal,od1_sinnonhyeon_suseo,long,peak,8.0,21,1381.0442,1306.5154,72.0591,1515.6671,191.5356,10761.2,3,True,94,14,21,59,342695->342700->343100->342865->342652->342116->342672->340587->341789->341589->340701->563070->342670->646668->646669->646666->646669->342669->563097->342673->646784->646783->646784->646782->341597->341596->341598->343105->341906->341605->341594->343104->341601->343106->343943->342693->341607->344213->343102->341557->342643->341555->341736->341568->341735->341564->342639->563096->342115->343710->341560->342648->342147->342636->338199->338198->338222->562951->340229->341571->341521->342613->341535->343726->343919->338310->339265->338311->339297->339000->339664->338312->338344->562956->562954->338355->338356->339216->339584->338280->587862->587861->338279->587863->340185->340186->338897->340035->338396->338400->338399->338391->338773->613666->613667
rl_signal,od1_sinnonhyeon_suseo,long,peak,8.0,22,1408.4637,1379.3072,26.2499,1678.8273,69.7733,10985.2,2,True,104,12,17,75,342695->342700->343100->342865->342652->342116->342672->340587->341789->341589->340701->563070->342670->646668->646669->342669->563097->342673->646784->646782->341597->344261->341907->341605->341594->343104->341601->343106->343943->342693->341607->344213->343102->341557->342643->341561->341562->341564->342645->341559->342115->343710->341560->342648->342147->341996->341571->340229->562951->338222->338726->338837->339122->646056->338604->338223->338603->339126->646201->338925->587845->646128->587905->339124->587910->587846->338600->338354->338346->339296->338349->338341->338728->339266->338343->338313->338707->338314->338315->338887->340280->340271->338344->562956->562954->338355->338356->339216->339584->338280->587862->587861->338279->587863->340185->340186->338897->340035->338396->338400->338399->338391->338773->613666->613667
rl_signal,od1_sinnonhyeon_suseo,long,peak,8.0,23,1226.6433,1200.5445,25.3988,1614.6828,67.5109,10757.3,1,True,89,16,15,58,342695->342700->343100->342865->342652->342116->342672->340587->341789->341589->340701->563070->342670->646668->646669->342669->563097->342673->646784->646782->341597->341596->341598->343105->341906->341605->341594->343104->341601->343106->343943->342693->341607->344213->343102->341557->342643->341561->341562->341564->342639->563096->342115->343710->341560->342648->342147->341996->341571->341521->342613->341535->343726->343919->338310->339265->338311->339297->339000->339664->338312->338344->562956->562954->338355->338356->339216->339584->338280->587862->587861->338279->587863->340185->340186->338897->340035->338396->338400->646212->338398->338399->338391->338406->338405->338404->338391->338773->613666->613667
rl_signal,od1_sinnonhyeon_suseo,long,peak,8.0,24,1633.5203,1487.6843,138.6206,1910.2505,368.4586,12449.4,6,True,113,20,18,75,342695->342700->343100->342865->342652->342116->342672->340587->341789->341589->340701->563070->342670->646668->646669->342669->563097->342673->646784->646782->341597->341596->341598->343105->341906->341605->341594->343104->341601->343106->343943->342693->341607->344213->343102->341557->342643->341561->341562->341564->342639->563096->342115->343710->341560->341518->341517->341512->563189->563191->341558->344767->341569->341738->563185->341560->342648->342147->341996->341571->340229->562951->338222->338726->338837->339122->646056->338604->338223->338603->339126->338348->338347->338346->339296->338349->338341->338728->339266->338343->338313->340271->338314->338315->338345->340097->339563->339562->338296->645999->646000->338362->339695->339697->338278->338298->338297->562893->338300->340168->340186->338897->340035->338396->338400->338399->338391->338406->338405->338404->338391->338773->613666->613667
rl_signal,od1_sinnonhyeon_suseo,long,peak,8.0,25,1276.6584,1217.0782,57.7784,1582.139,153.5772,10154.8,2,True,83,11,14,58,342695->342700->343100->342865->342652->342116->342672->340587->341789->341589->340701->563070->342670->646668->646669->342669->563097->342673->646784->646782->341597->341596->341598->343105->341906->341605->341594->343104->341601->343106->343943->342693->341607->344213->343102->341557->342643->341561->341562->341564->342639->563096->342115->343710->341560->342648->342147->341996->341571->341521->342613->341535->343726->343919->338310->339265->338311->339297->339000->339664->338312->338344->562956->562954->338355->338356->339216->339584->338280->587862->587861->338279->587863->340185->340186->338897->340035->338396->338400->338399->338391->338773->613666->613667
rl_signal,od1_sinnonhyeon_suseo,long,peak,8.0,26,1311.4775,1240.7271,67.2706,1531.4311,178.8077,10724.4,3,True,100,18,16,66,342695->342700->343100->342865->342652->342116->342672->340587->341789->341589->340701->563070->342670->646668->646669->342669->563097->342673->646784->646782->341597->341596->341598->343105->341906->341605->341594->343104->341601->343106->343943->342693->341607->344213->344212->344213->341607->588038->563143->338261->339538->338258->613662->339651->338651->562919->562884->613773->613772->339003->339662->341549->342639->341564->342645->341559->341985->341569->344767->341558->341518->341517->341516->341515->342114->563094->646707->342613->341535->343726->343919->338310->339265->338311->339297->339000->339664->338312->338344->562956->562954->338355->338356->339216->339584->338280->587862->587861->338279->587863->340185->340186->338897->340035->338396->338400->338399->338391->338773->613666->613667
rl_signal,od1_sinnonhyeon_suseo,long,peak,8.0,27,1314.0682,1266.4142,45.1965,1618.5294,120.1339,10734.8,2,True,95,13,19,63,342695->342700->343100->342865->342652->342116->342672->340587->341789->341589->340701->563070->342670->646668->646669->342669->563097->342673->646784->646782->341597->563098->342151->563301->341593->341778->343103->341595->341594->343104->341601->342684->341598->343105->341906->341605->341594->343104->341601->343106->343943->342693->341607->344213->343102->341557->342643->341561->341562->341564->342645->341559->342115->343710->341560->341518->341517->341516->341515->342114->563094->646707->342613->341535->343726->343919->338310->339265->338311->339297->339000->339664->338312->338344->562956->562954->338355->338356->339216->339584->338280->587862->587861->338279->587863->340185->340186->338897->340035->338396->338400->338399->338391->338773->613666->613667
rl_signal,od1_sinnonhyeon_suseo,long,peak,8.0,28,1671.8653,1559.2151,105.4291,1662.8597,280.2343,13403.1,6,True,111,17,19,75,342695->342700->343100->342865->342652->342116->342672->340587->341789->341589->340701->563070->342670->646668->646669->342669->563097->342673->646784->646782->341597->341596->341598->343105->341906->341605->341594->343104->341601->343106->343943->342693->341607->344213->343102->341557->342643->341561->341562->341564->342639->563096->342115->563067->342636->338199->338198->338222->562951->340229->341571->341996->342147->342648->341560->341518->341517->341512->563189->563119->646764->342642->340709->344193->613986->344812->344813->344258->342638->646427->340706->646705->343076->343667->341548->340707->343666->343075->344195->344196->341543->588052->341499->344500->342607->587988->342821->341768->646932->341500->341501->343078->647029->647030->342043->647033->647028->647031->647029->647030->342043->338909->338898->338897->340035->338396->338400->338399->338391->338773->613666->613667
rl_signal,od1_sinnonhyeon_suseo,long,peak,8.0,29,1435.4542,1240.0391,184.3492,1485.7699,490.0068,9972.4,9,True,74,9,12,53,342695->342700->343100->342865->342652->342116->342672->342671->342674->342675->342678->342667->341581->342666->342663->342681->342680->342150->341591->341592->342649->341608->341553->341563->341552->342644->613995->342640->342641->342642->646764->563119->563189->563191->341512->341517->341516->341515->342114->563094->646707->342613->341535->343726->343919->338310->339265->338311->339297->339000->339664->338312->338344->562956->562954->338355->338356->339216->339584->338280->587862->587861->338279->587863->340185->340186->338897->340035->338396->338400->338399->338391->338773->613666->613667
rl_signal,od1_sinnonhyeon_suseo,long,peak,8.0,30,1239.6816,1178.9317,58.5933,1442.976,155.7431,10136.1,2,True,85,12,15,58,342695->342700->343100->342865->342652->342116->342672->340587->341789->341589->340701->563070->342670->646668->646669->342669->563097->342673->646784->646782->341597->341596->341598->343105->341906->341605->341594->343104->341601->343106->343943->342693->341607->344213->343102->341557->342643->341561->341562->341564->342645->341559->342115->343710->341560->341518->341517->341516->341515->342114->563094->646707->342613->341535->343726->343919->338310->339265->338311->339297->339000->339664->338312->338344->562956->562954->338355->338356->339216->339584->338280->587862->587861->338279->587863->340185->340186->338897->340035->338396->338400->338399->338391->338773->613666->613667
