model,route,route_type,time_slot,start_hour,rep,fuel_total,fuel_drive,fuel_idle,travel_time,wait_time,distance,wait_count,reached,steps,n_left,n_right,n_straight,path
shortest_dijkstra,t1_seonjeongneung_daechi,long,off_peak,7.0,1,454.1339,374.7198,74.1656,431.6591,197.1348,2915.1,4,True,31,2,2,27,341608->341553->341563->341552->342644->342148->342645->341559->341985->341569->341738->563185->341560->342648->342147->341996->341571->340229->562951->338222->338726->338837->339122->646056->338604->338223->338603->339126->338348->338347->338706->338354
shortest_dijkstra,t1_seonjeongneung_daechi,long,off_peak,7.0,2,447.203,351.0631,89.6997,379.3854,238.4252,2915.1,4,True,31,2,2,27,341608->341553->341563->341552->342644->342148->342645->341559->341985->341569->341738->563185->341560->342648->342147->341996->341571->340229->562951->338222->338726->338837->339122->646056->338604->338223->338603->339126->338348->338347->338706->338354
shortest_dijkstra,t1_seonjeongneung_daechi,long,off_peak,7.0,3,441.2506,354.4006,80.7386,413.9001,214.6061,2915.1,4,True,31,2,2,27,341608->341553->341563->341552->342644->342148->342645->341559->341985->341569->341738->563185->341560->342648->342147->341996->341571->340229->562951->338222->338726->338837->339122->646056->338604->338223->338603->339126->338348->338347->338706->338354
shortest_dijkstra,t1_seonjeongneung_daechi,long,off_peak,7.0,4,543.9796,387.2207,149.4283,469.02,397.1858,2915.1,6,True,31,2,2,27,341608->341553->341563->341552->342644->342148->342645->341559->341985->341569->341738->563185->341560->342648->342147->341996->341571->340229->562951->338222->338726->338837->339122->646056->338604->338223->338603->339126->338348->338347->338706->338354
shortest_dijkstra,t1_seonjeongneung_daechi,long,off_peak,7.0,5,430.7846,358.9236,67.3939,446.08,179.1354,2915.1,4,True,31,2,2,27,341608->341553->341563->341552->342644->342148->342645->341559->341985->341569->341738->563185->341560->342648->342147->341996->341571->340229->562951->338222->338726->338837->339122->646056->338604->338223->338603->339126->338348->338347->338706->338354
shortest_dijkstra,t1_seonjeongneung_daechi,long,off_peak,7.0,6,439.7705,354.4943,78.9863,407.2829,209.9485,2915.1,4,True,31,2,2,27,341608->341553->341563->341552->342644->342148->342645->341559->341985->341569->341738->563185->341560->342648->342147->341996->341571->340229->562951->338222->338726->338837->339122->646056->338604->338223->338603->339126->338348->338347->338706->338354
shortest_dijkstra,t1_seonjeongneung_daechi,long,off_peak,7.0,7,459.6277,366.272,85.998,390.9582,228.5858,2915.1,4,True,31,2,2,27,341608->341553->341563->341552->342644->342148->342645->341559->341985->341569->341738->563185->341560->342648->342147->341996->341571->340229->562951->338222->338726->338837->339122->646056->338604->338223->338603->339126->338348->338347->338706->338354
shortest_dijkstra,t1_seonjeongneung_daechi,long,off_peak,7.0,8,433.5642,371.2669,57.8642,460.4258,153.8051,2915.1,4,True,31,2,2,27,341608->341553->341563->341552->342644->342148->342645->341559->341985->341569->341738->563185->341560->342648->342147->341996->341571->340229->562951->338222->338726->338837->339122->646056->338604->338223->338603->339126->338348->338347->338706->338354
shortest_dijkstra,t1_seonjeongneung_daechi,long,off_peak,7.0,9,473.144,390.9403,76.4853,428.1943,203.3008,2915.1,4,True,31,2,2,27,341608->341553->341563->341552->342644->342148->342645->341559->341985->341569->341738->563185->341560->342648->342147->341996->341571->340229->562951->338222->338726->338837->339122->646056->338604->338223->338603->339126->338348->338347->338706->338354
shortest_dijkstra,t1_seonjeongneung_daechi,long,off_peak,7.0,10,459.5986,354.7625,98.4883,470.4011,261.7856,2915.1,5,True,31,2,2,27,341608->341553->341563->341552->342644->342148->342645->341559->341985->341569->341738->563185->341560->342648->342147->341996->341571->340229->562951->338222->338726->338837->339122->646056->338604->338223->338603->339126->338348->338347->338706->338354
shortest_dijkstra,t1_seonjeongneung_daechi,long,off_peak,7.0,11,447.8026,364.3099,76.3873,411.3214,203.0403,2915.1,4,True,31,2,2,27,341608->341553->341563->341552->342644->342148->342645->341559->341985->341569->341738->563185->341560->342648->342147->341996->341571->340229->562951->338222->338726->338837->339122->646056->338604->338223->338603->339126->338348->338347->338706->338354
shortest_dijkstra,t1_seonjeongneung_daechi,long,off_peak,7.0,12,485.3451,364.0737,113.7667,423.0225,302.3961,2915.1,5,True,31,2,2,27,341608->341553->341563->341552->342644->342148->342645->341559->341985->341569->341738->563185->341560->342648->342147->341996->341571->340229->562951->338222->338726->338837->339122->646056->338604->338223->338603->339126->338348->338347->338706->338354
shortest_dijkstra,t1_seonjeongneung_daechi,long,off_peak,7.0,13,438.7486,353.0726,78.0799,412.3207,207.5392,2915.1,4,True,31,2,2,27,341608->341553->341563->341552->342644->342148->342645->341559->341985->341569->341738->563185->341560->342648->342147->341996->341571->340229->562951->338222->338726->338837->339122->646056->338604->338223->338603->339126->338348->338347->338706->338354
shortest_dijkstra,t1_seonjeongneung_daechi,long,off_peak,7.0,14,421.7059,343.779,73.2078,420.8229,194.5891,2915.1,4,True,31,2,2,27,341608->341553->341563->341552->342644->342148->342645->341559->341985->341569->341738->563185->341560->342648->342147->341996->341571->340229->562951->338222->338726->338837->339122->646056->338604->338223->338603->339126->338348->338347->338706->338354
shortest_dijkstra,t1_seonjeongneung_daechi,long,off_peak,7.0,15,435.0838,359.6746,69.5332,440.3109,184.8217,2915.1,4,True,31,2,2,27,341608->341553->341563->341552->342644->342148->342645->341559->341985->341569->341738->563185->341560->342648->342147->341996->341571->340229->562951->338222->338726->338837->339122->646056->338604->338223->338603->339126->338348->338347->338706->338354
shortest_dijkstra,t1_seonjeongneung_daechi,long,off_peak,7.0,16,551.6976,393.8547,149.5731,471.16,397.5707,2915.1,6,True,31,2,2,27,341608->341553->341563->341552->342644->342148->342645->341559->341985->341569->341738->563185->341560->342648->342147->341996->341571->340229->562951->338222->338726->338837->339122->646056->338604->338223->338603->339126->338348->338347->338706->338354
shortest_dijkstra,t1_seonjeongneung_daechi,long,off_peak,7.0,17,444.8937,381.4174,58.9183,471.3712,156.6069,2915.1,4,True,31,2,2,27,341608->341553->341563->341552->342644->342148->342645->341559->341985->341569->341738->563185->341560->342648->342147->341996->341571->340229->562951->338222->338726->338837->339122->646056->338604->338223->338603->339126->338348->338347->338706->338354
shortest_dijkstra,t1_seonjeongneung_daechi,long,off_peak,7.0,18,436.6692,359.1323,72.2938,433.0616,192.1595,2915.1,4,True,31,2,2,27,341608->341553->341563->341552->342644->342148->342645->341559->341985->341569->341738->563185->341560->342648->342147->341996->341571->340229->562951->338222->338726->338837->339122->646056->338604->338223->338603->339126->338348->338347->338706->338354
shortest_dijkstra,t1_seonjeongneung_daechi,long,off_peak,7.0,19,452.7412,359.2095,85.6749,382.8533,227.727,2915.1,4,True,31,2,2,27,341608->341553->341563->341552->342644->342148->342645->341559->341985->341569->341738->563185->341560->342648->342147->341996->341571->340229->562951->338222->338726->338837->339122->646056->338604->338223->338603->339126->338348->338347->338706->338354
shortest_dijkstra,t1_seonjeongneung_daechi,long,off_peak,7.0,20,487.6368,377.227,102.7653,461.7608,273.1538,2915.1,5,True,31,2,2,27,341608->341553->341563->341552->342644->342148->342645->341559->341985->341569->341738->563185->341560->342648->342147->341996->341571->340229->562951->338222->338726->338837->339122->646056->338604->338223->338603->339126->338348->338347->338706->338354
shortest_dijkstra,t1_seonjeongneung_daechi,long,off_peak,7.0,21,484.152,366.4378,110.2017,438.5307,292.9202,2915.1,5,True,31,2,2,27,341608->341553->341563->341552->342644->342148->342645->341559->341985->341569->341738->563185->341560->342648->342147->341996->341571->340229->562951->338222->338726->338837->339122->646056->338604->338223->338603->339126->338348->338347->338706->338354
shortest_dijkstra,t1_seonjeongneung_daechi,long,off_peak,7.0,22,427.6289,355.2437,65.8872,443.1643,175.1305,2915.1,4,True,31,2,2,27,341608->341553->341563->341552->342644->342148->342645->341559->341985->341569->341738->563185->341560->342648->342147->341996->341571->340229->562951->338222->338726->338837->339122->646056->338604->338223->338603->339126->338348->338347->338706->338354
shortest_dijkstra,t1_seonjeongneung_daechi,long,off_peak,7.0,23,436.1505,351.3781,78.8748,414.0099,209.6519,2915.1,4,True,31,2,2,27,341608->341553->341563->341552->342644->342148->342645->341559->341985->341569->341738->563185->341560->342648->342147->341996->341571->340229->562951->338222->338726->338837->339122->646056->338604->338223->338603->339126->338348->338347->338706->338354
shortest_dijkstra,t1_seonjeongneung_daechi,long,off_peak,7.0,24,436.8205,359.1823,72.5927,425.4069,192.9541,2915.1,4,True,31,2,2,27,341608->341553->341563->341552->342644->342148->342645->341559->341985->341569->341738->563185->341560->342648->342147->341996->341571->340229->562951->338222->338726->338837->339122->646056->338604->338223->338603->339126->338348->338347->338706->338354
shortest_dijkstra,t1_seonjeongneung_daechi,long,off_peak,7.0,25,435.2641,359.669,69.255,434.8654,184.0822,2915.1,4,True,31,2,2,27,341608->341553->341563->341552->342644->342148->342645->341559->341985->341569->341738->563185->341560->342648->342147->341996->341571->340229->562951->338222->338726->338837->339122->646056->338604->338223->338603->339126->338348->338347->338706->338354
shortest_dijkstra,t1_seonjeongneung_daechi,long,off_peak,7.0,26,457.7894,365.4176,85.5215,407.1051,227.3192,2915.1,4,True,31,2,2,27,341608->341553->341563->341552->342644->342148->342645->341559->341985->341569->341738->563185->341560->342648->342147->341996->341571->340229->562951->338222->338726->338837->339122->646056->338604->338223->338603->339126->338348->338347->338706->338354
shortest_dijkstra,t1_seonjeongneung_daechi,long,off_peak,7.0,27,437.4103,340.4192,90.2702,380.3221,239.9416,2915.1,4,True,31,2,2,27,341608->341553->341563->341552->342644->342148->342645->341559->341985->341569->341738->563185->341560->342648->342147->341996->341571->340229->562951->338222->338726->338837->339122->646056->338604->338223->338603->339126->338348->338347->338706->338354
shortest_dijkstra,t1_seonjeongneung_daechi,long,off_peak,7.0,28,442.5527,369.5937,68.5063,446.1993,182.0923,2915.1,4,True,31,2,2,27,341608->341553->341563->341552->342644->342148->342645->341559->341985->341569->341738->563185->341560->342648->342147->341996->341571->340229->562951->338222->338726->338837->339122->646056->338604->338223->338603->339126->338348->338347->338706->338354
shortest_dijkstra,t1_seonjeongneung_daechi,long,off_peak,7.0,29,435.7935,354.3701,76.2575,418.0087,202.6952,2915.1,4,True,31,2,2,27,341608->341553->341563->341552->342644->342148->342645->341559->341985->341569->341738->563185->341560->342648->342147->341996->341571->340229->562951->338222->338726->338837->339122->646056->338604->338223->338603->339126->338348->338347->338706->338354
shortest_dijkstra,t1_seonjeongneung_daechi,long,off_peak,7.0,30,451.4084,372.9025,73.0154,423.6142,194.0776,2915.1,4,True,31,2,2,27,341608->341553->341563->341552->342644->342148->342645->341559->341985->341569->341738->563185->341560->342648->342147->341996->341571->340229->562951->338222->338726->338837->339122->646056->338604->338223->338603->339126->338348->338347->338706->338354
shortest_dijkstra,t1_seonjeongneung_daechi,long,peak,8.0,1,433.8582,359.6534,72.4632,521.7397,192.6097,2915.1,3,True,31,2,2,27,341608->341553->341563->341552->342644->342148->342645->341559->341985->341569->341738->563185->341560->342648->342147->341996->341571->340229->562951->338222->338726->338837->339122->646056->338604->338223->338603->339126->338348->338347->338706->338354
shortest_dijkstra,t1_seonjeongneung_daechi,long,peak,8.0,2,545.8288,383.1951,158.6532,519.3886,421.7059,2915.1,5,True,31,2,2,27,341608->341553->341563->341552->342644->342148->342645->341559->341985->341569->341738->563185->341560->342648->342147->341996->341571->340229->562951->338222->338726->338837->339122->646056->338604->338223->338603->339126->338348->338347->338706->338354
shortest_dijkstra,t1_seonjeongneung_daechi,long,peak,8.0,3,436.5877,357.3005,76.483,501.6478,203.2946,2915.1,3,True,31,2,2,27,341608->341553->341563->341552->342644->342148->342645->341559->341985->341569->341738->563185->341560->342648->342147->341996->341571->340229->562951->338222->338726->338837->339122->646056->338604->338223->338603->339126->338348->338347->338706->338354
shortest_dijkstra,t1_seonjeongneung_daechi,long,peak,8.0,4,539.0247,376.6088,159.0331,537.1811,422.7158,2915.1,5,True,31,2,2,27,341608->341553->341563->341552->342644->342148->342645->341559->341985->341569->341738->563185->341560->342648->342147->341996->341571->340229->562951->338222->338726->338837->339122->646056->338604->338223->338603->339126->338348->338347->338706->338354
shortest_dijkstra,t1_seonjeongneung_daechi,long,peak,8.0,5,441.2672,352.3235,85.6148,455.5849,227.5674,2915.1,3,True,31,2,2,27,341608->341553->341563->341552->342644->342148->342645->341559->341985->341569->341738->563185->341560->342648->342147->341996->341571->340229->562951->338222->338726->338837->339122->646056->338604->338223->338603->339126->338348->338347->338706->338354
shortest_dijkstra,t1_seonjeongneung_daechi,long,peak,8.0,6,460.7374,362.3073,94.7568,456.7243,251.8671,2915.1,3,True,31,2,2,27,341608->341553->341563->341552->342644->342148->342645->341559->341985->341569->341738->563185->341560->342648->342147->341996->341571->340229->562951->338222->338726->338837->339122->646056->338604->338223->338603->339126->338348->338347->338706->338354
shortest_dijkstra,t1_seonjeongneung_daechi,long,peak,8.0,7,538.0313,384.6198,149.3962,541.7893,397.1007,2915.1,5,True,31,2,2,27,341608->341553->341563->341552->342644->342148->342645->341559->341985->341569->341738->563185->341560->342648->342147->341996->341571->340229->562951->338222->338726->338837->339122->646056->338604->338223->338603->339126->338348->338347->338706->338354
shortest_dijkstra,t1_seonjeongneung_daechi,long,peak,8.0,8,540.7328,365.5153,170.3428,496.0899,452.7774,2915.1,5,True,31,2,2,27,341608->341553->341563->341552->342644->342148->342645->341559->341985->341569->341738->563185->341560->342648->342147->341996->341571->340229->562951->338222->338726->338837->339122->646056->338604->338223->338603->339126->338348->338347->338706->338354
shortest_dijkstra,t1_seonjeongneung_daechi,long,peak,8.0,9,487.1207,371.6064,112.2304,512.9894,298.3126,2915.1,4,True,31,2,2,27,341608->341553->341563->341552->342644->342148->342645->341559->341985->341569->341738->563185->341560->342648->342147->341996->341571->340229->562951->338222->338726->338837->339122->646056->338604->338223->338603->339126->338348->338347->338706->338354
shortest_dijkstra,t1_seonjeongneung_daechi,long,peak,8.0,10,480.1786,364.8486,112.0247,510.8233,297.7656,2915.1,4,True,31,2,2,27,341608->341553->341563->341552->342644->342148->342645->341559->341985->341569->341738->563185->341560->342648->342147->341996->341571->340229->562951->338222->338726->338837->339122->646056->338604->338223->338603->339126->338348->338347->338706->338354
shortest_dijkstra,t1_seonjeongneung_daechi,long,peak,8.0,11,451.6178,365.6367,82.7987,468.2356,220.0821,2915.1,3,True,31,2,2,27,341608->341553->341563->341552->342644->342148->342645->341559->341985->341569->341738->563185->341560->342648->342147->341996->341571->340229->562951->338222->338726->338837->339122->646056->338604->338223->338603->339126->338348->338347->338706->338354
shortest_dijkstra,t1_seonjeongneung_daechi,long,peak,8.0,12,528.4458,368.9484,155.8841,528.1578,414.3457,2915.1,5,True,31,2,2,27,341608->341553->341563->341552->342644->342148->342645->341559->341985->341569->341738->563185->341560->342648->342147->341996->341571->340229->562951->338222->338726->338837->339122->646056->338604->338223->338603->339126->338348->338347->338706->338354
shortest_dijkstra,t1_seonjeongneung_daechi,long,peak,8.0,13,446.8622,362.6511,81.7449,492.0748,217.2808,2915.1,3,True,31,2,2,27,341608->341553->341563->341552->342644->342148->342645->341559->341985->341569->341738->563185->341560->342648->342147->341996->341571->340229->562951->338222->338726->338837->339122->646056->338604->338223->338603->339126->338348->338347->338706->338354
shortest_dijkstra,t1_seonjeongneung_daechi,long,peak,8.0,14,442.4516,356.1575,84.2401,461.4337,223.9133,2915.1,3,True,31,2,2,27,341608->341553->341563->341552->342644->342148->342645->341559->341985->341569->341738->563185->341560->342648->342147->341996->341571->340229->562951->338222->338726->338837->339122->646056->338604->338223->338603->339126->338348->338347->338706->338354
shortest_dijkstra,t1_seonjeongneung_daechi,long,peak,8.0,15,482.3965,369.3526,109.8691,518.9308,292.0362,2915.1,4,True,31,2,2,27,341608->341553->341563->341552->342644->342148->342645->341559->341985->341569->341738->563185->341560->342648->342147->341996->341571->340229->562951->338222->338726->338837->339122->646056->338604->338223->338603->339126->338348->338347->338706->338354
shortest_dijkstra,t1_seonjeongneung_daechi,long,peak,8.0,16,551.5511,397.9126,149.0323,545.5022,396.1332,2915.1,5,True,31,2,2,27,341608->341553->341563->341552->342644->342148->342645->341559->341985->341569->341738->563185->341560->342648->342147->341996->341571->340229->562951->338222->338726->338837->339122->646056->338604->338223->338603->339126->338348->338347->338706->338354
shortest_dijkstra,t1_seonjeongneung_daechi,long,peak,8.0,17,446.1692,365.0164,78.328,486.7545,208.1988,2915.1,3,True,31,2,2,27,341608->341553->341563->341552->342644->342148->342645->341559->341985->341569->341738->563185->341560->342648->342147->341996->341571->340229->562951->338222->338726->338837->339122->646056->338604->338223->338603->339126->338348->338347->338706->338354
shortest_dijkstra,t1_seonjeongneung_daechi,long,peak,8.0,18,452.9063,360.2361,89.6646,464.6733,238.3319,2915.1,3,True,31,2,2,27,341608->341553->341563->341552->342644->342148->342645->341559->341985->341569->341738->563185->341560->342648->342147->341996->341571->340229->562951->338222->338726->338837->339122->646056->338604->338223->338603->339126->338348->338347->338706->338354
shortest_dijkstra,t1_seonjeongneung_daechi,long,peak,8.0,19,441.8773,362.2055,76.2908,496.0616,202.7838,2915.1,3,True,31,2,2,27,341608->341553->341563->341552->342644->342148->342645->341559->341985->341569->341738->563185->341560->342648->342147->341996->341571->340229->562951->338222->338726->338837->339122->646056->338604->338223->338603->339126->338348->338347->338706->338354
shortest_dijkstra,t1_seonjeongneung_daechi,long,peak,8.0,20,434.2778,344.2116,86.5541,457.4672,230.064,2915.1,3,True,31,2,2,27,341608->341553->341563->341552->342644->342148->342645->341559->341985->341569->341738->563185->341560->342648->342147->341996->341571->340229->562951->338222->338726->338837->339122->646056->338604->338223->338603->339126->338348->338347->338706->338354
shortest_dijkstra,t1_seonjeongneung_daechi,long,peak,8.0,21,444.0958,347.43,92.3737,447.2443,245.5326,2915.1,3,True,31,2,2,27,341608->341553->341563->341552->342644->342148->342645->341559->341985->341569->341738->563185->341560->342648->342147->341996->341571->340229->562951->338222->338726->338837->339122->646056->338604->338223->338603->339126->338348->338347->338706->338354
shortest_dijkstra,t1_seonjeongneung_daechi,long,peak,8.0,22,429.9257,352.6713,74.6872,505.3973,198.5213,2915.1,3,True,31,2,2,27,341608->341553->341563->341552->342644->342148->342645->341559->341985->341569->341738->563185->341560->342648->342147->341996->341571->340229->562951->338222->338726->338837->339122->646056->338604->338223->338603->339126->338348->338347->338706->338354
shortest_dijkstra,t1_seonjeongneung_daechi,long,peak,8.0,23,551.0176,369.4231,176.583,471.5078,469.364,2915.1,5,True,31,2,2,27,341608->341553->341563->341552->342644->342148->342645->341559->341985->341569->341738->563185->341560->342648->342147->341996->341571->340229->562951->338222->338726->338837->339122->646056->338604->338223->338603->339126->338348->338347->338706->338354
shortest_dijkstra,t1_seonjeongneung_daechi,long,peak,8.0,24,432.437,346.0199,83.3675,472.7103,221.5937,2915.1,3,True,31,2,2,27,341608->341553->341563->341552->342644->342148->342645->341559->341985->341569->341738->563185->341560->342648->342147->341996->341571->340229->562951->338222->338726->338837->339122->646056->338604->338223->338603->339126->338348->338347->338706->338354
shortest_dijkstra,t1_seonjeongneung_daechi,long,peak,8.0,25,443.2948,362.3102,78.3222,488.5687,208.1833,2915.1,3,True,31,2,2,27,341608->341553->341563->341552->342644->342148->342645->341559->341985->341569->341738->563185->341560->342648->342147->341996->341571->340229->562951->338222->338726->338837->339122->646056->338604->338223->338603->339126->338348->338347->338706->338354
shortest_dijkstra,t1_seonjeongneung_daechi,long,peak,8.0,26,536.3106,377.1827,155.622,529.4023,413.6488,2915.1,5,True,31,2,2,27,341608->341553->341563->341552->342644->342148->342645->341559->341985->341569->341738->563185->341560->342648->342147->341996->341571->340229->562951->338222->338726->338837->339122->646056->338604->338223->338603->339126->338348->338347->338706->338354
shortest_dijkstra,t1_seonjeongneung_daechi,long,peak,8.0,27,453.414,365.3366,84.5662,460.2217,224.7801,2915.1,3,True,31,2,2,27,341608->341553->341563->341552->342644->342148->342645->341559->341985->341569->341738->563185->341560->342648->342147->341996->341571->340229->562951->338222->338726->338837->339122->646056->338604->338223->338603->339126->338348->338347->338706->338354
shortest_dijkstra,t1_seonjeongneung_daechi,long,peak,8.0,28,544.3698,369.805,169.0743,492.821,449.4057,2915.1,5,True,31,2,2,27,341608->341553->341563->341552->342644->342148->342645->341559->341985->341569->341738->563185->341560->342648->342147->341996->341571->340229->562951->338222->338726->338837->339122->646056->338604->338223->338603->339126->338348->338347->338706->338354
shortest_dijkstra,t1_seonjeongneung_daechi,long,peak,8.0,29,542.3365,379.1435,158.5382,522.8287,421.4004,2915.1,5,True,31,2,2,27,341608->341553->341563->341552->342644->342148->342645->341559->341985->341569->341738->563185->341560->342648->342147->341996->341571->340229->562951->338222->338726->338837->339122->646056->338604->338223->338603->339126->338348->338347->338706->338354
shortest_dijkstra,t1_seonjeongneung_daechi,long,peak,8.0,30,524.3118,358.475,161.6363,510.6161,429.635,2915.1,5,True,31,2,2,27,341608->341553->341563->341552->342644->342148->342645->341559->341985->341569->341738->563185->341560->342648->342147->341996->341571->340229->562951->338222->338726->338837->339122->646056->338604->338223->338603->339126->338348->338347->338706->338354
shortest_dijkstra,t2_yeoksam_hakyeoul,long,off_peak,7.0,1,696.4442,510.1883,175.9717,543.4513,467.7392,3958.3,7,True,49,4,3,42,338267->340192->338229->338218->339571->338261->341734->341572->339293->338651->562921->562923->342153->343109->613772->339003->339662->341549->342639->563096->342115->343710->341560->342648->342147->341996->341571->340229->562951->338222->338726->338837->339122->646056->338604->338223->338603->339126->338348->338347->338346->339296->338349->338341->338728->339266->338343->338313->338712->338344
shortest_dijkstra,t2_yeoksam_hakyeoul,long,off_peak,7.0,2,712.4576,546.6917,157.1688,595.6313,417.7605,3958.3,7,True,49,4,3,42,338267->340192->338229->338218->339571->338261->341734->341572->339293->338651->562921->562923->342153->343109->613772->339003->339662->341549->342639->563096->342115->343710->341560->342648->342147->341996->341571->340229->562951->338222->338726->338837->339122->646056->338604->338223->338603->339126->338348->338347->338346->339296->338349->338341->338728->339266->338343->338313->338712->338344
shortest_dijkstra,t2_yeoksam_hakyeoul,long,off_peak,7.0,3,701.2788,547.7903,144.9731,626.5162,385.3437,3958.3,7,True,49,4,3,42,338267->340192->338229->338218->339571->338261->341734->341572->339293->338651->562921->562923->342153->343109->613772->339003->339662->341549->342639->563096->342115->343710->341560->342648->342147->341996->341571->340229->562951->338222->338726->338837->339122->646056->338604->338223->338603->339126->338348->338347->338346->339296->338349->338341->338728->339266->338343->338313->338712->338344
shortest_dijkstra,t2_yeoksam_hakyeoul,long,off_peak,7.0,4,677.3453,514.1417,154.7198,599.9099,411.2508,3958.3,7,True,49,4,3,42,338267->340192->338229->338218->339571->338261->341734->341572->339293->338651->562921->562923->342153->343109->613772->339003->339662->341549->342639->563096->342115->343710->341560->342648->342147->341996->341571->340229->562951->338222->338726->338837->339122->646056->338604->338223->338603->339126->338348->338347->338346->339296->338349->338341->338728->339266->338343->338313->338712->338344
shortest_dijkstra,t2_yeoksam_hakyeoul,long,off_peak,7.0,5,723.8456,549.8654,165.8736,571.5174,440.8981,3958.3,7,True,49,4,3,42,338267->340192->338229->338218->339571->338261->341734->341572->339293->338651->562921->562923->342153->343109->613772->339003->339662->341549->342639->563096->342115->343710->341560->342648->342147->341996->341571->340229->562951->338222->338726->338837->339122->646056->338604->338223->338603->339126->338348->338347->338346->339296->338349->338341->338728->339266->338343->338313->338712->338344
shortest_dijkstra,t2_yeoksam_hakyeoul,long,off_peak,7.0,6,595.0179,475.6242,114.1631,558.1995,303.4496,3958.3,4,True,49,4,3,42,338267->340192->338229->338218->339571->338261->341734->341572->339293->338651->562921->562923->342153->343109->613772->339003->339662->341549->342639->563096->342115->343710->341560->342648->342147->341996->341571->340229->562951->338222->338726->338837->339122->646056->338604->338223->338603->339126->338348->338347->338346->339296->338349->338341->338728->339266->338343->338313->338712->338344
shortest_dijkstra,t2_yeoksam_hakyeoul,long,off_peak,7.0,7,709.2654,547.5208,149.9664,612.72,398.616,3958.3,7,True,49,4,3,42,338267->340192->338229->338218->339571->338261->341734->341572->339293->338651->562921->562923->342153->343109->613772->339003->339662->341549->342639->563096->342115->343710->341560->342648->342147->341996->341571->340229->562951->338222->338726->338837->339122->646056->338604->338223->338603->339126->338348->338347->338346->339296->338349->338341->338728->339266->338343->338313->338712->338344
shortest_dijkstra,t2_yeoksam_hakyeoul,long,off_peak,7.0,8,694.7874,536.2847,149.9753,612.7755,398.6399,3958.3,7,True,49,4,3,42,338267->340192->338229->338218->339571->338261->341734->341572->339293->338651->562921->562923->342153->343109->613772->339003->339662->341549->342639->563096->342115->343710->341560->342648->342147->341996->341571->340229->562951->338222->338726->338837->339122->646056->338604->338223->338603->339126->338348->338347->338346->339296->338349->338341->338728->339266->338343->338313->338712->338344
shortest_dijkstra,t2_yeoksam_hakyeoul,long,off_peak,7.0,9,693.8111,523.0839,161.4688,582.3655,429.1898,3958.3,7,True,49,4,3,42,338267->340192->338229->338218->339571->338261->341734->341572->339293->338651->562921->562923->342153->343109->613772->339003->339662->341549->342639->563096->342115->343710->341560->342648->342147->341996->341571->340229->562951->338222->338726->338837->339122->646056->338604->338223->338603->339126->338348->338347->338346->339296->338349->338341->338728->339266->338343->338313->338712->338344
shortest_dijkstra,t2_yeoksam_hakyeoul,long,off_peak,7.0,10,710.1405,540.8386,159.4698,587.0934,423.8765,3958.3,7,True,49,4,3,42,338267->340192->338229->338218->339571->338261->341734->341572->339293->338651->562921->562923->342153->343109->613772->339003->339662->341549->342639->563096->342115->343710->341560->342648->342147->341996->341571->340229->562951->338222->338726->338837->339122->646056->338604->338223->338603->339126->338348->338347->338346->339296->338349->338341->338728->339266->338343->338313->338712->338344
shortest_dijkstra,t2_yeoksam_hakyeoul,long,off_peak,7.0,11,701.2697,532.6001,158.0352,591.8847,420.0632,3958.3,7,True,49,4,3,42,338267->340192->338229->338218->339571->338261->341734->341572->339293->338651->562921->562923->342153->343109->613772->339003->339662->341549->342639->563096->342115->343710->341560->342648->342147->341996->341571->340229->562951->338222->338726->338837->339122->646056->338604->338223->338603->339126->338348->338347->338346->339296->338349->338341->338728->339266->338343->338313->338712->338344
shortest_dijkstra,t2_yeoksam_hakyeoul,long,off_peak,7.0,12,709.8271,534.8833,165.8552,570.6579,440.8491,3958.3,7,True,49,4,3,42,338267->340192->338229->338218->339571->338261->341734->341572->339293->338651->562921->562923->342153->343109->613772->339003->339662->341549->342639->563096->342115->343710->341560->342648->342147->341996->341571->340229->562951->338222->338726->338837->339122->646056->338604->338223->338603->339126->338348->338347->338346->339296->338349->338341->338728->339266->338343->338313->338712->338344
shortest_dijkstra,t2_yeoksam_hakyeoul,long,off_peak,7.0,13,693.3128,510.1258,172.7429,552.1147,459.157,3958.3,7,True,49,4,3,42,338267->340192->338229->338218->339571->338261->341734->341572->339293->338651->562921->562923->342153->343109->613772->339003->339662->341549->342639->563096->342115->343710->341560->342648->342147->341996->341571->340229->562951->338222->338726->338837->339122->646056->338604->338223->338603->339126->338348->338347->338346->339296->338349->338341->338728->339266->338343->338313->338712->338344
shortest_dijkstra,t2_yeoksam_hakyeoul,long,off_peak,7.0,14,680.682,517.4948,155.338,598.7296,412.894,3958.3,7,True,49,4,3,42,338267->340192->338229->338218->339571->338261->341734->341572->339293->338651->562921->562923->342153->343109->613772->339003->339662->341549->342639->563096->342115->343710->341560->342648->342147->341996->341571->340229->562951->338222->338726->338837->339122->646056->338604->338223->338603->339126->338348->338347->338346->339296->338349->338341->338728->339266->338343->338313->338712->338344
shortest_dijkstra,t2_yeoksam_hakyeoul,long,off_peak,7.0,15,683.8248,511.0403,162.4746,579.4042,431.8633,3958.3,7,True,49,4,3,42,338267->340192->338229->338218->339571->338261->341734->341572->339293->338651->562921->562923->342153->343109->613772->339003->339662->341549->342639->563096->342115->343710->341560->342648->342147->341996->341571->340229->562951->338222->338726->338837->339122->646056->338604->338223->338603->339126->338348->338347->338346->339296->338349->338341->338728->339266->338343->338313->338712->338344
shortest_dijkstra,t2_yeoksam_hakyeoul,long,off_peak,7.0,16,699.8015,530.2141,160.4684,585.5654,426.5309,3958.3,7,True,49,4,3,42,338267->340192->338229->338218->339571->338261->341734->341572->339293->338651->562921->562923->342153->343109->613772->339003->339662->341549->342639->563096->342115->343710->341560->342648->342147->341996->341571->340229->562951->338222->338726->338837->339122->646056->338604->338223->338603->339126->338348->338347->338346->339296->338349->338341->338728->339266->338343->338313->338712->338344
shortest_dijkstra,t2_yeoksam_hakyeoul,long,off_peak,7.0,17,723.0606,547.5111,166.6451,568.8374,442.9487,3958.3,7,True,49,4,3,42,338267->340192->338229->338218->339571->338261->341734->341572->339293->338651->562921->562923->342153->343109->613772->339003->339662->341549->342639->563096->342115->343710->341560->342648->342147->341996->341571->340229->562951->338222->338726->338837->339122->646056->338604->338223->338603->339126->338348->338347->338346->339296->338349->338341->338728->339266->338343->338313->338712->338344
shortest_dijkstra,t2_yeoksam_hakyeoul,long,off_peak,7.0,18,692.2498,526.6396,156.2025,596.236,415.1918,3958.3,7,True,49,4,3,42,338267->340192->338229->338218->339571->338261->341734->341572->339293->338651->562921->562923->342153->343109->613772->339003->339662->341549->342639->563096->342115->343710->341560->342648->342147->341996->341571->340229->562951->338222->338726->338837->339122->646056->338604->338223->338603->339126->338348->338347->338346->339296->338349->338341->338728->339266->338343->338313->338712->338344
shortest_dijkstra,t2_yeoksam_hakyeoul,long,off_peak,7.0,19,691.3168,519.8867,162.7261,579.2165,432.5319,3958.3,7,True,49,4,3,42,338267->340192->338229->338218->339571->338261->341734->341572->339293->338651->562921->562923->342153->343109->613772->339003->339662->341549->342639->563096->342115->343710->341560->342648->342147->341996->341571->340229->562951->338222->338726->338837->339122->646056->338604->338223->338603->339126->338348->338347->338346->339296->338349->338341->338728->339266->338343->338313->338712->338344
shortest_dijkstra,t2_yeoksam_hakyeoul,long,off_peak,7.0,20,688.6803,509.4406,170.6521,558.2996,453.5994,3958.3,7,True,49,4,3,42,338267->340192->338229->338218->339571->338261->341734->341572->339293->338651->562921->562923->342153->343109->613772->339003->339662->341549->342639->563096->342115->343710->341560->342648->342147->341996->341571->340229->562951->338222->338726->338837->339122->646056->338604->338223->338603->339126->338348->338347->338346->339296->338349->338341->338728->339266->338343->338313->338712->338344
shortest_dijkstra,t2_yeoksam_hakyeoul,long,off_peak,7.0,21,696.7804,552.9409,135.7229,651.8167,360.7563,3958.3,7,True,49,4,3,42,338267->340192->338229->338218->339571->338261->341734->341572->339293->338651->562921->562923->342153->343109->613772->339003->339662->341549->342639->563096->342115->343710->341560->342648->342147->341996->341571->340229->562951->338222->338726->338837->339122->646056->338604->338223->338603->339126->338348->338347->338346->339296->338349->338341->338728->339266->338343->338313->338712->338344
shortest_dijkstra,t2_yeoksam_hakyeoul,long,off_peak,7.0,22,706.5946,528.148,166.447,568.8148,442.4221,3958.3,7,True,49,4,3,42,338267->340192->338229->338218->339571->338261->341734->341572->339293->338651->562921->562923->342153->343109->613772->339003->339662->341549->342639->563096->342115->343710->341560->342648->342147->341996->341571->340229->562951->338222->338726->338837->339122->646056->338604->338223->338603->339126->338348->338347->338346->339296->338349->338341->338728->339266->338343->338313->338712->338344
shortest_dijkstra,t2_yeoksam_hakyeoul,long,off_peak,7.0,23,648.3942,497.5966,144.0472,628.2206,382.8826,3958.3,6,True,49,4,3,42,338267->340192->338229->338218->339571->338261->341734->341572->339293->338651->562921->562923->342153->343109->613772->339003->339662->341549->342639->563096->342115->343710->341560->342648->342147->341996->341571->340229->562951->338222->338726->338837->339122->646056->338604->338223->338603->339126->338348->338347->338346->339296->338349->338341->338728->339266->338343->338313->338712->338344
shortest_dijkstra,t2_yeoksam_hakyeoul,long,off_peak,7.0,24,693.0789,516.8167,167.5003,568.1707,445.2219,3958.3,7,True,49,4,3,42,338267->340192->338229->338218->339571->338261->341734->341572->339293->338651->562921->562923->342153->343109->613772->339003->339662->341549->342639->563096->342115->343710->341560->342648->342147->341996->341571->340229->562951->338222->338726->338837->339122->646056->338604->338223->338603->339126->338348->338347->338346->339296->338349->338341->338728->339266->338343->338313->338712->338344
shortest_dijkstra,t2_yeoksam_hakyeoul,long,off_peak,7.0,25,756.6018,539.6005,207.9315,640.7991,552.6894,3958.3,7,True,49,4,3,42,338267->340192->338229->338218->339571->338261->341734->341572->339293->338651->562921->562923->342153->343109->613772->339003->339662->341549->342639->563096->342115->343710->341560->342648->342147->341996->341571->340229->562951->338222->338726->338837->339122->646056->338604->338223->338603->339126->338348->338347->338346->339296->338349->338341->338728->339266->338343->338313->338712->338344
shortest_dijkstra,t2_yeoksam_hakyeoul,long,off_peak,7.0,26,675.2932,512.8162,153.8088,603.3693,408.8293,3958.3,7,True,49,4,3,42,338267->340192->338229->338218->339571->338261->341734->341572->339293->338651->562921->562923->342153->343109->613772->339003->339662->341549->342639->563096->342115->343710->341560->342648->342147->341996->341571->340229->562951->338222->338726->338837->339122->646056->338604->338223->338603->339126->338348->338347->338346->339296->338349->338341->338728->339266->338343->338313->338712->338344
shortest_dijkstra,t2_yeoksam_hakyeoul,long,off_peak,7.0,27,658.9775,478.604,171.0605,557.8924,454.6851,3958.3,7,True,49,4,3,42,338267->340192->338229->338218->339571->338261->341734->341572->339293->338651->562921->562923->342153->343109->613772->339003->339662->341549->342639->563096->342115->343710->341560->342648->342147->341996->341571->340229->562951->338222->338726->338837->339122->646056->338604->338223->338603->339126->338348->338347->338346->339296->338349->338341->338728->339266->338343->338313->338712->338344
shortest_dijkstra,t2_yeoksam_hakyeoul,long,off_peak,7.0,28,677.1363,509.4922,158.1669,591.5352,420.4133,3958.3,7,True,49,4,3,42,338267->340192->338229->338218->339571->338261->341734->341572->339293->338651->562921->562923->342153->343109->613772->339003->339662->341549->342639->563096->342115->343710->341560->342648->342147->341996->341571->340229->562951->338222->338726->338837->339122->646056->338604->338223->338603->339126->338348->338347->338346->339296->338349->338341->338728->339266->338343->338313->338712->338344
shortest_dijkstra,t2_yeoksam_hakyeoul,long,off_peak,7.0,29,675.7585,515.0626,153.2841,604.2079,407.4348,3958.3,7,True,49,4,3,42,338267->340192->338229->338218->339571->338261->341734->341572->339293->338651->562921->562923->342153->343109->613772->339003->339662->341549->342639->563096->342115->343710->341560->342648->342147->341996->341571->340229->562951->338222->338726->338837->339122->646056->338604->338223->338603->339126->338348->338347->338346->339296->338349->338341->338728->339266->338343->338313->338712->338344
shortest_dijkstra,t2_yeoksam_hakyeoul,long,off_peak,7.0,30,666.3904,502.0253,155.7093,600.5984,413.8809,3958.3,7,True,49,4,3,42,338267->340192->338229->338218->339571->338261->341734->341572->339293->338651->562921->562923->342153->343109->613772->339003->339662->341549->342639->563096->342115->343710->341560->342648->342147->341996->341571->340229->562951->338222->338726->338837->339122->646056->338604->338223->338603->339126->338348->338347->338346->339296->338349->338341->338728->339266->338343->338313->338712->338344
shortest_dijkstra,t2_yeoksam_hakyeoul,long,peak,8.0,1,579.8065,508.469,65.8898,657.3011,175.1374,3958.3,6,True,49,4,3,42,338267->340192->338229->338218->339571->338261->341734->341572->339293->338651->562921->562923->342153->343109->613772->339003->339662->341549->342639->563096->342115->343710->341560->342648->342147->341996->341571->340229->562951->338222->338726->338837->339122->646056->338604->338223->338603->339126->338348->338347->338346->339296->338349->338341->338728->339266->338343->338313->338712->338344
shortest_dijkstra,t2_yeoksam_hakyeoul,long,peak,8.0,2,603.3321,516.8309,77.5217,626.2005,206.0554,3958.3,7,True,49,4,3,42,338267->340192->338229->338218->339571->338261->341734->341572->339293->338651->562921->562923->342153->343109->613772->339003->339662->341549->342639->563096->342115->343710->341560->342648->342147->341996->341571->340229->562951->338222->338726->338837->339122->646056->338604->338223->338603->339126->338348->338347->338346->339296->338349->338341->338728->339266->338343->338313->338712->338344
shortest_dijkstra,t2_yeoksam_hakyeoul,long,peak,8.0,3,593.0937,517.3456,68.9447,648.7744,183.2574,3958.3,6,True,49,4,3,42,338267->340192->338229->338218->339571->338261->341734->341572->339293->338651->562921->562923->342153->343109->613772->339003->339662->341549->342639->563096->342115->343710->341560->342648->342147->341996->341571->340229->562951->338222->338726->338837->339122->646056->338604->338223->338603->339126->338348->338347->338346->339296->338349->338341->338728->339266->338343->338313->338712->338344
shortest_dijkstra,t2_yeoksam_hakyeoul,long,peak,8.0,4,580.6506,522.7073,51.5019,694.6932,136.894,3958.3,6,True,49,4,3,42,338267->340192->338229->338218->339571->338261->341734->341572->339293->338651->562921->562923->342153->343109->613772->339003->339662->341549->342639->563096->342115->343710->341560->342648->342147->341996->341571->340229->562951->338222->338726->338837->339122->646056->338604->338223->338603->339126->338348->338347->338346->339296->338349->338341->338728->339266->338343->338313->338712->338344
shortest_dijkstra,t2_yeoksam_hakyeoul,long,peak,8.0,5,619.391,528.493,79.7823,619.6929,212.0643,3958.3,7,True,49,4,3,42,338267->340192->338229->338218->339571->338261->341734->341572->339293->338651->562921->562923->342153->343109->613772->339003->339662->341549->342639->563096->342115->343710->341560->342648->342147->341996->341571->340229->562951->338222->338726->338837->339122->646056->338604->338223->338603->339126->338348->338347->338346->339296->338349->338341->338728->339266->338343->338313->338712->338344
shortest_dijkstra,t2_yeoksam_hakyeoul,long,peak,8.0,6,593.5099,513.7543,72.299,639.7135,192.1734,3958.3,6,True,49,4,3,42,338267->340192->338229->338218->339571->338261->341734->341572->339293->338651->562921->562923->342153->343109->613772->339003->339662->341549->342639->563096->342115->343710->341560->342648->342147->341996->341571->340229->562951->338222->338726->338837->339122->646056->338604->338223->338603->339126->338348->338347->338346->339296->338349->338341->338728->339266->338343->338313->338712->338344
shortest_dijkstra,t2_yeoksam_hakyeoul,long,peak,8.0,7,682.2457,539.7615,133.1564,657.5702,353.9346,3958.3,8,True,49,4,3,42,338267->340192->338229->338218->339571->338261->341734->341572->339293->338651->562921->562923->342153->343109->613772->339003->339662->341549->342639->563096->342115->343710->341560->342648->342147->341996->341571->340229->562951->338222->338726->338837->339122->646056->338604->338223->338603->339126->338348->338347->338346->339296->338349->338341->338728->339266->338343->338313->338712->338344
shortest_dijkstra,t2_yeoksam_hakyeoul,long,peak,8.0,8,554.0122,507.9217,42.2665,743.5377,112.346,3958.3,4,True,49,4,3,42,338267->340192->338229->338218->339571->338261->341734->341572->339293->338651->562921->562923->342153->343109->613772->339003->339662->341549->342639->563096->342115->343710->341560->342648->342147->341996->341571->340229->562951->338222->338726->338837->339122->646056->338604->338223->338603->339126->338348->338347->338346->339296->338349->338341->338728->339266->338343->338313->338712->338344
shortest_dijkstra,t2_yeoksam_hakyeoul,long,peak,8.0,9,593.7764,511.9487,74.5595,633.4159,198.1818,3958.3,6,True,49,4,3,42,338267->340192->338229->338218->339571->338261->341734->341572->339293->338651->562921->562923->342153->343109->613772->339003->339662->341549->342639->563096->342115->343710->341560->342648->342147->341996->341571->340229->562951->338222->338726->338837->339122->646056->338604->338223->338603->339126->338348->338347->338346->339296->338349->338341->338728->339266->338343->338313->338712->338344
shortest_dijkstra,t2_yeoksam_hakyeoul,long,peak,8.0,10,594.193,524.7218,62.0203,666.9701,164.8521,3958.3,6,True,49,4,3,42,338267->340192->338229->338218->339571->338261->341734->341572->339293->338651->562921->562923->342153->343109->613772->339003->339662->341549->342639->563096->342115->343710->341560->342648->342147->341996->341571->340229->562951->338222->338726->338837->339122->646056->338604->338223->338603->339126->338348->338347->338346->339296->338349->338341->338728->339266->338343->338313->338712->338344
shortest_dijkstra,t2_yeoksam_hakyeoul,long,peak,8.0,11,603.5022,518.2021,78.4062,622.8863,208.4065,3958.3,6,True,49,4,3,42,338267->340192->338229->338218->339571->338261->341734->341572->339293->338651->562921->562923->342153->343109->613772->339003->339662->341549->342639->563096->342115->343710->341560->342648->342147->341996->341571->340229->562951->338222->338726->338837->339122->646056->338604->338223->338603->339126->338348->338347->338346->339296->338349->338341->338728->339266->338343->338313->338712->338344
shortest_dijkstra,t2_yeoksam_hakyeoul,long,peak,8.0,12,576.2976,519.2143,51.8043,694.1228,137.6977,3958.3,5,True,49,4,3,42,338267->340192->338229->338218->339571->338261->341734->341572->339293->338651->562921->562923->342153->343109->613772->339003->339662->341549->342639->563096->342115->343710->341560->342648->342147->341996->341571->340229->562951->338222->338726->338837->339122->646056->338604->338223->338603->339126->338348->338347->338346->339296->338349->338341->338728->339266->338343->338313->338712->338344
shortest_dijkstra,t2_yeoksam_hakyeoul,long,peak,8.0,13,595.5134,514.8608,72.5049,638.4812,192.7207,3958.3,6,True,49,4,3,42,338267->340192->338229->338218->339571->338261->341734->341572->339293->338651->562921->562923->342153->343109->613772->339003->339662->341549->342639->563096->342115->343710->341560->342648->342147->341996->341571->340229->562951->338222->338726->338837->339122->646056->338604->338223->338603->339126->338348->338347->338346->339296->338349->338341->338728->339266->338343->338313->338712->338344
shortest_dijkstra,t2_yeoksam_hakyeoul,long,peak,8.0,14,630.1458,546.5399,74.4082,634.3306,197.7797,3958.3,6,True,49,4,3,42,338267->340192->338229->338218->339571->338261->341734->341572->339293->338651->562921->562923->342153->343109->613772->339003->339662->341549->342639->563096->342115->343710->341560->342648->342147->341996->341571->340229->562951->338222->338726->338837->339122->646056->338604->338223->338603->339126->338348->338347->338346->339296->338349->338341->338728->339266->338343->338313->338712->338344
shortest_dijkstra,t2_yeoksam_hakyeoul,long,peak,8.0,15,618.9016,540.9174,67.5389,652.4595,179.5208,3958.3,7,True,49,4,3,42,338267->340192->338229->338218->339571->338261->341734->341572->339293->338651->562921->562923->342153->343109->613772->339003->339662->341549->342639->563096->342115->343710->341560->342648->342147->341996->341571->340229->562951->338222->338726->338837->339122->646056->338604->338223->338603->339126->338348->338347->338346->339296->338349->338341->338728->339266->338343->338313->338712->338344
shortest_dijkstra,t2_yeoksam_hakyeoul,long,peak,8.0,16,596.7858,524.2706,65.3616,657.9469,173.7335,3958.3,6,True,49,4,3,42,338267->340192->338229->338218->339571->338261->341734->341572->339293->338651->562921->562923->342153->343109->613772->339003->339662->341549->342639->563096->342115->343710->341560->342648->342147->341996->341571->340229->562951->338222->338726->338837->339122->646056->338604->338223->338603->339126->338348->338347->338346->339296->338349->338341->338728->339266->338343->338313->338712->338344
shortest_dijkstra,t2_yeoksam_hakyeoul,long,peak,8.0,17,580.6567,512.0504,62.5804,666.4097,166.341,3958.3,5,True,49,4,3,42,338267->340192->338229->338218->339571->338261->341734->341572->339293->338651->562921->562923->342153->343109->613772->339003->339662->341549->342639->563096->342115->343710->341560->342648->342147->341996->341571->340229->562951->338222->338726->338837->339122->646056->338604->338223->338603->339126->338348->338347->338346->339296->338349->338341->338728->339266->338343->338313->338712->338344
shortest_dijkstra,t2_yeoksam_hakyeoul,long,peak,8.0,18,595.4647,538.5172,51.9385,693.0615,138.0545,3958.3,5,True,49,4,3,42,338267->340192->338229->338218->339571->338261->341734->341572->339293->338651->562921->562923->342153->343109->613772->339003->339662->341549->342639->563096->342115->343710->341560->342648->342147->341996->341571->340229->562951->338222->338726->338837->339122->646056->338604->338223->338603->339126->338348->338347->338346->339296->338349->338341->338728->339266->338343->338313->338712->338344
shortest_dijkstra,t2_yeoksam_hakyeoul,long,peak,8.0,19,587.0789,517.7549,63.5273,662.9277,168.8579,3958.3,6,True,49,4,3,42,338267->340192->338229->338218->339571->338261->341734->341572->339293->338651->562921->562923->342153->343109->613772->339003->339662->341549->342639->563096->342115->343710->341560->342648->342147->341996->341571->340229->562951->338222->338726->338837->339122->646056->338604->338223->338603->339126->338348->338347->338346->339296->338349->338341->338728->339266->338343->338313->338712->338344
shortest_dijkstra,t2_yeoksam_hakyeoul,long,peak,8.0,20,604.329,522.1991,75.4102,631.6812,200.4432,3958.3,6,True,49,4,3,42,338267->340192->338229->338218->339571->338261->341734->341572->339293->338651->562921->562923->342153->343109->613772->339003->339662->341549->342639->563096->342115->343710->341560->342648->342147->341996->341571->340229->562951->338222->338726->338837->339122->646056->338604->338223->338603->339126->338348->338347->338346->339296->338349->338341->338728->339266->338343->338313->338712->338344
shortest_dijkstra,t2_yeoksam_hakyeoul,long,peak,8.0,21,576.9179,504.6434,65.8184,657.5077,174.9478,3958.3,6,True,49,4,3,42,338267->340192->338229->338218->339571->338261->341734->341572->339293->338651->562921->562923->342153->343109->613772->339003->339662->341549->342639->563096->342115->343710->341560->342648->342147->341996->341571->340229->562951->338222->338726->338837->339122->646056->338604->338223->338603->339126->338348->338347->338346->339296->338349->338341->338728->339266->338343->338313->338712->338344
shortest_dijkstra,t2_yeoksam_hakyeoul,long,peak,8.0,22,599.6557,527.4262,64.5171,659.8014,171.4889,3958.3,6,True,49,4,3,42,338267->340192->338229->338218->339571->338261->341734->341572->339293->338651->562921->562923->342153->343109->613772->339003->339662->341549->342639->563096->342115->343710->341560->342648->342147->341996->341571->340229->562951->338222->338726->338837->339122->646056->338604->338223->338603->339126->338348->338347->338346->339296->338349->338341->338728->339266->338343->338313->338712->338344
shortest_dijkstra,t2_yeoksam_hakyeoul,long,peak,8.0,23,676.0325,532.2221,135.296,652.4258,359.6217,3958.3,8,True,49,4,3,42,338267->340192->338229->338218->339571->338261->341734->341572->339293->338651->562921->562923->342153->343109->613772->339003->339662->341549->342639->563096->342115->343710->341560->342648->342147->341996->341571->340229->562951->338222->338726->338837->339122->646056->338604->338223->338603->339126->338348->338347->338346->339296->338349->338341->338728->339266->338343->338313->338712->338344
shortest_dijkstra,t2_yeoksam_hakyeoul,long,peak,8.0,24,662.3888,547.6439,108.7167,724.364,288.9731,3958.3,7,True,49,4,3,42,338267->340192->338229->338218->339571->338261->341734->341572->339293->338651->562921->562923->342153->343109->613772->339003->339662->341549->342639->563096->342115->343710->341560->342648->342147->341996->341571->340229->562951->338222->338726->338837->339122->646056->338604->338223->338603->339126->338348->338347->338346->339296->338349->338341->338728->339266->338343->338313->338712->338344
shortest_dijkstra,t2_yeoksam_hakyeoul,long,peak,8.0,25,562.5227,499.8694,57.7064,678.7289,153.3858,3958.3,5,True,49,4,3,42,338267->340192->338229->338218->339571->338261->341734->341572->339293->338651->562921->562923->342153->343109->613772->339003->339662->341549->342639->563096->342115->343710->341560->342648->342147->341996->341571->340229->562951->338222->338726->338837->339122->646056->338604->338223->338603->339126->338348->338347->338346->339296->338349->338341->338728->339266->338343->338313->338712->338344
shortest_dijkstra,t2_yeoksam_hakyeoul,long,peak,8.0,26,595.6886,505.561,82.2295,612.7266,218.5689,3958.3,6,True,49,4,3,42,338267->340192->338229->338218->339571->338261->341734->341572->339293->338651->562921->562923->342153->343109->613772->339003->339662->341549->342639->563096->342115->343710->341560->342648->342147->341996->341571->340229->562951->338222->338726->338837->339122->646056->338604->338223->338603->339126->338348->338347->338346->339296->338349->338341->338728->339266->338343->338313->338712->338344
shortest_dijkstra,t2_yeoksam_hakyeoul,long,peak,8.0,27,576.4164,522.0912,49.6828,699.4235,132.0588,3958.3,4,True,49,4,3,42,338267->340192->338229->338218->339571->338261->341734->341572->339293->338651->562921->562923->342153->343109->613772->339003->339662->341549->342639->563096->342115->343710->341560->342648->342147->341996->341571->340229->562951->338222->338726->338837->339122->646056->338604->338223->338603->339126->338348->338347->338346->339296->338349->338341->338728->339266->338343->338313->338712->338344
shortest_dijkstra,t2_yeoksam_hakyeoul,long,peak,8.0,28,602.3897,519.7621,76.4211,629.4672,203.1301,3958.3,6,True,49,4,3,42,338267->340192->338229->338218->339571->338261->341734->341572->339293->338651->562921->562923->342153->343109->613772->339003->339662->341549->342639->563096->342115->343710->341560->342648->342147->341996->341571->340229->562951->338222->338726->338837->339122->646056->338604->338223->338603->339126->338348->338347->338346->339296->338349->338341->338728->339266->338343->338313->338712->338344
shortest_dijkstra,t2_yeoksam_hakyeoul,long,peak,8.0,29,588.3877,511.5576,70.725,643.3553,187.9896,3958.3,6,True,49,4,3,42,338267->340192->338229->338218->339571->338261->341734->341572->339293->338651->562921->562923->342153->343109->613772->339003->339662->341549->342639->563096->342115->343710->341560->342648->342147->341996->341571->340229->562951->338222->338726->338837->339122->646056->338604->338223->338603->339126->338348->338347->338346->339296->338349->338341->338728->339266->338343->338313->338712->338344
shortest_dijkstra,t2_yeoksam_hakyeoul,long,peak,8.0,30,582.3246,518.854,57.5168,678.947,152.8817,3958.3,5,True,49,4,3,42,338267->340192->338229->338218->339571->338261->341734->341572->339293->338651->562921->562923->342153->343109->613772->339003->339662->341549->342639->563096->342115->343710->341560->342648->342147->341996->341571->340229->562951->338222->338726->338837->339122->646056->338604->338223->338603->339126->338348->338347->338346->339296->338349->338341->338728->339266->338343->338313->338712->338344
shortest_dijkstra,t3_sinsa_daechi,long,off_peak,7.0,1,965.0825,750.9598,204.3592,917.5239,543.1943,5965.7,8,True,68,6,7,55,341904->342719->342710->342156->342157->342711->342712->342714->342713->342076->341620->341621->342834->343100->342865->340641->340704->341588->341785->342116->341788->341787->563170->341731->341603->341729->341598->343105->341906->341605->341595->343103->341778->341593->344353->342694->563168->341608->341553->341563->341552->342644->342148->342645->341559->341985->341569->341738->563185->341560->342648->342147->341996->341571->340229->562951->338222->338726->338837->339122->646056->338604->338223->338603->339126->338348->338347->338706->338354
shortest_dijkstra,t3_sinsa_daechi,long,off_peak,7.0,2,974.629,743.4594,221.2568,852.9316,588.1085,5965.7,8,True,68,6,7,55,341904->342719->342710->342156->342157->342711->342712->342714->342713->342076->341620->341621->342834->343100->342865->340641->340704->341588->341785->342116->341788->341787->563170->341731->341603->341729->341598->343105->341906->341605->341595->343103->341778->341593->344353->342694->563168->341608->341553->341563->341552->342644->342148->342645->341559->341985->341569->341738->563185->341560->342648->342147->341996->341571->340229->562951->338222->338726->338837->339122->646056->338604->338223->338603->339126->338348->338347->338706->338354
shortest_dijkstra,t3_sinsa_daechi,long,off_peak,7.0,3,1005.0545,782.5988,210.6588,891.8993,559.9387,5965.7,8,True,68,6,7,55,341904->342719->342710->342156->342157->342711->342712->342714->342713->342076->341620->341621->342834->343100->342865->340641->340704->341588->341785->342116->341788->341787->563170->341731->341603->341729->341598->343105->341906->341605->341595->343103->341778->341593->344353->342694->563168->341608->341553->341563->341552->342644->342148->342645->341559->341985->341569->341738->563185->341560->342648->342147->341996->341571->340229->562951->338222->338726->338837->339122->646056->338604->338223->338603->339126->338348->338347->338706->338354
shortest_dijkstra,t3_sinsa_daechi,long,off_peak,7.0,4,867.929,759.3236,101.283,881.3743,269.214,5965.7,6,True,68,6,7,55,341904->342719->342710->342156->342157->342711->342712->342714->342713->342076->341620->341621->342834->343100->342865->340641->340704->341588->341785->342116->341788->341787->563170->341731->341603->341729->341598->343105->341906->341605->341595->343103->341778->341593->344353->342694->563168->341608->341553->341563->341552->342644->342148->342645->341559->341985->341569->341738->563185->341560->342648->342147->341996->341571->340229->562951->338222->338726->338837->339122->646056->338604->338223->338603->339126->338348->338347->338706->338354
shortest_dijkstra,t3_sinsa_daechi,long,off_peak,7.0,5,1011.2826,782.8038,217.042,901.5311,576.9056,5965.7,8,True,68,6,7,55,341904->342719->342710->342156->342157->342711->342712->342714->342713->342076->341620->341621->342834->343100->342865->340641->340704->341588->341785->342116->341788->341787->563170->341731->341603->341729->341598->343105->341906->341605->341595->343103->341778->341593->344353->342694->563168->341608->341553->341563->341552->342644->342148->342645->341559->341985->341569->341738->563185->341560->342648->342147->341996->341571->340229->562951->338222->338726->338837->339122->646056->338604->338223->338603->339126->338348->338347->338706->338354
shortest_dijkstra,t3_sinsa_daechi,long,off_peak,7.0,6,986.252,757.6566,218.5718,883.2378,580.9717,5965.7,8,True,68,6,7,55,341904->342719->342710->342156->342157->342711->342712->342714->342713->342076->341620->341621->342834->343100->342865->340641->340704->341588->341785->342116->341788->341787->563170->341731->341603->341729->341598->343105->341906->341605->341595->343103->341778->341593->344353->342694->563168->341608->341553->341563->341552->342644->342148->342645->341559->341985->341569->341738->563185->341560->342648->342147->341996->341571->340229->562951->338222->338726->338837->339122->646056->338604->338223->338603->339126->338348->338347->338706->338354
shortest_dijkstra,t3_sinsa_daechi,long,off_peak,7.0,7,940.059,765.2942,164.1525,857.5465,436.3233,5965.7,8,True,68,6,7,55,341904->342719->342710->342156->342157->342711->342712->342714->342713->342076->341620->341621->342834->343100->342865->340641->340704->341588->341785->342116->341788->341787->563170->341731->341603->341729->341598->343105->341906->341605->341595->343103->341778->341593->344353->342694->563168->341608->341553->341563->341552->342644->342148->342645->341559->341985->341569->341738->563185->341560->342648->342147->341996->341571->340229->562951->338222->338726->338837->339122->646056->338604->338223->338603->339126->338348->338347->338706->338354
shortest_dijkstra,t3_sinsa_daechi,long,off_peak,7.0,8,921.526,755.6467,155.8464,889.6866,414.2453,5965.7,8,True,68,6,7,55,341904->342719->342710->342156->342157->342711->342712->342714->342713->342076->341620->341621->342834->343100->342865->340641->340704->341588->341785->342116->341788->341787->563170->341731->341603->341729->341598->343105->341906->341605->341595->343103->341778->341593->344353->342694->563168->341608->341553->341563->341552->342644->342148->342645->341559->341985->341569->341738->563185->341560->342648->342147->341996->341571->340229->562951->338222->338726->338837->339122->646056->338604->338223->338603->339126->338348->338347->338706->338354
shortest_dijkstra,t3_sinsa_daechi,long,off_peak,7.0,9,973.5837,750.5195,213.007,899.1117,566.1803,5965.7,8,True,68,6,7,55,341904->342719->342710->342156->342157->342711->342712->342714->342713->342076->341620->341621->342834->343100->342865->340641->340704->341588->341785->342116->341788->341787->563170->341731->341603->341729->341598->343105->341906->341605->341595->343103->341778->341593->344353->342694->563168->341608->341553->341563->341552->342644->342148->342645->341559->341985->341569->341738->563185->341560->342648->342147->341996->341571->340229->562951->338222->338726->338837->339122->646056->338604->338223->338603->339126->338348->338347->338706->338354
shortest_dijkstra,t3_sinsa_daechi,long,off_peak,7.0,10,866.5896,746.6788,112.5532,852.7568,299.1705,5965.7,7,True,68,6,7,55,341904->342719->342710->342156->342157->342711->342712->342714->342713->342076->341620->341621->342834->343100->342865->340641->340704->341588->341785->342116->341788->341787->563170->341731->341603->341729->341598->343105->341906->341605->341595->343103->341778->341593->344353->342694->563168->341608->341553->341563->341552->342644->342148->342645->341559->341985->341569->341738->563185->341560->342648->342147->341996->341571->340229->562951->338222->338726->338837->339122->646056->338604->338223->338603->339126->338348->338347->338706->338354
shortest_dijkstra,t3_sinsa_daechi,long,off_peak,7.0,11,976.6833,755.787,211.256,893.6772,561.5261,5965.7,8,True,68,6,7,55,341904->342719->342710->342156->342157->342711->342712->342714->342713->342076->341620->341621->342834->343100->342865->340641->340704->341588->341785->342116->341788->341787->563170->341731->341603->341729->341598->343105->341906->341605->341595->343103->341778->341593->344353->342694->563168->341608->341553->341563->341552->342644->342148->342645->341559->341985->341569->341738->563185->341560->342648->342147->341996->341571->340229->562951->338222->338726->338837->339122->646056->338604->338223->338603->339126->338348->338347->338706->338354
shortest_dijkstra,t3_sinsa_daechi,long,off_peak,7.0,12,1001.4987,770.0332,220.948,874.3902,587.2877,5965.7,8,True,68,6,7,55,341904->342719->342710->342156->342157->342711->342712->342714->342713->342076->341620->341621->342834->343100->342865->340641->340704->341588->341785->342116->341788->341787->563170->341731->341603->341729->341598->343105->341906->341605->341595->343103->341778->341593->344353->342694->563168->341608->341553->341563->341552->342644->342148->342645->341559->341985->341569->341738->563185->341560->342648->342147->341996->341571->340229->562951->338222->338726->338837->339122->646056->338604->338223->338603->339126->338348->338347->338706->338354
shortest_dijkstra,t3_sinsa_daechi,long,off_peak,7.0,13,921.9812,760.8391,152.1167,912.5167,404.3317,5965.7,7,True,68,6,7,55,341904->342719->342710->342156->342157->342711->342712->342714->342713->342076->341620->341621->342834->343100->342865->340641->340704->341588->341785->342116->341788->341787->563170->341731->341603->341729->341598->343105->341906->341605->341595->343103->341778->341593->344353->342694->563168->341608->341553->341563->341552->342644->342148->342645->341559->341985->341569->341738->563185->341560->342648->342147->341996->341571->340229->562951->338222->338726->338837->339122->646056->338604->338223->338603->339126->338348->338347->338706->338354
shortest_dijkstra,t3_sinsa_daechi,long,off_peak,7.0,14,1032.4512,769.3645,251.1942,913.9065,667.6833,5965.7,9,True,68,6,7,55,341904->342719->342710->342156->342157->342711->342712->342714->342713->342076->341620->341621->342834->343100->342865->340641->340704->341588->341785->342116->341788->341787->563170->341731->341603->341729->341598->343105->341906->341605->341595->343103->341778->341593->344353->342694->563168->341608->341553->341563->341552->342644->342148->342645->341559->341985->341569->341738->563185->341560->342648->342147->341996->341571->340229->562951->338222->338726->338837->339122->646056->338604->338223->338603->339126->338348->338347->338706->338354
shortest_dijkstra,t3_sinsa_daechi,long,off_peak,7.0,15,988.0707,755.98,221.5549,869.3924,588.901,5965.7,8,True,68,6,7,55,341904->342719->342710->342156->342157->342711->342712->342714->342713->342076->341620->341621->342834->343100->342865->340641->340704->341588->341785->342116->341788->341787->563170->341731->341603->341729->341598->343105->341906->341605->341595->343103->341778->341593->344353->342694->563168->341608->341553->341563->341552->342644->342148->342645->341559->341985->341569->341738->563185->341560->342648->342147->341996->341571->340229->562951->338222->338726->338837->339122->646056->338604->338223->338603->339126->338348->338347->338706->338354
shortest_dijkstra,t3_sinsa_daechi,long,off_peak,7.0,16,987.5999,769.2483,206.9396,912.1966,550.0531,5965.7,8,True,68,6,7,55,341904->342719->342710->342156->342157->342711->342712->342714->342713->342076->341620->341621->342834->343100->342865->340641->340704->341588->341785->342116->341788->341787->563170->341731->341603->341729->341598->343105->341906->341605->341595->343103->341778->341593->344353->342694->563168->341608->341553->341563->341552->342644->342148->342645->341559->341985->341569->341738->563185->341560->342648->342147->341996->341571->340229->562951->338222->338726->338837->339122->646056->338604->338223->338603->339126->338348->338347->338706->338354
shortest_dijkstra,t3_sinsa_daechi,long,off_peak,7.0,17,988.9294,753.3398,225.1421,873.0983,598.4358,5965.7,8,True,68,6,7,55,341904->342719->342710->342156->342157->342711->342712->342714->342713->342076->341620->341621->342834->343100->342865->340641->340704->341588->341785->342116->341788->341787->563170->341731->341603->341729->341598->343105->341906->341605->341595->343103->341778->341593->344353->342694->563168->341608->341553->341563->341552->342644->342148->342645->341559->341985->341569->341738->563185->341560->342648->342147->341996->341571->340229->562951->338222->338726->338837->339122->646056->338604->338223->338603->339126->338348->338347->338706->338354
shortest_dijkstra,t3_sinsa_daechi,long,off_peak,7.0,18,1005.9631,778.7593,218.8803,871.7136,581.7917,5965.7,8,True,68,6,7,55,341904->342719->342710->342156->342157->342711->342712->342714->342713->342076->341620->341621->342834->343100->342865->340641->340704->341588->341785->342116->341788->341787->563170->341731->341603->341729->341598->343105->341906->341605->341595->343103->341778->341593->344353->342694->563168->341608->341553->341563->341552->342644->342148->342645->341559->341985->341569->341738->563185->341560->342648->342147->341996->341571->340229->562951->338222->338726->338837->339122->646056->338604->338223->338603->339126->338348->338347->338706->338354
shortest_dijkstra,t3_sinsa_daechi,long,off_peak,7.0,19,994.6309,772.8377,209.4903,896.3991,556.8328,5965.7,8,True,68,6,7,55,341904->342719->342710->342156->342157->342711->342712->342714->342713->342076->341620->341621->342834->343100->342865->340641->340704->341588->341785->342116->341788->341787->563170->341731->341603->341729->341598->343105->341906->341605->341595->343103->341778->341593->344353->342694->563168->341608->341553->341563->341552->342644->342148->342645->341559->341985->341569->341738->563185->341560->342648->342147->341996->341571->340229->562951->338222->338726->338837->339122->646056->338604->338223->338603->339126->338348->338347->338706->338354
shortest_dijkstra,t3_sinsa_daechi,long,off_peak,7.0,20,990.1397,749.2133,228.9991,849.5608,608.6878,5965.7,8,True,68,6,7,55,341904->342719->342710->342156->342157->342711->342712->342714->342713->342076->341620->341621->342834->343100->342865->340641->340704->341588->341785->342116->341788->341787->563170->341731->341603->341729->341598->343105->341906->341605->341595->343103->341778->341593->344353->342694->563168->341608->341553->341563->341552->342644->342148->342645->341559->341985->341569->341738->563185->341560->342648->342147->341996->341571->340229->562951->338222->338726->338837->339122->646056->338604->338223->338603->339126->338348->338347->338706->338354
shortest_dijkstra,t3_sinsa_daechi,long,off_peak,7.0,21,1021.0843,764.6691,245.1188,926.9086,651.5347,5965.7,9,True,68,6,7,55,341904->342719->342710->342156->342157->342711->342712->342714->342713->342076->341620->341621->342834->343100->342865->340641->340704->341588->341785->342116->341788->341787->563170->341731->341603->341729->341598->343105->341906->341605->341595->343103->341778->341593->344353->342694->563168->341608->341553->341563->341552->342644->342148->342645->341559->341985->341569->341738->563185->341560->342648->342147->341996->341571->340229->562951->338222->338726->338837->339122->646056->338604->338223->338603->339126->338348->338347->338706->338354
shortest_dijkstra,t3_sinsa_daechi,long,off_peak,7.0,22,1049.704,764.4,272.1786,903.8737,723.4605,5965.7,9,True,68,6,7,55,341904->342719->342710->342156->342157->342711->342712->342714->342713->342076->341620->341621->342834->343100->342865->340641->340704->341588->341785->342116->341788->341787->563170->341731->341603->341729->341598->343105->341906->341605->341595->343103->341778->341593->344353->342694->563168->341608->341553->341563->341552->342644->342148->342645->341559->341985->341569->341738->563185->341560->342648->342147->341996->341571->340229->562951->338222->338726->338837->339122->646056->338604->338223->338603->339126->338348->338347->338706->338354
shortest_dijkstra,t3_sinsa_daechi,long,off_peak,7.0,23,994.3645,783.1682,202.1141,921.522,537.2267,5965.7,8,True,68,6,7,55,341904->342719->342710->342156->342157->342711->342712->342714->342713->342076->341620->341621->342834->343100->342865->340641->340704->341588->341785->342116->341788->341787->563170->341731->341603->341729->341598->343105->341906->341605->341595->343103->341778->341593->344353->342694->563168->341608->341553->341563->341552->342644->342148->342645->341559->341985->341569->341738->563185->341560->342648->342147->341996->341571->340229->562951->338222->338726->338837->339122->646056->338604->338223->338603->339126->338348->338347->338706->338354
shortest_dijkstra,t3_sinsa_daechi,long,off_peak,7.0,24,850.0768,730.0528,112.5869,851.0503,299.2601,5965.7,6,True,68,6,7,55,341904->342719->342710->342156->342157->342711->342712->342714->342713->342076->341620->341621->342834->343100->342865->340641->340704->341588->341785->342116->341788->341787->563170->341731->341603->341729->341598->343105->341906->341605->341595->343103->341778->341593->344353->342694->563168->341608->341553->341563->341552->342644->342148->342645->341559->341985->341569->341738->563185->341560->342648->342147->341996->341571->340229->562951->338222->338726->338837->339122->646056->338604->338223->338603->339126->338348->338347->338706->338354
shortest_dijkstra,t3_sinsa_daechi,long,off_peak,7.0,25,1036.6852,800.6709,224.2026,876.0181,595.9387,5965.7,8,True,68,6,7,55,341904->342719->342710->342156->342157->342711->342712->342714->342713->342076->341620->341621->342834->343100->342865->340641->340704->341588->341785->342116->341788->341787->563170->341731->341603->341729->341598->343105->341906->341605->341595->343103->341778->341593->344353->342694->563168->341608->341553->341563->341552->342644->342148->342645->341559->341985->341569->341738->563185->341560->342648->342147->341996->341571->340229->562951->338222->338726->338837->339122->646056->338604->338223->338603->339126->338348->338347->338706->338354
shortest_dijkstra,t3_sinsa_daechi,long,off_peak,7.0,26,1012.0351,794.8092,207.487,917.4299,551.5079,5965.7,8,True,68,6,7,55,341904->342719->342710->342156->342157->342711->342712->342714->342713->342076->341620->341621->342834->343100->342865->340641->340704->341588->341785->342116->341788->341787->563170->341731->341603->341729->341598->343105->341906->341605->341595->343103->341778->341593->344353->342694->563168->341608->341553->341563->341552->342644->342148->342645->341559->341985->341569->341738->563185->341560->342648->342147->341996->341571->340229->562951->338222->338726->338837->339122->646056->338604->338223->338603->339126->338348->338347->338706->338354
shortest_dijkstra,t3_sinsa_daechi,long,off_peak,7.0,27,989.0897,771.3638,208.4129,902.9821,553.969,5965.7,8,True,68,6,7,55,341904->342719->342710->342156->342157->342711->342712->342714->342713->342076->341620->341621->342834->343100->342865->340641->340704->341588->341785->342116->341788->341787->563170->341731->341603->341729->341598->343105->341906->341605->341595->343103->341778->341593->344353->342694->563168->341608->341553->341563->341552->342644->342148->342645->341559->341985->341569->341738->563185->341560->342648->342147->341996->341571->340229->562951->338222->338726->338837->339122->646056->338604->338223->338603->339126->338348->338347->338706->338354
shortest_dijkstra,t3_sinsa_daechi,long,off_peak,7.0,28,1001.3543,768.7837,220.4215,868.0312,585.8883,5965.7,8,True,68,6,7,55,341904->342719->342710->342156->342157->342711->342712->342714->342713->342076->341620->341621->342834->343100->342865->340641->340704->341588->341785->342116->341788->341787->563170->341731->341603->341729->341598->343105->341906->341605->341595->343103->341778->341593->344353->342694->563168->341608->341553->341563->341552->342644->342148->342645->341559->341985->341569->341738->563185->341560->342648->342147->341996->341571->340229->562951->338222->338726->338837->339122->646056->338604->338223->338603->339126->338348->338347->338706->338354
shortest_dijkstra,t3_sinsa_daechi,long,off_peak,7.0,29,986.809,772.8645,203.1918,921.8181,540.0911,5965.7,8,True,68,6,7,55,341904->342719->342710->342156->342157->342711->342712->342714->342713->342076->341620->341621->342834->343100->342865->340641->340704->341588->341785->342116->341788->341787->563170->341731->341603->341729->341598->343105->341906->341605->341595->343103->341778->341593->344353->342694->563168->341608->341553->341563->341552->342644->342148->342645->341559->341985->341569->341738->563185->341560->342648->342147->341996->341571->340229->562951->338222->338726->338837->339122->646056->338604->338223->338603->339126->338348->338347->338706->338354
shortest_dijkstra,t3_sinsa_daechi,long,off_peak,7.0,30,961.988,725.7002,225.5503,854.9392,599.521,5965.7,8,True,68,6,7,55,341904->342719->342710->342156->342157->342711->342712->342714->342713->342076->341620->341621->342834->343100->342865->340641->340704->341588->341785->342116->341788->341787->563170->341731->341603->341729->341598->343105->341906->341605->341595->343103->341778->341593->344353->342694->563168->341608->341553->341563->341552->342644->342148->342645->341559->341985->341569->341738->563185->341560->342648->342147->341996->341571->340229->562951->338222->338726->338837->339122->646056->338604->338223->338603->339126->338348->338347->338706->338354
shortest_dijkstra,t3_sinsa_daechi,long,peak,8.0,1,905.5312,746.6551,151.6109,970.0604,402.9873,5965.7,7,True,68,6,7,55,341904->342719->342710->342156->342157->342711->342712->342714->342713->342076->341620->341621->342834->343100->342865->340641->340704->341588->341785->342116->341788->341787->563170->341731->341603->341729->341598->343105->341906->341605->341595->343103->341778->341593->344353->342694->563168->341608->341553->341563->341552->342644->342148->342645->341559->341985->341569->341738->563185->341560->342648->342147->341996->341571->340229->562951->338222->338726->338837->339122->646056->338604->338223->338603->339126->338348->338347->338706->338354
shortest_dijkstra,t3_sinsa_daechi,long,peak,8.0,2,972.044,757.2983,205.3996,1000.1399,545.9595,5965.7,8,True,68,6,7,55,341904->342719->342710->342156->342157->342711->342712->342714->342713->342076->341620->341621->342834->343100->342865->340641->340704->341588->341785->342116->341788->341787->563170->341731->341603->341729->341598->343105->341906->341605->341595->343103->341778->341593->344353->342694->563168->341608->341553->341563->341552->342644->342148->342645->341559->341985->341569->341738->563185->341560->342648->342147->341996->341571->340229->562951->338222->338726->338837->339122->646056->338604->338223->338603->339126->338348->338347->338706->338354
shortest_dijkstra,t3_sinsa_daechi,long,peak,8.0,3,1016.3435,780.3189,227.2532,1043.0032,604.0473,5965.7,9,True,68,6,7,55,341904->342719->342710->342156->342157->342711->342712->342714->342713->342076->341620->341621->342834->343100->342865->340641->340704->341588->341785->342116->341788->341787->563170->341731->341603->341729->341598->343105->341906->341605->341595->343103->341778->341593->344353->342694->563168->341608->341553->341563->341552->342644->342148->342645->341559->341985->341569->341738->563185->341560->342648->342147->341996->341571->340229->562951->338222->338726->338837->339122->646056->338604->338223->338603->339126->338348->338347->338706->338354
shortest_dijkstra,t3_sinsa_daechi,long,peak,8.0,4,974.6035,771.8144,194.6774,1019.8372,517.4596,5965.7,8,True,68,6,7,55,341904->342719->342710->342156->342157->342711->342712->342714->342713->342076->341620->341621->342834->343100->342865->340641->340704->341588->341785->342116->341788->341787->563170->341731->341603->341729->341598->343105->341906->341605->341595->343103->341778->341593->344353->342694->563168->341608->341553->341563->341552->342644->342148->342645->341559->341985->341569->341738->563185->341560->342648->342147->341996->341571->340229->562951->338222->338726->338837->339122->646056->338604->338223->338603->339126->338348->338347->338706->338354
shortest_dijkstra,t3_sinsa_daechi,long,peak,8.0,5,966.7449,759.679,199.4777,999.037,530.2191,5965.7,8,True,68,6,7,55,341904->342719->342710->342156->342157->342711->342712->342714->342713->342076->341620->341621->342834->343100->342865->340641->340704->341588->341785->342116->341788->341787->563170->341731->341603->341729->341598->343105->341906->341605->341595->343103->341778->341593->344353->342694->563168->341608->341553->341563->341552->342644->342148->342645->341559->341985->341569->341738->563185->341560->342648->342147->341996->341571->340229->562951->338222->338726->338837->339122->646056->338604->338223->338603->339126->338348->338347->338706->338354
shortest_dijkstra,t3_sinsa_daechi,long,peak,8.0,6,925.5878,777.605,138.2128,993.4463,367.3747,5965.7,8,True,68,6,7,55,341904->342719->342710->342156->342157->342711->342712->342714->342713->342076->341620->341621->342834->343100->342865->340641->340704->341588->341785->342116->341788->341787->563170->341731->341603->341729->341598->343105->341906->341605->341595->343103->341778->341593->344353->342694->563168->341608->341553->341563->341552->342644->342148->342645->341559->341985->341569->341738->563185->341560->342648->342147->341996->341571->340229->562951->338222->338726->338837->339122->646056->338604->338223->338603->339126->338348->338347->338706->338354
shortest_dijkstra,t3_sinsa_daechi,long,peak,8.0,7,973.2567,768.4047,195.1797,993.3944,518.7947,5965.7,8,True,68,6,7,55,341904->342719->342710->342156->342157->342711->342712->342714->342713->342076->341620->341621->342834->343100->342865->340641->340704->341588->341785->342116->341788->341787->563170->341731->341603->341729->341598->343105->341906->341605->341595->343103->341778->341593->344353->342694->563168->341608->341553->341563->341552->342644->342148->342645->341559->341985->341569->341738->563185->341560->342648->342147->341996->341571->340229->562951->338222->338726->338837->339122->646056->338604->338223->338603->339126->338348->338347->338706->338354
shortest_dijkstra,t3_sinsa_daechi,long,peak,8.0,8,978.4555,763.3563,207.1469,996.7389,550.6041,5965.7,8,True,68,6,7,55,341904->342719->342710->342156->342157->342711->342712->342714->342713->342076->341620->341621->342834->343100->342865->340641->340704->341588->341785->342116->341788->341787->563170->341731->341603->341729->341598->343105->341906->341605->341595->343103->341778->341593->344353->342694->563168->341608->341553->341563->341552->342644->342148->342645->341559->341985->341569->341738->563185->341560->342648->342147->341996->341571->340229->562951->338222->338726->338837->339122->646056->338604->338223->338603->339126->338348->338347->338706->338354
shortest_dijkstra,t3_sinsa_daechi,long,peak,8.0,9,995.6837,772.2708,213.7282,957.7447,568.0973,5965.7,8,True,68,6,7,55,341904->342719->342710->342156->342157->342711->342712->342714->342713->342076->341620->341621->342834->343100->342865->340641->340704->341588->341785->342116->341788->341787->563170->341731->341603->341729->341598->343105->341906->341605->341595->343103->341778->341593->344353->342694->563168->341608->341553->341563->341552->342644->342148->342645->341559->341985->341569->341738->563185->341560->342648->342147->341996->341571->340229->562951->338222->338726->338837->339122->646056->338604->338223->338603->339126->338348->338347->338706->338354
shortest_dijkstra,t3_sinsa_daechi,long,peak,8.0,10,923.6017,749.9567,166.0929,960.1433,441.4808,5965.7,7,True,68,6,7,55,341904->342719->342710->342156->342157->342711->342712->342714->342713->342076->341620->341621->342834->343100->342865->340641->340704->341588->341785->342116->341788->341787->563170->341731->341603->341729->341598->343105->341906->341605->341595->343103->341778->341593->344353->342694->563168->341608->341553->341563->341552->342644->342148->342645->341559->341985->341569->341738->563185->341560->342648->342147->341996->341571->340229->562951->338222->338726->338837->339122->646056->338604->338223->338603->339126->338348->338347->338706->338354
shortest_dijkstra,t3_sinsa_daechi,long,peak,8.0,11,980.3649,774.5846,197.1441,1013.8475,524.0162,5965.7,8,True,68,6,7,55,341904->342719->342710->342156->342157->342711->342712->342714->342713->342076->341620->341621->342834->343100->342865->340641->340704->341588->341785->342116->341788->341787->563170->341731->341603->341729->341598->343105->341906->341605->341595->343103->341778->341593->344353->342694->563168->341608->341553->341563->341552->342644->342148->342645->341559->341985->341569->341738->563185->341560->342648->342147->341996->341571->340229->562951->338222->338726->338837->339122->646056->338604->338223->338603->339126->338348->338347->338706->338354
shortest_dijkstra,t3_sinsa_daechi,long,peak,8.0,12,995.4048,803.7416,183.6984,1063.9264,488.2769,5965.7,8,True,68,6,7,55,341904->342719->342710->342156->342157->342711->342712->342714->342713->342076->341620->341621->342834->343100->342865->340641->340704->341588->341785->342116->341788->341787->563170->341731->341603->341729->341598->343105->341906->341605->341595->343103->341778->341593->344353->342694->563168->341608->341553->341563->341552->342644->342148->342645->341559->341985->341569->341738->563185->341560->342648->342147->341996->341571->340229->562951->338222->338726->338837->339122->646056->338604->338223->338603->339126->338348->338347->338706->338354
shortest_dijkstra,t3_sinsa_daechi,long,peak,8.0,13,924.8445,753.4973,161.7287,940.7202,429.8807,5965.7,8,True,68,6,7,55,341904->342719->342710->342156->342157->342711->342712->342714->342713->342076->341620->341621->342834->343100->342865->340641->340704->341588->341785->342116->341788->341787->563170->341731->341603->341729->341598->343105->341906->341605->341595->343103->341778->341593->344353->342694->563168->341608->341553->341563->341552->342644->342148->342645->341559->341985->341569->341738->563185->341560->342648->342147->341996->341571->340229->562951->338222->338726->338837->339122->646056->338604->338223->338603->339126->338348->338347->338706->338354
shortest_dijkstra,t3_sinsa_daechi,long,peak,8.0,14,973.6626,764.8173,200.8906,1021.8177,533.9744,5965.7,8,True,68,6,7,55,341904->342719->342710->342156->342157->342711->342712->342714->342713->342076->341620->341621->342834->343100->342865->340641->340704->341588->341785->342116->341788->341787->563170->341731->341603->341729->341598->343105->341906->341605->341595->343103->341778->341593->344353->342694->563168->341608->341553->341563->341552->342644->342148->342645->341559->341985->341569->341738->563185->341560->342648->342147->341996->341571->340229->562951->338222->338726->338837->339122->646056->338604->338223->338603->339126->338348->338347->338706->338354
shortest_dijkstra,t3_sinsa_daechi,long,peak,8.0,15,927.3459,757.9054,161.4097,957.9713,429.0327,5965.7,7,True,68,6,7,55,341904->342719->342710->342156->342157->342711->342712->342714->342713->342076->341620->341621->342834->343100->342865->340641->340704->341588->341785->342116->341788->341787->563170->341731->341603->341729->341598->343105->341906->341605->341595->343103->341778->341593->344353->342694->563168->341608->341553->341563->341552->342644->342148->342645->341559->341985->341569->341738->563185->341560->342648->342147->341996->341571->340229->562951->338222->338726->338837->339122->646056->338604->338223->338603->339126->338348->338347->338706->338354
shortest_dijkstra,t3_sinsa_daechi,long,peak,8.0,16,975.8181,764.2503,202.4257,991.7066,538.0548,5965.7,8,True,68,6,7,55,341904->342719->342710->342156->342157->342711->342712->342714->342713->342076->341620->341621->342834->343100->342865->340641->340704->341588->341785->342116->341788->341787->563170->341731->341603->341729->341598->343105->341906->341605->341595->343103->341778->341593->344353->342694->563168->341608->341553->341563->341552->342644->342148->342645->341559->341985->341569->341738->563185->341560->342648->342147->341996->341571->340229->562951->338222->338726->338837->339122->646056->338604->338223->338603->339126->338348->338347->338706->338354
shortest_dijkstra,t3_sinsa_daechi,long,peak,8.0,17,975.4419,782.9874,185.1993,1031.9767,492.2666,5965.7,8,True,68,6,7,55,341904->342719->342710->342156->342157->342711->342712->342714->342713->342076->341620->341621->342834->343100->342865->340641->340704->341588->341785->342116->341788->341787->563170->341731->341603->341729->341598->343105->341906->341605->341595->343103->341778->341593->344353->342694->563168->341608->341553->341563->341552->342644->342148->342645->341559->341985->341569->341738->563185->341560->342648->342147->341996->341571->340229->562951->338222->338726->338837->339122->646056->338604->338223->338603->339126->338348->338347->338706->338354
shortest_dijkstra,t3_sinsa_daechi,long,peak,8.0,18,919.2588,748.9804,162.7006,939.794,432.4641,5965.7,8,True,68,6,7,55,341904->342719->342710->342156->342157->342711->342712->342714->342713->342076->341620->341621->342834->343100->342865->340641->340704->341588->341785->342116->341788->341787->563170->341731->341603->341729->341598->343105->341906->341605->341595->343103->341778->341593->344353->342694->563168->341608->341553->341563->341552->342644->342148->342645->341559->341985->341569->341738->563185->341560->342648->342147->341996->341571->340229->562951->338222->338726->338837->339122->646056->338604->338223->338603->339126->338348->338347->338706->338354
shortest_dijkstra,t3_sinsa_daechi,long,peak,8.0,19,984.3624,774.8663,200.0807,1033.7879,531.8218,5965.7,8,True,68,6,7,55,341904->342719->342710->342156->342157->342711->342712->342714->342713->342076->341620->341621->342834->343100->342865->340641->340704->341588->341785->342116->341788->341787->563170->341731->341603->341729->341598->343105->341906->341605->341595->343103->341778->341593->344353->342694->563168->341608->341553->341563->341552->342644->342148->342645->341559->341985->341569->341738->563185->341560->342648->342147->341996->341571->340229->562951->338222->338726->338837->339122->646056->338604->338223->338603->339126->338348->338347->338706->338354
shortest_dijkstra,t3_sinsa_daechi,long,peak,8.0,20,957.892,755.5074,193.7304,996.8532,514.9425,5965.7,8,True,68,6,7,55,341904->342719->342710->342156->342157->342711->342712->342714->342713->342076->341620->341621->342834->343100->342865->340641->340704->341588->341785->342116->341788->341787->563170->341731->341603->341729->341598->343105->341906->341605->341595->343103->341778->341593->344353->342694->563168->341608->341553->341563->341552->342644->342148->342645->341559->341985->341569->341738->563185->341560->342648->342147->341996->341571->340229->562951->338222->338726->338837->339122->646056->338604->338223->338603->339126->338348->338347->338706->338354
shortest_dijkstra,t3_sinsa_daechi,long,peak,8.0,21,939.8801,759.2683,171.1441,911.9582,454.9073,5965.7,8,True,68,6,7,55,341904->342719->342710->342156->342157->342711->342712->342714->342713->342076->341620->341621->342834->343100->342865->340641->340704->341588->341785->342116->341788->341787->563170->341731->341603->341729->341598->343105->341906->341605->341595->343103->341778->341593->344353->342694->563168->341608->341553->341563->341552->342644->342148->342645->341559->341985->341569->341738->563185->341560->342648->342147->341996->341571->340229->562951->338222->338726->338837->339122->646056->338604->338223->338603->339126->338348->338347->338706->338354
shortest_dijkstra,t3_sinsa_daechi,long,peak,8.0,22,962.2896,741.7998,211.493,955.4489,562.1561,5965.7,8,True,68,6,7,55,341904->342719->342710->342156->342157->342711->342712->342714->342713->342076->341620->341621->342834->343100->342865->340641->340704->341588->341785->342116->341788->341787->563170->341731->341603->341729->341598->343105->341906->341605->341595->343103->341778->341593->344353->342694->563168->341608->341553->341563->341552->342644->342148->342645->341559->341985->341569->341738->563185->341560->342648->342147->341996->341571->340229->562951->338222->338726->338837->339122->646056->338604->338223->338603->339126->338348->338347->338706->338354
shortest_dijkstra,t3_sinsa_daechi,long,peak,8.0,23,1002.791,777.8668,217.4643,980.6798,578.028,5965.7,8,True,68,6,7,55,341904->342719->342710->342156->342157->342711->342712->342714->342713->342076->341620->341621->342834->343100->342865->340641->340704->341588->341785->342116->341788->341787->563170->341731->341603->341729->341598->343105->341906->341605->341595->343103->341778->341593->344353->342694->563168->341608->341553->341563->341552->342644->342148->342645->341559->341985->341569->341738->563185->341560->342648->342147->341996->341571->340229->562951->338222->338726->338837->339122->646056->338604->338223->338603->339126->338348->338347->338706->338354
shortest_dijkstra,t3_sinsa_daechi,long,peak,8.0,24,917.8334,747.4916,161.4359,936.7607,429.1025,5965.7,7,True,68,6,7,55,341904->342719->342710->342156->342157->342711->342712->342714->342713->342076->341620->341621->342834->343100->342865->340641->340704->341588->341785->342116->341788->341787->563170->341731->341603->341729->341598->343105->341906->341605->341595->343103->341778->341593->344353->342694->563168->341608->341553->341563->341552->342644->342148->342645->341559->341985->341569->341738->563185->341560->342648->342147->341996->341571->340229->562951->338222->338726->338837->339122->646056->338604->338223->338603->339126->338348->338347->338706->338354
shortest_dijkstra,t3_sinsa_daechi,long,peak,8.0,25,986.2724,763.7042,213.5507,959.6501,567.6254,5965.7,8,True,68,6,7,55,341904->342719->342710->342156->342157->342711->342712->342714->342713->342076->341620->341621->342834->343100->342865->340641->340704->341588->341785->342116->341788->341787->563170->341731->341603->341729->341598->343105->341906->341605->341595->343103->341778->341593->344353->342694->563168->341608->341553->341563->341552->342644->342148->342645->341559->341985->341569->341738->563185->341560->342648->342147->341996->341571->340229->562951->338222->338726->338837->339122->646056->338604->338223->338603->339126->338348->338347->338706->338354
shortest_dijkstra,t3_sinsa_daechi,long,peak,8.0,26,983.8406,776.4578,198.9476,989.2648,528.8099,5965.7,8,True,68,6,7,55,341904->342719->342710->342156->342157->342711->342712->342714->342713->342076->341620->341621->342834->343100->342865->340641->340704->341588->341785->342116->341788->341787->563170->341731->341603->341729->341598->343105->341906->341605->341595->343103->341778->341593->344353->342694->563168->341608->341553->341563->341552->342644->342148->342645->341559->341985->341569->341738->563185->341560->342648->342147->341996->341571->340229->562951->338222->338726->338837->339122->646056->338604->338223->338603->339126->338348->338347->338706->338354
shortest_dijkstra,t3_sinsa_daechi,long,peak,8.0,27,990.1676,778.2293,202.4779,1014.964,538.1937,5965.7,8,True,68,6,7,55,341904->342719->342710->342156->342157->342711->342712->342714->342713->342076->341620->341621->342834->343100->342865->340641->340704->341588->341785->342116->341788->341787->563170->341731->341603->341729->341598->343105->341906->341605->341595->343103->341778->341593->344353->342694->563168->341608->341553->341563->341552->342644->342148->342645->341559->341985->341569->341738->563185->341560->342648->342147->341996->341571->340229->562951->338222->338726->338837->339122->646056->338604->338223->338603->339126->338348->338347->338706->338354
shortest_dijkstra,t3_sinsa_daechi,long,peak,8.0,28,971.3852,748.2438,214.2724,942.9946,569.5439,5965.7,8,True,68,6,7,55,341904->342719->342710->342156->342157->342711->342712->342714->342713->342076->341620->341621->342834->343100->342865->340641->340704->341588->341785->342116->341788->341787->563170->341731->341603->341729->341598->343105->341906->341605->341595->343103->341778->341593->344353->342694->563168->341608->341553->341563->341552->342644->342148->342645->341559->341985->341569->341738->563185->341560->342648->342147->341996->341571->340229->562951->338222->338726->338837->339122->646056->338604->338223->338603->339126->338348->338347->338706->338354
shortest_dijkstra,t3_sinsa_daechi,long,peak,8.0,29,929.6277,767.8542,152.9903,1006.3476,406.6538,5965.7,7,True,68,6,7,55,341904->342719->342710->342156->342157->342711->342712->342714->342713->342076->341620->341621->342834->343100->342865->340641->340704->341588->341785->342116->341788->341787->563170->341731->341603->341729->341598->343105->341906->341605->341595->343103->341778->341593->344353->342694->563168->341608->341553->341563->341552->342644->342148->342645->341559->341985->341569->341738->563185->341560->342648->342147->341996->341571->340229->562951->338222->338726->338837->339122->646056->338604->338223->338603->339126->338348->338347->338706->338354
shortest_dijkstra,t3_sinsa_daechi,long,peak,8.0,30,982.8838,794.4788,179.9739,1078.4688,478.3772,5965.7,8,True,68,6,7,55,341904->342719->342710->342156->342157->342711->342712->342714->342713->342076->341620->341621->342834->343100->342865->340641->340704->341588->341785->342116->341788->341787->563170->341731->341603->341729->341598->343105->341906->341605->341595->343103->341778->341593->344353->342694->563168->341608->341553->341563->341552->342644->342148->342645->341559->341985->341569->341738->563185->341560->342648->342147->341996->341571->340229->562951->338222->338726->338837->339122->646056->338604->338223->338603->339126->338348->338347->338706->338354
static_fuel_dijkstra,t1_seonjeongneung_daechi,long,off_peak,7.0,1,401.4331,379.5526,17.4735,442.6728,46.4451,3021.4,2,True,28,3,3,22,341608->341553->341563->341561->341562->341564->342645->341559->342115->563067->342648->342147->341996->341571->340229->562951->338222->338726->338837->339122->646056->338604->338223->338603->339126->338348->338347->338706->338354
static_fuel_dijkstra,t1_seonjeongneung_daechi,long,off_peak,7.0,2,376.0096,351.4239,21.2783,413.0396,56.5584,3061.9,2,True,25,3,3,19,341608->341553->341563->341561->341562->341564->342645->341559->342115->563067->342636->338199->338198->338222->338726->338837->339122->646056->338604->338223->338603->339126->338348->338347->338706->338354
static_fuel_dijkstra,t1_seonjeongneung_daechi,long,off_peak,7.0,3,356.0185,335.8059,17.7939,417.3082,47.2969,3021.4,2,True,28,3,3,22,341608->341553->341563->341561->341562->341564->342645->341559->342115->563067->342648->342147->341996->341571->340229->562951->338222->338726->338837->339122->646056->338604->338223->338603->339126->338348->338347->338706->338354
static_fuel_dijkstra,t1_seonjeongneung_daechi,long,off_peak,7.0,4,419.0499,358.7531,55.9979,470.5325,148.8444,3061.9,3,True,25,3,3,19,341608->341553->341563->341561->341562->341564->342645->341559->342115->563067->342636->338199->338198->338222->338726->338837->339122->646056->338604->338223->338603->339126->338348->338347->338706->338354
static_fuel_dijkstra,t1_seonjeongneung_daechi,long,off_peak,7.0,5,379.7999,350.2058,24.8938,413.0906,66.1687,3021.4,2,True,28,3,3,22,341608->341553->341563->341561->341562->341564->342645->341559->342115->563067->342648->342147->341996->341571->340229->562951->338222->338726->338837->339122->646056->338604->338223->338603->339126->338348->338347->338706->338354
static_fuel_dijkstra,t1_seonjeongneung_daechi,long,off_peak,7.0,6,466.3856,369.1015,92.0067,482.4765,244.5572,3061.9,4,True,25,3,3,19,341608->341553->341563->341561->341562->341564->342645->341559->342115->563067->342636->338199->338198->338222->338726->338837->339122->646056->338604->338223->338603->339126->338348->338347->338706->338354
static_fuel_dijkstra,t1_seonjeongneung_daechi,long,off_peak,7.0,7,410.0537,348.9252,56.8687,444.7627,151.1591,3061.9,3,True,25,3,3,19,341608->341553->341563->341561->341562->341564->342645->341559->342115->563067->342636->338199->338198->338222->338726->338837->339122->646056->338604->338223->338603->339126->338348->338347->338706->338354
static_fuel_dijkstra,t1_seonjeongneung_daechi,long,off_peak,7.0,8,411.9641,354.1037,54.846,469.2961,145.7825,3061.9,2,True,25,3,3,19,341608->341553->341563->341561->341562->341564->342645->341559->342115->563067->342636->338199->338198->338222->338726->338837->339122->646056->338604->338223->338603->339126->338348->338347->338706->338354
static_fuel_dijkstra,t1_seonjeongneung_daechi,long,off_peak,7.0,9,429.3977,356.337,67.4231,428.0923,179.213,3057.8,3,True,24,3,3,18,341608->341553->341563->341561->341562->341564->342645->341559->342115->563067->342636->338199->338198->562865->339135->339122->646056->338604->338223->338603->339126->338348->338347->338706->338354
static_fuel_dijkstra,t1_seonjeongneung_daechi,long,off_peak,7.0,10,424.237,365.6007,54.7385,446.1159,145.4968,3057.8,3,True,24,3,3,18,341608->341553->341563->341561->341562->341564->342645->341559->342115->563067->342636->338199->338198->562865->339135->339122->646056->338604->338223->338603->339126->338348->338347->338706->338354
static_fuel_dijkstra,t1_seonjeongneung_daechi,long,off_peak,7.0,11,393.3558,372.2081,18.3713,461.1065,48.8315,3189.7,2,True,27,4,3,20,341608->341553->341563->341561->341562->341564->342645->341559->342115->563067->342636->338199->338198->562865->339135->338197->338925->587845->646128->587905->339124->339125->338598->338208->338599->587846->338600->338354
static_fuel_dijkstra,t1_seonjeongneung_daechi,long,off_peak,7.0,12,436.2844,368.4858,62.9632,474.7068,167.3585,3057.8,3,True,24,3,3,18,341608->341553->341563->341561->341562->341564->342645->341559->342115->563067->342636->338199->338198->562865->339135->339122->646056->338604->338223->338603->339126->338348->338347->338706->338354
static_fuel_dijkstra,t1_seonjeongneung_daechi,long,off_peak,7.0,13,367.4802,342.9233,20.6334,428.7677,54.8442,3099.9,2,True,22,3,3,16,341608->341553->341563->341561->341562->341564->342645->341559->342115->563067->342636->338199->338198->562865->339135->338197->338925->646201->339126->338348->338347->338706->338354
static_fuel_dijkstra,t1_seonjeongneung_daechi,long,off_peak,7.0,14,365.1774,345.5784,16.5086,426.5762,43.8803,3021.4,2,True,28,3,3,22,341608->341553->341563->341561->341562->341564->342645->341559->342115->563067->342648->342147->341996->341571->340229->562951->338222->338726->338837->339122->646056->338604->338223->338603->339126->338348->338347->338706->338354
static_fuel_dijkstra,t1_seonjeongneung_daechi,long,off_peak,7.0,15,377.8036,353.0481,20.7508,425.8899,55.1563,3021.4,2,True,28,3,3,22,341608->341553->341563->341561->341562->341564->342645->341559->342115->563067->342648->342147->341996->341571->340229->562951->338222->338726->338837->339122->646056->338604->338223->338603->339126->338348->338347->338706->338354
static_fuel_dijkstra,t1_seonjeongneung_daechi,long,off_peak,7.0,16,367.559,341.1824,22.1332,421.302,58.8309,3057.8,2,True,24,3,3,18,341608->341553->341563->341561->341562->341564->342645->341559->342115->563067->342636->338199->338198->562865->339135->339122->646056->338604->338223->338603->339126->338348->338347->338706->338354
static_fuel_dijkstra,t1_seonjeongneung_daechi,long,off_peak,7.0,17,432.8032,355.915,71.7796,433.0272,190.7928,3021.4,4,True,28,3,3,22,341608->341553->341563->341561->341562->341564->342645->341559->342115->563067->342648->342147->341996->341571->340229->562951->338222->338726->338837->339122->646056->338604->338223->338603->339126->338348->338347->338706->338354
static_fuel_dijkstra,t1_seonjeongneung_daechi,long,off_peak,7.0,18,387.4384,370.9434,14.1181,452.5152,37.5265,3053.6,2,True,28,3,3,22,341608->341553->341563->341561->341562->341564->342645->341559->342115->563067->342636->342147->341996->341571->340229->562951->338222->338726->338837->339122->646056->338604->338223->338603->339126->338348->338347->338706->338354
static_fuel_dijkstra,t1_seonjeongneung_daechi,long,off_peak,7.0,19,387.9877,360.291,22.2503,420.9255,59.1421,3061.9,2,True,25,3,3,19,341608->341553->341563->341561->341562->341564->342645->341559->342115->563067->342636->338199->338198->338222->338726->338837->339122->646056->338604->338223->338603->339126->338348->338347->338706->338354
static_fuel_dijkstra,t1_seonjeongneung_daechi,long,off_peak,7.0,20,366.6518,348.2813,14.8893,428.7483,39.5763,3061.9,3,True,25,3,3,19,341608->341553->341563->341561->341562->341564->342645->341559->342115->563067->342636->338199->338198->338222->338726->338837->339122->646056->338604->338223->338603->339126->338348->338347->338706->338354
static_fuel_dijkstra,t1_seonjeongneung_daechi,long,off_peak,7.0,21,410.7754,357.3029,50.048,451.8612,133.0294,3099.9,2,True,22,3,3,16,341608->341553->341563->341561->341562->341564->342645->341559->342115->563067->342636->338199->338198->562865->339135->338197->338925->646201->339126->338348->338347->338706->338354
static_fuel_dijkstra,t1_seonjeongneung_daechi,long,off_peak,7.0,22,415.3598,364.9495,46.9235,462.854,124.7245,3099.9,3,True,22,3,3,16,341608->341553->341563->341561->341562->341564->342645->341559->342115->563067->342636->338199->338198->562865->339135->338197->338925->646201->339126->338348->338347->338706->338354
static_fuel_dijkstra,t1_seonjeongneung_daechi,long,off_peak,7.0,23,355.4853,335.993,16.4934,425.6827,43.84,3021.4,2,True,28,3,3,22,341608->341553->341563->341561->341562->341564->342645->341559->342115->563067->342648->342147->341996->341571->340229->562951->338222->338726->338837->339122->646056->338604->338223->338603->339126->338348->338347->338706->338354
static_fuel_dijkstra,t1_seonjeongneung_daechi,long,off_peak,7.0,24,372.7724,354.1949,16.2431,443.6097,43.1746,3021.4,2,True,28,3,3,22,341608->341553->341563->341561->341562->341564->342645->341559->342115->563067->342648->342147->341996->341571->340229->562951->338222->338726->338837->339122->646056->338604->338223->338603->339126->338348->338347->338706->338354
static_fuel_dijkstra,t1_seonjeongneung_daechi,long,off_peak,7.0,25,385.0427,364.0284,18.0844,460.6465,48.0691,3189.7,2,True,27,4,3,20,341608->341553->341563->341561->341562->341564->342645->341559->342115->563067->342636->338199->338198->562865->339135->338197->338925->587845->646128->587905->339124->339125->338598->338208->338599->587846->338600->338354
static_fuel_dijkstra,t1_seonjeongneung_daechi,long,off_peak,7.0,26,385.1151,359.2926,22.4971,416.4473,59.798,3021.4,2,True,28,3,3,22,341608->341553->341563->341561->341562->341564->342645->341559->342115->563067->342648->342147->341996->341571->340229->562951->338222->338726->338837->339122->646056->338604->338223->338603->339126->338348->338347->338706->338354
static_fuel_dijkstra,t1_seonjeongneung_daechi,long,off_peak,7.0,27,375.7105,349.4122,22.1782,418.1232,58.9504,3061.9,2,True,25,3,3,19,341608->341553->341563->341561->341562->341564->342645->341559->342115->563067->342636->338199->338198->338222->338726->338837->339122->646056->338604->338223->338603->339126->338348->338347->338706->338354
static_fuel_dijkstra,t1_seonjeongneung_daechi,long,off_peak,7.0,28,375.1816,348.9495,22.8237,410.5461,60.6663,3099.9,2,True,22,3,3,16,341608->341553->341563->341561->341562->341564->342645->341559->342115->563067->342636->338199->338198->562865->339135->338197->338925->646201->339126->338348->338347->338706->338354
static_fuel_dijkstra,t1_seonjeongneung_daechi,long,off_peak,7.0,29,379.006,353.3365,21.4028,399.6502,56.8895,3021.4,2,True,28,3,3,22,341608->341553->341563->341561->341562->341564->342645->341559->342115->563067->342648->342147->341996->341571->340229->562951->338222->338726->338837->339122->646056->338604->338223->338603->339126->338348->338347->338706->338354
static_fuel_dijkstra,t1_seonjeongneung_daechi,long,off_peak,7.0,30,403.4169,340.4542,58.2872,466.2038,154.9295,3057.8,3,True,24,3,3,18,341608->341553->341563->341561->341562->341564->342645->341559->342115->563067->342636->338199->338198->562865->339135->339122->646056->338604->338223->338603->339126->338348->338347->338706->338354
static_fuel_dijkstra,t1_seonjeongneung_daechi,long,peak,8.0,1,500.9814,406.4585,91.8976,559.4233,244.267,3316.4,3,True,30,4,4,22,341608->341553->341554->341551->342640->613995->342644->342148->342645->341559->342115->563067->342648->342147->341996->341571->340229->562951->338222->338726->338837->339122->646056->338604->338223->338603->339126->338348->338347->338706->338354
static_fuel_dijkstra,t1_seonjeongneung_daechi,long,peak,8.0,2,384.7218,382.5647,1.4869,543.8944,3.9521,3348.6,1,True,30,4,4,22,341608->341553->341554->341551->342640->613995->342644->342148->342645->341559->342115->563067->342636->342147->341996->341571->340229->562951->338222->338726->338837->339122->646056->338604->338223->338603->339126->338348->338347->338706->338354
static_fuel_dijkstra,t1_seonjeongneung_daechi,long,peak,8.0,3,393.3969,390.4226,2.3636,534.3049,6.2825,3316.4,1,True,30,4,4,22,341608->341553->341554->341551->342640->613995->342644->342148->342645->341559->342115->563067->342648->342147->341996->341571->340229->562951->338222->338726->338837->339122->646056->338604->338223->338603->339126->338348->338347->338706->338354
static_fuel_dijkstra,t1_seonjeongneung_daechi,long,peak,8.0,4,384.9168,378.8636,5.056,460.923,13.439,3480.0,1,True,26,6,5,15,341608->341553->341554->341551->342640->613995->342644->342148->342645->341559->342115->563067->342636->338199->338198->562865->339135->338197->338925->587845->646128->587905->339124->587910->587846->338600->338354
static_fuel_dijkstra,t1_seonjeongneung_daechi,long,peak,8.0,5,384.2207,384.2207,0.0,473.3518,0.0,3480.0,0,True,26,6,5,15,341608->341553->341554->341551->342640->613995->342644->342148->342645->341559->342115->563067->342636->338199->338198->562865->339135->338197->338925->587845->646128->587905->339124->587910->587846->338600->338354
static_fuel_dijkstra,t1_seonjeongneung_daechi,long,peak,8.0,6,441.8547,378.2464,62.156,523.4868,165.2128,3316.4,2,True,30,4,4,22,341608->341553->341554->341551->342640->613995->342644->342148->342645->341559->342115->563067->342648->342147->341996->341571->340229->562951->338222->338726->338837->339122->646056->338604->338223->338603->339126->338348->338347->338706->338354
static_fuel_dijkstra,t1_seonjeongneung_daechi,long,peak,8.0,7,375.359,373.6732,0.9726,526.8392,2.5851,3316.4,1,True,30,4,4,22,341608->341553->341554->341551->342640->613995->342644->342148->342645->341559->342115->563067->342648->342147->341996->341571->340229->562951->338222->338726->338837->339122->646056->338604->338223->338603->339126->338348->338347->338706->338354
static_fuel_dijkstra,t1_seonjeongneung_daechi,long,peak,8.0,8,485.8982,391.3682,92.6553,562.8785,246.281,3316.4,3,True,30,4,4,22,341608->341553->341554->341551->342640->613995->342644->342148->342645->341559->342115->563067->342648->342147->341996->341571->340229->562951->338222->338726->338837->339122->646056->338604->338223->338603->339126->338348->338347->338706->338354
static_fuel_dijkstra,t1_seonjeongneung_daechi,long,peak,8.0,9,385.7867,384.3048,0.6657,532.9995,1.7694,3316.4,1,True,30,4,4,22,341608->341553->341554->341551->342640->613995->342644->342148->342645->341559->342115->563067->342648->342147->341996->341571->340229->562951->338222->338726->338837->339122->646056->338604->338223->338603->339126->338348->338347->338706->338354
static_fuel_dijkstra,t1_seonjeongneung_daechi,long,peak,8.0,10,401.2785,397.9959,2.4111,548.2141,6.4087,3316.4,1,True,30,4,4,22,341608->341553->341554->341551->342640->613995->342644->342148->342645->341559->342115->563067->342648->342147->341996->341571->340229->562951->338222->338726->338837->339122->646056->338604->338223->338603->339126->338348->338347->338706->338354
static_fuel_dijkstra,t1_seonjeongneung_daechi,long,peak,8.0,11,441.8447,385.4545,53.0409,526.271,140.9845,3394.9,3,True,24,4,4,16,341608->341553->341554->341551->342640->613995->342644->342148->342645->341559->342115->563067->342636->338199->338198->562865->339135->338197->338925->646201->339126->338348->338347->338706->338354
static_fuel_dijkstra,t1_seonjeongneung_daechi,long,peak,8.0,12,447.0381,400.5483,42.5137,552.7445,113.003,3394.9,3,True,24,4,4,16,341608->341553->341554->341551->342640->613995->342644->342148->342645->341559->342115->563067->342636->338199->338198->562865->339135->338197->338925->646201->339126->338348->338347->338706->338354
static_fuel_dijkstra,t1_seonjeongneung_daechi,long,peak,8.0,13,443.399,391.8276,47.5238,538.6856,126.3201,3394.9,3,True,24,4,4,16,341608->341553->341554->341551->342640->613995->342644->342148->342645->341559->342115->563067->342636->338199->338198->562865->339135->338197->338925->646201->339126->338348->338347->338706->338354
static_fuel_dijkstra,t1_seonjeongneung_daechi,long,peak,8.0,14,464.5516,409.7349,52.9029,591.7363,140.6178,3316.4,2,True,30,4,4,22,341608->341553->341554->341551->342640->613995->342644->342148->342645->341559->342115->563067->342648->342147->341996->341571->340229->562951->338222->338726->338837->339122->646056->338604->338223->338603->339126->338348->338347->338706->338354
static_fuel_dijkstra,t1_seonjeongneung_daechi,long,peak,8.0,15,388.5753,378.4273,8.4274,468.0835,22.4003,3480.0,1,True,26,6,5,15,341608->341553->341554->341551->342640->613995->342644->342148->342645->341559->342115->563067->342636->338199->338198->562865->339135->338197->338925->587845->646128->587905->339124->587910->587846->338600->338354
static_fuel_dijkstra,t1_seonjeongneung_daechi,long,peak,8.0,16,381.9369,373.4362,6.4287,481.7316,17.0878,3480.0,1,True,26,6,5,15,341608->341553->341554->341551->342640->613995->342644->342148->342645->341559->342115->563067->342636->338199->338198->562865->339135->338197->338925->587845->646128->587905->339124->587910->587846->338600->338354
static_fuel_dijkstra,t1_seonjeongneung_daechi,long,peak,8.0,17,387.613,385.592,1.3575,560.4722,3.6082,3316.4,1,True,30,4,4,22,341608->341553->341554->341551->342640->613995->342644->342148->342645->341559->342115->563067->342648->342147->341996->341571->340229->562951->338222->338726->338837->339122->646056->338604->338223->338603->339126->338348->338347->338706->338354
static_fuel_dijkstra,t1_seonjeongneung_daechi,long,peak,8.0,18,363.3235,363.3235,0.0,493.1939,0.0,3480.0,0,True,26,6,5,15,341608->341553->341554->341551->342640->613995->342644->342148->342645->341559->342115->563067->342636->338199->338198->562865->339135->338197->338925->587845->646128->587905->339124->587910->587846->338600->338354
static_fuel_dijkstra,t1_seonjeongneung_daechi,long,peak,8.0,19,394.3997,384.7828,7.4069,505.3297,19.6877,3316.4,2,True,30,4,4,22,341608->341553->341554->341551->342640->613995->342644->342148->342645->341559->342115->563067->342648->342147->341996->341571->340229->562951->338222->338726->338837->339122->646056->338604->338223->338603->339126->338348->338347->338706->338354
static_fuel_dijkstra,t1_seonjeongneung_daechi,long,peak,8.0,20,372.4099,364.7416,7.0613,511.6167,18.7693,3348.6,1,True,30,4,4,22,341608->341553->341554->341551->342640->613995->342644->342148->342645->341559->342115->563067->342636->342147->341996->341571->340229->562951->338222->338726->338837->339122->646056->338604->338223->338603->339126->338348->338347->338706->338354
static_fuel_dijkstra,t1_seonjeongneung_daechi,long,peak,8.0,21,389.67,383.863,4.6975,502.2541,12.4861,3316.4,1,True,30,4,4,22,341608->341553->341554->341551->342640->613995->342644->342148->342645->341559->342115->563067->342648->342147->341996->341571->340229->562951->338222->338726->338837->339122->646056->338604->338223->338603->339126->338348->338347->338706->338354
static_fuel_dijkstra,t1_seonjeongneung_daechi,long,peak,8.0,22,446.5552,393.4004,50.6575,542.6427,134.6494,3394.9,2,True,24,4,4,16,341608->341553->341554->341551->342640->613995->342644->342148->342645->341559->342115->563067->342636->338199->338198->562865->339135->338197->338925->646201->339126->338348->338347->338706->338354
static_fuel_dijkstra,t1_seonjeongneung_daechi,long,peak,8.0,23,436.4937,396.9407,36.9679,579.1579,98.262,3394.9,3,True,24,4,4,16,341608->341553->341554->341551->342640->613995->342644->342148->342645->341559->342115->563067->342636->338199->338198->562865->339135->338197->338925->646201->339126->338348->338347->338706->338354
static_fuel_dijkstra,t1_seonjeongneung_daechi,long,peak,8.0,24,444.9025,401.5005,40.864,552.0247,108.618,3480.0,2,True,26,6,5,15,341608->341553->341554->341551->342640->613995->342644->342148->342645->341559->342115->563067->342636->338199->338198->562865->339135->338197->338925->587845->646128->587905->339124->587910->587846->338600->338354
static_fuel_dijkstra,t1_seonjeongneung_daechi,long,peak,8.0,25,447.631,397.8258,46.1295,537.5062,122.614,3394.9,3,True,24,4,4,16,341608->341553->341554->341551->342640->613995->342644->342148->342645->341559->342115->563067->342636->338199->338198->562865->339135->338197->338925->646201->339126->338348->338347->338706->338354
static_fuel_dijkstra,t1_seonjeongneung_daechi,long,peak,8.0,26,383.1736,373.7508,7.6222,445.6477,20.2602,3480.0,1,True,26,6,5,15,341608->341553->341554->341551->342640->613995->342644->342148->342645->341559->342115->563067->342636->338199->338198->562865->339135->338197->338925->587845->646128->587905->339124->587910->587846->338600->338354
static_fuel_dijkstra,t1_seonjeongneung_daechi,long,peak,8.0,27,382.5217,376.9807,4.8693,509.4045,12.9428,3316.4,1,True,30,4,4,22,341608->341553->341554->341551->342640->613995->342644->342148->342645->341559->342115->563067->342648->342147->341996->341571->340229->562951->338222->338726->338837->339122->646056->338604->338223->338603->339126->338348->338347->338706->338354
static_fuel_dijkstra,t1_seonjeongneung_daechi,long,peak,8.0,28,386.56,386.56,0.0,482.1213,0.0,3480.0,0,True,26,6,5,15,341608->341553->341554->341551->342640->613995->342644->342148->342645->341559->342115->563067->342636->338199->338198->562865->339135->338197->338925->587845->646128->587905->339124->587910->587846->338600->338354
static_fuel_dijkstra,t1_seonjeongneung_daechi,long,peak,8.0,29,379.5332,372.0877,5.8392,501.8228,15.5209,3348.6,2,True,30,4,4,22,341608->341553->341554->341551->342640->613995->342644->342148->342645->341559->342115->563067->342636->342147->341996->341571->340229->562951->338222->338726->338837->339122->646056->338604->338223->338603->339126->338348->338347->338706->338354
static_fuel_dijkstra,t1_seonjeongneung_daechi,long,peak,8.0,30,436.6492,383.8229,50.1729,531.4656,133.3614,3394.9,3,True,24,4,4,16,341608->341553->341554->341551->342640->613995->342644->342148->342645->341559->342115->563067->342636->338199->338198->562865->339135->338197->338925->646201->339126->338348->338347->338706->338354
static_fuel_dijkstra,t2_yeoksam_hakyeoul,long,off_peak,7.0,1,569.2149,523.1117,41.7081,626.4164,110.8616,4268.9,3,True,49,7,6,36,338267->340192->338229->338218->339571->338261->341734->341572->339293->338651->562921->562923->342153->341556->341555->341736->341568->341735->341564->342639->563096->342115->563067->342648->342147->341996->341571->340229->562951->338222->338726->338837->339122->646056->338604->338223->338603->339126->338348->338347->338346->339296->338349->338341->338728->339266->338343->338313->340271->338344
static_fuel_dijkstra,t2_yeoksam_hakyeoul,long,off_peak,7.0,2,622.2754,537.1953,78.4205,657.0258,208.4446,4307.7,4,True,47,8,6,33,338267->340192->338229->338218->339094->338258->613662->339651->338651->339293->341572->340705->341555->341736->341568->341735->341564->342639->563096->342115->563067->342648->342147->341996->341571->340229->562951->338222->338726->338837->339122->646056->338604->338223->338603->339126->338348->338347->338346->339296->338349->338341->338728->339266->338343->338313->340271->338344
static_fuel_dijkstra,t2_yeoksam_hakyeoul,long,off_peak,7.0,3,533.0448,488.0852,41.1465,625.7938,109.3688,4307.7,3,True,47,8,6,33,338267->340192->338229->338218->339094->338258->613662->339651->338651->339293->341572->340705->341555->341736->341568->341735->341564->342639->563096->342115->563067->342648->342147->341996->341571->340229->562951->338222->338726->338837->339122->646056->338604->338223->338603->339126->338348->338347->338346->339296->338349->338341->338728->339266->338343->338313->340271->338344
static_fuel_dijkstra,t2_yeoksam_hakyeoul,long,off_peak,7.0,4,577.401,516.8573,54.2051,609.2615,144.0791,4307.7,5,True,47,8,6,33,338267->340192->338229->338218->339094->338258->613662->339651->338651->339293->341572->340705->341555->341736->341568->341735->341564->342639->563096->342115->563067->342648->342147->341996->341571->340229->562951->338222->338726->338837->339122->646056->338604->338223->338603->339126->338348->338347->338346->339296->338349->338341->338728->339266->338343->338313->340271->338344
static_fuel_dijkstra,t2_yeoksam_hakyeoul,long,off_peak,7.0,5,558.6788,511.9393,43.4997,617.0815,115.6237,4307.7,3,True,47,8,6,33,338267->340192->338229->338218->339094->338258->613662->339651->338651->339293->341572->340705->341555->341736->341568->341735->341564->342639->563096->342115->563067->342648->342147->341996->341571->340229->562951->338222->338726->338837->339122->646056->338604->338223->338603->339126->338348->338347->338346->339296->338349->338341->338728->339266->338343->338313->340271->338344
static_fuel_dijkstra,t2_yeoksam_hakyeoul,long,off_peak,7.0,6,556.2968,509.7395,41.6948,626.0208,110.8264,4307.7,3,True,47,8,6,33,338267->340192->338229->338218->339094->338258->613662->339651->338651->339293->341572->340705->341555->341736->341568->341735->341564->342639->563096->342115->563067->342648->342147->341996->341571->340229->562951->338222->338726->338837->339122->646056->338604->338223->338603->339126->338348->338347->338346->339296->338349->338341->338728->339266->338343->338313->340271->338344
static_fuel_dijkstra,t2_yeoksam_hakyeoul,long,off_peak,7.0,7,544.1136,496.7981,43.6786,625.2963,116.0994,4307.7,3,True,47,8,6,33,338267->340192->338229->338218->339094->338258->613662->339651->338651->339293->341572->340705->341555->341736->341568->341735->341564->342639->563096->342115->563067->342648->342147->341996->341571->340229->562951->338222->338726->338837->339122->646056->338604->338223->338603->339126->338348->338347->338346->339296->338349->338341->338728->339266->338343->338313->340271->338344
static_fuel_dijkstra,t2_yeoksam_hakyeoul,long,off_peak,7.0,8,594.2093,506.148,80.0229,633.9275,212.7037,4067.2,4,True,36,8,6,22,338267->340192->338229->338218->339094->338258->613662->339651->338651->562919->562884->613773->613772->339003->339662->341549->342639->563096->342115->563067->342648->342147->341996->341571->341521->342613->341535->343726->343919->338310->339265->338311->339297->339000->339664->338312->338344
static_fuel_dijkstra,t2_yeoksam_hakyeoul,long,off_peak,7.0,9,518.1423,479.4546,36.201,638.5818,96.2237,4307.7,2,True,47,8,6,33,338267->340192->338229->338218->339094->338258->613662->339651->338651->339293->341572->340705->341555->341736->341568->341735->341564->342639->563096->342115->563067->342648->342147->341996->341571->340229->562951->338222->338726->338837->339122->646056->338604->338223->338603->339126->338348->338347->338346->339296->338349->338341->338728->339266->338343->338313->340271->338344
static_fuel_dijkstra,t2_yeoksam_hakyeoul,long,off_peak,7.0,10,567.3374,504.6268,58.9369,682.8492,156.6564,4294.9,2,True,37,7,6,24,338267->340192->338229->338218->339094->338258->613662->339651->338651->339293->341572->340705->341555->341736->341568->341735->341564->342639->563096->342115->563067->342648->342147->341996->341571->341521->342613->341535->343726->343919->338310->339265->338311->339297->339000->339664->338312->338344
static_fuel_dijkstra,t2_yeoksam_hakyeoul,long,off_peak,7.0,11,589.6665,506.2784,77.3902,633.8033,205.7061,4219.7,3,True,40,9,7,24,338267->340192->338229->338218->339094->338258->613662->339651->338651->562919->562884->613773->613772->339003->339662->341549->342639->563096->342115->563067->342648->341560->341518->341517->341516->341515->342114->563094->646707->342613->341535->343726->343919->338310->339265->338311->339297->339000->339664->338312->338344
static_fuel_dijkstra,t2_yeoksam_hakyeoul,long,off_peak,7.0,12,575.0684,493.5021,77.9019,636.3159,207.0662,4288.3,3,True,40,6,5,29,338267->340192->338229->338218->339094->338258->613662->339651->338651->339293->341572->340705->341555->341736->341568->341566->341549->342639->563096->342115->343710->341560->341518->341517->341516->341515->342114->563094->646707->342613->341535->343726->343919->338310->339265->338311->339297->339000->339664->338312->338344
static_fuel_dijkstra,t2_yeoksam_hakyeoul,long,off_peak,7.0,13,561.5836,519.693,37.3092,631.1854,99.1692,4307.7,3,True,47,8,6,33,338267->340192->338229->338218->339094->338258->613662->339651->338651->339293->341572->340705->341555->341736->341568->341735->341564->342639->563096->342115->563067->342648->342147->341996->341571->340229->562951->338222->338726->338837->339122->646056->338604->338223->338603->339126->338348->338347->338346->339296->338349->338341->338728->339266->338343->338313->340271->338344
static_fuel_dijkstra,t2_yeoksam_hakyeoul,long,off_peak,7.0,14,567.0118,526.3526,36.8313,630.4334,97.899,4307.7,2,True,47,8,6,33,338267->340192->338229->338218->339094->338258->613662->339651->338651->339293->341572->340705->341555->341736->341568->341735->341564->342639->563096->342115->563067->342648->342147->341996->341571->340229->562951->338222->338726->338837->339122->646056->338604->338223->338603->339126->338348->338347->338346->339296->338349->338341->338728->339266->338343->338313->340271->338344
static_fuel_dijkstra,t2_yeoksam_hakyeoul,long,off_peak,7.0,15,556.5296,506.5841,45.6305,623.3167,121.2875,4307.7,3,True,47,8,6,33,338267->340192->338229->338218->339094->338258->613662->339651->338651->339293->341572->340705->341555->341736->341568->341735->341564->342639->563096->342115->563067->342648->342147->341996->341571->340229->562951->338222->338726->338837->339122->646056->338604->338223->338603->339126->338348->338347->338346->339296->338349->338341->338728->339266->338343->338313->340271->338344
static_fuel_dijkstra,t2_yeoksam_hakyeoul,long,off_peak,7.0,16,577.1976,538.6868,34.4248,636.2708,91.5024,4307.7,3,True,47,8,6,33,338267->340192->338229->338218->339094->338258->613662->339651->338651->339293->341572->340705->341555->341736->341568->341735->341564->342639->563096->342115->563067->342648->342147->341996->341571->340229->562951->338222->338726->338837->339122->646056->338604->338223->338603->339126->338348->338347->338346->339296->338349->338341->338728->339266->338343->338313->340271->338344
static_fuel_dijkstra,t2_yeoksam_hakyeoul,long,off_peak,7.0,17,561.0053,513.2993,42.9431,617.025,114.1442,4285.4,3,True,44,6,5,33,338267->340192->338229->338218->339571->338261->341734->341572->588040->341557->342643->341561->341562->341564->342645->341559->342115->563067->342648->342147->341996->341571->340229->562951->338222->338726->338837->339122->646056->338604->338223->338603->339126->338348->338347->338346->339296->338349->338341->338728->339266->338343->338313->340271->338344
static_fuel_dijkstra,t2_yeoksam_hakyeoul,long,off_peak,7.0,18,556.2414,520.8973,32.4057,660.0898,86.1354,4307.7,2,True,47,8,6,33,338267->340192->338229->338218->339094->338258->613662->339651->338651->339293->341572->340705->341555->341736->341568->341735->341564->342639->563096->342115->563067->342648->342147->341996->341571->340229->562951->338222->338726->338837->339122->646056->338604->338223->338603->339126->338348->338347->338346->339296->338349->338341->338728->339266->338343->338313->340271->338344
static_fuel_dijkstra,t2_yeoksam_hakyeoul,long,off_peak,7.0,19,538.9406,499.0384,36.1163,654.835,95.9985,4307.7,3,True,47,8,6,33,338267->340192->338229->338218->339094->338258->613662->339651->338651->339293->341572->340705->341555->341736->341568->341735->341564->342639->563096->342115->563067->342648->342147->341996->341571->340229->562951->338222->338726->338837->339122->646056->338604->338223->338603->339126->338348->338347->338346->339296->338349->338341->338728->339266->338343->338313->340271->338344
static_fuel_dijkstra,t2_yeoksam_hakyeoul,long,off_peak,7.0,20,584.7787,504.7862,75.1098,649.4629,199.6447,4219.7,3,True,40,9,7,24,338267->340192->338229->338218->339094->338258->613662->339651->338651->562919->562884->613773->613772->339003->339662->341549->342639->563096->342115->563067->342648->341560->341518->341517->341516->341515->342114->563094->646707->342613->341535->343726->343919->338310->339265->338311->339297->339000->339664->338312->338344
static_fuel_dijkstra,t2_yeoksam_hakyeoul,long,off_peak,7.0,21,603.8254,518.1683,78.9991,635.6137,209.9824,4219.7,3,True,40,9,7,24,338267->340192->338229->338218->339094->338258->613662->339651->338651->562919->562884->613773->613772->339003->339662->341549->342639->563096->342115->563067->342648->341560->341518->341517->341516->341515->342114->563094->646707->342613->341535->343726->343919->338310->339265->338311->339297->339000->339664->338312->338344
static_fuel_dijkstra,t2_yeoksam_hakyeoul,long,off_peak,7.0,22,553.5912,502.7147,46.8352,605.1576,124.4898,4307.7,3,True,47,8,6,33,338267->340192->338229->338218->339094->338258->613662->339651->338651->339293->341572->340705->341555->341736->341568->341735->341564->342639->563096->342115->563067->342648->342147->341996->341571->340229->562951->338222->338726->338837->339122->646056->338604->338223->338603->339126->338348->338347->338346->339296->338349->338341->338728->339266->338343->338313->340271->338344
static_fuel_dijkstra,t2_yeoksam_hakyeoul,long,off_peak,7.0,23,590.6656,510.2499,73.6105,650.3222,195.6594,4219.7,3,True,40,9,7,24,338267->340192->338229->338218->339094->338258->613662->339651->338651->562919->562884->613773->613772->339003->339662->341549->342639->563096->342115->563067->342648->341560->341518->341517->341516->341515->342114->563094->646707->342613->341535->343726->343919->338310->339265->338311->339297->339000->339664->338312->338344
static_fuel_dijkstra,t2_yeoksam_hakyeoul,long,off_peak,7.0,24,552.5888,500.0741,47.5433,602.6863,126.3717,4268.9,3,True,49,7,6,36,338267->340192->338229->338218->339571->338261->341734->341572->339293->338651->562921->562923->342153->341556->341555->341736->341568->341735->341564->342639->563096->342115->563067->342648->342147->341996->341571->340229->562951->338222->338726->338837->339122->646056->338604->338223->338603->339126->338348->338347->338346->339296->338349->338341->338728->339266->338343->338313->340271->338344
static_fuel_dijkstra,t2_yeoksam_hakyeoul,long,off_peak,7.0,25,587.731,516.8515,64.9452,668.4079,172.6267,4250.6,3,True,40,8,6,26,338267->340192->338229->338218->339094->338258->613662->339651->338651->339293->341572->340705->341555->341556->342153->343109->613772->339003->339662->341549->342639->563096->342115->563067->342648->342147->341996->341571->341521->342613->341535->343726->343919->338310->339265->338311->339297->339000->339664->338312->338344
static_fuel_dijkstra,t2_yeoksam_hakyeoul,long,off_peak,7.0,26,550.8106,485.4584,60.2264,570.788,160.0839,4057.1,4,True,44,5,4,35,338267->340192->338229->338218->339571->338261->341734->341572->340705->341555->341736->341568->341566->341549->342639->563096->342115->563067->342648->342147->341996->341571->340229->562951->338222->338726->338837->339122->646056->338604->338223->338603->339126->338348->338347->338346->339296->338349->338341->338728->339266->338343->338313->340271->338344
static_fuel_dijkstra,t2_yeoksam_hakyeoul,long,off_peak,7.0,27,607.5036,526.7489,75.6686,679.7179,201.13,4307.7,3,True,47,8,6,33,338267->340192->338229->338218->339094->338258->613662->339651->338651->339293->341572->340705->341555->341736->341568->341735->341564->342639->563096->342115->563067->342648->342147->341996->341571->340229->562951->338222->338726->338837->339122->646056->338604->338223->338603->339126->338348->338347->338346->339296->338349->338341->338728->339266->338343->338313->340271->338344
static_fuel_dijkstra,t2_yeoksam_hakyeoul,long,off_peak,7.0,28,573.5784,495.6277,74.8593,657.7705,198.9787,4307.7,3,True,47,8,6,33,338267->340192->338229->338218->339094->338258->613662->339651->338651->339293->341572->340705->341555->341736->341568->341735->341564->342639->563096->342115->563067->342648->342147->341996->341571->340229->562951->338222->338726->338837->339122->646056->338604->338223->338603->339126->338348->338347->338346->339296->338349->338341->338728->339266->338343->338313->340271->338344
static_fuel_dijkstra,t2_yeoksam_hakyeoul,long,off_peak,7.0,29,599.1835,508.1604,85.4189,628.6281,227.0466,4307.7,4,True,47,8,6,33,338267->340192->338229->338218->339094->338258->613662->339651->338651->339293->341572->340705->341555->341736->341568->341735->341564->342639->563096->342115->563067->342648->342147->341996->341571->340229->562951->338222->338726->338837->339122->646056->338604->338223->338603->339126->338348->338347->338346->339296->338349->338341->338728->339266->338343->338313->340271->338344
static_fuel_dijkstra,t2_yeoksam_hakyeoul,long,off_peak,7.0,30,578.5274,529.5109,42.5008,605.4361,112.9686,4307.7,3,True,47,8,6,33,338267->340192->338229->338218->339094->338258->613662->339651->338651->339293->341572->340705->341555->341736->341568->341735->341564->342639->563096->342115->563067->342648->342147->341996->341571->340229->562951->338222->338726->338837->339122->646056->338604->338223->338603->339126->338348->338347->338346->339296->338349->338341->338728->339266->338343->338313->340271->338344
static_fuel_dijkstra,t2_yeoksam_hakyeoul,long,peak,8.0,1,551.697,518.1614,30.8585,730.7103,82.0229,4249.2,3,True,49,7,5,37,338267->340192->338229->338218->339571->338261->341734->341572->588040->341557->342643->341555->341556->342153->343109->613772->339003->339662->341549->342639->563096->342115->563067->342636->342147->341996->341571->340229->562951->338222->338726->338837->339122->646056->338604->338223->338603->339126->338348->338347->338346->339296->338349->338341->338728->339266->338343->338313->340271->338344
static_fuel_dijkstra,t2_yeoksam_hakyeoul,long,peak,8.0,2,571.0373,502.5478,63.9859,672.2864,170.0769,4020.3,4,True,37,7,5,25,338267->340192->338229->338218->339571->338261->341734->341572->339293->338651->562919->562884->613773->613772->339003->339662->341549->342639->563096->342115->563067->342648->342147->341996->341571->341521->342613->341535->343726->343919->338310->339265->338311->339297->339000->339664->338312->338344
static_fuel_dijkstra,t2_yeoksam_hakyeoul,long,peak,8.0,3,555.0361,514.1684,38.1152,751.336,101.3117,4236.4,3,True,39,6,5,28,338267->340192->338229->338218->339571->338261->341734->341572->588040->341557->342643->341555->341556->342153->343109->613772->339003->339662->341549->342639->563096->342115->563067->342636->342147->341996->341571->341521->342613->341535->343726->343919->338310->339265->338311->339297->339000->339664->338312->338344
static_fuel_dijkstra,t2_yeoksam_hakyeoul,long,peak,8.0,4,570.4847,526.9292,40.0496,741.1324,106.4533,4236.4,3,True,39,6,5,28,338267->340192->338229->338218->339571->338261->341734->341572->588040->341557->342643->341555->341556->342153->343109->613772->339003->339662->341549->342639->563096->342115->563067->342636->342147->341996->341571->341521->342613->341535->343726->343919->338310->339265->338311->339297->339000->339664->338312->338344
static_fuel_dijkstra,t2_yeoksam_hakyeoul,long,peak,8.0,5,622.813,524.3278,92.0953,745.7795,244.7927,4020.3,4,True,37,7,5,25,338267->340192->338229->338218->339571->338261->341734->341572->339293->338651->562919->562884->613773->613772->339003->339662->341549->342639->563096->342115->563067->342648->342147->341996->341571->341521->342613->341535->343726->343919->338310->339265->338311->339297->339000->339664->338312->338344
static_fuel_dijkstra,t2_yeoksam_hakyeoul,long,peak,8.0,6,579.0833,527.7109,47.33,738.4021,125.8049,4221.8,4,True,40,5,5,30,338267->340192->338229->338218->339571->338261->341734->341572->588040->341557->342643->341555->341736->341568->341735->341564->342645->341559->341985->341569->344767->341558->341518->341517->341516->341515->342114->563094->646707->342613->341535->343726->343919->338310->339265->338311->339297->339000->339664->338312->338344
static_fuel_dijkstra,t2_yeoksam_hakyeoul,long,peak,8.0,7,562.2664,503.9752,54.197,698.1785,144.0576,4020.3,4,True,37,7,5,25,338267->340192->338229->338218->339571->338261->341734->341572->339293->338651->562919->562884->613773->613772->339003->339662->341549->342639->563096->342115->563067->342648->342147->341996->341571->341521->342613->341535->343726->343919->338310->339265->338311->339297->339000->339664->338312->338344
static_fuel_dijkstra,t2_yeoksam_hakyeoul,long,peak,8.0,8,572.3113,508.3784,59.6434,697.2591,158.5344,4018.3,4,True,38,3,3,32,338267->340192->338229->338218->339571->338261->341734->341572->340705->341555->341736->341568->341735->341564->342645->341559->341985->341569->344767->341558->341518->341517->341516->341515->342114->563094->646707->342613->341535->343726->343919->338310->339265->338311->339297->339000->339664->338312->338344
static_fuel_dijkstra,t2_yeoksam_hakyeoul,long,peak,8.0,9,587.5441,521.8608,59.1491,700.2245,157.2204,4020.3,4,True,37,7,5,25,338267->340192->338229->338218->339571->338261->341734->341572->339293->338651->562919->562884->613773->613772->339003->339662->341549->342639->563096->342115->563067->342648->342147->341996->341571->341521->342613->341535->343726->343919->338310->339265->338311->339297->339000->339664->338312->338344
static_fuel_dijkstra,t2_yeoksam_hakyeoul,long,peak,8.0,10,609.2591,525.1958,77.379,763.0273,205.6762,4052.5,5,True,37,7,5,25,338267->340192->338229->338218->339571->338261->341734->341572->339293->338651->562919->562884->613773->613772->339003->339662->341549->342639->563096->342115->563067->342636->342147->341996->341571->341521->342613->341535->343726->343919->338310->339265->338311->339297->339000->339664->338312->338344
static_fuel_dijkstra,t2_yeoksam_hakyeoul,long,peak,8.0,11,636.1572,526.2459,102.6094,705.6445,272.7394,4020.3,4,True,37,7,5,25,338267->340192->338229->338218->339571->338261->341734->341572->339293->338651->562919->562884->613773->613772->339003->339662->341549->342639->563096->342115->563067->342648->342147->341996->341571->341521->342613->341535->343726->343919->338310->339265->338311->339297->339000->339664->338312->338344
static_fuel_dijkstra,t2_yeoksam_hakyeoul,long,peak,8.0,12,566.534,506.6619,56.2932,696.6258,149.6294,4268.2,3,True,35,5,5,25,338267->340192->338229->338218->339571->338261->341734->341572->588040->341557->342643->341561->341562->341564->342645->341559->342115->343710->341560->342648->342147->341996->341571->341521->342613->341535->343726->343919->338310->339265->338311->339297->339000->339664->338312->338344
static_fuel_dijkstra,t2_yeoksam_hakyeoul,long,peak,8.0,13,556.0225,479.5581,72.1607,651.7165,191.8057,4020.3,4,True,37,7,5,25,338267->340192->338229->338218->339571->338261->341734->341572->339293->338651->562919->562884->613773->613772->339003->339662->341549->342639->563096->342115->563067->342648->342147->341996->341571->341521->342613->341535->343726->343919->338310->339265->338311->339297->339000->339664->338312->338344
static_fuel_dijkstra,t2_yeoksam_hakyeoul,long,peak,8.0,14,564.7984,499.0316,60.9119,679.0412,161.9061,4018.3,4,True,38,3,3,32,338267->340192->338229->338218->339571->338261->341734->341572->340705->341555->341736->341568->341735->341564->342645->341559->341985->341569->344767->341558->341518->341517->341516->341515->342114->563094->646707->342613->341535->343726->343919->338310->339265->338311->339297->339000->339664->338312->338344
static_fuel_dijkstra,t2_yeoksam_hakyeoul,long,peak,8.0,15,562.7716,525.3079,34.3371,767.2152,91.2693,4263.1,3,True,38,5,5,28,338267->340192->338229->338218->339571->338261->341734->341572->588040->341557->342643->341561->341562->341564->342645->341559->341985->341569->344767->341558->341518->341517->341516->341515->342114->563094->646707->342613->341535->343726->343919->338310->339265->338311->339297->339000->339664->338312->338344
static_fuel_dijkstra,t2_yeoksam_hakyeoul,long,peak,8.0,16,572.6237,542.5949,25.6482,778.4325,68.1739,4236.4,3,True,39,6,5,28,338267->340192->338229->338218->339571->338261->341734->341572->588040->341557->342643->341555->341556->342153->343109->613772->339003->339662->341549->342639->563096->342115->563067->342636->342147->341996->341571->341521->342613->341535->343726->343919->338310->339265->338311->339297->339000->339664->338312->338344
static_fuel_dijkstra,t2_yeoksam_hakyeoul,long,peak,8.0,17,615.4612,538.0212,71.6179,789.711,190.3629,4268.2,3,True,35,5,5,25,338267->340192->338229->338218->339571->338261->341734->341572->588040->341557->342643->341561->341562->341564->342645->341559->342115->343710->341560->342648->342147->341996->341571->341521->342613->341535->343726->343919->338310->339265->338311->339297->339000->339664->338312->338344
static_fuel_dijkstra,t2_yeoksam_hakyeoul,long,peak,8.0,18,566.6685,514.673,46.7225,719.55,124.1901,4221.8,4,True,40,5,5,30,338267->340192->338229->338218->339571->338261->341734->341572->588040->341557->342643->341555->341736->341568->341735->341564->342645->341559->341985->341569->344767->341558->341518->341517->341516->341515->342114->563094->646707->342613->341535->343726->343919->338310->339265->338311->339297->339000->339664->338312->338344
static_fuel_dijkstra,t2_yeoksam_hakyeoul,long,peak,8.0,19,568.6781,491.4531,72.2343,660.0513,192.0015,4020.3,4,True,37,7,5,25,338267->340192->338229->338218->339571->338261->341734->341572->339293->338651->562919->562884->613773->613772->339003->339662->341549->342639->563096->342115->563067->342648->342147->341996->341571->341521->342613->341535->343726->343919->338310->339265->338311->339297->339000->339664->338312->338344
static_fuel_dijkstra,t2_yeoksam_hakyeoul,long,peak,8.0,20,580.4863,511.293,63.3977,685.1521,168.5134,4052.5,4,True,37,7,5,25,338267->340192->338229->338218->339571->338261->341734->341572->339293->338651->562919->562884->613773->613772->339003->339662->341549->342639->563096->342115->563067->342636->342147->341996->341571->341521->342613->341535->343726->343919->338310->339265->338311->339297->339000->339664->338312->338344
static_fuel_dijkstra,t2_yeoksam_hakyeoul,long,peak,8.0,21,560.2985,504.3402,51.6882,707.603,137.3892,4018.3,4,True,38,3,3,32,338267->340192->338229->338218->339571->338261->341734->341572->340705->341555->341736->341568->341735->341564->342645->341559->341985->341569->344767->341558->341518->341517->341516->341515->342114->563094->646707->342613->341535->343726->343919->338310->339265->338311->339297->339000->339664->338312->338344
static_fuel_dijkstra,t2_yeoksam_hakyeoul,long,peak,8.0,22,590.5344,555.9282,29.4306,774.4559,78.2275,4515.7,3,True,41,8,7,26,338267->340192->338229->338218->339094->338258->613662->339651->338651->339293->341572->340705->341555->342643->341561->341562->341564->342645->341559->341985->341569->344767->341558->341518->341517->341516->341515->342114->563094->646707->342613->341535->343726->343919->338310->339265->338311->339297->339000->339664->338312->338344
static_fuel_dijkstra,t2_yeoksam_hakyeoul,long,peak,8.0,23,555.78,496.8038,55.2674,704.7806,146.9029,4020.3,4,True,37,7,5,25,338267->340192->338229->338218->339571->338261->341734->341572->339293->338651->562919->562884->613773->613772->339003->339662->341549->342639->563096->342115->563067->342648->342147->341996->341571->341521->342613->341535->343726->343919->338310->339265->338311->339297->339000->339664->338312->338344
static_fuel_dijkstra,t2_yeoksam_hakyeoul,long,peak,8.0,24,554.7659,501.7554,48.6049,685.9099,129.1935,4033.1,4,True,47,8,5,34,338267->340192->338229->338218->339571->338261->341734->341572->339293->338651->562919->562884->613773->613772->339003->339662->341549->342639->563096->342115->563067->342648->342147->341996->341571->340229->562951->338222->338726->338837->339122->646056->338604->338223->338603->339126->338348->338347->338346->339296->338349->338341->338728->339266->338343->338313->340271->338344
static_fuel_dijkstra,t2_yeoksam_hakyeoul,long,peak,8.0,25,561.5108,499.7434,58.198,695.849,154.6923,4020.3,4,True,37,7,5,25,338267->340192->338229->338218->339571->338261->341734->341572->339293->338651->562919->562884->613773->613772->339003->339662->341549->342639->563096->342115->563067->342648->342147->341996->341571->341521->342613->341535->343726->343919->338310->339265->338311->339297->339000->339664->338312->338344
static_fuel_dijkstra,t2_yeoksam_hakyeoul,long,peak,8.0,26,622.0256,531.96,86.7126,768.2903,230.4852,4204.2,3,True,39,6,5,28,338267->340192->338229->338218->339571->338261->341734->341572->588040->341557->342643->341555->341556->342153->343109->613772->339003->339662->341549->342639->563096->342115->563067->342648->342147->341996->341571->341521->342613->341535->343726->343919->338310->339265->338311->339297->339000->339664->338312->338344
static_fuel_dijkstra,t2_yeoksam_hakyeoul,long,peak,8.0,27,563.1512,508.7956,49.7012,710.559,132.1075,4263.1,3,True,38,5,5,28,338267->340192->338229->338218->339571->338261->341734->341572->588040->341557->342643->341561->341562->341564->342645->341559->341985->341569->344767->341558->341518->341517->341516->341515->342114->563094->646707->342613->341535->343726->343919->338310->339265->338311->339297->339000->339664->338312->338344
static_fuel_dijkstra,t2_yeoksam_hakyeoul,long,peak,8.0,28,562.2032,517.8804,41.0878,731.9836,109.2128,4263.1,3,True,38,5,5,28,338267->340192->338229->338218->339571->338261->341734->341572->588040->341557->342643->341561->341562->341564->342645->341559->341985->341569->344767->341558->341518->341517->341516->341515->342114->563094->646707->342613->341535->343726->343919->338310->339265->338311->339297->339000->339664->338312->338344
static_fuel_dijkstra,t2_yeoksam_hakyeoul,long,peak,8.0,29,575.6922,516.9359,54.9395,701.6416,146.0313,4263.1,3,True,38,5,5,28,338267->340192->338229->338218->339571->338261->341734->341572->588040->341557->342643->341561->341562->341564->342645->341559->341985->341569->344767->341558->341518->341517->341516->341515->342114->563094->646707->342613->341535->343726->343919->338310->339265->338311->339297->339000->339664->338312->338344
static_fuel_dijkstra,t2_yeoksam_hakyeoul,long,peak,8.0,30,576.2147,506.5435,63.8252,692.7639,169.6496,4282.6,4,True,43,6,5,32,338267->340192->338229->338218->339571->338261->339538->338258->613662->339651->338651->339293->341572->340705->341555->341736->341568->341735->341564->342645->341559->341985->341569->344767->341558->341518->341517->341516->341515->342114->563094->646707->342613->341535->343726->343919->338310->339265->338311->339297->339000->339664->338312->338344
static_fuel_dijkstra,t3_sinsa_daechi,long,off_peak,7.0,1,844.2034,738.719,100.0569,886.4873,265.9549,6158.1,5,True,59,10,12,37,341904->342719->342710->342156->342157->342711->342712->342714->342713->342076->341620->341621->342834->343100->342865->342652->342116->341788->341787->563170->341731->341603->341729->341598->342684->341601->343106->343943->342693->341607->344213->343102->341557->342643->341561->341562->341564->342639->563096->342115->563067->342648->342147->341996->341571->340229->562951->338222->338726->338837->339122->646056->338604->338223->338603->339126->338348->338347->338706->338354
static_fuel_dijkstra,t3_sinsa_daechi,long,off_peak,7.0,2,774.0132,725.4977,45.212,899.3028,120.175,6181.4,3,True,56,10,12,34,341904->342719->342710->342156->342157->342711->342712->342714->342713->342076->341620->341621->342834->343100->342865->342652->342116->341788->341787->563170->341731->341603->341729->341598->342684->341601->343106->343943->342693->341607->344213->343102->341557->342643->341561->341562->341564->342645->341559->342115->563067->342636->338199->338198->338222->338726->338837->339122->646056->338604->338223->338603->339126->338348->338347->338706->338354
static_fuel_dijkstra,t3_sinsa_daechi,long,off_peak,7.0,3,819.0663,761.0908,55.1138,865.1684,146.4944,6131.1,3,True,63,12,12,39,341904->342719->342710->342156->342157->342711->342712->342714->342713->342076->341620->341621->342834->343100->342865->342652->342116->341788->341787->563170->341731->341603->341729->341598->342684->341601->343106->343943->342693->341607->344213->343102->341557->588040->341572->339293->338651->562919->562884->613773->613772->339003->339662->341549->342639->563096->342115->563067->342636->338199->338198->338222->338726->338837->339122->646056->338604->338223->338603->339126->338348->338347->338706->338354
static_fuel_dijkstra,t3_sinsa_daechi,long,off_peak,7.0,4,777.1823,708.4116,64.6648,854.5703,171.8813,6181.4,3,True,56,10,12,34,341904->342719->342710->342156->342157->342711->342712->342714->342713->342076->341620->341621->342834->343100->342865->342652->342116->341788->341787->563170->341731->341603->341729->341598->342684->341601->343106->343943->342693->341607->344213->343102->341557->342643->341561->341562->341564->342645->341559->342115->563067->342636->338199->338198->338222->338726->338837->339122->646056->338604->338223->338603->339126->338348->338347->338706->338354
static_fuel_dijkstra,t3_sinsa_daechi,long,off_peak,7.0,5,815.3825,775.6371,35.0933,946.9174,93.2793,6554.1,3,True,67,14,14,39,341904->342719->342710->342156->342157->342711->342712->342714->342713->342076->341620->341621->342834->343100->342865->342652->342116->341788->341787->563170->341731->341603->341729->341598->342684->341601->343106->343943->342693->341607->344213->343102->341557->588040->341572->339293->338651->562919->562884->613773->613772->339003->339662->341549->342639->563096->342115->563067->342636->338199->338198->338222->338726->338837->339122->646056->338604->338223->338605->338597->338197->338925->646201->339126->338348->338347->338706->338354
static_fuel_dijkstra,t3_sinsa_daechi,long,off_peak,7.0,6,764.208,709.7445,52.2136,873.4793,138.7856,6181.4,2,True,56,10,12,34,341904->342719->342710->342156->342157->342711->342712->342714->342713->342076->341620->341621->342834->343100->342865->342652->342116->341788->341787->563170->341731->341603->341729->341598->342684->341601->343106->343943->342693->341607->344213->343102->341557->342643->341561->341562->341564->342645->341559->342115->563067->342636->338199->338198->338222->338726->338837->339122->646056->338604->338223->338603->339126->338348->338347->338706->338354
static_fuel_dijkstra,t3_sinsa_daechi,long,off_peak,7.0,7,800.4913,756.7176,39.3486,911.3336,104.5901,6176.1,2,True,63,14,14,35,341904->342719->342710->342156->342157->342711->342712->342714->342713->342076->341620->341621->342834->343100->342865->342652->342116->341788->341787->563170->341731->341603->341729->341598->342684->341601->343106->343943->342693->341607->344213->343102->341557->588040->341572->339293->338651->562919->562884->613773->613772->339003->339662->341549->339128->339093->338226->338252->338251->646070->338648->338209->339659->338210->613615->338596->338197->338925->646201->339126->338348->338347->338706->338354
static_fuel_dijkstra,t3_sinsa_daechi,long,off_peak,7.0,8,869.0892,791.5257,69.3983,975.2421,184.4633,6140.5,6,True,57,11,13,33,341904->342719->342710->342156->342157->342711->342712->342714->342713->342076->341620->341621->342834->343100->342865->342652->342116->341788->341787->563170->341731->341603->341729->341598->342684->341601->343106->343943->342693->341607->344213->343102->341557->342643->341555->341736->341568->341566->341549->339128->339093->338226->338252->338199->338198->338222->338726->338837->339122->646056->338604->338223->338603->339126->338348->338347->338706->338354
static_fuel_dijkstra,t3_sinsa_daechi,long,off_peak,7.0,9,856.8646,761.1062,89.5007,917.551,237.8961,6122.8,5,True,66,12,12,42,341904->342719->342710->342156->342157->342711->342712->342714->342713->342076->341620->341621->342834->343100->342865->342652->342116->341788->341787->563170->341731->341603->341729->341598->342684->341601->343106->343943->342693->341607->344213->343102->341557->588040->341572->339293->338651->562919->562884->613773->613772->339003->339662->341549->342639->563096->342115->563067->342636->342147->341996->341571->340229->562951->338222->338726->338837->339122->646056->338604->338223->338603->339126->338348->338347->338706->338354
static_fuel_dijkstra,t3_sinsa_daechi,long,off_peak,7.0,10,831.8643,730.102,95.8282,898.2618,254.7148,6140.9,4,True,59,10,12,37,341904->342719->342710->342156->342157->342711->342712->342714->342713->342076->341620->341621->342834->343100->342865->342652->342116->341788->341787->563170->341731->341603->341729->341598->342684->341601->343106->343943->342693->341607->344213->343102->341557->342643->341561->341562->341564->342645->341559->342115->563067->342648->342147->341996->341571->340229->562951->338222->338726->338837->339122->646056->338604->338223->338603->339126->338348->338347->338706->338354
static_fuel_dijkstra,t3_sinsa_daechi,long,off_peak,7.0,11,743.2059,689.5472,50.581,873.1434,134.4462,6181.4,3,True,56,10,12,34,341904->342719->342710->342156->342157->342711->342712->342714->342713->342076->341620->341621->342834->343100->342865->342652->342116->341788->341787->563170->341731->341603->341729->341598->342684->341601->343106->343943->342693->341607->344213->343102->341557->342643->341561->341562->341564->342645->341559->342115->563067->342636->338199->338198->338222->338726->338837->339122->646056->338604->338223->338603->339126->338348->338347->338706->338354
static_fuel_dijkstra,t3_sinsa_daechi,long,off_peak,7.0,12,776.7767,726.2769,46.2013,896.3345,122.8048,6181.4,3,True,56,10,12,34,341904->342719->342710->342156->342157->342711->342712->342714->342713->342076->341620->341621->342834->343100->342865->342652->342116->341788->341787->563170->341731->341603->341729->341598->342684->341601->343106->343943->342693->341607->344213->343102->341557->342643->341561->341562->341564->342645->341559->342115->563067->342636->338199->338198->338222->338726->338837->339122->646056->338604->338223->338603->339126->338348->338347->338706->338354
static_fuel_dijkstra,t3_sinsa_daechi,long,off_peak,7.0,13,752.9044,712.3581,37.504,919.2524,99.687,6181.4,3,True,56,10,12,34,341904->342719->342710->342156->342157->342711->342712->342714->342713->342076->341620->341621->342834->343100->342865->342652->342116->341788->341787->563170->341731->341603->341729->341598->342684->341601->343106->343943->342693->341607->344213->343102->341557->342643->341561->341562->341564->342645->341559->342115->563067->342636->338199->338198->338222->338726->338837->339122->646056->338604->338223->338603->339126->338348->338347->338706->338354
static_fuel_dijkstra,t3_sinsa_daechi,long,off_peak,7.0,14,769.8612,703.8642,62.2016,855.1804,165.334,6181.4,3,True,56,10,12,34,341904->342719->342710->342156->342157->342711->342712->342714->342713->342076->341620->341621->342834->343100->342865->342652->342116->341788->341787->563170->341731->341603->341729->341598->342684->341601->343106->343943->342693->341607->344213->343102->341557->342643->341561->341562->341564->342645->341559->342115->563067->342636->338199->338198->338222->338726->338837->339122->646056->338604->338223->338603->339126->338348->338347->338706->338354
static_fuel_dijkstra,t3_sinsa_daechi,long,off_peak,7.0,15,831.7211,739.2483,86.9956,916.9043,231.2376,6090.6,5,True,66,12,12,42,341904->342719->342710->342156->342157->342711->342712->342714->342713->342076->341620->341621->342834->343100->342865->342652->342116->341788->341787->563170->341731->341603->341729->341598->342684->341601->343106->343943->342693->341607->344213->343102->341557->588040->341572->339293->338651->562919->562884->613773->613772->339003->339662->341549->342639->563096->342115->563067->342648->342147->341996->341571->340229->562951->338222->338726->338837->339122->646056->338604->338223->338603->339126->338348->338347->338706->338354
static_fuel_dijkstra,t3_sinsa_daechi,long,off_peak,7.0,16,838.1634,755.3382,77.3146,948.3632,205.5049,6090.6,3,True,66,12,12,42,341904->342719->342710->342156->342157->342711->342712->342714->342713->342076->341620->341621->342834->343100->342865->342652->342116->341788->341787->563170->341731->341603->341729->341598->342684->341601->343106->343943->342693->341607->344213->343102->341557->588040->341572->339293->338651->562919->562884->613773->613772->339003->339662->341549->342639->563096->342115->563067->342648->342147->341996->341571->340229->562951->338222->338726->338837->339122->646056->338604->338223->338603->339126->338348->338347->338706->338354
static_fuel_dijkstra,t3_sinsa_daechi,long,off_peak,7.0,17,804.2171,736.4197,64.5286,842.8153,171.5193,6181.4,3,True,56,10,12,34,341904->342719->342710->342156->342157->342711->342712->342714->342713->342076->341620->341621->342834->343100->342865->342652->342116->341788->341787->563170->341731->341603->341729->341598->342684->341601->343106->343943->342693->341607->344213->343102->341557->342643->341561->341562->341564->342645->341559->342115->563067->342636->338199->338198->338222->338726->338837->339122->646056->338604->338223->338603->339126->338348->338347->338706->338354
static_fuel_dijkstra,t3_sinsa_daechi,long,off_peak,7.0,18,793.6632,752.2189,39.5083,924.2429,105.0144,6176.1,2,True,63,14,14,35,341904->342719->342710->342156->342157->342711->342712->342714->342713->342076->341620->341621->342834->343100->342865->342652->342116->341788->341787->563170->341731->341603->341729->341598->342684->341601->343106->343943->342693->341607->344213->343102->341557->588040->341572->339293->338651->562919->562884->613773->613772->339003->339662->341549->339128->339093->338226->338252->338251->646070->338648->338209->339659->338210->613615->338596->338197->338925->646201->339126->338348->338347->338706->338354
static_fuel_dijkstra,t3_sinsa_daechi,long,off_peak,7.0,19,842.6204,743.7835,92.3044,901.9465,245.3484,6140.9,5,True,59,10,12,37,341904->342719->342710->342156->342157->342711->342712->342714->342713->342076->341620->341621->342834->343100->342865->342652->342116->341788->341787->563170->341731->341603->341729->341598->342684->341601->343106->343943->342693->341607->344213->343102->341557->342643->341561->341562->341564->342645->341559->342115->563067->342648->342147->341996->341571->340229->562951->338222->338726->338837->339122->646056->338604->338223->338603->339126->338348->338347->338706->338354
static_fuel_dijkstra,t3_sinsa_daechi,long,off_peak,7.0,20,808.2189,750.384,49.6335,876.9006,131.9277,6201.6,4,True,58,12,14,32,341904->342719->342710->342156->342157->342711->342712->342714->342713->342076->341620->341621->342834->343100->342865->342652->342116->341788->341787->563170->341731->341603->341729->341598->342684->341601->343106->343943->342693->341607->344213->343102->341557->342643->341555->341736->341568->341566->341549->339128->339093->338226->338252->338251->646070->338648->338209->339659->338210->613615->338596->338197->338925->646201->339126->338348->338347->338706->338354
static_fuel_dijkstra,t3_sinsa_daechi,long,off_peak,7.0,21,810.8867,751.6253,55.4409,874.2317,147.364,6181.4,3,True,56,10,12,34,341904->342719->342710->342156->342157->342711->342712->342714->342713->342076->341620->341621->342834->343100->342865->342652->342116->341788->341787->563170->341731->341603->341729->341598->342684->341601->343106->343943->342693->341607->344213->343102->341557->342643->341561->341562->341564->342645->341559->342115->563067->342636->338199->338198->338222->338726->338837->339122->646056->338604->338223->338603->339126->338348->338347->338706->338354
static_fuel_dijkstra,t3_sinsa_daechi,long,off_peak,7.0,22,827.0938,778.9925,44.2446,939.4052,117.6037,6286.7,2,True,60,14,15,31,341904->342719->342710->342156->342157->342711->342712->342714->342713->342076->341620->341621->342834->343100->342865->342652->342116->341788->341787->563170->341731->341603->341729->341598->342684->341601->343106->343943->342693->341607->344213->343102->341557->342643->341555->341736->341568->341566->341549->339128->339093->338226->338252->338251->646070->338648->338209->339659->338210->613615->338596->338197->338925->587845->646128->587905->339124->587910->587846->338600->338354
static_fuel_dijkstra,t3_sinsa_daechi,long,off_peak,7.0,23,846.2927,744.8656,92.7368,900.601,246.4979,6158.1,5,True,59,10,12,37,341904->342719->342710->342156->342157->342711->342712->342714->342713->342076->341620->341621->342834->343100->342865->342652->342116->341788->341787->563170->341731->341603->341729->341598->342684->341601->343106->343943->342693->341607->344213->343102->341557->342643->341561->341562->341564->342639->563096->342115->563067->342648->342147->341996->341571->340229->562951->338222->338726->338837->339122->646056->338604->338223->338603->339126->338348->338347->338706->338354
static_fuel_dijkstra,t3_sinsa_daechi,long,off_peak,7.0,24,776.032,718.8731,54.0943,864.7031,143.7847,6181.4,3,True,56,10,12,34,341904->342719->342710->342156->342157->342711->342712->342714->342713->342076->341620->341621->342834->343100->342865->342652->342116->341788->341787->563170->341731->341603->341729->341598->342684->341601->343106->343943->342693->341607->344213->343102->341557->342643->341561->341562->341564->342645->341559->342115->563067->342636->338199->338198->338222->338726->338837->339122->646056->338604->338223->338603->339126->338348->338347->338706->338354
static_fuel_dijkstra,t3_sinsa_daechi,long,off_peak,7.0,25,772.4556,702.8782,65.1234,852.9088,173.1005,6181.4,3,True,56,10,12,34,341904->342719->342710->342156->342157->342711->342712->342714->342713->342076->341620->341621->342834->343100->342865->342652->342116->341788->341787->563170->341731->341603->341729->341598->342684->341601->343106->343943->342693->341607->344213->343102->341557->342643->341561->341562->341564->342645->341559->342115->563067->342636->338199->338198->338222->338726->338837->339122->646056->338604->338223->338603->339126->338348->338347->338706->338354
static_fuel_dijkstra,t3_sinsa_daechi,long,off_peak,7.0,26,786.6004,718.211,63.1282,842.7875,167.7969,6131.1,3,True,63,12,12,39,341904->342719->342710->342156->342157->342711->342712->342714->342713->342076->341620->341621->342834->343100->342865->342652->342116->341788->341787->563170->341731->341603->341729->341598->342684->341601->343106->343943->342693->341607->344213->343102->341557->588040->341572->339293->338651->562919->562884->613773->613772->339003->339662->341549->342639->563096->342115->563067->342636->338199->338198->338222->338726->338837->339122->646056->338604->338223->338603->339126->338348->338347->338706->338354
static_fuel_dijkstra,t3_sinsa_daechi,long,off_peak,7.0,27,756.201,707.5574,43.7752,895.5784,116.3561,6181.4,3,True,56,10,12,34,341904->342719->342710->342156->342157->342711->342712->342714->342713->342076->341620->341621->342834->343100->342865->342652->342116->341788->341787->563170->341731->341603->341729->341598->342684->341601->343106->343943->342693->341607->344213->343102->341557->342643->341561->341562->341564->342645->341559->342115->563067->342636->338199->338198->338222->338726->338837->339122->646056->338604->338223->338603->339126->338348->338347->338706->338354
static_fuel_dijkstra,t3_sinsa_daechi,long,off_peak,7.0,28,742.4548,685.5277,53.1123,868.2287,141.1743,6181.4,3,True,56,10,12,34,341904->342719->342710->342156->342157->342711->342712->342714->342713->342076->341620->341621->342834->343100->342865->342652->342116->341788->341787->563170->341731->341603->341729->341598->342684->341601->343106->343943->342693->341607->344213->343102->341557->342643->341561->341562->341564->342645->341559->342115->563067->342636->338199->338198->338222->338726->338837->339122->646056->338604->338223->338603->339126->338348->338347->338706->338354
static_fuel_dijkstra,t3_sinsa_daechi,long,off_peak,7.0,29,770.767,730.2193,36.4457,913.699,96.8741,6181.4,3,True,56,10,12,34,341904->342719->342710->342156->342157->342711->342712->342714->342713->342076->341620->341621->342834->343100->342865->342652->342116->341788->341787->563170->341731->341603->341729->341598->342684->341601->343106->343943->342693->341607->344213->343102->341557->342643->341561->341562->341564->342645->341559->342115->563067->342636->338199->338198->338222->338726->338837->339122->646056->338604->338223->338603->339126->338348->338347->338706->338354
static_fuel_dijkstra,t3_sinsa_daechi,long,off_peak,7.0,30,768.1124,718.8889,45.3556,892.7956,120.5569,6181.4,3,True,56,10,12,34,341904->342719->342710->342156->342157->342711->342712->342714->342713->342076->341620->341621->342834->343100->342865->342652->342116->341788->341787->563170->341731->341603->341729->341598->342684->341601->343106->343943->342693->341607->344213->343102->341557->342643->341561->341562->341564->342645->341559->342115->563067->342636->338199->338198->338222->338726->338837->339122->646056->338604->338223->338603->339126->338348->338347->338706->338354
static_fuel_dijkstra,t3_sinsa_daechi,long,peak,8.0,1,849.8586,803.9297,44.4172,1110.8898,118.0626,6671.9,2,True,74,8,10,56,341904->342719->342710->343062->563071->340626->341619->563100->341780->341614->341779->341781->341617->341618->341782->341615->340584->341784->341889->341583->342674->342675->342678->341791->341589->340701->563070->342670->340587->646667->646362->341982->342679->341983->342673->646784->646782->341597->344261->341907->341605->341594->343104->341601->343106->343943->342693->341607->344213->343102->341557->342643->341561->341562->341564->342645->341559->342115->563067->342636->338199->338198->338222->338726->338837->339122->646056->338604->338223->338603->339126->338348->338347->338706->338354
static_fuel_dijkstra,t3_sinsa_daechi,long,peak,8.0,2,797.8702,778.9826,17.9123,1012.7305,47.6117,6587.5,1,True,72,9,9,54,341904->342719->342710->343062->563071->340626->341619->563100->341780->341614->341779->341781->341617->341618->341782->341615->340584->341784->341889->341583->341786->341588->341785->342116->342672->340587->646667->646362->341982->342679->341983->342673->646784->646782->341597->344261->341907->341605->341595->343103->341778->341593->344353->342694->563168->341608->341553->341563->341552->342644->342148->342645->341559->342115->343710->341560->342648->563067->342636->338199->338198->562865->339135->338197->338925->587845->646128->587905->339124->587910->587846->338600->338354
static_fuel_dijkstra,t3_sinsa_daechi,long,peak,8.0,3,775.9807,740.1977,33.7509,940.1012,89.7111,6372.3,1,True,75,8,8,59,341904->342719->342710->343062->563071->340626->341619->563100->341780->341614->341779->341781->341617->341618->341782->341615->340584->341784->341889->341583->341786->341588->341785->342116->342672->340587->646667->646362->341982->342679->341983->342673->646784->646782->341597->344261->341907->341605->341594->343104->341601->343106->343943->342693->341607->344213->343102->341557->342643->341555->341556->342153->343109->613772->339003->339662->341549->342639->563096->342115->563067->342636->338199->338198->562865->339135->338197->338925->587845->646128->587905->339124->587910->587846->338600->338354
static_fuel_dijkstra,t3_sinsa_daechi,long,peak,8.0,4,784.2175,757.9206,25.411,988.6455,67.5433,6838.9,1,True,69,10,11,48,341904->342719->342710->343062->563071->340626->341619->563100->341780->341614->341779->341781->341617->341618->341782->341615->340584->341784->341889->341583->342674->342675->342678->341791->341589->341789->340587->646667->646362->341982->342679->341983->342673->646784->646782->341597->341596->341598->342684->341601->343106->343943->342693->341607->344213->343102->341557->342643->341561->341562->341564->342645->341559->342115->563067->342636->338199->338198->562865->339135->338197->338925->587845->646128->587905->339124->587910->587846->338600->338354
static_fuel_dijkstra,t3_sinsa_daechi,long,peak,8.0,5,754.2393,715.1541,37.4588,914.3471,99.5668,6392.4,1,True,69,7,7,55,341904->342719->342710->343062->563071->340626->341619->563100->341780->341614->341779->341781->341617->341618->341782->341615->340584->341784->341889->341583->341786->341588->341785->342116->342672->340587->646667->646362->341982->342679->341983->342673->646784->646782->341597->344261->341907->341605->341595->343103->341778->341593->344353->342694->563168->341608->341553->341563->341561->341562->341564->342639->563096->342115->563067->342636->338199->338198->562865->339135->338197->338925->587845->646128->587905->339124->587910->587846->338600->338354
static_fuel_dijkstra,t3_sinsa_daechi,long,peak,8.0,6,848.7215,754.9604,90.3683,978.4627,240.2022,6383.7,3,True,73,8,9,56,341904->342719->342710->343062->563071->340626->341619->563100->341780->341614->341779->341781->341617->341618->341782->341615->340584->341784->341889->341583->341786->341588->341785->342116->342672->340587->646667->646362->341982->342679->341983->342673->646784->646782->341597->344261->341907->341605->341595->341594->343104->341601->343106->343943->342693->341607->344213->343102->341557->342643->341561->341568->341735->341564->342639->563096->342115->563067->342636->338199->338198->338222->338726->338837->339122->646056->338604->338223->338603->339126->338348->338347->338706->338354
static_fuel_dijkstra,t3_sinsa_daechi,long,peak,8.0,7,846.2862,762.0963,81.7145,1008.6025,217.2001,6379.6,3,True,72,8,9,55,341904->342719->342710->343062->563071->340626->341619->563100->341780->341614->341779->341781->341617->341618->341782->341615->340584->341784->341889->341583->341786->341588->341785->342116->342672->340587->646667->646362->341982->342679->341983->342673->646784->646782->341597->344261->341907->341605->341595->341594->343104->341601->343106->343943->342693->341607->344213->343102->341557->342643->341561->341568->341735->341564->342639->563096->342115->563067->342636->338199->338198->562865->339135->339122->646056->338604->338223->338603->339126->338348->338347->338706->338354
static_fuel_dijkstra,t3_sinsa_daechi,long,peak,8.0,8,837.6657,781.269,54.3387,1085.5251,144.4343,6647.4,2,True,75,9,10,56,341904->342719->342710->343062->563071->340626->341619->563100->341780->341614->341779->341781->341617->341618->341782->341615->340584->341784->341889->341583->342674->342675->342678->341791->341589->341789->340587->646667->646362->341982->342679->341983->342673->646784->646782->341597->341596->341598->342684->341601->343106->343943->342693->341607->344213->343102->341557->342643->341555->341556->342153->343109->613772->339003->339662->341549->342639->563096->342115->563067->342636->338199->338198->338222->338726->338837->339122->646056->338604->338223->338603->339126->338348->338347->338706->338354
static_fuel_dijkstra,t3_sinsa_daechi,long,peak,8.0,9,759.0484,732.7621,25.602,989.5182,68.0511,6656.0,1,True,68,9,10,49,341904->342719->342710->343062->563071->340626->341619->563100->341780->341614->341779->341781->341617->341618->341782->341615->340584->341784->341889->341583->341786->341588->341785->342116->342672->340587->646667->646362->341982->342679->341983->342673->646784->646782->341597->341596->341598->342684->341601->343106->343943->342693->341607->344213->343102->341557->342643->341561->341562->341564->342645->341559->342115->563067->342636->338199->338198->562865->339135->338197->338925->587845->646128->587905->339124->587910->587846->338600->338354
static_fuel_dijkstra,t3_sinsa_daechi,long,peak,8.0,10,780.952,754.6287,25.7946,1028.9853,68.5629,6339.6,1,True,73,8,9,56,341904->342719->342710->343062->563071->340626->341619->563100->341780->341614->341779->341781->341617->341618->341782->341615->340584->341784->341889->341583->341786->341588->341785->342116->342672->340587->646667->646362->341982->342679->341983->342673->646784->646782->341597->344261->341907->341605->341595->341594->343104->341601->343106->343943->342693->341607->344213->343102->341557->342643->341555->341736->341568->341566->341549->342639->563096->342115->563067->342636->338199->338198->562865->339135->338197->338597->338605->338223->338603->339126->338348->338347->338706->338354
static_fuel_dijkstra,t3_sinsa_daechi,long,peak,8.0,11,792.3059,757.5117,33.7739,991.5888,89.7723,6510.7,2,True,73,8,10,55,341904->342719->342710->343062->563071->340626->341619->563100->341780->341614->341779->341781->341617->341618->341782->341615->340584->341784->341889->341583->341786->341588->341785->342116->342672->340587->646667->646362->341982->342679->341983->342673->646784->646782->341597->341596->341598->342684->341601->343106->343943->342693->341607->344213->343102->341557->342643->341561->341568->341735->341564->342639->563096->342115->563067->342648->342147->341996->341571->340229->562951->338222->338726->338837->339122->646056->338604->338223->338603->339126->338348->338347->338706->338354
static_fuel_dijkstra,t3_sinsa_daechi,long,peak,8.0,12,792.7551,771.3763,19.9475,1016.1399,53.0213,6678.5,1,True,72,9,10,53,341904->342719->342710->343062->563071->340626->341619->563100->341780->341614->341779->341781->341617->341618->341782->341615->340584->341784->341889->341583->341786->341588->341785->342116->342672->340587->646667->646362->341982->342679->341983->342673->646784->646782->341597->344261->341907->341605->341906->343105->341598->342684->341601->343106->343943->342693->341607->344213->343102->341557->342643->341561->341562->341564->342645->341559->342115->563067->342636->338199->338198->562865->339135->338197->338925->587845->646128->587905->339124->587910->587846->338600->338354
static_fuel_dijkstra,t3_sinsa_daechi,long,peak,8.0,13,859.5903,780.0603,77.024,1017.3631,204.7325,6532.9,3,True,69,7,9,53,341904->342719->342710->343062->563071->340626->341619->563100->341780->341614->341779->341781->341617->341618->341782->341615->340584->341784->341889->341583->341786->341588->341785->342116->342672->340587->646667->646362->341982->342679->341983->342673->646784->646782->341597->341596->341598->342684->341601->343106->343943->342693->341607->344213->343102->341557->342643->341561->341562->341564->342645->341559->342115->563067->342636->338199->338198->338222->338726->338837->339122->646056->338604->338223->338603->339126->338348->338347->338706->338354
static_fuel_dijkstra,t3_sinsa_daechi,long,peak,8.0,14,774.0826,730.4542,40.8469,928.6514,108.5724,6441.2,2,True,70,7,8,55,341904->342719->342710->343062->563071->340626->341619->563100->341780->341614->341779->341781->341617->341618->341782->341615->340584->341784->341889->341583->341786->341588->341785->342116->342672->340587->646667->646362->341982->342679->341983->342673->646784->646782->341597->344261->341907->341605->341594->341595->343103->341778->341593->344353->342694->563168->341608->341553->341563->341561->341562->341564->342639->563096->342115->563067->342636->338199->338198->562865->339135->338197->338925->587845->646128->587905->339124->587910->587846->338600->338354
static_fuel_dijkstra,t3_sinsa_daechi,long,peak,8.0,15,854.0587,765.6179,86.3042,993.4928,229.3996,6551.2,3,True,70,8,10,52,341904->342719->342710->343062->563071->340626->341619->563100->341780->341614->341779->341781->341617->341618->341782->341615->340584->341784->341889->341583->341786->341588->341785->342116->342672->340587->646667->646362->341982->342679->341983->342673->646784->646782->341597->341596->341598->342684->341601->343106->343943->342693->341607->344213->343102->341557->342643->341561->341568->341735->341564->342639->563096->342115->563067->342636->338199->338198->338222->338726->338837->339122->646056->338604->338223->338603->339126->338348->338347->338706->338354
static_fuel_dijkstra,t3_sinsa_daechi,long,peak,8.0,16,780.9207,759.3671,21.1396,1001.915,56.1898,6656.0,1,True,68,9,10,49,341904->342719->342710->343062->563071->340626->341619->563100->341780->341614->341779->341781->341617->341618->341782->341615->340584->341784->341889->341583->341786->341588->341785->342116->342672->340587->646667->646362->341982->342679->341983->342673->646784->646782->341597->341596->341598->342684->341601->343106->343943->342693->341607->344213->343102->341557->342643->341561->341562->341564->342645->341559->342115->563067->342636->338199->338198->562865->339135->338197->338925->587845->646128->587905->339124->587910->587846->338600->338354
static_fuel_dijkstra,t3_sinsa_daechi,long,peak,8.0,17,851.1693,783.7441,64.818,1054.1062,172.2887,6528.8,3,True,68,7,9,52,341904->342719->342710->343062->563071->340626->341619->563100->341780->341614->341779->341781->341617->341618->341782->341615->340584->341784->341889->341583->341786->341588->341785->342116->342672->340587->646667->646362->341982->342679->341983->342673->646784->646782->341597->341596->341598->342684->341601->343106->343943->342693->341607->344213->343102->341557->342643->341561->341562->341564->342645->341559->342115->563067->342636->338199->338198->562865->339135->339122->646056->338604->338223->338603->339126->338348->338347->338706->338354
static_fuel_dijkstra,t3_sinsa_daechi,long,peak,8.0,18,772.9639,743.2678,27.0219,1000.5686,71.8252,6651.2,2,True,66,10,11,45,341904->342719->342710->343062->563071->340626->341619->563100->341780->341614->341779->341781->341617->341618->341782->341615->340584->341784->341889->341583->342674->342671->342672->340587->646667->646362->341982->342679->341983->342673->646784->646782->341597->341596->341598->342684->341601->343106->343943->342693->341607->344213->343102->341557->342643->341561->341562->341564->342645->341559->342115->563067->342636->338199->338198->562865->339135->338197->338925->587845->646128->587905->339124->587910->587846->338600->338354
static_fuel_dijkstra,t3_sinsa_daechi,long,peak,8.0,19,762.6753,725.8899,35.8253,930.1517,95.2249,6372.3,1,True,75,8,8,59,341904->342719->342710->343062->563071->340626->341619->563100->341780->341614->341779->341781->341617->341618->341782->341615->340584->341784->341889->341583->341786->341588->341785->342116->342672->340587->646667->646362->341982->342679->341983->342673->646784->646782->341597->344261->341907->341605->341594->343104->341601->343106->343943->342693->341607->344213->343102->341557->342643->341555->341556->342153->343109->613772->339003->339662->341549->342639->563096->342115->563067->342636->338199->338198->562865->339135->338197->338925->587845->646128->587905->339124->587910->587846->338600->338354
static_fuel_dijkstra,t3_sinsa_daechi,long,peak,8.0,20,786.2654,762.8629,20.6335,1024.6989,54.8445,6527.1,3,True,66,8,10,48,341904->342719->342710->343062->563071->340626->341619->563100->341780->341614->341779->341781->341617->341618->341782->341615->340584->341784->341889->341583->342674->342671->342672->340587->646667->646362->341982->342679->341983->342673->646784->646782->341597->341596->341598->342684->341601->343106->343943->342693->341607->344213->343102->341557->342643->341561->341562->341564->342645->341559->342115->563067->342636->338199->338198->562865->339135->338197->338597->338605->338223->338603->339126->338348->338347->338706->338354
static_fuel_dijkstra,t3_sinsa_daechi,long,peak,8.0,21,780.906,762.9114,16.1314,1022.7919,42.8777,6651.2,2,True,66,10,11,45,341904->342719->342710->343062->563071->340626->341619->563100->341780->341614->341779->341781->341617->341618->341782->341615->340584->341784->341889->341583->342674->342671->342672->340587->646667->646362->341982->342679->341983->342673->646784->646782->341597->341596->341598->342684->341601->343106->343943->342693->341607->344213->343102->341557->342643->341561->341562->341564->342645->341559->342115->563067->342636->338199->338198->562865->339135->338197->338925->587845->646128->587905->339124->587910->587846->338600->338354
static_fuel_dijkstra,t3_sinsa_daechi,long,peak,8.0,22,849.7281,781.529,66.0475,1050.0536,175.5566,6532.9,3,True,69,7,9,53,341904->342719->342710->343062->563071->340626->341619->563100->341780->341614->341779->341781->341617->341618->341782->341615->340584->341784->341889->341583->341786->341588->341785->342116->342672->340587->646667->646362->341982->342679->341983->342673->646784->646782->341597->341596->341598->342684->341601->343106->343943->342693->341607->344213->343102->341557->342643->341561->341562->341564->342645->341559->342115->563067->342636->338199->338198->338222->338726->338837->339122->646056->338604->338223->338603->339126->338348->338347->338706->338354
static_fuel_dijkstra,t3_sinsa_daechi,long,peak,8.0,23,794.8812,766.6045,27.0253,988.9821,71.8343,6656.0,1,True,68,9,10,49,341904->342719->342710->343062->563071->340626->341619->563100->341780->341614->341779->341781->341617->341618->341782->341615->340584->341784->341889->341583->341786->341588->341785->342116->342672->340587->646667->646362->341982->342679->341983->342673->646784->646782->341597->341596->341598->342684->341601->343106->343943->342693->341607->344213->343102->341557->342643->341561->341562->341564->342645->341559->342115->563067->342636->338199->338198->562865->339135->338197->338925->587845->646128->587905->339124->587910->587846->338600->338354
static_fuel_dijkstra,t3_sinsa_daechi,long,peak,8.0,24,782.8765,769.8973,11.6509,1032.7975,30.9686,6838.9,1,True,69,10,11,48,341904->342719->342710->343062->563071->340626->341619->563100->341780->341614->341779->341781->341617->341618->341782->341615->340584->341784->341889->341583->342674->342675->342678->341791->341589->341789->340587->646667->646362->341982->342679->341983->342673->646784->646782->341597->341596->341598->342684->341601->343106->343943->342693->341607->344213->343102->341557->342643->341561->341562->341564->342645->341559->342115->563067->342636->338199->338198->562865->339135->338197->338925->587845->646128->587905->339124->587910->587846->338600->338354
static_fuel_dijkstra,t3_sinsa_daechi,long,peak,8.0,25,786.7954,770.0331,15.6623,1019.0081,41.631,6838.9,1,True,69,10,11,48,341904->342719->342710->343062->563071->340626->341619->563100->341780->341614->341779->341781->341617->341618->341782->341615->340584->341784->341889->341583->342674->342675->342678->341791->341589->341789->340587->646667->646362->341982->342679->341983->342673->646784->646782->341597->341596->341598->342684->341601->343106->343943->342693->341607->344213->343102->341557->342643->341561->341562->341564->342645->341559->342115->563067->342636->338199->338198->562865->339135->338197->338925->587845->646128->587905->339124->587910->587846->338600->338354
static_fuel_dijkstra,t3_sinsa_daechi,long,peak,8.0,26,836.2151,754.0936,78.736,1010.0169,209.2832,6528.8,3,True,68,7,9,52,341904->342719->342710->343062->563071->340626->341619->563100->341780->341614->341779->341781->341617->341618->341782->341615->340584->341784->341889->341583->341786->341588->341785->342116->342672->340587->646667->646362->341982->342679->341983->342673->646784->646782->341597->341596->341598->342684->341601->343106->343943->342693->341607->344213->343102->341557->342643->341561->341562->341564->342645->341559->342115->563067->342636->338199->338198->562865->339135->339122->646056->338604->338223->338603->339126->338348->338347->338706->338354
static_fuel_dijkstra,t3_sinsa_daechi,long,peak,8.0,27,769.9119,739.2485,29.2435,931.9149,77.7302,6420.1,1,True,76,10,9,57,341904->342719->342710->343062->563071->340626->341619->563100->341780->341614->341779->341781->341617->341618->341782->341615->340584->341784->341889->341583->341786->341588->341785->342116->342672->340587->646667->646362->341982->342679->341983->342673->646784->646782->341597->344261->341907->341605->341595->341594->343104->341601->343106->343943->342693->341607->344213->343102->341557->342643->341555->341556->342153->343109->613772->339003->339662->341549->342639->563096->342115->563067->342636->338199->338198->562865->339135->338197->338925->587845->646128->587905->339124->587910->587846->338600->338354
static_fuel_dijkstra,t3_sinsa_daechi,long,peak,8.0,28,799.3986,777.6762,19.3935,1045.4352,51.5485,6566.1,2,True,64,8,10,46,341904->342719->342710->343062->563071->340626->341619->563100->341780->341614->341779->341781->341617->341618->341782->341615->340584->341784->341889->341583->342674->342671->342672->340587->646667->646362->341982->342679->341983->342673->646784->646782->341597->341596->341598->342684->341601->343106->343943->342693->341607->344213->343102->341557->342643->341561->341562->341564->342645->341559->342115->563067->342636->338199->338198->562865->339135->338197->338925->646201->339126->338348->338347->338706->338354
static_fuel_dijkstra,t3_sinsa_daechi,long,peak,8.0,29,777.0145,749.0967,27.041,984.5662,71.876,6656.0,1,True,68,9,10,49,341904->342719->342710->343062->563071->340626->341619->563100->341780->341614->341779->341781->341617->341618->341782->341615->340584->341784->341889->341583->341786->341588->341785->342116->342672->340587->646667->646362->341982->342679->341983->342673->646784->646782->341597->341596->341598->342684->341601->343106->343943->342693->341607->344213->343102->341557->342643->341561->341562->341564->342645->341559->342115->563067->342636->338199->338198->562865->339135->338197->338925->587845->646128->587905->339124->587910->587846->338600->338354
static_fuel_dijkstra,t3_sinsa_daechi,long,peak,8.0,30,793.9038,756.2433,36.0039,984.8104,95.6996,6488.0,2,True,73,7,9,57,341904->342719->342710->343062->563071->340626->341619->563100->341780->341614->341779->341781->341617->341618->341782->341615->340584->341784->341889->341583->341786->341588->341785->342116->342672->340587->646667->646362->341982->342679->341983->342673->646784->646782->341597->341596->341598->342684->341601->343106->343943->342693->341607->344213->343102->341557->342643->341561->341562->341564->342645->341559->342115->343710->341560->342648->342147->341996->341571->340229->562951->338222->338726->338837->339122->646056->338604->338223->338603->339126->338348->338347->338706->338354
rl_base,t1_seonjeongneung_daechi,long,off_peak,7.0,1,608.3864,460.3323,140.2866,494.8528,372.887,3694.1,5,True,32,4,6,22,341608->341553->341554->341551->342640->342641->341737->341569->341738->563185->563184->563185->341560->342648->342147->341996->341571->340229->562951->338222->338198->562865->339135->339122->646056->338604->338223->338603->339126->338348->338347->338706->338354
rl_base,t1_seonjeongneung_daechi,long,off_peak,7.0,2,604.7005,445.9626,149.2799,470.2851,396.7915,3471.1,6,True,30,4,4,22,341608->341553->341554->341551->342640->342641->341737->341569->341738->563185->341560->342648->342147->341996->341571->340229->562951->338222->338198->562865->339135->339122->646056->338604->338223->338603->339126->338348->338347->338706->338354
rl_base,t1_seonjeongneung_daechi,long,off_peak,7.0,3,420.2676,340.0586,75.6744,413.5231,201.1453,2965.3,3,True,24,3,3,18,341608->341553->341563->341552->342644->342148->342645->341559->342115->563067->342636->338199->338198->562865->339135->339122->646056->338604->338223->338603->339126->338348->338347->338706->338354
rl_base,t1_seonjeongneung_daechi,long,off_peak,7.0,4,738.3117,535.2304,191.9794,641.3514,510.2882,4348.9,6,True,35,4,4,27,341608->341553->341554->341551->342640->342641->341737->341569->341738->563185->341560->342648->342147->341996->341571->341521->342613->341535->343726->343919->338310->339265->338311->646265->338733->339152->338790->339123->338602->338223->338603->339126->338348->338347->338706->338354
rl_base,t1_seonjeongneung_daechi,long,off_peak,7.0,5,579.155,417.1364,153.8799,457.3464,409.0183,3471.1,5,True,30,4,4,22,341608->341553->341554->341551->342640->342641->341737->341569->341738->563185->341560->342648->342147->341996->341571->340229->562951->338222->338198->562865->339135->339122->646056->338604->338223->338603->339126->338348->338347->338706->338354
rl_base,t1_seonjeongneung_daechi,long,off_peak,7.0,6,479.7034,400.2645,74.9536,425.0079,199.2293,3471.1,3,True,30,4,4,22,341608->341553->341554->341551->342640->342641->341737->341569->341738->563185->341560->342648->342147->341996->341571->340229->562951->338222->338198->562865->339135->339122->646056->338604->338223->338603->339126->338348->338347->338706->338354
rl_base,t1_seonjeongneung_daechi,long,off_peak,7.0,7,435.6796,383.7519,48.907,484.5803,129.9966,3441.0,2,True,26,4,4,18,341608->341553->341554->341551->342640->342641->341737->341569->341985->341559->342115->563067->342636->338199->338198->562865->339135->339122->646056->338604->338223->338603->339126->338348->338347->338706->338354
rl_base,t1_seonjeongneung_daechi,long,off_peak,7.0,8,1013.5839,811.3944,191.2795,961.9368,508.4279,6606.4,8,True,58,10,9,39,341608->341553->341554->341551->342640->342641->341775->343989->341774->341547->563166->341548->340707->343666->343075->341543->344196->344513->344195->344515->344512->344198->343076->343667->341548->563166->341547->563165->342628->342630->344181->613852->341538->341551->342640->613995->342644->341552->341562->341564->342645->341559->342115->563067->342636->338199->338198->562865->339135->339122->646056->338604->338223->338603->339126->338348->338347->338706->338354
rl_base,t1_seonjeongneung_daechi,long,off_peak,7.0,9,488.5956,412.2498,72.3075,439.9962,192.196,3471.1,3,True,30,4,4,22,341608->341553->341554->341551->342640->342641->341737->341569->341738->563185->341560->342648->342147->341996->341571->340229->562951->338222->338198->562865->339135->339122->646056->338604->338223->338603->339126->338348->338347->338706->338354
rl_base,t1_seonjeongneung_daechi,long,off_peak,7.0,10,601.5585,483.0173,113.151,565.3201,300.7594,4110.0,4,True,36,5,5,26,341608->341553->341554->341551->342640->613995->342644->341552->341562->341564->342645->341559->341985->341569->341738->563185->341560->342648->342147->341996->341571->340229->562951->338222->338198->562865->339135->339122->646056->338604->338223->338603->339126->338348->338347->338706->338354
rl_base,t1_seonjeongneung_daechi,long,off_peak,7.0,11,591.3479,436.0306,147.8147,472.714,392.897,3471.1,6,True,30,4,4,22,341608->341553->341554->341551->342640->342641->341737->341569->341738->563185->341560->342648->342147->341996->341571->340229->562951->338222->338198->562865->339135->339122->646056->338604->338223->338603->339126->338348->338347->338706->338354
rl_base,t1_seonjeongneung_daechi,long,off_peak,7.0,12,581.2442,426.7355,146.5464,482.5291,389.5256,3471.1,6,True,30,4,4,22,341608->341553->341554->341551->342640->342641->341737->341569->341738->563185->341560->342648->342147->341996->341571->340229->562951->338222->338198->562865->339135->339122->646056->338604->338223->338603->339126->338348->338347->338706->338354
rl_base,t1_seonjeongneung_daechi,long,off_peak,7.0,13,910.8382,688.5265,206.6778,739.9457,549.3571,5386.8,10,True,58,8,7,43,341608->341553->341554->341551->342640->342641->341775->343989->341774->341547->563166->341548->340707->343666->343075->341543->344196->344513->344195->344515->344512->344198->343076->646705->340706->646427->342638->344258->344813->344812->613986->344193->340709->342642->646764->563119->563189->341512->341517->341518->341560->343710->342115->563067->342636->338199->338198->562865->339135->339122->646056->338604->338223->338603->339126->338348->338347->338706->338354
rl_base,t1_seonjeongneung_daechi,long,off_peak,7.0,14,591.1284,421.0214,161.5476,444.3592,429.3993,3513.2,6,True,28,4,4,20,341608->341553->341554->341551->342640->342641->341737->341569->341738->563185->341560->342648->342147->341996->341571->340229->562951->338222->338198->562865->339135->338197->338925->646201->339126->338348->338347->338706->338354
rl_base,t1_seonjeongneung_daechi,long,off_peak,7.0,15,583.2318,419.7549,155.3678,456.6423,412.9733,3471.8,5,True,27,4,4,19,341608->341553->341554->341551->342640->342641->341737->341569->341738->563185->341560->342648->342147->342636->338199->338198->562865->339135->339122->646056->338604->338223->338603->339126->338348->338347->338706->338354
rl_base,t1_seonjeongneung_daechi,long,off_peak,7.0,16,540.6695,431.4533,104.1982,449.5727,276.9627,3471.1,4,True,30,4,4,22,341608->341553->341554->341551->342640->342641->341737->341569->341738->563185->341560->342648->342147->341996->341571->340229->562951->338222->338198->562865->339135->339122->646056->338604->338223->338603->339126->338348->338347->338706->338354
rl_base,t1_seonjeongneung_daechi,long,off_peak,7.0,17,596.5733,430.9728,158.4786,452.8258,421.2417,3471.1,6,True,30,4,4,22,341608->341553->341554->341551->342640->342641->341737->341569->341738->563185->341560->342648->342147->341996->341571->340229->562951->338222->338198->562865->339135->339122->646056->338604->338223->338603->339126->338348->338347->338706->338354
rl_base,t1_seonjeongneung_daechi,long,off_peak,7.0,18,554.1527,434.8433,113.4478,434.7477,301.5483,3446.2,4,True,27,4,4,19,341608->341553->341554->341551->342640->342641->341737->341569->341738->563185->341560->342648->563067->342636->338199->338198->562865->339135->339122->646056->338604->338223->338603->339126->338348->338347->338706->338354
rl_base,t1_seonjeongneung_daechi,long,off_peak,7.0,19,609.5161,435.8496,163.7702,439.456,435.3072,3513.2,6,True,28,4,4,20,341608->341553->341554->341551->342640->342641->341737->341569->341738->563185->341560->342648->342147->341996->341571->340229->562951->338222->338198->562865->339135->338197->338925->646201->339126->338348->338347->338706->338354
rl_base,t1_seonjeongneung_daechi,long,off_peak,7.0,20,494.3625,406.4059,83.3408,410.4178,221.5229,3446.2,3,True,27,4,4,19,341608->341553->341554->341551->342640->342641->341737->341569->341738->563185->341560->342648->563067->342636->338199->338198->562865->339135->339122->646056->338604->338223->338603->339126->338348->338347->338706->338354
rl_base,t1_seonjeongneung_daechi,long,off_peak,7.0,21,426.4093,339.3523,81.2296,408.4357,215.9113,2965.3,3,True,24,3,3,18,341608->341553->341563->341552->342644->342148->342645->341559->342115->563067->342636->338199->338198->562865->339135->339122->646056->338604->338223->338603->339126->338348->338347->338706->338354
rl_base,t1_seonjeongneung_daechi,long,off_peak,7.0,22,831.0197,679.7967,141.5563,778.844,376.2618,5746.8,5,True,46,6,6,34,341608->341553->341554->341551->342640->613995->342644->341552->341562->341564->342645->341559->342115->563067->342636->338199->338198->562865->339135->339122->338837->338726->338222->562951->340229->341571->341521->342613->341535->343726->343919->338310->339265->338311->646265->338733->339152->338790->339123->338602->338223->338603->339126->338348->338347->338706->338354
rl_base,t1_seonjeongneung_daechi,long,off_peak,7.0,23,579.9482,413.989,157.8457,456.4656,419.5596,3471.1,5,True,30,4,4,22,341608->341553->341554->341551->342640->342641->341737->341569->341738->563185->341560->342648->342147->341996->341571->340229->562951->338222->338198->562865->339135->339122->646056->338604->338223->338603->339126->338348->338347->338706->338354
rl_base,t1_seonjeongneung_daechi,long,off_peak,7.0,24,1180.0471,936.3927,232.9602,959.9133,619.2167,7499.8,8,True,61,12,12,37,341608->341553->341554->341565->341777->341608->342649->341592->341591->342631->343819->344184->343820->646558->340583->342072->342614->340597->342633->342626->342629->342630->344181->613852->341538->341776->340710->341565->341554->341551->342640->342641->341737->341569->341738->563185->341560->342648->342147->341996->341571->341521->342613->341535->343726->343919->338310->339265->338311->646265->338733->339152->338790->339123->338602->338223->338603->339126->338348->338347->338706->338354
rl_base,t1_seonjeongneung_daechi,long,off_peak,7.0,25,800.8057,614.0426,175.0628,645.3212,465.3234,4800.4,8,True,45,6,8,31,341608->341553->341554->341551->342640->342641->341737->341569->341738->563185->341560->342648->342147->341996->341571->340229->562951->338222->338198->562865->339135->339122->646056->338604->338223->338602->339123->338790->339152->338733->646265->338311->339297->339000->339664->338312->338343->339266->338728->338341->338349->339296->338346->338347->338706->338354
rl_base,t1_seonjeongneung_daechi,long,off_peak,7.0,26,624.7949,493.1631,124.0414,534.3107,329.7064,3894.1,5,True,34,6,6,22,341608->341553->341554->341551->342640->342641->341737->341569->341738->563185->341560->342648->342147->341996->341571->340229->562951->338222->338198->562865->339135->339122->646056->338604->338223->338605->338597->338197->338925->646201->339126->338348->338347->338706->338354
rl_base,t1_seonjeongneung_daechi,long,off_peak,7.0,27,984.4421,751.2017,214.7568,769.4586,570.8314,5262.5,9,True,51,6,6,39,341608->341553->341554->341551->342640->342641->341737->341569->341738->563185->341560->342648->342147->341996->341571->340229->562951->338222->338198->338199->338224->342071->341571->341521->342613->341535->343726->343919->338310->339265->338311->338769->338324->338779->338324->339669->338324->338769->338311->646265->338733->339152->338790->339123->338602->338223->338603->339126->338348->338347->338706->338354
rl_base,t1_seonjeongneung_daechi,long,off_peak,7.0,28,567.744,404.0426,157.0783,454.4933,417.5199,3471.1,5,True,30,4,4,22,341608->341553->341554->341551->342640->342641->341737->341569->341738->563185->341560->342648->342147->341996->341571->340229->562951->338222->338198->562865->339135->339122->646056->338604->338223->338603->339126->338348->338347->338706->338354
rl_base,t1_seonjeongneung_daechi,long,off_peak,7.0,29,567.5727,414.1383,147.04,487.467,390.8378,3471.1,5,True,30,4,4,22,341608->341553->341554->341551->342640->342641->341737->341569->341738->563185->341560->342648->342147->341996->341571->340229->562951->338222->338198->562865->339135->339122->646056->338604->338223->338603->339126->338348->338347->338706->338354
rl_base,t1_seonjeongneung_daechi,long,off_peak,7.0,30,599.3375,426.7263,165.0111,429.9081,438.6054,3471.1,6,True,30,4,4,22,341608->341553->341554->341551->342640->342641->341737->341569->341738->563185->341560->342648->342147->341996->341571->340229->562951->338222->338198->562865->339135->339122->646056->338604->338223->338603->339126->338348->338347->338706->338354
rl_base,t1_seonjeongneung_daechi,long,peak,8.0,1,1106.8389,884.5,215.1887,1077.61,571.9795,7649.3,7,True,66,14,14,38,341608->342649->341592->341591->342631->343819->342615->342680->342681->341587->342682->342662->342667->341581->342666->342663->342681->342617->646583->342615->343819->344184->343820->646558->340583->342072->342614->340597->342633->342626->342629->342630->344181->613852->341538->341776->340710->341565->341554->341551->342640->342641->341737->341569->341738->563185->341560->342648->342147->341996->341571->340229->562951->338222->338198->562865->339135->338197->338925->646201->646200->646201->339126->338348->338347->338706->338354
rl_base,t1_seonjeongneung_daechi,long,peak,8.0,2,558.9212,418.369,136.1256,587.1717,361.8268,3513.2,5,True,28,4,4,20,341608->341553->341554->341551->342640->342641->341737->341569->341738->563185->341560->342648->342147->341996->341571->340229->562951->338222->338198->562865->339135->338197->338925->646201->339126->338348->338347->338706->338354
rl_base,t1_seonjeongneung_daechi,long,peak,8.0,3,646.7173,537.9045,104.4791,661.5011,277.7092,4546.0,4,True,38,8,6,24,341608->341553->341554->341551->342640->342641->341737->341569->341738->563185->341560->342648->342147->341996->341571->340229->562951->338222->338198->562865->339135->338197->338925->587845->646128->587905->339124->339125->338206->340158->340157->338207->338327->338326->339713->339712->339884->338601->338354
rl_base,t1_seonjeongneung_daechi,long,peak,8.0,4,463.6291,400.3539,58.6637,508.9053,155.9302,3513.2,3,True,28,4,4,20,341608->341553->341554->341551->342640->342641->341737->341569->341738->563185->341560->342648->342147->341996->341571->340229->562951->338222->338198->562865->339135->338197->338925->646201->339126->338348->338347->338706->338354
rl_base,t1_seonjeongneung_daechi,long,peak,8.0,5,481.29,416.2375,61.8301,500.8956,164.3467,3513.2,3,True,28,4,4,20,341608->341553->341554->341551->342640->342641->341737->341569->341738->563185->341560->342648->342147->341996->341571->340229->562951->338222->338198->562865->339135->338197->338925->646201->339126->338348->338347->338706->338354
rl_base,t1_seonjeongneung_daechi,long,peak,8.0,6,531.6732,456.7114,71.2784,612.0711,189.4606,3974.0,4,True,33,5,5,23,341608->341553->341554->341551->342640->342641->341737->341569->344767->341558->563191->341512->341517->341518->341560->343710->342115->563067->342636->338199->338198->338222->338726->338837->339122->646056->338604->338223->338603->339126->338348->338347->338706->338354
rl_base,t1_seonjeongneung_daechi,long,peak,8.0,7,471.5765,402.8878,66.4255,524.546,176.5613,3513.2,2,True,28,4,4,20,341608->341553->341554->341551->342640->342641->341737->341569->341738->563185->341560->342648->342147->341996->341571->340229->562951->338222->338198->562865->339135->338197->338925->646201->339126->338348->338347->338706->338354
rl_base,t1_seonjeongneung_daechi,long,peak,8.0,8,469.1394,402.4728,64.9765,497.9644,172.71,3594.8,2,True,28,5,5,18,341608->341553->341554->341551->342640->342641->341737->341569->341738->563185->341560->342648->342147->341996->341571->340229->562951->338222->338198->562865->339135->338197->338925->646201->339126->338348->338347->338346->338354
rl_base,t1_seonjeongneung_daechi,long,peak,8.0,9,466.0525,403.8679,59.0747,507.9627,157.0227,3513.2,3,True,28,4,4,20,341608->341553->341554->341551->342640->342641->341737->341569->341738->563185->341560->342648->342147->341996->341571->340229->562951->338222->338198->562865->339135->338197->338925->646201->339126->338348->338347->338706->338354
rl_base,t1_seonjeongneung_daechi,long,peak,8.0,10,532.7012,405.6452,121.7232,513.8221,323.5447,3513.2,4,True,28,4,4,20,341608->341553->341554->341551->342640->342641->341737->341569->341738->563185->341560->342648->342147->341996->341571->340229->562951->338222->338198->562865->339135->338197->338925->646201->339126->338348->338347->338706->338354
rl_base,t1_seonjeongneung_daechi,long,peak,8.0,11,590.6257,536.5299,47.8134,676.5503,127.0897,4466.0,4,True,38,6,7,25,341608->341553->341554->341551->342640->342641->342642->646764->563119->563189->563191->341558->341518->341517->341516->341515->342114->563094->646707->342613->341535->343726->343919->338310->339265->338311->646265->338733->339152->338790->339123->338602->338223->338603->339126->338348->338347->338706->338354
rl_base,t1_seonjeongneung_daechi,long,peak,8.0,12,463.0281,396.2436,65.8215,491.818,174.9559,3513.2,2,True,28,4,4,20,341608->341553->341554->341551->342640->342641->341737->341569->341738->563185->341560->342648->342147->341996->341571->340229->562951->338222->338198->562865->339135->338197->338925->646201->339126->338348->338347->338706->338354
rl_base,t1_seonjeongneung_daechi,long,peak,8.0,13,561.6735,404.0863,153.102,530.8456,406.9506,3513.2,5,True,28,4,4,20,341608->341553->341554->341551->342640->342641->341737->341569->341738->563185->341560->342648->342147->341996->341571->340229->562951->338222->338198->562865->339135->338197->338925->646201->339126->338348->338347->338706->338354
rl_base,t1_seonjeongneung_daechi,long,peak,8.0,14,456.5314,389.6272,65.6367,500.6346,174.4647,3513.2,2,True,28,4,4,20,341608->341553->341554->341551->342640->342641->341737->341569->341738->563185->341560->342648->342147->341996->341571->340229->562951->338222->338198->562865->339135->338197->338925->646201->339126->338348->338347->338706->338354
rl_base,t1_seonjeongneung_daechi,long,peak,8.0,15,453.336,393.1957,57.1698,511.4684,151.9595,3488.3,3,True,25,4,4,17,341608->341553->341554->341551->342640->342641->341737->341569->341738->563185->341560->342648->563067->342636->338199->338198->562865->339135->338197->338925->646201->339126->338348->338347->338706->338354
rl_base,t1_seonjeongneung_daechi,long,peak,8.0,16,475.7297,414.8196,57.862,508.9128,153.7992,3513.2,3,True,28,4,4,20,341608->341553->341554->341551->342640->342641->341737->341569->341738->563185->341560->342648->342147->341996->341571->340229->562951->338222->338198->562865->339135->338197->338925->646201->339126->338348->338347->338706->338354
rl_base,t1_seonjeongneung_daechi,long,peak,8.0,17,526.9451,403.9608,118.595,534.1801,315.2297,3513.9,4,True,25,4,4,17,341608->341553->341554->341551->342640->342641->341737->341569->341738->563185->341560->342648->342147->342636->338199->338198->562865->339135->338197->338925->646201->339126->338348->338347->338706->338354
rl_base,t1_seonjeongneung_daechi,long,peak,8.0,18,536.335,418.8918,112.8102,549.1281,299.8537,3513.2,4,True,28,4,4,20,341608->341553->341554->341551->342640->342641->341737->341569->341738->563185->341560->342648->342147->341996->341571->340229->562951->338222->338198->562865->339135->338197->338925->646201->339126->338348->338347->338706->338354
rl_base,t1_seonjeongneung_daechi,long,peak,8.0,19,496.4589,381.221,111.3769,508.8126,296.0438,3444.1,3,True,26,4,4,18,341608->341553->341554->341551->342640->342641->341737->341569->341985->341559->342115->563067->342636->338199->338198->562865->339135->338197->338597->338605->338223->338603->339126->338348->338347->338706->338354
rl_base,t1_seonjeongneung_daechi,long,peak,8.0,20,471.9768,406.5624,61.8353,501.9478,164.3604,3513.2,3,True,28,4,4,20,341608->341553->341554->341551->342640->342641->341737->341569->341738->563185->341560->342648->342147->341996->341571->340229->562951->338222->338198->562865->339135->338197->338925->646201->339126->338348->338347->338706->338354
rl_base,t1_seonjeongneung_daechi,long,peak,8.0,21,532.0304,411.1666,116.2486,542.9205,308.993,3513.2,4,True,28,4,4,20,341608->341553->341554->341551->342640->342641->341737->341569->341738->563185->341560->342648->342147->341996->341571->340229->562951->338222->338198->562865->339135->338197->338925->646201->339126->338348->338347->338706->338354
rl_base,t1_seonjeongneung_daechi,long,peak,8.0,22,586.9982,428.9661,153.1061,530.4912,406.9615,3549.2,5,True,30,4,6,20,341608->341553->341554->341551->342640->342641->341737->341569->341738->563185->341560->342648->342147->341996->341571->340229->562951->338222->338198->562865->339135->338197->338925->646201->646200->646201->339126->338348->338347->338706->338354
rl_base,t1_seonjeongneung_daechi,long,peak,8.0,23,612.6011,500.6613,108.2664,662.6933,287.7759,4459.6,4,True,34,8,4,22,341608->341553->341554->341551->341538->341776->340710->341565->341554->341551->342640->342641->341737->341569->341738->563185->341560->342648->342147->341996->341571->340229->562951->338222->338198->562865->339135->338197->338925->646201->339126->338348->338347->338706->338354
rl_base,t1_seonjeongneung_daechi,long,peak,8.0,24,464.0808,399.7682,60.9413,497.9736,161.9843,3513.2,3,True,28,4,4,20,341608->341553->341554->341551->342640->342641->341737->341569->341738->563185->341560->342648->342147->341996->341571->340229->562951->338222->338198->562865->339135->338197->338925->646201->339126->338348->338347->338706->338354
rl_base,t1_seonjeongneung_daechi,long,peak,8.0,25,517.5149,401.6832,110.7661,528.8167,294.4204,3483.7,3,True,26,4,4,18,341608->341553->341554->341551->342640->342641->341737->341569->341738->563185->341560->343710->342115->563067->342636->338199->338198->562865->339135->338197->338925->646201->339126->338348->338347->338706->338354
rl_base,t1_seonjeongneung_daechi,long,peak,8.0,26,604.4325,502.3677,98.6134,677.1876,262.1181,4459.6,4,True,34,8,4,22,341608->341553->341554->341551->341538->341776->340710->341565->341554->341551->342640->342641->341737->341569->341738->563185->341560->342648->342147->341996->341571->340229->562951->338222->338198->562865->339135->338197->338925->646201->339126->338348->338347->338706->338354
rl_base,t1_seonjeongneung_daechi,long,peak,8.0,27,475.0164,399.6404,69.5248,485.4087,184.7995,3488.3,4,True,25,4,4,17,341608->341553->341554->341551->342640->342641->341737->341569->341738->563185->341560->342648->563067->342636->338199->338198->562865->339135->338197->338925->646201->339126->338348->338347->338706->338354
rl_base,t1_seonjeongneung_daechi,long,peak,8.0,28,467.8915,399.8976,66.479,500.1028,176.7036,3513.2,2,True,28,4,4,20,341608->341553->341554->341551->342640->342641->341737->341569->341738->563185->341560->342648->342147->341996->341571->340229->562951->338222->338198->562865->339135->338197->338925->646201->339126->338348->338347->338706->338354
rl_base,t1_seonjeongneung_daechi,long,peak,8.0,29,463.8167,397.1924,65.5098,505.6194,174.1274,3513.2,2,True,28,4,4,20,341608->341553->341554->341551->342640->342641->341737->341569->341738->563185->341560->342648->342147->341996->341571->340229->562951->338222->338198->562865->339135->338197->338925->646201->339126->338348->338347->338706->338354
rl_base,t1_seonjeongneung_daechi,long,peak,8.0,30,484.108,420.3778,61.095,503.8925,162.3928,3480.7,3,True,29,4,5,20,341608->341777->341565->341554->341551->342640->342641->341737->341569->341738->563185->341560->342648->342147->341996->341571->340229->562951->338222->338198->562865->339135->338197->338925->646201->339126->338348->338347->338706->338354
rl_base,t2_yeoksam_hakyeoul,long,off_peak,7.0,1,893.4246,724.6321,158.5429,857.27,421.4129,5775.6,5,True,55,10,9,36,338267->340192->338229->338218->339571->338261->341734->341572->340705->341555->342643->341561->341562->341552->342644->342148->342645->341559->342115->563067->342648->341560->341518->341517->341516->341515->342114->563094->646707->342613->341535->343726->343919->338310->339265->338311->646265->338733->339152->338790->339123->338602->338223->338603->339126->338348->338347->338346->339296->338349->338341->338728->339266->338343->338312->338344
rl_base,t2_yeoksam_hakyeoul,long,off_peak,7.0,2,920.8068,758.5082,154.3247,856.5751,410.2008,6031.8,4,True,61,14,11,36,338267->340192->338229->338218->339571->338261->341734->341572->340705->341555->342643->341561->341562->341552->342644->342148->342645->341559->342115->563067->342648->341560->341518->341517->341516->341515->342114->563094->646707->342613->341535->343726->343919->338310->339265->338311->646265->338733->339152->339153->562882->562895->562882->339153->339152->338790->339123->338602->338223->338603->339126->338348->338347->338346->339296->338349->338341->338728->339266->338343->338312->338344
rl_base,t2_yeoksam_hakyeoul,long,off_peak,7.0,3,745.92,582.0394,155.4656,658.3616,413.2332,4564.9,7,True,45,7,8,30,338267->340192->338229->338218->339571->338261->341734->341572->340705->341555->342643->341561->341562->341552->342644->342148->342645->341559->342115->563067->342636->338199->338198->338222->338726->338837->339122->646056->338604->338223->338602->339123->338790->339152->338733->646265->338311->339297->339000->339664->338312->338343->338313->338709->338312->338344
rl_base,t2_yeoksam_hakyeoul,long,off_peak,7.0,4,863.9442,701.1786,154.8888,852.2464,411.7001,5775.6,5,True,55,10,9,36,338267->340192->338229->338218->339571->338261->341734->341572->340705->341555->342643->341561->341562->341552->342644->342148->342645->341559->342115->563067->342648->341560->341518->341517->341516->341515->342114->563094->646707->342613->341535->343726->343919->338310->339265->338311->646265->338733->339152->338790->339123->338602->338223->338603->339126->338348->338347->338346->339296->338349->338341->338728->339266->338343->338312->338344
rl_base,t2_yeoksam_hakyeoul,long,off_peak,7.0,5,1906.6213,1610.176,278.2068,1769.6668,739.4839,12260.8,12,True,139,13,25,101,338267->338584->338254->338767->338768->587842->338583->338268->338582->339138->339116->338705->338269->338581->340332->340331->340332->339979->338631->338933->340139->339308->339893->339307->340334->339743->338990->340239->339744->339087->338934->338933->338631->339979->340332->338581->338269->338580->339112->339947->339096->338710->338593->338259->338590->338805->339504->340290->339217->338805->338590->338259->338591->338204->338789->338923->340045->340479->587843->338594->338227->338693->338595->338210->613615->338596->338197->338925->646201->339126->338603->338223->338602->339123->338790->339152->338733->646265->338311->339297->339000->339664->338312->338709->338313->338707->338314->340271->340280->338887->338315->338314->338707->338313->338343->339266->338728->338341->338349->339296->338346->338347->338348->339126->646201->338925->587845->563046->587845->646128->587905->587904->587905->339124->339125->338206->587841->339124->587910->587846->338600->338354->338601->339884->339712->339713->338326->338328->338342->338887->338315->338314->338707->338313->340271->340280->562957->340280->340271->338344
rl_base,t2_yeoksam_hakyeoul,long,off_peak,7.0,6,768.4569,698.4074,63.3622,814.2933,168.4192,5775.6,4,True,55,10,9,36,338267->340192->338229->338218->339571->338261->341734->341572->340705->341555->342643->341561->341562->341552->342644->342148->342645->341559->342115->563067->342648->341560->341518->341517->341516->341515->342114->563094->646707->342613->341535->343726->343919->338310->339265->338311->646265->338733->339152->338790->339123->338602->338223->338603->339126->338348->338347->338346->339296->338349->338341->338728->339266->338343->338312->338344
rl_base,t2_yeoksam_hakyeoul,long,off_peak,7.0,7,881.3592,720.6125,154.0145,849.4338,409.3761,5775.6,5,True,55,10,9,36,338267->340192->338229->338218->339571->338261->341734->341572->340705->341555->342643->341561->341562->341552->342644->342148->342645->341559->342115->563067->342648->341560->341518->341517->341516->341515->342114->563094->646707->342613->341535->343726->343919->338310->339265->338311->646265->338733->339152->338790->339123->338602->338223->338603->339126->338348->338347->338346->339296->338349->338341->338728->339266->338343->338312->338344
rl_base,t2_yeoksam_hakyeoul,long,off_peak,7.0,8,871.957,712.9991,150.9207,853.1426,401.1526,5775.6,5,True,55,10,9,36,338267->340192->338229->338218->339571->338261->341734->341572->340705->341555->342643->341561->341562->341552->342644->342148->342645->341559->342115->563067->342648->341560->341518->341517->341516->341515->342114->563094->646707->342613->341535->343726->343919->338310->339265->338311->646265->338733->339152->338790->339123->338602->338223->338603->339126->338348->338347->338346->339296->338349->338341->338728->339266->338343->338312->338344
rl_base,t2_yeoksam_hakyeoul,long,off_peak,7.0,9,911.9034,714.9754,186.306,878.0528,495.2081,5775.6,6,True,55,10,9,36,338267->340192->338229->338218->339571->338261->341734->341572->340705->341555->342643->341561->341562->341552->342644->342148->342645->341559->342115->563067->342648->341560->341518->341517->341516->341515->342114->563094->646707->342613->341535->343726->343919->338310->339265->338311->646265->338733->339152->338790->339123->338602->338223->338603->339126->338348->338347->338346->339296->338349->338341->338728->339266->338343->338312->338344
rl_base,t2_yeoksam_hakyeoul,long,off_peak,7.0,10,873.5237,724.8133,139.5972,888.2245,371.0545,5775.6,5,True,55,10,9,36,338267->340192->338229->338218->339571->338261->341734->341572->340705->341555->342643->341561->341562->341552->342644->342148->342645->341559->342115->563067->342648->341560->341518->341517->341516->341515->342114->563094->646707->342613->341535->343726->343919->338310->339265->338311->646265->338733->339152->338790->339123->338602->338223->338603->339126->338348->338347->338346->339296->338349->338341->338728->339266->338343->338312->338344
rl_base,t2_yeoksam_hakyeoul,long,off_peak,7.0,11,871.1148,715.8187,146.68,874.1711,389.8808,5775.6,5,True,55,10,9,36,338267->340192->338229->338218->339571->338261->341734->341572->340705->341555->342643->341561->341562->341552->342644->342148->342645->341559->342115->563067->342648->341560->341518->341517->341516->341515->342114->563094->646707->342613->341535->343726->343919->338310->339265->338311->646265->338733->339152->338790->339123->338602->338223->338603->339126->338348->338347->338346->339296->338349->338341->338728->339266->338343->338312->338344
rl_base,t2_yeoksam_hakyeoul,long,off_peak,7.0,12,1123.3606,963.055,149.3882,1060.9344,397.0793,7247.4,6,True,80,16,19,45,338267->338803->613768->338253->613767->613766->338920->646136->338926->339129->339130->646136->338926->338254->339133->338229->338218->339571->338261->341734->341572->340705->341555->342643->341561->341562->341552->342644->342148->342645->341559->342115->563067->342648->341560->341518->341517->341516->341515->342114->563094->646707->342613->341535->343726->343919->338310->339265->338311->646265->338733->339152->338790->339123->338602->338223->338603->339126->338348->338347->338346->339296->338349->338341->338728->339266->338343->338312->338709->338313->338707->338314->340271->340280->338887->338315->338314->338707->338313->340271->338344
rl_base,t2_yeoksam_hakyeoul,long,off_peak,7.0,13,981.994,786.2557,186.4315,1006.0492,495.5416,6322.7,6,True,64,11,10,43,338267->340192->338229->338218->339571->338261->341734->341572->339293->338651->562921->562923->342153->341556->341555->342643->341561->341562->341552->342644->613995->342640->342641->341737->341569->341985->341559->342115->563067->342648->341560->341518->341517->341516->341515->342114->563094->646707->342613->341535->343726->343919->338310->339265->338311->646265->338733->339152->338790->339123->338602->338223->338603->339126->338348->338347->338346->339296->338349->338341->338728->339266->338343->338312->338344
rl_base,t2_yeoksam_hakyeoul,long,off_peak,7.0,14,870.7665,729.3755,133.2121,907.4565,354.0825,5775.6,5,True,55,10,9,36,338267->340192->338229->338218->339571->338261->341734->341572->340705->341555->342643->341561->341562->341552->342644->342148->342645->341559->342115->563067->342648->341560->341518->341517->341516->341515->342114->563094->646707->342613->341535->343726->343919->338310->339265->338311->646265->338733->339152->338790->339123->338602->338223->338603->339126->338348->338347->338346->339296->338349->338341->338728->339266->338343->338312->338344
rl_base,t2_yeoksam_hakyeoul,long,off_peak,7.0,15,921.3468,768.1431,145.4967,896.8001,386.7354,5949.6,5,True,57,10,11,36,338267->340192->338229->338218->339571->338261->341734->341572->340705->341555->342643->341561->341562->341552->342644->342148->342645->341559->342115->563067->342648->341560->341518->341517->341516->341515->342114->563094->646707->342613->341535->343726->343919->338310->339265->338311->646265->646264->646265->338733->339152->338790->339123->338602->338223->338603->339126->338348->338347->338346->339296->338349->338341->338728->339266->338343->338312->338344
rl_base,t2_yeoksam_hakyeoul,long,off_peak,7.0,16,1224.8158,931.8816,277.7826,1039.2811,738.3563,7340.2,8,True,73,12,12,49,338267->340192->338229->338218->339571->338261->341734->341572->340705->341555->342643->341561->341562->341552->342644->342148->342645->341559->342115->563067->342648->341560->341518->341517->341516->341515->342114->563094->646707->342613->341535->343726->343919->338310->339265->338311->646265->338733->339152->338790->339123->338602->338223->338603->339126->338348->338347->338706->338354->338601->339884->339712->339713->338326->338328->338342->338887->338315->338314->340271->340280->562957->340280->338887->338315->338314->338707->338313->338343->338312->338709->338313->338712->338344
rl_base,t2_yeoksam_hakyeoul,long,off_peak,7.0,17,962.8978,844.259,110.3348,977.7454,293.274,6786.4,4,True,71,17,16,38,338267->338585->562917->338230->339134->339069->338253->613767->613766->338920->646136->338926->339129->339130->646136->338926->338254->339133->338229->338218->339571->338261->341734->341572->340705->341555->342643->341561->341562->341552->342644->342148->342645->341559->342115->563067->342648->341560->341518->341517->341516->341515->342114->563094->646707->342613->341535->343726->343919->338310->339265->338311->646265->338733->339152->338790->339123->338602->338223->338603->339126->338348->338347->338346->339296->338349->338341->338728->339266->338343->338312->338344
rl_base,t2_yeoksam_hakyeoul,long,off_peak,7.0,18,1943.7321,1552.5949,369.5686,1745.6313,982.3267,11775.3,15,True,124,23,22,79,338267->340192->338229->338218->339571->338261->341734->341572->340705->341555->342643->341561->341562->341552->342644->342148->342645->341564->342639->341549->339662->339003->613773->613772->343109->342153->562923->562921->338651->339651->613662->338258->339132->338586->338262->339922->340140->339002->338922->646291->338226->338252->338199->338198->338222->338726->338837->339122->646056->338604->338223->338602->339123->338790->339152->338733->646265->338311->339297->339000->339664->338312->338709->338313->338707->338314->340271->340280->338887->338315->338314->338707->338313->338343->339266->338728->338341->338349->339296->338346->338347->338348->339126->646201->338925->587845->563046->587845->646128->587905->587904->587905->339124->339125->338206->587841->339124->587910->587846->338600->338354->338601->339884->339712->339713->338326->339575->338350->338351->587871->338363->338340->613779->613780->613778->613780->338317->339563->340097->338345->338315->338887->340280->340271->338344
rl_base,t2_yeoksam_hakyeoul,long,off_peak,7.0,19,1378.538,1148.2141,217.3202,1296.8717,577.645,8925.7,10,True,97,15,24,58,338267->340192->338229->338218->339571->338261->341734->341572->340705->341555->342643->341561->341562->341552->342644->342148->342645->341559->342115->563067->342636->338199->338198->338222->338726->338837->339122->646056->338604->338223->338602->339123->338790->339152->338733->646265->338311->339297->339000->339664->338312->338343->338313->338707->338314->340271->340280->338887->338315->338314->338707->338313->338343->339266->338728->338341->338349->339296->338346->338347->338348->339126->646201->338925->587845->563046->587845->646128->587905->587904->587905->339124->339125->338206->587841->339124->587910->587846->338600->338354->338706->338347->338346->339296->338349->338341->562897->338341->338728->339266->338343->338313->340271->340280->562957->340280->340271->338344
rl_base,t2_yeoksam_hakyeoul,long,off_peak,7.0,20,925.339,723.5089,190.7568,855.6261,507.0386,5775.6,6,True,55,10,9,36,338267->340192->338229->338218->339571->338261->341734->341572->340705->341555->342643->341561->341562->341552->342644->342148->342645->341559->342115->563067->342648->341560->341518->341517->341516->341515->342114->563094->646707->342613->341535->343726->343919->338310->339265->338311->646265->338733->339152->338790->339123->338602->338223->338603->339126->338348->338347->338346->339296->338349->338341->338728->339266->338343->338312->338344
rl_base,t2_yeoksam_hakyeoul,long,off_peak,7.0,21,861.1057,696.493,154.9381,835.8441,411.8311,5775.6,6,True,55,10,9,36,338267->340192->338229->338218->339571->338261->341734->341572->340705->341555->342643->341561->341562->341552->342644->342148->342645->341559->342115->563067->342648->341560->341518->341517->341516->341515->342114->563094->646707->342613->341535->343726->343919->338310->339265->338311->646265->338733->339152->338790->339123->338602->338223->338603->339126->338348->338347->338346->339296->338349->338341->338728->339266->338343->338312->338344
rl_base,t2_yeoksam_hakyeoul,long,off_peak,7.0,22,1082.4983,793.1754,273.454,895.4389,726.8508,6031.8,8,True,61,14,11,36,338267->340192->338229->338218->339571->338261->341734->341572->340705->341555->342643->341561->341562->341552->342644->342148->342645->341559->342115->563067->342648->341560->341518->341517->341516->341515->342114->563094->646707->342613->341535->343726->343919->338310->339265->338311->646265->338733->339152->339153->562882->562895->562882->339153->339152->338790->339123->338602->338223->338603->339126->338348->338347->338346->339296->338349->338341->338728->339266->338343->338312->338344
rl_base,t2_yeoksam_hakyeoul,long,off_peak,7.0,23,1349.6549,1026.9145,305.3036,1170.0064,811.508,7929.3,13,True,87,11,20,56,338267->340192->338229->338218->339571->338261->341734->341572->340705->341555->341736->341568->341566->341549->339128->339093->338226->338252->338199->338198->338222->338726->338837->339122->646056->338604->338223->338602->339123->338790->339152->338733->646265->338311->339297->339000->339664->338312->338343->339266->338728->338341->338349->339296->338346->338347->338348->339126->646201->338925->587845->563046->587845->646128->587905->587904->587905->339124->339125->338206->587841->339124->587910->587846->338600->338354->338706->338347->338346->339296->338349->338341->338728->339266->338343->338313->338707->338314->340271->340280->338887->338315->338314->338707->338313->338343->338312->338344
rl_base,t2_yeoksam_hakyeoul,long,off_peak,7.0,24,860.8388,704.9778,147.0553,866.4258,390.8782,5775.6,5,True,55,10,9,36,338267->340192->338229->338218->339571->338261->341734->341572->340705->341555->342643->341561->341562->341552->342644->342148->342645->341559->342115->563067->342648->341560->341518->341517->341516->341515->342114->563094->646707->342613->341535->343726->343919->338310->339265->338311->646265->338733->339152->338790->339123->338602->338223->338603->339126->338348->338347->338346->339296->338349->338341->338728->339266->338343->338312->338344
rl_base,t2_yeoksam_hakyeoul,long,off_peak,7.0,25,860.126,695.3987,155.3609,827.3414,412.955,5775.6,5,True,55,10,9,36,338267->340192->338229->338218->339571->338261->341734->341572->340705->341555->342643->341561->341562->341552->342644->342148->342645->341559->342115->563067->342648->341560->341518->341517->341516->341515->342114->563094->646707->342613->341535->343726->343919->338310->339265->338311->646265->338733->339152->338790->339123->338602->338223->338603->339126->338348->338347->338346->339296->338349->338341->338728->339266->338343->338312->338344
rl_base,t2_yeoksam_hakyeoul,long,off_peak,7.0,26,894.4544,759.2009,124.6328,939.4612,331.2784,5801.9,6,True,57,9,8,40,338267->340192->338229->338218->339571->338261->341734->341572->340705->341555->342643->341561->341562->341552->342644->342148->342645->341559->342115->563067->342648->341560->341518->341517->341516->341515->341519->342113->342112->341739->341535->343726->343919->338310->339265->338311->646265->338733->339152->338790->339123->338602->338223->338603->339126->338348->338347->338346->339296->338349->338341->338728->339266->338343->338313->338709->338312->338344
rl_base,t2_yeoksam_hakyeoul,long,off_peak,7.0,27,1260.1983,1017.2877,230.3643,1152.545,612.3167,8042.8,7,True,81,12,20,49,338267->340192->338229->338218->339571->338261->341734->341572->340705->341555->342643->341561->341562->341552->342644->342148->342645->341559->342115->563067->342648->341560->341518->341517->341516->341515->342114->563094->646707->342613->341535->343726->343919->338310->339265->338311->646265->338733->339152->338790->339123->338602->338223->338603->339126->646201->338925->338197->339135->339122->646056->338604->338223->338605->338597->338197->338925->587845->563046->587845->646128->587905->587904->587905->339124->339125->338206->587841->339124->587910->587846->338600->338354->338346->339296->338349->338341->338728->339266->338343->338312->338344
rl_base,t2_yeoksam_hakyeoul,long,off_peak,7.0,28,845.1026,685.7244,151.2932,846.8217,402.1429,5775.6,5,True,55,10,9,36,338267->340192->338229->338218->339571->338261->341734->341572->340705->341555->342643->341561->341562->341552->342644->342148->342645->341559->342115->563067->342648->341560->341518->341517->341516->341515->342114->563094->646707->342613->341535->343726->343919->338310->339265->338311->646265->338733->339152->338790->339123->338602->338223->338603->339126->338348->338347->338346->339296->338349->338341->338728->339266->338343->338312->338344
rl_base,t2_yeoksam_hakyeoul,long,off_peak,7.0,29,1356.6367,1131.1777,208.4377,1301.3116,554.0349,8583.9,11,True,92,16,21,55,338267->340192->338229->338218->339094->338258->339132->338586->338262->339922->340140->339002->338922->646291->338226->338252->338199->338198->338222->338726->338837->339122->646056->338604->338223->338602->339123->338790->339152->338733->646265->338311->339297->339000->339664->339665->339664->338312->338343->338313->338707->338314->340271->340280->338887->338315->338314->338707->338313->338343->339266->338728->338341->338349->339296->338346->338347->338348->339126->646201->338925->587845->563046->587845->646128->587905->587904->587905->339124->339125->338206->587841->339124->587910->587846->338600->338354->338706->338347->338346->339296->338349->338341->338728->339266->338343->338313->340271->340280->562957->340280->340271->338344
rl_base,t2_yeoksam_hakyeoul,long,off_peak,7.0,30,1066.114,872.778,181.5601,1005.589,482.5934,6811.9,7,True,67,12,11,44,338267->340192->338229->338218->339571->338261->341734->341572->340705->341555->342643->341561->341562->341552->342644->342148->342645->341559->342115->563067->342648->341560->341518->341517->341516->341515->342114->563094->646707->342613->341535->341739->342112->342113->341519->341513->341520->343933->343937->343934->341532->341533->344529->343940->339229->338324->338769->338311->646265->338733->339152->338790->339123->338602->338223->338603->339126->338348->338347->338346->339296->338349->338341->338728->339266->338343->338312->338344
rl_base,t2_yeoksam_hakyeoul,long,peak,8.0,1,1222.2358,1007.4217,202.3087,1263.5244,537.744,7675.7,9,True,77,15,20,42,338267->340192->338229->338218->339571->338261->563143->588038->341607->344213->343102->341557->342643->341561->341562->341552->341563->341561->341568->341566->341549->339128->339093->338226->338252->338199->338198->562865->339135->338197->338925->646201->339126->338603->338223->338602->339123->338790->339152->339153->562882->562895->562882->339153->339152->338733->646265->338311->339297->339000->339664->338312->338343->338313->338707->338314->340271->340280->338887->338315->338314->338707->338313->338343->339266->338728->338341->562897->338341->338728->339266->338343->338312->338709->338313->338343->338312->338344
rl_base,t2_yeoksam_hakyeoul,long,peak,8.0,2,681.9928,640.5602,36.0722,859.3369,95.8812,5126.1,4,True,50,6,10,34,338267->340192->338229->338218->339571->338261->341734->341572->340705->341555->342643->341561->341562->341552->342644->342148->342645->341559->342115->563067->342648->341560->341518->341517->341516->341515->342114->563094->646707->342613->341535->343726->343919->338310->339265->338311->339297->339000->339664->338312->338709->338313->340271->340280->338887->338315->338314->338707->338313->338712->338344
rl_base,t2_yeoksam_hakyeoul,long,peak,8.0,3,932.4422,815.1984,110.0347,1048.5281,292.4761,6283.8,6,True,65,9,11,45,338267->340192->338229->338218->339571->338261->341734->341572->340705->341555->341736->341568->341566->341549->339128->339093->338226->338252->338199->338198->562865->339135->339122->646056->646055->646056->338604->338223->338602->339123->338790->339152->338733->646265->338311->339297->339000->339664->338312->338709->338313->338707->338314->340271->340280->338887->338315->338314->338707->338313->338343->339266->338728->338341->562897->338341->338728->339266->338343->338313->340271->340280->562957->340280->340271->338344
rl_base,t2_yeoksam_hakyeoul,long,peak,8.0,4,947.9533,842.1501,99.0892,1098.2784,263.3827,6607.4,5,True,66,10,14,42,338267->340192->338229->338218->339571->338261->341734->341572->340705->341555->342643->341561->341562->341552->342644->342148->342645->341559->342115->563067->342648->341560->341518->341517->341516->341515->342114->563094->646707->342613->341535->343726->343919->338310->339265->338311->339297->339000->339664->338312->338709->338313->338707->338314->340271->340280->338887->338315->338314->338707->338313->338343->339266->338728->338341->562897->338341->338728->339266->338343->338313->340271->340280->562957->340280->340271->338344
rl_base,t2_yeoksam_hakyeoul,long,peak,8.0,5,973.1322,866.6719,97.7402,1107.6728,259.7971,6865.8,5,True,66,10,14,42,338267->340192->338229->338218->339571->338261->341734->341572->340705->341555->342643->341561->341563->341552->342644->342148->342645->341559->342115->563067->342648->341560->341518->341517->341516->341515->342114->563094->646707->342613->341535->343726->343919->338310->339265->338311->339297->339000->339664->338312->338709->338313->338707->338314->340271->340280->338887->338315->338314->338707->338313->338343->339266->338728->338341->562897->338341->338728->339266->338343->338313->340271->340280->562957->340280->340271->338344
rl_base,t2_yeoksam_hakyeoul,long,peak,8.0,6,1298.6509,1052.6327,234.2663,1298.1246,622.6884,8408.0,9,True,98,16,17,65,338267->340192->338229->339133->338254->338926->646136->339130->339129->338926->338254->338767->338768->587842->338583->338268->338582->339138->339116->338705->338269->338581->340332->340331->340332->339979->338631->338933->338934->339307->339893->339308->340139->338933->338934->339307->340334->339743->338990->340239->339744->339087->338934->338933->338631->339979->340332->338581->338269->338580->339112->339947->339096->338710->338593->338259->338590->338805->339217->340290->339504->338805->339217->340290->338840->338839->339503->339477->339478->339479->339480->340320->339728->339312->613624->338622->338256->338621->338727->339001->646223->587844->587841->339124->587910->587846->338600->338354->338346->339296->338349->338341->562897->338341->338728->339266->338343->338312->338344
rl_base,t2_yeoksam_hakyeoul,long,peak,8.0,7,932.3249,831.8935,93.2569,1144.1896,247.8801,6607.4,5,True,66,10,14,42,338267->340192->338229->338218->339571->338261->341734->341572->340705->341555->342643->341561->341562->341552->342644->342148->342645->341559->342115->563067->342648->341560->341518->341517->341516->341515->342114->563094->646707->342613->341535->343726->343919->338310->339265->338311->339297->339000->339664->338312->338709->338313->338707->338314->340271->340280->338887->338315->338314->338707->338313->338343->339266->338728->338341->562897->338341->338728->339266->338343->338313->340271->340280->562957->340280->340271->338344
rl_base,t2_yeoksam_hakyeoul,long,peak,8.0,8,2108.0497,1778.3056,311.1428,2282.7682,827.0288,13697.0,16,True,139,24,26,89,338267->340192->338229->338218->339571->338261->341734->341572->340705->341555->342643->341561->341562->341552->342644->342148->342645->341559->342115->563067->342648->341560->341518->341517->341516->341515->342114->342113->342112->341739->341535->343726->343919->338310->339265->338311->339297->339000->339664->338312->338709->338313->338707->338314->340271->340280->338887->338315->338345->340097->339563->339562->338296->645999->646000->338362->339695->339697->338278->338955->338308->339871->338791->338306->338308->338955->338278->613781->645974->338277->338295->646044->338296->339562->338317->339563->340097->338345->338315->338314->338707->338313->338343->339266->338728->338341->338349->339296->338346->338347->338348->339126->646201->338925->587845->563046->587845->338925->338197->339135->562865->338198->338222->338726->338837->339122->646056->338604->338223->338602->339123->338790->339152->339153->562882->562895->562882->339153->339152->338790->339123->338602->338223->338603->339126->338348->338347->338346->338354->338706->338347->338346->339296->338349->338341->338728->339266->338343->338312->338344
rl_base,t2_yeoksam_hakyeoul,long,peak,8.0,9,1058.0048,966.9604,85.0049,1261.0298,225.946,7873.8,4,True,78,13,18,47,338267->340192->338229->338218->339571->338261->341734->341572->340705->341555->342643->341561->341562->341552->342644->342148->342645->341559->342115->563067->342648->341560->341518->341517->341512->646737->341511->342869->341510->341515->342114->563094->646707->342613->341535->343726->343919->338310->339265->338311->339297->339000->339664->338312->338709->338313->338707->338314->340271->340280->338887->338342->562898->338342->338887->338315->338314->338707->338313->338343->339266->338728->338341->562897->338341->338728->339266->338343->338313->340271->338314->338707->338313->340271->340280->562957->340280->340271->338344
rl_base,t2_yeoksam_hakyeoul,long,peak,8.0,10,921.2666,815.9532,97.6291,1076.0041,259.5017,6475.3,5,True,62,8,12,42,338267->340192->338229->338218->339571->338261->341734->341572->340705->341555->342643->341561->341562->341564->342645->341559->342115->563067->342648->341560->341518->341517->341516->341515->342114->563094->646707->342613->341535->343726->343919->338310->339265->338311->339297->339000->339664->338312->338709->338313->340271->340280->338887->338315->338314->338707->338313->338343->339266->338728->338341->562897->338341->338728->339266->338343->338313->340271->340280->562957->340280->340271->338344
rl_base,t2_yeoksam_hakyeoul,long,peak,8.0,11,991.8049,858.7524,125.7444,1140.0472,334.2333,6608.8,5,True,64,10,15,39,338267->340192->338229->338218->339571->338261->341734->341572->340705->341555->342643->341561->341562->341564->342645->341559->342115->563067->342648->341560->341518->341517->341516->341515->342114->342113->342112->341739->341535->343726->343919->338310->339265->338311->339297->339000->339664->338312->338343->338313->338707->338314->340271->340280->338887->338315->338314->338707->338313->338343->339266->338728->338341->562897->338341->338728->339266->338343->338313->340271->340280->562957->340280->340271->338344
rl_base,t2_yeoksam_hakyeoul,long,peak,8.0,12,1684.7258,1196.5989,463.4065,1421.3575,1231.7513,8508.2,16,True,91,18,14,59,338267->340192->338229->338218->339571->338261->341734->341572->340705->341555->342643->341561->341562->341552->341563->341561->341568->341566->341549->339128->339093->338226->338252->338199->338198->562865->339135->338197->338925->646201->339126->338603->338223->338602->339123->338790->339152->338733->646265->338311->338769->338324->338779->338324->339669->338324->338769->338311->339297->339000->339664->338312->338343->338313->338707->338314->340271->340280->338887->338315->338314->338707->338313->338343->339266->338728->338341->562897->338341->338728->339266->338343->338313->340271->340280->562957->340280->338887->338315->338314->338707->338313->338343->338312->338709->338313->338707->338314->340271->338313->338712->338344
rl_base,t2_yeoksam_hakyeoul,long,peak,8.0,13,970.6245,874.5378,89.8609,1160.9031,238.8537,6626.8,5,True,68,12,14,42,338267->340192->338229->338218->339571->338261->341734->341572->340705->341555->342643->341561->341562->341552->342644->342148->342645->341559->342115->563067->342648->341560->341518->341517->341516->341515->342114->563094->646707->646706->646707->342613->341535->343726->343919->338310->339265->338311->339297->339000->339664->338312->338709->338313->338707->338314->340271->340280->338887->338315->338314->338707->338313->338343->339266->338728->338341->562897->338341->338728->339266->338343->338313->340271->340280->562957->340280->340271->338344
rl_base,t2_yeoksam_hakyeoul,long,peak,8.0,14,1108.2319,987.1761,113.4267,1332.6106,301.4924,7761.6,6,True,81,17,16,48,338267->340192->338229->338218->339571->338261->341734->341572->340705->341555->342643->341557->588040->341572->341734->338261->339538->338258->613662->339651->338651->562921->562923->342153->341556->341555->342643->341561->341562->341552->342644->613995->342640->342641->341737->341569->341985->341559->342115->563067->342648->341560->341518->341517->341516->341515->342114->563094->646707->342613->341535->343726->343919->338310->339265->338311->339297->339000->339664->338312->338343->338313->338707->338314->340271->340280->338887->338315->338314->338707->338313->338343->339266->338728->338341->562897->338341->338728->339266->338343->338312->338344
rl_base,t2_yeoksam_hakyeoul,long,peak,8.0,15,1044.4296,938.2107,99.1421,1241.1805,263.5234,7357.4,5,True,74,12,17,45,338267->340192->338229->338218->339571->338261->341734->341572->340705->341555->342643->341561->341562->341552->342644->342148->342645->341559->342115->563067->342648->341560->341518->341517->341516->341515->342114->563094->646707->342613->341535->343726->343919->338310->339265->338311->339297->339000->339664->338312->338709->338313->338707->338314->340271->340280->338887->338315->338314->338707->338313->338343->339266->338728->338341->562897->338341->338728->339266->338343->338313->340271->340280->562957->340280->340271->338314->338707->338313->340271->340280->562957->340280->340271->338344
rl_base,t2_yeoksam_hakyeoul,long,peak,8.0,16,921.9664,805.096,110.5396,1068.5606,293.8184,6607.4,5,True,66,10,14,42,338267->340192->338229->338218->339571->338261->341734->341572->340705->341555->342643->341561->341562->341552->342644->342148->342645->341559->342115->563067->342648->341560->341518->341517->341516->341515->342114->563094->646707->342613->341535->343726->343919->338310->339265->338311->339297->339000->339664->338312->338709->338313->338707->338314->340271->340280->338887->338315->338314->338707->338313->338343->339266->338728->338341->562897->338341->338728->339266->338343->338313->340271->340280->562957->340280->340271->338344
rl_base,t2_yeoksam_hakyeoul,long,peak,8.0,17,942.7886,835.3083,102.3006,1067.0088,271.9186,6879.8,5,True,72,12,16,44,338267->340192->338229->338218->339571->338261->339538->338258->613662->339651->338651->562921->562923->342153->341556->341555->342643->341561->341562->341552->342644->342148->342645->341559->342115->563067->342648->341560->341518->341517->341516->341515->342114->563094->646707->342613->341535->343726->343919->338310->339265->338311->339297->339000->339664->338312->338709->338313->338707->338314->340271->340280->338887->338315->338314->338707->338313->338343->339266->338728->338341->562897->338341->338728->339266->338343->338313->340271->340280->562957->340280->340271->338344
rl_base,t2_yeoksam_hakyeoul,long,peak,8.0,18,1339.9585,1107.4103,220.9146,1365.9002,587.199,8707.7,10,True,104,22,15,67,338267->340192->338229->339133->338254->338926->646136->339130->339129->338926->338254->338767->338768->587842->338583->338268->338582->339138->339116->338705->338269->338581->340332->340331->340332->339979->338631->338933->338934->339307->339893->340333->339893->339308->340139->338933->338934->339307->340334->340335->340334->339743->338990->340239->339744->339087->338934->338933->338631->339979->340332->338581->338269->338580->339112->339947->339096->338710->338593->338259->338590->338805->339217->340290->339504->338805->339217->340290->339504->338805->339217->340290->338840->338839->339503->339477->339478->339479->339480->340320->339728->339312->613624->338622->338256->338621->338727->339001->646223->587844->587841->339124->587910->587846->338600->338354->338346->339296->338349->338341->338728->339266->338343->338312->338344
rl_base,t2_yeoksam_hakyeoul,long,peak,8.0,19,2130.8566,1874.565,242.9355,2415.3924,645.7315,14728.2,9,True,151,15,45,91,338267->340192->338229->338218->339571->338261->341734->341572->340705->341555->342643->341561->341562->341552->342644->342148->342645->341559->342115->563067->342648->341560->341518->341517->341516->341515->341519->342113->342112->341739->341535->343726->343919->338310->339265->338311->339297->339000->339664->338312->338709->338313->338707->338314->340271->340280->338887->338315->338314->338707->338313->338343->339266->338728->338341->562897->338341->338728->339266->338343->338313->340271->340280->338887->338315->338345->340097->339563->338317->338620->338318->338330->338340->613779->613780->613778->613780->338317->338620->338318->338330->338358->562875->338363->338340->613779->613780->613778->613780->338317->339562->339563->340097->338345->338315->338314->338707->338313->340271->340280->562957->340280->338887->338315->338314->338707->338313->340271->340280->338887->338315->338314->338707->338313->340271->340280->338887->338315->338314->338707->338313->340271->340280->338887->338315->338314->338707->338313->340271->340280->338887->338315->338314->338707->338313->340271->340280->338887->338315->338314->338707->338313->340271->340280->338887->338315->338314->338707->338313->338343->338312->338344
rl_base,t2_yeoksam_hakyeoul,long,peak,8.0,20,943.4666,868.2657,71.3062,1209.3192,189.5346,6607.4,4,True,66,10,14,42,338267->340192->338229->338218->339571->338261->341734->341572->340705->341555->342643->341561->341562->341552->342644->342148->342645->341559->342115->563067->342648->341560->341518->341517->341516->341515->342114->563094->646707->342613->341535->343726->343919->338310->339265->338311->339297->339000->339664->338312->338709->338313->338707->338314->340271->340280->338887->338315->338314->338707->338313->338343->339266->338728->338341->562897->338341->338728->339266->338343->338313->340271->340280->562957->340280->340271->338344
rl_base,t2_yeoksam_hakyeoul,long,peak,8.0,21,1084.9522,912.3584,162.1468,1196.3025,430.992,7402.2,7,True,73,16,12,45,338267->340192->338229->338218->339571->338261->341734->341572->340705->341555->342643->341561->341562->341552->342644->342148->342645->341559->342115->563067->342648->341560->341518->341517->341516->341515->342114->563094->646707->646706->646707->342613->341535->343726->343919->338310->339265->338311->338769->338324->339669->338324->339229->343940->344529->344530->341535->343726->343919->338310->339265->338311->646265->338733->339152->338790->339123->338602->338223->338603->339126->338348->338347->338346->339296->338349->338341->562897->338341->338728->339266->338343->338312->338344
rl_base,t2_yeoksam_hakyeoul,long,peak,8.0,22,925.6311,838.7751,81.8785,1176.4615,217.6361,6607.4,4,True,66,10,14,42,338267->340192->338229->338218->339571->338261->341734->341572->340705->341555->342643->341561->341562->341552->342644->342148->342645->341559->342115->563067->342648->341560->341518->341517->341516->341515->342114->563094->646707->342613->341535->343726->343919->338310->339265->338311->339297->339000->339664->338312->338709->338313->338707->338314->340271->340280->338887->338315->338314->338707->338313->338343->339266->338728->338341->562897->338341->338728->339266->338343->338313->340271->340280->562957->340280->340271->338344
rl_base,t2_yeoksam_hakyeoul,long,peak,8.0,23,920.2267,800.6421,113.3242,1051.1415,301.2197,6607.4,5,True,66,10,14,42,338267->340192->338229->338218->339571->338261->341734->341572->340705->341555->342643->341561->341562->341552->342644->342148->342645->341559->342115->563067->342648->341560->341518->341517->341516->341515->342114->563094->646707->342613->341535->343726->343919->338310->339265->338311->339297->339000->339664->338312->338709->338313->338707->338314->340271->340280->338887->338315->338314->338707->338313->338343->339266->338728->338341->562897->338341->338728->339266->338343->338313->340271->340280->562957->340280->340271->338344
rl_base,t2_yeoksam_hakyeoul,long,peak,8.0,24,964.4935,839.1635,118.1409,1120.9192,314.0228,6602.0,6,True,66,10,14,42,338267->340192->338229->338218->339571->338261->341734->341572->340705->341555->342643->341561->341562->341552->342644->342148->342645->341559->342115->563067->342648->341560->341518->341517->341516->341515->342114->342113->342112->341739->341535->343726->343919->338310->339265->338311->339297->339000->339664->338312->338709->338313->338707->338314->340271->340280->338887->338315->338314->338707->338313->338343->339266->338728->338341->562897->338341->338728->339266->338343->338313->340271->340280->562957->340280->340271->338344
rl_base,t2_yeoksam_hakyeoul,long,peak,8.0,25,955.2678,835.1954,112.3292,1086.0498,298.575,6643.5,5,True,68,10,14,44,338267->340192->338229->338218->339571->338261->341734->341572->340705->341555->342643->341561->341562->341552->342644->342148->342645->341559->342115->563067->342648->341560->341518->341517->341516->341515->342114->342113->342112->341739->341535->343726->343919->338310->339265->338311->339297->339000->339664->338312->338709->338313->338707->338314->340271->340280->338887->338315->338314->338707->338313->338343->339266->338728->338341->562897->338341->338728->339266->338343->338313->340271->340280->562957->340280->340271->338313->338712->338344
rl_base,t2_yeoksam_hakyeoul,long,peak,8.0,26,937.536,809.7735,121.1691,1005.7272,322.072,6607.4,5,True,66,10,14,42,338267->340192->338229->338218->339571->338261->341734->341572->340705->341555->342643->341561->341562->341552->342644->342148->342645->341559->342115->563067->342648->341560->341518->341517->341516->341515->342114->563094->646707->342613->341535->343726->343919->338310->339265->338311->339297->339000->339664->338312->338709->338313->338707->338314->340271->340280->338887->338315->338314->338707->338313->338343->339266->338728->338341->562897->338341->338728->339266->338343->338313->340271->340280->562957->340280->340271->338344
rl_base,t2_yeoksam_hakyeoul,long,peak,8.0,27,924.4536,829.8614,88.4985,1123.6385,235.2323,6931.2,4,True,70,11,15,44,338267->340192->338229->338218->339571->338261->341734->341572->340705->341555->342643->341561->341562->341552->342644->342148->342645->341559->342115->563067->342648->341560->341518->341517->341512->646737->341511->342869->341510->341515->342114->563094->646707->342613->341535->343726->343919->338310->339265->338311->339297->339000->339664->338312->338709->338313->338707->338314->340271->340280->338887->338315->338314->338707->338313->338343->339266->338728->338341->562897->338341->338728->339266->338343->338313->340271->340280->562957->340280->340271->338344
rl_base,t2_yeoksam_hakyeoul,long,peak,8.0,28,986.4075,872.1429,104.1909,1074.0852,276.9433,6607.4,6,True,66,10,14,42,338267->340192->338229->338218->339571->338261->341734->341572->340705->341555->342643->341561->341562->341552->342644->342148->342645->341559->342115->563067->342648->341560->341518->341517->341516->341515->342114->563094->646707->342613->341535->343726->343919->338310->339265->338311->339297->339000->339664->338312->338709->338313->338707->338314->340271->340280->338887->338315->338314->338707->338313->338343->339266->338728->338341->562897->338341->338728->339266->338343->338313->340271->340280->562957->340280->340271->338344
rl_base,t2_yeoksam_hakyeoul,long,peak,8.0,29,613.4481,547.964,61.3167,714.671,162.9819,4522.9,4,True,43,7,7,29,338267->340192->338229->338218->339571->338261->341734->341572->340705->341555->342643->341561->341562->341552->342644->342148->342645->341559->342115->563067->342648->341560->341518->341517->341516->341515->342114->563094->646707->342613->341535->343726->343919->338310->339265->338311->339297->339000->339664->338312->338709->338313->338712->338344
rl_base,t2_yeoksam_hakyeoul,long,peak,8.0,30,931.6894,827.8307,96.9804,1106.7439,257.7776,6607.4,5,True,66,10,14,42,338267->340192->338229->338218->339571->338261->341734->341572->340705->341555->342643->341561->341562->341552->342644->342148->342645->341559->342115->563067->342648->341560->341518->341517->341516->341515->342114->563094->646707->342613->341535->343726->343919->338310->339265->338311->339297->339000->339664->338312->338709->338313->338707->338314->340271->340280->338887->338315->338314->338707->338313->338343->339266->338728->338341->562897->338341->338728->339266->338343->338313->340271->340280->562957->340280->340271->338344
rl_base,t3_sinsa_daechi,long,off_peak,7.0,1,1826.5378,1615.4218,191.5263,1623.5718,509.0837,13310.4,11,True,113,27,17,69,341904->341903->342155->342156->342710->343062->342711->342157->342158->342715->342720->342728->563265->342729->563265->342728->342720->342155->342156->342710->342719->341904->341905->341633->343064->341904->342719->342117->341623->341905->341904->341903->342155->342156->342710->343062->563071->340626->341619->342709->342707->341185->341187->343031->341186->344545->343779->341171->341170->343029->341190->342513->341253->341718->341261->341243->343347->341210->344381->344379->341264->341262->342775->342773->341271->341491->342050->341490->341997->341501->343340->344393->341506->341507->341508->646563->341513->341519->342113->342112->341739->341535->343726->343919->338310->339265->338311->646265->338733->339152->338790->339123->338602->338223->338603->339126->646201->338925->587845->646128->587905->339124->339125->338206->340158->340157->338207->338327->338326->339713->339712->339884->338601->338354
rl_base,t3_sinsa_daechi,long,off_peak,7.0,2,1351.0865,1108.8051,226.0225,1115.6132,600.7759,8202.6,10,True,102,24,16,62,341904->341903->342155->342156->342157->342711->343062->342710->342719->341904->341905->341633->341903->341904->342719->342117->341623->341905->341904->341903->342155->342720->342715->342158->342157->342711->342712->342714->342713->342076->341620->341621->342834->343100->342865->340641->340704->341588->341785->342116->342672->340587->646667->646362->341982->342679->341983->342673->646784->646782->341597->344261->341907->341906->341605->341595->341594->343104->341601->343106->343943->342693->341607->342685->341600->342074->338219->338218->339571->338261->339538->338258->339132->338586->338262->338587->338588->339119->338589->338205->338998->339653->338204->338789->338923->340045->340479->587843->338594->338227->338693->338595->338210->613615->338596->338197->338925->646201->339126->338348->338347->338706->338354
rl_base,t3_sinsa_daechi,long,off_peak,7.0,3,1433.5357,1237.7436,183.9454,1370.2226,488.9335,9665.2,9,True,107,16,22,69,341904->341903->342155->342156->342710->343062->342711->342157->342158->342715->342720->342728->563265->342729->563265->342728->342720->342715->343651->342716->342717->342718->340635->342718->342159->342700->343100->342865->340641->340704->341588->343777->340703->342671->342672->340587->646667->646362->341982->342679->341983->342673->646784->646782->341597->344261->341907->341906->341605->341595->341594->343104->341601->343106->343943->342693->341607->342685->341600->342074->338219->338218->339571->338261->339538->338258->339132->338586->338262->338587->338588->339119->338589->338205->338998->340121->340120->340121->338997->645954->339806->646068->338655->340247->340245->338921->340159->339654->339136->338209->338648->646070->338251->338252->338199->338198->562865->339135->339122->646056->338604->338223->338603->339126->338348->338347->338706->338354
rl_base,t3_sinsa_daechi,long,off_peak,7.0,4,1286.1532,1079.3429,195.6419,1201.9548,520.0234,8652.5,9,True,98,16,15,67,341904->341903->342155->342720->342728->563265->342729->563265->342728->342720->342715->342158->342157->342711->343062->342710->342156->342157->342158->342712->342714->342713->342076->341620->341621->344204->342159->342700->343100->342865->340641->340704->341588->343777->340703->342671->342672->340587->646667->646362->341982->342679->341983->342673->646784->646782->341597->344261->341907->341906->341605->341595->341594->343104->341601->343106->343943->342693->341607->342685->341600->342074->338219->338218->339571->338261->339538->338258->339132->338586->338262->338587->338588->339119->338589->338205->338998->339653->338204->338789->338923->340045->340479->587843->338594->338227->338693->338595->338210->613615->338596->338197->338925->646201->339126->338348->338347->338706->338354
rl_base,t3_sinsa_daechi,long,off_peak,7.0,5,1437.165,1224.2543,201.7149,1317.8907,536.1655,9633.8,8,True,105,15,21,69,341904->341903->342155->342156->342710->343062->342711->342157->342158->342715->342720->342728->563265->342729->563265->342728->342720->342715->343651->342716->342717->342718->340635->342718->342159->342700->343100->342865->340641->340704->341588->341785->342116->342672->340587->646667->646362->341982->342679->341983->342673->646784->646782->341597->344261->341907->341906->341605->341595->341594->343104->341601->343106->343943->342693->341607->342685->341600->342687->342073->339098->340484->338229->339133->338254->338767->338768->587842->338583->338268->338582->339138->339116->338705->338269->338580->339112->339947->339096->338710->338991->339115->338205->338998->339653->338204->338789->338923->340045->340479->587843->338594->338227->338693->338595->338210->613615->338596->338197->338925->646201->339126->338348->338347->338706->338354
rl_base,t3_sinsa_daechi,long,off_peak,7.0,6,1352.477,1157.712,185.9895,1366.912,494.3667,9428.4,7,True,103,19,24,60,341904->341903->342155->342156->342710->343062->342711->342157->342158->342715->342720->342728->563265->342729->563265->342728->342720->342715->343651->342716->342717->342718->340635->342718->342159->342700->343100->342865->340641->340704->341588->341786->341583->342674->342671->340702->341790->341589->340701->563070->342670->646668->646669->342669->563097->342673->646784->646782->341597->344261->341907->341906->341605->341595->343103->341778->341593->646355->341601->343106->343943->342693->341607->342685->341600->342074->338219->338218->339571->338261->339538->338258->613662->339651->338651->562921->562923->342153->341556->341555->341736->341568->341566->341549->339128->339093->338226->338252->338251->646070->338648->338209->339659->338210->613615->338596->338197->338925->646201->339126->338348->338347->338706->338354
rl_base,t3_sinsa_daechi,long,off_peak,7.0,7,1335.3035,1099.9757,223.4185,1262.2613,593.8545,8566.7,10,True,95,14,19,62,341904->341903->342155->342156->342710->343062->342711->342157->342158->342715->342720->342728->563265->342729->563265->342728->342720->342715->343651->342716->342717->342718->340635->342718->342159->342700->343100->342865->340641->340704->341588->341785->342116->342672->340587->646667->646362->341982->342679->341983->342673->646784->646782->341597->344261->341907->341906->341605->341595->341594->343104->341601->343106->343943->342693->341607->342685->341600->342074->338219->338218->339571->338261->339538->338258->339132->338586->338262->338587->338588->339119->338589->338205->338998->339653->338204->338789->338923->340045->340479->587843->338594->338227->338693->338595->338210->613615->338596->338197->338925->646201->339126->338348->338347->338706->338354
rl_base,t3_sinsa_daechi,long,off_peak,7.0,8,1583.0409,1325.2164,242.61,1466.1739,644.8663,10601.3,10,True,115,22,23,70,341904->341903->342155->342156->342710->343062->342711->342157->342158->342715->342720->342728->563265->342729->563265->342728->342720->342715->343651->342716->342717->342718->340635->342718->342159->342700->343100->342865->340641->340704->341588->341785->342116->342672->340587->646667->646362->341982->342679->342651->342679->341983->342673->646784->646782->341597->344261->341907->341906->341605->341595->341594->343104->341601->343106->343943->342693->341607->342685->341600->342074->338219->338218->339571->338261->339538->338258->339132->338586->338262->338587->338588->339119->338589->338205->338998->339653->338204->338789->338923->340045->340479->587843->338594->338227->338693->338595->338210->613615->338596->338197->338925->646201->339126->338603->338223->338605->338597->338197->338925->587845->646128->587905->339124->339125->338206->340158->340157->338207->338327->338326->339713->339712->339884->338601->338354
rl_base,t3_sinsa_daechi,long,off_peak,7.0,9,1311.6169,1131.0064,167.327,1270.1087,444.7612,8869.0,7,True,100,14,23,63,341904->341903->342155->342156->342710->343062->342711->342157->342158->342715->342720->342728->563265->342729->563265->342728->342720->342715->343651->342716->342717->342718->340635->342718->342159->342700->343100->342865->340641->340704->341588->341785->342116->342672->340587->646667->646362->341982->342679->341983->342673->646784->646782->341597->344261->341907->341906->341605->341595->341594->341605->341595->343103->341778->341593->646355->341601->343106->343943->342693->341607->342685->341600->342074->338219->338218->339571->338261->339538->338258->339132->338586->338262->338587->338588->339119->338589->338205->338998->339653->338204->338789->338923->340045->340479->587843->338594->338227->338693->338595->338210->613615->338596->338197->338925->646201->339126->338348->338347->338706->338354
rl_base,t3_sinsa_daechi,long,off_peak,7.0,10,1842.9992,1621.5227,205.2518,1880.4789,545.5667,12745.5,12,True,113,17,19,77,341904->341903->342155->342156->342710->343062->563071->340626->341619->342709->342707->341185->343022->343065->341180->344301->341181->342013->341628->341971->341626->344384->342727->587968->342727->344384->341626->341628->342013->343060->341181->342013->341627->343060->342013->341627->343060->342013->341181->344301->588048->588045->341182->341179->341178->341183->341185->341187->343031->341186->344545->344544->344545->343779->341171->341170->343029->341190->342513->341253->341718->341261->341243->343347->341210->344381->344379->341264->341262->342775->342776->340602->342772->563248->613949->344742->646964->344746->344745->341980->646358->341490->341997->341501->343340->344393->341506->341507->341508->646563->341513->341519->342113->342112->341739->341535->343726->343919->338310->339265->338311->646265->338733->339152->338790->339123->338602->338223->338603->339126->338348->338347->338706->338354
rl_base,t3_sinsa_daechi,long,off_peak,7.0,11,1661.119,1469.4515,174.391,1542.6799,463.5375,12126.7,10,True,98,21,15,62,341904->341903->342155->342156->342710->343062->342711->342157->342158->342715->342720->342728->563265->342729->563265->342728->342720->342155->342156->342710->342719->341904->341905->341633->343064->341904->342719->342117->341623->341905->341904->341903->342155->342156->342710->343062->563071->340626->341619->342709->342707->341185->341187->343031->341186->344545->343779->341171->341170->343029->341190->342513->341253->341718->341261->341243->341220->343352->343351->343348->341270->341271->341491->342050->341490->341997->341501->343340->344393->341506->341507->341508->646563->341513->341519->342113->342112->341739->341535->343726->343919->338310->339265->338311->646265->646264->646265->338733->339152->338790->339123->338602->338223->338603->339126->338348->338347->338706->338354
rl_base,t3_sinsa_daechi,long,off_peak,7.0,12,1484.7453,1324.9066,148.4092,1448.2652,394.4771,10371.3,6,True,111,21,27,63,341904->341903->342155->342156->342710->343062->342711->342157->342158->342715->342720->342728->563265->342729->563265->342728->342720->342715->343651->342716->342717->342718->343098->342718->342159->342700->343100->342865->340641->340704->341588->341785->342116->342672->340587->646667->646362->341982->342679->341983->342673->646784->646782->341597->344261->341907->341906->341605->341595->341594->341605->341595->343103->341778->341593->646355->341601->343106->343943->342693->341607->342685->341600->342074->338219->338218->339571->338261->339538->338258->613662->339651->338651->562921->562923->342153->341556->341555->341736->341568->341566->341549->339128->339093->338226->338252->338251->646070->338648->338209->339659->338210->613615->338596->338197->338925->587845->646128->587905->339124->339125->338206->340158->340157->338207->338327->338326->339713->339712->339884->338601->338354
rl_base,t3_sinsa_daechi,long,off_peak,7.0,13,1728.1007,1434.7985,270.584,1560.8942,719.2221,11802.6,12,True,97,19,23,55,341904->341903->342155->342156->342710->343062->342711->342157->342158->342715->342720->342728->563265->342729->563265->342728->342720->342715->343651->342716->342717->342718->340635->342718->342159->342700->343100->342865->340641->340704->341588->341785->342116->342672->340587->341789->341589->341790->340702->342671->342672->342116->342652->342865->341611->341583->342674->342675->342678->342667->342662->342682->341587->341793->342664->341792->341581->342666->342663->342681->342617->646583->342615->343819->342631->341591->341592->342649->341608->341553->341554->341551->342640->342641->342642->646764->563119->563189->341512->341517->341518->341560->343710->342115->563067->342636->338199->338198->562865->339135->338197->338925->646201->339126->338348->338347->338706->338354
rl_base,t3_sinsa_daechi,long,off_peak,7.0,14,1388.2785,1215.739,161.0171,1427.764,427.9894,10526.7,7,True,102,20,20,62,341904->341903->342155->342156->342710->343062->342711->342157->342158->342712->342714->342713->342076->341620->341621->342834->343100->342865->340641->340704->341588->341785->342116->342672->340587->646667->646362->341982->342679->341983->342673->646784->646782->341597->344261->341907->341906->341605->341595->341594->343104->341601->343106->343943->342693->341607->342685->341600->342074->338219->338218->339571->338261->341734->341572->340705->341555->342643->341561->341562->341552->341563->341553->341554->341551->342640->342641->342642->646764->563119->563189->563191->341558->341518->341517->341516->341511->342869->341510->341515->342114->563094->646707->342613->341535->343726->343919->338310->339265->338311->646265->338733->339152->338790->339123->338602->338223->338603->339126->338348->338347->338706->338354
rl_base,t3_sinsa_daechi,long,off_peak,7.0,15,1282.4445,1096.344,175.882,1253.1202,467.5007,8971.5,8,True,96,16,22,58,341904->341903->342155->342156->342710->343062->342711->342157->342158->342715->342720->342728->563265->342729->563265->342728->342720->342715->343651->342716->342717->342718->340635->342718->342159->342700->343100->342865->340641->340704->341588->341785->342116->341788->341787->563170->341731->341603->341730->646623->341984->341732->342691->341733->341602->338230->339134->339069->338253->613768->613766->338920->646136->338926->339129->339130->646136->338926->338254->339133->338229->338218->339571->338261->339538->338258->339132->338586->338262->338587->338588->339119->338589->338205->338998->339653->338204->338789->338923->340045->340479->587843->338594->338227->338693->338595->338210->613615->338596->338197->338925->646201->339126->338348->338347->338706->338354
rl_base,t3_sinsa_daechi,long,off_peak,7.0,16,1279.2875,1066.389,200.4272,1192.3987,532.7427,8566.7,9,True,95,14,19,62,341904->341903->342155->342156->342710->343062->342711->342157->342158->342715->342720->342728->563265->342729->563265->342728->342720->342715->343651->342716->342717->342718->340635->342718->342159->342700->343100->342865->340641->340704->341588->341785->342116->342672->340587->646667->646362->341982->342679->341983->342673->646784->646782->341597->344261->341907->341906->341605->341595->341594->343104->341601->343106->343943->342693->341607->342685->341600->342074->338219->338218->339571->338261->339538->338258->339132->338586->338262->338587->338588->339119->338589->338205->338998->339653->338204->338789->338923->340045->340479->587843->338594->338227->338693->338595->338210->613615->338596->338197->338925->646201->339126->338348->338347->338706->338354
rl_base,t3_sinsa_daechi,long,off_peak,7.0,17,1298.1122,1085.7946,200.3156,1184.5654,532.4461,8527.7,9,True,97,13,18,66,341904->341903->342155->342156->342710->343062->342711->342157->342158->342715->342720->342728->563265->342729->563265->342728->342720->342715->343651->342716->342717->342718->340635->342718->342159->342700->343100->342865->340641->340704->341588->341785->342116->342672->340587->646667->646362->341982->342679->341983->342673->646784->646782->341597->344261->341907->341906->341605->341595->341594->343104->341601->343106->343943->342693->341607->342685->341600->342074->338219->338218->339571->338261->339538->338258->339132->338586->338262->338587->338588->339119->338589->338205->338998->339653->338204->338789->338923->340045->340479->587843->338594->338227->338693->338595->338210->613615->338596->338197->338597->338605->338223->338603->339126->338348->338347->338706->338354
rl_base,t3_sinsa_daechi,long,off_peak,7.0,18,1266.921,1073.4387,184.3203,1225.5333,489.93,8593.3,7,True,94,16,20,58,341904->341903->342155->342156->342710->343062->342711->342157->342158->342715->342720->342728->563265->342729->563265->342728->342720->342715->343651->342716->342717->342718->340635->342718->342159->342700->343100->342865->340641->340704->341588->341785->342116->342672->340587->646667->646362->341982->342679->341983->342673->646784->646782->341597->344261->341907->341906->341605->341595->341594->343104->341601->343106->343943->342693->341607->342685->341600->342074->338219->338218->339571->338261->341734->341572->340705->341555->341556->342153->343109->613772->613773->339003->339662->341549->339128->339093->338226->338252->338251->646070->338648->338209->339659->338210->613615->338596->338197->338925->646201->339126->338348->338347->338706->338354
rl_base,t3_sinsa_daechi,long,off_peak,7.0,19,1358.3191,1210.7106,134.6199,1365.0967,357.8245,9633.8,9,True,105,15,21,69,341904->341903->342155->342156->342710->343062->342711->342157->342158->342715->342720->342728->563265->342729->563265->342728->342720->342715->343651->342716->342717->342718->340635->342718->342159->342700->343100->342865->340641->340704->341588->341785->342116->342672->340587->646667->646362->341982->342679->341983->342673->646784->646782->341597->344261->341907->341906->341605->341595->341594->343104->341601->343106->343943->342693->341607->342685->341600->342687->342073->339098->340484->338229->339133->338254->338767->338768->587842->338583->338268->338582->339138->339116->338705->338269->338580->339112->339947->339096->338710->338991->339115->338205->338998->339653->338204->338789->338923->340045->340479->587843->338594->338227->338693->338595->338210->613615->338596->338197->338925->646201->339126->338348->338347->338706->338354
rl_base,t3_sinsa_daechi,long,off_peak,7.0,20,1310.082,1142.8004,157.6866,1300.149,419.1366,9353.0,7,True,103,17,21,65,341904->341903->342155->342156->342710->343062->342711->342157->342158->342715->342720->342728->563265->342729->563265->342728->342720->342715->343651->342716->342717->342718->340635->342718->342159->342700->343100->342865->340641->340704->341588->341785->342116->342672->340587->646667->646362->341982->342679->341983->342673->646784->646782->341597->563098->342151->563301->341593->341778->343103->341595->341605->341906->341907->344261->341597->341596->341598->342684->341601->343106->343943->342693->341607->342685->341600->342074->338219->338218->339571->338261->339538->338258->339132->338586->338262->338587->338588->339119->338589->338205->338998->339653->338204->338789->338923->340045->340479->587843->338594->338227->338693->338595->338210->613615->338596->338197->338925->646201->339126->338348->338347->338706->338354
rl_base,t3_sinsa_daechi,long,off_peak,7.0,21,1499.1747,1336.4322,147.7257,1449.0135,392.6603,10557.9,8,True,116,21,25,70,341904->341903->342155->342156->342710->343062->342711->342157->342158->342715->342720->342728->563265->342729->563265->342728->342720->342715->343651->342716->342717->342718->340635->342718->342159->342700->343100->342865->340641->340704->341588->341785->342116->342652->342865->341611->341583->342674->342671->340702->341790->341589->340701->563070->342670->646668->646669->342669->563097->342673->646784->646782->341597->344261->341907->341906->341605->341595->341594->343104->341601->343106->343943->342693->341607->342685->341600->342074->338219->338218->339571->338261->339538->338258->339132->338586->338262->338587->338588->339119->338589->338205->338998->339653->645973->339653->338204->338789->338923->340045->340479->587843->338594->338227->338693->338595->338210->613615->338596->338197->338925->587845->646128->587905->339124->339125->338206->340158->340157->338207->338327->338326->339713->339712->339884->338601->338354
rl_base,t3_sinsa_daechi,long,off_peak,7.0,22,1340.8516,1109.8731,221.9858,1265.4051,590.0464,8920.2,7,True,98,17,21,60,341904->343064->341633->341903->342155->342156->342710->343062->342711->342157->342158->342715->342720->342728->563265->342729->563265->342728->342720->342715->343651->342716->342717->342718->340635->342718->342159->342700->343100->342865->340641->340704->341588->341785->342116->342672->340587->646667->646362->341982->342679->341983->342673->646784->646782->341597->344261->341907->341906->341605->341595->341594->343104->341601->343106->343943->342693->341607->342685->341600->342074->338219->338218->339571->338261->339538->338258->613662->339651->338651->562921->562923->342153->341556->341555->341736->341568->341566->341549->339128->339093->338226->338252->338251->646070->338648->338209->339659->338210->613615->338596->338197->338925->646201->339126->338348->338347->338706->338354
rl_base,t3_sinsa_daechi,long,off_peak,7.0,23,1678.9668,1446.2877,213.8504,1427.3121,568.4222,11704.3,11,True,92,22,14,56,341904->341903->342155->342156->342710->343062->342711->342157->342158->342715->342720->342155->342156->342710->342719->341904->341905->341633->341903->341904->342719->342117->341623->341905->341904->341903->342155->342156->342710->343062->563071->340626->341619->342709->342707->341185->341187->343031->341186->343030->341186->344545->343779->341171->341170->343029->341190->342513->341253->341718->341261->341243->341220->343352->343351->343348->341270->341271->341491->342050->341490->341997->341501->343340->344393->341506->341507->341508->646563->341513->341519->342113->342112->341739->341535->343726->343919->338310->339265->338311->646265->338733->339152->338790->339123->338602->338223->338603->339126->338348->338347->338706->338354
rl_base,t3_sinsa_daechi,long,off_peak,7.0,24,1631.9118,1457.2368,159.841,1574.6061,424.8633,12780.0,8,True,97,24,12,61,341904->341903->342155->342156->342710->343062->342711->342157->342158->342715->342720->342728->563265->342729->563265->342728->342720->342155->342156->342710->342719->341904->341905->341633->343064->341904->342719->342117->341623->341905->341904->341903->342155->342156->342710->343062->563071->340626->341619->342709->342707->341185->341187->343031->341186->344545->343779->341171->341170->343029->341190->342513->341253->341718->341261->341243->343380->343350->343345->343352->343351->343348->341270->341271->341491->342050->341490->341997->341501->343340->344393->341506->341507->646429->341520->343933->343937->341532->341533->344529->343940->339229->338324->338769->338311->646265->338733->339152->338790->339123->338602->338223->338603->339126->338348->338347->338706->338354
rl_base,t3_sinsa_daechi,long,off_peak,7.0,25,1235.0299,1054.8834,173.6757,1151.1927,461.6364,8837.7,6,True,78,13,17,48,341904->341903->342155->342156->342710->343062->342711->342157->342158->342715->342720->342728->563265->342729->563265->342728->342720->342715->343651->342716->342717->342718->340635->342718->342159->342700->343100->342865->340641->340704->341588->341785->342116->342672->340587->342670->343657->342666->342663->342681->342617->646583->342615->343819->342631->341591->341592->342649->341608->341553->341554->341551->342640->342641->341737->341569->341738->563185->341560->342648->342147->341996->341571->340229->562951->338222->338198->562865->339135->339122->646056->338604->338223->338603->339126->338348->338347->338706->338354
rl_base,t3_sinsa_daechi,long,off_peak,7.0,26,2119.436,1793.3416,306.1861,1894.6561,813.8537,14417.2,14,True,147,28,29,90,341904->341903->342155->342156->342710->343062->563071->340626->341619->342709->342707->341185->341183->341178->341177->341176->341173->342841->342840->344434->341169->341166->341163->341891->342483->342655->341616->343068->341618->341782->341615->340584->341784->341889->341583->341786->341588->341785->342116->342672->340587->341789->341589->341790->340702->342671->342672->342116->342652->342865->340641->340704->341588->343777->340703->342671->342672->342116->341788->341787->563170->341731->341603->341730->646623->341984->341732->342691->341733->341602->338230->339134->339069->338253->613768->613766->338920->646136->338926->339129->339130->646136->338926->338254->339133->338229->338218->339571->338261->339538->338258->613662->339651->338651->562921->562923->342153->341556->341555->341736->341568->341566->341549->339662->339003->613773->613772->343109->342153->341556->341555->340705->341572->341734->338261->339538->338258->339132->338586->338262->338587->338588->339119->338589->338205->338998->339653->338204->338789->338923->340045->340479->587843->338594->338227->338693->338595->338210->613615->338596->338197->338925->646201->339126->338348->338347->338346->338354
rl_base,t3_sinsa_daechi,long,off_peak,7.0,27,1340.4805,1090.001,237.4695,1239.2005,631.2025,8566.7,10,True,95,14,19,62,341904->341903->342155->342156->342710->343062->342711->342157->342158->342715->342720->342728->563265->342729->563265->342728->342720->342715->343651->342716->342717->342718->340635->342718->342159->342700->343100->342865->340641->340704->341588->341785->342116->342672->340587->646667->646362->341982->342679->341983->342673->646784->646782->341597->344261->341907->341906->341605->341595->341594->343104->341601->343106->343943->342693->341607->342685->341600->342074->338219->338218->339571->338261->339538->338258->339132->338586->338262->338587->338588->339119->338589->338205->338998->339653->338204->338789->338923->340045->340479->587843->338594->338227->338693->338595->338210->613615->338596->338197->338925->646201->339126->338348->338347->338706->338354
rl_base,t3_sinsa_daechi,long,off_peak,7.0,28,1281.8872,1101.0442,168.3908,1174.3962,447.5887,8566.7,7,True,95,14,19,62,341904->341903->342155->342156->342710->343062->342711->342157->342158->342715->342720->342728->563265->342729->563265->342728->342720->342715->343651->342716->342717->342718->340635->342718->342159->342700->343100->342865->340641->340704->341588->341785->342116->342672->340587->646667->646362->341982->342679->341983->342673->646784->646782->341597->344261->341907->341906->341605->341595->341594->343104->341601->343106->343943->342693->341607->342685->341600->342074->338219->338218->339571->338261->339538->338258->339132->338586->338262->338587->338588->339119->338589->338205->338998->339653->338204->338789->338923->340045->340479->587843->338594->338227->338693->338595->338210->613615->338596->338197->338925->646201->339126->338348->338347->338706->338354
rl_base,t3_sinsa_daechi,long,off_peak,7.0,29,1364.5438,1138.8329,213.189,1289.984,566.6641,8890.6,10,True,101,16,19,66,341904->341903->342155->342156->342710->343062->342711->342157->342158->342715->342720->342728->563265->342729->563265->342728->342720->342715->343651->342716->342717->342718->340635->342718->342159->342700->343100->342865->340641->340704->341588->341785->342116->342672->340587->646667->646362->646363->646362->341982->342679->341983->342673->646784->646782->341597->344261->341907->341906->341605->341595->341594->343104->341601->343106->343943->342693->341607->342685->341600->342074->338219->338218->339571->338261->339538->338258->339132->338586->338262->338587->338588->339119->338589->338205->338998->339653->338204->338789->338923->340045->340479->587843->338594->338227->338693->338595->338210->613615->338596->338197->339135->339122->646056->338604->338223->338603->339126->338348->338347->338706->338354
rl_base,t3_sinsa_daechi,long,off_peak,7.0,30,1268.4681,1060.4306,197.0179,1202.5552,523.6807,8566.7,9,True,95,14,19,62,341904->341903->342155->342156->342710->343062->342711->342157->342158->342715->342720->342728->563265->342729->563265->342728->342720->342715->343651->342716->342717->342718->340635->342718->342159->342700->343100->342865->340641->340704->341588->341785->342116->342672->340587->646667->646362->341982->342679->341983->342673->646784->646782->341597->344261->341907->341906->341605->341595->341594->343104->341601->343106->343943->342693->341607->342685->341600->342074->338219->338218->339571->338261->339538->338258->339132->338586->338262->338587->338588->339119->338589->338205->338998->339653->338204->338789->338923->340045->340479->587843->338594->338227->338693->338595->338210->613615->338596->338197->338925->646201->339126->338348->338347->338706->338354
rl_base,t3_sinsa_daechi,long,peak,8.0,1,1168.7515,1094.3172,69.1199,1467.8041,183.7233,9194.7,5,True,94,17,24,53,341904->341903->342155->342156->342710->343062->342711->342157->342158->342715->342720->342728->563265->342729->563265->342728->342720->342715->343651->342716->342717->342718->340635->342718->342159->342700->342695->342699->342703->341653->343705->342701->342698->344040->343866->344366->342692->563167->341603->341730->646623->341984->341732->342691->341733->341602->338230->339134->339069->338253->613768->613766->338920->646136->338926->339129->339130->646136->338926->338254->339133->338229->338218->339571->338261->341734->341572->340705->341555->341736->341568->341566->341549->339128->339093->338226->338252->338251->646070->338648->338209->339659->338210->613615->338596->338197->338925->646201->646200->646201->339126->338348->338347->338706->338354
rl_base,t3_sinsa_daechi,long,peak,8.0,2,1179.0254,1098.0845,76.4942,1451.0201,203.3244,9453.8,4,True,93,20,23,50,341904->341903->342155->342156->342710->343062->342711->342157->342158->342715->342720->342728->563265->342729->563265->342728->342720->342715->343651->343652->343651->342716->342717->342718->340635->342718->342159->342700->342695->342699->342703->341653->343705->342701->342698->344040->343866->344366->342692->563167->341603->341730->646623->341984->341732->342691->341733->341602->338230->339134->339069->338253->613768->613766->338920->646136->338926->339129->339130->646136->338926->338254->339133->338229->338218->339571->338261->341734->341572->340705->341555->342643->341561->341562->341552->342644->342148->342645->341559->342115->563067->342636->338199->338198->562865->339135->338197->338925->646201->339126->338348->338347->338706->338354
rl_base,t3_sinsa_daechi,long,peak,8.0,3,1305.1403,1170.1927,128.3055,1595.8713,341.0407,9609.1,6,True,103,23,30,50,341904->341903->342155->342156->342710->343062->342711->342157->342158->342715->342720->342728->563265->342729->563265->342728->342720->342715->343651->342716->342717->342718->340635->342718->342159->342700->342695->342699->342703->341653->343705->342701->342698->344040->343866->344366->342692->343706->563224->563225->563226->563224->343706->342692->563167->341603->341730->646623->341984->341732->342691->341733->341602->338230->339134->339069->338253->613768->613766->338920->646136->338926->339129->339130->646136->338926->338254->339133->338229->338218->339094->338258->613662->339651->338651->562921->562923->342153->341556->341555->341736->341568->341566->341549->339128->339093->338226->338252->338251->646070->338648->338209->339659->338210->613615->338596->338197->338925->646201->339126->338348->338347->338706->338354
rl_base,t3_sinsa_daechi,long,peak,8.0,4,1643.9315,1309.7411,319.9802,1797.2324,850.519,10669.9,13,True,99,19,20,60,341904->341903->342155->342156->342710->343062->342711->342157->342158->342715->342720->342728->563265->342729->563265->342728->342720->342715->343651->342716->342717->342718->340635->342718->342159->342700->342695->342699->342703->341653->343705->342701->342698->344040->343866->344366->342692->563167->341603->341730->646623->341984->341732->342691->341733->341602->338230->339134->339069->338253->613768->613766->338920->646136->338926->339129->339130->646136->338926->338254->339133->338229->340192->338267->338803->613768->338253->613767->339070->339292->562936->338139->339054->338156->339090->338268->338262->339922->340140->339002->338922->646291->338226->338252->338251->646070->338648->338209->339659->338210->613615->338596->338197->338925->646201->339126->338348->338347->338706->338354
rl_base,t3_sinsa_daechi,long,peak,8.0,5,1991.7723,1964.7231,24.0371,1795.8612,63.8916,13280.4,2,False,200,12,174,14,341904->341903->342155->342156->342710->343062->563071->340626->341619->342709->342707->341185->343022->343065->341180->344301->341181->342013->341628->341971->341626->341628->342013->343060->341181->342013->341627->343060->342013->341627->343060->342013->341627->343060->342013->341627->343060->342013->341627->343060->342013->341627->343060->342013->341627->343060->342013->341627->343060->342013->341627->343060->342013->341627->343060->342013->341627->343060->342013->341627->343060->342013->341627->343060->342013->341627->343060->342013->341627->343060->342013->341627->343060->342013->341627->343060->342013->341627->343060->342013->341627->343060->342013->341627->343060->342013->341627->343060->342013->341627->343060->342013->341627->343060->342013->341627->343060->342013->341627->343060->342013->341627->343060->342013->341627->343060->342013->341627->343060->342013->341627->343060->342013->341627->343060->342013->341627->343060->342013->341627->343060->342013->341627->343060->342013->341627->343060->342013->341627->343060->342013->341627->343060->342013->341627->343060->342013->341627->343060->342013->341627->343060->342013->341627->343060->342013->341627->343060->342013->341627->343060->342013->341627->343060->342013->341627->343060->342013->341627->343060->342013->341627->343060->342013->341627->343060->342013->341627->343060->342013->341627->343060->342013->341627->343060->342013->341627->343060->342013->341627->343060->342013->341627->343060->342013->341627->343060->342013->341627->343060->342013->341181->344301->588048->588045->341182->341179->341178->341183->344602->341184
rl_base,t3_sinsa_daechi,long,peak,8.0,6,1203.4422,1126.573,68.4663,1472.198,181.986,9416.7,5,True,96,20,25,51,341904->341903->342155->342156->342710->343062->342711->342157->342158->342715->342720->342728->563265->342729->563265->342728->342720->342715->343651->342716->342717->342718->340635->342718->342159->342700->342695->342699->342703->341653->343705->342701->342698->344040->343866->344366->342692->563167->341603->341730->646623->341984->341732->342691->341733->341602->338230->339134->339069->338253->613768->613766->338920->646136->338926->339129->339130->646136->338926->338254->339133->338229->338218->339094->338258->613662->339651->338651->562921->562923->342153->341556->341555->341736->341568->341566->341549->339128->339093->338226->338252->338251->646070->338648->338209->339659->338210->613615->338596->338197->338925->646201->339126->338348->338347->338706->338354
rl_base,t3_sinsa_daechi,long,peak,8.0,7,1379.9792,1209.093,164.9144,1520.7391,438.3485,9920.3,6,True,103,19,29,55,341904->341903->341633->341905->341904->341903->342155->342156->342710->343062->342711->342157->342158->342715->342720->342728->563265->342729->563265->342728->342720->342715->343651->342716->342717->342718->343098->342718->342159->342700->342695->342699->342703->341653->343705->342701->342698->344040->343866->344366->342692->563167->341603->341730->646623->341984->341732->342691->341733->341602->338230->339134->339069->338253->613768->613766->338920->646136->338926->339129->339130->646136->338926->338254->339133->338229->338218->339571->338261->341734->341572->339293->338651->562921->562923->342153->341556->341555->341736->341568->341566->341549->339128->339093->338226->338252->338251->646070->646069->646070->338648->338209->339659->338210->613615->338596->338197->338925->646201->339126->338348->338347->338706->338354
rl_base,t3_sinsa_daechi,long,peak,8.0,8,1433.0552,1234.7656,192.0538,1708.6295,510.4859,10222.4,7,True,104,19,28,57,341904->341903->342155->342156->342710->343062->342711->342157->342158->342715->342720->342728->563265->342729->563265->342728->342720->342715->343651->342716->342717->342718->340635->342718->342159->342700->342695->342699->342703->342702->587944->342702->342703->341653->343705->342701->342698->344040->343866->344366->342692->563167->341603->341730->646623->341984->341732->342691->341733->341602->338230->339134->339069->338253->613768->613766->338920->646136->338926->339129->339130->646136->338926->338254->339133->338229->338218->339571->338261->339538->338258->613662->339651->338651->562921->562923->342153->341556->341555->341736->341568->341566->341549->339128->339093->338226->338252->338251->646070->646069->646070->338251->338252->338199->338198->562865->339135->338197->338925->646201->339126->338348->338347->338706->338354
rl_base,t3_sinsa_daechi,long,peak,8.0,9,1515.2668,1377.1432,125.1837,1764.1481,332.7428,11389.2,6,True,114,24,27,63,341904->341903->342155->342156->342710->343062->342711->342157->342158->342715->342720->342728->563265->342729->563265->342728->342720->342715->343651->342716->342717->342718->340635->342718->342159->342700->342695->342699->342703->341653->343705->342701->342698->344040->343866->344366->342692->563167->341603->341730->646623->341984->341732->342691->341733->341602->338230->339134->339069->338253->613768->613766->338920->646136->338926->339129->339130->646136->338926->338254->339133->338229->338218->339571->338261->341734->341572->340705->341555->342643->341561->341562->341552->342644->342148->342645->341559->342115->563067->342636->342147->342648->341560->341518->341517->341516->341511->342869->341510->341515->342114->563094->646707->646706->646707->342613->341535->343726->343919->338310->339265->338311->646265->338733->339152->338790->339123->338602->338223->338603->339126->338348->338347->338706->338354
rl_base,t3_sinsa_daechi,long,peak,8.0,10,988.5508,865.4683,116.3598,1085.0755,309.2886,7577.1,6,True,70,14,15,41,341904->341903->342155->342156->342710->343062->342711->342157->342158->342712->342714->342713->342076->341620->341621->342834->343100->342865->340641->340704->341588->341785->342116->342672->340587->646667->646664->646667->340587->342670->343657->342666->342663->342681->342617->646583->342615->343819->342631->341591->341592->342649->341608->341553->341554->341551->342640->342641->341737->341569->341738->563185->341560->342648->342147->341996->341571->340229->562951->338222->338198->562865->339135->338197->338925->646201->339126->338348->338347->338706->338354
rl_base,t3_sinsa_daechi,long,peak,8.0,11,1320.4239,1134.5123,177.9306,1466.4965,472.9459,9189.0,7,True,93,19,20,54,341904->341903->342155->342156->342710->343062->342711->342157->342158->342715->342720->342728->563265->342729->563265->342728->342720->342715->343651->342716->342717->342718->340635->342718->342159->342700->342695->342699->342703->341653->343705->342701->342698->344040->343866->344366->342692->563167->341603->341730->646623->341984->341732->342691->341733->341602->338230->339134->339069->338253->613768->613766->338920->646136->338926->338254->339133->338229->338218->339571->338261->341734->341572->339293->338651->562921->562923->342153->341556->341555->341736->341568->341566->341549->339128->339093->338226->338252->338251->646070->338648->338209->339659->338210->613615->338596->338197->338925->646201->339126->338348->338347->338706->338354
rl_base,t3_sinsa_daechi,long,peak,8.0,12,1206.0128,1122.7357,75.5335,1457.1267,200.7708,9438.4,6,True,91,18,23,50,341904->341903->342155->342156->342710->343062->342711->342157->342158->342715->342720->342728->563265->342729->563265->342728->342720->342715->343651->342716->342717->342718->340635->342718->342159->342700->342695->342699->342703->341653->343705->342701->342698->344040->343866->344366->342692->563167->341603->341730->646623->341984->341732->342691->341733->341602->338230->339134->339069->338253->613768->613766->338920->646136->338926->339129->339130->646136->338926->338254->339133->338229->338218->339571->338261->341734->341572->340705->341555->342643->341561->341562->341552->342644->342148->342645->341559->342115->563067->342636->338199->338198->562865->339135->338197->338925->646201->339126->338348->338347->338706->338354
rl_base,t3_sinsa_daechi,long,peak,8.0,13,1728.7362,1490.2717,226.0141,1898.1326,600.7536,12021.0,9,True,154,40,29,85,341904->341903->342155->342156->342710->342719->341904->341905->341633->343064->341904->342719->342117->341623->341905->341904->341903->342155->342720->342715->342158->342157->342711->343062->342710->342156->342157->342158->342712->342714->342713->342076->341620->341621->342834->343100->342865->340641->340704->341588->341785->342116->342672->340587->646667->646362->646363->646362->341982->342679->341983->342673->646784->646783->646784->646782->341597->344261->341907->341906->341605->341595->341594->343104->341601->343106->343943->342693->341607->342685->341600->342074->338219->338218->338229->340484->339098->646176->338230->339134->339069->338253->613768->613766->338920->646136->338926->339129->339130->646136->338926->338254->339133->338229->340484->339098->342073->342687->341600->342074->338219->338218->339571->338261->339538->338258->613662->339651->338651->562921->562923->342153->341556->341555->341736->341568->341566->341549->339128->339093->338226->646291->338922->339002->340140->339922->338262->338587->338588->339119->338589->338205->338998->339653->338204->338789->338923->340045->340479->587843->338594->338227->338693->338595->338210->613615->338596->338197->338925->646201->339126->338348->338347->338706->338354
rl_base,t3_sinsa_daechi,long,peak,8.0,14,1221.9467,1143.0286,73.2471,1463.3171,194.6933,9365.2,6,True,106,23,25,58,341904->341903->341633->341905->341904->341903->342155->342156->342710->343062->342711->342157->342156->342155->342720->342715->342158->342712->342714->342713->342076->341620->341621->342834->343100->342865->340641->340704->341588->341785->342116->342672->340587->646667->646664->646667->340587->342672->342671->340702->341790->341589->340701->563070->342670->646668->646669->342669->563097->342668->342152->343709->342152->342668->563097->342673->646784->646782->341597->341596->341598->342684->341601->343106->343943->342693->341607->342685->341600->342074->338219->338218->339571->338261->341734->341572->339293->338651->562921->562923->342153->341556->341555->341736->341568->341566->341549->339128->339093->338226->338252->338251->646070->338648->338209->339659->338210->613615->338596->338197->338925->646201->339126->338348->338347->338706->338354
rl_base,t3_sinsa_daechi,long,peak,8.0,15,1454.4092,1245.8761,200.7393,1683.0594,533.5725,10266.7,7,True,106,23,27,56,341904->341903->342155->342156->342710->343062->342711->342157->342158->342715->342720->342728->563265->342729->563265->342728->342720->342715->343651->342716->342717->342718->340635->342718->342159->342700->342695->342699->563099->342699->342703->341653->343705->342701->342698->344040->343866->344366->342692->563167->341603->341730->646623->341984->341732->342691->341733->341602->338230->339134->339069->338253->613768->613766->338920->646136->338926->339129->339130->646136->338926->338254->339133->338229->338218->339094->338258->613662->339651->338651->562921->562923->342153->341556->341555->341736->341568->341566->341549->339128->339093->338226->338252->338251->646070->338648->338209->339659->338210->613615->338596->338197->338925->587845->646128->587905->587904->587905->646128->587845->338925->646201->339126->338348->338347->338706->338354
rl_base,t3_sinsa_daechi,long,peak,8.0,16,1323.4832,1144.5953,168.7647,1488.6518,448.5828,9714.2,8,True,84,15,17,52,341904->341903->342155->342156->342710->343062->342711->342157->342158->342715->342720->342728->563265->342729->563265->342728->342720->342715->343651->342716->342717->342718->340635->342718->342159->342700->342695->342699->342703->341653->343705->342701->342698->344040->343866->344366->342692->563167->341603->341730->646623->341984->341732->342691->341733->341602->338230->339134->339069->338253->613768->613766->613767->339070->339292->562936->338139->339054->338156->339090->338268->338262->339922->340140->339002->338922->646291->338226->338252->338251->646070->338648->338209->339659->338210->613615->338596->338197->338925->646201->339126->338348->338347->338706->338354
rl_base,t3_sinsa_daechi,long,peak,8.0,17,1209.1928,1103.559,98.5112,1403.8746,261.8464,9520.0,5,True,91,19,24,48,341904->341903->342155->342156->342710->343062->342711->342157->342158->342715->342720->342728->563265->342729->563265->342728->342720->342715->343651->342716->342717->342718->340635->342718->342159->342700->342695->342699->342703->341653->343705->342701->342698->344040->343866->344366->342692->563167->341603->341730->646623->341984->341732->342691->341733->341602->338230->339134->339069->338253->613768->613766->338920->646136->338926->339129->339130->646136->338926->338254->339133->338229->338218->339571->338261->341734->341572->340705->341555->342643->341561->341562->341552->342644->342148->342645->341559->342115->563067->342636->338199->338198->562865->339135->338197->338925->646201->339126->338348->338347->338346->338354
rl_base,t3_sinsa_daechi,long,peak,8.0,18,1573.1558,1361.0717,204.4298,1815.6426,543.3818,11017.1,7,True,120,25,34,61,341904->341903->342155->342156->342710->343062->342711->342157->342158->342715->342720->342728->563265->342729->563265->342728->342720->342715->343651->343652->343651->342716->342717->342718->340635->342718->342159->342700->342695->342699->342703->341653->343705->342701->342698->344040->343866->344366->342692->343706->563224->563225->563226->563224->343706->342692->563167->341603->341730->646623->341984->341732->342691->341733->341602->338230->339134->339069->338253->613768->613766->338920->646136->338926->339129->339130->646136->338926->338254->339133->338229->338218->339571->338261->339538->338258->613662->339651->338651->562921->562923->342153->341556->341555->341736->341568->341566->341549->339128->339093->338226->339127->338649->338999->339654->340159->338921->340245->340247->338655->339657->338922->646291->338226->338252->338251->646070->338648->338209->339659->338210->613615->338596->338197->338925->646201->339126->338348->338347->338706->338354
rl_base,t3_sinsa_daechi,long,peak,8.0,19,1172.3392,1067.4817,99.8628,1391.8916,265.4388,9029.8,5,True,88,16,21,51,341904->341903->342155->342156->342157->342158->342715->342720->342728->563265->342729->563265->342728->342720->342715->343651->342716->342717->342718->340635->342718->342159->342700->342695->342699->342703->341653->343705->342701->342698->344040->343866->344366->342692->563167->341603->341730->646623->341984->341732->342691->341733->341602->338230->339134->339069->338253->613768->613766->338920->646136->338926->339129->339130->646136->338926->338254->339133->338229->338218->339571->338261->341734->341572->340705->341555->342643->341561->341562->341552->342644->342148->342645->341559->342115->563067->342636->338199->338198->562865->339135->338197->338925->646201->339126->338348->338347->338706->338354
rl_base,t3_sinsa_daechi,long,peak,8.0,20,1295.2624,1068.6849,215.7888,1366.3784,573.5745,8287.6,10,True,104,26,14,64,341904->341903->342155->342156->342710->342719->341904->341905->341633->343064->341904->342719->342117->341623->341905->341904->341903->342155->342720->342715->342158->342157->342711->343062->342710->342156->342157->342158->342712->342714->342713->342076->341620->341621->342834->343100->342865->340641->340704->341588->341785->342116->342672->340587->646667->646362->341982->342679->341983->342673->646784->646782->341597->344261->341907->341906->341605->341595->341594->343104->341601->343106->343943->342693->341607->342685->341600->342074->338219->338218->339571->338261->339538->338258->339132->338586->338262->338587->338588->339119->338589->338205->338998->339653->338204->338789->338923->340045->340479->587843->338594->338227->338693->338595->338210->613615->338596->338197->338925->646201->339126->338348->338347->338706->338354
rl_base,t3_sinsa_daechi,long,peak,8.0,21,1262.2149,1017.7146,235.2451,1303.2463,625.2901,8266.5,9,True,87,14,17,56,341904->341903->342155->342156->342710->343062->342711->342157->342158->342715->343651->342716->342717->342718->340635->342718->342159->342700->342695->342699->342703->341653->343705->342701->342698->344040->343866->344366->342692->563167->341603->341730->646623->341984->341732->342691->341733->341602->338230->562917->338585->338267->338584->338254->338926->646136->339130->339129->338926->338254->339133->338229->338218->339571->338261->339538->338258->339132->338586->338262->338587->338588->339119->338589->338205->338998->339653->338204->338789->338923->340045->340479->587843->338594->338227->338693->338595->338210->613615->338596->338197->338925->646201->339126->338348->338347->338706->338354
rl_base,t3_sinsa_daechi,long,peak,8.0,22,1492.1897,1240.3191,238.7519,1595.3747,634.6112,9868.2,9,True,119,35,18,66,341904->341903->342155->342156->342710->342719->341904->341905->341633->343064->341904->342719->342117->341623->341905->341904->341903->342155->342720->342715->342158->342157->342711->343062->342710->342156->342157->342711->342712->342714->342713->342076->341620->341621->342834->343100->342865->340641->340704->341588->341785->342116->342672->340587->646667->646362->341982->342679->341983->342673->646784->646782->341597->344261->341907->341906->341605->341595->341594->343104->341601->646355->341593->563301->342151->563098->341597->341596->341598->342684->341601->343106->343943->342693->341607->342685->341600->342074->338219->338218->339571->338261->339538->338258->613662->339651->338651->562921->562923->342153->341556->341555->341736->341568->341566->341549->339128->339093->338226->338252->338251->646070->338648->338209->339659->338210->613615->338596->338197->339135->339122->646056->338604->338223->338603->339126->338348->338347->338706->338354
rl_base,t3_sinsa_daechi,long,peak,8.0,23,1380.2838,1176.6259,196.9104,1591.7776,523.3951,9718.9,6,True,100,19,22,59,341904->341903->342155->342156->342710->343062->342711->342157->342158->342715->342720->342728->563265->342729->563265->342728->342720->342715->343651->342716->342717->342718->340635->342718->342159->342700->342695->342699->342703->342702->587944->342702->342703->341653->343705->342701->342698->344040->343866->344366->342692->563167->341603->341730->646623->341984->341732->342691->341733->341602->338230->339134->339069->338253->613768->613766->338920->646136->339130->339129->338926->338254->339133->338229->338218->339571->338261->339538->338258->613662->339651->338651->562921->562923->342153->341556->341555->341736->341568->341566->341549->339128->339093->338226->338252->338251->646070->338648->338209->339659->338210->613615->338596->338197->338925->646201->339126->338348->338347->338706->338354
rl_base,t3_sinsa_daechi,long,peak,8.0,24,2484.9733,2154.0694,313.3953,2821.4325,833.016,17482.6,13,False,200,45,39,116,341904->341903->342155->342156->342710->343062->342711->342157->342158->342715->342720->342728->563265->342729->563265->342728->342720->342715->343651->342716->342717->342718->340635->342718->342159->342700->342695->342696->342695->342699->342703->341653->343705->342701->342698->344040->343866->344366->342692->563167->341603->341731->563170->341787->341788->342116->341785->341588->343777->340703->342671->342672->340587->646667->646362->341982->342679->341983->342673->646784->646782->341597->344261->341907->341906->343105->341598->342684->341601->646355->341593->563301->342151->563098->341597->341596->341598->341729->341603->341730->646623->341984->341732->342691->341733->341602->338230->562917->338585->338267->338584->338254->338926->646136->339130->339129->338926->646136->339130->339129->338926->338254->339133->338229->340484->339098->646176->338230->339134->339069->338253->613767->613766->338920->646136->338926->339129->339130->646136->338926->338254->339133->338229->340484->339098->342073->342687->341600->342074->338219->338218->339571->338261->339538->338258->613662->339651->338651->562921->562923->342153->341556->341555->341736->341568->341566->341549->339662->339003->613773->613772->343109->342153->341556->341555->340705->341572->341734->338261->339538->338258->339132->338586->338262->338587->338588->339119->338589->338205->338998->339653->338204->338789->338923->340045->340479->587843->338594->338227->338693->338595->338210->613615->338596->338197->338925->646201->339126->338603->338223->338605->338597->338197->338925->587845->646128->587905->339124->339125->338206->340158
rl_base,t3_sinsa_daechi,long,peak,8.0,25,1422.5107,1111.6289,299.5214,1411.3401,796.1387,9367.4,10,True,90,16,17,57,341904->343064->341633->341903->342155->342156->342710->343062->342711->342157->342158->342715->342720->342728->563265->342729->563265->342728->342720->342715->343651->342716->342717->342718->340635->342718->342159->344204->341621->342834->343100->342865->340641->340704->341588->341785->342116->342672->340587->646667->646362->341982->342679->342669->646669->646668->342670->343657->342666->342663->342681->342617->646583->342615->343819->342631->341591->341592->342649->341608->341553->341554->341551->342640->342641->342642->646764->563119->563189->341512->341517->341518->341560->343710->343711->343710->342115->563067->342636->338199->338198->562865->339135->338197->338925->646201->339126->338348->338347->338706->338354
rl_base,t3_sinsa_daechi,long,peak,8.0,26,1690.867,1453.7127,226.1329,1917.5674,601.0695,11728.7,11,True,121,14,28,79,341904->341903->342155->342156->342710->343062->342711->342157->342158->342715->342720->342728->563265->342729->563265->342728->342720->342715->343651->342716->342717->342718->340635->342718->342159->342700->342695->342699->342703->341653->343705->342701->342698->344040->343866->344366->342692->563167->341603->341730->646623->341984->341732->342691->341733->341602->338230->646176->339098->340484->338229->339133->338254->338767->338768->587842->338583->338268->338582->339138->339116->338705->338269->338581->340332->340331->340332->339979->338631->338933->338934->339307->340334->339743->338990->340239->339744->339087->338934->338933->340139->339308->339893->339307->338934->338933->338631->339979->340332->338581->338269->338580->339112->339947->339096->338710->338991->339115->338205->338998->339653->338204->338789->338923->340045->340479->587843->338594->338227->338693->338595->338210->613615->338596->338197->338925->646201->339126->338348->338347->338706->338354
rl_base,t3_sinsa_daechi,long,peak,8.0,27,1559.5037,1411.1213,137.3735,1806.3563,365.1437,11557.5,9,True,131,28,21,82,341904->341903->342155->342720->342715->342158->342157->342711->343062->342710->342156->342157->342158->342712->342714->342713->342076->341620->341621->344204->342159->342718->342717->342716->343651->343652->343651->342715->342720->342728->563265->342729->563265->342728->342720->342715->342158->342712->342714->342713->342076->341620->341621->342834->343100->342865->340641->340704->341588->341785->342116->342672->340587->646667->646362->341982->342679->341983->342673->646784->646782->341597->344261->341907->341906->341605->341595->341594->343104->341601->343106->343943->342693->341607->342685->341600->342074->338219->338218->339571->338261->341734->341572->339293->338651->562921->562923->342153->341556->341555->341736->341568->341566->341549->339128->339093->338226->338252->338251->646070->338648->338209->339659->338210->613615->338596->338197->338925->646201->339126->338603->338223->338605->338597->338197->338925->587845->646128->587905->339124->339125->338206->340158->340157->338207->338327->338326->339713->339712->339884->338601->338354
rl_base,t3_sinsa_daechi,long,peak,8.0,28,1614.3463,1401.3985,203.4072,1850.1918,540.6638,11698.6,8,True,116,21,27,68,341904->341903->342155->342156->342710->343062->342711->342157->342158->342715->342720->342728->563265->342729->563265->342728->342720->342715->343651->342716->342717->342718->340635->342718->342159->342700->342695->342699->342703->341653->343705->342701->342698->344040->343866->344366->342692->563167->341603->341730->646623->341984->341732->342691->341733->341602->338230->339134->339069->338253->613768->613766->338920->646136->338926->339129->339130->646136->338926->338254->339133->338229->338218->339571->338261->341734->341572->340705->341555->342643->341561->341562->341552->342644->342148->342645->341559->342115->563067->342636->338199->338252->338226->646291->338922->339002->340140->339922->338262->338587->338588->339119->338589->338205->338998->339653->338204->338789->338923->340045->340479->587843->338594->338227->338693->338595->338210->613615->338596->338197->338925->646201->339126->338348->338347->338706->338354
rl_base,t3_sinsa_daechi,long,peak,8.0,29,1672.5501,1407.2954,253.4461,1828.5206,673.6688,11472.2,8,True,128,26,31,71,341904->341903->342155->342156->342710->343062->342711->342157->342158->342715->342720->342728->563265->342729->563265->342728->342720->342715->343651->342716->342717->342718->340635->342718->342159->342700->342695->342699->342703->342702->587944->342702->342703->341653->343705->342701->342698->344040->343866->344366->342692->563167->341603->341730->646623->341984->341732->342691->341733->341602->338230->339134->339069->338253->613768->613766->338920->646136->338926->339129->339130->646136->338926->338254->339133->338229->340484->339098->646176->338230->562917->338585->338267->338584->338254->338926->646136->339130->339129->338926->338254->339133->338229->340484->339098->342073->342687->341600->342074->338219->338218->339571->338261->339538->338258->613662->339651->339650->339651->338651->562921->562923->342153->341556->341555->341736->341568->341566->341549->339128->339093->338226->338252->338251->646070->338648->338209->339659->338210->613615->338596->338197->338925->646201->339126->338348->338347->338706->338354
rl_base,t3_sinsa_daechi,long,peak,8.0,30,1304.2429,1133.2936,163.1191,1521.1656,433.5765,9369.8,7,True,97,19,24,54,341904->341903->342155->342156->342710->343062->342711->342157->342158->342715->342720->342728->563265->342729->563265->342728->342720->342715->343651->342716->342717->342718->340635->342718->342159->342700->342695->342699->342703->341653->343705->342701->342698->344040->343866->344366->342692->563167->341603->341730->646623->341984->341732->342691->341733->341602->338230->339134->339069->338253->613768->613766->338920->646136->338926->339129->339130->646136->338926->338254->339133->338229->338218->339571->338261->341734->341572->339293->338651->562921->562923->342153->341556->341555->341736->341568->341566->341549->339128->339093->338226->338252->338251->646070->338648->338209->339659->338210->613615->338596->338197->338925->646201->339126->338348->338347->338706->338354
rl_signal,t1_seonjeongneung_daechi,long,off_peak,7.0,1,628.1799,543.895,79.182,677.1302,210.4687,4719.9,3,True,48,8,7,33,341608->563168->342694->344353->341593->341778->343103->341595->341605->341594->343104->341601->343106->343943->342693->341607->588038->563143->338261->341734->341572->588040->341557->342643->341555->341736->341568->341561->341562->341564->342639->563096->342115->563067->342636->338199->338198->562865->339135->338197->338597->338605->338223->338603->339126->338348->338347->338346->338354
rl_signal,t1_seonjeongneung_daechi,long,off_peak,7.0,2,420.9806,385.1547,30.4598,413.5968,80.9632,3206.9,3,True,27,4,3,20,341608->341553->341563->341561->341562->341564->342639->563096->342115->563067->342636->338199->338198->562865->339135->338197->338925->587845->646128->587905->339124->339125->338598->338208->338599->587846->338600->338354
rl_signal,t1_seonjeongneung_daechi,long,off_peak,7.0,3,396.2283,358.9856,32.0627,406.9708,85.2238,3206.9,3,True,27,4,3,20,341608->341553->341563->341561->341562->341564->342639->563096->342115->563067->342636->338199->338198->562865->339135->338197->338925->587845->646128->587905->339124->339125->338598->338208->338599->587846->338600->338354
rl_signal,t1_seonjeongneung_daechi,long,off_peak,7.0,4,428.3972,395.2763,26.8034,420.7743,71.2444,3190.8,3,True,28,3,2,23,341608->341553->341563->341561->341568->341735->341564->342645->341559->342115->563067->342636->338199->338198->562865->339135->338197->338925->587845->646128->587905->339124->339125->338598->338208->338599->587846->338600->338354
rl_signal,t1_seonjeongneung_daechi,long,off_peak,7.0,5,381.3092,362.3544,16.1956,460.8041,43.0485,3206.9,2,True,27,4,3,20,341608->341553->341563->341561->341562->341564->342639->563096->342115->563067->342636->338199->338198->562865->339135->338197->338925->587845->646128->587905->339124->339125->338598->338208->338599->587846->338600->338354
rl_signal,t1_seonjeongneung_daechi,long,off_peak,7.0,6,419.117,385.8406,27.9331,424.0362,74.2471,3206.9,4,True,27,4,3,20,341608->341553->341563->341561->341562->341564->342639->563096->342115->563067->342636->338199->338198->562865->339135->338197->338925->587845->646128->587905->339124->339125->338598->338208->338599->587846->338600->338354
rl_signal,t1_seonjeongneung_daechi,long,off_peak,7.0,7,485.0415,400.1627,78.4402,464.7867,208.497,3189.7,4,True,27,4,3,20,341608->341553->341563->341561->341562->341564->342645->341559->342115->563067->342636->338199->338198->562865->339135->338197->338925->587845->646128->587905->339124->339125->338598->338208->338599->587846->338600->338354
rl_signal,t1_seonjeongneung_daechi,long,off_peak,7.0,8,401.4997,378.7988,19.6175,443.8807,52.1441,3265.7,2,True,29,6,3,20,341608->341553->341563->341561->341562->341564->342639->563096->342115->563067->342636->338199->338198->562865->339135->338197->338925->587845->646128->587905->587904->587905->339124->339125->338598->338208->338599->587846->338600->338354
rl_signal,t1_seonjeongneung_daechi,long,off_peak,7.0,9,467.3522,434.7432,26.4528,445.0114,70.3125,3266.7,3,True,33,4,5,24,341608->341553->341563->341561->341568->341566->341549->339128->339093->338226->338252->338251->646070->338648->338209->339659->339658->339659->338210->613615->338596->338197->338925->587845->646128->587905->339124->339125->338598->338208->338599->587846->338600->338354
rl_signal,t1_seonjeongneung_daechi,long,off_peak,7.0,10,628.2639,510.9153,107.8181,572.675,286.5843,4062.8,6,True,40,10,5,25,341608->341553->341563->341561->341562->341564->342639->563096->342115->563067->342636->342147->341996->341571->340229->562951->338222->338726->338837->339122->339135->338197->338925->587845->646128->587905->339124->339125->338598->338208->338599->587846->587910->339124->339125->338598->338208->338599->587846->338600->338354
rl_signal,t1_seonjeongneung_daechi,long,off_peak,7.0,11,399.8952,369.7398,25.87,424.1244,68.7633,3190.8,3,True,28,3,2,23,341608->341553->341563->341561->341568->341735->341564->342645->341559->342115->563067->342636->338199->338198->562865->339135->338197->338925->587845->646128->587905->339124->339125->338598->338208->338599->587846->338600->338354
rl_signal,t1_seonjeongneung_daechi,long,off_peak,7.0,12,413.2903,372.259,34.2213,403.6045,90.9615,3206.9,4,True,27,4,3,20,341608->341553->341563->341561->341562->341564->342639->563096->342115->563067->342636->338199->338198->562865->339135->338197->338925->587845->646128->587905->339124->339125->338598->338208->338599->587846->338600->338354
rl_signal,t1_seonjeongneung_daechi,long,off_peak,7.0,13,436.2121,408.3147,23.4884,430.458,62.4329,3252.5,3,True,29,6,3,20,341608->341553->341563->341561->341562->341564->342639->563096->342115->563067->342636->338199->338198->562865->339135->338197->338925->587845->646128->646127->646128->587905->339124->339125->338598->338208->338599->587846->338600->338354
rl_signal,t1_seonjeongneung_daechi,long,off_peak,7.0,14,407.0291,383.888,19.8243,448.0981,52.6936,3206.9,2,True,27,4,3,20,341608->341553->341563->341561->341562->341564->342639->563096->342115->563067->342636->338199->338198->562865->339135->338197->338925->587845->646128->587905->339124->339125->338598->338208->338599->587846->338600->338354
rl_signal,t1_seonjeongneung_daechi,long,off_peak,7.0,15,639.3399,521.7896,108.1519,567.1471,287.4718,4348.9,5,True,37,6,7,24,341608->341553->341563->341561->341562->341564->342639->563096->342115->563067->342636->338199->338198->562865->339135->338197->338596->613615->338210->613623->645958->613623->338210->613615->338596->338197->338925->587845->646128->587905->339124->339125->338598->338208->338599->587846->338600->338354
rl_signal,t1_seonjeongneung_daechi,long,off_peak,7.0,16,401.6779,375.2048,22.7083,424.8108,60.3596,3206.9,2,True,27,4,3,20,341608->341553->341563->341561->341562->341564->342639->563096->342115->563067->342636->338199->338198->562865->339135->338197->338925->587845->646128->587905->339124->339125->338598->338208->338599->587846->338600->338354
rl_signal,t1_seonjeongneung_daechi,long,off_peak,7.0,17,401.606,380.2994,17.4955,449.4778,46.5035,3206.9,2,True,27,4,3,20,341608->341553->341563->341561->341562->341564->342639->563096->342115->563067->342636->338199->338198->562865->339135->338197->338925->587845->646128->587905->339124->339125->338598->338208->338599->587846->338600->338354
rl_signal,t1_seonjeongneung_daechi,long,off_peak,7.0,18,481.8736,390.3317,82.5545,458.315,219.4328,3183.3,5,True,27,4,3,20,341608->341553->341563->341552->341562->341564->342639->563096->342115->563067->342636->338199->338198->562865->339135->338197->338925->587845->646128->587905->339124->339125->338598->338208->338599->587846->338600->338354
rl_signal,t1_seonjeongneung_daechi,long,off_peak,7.0,19,405.7963,377.4509,24.5324,434.3235,65.2079,3206.9,3,True,27,4,3,20,341608->341553->341563->341561->341562->341564->342639->563096->342115->563067->342636->338199->338198->562865->339135->338197->338925->587845->646128->587905->339124->339125->338598->338208->338599->587846->338600->338354
rl_signal,t1_seonjeongneung_daechi,long,off_peak,7.0,20,787.6808,677.5892,101.7955,890.6419,270.5761,5585.0,5,True,42,8,8,26,341608->341553->341563->341561->341562->341564->342639->563096->342115->563067->342636->338199->338252->338226->646291->338922->339657->338655->339656->339807->339810->338999->339654->339136->338209->338648->646070->338251->338252->338199->338198->562865->339135->338197->338597->338605->338223->338603->339126->338348->338347->338346->338354
rl_signal,t1_seonjeongneung_daechi,long,off_peak,7.0,21,412.7019,385.4119,22.8738,429.1197,60.7993,3190.8,3,True,28,3,2,23,341608->341553->341563->341561->341568->341735->341564->342645->341559->342115->563067->342636->338199->338198->562865->339135->338197->338925->587845->646128->587905->339124->339125->338598->338208->338599->587846->338600->338354
rl_signal,t1_seonjeongneung_daechi,long,off_peak,7.0,22,568.2991,496.3241,65.8101,496.3201,174.9257,3849.6,4,True,34,8,7,19,341608->341553->341563->341561->341562->341564->342639->563096->342115->563067->342636->338199->338198->338222->338726->338837->339122->339135->338197->338925->587845->646128->587905->587904->587905->339124->339125->338598->338208->339663->338208->338599->587846->338600->338354
rl_signal,t1_seonjeongneung_daechi,long,off_peak,7.0,23,524.9126,427.8297,88.2451,438.8766,234.5587,3592.2,5,True,30,6,5,19,341608->341553->341563->341561->341562->341564->342639->563096->342115->563067->342636->338199->338198->338222->338726->338837->339122->339135->338197->338925->587845->646128->587905->339124->339125->338598->338208->338599->587846->338600->338354
rl_signal,t1_seonjeongneung_daechi,long,off_peak,7.0,24,473.8926,387.2989,79.1442,464.2641,210.3682,3183.3,4,True,27,4,3,20,341608->341553->341563->341552->341562->341564->342639->563096->342115->563067->342636->338199->338198->562865->339135->338197->338925->587845->646128->587905->339124->339125->338598->338208->338599->587846->338600->338354
rl_signal,t1_seonjeongneung_daechi,long,off_peak,7.0,25,449.3603,380.3658,62.6758,412.6668,166.5945,3078.1,4,True,24,3,3,18,341608->341553->341563->341561->341562->341564->342639->563096->342115->563067->342636->338199->338198->562865->339135->338197->338597->338605->338223->338603->339126->338348->338347->338706->338354
rl_signal,t1_seonjeongneung_daechi,long,off_peak,7.0,26,455.1907,408.9039,40.1461,390.4683,106.7097,3252.5,4,True,29,6,3,20,341608->341553->341563->341561->341562->341564->342639->563096->342115->563067->342636->338199->338198->562865->339135->338197->338925->587845->646128->646127->646128->587905->339124->339125->338598->338208->338599->587846->338600->338354
rl_signal,t1_seonjeongneung_daechi,long,off_peak,7.0,27,431.0357,360.4875,62.897,417.6743,167.1826,3078.1,4,True,24,3,3,18,341608->341553->341563->341561->341562->341564->342639->563096->342115->563067->342636->338199->338198->562865->339135->338197->338597->338605->338223->338603->339126->338348->338347->338706->338354
rl_signal,t1_seonjeongneung_daechi,long,off_peak,7.0,28,435.8598,378.2064,51.1601,460.3697,135.9855,3078.1,4,True,24,3,3,18,341608->341553->341563->341561->341562->341564->342639->563096->342115->563067->342636->338199->338198->562865->339135->338197->338597->338605->338223->338603->339126->338348->338347->338706->338354
rl_signal,t1_seonjeongneung_daechi,long,off_peak,7.0,29,621.8952,539.336,73.5869,662.6448,195.5967,4564.8,5,True,40,6,5,29,341608->341553->341563->341561->341562->341564->342639->563096->342115->343710->341560->341518->341517->341516->341515->342114->563094->646707->342613->341521->341571->340229->562951->338222->338726->338837->339122->339135->338197->338925->587845->646128->587905->339124->339125->338598->338208->338599->587846->338600->338354
rl_signal,t1_seonjeongneung_daechi,long,off_peak,7.0,30,395.1695,367.2153,21.8612,435.8058,58.1079,3206.9,4,True,27,4,3,20,341608->341553->341563->341561->341562->341564->342639->563096->342115->563067->342636->338199->338198->562865->339135->338197->338925->587845->646128->587905->339124->339125->338598->338208->338599->587846->338600->338354
rl_signal,t1_seonjeongneung_daechi,long,peak,8.0,1,523.6612,482.8224,34.5669,584.3312,91.8801,4091.5,4,True,34,6,6,22,341608->341553->341554->341551->342640->342641->342642->646764->563119->563189->563191->341558->341518->341560->343710->342115->563067->342636->338199->338198->562865->339135->338197->338925->587845->646128->587905->339124->339125->338598->338208->338599->587846->338600->338354
rl_signal,t1_seonjeongneung_daechi,long,peak,8.0,2,496.4137,434.7719,58.0469,528.0116,154.2909,3861.7,3,True,38,5,4,29,341608->341553->341554->341551->341538->613852->344181->342630->342628->563165->341547->341774->343989->341775->342641->341737->341569->341985->341559->342115->563067->342636->338199->338198->562865->339135->338197->338925->587845->646128->587905->339124->339125->338598->338208->338599->587846->338600->338354
rl_signal,t1_seonjeongneung_daechi,long,peak,8.0,3,891.6722,782.3926,101.639,1038.3201,270.1601,6801.0,4,True,56,14,13,29,341608->341553->341554->341551->342640->342641->342642->563118->342642->342641->341737->341569->341985->341559->342115->563067->342636->338199->338198->562865->339135->338197->338925->587845->646128->587905->339124->587841->338206->340158->338207->340157->340158->338206->338776->339001->646223->587844->587841->338206->340158->340157->338207->340158->338206->338776->339001->646223->587844->587841->587903->587841->339124->587910->587846->338600->338354
rl_signal,t1_seonjeongneung_daechi,long,peak,8.0,4,445.365,387.0664,55.9108,551.503,148.6129,3484.7,2,True,29,5,4,20,341608->341553->341554->341551->342640->613995->342644->342148->342645->341559->342115->563067->342636->338199->338198->562865->339135->338197->338925->587845->646128->587905->339124->339125->338598->338208->338599->587846->338600->338354
rl_signal,t1_seonjeongneung_daechi,long,peak,8.0,5,648.669,559.1602,80.7692,642.7826,214.6873,4618.5,6,True,48,6,8,34,341608->341553->341554->341551->342640->342641->342642->563118->342642->340709->344193->613986->344812->344813->613985->344812->613986->344193->340709->342642->646764->563119->563189->563191->341512->341517->341518->341560->343710->342115->563067->342636->338199->338198->562865->339135->338197->338925->587845->646128->587905->339124->339125->338598->338208->338599->587846->338600->338354
rl_signal,t1_seonjeongneung_daechi,long,peak,8.0,6,505.2389,452.0552,48.5638,554.4448,129.0843,4083.3,4,True,29,6,7,16,341608->341553->341554->341551->342640->342641->342642->646764->563119->563189->563191->341558->341518->341560->343710->342115->563067->342636->338199->338198->562865->339135->338197->338925->646201->339126->338348->338347->338346->338354
rl_signal,t1_seonjeongneung_daechi,long,peak,8.0,7,461.5124,407.8548,48.6867,546.7918,129.411,3484.7,3,True,29,5,4,20,341608->341553->341554->341551->342640->613995->342644->342148->342645->341559->342115->563067->342636->338199->338198->562865->339135->338197->338925->587845->646128->587905->339124->339125->338598->338208->338599->587846->338600->338354
rl_signal,t1_seonjeongneung_daechi,long,peak,8.0,8,467.0869,407.9516,55.3844,530.2677,147.2138,3530.3,3,True,31,7,4,20,341608->341553->341554->341551->342640->613995->342644->342148->342645->341559->342115->563067->342636->338199->338198->562865->339135->338197->338925->587845->646128->646127->646128->587905->339124->339125->338598->338208->338599->587846->338600->338354
rl_signal,t1_seonjeongneung_daechi,long,peak,8.0,9,515.2234,506.1956,7.5564,657.861,20.0852,4484.1,2,True,40,7,6,27,341608->341553->341554->341551->342640->342641->342642->646764->563119->563189->341512->341517->341518->341560->343710->342115->563067->342636->342147->341996->341571->340229->562951->338222->338726->338837->339122->339135->338197->338925->587845->646128->587905->339124->339125->338598->338208->338599->587846->338600->338354
rl_signal,t1_seonjeongneung_daechi,long,peak,8.0,10,459.9847,402.2649,53.7069,541.2422,142.755,3484.7,3,True,29,5,4,20,341608->341553->341554->341551->342640->613995->342644->342148->342645->341559->342115->563067->342636->338199->338198->562865->339135->338197->338925->587845->646128->587905->339124->339125->338598->338208->338599->587846->338600->338354
rl_signal,t1_seonjeongneung_daechi,long,peak,8.0,11,779.7842,718.1778,56.0183,899.4986,148.8988,6350.3,4,True,54,11,15,28,341608->341553->341554->341551->342640->342641->342642->646764->563119->563108->563119->563189->563191->341558->341518->341560->343710->342115->563067->342636->338199->338198->562865->339135->338197->338925->587845->646128->587905->339124->587841->338206->340158->338207->340157->340158->338206->338776->339001->646223->587844->587841->338206->340158->338207->340157->340158->338206->339125->338598->338208->338599->587846->338600->338354
rl_signal,t1_seonjeongneung_daechi,long,peak,8.0,12,526.5429,479.3422,39.6732,569.5936,105.4528,4091.5,4,True,34,6,6,22,341608->341553->341554->341551->342640->342641->342642->646764->563119->563189->563191->341558->341518->341560->343710->342115->563067->342636->338199->338198->562865->339135->338197->338925->587845->646128->587905->339124->339125->338598->338208->338599->587846->338600->338354
rl_signal,t1_seonjeongneung_daechi,long,peak,8.0,13,905.1005,696.8893,197.113,871.9651,523.9335,5607.2,8,True,54,8,5,41,341608->341553->341554->341551->342640->342641->342642->646764->563119->563189->341512->341517->341518->341560->343710->342115->563067->342636->338199->338198->562865->339135->338197->338596->613615->338210->613623->645958->613623->338210->338595->338693->338227->339819->646028->646026->339934->339811->340231->339724->339314->339317->338256->338621->338727->339001->338776->338206->339125->338598->338208->338599->587846->338600->338354
rl_signal,t1_seonjeongneung_daechi,long,peak,8.0,14,517.5922,464.2112,47.5741,558.6132,126.4536,4091.5,4,True,34,6,6,22,341608->341553->341554->341551->342640->342641->342642->646764->563119->563189->563191->341558->341518->341560->343710->342115->563067->342636->338199->338198->562865->339135->338197->338925->587845->646128->587905->339124->339125->338598->338208->338599->587846->338600->338354
rl_signal,t1_seonjeongneung_daechi,long,peak,8.0,15,580.8847,484.7348,91.1182,614.2926,242.1956,4091.5,5,True,34,6,6,22,341608->341553->341554->341551->342640->342641->342642->646764->563119->563189->563191->341558->341518->341560->343710->342115->563067->342636->338199->338198->562865->339135->338197->338925->587845->646128->587905->339124->339125->338598->338208->338599->587846->338600->338354
rl_signal,t1_seonjeongneung_daechi,long,peak,8.0,16,504.8238,473.1226,26.6098,611.0288,70.7299,4211.1,2,True,36,7,4,25,341608->341553->341554->341551->342640->342641->342642->646764->646763->646764->563119->563189->341512->341517->341518->341560->343710->342115->563067->342636->338199->338198->562865->339135->338197->338925->587845->646128->587905->339124->339125->338598->338208->338599->587846->338600->338354
rl_signal,t1_seonjeongneung_daechi,long,peak,8.0,17,487.3718,431.4788,52.2093,540.7281,138.7743,3938.8,3,True,31,5,4,22,341608->341553->341554->341551->342640->613995->342644->341552->341562->341564->342639->563096->342115->563067->342636->338199->338198->562865->339135->338197->338925->587845->646128->587905->339124->339125->338598->338208->338599->587846->338600->338354
rl_signal,t1_seonjeongneung_daechi,long,peak,8.0,18,467.5882,405.0875,58.2546,522.5397,154.8428,3484.7,3,True,29,5,4,20,341608->341553->341554->341551->342640->613995->342644->342148->342645->341559->342115->563067->342636->338199->338198->562865->339135->338197->338925->587845->646128->587905->339124->339125->338598->338208->338599->587846->338600->338354
rl_signal,t1_seonjeongneung_daechi,long,peak,8.0,19,453.7886,398.2936,52.919,541.4878,140.6607,3484.7,3,True,29,5,4,20,341608->341553->341554->341551->342640->613995->342644->342148->342645->341559->342115->563067->342636->338199->338198->562865->339135->338197->338925->587845->646128->587905->339124->339125->338598->338208->338599->587846->338600->338354
rl_signal,t1_seonjeongneung_daechi,long,peak,8.0,20,707.4132,629.3286,73.6681,791.8285,195.8125,5127.6,4,True,44,7,12,25,341608->341553->341554->341551->342640->342641->342642->646764->563119->563189->563191->341558->341518->341560->343710->342115->563067->342636->338199->338198->562865->339135->338197->338925->587845->646128->587905->339124->587910->587846->338599->338208->338598->339125->339124->587905->646128->587845->338925->646201->339126->338348->338347->338346->338354
rl_signal,t1_seonjeongneung_daechi,long,peak,8.0,21,507.1374,474.7682,28.9879,606.1819,77.0508,4107.1,3,True,34,5,4,25,341608->341553->341554->341551->342640->342641->342642->646764->563119->563189->341512->341517->341518->341560->343710->342115->563067->342636->338199->338198->562865->339135->338197->338925->587845->646128->587905->339124->339125->338598->338208->338599->587846->338600->338354
rl_signal,t1_seonjeongneung_daechi,long,peak,8.0,22,454.296,388.2717,62.7023,511.2809,166.6649,3484.7,3,True,29,5,4,20,341608->341553->341554->341551->342640->613995->342644->342148->342645->341559->342115->563067->342636->338199->338198->562865->339135->338197->338925->587845->646128->587905->339124->339125->338598->338208->338599->587846->338600->338354
rl_signal,t1_seonjeongneung_daechi,long,peak,8.0,23,519.4884,482.2643,31.9329,595.8241,84.8789,4195.5,4,True,36,8,6,22,341608->341553->341554->341551->342640->342641->342642->646764->646763->646764->563119->563189->563191->341558->341518->341560->343710->342115->563067->342636->338199->338198->562865->339135->338197->338925->587845->646128->587905->339124->339125->338598->338208->338599->587846->338600->338354
rl_signal,t1_seonjeongneung_daechi,long,peak,8.0,24,471.8529,407.8195,59.7085,521.7027,158.7074,3484.7,3,True,29,5,4,20,341608->341553->341554->341551->342640->613995->342644->342148->342645->341559->342115->563067->342636->338199->338198->562865->339135->338197->338925->587845->646128->587905->339124->339125->338598->338208->338599->587846->338600->338354
rl_signal,t1_seonjeongneung_daechi,long,peak,8.0,25,608.6318,520.2449,82.6082,637.1258,219.5757,4476.5,4,True,40,7,6,27,341608->341553->341554->341551->342640->613995->613994->613995->342640->342641->342642->646764->563119->563189->341512->341517->341518->341560->343710->342115->563067->342636->338199->338198->562865->339135->338197->338925->587845->646128->587905->587904->587905->339124->339125->338598->338208->338599->587846->338600->338354
rl_signal,t1_seonjeongneung_daechi,long,peak,8.0,26,597.2661,506.9354,85.3155,637.358,226.7716,4272.1,4,True,38,6,5,27,341608->341553->341554->341565->340710->341776->341538->341551->342640->342641->342642->646764->563119->563189->341512->341517->341518->341560->343710->342115->563067->342636->338199->338198->562865->339135->338197->338925->587845->646128->587905->339124->339125->338598->338208->338599->587846->338600->338354
rl_signal,t1_seonjeongneung_daechi,long,peak,8.0,27,840.0018,703.729,129.8541,872.1431,345.157,5732.6,4,True,58,9,11,38,341608->563168->342694->344353->341593->563301->563300->563301->341593->646355->341601->343106->343943->342693->341607->588038->563143->338261->341734->341572->340705->341555->342643->341561->341568->341735->341564->342645->341559->342115->563067->342636->338199->338198->562865->339135->338197->338596->613615->338210->613623->645958->613623->338210->613615->338596->338197->338925->587845->646128->587905->339124->339125->338598->338208->338599->587846->338600->338354
rl_signal,t1_seonjeongneung_daechi,long,peak,8.0,28,573.5002,482.9194,84.5685,637.2549,224.7863,3861.7,5,True,38,5,4,29,341608->341553->341554->341551->341538->613852->344181->342630->342628->563165->341547->341774->343989->341775->342641->341737->341569->341985->341559->342115->563067->342636->338199->338198->562865->339135->338197->338925->587845->646128->587905->339124->339125->338598->338208->338599->587846->338600->338354
rl_signal,t1_seonjeongneung_daechi,long,peak,8.0,29,458.9548,402.3871,53.1263,539.1266,141.2116,3484.7,3,True,29,5,4,20,341608->341553->341554->341551->342640->613995->342644->342148->342645->341559->342115->563067->342636->338199->338198->562865->339135->338197->338925->587845->646128->587905->339124->339125->338598->338208->338599->587846->338600->338354
rl_signal,t1_seonjeongneung_daechi,long,peak,8.0,30,476.7602,407.5966,65.6907,507.4069,174.6083,3484.7,3,True,29,5,4,20,341608->341553->341554->341551->342640->613995->342644->342148->342645->341559->342115->563067->342636->338199->338198->562865->339135->338197->338925->587845->646128->587905->339124->339125->338598->338208->338599->587846->338600->338354
rl_signal,t2_yeoksam_hakyeoul,long,off_peak,7.0,1,1049.3007,895.025,145.4462,1016.7139,386.6012,7261.6,6,True,62,8,14,40,338267->338584->338254->338767->338768->587842->338583->338268->338262->338586->339132->338258->339538->338261->563143->588038->341607->344213->343102->341557->342643->341561->341562->341564->342639->563096->342115->563067->342636->338199->338198->562865->339135->338197->338925->646201->339126->338603->338223->338602->339123->338790->339152->338733->646265->338311->339297->339000->339664->338312->338343->338313->340271->340280->338887->338315->338314->340271->340280->562957->340280->340271->338344
rl_signal,t2_yeoksam_hakyeoul,long,off_peak,7.0,2,1506.9973,1120.791,362.3214,1245.2033,963.0633,8938.8,14,True,82,16,13,53,338267->338584->338254->338767->338768->587842->338583->338268->338262->338586->339132->338258->339538->338261->563143->588038->341607->344213->343102->341557->342643->341561->341562->341564->342639->563096->342115->563067->342636->338199->338198->562865->339135->338197->338925->646201->339126->338348->338347->338346->339296->338349->646052->338349->338341->338728->339266->338343->338312->339664->339000->339666->339667->339666->339000->339297->338311->646265->338733->339152->338790->339123->338602->338223->338603->339126->338348->338347->338346->339296->338349->338341->338728->339266->338343->338313->340271->340280->338887->338315->338314->340271->338344
rl_signal,t2_yeoksam_hakyeoul,long,off_peak,7.0,3,1019.5601,854.6439,149.6501,963.097,397.7755,7057.6,8,True,69,12,7,50,338267->338584->338254->338767->338768->587842->338583->338268->338262->338586->339132->338258->339538->338261->563143->588038->588037->588038->563143->338261->339538->338258->613662->613661->613662->338258->339132->338586->338262->338587->338588->339119->338997->645954->339806->646068->338655->340247->340245->338921->340159->339654->339136->338209->338648->646070->338251->338252->338199->338198->562865->339135->338197->338925->646201->339126->338603->338223->338602->339123->338790->339152->338733->646265->338311->339297->339000->339664->338312->338344
rl_signal,t2_yeoksam_hakyeoul,long,off_peak,7.0,4,1533.6786,1243.661,273.3839,1443.7814,726.6644,9399.5,13,True,87,17,15,55,338267->338584->338254->338767->338768->587842->338583->338268->338262->339922->340140->339002->338922->646291->338226->339127->338649->338999->339654->339136->338209->338648->646070->338251->338252->338199->338198->562865->339135->338197->338925->646201->339126->338348->338347->338346->339296->338349->646052->338349->338341->338728->339266->338343->338312->339664->339000->339666->339667->339666->339000->339297->338311->646265->338733->339152->338790->339123->338602->338223->338605->338597->338197->338925->646201->339126->338603->338223->338602->339123->338790->339152->338733->646265->338311->339297->339000->339664->338312->338343->338313->340271->340280->338887->338315->338314->340271->338344
rl_signal,t2_yeoksam_hakyeoul,long,off_peak,7.0,5,983.3715,811.3227,157.9288,878.0544,419.7805,6660.0,7,True,58,7,12,39,338267->338584->338254->338767->338768->587842->338583->338268->338262->338586->339132->338258->339538->338261->563143->588038->341607->344213->343102->341557->342643->341561->341562->341564->342639->563096->342115->563067->342636->338199->338198->562865->339135->338197->338925->646201->339126->338603->338223->338602->339123->338790->339152->338733->646265->338311->339297->339000->339664->338312->338343->338313->340271->340280->338887->338315->338314->340271->338344
rl_signal,t2_yeoksam_hakyeoul,long,off_peak,7.0,6,1188.7359,1016.08,162.1977,1207.691,431.1275,8758.0,8,True,74,14,11,49,338267->338584->338254->338767->338768->587842->338583->338268->338262->338586->339132->338258->339538->338261->563143->588038->341607->344213->343102->341557->342643->341561->341562->341564->342639->563096->342115->563067->342636->338199->338252->338226->646291->338922->339657->338655->339656->339807->339810->338999->338649->339136->645956->338227->338693->338595->338210->613615->338596->338197->338925->587845->646128->587905->339124->339125->338598->338208->338599->587846->587910->339124->587841->338206->340158->340157->338207->338327->338328->338342->338887->338315->338314->340271->338344
rl_signal,t2_yeoksam_hakyeoul,long,off_peak,7.0,7,965.3017,831.8678,125.4906,964.2406,333.5584,6660.0,6,True,58,7,12,39,338267->338584->338254->338767->338768->587842->338583->338268->338262->338586->339132->338258->339538->338261->563143->588038->341607->344213->343102->341557->342643->341561->341562->341564->342639->563096->342115->563067->342636->338199->338198->562865->339135->338197->338925->646201->339126->338603->338223->338602->339123->338790->339152->338733->646265->338311->339297->339000->339664->338312->338343->338313->340271->340280->338887->338315->338314->340271->338344
rl_signal,t2_yeoksam_hakyeoul,long,off_peak,7.0,8,1637.759,1326.4832,287.1852,1422.3853,763.3487,9604.1,14,True,95,19,20,56,338267->338584->338254->338767->338768->587842->338583->338268->338262->338586->339132->338258->339538->338261->563143->588038->341607->344213->343102->341557->342643->341561->341562->341564->342639->563096->342115->563067->342636->338199->338198->562865->339135->338197->338925->646201->339126->338603->338223->338602->339123->339120->339123->338790->339152->339153->562882->562895->562882->339153->339152->338790->339123->338602->338223->338603->339126->338348->338347->338346->339296->338349->646052->338349->338341->338728->339266->338343->338312->339664->339000->339666->339667->339666->339000->339297->338311->338769->338324->338779->338324->338769->338311->339297->339000->339664->338312->338343->338313->340271->340280->338887->338315->338314->340271->338344
rl_signal,t2_yeoksam_hakyeoul,long,off_peak,7.0,9,1092.4384,861.4859,218.9542,981.6891,581.9882,7033.3,7,True,68,8,10,50,338267->338584->338254->338767->338768->587842->338583->338268->338262->338586->339132->338258->339538->338261->563143->588038->341607->344213->344212->344213->341607->342693->343943->343106->341601->343104->341594->341605->341595->343103->341778->341593->344353->342694->563168->341608->341553->341554->341551->342640->342641->342642->646764->563119->563189->341512->341517->341516->341515->342114->563094->646707->342613->341535->343726->343919->338310->339265->338311->339297->339000->339664->338312->338709->338313->338707->338314->340271->338344
rl_signal,t2_yeoksam_hakyeoul,long,off_peak,7.0,10,1129.3195,954.9991,165.8267,1099.962,440.7735,7952.3,6,True,68,7,17,44,338267->338584->338254->338767->338768->587842->338583->338268->338262->338586->339132->338258->339538->338261->563143->588038->341607->344213->343102->341557->342643->341561->341562->341564->342639->341549->341566->341568->341735->341564->342645->341559->342115->563067->342636->338199->338198->562865->339135->338197->338925->646201->339126->338603->338223->338602->339123->338790->339152->338733->646265->338311->339297->339000->339664->338312->338343->338313->340271->340280->338887->338315->338314->340271->340280->562957->340280->340271->338344
rl_signal,t2_yeoksam_hakyeoul,long,off_peak,7.0,11,945.759,800.4559,135.4052,946.9132,359.9118,6660.0,6,True,58,7,12,39,338267->338584->338254->338767->338768->587842->338583->338268->338262->338586->339132->338258->339538->338261->563143->588038->341607->344213->343102->341557->342643->341561->341562->341564->342639->563096->342115->563067->342636->338199->338198->562865->339135->338197->338925->646201->339126->338603->338223->338602->339123->338790->339152->338733->646265->338311->339297->339000->339664->338312->338343->338313->340271->340280->338887->338315->338314->340271->338344
rl_signal,t2_yeoksam_hakyeoul,long,off_peak,7.0,12,1200.1073,918.7467,266.1545,1038.0189,707.4483,7393.9,10,True,69,15,7,47,338267->338584->338254->338767->338768->587842->338583->338268->338262->338586->339132->338258->339538->338261->339571->338218->339094->338258->613662->339651->338651->562921->562923->342153->341556->341555->342643->341561->341562->341564->342639->563096->342115->563067->342636->338199->338198->562865->339135->338197->338925->646201->339126->338603->338223->338605->338597->338197->338925->646201->339126->338603->338223->338602->339123->338790->339152->338733->646265->338311->339297->339000->339664->338312->338709->338313->338707->338314->340271->338344
rl_signal,t2_yeoksam_hakyeoul,long,off_peak,7.0,13,1364.1363,1116.4195,234.8366,1221.6943,624.2042,9109.3,9,True,81,14,18,49,338267->338584->338254->338767->338768->587842->338583->338268->338262->338586->339132->338258->339538->338261->563143->588038->341607->344213->343102->341557->342643->341561->341562->341564->342639->563096->342115->563067->342636->338199->338198->562865->339135->338197->338925->587845->646128->587905->339124->587841->338206->340158->338207->340157->340158->338206->587841->587903->587841->339124->587910->587846->338599->338208->338598->339125->338206->587841->339124->587905->646128->646127->646128->587905->339124->587841->587844->646223->339001->338776->338206->340158->340157->338207->338327->338328->338342->338887->338315->338314->340271->338344
rl_signal,t2_yeoksam_hakyeoul,long,off_peak,7.0,14,985.3354,841.4785,133.691,955.2939,355.3554,6994.8,6,True,60,9,14,37,338267->338584->338254->338767->338768->587842->338583->338268->338262->338586->339132->338258->339538->338261->563143->588038->341607->344213->343102->341557->342643->341561->341562->341564->342639->563096->342115->563067->342648->342147->342636->338199->338198->562865->339135->338197->338925->646201->339126->338603->338223->338602->339123->338790->339152->338733->646265->338311->339297->339000->339664->338312->338343->338313->340271->340280->338887->338315->338314->340271->338344
rl_signal,t2_yeoksam_hakyeoul,long,off_peak,7.0,15,999.1297,839.2997,148.8674,926.7085,395.695,6823.7,7,True,62,9,11,42,338267->338584->338254->338767->338768->587842->338583->338268->338262->338586->339132->338258->339538->338261->563143->588038->588037->588038->563143->338261->341734->341572->588040->341557->342643->341561->341562->341564->342639->563096->342115->563067->342636->338199->338198->562865->339135->338197->338925->646201->339126->338603->338223->338602->339123->338790->339152->338733->646265->338311->339297->339000->339664->338312->338343->338313->340271->340280->338887->338315->338314->340271->338344
rl_signal,t2_yeoksam_hakyeoul,long,off_peak,7.0,16,932.8565,821.734,104.6617,950.9836,278.1945,6608.9,4,True,58,8,13,37,338267->338584->338254->338767->338768->587842->338583->338268->338262->338586->339132->338258->339538->338261->563143->588038->341607->344213->343102->341557->342643->341561->341562->341564->342639->563096->342115->563067->342636->342147->342648->341560->341518->341517->341516->341515->342114->563094->646707->342613->341535->343726->343919->338310->339265->338311->339297->339000->339664->338312->338343->338313->340271->340280->338887->338315->338314->340271->338344
rl_signal,t2_yeoksam_hakyeoul,long,off_peak,7.0,17,1525.9864,1192.959,313.2414,1377.4908,832.607,9578.0,13,True,94,16,15,63,338267->338584->338254->338767->338768->587842->338583->338268->338262->339922->340140->339002->338922->646291->338226->339127->338649->338999->339654->339136->338209->339659->338210->613615->338596->338197->338597->338605->338223->338603->339126->338348->338347->338346->339296->338349->646052->338349->338341->338728->339266->338343->338312->339664->339000->339666->339667->339666->339668->339666->339000->339297->338311->646265->338733->339152->338790->339123->338602->338223->338604->646056->339122->339135->562865->338198->338199->342636->342147->342648->341560->563185->341738->341569->344767->341558->341518->341517->341516->341515->342114->563094->646707->342613->341535->343726->343919->338310->339265->338311->339297->339000->339664->338312->338344
rl_signal,t2_yeoksam_hakyeoul,long,off_peak,7.0,18,954.0617,799.7773,143.8168,921.0579,382.2704,6660.0,7,True,58,7,12,39,338267->338584->338254->338767->338768->587842->338583->338268->338262->338586->339132->338258->339538->338261->563143->588038->341607->344213->343102->341557->342643->341561->341562->341564->342639->563096->342115->563067->342636->338199->338198->562865->339135->338197->338925->646201->339126->338603->338223->338602->339123->338790->339152->338733->646265->338311->339297->339000->339664->338312->338343->338313->340271->340280->338887->338315->338314->340271->338344
rl_signal,t2_yeoksam_hakyeoul,long,off_peak,7.0,19,1021.6468,809.4877,199.2476,928.7039,529.6073,6660.0,8,True,58,7,12,39,338267->338584->338254->338767->338768->587842->338583->338268->338262->338586->339132->338258->339538->338261->563143->588038->341607->344213->343102->341557->342643->341561->341562->341564->342639->563096->342115->563067->342636->338199->338198->562865->339135->338197->338925->646201->339126->338603->338223->338602->339123->338790->339152->338733->646265->338311->339297->339000->339664->338312->338343->338313->340271->340280->338887->338315->338314->340271->338344
rl_signal,t2_yeoksam_hakyeoul,long,off_peak,7.0,20,1068.0403,896.2242,158.7644,979.0575,422.0016,7327.0,7,True,64,8,14,42,338267->338584->338254->338767->338768->587842->338583->338268->338262->338586->339132->338258->339538->338261->563143->588038->341607->344213->343102->341557->342643->341561->341562->341564->342639->563096->342115->563067->342636->338199->338198->562865->339135->338197->338925->646201->339126->338603->338223->338602->339123->338790->339152->338733->646265->338311->339297->339000->339664->338312->338343->338313->340271->340280->338887->338315->338314->338707->338313->340271->340280->562957->340280->340271->338344
rl_signal,t2_yeoksam_hakyeoul,long,off_peak,7.0,21,968.8995,725.0364,230.9938,847.2087,613.9899,5989.8,9,True,50,7,7,36,338267->338584->338254->338767->338768->587842->338583->338268->338262->338586->339132->338258->339538->338261->563143->588038->341607->344213->343102->341557->342643->341561->341562->341564->342639->563096->342115->563067->342636->338199->338198->562865->339135->338197->338925->646201->339126->338603->338223->338602->339123->338790->339152->338733->646265->338311->339297->339000->339664->338312->338344
rl_signal,t2_yeoksam_hakyeoul,long,off_peak,7.0,22,785.442,694.6538,84.9499,830.7647,225.7999,5741.2,4,True,52,10,15,27,338267->338584->338254->338926->646136->339130->339129->338926->338254->339133->338229->338218->339571->338261->563143->588038->341607->344213->343102->341557->342643->341561->341562->341564->342639->563096->342115->563067->342636->342147->341996->341571->341521->342613->341535->343726->343919->338310->339265->338311->339297->339000->339664->338312->338343->338313->340271->340280->338887->338315->338314->340271->338344
rl_signal,t2_yeoksam_hakyeoul,long,off_peak,7.0,23,1128.9439,871.7317,244.709,948.2937,650.4453,6984.4,9,True,64,11,10,43,338267->338584->338254->338767->338768->587842->338583->338268->338262->338586->339132->338258->339538->338261->563143->588038->341607->344213->343102->341557->342643->341555->341736->341568->341561->341563->341552->341562->341564->342639->563096->342115->563067->342636->338199->338198->562865->339135->338197->338925->646201->339126->338603->338223->338602->339123->338790->339152->338733->646265->338311->338769->338324->338779->338324->338769->338311->339297->339000->339664->338312->338343->338313->340271->338344
rl_signal,t2_yeoksam_hakyeoul,long,off_peak,7.0,24,870.985,762.9375,100.2376,835.7305,266.4352,6090.2,5,True,57,7,11,39,338267->338584->338254->338767->338768->587842->338583->338268->338262->338587->338588->339119->338997->645954->339806->646068->338655->340247->340245->338921->340159->339654->339136->338209->338648->646070->338251->338252->338199->338198->562865->339135->338197->338925->646201->339126->338603->338223->338602->339123->338790->339152->338733->646265->338311->339297->339000->339664->338312->338343->338313->340271->340280->338887->338315->338314->340271->338344
rl_signal,t2_yeoksam_hakyeoul,long,off_peak,7.0,25,898.5522,744.1476,142.5231,862.2762,378.8316,5706.4,7,True,51,8,9,34,338267->338584->338254->338767->338768->587842->338583->338268->338262->339922->340140->339002->338922->646291->338226->339127->338649->338999->339654->339136->338209->338648->646070->338251->338252->338199->338198->562865->339135->338197->338925->646201->339126->338603->338223->338602->339123->338790->339152->338733->646265->338311->339297->339000->339664->338312->338343->338313->338707->338314->340271->338344
rl_signal,t2_yeoksam_hakyeoul,long,off_peak,7.0,26,978.2093,835.2536,130.8297,974.562,347.7502,6660.0,7,True,58,7,12,39,338267->338584->338254->338767->338768->587842->338583->338268->338262->338586->339132->338258->339538->338261->563143->588038->341607->344213->343102->341557->342643->341561->341562->341564->342639->563096->342115->563067->342636->338199->338198->562865->339135->338197->338925->646201->339126->338603->338223->338602->339123->338790->339152->338733->646265->338311->339297->339000->339664->338312->338343->338313->340271->340280->338887->338315->338314->340271->338344
rl_signal,t2_yeoksam_hakyeoul,long,off_peak,7.0,27,995.2346,837.1406,144.1989,923.1182,383.286,6660.0,8,True,58,7,12,39,338267->338584->338254->338767->338768->587842->338583->338268->338262->338586->339132->338258->339538->338261->563143->588038->341607->344213->343102->341557->342643->341561->341562->341564->342639->563096->342115->563067->342636->338199->338198->562865->339135->338197->338925->646201->339126->338603->338223->338602->339123->338790->339152->338733->646265->338311->339297->339000->339664->338312->338343->338313->340271->340280->338887->338315->338314->340271->338344
rl_signal,t2_yeoksam_hakyeoul,long,off_peak,7.0,28,905.3784,723.3092,171.6991,847.7826,456.3825,5486.7,8,True,50,7,11,32,338267->338584->338254->338767->338768->587842->338583->338268->338262->339922->340140->339002->338922->646291->338226->339127->338649->338999->339654->339136->338209->339659->338210->613615->338596->338197->338925->646201->339126->338603->338223->338602->339123->338790->339152->338733->646265->338311->339297->339000->339664->338312->338343->338313->340271->340280->338887->338315->338314->340271->338344
rl_signal,t2_yeoksam_hakyeoul,long,off_peak,7.0,29,1028.314,883.3906,137.3674,1043.8598,365.1275,7327.0,6,True,64,8,14,42,338267->338584->338254->338767->338768->587842->338583->338268->338262->338586->339132->338258->339538->338261->563143->588038->341607->344213->343102->341557->342643->341561->341562->341564->342639->563096->342115->563067->342636->338199->338198->562865->339135->338197->338925->646201->339126->338603->338223->338602->339123->338790->339152->338733->646265->338311->339297->339000->339664->338312->338343->338313->340271->340280->338887->338315->338314->338707->338313->340271->340280->562957->340280->340271->338344
rl_signal,t2_yeoksam_hakyeoul,long,off_peak,7.0,30,1014.893,840.4518,159.0739,874.2021,422.8243,6660.0,7,True,58,7,12,39,338267->338584->338254->338767->338768->587842->338583->338268->338262->338586->339132->338258->339538->338261->563143->588038->341607->344213->343102->341557->342643->341561->341562->341564->342639->563096->342115->563067->342636->338199->338198->562865->339135->338197->338925->646201->339126->338603->338223->338602->339123->338790->339152->338733->646265->338311->339297->339000->339664->338312->338343->338313->340271->340280->338887->338315->338314->340271->338344
rl_signal,t2_yeoksam_hakyeoul,long,peak,8.0,1,1365.451,1138.2136,215.4437,1496.577,572.6572,8936.2,10,True,84,15,13,56,338267->338584->338254->338767->338768->587842->338583->338268->338262->338586->339132->338258->339538->338261->563143->588038->588037->588038->563143->338261->339538->338258->613662->339651->338651->339293->341572->588040->341557->342643->341561->341563->341552->341562->341564->342639->563096->342115->563067->342636->338199->338198->562865->339135->338197->338925->646201->339126->338603->338223->338602->339123->338790->339152->338733->646265->338311->339265->338310->343919->343726->341535->344530->344529->341533->344530->341535->343726->343919->338310->339265->338311->339297->339000->339664->338312->338343->338313->340271->340280->338887->338315->338314->340271->338344
rl_signal,t2_yeoksam_hakyeoul,long,peak,8.0,2,1407.6887,1007.7901,386.7226,1278.2194,1027.9228,7873.7,13,True,80,15,12,53,338267->338584->338254->338767->338768->587842->338583->338268->338262->338586->339132->338258->339538->338261->341734->341572->588040->341557->342643->341561->341562->341564->342639->563096->342115->563067->342636->338199->338198->562865->339135->338197->338597->338605->338223->338602->339123->338790->339152->338733->646265->338311->339297->339000->339664->338312->338343->339266->338728->338341->338349->339296->338346->338347->338706->338354->338346->338347->338706->338354->338346->338347->338706->338354->338346->339296->338349->646052->338349->338341->338728->339266->338343->338313->340271->340280->338887->338315->338314->340271->338344
rl_signal,t2_yeoksam_hakyeoul,long,peak,8.0,3,1063.7849,800.0267,255.7936,1066.4543,679.9087,6547.4,8,True,56,10,11,35,338267->338584->338254->338767->338768->587842->338583->338268->338262->338586->339132->338258->339538->338261->563143->588038->341607->344213->343102->341557->342643->341561->341563->341552->341562->341564->342639->563096->342115->563067->342648->342147->342636->338199->338198->338222->562951->340229->341571->341521->342613->341535->343726->343919->338310->339265->338311->339297->339000->339664->338312->338709->338313->338707->338314->340271->338344
rl_signal,t2_yeoksam_hakyeoul,long,peak,8.0,4,1243.3144,954.1008,273.9477,1120.3844,728.163,6793.2,9,True,64,9,12,43,338267->338584->338254->338767->338768->587842->338583->338268->338262->338586->339132->338258->339538->338261->563143->588038->341607->344213->343102->341557->342643->341561->341562->341564->342639->563096->342115->563067->342648->342147->342636->338199->338198->562865->339135->338197->338597->338605->338223->338602->339123->338790->339152->338733->646265->338311->338769->338324->338779->338324->338769->338311->339297->339000->339664->338312->338343->338313->340271->340280->338887->338315->338314->340271->338344
rl_signal,t2_yeoksam_hakyeoul,long,peak,8.0,5,1759.9493,1418.8451,326.5032,1941.9438,867.8574,11153.2,13,True,103,19,21,63,338267->338584->338254->338767->338768->587842->338583->338268->338262->338586->339132->338258->339538->338261->563143->588038->341607->344213->343102->341557->342643->341561->341562->341564->342639->563096->342115->563067->342636->338199->338252->338226->646291->338922->339657->338655->339656->339807->339810->338999->338649->339136->645956->338227->338693->338595->338210->613615->338596->338197->338597->338605->338223->338603->339126->338348->338347->338346->339296->338349->646052->338349->338341->338728->339266->338343->338312->339664->339000->339666->339667->339666->339000->339297->338311->646265->646264->646265->338311->339265->338310->343919->343726->341535->344530->344529->343940->339229->338324->338769->338311->339297->339000->339664->338312->338343->338313->340271->340280->338887->338315->338314->340271->338344
rl_signal,t2_yeoksam_hakyeoul,long,peak,8.0,6,1129.4525,895.129,222.8265,1156.4076,592.2808,7275.6,10,True,65,11,8,46,338267->338584->338254->338767->338768->587842->338583->338268->338262->338586->339132->338258->339538->338261->563143->588038->341607->344213->343102->341557->342643->341561->341562->341564->342639->563096->342115->563067->342636->338199->338198->562865->339135->338197->338925->646201->339126->338603->338223->338604->646056->339122->339135->338197->338925->646201->339126->338603->338223->338602->339123->338790->339152->338733->646265->338311->339297->339000->339664->338312->338709->338313->338707->338314->340271->338344
rl_signal,t2_yeoksam_hakyeoul,long,peak,8.0,7,1058.2092,895.033,155.0408,1177.812,412.104,7079.0,7,True,62,8,15,39,338267->338584->338254->338767->338768->587842->338583->338268->338262->338586->339132->338258->339538->338261->563143->588038->341607->344213->343102->341557->342643->341561->341563->341552->341562->341564->342639->563096->342115->563067->342636->338199->338198->562865->339135->338197->338925->646201->646200->646201->339126->338603->338223->338602->339123->338790->339152->338733->646265->338311->339297->339000->339664->338312->338343->338313->340271->340280->338887->338315->338314->340271->338344
rl_signal,t2_yeoksam_hakyeoul,long,peak,8.0,8,1382.5639,1157.3762,212.0706,1547.5748,563.6912,9284.7,10,True,85,15,12,58,338267->338584->338254->338767->338768->587842->338583->338268->338262->338586->339132->338258->339538->338261->563143->588038->341607->342685->341600->342074->338219->338218->339094->338258->339538->338261->563143->588038->341607->344213->343102->341557->342643->341561->341562->341564->342639->563096->342115->563067->342636->338199->338198->562865->339135->338197->338925->646201->339126->338603->338223->338604->646056->339122->338837->338726->338222->338198->562865->339135->338197->338925->646201->339126->338603->338223->338602->339123->338790->339152->338733->646265->338311->339297->339000->339664->338312->338343->338313->340271->340280->338887->338315->338314->340271->338344
rl_signal,t2_yeoksam_hakyeoul,long,peak,8.0,9,1012.4657,837.7532,165.8791,1019.8641,440.9125,6827.9,6,True,61,6,15,40,338267->338584->338254->338767->338768->587842->338583->338268->338262->338586->339132->338258->339538->338261->563143->588038->341607->344213->343102->341557->342643->341561->341562->341564->341735->341568->341561->341562->341564->342639->563096->342115->563067->342636->338199->338198->562865->339135->338197->338597->338605->338223->338602->339123->338790->339152->338733->646265->338311->339297->339000->339664->338312->338343->338313->340271->340280->338887->338315->338314->340271->338344
rl_signal,t2_yeoksam_hakyeoul,long,peak,8.0,10,1016.3445,818.7048,189.1677,1063.4973,502.8146,6593.4,7,True,58,7,12,39,338267->338584->338254->338767->338768->587842->338583->338268->338262->338586->339132->338258->339538->338261->563143->588038->341607->344213->343102->341557->342643->341561->341563->341552->341562->341564->342639->563096->342115->563067->342636->338199->338198->562865->339135->338197->338597->338605->338223->338602->339123->338790->339152->338733->646265->338311->339297->339000->339664->338312->338343->338313->340271->340280->338887->338315->338314->340271->338344
rl_signal,t2_yeoksam_hakyeoul,long,peak,8.0,11,928.5369,670.7456,247.9439,909.466,659.044,4856.0,10,True,43,4,8,31,338267->338584->338254->338767->338768->587842->338583->338268->338262->339922->340140->339002->338922->646291->338226->338252->338199->338198->562865->339135->339122->646056->338604->338223->338602->339123->338790->339152->338733->646265->338311->339297->339000->339664->338312->338343->338313->340271->340280->338887->338315->338314->340271->338344
rl_signal,t2_yeoksam_hakyeoul,long,peak,8.0,12,1470.1797,1198.0614,259.8868,1601.5742,690.7885,9601.9,11,True,86,17,14,55,338267->338584->338254->338767->338768->587842->338583->338268->338262->338586->339132->338258->339538->338261->563143->588038->341607->344213->343102->341557->342643->341561->341562->341564->342639->563096->342115->563067->342636->338199->338198->562865->339135->338197->338925->646201->339126->338603->338223->338602->339123->338790->339152->338733->646265->338311->339297->339000->339664->338312->338343->339266->338728->338341->338349->339296->338346->338347->338706->338354->338346->338347->338706->338354->338346->338347->338348->339126->646201->338925->587845->646128->587905->339124->587841->338206->340158->340157->338207->338327->338328->338342->338887->338315->338314->340271->338344
rl_signal,t2_yeoksam_hakyeoul,long,peak,8.0,13,1325.661,1000.205,312.5652,1275.021,830.8096,7831.9,12,True,70,11,8,51,338267->338584->338254->338767->338768->587842->338583->338268->338262->338586->339132->338258->339538->338261->563143->588038->341607->344213->343102->341557->342643->341561->341562->341564->342639->563096->342115->563067->342636->338199->338198->562865->339135->338197->338925->646201->339126->338603->338223->338604->646056->339122->338837->338726->338222->338198->562865->339135->338197->338925->646201->339126->338603->338223->338602->339123->338790->339152->338733->646265->338311->339297->339000->339664->338312->338709->338313->338707->338314->340271->338344
rl_signal,t2_yeoksam_hakyeoul,long,peak,8.0,14,1463.9584,1237.2378,214.4076,1748.4762,569.9031,9814.2,10,True,91,17,18,56,338267->338584->338254->338767->338768->587842->338583->338268->338262->338586->339132->338258->339538->338261->563143->588038->341607->344213->343102->341557->342643->341561->341562->341564->342639->563096->342115->563067->342636->338199->338252->338226->646291->338922->339657->338655->339656->339807->339810->338999->338649->339136->645956->338227->338693->338595->338210->613615->338596->338197->338597->338605->338223->338603->339126->338348->338347->338346->339296->338349->646052->338349->338341->338728->339266->338343->338312->339664->339000->339666->339667->339666->339000->339297->338311->646265->646264->646265->338311->339297->339000->339664->338312->338343->338313->340271->340280->338887->338315->338314->340271->338344
rl_signal,t2_yeoksam_hakyeoul,long,peak,8.0,15,1248.728,1040.203,196.0219,1333.4864,521.0334,8230.2,8,True,73,11,17,45,338267->338584->338254->338767->338768->587842->338583->338268->338262->338586->339132->338258->339538->338261->563143->588038->341607->344213->343102->341557->342643->341555->341736->341568->341561->341562->341564->342639->563096->342115->563067->342636->338199->338198->562865->339135->338197->338925->646201->339126->338603->338223->338602->339123->338790->339152->338733->646265->338311->339265->338310->343919->343726->341535->344530->344529->343940->339229->338324->338769->338311->339297->339000->339664->338312->338343->338313->340271->340280->338887->338315->338314->340271->338344
rl_signal,t2_yeoksam_hakyeoul,long,peak,8.0,16,1543.2406,1306.6174,223.0773,1723.5102,592.9474,10753.6,10,True,85,14,20,51,338267->338584->338254->338767->338768->587842->338583->338268->338262->338586->339132->338258->339538->338261->563143->588038->341607->344213->343102->341557->342643->341561->341562->341564->341735->341568->341561->341562->341552->342644->613995->342640->341551->341554->341553->341563->341552->341562->341564->342639->563096->342115->563067->342636->338199->338198->562865->339135->338197->338925->646201->339126->338603->338223->338602->339123->338790->339152->338733->646265->338311->339265->338310->343919->343726->341535->344530->344529->343940->339229->338324->338769->338311->339297->339000->339664->338312->338343->338313->340271->340280->338887->338315->338314->340271->338344
rl_signal,t2_yeoksam_hakyeoul,long,peak,8.0,17,1358.5,1083.2929,263.8632,1404.8349,701.3581,8971.4,11,True,80,15,8,57,338267->338584->338254->338767->338768->587842->338583->338268->338262->338586->339132->338258->339538->338261->563143->588038->341607->344213->343102->341557->342643->341561->341562->341564->342639->563096->342115->563067->342636->338199->338198->562865->339135->338197->338925->646201->339126->338603->338223->338604->646056->339122->339135->338197->338925->646201->339126->338603->338223->338604->646056->339122->338837->338726->338222->338198->562865->339135->338197->338925->646201->339126->338603->338223->338602->339123->338790->339152->338733->646265->338311->339297->339000->339664->338312->338709->338313->338707->338314->340271->338344
rl_signal,t2_yeoksam_hakyeoul,long,peak,8.0,18,1634.4854,1358.3483,261.6209,1816.4954,695.398,10006.2,10,True,101,21,18,62,338267->338584->338254->338767->338768->587842->338583->338268->338262->338586->339132->338258->339538->338261->563143->588038->341607->344213->343102->341557->342643->341561->341562->341564->342639->563096->342115->563067->342636->342147->342648->341560->341518->341517->341516->341515->342114->563094->646707->342613->341535->343726->343919->338310->339265->338311->646265->338733->339152->338790->339123->338602->338223->338603->339126->338348->338347->338706->338354->338346->338347->338706->338354->338346->339296->338349->646052->338349->338341->338728->339266->338343->338312->339664->339000->339666->339667->339666->339000->339297->338311->338769->338324->338779->338324->338769->338311->339297->339000->339664->339665->339664->338312->338343->338313->340271->340280->338887->338315->338314->340271->338344
rl_signal,t2_yeoksam_hakyeoul,long,peak,8.0,19,956.9239,814.2078,135.0397,1073.6619,358.9404,6734.4,7,True,58,11,12,35,338267->338584->338254->338767->338768->587842->338583->338268->338262->338586->339132->338258->339538->338261->339571->338218->339094->338258->339538->338261->563143->588038->341607->344213->343102->341557->342643->341561->341562->341564->342639->563096->342115->563067->342648->342147->341996->341571->341521->342613->341535->343726->343919->338310->339265->338311->339297->339000->339664->338312->338343->338313->340271->340280->338887->338315->338314->340271->338344
rl_signal,t2_yeoksam_hakyeoul,long,peak,8.0,20,1047.9707,845.82,192.5134,1065.7405,511.7076,6660.0,8,True,58,7,12,39,338267->338584->338254->338767->338768->587842->338583->338268->338262->338586->339132->338258->339538->338261->563143->588038->341607->344213->343102->341557->342643->341561->341562->341564->342639->563096->342115->563067->342636->338199->338198->562865->339135->338197->338925->646201->339126->338603->338223->338602->339123->338790->339152->338733->646265->338311->339297->339000->339664->338312->338343->338313->340271->340280->338887->338315->338314->340271->338344
rl_signal,t2_yeoksam_hakyeoul,long,peak,8.0,21,1225.0193,1015.3408,196.3219,1349.5311,521.8308,7792.7,8,True,72,15,13,44,338267->338584->338254->338767->338768->587842->338583->338268->338262->339922->340140->339002->338922->646291->338226->339093->339128->341549->342639->341564->342645->341559->342115->563067->342636->338199->338198->562865->339135->338197->338597->338605->338223->338603->339126->338348->338347->338346->339296->338349->646052->338349->338341->338728->339266->338343->338312->339664->339000->339666->339667->339666->339000->339297->338311->338769->338324->339669->338324->338769->338311->339297->339000->339664->338312->338343->338313->340271->340280->562957->340280->340271->338344
rl_signal,t2_yeoksam_hakyeoul,long,peak,8.0,22,1215.9038,1040.7257,164.0345,1312.2321,436.0096,7878.2,7,True,76,15,12,49,338267->338584->338254->338767->338768->587842->338583->338268->338262->338586->339132->338258->339538->338261->563143->588038->341607->344213->343102->341557->342643->341561->341563->341552->341562->341564->342639->563096->342115->563067->342636->338199->338198->562865->339135->338197->338597->338605->338223->338603->339126->338348->338347->338346->339296->338349->646052->338349->338341->338728->339266->338343->338312->339664->339000->339666->339667->339666->339000->339297->338311->338769->338324->338779->338324->338769->338311->339297->339000->339664->338312->338709->338313->338707->338314->340271->338344
rl_signal,t2_yeoksam_hakyeoul,long,peak,8.0,23,1361.6264,1112.5405,236.5689,1459.6079,628.8087,8587.0,10,True,76,13,14,49,338267->338584->338254->338767->338768->587842->338583->338268->338262->338586->339132->338258->339538->338261->563143->588038->341607->344213->343102->341557->342643->341555->341736->341568->341561->341562->341564->342639->563096->342115->563067->342636->338199->338198->562865->339135->338197->338925->646201->339126->338603->338223->338604->646056->339122->338837->338726->338222->338198->562865->339135->338197->338925->646201->339126->338603->338223->338602->339123->338790->339152->338733->646265->338311->339297->339000->339664->338312->338343->338313->340271->340280->338887->338315->338314->340271->338344
rl_signal,t2_yeoksam_hakyeoul,long,peak,8.0,24,1134.9977,877.2193,246.3416,1091.5284,654.7848,7275.6,10,True,65,11,8,46,338267->338584->338254->338767->338768->587842->338583->338268->338262->338586->339132->338258->339538->338261->563143->588038->341607->344213->343102->341557->342643->341561->341562->341564->342639->563096->342115->563067->342636->338199->338198->562865->339135->338197->338925->646201->339126->338603->338223->338604->646056->339122->339135->338197->338925->646201->339126->338603->338223->338602->339123->338790->339152->338733->646265->338311->339297->339000->339664->338312->338709->338313->338707->338314->340271->338344
rl_signal,t2_yeoksam_hakyeoul,long,peak,8.0,25,1094.1531,924.841,160.1835,1277.0694,425.7735,7079.0,8,True,62,8,15,39,338267->338584->338254->338767->338768->587842->338583->338268->338262->338586->339132->338258->339538->338261->563143->588038->341607->344213->343102->341557->342643->341561->341563->341552->341562->341564->342639->563096->342115->563067->342636->338199->338198->562865->339135->338197->338925->646201->646200->646201->339126->338603->338223->338602->339123->338790->339152->338733->646265->338311->339297->339000->339664->338312->338343->338313->340271->340280->338887->338315->338314->340271->338344
rl_signal,t2_yeoksam_hakyeoul,long,peak,8.0,26,809.977,686.9756,114.6865,908.8876,304.8408,5308.7,7,True,45,4,8,33,338267->338584->338254->338767->338768->587842->338583->338268->338262->339922->340140->339002->338922->646291->338226->338252->338199->338198->562865->339135->338197->338925->646201->339126->338603->338223->338602->339123->338790->339152->338733->646265->338311->339297->339000->339664->338312->338343->338313->340271->340280->338887->338315->338314->340271->338344
rl_signal,t2_yeoksam_hakyeoul,long,peak,8.0,27,798.3399,689.8193,101.3986,923.1894,269.5212,5308.7,6,True,45,4,8,33,338267->338584->338254->338767->338768->587842->338583->338268->338262->339922->340140->339002->338922->646291->338226->338252->338199->338198->562865->339135->338197->338925->646201->339126->338603->338223->338602->339123->338790->339152->338733->646265->338311->339297->339000->339664->338312->338343->338313->340271->340280->338887->338315->338314->340271->338344
rl_signal,t2_yeoksam_hakyeoul,long,peak,8.0,28,1114.5664,927.479,178.6134,1234.0972,474.7608,7799.5,7,True,68,11,12,45,338267->338584->338254->338767->338768->587842->338583->338268->338262->338586->339132->338258->339538->338261->563143->588038->341607->344213->343102->341557->342643->341561->341562->341564->342639->563096->342115->563067->342636->338199->338198->562865->339135->338197->338925->646201->339126->338603->338223->338604->646056->339122->339135->338197->338925->646201->339126->338603->338223->338602->339123->338790->339152->338733->646265->338311->339297->339000->339664->338312->338343->338313->340271->340280->338887->338315->338314->340271->338344
rl_signal,t2_yeoksam_hakyeoul,long,peak,8.0,29,930.8961,753.9632,169.1637,943.4755,449.6434,6127.4,8,True,60,13,8,39,338267->338584->338254->338767->338768->587842->338583->338268->338262->338586->339132->338258->339538->338261->563143->588038->341607->344213->343102->341557->342643->341561->341562->341564->342639->563096->342115->563067->342636->338199->338198->562865->339135->338197->338597->338605->338223->338603->339126->338348->338347->338346->339296->338349->646052->338349->338341->338728->339266->338343->338312->339664->339665->339664->338312->338709->338313->338707->338314->340271->338344
rl_signal,t2_yeoksam_hakyeoul,long,peak,8.0,30,1819.9992,1539.0699,262.2415,2018.36,697.0474,12200.8,12,True,117,18,24,75,338267->338584->338254->338767->338768->587842->338583->338268->339090->338156->339054->338139->339072->339904->339071->339904->339072->338139->562936->339292->339070->613767->338253->613768->613766->613767->339070->339068->339070->613767->613766->613768->338803->338267->338584->338254->339133->338229->340484->339098->342073->342687->341600->342685->341607->344213->343102->341557->342643->341561->341562->341564->342639->563096->342115->563067->342636->338199->338198->562865->339135->338197->338925->646201->339126->338603->338223->338602->339123->338790->339152->338733->646265->338311->339297->339000->339664->338312->338709->338313->338343->338312->339664->339000->339666->339667->339666->339000->339297->338311->646265->338733->339152->338790->339123->338602->338223->338603->339126->338348->338347->338346->339296->338349->646052->338349->338341->338728->339266->338343->338313->340271->340280->338887->338315->338314->340271->338344
rl_signal,t3_sinsa_daechi,long,off_peak,7.0,1,2444.1032,2141.512,281.8593,2445.4539,749.1923,17233.7,10,True,181,41,44,96,341904->341903->342155->342156->342710->342719->341904->341905->341623->342117->342719->342710->343062->342711->342712->342714->342713->342076->341620->341621->344204->342159->342718->342717->342716->343651->342715->342720->342728->563265->342729->563265->342728->342720->342155->342156->342710->343062->342711->342157->342158->342715->343651->343652->343651->342715->342720->342155->342156->342710->342719->341904->341905->341633->341903->342155->342156->342710->342719->341904->341905->341633->341903->342155->342720->342715->342158->342157->342711->342712->342714->342713->342076->341620->341621->344204->342159->342700->342695->342696->342695->342699->342697->342699->563099->342699->342703->341653->341612->339008->339015->338140->339430->339432->338157->338158->339433->339432->338157->338139->562936->339292->339070->613767->338253->613768->338803->338267->338584->338254->339133->338229->340484->339098->646176->338230->341602->341733->342691->341732->341984->646623->341730->341603->341729->341598->341596->341597->563098->342151->563301->341593->646355->341601->343106->343943->342693->341607->344213->343102->341557->588040->341572->340705->341555->342643->341561->341563->341552->342644->613995->342640->342641->342642->646764->563119->563189->563191->341558->341518->341560->343710->342115->563067->342636->338199->338198->562865->339135->338197->338925->587845->646128->587905->339124->339125->338598->338208->338599->587846->338600->338354
rl_signal,t3_sinsa_daechi,long,off_peak,7.0,2,1884.2282,1692.625,177.9375,1824.081,472.9642,13730.4,6,True,155,42,38,75,341904->341903->342155->342156->342710->342719->341904->341905->341623->342117->342719->342710->343062->342711->342712->342714->342713->342076->341620->341621->344204->342159->342718->342717->342716->343651->342715->342720->342728->563265->342729->563265->342728->342720->342155->342156->342710->342719->341904->341905->341633->343064->341904->342719->342710->343062->342711->342157->342158->342715->343651->343652->343651->342715->342720->342155->342156->342710->342719->341904->341905->341633->341903->342155->342720->342715->342158->342157->342711->342712->342714->342713->342076->341620->341621->344204->342159->342700->343100->342865->342652->342116->342672->340587->342670->563070->340700->341581->342666->343657->342670->340587->646667->646362->341982->342679->342669->563097->342673->646784->646782->341597->344261->341907->341906->343105->341598->342684->341601->343106->343943->342693->341607->344213->343102->341557->342643->341555->341736->341568->341735->341564->342645->341559->342115->563067->342636->342147->341996->341571->340229->562951->338222->338198->562865->339135->338197->338925->587845->646128->587905->339124->339125->338598->338208->338599->587846->587910->339124->339125->338598->338208->338599->587846->338600->338354
rl_signal,t3_sinsa_daechi,long,off_peak,7.0,3,2277.4058,1917.6431,328.2105,1668.5585,872.3954,13130.8,10,False,200,74,47,79,341904->341903->342155->342156->342710->342719->341904->341905->341623->342117->342719->342710->343062->342711->342712->344670->342712->342714->342713->342076->341620->341621->344204->342159->342718->342717->342716->343651->342715->342720->342728->563265->342729->563265->342728->342720->342155->342156->342710->342719->341904->341905->341633->341903->342155->342156->342710->342719->341904->341905->341633->343064->341904->342719->342710->343062->342711->342157->342158->342715->343651->343652->343651->342715->342720->342728->563265->342729->563265->342728->342720->342155->342156->342710->342719->341904->341905->341633->341903->342155->342720->342715->342158->342157->342711->342712->342158->342715->343651->343652->343651->342715->342720->342155->342156->342710->342719->341904->341905->341633->341903->342155->342720->342715->342158->342157->342711->342712->342158->342715->343651->343652->343651->342715->342720->342155->342156->342710->342719->341904->341905->341633->341903->342155->342720->342715->342158->342157->342711->342712->342158->342715->343651->343652->343651->342715->342720->342155->342156->342710->342719->341904->341905->341633->341903->342155->342156->342710->342719->341904->341905->341633->341903->342155->342156->342710->342719->341904->341905->341633->341903->342155->342156->342710->342719->341904->341905->341633->341903->342155->342156->342710->342719->341904->341905->341633->341903->342155->342156->342710->342719->341904->341905->341633->341903->342155->342156->342710->342719->341904->341905->341633->341903->342155->342720->342715->342158->342157->342711->342712->342714
rl_signal,t3_sinsa_daechi,long,off_peak,7.0,4,2230.7278,2044.29,176.2676,2246.7779,468.5258,16234.2,6,True,181,43,44,94,341904->341903->342155->342156->342710->342719->341904->341905->341623->342117->342719->342710->343062->342711->342712->342714->342713->342076->341620->341621->344204->342159->342718->342717->342716->343651->342715->342720->342728->563265->342729->563265->342728->342720->342155->342156->342710->342719->341904->341905->341633->343064->341904->342719->342710->343062->342711->342157->342158->342715->343651->343652->343651->342715->342720->342155->342156->342710->342719->341904->341905->341633->341903->342155->342720->342715->342158->342157->342711->342712->342714->342713->342076->341620->341621->344204->342159->342700->342695->342699->342697->342699->563099->342699->342697->342699->342703->341653->341612->339008->339015->338140->339430->339432->338157->338158->339433->339432->338157->338139->562936->339292->339070->613767->338253->613768->338803->338267->338584->338254->339133->338229->338218->339094->338258->613662->613661->613662->338258->339132->338586->338262->338587->338588->339119->338997->339892->338997->340121->338998->338205->338992->338592->338259->338591->338204->338789->338923->340045->340479->587843->338594->338227->338693->338595->338210->613615->338596->338197->338925->587845->646128->646127->646128->587905->339124->339125->338206->340158->338207->340157->340158->338206->587841->339124->587910->587846->338599->338208->338598->339125->339124->587905->646128->587845->338925->646201->339126->338348->338347->338346->338354
rl_signal,t3_sinsa_daechi,long,off_peak,7.0,5,1923.1734,1776.6335,135.2988,1934.7577,359.6292,14389.6,7,True,154,36,38,80,341904->341903->342155->342156->342710->342719->341904->341905->341623->342117->342719->342710->343062->342711->342712->342714->342713->342076->341620->341621->344204->342159->342718->342717->342716->343651->342715->342720->342728->563265->342729->563265->342728->342720->342155->342156->342710->342719->341904->341905->341633->343064->341904->342719->342710->343062->342711->342157->342158->342715->343651->343652->343651->342715->342720->342155->342156->342710->342719->341904->341905->341633->341903->342155->342720->342715->342158->342157->342711->342712->342714->342713->342076->341620->341621->344204->342159->342700->342695->342699->342697->342699->563099->342699->342697->342699->342703->341653->341612->339008->339015->338140->339430->338161->338821->339432->338157->338158->339433->339432->338157->338139->562936->339292->339070->613767->338253->613768->338803->338267->338584->338254->339133->338229->338218->339094->338258->613662->339651->338651->562921->562920->562921->562923->342153->341556->341555->342643->341561->341563->341552->341562->341564->342639->563096->342115->563067->342636->338199->338198->562865->339135->338197->338925->587845->646128->587905->339124->339125->338598->338208->338599->587846->338600->338354
rl_signal,t3_sinsa_daechi,long,off_peak,7.0,6,1929.3363,1684.975,227.0489,1825.0638,603.5041,13207.7,12,True,140,32,30,78,341904->341903->342155->342156->342710->342719->341904->341905->341623->342117->342719->342710->343062->342711->342712->342714->342713->342076->341620->341621->344204->342159->342718->342717->342716->343651->342715->342720->342728->563265->342729->563265->342728->342720->342155->341903->341904->341905->341633->343064->341904->342719->342710->343062->342711->342157->342158->342715->343651->343652->343651->342715->342720->342155->342156->342710->342719->341904->341905->341633->341903->342155->342720->342715->342158->342157->342711->342712->342714->342713->342076->341620->341621->344204->342159->342700->342695->342699->342697->342699->563099->342699->342697->342699->342703->341653->341612->339008->339015->338140->339430->339432->339433->338158->338157->338139->339054->338156->339066->339741->338250->646103->339088->339117->338775->338269->338580->339112->339947->339096->338710->338991->339115->338205->338992->338592->338259->338591->338204->338789->338923->340045->340479->587843->338594->338227->338693->338595->338210->613615->338596->338197->338597->338605->338223->338603->339126->338348->338347->338346->338354
rl_signal,t3_sinsa_daechi,long,off_peak,7.0,7,1665.9681,1542.4404,113.7618,1630.493,302.3831,12640.3,5,True,131,34,27,70,341904->341903->342155->342156->342710->342719->341904->341905->341623->342117->342719->342710->343062->342711->342712->342714->342713->342076->341620->341621->344204->342159->342718->342717->342716->343651->342715->342720->342728->563265->342729->563265->342728->342720->342155->342156->342710->342719->341904->341905->341633->343064->341904->341905->341633->341903->342155->342720->342715->342158->342157->342711->342712->342714->342713->342076->341620->341621->344204->342159->342700->343100->342865->342652->342116->342672->340587->342670->563070->340701->341589->341791->342678->342675->342674->342671->340702->341790->341589->340701->563070->342670->646668->646669->342669->563097->342673->646784->646782->341597->344261->341907->341906->343105->341598->342684->341601->646355->341593->344353->342694->563168->341608->341553->341554->341551->342640->613995->342644->342148->342645->341559->342115->563067->342636->338199->338198->562865->339135->338197->338925->587845->646128->587905->339124->339125->338598->338208->338599->587846->338600->338354
rl_signal,t3_sinsa_daechi,long,off_peak,7.0,8,1845.7096,1654.8809,180.2875,1812.3905,479.2108,13611.4,7,True,140,36,30,74,341904->341903->342155->342156->342157->342158->342715->343651->343652->343651->342716->342717->342718->343098->342718->342717->342716->343651->342715->342720->342728->563265->342729->563265->342728->342720->342155->342156->342710->342719->341904->341905->341623->342117->342719->342710->343062->342711->342157->342158->342715->343651->343652->343651->342715->342720->342155->342156->342710->342719->341904->341905->341633->341903->342155->342720->342715->342158->342712->342714->342713->342076->341620->341621->344204->342159->342700->343100->342865->342652->342116->342672->340587->342670->563070->340701->341589->341791->342678->342675->342674->341583->341786->341588->343777->340703->342671->342672->340587->342670->343657->342666->342663->342681->342680->342150->341591->342631->343819->344184->343820->646558->340583->563095->342614->340597->342633->342626->344210->341542->342628->563165->341547->341774->343989->341775->342641->341737->341569->341985->341559->342115->563067->342636->338199->338198->562865->339135->338197->338925->587845->646128->587905->339124->339125->338598->338208->338599->587846->338600->338354
rl_signal,t3_sinsa_daechi,long,off_peak,7.0,9,1741.6008,1602.5702,128.5138,1775.3312,341.5945,13135.1,5,True,141,34,35,72,341904->341903->342155->342156->342710->342719->341904->341905->341623->342117->342719->342710->343062->342711->342712->342714->342713->342076->341620->341621->344204->342159->342718->342717->342716->343651->342715->342720->342728->563265->342729->563265->342728->342720->342155->342156->342710->343062->342711->342157->342158->342715->343651->343652->343651->342715->342720->342728->563265->342729->563265->342728->342720->342155->342156->342710->342719->341904->341905->341633->341903->342155->342720->342715->342158->342157->342711->342712->342714->342713->342076->341620->341621->344204->342159->342700->343100->342865->342652->342116->342672->340587->342670->563070->340700->341581->342666->343657->342670->340587->646667->646362->341982->342679->342669->563097->342673->646784->646782->341597->344261->341907->341906->343105->341598->342684->341601->343106->343943->342693->341607->344213->343102->341557->342643->341555->341736->341568->341735->341564->342645->341559->342115->563067->342636->338199->338198->562865->339135->338197->338925->587845->646128->587905->339124->339125->338598->338208->338599->587846->338600->338354
rl_signal,t3_sinsa_daechi,long,off_peak,7.0,10,2304.5938,2166.9193,123.7823,2326.5573,329.0179,16969.2,8,True,192,50,46,96,341904->341903->342155->342156->342710->342719->341904->341905->341623->342117->342719->342710->343062->342711->342712->342714->342713->342076->341620->341621->344204->342159->342718->342717->342716->343651->342715->342720->342728->563265->342729->563265->342728->342720->342155->342156->342710->342719->341904->341905->341633->343064->341904->341903->342155->342156->342710->343062->342711->342157->342158->342715->343651->343652->343651->342715->342720->342155->342156->342710->342719->341904->341905->341633->343064->341904->342719->342710->342156->342157->342158->342715->343651->343652->343651->342715->342720->342155->342156->342710->342719->341904->341905->341633->341903->342155->342720->342715->342158->342157->342711->342712->342714->342713->342076->341620->341621->344204->342159->342700->342695->342699->342697->342699->563099->342699->342697->342699->342703->341653->341612->339008->339015->338140->339430->339432->338157->338158->339433->339432->338157->338139->562936->339292->339070->613767->338253->613768->338803->338267->338584->338254->339133->338229->340484->340483->340484->339098->646176->338230->341602->341733->342691->341732->341984->646623->341730->341603->341729->341598->341596->341597->563098->342151->563301->341593->646355->341601->343106->343943->342693->341607->344213->343102->341557->342643->341555->341736->341568->341735->341564->342645->341559->342115->563067->342636->338199->338198->562865->339135->338197->338925->587845->646128->587905->339124->339125->338598->338208->338599->587846->338600->338354
rl_signal,t3_sinsa_daechi,long,off_peak,7.0,11,1729.1816,1611.3753,105.9627,1654.9331,281.6528,12562.5,5,True,145,37,33,75,341904->341903->342155->342156->342710->342719->342117->341623->341905->341633->341903->342155->342720->342715->342158->342712->342714->342713->342076->341620->341621->344204->342159->342718->342717->342716->343651->342715->342720->342728->563265->342729->563265->342728->342720->342155->342156->342710->342719->341904->341905->341633->343064->341904->342719->342117->341623->341905->341904->343064->341633->341905->341904->343064->341633->341905->341904->343064->341633->341905->341904->341903->342155->342720->342715->342158->342157->342711->342712->342714->342713->342076->341620->341621->342834->343100->342865->340641->340704->341588->341785->342116->342672->340587->342670->563070->340700->341581->342666->343657->342670->340587->646667->646362->341982->342679->342669->563097->342673->646784->646782->341597->344261->341907->341906->343105->341598->342684->341601->646355->341593->344353->342694->563168->341608->341553->341554->341551->342640->613995->342644->342148->342645->341559->342115->563067->342636->338199->338198->562865->339135->338197->338925->587845->646128->587905->587904->587905->339124->339125->338598->338208->338599->587846->338600->338354
rl_signal,t3_sinsa_daechi,long,off_peak,7.0,12,2273.553,2113.0929,141.7511,2282.7693,376.7795,16593.7,9,True,188,45,44,99,341904->341903->342155->342156->342710->342719->341904->341905->341623->342117->342719->342710->343062->342711->342712->342714->342713->342076->341620->341621->344204->342159->342718->342717->342716->343651->342715->342720->342728->563265->342729->563265->342728->342720->342155->342156->342710->342719->341904->341905->341633->343064->341904->342719->342710->343062->342711->342157->342158->342715->343651->343652->343651->342715->342720->342155->342156->342710->342719->341904->341905->341633->343064->341904->342719->342710->342156->342157->342158->342715->343651->343652->343651->342715->342720->342155->342156->342710->342719->341904->341905->341633->341903->342155->342720->342715->342158->342157->342711->342712->342714->342713->342076->341620->341621->344204->342159->342700->342695->342699->342697->342699->563099->342699->342697->342699->342703->341653->341612->339008->339015->338140->339430->339432->338157->338158->339433->339432->338157->338139->562936->339292->339070->613767->338253->613768->338803->338267->338584->338254->339133->338229->340484->339098->646176->338230->341602->341733->342691->341732->341984->646623->341730->341603->341729->341598->341596->341597->563098->342151->563301->341593->646355->341601->343106->343943->342693->341607->344213->343102->341557->342643->341555->341736->341568->341735->341564->342645->341559->342115->563067->342636->338199->338198->562865->339135->338197->338925->587845->646128->587905->339124->339125->338598->338208->338599->587846->338600->338354
rl_signal,t3_sinsa_daechi,long,off_peak,7.0,13,1623.2118,1321.5361,284.6056,1541.0566,756.4919,10918.4,13,True,98,17,18,63,341904->341903->342155->342156->342710->342719->341904->341905->341623->342117->342719->342710->343062->342711->342712->342714->342713->342076->341620->341621->344204->342159->342718->340635->342718->342159->342700->342695->342699->342697->342699->563099->342699->342697->342699->342703->341653->341612->339008->339015->338140->339430->339432->338157->338158->339433->339432->338157->338139->339072->339904->339071->339904->339072->338139->339054->338156->339066->339741->338250->646103->339088->339117->338775->338269->338705->339116->339138->338582->338268->338262->339922->340140->339002->338922->646291->338226->338252->338251->646070->338648->338209->339659->338210->613615->338596->338197->338925->587845->646128->587905->339124->339125->338598->338208->338599->587846->338600->338354
rl_signal,t3_sinsa_daechi,long,off_peak,7.0,14,1782.0658,1703.9425,70.4123,1927.205,187.1583,13738.0,4,True,152,40,38,74,341904->341903->342155->342156->342710->342719->341904->341905->341623->342117->342719->342710->343062->342711->342712->342714->342713->342076->341620->341621->344204->342159->342718->342717->342716->343651->342715->342720->342728->563265->342729->563265->342728->342720->342155->342156->342710->342719->341904->341905->341633->343064->341904->342719->342710->343062->342711->342157->342158->342715->343651->343652->343651->342715->342720->342155->342156->342710->342719->341904->341905->341633->341903->342155->342720->342715->342158->342157->342711->342712->342714->342713->342076->341620->341621->344204->342159->342700->343100->342865->342652->342116->342672->340587->342670->563070->340700->341581->342666->343657->342670->340587->646667->646362->341982->342679->342669->563097->342673->646784->646783->646784->342673->563097->342669->342679->341983->342673->646784->646782->341597->344261->341907->341906->343105->341598->342684->341601->343106->343943->342693->341607->344213->343102->341557->342643->341555->341736->341568->341735->341564->342645->341559->342115->563067->342636->338199->338198->562865->339135->338197->338925->587845->646128->587905->339124->339125->338598->338208->338599->587846->338600->338354
rl_signal,t3_sinsa_daechi,long,off_peak,7.0,15,1729.954,1638.6537,79.2405,1722.2324,210.6242,12679.6,5,True,144,37,35,72,341904->341903->342155->342156->342710->342719->341904->341905->341623->342117->342719->342710->343062->342711->342712->342714->342713->342076->341620->341621->344204->342159->342718->342717->342716->343651->342715->342720->342728->563265->342729->563265->342728->342720->342155->342156->342710->342719->341904->341905->341633->343064->341904->342719->342710->342156->342157->342158->342715->343651->343652->343651->342715->342720->342155->342156->342710->342719->341904->341905->341633->341903->342155->342720->342715->342158->342157->342711->342712->342714->342713->342076->341620->341621->344204->342159->342700->343100->342865->342652->342116->342672->340587->342670->563070->340700->341581->342666->343657->342670->340587->646667->646362->341982->342679->342669->563097->342673->646784->646782->341597->344261->341907->341906->343105->341598->342684->341601->343106->343943->342693->341607->344213->343102->341557->342643->341555->341736->341568->341735->341564->342645->341559->342115->563067->342636->338199->338198->562865->339135->338197->338925->587845->646128->587905->587904->587905->339124->339125->338598->338208->338599->587846->338600->338354
rl_signal,t3_sinsa_daechi,long,off_peak,7.0,16,1784.6557,1644.8299,129.9509,1772.6103,345.4143,13088.0,5,True,142,32,36,74,341904->341903->342155->342156->342710->342719->341904->341905->341623->342117->342719->342710->343062->342711->342712->342714->342713->342076->341620->341621->344204->342159->342718->342717->342716->343651->342715->342720->342728->563265->342729->563265->342728->342720->342155->342156->342710->342719->341904->341905->341633->343064->341904->342719->342710->343062->342711->342157->342158->342715->343651->343652->343651->342715->342158->342157->342711->342712->342714->342713->342076->341620->341621->344204->342159->342700->342695->342699->342697->342699->563099->342699->342697->342699->342703->341653->341612->339008->339015->338140->339430->339432->338157->338158->339433->339432->338157->338139->562936->339292->339070->613767->338253->613768->338803->338267->338584->338254->339133->338229->338218->339094->338258->613662->339651->338651->562921->562923->562922->562923->342153->341556->341555->342643->341561->341568->341566->341549->339128->339093->338226->338252->338251->646070->338648->338209->339659->338210->613615->338596->338197->338925->587845->646128->587905->339124->339125->338598->338208->338599->587846->338600->338354
rl_signal,t3_sinsa_daechi,long,off_peak,7.0,17,2484.491,2317.6774,154.5876,2516.1188,410.8995,18176.1,6,True,198,44,60,94,341904->341903->342155->342156->342710->342719->341904->341905->341623->342117->342719->342710->343062->342711->342712->342714->342713->342076->341620->341621->344204->342159->342718->342717->342716->343651->342715->342720->342728->563265->342729->563265->342728->342720->342155->342156->342710->342719->341904->341905->341633->343064->341904->342719->342710->343062->342711->342157->342158->342715->343651->343652->343651->342715->342720->342155->342156->342710->342719->341904->341905->341633->341903->342155->342720->342715->342158->342157->342711->342712->342714->342713->342076->341620->341621->344204->342159->342700->343100->342865->342652->342116->342672->340587->342670->563070->340700->341581->342666->343657->342670->340587->646667->646362->341982->342679->342669->563097->342673->646784->646782->341597->344261->341907->341605->341906->343105->341598->342684->341601->343106->343943->342693->341607->344213->343102->341557->342643->341555->341736->341568->341735->341564->342645->341559->342115->563067->342636->338199->338198->562865->339135->338197->338925->587845->646128->587905->339124->587841->338206->340158->338207->340157->340158->338206->338776->339001->646223->587844->587841->338206->340158->338207->340157->340158->338206->338776->339001->646223->587844->587841->338206->340158->338207->340157->340158->338206->338776->339001->339723->339001->646223->587844->587841->339124->587910->587846->338599->338208->338598->339125->339124->587910->587846->338599->338208->338598->339125->339124->587910->587846->338599->338208->339663->338208->338599->587846->338600->338354
rl_signal,t3_sinsa_daechi,long,off_peak,7.0,18,1929.6489,1738.2158,182.5232,1808.4591,485.1533,13711.4,6,True,149,39,33,77,341904->341903->342155->342156->342710->342719->341904->341905->341623->342117->342719->342710->343062->342711->342712->342714->342713->342076->341620->341621->344204->342159->342718->342717->342716->343651->342715->342720->342728->563265->342729->563265->342728->342720->342155->342156->342710->342719->341904->341905->341633->343064->341904->342719->342710->343062->342711->342157->342158->342715->343651->343652->343651->342715->342720->342155->342156->342710->342719->341904->341905->341633->341903->342155->342720->342715->342158->342157->342711->342712->342714->342713->342076->341620->341621->344204->342159->342700->343100->342865->342652->342116->342672->340587->342670->563070->340701->341589->341791->342678->342675->342674->342671->340702->341790->341589->340701->563070->342670->646668->646669->342669->563097->342673->646784->646782->341597->344261->341907->341605->341906->343105->341598->342684->341601->646355->341593->344353->342694->563168->341608->341553->341554->341551->342640->613995->342644->342148->342645->341559->342115->563067->342636->338199->338198->562865->339135->338197->338925->587845->646128->587905->339124->339125->338598->338208->338599->587846->338600->338354
rl_signal,t3_sinsa_daechi,long,off_peak,7.0,19,2858.1917,2343.4204,490.994,2608.7008,1305.0799,18029.0,18,True,198,39,38,121,341904->341903->342155->342156->342710->342719->341904->341905->341623->342117->342719->342710->343062->342711->342712->342714->342713->342076->341620->341621->344204->342159->342718->342717->342716->343651->342715->342720->342728->563265->342729->563265->342728->342720->342155->342156->342710->342719->341904->341905->341633->343064->341904->342719->342710->343062->342711->342157->342158->342715->343651->343652->343651->342715->342720->342155->342156->342710->342719->341904->341905->341633->341903->342155->342720->342715->342158->342157->342711->342712->342714->342713->342076->341620->341621->344204->342159->342700->342695->342696->342695->342699->342697->342699->563099->342699->342703->342702->587944->342702->342703->341653->341612->339008->339015->338140->339430->339432->338157->338158->339433->339432->338157->338139->562936->339292->339070->613767->338253->613768->338803->338267->338584->338254->339133->338229->340484->339098->646176->338230->341602->341733->342691->341732->341984->646623->341730->341603->563167->342692->344366->343866->344040->342698->342701->343705->341653->341612->339008->339015->338140->339430->339432->338157->338139->339054->338156->339066->339741->338250->646103->339088->339117->338775->338269->338705->339116->339111->339112->339947->339096->338710->338991->339115->338205->338992->338592->338259->338591->338204->338789->338923->340045->340479->587843->338594->338227->339819->646028->646026->339934->339811->340231->339724->339314->339317->338256->338621->338727->339001->338776->338206->339125->338598->338208->338599->587846->338600->338354
rl_signal,t3_sinsa_daechi,long,off_peak,7.0,20,2511.2267,2259.0727,235.5224,2400.3677,626.027,17607.4,9,True,182,47,42,93,341904->341903->342155->342156->342710->342719->341904->341905->341623->342117->342719->342710->343062->342711->342712->342714->342713->342076->341620->341621->344204->342159->342718->342717->342716->343651->342715->342158->342157->342711->342712->342158->342715->342720->342728->563265->342729->563265->342728->342720->342155->342156->342710->342719->341904->341903->342155->342156->342710->342719->341904->341905->341633->341903->342155->342156->342710->342719->341904->341905->341633->341903->342155->342720->342715->342158->342157->342711->342712->342714->342713->342076->341620->341621->344204->342159->342700->343100->342865->342652->342116->342672->340587->342670->563070->340701->341589->341791->342678->342675->342674->342671->340702->341790->341589->341791->342678->341981->341938->342660->342654->342657->646554->342069->646413->646877->646413->342660->342654->342657->646554->342069->342661->342494->342659->341249->342502->342498->342500->341242->341247->342511->341251->341804->342506->342504->342505->342520->342526->341264->341262->342772->563248->613949->344742->646964->344673->344745->341980->646358->341490->341493->342610->342820->646932->341768->342821->343267->342611->563120->341494->613864->341507->341508->646563->341513->341519->342113->342114->563094->646707->342613->341521->341571->340229->562951->338222->338198->562865->339135->338197->338925->587845->646128->587905->339124->339125->338598->338208->338599->587846->338600->338354
rl_signal,t3_sinsa_daechi,long,off_peak,7.0,21,1611.3553,1503.8589,100.6788,1771.5771,267.6079,12614.8,4,True,108,26,22,60,341904->341903->342155->342156->342710->342719->341904->341903->342155->342720->342715->343651->343652->343651->342716->342717->342718->343098->342718->342159->342700->343100->342834->341621->344204->342159->342700->342695->342699->342697->342699->563099->342699->342703->341653->341612->339008->339015->338140->339430->339432->339433->338158->338157->338139->562936->339292->339070->613767->338253->613768->338803->338267->338584->338254->339133->338229->338218->339094->338258->613662->339651->338651->562921->562923->342153->341556->341555->342643->341561->341562->341564->342639->563096->342115->563067->342636->338199->338198->562865->339135->338197->338925->587845->646128->587905->339124->339125->338206->340158->338207->340157->338234->339582->338232->613775->339580->338256->338621->338727->339001->338776->338206->339125->339124->587910->587846->338600->338354
rl_signal,t3_sinsa_daechi,long,off_peak,7.0,22,1843.2423,1690.6371,143.1768,1734.5158,380.5692,13555.3,5,True,151,40,36,75,341904->341903->342155->342156->342710->342719->341904->341905->341623->342117->342719->342710->343062->342711->342712->342714->342713->342076->341620->341621->344204->342159->342718->342717->342716->343651->342715->342720->342728->563265->342729->563265->342728->342720->342155->342156->342710->342719->341904->341905->341633->343064->341904->342719->342710->343062->342711->342157->342158->342715->343651->343652->343651->342715->342720->342155->342156->342710->342719->341904->341905->341633->341903->342155->342720->342715->342158->342157->342711->342712->342714->342713->342076->341620->341621->344204->342159->342700->343100->342865->342652->342116->342672->340587->342670->563070->340701->341589->341791->342678->342675->342674->342671->340702->341790->341589->340701->563070->342670->646668->646669->342669->563097->342673->646784->646782->341597->344261->341907->341906->343105->341598->342684->341601->343106->343943->342693->341607->344213->343102->341557->342643->341555->341736->341568->341735->341564->342639->563096->342115->343710->341560->342648->563067->342636->338199->338198->562865->339135->338197->338925->587845->646128->587905->339124->339125->338598->338208->338599->587846->338600->338354
rl_signal,t3_sinsa_daechi,long,off_peak,7.0,23,1310.4356,1249.9385,56.3751,1444.776,149.847,10391.5,3,True,100,21,24,55,341904->341903->342155->342156->342710->343062->342711->342712->342714->342713->342076->341620->341621->344204->342159->342718->342717->342716->343651->342715->342720->342728->563265->342729->563265->342728->342720->342155->342156->342710->343062->342711->342157->342158->342712->342714->342713->342076->341620->341621->342834->343100->342865->342652->342116->342672->340587->342670->563070->340700->341581->342666->343657->342670->646668->646669->342669->563097->342673->646784->646782->341597->344261->341907->341906->343105->341598->342684->341601->343106->343943->342693->341607->344213->343102->341557->588040->341572->340705->341555->342643->341561->341562->341564->342639->563096->342115->563067->342636->338199->338198->562865->339135->338197->338925->646201->339126->338348->338347->338706->338354
rl_signal,t3_sinsa_daechi,long,off_peak,7.0,24,1379.0261,1311.3699,61.0364,1413.2595,162.237,10545.5,4,True,104,24,23,57,341904->341903->342155->342156->342710->342719->341904->341905->341623->342117->342719->342710->343062->342711->342157->342158->342715->343651->343652->343651->342716->342717->342718->343098->342718->342159->342700->343100->342834->341621->344204->342159->342700->342695->342699->342697->342699->563099->342699->342703->341653->343705->342701->342698->344040->343866->344366->342692->343706->563224->563226->563225->563224->343706->342692->563167->341603->341730->646623->341984->341732->342691->341733->341602->338230->646176->339098->342073->342687->341600->342685->341607->344213->343102->341557->588040->341572->340705->341555->342643->341561->341562->341564->342639->563096->342115->563067->342636->338199->338198->562865->339135->338197->338925->587845->646128->587905->339124->339125->338598->338208->338599->587846->338600->338354
rl_signal,t3_sinsa_daechi,long,off_peak,7.0,25,2320.5812,1931.7956,358.1373,1715.0945,951.9418,13449.2,8,False,200,71,48,81,341904->341903->342155->342156->342710->342719->341904->341905->341623->342117->342719->342710->343062->342711->342712->342714->342713->342076->341620->341621->344204->342159->342718->342717->342716->343651->342715->342720->342728->563265->342729->563265->342728->342720->342155->342156->342710->342719->341904->341905->341633->343064->341904->342719->342710->343062->342711->342157->342158->342715->343651->343652->343651->342715->342720->342155->342156->342710->342719->341904->341905->341633->341903->342155->342156->342710->342719->341904->341905->341633->341903->342155->342720->342715->342158->342157->342711->342712->342714->342713->342076->341620->341621->344204->342159->342718->342717->342716->343651->342715->342720->342155->342156->342710->342719->341904->341905->341623->342117->342719->342710->342156->342157->342158->342715->343651->343652->343651->342715->342720->342155->342156->342710->342719->341904->341905->341633->341903->342155->342156->342710->342719->341904->341905->341633->341903->342155->342156->342710->342719->341904->341905->341633->341903->342155->342156->342710->342719->341904->341905->341633->341903->342155->342156->342710->342719->341904->341905->341633->341903->342155->342156->342710->342719->341904->341905->341633->341903->342155->342156->342710->342719->341904->341905->341633->343064->341904->342719->342710->342156->342157->342158->342715->343651->343652->343651->342715->342720->342728->563265->342729->563265->342728->342720->342155->342156->342710->342719->341904->341903->342155->342720->342715->342158->342157->342711->342712->342714->342713->342076->341620
rl_signal,t3_sinsa_daechi,long,off_peak,7.0,26,1483.3953,1427.5677,53.128,1632.7899,141.2161,11642.6,2,True,129,28,28,73,341904->341903->342155->342156->342710->343062->342711->342712->342714->342713->342076->341620->341621->344204->342159->342718->342717->342716->343651->342715->342720->342728->563265->342729->563265->342728->342720->342155->342156->342710->342719->341904->341905->341623->342117->342719->342710->343062->342711->342157->342158->342715->343651->343652->343651->342715->342720->342155->342156->342710->342719->341904->341905->341633->341903->342155->342720->342715->342158->342157->342711->342712->342714->342713->342076->341620->341621->344204->342159->342700->343100->342865->340641->340704->341588->341785->342116->341788->341787->563170->341731->341603->341730->646623->341984->341732->342691->341733->341602->338230->646176->339098->342073->342687->341600->342685->341607->344213->343102->341557->342643->341555->341736->341568->341735->341564->342645->341559->342115->563067->342636->338199->338198->562865->339135->338197->338925->587845->646128->587905->587904->587905->339124->339125->338598->338208->338599->587846->338600->338354
rl_signal,t3_sinsa_daechi,long,off_peak,7.0,27,2354.4136,2332.2052,21.6195,2069.2211,57.4655,17351.9,1,False,200,18,73,109,341904->341903->342155->342156->342710->342719->341904->341905->341623->342117->342719->342710->343062->563071->340626->341619->342709->342707->341185->341187->342484->341187->343031->341186->344545->343779->341171->341170->344632->341815->341817->343532->344388->342068->342499->341244->341809->341576->341578->341590->341579->341811->341582->342654->342653->342676->341584->341812->341577->341576->341809->341244->342499->342068->344388->341891->344387->340627->341816->341814->341815->341817->341816->341814->341815->341817->343532->344388->341891->344387->340627->341816->341817->343532->344388->341891->344387->340627->341816->341817->343532->344388->341891->344387->340627->341816->341817->343532->344388->341891->344387->340627->341816->341817->343532->344388->341891->344387->340627->341816->341817->343532->344388->341891->344387->340627->341816->341817->343532->344388->341891->344387->340627->341816->341817->343532->344388->341891->344387->340627->341816->341817->343532->344388->341891->344387->340627->341816->341817->343532->344388->341891->344387->340627->341816->341817->343532->344388->341891->344387->340627->341816->341817->343532->344388->341891->344387->340627->341816->341817->343532->344388->341891->344387->340627->341816->341817->343532->344388->341891->344387->340627->341816->341817->343532->344388->341891->344387->340627->341816->341817->343532->344388->342068->342499->341575->341584->342676->341582->342654->342660->341938->341981->342678->341791->341589->341790->340702->342671->342674->342675->342678->342667->342662->342682->340582->343656->342632->343072->341795->341544
rl_signal,t3_sinsa_daechi,long,off_peak,7.0,28,2617.3597,2152.7481,426.259,1934.688,1133.012,15035.5,11,False,200,68,48,84,341904->341903->342155->342156->342710->342719->341904->343064->341633->341905->341904->343064->341633->341905->341904->343064->341633->341905->341904->341903->342155->342720->342715->342158->342712->342714->342713->342076->341620->341621->344204->342159->342718->342717->342716->343651->342715->342720->342728->563265->342729->563265->342728->342720->342155->342156->342710->342719->341904->341905->341623->342117->342719->342710->343062->342711->342157->342158->342715->343651->343652->343651->342715->342720->342155->342156->342710->342719->341904->341905->341633->341903->342155->342720->342715->342158->342157->342711->343062->342710->342719->341904->341905->341633->341903->342155->342720->342715->342158->342157->342711->342712->342714->342713->342076->341620->341621->344204->342159->342718->342717->342716->343651->342715->342720->342155->342156->342710->342719->341904->341905->341633->341903->342155->342156->342710->342719->341904->341905->341633->341903->342155->342156->342710->342719->341904->341905->341633->341903->342155->342156->342710->342719->341904->341905->341633->341903->342155->342156->342710->342719->341904->341905->341633->341903->342155->342156->342710->342719->341904->341905->341633->341903->342155->342156->342710->342719->341904->341905->341633->341903->342155->342156->342710->342719->341904->341905->341633->341903->342155->342156->342710->342719->341904->341905->341633->341903->342155->342720->342715->342158->342157->342711->342712->342714->342713->342076->341620->341621->344204->342159->342700->342695->342699->342697->342699->563099->342699->342703->341653->341612
rl_signal,t3_sinsa_daechi,long,off_peak,7.0,29,1920.7557,1784.1315,125.9353,1957.1889,334.7407,14146.3,6,True,147,36,34,77,341904->341903->342155->342156->342710->342719->341904->341903->342155->342720->342715->342158->342712->342714->342713->342076->341620->341621->344204->342159->342718->342717->342716->343651->342715->342720->342728->563265->342729->563265->342728->342720->342155->342156->342710->342719->341904->341905->341623->342117->342719->342710->343062->342711->342157->342158->342715->343651->343652->343651->342715->342720->342155->342156->342710->342719->341904->341905->341633->341903->342155->342720->342715->342158->342157->342711->342712->342714->342713->342076->341620->341621->344204->342159->342700->342695->342699->342697->342699->563099->342699->342697->342699->342703->341653->341612->339008->339015->338140->339430->339432->338157->338158->339433->339432->338157->338139->562936->339292->339070->613767->338253->613768->338803->338267->338584->338254->339133->338229->338218->339094->338258->613662->339651->338651->562921->562923->342153->341556->341555->342643->341561->341563->341552->341562->341564->342639->563096->342115->563067->342636->338199->338198->562865->339135->338197->338925->587845->646128->587905->339124->339125->338598->338208->338599->587846->338600->338354
rl_signal,t3_sinsa_daechi,long,off_peak,7.0,30,1052.7323,951.1996,94.2158,1041.8061,250.4289,7503.9,5,True,85,16,18,51,341904->341903->342155->342156->342710->342719->341904->341905->341623->342117->342719->342710->343062->342711->342712->342714->342713->342076->341620->341621->342834->343100->342865->342652->342116->342672->342671->340702->341790->341589->340701->563070->342670->646668->646669->342669->563097->342673->646784->646782->341597->344261->341907->341906->341605->341594->343104->341601->343106->343943->342693->341607->344213->343102->341557->588040->341572->340705->341555->342643->341561->341568->341566->341549->339128->339093->338226->338252->338251->646070->338648->338209->339659->338210->613615->338596->338197->338597->338605->338223->338603->339126->338348->338347->338706->338354
rl_signal,t3_sinsa_daechi,long,peak,8.0,1,1277.2133,1190.6702,80.2117,1556.2058,213.2055,10093.9,6,True,107,23,24,60,341904->341903->342155->342156->342710->342719->341904->341905->341623->342117->342719->342710->343062->342711->342712->342714->342713->342076->341620->341621->342834->343100->342865->342652->342116->342672->342671->340702->341790->341589->340701->563070->340700->341581->342666->343657->342670->340587->646667->646362->341982->342679->342669->563097->342673->646784->646782->341597->344261->341907->341906->343105->341598->342684->341601->343106->343943->342693->341607->344213->343102->341557->588040->341572->340705->341555->342643->341561->341562->341564->342639->563096->342115->563067->342636->338199->338252->338226->646291->338922->339657->338655->339656->339807->339810->338999->338649->339136->645956->338227->338693->338595->338210->613615->338596->338197->338925->587845->646128->587905->339124->339125->338598->338208->338599->587846->338600->338354
rl_signal,t3_sinsa_daechi,long,peak,8.0,2,1603.1022,1513.3435,83.383,1905.4842,221.6351,12839.4,4,True,132,28,33,71,341904->341903->342155->342156->342710->342719->341904->341905->341623->342117->342719->342710->343062->342711->342712->342714->342713->342076->341620->341621->344204->342159->342718->342717->342716->343651->342715->342720->342728->563265->342729->563265->342728->342720->342155->342156->342710->342719->341904->341905->341633->341903->342155->342720->342715->342158->342157->342711->342712->342714->342713->342076->341620->341621->344204->342159->342700->343100->342865->342652->342116->342672->342671->340702->341790->341589->340701->563070->342670->646668->646669->342669->563097->342673->646784->646782->341597->344261->341907->341906->343105->341598->342684->341601->343106->343943->342693->341607->344213->343102->341557->342643->341555->341736->341568->341735->341564->342645->342148->342644->613995->342640->342641->341737->341569->341985->341559->342115->563096->342639->341564->342645->341559->342115->563067->342636->338199->338198->562865->339135->338197->338925->587845->646128->587905->339124->339125->338598->338208->338599->587846->338600->338354
rl_signal,t3_sinsa_daechi,long,peak,8.0,3,2446.0077,2351.9043,86.6969,2997.5089,230.4435,19712.7,6,False,200,43,49,108,341904->341903->342155->342156->342710->342719->341904->341905->341623->342117->342719->342710->343062->342711->342712->342714->342713->342076->341620->341621->344204->342159->342718->342717->342716->343651->342715->342720->342728->563265->342729->563265->342728->342720->342155->342156->342710->342719->342117->341623->341905->341633->341903->342155->342720->342715->342158->342157->342711->342712->342714->342713->342076->341620->341621->344204->342159->342718->342717->342716->343651->342715->342720->342728->563265->342729->563265->342728->342720->342715->342158->342157->342711->342712->342714->342713->342076->341620->341621->344204->342159->342718->342717->342716->343651->342715->342720->342728->563265->342729->563265->342728->342720->342155->342156->342710->342719->341904->341905->341633->341903->342155->342720->342715->342158->342157->342711->342712->342714->342713->342076->341620->341621->344204->342159->342700->342695->342699->342697->342699->563099->342699->342703->341653->341612->339008->339015->338140->339430->339432->338157->338158->339433->339432->338157->338139->339072->339904->339071->339904->339072->338139->338157->338158->339433->339432->338157->338139->562936->339292->339070->613767->338253->613768->338803->338267->338584->338254->339133->338229->340484->339098->342073->342687->341600->342685->341607->344213->343102->341557->342643->341555->341736->341568->341735->341564->342645->341559->342115->563067->342648->342147->342636->338199->338198->562865->339135->338197->338596->613615->338210->613623->645958->613623->338210->613615->338596->338197->338925->646201->339126
rl_signal,t3_sinsa_daechi,long,peak,8.0,4,2394.8097,2112.1595,270.291,2778.5763,718.4434,16916.7,8,True,172,34,42,96,341904->341903->342155->342156->342710->342719->341904->341905->341623->342117->342719->342710->343062->342711->342712->342714->342713->342076->341620->341621->344204->342159->342718->342717->342716->343651->342715->342720->342728->563265->342729->563265->342728->342720->342155->342156->342710->342719->341904->341903->342155->342720->342715->342158->342157->342711->342712->342158->342715->342720->342728->563265->342729->563265->342728->342720->342155->342156->342710->342719->341904->341905->341633->341903->342155->342720->342715->342158->342157->342711->342712->342714->342713->342076->341620->341621->344204->342159->342700->342695->342699->342697->342699->563099->342699->342703->342702->587944->342702->342703->341653->341612->339008->339015->338140->339430->339432->338157->338158->339433->339432->338157->338139->562936->339292->339070->613767->613766->613768->338803->338267->338584->338254->339133->338229->340484->339098->646176->338230->341602->341733->342691->341732->341984->646623->341730->341603->341729->341598->341596->341597->563098->342151->563301->341593->646355->341601->343106->343943->342693->341607->344213->343102->341557->342643->341555->341736->341568->341735->341564->342639->341549->341566->341568->341735->341564->342645->341559->342115->563067->342636->338199->338198->562865->339135->338197->338925->646201->339126->338348->338347->338706->338354
rl_signal,t3_sinsa_daechi,long,peak,8.0,5,1100.4958,991.26,105.0214,1302.1777,279.1507,8580.0,4,True,81,17,18,46,341904->341903->342155->342156->342710->342719->341904->341905->341623->342117->342719->342710->343062->342711->342712->342714->342713->342076->341620->341621->342834->343100->342865->342652->342116->342672->342671->340702->341790->341589->340701->563070->340700->341581->342666->342663->342681->342680->342150->341591->341592->342649->341608->341553->341554->341551->342640->613995->342644->342148->342645->341559->342115->563067->342636->338199->338198->562865->339135->338197->338596->613615->338210->613623->645958->613623->338210->613615->338596->338197->338925->587845->646128->587905->339124->339125->338598->338208->338599->587846->338600->338354
rl_signal,t3_sinsa_daechi,long,peak,8.0,6,1508.0588,1372.1746,129.1259,1781.3123,343.2213,11570.0,5,True,103,23,26,54,341904->341903->342155->342156->342710->342719->341904->341905->341623->342117->342719->342710->343062->342711->342157->342158->342715->343651->343652->343651->342716->342717->342718->343098->342718->342159->342700->342695->342696->342695->342699->342697->342699->563099->342699->342703->341653->341612->339008->339015->338140->339430->339432->338157->338158->339433->339432->338157->338139->562936->339292->339070->613767->338253->613768->338803->338267->338584->338254->339133->338229->338218->339094->338258->613662->339651->338651->562921->562923->342153->341556->341555->342643->341561->341563->341553->341554->341551->342640->613995->342644->342148->342645->341559->342115->563067->342636->338199->338198->562865->339135->338197->338925->587845->646128->587905->339124->339125->338598->338208->338599->587846->338600->338354
rl_signal,t3_sinsa_daechi,long,peak,8.0,7,1512.3748,1331.36,174.1008,1657.4538,462.7662,11108.8,6,True,107,26,25,56,341904->341903->342155->342156->342710->342719->341904->341905->341623->342117->342719->342710->343062->342711->342712->342714->342713->342076->341620->341621->342834->343100->342865->342652->342116->342672->342671->340702->341790->341589->341791->342678->342675->342674->342671->342672->340587->342670->563070->340701->341589->341791->342678->341981->341938->342660->342654->342657->646554->342069->646413->342660->342654->342657->646554->342069->342661->342494->341586->646411->587943->342682->341587->342681->342680->342150->341591->342631->563095->342614->340597->342633->342626->342629->342630->344181->613852->341538->341551->342640->613995->342644->342148->342645->341559->342115->343710->341560->342648->563067->342636->338199->338198->562865->339135->338197->338925->587845->646128->587905->339124->339125->338598->338208->338599->587846->338600->338354
rl_signal,t3_sinsa_daechi,long,peak,8.0,8,1892.9616,1708.3254,175.181,2196.361,465.6374,14630.1,6,True,159,34,35,90,341904->341903->342155->342156->342710->342719->341904->341905->341623->342117->342719->342710->343062->342711->342712->342714->342713->342076->341620->341621->344204->342159->342718->342717->342716->343651->342715->342720->342728->563265->342729->563265->342728->342720->342715->342158->342157->342711->342712->342714->342713->342076->341620->341621->344204->342159->342718->342717->342716->343651->342715->342720->342728->563265->342729->563265->342728->342720->342155->342156->342710->342719->341904->341905->341633->341903->342155->342720->342715->342158->342157->342711->342712->342714->342713->342076->341620->341621->344204->342159->342700->342695->342699->342697->342699->563099->342699->342703->342702->587944->342702->342703->341653->341612->339008->339015->338140->339430->339432->338157->338158->339433->339432->338157->338139->562936->339292->339070->613767->338253->613768->613766->338920->646136->339130->339129->338926->338254->339133->338229->338218->339094->338258->339132->338586->338262->338587->338588->339119->338997->339892->338997->645954->339806->646068->338655->340247->340245->338921->340159->339654->339136->338209->339659->338210->613615->338596->338197->338925->587845->646128->587905->339124->339125->338598->338208->338599->587846->338600->338354
rl_signal,t3_sinsa_daechi,long,peak,8.0,9,2384.0541,2216.2867,155.4748,2938.0639,413.2577,18190.9,7,True,185,38,42,105,341904->341903->342155->342156->342710->342719->341904->341905->341623->342117->342719->342710->343062->342711->342712->342714->342713->342076->341620->341621->344204->342159->342718->342717->342716->343651->342715->342720->342728->563265->342729->563265->342728->342720->342155->342156->342710->342719->341904->341905->341633->341903->342155->342720->342715->343651->343652->343651->342715->342720->342728->563265->342729->563265->342728->342720->342155->342156->342710->342719->341904->341905->341633->341903->342155->342720->342715->342158->342157->342711->342712->342714->342713->342076->341620->341621->344204->342159->342700->342695->342699->342697->342699->563099->342699->342703->341653->341612->339008->339015->338140->339430->338161->339433->338158->338157->338139->562936->339292->339070->613767->338253->613768->338803->338267->338584->338254->339133->338229->338218->339094->338258->613662->339651->338651->562921->562923->342153->341556->341555->342643->341561->341563->341552->341562->341564->342639->563096->342115->563067->342636->338199->338198->562865->339135->338197->338925->587845->646128->587905->339124->587841->338206->340158->338207->340157->340158->338206->587841->339124->587910->587846->338599->338208->338598->339125->339124->587905->646128->587845->338925->338197->338597->338605->338223->338602->339123->338790->339152->338733->646265->646264->646265->338311->339297->339000->339664->338312->338343->339266->338728->338341->338349->339296->338346->338354
rl_signal,t3_sinsa_daechi,long,peak,8.0,10,1739.1131,1635.5225,95.8177,2106.9099,254.687,14110.2,5,True,150,39,37,74,341904->341903->342155->342156->342710->342719->342117->341623->341905->341633->341903->341904->341905->341623->342117->342719->342710->343062->342711->342712->342714->342713->342076->341620->341621->344204->342159->342718->342717->342716->343651->342715->342720->342728->563265->342729->563265->342728->342720->342155->342156->342710->342719->341904->341905->341633->341903->342155->342720->342715->342158->342157->342711->342712->342714->342713->342076->341620->341621->344204->342159->342718->342717->342716->343651->342715->342720->342155->342156->342710->342719->341904->341903->342155->342720->342715->342158->342157->342711->342712->342714->342713->342076->341620->341621->344204->342159->342700->343100->342865->342652->342116->342672->340587->342670->563070->340700->341581->342666->343657->342670->340587->646667->646362->341982->342679->342669->563097->342673->646784->646782->341597->344261->341907->341906->343105->341598->342684->341601->343106->343943->342693->341607->344213->343102->341557->342643->341555->341736->341568->341735->341564->342645->341559->342115->563067->342636->338199->338198->562865->339135->339122->646056->338604->338223->338603->339126->338348->338347->338346->338354
rl_signal,t3_sinsa_daechi,long,peak,8.0,11,979.1337,860.4033,112.0646,1104.5682,297.8718,7438.0,5,True,71,15,14,42,341904->341903->342155->342156->342710->342719->341904->341905->341623->342117->342719->342710->343062->342711->342712->342714->342713->342076->341620->341621->342834->343100->342865->342652->342116->342672->342671->340702->341790->341589->340701->563070->340700->341581->342666->342663->342681->342680->342150->341591->341592->342649->341608->341553->341554->341551->342640->613995->342644->342148->342645->341559->342115->563067->342636->338199->338198->562865->339135->338197->338925->587845->646128->587905->339124->339125->338598->338208->338599->587846->338600->338354
rl_signal,t3_sinsa_daechi,long,peak,8.0,12,1065.8653,1018.2968,42.699,1286.7706,113.4956,8527.3,4,True,89,20,20,49,341904->341903->342155->342156->342710->342719->341904->341905->341623->342117->342719->342710->343062->342711->342712->342714->342713->342076->341620->341621->342834->343100->342865->342652->342116->342672->342671->340702->341790->341589->340701->563070->340700->341581->342666->343657->342670->340587->646667->646362->341982->342679->342669->563097->342673->646784->646782->341597->344261->341907->341906->343105->341598->342684->341601->646355->341593->344353->342694->563168->341608->341553->341554->341551->342640->613995->342644->342148->342645->341559->342115->563067->342636->338199->338198->562865->339135->338197->338925->587845->646128->587905->339124->339125->338598->338208->338599->587846->338600->338354
rl_signal,t3_sinsa_daechi,long,peak,8.0,13,1221.3376,1086.0195,128.1746,1414.7501,340.6927,8848.4,6,True,98,18,19,61,341904->341903->342155->342156->342710->342719->341904->341905->341623->342117->342719->342710->343062->342711->342712->342714->342713->342076->341620->341621->342834->343100->342865->342652->342116->342672->342671->340702->341790->341589->340701->563070->342670->646668->646669->342669->563097->342673->646784->646782->341597->344261->341907->341906->343105->341598->341729->341603->341730->646623->341984->341732->342691->341733->341602->338230->646176->339098->342073->342687->341600->342685->341607->344213->343102->341557->588040->341572->340705->341555->342643->341561->341562->341564->342639->563096->342115->343710->341560->342648->563067->342636->338199->338198->562865->339135->338197->338925->587845->646128->587905->339124->339125->338598->338208->338599->587846->338600->338354
rl_signal,t3_sinsa_daechi,long,peak,8.0,14,1935.8367,1771.0627,154.2791,2252.847,410.0794,14424.0,7,True,156,33,38,85,341904->341903->342155->342156->342710->342719->341904->341905->341623->342117->342719->342710->343062->342711->342712->342714->342713->342076->341620->341621->344204->342159->342718->342717->342716->343651->342715->342720->342728->563265->342729->563265->342728->342720->342155->342156->342710->342719->341904->341905->341633->341903->342155->342720->342715->342158->342157->342711->342712->342714->342713->342076->341620->341621->344204->342159->342718->342717->342716->343651->342715->342720->342728->563265->342729->563265->342728->342720->342715->342158->342157->342711->342712->342714->342713->342076->341620->341621->344204->342159->342700->342695->342699->342697->342699->563099->342699->342703->341653->341612->339008->339015->338140->339430->339432->338157->338158->339433->339432->338157->338158->339433->339432->338157->338139->562936->339292->339070->613767->338253->613768->338803->338267->338584->338254->339133->338229->338218->339094->338258->339132->338586->338262->338587->338588->339119->338997->339892->338997->645954->339806->646068->338655->340247->340245->338921->340159->339654->339136->338209->339659->338210->613615->338596->338197->338925->587845->646128->587905->339124->339125->338598->338208->338599->587846->338600->338354
rl_signal,t3_sinsa_daechi,long,peak,8.0,15,1893.1951,1706.6012,173.8699,2194.8662,462.1526,14142.3,7,True,152,35,31,86,341904->341903->342155->342156->342710->342719->341904->341905->341623->342117->342719->342710->343062->342711->342712->342714->342713->342076->341620->341621->344204->342159->342718->342717->342716->343651->342715->342720->342728->563265->342729->563265->342728->342720->342155->342156->342710->342719->341904->341905->341633->341903->342155->342720->342728->563265->342729->563265->342728->342720->342155->342156->342710->342719->341904->341905->341633->341903->342155->342720->342715->342158->342157->342711->342712->342714->342713->342076->341620->341621->344204->342159->342700->342695->342699->342697->342699->563099->342699->342703->341653->341612->339008->339015->338140->339430->339432->338157->338158->339433->339432->338157->338139->562936->339292->339070->613767->338253->613768->338803->338267->338584->338254->339133->338229->338218->339094->338258->613662->339651->338651->562921->562923->342153->341556->341555->342643->341561->341568->341566->341549->339128->339093->338226->338252->338251->646070->338648->338209->339659->338210->613615->338596->338197->338925->587845->646128->587905->339124->339125->338598->338208->338599->587846->587910->339124->339125->338598->338208->338599->587846->338600->338354
rl_signal,t3_sinsa_daechi,long,peak,8.0,16,2162.7016,2016.29,138.4465,2695.9709,367.9957,16567.2,6,True,168,36,37,95,341904->341903->342155->342156->342710->342719->341904->341905->341623->342117->342719->342710->343062->342711->342712->342714->342713->342076->341620->341621->344204->342159->342718->342717->342716->343651->342715->342720->342728->563265->342729->563265->342728->342720->342155->342156->342710->342719->341904->341905->341633->341903->342155->342720->342728->563265->342729->563265->342728->342720->342155->342156->342710->342719->341904->341905->341633->341903->342155->342720->342715->342158->342157->342711->342712->342158->342715->343651->343652->343651->342716->342717->342718->343098->342718->342159->342700->342695->342699->342697->342699->563099->342699->342703->341653->341612->339008->339015->338140->339430->339432->339433->338158->338157->338139->562936->562935->562936->338139->338157->338158->339433->339432->338157->338139->562936->339292->339070->613767->338253->613768->338803->338267->338584->338254->339133->338229->340484->339098->646176->338230->341602->341733->342691->341732->341984->646623->341730->341603->341729->341598->341596->341597->563098->342151->563301->341593->646355->341601->343106->343943->342693->341607->344213->343102->341557->342643->341555->341736->341568->341735->341564->342645->341559->342115->563067->342636->338199->338198->562865->339135->338197->338925->646201->339126->338348->338347->338346->338354
rl_signal,t3_sinsa_daechi,long,peak,8.0,17,1452.5262,1236.5668,206.4041,1571.4174,548.6296,9823.1,8,True,95,17,25,53,341904->341903->341633->341905->341904->341903->342155->342156->342157->342158->342715->343651->343652->343651->342716->342717->342718->343098->342718->342159->342700->342695->342699->342697->342699->563099->342699->342703->341653->341612->339008->339015->338140->339430->339432->338821->338161->339430->339432->338157->338158->339433->339432->338157->338139->562936->339292->339070->613767->338253->613768->338803->338267->338584->338254->339133->338229->338218->339094->338258->339538->338261->563143->588038->341607->344213->343102->341557->342643->341555->341736->341568->341735->341564->342645->341559->342115->563067->342636->338199->338198->562865->339135->338197->338925->587845->646128->587905->339124->339125->338598->338208->338599->587846->338600->338354
rl_signal,t3_sinsa_daechi,long,peak,8.0,18,1009.4526,920.0048,84.0493,1187.0371,223.406,7807.9,4,True,78,16,15,47,341904->341903->342155->342156->342710->342719->341904->341905->341623->342117->342719->342710->343062->342711->342712->342714->342713->342076->341620->341621->342834->343100->342865->342652->342116->342672->342671->340702->341790->341589->340701->563070->340700->341581->341792->342664->341793->341587->342681->342680->342150->341591->341592->342649->341608->341553->341554->341551->342640->613995->342644->342148->342645->341559->342115->563067->342636->342147->341996->341571->340229->562951->338222->338198->562865->339135->338197->338925->587845->646128->587905->339124->339125->338598->338208->338599->587846->338600->338354
rl_signal,t3_sinsa_daechi,long,peak,8.0,19,946.7954,919.8256,24.8204,1151.6832,65.9736,7996.4,2,True,91,17,20,54,341904->341903->342155->342156->342710->342719->341904->341905->341623->342117->342719->342710->343062->342711->342712->342714->342713->342076->341620->341621->342834->343100->342865->342652->342116->342672->342671->340702->341790->341589->341789->340587->646667->646362->341982->342679->342651->342679->341983->342673->646784->646782->341597->344261->341907->341906->343105->341598->342684->341601->343106->343943->342693->341607->344213->343102->341557->588040->341572->339293->338651->562921->562923->342153->341556->341555->342643->341561->341562->341564->342639->563096->342115->563067->342636->338199->338198->562865->339135->338197->338925->587845->646128->587905->339124->339125->338598->338208->338599->587846->338600->338354
rl_signal,t3_sinsa_daechi,long,peak,8.0,20,1149.1273,1099.2767,45.9158,1464.776,122.0458,9747.9,3,True,97,22,24,51,341904->341903->342155->342156->342710->342719->341904->341905->341623->342117->342719->342710->343062->342711->342712->342714->342713->342076->341620->341621->342834->343100->342865->342652->342116->342672->342671->340702->341790->341589->340701->563070->340700->341581->342666->343657->342670->340587->646667->646362->646363->646362->341982->342679->342669->563097->342673->646784->646782->341597->344261->341907->341906->343105->341598->342684->341601->646355->341593->344353->342694->563168->341608->341553->341554->341551->342640->613995->342644->342148->342645->341559->342115->563096->342639->341564->342645->341559->342115->563067->342636->338199->338198->562865->339135->338197->338925->587845->646128->587905->339124->339125->338598->338208->338599->587846->338600->338354
rl_signal,t3_sinsa_daechi,long,peak,8.0,21,1066.8151,996.7998,64.7509,1224.8842,172.1103,8447.4,4,True,95,24,21,50,341904->341903->342155->342156->342710->342719->341904->341905->341623->342117->342719->342710->343062->342711->342712->342714->342713->342076->341620->341621->342834->343100->342865->342652->342116->342672->342671->340702->341790->341589->340701->563070->340700->341581->342666->343657->342670->340587->646667->646362->341982->342679->342669->563097->342673->646784->646782->341597->344261->341907->341906->343105->341598->342684->341601->343106->343943->342693->341607->344213->343102->341557->588040->341572->340705->341555->342643->341561->341562->341564->342639->563096->342115->563067->342636->338199->338198->562865->339135->338197->338925->587845->646128->646127->646128->587905->587904->587905->339124->339125->338598->338208->338599->587846->338600->338354
rl_signal,t3_sinsa_daechi,long,peak,8.0,22,1062.7692,1041.6206,17.922,1397.0101,47.6374,8729.4,3,True,98,18,21,59,341904->341905->341623->342117->342719->342710->342156->342157->342158->342715->343651->343652->343651->342716->342717->342718->343098->342718->342159->342700->342695->342699->563099->342699->342703->341653->343705->342701->342698->344040->343866->344366->342692->343706->563224->563226->563225->563224->343706->342692->563167->341603->341730->646623->341984->341732->342691->341733->341602->338230->646176->339098->342073->342687->341600->342685->341607->344213->343102->341557->588040->341572->339293->338651->562921->562923->342153->341556->341555->342643->341561->341568->341566->341549->339128->339093->338226->338252->338251->646070->338648->338209->339659->338210->613615->338596->338197->338925->587845->646128->587905->339124->339125->338598->338208->338599->587846->338600->338354
rl_signal,t3_sinsa_daechi,long,peak,8.0,23,1138.5745,1046.8424,87.2351,1343.1015,231.874,8742.7,4,True,90,19,21,50,341904->341903->342155->342156->342710->342719->341904->341905->341623->342117->342719->342710->343062->342711->342712->342714->342713->342076->341620->341621->342834->343100->342865->342652->342116->342672->342671->340702->341790->341589->340701->563070->340700->341581->342666->343657->342670->646668->646669->342669->563097->342673->646784->646782->341597->344261->341907->341906->343105->341598->342684->341601->646355->341593->344353->342694->563168->341608->341553->341554->341551->342640->613995->613994->613995->342640->342641->341737->341569->341985->341559->342115->563067->342636->338199->338198->562865->339135->338197->338925->587845->646128->587905->339124->339125->338598->338208->338599->587846->338600->338354
rl_signal,t3_sinsa_daechi,long,peak,8.0,24,1469.765,1435.5266,27.8383,1868.8022,73.9952,12437.2,4,True,128,31,31,66,341904->341903->342155->342156->342710->342719->341904->341905->341623->342117->342719->342710->343062->342711->342712->342714->342713->342076->341620->341621->344204->342159->342718->342717->342716->343651->342715->342720->342728->563265->342729->563265->342728->342720->342155->342156->342710->342719->341904->341905->341633->341903->342155->342720->342715->342158->342157->342711->342712->342714->342713->342076->341620->341621->344204->342159->342700->343100->342865->340641->340704->341588->341785->342116->342672->340587->342670->563070->340700->341581->342666->343657->342670->340587->646667->646362->341982->342679->342669->563097->342673->646784->646782->341597->344261->341907->341906->343105->341598->342684->341601->646355->341593->344353->342694->563168->341608->341553->341554->341551->342640->613995->342644->342148->342645->341559->342115->563067->342636->338199->338198->338222->338726->338837->339122->339135->338197->338925->587845->646128->587905->339124->339125->338598->338208->338599->587846->338600->338354
rl_signal,t3_sinsa_daechi,long,peak,8.0,25,1153.5805,1069.9765,77.9781,1375.9357,207.2686,9114.3,4,True,103,20,27,56,341904->341903->342155->342156->342710->342719->341904->341905->341623->342117->342719->342710->343062->342711->342712->342714->342713->342076->341620->341621->342834->343100->342865->342652->342116->342672->342671->340702->341790->341589->340701->563070->340700->341581->342666->343657->342670->340587->646667->646362->341982->342679->342669->563097->342673->341983->342679->342669->563097->342673->646784->646782->341597->344261->341907->341906->343105->341598->342684->341601->343106->343943->342693->341607->344213->343102->341557->588040->341572->339293->338651->562921->562923->562922->562923->342153->341556->341555->342643->341561->341562->341564->342639->563096->342115->563067->342636->338199->338198->562865->339135->338197->338925->587845->646128->587905->339124->339125->338598->338208->338599->587846->338600->338354
rl_signal,t3_sinsa_daechi,long,peak,8.0,26,1382.1313,1253.2519,116.7767,1633.5418,310.3967,10492.1,7,True,119,24,24,71,341904->341903->342155->342156->342710->342719->341904->341905->341623->342117->342719->342710->342156->342157->342158->342715->343651->343652->343651->342715->342720->342728->563265->342729->563265->342728->342720->342155->342156->342710->342719->341904->341903->342155->342720->342715->342158->342712->342714->342713->342076->341620->341621->344204->342159->342718->340635->342718->342159->342700->342695->342699->342697->342699->563099->342699->342703->341653->343705->342701->342698->344040->343866->344366->342692->343706->563224->563226->563225->563224->343706->342692->563167->341603->341730->646623->341984->341732->342691->341733->341602->338230->646176->339098->342073->342687->341600->342685->341607->344213->343102->341557->342643->341555->341736->341568->341735->341564->342645->341559->342115->563067->342636->338199->338198->562865->339135->338197->338925->587845->646128->587905->339124->339125->338598->338208->338599->587846->338600->338354
rl_signal,t3_sinsa_daechi,long,peak,8.0,27,1988.1896,1789.9835,189.5118,2422.0324,503.7292,14883.3,6,True,144,31,38,75,341904->341903->342155->342156->342710->342719->341904->341905->341623->342117->342719->342710->343062->342711->342712->342714->342713->342076->341620->341621->344204->342159->342718->342717->342716->343651->342715->342720->342728->563265->342729->563265->342728->342720->342155->342156->342710->342719->341904->341905->341633->341903->342155->342720->342715->342158->342157->342711->342712->342714->342713->342076->341620->341621->344204->342159->342700->342695->342699->342697->342699->563099->342699->342703->341653->341612->339008->339015->338140->339430->339432->338157->338158->339433->339432->338157->338139->562936->339292->339070->613767->338253->613768->338803->338267->338584->338254->339133->338229->338218->339094->338258->613662->339651->338651->562921->562920->562921->562923->342153->341556->341555->342643->341561->341568->341735->341564->342645->342148->342644->613995->342640->342641->342642->646764->646763->646764->563119->563189->563191->341558->341518->341560->343710->342115->563096->342639->341564->342645->341559->342115->563067->342636->338199->338198->562865->339135->338197->338925->646201->339126->338348->338347->338346->338354
rl_signal,t3_sinsa_daechi,long,peak,8.0,28,1098.6431,996.3575,95.4922,1326.6073,253.8216,8350.4,5,True,95,21,22,52,341904->341903->342155->342156->342710->342719->341904->341905->341623->342117->342719->342710->343062->342711->342712->342714->342713->342076->341620->341621->342834->343100->342865->342652->342116->342672->342671->340702->341790->341589->340701->563070->340700->341581->342666->343657->342670->340587->646667->646362->341982->342679->342669->563097->342673->646784->646782->341597->344261->341907->341906->343105->341598->342684->341601->343106->343943->342693->341607->344213->343102->341557->588040->341572->340705->341555->342643->341561->341568->341566->341549->339128->339093->338226->338252->338251->646070->338648->338209->339659->338210->613615->338596->338197->338925->587845->646128->587905->339124->339125->338598->338208->338599->587846->338600->338354
rl_signal,t3_sinsa_daechi,long,peak,8.0,29,1801.9462,1724.3347,73.0817,2022.567,194.2538,13517.2,4,True,156,31,42,83,341904->341903->342155->342156->342710->342719->341904->341905->341623->342117->342719->342710->343062->342711->342712->342158->342157->342711->342712->342714->342713->342076->341620->341621->344204->342159->342718->342717->342716->343651->342715->342720->342728->563265->342729->563265->342728->342720->342155->341903->341904->341905->341633->341903->341904->343064->341633->341905->341904->343064->341633->341905->341904->343064->341633->341905->341904->343064->341633->341905->341904->341903->342155->342720->342715->342158->342712->342714->342713->342076->341620->341621->342834->343100->342865->340641->340704->341588->341785->342116->342672->340587->342670->563070->340701->341589->341791->342678->342675->342674->342671->340702->341790->341589->340701->563070->342670->646668->646669->342669->563097->342673->646784->646782->341597->344261->341907->341906->343105->341598->342684->341601->343106->343943->342693->341607->344213->343102->341557->342643->341555->341736->341568->341735->341564->342645->342148->342644->613995->342640->342641->342642->646764->563119->563189->563191->341558->341518->341560->343710->342115->563067->342636->338199->338198->562865->339135->339122->646056->338604->338223->338603->339126->338348->338347->338706->338354
rl_signal,t3_sinsa_daechi,long,peak,8.0,30,2039.9076,2017.0209,20.2301,2518.4321,53.7723,15988.4,1,False,200,46,46,108,341904->341903->342155->342156->342710->342719->341904->341905->341633->341903->342155->342720->342715->342158->342712->342714->342713->342076->341620->341621->344204->342159->342718->342717->342716->343651->342715->342720->342728->563265->342729->563265->342728->342720->342155->342156->342157->342158->342715->342720->342728->563265->342729->563265->342728->342720->342155->342156->342710->342719->341904->341905->341623->342117->342719->342710->343062->342711->342157->342158->342712->342714->342713->342076->341620->341621->344204->342159->342718->342717->342716->343651->342715->342720->342728->563265->342729->563265->342728->342720->342155->342156->342710->342719->341904->341905->341633->341903->342155->342720->342728->563265->342729->563265->342728->342720->342155->342156->342710->342719->341904->341905->341633->341903->342155->342720->342715->342158->342157->342711->342712->342714->342713->342076->341620->341621->344204->342159->342718->342717->342716->343651->342715->342720->342728->563265->342729->563265->342728->342720->342155->342156->342710->342719->341904->341903->342155->342156->342710->342719->341904->341903->342155->342156->342710->342719->341904->341903->341633->341905->341904->343064->341633->341905->341904->343064->341633->341905->341623->342117->342719->342710->343062->342711->342157->342158->342715->342720->342728->563265->342729->563265->342728->342720->342155->342156->342710->342719->341904->341905->341633->341903->342155->342720->342715->342158->342157->342711->342712->342714->342713->342076->341620->341621->344204->342159->342718->342717->342716->343651->342715
rl_signal_attention,t1_seonjeongneung_daechi,long,off_peak,7.0,1,864.3632,663.0046,188.5596,741.7839,501.1983,5480.1,9,True,51,7,6,38,341608->341553->341554->341551->342640->613995->342644->341552->341562->341564->342639->341549->339128->339093->338226->339127->338649->339136->645956->338227->339819->646028->646026->339934->339811->340231->339724->339314->339317->338256->339580->613775->613774->338232->613775->339580->338256->338621->338727->339001->338776->338206->340158->338207->338327->338328->338326->339713->339712->339884->338601->338354
rl_signal_attention,t1_seonjeongneung_daechi,long,off_peak,7.0,2,2147.535,1862.8613,260.2486,1805.1661,691.7503,14188.3,14,False,200,27,28,145,341608->341553->341554->341551->342640->613995->342644->341552->341563->341561->341568->341566->341549->339128->339093->338226->339127->338649->339136->645956->338227->339819->646028->646027->646028->339819->338227->338693->338595->338210->339659->338209->338648->646070->646069->646070->338648->338209->339659->338210->613623->645958->613623->338210->339659->338209->338648->646070->646069->646070->338648->338209->339659->338210->613623->645958->613623->338210->339659->338209->338648->646070->646069->646070->338648->338209->339659->338210->613623->645958->613623->338210->339659->338209->338648->646070->646069->646070->338648->338209->339659->338210->613623->645958->613623->338210->339659->338209->338648->646070->646069->646070->338648->338209->339659->338210->613623->645958->613623->338210->613615->338596->338197->338597->338605->338223->338603->339126->646201->646200->646201->338925->587845->563046->587845->338925->646201->646200->646201->338925->587845->563046->587845->338925->646201->646200->646201->338925->587845->563046->587845->338925->646201->646200->646201->338925->587845->563046->587845->338925->646201->646200->646201->338925->587845->563046->587845->338925->646201->646200->646201->338925->587845->563046->587845->338925->646201->646200->646201->338925->587845->563046->587845->338925->646201->646200->646201->338925->587845->563046->587845->338925->646201->646200->646201->338925->587845->563046->587845->338925->646201->646200->646201->338925->587845->563046->587845->338925->646201->646200->646201->338925->587845->563046->587845->338925->646201->646200->646201->338925->587845
rl_signal_attention,t1_seonjeongneung_daechi,long,off_peak,7.0,3,838.7559,681.2557,145.9293,655.5664,387.8853,5480.1,7,True,51,7,6,38,341608->341553->341554->341551->342640->613995->342644->341552->341562->341564->342639->341549->339128->339093->338226->339127->338649->339136->645956->338227->339819->646028->646026->339934->339811->340231->339724->339314->339317->338256->339580->613775->613774->338232->613775->339580->338256->338621->338727->339001->338776->338206->340158->338207->338327->338328->338326->339713->339712->339884->338601->338354
rl_signal_attention,t1_seonjeongneung_daechi,long,off_peak,7.0,4,884.0125,684.9532,188.8793,718.3036,502.048,5555.3,7,True,53,7,8,38,341608->341553->341554->341551->342640->613995->342644->341552->341562->341564->342639->341549->339128->339093->338226->339127->338649->339136->645956->338227->339819->646028->646026->339934->339811->340231->339724->339314->339317->338256->339580->613775->613774->338232->613775->339580->338256->338621->338727->339001->339723->339001->338776->338206->340158->338207->338327->338328->338326->339713->339712->339884->338601->338354
rl_signal_attention,t1_seonjeongneung_daechi,long,off_peak,7.0,5,933.1951,723.3384,190.8684,726.0709,507.3352,5736.1,11,True,52,6,5,41,341608->341553->341554->341551->342640->613995->342644->341552->341563->341561->341568->341566->341549->339128->339093->338226->339127->338649->339136->645956->338227->339819->646028->646026->339934->339811->340231->339724->339314->339317->338256->339580->613775->613774->338232->613775->339580->338256->338621->338727->339001->338776->338206->340158->338207->338327->338328->338326->339713->339712->339884->338601->338354
rl_signal_attention,t1_seonjeongneung_daechi,long,off_peak,7.0,6,834.7405,681.9944,140.5764,681.3226,373.6573,5480.1,7,True,51,7,6,38,341608->341553->341554->341551->342640->613995->342644->341552->341562->341564->342639->341549->339128->339093->338226->339127->338649->339136->645956->338227->339819->646028->646026->339934->339811->340231->339724->339314->339317->338256->339580->613775->613774->338232->613775->339580->338256->338621->338727->339001->338776->338206->340158->338207->338327->338328->338326->339713->339712->339884->338601->338354
rl_signal_attention,t1_seonjeongneung_daechi,long,off_peak,7.0,7,1470.4841,1133.6258,316.5586,1278.7896,841.4243,8980.4,14,True,73,6,10,57,341608->341553->341554->341551->342640->613995->342644->341552->341562->341564->342639->341549->339128->339093->338226->339127->338649->339136->645956->338227->339819->646028->646026->339934->339811->340231->339724->339314->339317->338256->339580->613775->338232->338908->338255->338246->338248->338249->339110->338352->563055->562874->339151->338358->562875->338363->338340->613779->613780->338317->339562->338296->645999->646000->338362->338318->338620->338317->613780->613779->613777->613779->338340->338363->587871->338351->338350->339575->338326->339713->339712->339884->338601->338354
rl_signal_attention,t1_seonjeongneung_daechi,long,off_peak,7.0,8,921.8599,735.6214,174.2318,761.8326,463.1145,5838.1,7,True,56,9,8,39,341608->341553->341554->341551->342640->613995->342644->341552->341562->341564->342639->341549->339128->339093->338226->338252->338251->646070->338648->338209->339659->338210->338595->338693->338227->339819->646028->646026->339934->339811->340231->339724->339314->339317->338256->339580->613775->613774->338232->613775->339580->338256->338621->338727->339001->338776->338206->340158->338207->338327->338328->338326->339713->339712->339884->338601->338354
rl_signal_attention,t1_seonjeongneung_daechi,long,off_peak,7.0,9,885.8178,725.4467,148.4857,829.8444,394.6805,5759.0,8,True,74,9,6,59,341608->563168->342694->344353->341593->341778->343103->341595->341594->343104->341601->343106->343943->342693->341607->588038->563143->338261->339538->338258->339132->338586->338262->338587->338588->339119->338589->338205->338998->340121->338997->645954->339806->646068->338655->339656->339807->339810->338999->339654->339136->645956->338227->339819->646028->646026->339934->339811->340231->339724->339314->339317->338256->339580->613775->613774->338232->613775->339580->338256->338621->338727->339001->338776->338206->340158->338207->338327->338328->338326->339713->339712->339884->338601->338354
rl_signal_attention,t1_seonjeongneung_daechi,long,off_peak,7.0,10,947.1635,786.3713,145.2395,836.4605,386.0518,6138.5,8,True,65,13,8,44,341608->341553->341554->341551->342640->613995->342644->341552->341562->341564->342639->341549->339128->339093->338226->339127->338649->339136->645956->338227->339819->646028->646026->339934->339811->340231->339724->339314->339317->338256->339580->613775->613774->339740->562885->339311->339739->339311->562885->339740->613774->338232->613775->613774->338232->613775->613774->338232->613775->339580->338256->338621->338727->339001->338776->338206->340158->338207->338327->338328->338326->339713->339712->339884->338601->338354
rl_signal_attention,t1_seonjeongneung_daechi,long,off_peak,7.0,11,2490.499,2168.7185,305.1088,2402.0434,810.9903,16606.1,13,False,200,53,56,91,341608->341553->341554->341551->342640->613995->342644->341552->341562->341564->342639->341549->339128->339093->338226->339127->338649->339136->645956->338227->339819->646028->646026->339934->339811->340231->339724->339314->339317->338256->339580->613775->613774->338232->339582->338234->340157->338207->340158->338206->338776->339001->646223->587844->587841->339124->587905->587904->587905->339124->587910->587846->338599->338208->339663->338208->338598->339125->339124->587905->587904->587905->339124->587910->587846->338599->338208->339663->338208->338599->587846->587910->339124->587905->587904->587905->646128->587845->338925->646201->646200->646201->338925->587845->563046->587845->338925->646201->646200->646201->338925->587845->563046->587845->338925->646201->646200->646201->338925->587845->563046->587845->338925->646201->646200->646201->338925->587845->563046->587845->646128->587905->339124->587910->587846->338599->338208->339663->338208->338599->587846->587910->339124->587905->587904->587905->339124->587910->587846->338599->338208->339663->338208->338599->587846->587910->339124->587905->587904->587905->339124->587910->587846->338599->338208->339663->338208->338599->587846->587910->339124->587905->587904->587905->339124->587910->587846->338599->338208->339663->338208->338599->587846->587910->339124->587905->587904->587905->339124->587910->587846->338599->338208->339663->338208->338599->587846->587910->339124->587905->587904->587905->339124->587910->587846->338599->338208->339663->338208->338599->587846->587910->339124->587905->587904->587905->339124->587910->587846->338599->338208
rl_signal_attention,t1_seonjeongneung_daechi,long,off_peak,7.0,12,871.4277,671.8288,186.7112,723.878,496.2851,5480.1,9,True,51,7,6,38,341608->341553->341554->341551->342640->613995->342644->341552->341562->341564->342639->341549->339128->339093->338226->339127->338649->339136->645956->338227->339819->646028->646026->339934->339811->340231->339724->339314->339317->338256->339580->613775->613774->338232->613775->339580->338256->338621->338727->339001->338776->338206->340158->338207->338327->338328->338326->339713->339712->339884->338601->338354
rl_signal_attention,t1_seonjeongneung_daechi,long,off_peak,7.0,13,1086.373,821.0105,245.6251,860.1642,652.8805,6622.5,11,True,51,4,2,45,341608->341553->341554->341551->342640->613995->342644->341552->341563->341561->341568->341566->341549->339128->339093->338226->339127->338649->339136->645956->338227->339819->646028->646026->339934->339811->340231->339724->339314->339317->338256->339580->613775->338232->338908->338255->338246->338248->338249->339110->338352->338619->338618->338351->338350->339575->338326->339713->339712->339884->338601->338354
rl_signal_attention,t1_seonjeongneung_daechi,long,off_peak,7.0,14,908.0379,718.5634,176.1941,749.7421,468.3303,5480.1,8,True,51,7,6,38,341608->341553->341554->341551->342640->613995->342644->341552->341562->341564->342639->341549->339128->339093->338226->339127->338649->339136->645956->338227->339819->646028->646026->339934->339811->340231->339724->339314->339317->338256->339580->613775->613774->338232->613775->339580->338256->338621->338727->339001->338776->338206->340158->338207->338327->338328->338326->339713->339712->339884->338601->338354
rl_signal_attention,t1_seonjeongneung_daechi,long,off_peak,7.0,15,1777.3704,1344.1559,410.4564,1535.4945,1091.0081,10480.1,17,True,100,12,16,72,341608->341553->341554->341551->342640->613995->342644->341552->341562->341561->341568->341566->341549->339128->339093->338226->339127->338649->339136->645956->338227->339819->646028->646026->339934->339811->340231->339724->340046->339724->340231->339811->339934->646026->646028->339819->338227->338693->338595->338210->339659->338209->338648->646070->646069->646070->338648->338209->339659->338210->613623->645958->613623->338210->339659->338209->338648->646070->646069->646070->338648->338209->339659->338210->613623->645958->613623->338210->339659->338209->339136->338649->339127->338226->338252->338199->338198->338222->562951->340229->341571->341521->342613->341535->343726->343919->338310->339265->338311->339297->339000->339664->338312->338343->339266->338728->338341->338349->339296->338346->338354
rl_signal_attention,t1_seonjeongneung_daechi,long,off_peak,7.0,16,1320.0971,1096.0992,210.9801,1122.9501,560.7927,8667.8,9,True,80,20,7,53,341608->341553->341563->341561->341568->341566->341549->339128->339093->338226->339127->338649->339136->645956->338227->339819->646028->646026->646025->646026->339934->339811->340231->339724->339314->339317->338256->339580->613775->613774->338232->613775->339580->338256->338621->338727->339001->338776->338206->340158->338207->338327->338326->338328->338342->338887->340280->340271->338314->338315->338887->340280->340271->338314->338315->338887->340280->340271->338314->338315->338887->340280->340271->338314->338315->338887->340280->562957->340280->338887->338342->338328->338326->338327->338328->338326->339713->339712->339884->338601->338354
rl_signal_attention,t1_seonjeongneung_daechi,long,off_peak,7.0,17,877.8081,688.5997,177.9212,747.1064,472.921,5480.1,8,True,51,7,6,38,341608->341553->341554->341551->342640->613995->342644->341552->341562->341564->342639->341549->339128->339093->338226->339127->338649->339136->645956->338227->339819->646028->646026->339934->339811->340231->339724->339314->339317->338256->339580->613775->613774->338232->613775->339580->338256->338621->338727->339001->338776->338206->340158->338207->338327->338328->338326->339713->339712->339884->338601->338354
rl_signal_attention,t1_seonjeongneung_daechi,long,off_peak,7.0,18,972.5194,842.1854,118.724,911.3589,315.5727,6876.2,7,True,63,9,10,44,341608->341553->341554->341551->342640->613995->342644->341552->341562->341564->342639->563096->342115->563067->342636->338199->338252->338226->646291->646290->646291->338226->338252->338251->646070->338648->338209->339659->338210->338595->338693->338227->339819->646028->646026->339934->339811->340231->339724->339314->339317->338256->339580->613775->613774->338232->613775->339580->338256->338621->338727->339001->338776->338206->340158->338207->338327->338328->338326->339713->339712->339884->338601->338354
rl_signal_attention,t1_seonjeongneung_daechi,long,off_peak,7.0,19,2283.812,2065.7668,207.5003,2051.9868,551.5435,16018.0,8,False,200,41,43,116,341608->341553->341554->341551->342640->613995->342644->341552->341562->341564->342639->341549->339128->339093->338226->338252->338251->646070->646069->646070->338648->338209->339659->338210->338595->338693->338227->339819->646028->646026->339934->339811->340231->339724->339314->339317->338256->339580->613775->613774->338232->613775->339580->338256->338621->338727->339001->646223->587844->587841->339124->587905->646128->587845->338925->646201->646200->646201->338925->587845->563046->587845->338925->646201->646200->646201->338925->587845->563046->587845->338925->338197->339135->339122->646056->338604->338223->338605->338597->338197->338925->587845->563046->587845->338925->646201->646200->646201->338925->587845->563046->587845->338925->646201->646200->646201->338925->587845->563046->587845->338925->646201->646200->646201->338925->587845->563046->587845->338925->646201->646200->646201->338925->587845->563046->587845->338925->646201->646200->646201->338925->587845->563046->587845->338925->646201->646200->646201->338925->587845->563046->587845->338925->646201->646200->646201->338925->587845->563046->587845->646128->587905->339124->587910->587846->338599->338208->339663->338208->338599->587846->587910->339124->587905->587904->587905->339124->587910->587846->338599->338208->339663->338208->338599->587846->587910->339124->587905->587904->587905->339124->587910->587846->338599->338208->339663->338208->338599->587846->587910->339124->587905->587904->587905->339124->587841->338206->340158->338207->338327->338326->338328->338342->338887->340280->340271->338314->338315->338887->338342->338328
rl_signal_attention,t1_seonjeongneung_daechi,long,off_peak,7.0,20,878.5873,683.0183,181.422,741.9675,482.2262,5480.1,9,True,51,7,6,38,341608->341553->341554->341551->342640->613995->342644->341552->341562->341564->342639->341549->339128->339093->338226->339127->338649->339136->645956->338227->339819->646028->646026->339934->339811->340231->339724->339314->339317->338256->339580->613775->613774->338232->613775->339580->338256->338621->338727->339001->338776->338206->340158->338207->338327->338328->338326->339713->339712->339884->338601->338354
rl_signal_attention,t1_seonjeongneung_daechi,long,off_peak,7.0,21,910.5653,696.4252,197.3367,698.9291,524.5282,5480.1,10,True,51,7,6,38,341608->341553->341554->341551->342640->613995->342644->341552->341562->341564->342639->341549->339128->339093->338226->339127->338649->339136->645956->338227->339819->646028->646026->339934->339811->340231->339724->339314->339317->338256->339580->613775->613774->338232->613775->339580->338256->338621->338727->339001->338776->338206->340158->338207->338327->338328->338326->339713->339712->339884->338601->338354
rl_signal_attention,t1_seonjeongneung_daechi,long,off_peak,7.0,22,873.7803,681.9613,182.3248,751.2169,484.626,5445.0,8,True,51,8,7,36,341608->341553->341554->341551->342640->613995->342644->342148->342645->341564->342639->341549->339128->339093->338226->339127->338649->339136->645956->338227->339819->646028->646026->339934->339811->340231->339724->339314->339317->338256->339580->613775->613774->338232->613775->339580->338256->338621->338727->339001->338776->338206->340158->338207->338327->338328->338326->339713->339712->339884->338601->338354
rl_signal_attention,t1_seonjeongneung_daechi,long,off_peak,7.0,23,2339.73,1951.1066,357.4619,2066.2032,950.1467,15147.5,17,True,178,25,26,127,341608->341553->341554->341551->342640->613995->342644->341552->341562->341564->342639->341549->339128->339093->338226->339127->338649->338999->339654->339136->645956->338227->339819->646028->646026->339934->339811->340231->339724->339314->339317->338256->339580->613775->613774->338232->613775->339580->338256->339317->339314->339724->340046->339724->340231->339811->339934->646026->646028->339819->338227->338693->338595->338210->339659->338209->338648->646070->646069->646070->338648->338209->339659->338210->613623->645958->613623->338210->339659->338209->338648->646070->646069->646070->338648->338209->339659->338210->613623->645958->613623->338210->339659->338209->338648->646070->646069->646070->338648->338209->339659->338210->613623->645958->613623->338210->339659->338209->338648->646070->646069->646070->338648->338209->339659->338210->613623->645958->613623->338210->339659->338209->338648->646070->646069->646070->338648->338209->339659->338210->613623->645958->613623->338210->613615->338596->338197->338597->338605->338223->338603->339126->646201->646200->646201->338925->587845->563046->587845->338925->646201->646200->646201->338925->587845->563046->587845->338925->646201->646200->646201->338925->587845->563046->587845->338925->646201->339126->338603->338223->338602->339123->338790->339152->338733->646265->338311->339297->339000->339664->338312->338343->339266->338728->338341->338349->339296->338346->338354
rl_signal_attention,t1_seonjeongneung_daechi,long,off_peak,7.0,24,893.0353,712.7997,170.0467,787.8492,451.9902,5918.0,6,True,54,10,6,38,341608->341553->341554->341551->342640->613995->342644->341552->341562->341564->342639->341549->339128->339093->338226->339127->338649->339136->645956->338227->339819->646028->646026->339934->339811->340231->339724->339314->339317->338256->339580->613775->613774->338232->613775->339580->338256->338621->338727->339001->338776->338206->340158->338207->338327->338328->338326->338327->338328->338326->339713->339712->339884->338601->338354
rl_signal_attention,t1_seonjeongneung_daechi,long,off_peak,7.0,25,1370.0784,1141.2644,215.7083,1250.1166,573.3605,9160.2,10,True,97,26,25,46,341608->341553->341554->341551->342640->613995->342644->341552->341562->341564->342639->341549->339128->339093->338226->338252->338251->646070->338648->338209->339659->338210->338595->338693->338227->339819->646028->646026->339934->339811->340231->339724->339314->339317->338256->338621->338727->339001->338776->338206->587841->339124->587905->587904->587905->339124->587910->587846->338599->338208->339663->338208->338599->587846->587910->339124->587905->587904->587905->339124->587910->587846->338599->338208->339663->338208->338599->587846->587910->339124->587905->587904->587905->339124->587910->587846->338599->338208->339663->338208->338599->587846->587910->339124->587905->587904->587905->339124->587910->587846->338599->338208->339663->338208->338599->587846->338600->338354
rl_signal_attention,t1_seonjeongneung_daechi,long,off_peak,7.0,26,779.3024,617.5537,151.8065,635.8721,403.5071,4725.9,8,True,49,5,5,39,341608->341777->341565->341554->341553->341563->341561->341568->341566->341549->339128->339093->338226->339127->338649->339136->645956->338227->339819->646028->646026->339934->339811->340231->339724->339314->339317->338256->339580->613775->613774->338232->613775->339580->338256->338621->338727->339001->338776->338206->340158->338207->338327->338328->338326->339713->339712->339884->338601->338354
rl_signal_attention,t1_seonjeongneung_daechi,long,off_peak,7.0,27,864.5354,662.9784,187.3315,727.0391,497.9339,5480.1,9,True,51,7,6,38,341608->341553->341554->341551->342640->613995->342644->341552->341562->341564->342639->341549->339128->339093->338226->339127->338649->339136->645956->338227->339819->646028->646026->339934->339811->340231->339724->339314->339317->338256->339580->613775->613774->338232->613775->339580->338256->338621->338727->339001->338776->338206->340158->338207->338327->338328->338326->339713->339712->339884->338601->338354
rl_signal_attention,t1_seonjeongneung_daechi,long,off_peak,7.0,28,1038.3645,825.1594,199.6077,867.7321,530.5646,6542.6,8,True,57,12,8,37,341608->341553->341554->341551->342640->613995->342644->341552->341562->341564->342639->341549->339128->339093->338226->339127->338649->339136->645956->338227->339819->646028->646026->339934->339811->340231->339724->339314->339317->338256->339580->613775->613774->338232->339582->338234->340157->338207->340158->338206->587841->339124->587905->587904->587905->339124->587841->338206->340158->338207->338327->338328->338326->339713->339712->339884->338601->338354
rl_signal_attention,t1_seonjeongneung_daechi,long,off_peak,7.0,29,2378.9625,2027.0549,328.3938,2141.2139,872.8827,15572.3,15,False,200,32,31,137,341608->341553->341554->341551->342640->613995->342644->341552->341562->341564->342639->341549->339662->339003->613773->562884->562919->338651->562921->562923->562922->562923->562921->562920->562921->338651->562919->562884->613773->339003->339662->341549->342639->563096->342115->563067->342636->338199->338252->338226->646291->338922->339002->340140->339922->338262->338587->338588->339119->338589->338205->338998->340121->338997->645954->645955->645954->338997->340121->338998->338205->338992->338592->338259->338591->338204->338789->338923->340045->340479->587843->338594->338227->338693->338595->338210->339659->338209->338648->646070->646069->646070->338648->338209->339659->338210->613623->645958->613623->338210->339659->338209->338648->646070->646069->646070->338648->338209->339659->338210->613623->645958->613623->338210->339659->338209->338648->646070->646069->646070->338648->338209->339659->338210->613623->645958->613623->338210->613615->338596->338197->338597->338605->338223->338603->339126->646201->646200->646201->338925->587845->563046->587845->338925->646201->646200->646201->338925->587845->563046->587845->338925->646201->646200->646201->338925->587845->563046->587845->338925->646201->646200->646201->338925->587845->563046->587845->338925->646201->646200->646201->338925->587845->563046->587845->338925->646201->646200->646201->338925->587845->563046->587845->338925->646201->646200->646201->338925->338197->338597->338605->338223->338603->339126->646201->646200->646201->338925->587845->563046->587845->338925->646201->646200->646201->338925->587845->563046->587845->338925->646201
rl_signal_attention,t1_seonjeongneung_daechi,long,off_peak,7.0,30,1598.4416,1287.1557,291.2106,1597.6577,774.0482,10278.1,14,True,96,16,18,62,341608->341553->341554->341551->342640->613995->613994->613995->342640->342641->342642->646764->563119->563189->341512->341517->341516->341515->342114->342113->342112->341739->341535->342613->341521->341571->342071->338224->338199->338252->338226->646291->338922->339002->340140->339922->338262->338587->338588->339119->338589->338205->338998->340121->338997->645954->339806->339805->339806->645954->645955->645954->339806->646068->338655->339656->339807->339808->339807->339656->338655->340247->340245->338921->340159->339654->338999->338649->339127->338226->338252->338199->338198->338222->562951->340229->341571->341521->342613->341535->343726->343919->338310->339265->338311->339297->339000->339664->338312->338343->339266->338728->338341->338349->339296->338346->338354
rl_signal_attention,t1_seonjeongneung_daechi,long,peak,8.0,1,2491.9271,2001.0572,470.3131,2525.8528,1250.1094,16108.1,16,False,200,38,35,127,341608->341777->341565->341554->341553->341563->341561->341568->341566->341549->339128->339093->338226->339127->338649->339136->645956->338227->339819->646028->646026->339934->339811->340231->339724->339314->339315->339314->339724->340046->339724->340231->339811->339934->646026->646028->339819->338227->338693->338595->338210->339659->338209->338648->646070->646069->646070->338648->338209->339659->338210->613623->645958->613623->338210->339659->338209->339136->338649->339127->338226->338252->338199->338198->338222->562951->340229->341571->341521->342613->341535->343726->343919->338310->339265->338311->646265->338733->339152->338790->339123->338602->338223->338603->339126->646201->646200->646201->338925->587845->563046->587845->338925->646201->646200->646201->338925->587845->563046->587845->338925->646201->646200->646201->338925->587845->563046->587845->338925->646201->646200->646201->338925->587845->563046->587845->338925->646201->646200->646201->338925->587845->563046->587845->338925->646201->646200->646201->338925->587845->563046->587845->338925->646201->646200->646201->338925->587845->563046->587845->338925->646201->646200->646201->338925->587845->563046->587845->338925->646201->646200->646201->338925->587845->646128->587905->339124->587910->587846->338599->338208->339663->338208->338599->587846->587910->339124->587905->587904->587905->339124->587910->587846->338599->338208->339663->338208->338599->587846->587910->339124->587905->587904->587905->339124->587910->587846->338599->338208->338598->339125->339124->587841->338206->340158->338207->338327->338326->338328->338342->338887
rl_signal_attention,t1_seonjeongneung_daechi,long,peak,8.0,2,953.0746,655.6778,284.7464,789.8594,756.8662,5013.9,11,True,48,4,3,41,341608->341777->341565->341554->341553->341563->341561->341568->341566->341549->339128->339093->338226->339127->338649->339136->645956->338227->339819->646028->646026->339934->339811->340231->339724->339314->339317->338256->339580->613775->338232->338908->338255->338246->338248->339715->339718->339720->339716->339714->338351->338350->339575->338326->339713->339712->339884->338601->338354
rl_signal_attention,t1_seonjeongneung_daechi,long,peak,8.0,3,1537.4608,1296.4095,230.4307,1737.8962,612.4931,10800.3,11,True,92,17,16,59,341608->341777->341565->341554->341553->341563->341561->341562->341552->342644->342148->342645->341564->341735->341568->341561->341563->341553->341554->341551->342640->342641->342642->646764->563119->563189->341512->341517->341516->341515->341510->342869->341511->646737->646736->646737->341512->341517->341518->341560->563185->341738->341569->341985->341559->342645->341564->342639->341549->339128->339093->338226->339127->338649->339136->645956->338227->339819->646028->646026->339934->339811->340231->339724->339314->339317->338256->339580->613775->338232->338908->338255->338246->338248->339715->339718->339720->339716->339718->339715->339720->339718->339716->339714->338351->338350->339575->338326->339713->339712->339884->338601->338354
rl_signal_attention,t1_seonjeongneung_daechi,long,peak,8.0,4,1491.7475,1176.9074,302.1487,1459.2487,803.1223,9662.9,10,True,102,27,22,53,341608->341777->341565->341554->341553->341563->341561->341568->341566->341549->339128->339093->338226->339127->338649->339136->645956->338227->339819->646028->646026->339934->339811->340231->339724->339314->339317->338256->339580->613775->338232->339582->338234->340157->338207->340158->338206->587841->339124->587905->587904->587905->339124->587910->587846->338599->338208->339663->338208->338599->587846->587910->339124->587905->587904->587905->339124->587910->587846->338599->338208->339663->338208->338599->587846->587910->339124->587905->587904->587905->339124->587910->587846->338599->338208->339663->338208->338599->587846->587910->339124->587905->587904->587905->339124->587910->587846->338599->338208->338598->339125->339124->587841->338206->340158->338207->338327->338326->339713->339712->339884->338601->338354
rl_signal_attention,t1_seonjeongneung_daechi,long,peak,8.0,5,1335.2585,1073.938,244.7198,1340.5138,650.474,8631.5,11,True,91,15,15,61,341608->341777->341565->341554->341553->341563->341561->341568->341566->341549->339662->339003->613772->613773->562884->562919->338651->339293->341572->341734->338261->339538->338258->339132->338586->338262->338587->338588->339119->338589->338205->338998->340121->338997->645954->339806->646068->338655->339656->339807->339810->338999->339654->339136->645956->338227->339819->646028->646026->339934->339811->340231->339724->339314->339317->338256->339580->613775->338232->338908->338255->338246->338248->339715->339718->339720->339716->339718->339715->338248->338246->338255->338908->338232->613774->613775->339580->338256->338621->338727->339001->338776->338206->340158->338207->338327->338326->339713->339712->339884->338601->338354
rl_signal_attention,t1_seonjeongneung_daechi,long,peak,8.0,6,1082.2253,881.1333,189.9555,1117.3043,504.9086,6904.1,10,True,79,10,10,59,341608->341777->341565->341554->341553->341563->341561->341568->341566->341549->339128->339093->338226->339127->338649->339136->645956->338227->339819->646028->646026->339934->339811->340231->339724->339314->339315->339314->339724->340046->339724->340231->339811->339934->646026->646028->339819->338227->338693->338595->338210->613623->645958->613623->338210->338595->338693->338227->339819->646028->646026->339934->339811->340231->339724->339314->339317->338256->339580->613775->338232->613774->613775->339580->338256->338621->338727->339001->338776->338206->340158->338207->338327->338328->338326->339713->339712->339884->338601->338354
rl_signal_attention,t1_seonjeongneung_daechi,long,peak,8.0,7,880.9281,676.0153,192.5636,858.9859,511.8411,5013.9,10,True,48,4,3,41,341608->341777->341565->341554->341553->341563->341561->341568->341566->341549->339128->339093->338226->339127->338649->339136->645956->338227->339819->646028->646026->339934->339811->340231->339724->339314->339317->338256->339580->613775->338232->338908->338255->338246->338248->339715->339718->339720->339716->339714->338351->338350->339575->338326->339713->339712->339884->338601->338354
rl_signal_attention,t1_seonjeongneung_daechi,long,peak,8.0,8,1404.3453,1147.3608,246.6387,1562.8099,655.5746,9662.7,9,True,91,12,15,64,341608->341777->341565->341554->341551->341538->341776->340710->341565->341554->341553->341563->341561->341568->341566->341549->339128->339093->338226->339127->338649->339136->645956->338227->339819->646028->646026->646025->646026->339934->339811->340231->339724->340046->339724->340231->339811->339934->646026->646028->339819->338227->338693->338595->338210->339659->338209->338648->646070->646069->646070->338648->338209->339659->338210->613623->645958->613623->338210->339659->338209->339136->338649->339127->338226->338252->338199->338198->338222->562951->340229->341571->341521->342613->341535->343726->343919->338310->339265->338311->339297->339000->339664->338312->338343->339266->338728->338341->338349->339296->338346->338354
rl_signal_attention,t1_seonjeongneung_daechi,long,peak,8.0,9,3301.3003,2864.0416,413.3728,3719.8289,1098.76,23141.5,21,False,200,40,56,104,341608->341777->341565->341554->341553->341563->341561->341568->341566->341549->339128->339093->338226->339127->338649->339136->645956->338227->339819->646028->646026->339934->339811->340231->339724->339314->339317->338256->339580->613775->338232->338908->338255->338246->338248->338249->339110->338352->563055->562874->339151->338358->562875->338363->338340->613779->613780->338317->339562->338296->645999->646000->338362->339695->339697->338278->338955->338308->338306->338307->338308->339871->338321->338322->338743->338323->338319->338318->338620->338317->339562->339563->340097->338345->338315->338887->340280->340271->338314->338315->338345->340097->339563->339562->338296->645999->646000->338362->339695->339697->338278->338955->338308->339871->338321->338322->338743->338316->338764->340305->338763->338323->646119->338099->338100->338329->339883->338352->563055->562874->339151->646188->339151->562874->338352->339883->338329->338100->338099->646119->338323->338319->338318->338362->646000->645999->338296->339562->339563->338317->613780->613779->338340->338330->338358->339151->562874->338352->339883->338329->338100->338099->646119->338323->338319->338318->338362->646000->645999->338296->339562->338317->338620->338318->338330->338358->339151->562874->338352->339883->338329->338100->338099->646119->338322->338321->339710->339711->338745->338764->340304->338763->340305->338764->340304->338763->340305->338764->340304->338763->340305->338764->340304->338763->340305->338764->340304->338763->340305->338764->340304->338763->340305->338764->340304->338763->340305->338764->340304->338763->340305
rl_signal_attention,t1_seonjeongneung_daechi,long,peak,8.0,10,1460.8503,1170.2293,276.9838,1639.6529,736.2329,8809.5,11,True,89,10,17,62,341608->341777->341565->341554->341553->341563->341561->341568->341566->341549->339128->339093->338226->339127->338649->339136->645956->645957->645956->338227->339819->646028->646026->339934->339811->340231->340230->340231->339811->339934->646026->646028->339819->338227->338693->338595->338210->339659->338209->338648->646070->646069->646070->338648->338209->339659->338210->613623->645958->613623->338210->339659->338209->339136->338649->339127->338226->338252->338199->338198->338222->562951->340229->341571->341521->342613->341535->343726->343919->338310->339265->338311->339297->339000->339664->338312->338343->339266->338728->338341->338349->646052->338349->338341->562897->338341->338349->339296->338346->338354
rl_signal_attention,t1_seonjeongneung_daechi,long,peak,8.0,11,884.7591,654.1291,217.008,783.868,576.8153,4980.1,10,True,47,3,2,42,341608->341777->341565->341554->341553->341563->341561->341568->341566->341549->339128->339093->338226->339127->338649->339136->645956->338227->339819->646028->646026->339934->339811->340231->339724->339314->339317->338256->339580->613775->338232->338908->338255->338246->338248->339715->339718->339716->339714->338351->338350->339575->338326->339713->339712->339884->338601->338354
rl_signal_attention,t1_seonjeongneung_daechi,long,peak,8.0,12,976.2728,681.8387,278.4701,803.0046,740.1837,5013.9,11,True,48,4,3,41,341608->341777->341565->341554->341553->341563->341561->341568->341566->341549->339128->339093->338226->339127->338649->339136->645956->338227->339819->646028->646026->339934->339811->340231->339724->339314->339317->338256->339580->613775->338232->338908->338255->338246->338248->339715->339718->339720->339716->339714->338351->338350->339575->338326->339713->339712->339884->338601->338354
rl_signal_attention,t1_seonjeongneung_daechi,long,peak,8.0,13,1340.3578,1124.8729,203.3269,1461.7426,540.4503,8885.8,9,True,90,10,14,66,341608->341777->341565->341554->341553->341563->341561->341568->341736->341555->341556->342153->343109->613772->613773->562884->562919->338651->339293->341572->340705->341555->341736->341568->341735->341564->342645->341559->342115->563067->342636->338199->338252->338226->646291->338922->339002->340140->339922->338262->338587->338588->339119->338589->338205->338998->340121->338997->645954->339806->646068->338655->339656->339807->339810->338999->339654->339136->645956->338227->339819->646028->646026->339934->339811->340231->339724->339314->339317->338256->339580->613775->338232->338908->338255->338246->338248->339715->339718->339720->339716->339714->338351->338350->339575->338326->339713->339712->339884->338601->338354
rl_signal_attention,t1_seonjeongneung_daechi,long,peak,8.0,14,1929.6357,1537.6969,374.6312,1885.6065,995.7833,11958.3,15,True,103,18,15,70,341608->341777->341565->341554->341553->341563->341561->341568->341566->341549->339128->339093->338226->339127->338649->339136->645956->338227->339819->646028->646026->339934->339811->340231->339724->339314->339317->338256->339580->613775->338232->338908->338255->338246->338248->338249->338357->646187->338357->338359->339271->338101->338100->338329->339883->338352->563055->562874->339151->338358->562875->338363->338340->613779->613780->338317->339562->338296->645999->646000->338362->339695->339697->338278->338955->338308->338306->338307->338308->339871->338321->338322->338743->338316->338764->340305->338763->338764->338745->339711->339710->338320->338319->338318->338620->338317->339562->339563->340097->338345->338315->338887->340280->562957->340280->338887->338342->338328->338326->339713->339712->339884->338601->338354
rl_signal_attention,t1_seonjeongneung_daechi,long,peak,8.0,15,2944.5903,2575.3954,353.4855,3463.8335,939.5773,20523.0,15,False,200,35,38,127,341608->341777->341565->341554->341553->341563->341561->341568->341566->341549->339128->339093->338226->339127->338649->339136->645956->338227->339819->646028->646026->339934->339811->340231->339724->339314->339317->338256->339580->613775->338232->338908->338255->338246->338248->338249->338357->646187->338357->338359->338772->646118->338686->338684->340307->338851->613787->338686->646118->338772->338359->339530->339531->339530->338359->338772->646118->338686->338684->340307->338851->613787->613786->338852->338853->338838->646267->646266->338850->338849->338848->338900->338243->338244->338245->646015->339318->646206->339318->646015->338245->338248->338246->338255->338908->338232->613775->339580->338256->338621->338727->339001->338776->338206->340158->338207->338327->338326->338328->338342->338887->338315->338345->340097->339563->338317->613780->613779->338340->338363->587871->338351->338350->339575->338326->338328->338342->338887->340280->340271->338314->338315->338345->340097->339563->339562->338317->338620->338318->338330->338358->339151->562874->338352->563055->562874->339151->646188->339151->562874->338352->563055->562874->339151->646188->339151->562874->563055->338352->562874->339151->646188->339151->562874->338352->563055->562874->339151->646188->339151->562874->338352->563055->562874->339151->646188->339151->562874->338352->563055->562874->339151->646188->339151->562874->338352->563055->562874->339151->646188->339151->338358->562875->338363->338340->613779->613780->338317->339562->339563->340097->338345->338315->338887->340280->340271->338314->338315->338345->340097->339563
rl_signal_attention,t1_seonjeongneung_daechi,long,peak,8.0,16,1281.1754,1121.2733,146.8894,1502.6772,390.4373,8949.5,11,True,86,13,10,63,341608->341777->341565->341554->341551->342640->342641->342642->646764->563119->563189->341512->341517->341516->341515->342114->342113->342112->341739->341535->342613->341521->341571->342071->338224->338199->338252->338226->646291->338922->339002->340140->339922->338262->338587->338588->339119->338589->338205->338998->340121->338997->645954->339806->646068->338655->339656->339655->339656->339807->339810->338999->339654->339136->645956->338227->339819->646028->646026->339934->339811->340231->339724->339314->339317->338256->339580->613775->338232->338908->338255->338246->338248->339715->339718->339720->339716->339714->338351->338350->339575->338326->339713->339712->339884->338601->338354
rl_signal_attention,t1_seonjeongneung_daechi,long,peak,8.0,17,2983.0188,2624.5123,347.3899,3483.0745,923.3749,21044.8,11,False,200,41,34,125,341608->341777->341565->341554->341553->341563->341561->341568->341566->341549->339128->339093->338226->339127->338649->339136->645956->338227->339819->646028->646026->339934->339811->340231->339724->339314->339317->338256->339580->613775->338232->338908->338255->338246->338248->338249->338357->646187->338357->338359->338772->646118->338686->338684->340307->338851->613787->338686->646118->338772->338359->339530->339531->339530->338359->338357->338249->338248->338246->338255->338908->338232->613775->339580->338256->338621->338727->339001->338776->338206->340158->338207->338327->338326->338328->338342->562898->338342->338887->340280->340271->338344->562956->562954->338355->338356->339216->339816->339216->338356->338355->562954->562956->338344->340271->338314->338315->338887->340280->340271->338314->338315->338887->340280->340271->338344->562956->562955->562956->338344->340271->338314->338315->338887->340280->340271->338314->338315->338887->340280->340271->338314->338315->338887->340280->340271->338314->338315->338887->340280->340271->338314->338315->338345->340097->339563->338317->613780->613779->338340->338363->587871->338351->338350->339575->338326->338328->338342->338887->340280->340271->338314->338315->338345->340097->339563->339562->338317->338620->338318->338330->338358->339151->562874->338352->563055->562874->339151->646188->339151->562874->338352->563055->562874->339151->646188->339151->562874->338352->563055->562874->339151->646188->339151->562874->338352->563055->562874->339151->646188->339151->562874->338352->563055->562874->339151->646188->339151->562874->338352->563055
rl_signal_attention,t1_seonjeongneung_daechi,long,peak,8.0,18,1381.9512,1060.5379,304.5711,1418.5661,809.561,8230.7,14,True,81,8,13,60,341608->341777->341565->341554->341553->341563->341561->341568->341566->341549->339128->339093->338226->339127->338649->339136->645956->338227->339819->646028->646026->339934->339811->340231->340230->340231->339811->339934->646026->646028->339819->338227->338693->338595->338210->339659->338209->338648->646070->646069->646070->338648->338209->339659->338210->613623->645958->613623->338210->339659->338209->339136->338649->339127->338226->338252->338199->338198->338222->562951->340229->341571->341521->342613->341535->343726->343919->338310->339265->338311->339297->339000->339664->338312->338343->339266->338728->338341->338349->339296->338346->338354
rl_signal_attention,t1_seonjeongneung_daechi,long,peak,8.0,19,2520.2452,2175.9178,324.7184,2899.219,863.1133,17237.0,15,True,141,25,22,94,341608->341777->341565->341554->341553->341563->341561->341568->341566->341549->339128->339093->338226->339127->338649->339136->645956->338227->339819->646028->646026->339934->339811->340231->339724->339314->339317->338256->339580->613775->338232->338908->338255->338246->338248->338249->338357->338359->338772->646118->338686->338684->340307->338851->613787->338686->646118->338772->338359->339530->339531->339530->338359->339271->338101->338100->338329->339883->338352->563055->562874->339151->338358->562875->338363->338340->613779->613780->338317->339562->338296->645999->646000->338362->339695->339697->338278->338955->338308->338306->338307->338308->339871->338321->338322->338743->338323->338319->338318->338362->646000->645999->338296->339562->338317->339563->340097->338345->338315->338887->340280->340271->338314->338315->338345->340097->339563->339562->338317->338620->338318->338330->338358->562875->338363->338340->613779->613780->338317->339562->339563->340097->338345->338315->338887->340280->340271->338314->338315->338887->340280->562957->340280->338887->338342->338328->338326->339713->339712->339884->338601->338354
rl_signal_attention,t1_seonjeongneung_daechi,long,peak,8.0,20,1056.5913,814.1408,232.2957,1011.417,617.4503,6818.3,7,True,69,11,14,44,341608->341777->341565->341554->341553->341563->341561->341568->341566->341549->339662->339003->613772->613773->562884->562919->338651->339293->341572->340705->341555->341736->341568->341735->341564->342645->341559->342115->563067->342636->338199->338198->338222->338726->338837->339122->646056->338604->338223->338603->339126->646201->646200->646201->338925->587845->563046->587845->646128->587905->339124->587910->587846->338599->338208->339663->338208->338598->339125->338206->340158->338207->338327->338328->338326->339713->339712->339884->338601->338354
rl_signal_attention,t1_seonjeongneung_daechi,long,peak,8.0,21,1303.4965,1110.5102,182.4689,1510.6667,485.0089,8914.7,11,True,84,11,10,63,341608->341777->341565->341554->341551->342640->342641->342642->646764->563119->563189->341512->341517->341516->341515->342114->342113->342112->341739->341535->342613->341521->341571->342071->338224->338199->338252->338226->646291->338922->339002->340140->339922->338262->338587->338588->339119->338589->338205->338998->340121->338997->645954->339806->646068->338655->339656->339807->339810->338999->339654->339136->645956->338227->339819->646028->646026->339934->339811->340231->339724->339314->339317->338256->339580->613775->338232->338908->338255->338246->338248->339715->339718->339720->339716->339714->338351->338350->339575->338326->339713->339712->339884->338601->338354
rl_signal_attention,t1_seonjeongneung_daechi,long,peak,8.0,22,1034.6895,792.2119,233.643,1091.7756,621.0316,6169.7,8,True,60,7,10,43,341608->341777->341565->341554->341553->341563->341561->341568->341566->341549->339128->339093->338226->339127->338649->339136->645956->338227->339819->646028->646027->646028->339819->338227->338693->338595->338210->339659->338209->338648->646070->646069->646070->338251->338252->338199->338198->338222->562951->340229->341571->341521->342613->341535->343726->343919->338310->339265->338311->339297->339000->339664->338312->338343->339266->338728->338341->338349->339296->338346->338354
rl_signal_attention,t1_seonjeongneung_daechi,long,peak,8.0,23,979.1404,750.8286,216.2151,966.5692,574.7077,6050.2,9,True,51,6,2,43,341608->341777->341565->341554->341553->341563->341561->341568->341566->341549->339128->339093->338226->339127->338649->339136->645956->338227->339819->646028->646026->339934->339811->340231->339724->339314->339317->338256->339580->613775->338232->338908->338255->338246->338248->338249->339110->338352->338619->338618->338351->338350->339575->338326->338327->338328->338326->339713->339712->339884->338601->338354
rl_signal_attention,t1_seonjeongneung_daechi,long,peak,8.0,24,2376.6248,2090.0993,274.9301,2696.9365,730.7743,16528.1,9,False,200,38,43,119,341608->341777->341565->341554->341553->341563->341561->341568->341735->341564->342645->341559->342115->563067->342636->338199->338252->338226->339127->338649->339136->645956->338227->339819->646028->646026->339934->339811->340231->339724->339314->339317->338256->339580->613775->338232->339581->339582->338232->339581->338233->339736->339734->339733->339734->339736->338760->339730->339731->338755->340115->339735->340296->339311->562885->339740->613774->338232->613775->339580->338256->338621->338727->339001->338776->338206->340158->338207->340157->338234->339582->338232->613775->613774->338232->613775->613774->338232->613775->339580->338256->338621->338727->339001->338776->338206->340158->338207->338327->338326->338328->338342->338887->340280->340271->338314->338315->338887->340280->340271->338314->338315->338345->340097->339563->339562->338317->338620->338318->338330->338358->339151->562874->338352->563055->562874->339151->646188->339151->562874->338352->563055->562874->339151->646188->339151->562874->338352->563055->562874->339151->646188->339151->562874->338352->563055->562874->339151->646188->339151->562874->338352->563055->562874->339151->646188->339151->562874->338352->563055->562874->339151->646188->339151->562874->338352->563055->562874->339151->646188->339151->562874->563055->338352->562874->339151->646188->339151->562874->338352->563055->562874->339151->646188->339151->562874->563055->338352->562874->339151->646188->339151->562874->338352->563055->562874->339151->646188->339151->562874->338352->563055->562874->339151->646188->339151->562874->338352->563055->562874->339151
rl_signal_attention,t1_seonjeongneung_daechi,long,peak,8.0,25,1879.3855,1654.6392,214.6818,2230.6286,570.6321,13681.4,9,True,117,16,15,86,341608->341777->341565->341554->341553->341563->341561->341568->341566->341549->339128->339093->338226->339127->338649->339136->645956->338227->339819->646028->646026->339934->339811->340231->339724->339314->339317->338256->339580->613775->338232->338908->338255->338246->338248->338249->338357->646187->338357->338359->338772->646118->338686->338684->340307->338851->613787->338686->646118->338772->338359->339530->339531->339530->338359->338357->338249->338248->338246->338255->338908->338232->613775->339580->338256->338621->338727->339001->338776->338206->340158->338207->338327->338326->338328->338342->338887->340280->340271->338314->338315->338887->340280->340271->338344->562956->562954->338355->338356->339216->339816->339216->338356->338355->562954->562956->338344->340271->338314->338315->338887->340280->340271->338314->338315->338887->340280->562957->340280->338887->338342->338328->338326->339713->339712->339884->338601->338354
rl_signal_attention,t1_seonjeongneung_daechi,long,peak,8.0,26,1851.4345,1580.8026,259.6482,2106.3155,690.1544,12798.4,10,True,114,17,18,79,341608->341777->341565->341554->341553->341563->341561->341568->341566->341549->339128->339093->338226->339127->338649->339136->645956->338227->339819->646028->646026->339934->339811->340231->339724->339314->339317->338256->339580->613775->338232->338908->338255->338246->338248->338249->338357->646187->338357->338359->338772->646118->338686->338684->340307->338851->613787->338686->646118->338772->338359->339530->339531->339530->338359->338772->646118->338686->338684->340307->338851->613787->613786->338852->338853->338838->646267->646266->338850->338849->338848->338900->338243->338244->338245->646015->339318->646206->339318->338246->338255->338908->338232->613775->339580->338256->338621->338727->339001->338776->338206->340158->338207->338327->338326->338328->338342->338887->340280->340271->338314->338315->338887->340280->562957->340280->338887->338342->338328->338326->339713->339712->339884->338601->338354
rl_signal_attention,t1_seonjeongneung_daechi,long,peak,8.0,27,2929.7126,2459.2791,449.6698,3263.3068,1195.2386,19550.1,18,False,200,44,35,121,341608->341777->341565->341554->341553->341563->341561->341568->341566->341549->339128->339093->338226->339127->338649->339136->645956->338227->339819->646028->646026->339934->339811->340231->339724->340046->339724->340231->339811->339934->646026->646028->339819->338227->338693->338595->338210->339659->338209->338648->646070->646069->646070->338648->338209->339659->338210->613623->645958->613623->338210->339659->338209->339136->338649->339127->338226->338252->338199->338198->338222->562951->340229->341571->341521->342613->341535->343726->343919->338310->339265->338311->339297->339000->339664->338312->338343->338313->338712->338344->340271->338314->338315->338887->340280->340271->338314->338315->338887->340280->340271->338314->338315->338887->340280->340271->338314->338315->338887->340280->340271->338314->338315->338887->340280->340271->338314->338315->338345->340097->339563->339562->338317->338620->338318->338330->338358->339151->562874->338352->563055->562874->339151->646188->339151->562874->338352->339883->338329->338100->338099->646119->338322->338321->339710->338320->340305->338763->338764->338745->339711->338321->339871->338308->338955->338278->339697->339695->338362->646000->645999->338296->339562->338317->338620->338318->338330->338358->339151->646188->339151->562874->338352->563055->562874->339151->646188->339151->562874->338352->563055->562874->339151->646188->339151->562874->338352->563055->562874->339151->646188->339151->562874->338352->563055->562874->339151->646188->339151->562874->338352->563055->562874->339151->646188->339151->562874->338352->563055->562874->338352
rl_signal_attention,t1_seonjeongneung_daechi,long,peak,8.0,28,1406.2169,1153.0546,239.3853,1587.1473,636.2948,8983.9,11,True,88,10,17,61,341608->341777->341565->341554->341553->341563->341561->341568->341566->341549->339128->339093->338226->339127->338649->339136->645956->645957->645956->339136->338649->339127->338226->338252->338251->646070->338648->338209->339659->338210->338595->338693->338227->339819->646028->646027->646028->339819->338227->338693->338595->338210->339659->338209->338648->646070->646069->646070->338648->338209->339659->338210->613623->645958->613623->338210->339659->338209->339136->338649->339127->338226->338252->338199->338198->338222->562951->340229->341571->341521->342613->341535->343726->343919->338310->339265->338311->339297->339000->339664->338312->338343->339266->338728->338341->338349->339296->338346->338354
rl_signal_attention,t1_seonjeongneung_daechi,long,peak,8.0,29,3047.0022,2698.6235,335.107,3714.3497,890.7266,21755.3,13,False,200,33,44,123,341608->341777->341565->341554->341553->341563->341561->341568->341566->341549->339128->339093->338226->339127->338649->339136->645956->338227->339819->646028->646026->339934->339811->340231->339724->339314->339317->338256->339580->613775->338232->338908->338255->338246->338248->338249->338357->646187->338357->338359->338772->646118->338686->338684->340307->338851->613787->338686->646118->338772->338359->339271->338101->338100->338329->339883->338352->563055->562874->339151->338358->562875->338363->338340->613779->613780->338317->339562->338296->645999->646000->338362->339695->339697->338278->338955->338308->338306->338307->338308->338955->646038->339700->339701->339700->646038->338955->338278->339697->339695->338362->338318->338620->338317->339562->339563->340097->338345->338315->338887->340280->340271->338314->338315->338345->340097->339563->339562->338317->338620->338318->338330->338358->562875->338363->338340->613779->613780->338317->339562->338296->645999->646000->338362->339695->339697->338278->338955->338308->339871->338321->338322->338743->338323->338319->338318->338362->646000->645999->338296->339562->338317->338620->338318->338330->338358->339151->562874->338352->563055->562874->339151->646188->339151->562874->338352->563055->562874->339151->646188->339151->562874->338352->563055->562874->339151->646188->339151->562874->338352->563055->562874->339151->646188->339151->562874->338352->563055->562874->339151->646188->339151->562874->338352->563055->562874->339151->646188->339151->562874->338352->563055->562874->339151->646188->339151->562874->338352->563055->562874->339151
rl_signal_attention,t1_seonjeongneung_daechi,long,peak,8.0,30,1911.5938,1605.2576,292.8727,2140.5783,778.4663,12975.4,13,True,114,16,18,80,341608->341777->341565->341554->341553->341563->341561->341568->341566->341549->339128->339093->338226->339127->338649->339136->645956->338227->339819->646028->646026->339934->339811->340231->339724->339314->339317->338256->339580->613775->338232->338908->338255->338246->338248->338249->338357->646187->338357->338359->338772->646118->646107->646118->338772->338359->339530->339531->339530->338359->338772->646118->338686->338684->340307->338851->613787->613786->338852->338853->338838->646267->646266->338850->338849->338848->338900->338243->338244->338245->646015->339318->646206->339318->338246->338255->338908->338232->613775->339580->338256->338621->338727->339001->338776->338206->340158->338207->338327->338326->338328->338342->338887->340280->340271->338314->338315->338345->340097->339563->338317->613780->613779->338340->338363->587871->338351->338350->339575->338326->339713->339712->339884->338601->338354
rl_signal_attention,t2_yeoksam_hakyeoul,long,off_peak,7.0,1,3009.6042,2555.3771,419.7522,2896.1525,1115.7166,19675.3,25,False,200,45,33,122,338267->338584->338254->338767->338768->587842->338583->338268->339090->338156->339066->339741->338250->562871->338250->646103->339088->340328->340330->339087->339745->339087->338934->338933->340139->339308->338988->338629->338270->338628->338624->338238->340179->338730->338203->338730->340179->338238->338624->338628->338270->338629->338988->339308->340139->338933->338934->339307->339893->339308->340139->338933->338934->339307->339893->339308->340139->338933->338934->339307->339893->340333->339893->339308->340139->338933->338934->339307->339893->339308->340139->338933->338934->339307->339893->339308->340139->338933->338934->339307->339893->339308->340139->338933->338631->339979->340332->338581->338269->338705->339116->339138->338582->338268->339090->338156->339066->339741->338250->562871->338250->646103->339088->340328->340330->339087->339745->339087->338934->338933->340139->339308->338988->338629->338270->338630->339746->339089->338272->338735->338736->338734->338275->340339->338734->338736->338735->339574->338272->339089->338990->340239->340238->340239->339744->339087->339745->339087->340330->340328->339088->339117->338775->338269->338580->339112->339113->339112->339947->339096->338710->338991->339115->338205->338589->339119->338588->338587->338262->339922->340140->339002->338922->646291->338226->338252->338251->646070->338648->338209->339659->339658->339659->338209->338648->646070->646069->646070->338648->338209->339136->338649->339127->338226->338252->338251->646070->338648->338209->339659->339658->339659->338209->339136->338649->339127->338226->338252->338199->338224->342071
rl_signal_attention,t2_yeoksam_hakyeoul,long,off_peak,7.0,2,3144.5339,2254.0555,850.5693,2610.3853,2260.8441,17260.9,29,False,200,67,24,109,338267->338584->338254->338767->338768->587842->338583->338268->339090->338156->339066->339741->338250->562871->338250->646103->339088->340328->340327->340328->339088->339091->339090->338268->338262->338586->339132->338258->339538->338261->563143->588038->588037->588038->341607->344213->343102->341557->588040->341572->340705->341555->341736->341568->341735->341564->342639->563096->342115->341559->342645->341564->342639->563096->342115->341559->341985->341569->344767->341558->563191->563189->563119->646764->646763->646764->563119->563189->563191->341558->344767->341569->341738->563185->341560->343710->342115->563096->342639->341549->339128->339093->338226->339127->338649->339136->645956->338227->338693->338595->338210->339659->338209->338648->646070->646069->646070->338648->338209->339659->338210->613615->338596->338197->338597->338605->338223->338604->646056->339122->339135->562865->338198->338199->338224->342071->341571->341521->342613->341535->343726->343919->338310->339265->338311->339297->339000->339664->338312->338343->339266->338728->338341->562897->338341->338728->339266->338343->338312->338709->338313->338707->338314->340271->338313->338707->338314->340271->338313->338707->338314->340271->338313->338707->338314->340271->338313->338707->338314->340271->338313->338707->338314->340271->338313->338707->338314->340271->338313->338707->338314->340271->338313->338707->338314->340271->338313->338707->338314->340271->338313->338707->338314->340271->338313->338707->338314->340271->338313->338707->338314->340271->338313->338707->338314->340271->338313->338707->338314->340271->338313
rl_signal_attention,t2_yeoksam_hakyeoul,long,off_peak,7.0,3,3017.5212,2603.2522,386.1647,2959.1052,1026.4398,21099.7,20,False,200,67,27,106,338267->338584->338254->338767->338768->587842->338583->338268->339090->338156->339066->339741->338250->562871->338250->646103->339088->340328->340330->339087->339745->339087->338934->338933->340139->339308->338988->338629->338270->338630->339746->339089->338272->339574->338735->338272->339089->338990->339743->340336->339743->340118->339746->338630->338270->338628->338624->338238->340179->338730->338203->338730->340179->338238->338624->338628->338270->338630->339746->339089->338272->339574->338735->338272->339089->339746->338630->338270->338628->338624->338238->340179->338730->338203->338730->340179->338238->338624->338628->338270->338629->338988->339308->340139->338933->338934->339307->339893->339308->340139->338933->338934->339307->339893->339308->338988->340118->339743->338990->340239->340238->340239->339744->339087->339745->339087->339744->340239->338990->339743->340336->339743->338990->340239->340238->340239->339744->339087->339745->339087->339744->340239->338990->339743->340118->338988->339308->340139->338933->338934->339307->339893->339308->340139->338933->338934->339307->339893->339308->340139->338933->338934->339307->339893->339308->340139->338933->338934->339307->339893->339308->340139->338933->338934->339307->339893->339308->340139->338933->338934->339307->339893->339308->340139->338933->338934->339307->339893->339308->338988->340118->339743->338990->340239->340238->340239->339744->339087->339745->339087->340330->340328->339088->339091->339090->338268->338262->338586->339132->338258->339538->338261->563143->588038->341607->342685->341600->342074->338219->338218->339571
rl_signal_attention,t2_yeoksam_hakyeoul,long,off_peak,7.0,4,3079.5064,2605.5083,443.2218,2945.7635,1178.0996,19528.7,25,False,200,36,43,121,338267->338584->338254->338767->338768->587842->338583->338268->339090->338156->339066->339741->338250->562871->338250->646103->339088->340328->340330->339087->339745->339087->338934->338933->340139->339308->338988->338629->338270->338630->339746->339089->338272->339574->338735->338272->339089->338990->339743->340336->339743->340118->339746->338630->338270->338628->338624->338238->340179->338730->338203->338730->340179->338238->338624->338628->338270->338630->339746->339089->338272->339574->338735->338272->339089->339746->338630->338270->338628->338624->338238->340179->338730->338203->338730->340179->338238->338624->338628->338270->338629->338988->339308->340139->338933->338934->339307->339893->339308->340139->338933->338934->339307->339893->339308->340139->338933->338934->339087->340330->340328->339088->339117->338775->338269->338580->339112->339947->339096->338710->338991->339115->338205->338589->339119->338588->338587->338262->339922->340140->339002->338922->646291->338226->338252->338199->338224->342071->341571->341521->342613->341535->343726->343919->338310->339265->338311->339297->339000->339664->338312->338343->339266->338728->338341->562897->338341->338728->339266->338343->338312->338709->338313->338707->338314->340271->338313->338707->338314->340271->338313->338707->338314->338315->338887->340280->562957->340280->340271->338314->338707->338313->340271->338314->338707->338313->340271->338314->338707->338313->340271->338314->338707->338313->340271->338314->338315->338887->340280->340271->338314->338707->338313->340271->338314->338707->338313->340271->338314->338707->338313
rl_signal_attention,t2_yeoksam_hakyeoul,long,off_peak,7.0,5,3136.6156,2595.545,499.7324,3023.4366,1328.3067,20261.4,25,False,200,45,36,119,338267->338584->338254->338767->338768->587842->338583->338268->339090->338156->339066->339741->338250->562871->338250->646103->339088->340328->340330->339087->339745->339087->338934->339307->339893->339308->340139->338933->338934->339307->339893->339308->340139->338933->338934->339307->339893->339308->340139->338933->338934->339307->339893->339308->340139->338933->338934->339087->340330->340328->339088->339091->339090->338268->338262->338586->339132->338258->339538->338261->563143->588038->588037->588038->341607->344213->343102->341557->588040->341572->340705->341555->341736->341568->341735->341564->342639->563096->342115->341559->342645->341564->342639->563096->342115->341559->341985->341569->344767->341558->563191->563189->563119->646764->342642->563118->342642->342641->342640->613995->342644->341552->341562->341564->342639->563096->342115->343710->341560->341518->341517->341516->341515->341519->341513->341520->343933->343932->343939->343935->343936->341532->341533->344529->343940->339229->338324->338769->338311->646265->338733->339152->339153->562882->562895->562882->339153->339152->338790->339123->338602->338223->338603->339126->338348->338347->338346->339296->338349->646052->338349->339296->338346->338347->338706->338354->338600->587846->587910->339124->587905->646128->587845->338925->646201->339126->338603->338223->338602->339123->338790->339152->339153->562882->562895->562882->339153->339152->338733->646265->646264->646265->338733->339152->338790->339123->338602->338223->338604->646056->339122->339135->562865->338198->338199->338224->342071->341571->341521->342613->341535
rl_signal_attention,t2_yeoksam_hakyeoul,long,off_peak,7.0,6,2173.6735,1804.2286,346.7918,1793.1763,921.7852,14014.6,17,True,156,39,24,93,338267->338584->338254->338767->338768->587842->338583->338268->339090->338156->339066->339741->338250->562871->338250->646103->339088->340328->340330->339087->339745->339087->338934->338933->338631->339979->340332->338581->338269->338580->339112->339947->339096->338710->338593->338259->338590->338805->339504->340290->338840->338839->339503->339477->339480->338841->646229->339479->339480->340320->339728->339312->613624->338622->338256->339580->613775->338232->339582->338234->338233->339581->339582->338232->338908->338255->338246->338248->338249->339110->338352->563055->562874->339151->338358->338330->338340->613779->613780->338317->339562->338296->338958->562902->338958->339210->338294->646241->338295->646044->338296->338958->562902->338958->339210->338294->338956->645977->645979->645981->645980->645981->645979->645977->338956->646245->646243->338277->338295->646044->338296->338958->562902->338958->339210->338294->646241->338295->646044->338296->339562->339563->340097->338345->338315->338314->340271->338313->338707->338314->340271->338313->338707->338314->340271->338313->338707->338314->340271->338313->338707->338314->338315->338887->340280->340271->338313->338707->338314->340271->338313->338707->338314->340271->338313->338712->338344
rl_signal_attention,t2_yeoksam_hakyeoul,long,off_peak,7.0,7,3236.8685,2592.5769,600.317,2837.6798,1595.6644,20619.3,29,False,200,66,24,110,338267->338584->338254->338767->338768->587842->338583->338268->339090->338156->339066->339741->338250->562871->338250->646103->339088->339117->338775->338269->338705->339116->339138->338582->338268->339090->338156->338132->339053->339056->338162->339067->339021->338658->338133->338815->338250->646103->339088->340328->340330->339087->339745->339087->338934->339307->339893->339308->338988->338629->338270->338628->338624->338238->340179->338730->338203->338730->340179->338238->338624->338628->338270->338630->339746->339089->338272->339574->338735->338272->339089->338990->340239->340238->340239->339744->339087->339745->339087->339744->340239->338990->339743->340334->340335->340334->339307->338934->339087->339745->339087->339744->340239->338990->339743->340334->339307->338934->339087->339745->339087->339744->340239->338990->339743->340334->339307->338934->339087->339745->339087->340330->340328->339088->339117->338775->338269->338705->339116->339111->339112->339113->339112->339947->339096->338710->338991->339115->338205->338589->339119->338588->338587->338262->338268->338582->339138->339116->338705->338269->338581->340332->339979->338631->338933->338934->339307->339893->339308->340139->338933->338934->339307->339893->339308->340139->338933->338934->339307->339893->339308->340139->338933->338934->339307->339893->339308->340139->338933->338934->339307->339893->339308->340139->338933->338934->339307->339893->339308->340139->338933->338934->339307->339893->339308->340139->338933->338934->339307->339893->339308->340139->338933->338934->339307->340334->339743->338990->340239->340238->340239
rl_signal_attention,t2_yeoksam_hakyeoul,long,off_peak,7.0,8,3136.7949,2492.5965,598.8013,2701.214,1591.6355,19733.7,31,False,200,98,11,91,338267->338584->338254->338767->338768->587842->338583->338268->339090->338156->339066->339741->338250->562871->338250->646103->339088->340328->340330->339087->339745->339087->338934->339307->339893->339308->340139->338933->338934->339307->339893->339308->340139->338933->338934->339307->339893->339308->340139->338933->338934->339307->339893->339308->340139->338933->338934->339307->339893->339308->340139->338933->338934->339307->339893->339308->340139->338933->338934->339307->339893->339308->340139->338933->338934->339307->339893->339308->340139->338933->338934->339307->339893->339308->340139->338933->338934->339307->339893->339308->340139->338933->338934->339307->339893->339308->340139->338933->338934->339307->339893->339308->340139->338933->338934->339307->339893->339308->340139->338933->338934->339307->339893->339308->340139->338933->338934->339307->339893->339308->340139->338933->338934->339307->339893->339308->340139->338933->338934->339307->339893->339308->340139->338933->338934->339307->339893->339308->340139->338933->338934->339307->339893->339308->340139->338933->338934->339307->339893->339308->340139->338933->338934->339307->339893->339308->340139->338933->338934->339307->340334->339743->338990->340239->340238->340239->339744->339087->340330->340328->339088->339091->339090->338268->338262->338586->339132->338258->339538->338261->563143->588038->341607->342685->341600->342074->338219->338218->339571->338261->341734->341572->588040->341557->342643->341555->341736->341568->341735->341564->342639->563096->342115->341559->342645->341564->342639->563096->342115->343710->341560
rl_signal_attention,t2_yeoksam_hakyeoul,long,off_peak,7.0,9,2453.4172,1681.4552,746.9244,1604.8619,1985.3521,12121.1,22,True,180,76,17,87,338267->338584->338254->338767->338768->587842->338583->338268->339090->338156->339066->339741->338250->562871->338250->646103->339088->340328->340330->339087->339745->339087->338934->338933->338631->339979->340332->338581->338269->338580->339112->339947->339096->338710->338593->338259->338590->338805->339504->340290->338840->338839->339503->339477->339480->340320->339728->339312->613624->338622->338256->339580->613775->338232->339582->338234->338233->339581->338232->613775->339580->338256->338621->338727->339001->338776->338206->340158->338207->338327->338326->338328->338342->338887->340280->340271->338313->338707->338314->340271->338313->338707->338314->340271->338313->338707->338314->340271->338313->338707->338314->340271->338313->338707->338314->340271->338313->338707->338314->340271->338313->338707->338314->340271->338313->338707->338314->340271->338313->338707->338314->340271->338313->338707->338314->340271->338313->338707->338314->340271->338313->338343->339266->338728->338341->562897->338341->338728->339266->338343->338312->338709->338313->338707->338314->340271->338313->338707->338314->340271->338313->338707->338314->340271->338313->338707->338314->340271->338313->338707->338314->340271->338313->338343->338312->338709->338313->338707->338314->340271->338313->338707->338314->340271->338313->338707->338314->340271->338313->338707->338314->340271->338313->338707->338314->340271->338313->338707->338314->340271->338344
rl_signal_attention,t2_yeoksam_hakyeoul,long,off_peak,7.0,10,3680.1466,2780.0906,863.2181,3461.7229,2294.4651,21938.5,34,False,200,42,26,132,338267->338584->338254->338767->338768->587842->338583->338268->339090->338156->339066->339741->338250->562871->338250->339741->339066->338156->338132->339053->339056->338162->338132->338657->338658->339021->339067->338162->339056->340481->338654->338158->338157->339432->339430->338161->338821->339432->338157->338139->562936->339292->339070->613767->338253->339069->339134->338230->646176->339098->340484->338229->339133->338254->338767->338768->587842->338583->338268->339090->338156->338132->338162->339056->339053->338132->338657->338658->338133->338815->338250->646103->339088->340328->340330->339087->339745->339087->339744->340239->338990->339743->340334->339307->338934->339087->339745->339087->339744->340239->338990->339089->339746->338630->338270->338628->338624->338238->340179->338730->338203->338730->340179->338238->338624->338628->338270->338629->338988->339308->340139->338933->338631->339979->340332->338581->338269->338705->339116->339138->338582->338268->338262->338586->339132->338258->339538->338261->341734->341572->588040->341557->342643->341561->341562->341552->341563->341561->341568->341566->341549->339128->339093->338226->339127->338649->339136->645956->338227->339819->646028->646026->339934->339811->340231->339724->339314->339317->338256->339580->613775->338232->338908->338255->338246->338248->339715->339718->339716->339714->338351->338350->339575->338326->338328->338342->338887->340280->340271->338313->338707->338314->340271->338313->338707->338314->340271->338313->338707->338314->340271->338313->338707->338314->340271->338313->338707->338314->340271->338313->338707
rl_signal_attention,t2_yeoksam_hakyeoul,long,off_peak,7.0,11,2534.0783,1892.2712,604.7322,2116.3284,1607.4001,14257.0,27,True,142,37,16,89,338267->338584->338254->338767->338768->587842->338583->338268->339090->338156->339066->339741->338250->562871->338250->646103->339088->340328->340330->339087->339745->339087->338934->339307->339893->339308->340139->338933->338934->339307->339893->339308->340139->338933->338934->339307->339893->339308->340139->338933->338934->339307->339893->339308->340139->338933->338934->339307->339893->339308->340139->338933->338934->339307->339893->339308->340139->338933->338934->339307->339893->339308->340139->338933->338631->339979->340332->338581->338269->338705->339116->339138->338582->338268->339090->338156->338132->339053->339056->338162->339067->339021->338658->338133->338815->338250->646103->339088->339117->338775->338269->338580->339112->339947->339096->338710->338991->339115->338205->338589->339119->338588->338587->338262->339922->340140->339002->338922->646291->338226->338252->338199->338224->342071->341571->341521->342613->341535->343726->343919->338310->339265->338311->339297->339000->339664->338312->338343->339266->338728->338341->562897->338341->338728->339266->338343->338312->338709->338313->338707->338314->340271->338344
rl_signal_attention,t2_yeoksam_hakyeoul,long,off_peak,7.0,12,1981.368,1428.8165,527.0652,1469.9509,1400.9584,10123.2,19,True,125,32,17,76,338267->338584->338254->338767->338768->587842->338583->338268->339090->338156->339066->339741->338250->646103->339088->340328->340330->339087->338934->339307->339893->339308->340139->338933->338934->339307->339893->339308->340139->338933->338631->339979->340332->338581->338269->338580->339112->339947->339096->338710->338991->339115->338205->338998->339653->338204->340199->339804->340199->340198->340199->338204->338789->338923->340045->340479->587843->338594->338227->338693->338595->338210->613615->338596->338197->338597->338605->338223->338604->646056->339122->339135->562865->338198->338199->338224->342071->341571->341521->342613->341535->343726->343919->338310->339265->338311->339297->339000->339664->338312->338343->339266->338728->338341->562897->338341->338728->339266->338343->338312->338709->338313->338707->338314->340271->338313->338707->338314->340271->338313->338707->338314->340271->338313->338707->338314->340271->338313->338707->338314->340271->338313->338707->338314->340271->338344
rl_signal_attention,t2_yeoksam_hakyeoul,long,off_peak,7.0,13,2923.5728,2262.4712,626.0557,2456.3432,1664.0787,17402.5,28,False,200,61,29,110,338267->338584->338254->338767->338768->587842->338583->338268->339090->338156->339066->339741->338250->562871->338250->646103->339088->340328->340330->339087->339745->339087->338934->339307->339893->339308->340139->338933->338934->339307->339893->339308->340139->338933->338934->339087->340330->340328->339088->339091->339090->338268->338582->339138->339116->338705->338269->338581->340332->339979->338631->338933->338934->339307->339893->339308->340139->338933->338934->339307->339893->339308->340139->338933->338934->339307->339893->339308->340139->338933->338631->339979->340332->338581->338269->338580->339112->339947->339096->338710->338991->339115->338205->338589->339119->338588->338587->338262->338586->339132->338258->339538->338261->563143->588038->588037->588038->341607->344213->343102->341557->588040->341572->340705->341555->341736->341568->341735->341564->342639->563096->342115->341559->342645->341564->342639->563096->342115->343710->341560->341518->341517->341516->341515->341519->341513->341520->343933->343932->343939->343935->343934->343937->341532->341533->344529->343940->339229->338324->338769->338311->339297->339000->339664->339665->339664->338312->338343->339266->338728->338341->562897->338341->338728->339266->338343->338312->338709->338313->338707->338314->340271->338313->338707->338314->340271->338313->338707->338314->340271->340280->562957->340280->340271->338313->338707->338314->340271->338313->338707->338314->340271->338313->338707->338314->340271->338313->338707->338314->340271->338313->338707->338314->340271->338313->338707->338314->340271->338313->338707->338314
rl_signal_attention,t2_yeoksam_hakyeoul,long,off_peak,7.0,14,3059.6881,2352.2225,662.0986,2367.732,1759.882,17648.5,34,False,200,116,7,77,338267->338584->338254->338767->338768->587842->338583->338268->339090->338156->339066->339741->338250->562871->338250->646103->339088->340328->340330->339087->339745->339087->338934->338933->340139->339308->339893->340333->339893->339308->340139->338933->338934->339307->339893->339308->340139->338933->338934->339307->339893->339308->340139->338933->338934->339307->339893->339308->340139->338933->338934->339307->339893->339308->340139->338933->338934->339307->339893->339308->340139->338933->338934->339307->339893->339308->340139->338933->338934->339307->339893->339308->340139->338933->338934->339307->339893->339308->340139->338933->338934->339307->339893->339308->340139->338933->338934->339307->339893->339308->340139->338933->338934->339307->339893->339308->340139->338933->338934->339307->339893->339308->340139->338933->338934->339307->339893->339308->340139->338933->338934->339307->339893->339308->340139->338933->338934->339307->339893->339308->340139->338933->338934->339307->339893->339308->340139->338933->338934->339307->339893->339308->340139->338933->338934->339307->339893->339308->340139->338933->338934->339307->339893->339308->340139->338933->338934->339307->339893->339308->340139->338933->338934->339307->339893->339308->340139->338933->338934->339307->339893->339308->340139->338933->338934->339307->339893->339308->340139->338933->338934->339307->339893->339308->340139->338933->338934->339307->339893->339308->340139->338933->338934->339307->339893->339308->340139->338933->338934->339307->339893->339308->340139->338933->338934->339307->339893->339308->340139->338933->338934
rl_signal_attention,t2_yeoksam_hakyeoul,long,off_peak,7.0,15,3271.5058,2746.7314,489.4982,3363.0921,1301.1041,21760.4,26,False,200,42,28,130,338267->338584->338254->338767->338768->587842->338583->338268->339090->338156->339066->339741->338250->562871->338250->646103->339088->340328->340330->339087->338934->338933->340139->339308->338988->338629->338270->338630->339746->339089->338272->339574->338735->338272->339089->338990->339743->340336->339743->340118->339746->338630->338270->338628->338624->338238->340179->338730->338203->338730->340179->338238->338624->338628->338270->338630->339746->339089->338272->339574->338735->338272->339089->339746->338630->338270->338628->338624->338238->340179->338730->338203->338730->340179->338238->338624->338628->338270->338629->338988->339308->340139->338933->338934->339307->339893->339308->340139->338933->338934->339307->339893->339308->340139->338933->338934->339307->339893->339308->340139->338933->338631->339979->340332->338581->338269->338580->339112->339947->339096->338710->338991->339115->338205->338589->339119->338588->338587->338262->338268->338583->587842->338768->338767->338254->339133->338229->340192->338267->338585->562917->562916->562917->338585->338267->338584->338254->338767->338768->587842->338583->338268->339090->338156->338132->339053->339056->338162->339067->339021->338658->338133->338815->338250->646103->339088->340328->340330->339087->339745->339087->339744->340239->338990->339743->340118->338988->339308->340139->338933->338934->339307->339893->339308->340139->338933->338631->339979->340332->338581->338269->338705->339116->339138->338582->338268->338262->339922->340140->339002->338922->646291->338226->338252->338251->646070->338648->338209->339659->338210->613623
rl_signal_attention,t2_yeoksam_hakyeoul,long,off_peak,7.0,16,2384.3016,1596.6943,759.1678,1572.7829,2017.8955,11570.4,22,True,170,70,15,85,338267->338584->338254->338767->338768->587842->338583->338268->339090->338156->339066->339741->338250->562871->338250->646103->339088->340328->340330->339087->339745->339087->338934->338933->338631->339979->340332->340331->340332->338581->338269->338580->339112->339947->339096->338710->338991->339115->338205->338998->339653->338204->340199->339804->340199->340198->340199->338204->338789->338923->340045->340479->587843->338594->338227->338693->338595->338210->613615->338596->338197->338597->338605->338223->338603->339126->338348->338347->338346->339296->338349->646052->338349->339296->338346->338354->338601->339884->339712->339713->338326->338328->338342->338887->340280->340271->338313->338707->338314->340271->338313->338707->338314->340271->338313->338707->338314->340271->338313->338707->338314->340271->338313->338707->338314->340271->338313->338707->338314->340271->338313->338707->338314->340271->338313->338707->338314->340271->338313->338707->338314->340271->338313->338707->338314->340271->338313->338707->338314->340271->338313->338707->338314->340271->338313->338707->338314->340271->340280->562957->340280->340271->338313->338707->338314->340271->338313->338707->338314->340271->338313->338707->338314->340271->338313->338707->338314->340271->338313->338707->338314->340271->338313->338707->338314->340271->338313->338707->338314->340271->338344
rl_signal_attention,t2_yeoksam_hakyeoul,long,off_peak,7.0,17,3191.5411,2648.1297,501.4957,2935.4476,1332.9938,20613.2,26,False,200,36,30,134,338267->338584->338254->338767->338768->587842->338583->338268->339090->338156->339066->339741->338250->562871->338250->646103->339088->340328->340330->339087->339745->339087->338934->338933->340139->339308->338988->338629->338270->338630->339746->339089->338272->339574->338735->338272->339089->338990->339743->340336->339743->338990->340239->340238->340239->339744->339087->338934->338933->340139->339308->338988->338629->338270->338630->339746->339089->338272->339574->338735->338272->339089->339746->340118->339743->338990->340239->339744->339087->339745->339087->340330->340328->339088->339091->339090->338268->338262->338586->339132->338258->339538->338261->563143->588038->588037->588038->563143->338261->339538->338258->339132->338586->338262->338587->338588->339119->338589->338205->338998->339653->338204->338789->338923->340045->340479->587843->338594->338227->338693->338595->338210->339659->339658->339659->338209->338648->646070->646069->646070->338648->338209->339659->338210->613615->338596->338197->339135->562865->338198->338199->338224->342071->341571->341521->342613->341535->344530->344529->341533->344530->341535->342613->341521->341571->340229->562951->338222->338198->562865->339135->338197->338925->646201->339126->338603->338223->338604->646056->339122->339135->562865->338198->338199->338224->342071->341571->341521->342613->341535->344530->344529->343940->339229->338324->338769->338311->646265->338733->339152->339153->562882->562895->562882->339153->339152->338733->646265->646264->646265->338733->339152->338790->339123->338602->338223->338603->339126->338348->338347->338346
rl_signal_attention,t2_yeoksam_hakyeoul,long,off_peak,7.0,18,2915.0415,2015.7175,861.3804,2041.91,2289.5803,14538.4,31,False,200,65,23,112,338267->338584->338254->338767->338768->587842->338583->338268->339090->338156->339066->339741->338250->562871->338250->646103->339088->339117->338775->338269->338580->339112->339947->339096->338710->338991->339115->338205->338998->339653->338204->340199->339804->340199->340198->340199->338204->338789->338923->340045->340479->587843->338594->338227->338693->338595->338210->339659->338209->338648->646070->646069->646070->338648->338209->339659->338210->613623->645958->613623->338210->339659->338209->338648->646070->646069->646070->338648->338209->339659->338210->613623->645958->613623->338210->339659->338209->338648->646070->646069->646070->338648->338209->339659->338210->613615->338596->338197->338597->338605->338223->338604->646056->339122->339135->562865->338198->338199->338224->342071->341571->341521->342613->341535->343726->343919->338310->339265->338311->339297->339000->339664->338312->338343->339266->338728->338341->562897->338341->338728->339266->338343->338312->338709->338313->338707->338314->340271->338313->338707->338314->340271->338313->338707->338314->340271->338313->338707->338314->340271->338313->338707->338314->340271->340280->562957->340280->340271->338313->338707->338314->340271->338313->338707->338314->340271->338313->338707->338314->340271->338313->338707->338314->340271->338313->338707->338314->340271->338313->338707->338314->340271->338313->338707->338314->340271->338313->338343->338312->338709->338313->338707->338314->340271->338313->338707->338314->340271->338313->338707->338314->340271->338313->338707->338314->340271->338313->338707->338314->340271->338313
rl_signal_attention,t2_yeoksam_hakyeoul,long,off_peak,7.0,19,2719.7335,2274.0924,416.6567,2501.0284,1107.4886,17960.8,20,True,158,25,25,108,338267->338584->338254->338767->338768->587842->338583->338268->339090->338156->339066->339741->338250->562871->338250->646103->339088->340328->340330->339087->339745->339087->338934->338933->340139->339308->338988->338629->338270->338630->339746->339089->338990->339743->340336->339743->340118->339746->339089->338272->339574->338735->338736->338734->338275->340339->338734->338736->338735->338272->339089->339746->338630->338270->338628->338624->338238->340179->338730->338203->338730->340179->338238->338624->338628->338270->338630->339746->339089->338272->339574->338735->338272->339089->339746->338630->338270->338628->338624->338238->340179->338730->338203->338730->340179->338238->338624->338628->338270->338629->338988->339308->340139->338933->338934->339087->340330->340328->339088->339091->339090->338268->338262->339922->340140->339002->338922->646291->338226->338252->338251->646070->338648->338209->339659->338210->338595->338693->338227->339819->646028->646026->339934->339811->340231->339724->339314->339317->338256->339580->613775->338232->339582->338234->340157->340158->338206->587841->587903->587841->338206->340158->338207->338327->338326->338328->338342->338887->340280->340271->338313->338707->338314->340271->338313->338707->338314->340271->338344
rl_signal_attention,t2_yeoksam_hakyeoul,long,off_peak,7.0,20,3138.7094,2087.6846,1012.8404,2160.7498,2692.1664,14302.3,33,False,200,98,12,90,338267->338584->338254->338767->338768->587842->338583->338268->339090->338156->339066->339741->338250->562871->338250->646103->339088->340328->340330->339087->339745->339087->338934->339307->339893->339308->340139->338933->338934->339307->339893->339308->340139->338933->338934->339307->339893->339308->340139->338933->338934->339307->339893->339308->340139->338933->338631->339979->340332->338581->338269->338775->339117->339088->339091->339090->338268->338262->339922->340140->339002->338922->646291->338226->338252->338199->338224->342071->341571->341521->342613->341535->343726->343919->338310->339265->338311->339297->339000->339664->338312->338343->339266->338728->338341->562897->338341->338728->339266->338343->338312->338709->338313->338707->338314->340271->338313->338707->338314->340271->338313->338707->338314->340271->338313->338707->338314->340271->338313->338707->338314->340271->338313->338707->338314->340271->338313->338707->338314->340271->338313->338707->338314->340271->338313->338707->338314->340271->338313->338707->338314->340271->338313->338707->338314->340271->338313->338707->338314->340271->338313->338707->338314->340271->338313->338707->338314->340271->338313->338707->338314->340271->338313->338707->338314->340271->338313->338707->338314->340271->338313->338707->338314->340271->338313->338707->338314->340271->338313->338707->338314->340271->338313->338707->338314->340271->338313->338707->338314->340271->338313->338707->338314->340271->338313->338707->338314->340271->338313->338707->338314->340271->338313->338707->338314->340271->338313->338707->338314->340271->338313
rl_signal_attention,t2_yeoksam_hakyeoul,long,off_peak,7.0,21,3069.0973,2593.9896,443.2845,2952.1209,1178.2664,20618.5,24,False,200,53,30,117,338267->338584->338254->338767->338768->587842->338583->338268->339090->338156->339066->339741->338250->562871->338250->646103->339088->340328->340330->339087->339745->339087->338934->338933->340139->339308->338988->338629->338270->338630->339746->339089->338272->339574->338735->338272->339089->338990->339743->340336->339743->340118->339746->338630->338270->338628->338624->338238->340179->338730->338203->338730->340179->338238->338624->338628->338270->338630->339746->339089->338272->339574->338735->338272->339089->339746->338630->338270->338629->338988->339308->340139->338933->338934->339307->339893->339308->340139->338933->338934->339307->339893->339308->340139->338933->338934->339087->340330->340328->339088->339091->339090->338268->338262->338586->339132->338258->339538->338261->563143->588038->588037->588038->341607->342685->341600->342074->338219->338218->339571->338261->341734->341572->588040->341557->342643->341555->341736->341568->341735->341564->342639->563096->342115->341559->342645->341564->342639->563096->342115->341559->341985->341569->344767->341558->563191->563189->563119->563108->563119->563189->563191->341558->344767->341569->341738->563185->563184->563185->341560->343710->342115->563067->342636->338199->338198->338222->562951->340229->341571->341521->342613->341535->343726->343919->338310->339265->338311->339297->339000->339664->338312->338343->339266->338728->338341->562897->338341->338728->339266->338343->338312->338709->338313->338707->338314->340271->338313->338707->338314->340271->338313->338707->338314->340271->338313->338707->338314->340271->338313->338707
rl_signal_attention,t2_yeoksam_hakyeoul,long,off_peak,7.0,22,2339.1405,1728.8617,586.3406,1860.616,1558.5147,12467.4,18,True,162,51,21,90,338267->338584->338254->338767->338768->587842->338583->338268->339090->338156->339054->338139->562936->339292->339070->613767->338253->339069->339134->338230->646176->339098->340484->338229->340192->338267->338585->562917->338230->646176->339098->342073->342687->341600->342685->341607->344213->343102->341557->588040->341572->340705->341555->341736->341568->341735->341564->342639->563096->342115->343710->341560->341518->341517->341516->341515->341519->342113->342112->341739->341535->342613->341521->341571->340229->562951->338222->338198->562865->339135->338197->338925->646201->339126->338603->338223->338602->339123->338790->339152->338733->646265->338311->338769->338324->338779->338324->338769->338311->339297->339000->339664->338312->338343->339266->338728->338341->562897->338341->338728->339266->338343->338312->338709->338313->338707->338314->340271->338313->338707->338314->340271->338313->338707->338314->340271->338313->338707->338314->340271->338313->338707->338314->340271->338313->338707->338314->340271->338313->338707->338314->340271->338313->338707->338314->340271->338313->338707->338314->340271->338313->338707->338314->340271->338313->338707->338314->340271->338313->338707->338314->340271->338313->338707->338314->340271->338313->338707->338314->340271->338313->338712->338344
rl_signal_attention,t2_yeoksam_hakyeoul,long,off_peak,7.0,23,1715.0944,1288.5534,410.5895,1373.5933,1091.3618,9549.0,12,True,138,51,21,66,338267->338584->338254->339133->338229->340484->339098->646176->338230->562917->338585->338267->338803->613768->613766->613767->339070->339068->339070->613767->613766->613768->338803->338267->340192->338229->338218->338219->342074->341600->342685->341607->344213->343102->341557->588040->341572->340705->341555->341736->341568->341735->341564->342639->563096->342115->343710->341560->341518->341517->341516->341515->341519->343157->343159->341508->341507->646429->341520->343933->343932->343939->343938->342836->343936->341532->343934->343937->341532->341533->344529->343940->339229->338324->338769->338311->339297->339000->339664->338312->338343->339266->338728->338341->562897->338341->338728->339266->338343->338312->338709->338313->338707->338314->340271->338313->338707->338314->340271->338313->338707->338314->340271->338313->338707->338314->340271->338313->338707->338314->340271->338313->338707->338314->340271->338313->338707->338314->340271->338313->338707->338314->340271->338313->338707->338314->340271->338313->338707->338314->340271->338313->338707->338314->340271->338313->338709->338312->338344
rl_signal_attention,t2_yeoksam_hakyeoul,long,off_peak,7.0,24,2248.672,1843.6902,384.0936,2056.3543,1020.9348,13704.3,16,True,152,40,17,95,338267->338584->338254->338767->338768->587842->338583->338268->339090->338156->339066->339741->338250->562871->338250->646103->339088->340328->340330->339087->339745->339087->338934->338933->340139->339308->338988->338629->338270->338630->339746->339089->338272->339574->338735->338272->339089->338990->339743->340336->339743->340118->339746->338630->338270->338628->338624->338238->340179->338730->338203->338730->340179->338238->338625->339478->339477->339503->339506->339505->339504->340290->338840->338839->339503->339506->339505->339504->340290->339217->338805->338590->338259->338591->338204->338789->338923->340045->340479->587843->338594->338227->338693->338595->338210->613615->338596->338197->338597->338605->338223->338604->646056->339122->339135->562865->338198->338199->338224->342071->341571->341521->342613->341535->343726->343919->338310->339265->338311->339297->339000->339664->338312->338709->338313->338707->338314->340271->338313->338707->338314->340271->338313->338707->338314->340271->338313->338707->338314->340271->338313->338707->338314->340271->338313->338707->338314->340271->338313->338707->338314->340271->338313->338707->338314->340271->338313->338707->338314->340271->338313->338712->338344
rl_signal_attention,t2_yeoksam_hakyeoul,long,off_peak,7.0,25,2897.2279,2162.1234,703.5691,2293.2829,1870.1121,15494.1,28,False,200,83,18,99,338267->338584->338254->338767->338768->587842->338583->338268->339090->338156->339066->339741->338250->562871->338250->646103->339088->340328->340330->339087->339745->339087->338934->339307->339893->339308->340139->338933->338934->339307->339893->339308->340139->338933->338934->339307->339893->339308->340139->338933->338934->339307->339893->339308->340139->338933->338934->339307->339893->339308->340139->338933->338934->339307->339893->339308->340139->338933->338934->339307->339893->339308->340139->338933->338934->339307->339893->339308->340139->338933->338934->339307->339893->339308->340139->338933->338631->339979->340332->338581->338269->338580->339112->339947->339096->338710->338991->339115->338205->338589->339119->338588->338587->338262->339922->340140->339002->338922->646291->338226->338252->338199->338198->338222->562951->340229->341571->341521->342613->341535->343726->343919->338310->339265->338311->339297->339000->339664->338312->338343->339266->338728->338341->562897->338341->338728->339266->338343->338312->338709->338313->338707->338314->340271->338313->338707->338314->340271->338313->338707->338314->340271->338313->338343->339266->338728->338341->562897->338341->338728->339266->338343->338312->338709->338313->338707->338314->340271->338313->338707->338314->340271->338313->338707->338314->340271->338313->338707->338314->340271->338313->338707->338314->340271->338313->338707->338314->340271->338313->338707->338314->340271->338313->338707->338314->340271->338313->338707->338314->340271->338313->338707->338314->340271->338313->338707->338314->338315->338887->340280->562957
rl_signal_attention,t2_yeoksam_hakyeoul,long,off_peak,7.0,26,3285.6821,2583.7408,656.7731,2928.773,1745.7266,19511.8,32,False,200,80,18,102,338267->338584->338254->338767->338768->587842->338583->338268->339090->338156->339066->339741->338250->562871->338250->646103->339088->340328->340330->339087->339745->339087->338934->339307->339893->339308->340139->338933->338934->339307->339893->339308->340139->338933->338934->339307->339893->339308->340139->338933->338934->339307->339893->339308->340139->338933->338934->339307->339893->339308->340139->338933->338934->339307->339893->339308->340139->338933->338934->339307->339893->339308->340139->338933->338934->339307->339893->339308->340139->338933->338934->339307->339893->339308->340139->338933->338934->339307->339893->339308->340139->338933->338934->339307->339893->339308->340139->338933->338934->339307->339893->339308->340139->338933->338934->339307->339893->339308->340139->338933->338934->339307->339893->339308->340139->338933->338934->339307->339893->339308->340139->338933->338934->339307->339893->339308->340139->338933->338934->339307->339893->339308->340139->338933->338631->339979->340332->338581->338269->338705->339116->339138->338582->338268->338262->338586->339132->338258->339538->338261->563143->588038->341607->342685->341600->342074->338219->338218->339571->338261->341734->341572->588040->341557->342643->341555->341736->341568->341735->341564->342639->563096->342115->341559->342645->341564->342639->341549->341566->341568->341735->341564->342645->341559->341985->341569->341738->563185->341560->343710->342115->563067->342636->338199->338198->338222->562951->340229->341571->341521->342613->341535->344530->344529->343940->339229->338324->338769->338311->646265->338733
rl_signal_attention,t2_yeoksam_hakyeoul,long,off_peak,7.0,27,3209.149,2588.6842,583.7696,2790.4726,1551.6809,19813.5,28,False,200,74,18,108,338267->338584->338254->338767->338768->587842->338583->338268->339090->338156->339066->339741->338250->562871->338250->646103->339088->340328->340330->339087->339745->339087->338934->338933->340139->339308->338988->338629->338270->338630->339746->339089->338272->339574->338735->338272->339089->338990->340239->340238->340239->339744->339087->338934->339307->339893->339308->340139->338933->338934->339307->339893->339308->340139->338933->338934->339307->339893->339308->340139->338933->338934->339307->339893->339308->340139->338933->338934->339307->339893->339308->340139->338933->338934->339307->339893->339308->340139->338933->338934->339307->339893->339308->340139->338933->338934->339307->339893->339308->340139->338933->338934->339307->339893->339308->340139->338933->338934->339307->339893->339308->340139->338933->338934->339307->339893->339308->340139->338933->338934->339307->339893->339308->340139->338933->338934->339307->339893->339308->340139->338933->338934->339307->339893->339308->340139->338933->338934->339307->339893->339308->338988->338629->338270->338630->339746->339089->338272->339574->338735->338272->339089->339746->338630->338270->338628->338624->338238->340179->338730->338203->338730->340179->338238->338624->338628->338270->338630->339746->339089->338272->339574->338735->338272->339089->339746->340118->339743->338990->340239->339744->339087->338934->338933->338631->339979->340332->338581->338269->338705->339116->339138->338582->338268->338262->338586->339132->338258->339538->338261->563143->588038->341607->344213->343102->341557->588040->341572->339293->338651->562921
rl_signal_attention,t2_yeoksam_hakyeoul,long,off_peak,7.0,28,2763.3881,2220.8702,513.4514,2588.2639,1364.7724,17397.5,23,False,200,46,47,107,338267->338584->338254->338767->338768->587842->338583->338268->339090->338156->339066->339741->338250->562871->338250->646103->339088->340328->340330->339087->339745->339087->338934->339307->339893->339308->340139->338933->338934->339307->339893->339308->340139->338933->338934->339307->339893->339308->340139->338933->338934->339087->340330->340328->339088->339091->339090->338268->338262->338586->339132->338258->339538->338261->563143->588038->588037->588038->341607->344213->343102->341557->588040->341572->340705->341555->341736->341568->341735->341564->342639->563096->342115->341559->342645->341564->342639->563096->342115->341559->341985->341569->344767->341558->563191->563189->563119->646764->342642->563118->342642->342641->341775->343989->341774->341547->563166->341548->340707->343666->343075->344195->344513->344196->344195->343075->341543->344196->344513->344195->343075->341543->344196->344513->344195->343075->341543->344196->344513->344195->343075->341543->344196->344513->344195->343075->341543->344196->344513->344195->343075->341543->588052->341499->344500->342607->587988->342821->341768->646932->341500->343341->343267->342611->563120->341494->613864->341507->341508->646563->341513->341519->342113->342112->341739->341535->343726->343919->338310->339265->338311->339297->339000->339664->338312->338343->339266->338728->338341->562897->338341->338728->339266->338343->338312->338709->338313->338707->338314->340271->338313->338707->338314->340271->338313->338707->338314->340271->338313->338707->338314->340271->338313->338707->338314->340271->338313->338707->338314->340271->338313
rl_signal_attention,t2_yeoksam_hakyeoul,long,off_peak,7.0,29,1966.4139,1522.7509,419.0273,1711.2706,1113.7897,11705.5,18,True,105,9,21,75,338267->338584->338254->338767->338768->587842->338583->338268->339090->338156->339066->339741->338250->562871->338250->646103->339088->340328->340330->339087->339745->339087->338934->338933->340139->339308->338988->338629->338270->338630->339746->340118->338988->339308->340139->338933->338934->339087->340330->340328->339088->339091->339090->338268->338262->339922->340140->339002->338922->646291->338226->338252->338251->646070->338648->338209->339659->338210->613623->645958->613623->338210->613615->338596->338197->338597->338605->338223->338604->646056->339122->339135->562865->338198->338199->338224->342071->341571->341521->342613->341535->343726->343919->338310->339265->338311->339297->339000->339664->338312->338343->339266->338728->338341->562897->338341->338728->339266->338343->338312->338709->338313->338707->338314->340271->338344
rl_signal_attention,t2_yeoksam_hakyeoul,long,off_peak,7.0,30,2019.8922,1663.1888,335.0228,1825.2004,890.5028,12966.8,17,True,128,21,23,84,338267->338584->338254->338767->338768->587842->338583->338268->339090->338156->339066->339741->338250->562871->338250->646103->339088->340328->340330->339087->339745->339087->338934->338933->340139->339308->338988->338629->338270->338630->339746->339089->338272->339574->338735->338272->339089->338990->339743->340336->339743->340334->339307->338934->339087->340330->340328->339088->339091->339090->338268->338262->339922->340140->339002->338922->646291->338226->338252->338251->646070->338648->338209->339659->339658->339659->338209->338648->646070->646069->646070->338648->338209->339659->338210->613615->338596->338197->338597->338605->338223->338604->646056->339122->339135->562865->338198->338222->562951->340229->341571->341521->342613->341535->343726->343919->338310->339265->338311->339297->339000->339664->338312->338343->339266->338728->338341->562897->338341->338728->339266->338343->338312->338709->338313->338707->338314->340271->338313->338707->338314->340271->338313->338707->338314->340271->338313->338712->338344
rl_signal_attention,t2_yeoksam_hakyeoul,long,peak,8.0,1,777.7474,679.1674,90.4964,880.9642,240.5428,5195.3,7,True,54,5,9,40,338267->340192->338229->340484->339098->342073->342687->341600->342685->341607->344213->343102->341557->588040->341572->340705->341555->341736->341568->341735->341564->342639->563096->342115->343710->341560->341518->341517->341516->341515->341519->342113->342112->341739->341535->343726->343919->338310->339265->338311->339297->339000->339664->338312->338343->339266->338728->338341->562897->338341->338728->339266->338343->338312->338344
rl_signal_attention,t2_yeoksam_hakyeoul,long,peak,8.0,2,3235.7358,2333.0167,854.4981,2753.7815,2271.287,16855.4,30,False,200,59,23,118,338267->340192->338229->340484->339098->342073->342687->341600->342685->341607->344213->343102->341557->588040->341572->340705->341555->341736->341568->341735->341564->342639->563096->342115->341559->342645->342148->342644->613995->342640->341551->341554->341565->341777->341608->341553->341563->341552->341562->341564->342639->563096->342115->343710->341560->341518->341517->341516->341515->341519->342113->342112->341739->341535->343726->343919->338310->339265->338311->646265->338733->339152->339153->562882->562895->562882->339153->339152->338733->646265->338311->338769->338324->338779->338324->339669->338324->339229->343940->344529->341533->341532->343937->343934->343935->343939->343932->343937->341532->341533->344529->343940->339229->338324->338779->338324->338769->338311->646265->338733->339152->338790->339123->338602->338223->338605->338597->338197->338925->646201->339126->338603->338223->338602->339123->338790->339152->339153->562882->562895->562882->339153->339152->338733->646265->646264->646265->338311->338769->338324->338779->338324->338769->338311->646265->338733->339152->338790->339123->338602->338223->338603->339126->338348->338347->338346->339296->338349->646052->338349->339296->338346->338354->338601->339884->339712->339713->338326->338328->338342->338887->340280->340271->338314->338707->338313->338343->338312->338709->338313->338707->338314->340271->338313->338707->338314->340271->338313->338707->338314->340271->338313->338707->338314->340271->338313->338707->338314->340271->338313->338707->338314->340271->338313->338707->338314->340271->338313->338707->338314->340271
rl_signal_attention,t2_yeoksam_hakyeoul,long,peak,8.0,3,2791.0321,2100.2245,666.8908,2673.6678,1772.6201,16351.1,22,True,199,64,22,113,338267->340192->338229->340484->339098->342073->342687->341600->342685->341607->344213->343102->341557->588040->341572->340705->341555->341736->341568->341735->341564->342639->563096->342115->341559->342645->342148->342644->613995->342640->341551->341554->341553->341563->341561->341568->341566->341549->339128->339093->338226->646291->338922->339002->340140->339922->338262->338587->338588->339119->338589->338205->338998->339653->338204->340199->339804->340199->340198->340199->338204->338789->338923->340045->340479->587843->338594->338227->338693->338595->338210->339659->338209->338648->646070->646069->646070->338648->338209->339659->338210->613615->338596->338197->338597->338605->338223->338604->646056->339122->339135->562865->338198->338199->338224->342071->341571->341521->342613->341535->343726->343919->338310->339265->338311->646265->338733->339152->339153->562882->562895->562882->339153->339152->338733->646265->646264->646265->338733->339152->338790->339123->338602->338223->338603->339126->338348->338347->338346->339296->338349->646052->338349->339296->338346->338347->338706->338354->338601->339884->339712->339713->338326->338328->338342->338887->340280->340271->338313->338707->338314->340271->338313->338707->338314->340271->338313->338707->338314->340271->338313->338707->338314->340271->338313->338707->338314->340271->338313->338707->338314->340271->338313->338707->338314->340271->338313->338707->338314->340271->338313->338707->338314->340271->338313->338707->338314->340271->338313->338707->338314->340271->338313->338707->338314->340271->338313->338709->338312->338344
rl_signal_attention,t2_yeoksam_hakyeoul,long,peak,8.0,4,2885.2587,2212.2236,639.4879,2775.8259,1699.7819,16660.3,26,False,200,53,24,123,338267->340192->338229->340484->339098->342073->342687->341600->342685->341607->344213->343102->341557->588040->341572->340705->341555->341736->341568->341735->341564->342639->563096->342115->341559->342645->342148->342644->613995->342640->341551->341554->341553->341563->341561->341568->341566->341549->339128->339093->338226->646291->338922->339002->340140->339922->338262->338587->338588->339119->338589->338205->338998->339653->338204->340199->339804->340199->340198->340199->338204->338789->338923->340045->340479->587843->338594->338227->338693->338595->338210->339659->338209->338648->646070->646069->646070->338648->338209->339659->338210->613615->338596->338197->338597->338605->338223->338602->339123->338790->339152->338733->646265->338311->338769->338324->338779->338324->338769->338311->646265->338733->339152->339153->562882->562895->562882->339153->339152->338733->646265->646264->646265->338733->339152->338790->339123->338602->338223->338604->646056->339122->339135->562865->338198->338199->338224->342071->341571->341521->342613->341535->344530->344529->343940->339229->338324->338769->338311->646265->338733->339152->338790->339123->338602->338223->338603->339126->338348->338347->338346->339296->338349->646052->338349->338341->562897->338341->338728->339266->338343->338312->338709->338313->338707->338314->340271->338313->338707->338314->340271->338313->338707->338314->340271->338313->338707->338314->340271->338313->338707->338314->340271->338313->338707->338314->340271->338313->338707->338314->340271->338313->338707->338314->340271->338313->338707->338314->340271->338313->338707
rl_signal_attention,t2_yeoksam_hakyeoul,long,peak,8.0,5,1691.898,1382.4355,291.9052,1761.811,775.8946,11069.7,13,True,99,21,12,66,338267->340192->338229->340484->339098->342073->342687->341600->342685->341607->344213->343102->341557->588040->341572->340705->341555->341736->341568->341735->341564->342639->563096->342115->341559->342645->342148->342644->613995->342640->341551->341554->341553->341563->341561->341568->341566->341549->339128->339093->338226->339127->338649->339136->645956->338227->339819->646028->646026->339934->339811->340231->339724->339314->339317->338256->339580->613775->338232->338908->338255->338246->338248->338249->339110->338352->563055->562874->339151->338358->338330->338318->338362->339695->340050->339695->338362->646000->645999->338296->339562->339563->340097->338345->338315->338314->340271->338313->338707->338314->340271->338313->338707->338314->340271->338313->338707->338314->340271->338344
rl_signal_attention,t2_yeoksam_hakyeoul,long,peak,8.0,6,2806.2692,2286.036,493.3498,3098.7452,1311.3418,18374.9,22,False,200,44,26,130,338267->340192->338229->340484->339098->342073->342687->341600->342685->341607->344213->343102->341557->588040->341572->340705->341555->341736->341568->341735->341564->342639->563096->342115->341559->342645->342148->342644->613995->342640->341551->341554->341553->341563->341561->341568->341566->341549->339128->339093->338226->646291->338922->339002->340140->339922->338262->338587->338588->339119->338997->340121->338998->338205->338589->339119->338588->338587->338262->338586->339132->338258->339538->338261->341734->341572->588040->341557->343102->344213->341607->342685->341600->342074->338219->338218->339571->338261->341734->341572->588040->341557->343102->344213->341607->342685->341600->342074->338219->338218->339571->338261->341734->341572->588040->341557->343102->344213->341607->342685->341600->342074->338219->338218->339571->338261->341734->341572->588040->341557->343102->344213->344212->344213->343102->341557->588040->341572->339293->338651->562919->562884->613773->613772->343109->342153->341556->341555->341736->341568->341735->341564->342645->341559->341985->341569->344767->341558->563191->563189->563119->646764->342642->563118->342642->342641->341737->341569->341738->563185->341560->342648->563067->342636->338199->338198->562865->339135->338197->338925->646201->339126->338603->338223->338604->646056->339122->339135->562865->338198->338199->338224->342071->341571->341521->342613->341535->344530->344529->343940->339229->338324->338769->338311->646265->338733->339152->339153->562882->562895->562882->339153->339152->338733->646265->646264->646265->338311->339297->339000->339664
rl_signal_attention,t2_yeoksam_hakyeoul,long,peak,8.0,7,1616.4994,1348.072,255.2488,1795.3432,678.4606,10826.0,12,True,107,25,15,67,338267->340192->338229->340484->339098->342073->342687->341600->342685->341607->344213->343102->341557->588040->341572->340705->341555->341736->341568->341735->341564->342639->563096->342115->341559->342645->342148->342644->613995->342640->341551->341554->341553->341563->341561->341568->341566->341549->339128->339093->338226->338252->338251->646070->338648->338209->339659->338210->613615->338596->338197->338597->338605->338223->338604->646056->339122->339135->562865->338198->338199->338224->342071->341571->341521->342613->341535->344530->344529->341533->344530->341535->343726->343919->338310->339265->338311->339297->339000->339664->338312->338343->339266->338728->338341->562897->338341->338728->339266->338343->338312->338709->338313->338707->338314->340271->338313->338707->338314->340271->338313->338707->338314->340271->338313->338709->338312->338344
rl_signal_attention,t2_yeoksam_hakyeoul,long,peak,8.0,8,2858.2184,1899.0446,936.3395,2353.7179,2488.8244,14449.3,26,False,200,84,14,102,338267->340192->338229->340484->339098->342073->342687->341600->342685->341607->344213->343102->341557->588040->341572->340705->341555->341736->341568->341735->341564->342639->563096->342115->341559->342645->342148->342644->613995->342640->341551->341554->341553->341563->341561->341568->341566->341549->339128->339093->338226->646291->338922->339002->340140->339922->338262->338587->338588->339119->338589->338205->338998->339653->338204->340199->339804->340199->340198->340199->338204->338789->338923->340045->340479->587843->338594->338227->338693->338595->338210->339659->338209->338648->646070->646069->646070->338648->338209->339659->338210->613615->338596->338197->338597->338605->338223->338603->339126->338348->338347->338706->338354->338601->339884->339712->339713->338326->338328->338342->338887->340280->340271->338313->338707->338314->340271->338313->338707->338314->340271->338313->338707->338314->340271->338313->338707->338314->340271->338313->338707->338314->340271->338313->338707->338314->340271->338313->338343->338312->338709->338313->338707->338314->340271->338313->338707->338314->340271->338313->338707->338314->340271->338313->338707->338314->340271->338313->338707->338314->340271->338313->338707->338314->340271->338313->338707->338314->340271->338313->338707->338314->340271->338313->338707->338314->340271->338313->338707->338314->340271->338313->338707->338314->338315->338887->340280->340271->338313->338707->338314->340271->338313->338707->338314->340271->338313->338707->338314->340271->338313->338707->338314->340271->338313->338707->338314->340271->338313->338707->338314
rl_signal_attention,t2_yeoksam_hakyeoul,long,peak,8.0,9,2412.9348,2033.4295,361.5357,2733.3556,960.975,16005.0,16,False,200,43,61,96,338267->340192->338229->340484->339098->342073->342687->341600->342685->341607->344213->343102->341557->588040->341572->340705->341555->341736->341568->341735->341564->342639->563096->342115->341559->341985->341569->344767->341558->563191->563189->563119->646764->342642->340709->344193->613986->344812->613985->344813->344258->342638->646427->340706->646705->646704->646705->343076->343667->341548->563166->341547->341774->343989->341775->342641->342640->341551->341554->341553->341563->341552->341562->341564->342639->563096->342115->341559->341985->341569->341737->342641->342642->563118->342642->340709->344193->613986->344812->344813->613985->344812->344813->613985->344812->344813->613985->344812->344813->613985->344812->344813->613985->344812->344813->613985->344812->344813->613985->344812->344813->613985->344812->344813->613985->344812->344813->613985->344812->344813->613985->344812->344813->613985->344812->344813->344258->342638->646427->340706->646705->646704->646705->343076->344198->344512->344515->344195->343075->341543->588052->341499->344500->342607->587988->342821->343267->343341->343340->344393->341506->341507->341508->646563->341513->341519->342113->342112->341739->341535->343726->343919->338310->339265->338311->339297->339000->339664->338312->338343->339266->338728->338341->562897->338341->338728->339266->338343->338312->338709->338313->338707->338314->340271->338313->338707->338314->340271->338313->338707->338314->340271->338313->338707->338314->340271->338313->338707->338314->340271->338313->338707->338314->338315->338887->340280->562957->340280->340271->338314->338707
rl_signal_attention,t2_yeoksam_hakyeoul,long,peak,8.0,10,2683.47,1874.0049,785.2368,2353.3637,2087.1879,14338.3,23,False,200,83,18,99,338267->340192->338229->340484->339098->342073->342687->341600->342685->341607->344213->343102->341557->588040->341572->340705->341555->341736->341568->341735->341564->342639->563096->342115->341559->342645->342148->342644->613995->342640->341551->341554->341553->341563->341561->341568->341566->341549->339128->339093->338226->646291->338922->339002->340140->339922->338262->338587->338588->339119->338589->338205->338998->339653->338204->340199->339804->340199->340198->340199->338204->338789->338923->340045->340479->587843->338594->338227->338693->338595->338210->339659->338209->338648->646070->646069->646070->338648->338209->339659->338210->613615->338596->338197->338597->338605->338223->338603->339126->338348->338347->338346->339296->338349->646052->338349->339296->338346->338354->338601->339884->339712->339713->338326->338328->338342->338887->340280->340271->338313->338707->338314->340271->338313->338707->338314->340271->338313->338707->338314->340271->338313->338707->338314->340271->338313->338707->338314->340271->338313->338707->338314->340271->338313->338707->338314->340271->338313->338707->338314->340271->338313->338707->338314->340271->338313->338707->338314->340271->338313->338707->338314->340271->338313->338707->338314->340271->338313->338707->338314->340271->338313->338707->338314->340271->338313->338707->338314->340271->338313->338707->338314->340271->338313->338707->338314->340271->338313->338707->338314->340271->338313->338707->338314->340271->338313->338707->338314->340271->338313->338343->338312->338709->338313->338343->338312->338709->338313->338707->338314->340271
rl_signal_attention,t2_yeoksam_hakyeoul,long,peak,8.0,11,2619.3943,1866.9148,730.8142,2381.7529,1942.5306,14449.8,23,False,200,82,17,101,338267->340192->338229->340484->339098->342073->342687->341600->342685->341607->344213->343102->341557->588040->341572->340705->341555->341736->341568->341735->341564->342639->563096->342115->341559->342645->342148->342644->613995->342640->341551->341554->341553->341563->341561->341568->341566->341549->339128->339093->338226->646291->338922->339002->340140->339922->338262->338587->338588->339119->338589->338205->338998->339653->338204->340199->339804->340199->340198->340199->338204->338789->338923->340045->340479->587843->338594->338227->338693->338595->338210->613615->338596->338197->338597->338605->338223->338604->646056->339122->339135->562865->338198->338199->338224->342071->341571->341521->342613->341535->343726->343919->338310->339265->338311->339297->339000->339664->338312->338343->339266->338728->338341->562897->338341->338728->339266->338343->338312->338709->338313->338707->338314->340271->338313->338707->338314->340271->338313->338707->338314->340271->338313->338707->338314->340271->338313->338707->338314->340271->338313->338707->338314->340271->338313->338707->338314->340271->338313->338707->338314->340271->338313->338707->338314->340271->338313->338707->338314->340271->338313->338707->338314->340271->338313->338707->338314->340271->338313->338707->338314->340271->338313->338707->338314->340271->338313->338707->338314->340271->338313->338707->338314->340271->338313->338707->338314->340271->338313->338707->338314->340271->338313->338707->338314->340271->338313->338707->338314->340271->338313->338707->338314->340271->338313->338707->338314->340271->338313->338707->338314
rl_signal_attention,t2_yeoksam_hakyeoul,long,peak,8.0,12,761.4176,688.9861,66.3354,965.8498,176.3219,5370.3,5,True,54,6,10,38,338267->340192->338229->340484->339098->342073->342687->341600->342685->341607->344213->343102->341557->588040->341572->340705->341555->341736->341568->341735->341564->342645->341559->342115->563067->342636->338199->338198->338222->562951->340229->341571->341521->342613->341535->343726->343919->338310->339265->338311->339297->339000->339664->338312->338343->339266->338728->338341->562897->338341->338728->339266->338343->338312->338344
rl_signal_attention,t2_yeoksam_hakyeoul,long,peak,8.0,13,2857.9049,2014.1648,817.4457,2501.1258,2172.8004,15634.0,27,False,200,85,18,97,338267->340192->338229->340484->339098->342073->342687->341600->342685->341607->344213->343102->341557->588040->341572->340705->341555->341736->341568->341735->341564->342639->563096->342115->341559->342645->342148->342644->613995->342640->341551->341554->341553->341563->341561->341568->341566->341549->339128->339093->338226->339127->338649->339136->645956->338227->339819->646028->646026->339934->339811->340231->339724->339314->339317->338256->339580->613775->338232->338908->338255->338246->338248->338249->339110->338352->563055->562874->339151->338358->338330->338318->338620->338317->339563->340097->338345->338315->338314->340271->338313->338707->338314->340271->338313->338707->338314->340271->338313->338707->338314->340271->338313->338707->338314->340271->340280->562957->340280->340271->338314->338707->338313->340271->340280->562957->340280->340271->338314->338707->338313->340271->340280->562957->340280->340271->338313->338707->338314->340271->338313->338707->338314->340271->338313->338707->338314->340271->338313->338707->338314->340271->338313->338707->338314->340271->338313->338707->338314->340271->338313->338707->338314->340271->338313->338707->338314->340271->338313->338707->338314->340271->338313->338707->338314->340271->338313->338707->338314->340271->338313->338343->338312->338709->338313->338707->338314->340271->338313->338707->338314->340271->338313->338707->338314->340271->338313->338707->338314->340271->338313->338707->338314->340271->338313->338707->338314->340271->338313->338343->338312->338709->338313->338707->338314->340271->338313->338707->338314->340271->338313
rl_signal_attention,t2_yeoksam_hakyeoul,long,peak,8.0,14,2825.5663,2131.6841,675.5945,2705.0483,1795.7548,16389.8,20,False,200,73,29,98,338267->340192->338229->340484->339098->342073->342687->341600->342685->341607->344213->343102->341557->588040->341572->340705->341555->341736->341568->341735->341564->342639->563096->342115->341559->342645->342148->342644->613995->342640->341551->341554->341553->341563->341561->341568->341566->341549->339128->339093->338226->339127->338649->339136->645956->338227->339819->646028->646026->339934->339811->340231->339724->339314->339317->338256->339580->613775->338232->338908->338255->338246->338248->338249->339110->338352->563055->562874->339151->338358->338330->338318->338620->338317->339563->340097->338345->338315->338314->340271->338313->338707->338314->340271->338313->338707->338314->340271->338313->338707->338314->340271->338313->338707->338314->340271->338313->338707->338314->340271->338313->338707->338314->340271->338313->338707->338314->340271->338313->338707->338314->340271->340280->562957->340280->340271->338314->338707->338313->340271->340280->562957->340280->340271->338313->338707->338314->340271->338313->338707->338314->340271->338313->338343->338312->338709->338313->338707->338314->340271->338313->338707->338314->340271->338313->338707->338314->340271->338313->338707->338314->340271->338313->338707->338314->340271->338313->338707->338314->340271->338313->338707->338314->340271->338313->338707->338314->338315->338887->340280->340271->338314->338707->338313->340271->340280->562957->340280->340271->338314->338707->338313->340271->340280->562957->340280->340271->338314->338707->338313->340271->338314->338707->338313->340271->338314->338707->338313->340271->338314->338707
rl_signal_attention,t2_yeoksam_hakyeoul,long,peak,8.0,15,768.8401,675.3175,86.0738,891.2737,228.7872,5195.3,6,True,54,5,9,40,338267->340192->338229->340484->339098->342073->342687->341600->342685->341607->344213->343102->341557->588040->341572->340705->341555->341736->341568->341735->341564->342639->563096->342115->343710->341560->341518->341517->341516->341515->341519->342113->342112->341739->341535->343726->343919->338310->339265->338311->339297->339000->339664->338312->338343->339266->338728->338341->562897->338341->338728->339266->338343->338312->338344
rl_signal_attention,t2_yeoksam_hakyeoul,long,peak,8.0,16,2751.9473,1697.482,1028.649,1945.3392,2734.1864,12343.6,25,False,200,99,15,86,338267->340192->338229->340484->339098->342073->342687->341600->342685->341607->342693->343943->343106->341601->646355->341593->344353->342694->563168->341608->341777->341565->341554->341551->342640->613995->342644->341552->341562->341564->342639->563096->342115->343710->341560->341518->341517->341516->341515->341519->342113->342112->341739->341535->343726->343919->338310->339265->338311->646265->338733->339152->339153->562882->562895->562882->339153->339152->338733->646265->338311->338769->338324->338779->338324->338769->338311->339297->339000->339664->338312->338343->339266->338728->338341->562897->338341->338728->339266->338343->338312->338709->338313->338707->338314->340271->338313->338707->338314->340271->338313->338707->338314->340271->338313->338707->338314->340271->338313->338707->338314->340271->338313->338707->338314->340271->338313->338707->338314->340271->338313->338707->338314->340271->338313->338707->338314->340271->338313->338707->338314->340271->338313->338707->338314->340271->338313->338707->338314->340271->338313->338707->338314->340271->338313->338707->338314->340271->338313->338707->338314->340271->338313->338707->338314->340271->338313->338707->338314->340271->338313->338707->338314->340271->338313->338707->338314->340271->338313->338707->338314->340271->338313->338707->338314->340271->338313->338707->338314->340271->338313->338707->338314->340271->338313->338707->338314->340271->338313->338707->338314->340271->338313->338707->338314->340271->338313->338707->338314->340271->338313->338707->338314->340271->338313->338707->338314->340271->338313->338707->338314
rl_signal_attention,t2_yeoksam_hakyeoul,long,peak,8.0,17,1272.368,1121.2049,141.0554,1424.9241,374.9303,8873.8,7,True,100,20,10,70,338267->340192->338229->340484->339098->342073->342687->341600->342685->341607->344213->344212->344213->341607->342685->341600->342074->338219->338218->339571->338261->341734->341572->588040->341557->342643->341555->340705->341572->339293->338651->562919->562884->613773->339003->339662->341549->342639->563096->342115->343710->341560->341518->341517->341516->341515->341519->342113->342112->341739->341535->343726->343919->338310->339265->338311->646265->338733->339152->338790->339123->338602->338223->338603->339126->338348->338347->338346->339296->338349->646052->338349->339296->338346->338354->338601->339884->339712->339713->338326->338328->338342->338887->340280->340271->338313->338707->338314->338315->338887->340280->562957->340280->340271->338313->338707->338314->340271->338313->338712->338344
rl_signal_attention,t2_yeoksam_hakyeoul,long,peak,8.0,18,1638.6597,1364.0119,259.8954,1765.3268,690.8113,10748.4,10,True,123,39,15,69,338267->340192->338229->340484->339098->342073->342687->341600->342685->341607->344213->343102->341557->588040->341572->340705->341555->341736->341568->341735->341564->342639->563096->342115->341559->342645->342148->342644->341552->341562->341564->342639->563096->342115->343710->341560->341518->341517->341516->341515->341519->342113->342112->341739->341535->343726->343919->338310->339265->338311->646265->338733->339152->338790->339123->338602->338223->338603->339126->338348->338347->338346->339296->338349->646052->338349->339296->338346->338354->338601->339884->339712->339713->338326->338328->338342->338887->340280->340271->338313->338707->338314->340271->338313->338707->338314->340271->338313->338707->338314->340271->338313->338707->338314->340271->338313->338707->338314->340271->338313->338707->338314->340271->338313->338707->338314->340271->340280->562957->340280->340271->338314->338707->338313->340271->340280->562957->340280->340271->338314->338707->338313->338712->338344
rl_signal_attention,t2_yeoksam_hakyeoul,long,peak,8.0,19,2557.3321,1569.6065,958.0997,1767.4691,2546.6637,11150.8,25,True,186,88,17,81,338267->340192->338229->340484->339098->342073->342687->341600->342685->341607->344213->343102->341557->588040->341572->340705->341555->341736->341568->341735->341564->342639->563096->342115->341559->342645->342148->342644->613995->342640->342641->342642->646764->563119->563189->341512->341517->341516->341515->341519->342113->342112->341739->341535->343726->343919->338310->339265->338311->646265->338733->339152->339153->562882->562895->562882->339153->339152->338733->646265->338311->338769->338324->338779->338324->338769->338311->339297->339000->339664->338312->338343->339266->338728->338341->562897->338341->338728->339266->338343->338312->338709->338313->338707->338314->340271->338313->338707->338314->340271->338313->338707->338314->340271->338313->338707->338314->340271->338313->338707->338314->340271->338313->338707->338314->340271->338313->338707->338314->340271->338313->338707->338314->340271->338313->338707->338314->340271->338313->338707->338314->340271->338313->338707->338314->340271->338313->338707->338314->340271->338313->338707->338314->340271->338313->338707->338314->340271->338313->338707->338314->340271->338313->338707->338314->340271->338313->338707->338314->340271->338313->338707->338314->340271->338313->338707->338314->340271->338313->338707->338314->340271->338313->338707->338314->340271->338313->338707->338314->340271->338313->338707->338314->340271->338313->338707->338314->340271->338313->338707->338314->340271->338313->338707->338314->340271->338344
rl_signal_attention,t2_yeoksam_hakyeoul,long,peak,8.0,20,917.7928,817.4204,92.6596,1094.4851,246.2925,7053.3,6,True,59,11,6,42,338267->340192->338229->340484->339098->342073->342687->341600->342685->341607->344213->343102->341557->588040->341572->340705->341555->341736->341568->341735->341564->341562->341552->342644->613995->342640->341551->341554->341553->341563->341561->341568->341735->341564->342639->563096->342115->343710->341560->341518->341517->341516->341515->341519->342113->342112->342612->342112->341739->341535->343726->343919->338310->339265->338311->339297->339000->339664->338312->338344
rl_signal_attention,t2_yeoksam_hakyeoul,long,peak,8.0,21,2694.7549,1984.0633,690.2188,2503.1767,1834.6267,15489.3,22,False,200,79,27,94,338267->340192->338229->340484->339098->342073->342687->341600->342685->341607->344213->343102->341557->588040->341572->340705->341555->341736->341568->341735->341564->342639->563096->342115->341559->342645->342148->342644->613995->342640->342641->341737->341569->341985->341559->342645->342148->342644->613995->342640->341551->341538->341776->340710->341565->341777->341608->341553->341554->341551->342640->613995->342644->341552->341562->341564->342639->563096->342115->341559->341985->341569->344767->341558->563191->563189->341512->341517->341516->341515->341519->342113->342112->341739->341535->343726->343919->338310->339265->338311->339297->339000->339664->338312->338343->339266->338728->338341->562897->338341->338728->339266->338343->338312->338709->338313->338707->338314->340271->338313->338707->338314->340271->338313->338707->338314->340271->338313->338707->338314->340271->338313->338707->338314->340271->338313->338707->338314->340271->338313->338707->338314->340271->338313->338707->338314->340271->338313->338707->338314->340271->338313->338707->338314->340271->338313->338707->338314->340271->338313->338707->338314->340271->338313->338707->338314->340271->338313->338707->338314->340271->338313->338707->338314->340271->338313->338707->338314->340271->338313->338343->338312->338709->338313->338707->338314->340271->338313->338707->338314->338315->338887->340280->562957->340280->340271->338314->338707->338313->340271->340280->562957->340280->340271->338313->338343->338312->338709->338313->338707->338314->340271->338313->338707->338314->340271->338313->338707->338314->340271->338313
rl_signal_attention,t2_yeoksam_hakyeoul,long,peak,8.0,22,771.0025,704.4612,61.015,955.9679,162.1802,5387.5,3,True,54,7,11,36,338267->340192->338229->340484->339098->342073->342687->341600->342685->341607->344213->343102->341557->588040->341572->340705->341555->341736->341568->341735->341564->342639->563096->342115->563067->342636->338199->338198->338222->562951->340229->341571->341521->342613->341535->343726->343919->338310->339265->338311->339297->339000->339664->338312->338343->339266->338728->338341->562897->338341->338728->339266->338343->338312->338344
rl_signal_attention,t2_yeoksam_hakyeoul,long,peak,8.0,23,2609.0746,1885.5201,704.9754,2269.9747,1873.8501,14565.9,20,False,200,85,16,99,338267->340192->338229->340484->339098->342073->342687->341600->342685->341607->344213->343102->341557->588040->341572->340705->341555->341736->341568->341735->341564->342639->563096->342115->341559->342645->342148->342644->613995->342640->341551->341554->341553->341563->341561->341568->341566->341549->339128->339093->338226->646291->338922->339002->340140->339922->338262->338587->338588->339119->338589->338205->338998->339653->338204->340199->339804->340199->340198->340199->338204->338789->338923->340045->340479->587843->338594->338227->338693->338595->338210->339659->338209->338648->646070->646069->646070->338648->338209->339659->338210->613623->645958->613623->338210->613615->338596->338197->338597->338605->338223->338603->339126->338348->338347->338346->339296->338349->646052->338349->339296->338346->338354->338601->339884->339712->339713->338326->338327->338328->338342->338887->340280->340271->338313->338707->338314->340271->338313->338707->338314->340271->338313->338707->338314->340271->338313->338707->338314->340271->338313->338707->338314->340271->338313->338707->338314->340271->338313->338707->338314->340271->338313->338707->338314->340271->338313->338707->338314->340271->338313->338707->338314->340271->338313->338707->338314->340271->338313->338707->338314->340271->338313->338707->338314->340271->338313->338707->338314->340271->338313->338707->338314->340271->338313->338707->338314->340271->338313->338707->338314->340271->338313->338707->338314->340271->338313->338707->338314->340271->338313->338707->338314->340271->338313->338707->338314->340271->338313->338707->338314
rl_signal_attention,t2_yeoksam_hakyeoul,long,peak,8.0,24,2508.6552,2171.9583,319.0679,3011.8671,848.0942,17812.2,15,False,200,49,18,133,338267->340192->338229->340484->339098->342073->342687->341600->342685->341607->344213->343102->341557->588040->341572->340705->341555->341736->341568->341735->341564->342639->563096->342115->341559->342645->342148->342644->613995->342640->341551->341554->341553->341563->341561->341568->341566->341549->339128->339093->338226->646291->338922->339002->340140->339922->338262->338587->338588->339119->338997->340121->340120->340121->338997->339119->338588->338587->338262->338586->339132->338258->339538->338261->341734->341572->588040->341557->343102->344213->341607->342685->341600->342074->338219->338218->339571->338261->563143->588038->341607->342685->341600->342074->338219->338218->339571->338261->341734->341572->588040->341557->343102->344213->341607->342685->341600->342074->338219->338218->339571->338261->341734->341572->588040->341557->343102->344213->341607->342685->341600->342074->338219->338218->339571->338261->341734->341572->588040->341557->343102->344213->341607->342685->341600->342074->338219->338218->339571->338261->341734->341572->588040->341557->343102->344213->341607->342685->341600->342074->338219->338218->339571->338261->341734->341572->588040->341557->343102->344213->341607->342685->341600->342687->342073->339098->646176->338230->341602->341733->342691->341732->341984->646623->341730->341603->341729->341598->342684->341601->646355->341593->344353->342694->563168->341608->341553->341563->341561->341568->341736->341555->341556->342153->343109->613772->613773->339003->339662->341549->342639->563096->342115->343710->341560->341518->341517->341516->341515->341519->341513
rl_signal_attention,t2_yeoksam_hakyeoul,long,peak,8.0,25,1648.3891,1415.9329,219.4597,1928.3408,583.3318,11379.8,13,True,119,27,17,75,338267->340192->338229->340484->339098->342073->342687->341600->342685->341607->344213->343102->341557->588040->341572->340705->341555->341736->341568->341735->341564->342639->563096->342115->341559->342645->342148->342644->613995->342640->341551->341554->341553->341563->341561->341568->341566->341549->339128->339093->338226->646291->338922->339002->340140->339922->338262->338587->338588->339119->338589->338205->338998->339653->338204->340199->339804->340199->340198->340199->338204->338789->338923->340045->340479->587843->338594->338227->645956->645957->645956->339136->338649->339127->338226->338252->338199->338224->342071->341571->341521->342613->341535->343726->343919->338310->339265->338311->339297->339000->339664->338312->338343->339266->338728->338341->562897->338341->338728->339266->338343->338312->338709->338313->338707->338314->340271->338313->338707->338314->340271->338313->338707->338314->340271->338313->338707->338314->340271->338344
rl_signal_attention,t2_yeoksam_hakyeoul,long,peak,8.0,26,778.1489,745.098,29.1748,1044.5783,77.5478,5964.7,4,True,58,10,10,38,338267->340192->338229->340484->339098->342073->342687->341600->342685->341607->344213->343102->341557->588040->341572->340705->341555->341736->341568->341735->341564->342645->341559->342115->563067->342636->342147->342648->563067->342636->338199->338198->338222->562951->340229->341571->341521->342613->341535->343726->343919->338310->339265->338311->339297->339000->339664->338312->338343->339266->338728->338341->562897->338341->338728->339266->338343->338312->338344
rl_signal_attention,t2_yeoksam_hakyeoul,long,peak,8.0,27,2694.8044,1789.8442,880.7091,2151.4875,2340.9568,13074.9,26,False,200,91,20,89,338267->340192->338229->340484->339098->342073->342687->341600->342685->341607->344213->343102->341557->588040->341572->340705->341555->341736->341568->341735->341564->342639->341549->339662->339003->613772->613773->562884->562919->338651->339293->341572->340705->341555->341736->341568->341735->341564->342645->341559->342115->563067->342636->338199->338198->562865->339135->338197->338925->646201->339126->338603->338223->338605->338597->338197->338925->646201->339126->338348->338347->338346->339296->338349->646052->338349->339296->338346->338347->338706->338354->338601->339884->339712->339713->338326->338327->338328->338342->338887->340280->340271->338313->338707->338314->340271->338313->338707->338314->340271->338313->338707->338314->340271->338313->338343->338312->338709->338313->338707->338314->340271->338313->338707->338314->340271->338313->338707->338314->340271->338313->338707->338314->340271->338313->338707->338314->340271->338313->338707->338314->340271->338313->338707->338314->340271->338313->338707->338314->340271->338313->338709->338312->338343->339266->338728->338341->562897->338341->338728->339266->338343->338312->338709->338313->338707->338314->340271->338313->338707->338314->340271->338313->338707->338314->340271->338313->338707->338314->340271->338313->338707->338314->340271->338313->338707->338314->340271->338313->338707->338314->340271->338313->338707->338314->340271->338313->338707->338314->340271->338313->338707->338314->340271->338313->338707->338314->340271->338313->338707->338314->340271->338313->338707->338314->340271->338313->338707->338314->340271->338313
rl_signal_attention,t2_yeoksam_hakyeoul,long,peak,8.0,28,2661.1963,1659.4095,965.6731,1767.7375,2566.794,11255.8,25,False,200,100,14,86,338267->340192->338229->340484->340483->340484->339098->342073->342687->341600->342685->341607->344213->344212->344213->341607->342685->341600->342074->338219->338218->339571->338261->341734->341572->588040->341557->342643->341555->341736->341568->341735->341564->342639->563096->342115->343710->341560->341518->341517->341516->341515->341519->342113->342112->341739->341535->343726->343919->338310->339265->338311->646265->338733->339152->339153->562882->562895->562882->339153->339152->338733->646265->338311->338769->338324->338779->338324->338769->338311->339297->339000->339664->338312->338343->339266->338728->338341->562897->338341->338728->339266->338343->338312->338709->338313->338707->338314->340271->338313->338707->338314->340271->338313->338707->338314->340271->338313->338707->338314->340271->338313->338707->338314->340271->338313->338707->338314->340271->338313->338707->338314->340271->338313->338707->338314->340271->338313->338707->338314->340271->338313->338707->338314->340271->338313->338707->338314->340271->338313->338707->338314->340271->338313->338707->338314->340271->338313->338707->338314->340271->338313->338707->338314->340271->338313->338707->338314->340271->338313->338707->338314->340271->338313->338707->338314->340271->338313->338707->338314->340271->338313->338707->338314->340271->338313->338707->338314->340271->338313->338707->338314->340271->338313->338707->338314->340271->338313->338707->338314->340271->338313->338707->338314->340271->338313->338707->338314->340271->338313->338707->338314->340271->338313->338707->338314->340271->338313->338707->338314->340271
rl_signal_attention,t2_yeoksam_hakyeoul,long,peak,8.0,29,2712.1436,1658.5079,1034.177,1934.2483,2748.8801,11879.9,25,False,200,100,18,82,338267->340192->338229->340484->339098->342073->342687->341600->342685->341607->344213->343102->341557->588040->341572->340705->341555->341736->341568->341735->341564->342639->563096->342115->563067->342636->338199->338198->338222->562951->340229->341571->341521->342613->341535->344530->344529->341533->341532->343937->343934->343935->343939->343932->343937->341532->341533->344529->343940->339229->338324->338769->338311->339297->339000->339664->338312->338343->339266->338728->338341->562897->338341->338728->339266->338343->338312->338709->338313->338707->338314->340271->338313->338707->338314->340271->338313->338707->338314->340271->338313->338707->338314->340271->338313->338707->338314->340271->340280->562957->340280->340271->338313->338707->338314->340271->338313->338707->338314->340271->338313->338707->338314->340271->338313->338707->338314->340271->338313->338709->338312->338343->339266->338728->338341->562897->338341->338728->339266->338343->338312->338709->338313->338707->338314->340271->338313->338707->338314->340271->338313->338707->338314->340271->338313->338707->338314->340271->338313->338707->338314->340271->338313->338707->338314->340271->338313->338707->338314->340271->338313->338707->338314->340271->338313->338707->338314->340271->338313->338707->338314->340271->338313->338707->338314->340271->338313->338707->338314->340271->338313->338707->338314->340271->338313->338707->338314->340271->338313->338707->338314->340271->338313->338707->338314->340271->338313->338707->338314->340271->338313->338707->338314->340271->338313->338707->338314->340271->338313->338707->338314
rl_signal_attention,t2_yeoksam_hakyeoul,long,peak,8.0,30,2364.3278,2000.8618,338.4692,2505.0672,899.6634,14746.0,18,False,200,45,44,111,338267->340192->338229->340484->339098->342073->342687->341600->342685->341607->344213->343102->341557->588040->341572->340705->341555->341736->341568->341735->341564->342639->563096->342115->341559->342645->341564->342639->563096->342115->343710->341560->341518->341517->341516->341515->341519->342113->342112->341739->341535->343726->343919->338310->339265->338311->646265->338733->339152->339153->562882->562895->562882->339153->339152->338733->646265->338311->338769->338324->338779->338324->339229->343940->344529->341533->341532->343937->343934->343935->343939->343932->343933->343937->341532->341533->344529->343940->339229->338324->338779->338324->339229->343940->344529->341533->341532->343937->343934->343935->343939->343938->342836->343936->341532->343934->343935->343939->343938->342836->343936->341532->343934->343935->343939->343938->342836->343936->341532->343934->343935->343939->343938->342836->343936->343935->343939->343938->342836->343936->341532->343934->343935->343939->343932->343937->341532->341533->344529->343940->339229->338324->338779->338324->339669->338324->339229->343940->344529->341533->341532->343937->343934->343935->343936->341532->343934->343937->341532->341533->344529->343940->339229->338324->338779->338324->338769->338311->646265->338733->339152->338790->339123->338602->338223->338603->339126->338348->338347->338346->339296->338349->646052->338349->339296->338346->338347->338706->338354->338601->339884->339712->339713->338326->338328->338342->338887->340280->340271->338313->338707->338314->340271->338313->338707->338314->340271->338313->338707->338314->340271
rl_signal_attention,t3_sinsa_daechi,long,off_peak,7.0,1,2825.7964,2498.7853,308.1798,2796.7616,819.153,19300.2,16,False,200,43,55,102,341904->341903->342155->342156->342157->342711->343062->342710->342719->342117->341623->341905->341904->341903->341633->341905->341904->341903->341633->341905->341904->341903->342155->342720->342715->343651->342716->342717->342718->343098->342718->342159->342700->342695->342699->342703->341653->341612->339008->339015->338140->339430->339432->338157->338139->562936->339292->339070->613767->613766->613768->338253->339069->339134->338230->646176->339098->340484->338229->339133->338254->338584->338267->340192->338229->339133->338254->338584->338267->340192->338229->339133->338254->338767->338768->587842->338583->338268->339090->338156->338132->339053->339056->338162->338132->338657->338658->338133->338815->338250->646103->339088->339117->338775->338269->338580->339112->339947->339096->338710->338991->339115->338205->338998->340121->338997->645954->339806->646068->338655->339656->339807->339810->338999->338649->339127->338226->338252->338251->646070->338648->338209->339659->338210->613623->645958->613623->338210->339659->338209->338648->646070->646069->646070->338648->338209->339659->338210->338595->338693->338227->339819->646028->646026->339934->339811->340231->339724->339314->339317->338256->338621->338727->339001->338776->338206->340158->340157->338207->340158->338206->587841->339124->587905->587904->587905->339124->587910->587846->338599->338208->339663->338208->338599->587846->587910->339124->587905->587904->587905->339124->587910->587846->338599->338208->339663->338208->338599->587846->587910->339124->587905->587904->587905->339124->587910->587846->338599->338208->339663->338208
rl_signal_attention,t3_sinsa_daechi,long,off_peak,7.0,2,3146.8254,2834.8374,294.2986,3114.7838,782.2562,21280.8,14,False,200,27,69,104,341904->341903->342155->342156->342157->342711->343062->342710->342719->342117->341623->341905->341904->341903->341633->341905->341904->341903->342155->342720->342715->343651->342716->342717->342718->343098->342718->342159->342700->342695->342699->342703->341653->341612->339008->339015->338140->339430->339432->338157->338139->339072->339904->339071->339904->339072->338139->339054->338156->339090->338268->338262->339922->340140->339002->338922->646291->646290->646291->338226->338252->338251->646070->338648->338209->339659->338210->338595->338693->338227->339819->646028->646026->339934->339811->340231->339724->339314->339317->338256->339580->613775->338232->338908->338255->338246->338248->338249->339110->338352->563055->562874->339151->338358->562875->338363->338340->613779->613780->338317->339562->338296->645999->646000->338362->338318->338620->338317->339562->339563->340097->338345->338315->338887->338342->562898->338342->338887->340280->340271->338314->338315->338345->340097->339563->339562->338317->338620->338318->338330->338358->339151->562874->338352->563055->562874->338352->563055->562874->338352->563055->562874->338352->563055->562874->338352->563055->562874->338352->563055->562874->338352->563055->562874->338352->563055->562874->338352->563055->562874->338352->563055->562874->338352->563055->562874->338352->563055->562874->338352->563055->562874->338352->563055->562874->338352->563055->562874->338352->563055->562874->338352->563055->562874->338352->563055->562874->338352->563055->562874->338352->563055->562874->338352->563055->562874->338352->563055->562874->338352->563055
rl_signal_attention,t3_sinsa_daechi,long,off_peak,7.0,3,2948.0063,2441.7962,484.8767,2796.7948,1288.8197,18882.8,17,True,185,38,35,112,341904->341903->342155->342156->342157->342711->343062->342710->342719->342117->341623->341905->341633->343064->341904->342719->342710->342156->342157->342711->343062->342710->342719->342117->341623->341905->341904->341903->342155->342720->342715->343651->342716->342717->342718->343098->342718->342159->342700->342695->342699->342703->341653->341612->339008->339015->338140->339430->339432->338157->338139->562936->339292->339070->613767->613766->613768->338803->338267->340192->338229->339133->338254->338584->338267->340192->338229->339133->338254->338767->338768->587842->338583->338268->339090->338156->338132->339053->339056->338162->338132->338657->338658->338133->338815->338250->646103->339088->340328->340330->339087->339745->339087->338934->339307->339893->339308->340139->338933->338631->339979->340332->338581->338269->338705->339116->339138->338582->338268->338262->338586->339132->338258->613662->339651->338651->562921->562923->342153->341556->341555->341736->341568->341735->341564->342645->341559->341985->341569->341738->563185->341560->342648->563067->342636->338199->338252->338226->339127->338649->338999->339810->339807->339656->338655->340247->340245->338921->340159->339654->338999->338649->339136->645956->338227->339819->646028->646026->339934->339811->340231->339724->339314->339317->338256->339580->613775->338232->338908->338255->338246->338248->339715->339718->339720->339716->339714->338351->338350->339575->338326->339713->339712->339884->338601->338354
rl_signal_attention,t3_sinsa_daechi,long,off_peak,7.0,4,3142.6043,2649.7518,467.8807,3275.715,1243.644,21631.0,16,False,200,44,61,95,341904->341903->342155->342156->342157->342711->343062->342710->342719->342117->341623->341905->341904->341903->341633->341905->341904->341903->342155->342720->342715->343651->342716->342717->342718->340635->342718->342159->344204->341621->342834->343100->342700->342695->342699->342703->341653->341612->339008->339015->338140->339430->339432->338157->338139->562936->339292->339070->613767->613766->613768->338253->339069->339134->338230->646176->339098->340484->338229->339133->338254->338584->338267->340192->338229->339133->338254->338584->338267->340192->338229->339133->338254->338584->338267->340192->338229->339133->338254->338767->338768->587842->338583->338268->339090->338156->338132->339053->339056->338162->338132->338156->339066->339741->338250->562871->338250->646103->339088->340328->340327->340328->339088->339091->339090->338268->338262->339922->340140->339002->338922->646291->338226->338252->338199->338198->338222->562951->340229->341571->341521->342613->341535->344530->344529->343940->339229->338324->338769->338311->646265->338733->339152->338790->339123->338602->338223->338603->339126->646201->646200->646201->338925->587845->563046->587845->646128->587905->339124->587910->587846->338599->338208->339663->338208->338599->587846->587910->339124->587905->587904->587905->339124->587910->587846->338599->338208->339663->338208->338599->587846->587910->339124->587905->587904->587905->339124->587910->587846->338599->338208->338598->339125->339124->587841->338206->340158->340157->338207->340158->338206->587841->339124->587905->587904->587905->339124->587910->587846->338599->338208
rl_signal_attention,t3_sinsa_daechi,long,off_peak,7.0,5,2270.3834,2005.6299,242.2866,2176.5219,644.0065,15822.9,14,True,149,21,32,96,341904->341903->342155->342156->342157->342711->343062->342710->342719->342117->341623->341905->341904->341903->341633->341905->341904->341903->341633->341905->341904->341903->342155->342720->342715->343651->342716->342717->342718->343098->342718->342159->342700->342695->342699->342703->341653->341612->339008->339015->338140->339430->339432->338157->338139->562936->339292->339070->613767->613766->613768->338803->338267->340192->338229->339133->338254->338584->338267->338585->562917->338230->646176->339098->340484->338229->339133->338254->338584->338267->338585->562917->338230->646176->339098->342073->342687->341600->342685->341607->344213->343102->341557->588040->341572->339293->338651->562919->562884->613773->339003->339662->341549->342639->563096->342115->563067->342636->338199->338252->338226->339127->338649->339136->645956->338227->339819->646028->646026->339934->339811->340231->339724->339314->339317->338256->339580->613775->338232->338908->338255->338246->338248->338249->339110->338352->563055->562874->339151->338358->562875->338363->338340->613779->613780->338317->339562->339563->340097->338345->338315->338887->338342->338328->338326->339713->339712->339884->338601->338354
rl_signal_attention,t3_sinsa_daechi,long,off_peak,7.0,6,3159.3583,2821.3942,318.9432,3366.1143,847.7626,22651.3,15,False,200,49,52,99,341904->341903->342155->342156->342157->342711->343062->342710->342719->342117->341623->341905->341904->341903->341633->341905->341904->341903->341633->341905->341904->341903->342155->342156->342157->342711->343062->342710->342719->342117->341623->341905->341904->341903->341633->341905->341904->341903->341633->341905->341904->341903->342155->342720->342715->342158->342712->342714->342713->342076->341620->341621->342834->343100->342700->342695->342699->342703->341653->341612->339008->339015->338140->339430->339432->338157->338139->339072->339904->339071->339904->339072->338139->339054->338156->338132->339053->339056->338162->339067->339021->338658->338133->338815->338250->646103->339088->340328->340330->340329->340330->340328->339088->339091->339090->338268->338583->587842->338768->338767->338254->338584->338267->340192->338229->339133->338254->338767->338768->587842->338583->338268->339090->338156->338132->338162->339056->340481->338654->338158->338157->338139->339054->338156->339090->338268->338262->338586->339132->338258->613662->339651->338651->562921->562923->342153->341556->341555->341736->341568->341735->341564->342645->341559->342115->563067->342636->338199->338252->338226->339127->338649->339136->645956->338227->339819->646028->646026->339934->339811->340231->339724->339314->339317->338256->338621->338727->339001->646223->587844->587841->339124->587905->587904->587905->339124->587910->587846->338599->338208->339663->338208->338599->587846->587910->339124->587905->587904->587905->339124->587910->587846->338599->338208->339663->338208->338599->587846->587910->339124->587905
rl_signal_attention,t3_sinsa_daechi,long,off_peak,7.0,7,2181.3898,1869.1453,294.2704,2133.3198,782.1813,14458.2,14,True,144,24,36,84,341904->341903->342155->342156->342157->342711->343062->342710->342719->342117->341623->341905->341904->341903->341633->341905->341904->341903->341633->341905->341904->341903->342155->342720->342715->343651->342716->342717->342718->343098->342718->342159->342700->342695->342699->342703->341653->341612->339008->339015->338140->339430->338161->339433->339432->338157->338158->339433->339432->338157->338139->562936->339292->339070->613767->613766->613768->338803->338267->340192->338229->339133->338254->338584->338267->340192->338229->339133->338254->338767->338768->587842->338583->338268->339090->338156->338132->339053->339056->338162->338132->338657->338658->338133->338815->338250->646103->339088->339117->338775->338269->338580->339112->339947->339096->338710->338991->339115->338205->338998->340121->338997->645954->339806->646068->338655->339656->339807->339810->338999->339654->339136->645956->338227->339819->646028->646026->339934->339811->340231->339724->339314->339317->338256->339580->613775->338232->338908->338255->338246->338248->339715->339718->339720->339716->339714->338351->338350->339575->338326->339713->339712->339884->338601->338354
rl_signal_attention,t3_sinsa_daechi,long,off_peak,7.0,8,1911.5708,1698.1373,195.7784,1875.424,520.3861,13214.3,13,True,136,21,27,88,341904->341903->342155->342156->342157->342711->343062->342710->342719->342117->341623->341905->341904->342719->342710->342156->342155->341903->341633->341905->341904->341903->342155->342720->342715->343651->342716->342717->342718->343098->342718->342159->342700->342695->342699->342703->341653->341612->339008->339015->338140->339430->339432->338157->338139->562936->339292->339070->613767->613766->613768->338803->338267->340192->338229->339133->338254->338584->338267->338585->562917->338230->646176->339098->340484->338229->339133->338254->338584->338267->338585->562917->338230->646176->339098->342073->342687->341600->342685->341607->344213->343102->341557->588040->341572->339293->338651->562919->562884->613773->339003->339662->341549->342639->563096->342115->563067->342636->338199->338252->338226->339127->338649->339136->645956->338227->339819->646028->646026->339934->339811->340231->339724->339314->339317->338256->339580->613775->338232->338908->338255->338246->338248->339715->339718->339720->339716->339714->338351->338350->339575->338326->339713->339712->339884->338601->338354
rl_signal_attention,t3_sinsa_daechi,long,off_peak,7.0,9,1884.6884,1609.637,257.7551,1941.9754,685.1223,12554.7,12,True,111,25,19,67,341904->341903->342155->342156->342157->342711->343062->342710->342719->342117->341623->341905->341904->341903->342155->342720->342715->343651->342716->342717->342718->343098->342718->342159->342700->342695->342699->342703->341653->341612->339008->339015->338140->339430->339432->338157->338139->339072->339904->339071->339904->339072->338139->339054->338156->339090->338268->338262->338586->339132->338258->613662->339651->338651->562921->562923->562922->562923->562921->338651->339651->613662->338258->339132->338586->338262->338587->338588->339119->338589->338205->338998->340121->338997->645954->339806->646068->338655->339656->339807->339810->338999->338649->339127->338226->338252->338199->338198->338222->562951->340229->341571->341521->342613->341535->343726->343919->338310->339265->338311->339297->339000->339664->338312->338343->339266->338728->338341->338349->339296->338346->338354
rl_signal_attention,t3_sinsa_daechi,long,off_peak,7.0,10,2397.188,1971.3419,395.6913,2126.8514,1051.7619,15510.0,19,True,124,23,22,79,341904->341903->342155->342156->342157->342711->343062->342710->342719->342117->341623->341905->341904->341903->341633->341905->341904->341903->341633->341905->341904->341903->342155->342720->342715->343651->342716->342717->342718->343098->342718->342159->342700->342695->342699->342703->341653->341612->339008->339015->338140->339430->339432->338157->338139->339072->339904->339071->339904->339072->338139->339054->338156->339090->338268->338262->338586->339132->338258->613662->339651->338651->562919->562884->613773->339003->339662->341549->342639->563096->342115->563067->342636->338199->338252->338226->339127->338649->339136->645956->338227->339819->646028->646026->339934->339811->340231->339724->339314->339317->338256->339580->613775->338232->338908->338255->338246->338248->338249->339110->338352->563055->562874->339151->338358->562875->338363->338340->613779->613780->338317->339562->339563->340097->338345->338315->338887->338342->338328->338326->339713->339712->339884->338601->338354
rl_signal_attention,t3_sinsa_daechi,long,off_peak,7.0,11,1318.6463,1193.3837,118.641,1300.7025,315.352,9377.0,5,True,100,16,19,65,341904->341903->342155->342156->342157->342711->343062->342710->342719->342117->341623->341905->341904->341903->341633->341905->341904->341903->341633->341905->341904->341903->342155->342720->342715->342158->342712->342714->342713->342076->341620->341621->342834->343100->342865->342652->342116->342672->340587->646667->646362->341982->342679->341983->342673->646784->646782->341597->344261->341907->341906->341605->341594->343104->341601->343106->343943->342693->341607->588038->563143->338261->341734->341572->340705->341555->341736->341568->341735->341564->342645->341559->342115->563067->342636->338199->338198->338222->562951->340229->341571->341521->342613->341535->343726->343919->338310->339265->338311->339297->339000->339664->338312->338343->339266->338728->338341->338349->339296->338346->338354
rl_signal_attention,t3_sinsa_daechi,long,off_peak,7.0,12,2538.1627,2228.7244,285.7763,2506.1254,759.6038,18478.8,14,True,148,38,23,87,341904->341903->342155->342156->342157->342711->343062->342710->342719->342117->341623->341905->341904->341903->342155->342720->342715->343651->342716->342717->342718->340635->342718->342159->342700->342695->342699->342703->341653->341612->339008->339015->338140->339430->339432->338157->338158->338654->340481->339056->338162->339067->339021->338658->338657->338132->339053->339056->338162->338132->338657->338658->339021->338163->339052->340326->339026->340554->339013->339014->339574->338272->339089->339746->338630->338270->338629->338988->339308->340139->338933->338934->339087->340330->340328->339088->339091->339090->338268->338262->338586->339132->338258->613662->339651->338651->562921->562923->342153->341556->341555->341736->341568->341735->341564->342645->342148->342644->341552->341562->341564->342639->563096->342115->563067->342636->338199->338252->338226->339127->338649->339136->645956->338227->339819->646028->646026->339934->339811->340231->339724->339314->339317->338256->338621->338727->339001->338776->338206->340158->338207->338327->338326->338328->338342->338887->340280->340271->338314->338315->338887->338342->338328->338326->339713->339712->339884->338601->338354
rl_signal_attention,t3_sinsa_daechi,long,off_peak,7.0,13,1703.2308,1381.2305,304.3476,1588.9005,808.9669,11189.4,14,True,107,15,16,76,341904->341903->342155->342156->342710->343062->563071->340626->341619->563100->341780->341614->341779->341781->341617->341618->341782->341615->340584->341784->341889->341583->342674->342671->342672->342116->341788->341787->563170->341731->341603->341729->341598->342684->341601->646355->341593->344353->342694->563168->341608->341553->341563->341561->341568->341736->341555->341556->342153->343109->613772->613773->562884->562919->338651->562921->562923->342153->341556->341555->341736->341568->341735->341564->342645->341559->342115->563067->342636->338199->338252->338226->339127->338649->339136->645956->338227->339819->646028->646026->339934->339811->340231->339724->339314->339317->338256->339580->613775->338232->338908->338255->338246->338248->339715->339718->339720->339716->339714->338351->338350->339575->338326->339713->339712->339884->338601->338354
rl_signal_attention,t3_sinsa_daechi,long,off_peak,7.0,14,2531.7952,2347.8554,168.0536,2652.6769,446.6927,18318.5,12,False,200,54,53,93,341904->341903->342155->342156->342157->342711->343062->342710->342719->342117->341623->341905->341904->341903->341633->341905->341904->341903->341633->341905->341904->341903->342155->342720->342715->343651->342716->342717->342718->343098->342718->342159->342700->342695->342699->342703->341653->341612->339008->339015->338140->339430->339432->338157->338139->339072->339904->339071->339904->339072->338139->339054->338156->339090->338268->338262->338586->339132->338258->613662->339651->339650->339651->613662->613661->613662->339651->338651->562921->562923->562922->562923->562921->338651->339651->613662->338258->339132->338586->338262->338587->338588->339119->338589->338205->338998->340121->338997->645954->339806->646068->646067->646068->339806->645954->645955->645954->339806->646068->338655->339656->339807->339810->338999->339654->339136->645956->338227->339819->646028->646026->339934->339811->340231->339724->339314->339317->338256->339580->613775->338232->613774->613775->339580->338256->338621->338727->339001->338776->338206->587841->339124->587905->587904->587905->339124->587910->587846->338599->338208->339663->338208->338599->587846->587910->339124->587905->587904->587905->339124->587910->587846->338599->338208->339663->338208->338599->587846->587910->339124->587905->587904->587905->339124->587910->587846->338599->338208->339663->338208->338599->587846->587910->339124->587905->587904->587905->339124->587910->587846->338599->338208->339663->338208->338599->587846->587910->339124->587905->587904->587905->339124->587910->587846->338599->338208->339663->338208->338599->587846->587910
rl_signal_attention,t3_sinsa_daechi,long,off_peak,7.0,15,1900.7166,1608.6802,273.3969,1859.0303,726.6989,12722.0,13,True,130,20,23,87,341904->341905->341633->341903->342155->342156->342157->342711->343062->342710->342719->342117->341623->341905->341904->341903->342155->342720->342715->343651->342716->342717->342718->340635->342718->342159->342700->342695->342699->342703->341653->341612->339008->339015->338140->339430->339432->338157->338139->562936->339292->339070->613767->613766->613768->338803->338267->340192->338229->339133->338254->338584->338267->338585->562917->338230->646176->339098->340484->338229->339133->338254->338584->338267->338585->562917->338230->646176->339098->342073->342687->341600->342685->341607->344213->343102->341557->588040->341572->339293->338651->562919->562884->613773->339003->339662->341549->342639->563096->342115->563067->342636->338199->338252->338226->339127->338649->339136->645956->338227->339819->646028->646026->339934->339811->340231->339724->339314->339317->338256->339580->613775->338232->338908->338255->338246->338248->339715->339718->339720->339716->339714->338351->338350->339575->338326->339713->339712->339884->338601->338354
rl_signal_attention,t3_sinsa_daechi,long,off_peak,7.0,16,2595.1166,2239.1836,337.0876,2620.5392,895.9912,18601.4,16,True,161,37,25,99,341904->341903->342155->342156->342157->342711->343062->342710->342719->342117->341623->341905->341904->341903->342155->342720->342715->343651->342716->342717->342718->340635->342718->342159->342700->342695->342699->342703->341653->341612->339008->339015->338140->339430->339432->338157->338158->338654->340481->339056->338162->339067->339021->338658->338657->338132->339053->339056->338162->338132->338657->338658->338133->338815->338250->646103->339088->340328->340330->339087->338934->338933->340139->339308->339893->340333->339893->339308->338988->338629->338270->338630->339746->339089->338272->339574->338735->338272->339089->338990->340239->340238->340239->339744->339087->340330->340328->339088->339091->339090->338268->338262->338586->339132->338258->613662->339651->338651->562921->562923->342153->341556->341555->341736->341568->341735->341564->342645->341559->342115->563067->342636->338199->338252->338226->339127->338649->339136->645956->338227->339819->646028->646026->339934->339811->340231->339724->339314->339317->338256->339580->613775->338232->338908->338255->338246->338248->339715->339718->339720->339716->339714->338351->338350->339575->338326->338328->338342->338887->340280->340271->338344->338712->338313->338343->339266->338728->338341->338349->339296->338346->338354
rl_signal_attention,t3_sinsa_daechi,long,off_peak,7.0,17,1853.4271,1640.192,202.8855,1841.4634,539.2771,12274.6,9,True,143,30,32,81,341904->341903->342155->342156->342157->342711->343062->342710->342719->342117->341623->341905->341904->341903->341633->341905->341904->341903->341633->341905->341904->341903->342155->342720->342715->343651->343652->343651->342715->342158->342712->342714->342713->342076->341620->341621->342834->343100->342865->342652->342116->342672->340587->342670->343657->343658->343657->342666->342665->342666->343657->342670->646668->646669->646666->646669->342669->563097->342668->342152->343709->342152->342668->563097->342673->646784->646782->341597->344261->341907->341906->341605->341595->341594->343104->341601->343106->343943->342693->341607->588038->563143->338261->339538->338258->339132->338586->338262->338587->338588->339119->338589->338205->338998->340121->338997->645954->339806->646068->338655->339656->339807->339810->339809->339810->339807->339656->338655->340247->340245->338921->340159->339654->338999->338649->339127->338226->338252->338199->338198->338222->562951->340229->341571->341521->342613->341535->343726->343919->338310->339265->338311->339297->339000->339664->338312->338343->339266->338728->338341->338349->339296->338346->338354
rl_signal_attention,t3_sinsa_daechi,long,off_peak,7.0,18,1369.9305,1054.7016,295.5569,1151.6855,785.6009,8347.1,14,True,85,9,6,70,341904->341903->342155->342156->342710->343062->563071->340626->341619->563100->341780->341614->341779->341781->341617->341618->341782->341615->340584->341784->341889->341583->341786->341588->341785->342116->341788->341787->563170->341731->341603->341729->341598->342684->341601->646355->341593->344353->342694->563168->341608->341553->341563->341561->341568->341566->341549->339128->339093->338226->339127->338649->339136->645956->338227->339819->646028->646026->339934->339811->340231->339724->339314->339317->338256->339580->613775->338232->338908->338255->338246->338248->339715->339718->339720->339716->339714->338351->338350->339575->338326->339713->339712->339884->338601->338354
rl_signal_attention,t3_sinsa_daechi,long,off_peak,7.0,19,3073.2648,2667.0752,381.2983,3176.444,1013.5047,21551.5,21,False,200,33,42,125,341904->341903->342155->342156->342157->342711->343062->342710->342719->342117->341623->341905->341904->341903->341633->341905->341904->341903->341633->341905->341904->341903->342155->342720->342715->343651->342716->342717->342718->343098->342718->342159->342700->342695->342696->342695->342700->343100->342834->341621->341620->342076->342713->342714->342712->344670->342712->342714->342713->342076->341620->341621->342834->343100->342700->342695->342699->342703->341653->341612->339008->339015->338140->339430->339432->338157->338139->562936->339292->339070->613767->613766->613768->338803->338267->340192->338229->339133->338254->338584->338267->340192->338229->339133->338254->338767->338768->587842->338583->338268->339090->338156->339066->339741->338250->562871->338250->646103->339088->339117->338775->338269->338705->339116->339138->338582->338268->338262->338586->339132->338258->613662->339651->338651->562921->562923->342153->341556->341555->341736->341568->341735->341564->342645->341559->342115->563067->342636->338199->338252->338226->339127->338649->339136->645956->338227->339819->646028->646026->339934->339811->340231->339724->339314->339317->338256->339580->613775->338232->338908->338255->338246->338248->339715->339718->339720->339716->339718->339715->338248->338246->338255->338908->338232->613775->339580->338256->338622->613624->339312->339728->340320->339480->339479->339478->339477->339503->338839->338840->340290->339217->338805->338590->338259->338592->338992->338205->338589->339119->338588->338587->338262->339922->340140->339002->338922->646291->338226->338252->338251->646070
rl_signal_attention,t3_sinsa_daechi,long,off_peak,7.0,20,2447.1965,2172.1958,260.3049,2153.8239,691.8999,16504.3,10,False,200,36,40,124,341904->341903->342155->342156->342157->342711->343062->342710->342719->342117->341623->341905->341904->341903->341633->341905->341904->341903->341633->341905->341904->341903->342155->342720->342715->343651->342716->342717->342718->343098->342718->342159->342700->342695->342699->342703->341653->341612->339008->339015->338140->339430->339432->338157->338139->562936->339292->339070->613767->613766->613768->338803->338267->338584->338254->338767->338768->587842->338583->338268->339090->338156->338132->339053->339056->338162->339067->339021->338658->338133->338815->338250->646103->339088->340328->340330->339087->339745->339087->338934->338933->338631->339979->340332->340331->340332->338581->338269->338580->339112->339947->339096->338710->338991->339115->338205->338998->340121->338997->645954->645955->645954->338997->340121->338998->338205->338992->338592->338259->338591->338204->338789->338923->340045->340479->587843->338594->338227->338693->338595->338210->339659->338209->338648->646070->646069->646070->338648->338209->339659->338210->613623->645958->613623->338210->613615->338596->338197->338597->338605->338223->338603->339126->646201->646200->646201->338925->587845->563046->587845->338925->646201->646200->646201->338925->587845->563046->587845->338925->646201->646200->646201->338925->587845->563046->587845->338925->646201->646200->646201->338925->587845->563046->587845->338925->646201->646200->646201->338925->587845->563046->587845->338925->646201->646200->646201->338925->587845->563046->587845->338925->646201->646200->646201->338925->587845->563046->587845->338925->646201->646200
rl_signal_attention,t3_sinsa_daechi,long,off_peak,7.0,21,2716.8563,2336.7041,355.8675,2846.6791,945.9088,18506.8,18,True,173,31,38,104,341904->341903->342155->342156->342157->342711->343062->342710->342719->341904->341905->341633->343064->341904->342719->342710->342156->342157->342711->343062->342710->342719->342117->341623->341905->341904->341903->342155->342720->342715->343651->342716->342717->342718->343098->342718->342159->342700->342695->342699->342703->341653->341612->339008->339015->338140->339430->339432->338157->338139->562936->339292->339070->613767->613766->613768->338253->339069->339134->338230->562917->338585->338267->338584->338254->338767->338768->587842->338583->338268->339090->338156->338132->338162->339056->340481->338654->338158->338157->338139->562936->339292->339070->613767->613766->613768->338803->338267->340192->338229->339133->338254->338767->338768->587842->338583->338268->339090->338156->338132->338162->339056->339053->338132->338657->338658->338133->338815->338250->562871->338250->646103->339088->340328->340330->339087->339745->339087->338934->339307->339893->339308->340139->338933->338934->339307->339893->339308->340139->338933->338631->339979->340332->338581->338269->338705->339116->339138->338582->338268->338262->339922->340140->339002->338922->646291->338226->338252->338199->338198->338222->562951->340229->341571->341521->342613->341535->343726->343919->338310->339265->338311->339297->339000->339664->338312->338343->339266->338728->338341->338349->339296->338346->338354
rl_signal_attention,t3_sinsa_daechi,long,off_peak,7.0,22,3166.8941,2641.298,495.5742,2949.0554,1317.2543,20312.9,25,False,200,39,46,115,341904->341903->342155->342156->342157->342711->343062->342710->342719->342117->341623->341905->341904->341903->341633->341905->341904->341903->341633->341905->341904->341903->342155->342720->342715->343651->342716->342717->342718->343098->342718->342159->342700->342695->342699->342703->341653->341612->339008->339015->338140->339430->339432->338157->338139->562936->339292->339070->613767->613766->338920->646136->338926->338254->338584->338267->340192->338229->339133->338254->338767->338768->587842->338583->338268->339090->338156->338132->339053->339056->338162->339067->339021->338658->338133->338815->338250->646103->339088->340328->340330->339087->339745->339087->338934->338933->340139->339308->339893->340333->339893->339308->340139->338933->338631->339979->340332->338581->338269->338705->339116->339138->338582->338268->339090->338156->338132->338162->339056->340481->338654->338158->338157->338139->562936->339292->339070->613767->613766->613768->338803->338267->340192->338229->339133->338254->338767->338768->587842->338583->338268->339090->338156->339066->339741->339742->339741->339066->338156->338132->338162->339056->339053->338132->338657->338658->338133->338815->338250->646103->339088->340328->340330->339087->338934->338933->338631->339979->340332->338581->338269->338580->339112->339113->339112->338580->338269->338581->340332->339979->338631->338933->338934->339307->339893->339308->340139->338933->338631->339979->340332->338581->338269->338580->339112->339947->339096->338710->338593->338259->338592->338992->338205->338998->340121->338997->645954->339806->646068->338655->339656
rl_signal_attention,t3_sinsa_daechi,long,off_peak,7.0,23,3073.5987,2611.6896,442.7634,2992.7165,1176.8811,20050.7,18,False,200,41,51,108,341904->341903->341633->341905->341904->341903->341633->341905->341904->341903->342155->342156->342157->342711->343062->342710->342719->342117->341623->341905->341904->341903->342155->342720->342715->343651->342716->342717->342718->343098->342718->342159->342700->342695->342699->342703->341653->341612->339008->339015->338140->339430->339432->338157->338139->562936->339292->339070->613767->613766->613768->338253->339069->339134->338230->646176->339098->340484->338229->339133->338254->338584->338267->340192->338229->339133->338254->338584->338267->340192->338229->339133->338254->338767->338768->587842->338583->338268->339090->338156->339066->339741->338250->562871->338250->646103->339088->340328->340330->339087->339745->339087->340330->340328->339088->339091->339090->338268->338262->339922->340140->339002->338922->646291->338226->338252->338199->338198->338222->562951->340229->341571->342071->338224->338199->338252->338226->646291->338922->339002->340140->339922->338262->338587->338588->339119->338589->338205->338998->340121->338997->645954->339806->646068->338655->339656->339807->339810->338999->338649->339136->645956->338227->339819->646028->646026->339934->339811->340231->339724->339314->339317->338256->338621->338727->339001->338776->338206->587841->339124->587905->587904->587905->339124->587910->587846->338599->338208->339663->338208->338599->587846->587910->339124->587905->587904->587905->339124->587910->587846->338599->338208->339663->338208->338599->587846->587910->339124->587905->587904->587905->339124->587910->587846->338599->338208->339663->338208->338599->587846->587910
rl_signal_attention,t3_sinsa_daechi,long,off_peak,7.0,24,2716.6006,2398.5866,292.8825,2633.8467,778.4922,18309.9,18,True,190,27,46,117,341904->341903->342155->342156->342157->342711->343062->342710->342719->342117->341623->341905->341904->341903->341633->341905->341904->341903->341633->341905->341904->341903->342155->342720->342715->343651->342716->342717->342718->343098->342718->342159->342700->342695->342699->342703->341653->341612->339008->339015->338140->339430->339432->338157->338139->562936->339292->339070->613767->613766->613768->338253->339069->339134->338230->646176->339098->340484->338229->339133->338254->338584->338267->340192->338229->339133->338254->338584->338267->340192->338229->339133->338254->338767->338768->587842->338583->338268->339090->338156->339066->339741->338250->562871->338250->646103->339088->340328->340330->339087->339745->339087->338934->338933->340139->339308->339893->340333->339893->339308->340139->338933->338631->339979->340332->338581->338269->338705->339116->339138->338582->338268->339090->338156->339066->339741->338250->562871->338250->646103->339088->340328->340330->339087->338934->338933->338631->339979->340332->338581->338269->338705->339116->339111->339112->339947->339096->338710->338593->338259->338590->338805->339504->339505->339506->339503->338839->338840->340290->339217->338805->338590->338259->338591->338204->338789->338923->340045->340479->587843->338594->338227->338693->338595->338210->339659->338209->338648->646070->646069->646070->338648->338209->339659->338210->613623->645958->613623->338210->613615->338596->338197->338597->338605->338223->338603->339126->338348->338347->338706->338354
rl_signal_attention,t3_sinsa_daechi,long,off_peak,7.0,25,2347.212,2130.6415,202.1497,2277.5518,537.3212,16152.6,11,False,200,34,47,119,341904->341903->342155->342156->342157->342711->343062->342710->342719->342117->341623->341905->341904->341903->341633->341905->341904->341903->342155->342720->342715->343651->342716->342717->342718->343098->342718->342159->342700->342695->342699->342703->341653->341612->339008->339015->338140->339430->339432->338157->338139->562936->339292->339070->613767->613766->613768->338253->339069->339134->338230->646176->339098->340484->338229->339133->338254->338584->338267->340192->338229->339133->338254->338584->338267->340192->338229->339133->338254->338767->338768->587842->338583->338268->339090->338156->339066->339741->338250->562871->338250->646103->339088->340328->340330->339087->339745->339087->338934->338933->340139->339308->339893->340333->339893->339308->340139->338933->338631->339979->340332->338581->338269->338580->339112->339947->339096->338710->338991->339115->338205->338998->340121->340120->340121->338998->338205->338992->338592->338259->338591->338204->338789->338923->340045->340479->587843->338594->338227->338693->338595->338210->339659->338209->338648->646070->646069->646070->338648->338209->339659->338210->613623->645958->613623->338210->613615->338596->338197->338597->338605->338223->338603->339126->646201->646200->646201->338925->587845->563046->587845->338925->646201->646200->646201->338925->587845->563046->587845->338925->646201->646200->646201->338925->587845->563046->587845->338925->646201->646200->646201->338925->587845->563046->587845->338925->646201->646200->646201->338925->587845->563046->587845->338925->646201->646200->646201->338925->587845->563046->587845
rl_signal_attention,t3_sinsa_daechi,long,off_peak,7.0,26,1815.3609,1535.6037,262.4903,1694.6057,697.7086,11612.1,13,True,102,19,17,66,341904->341903->342155->342156->342157->342711->343062->342710->342719->342117->341623->341905->341904->341903->341633->341905->341904->341903->341633->341905->341904->341903->342155->342720->342715->343651->342716->342717->342718->343098->342718->342159->342700->342695->342699->342703->341653->341612->339008->339015->338140->339430->339432->338157->338139->339072->339904->339071->339904->339072->338139->339054->338156->339090->338268->338262->339922->340140->339002->338922->646291->338226->338252->338251->646070->338648->338209->339659->338210->338595->338693->338227->339819->646028->646026->339934->339811->340231->339724->339314->339317->338256->339580->613775->338232->338908->338255->338246->338248->339715->339718->339720->339716->339714->338351->338350->339575->338326->339713->339712->339884->338601->338354
rl_signal_attention,t3_sinsa_daechi,long,off_peak,7.0,27,1481.7896,1138.9815,322.1274,1254.5455,856.2264,8850.7,15,True,94,14,7,73,341904->341903->342155->342156->342157->342711->343062->563071->340626->341619->563100->341780->341614->341779->341781->341617->341618->341782->341615->340584->341784->341889->341583->341786->341588->341785->342116->341788->341787->563170->341731->341603->341729->341598->342684->341601->646355->341593->344353->342694->563168->341608->341553->341563->341561->341568->341566->341549->339128->339093->338226->339127->338649->339136->645956->338227->339819->646028->646026->339934->339811->340231->339724->339314->339317->338256->339580->613775->338232->338908->338255->338246->338248->339715->339718->339720->339716->339718->339715->339720->339718->339717->339718->339720->339716->339714->338351->338350->339575->338326->339713->339712->339884->338601->338354
rl_signal_attention,t3_sinsa_daechi,long,off_peak,7.0,28,2863.4765,2436.1797,401.2914,2540.9951,1066.6472,19731.1,18,False,200,43,39,118,341904->341903->342155->342156->342157->342711->343062->342710->342719->342117->341623->341905->341904->342719->342710->342156->342157->342711->343062->342710->342719->342117->341623->341905->341904->341903->342155->342720->342715->342158->342712->342714->342713->342076->341620->341621->342834->343100->342865->342652->342116->342672->340587->342670->343657->343658->343657->342670->646668->646669->646666->646669->342669->563097->342668->342152->343709->342152->342668->563097->342673->646784->646782->341597->344261->341907->341906->341605->341595->341594->341605->341595->341594->341605->341595->343103->341778->341593->344353->342694->563168->341608->341777->341565->341554->341553->341608->563168->342694->344353->341593->563301->563300->563301->342151->563098->341597->341596->341598->343105->341906->341907->341605->341595->343103->341778->341593->344353->342694->563168->341608->341777->341565->340710->341776->341538->613852->344181->342630->342628->563165->341547->563166->341548->340707->343666->343075->341543->588052->341499->344500->342607->587988->342821->343267->343341->341500->341501->343078->647029->647031->647032->342050->341491->341271->342773->342775->342776->343038->342812->341263->341711->343040->341268->341712->341267->342774->342773->342775->342776->343038->342812->342515->343780->341546->343457->340697->341540->563187->341539->341541->646612->646873->646612->341541->340708->646354->342633->342626->344210->341542->341773->341547->341774->343989->341775->342641->342640->341551->341538->341776->340710->341565->341777->341608->341553->341563->341561->341568->341566->341549
rl_signal_attention,t3_sinsa_daechi,long,off_peak,7.0,29,2860.8977,2496.0534,344.4277,2884.8935,915.5014,20070.0,14,False,200,39,51,110,341904->341903->342155->342156->342157->342711->343062->342710->342719->342117->341623->341905->341904->341903->341633->341905->341904->341903->342155->342720->342715->343651->342716->342717->342718->343098->342718->342159->342700->342695->342699->342703->341653->341612->339008->339015->338140->339430->339432->338157->338139->562936->339292->339070->613767->613766->613768->338253->339069->339134->338230->646176->339098->340484->338229->339133->338254->338584->338267->340192->338229->339133->338254->338584->338267->340192->338229->339133->338254->338767->338768->587842->338583->338268->339090->338156->339066->339741->338250->562871->338250->646103->339088->340328->340327->340328->339088->339091->339090->338268->338262->338586->339132->338258->613662->339651->338651->562921->562923->562922->562923->562921->338651->562919->562884->613773->339003->339662->341549->342639->563096->342115->563067->342636->338199->338252->338226->339127->338649->339136->645956->338227->339819->646028->646026->339934->339811->340231->339724->340046->339724->340231->339811->339934->646026->646028->339819->338227->338693->338595->338210->339659->338209->338648->646070->646069->646070->338648->338209->339659->338210->613623->645958->613623->338210->613615->338596->338197->338597->338605->338223->338603->339126->646201->646200->646201->338925->587845->563046->587845->338925->646201->646200->646201->338925->587845->646128->587905->339124->587910->587846->338599->338208->339663->338208->338599->587846->587910->339124->587905->587904->587905->339124->587910->587846->338599->338208->339663->338208->338599->587846
rl_signal_attention,t3_sinsa_daechi,long,off_peak,7.0,30,1547.7646,1312.9551,218.9649,1350.4433,582.0166,9632.6,10,True,103,17,13,73,341904->341903->342155->342156->342157->342711->343062->342710->342719->342117->341623->341905->341904->341903->341633->341905->341623->342117->342719->342710->342156->342157->342711->343062->563071->340626->341619->563100->341780->341614->341779->341781->341617->341618->341782->341615->340584->341784->341889->341583->341786->341588->341785->342116->341788->341787->563170->341731->341603->341729->341598->342684->341601->646355->341593->344353->342694->563168->341608->341553->341563->341561->341568->341566->341549->339128->339093->338226->339127->338649->339136->645956->338227->339819->646028->646026->339934->339811->340231->339724->339314->339317->338256->339580->613775->338232->338908->338255->338246->338248->339715->339718->339720->339716->339714->338351->338350->339575->338326->339713->339712->339884->338601->338354
rl_signal_attention,t3_sinsa_daechi,long,peak,8.0,1,2579.0383,2280.2006,284.1899,3090.7036,755.3872,19505.5,12,False,200,48,51,101,341904->341903->342155->342156->342157->342158->342715->343651->342716->342717->342718->340635->342718->342159->342700->342695->342699->342703->341653->341612->339008->339015->338140->339430->339432->338157->338139->562936->339292->339070->613767->338253->339069->339134->338230->646176->339098->342073->342687->341600->342685->341607->344213->343102->341557->588040->341572->340705->341555->341736->341568->341735->341564->342645->341559->342115->563067->342636->338199->338252->338226->339127->338649->339136->645956->338227->339819->646028->646027->646028->339819->338227->338693->338595->338210->339659->338209->338648->646070->646069->646070->338648->338209->339659->338210->613623->645958->613623->338210->613615->338596->338197->338597->338605->338223->338603->339126->646201->646200->646201->338925->587845->563046->587845->646128->587905->339124->587910->587846->338599->338208->339663->338208->338599->587846->587910->339124->587905->587904->587905->339124->587910->587846->338599->338208->339663->338208->338599->587846->587910->339124->587905->587904->587905->339124->587910->587846->338599->338208->339663->338208->338599->587846->587910->339124->587905->587904->587905->339124->587910->587846->338599->338208->339663->338208->338599->587846->587910->339124->587905->587904->587905->339124->587910->587846->338599->338208->338598->339125->339124->587841->338206->340158->338207->340157->340158->338206->587841->339124->587905->587904->587905->339124->587910->587846->338599->338208->338598->339125->339124->587841->338206->340158->338207->338327->338326->338328->338342->338887->340280->340271
rl_signal_attention,t3_sinsa_daechi,long,peak,8.0,2,1655.5051,1424.5986,220.239,1871.9798,585.4034,11581.6,11,True,109,16,15,78,341904->341903->342155->342156->342157->342158->342715->343651->342716->342717->342718->340635->342718->342159->342700->342695->342699->342703->341653->341612->339008->339015->338140->339430->339432->338157->338139->562936->339292->339070->613767->338253->339069->339134->338230->646176->339098->342073->342687->341600->342685->341607->344213->343102->341557->588040->341572->339293->338651->562919->562884->613773->339003->339662->341549->342639->563096->342115->563067->342636->338199->338252->338226->339127->338649->339136->645956->338227->339819->646028->646026->339934->339811->340231->339724->339314->339317->338256->339580->613775->338232->338908->338255->338246->338248->339715->339718->339720->339716->339714->338351->338350->339575->338326->338328->338342->338887->340280->340271->338344->338712->338313->338343->339266->338728->338341->338349->339296->338346->338354
rl_signal_attention,t3_sinsa_daechi,long,peak,8.0,3,2802.4952,2436.179,352.5473,3407.518,937.0834,19809.4,10,False,200,50,46,104,341904->341903->342155->342156->342157->342158->342715->343651->342716->342717->342718->340635->342718->342159->342700->342695->342699->342703->341653->341612->339008->339015->338140->339430->339432->338157->338139->562936->339292->339070->613767->338253->339069->339134->338230->646176->339098->342073->342687->341600->342685->341607->344213->343102->341557->588040->341572->339293->338651->562919->562884->613773->339003->339662->341549->342639->563096->342115->563067->342636->338199->338198->338222->562951->340229->341571->341521->342613->341535->343726->343919->338310->339265->338311->646265->338733->339152->338790->339123->338602->338223->338603->339126->646201->646200->646201->338925->587845->563046->587845->646128->587905->339124->587910->587846->338599->338208->339663->338208->338599->587846->587910->339124->587905->587904->587905->339124->339125->338598->338208->338599->587846->587910->339124->587905->587904->587905->339124->587910->587846->338599->338208->339663->338208->338599->587846->587910->339124->587905->587904->587905->339124->587910->587846->338599->338208->339663->338208->338599->587846->587910->339124->587905->587904->587905->339124->587910->587846->338599->338208->339663->338208->338599->587846->587910->339124->587905->587904->587905->339124->587910->587846->338599->338208->338598->339125->339124->587841->338206->340158->338207->338327->338326->338328->338342->338887->340280->340271->338314->338315->338345->340097->339563->338317->613780->613779->338340->338330->338318->338620->338317->339562->338296->645999->646000->338362->339695->339697->338278->338955->338308
rl_signal_attention,t3_sinsa_daechi,long,peak,8.0,4,2259.8245,1978.3648,270.36,2621.215,718.6267,16346.5,11,True,144,28,20,96,341904->341903->342155->342156->342157->342158->342715->343651->342716->342717->342718->340635->342718->342159->342700->342695->342696->342695->342700->343100->342834->341621->341620->342076->342713->342714->342712->344670->342712->342714->342713->342076->341620->341621->342834->343100->342700->342695->342699->342703->341653->341612->339008->339015->338140->339430->339432->338157->338139->562936->339292->339070->613767->338253->339069->339134->338230->646176->339098->342073->342687->341600->342685->341607->344213->343102->341557->588040->341572->339293->338651->562919->562884->613773->339003->339662->341549->342639->563096->342115->563067->342636->338199->338252->338226->339127->338649->339136->645956->338227->339819->646028->646026->339934->339811->340231->339724->339314->339317->338256->339580->613775->338232->338908->338255->338246->338248->339715->339718->339716->339714->338351->338350->339575->338326->338328->338342->338887->340280->340271->338314->338315->338887->340280->340271->338314->338315->338887->340280->340271->338314->338315->338887->340280->562957->340280->338887->338342->338328->338326->339713->339712->339884->338601->338354
rl_signal_attention,t3_sinsa_daechi,long,peak,8.0,5,1800.92,1496.4918,290.5797,2021.5364,772.3713,11846.5,13,True,108,14,15,79,341904->341903->342155->342156->342157->342158->342715->343651->342716->342717->342718->340635->342718->342159->342700->342695->342699->342703->341653->341612->339008->339015->338140->339430->339432->338157->338139->562936->339292->339070->613767->338253->339069->339134->338230->646176->339098->342073->342687->341600->342685->341607->344213->343102->341557->588040->341572->339293->338651->562919->562884->613773->339003->339662->341549->342639->563096->342115->563067->342636->338199->338252->338226->339127->338649->339136->645956->338227->339819->646028->646026->339934->339811->340231->339724->339314->339317->338256->339580->613775->338232->338908->338255->338246->338248->339715->339718->339720->339716->339714->338351->338350->339575->338326->338328->338342->338887->340280->562957->340280->338887->338342->338328->338326->339713->339712->339884->338601->338354
rl_signal_attention,t3_sinsa_daechi,long,peak,8.0,6,2764.0029,2393.1494,350.0615,3315.1958,930.4761,19522.8,19,False,200,34,29,137,341904->341903->342155->342156->342157->342158->342715->343651->342716->342717->342718->340635->342718->342159->342700->342695->342699->342703->341653->341612->339008->339015->338140->339430->339432->338157->338139->562936->339292->339070->339068->339070->613767->338253->339069->339134->338230->646176->339098->342073->342687->341600->342685->341607->344213->343102->341557->588040->341572->339293->338651->562919->562884->613773->339003->339662->341549->342639->563096->342115->563067->342636->338199->338252->338226->339093->339128->341549->342639->563096->342115->563067->342636->338199->338252->338226->339127->338649->339136->645956->338227->339819->646028->646026->339934->339811->340231->339724->339314->339315->339314->339724->340046->339724->340231->339811->339934->646026->646028->339819->338227->338693->338595->338210->339659->338209->339136->338649->338999->339810->339807->339656->338655->340247->340245->338921->340159->339654->338999->338649->339136->645956->338227->339819->646028->646026->339934->339811->340231->339724->339314->339317->338256->339580->613775->338232->338908->338255->338246->338248->339715->339718->339720->339716->339718->339715->338248->338246->338255->338908->338232->613775->339580->338256->339317->339314->339724->340046->339724->340231->339811->339934->646026->646028->339819->338227->338693->338595->338210->339659->339658->339659->338209->338648->646070->646069->646070->338648->338209->339136->339654->338999->339810->339807->339656->338655->340247->340245->338921->340159->339654->338999->338649->339136->645956->338227->339819->646028->646026->339934->339811
rl_signal_attention,t3_sinsa_daechi,long,peak,8.0,7,2620.2544,2289.8675,313.4952,3072.6439,833.2817,17743.7,15,False,200,35,32,133,341904->341903->342155->342156->342157->342158->342715->343651->342716->342717->342718->340635->342718->342159->342700->342695->342699->342703->341653->341612->339008->339015->338140->339430->339432->338157->338139->562936->339292->339070->613767->338253->339069->339134->338230->646176->339098->342073->342687->341600->342685->341607->588038->563143->338261->339538->338258->339132->338586->338262->338268->338582->339138->339116->338705->338269->338580->339112->339947->339096->338710->338593->338259->338591->338204->338789->338923->340045->340479->587843->338594->338227->338693->338595->338210->339659->338209->338648->646070->646069->646070->338648->338209->339659->338210->613623->645958->613623->338210->613615->338596->338197->338597->338605->338223->338603->339126->646201->646200->646201->338925->587845->563046->587845->338925->646201->646200->646201->338925->587845->563046->587845->338925->646201->646200->646201->338925->587845->563046->587845->338925->646201->646200->646201->338925->587845->563046->587845->338925->646201->646200->646201->338925->587845->563046->587845->338925->646201->646200->646201->338925->587845->646128->587905->339124->587910->587846->338599->338208->338598->339125->339124->587841->338206->340158->338207->338327->338326->338328->338327->338326->339575->338350->338351->587871->338363->338340->613779->613780->338317->339562->338296->645999->646000->338362->339695->339697->338278->338955->338308->338306->338307->338308->339871->338791->338306->338308->338307->338615->339149->338614->338361->339213->562896->339213->645982->338297->338298->338278->339697->339695
rl_signal_attention,t3_sinsa_daechi,long,peak,8.0,8,2976.9606,2521.9109,429.7783,3264.984,1142.3662,20319.8,22,False,200,32,33,135,341904->341903->342155->342156->342157->342158->342715->343651->342716->342717->342718->340635->342718->342159->342700->342695->342699->342703->341653->341612->339008->339015->338140->339430->339432->338157->338139->562936->339292->339070->613767->338253->339069->339134->338230->562917->338585->338267->338584->338254->338767->338768->587842->338583->338268->339090->338156->338132->339053->339056->338162->339067->339021->338658->338133->338815->338250->646103->339088->340328->340330->339087->339745->339087->338934->338933->340139->339308->339893->340333->339893->339308->340139->338933->338934->339087->340330->340328->339088->339117->338775->338269->338580->339112->339947->339096->338710->338593->338259->338591->338204->338789->338923->340045->340479->587843->338594->338227->338693->338595->338210->339659->338209->338648->646070->646069->646070->338648->338209->339136->338649->338999->339810->339807->339656->338655->340247->340245->338921->340159->339654->338999->339810->339809->339810->339807->339656->338655->340247->340245->338921->340159->339654->338999->339810->339807->339656->338655->340247->340245->338921->340159->339654->338999->338649->339136->645956->338227->339819->646028->646026->339934->339811->340231->339724->339314->339317->338256->339580->613775->338232->338908->338255->338246->338248->339715->339718->339720->339716->339714->338351->587871->338363->338340->613779->613780->338317->339562->338296->645999->646000->338362->338318->338620->338317->339562->338296->645999->646000->338362->339695->339697->338278->338955->338308->338306->338307->338615->339149->338942->339150
rl_signal_attention,t3_sinsa_daechi,long,peak,8.0,9,1597.3066,1375.5953,207.9455,1788.6283,552.7267,10855.5,12,True,106,16,15,75,341904->341903->342155->342156->342157->342158->342715->343651->342716->342717->342718->340635->342718->342159->342700->342695->342699->342703->341653->341612->339008->339015->338140->339430->339432->338157->338139->562936->339292->339070->613767->338253->339069->339134->338230->646176->339098->342073->342687->341600->342685->341607->344213->343102->341557->588040->341572->340705->341555->341736->341568->341735->341564->342645->341559->341985->341569->341738->563185->341560->342648->563067->342636->338199->338252->338226->339127->338649->339136->645956->338227->339819->646028->646026->339934->339811->340231->339724->339314->339317->338256->339580->613775->338232->338908->338255->338246->338248->339715->339718->339720->339716->339718->339715->339720->339718->339716->339714->338351->338350->339575->338326->339713->339712->339884->338601->338354
rl_signal_attention,t3_sinsa_daechi,long,peak,8.0,10,2474.5577,2194.8637,266.5647,2906.1277,708.5386,17269.2,16,True,178,25,29,124,341904->341903->342155->342156->342157->342158->342715->343651->342716->342717->342718->340635->342718->342159->342700->342695->342699->342703->341653->341612->339008->339015->338140->339430->339432->338157->338139->562936->339292->339070->613767->338253->339069->339134->338230->646176->339098->342073->342687->341600->342685->341607->344213->343102->341557->588040->341572->340705->341555->341736->341568->341735->341564->342645->341559->342115->563067->342636->338199->338252->338226->339127->338649->339136->645956->645957->645956->338227->339819->646028->646026->339934->339811->340231->339724->339314->339317->338256->338622->613624->339312->339728->339727->339728->339312->613624->338622->338256->339317->339314->339724->340046->339724->340231->339811->339934->646026->646028->339819->338227->338693->338595->338210->339659->338209->339136->338649->338999->339810->339807->339656->338655->340247->340246->340247->340245->338921->340159->339654->338999->338649->339136->645956->338227->339819->646028->646026->339934->339811->340231->339724->339314->339317->338256->339580->613775->338232->338908->338255->338246->338248->339715->339718->339720->339716->339714->338351->338350->339575->338326->338328->338342->338887->340280->340271->338314->338707->338313->340271->338314->338315->338345->340097->339563->338317->613780->613779->338340->338363->587871->338351->338350->339575->338326->339713->339712->339884->338601->338354
rl_signal_attention,t3_sinsa_daechi,long,peak,8.0,11,1883.7723,1677.3246,196.0679,2208.6568,521.1556,13595.1,6,True,130,26,21,83,341904->341903->342155->342156->342157->342158->342715->343651->342716->342717->342718->340635->342718->342159->342700->342695->342699->342703->341653->341612->339008->339015->338140->339430->339432->338157->338139->562936->339292->339070->613767->338253->339069->339134->338230->646176->339098->342073->342687->341600->342685->341607->344213->343102->341557->588040->341572->339293->338651->562919->562884->613773->339003->339662->341549->342639->563096->342115->563067->342636->338199->338198->338222->562951->340229->341571->341521->342613->341535->343726->343919->338310->339265->338311->646265->338733->339152->338790->339123->338602->338223->338603->339126->646201->646200->646201->338925->587845->563046->587845->646128->587905->339124->587910->587846->338599->338208->338598->339125->339124->587841->338206->340158->338207->338327->338326->338328->338342->338887->340280->340271->338314->338315->338887->340280->340271->338314->338315->338887->340280->562957->340280->338887->338342->338328->338326->339713->339712->339884->338601->338354
rl_signal_attention,t3_sinsa_daechi,long,peak,8.0,12,2844.9748,2701.687,136.7625,3676.3079,363.5197,22554.5,6,False,200,51,33,116,341904->343064->341633->341905->341904->341903->342155->342156->342157->342158->342715->343651->342716->342717->342718->340635->342718->342159->342700->342695->342699->342697->342699->563099->342699->342697->342699->342695->342700->343100->342834->341621->341620->342076->342713->342714->342712->344670->342712->342714->342713->342076->341620->341621->344204->342159->342700->342695->342699->342703->341653->341612->339008->339015->338140->339430->339432->338157->338139->562936->339292->339070->339068->339070->613767->338253->339069->339134->338230->646176->339098->342073->342687->341600->342685->341607->344213->343102->341557->588040->341572->340705->341555->341736->341568->341735->341564->342645->341559->342115->563067->342636->338199->338252->338226->646291->338922->339657->338655->340247->340245->338921->340159->339654->338999->338649->339136->645956->338227->339819->646028->646026->339934->339811->340231->339724->339314->339317->338256->338621->338727->339001->338776->338206->340158->338207->338327->338326->338328->338342->338887->340280->340271->338314->338315->338887->340280->340271->338314->338315->338887->340280->340271->338314->338707->338313->340271->338314->338315->338887->340280->340271->338314->338315->338887->340280->340271->338314->338315->338887->340280->340271->338314->338315->338887->340280->340271->338314->338315->338887->340280->340271->338314->338315->338345->340097->339563->338317->613780->613779->338340->338363->587871->338351->338350->339575->338326->338328->338342->338887->340280->340271->338314->338315->338345->340097->339563->339562->338317->338620->338318
rl_signal_attention,t3_sinsa_daechi,long,peak,8.0,13,2465.026,2125.1574,323.7689,2749.1372,860.5895,17079.8,16,True,153,33,23,97,341904->341903->342155->342156->342157->342711->343062->342710->342719->342117->341623->341905->341904->341903->341633->341905->341904->342719->342710->342156->342157->342158->342715->343651->342716->342717->342718->340635->342718->342159->342700->342695->342699->342703->341653->341612->339008->339015->338140->339430->339432->338157->338158->338654->340481->339056->338162->338132->338156->339090->338268->338262->338586->339132->338258->613662->339651->338651->339293->341572->340705->341555->341736->341568->341735->341564->342645->341559->342115->563067->342636->338199->338252->338226->339127->338649->339136->645956->338227->339819->646028->646026->339934->339811->340231->339724->339314->339317->338256->339580->613775->338232->338908->338255->338246->338248->339715->339718->339720->339716->339714->338351->338350->339575->338326->338328->338342->338887->340280->340271->338314->338315->338887->340280->340271->338344->562956->562954->338355->338356->339216->339816->339216->338356->338355->562954->562956->338344->340271->338314->338315->338887->340280->340271->338314->338315->338345->340097->339563->338317->613780->613779->338340->338363->587871->338351->338350->339575->338326->339713->339712->339884->338601->338354
rl_signal_attention,t3_sinsa_daechi,long,peak,8.0,14,1921.9276,1714.3735,197.9813,2277.8753,526.2415,14163.9,6,True,133,28,21,84,341904->341903->342155->342156->342157->342158->342715->343651->342716->342717->342718->340635->342718->342159->342700->342695->342699->342703->341653->341612->339008->339015->338140->339430->339432->338157->338139->562936->339292->339070->613767->338253->339069->339134->338230->646176->339098->342073->342687->341600->342685->341607->344213->343102->341557->588040->341572->340705->341555->341736->341568->341735->341564->342645->341559->342115->563067->342636->338199->338198->338222->562951->340229->341571->341521->342613->341535->343726->343919->338310->339265->338311->646265->338733->339152->338790->339123->338602->338223->338603->339126->646201->646200->646201->338925->587845->563046->587845->646128->587905->339124->587910->587846->338599->338208->338598->339125->339124->587841->338206->340158->338207->338327->338326->338328->338342->338887->340280->340271->338314->338315->338887->340280->340271->338314->338315->338887->340280->340271->338314->338315->338887->340280->562957->340280->338887->338342->338328->338326->339713->339712->339884->338601->338354
rl_signal_attention,t3_sinsa_daechi,long,peak,8.0,15,2117.1898,1787.4304,311.9154,2316.376,829.0825,14668.8,15,True,133,18,21,94,341904->341903->342155->342156->342157->342158->342715->343651->342716->342717->342718->340635->342718->342159->342700->342695->342699->342703->341653->341612->339008->339015->338140->339430->339432->338157->338139->562936->339292->339070->613767->338253->613768->338803->338267->340192->338229->339133->338254->338584->338267->338585->562917->338230->341602->341733->342691->341732->341984->646623->341730->341603->341729->341598->341596->341597->563098->342151->563301->341593->646355->341601->343106->343943->342693->341607->588038->563143->338261->341734->341572->588040->341557->342643->341555->341736->341568->341735->341564->342645->341559->342115->563067->342636->338199->338252->338226->339127->338649->339136->645956->338227->339819->646028->646026->339934->339811->340231->339724->339314->339317->338256->339580->613775->338232->338908->338255->338246->338248->339715->339718->339720->339716->339714->338351->338350->339575->338326->338328->338342->338887->340280->340271->338314->338315->338887->338342->338328->338326->339713->339712->339884->338601->338354
rl_signal_attention,t3_sinsa_daechi,long,peak,8.0,16,1896.9995,1445.299,432.7296,1912.985,1150.2111,11649.5,17,True,95,15,11,69,341904->341903->342155->342156->342157->342158->342715->343651->342716->342717->342718->340635->342718->342159->342700->342695->342699->342703->341653->341612->339008->339015->338140->339430->339432->338157->338139->339072->339904->339071->339904->339072->338139->339054->338156->339090->338268->338262->338586->339132->338258->613662->339651->338651->339293->341572->340705->341555->341736->341568->341735->341564->342645->341559->342115->563067->342636->338199->338252->338226->339127->338649->339136->645956->338227->339819->646028->646026->339934->339811->340231->339724->339314->339317->338256->339580->613775->338232->338908->338255->338246->338248->339715->339718->339720->339716->339714->338351->338350->339575->338326->339713->339712->339884->338601->338354
rl_signal_attention,t3_sinsa_daechi,long,peak,8.0,17,2940.8279,2599.8101,322.5659,3535.9945,857.3918,20218.6,15,False,200,51,25,124,341904->341903->342155->342156->342710->343062->563071->340626->341619->563100->341780->341614->341779->341781->341617->341618->341782->341615->340584->341784->341889->341583->341786->341588->341785->342116->341788->341787->563170->341731->341603->341729->341598->343105->341906->341605->341594->343104->341601->343106->343943->342693->341607->344213->343102->341557->588040->341572->339293->338651->562919->562884->613773->339003->339662->341549->342639->563096->342115->563067->342636->338199->338252->338226->339127->338649->339136->645956->338227->339819->646028->646026->339934->339811->340231->339724->339314->339317->338256->339580->613775->338232->338908->338255->338246->338248->339715->339718->339720->339716->339718->339715->339720->339718->339716->339720->339718->339716->339720->339718->339716->339714->338351->338350->339575->338326->338328->338342->338887->340280->340271->338314->338315->338887->340280->340271->338314->338315->338887->340280->340271->338314->338315->338887->340280->340271->338314->338315->338887->340280->340271->338314->338315->338887->340280->340271->338314->338315->338887->340280->340271->338314->338315->338887->340280->340271->338314->338315->338887->340280->340271->338314->338315->338887->340280->340271->338314->338315->338345->340097->339563->338317->613780->613779->338340->338363->587871->338351->338350->339575->338326->338328->338342->338887->340280->340271->338314->338315->338345->340097->339563->339562->338317->338620->338318->338330->338358->339151->562874->338352->563055->562874->339151->646188->339151->562874->338352->563055->562874->339151->646188
rl_signal_attention,t3_sinsa_daechi,long,peak,8.0,18,2544.5779,2384.1052,152.4796,3069.4566,405.2963,20127.1,7,True,182,41,42,99,341904->341903->342155->342156->342157->342158->342715->343651->342716->342717->342718->343098->342718->342159->342700->343100->342834->341621->341620->342076->342713->342714->342712->344670->342712->342711->343062->342710->342719->342117->341623->341905->341904->341903->342155->342156->342157->342711->343062->342710->342719->342117->341623->341905->341904->341903->341633->341905->341904->342719->342710->343062->342711->342712->344670->342712->342714->342713->342076->341620->341621->344204->342159->342700->342695->342699->342697->342699->563099->342699->342697->342699->563099->342699->342697->342699->563099->342699->342697->342699->563099->342699->342697->342699->563099->342699->342695->342700->343100->342834->341621->341620->342076->342713->342714->342712->344670->342712->342714->342713->342076->341620->341621->344204->342159->342700->342695->342696->342695->342699->342703->341653->341612->339008->339015->338140->339430->339432->338157->338139->562936->339292->339070->613767->338253->339069->339134->338230->646176->339098->342073->342687->341600->342685->341607->344213->343102->341557->588040->341572->339293->338651->562919->562884->613773->613772->339003->339662->341549->342639->563096->342115->343710->341560->341518->341517->341512->646737->341511->341516->341515->342114->342113->342112->341739->341535->343726->343919->338310->339265->338311->339297->339000->339664->338312->338343->339266->338728->338341->338349->339296->338346->338354
rl_signal_attention,t3_sinsa_daechi,long,peak,8.0,19,1969.2105,1765.4616,191.1512,2281.622,508.0869,14785.3,10,True,132,29,16,87,341904->341903->342155->342156->342157->342158->342715->343651->342716->342717->342718->340635->342718->342159->342700->342695->342699->342703->341653->341612->339008->339015->338140->339430->339432->338157->338139->562936->339292->339070->613767->338253->339069->339134->338230->646176->339098->342073->342687->341600->342685->341607->344213->343102->341557->588040->341572->340705->341555->341736->341568->341735->341564->342645->341559->342115->563067->342636->338199->338252->338226->339127->338649->339136->645956->338227->339819->646028->646026->339934->339811->340231->339724->339314->339317->338256->338621->338727->339001->338776->338206->340158->338207->338327->338326->338328->338342->338887->340280->340271->338314->338315->338887->340280->340271->338314->338315->338887->340280->340271->338314->338315->338887->340280->340271->338314->338315->338887->340280->340271->338314->338315->338887->340280->562957->340280->338887->338342->562898->338342->338887->340280->562957->340280->338887->338342->338328->338326->339713->339712->339884->338601->338354
rl_signal_attention,t3_sinsa_daechi,long,peak,8.0,20,1400.5282,1268.0988,123.5006,1631.4241,328.2691,10409.1,5,True,102,14,24,64,341904->341903->342155->342156->342157->342158->342715->343651->342716->342717->342718->340635->342718->342159->342700->342695->342699->342703->341653->341612->339008->339015->338140->339430->339432->338157->338139->562936->339292->339070->613767->338253->339069->339134->338230->646176->339098->342073->342687->341600->342685->341607->344213->343102->341557->588040->341572->340705->341555->341556->342153->343109->613772->613773->562884->562919->338651->339293->341572->588040->341557->342643->341555->341736->341568->341735->341564->342645->341559->342115->563067->342636->338199->338198->338222->562951->340229->341571->341521->342613->341535->343726->343919->338310->339265->338311->646265->338733->339152->338790->339123->338602->338223->338603->339126->646201->646200->646201->339126->338348->338347->338706->338354
rl_signal_attention,t3_sinsa_daechi,long,peak,8.0,21,1805.0533,1638.7737,156.4197,2202.331,415.7692,13592.4,9,True,124,24,16,84,341904->341903->342155->342156->342157->342158->342715->343651->342716->342717->342718->340635->342718->342159->342700->342695->342699->342703->341653->341612->339008->339015->338140->339430->339432->338157->338139->562936->339292->339070->613767->338253->339069->339134->338230->646176->339098->342073->342687->341600->342685->341607->344213->343102->341557->588040->341572->340705->341555->341736->341568->341735->341564->342645->341559->342115->563067->342636->338199->338252->338226->339127->338649->339136->645956->338227->339819->646028->646026->339934->339811->340231->339724->339314->339317->338256->338621->338727->339001->338776->338206->340158->338207->338327->338326->338328->338342->338887->340280->340271->338314->338315->338887->340280->340271->338314->338315->338887->340280->340271->338314->338315->338887->340280->340271->338314->338315->338345->340097->339563->338317->613780->613779->338340->338363->587871->338351->338350->339575->338326->339713->339712->339884->338601->338354
rl_signal_attention,t3_sinsa_daechi,long,peak,8.0,22,2585.4329,2199.0532,368.5191,2916.9995,979.5372,18058.0,15,False,200,34,30,136,341904->341903->342155->342156->342157->342158->342715->343651->342716->342717->342718->340635->342718->342159->342700->342695->342699->342703->341653->341612->339008->339015->338140->339430->338161->338821->339432->338157->338139->562936->339292->339070->613767->613766->613768->338803->338267->340192->338229->339133->338254->338584->338267->338585->562917->562916->562917->338230->341602->341733->342691->341732->341984->646623->341730->341603->341729->341598->343105->341906->341605->341594->341595->343103->341778->341593->344353->342694->563168->341608->342649->341592->341591->342150->342680->342615->343819->344184->343820->646558->340583->563095->342614->340597->342633->342626->342629->342630->344181->613852->341538->341776->340710->341565->341777->341608->341553->341563->341561->341568->341566->341549->339128->339093->338226->339127->338649->339136->645956->338227->339819->646028->646026->339934->339811->340231->339724->339314->339317->338256->338622->613624->339312->339728->339727->339728->339312->613624->338622->338256->339317->339314->339724->340046->339724->340231->339811->339934->646026->646028->339819->338227->338693->338595->338210->339659->338209->339136->338649->338999->339810->339807->339656->338655->340247->340245->338921->340159->339654->338999->339810->339809->339810->339807->339656->338655->340247->340245->338921->340159->339654->338999->339810->339807->339656->338655->340247->340245->338921->340159->339654->338999->339810->339807->339656->338655->340247->340245->338921->340159->339654->338999->338649->339136->645956->338227->339819->646028->646026->339934->339811
rl_signal_attention,t3_sinsa_daechi,long,peak,8.0,23,1576.432,1364.1432,200.9217,1806.4636,534.0571,11040.8,12,True,105,16,13,76,341904->341903->342155->342156->342157->342158->342715->343651->342716->342717->342718->343098->342718->342159->342700->342695->342699->342703->341653->341612->339008->339015->338140->339430->339432->338157->338139->562936->339292->339070->613767->338253->339069->339134->338230->646176->339098->342073->342687->341600->342685->341607->344213->343102->341557->588040->341572->340705->341555->341736->341568->341735->341564->342645->341559->342115->563067->342636->338199->338198->338222->562951->340229->341571->341996->342147->342636->338199->338252->338226->339127->338649->339136->645956->338227->339819->646028->646026->339934->339811->340231->339724->339314->339317->338256->339580->613775->338232->338908->338255->338246->338248->339715->339718->339720->339716->339714->338351->338350->339575->338326->339713->339712->339884->338601->338354
rl_signal_attention,t3_sinsa_daechi,long,peak,8.0,24,1873.0332,1620.2158,239.6267,2103.1705,636.9365,13002.9,12,True,123,17,27,79,341904->341903->342155->342156->342157->342158->342715->343651->342716->342717->342718->340635->342718->342159->342700->342695->342699->342703->341653->341612->339008->339015->338140->339430->339432->338157->338139->562936->339292->339070->613767->338253->339069->339134->338230->646176->339098->342073->342687->341600->342685->341607->344213->343102->341557->588040->341572->339293->338651->562919->562884->613773->339003->339662->341549->342639->563096->342115->563067->342636->338199->338252->338226->339093->339128->341549->342639->563096->342115->563067->342636->338199->338252->338226->339127->338649->339136->645956->338227->339819->646028->646026->339934->339811->340231->339724->339314->339317->338256->339580->613775->338232->338908->338255->338246->338248->339715->339718->339720->339716->339718->339715->339720->339718->339716->339720->339718->339716->339720->339718->339716->339714->338351->338350->339575->338326->338328->338327->338326->339713->339712->339884->338601->338354
rl_signal_attention,t3_sinsa_daechi,long,peak,8.0,25,2776.2074,2507.6966,257.7552,3466.7049,685.1227,20797.3,10,False,200,53,32,115,341904->341903->342155->342156->342157->342158->342715->343651->343652->343651->342715->342158->342712->342714->342713->342076->341620->341621->342834->343100->342700->342695->342699->342703->341653->341612->339008->339015->338140->339430->339432->338157->338139->562936->339292->339070->613767->338253->339069->339134->338230->646176->339098->342073->342687->341600->342685->341607->344213->343102->341557->588040->341572->339293->338651->562919->562884->613773->339003->339662->341549->342639->563096->342115->563067->342636->338199->338252->338226->646291->338922->339657->338655->340247->340245->338921->340159->339654->338999->339810->339807->339656->338655->340247->340246->340247->340245->338921->340159->339654->338999->339810->339807->339656->338655->340247->340245->338921->340159->339654->338999->338649->339136->645956->338227->339819->646028->646026->339934->339811->340231->339724->339314->339317->338256->338621->338727->339001->646223->587844->587841->339124->339125->338598->338208->338599->587846->587910->339124->587905->587904->587905->339124->587910->587846->338599->338208->339663->338208->338599->587846->587910->339124->587841->338206->340158->338207->338327->338326->338328->338342->338887->340280->340271->338314->338315->338887->340280->340271->338314->338315->338887->340280->340271->338314->338315->338887->340280->340271->338314->338315->338345->340097->339563->338317->613780->613779->338340->338363->587871->338351->338350->339575->338326->338328->338342->338887->340280->340271->338314->338315->338345->340097->339563->339562->338317->338620->338318->338330->338358->339151
rl_signal_attention,t3_sinsa_daechi,long,peak,8.0,26,2917.1944,2550.206,343.1673,3395.1841,912.1513,21045.1,18,False,200,37,33,130,341904->341903->342155->342156->342157->342158->342715->343651->342716->342717->342718->340635->342718->342159->342700->342695->342699->342703->341653->341612->339008->339015->338140->339430->339432->338157->338139->562936->339292->339070->613767->338253->339069->339134->338230->646176->339098->342073->342687->341600->342685->341607->344213->343102->341557->588040->341572->340705->341555->341736->341568->341735->341564->342645->341559->342115->563067->342636->338199->338252->338226->339127->338649->339136->645956->338227->339819->646028->646026->339934->339811->340231->339724->339314->339317->338256->338621->338727->339001->338776->338206->340158->338207->338327->338326->339575->338350->338351->587871->338363->562875->338358->338330->338318->338620->338317->339562->338296->646044->338295->646241->646240->646241->338295->646044->338296->339562->338317->338620->338318->338330->338358->339151->562874->338352->563055->562874->339151->646188->339151->562874->338352->563055->562874->339151->646188->339151->562874->338352->339110->338249->338248->338246->338255->338908->338232->613775->339580->338256->339317->339314->339724->340046->339724->340231->339811->339934->646026->646028->339819->338227->338693->338595->338210->613615->338596->338197->338597->338605->338223->338603->339126->646201->646200->646201->338925->587845->563046->587845->338925->646201->646200->646201->338925->587845->646128->587905->339124->587910->587846->338599->338208->338598->339125->339124->587841->338206->340158->338207->338327->338326->338328->338342->562898->338342->338887->340280->340271->338314->338315->338345
rl_signal_attention,t3_sinsa_daechi,long,peak,8.0,27,1615.0626,1401.6468,199.8098,1810.5709,531.1016,11360.8,12,True,110,14,21,75,341904->341903->342155->342156->342157->342158->342715->343651->342716->342717->342718->340635->342718->342159->342700->342695->342699->342703->341653->341612->339008->339015->338140->339430->339432->338157->338139->562936->339292->339070->613767->338253->339069->339134->338230->646176->339098->342073->342687->341600->342685->341607->344213->343102->341557->588040->341572->340705->341555->341556->342153->343109->613772->613773->562884->562919->338651->339293->341572->588040->341557->342643->341555->341736->341568->341735->341564->342645->341559->342115->563067->342636->338199->338252->338226->339127->338649->339136->645956->338227->339819->646028->646026->339934->339811->340231->339724->339314->339317->338256->339580->613775->338232->338908->338255->338246->338248->339715->339720->339718->339716->339714->338351->338350->339575->338326->339713->339712->339884->338601->338354
rl_signal_attention,t3_sinsa_daechi,long,peak,8.0,28,2964.1901,2633.5211,313.1345,3458.2712,832.3229,21470.5,15,False,200,38,37,125,341904->341903->342155->342156->342157->342158->342715->343651->342716->342717->342718->340635->342718->342159->342700->342695->342699->563099->342699->342697->342699->342695->342700->343100->342865->342652->342116->341788->341787->563170->341731->341603->341729->341598->343105->341906->341605->341594->343104->341601->343106->343943->342693->341607->344213->343102->341557->588040->341572->339293->338651->562919->562884->613773->339003->339662->341549->342639->563096->342115->563067->342636->338199->338252->338226->339093->339128->341549->342639->563096->342115->563067->342636->338199->338252->338226->646291->338922->339657->338655->340247->340245->338921->340159->339654->338999->338649->339127->338226->338252->338251->646070->338648->338209->339659->339658->339659->338210->613623->645958->613623->338210->339659->338209->338648->646070->646069->646070->338648->338209->339659->338210->613623->645958->613623->338210->339659->338209->338648->646070->646069->646070->338648->338209->339136->338649->338999->339810->339807->339656->338655->340247->340245->338921->340159->339654->338999->339810->339809->339810->339807->339656->338655->340247->340245->338921->340159->339654->338999->338649->339136->645956->338227->339819->646028->646026->339934->339811->340231->339724->339314->339317->338256->339580->613775->338232->338908->338255->338246->338248->339715->339718->339720->339716->339714->338351->338350->339575->338326->338328->338342->338887->340280->340271->338314->338315->338345->340097->339563->339562->338317->339563->340097->338345->338315->338887->340280->340271->338314->338315->338345
rl_signal_attention,t3_sinsa_daechi,long,peak,8.0,29,2245.4357,2139.1147,99.6168,2922.999,264.785,18184.3,6,False,200,57,21,122,341904->341903->342155->342156->342157->342158->342715->343651->342716->342717->342718->340635->342718->342159->342700->342695->342699->342703->341653->341612->339008->339015->338140->339430->339432->338821->338161->339430->339432->338157->338139->562936->339292->339070->613767->338253->339069->339134->338230->341602->341733->342691->341732->341984->646623->341730->341603->341729->341598->343105->341906->341605->341594->343104->341601->343106->343943->342693->341607->344213->343102->341557->342643->341555->341736->341568->341735->341564->342645->341559->342115->563067->342636->338199->338252->338226->646291->338922->339657->338655->340247->340245->338921->340159->339654->338999->339810->339807->339656->338655->340247->340245->338921->340159->339654->338999->339810->339809->339810->339807->339656->338655->340247->340245->338921->340159->339654->338999->339810->339807->339656->338655->340247->340245->338921->340159->339654->338999->339810->339807->339656->338655->340247->340245->338921->340159->339654->338999->339810->339807->339656->338655->340247->340245->338921->340159->339654->338999->339810->339807->339656->338655->340247->340245->338921->340159->339654->338999->339810->339807->339656->338655->340247->340245->338921->340159->339654->338999->339810->339807->339656->338655->340247->340245->338921->340159->339654->338999->339810->339807->339656->338655->340247->340245->338921->340159->339654->338999->339810->339807->339656->338655->340247->340245->338921->340159->339654->338999->339810->339807->339656->338655->340247->340245->338921->340159->339654->339136->645956->338227->339819
rl_signal_attention,t3_sinsa_daechi,long,peak,8.0,30,1656.1361,1461.6337,183.8487,1841.3112,488.6764,11318.4,7,True,114,20,19,75,341904->341903->342155->342156->342157->342158->342715->342720->342155->341903->341904->341905->341633->341903->341904->341905->341633->341903->341904->341905->341633->341903->342155->342720->342728->563265->342729->563265->342728->342720->342715->342158->342712->342714->342713->342076->341620->341621->342834->343100->342700->342695->342699->342703->341653->341612->339008->339015->338140->339430->339432->338157->338139->562936->339292->339070->613767->338253->339069->339134->338230->646176->339098->342073->342687->341600->342685->341607->344213->343102->341557->588040->341572->339293->338651->562921->562923->342153->341556->341555->341736->341568->341735->341564->342645->341559->342115->563067->342636->338199->338198->338222->562951->340229->341571->341521->342613->341535->343726->343919->338310->339265->338311->339297->339000->339664->338312->338343->339266->338728->338341->338349->339296->338346->338354
