model,route,route_type,time_slot,start_hour,rep,fuel_total,fuel_drive,fuel_idle,travel_time,wait_time,distance,wait_count,reached,steps,n_left,n_right,n_straight,path
shortest_dijkstra,od2_dogok_yeongdong,long,off_peak,7.0,1,1408.9724,757.8689,651.1034,820.771,1488.3647,5773.7,25,True,54,5,3,46,338934->338933->338631->339979->340332->338581->338269->338705->339116->339138->338582->338268->338262->339922->340140->339002->338922->646291->338226->339093->339128->341549->342639->563096->342115->343710->341560->341518->341558->563191->341512->646737->341511->342869->341510->343158->343160->344191->344189->342755->341769->341499->341492->343516->343774->563132->646319->344219->341546->343780->342515->342812->341263->341711->341712
shortest_dijkstra,od2_dogok_yeongdong,long,off_peak,7.0,2,1403.3734,760.5287,642.8447,836.222,1469.4859,5773.7,25,True,54,5,3,46,338934->338933->338631->339979->340332->338581->338269->338705->339116->339138->338582->338268->338262->339922->340140->339002->338922->646291->338226->339093->339128->341549->342639->563096->342115->343710->341560->341518->341558->563191->341512->646737->341511->342869->341510->343158->343160->344191->344189->342755->341769->341499->341492->343516->343774->563132->646319->344219->341546->343780->342515->342812->341263->341711->341712
shortest_dijkstra,od2_dogok_yeongdong,long,off_peak,7.0,3,1389.5721,731.1286,658.4436,804.0714,1505.1435,5773.7,25,True,54,5,3,46,338934->338933->338631->339979->340332->338581->338269->338705->339116->339138->338582->338268->338262->339922->340140->339002->338922->646291->338226->339093->339128->341549->342639->563096->342115->343710->341560->341518->341558->563191->341512->646737->341511->342869->341510->343158->343160->344191->344189->342755->341769->341499->341492->343516->343774->563132->646319->344219->341546->343780->342515->342812->341263->341711->341712
shortest_dijkstra,od2_dogok_yeongdong,long,off_peak,7.0,4,1398.1402,772.0731,626.067,876.2163,1431.1337,5773.7,26,True,54,5,3,46,338934->338933->338631->339979->340332->338581->338269->338705->339116->339138->338582->338268->338262->339922->340140->339002->338922->646291->338226->339093->339128->341549->342639->563096->342115->343710->341560->341518->341558->563191->341512->646737->341511->342869->341510->343158->343160->344191->344189->342755->341769->341499->341492->343516->343774->563132->646319->344219->341546->343780->342515->342812->341263->341711->341712
shortest_dijkstra,od2_dogok_yeongdong,long,off_peak,7.0,5,1391.3406,740.6583,650.6823,819.9972,1487.402,5773.7,26,True,54,5,3,46,338934->338933->338631->339979->340332->338581->338269->338705->339116->339138->338582->338268->338262->339922->340140->339002->338922->646291->338226->339093->339128->341549->342639->563096->342115->343710->341560->341518->341558->563191->341512->646737->341511->342869->341510->343158->343160->344191->344189->342755->341769->341499->341492->343516->343774->563132->646319->344219->341546->343780->342515->342812->341263->341711->341712
shortest_dijkstra,od2_dogok_yeongdong,long,off_peak,7.0,6,1343.2846,757.1727,586.1119,789.5932,1339.7997,5773.7,24,True,54,5,3,46,338934->338933->338631->339979->340332->338581->338269->338705->339116->339138->338582->338268->338262->339922->340140->339002->338922->646291->338226->339093->339128->341549->342639->563096->342115->343710->341560->341518->341558->563191->341512->646737->341511->342869->341510->343158->343160->344191->344189->342755->341769->341499->341492->343516->343774->563132->646319->344219->341546->343780->342515->342812->341263->341711->341712
shortest_dijkstra,od2_dogok_yeongdong,long,off_peak,7.0,7,1427.9382,777.8159,650.1223,820.8948,1486.1218,5773.7,26,True,54,5,3,46,338934->338933->338631->339979->340332->338581->338269->338705->339116->339138->338582->338268->338262->339922->340140->339002->338922->646291->338226->339093->339128->341549->342639->563096->342115->343710->341560->341518->341558->563191->341512->646737->341511->342869->341510->343158->343160->344191->344189->342755->341769->341499->341492->343516->343774->563132->646319->344219->341546->343780->342515->342812->341263->341711->341712
shortest_dijkstra,od2_dogok_yeongdong,long,off_peak,7.0,8,1406.8291,756.3967,650.4324,832.5206,1486.8308,5773.7,27,True,54,5,3,46,338934->338933->338631->339979->340332->338581->338269->338705->339116->339138->338582->338268->338262->339922->340140->339002->338922->646291->338226->339093->339128->341549->342639->563096->342115->343710->341560->341518->341558->563191->341512->646737->341511->342869->341510->343158->343160->344191->344189->342755->341769->341499->341492->343516->343774->563132->646319->344219->341546->343780->342515->342812->341263->341711->341712
shortest_dijkstra,od2_dogok_yeongdong,long,off_peak,7.0,9,1382.6268,721.4609,661.1659,800.3654,1511.3665,5773.7,27,True,54,5,3,46,338934->338933->338631->339979->340332->338581->338269->338705->339116->339138->338582->338268->338262->339922->340140->339002->338922->646291->338226->339093->339128->341549->342639->563096->342115->343710->341560->341518->341558->563191->341512->646737->341511->342869->341510->343158->343160->344191->344189->342755->341769->341499->341492->343516->343774->563132->646319->344219->341546->343780->342515->342812->341263->341711->341712
shortest_dijkstra,od2_dogok_yeongdong,long,off_peak,7.0,10,1391.1115,753.3414,637.77,848.059,1457.8857,5773.7,27,True,54,5,3,46,338934->338933->338631->339979->340332->338581->338269->338705->339116->339138->338582->338268->338262->339922->340140->339002->338922->646291->338226->339093->339128->341549->342639->563096->342115->343710->341560->341518->341558->563191->341512->646737->341511->342869->341510->343158->343160->344191->344189->342755->341769->341499->341492->343516->343774->563132->646319->344219->341546->343780->342515->342812->341263->341711->341712
shortest_dijkstra,od2_dogok_yeongdong,long,off_peak,7.0,11,1408.6616,742.0542,666.6074,782.8301,1523.8053,5773.7,26,True,54,5,3,46,338934->338933->338631->339979->340332->338581->338269->338705->339116->339138->338582->338268->338262->339922->340140->339002->338922->646291->338226->339093->339128->341549->342639->563096->342115->343710->341560->341518->341558->563191->341512->646737->341511->342869->341510->343158->343160->344191->344189->342755->341769->341499->341492->343516->343774->563132->646319->344219->341546->343780->342515->342812->341263->341711->341712
shortest_dijkstra,od2_dogok_yeongdong,long,off_peak,7.0,12,1469.599,721.6285,747.9704,777.6904,1709.7939,5773.7,27,True,54,5,3,46,338934->338933->338631->339979->340332->338581->338269->338705->339116->339138->338582->338268->338262->339922->340140->339002->338922->646291->338226->339093->339128->341549->342639->563096->342115->343710->341560->341518->341558->563191->341512->646737->341511->342869->341510->343158->343160->344191->344189->342755->341769->341499->341492->343516->343774->563132->646319->344219->341546->343780->342515->342812->341263->341711->341712
shortest_dijkstra,od2_dogok_yeongdong,long,off_peak,7.0,13,1386.8742,722.7535,664.1206,792.4881,1518.1207,5773.7,26,True,54,5,3,46,338934->338933->338631->339979->340332->338581->338269->338705->339116->339138->338582->338268->338262->339922->340140->339002->338922->646291->338226->339093->339128->341549->342639->563096->342115->343710->341560->341518->341558->563191->341512->646737->341511->342869->341510->343158->343160->344191->344189->342755->341769->341499->341492->343516->343774->563132->646319->344219->341546->343780->342515->342812->341263->341711->341712
shortest_dijkstra,od2_dogok_yeongdong,long,off_peak,7.0,14,1407.8684,788.6975,619.171,890.7358,1415.3698,5773.7,26,True,54,5,3,46,338934->338933->338631->339979->340332->338581->338269->338705->339116->339138->338582->338268->338262->339922->340140->339002->338922->646291->338226->339093->339128->341549->342639->563096->342115->343710->341560->341518->341558->563191->341512->646737->341511->342869->341510->343158->343160->344191->344189->342755->341769->341499->341492->343516->343774->563132->646319->344219->341546->343780->342515->342812->341263->341711->341712
shortest_dijkstra,od2_dogok_yeongdong,long,off_peak,7.0,15,1413.2099,756.4059,656.804,805.8568,1501.3957,5773.7,26,True,54,5,3,46,338934->338933->338631->339979->340332->338581->338269->338705->339116->339138->338582->338268->338262->339922->340140->339002->338922->646291->338226->339093->339128->341549->342639->563096->342115->343710->341560->341518->341558->563191->341512->646737->341511->342869->341510->343158->343160->344191->344189->342755->341769->341499->341492->343516->343774->563132->646319->344219->341546->343780->342515->342812->341263->341711->341712
shortest_dijkstra,od2_dogok_yeongdong,long,off_peak,7.0,16,1391.4822,751.0632,640.419,843.9927,1463.9409,5773.7,26,True,54,5,3,46,338934->338933->338631->339979->340332->338581->338269->338705->339116->339138->338582->338268->338262->339922->340140->339002->338922->646291->338226->339093->339128->341549->342639->563096->342115->343710->341560->341518->341558->563191->341512->646737->341511->342869->341510->343158->343160->344191->344189->342755->341769->341499->341492->343516->343774->563132->646319->344219->341546->343780->342515->342812->341263->341711->341712
shortest_dijkstra,od2_dogok_yeongdong,long,off_peak,7.0,17,1414.5625,772.6897,641.8728,837.7357,1467.2642,5773.7,24,True,54,5,3,46,338934->338933->338631->339979->340332->338581->338269->338705->339116->339138->338582->338268->338262->339922->340140->339002->338922->646291->338226->339093->339128->341549->342639->563096->342115->343710->341560->341518->341558->563191->341512->646737->341511->342869->341510->343158->343160->344191->344189->342755->341769->341499->341492->343516->343774->563132->646319->344219->341546->343780->342515->342812->341263->341711->341712
shortest_dijkstra,od2_dogok_yeongdong,long,off_peak,7.0,18,1387.3058,752.9912,634.3146,859.4019,1449.9869,5773.7,28,True,54,5,3,46,338934->338933->338631->339979->340332->338581->338269->338705->339116->339138->338582->338268->338262->339922->340140->339002->338922->646291->338226->339093->339128->341549->342639->563096->342115->343710->341560->341518->341558->563191->341512->646737->341511->342869->341510->343158->343160->344191->344189->342755->341769->341499->341492->343516->343774->563132->646319->344219->341546->343780->342515->342812->341263->341711->341712
shortest_dijkstra,od2_dogok_yeongdong,long,off_peak,7.0,19,1420.5311,754.3237,666.2074,784.5669,1522.8911,5773.7,25,True,54,5,3,46,338934->338933->338631->339979->340332->338581->338269->338705->339116->339138->338582->338268->338262->339922->340140->339002->338922->646291->338226->339093->339128->341549->342639->563096->342115->343710->341560->341518->341558->563191->341512->646737->341511->342869->341510->343158->343160->344191->344189->342755->341769->341499->341492->343516->343774->563132->646319->344219->341546->343780->342515->342812->341263->341711->341712
shortest_dijkstra,od2_dogok_yeongdong,long,off_peak,7.0,20,1408.774,766.1642,642.6098,836.279,1468.9489,5773.7,27,True,54,5,3,46,338934->338933->338631->339979->340332->338581->338269->338705->339116->339138->338582->338268->338262->339922->340140->339002->338922->646291->338226->339093->339128->341549->342639->563096->342115->343710->341560->341518->341558->563191->341512->646737->341511->342869->341510->343158->343160->344191->344189->342755->341769->341499->341492->343516->343774->563132->646319->344219->341546->343780->342515->342812->341263->341711->341712
shortest_dijkstra,od2_dogok_yeongdong,long,off_peak,7.0,21,1415.4683,770.4735,644.9948,829.7142,1474.4008,5773.7,25,True,54,5,3,46,338934->338933->338631->339979->340332->338581->338269->338705->339116->339138->338582->338268->338262->339922->340140->339002->338922->646291->338226->339093->339128->341549->342639->563096->342115->343710->341560->341518->341558->563191->341512->646737->341511->342869->341510->343158->343160->344191->344189->342755->341769->341499->341492->343516->343774->563132->646319->344219->341546->343780->342515->342812->341263->341711->341712
shortest_dijkstra,od2_dogok_yeongdong,long,off_peak,7.0,22,1346.1036,744.965,601.1387,757.3779,1374.1496,5773.7,26,True,54,5,3,46,338934->338933->338631->339979->340332->338581->338269->338705->339116->339138->338582->338268->338262->339922->340140->339002->338922->646291->338226->339093->339128->341549->342639->563096->342115->343710->341560->341518->341558->563191->341512->646737->341511->342869->341510->343158->343160->344191->344189->342755->341769->341499->341492->343516->343774->563132->646319->344219->341546->343780->342515->342812->341263->341711->341712
shortest_dijkstra,od2_dogok_yeongdong,long,off_peak,7.0,23,1331.4817,743.3498,588.1319,787.6748,1344.4173,5773.7,24,True,54,5,3,46,338934->338933->338631->339979->340332->338581->338269->338705->339116->339138->338582->338268->338262->339922->340140->339002->338922->646291->338226->339093->339128->341549->342639->563096->342115->343710->341560->341518->341558->563191->341512->646737->341511->342869->341510->343158->343160->344191->344189->342755->341769->341499->341492->343516->343774->563132->646319->344219->341546->343780->342515->342812->341263->341711->341712
shortest_dijkstra,od2_dogok_yeongdong,long,off_peak,7.0,24,1334.6263,785.7244,548.9018,874.4586,1254.7408,5773.7,22,True,54,5,3,46,338934->338933->338631->339979->340332->338581->338269->338705->339116->339138->338582->338268->338262->339922->340140->339002->338922->646291->338226->339093->339128->341549->342639->563096->342115->343710->341560->341518->341558->563191->341512->646737->341511->342869->341510->343158->343160->344191->344189->342755->341769->341499->341492->343516->343774->563132->646319->344219->341546->343780->342515->342812->341263->341711->341712
shortest_dijkstra,od2_dogok_yeongdong,long,off_peak,7.0,25,1394.1409,725.2102,668.9307,780.4629,1529.1161,5773.7,26,True,54,5,3,46,338934->338933->338631->339979->340332->338581->338269->338705->339116->339138->338582->338268->338262->339922->340140->339002->338922->646291->338226->339093->339128->341549->342639->563096->342115->343710->341560->341518->341558->563191->341512->646737->341511->342869->341510->343158->343160->344191->344189->342755->341769->341499->341492->343516->343774->563132->646319->344219->341546->343780->342515->342812->341263->341711->341712
shortest_dijkstra,od2_dogok_yeongdong,long,off_peak,7.0,26,1394.7411,737.7862,656.9549,804.044,1501.7405,5773.7,28,True,54,5,3,46,338934->338933->338631->339979->340332->338581->338269->338705->339116->339138->338582->338268->338262->339922->340140->339002->338922->646291->338226->339093->339128->341549->342639->563096->342115->343710->341560->341518->341558->563191->341512->646737->341511->342869->341510->343158->343160->344191->344189->342755->341769->341499->341492->343516->343774->563132->646319->344219->341546->343780->342515->342812->341263->341711->341712
shortest_dijkstra,od2_dogok_yeongdong,long,off_peak,7.0,27,1385.4774,755.9344,629.5431,868.5256,1439.0796,5773.7,26,True,54,5,3,46,338934->338933->338631->339979->340332->338581->338269->338705->339116->339138->338582->338268->338262->339922->340140->339002->338922->646291->338226->339093->339128->341549->342639->563096->342115->343710->341560->341518->341558->563191->341512->646737->341511->342869->341510->343158->343160->344191->344189->342755->341769->341499->341492->343516->343774->563132->646319->344219->341546->343780->342515->342812->341263->341711->341712
shortest_dijkstra,od2_dogok_yeongdong,long,off_peak,7.0,28,1379.2633,754.3929,624.8704,880.6372,1428.3982,5773.7,28,True,54,5,3,46,338934->338933->338631->339979->340332->338581->338269->338705->339116->339138->338582->338268->338262->339922->340140->339002->338922->646291->338226->339093->339128->341549->342639->563096->342115->343710->341560->341518->341558->563191->341512->646737->341511->342869->341510->343158->343160->344191->344189->342755->341769->341499->341492->343516->343774->563132->646319->344219->341546->343780->342515->342812->341263->341711->341712
shortest_dijkstra,od2_dogok_yeongdong,long,off_peak,7.0,29,1379.0056,716.9974,662.0082,796.6348,1513.2919,5773.7,26,True,54,5,3,46,338934->338933->338631->339979->340332->338581->338269->338705->339116->339138->338582->338268->338262->339922->340140->339002->338922->646291->338226->339093->339128->341549->342639->563096->342115->343710->341560->341518->341558->563191->341512->646737->341511->342869->341510->343158->343160->344191->344189->342755->341769->341499->341492->343516->343774->563132->646319->344219->341546->343780->342515->342812->341263->341711->341712
shortest_dijkstra,od2_dogok_yeongdong,long,off_peak,7.0,30,1406.5304,738.0657,668.4647,777.0868,1528.051,5773.7,26,True,54,5,3,46,338934->338933->338631->339979->340332->338581->338269->338705->339116->339138->338582->338268->338262->339922->340140->339002->338922->646291->338226->339093->339128->341549->342639->563096->342115->343710->341560->341518->341558->563191->341512->646737->341511->342869->341510->343158->343160->344191->344189->342755->341769->341499->341492->343516->343774->563132->646319->344219->341546->343780->342515->342812->341263->341711->341712
shortest_dijkstra,od2_dogok_yeongdong,long,peak,8.0,1,1382.4651,777.3143,605.1508,923.4902,1383.3211,5773.7,28,True,54,5,3,46,338934->338933->338631->339979->340332->338581->338269->338705->339116->339138->338582->338268->338262->339922->340140->339002->338922->646291->338226->339093->339128->341549->342639->563096->342115->343710->341560->341518->341558->563191->341512->646737->341511->342869->341510->343158->343160->344191->344189->342755->341769->341499->341492->343516->343774->563132->646319->344219->341546->343780->342515->342812->341263->341711->341712
shortest_dijkstra,od2_dogok_yeongdong,long,peak,8.0,2,1334.2754,750.4989,583.7765,839.0741,1334.4612,5773.7,27,True,54,5,3,46,338934->338933->338631->339979->340332->338581->338269->338705->339116->339138->338582->338268->338262->339922->340140->339002->338922->646291->338226->339093->339128->341549->342639->563096->342115->343710->341560->341518->341558->563191->341512->646737->341511->342869->341510->343158->343160->344191->344189->342755->341769->341499->341492->343516->343774->563132->646319->344219->341546->343780->342515->342812->341263->341711->341712
shortest_dijkstra,od2_dogok_yeongdong,long,peak,8.0,3,1319.1092,745.7186,573.3905,860.2172,1310.7198,5773.7,26,True,54,5,3,46,338934->338933->338631->339979->340332->338581->338269->338705->339116->339138->338582->338268->338262->339922->340140->339002->338922->646291->338226->339093->339128->341549->342639->563096->342115->343710->341560->341518->341558->563191->341512->646737->341511->342869->341510->343158->343160->344191->344189->342755->341769->341499->341492->343516->343774->563132->646319->344219->341546->343780->342515->342812->341263->341711->341712
shortest_dijkstra,od2_dogok_yeongdong,long,peak,8.0,4,1363.8141,716.7206,647.0934,829.359,1479.1981,5773.7,28,True,54,5,3,46,338934->338933->338631->339979->340332->338581->338269->338705->339116->339138->338582->338268->338262->339922->340140->339002->338922->646291->338226->339093->339128->341549->342639->563096->342115->343710->341560->341518->341558->563191->341512->646737->341511->342869->341510->343158->343160->344191->344189->342755->341769->341499->341492->343516->343774->563132->646319->344219->341546->343780->342515->342812->341263->341711->341712
shortest_dijkstra,od2_dogok_yeongdong,long,peak,8.0,5,1304.3176,728.4809,575.8367,860.2282,1316.3116,5773.7,26,True,54,5,3,46,338934->338933->338631->339979->340332->338581->338269->338705->339116->339138->338582->338268->338262->339922->340140->339002->338922->646291->338226->339093->339128->341549->342639->563096->342115->343710->341560->341518->341558->563191->341512->646737->341511->342869->341510->343158->343160->344191->344189->342755->341769->341499->341492->343516->343774->563132->646319->344219->341546->343780->342515->342812->341263->341711->341712
shortest_dijkstra,od2_dogok_yeongdong,long,peak,8.0,6,1328.7463,755.4282,573.3181,861.8091,1310.5543,5773.7,25,True,54,5,3,46,338934->338933->338631->339979->340332->338581->338269->338705->339116->339138->338582->338268->338262->339922->340140->339002->338922->646291->338226->339093->339128->341549->342639->563096->342115->343710->341560->341518->341558->563191->341512->646737->341511->342869->341510->343158->343160->344191->344189->342755->341769->341499->341492->343516->343774->563132->646319->344219->341546->343780->342515->342812->341263->341711->341712
shortest_dijkstra,od2_dogok_yeongdong,long,peak,8.0,7,1324.6697,762.2996,562.3701,885.0288,1285.528,5773.7,26,True,54,5,3,46,338934->338933->338631->339979->340332->338581->338269->338705->339116->339138->338582->338268->338262->339922->340140->339002->338922->646291->338226->339093->339128->341549->342639->563096->342115->343710->341560->341518->341558->563191->341512->646737->341511->342869->341510->343158->343160->344191->344189->342755->341769->341499->341492->343516->343774->563132->646319->344219->341546->343780->342515->342812->341263->341711->341712
shortest_dijkstra,od2_dogok_yeongdong,long,peak,8.0,8,1391.2384,799.8888,591.3497,956.9075,1351.7728,5773.7,25,True,54,5,3,46,338934->338933->338631->339979->340332->338581->338269->338705->339116->339138->338582->338268->338262->339922->340140->339002->338922->646291->338226->339093->339128->341549->342639->563096->342115->343710->341560->341518->341558->563191->341512->646737->341511->342869->341510->343158->343160->344191->344189->342755->341769->341499->341492->343516->343774->563132->646319->344219->341546->343780->342515->342812->341263->341711->341712
shortest_dijkstra,od2_dogok_yeongdong,long,peak,8.0,9,1390.2726,778.9325,611.3401,908.2697,1397.4691,5773.7,27,True,54,5,3,46,338934->338933->338631->339979->340332->338581->338269->338705->339116->339138->338582->338268->338262->339922->340140->339002->338922->646291->338226->339093->339128->341549->342639->563096->342115->343710->341560->341518->341558->563191->341512->646737->341511->342869->341510->343158->343160->344191->344189->342755->341769->341499->341492->343516->343774->563132->646319->344219->341546->343780->342515->342812->341263->341711->341712
shortest_dijkstra,od2_dogok_yeongdong,long,peak,8.0,10,1314.1528,769.8742,544.2786,930.8101,1244.1724,5773.7,27,True,54,5,3,46,338934->338933->338631->339979->340332->338581->338269->338705->339116->339138->338582->338268->338262->339922->340140->339002->338922->646291->338226->339093->339128->341549->342639->563096->342115->343710->341560->341518->341558->563191->341512->646737->341511->342869->341510->343158->343160->344191->344189->342755->341769->341499->341492->343516->343774->563132->646319->344219->341546->343780->342515->342812->341263->341711->341712
shortest_dijkstra,od2_dogok_yeongdong,long,peak,8.0,11,1387.3599,777.9494,609.4104,913.7116,1393.0581,5773.7,26,True,54,5,3,46,338934->338933->338631->339979->340332->338581->338269->338705->339116->339138->338582->338268->338262->339922->340140->339002->338922->646291->338226->339093->339128->341549->342639->563096->342115->343710->341560->341518->341558->563191->341512->646737->341511->342869->341510->343158->343160->344191->344189->342755->341769->341499->341492->343516->343774->563132->646319->344219->341546->343780->342515->342812->341263->341711->341712
shortest_dijkstra,od2_dogok_yeongdong,long,peak,8.0,12,1319.4377,757.9752,561.4625,888.382,1283.4534,5773.7,25,True,54,5,3,46,338934->338933->338631->339979->340332->338581->338269->338705->339116->339138->338582->338268->338262->339922->340140->339002->338922->646291->338226->339093->339128->341549->342639->563096->342115->343710->341560->341518->341558->563191->341512->646737->341511->342869->341510->343158->343160->344191->344189->342755->341769->341499->341492->343516->343774->563132->646319->344219->341546->343780->342515->342812->341263->341711->341712
shortest_dijkstra,od2_dogok_yeongdong,long,peak,8.0,13,1328.4232,730.7509,597.6724,805.8419,1366.2259,5773.7,27,True,54,5,3,46,338934->338933->338631->339979->340332->338581->338269->338705->339116->339138->338582->338268->338262->339922->340140->339002->338922->646291->338226->339093->339128->341549->342639->563096->342115->343710->341560->341518->341558->563191->341512->646737->341511->342869->341510->343158->343160->344191->344189->342755->341769->341499->341492->343516->343774->563132->646319->344219->341546->343780->342515->342812->341263->341711->341712
shortest_dijkstra,od2_dogok_yeongdong,long,peak,8.0,14,1319.6089,796.3359,523.2731,975.5198,1196.1558,5773.7,27,True,54,5,3,46,338934->338933->338631->339979->340332->338581->338269->338705->339116->339138->338582->338268->338262->339922->340140->339002->338922->646291->338226->339093->339128->341549->342639->563096->342115->343710->341560->341518->341558->563191->341512->646737->341511->342869->341510->343158->343160->344191->344189->342755->341769->341499->341492->343516->343774->563132->646319->344219->341546->343780->342515->342812->341263->341711->341712
shortest_dijkstra,od2_dogok_yeongdong,long,peak,8.0,15,1298.1982,761.7513,536.4468,950.0658,1226.2699,5773.7,26,True,54,5,3,46,338934->338933->338631->339979->340332->338581->338269->338705->339116->339138->338582->338268->338262->339922->340140->339002->338922->646291->338226->339093->339128->341549->342639->563096->342115->343710->341560->341518->341558->563191->341512->646737->341511->342869->341510->343158->343160->344191->344189->342755->341769->341499->341492->343516->343774->563132->646319->344219->341546->343780->342515->342812->341263->341711->341712
shortest_dijkstra,od2_dogok_yeongdong,long,peak,8.0,16,1329.2365,801.4621,527.7744,967.846,1206.4454,5773.7,25,True,54,5,3,46,338934->338933->338631->339979->340332->338581->338269->338705->339116->339138->338582->338268->338262->339922->340140->339002->338922->646291->338226->339093->339128->341549->342639->563096->342115->343710->341560->341518->341558->563191->341512->646737->341511->342869->341510->343158->343160->344191->344189->342755->341769->341499->341492->343516->343774->563132->646319->344219->341546->343780->342515->342812->341263->341711->341712
shortest_dijkstra,od2_dogok_yeongdong,long,peak,8.0,17,1400.2157,760.7641,639.4516,844.8294,1461.7296,5773.7,25,True,54,5,3,46,338934->338933->338631->339979->340332->338581->338269->338705->339116->339138->338582->338268->338262->339922->340140->339002->338922->646291->338226->339093->339128->341549->342639->563096->342115->343710->341560->341518->341558->563191->341512->646737->341511->342869->341510->343158->343160->344191->344189->342755->341769->341499->341492->343516->343774->563132->646319->344219->341546->343780->342515->342812->341263->341711->341712
shortest_dijkstra,od2_dogok_yeongdong,long,peak,8.0,18,1290.9346,753.6157,537.3189,947.5878,1228.2633,5773.7,24,True,54,5,3,46,338934->338933->338631->339979->340332->338581->338269->338705->339116->339138->338582->338268->338262->339922->340140->339002->338922->646291->338226->339093->339128->341549->342639->563096->342115->343710->341560->341518->341558->563191->341512->646737->341511->342869->341510->343158->343160->344191->344189->342755->341769->341499->341492->343516->343774->563132->646319->344219->341546->343780->342515->342812->341263->341711->341712
shortest_dijkstra,od2_dogok_yeongdong,long,peak,8.0,19,1346.8061,789.6228,557.1833,897.4789,1273.6715,5773.7,26,True,54,5,3,46,338934->338933->338631->339979->340332->338581->338269->338705->339116->339138->338582->338268->338262->339922->340140->339002->338922->646291->338226->339093->339128->341549->342639->563096->342115->343710->341560->341518->341558->563191->341512->646737->341511->342869->341510->343158->343160->344191->344189->342755->341769->341499->341492->343516->343774->563132->646319->344219->341546->343780->342515->342812->341263->341711->341712
shortest_dijkstra,od2_dogok_yeongdong,long,peak,8.0,20,1388.3803,764.41,623.9702,883.6316,1426.3405,5773.7,27,True,54,5,3,46,338934->338933->338631->339979->340332->338581->338269->338705->339116->339138->338582->338268->338262->339922->340140->339002->338922->646291->338226->339093->339128->341549->342639->563096->342115->343710->341560->341518->341558->563191->341512->646737->341511->342869->341510->343158->343160->344191->344189->342755->341769->341499->341492->343516->343774->563132->646319->344219->341546->343780->342515->342812->341263->341711->341712
shortest_dijkstra,od2_dogok_yeongdong,long,peak,8.0,21,1333.7014,786.9215,546.78,925.7616,1249.8904,5773.7,26,True,54,5,3,46,338934->338933->338631->339979->340332->338581->338269->338705->339116->339138->338582->338268->338262->339922->340140->339002->338922->646291->338226->339093->339128->341549->342639->563096->342115->343710->341560->341518->341558->563191->341512->646737->341511->342869->341510->343158->343160->344191->344189->342755->341769->341499->341492->343516->343774->563132->646319->344219->341546->343780->342515->342812->341263->341711->341712
shortest_dijkstra,od2_dogok_yeongdong,long,peak,8.0,22,1335.4003,786.2242,549.1761,920.2519,1255.3678,5773.7,26,True,54,5,3,46,338934->338933->338631->339979->340332->338581->338269->338705->339116->339138->338582->338268->338262->339922->340140->339002->338922->646291->338226->339093->339128->341549->342639->563096->342115->343710->341560->341518->341558->563191->341512->646737->341511->342869->341510->343158->343160->344191->344189->342755->341769->341499->341492->343516->343774->563132->646319->344219->341546->343780->342515->342812->341263->341711->341712
shortest_dijkstra,od2_dogok_yeongdong,long,peak,8.0,23,1323.6374,776.4154,547.2221,921.9179,1250.9011,5773.7,26,True,54,5,3,46,338934->338933->338631->339979->340332->338581->338269->338705->339116->339138->338582->338268->338262->339922->340140->339002->338922->646291->338226->339093->339128->341549->342639->563096->342115->343710->341560->341518->341558->563191->341512->646737->341511->342869->341510->343158->343160->344191->344189->342755->341769->341499->341492->343516->343774->563132->646319->344219->341546->343780->342515->342812->341263->341711->341712
shortest_dijkstra,od2_dogok_yeongdong,long,peak,8.0,24,1338.7244,761.0449,577.6795,856.788,1320.524,5773.7,25,True,54,5,3,46,338934->338933->338631->339979->340332->338581->338269->338705->339116->339138->338582->338268->338262->339922->340140->339002->338922->646291->338226->339093->339128->341549->342639->563096->342115->343710->341560->341518->341558->563191->341512->646737->341511->342869->341510->343158->343160->344191->344189->342755->341769->341499->341492->343516->343774->563132->646319->344219->341546->343780->342515->342812->341263->341711->341712
shortest_dijkstra,od2_dogok_yeongdong,long,peak,8.0,25,1351.1184,763.729,587.3894,829.5298,1342.72,5773.7,26,True,54,5,3,46,338934->338933->338631->339979->340332->338581->338269->338705->339116->339138->338582->338268->338262->339922->340140->339002->338922->646291->338226->339093->339128->341549->342639->563096->342115->343710->341560->341518->341558->563191->341512->646737->341511->342869->341510->343158->343160->344191->344189->342755->341769->341499->341492->343516->343774->563132->646319->344219->341546->343780->342515->342812->341263->341711->341712
shortest_dijkstra,od2_dogok_yeongdong,long,peak,8.0,26,1337.6119,794.409,543.2029,933.8033,1241.7135,5773.7,25,True,54,5,3,46,338934->338933->338631->339979->340332->338581->338269->338705->339116->339138->338582->338268->338262->339922->340140->339002->338922->646291->338226->339093->339128->341549->342639->563096->342115->343710->341560->341518->341558->563191->341512->646737->341511->342869->341510->343158->343160->344191->344189->342755->341769->341499->341492->343516->343774->563132->646319->344219->341546->343780->342515->342812->341263->341711->341712
shortest_dijkstra,od2_dogok_yeongdong,long,peak,8.0,27,1320.2237,750.1615,570.0623,868.5258,1303.1117,5773.7,26,True,54,5,3,46,338934->338933->338631->339979->340332->338581->338269->338705->339116->339138->338582->338268->338262->339922->340140->339002->338922->646291->338226->339093->339128->341549->342639->563096->342115->343710->341560->341518->341558->563191->341512->646737->341511->342869->341510->343158->343160->344191->344189->342755->341769->341499->341492->343516->343774->563132->646319->344219->341546->343780->342515->342812->341263->341711->341712
shortest_dijkstra,od2_dogok_yeongdong,long,peak,8.0,28,1325.5903,742.6469,582.9434,840.876,1332.5568,5773.7,26,True,54,5,3,46,338934->338933->338631->339979->340332->338581->338269->338705->339116->339138->338582->338268->338262->339922->340140->339002->338922->646291->338226->339093->339128->341549->342639->563096->342115->343710->341560->341518->341558->563191->341512->646737->341511->342869->341510->343158->343160->344191->344189->342755->341769->341499->341492->343516->343774->563132->646319->344219->341546->343780->342515->342812->341263->341711->341712
shortest_dijkstra,od2_dogok_yeongdong,long,peak,8.0,29,1343.6476,782.6989,560.9486,889.1896,1282.2787,5773.7,26,True,54,5,3,46,338934->338933->338631->339979->340332->338581->338269->338705->339116->339138->338582->338268->338262->339922->340140->339002->338922->646291->338226->339093->339128->341549->342639->563096->342115->343710->341560->341518->341558->563191->341512->646737->341511->342869->341510->343158->343160->344191->344189->342755->341769->341499->341492->343516->343774->563132->646319->344219->341546->343780->342515->342812->341263->341711->341712
shortest_dijkstra,od2_dogok_yeongdong,long,peak,8.0,30,1349.13,772.4312,576.6988,856.9211,1318.2822,5773.7,26,True,54,5,3,46,338934->338933->338631->339979->340332->338581->338269->338705->339116->339138->338582->338268->338262->339922->340140->339002->338922->646291->338226->339093->339128->341549->342639->563096->342115->343710->341560->341518->341558->563191->341512->646737->341511->342869->341510->343158->343160->344191->344189->342755->341769->341499->341492->343516->343774->563132->646319->344219->341546->343780->342515->342812->341263->341711->341712
shortest_dijkstra,od1_sinnonhyeon_suseo,long,off_peak,7.0,1,1740.6537,1162.0538,578.5998,1038.3396,1322.6279,9210.2,27,True,80,2,5,73,342695->342700->343100->342865->340641->340704->341588->343777->340703->342671->340702->341790->341589->340701->563070->340700->341581->341792->342664->341793->341587->341794->342634->340699->342632->343072->341795->341544->341796->343669->341798->342622->341797->341771->341545->341772->646612->341541->340708->646354->342633->342626->344210->341542->341773->341547->563166->341548->340707->343666->343075->341543->588052->341499->344500->342607->587988->342821->341768->646932->341500->341501->343078->647029->647031->647028->647033->342043->338909->338898->338897->340035->338396->338397->338402->338405->338404->338391->338773->613666->613667
shortest_dijkstra,od1_sinnonhyeon_suseo,long,off_peak,7.0,2,1824.1968,1182.9369,641.2598,1124.1078,1465.863,9210.2,28,True,80,2,5,73,342695->342700->343100->342865->340641->340704->341588->343777->340703->342671->340702->341790->341589->340701->563070->340700->341581->341792->342664->341793->341587->341794->342634->340699->342632->343072->341795->341544->341796->343669->341798->342622->341797->341771->341545->341772->646612->341541->340708->646354->342633->342626->344210->341542->341773->341547->563166->341548->340707->343666->343075->341543->588052->341499->344500->342607->587988->342821->341768->646932->341500->341501->343078->647029->647031->647028->647033->342043->338909->338898->338897->340035->338396->338397->338402->338405->338404->338391->338773->613666->613667
shortest_dijkstra,od1_sinnonhyeon_suseo,long,off_peak,7.0,3,1872.2969,1163.7206,708.5763,1109.2759,1619.7424,9210.2,27,True,80,2,5,73,342695->342700->343100->342865->340641->340704->341588->343777->340703->342671->340702->341790->341589->340701->563070->340700->341581->341792->342664->341793->341587->341794->342634->340699->342632->343072->341795->341544->341796->343669->341798->342622->341797->341771->341545->341772->646612->341541->340708->646354->342633->342626->344210->341542->341773->341547->563166->341548->340707->343666->343075->341543->588052->341499->344500->342607->587988->342821->341768->646932->341500->341501->343078->647029->647031->647028->647033->342043->338909->338898->338897->340035->338396->338397->338402->338405->338404->338391->338773->613666->613667
shortest_dijkstra,od1_sinnonhyeon_suseo,long,off_peak,7.0,4,1709.1894,1130.5004,578.689,1037.8365,1322.8317,9210.2,27,True,80,2,5,73,342695->342700->343100->342865->340641->340704->341588->343777->340703->342671->340702->341790->341589->340701->563070->340700->341581->341792->342664->341793->341587->341794->342634->340699->342632->343072->341795->341544->341796->343669->341798->342622->341797->341771->341545->341772->646612->341541->340708->646354->342633->342626->344210->341542->341773->341547->563166->341548->340707->343666->343075->341543->588052->341499->344500->342607->587988->342821->341768->646932->341500->341501->343078->647029->647031->647028->647033->342043->338909->338898->338897->340035->338396->338397->338402->338405->338404->338391->338773->613666->613667
shortest_dijkstra,od1_sinnonhyeon_suseo,long,off_peak,7.0,5,1715.1092,1146.7798,568.3294,1061.0971,1299.1504,9210.2,27,True,80,2,5,73,342695->342700->343100->342865->340641->340704->341588->343777->340703->342671->340702->341790->341589->340701->563070->340700->341581->341792->342664->341793->341587->341794->342634->340699->342632->343072->341795->341544->341796->343669->341798->342622->341797->341771->341545->341772->646612->341541->340708->646354->342633->342626->344210->341542->341773->341547->563166->341548->340707->343666->343075->341543->588052->341499->344500->342607->587988->342821->341768->646932->341500->341501->343078->647029->647031->647028->647033->342043->338909->338898->338897->340035->338396->338397->338402->338405->338404->338391->338773->613666->613667
shortest_dijkstra,od1_sinnonhyeon_suseo,long,off_peak,7.0,6,1735.8964,1171.4195,564.4769,1068.9342,1290.3441,9210.2,27,True,80,2,5,73,342695->342700->343100->342865->340641->340704->341588->343777->340703->342671->340702->341790->341589->340701->563070->340700->341581->341792->342664->341793->341587->341794->342634->340699->342632->343072->341795->341544->341796->343669->341798->342622->341797->341771->341545->341772->646612->341541->340708->646354->342633->342626->344210->341542->341773->341547->563166->341548->340707->343666->343075->341543->588052->341499->344500->342607->587988->342821->341768->646932->341500->341501->343078->647029->647031->647028->647033->342043->338909->338898->338897->340035->338396->338397->338402->338405->338404->338391->338773->613666->613667
shortest_dijkstra,od1_sinnonhyeon_suseo,long,off_peak,7.0,7,1848.3648,1242.2604,606.1044,1088.4673,1385.5008,9210.2,28,True,80,2,5,73,342695->342700->343100->342865->340641->340704->341588->343777->340703->342671->340702->341790->341589->340701->563070->340700->341581->341792->342664->341793->341587->341794->342634->340699->342632->343072->341795->341544->341796->343669->341798->342622->341797->341771->341545->341772->646612->341541->340708->646354->342633->342626->344210->341542->341773->341547->563166->341548->340707->343666->343075->341543->588052->341499->344500->342607->587988->342821->341768->646932->341500->341501->343078->647029->647031->647028->647033->342043->338909->338898->338897->340035->338396->338397->338402->338405->338404->338391->338773->613666->613667
shortest_dijkstra,od1_sinnonhyeon_suseo,long,off_peak,7.0,8,1855.7057,1213.3094,642.3963,1123.08,1468.4609,9210.2,28,True,80,2,5,73,342695->342700->343100->342865->340641->340704->341588->343777->340703->342671->340702->341790->341589->340701->563070->340700->341581->341792->342664->341793->341587->341794->342634->340699->342632->343072->341795->341544->341796->343669->341798->342622->341797->341771->341545->341772->646612->341541->340708->646354->342633->342626->344210->341542->341773->341547->563166->341548->340707->343666->343075->341543->588052->341499->344500->342607->587988->342821->341768->646932->341500->341501->343078->647029->647031->647028->647033->342043->338909->338898->338897->340035->338396->338397->338402->338405->338404->338391->338773->613666->613667
shortest_dijkstra,od1_sinnonhyeon_suseo,long,off_peak,7.0,9,1784.1746,1132.1222,652.0524,1099.9176,1490.5339,9210.2,29,True,80,2,5,73,342695->342700->343100->342865->340641->340704->341588->343777->340703->342671->340702->341790->341589->340701->563070->340700->341581->341792->342664->341793->341587->341794->342634->340699->342632->343072->341795->341544->341796->343669->341798->342622->341797->341771->341545->341772->646612->341541->340708->646354->342633->342626->344210->341542->341773->341547->563166->341548->340707->343666->343075->341543->588052->341499->344500->342607->587988->342821->341768->646932->341500->341501->343078->647029->647031->647028->647033->342043->338909->338898->338897->340035->338396->338397->338402->338405->338404->338391->338773->613666->613667
shortest_dijkstra,od1_sinnonhyeon_suseo,long,off_peak,7.0,10,1801.7665,1154.4856,647.2809,1109.9151,1479.6266,9210.2,29,True,80,2,5,73,342695->342700->343100->342865->340641->340704->341588->343777->340703->342671->340702->341790->341589->340701->563070->340700->341581->341792->342664->341793->341587->341794->342634->340699->342632->343072->341795->341544->341796->343669->341798->342622->341797->341771->341545->341772->646612->341541->340708->646354->342633->342626->344210->341542->341773->341547->563166->341548->340707->343666->343075->341543->588052->341499->344500->342607->587988->342821->341768->646932->341500->341501->343078->647029->647031->647028->647033->342043->338909->338898->338897->340035->338396->338397->338402->338405->338404->338391->338773->613666->613667
shortest_dijkstra,od1_sinnonhyeon_suseo,long,off_peak,7.0,11,1787.3527,1192.433,594.9198,1142.1109,1359.9338,9210.2,27,True,80,2,5,73,342695->342700->343100->342865->340641->340704->341588->343777->340703->342671->340702->341790->341589->340701->563070->340700->341581->341792->342664->341793->341587->341794->342634->340699->342632->343072->341795->341544->341796->343669->341798->342622->341797->341771->341545->341772->646612->341541->340708->646354->342633->342626->344210->341542->341773->341547->563166->341548->340707->343666->343075->341543->588052->341499->344500->342607->587988->342821->341768->646932->341500->341501->343078->647029->647031->647028->647033->342043->338909->338898->338897->340035->338396->338397->338402->338405->338404->338391->338773->613666->613667
shortest_dijkstra,od1_sinnonhyeon_suseo,long,off_peak,7.0,12,1902.863,1207.8805,694.9825,1138.5041,1588.6683,9210.2,27,True,80,2,5,73,342695->342700->343100->342865->340641->340704->341588->343777->340703->342671->340702->341790->341589->340701->563070->340700->341581->341792->342664->341793->341587->341794->342634->340699->342632->343072->341795->341544->341796->343669->341798->342622->341797->341771->341545->341772->646612->341541->340708->646354->342633->342626->344210->341542->341773->341547->563166->341548->340707->343666->343075->341543->588052->341499->344500->342607->587988->342821->341768->646932->341500->341501->343078->647029->647031->647028->647033->342043->338909->338898->338897->340035->338396->338397->338402->338405->338404->338391->338773->613666->613667
shortest_dijkstra,od1_sinnonhyeon_suseo,long,off_peak,7.0,13,1832.0836,1142.7195,689.3641,1155.1825,1575.8251,9210.2,26,True,80,2,5,73,342695->342700->343100->342865->340641->340704->341588->343777->340703->342671->340702->341790->341589->340701->563070->340700->341581->341792->342664->341793->341587->341794->342634->340699->342632->343072->341795->341544->341796->343669->341798->342622->341797->341771->341545->341772->646612->341541->340708->646354->342633->342626->344210->341542->341773->341547->563166->341548->340707->343666->343075->341543->588052->341499->344500->342607->587988->342821->341768->646932->341500->341501->343078->647029->647031->647028->647033->342043->338909->338898->338897->340035->338396->338397->338402->338405->338404->338391->338773->613666->613667
shortest_dijkstra,od1_sinnonhyeon_suseo,long,off_peak,7.0,14,1793.3408,1141.7976,651.5432,1101.594,1489.3699,9210.2,29,True,80,2,5,73,342695->342700->343100->342865->340641->340704->341588->343777->340703->342671->340702->341790->341589->340701->563070->340700->341581->341792->342664->341793->341587->341794->342634->340699->342632->343072->341795->341544->341796->343669->341798->342622->341797->341771->341545->341772->646612->341541->340708->646354->342633->342626->344210->341542->341773->341547->563166->341548->340707->343666->343075->341543->588052->341499->344500->342607->587988->342821->341768->646932->341500->341501->343078->647029->647031->647028->647033->342043->338909->338898->338897->340035->338396->338397->338402->338405->338404->338391->338773->613666->613667
shortest_dijkstra,od1_sinnonhyeon_suseo,long,off_peak,7.0,15,1800.0445,1229.5715,570.4729,1055.4138,1304.0505,9210.2,26,True,80,2,5,73,342695->342700->343100->342865->340641->340704->341588->343777->340703->342671->340702->341790->341589->340701->563070->340700->341581->341792->342664->341793->341587->341794->342634->340699->342632->343072->341795->341544->341796->343669->341798->342622->341797->341771->341545->341772->646612->341541->340708->646354->342633->342626->344210->341542->341773->341547->563166->341548->340707->343666->343075->341543->588052->341499->344500->342607->587988->342821->341768->646932->341500->341501->343078->647029->647031->647028->647033->342043->338909->338898->338897->340035->338396->338397->338402->338405->338404->338391->338773->613666->613667
shortest_dijkstra,od1_sinnonhyeon_suseo,long,off_peak,7.0,16,1745.4844,1194.7933,550.6911,1100.3289,1258.8309,9210.2,27,True,80,2,5,73,342695->342700->343100->342865->340641->340704->341588->343777->340703->342671->340702->341790->341589->340701->563070->340700->341581->341792->342664->341793->341587->341794->342634->340699->342632->343072->341795->341544->341796->343669->341798->342622->341797->341771->341545->341772->646612->341541->340708->646354->342633->342626->344210->341542->341773->341547->563166->341548->340707->343666->343075->341543->588052->341499->344500->342607->587988->342821->341768->646932->341500->341501->343078->647029->647031->647028->647033->342043->338909->338898->338897->340035->338396->338397->338402->338405->338404->338391->338773->613666->613667
shortest_dijkstra,od1_sinnonhyeon_suseo,long,off_peak,7.0,17,1716.7102,1135.1579,581.5523,1030.8024,1329.3769,9210.2,27,True,80,2,5,73,342695->342700->343100->342865->340641->340704->341588->343777->340703->342671->340702->341790->341589->340701->563070->340700->341581->341792->342664->341793->341587->341794->342634->340699->342632->343072->341795->341544->341796->343669->341798->342622->341797->341771->341545->341772->646612->341541->340708->646354->342633->342626->344210->341542->341773->341547->563166->341548->340707->343666->343075->341543->588052->341499->344500->342607->587988->342821->341768->646932->341500->341501->343078->647029->647031->647028->647033->342043->338909->338898->338897->340035->338396->338397->338402->338405->338404->338391->338773->613666->613667
shortest_dijkstra,od1_sinnonhyeon_suseo,long,off_peak,7.0,18,1839.8121,1167.4575,672.3547,1054.5323,1536.9431,9210.2,28,True,80,2,5,73,342695->342700->343100->342865->340641->340704->341588->343777->340703->342671->340702->341790->341589->340701->563070->340700->341581->341792->342664->341793->341587->341794->342634->340699->342632->343072->341795->341544->341796->343669->341798->342622->341797->341771->341545->341772->646612->341541->340708->646354->342633->342626->344210->341542->341773->341547->563166->341548->340707->343666->343075->341543->588052->341499->344500->342607->587988->342821->341768->646932->341500->341501->343078->647029->647031->647028->647033->342043->338909->338898->338897->340035->338396->338397->338402->338405->338404->338391->338773->613666->613667
shortest_dijkstra,od1_sinnonhyeon_suseo,long,off_peak,7.0,19,1803.7143,1185.1786,618.5357,1078.487,1413.9177,9210.2,27,True,80,2,5,73,342695->342700->343100->342865->340641->340704->341588->343777->340703->342671->340702->341790->341589->340701->563070->340700->341581->341792->342664->341793->341587->341794->342634->340699->342632->343072->341795->341544->341796->343669->341798->342622->341797->341771->341545->341772->646612->341541->340708->646354->342633->342626->344210->341542->341773->341547->563166->341548->340707->343666->343075->341543->588052->341499->344500->342607->587988->342821->341768->646932->341500->341501->343078->647029->647031->647028->647033->342043->338909->338898->338897->340035->338396->338397->338402->338405->338404->338391->338773->613666->613667
shortest_dijkstra,od1_sinnonhyeon_suseo,long,off_peak,7.0,20,1863.3529,1193.556,669.7969,1199.3531,1531.0962,9210.2,27,True,80,2,5,73,342695->342700->343100->342865->340641->340704->341588->343777->340703->342671->340702->341790->341589->340701->563070->340700->341581->341792->342664->341793->341587->341794->342634->340699->342632->343072->341795->341544->341796->343669->341798->342622->341797->341771->341545->341772->646612->341541->340708->646354->342633->342626->344210->341542->341773->341547->563166->341548->340707->343666->343075->341543->588052->341499->344500->342607->587988->342821->341768->646932->341500->341501->343078->647029->647031->647028->647033->342043->338909->338898->338897->340035->338396->338397->338402->338405->338404->338391->338773->613666->613667
shortest_dijkstra,od1_sinnonhyeon_suseo,long,off_peak,7.0,21,1888.7328,1202.2472,686.4856,1161.6627,1569.2452,9210.2,27,True,80,2,5,73,342695->342700->343100->342865->340641->340704->341588->343777->340703->342671->340702->341790->341589->340701->563070->340700->341581->341792->342664->341793->341587->341794->342634->340699->342632->343072->341795->341544->341796->343669->341798->342622->341797->341771->341545->341772->646612->341541->340708->646354->342633->342626->344210->341542->341773->341547->563166->341548->340707->343666->343075->341543->588052->341499->344500->342607->587988->342821->341768->646932->341500->341501->343078->647029->647031->647028->647033->342043->338909->338898->338897->340035->338396->338397->338402->338405->338404->338391->338773->613666->613667
shortest_dijkstra,od1_sinnonhyeon_suseo,long,off_peak,7.0,22,1755.6259,1187.8187,567.8072,1181.5236,1297.9569,9210.2,26,True,80,2,5,73,342695->342700->343100->342865->340641->340704->341588->343777->340703->342671->340702->341790->341589->340701->563070->340700->341581->341792->342664->341793->341587->341794->342634->340699->342632->343072->341795->341544->341796->343669->341798->342622->341797->341771->341545->341772->646612->341541->340708->646354->342633->342626->344210->341542->341773->341547->563166->341548->340707->343666->343075->341543->588052->341499->344500->342607->587988->342821->341768->646932->341500->341501->343078->647029->647031->647028->647033->342043->338909->338898->338897->340035->338396->338397->338402->338405->338404->338391->338773->613666->613667
shortest_dijkstra,od1_sinnonhyeon_suseo,long,off_peak,7.0,23,1853.1376,1225.6998,627.4378,1156.7867,1434.267,9210.2,28,True,80,2,5,73,342695->342700->343100->342865->340641->340704->341588->343777->340703->342671->340702->341790->341589->340701->563070->340700->341581->341792->342664->341793->341587->341794->342634->340699->342632->343072->341795->341544->341796->343669->341798->342622->341797->341771->341545->341772->646612->341541->340708->646354->342633->342626->344210->341542->341773->341547->563166->341548->340707->343666->343075->341543->588052->341499->344500->342607->587988->342821->341768->646932->341500->341501->343078->647029->647031->647028->647033->342043->338909->338898->338897->340035->338396->338397->338402->338405->338404->338391->338773->613666->613667
shortest_dijkstra,od1_sinnonhyeon_suseo,long,off_peak,7.0,24,1752.199,1162.2755,589.9234,1012.0286,1348.5126,9210.2,27,True,80,2,5,73,342695->342700->343100->342865->340641->340704->341588->343777->340703->342671->340702->341790->341589->340701->563070->340700->341581->341792->342664->341793->341587->341794->342634->340699->342632->343072->341795->341544->341796->343669->341798->342622->341797->341771->341545->341772->646612->341541->340708->646354->342633->342626->344210->341542->341773->341547->563166->341548->340707->343666->343075->341543->588052->341499->344500->342607->587988->342821->341768->646932->341500->341501->343078->647029->647031->647028->647033->342043->338909->338898->338897->340035->338396->338397->338402->338405->338404->338391->338773->613666->613667
shortest_dijkstra,od1_sinnonhyeon_suseo,long,off_peak,7.0,25,1788.4959,1171.7661,616.7299,1087.1519,1409.7897,9210.2,27,True,80,2,5,73,342695->342700->343100->342865->340641->340704->341588->343777->340703->342671->340702->341790->341589->340701->563070->340700->341581->341792->342664->341793->341587->341794->342634->340699->342632->343072->341795->341544->341796->343669->341798->342622->341797->341771->341545->341772->646612->341541->340708->646354->342633->342626->344210->341542->341773->341547->563166->341548->340707->343666->343075->341543->588052->341499->344500->342607->587988->342821->341768->646932->341500->341501->343078->647029->647031->647028->647033->342043->338909->338898->338897->340035->338396->338397->338402->338405->338404->338391->338773->613666->613667
shortest_dijkstra,od1_sinnonhyeon_suseo,long,off_peak,7.0,26,1779.1041,1163.944,615.1601,1083.3263,1406.2013,9210.2,27,True,80,2,5,73,342695->342700->343100->342865->340641->340704->341588->343777->340703->342671->340702->341790->341589->340701->563070->340700->341581->341792->342664->341793->341587->341794->342634->340699->342632->343072->341795->341544->341796->343669->341798->342622->341797->341771->341545->341772->646612->341541->340708->646354->342633->342626->344210->341542->341773->341547->563166->341548->340707->343666->343075->341543->588052->341499->344500->342607->587988->342821->341768->646932->341500->341501->343078->647029->647031->647028->647033->342043->338909->338898->338897->340035->338396->338397->338402->338405->338404->338391->338773->613666->613667
shortest_dijkstra,od1_sinnonhyeon_suseo,long,off_peak,7.0,27,1755.8891,1182.4313,573.4578,1048.9815,1310.8737,9210.2,27,True,80,2,5,73,342695->342700->343100->342865->340641->340704->341588->343777->340703->342671->340702->341790->341589->340701->563070->340700->341581->341792->342664->341793->341587->341794->342634->340699->342632->343072->341795->341544->341796->343669->341798->342622->341797->341771->341545->341772->646612->341541->340708->646354->342633->342626->344210->341542->341773->341547->563166->341548->340707->343666->343075->341543->588052->341499->344500->342607->587988->342821->341768->646932->341500->341501->343078->647029->647031->647028->647033->342043->338909->338898->338897->340035->338396->338397->338402->338405->338404->338391->338773->613666->613667
shortest_dijkstra,od1_sinnonhyeon_suseo,long,off_peak,7.0,28,1786.6399,1190.3999,596.24,1132.4857,1362.9517,9210.2,27,True,80,2,5,73,342695->342700->343100->342865->340641->340704->341588->343777->340703->342671->340702->341790->341589->340701->563070->340700->341581->341792->342664->341793->341587->341794->342634->340699->342632->343072->341795->341544->341796->343669->341798->342622->341797->341771->341545->341772->646612->341541->340708->646354->342633->342626->344210->341542->341773->341547->563166->341548->340707->343666->343075->341543->588052->341499->344500->342607->587988->342821->341768->646932->341500->341501->343078->647029->647031->647028->647033->342043->338909->338898->338897->340035->338396->338397->338402->338405->338404->338391->338773->613666->613667
shortest_dijkstra,od1_sinnonhyeon_suseo,long,off_peak,7.0,29,1807.3776,1201.1162,606.2614,1088.7109,1385.8598,9210.2,27,True,80,2,5,73,342695->342700->343100->342865->340641->340704->341588->343777->340703->342671->340702->341790->341589->340701->563070->340700->341581->341792->342664->341793->341587->341794->342634->340699->342632->343072->341795->341544->341796->343669->341798->342622->341797->341771->341545->341772->646612->341541->340708->646354->342633->342626->344210->341542->341773->341547->563166->341548->340707->343666->343075->341543->588052->341499->344500->342607->587988->342821->341768->646932->341500->341501->343078->647029->647031->647028->647033->342043->338909->338898->338897->340035->338396->338397->338402->338405->338404->338391->338773->613666->613667
shortest_dijkstra,od1_sinnonhyeon_suseo,long,off_peak,7.0,30,1768.8204,1167.8572,600.9632,1116.5383,1373.7485,9210.2,28,True,80,2,5,73,342695->342700->343100->342865->340641->340704->341588->343777->340703->342671->340702->341790->341589->340701->563070->340700->341581->341792->342664->341793->341587->341794->342634->340699->342632->343072->341795->341544->341796->343669->341798->342622->341797->341771->341545->341772->646612->341541->340708->646354->342633->342626->344210->341542->341773->341547->563166->341548->340707->343666->343075->341543->588052->341499->344500->342607->587988->342821->341768->646932->341500->341501->343078->647029->647031->647028->647033->342043->338909->338898->338897->340035->338396->338397->338402->338405->338404->338391->338773->613666->613667
shortest_dijkstra,od1_sinnonhyeon_suseo,long,peak,8.0,1,1962.9895,1245.5578,717.4317,1260.889,1639.9852,9210.2,31,True,80,2,5,73,342695->342700->343100->342865->340641->340704->341588->343777->340703->342671->340702->341790->341589->340701->563070->340700->341581->341792->342664->341793->341587->341794->342634->340699->342632->343072->341795->341544->341796->343669->341798->342622->341797->341771->341545->341772->646612->341541->340708->646354->342633->342626->344210->341542->341773->341547->563166->341548->340707->343666->343075->341543->588052->341499->344500->342607->587988->342821->341768->646932->341500->341501->343078->647029->647031->647028->647033->342043->338909->338898->338897->340035->338396->338397->338402->338405->338404->338391->338773->613666->613667
shortest_dijkstra,od1_sinnonhyeon_suseo,long,peak,8.0,2,1915.911,1186.7928,729.1181,1119.7597,1666.6993,9210.2,31,True,80,2,5,73,342695->342700->343100->342865->340641->340704->341588->343777->340703->342671->340702->341790->341589->340701->563070->340700->341581->341792->342664->341793->341587->341794->342634->340699->342632->343072->341795->341544->341796->343669->341798->342622->341797->341771->341545->341772->646612->341541->340708->646354->342633->342626->344210->341542->341773->341547->563166->341548->340707->343666->343075->341543->588052->341499->344500->342607->587988->342821->341768->646932->341500->341501->343078->647029->647031->647028->647033->342043->338909->338898->338897->340035->338396->338397->338402->338405->338404->338391->338773->613666->613667
shortest_dijkstra,od1_sinnonhyeon_suseo,long,peak,8.0,3,1913.9258,1248.8072,665.1185,1263.8918,1520.4019,9210.2,29,True,80,2,5,73,342695->342700->343100->342865->340641->340704->341588->343777->340703->342671->340702->341790->341589->340701->563070->340700->341581->341792->342664->341793->341587->341794->342634->340699->342632->343072->341795->341544->341796->343669->341798->342622->341797->341771->341545->341772->646612->341541->340708->646354->342633->342626->344210->341542->341773->341547->563166->341548->340707->343666->343075->341543->588052->341499->344500->342607->587988->342821->341768->646932->341500->341501->343078->647029->647031->647028->647033->342043->338909->338898->338897->340035->338396->338397->338402->338405->338404->338391->338773->613666->613667
shortest_dijkstra,od1_sinnonhyeon_suseo,long,peak,8.0,4,1860.2058,1166.5812,693.6246,1200.9481,1585.5643,9210.2,31,True,80,2,5,73,342695->342700->343100->342865->340641->340704->341588->343777->340703->342671->340702->341790->341589->340701->563070->340700->341581->341792->342664->341793->341587->341794->342634->340699->342632->343072->341795->341544->341796->343669->341798->342622->341797->341771->341545->341772->646612->341541->340708->646354->342633->342626->344210->341542->341773->341547->563166->341548->340707->343666->343075->341543->588052->341499->344500->342607->587988->342821->341768->646932->341500->341501->343078->647029->647031->647028->647033->342043->338909->338898->338897->340035->338396->338397->338402->338405->338404->338391->338773->613666->613667
shortest_dijkstra,od1_sinnonhyeon_suseo,long,peak,8.0,5,1982.1021,1312.7424,669.3597,1257.9937,1530.0969,9210.2,27,True,80,2,5,73,342695->342700->343100->342865->340641->340704->341588->343777->340703->342671->340702->341790->341589->340701->563070->340700->341581->341792->342664->341793->341587->341794->342634->340699->342632->343072->341795->341544->341796->343669->341798->342622->341797->341771->341545->341772->646612->341541->340708->646354->342633->342626->344210->341542->341773->341547->563166->341548->340707->343666->343075->341543->588052->341499->344500->342607->587988->342821->341768->646932->341500->341501->343078->647029->647031->647028->647033->342043->338909->338898->338897->340035->338396->338397->338402->338405->338404->338391->338773->613666->613667
shortest_dijkstra,od1_sinnonhyeon_suseo,long,peak,8.0,6,1889.2765,1214.1534,675.1231,1241.9607,1543.2714,9210.2,31,True,80,2,5,73,342695->342700->343100->342865->340641->340704->341588->343777->340703->342671->340702->341790->341589->340701->563070->340700->341581->341792->342664->341793->341587->341794->342634->340699->342632->343072->341795->341544->341796->343669->341798->342622->341797->341771->341545->341772->646612->341541->340708->646354->342633->342626->344210->341542->341773->341547->563166->341548->340707->343666->343075->341543->588052->341499->344500->342607->587988->342821->341768->646932->341500->341501->343078->647029->647031->647028->647033->342043->338909->338898->338897->340035->338396->338397->338402->338405->338404->338391->338773->613666->613667
shortest_dijkstra,od1_sinnonhyeon_suseo,long,peak,8.0,7,1921.6915,1205.0318,716.6598,1146.9212,1638.2206,9210.2,32,True,80,2,5,73,342695->342700->343100->342865->340641->340704->341588->343777->340703->342671->340702->341790->341589->340701->563070->340700->341581->341792->342664->341793->341587->341794->342634->340699->342632->343072->341795->341544->341796->343669->341798->342622->341797->341771->341545->341772->646612->341541->340708->646354->342633->342626->344210->341542->341773->341547->563166->341548->340707->343666->343075->341543->588052->341499->344500->342607->587988->342821->341768->646932->341500->341501->343078->647029->647031->647028->647033->342043->338909->338898->338897->340035->338396->338397->338402->338405->338404->338391->338773->613666->613667
shortest_dijkstra,od1_sinnonhyeon_suseo,long,peak,8.0,8,1844.3279,1126.4031,717.9248,1143.339,1641.1123,9210.2,31,True,80,2,5,73,342695->342700->343100->342865->340641->340704->341588->343777->340703->342671->340702->341790->341589->340701->563070->340700->341581->341792->342664->341793->341587->341794->342634->340699->342632->343072->341795->341544->341796->343669->341798->342622->341797->341771->341545->341772->646612->341541->340708->646354->342633->342626->344210->341542->341773->341547->563166->341548->340707->343666->343075->341543->588052->341499->344500->342607->587988->342821->341768->646932->341500->341501->343078->647029->647031->647028->647033->342043->338909->338898->338897->340035->338396->338397->338402->338405->338404->338391->338773->613666->613667
shortest_dijkstra,od1_sinnonhyeon_suseo,long,peak,8.0,9,1945.1483,1230.7459,714.4024,1151.7814,1633.0604,9210.2,31,True,80,2,5,73,342695->342700->343100->342865->340641->340704->341588->343777->340703->342671->340702->341790->341589->340701->563070->340700->341581->341792->342664->341793->341587->341794->342634->340699->342632->343072->341795->341544->341796->343669->341798->342622->341797->341771->341545->341772->646612->341541->340708->646354->342633->342626->344210->341542->341773->341547->563166->341548->340707->343666->343075->341543->588052->341499->344500->342607->587988->342821->341768->646932->341500->341501->343078->647029->647031->647028->647033->342043->338909->338898->338897->340035->338396->338397->338402->338405->338404->338391->338773->613666->613667
shortest_dijkstra,od1_sinnonhyeon_suseo,long,peak,8.0,10,1860.554,1146.0756,714.4784,1152.42,1633.2342,9210.2,32,True,80,2,5,73,342695->342700->343100->342865->340641->340704->341588->343777->340703->342671->340702->341790->341589->340701->563070->340700->341581->341792->342664->341793->341587->341794->342634->340699->342632->343072->341795->341544->341796->343669->341798->342622->341797->341771->341545->341772->646612->341541->340708->646354->342633->342626->344210->341542->341773->341547->563166->341548->340707->343666->343075->341543->588052->341499->344500->342607->587988->342821->341768->646932->341500->341501->343078->647029->647031->647028->647033->342043->338909->338898->338897->340035->338396->338397->338402->338405->338404->338391->338773->613666->613667
shortest_dijkstra,od1_sinnonhyeon_suseo,long,peak,8.0,11,1867.586,1179.5128,688.0732,1212.4168,1572.8742,9210.2,30,True,80,2,5,73,342695->342700->343100->342865->340641->340704->341588->343777->340703->342671->340702->341790->341589->340701->563070->340700->341581->341792->342664->341793->341587->341794->342634->340699->342632->343072->341795->341544->341796->343669->341798->342622->341797->341771->341545->341772->646612->341541->340708->646354->342633->342626->344210->341542->341773->341547->563166->341548->340707->343666->343075->341543->588052->341499->344500->342607->587988->342821->341768->646932->341500->341501->343078->647029->647031->647028->647033->342043->338909->338898->338897->340035->338396->338397->338402->338405->338404->338391->338773->613666->613667
shortest_dijkstra,od1_sinnonhyeon_suseo,long,peak,8.0,12,1932.2785,1211.2545,721.024,1136.6983,1648.1969,9210.2,32,True,80,2,5,73,342695->342700->343100->342865->340641->340704->341588->343777->340703->342671->340702->341790->341589->340701->563070->340700->341581->341792->342664->341793->341587->341794->342634->340699->342632->343072->341795->341544->341796->343669->341798->342622->341797->341771->341545->341772->646612->341541->340708->646354->342633->342626->344210->341542->341773->341547->563166->341548->340707->343666->343075->341543->588052->341499->344500->342607->587988->342821->341768->646932->341500->341501->343078->647029->647031->647028->647033->342043->338909->338898->338897->340035->338396->338397->338402->338405->338404->338391->338773->613666->613667
shortest_dijkstra,od1_sinnonhyeon_suseo,long,peak,8.0,13,1906.8023,1208.7026,698.0997,1197.6243,1595.7939,9210.2,31,True,80,2,5,73,342695->342700->343100->342865->340641->340704->341588->343777->340703->342671->340702->341790->341589->340701->563070->340700->341581->341792->342664->341793->341587->341794->342634->340699->342632->343072->341795->341544->341796->343669->341798->342622->341797->341771->341545->341772->646612->341541->340708->646354->342633->342626->344210->341542->341773->341547->563166->341548->340707->343666->343075->341543->588052->341499->344500->342607->587988->342821->341768->646932->341500->341501->343078->647029->647031->647028->647033->342043->338909->338898->338897->340035->338396->338397->338402->338405->338404->338391->338773->613666->613667
shortest_dijkstra,od1_sinnonhyeon_suseo,long,peak,8.0,14,1883.8091,1210.5664,673.2426,1245.8476,1538.9728,9210.2,30,True,80,2,5,73,342695->342700->343100->342865->340641->340704->341588->343777->340703->342671->340702->341790->341589->340701->563070->340700->341581->341792->342664->341793->341587->341794->342634->340699->342632->343072->341795->341544->341796->343669->341798->342622->341797->341771->341545->341772->646612->341541->340708->646354->342633->342626->344210->341542->341773->341547->563166->341548->340707->343666->343075->341543->588052->341499->344500->342607->587988->342821->341768->646932->341500->341501->343078->647029->647031->647028->647033->342043->338909->338898->338897->340035->338396->338397->338402->338405->338404->338391->338773->613666->613667
shortest_dijkstra,od1_sinnonhyeon_suseo,long,peak,8.0,15,1881.8675,1166.687,715.1805,1149.9488,1634.839,9210.2,31,True,80,2,5,73,342695->342700->343100->342865->340641->340704->341588->343777->340703->342671->340702->341790->341589->340701->563070->340700->341581->341792->342664->341793->341587->341794->342634->340699->342632->343072->341795->341544->341796->343669->341798->342622->341797->341771->341545->341772->646612->341541->340708->646354->342633->342626->344210->341542->341773->341547->563166->341548->340707->343666->343075->341543->588052->341499->344500->342607->587988->342821->341768->646932->341500->341501->343078->647029->647031->647028->647033->342043->338909->338898->338897->340035->338396->338397->338402->338405->338404->338391->338773->613666->613667
shortest_dijkstra,od1_sinnonhyeon_suseo,long,peak,8.0,16,1915.4339,1191.405,724.0289,1253.0212,1655.0657,9210.2,32,True,80,2,5,73,342695->342700->343100->342865->340641->340704->341588->343777->340703->342671->340702->341790->341589->340701->563070->340700->341581->341792->342664->341793->341587->341794->342634->340699->342632->343072->341795->341544->341796->343669->341798->342622->341797->341771->341545->341772->646612->341541->340708->646354->342633->342626->344210->341542->341773->341547->563166->341548->340707->343666->343075->341543->588052->341499->344500->342607->587988->342821->341768->646932->341500->341501->343078->647029->647031->647028->647033->342043->338909->338898->338897->340035->338396->338397->338402->338405->338404->338391->338773->613666->613667
shortest_dijkstra,od1_sinnonhyeon_suseo,long,peak,8.0,17,1890.1929,1216.7903,673.4026,1245.1906,1539.3386,9210.2,30,True,80,2,5,73,342695->342700->343100->342865->340641->340704->341588->343777->340703->342671->340702->341790->341589->340701->563070->340700->341581->341792->342664->341793->341587->341794->342634->340699->342632->343072->341795->341544->341796->343669->341798->342622->341797->341771->341545->341772->646612->341541->340708->646354->342633->342626->344210->341542->341773->341547->563166->341548->340707->343666->343075->341543->588052->341499->344500->342607->587988->342821->341768->646932->341500->341501->343078->647029->647031->647028->647033->342043->338909->338898->338897->340035->338396->338397->338402->338405->338404->338391->338773->613666->613667
shortest_dijkstra,od1_sinnonhyeon_suseo,long,peak,8.0,18,1828.9449,1146.5722,682.3727,1225.1346,1559.8434,9210.2,32,True,80,2,5,73,342695->342700->343100->342865->340641->340704->341588->343777->340703->342671->340702->341790->341589->340701->563070->340700->341581->341792->342664->341793->341587->341794->342634->340699->342632->343072->341795->341544->341796->343669->341798->342622->341797->341771->341545->341772->646612->341541->340708->646354->342633->342626->344210->341542->341773->341547->563166->341548->340707->343666->343075->341543->588052->341499->344500->342607->587988->342821->341768->646932->341500->341501->343078->647029->647031->647028->647033->342043->338909->338898->338897->340035->338396->338397->338402->338405->338404->338391->338773->613666->613667
shortest_dijkstra,od1_sinnonhyeon_suseo,long,peak,8.0,19,1956.4228,1232.2385,724.1843,1129.2947,1655.421,9210.2,30,True,80,2,5,73,342695->342700->343100->342865->340641->340704->341588->343777->340703->342671->340702->341790->341589->340701->563070->340700->341581->341792->342664->341793->341587->341794->342634->340699->342632->343072->341795->341544->341796->343669->341798->342622->341797->341771->341545->341772->646612->341541->340708->646354->342633->342626->344210->341542->341773->341547->563166->341548->340707->343666->343075->341543->588052->341499->344500->342607->587988->342821->341768->646932->341500->341501->343078->647029->647031->647028->647033->342043->338909->338898->338897->340035->338396->338397->338402->338405->338404->338391->338773->613666->613667
shortest_dijkstra,od1_sinnonhyeon_suseo,long,peak,8.0,20,1902.6431,1211.9455,690.6976,1205.974,1578.8735,9210.2,30,True,80,2,5,73,342695->342700->343100->342865->340641->340704->341588->343777->340703->342671->340702->341790->341589->340701->563070->340700->341581->341792->342664->341793->341587->341794->342634->340699->342632->343072->341795->341544->341796->343669->341798->342622->341797->341771->341545->341772->646612->341541->340708->646354->342633->342626->344210->341542->341773->341547->563166->341548->340707->343666->343075->341543->588052->341499->344500->342607->587988->342821->341768->646932->341500->341501->343078->647029->647031->647028->647033->342043->338909->338898->338897->340035->338396->338397->338402->338405->338404->338391->338773->613666->613667
shortest_dijkstra,od1_sinnonhyeon_suseo,long,peak,8.0,21,1872.3892,1188.623,683.7663,1222.6629,1563.029,9210.2,31,True,80,2,5,73,342695->342700->343100->342865->340641->340704->341588->343777->340703->342671->340702->341790->341589->340701->563070->340700->341581->341792->342664->341793->341587->341794->342634->340699->342632->343072->341795->341544->341796->343669->341798->342622->341797->341771->341545->341772->646612->341541->340708->646354->342633->342626->344210->341542->341773->341547->563166->341548->340707->343666->343075->341543->588052->341499->344500->342607->587988->342821->341768->646932->341500->341501->343078->647029->647031->647028->647033->342043->338909->338898->338897->340035->338396->338397->338402->338405->338404->338391->338773->613666->613667
shortest_dijkstra,od1_sinnonhyeon_suseo,long,peak,8.0,22,1928.2462,1240.2673,687.9789,1212.5877,1572.6586,9210.2,29,True,80,2,5,73,342695->342700->343100->342865->340641->340704->341588->343777->340703->342671->340702->341790->341589->340701->563070->340700->341581->341792->342664->341793->341587->341794->342634->340699->342632->343072->341795->341544->341796->343669->341798->342622->341797->341771->341545->341772->646612->341541->340708->646354->342633->342626->344210->341542->341773->341547->563166->341548->340707->343666->343075->341543->588052->341499->344500->342607->587988->342821->341768->646932->341500->341501->343078->647029->647031->647028->647033->342043->338909->338898->338897->340035->338396->338397->338402->338405->338404->338391->338773->613666->613667
shortest_dijkstra,od1_sinnonhyeon_suseo,long,peak,8.0,23,1835.7515,1131.9059,703.8456,1175.2327,1608.9286,9210.2,30,True,80,2,5,73,342695->342700->343100->342865->340641->340704->341588->343777->340703->342671->340702->341790->341589->340701->563070->340700->341581->341792->342664->341793->341587->341794->342634->340699->342632->343072->341795->341544->341796->343669->341798->342622->341797->341771->341545->341772->646612->341541->340708->646354->342633->342626->344210->341542->341773->341547->563166->341548->340707->343666->343075->341543->588052->341499->344500->342607->587988->342821->341768->646932->341500->341501->343078->647029->647031->647028->647033->342043->338909->338898->338897->340035->338396->338397->338402->338405->338404->338391->338773->613666->613667
shortest_dijkstra,od1_sinnonhyeon_suseo,long,peak,8.0,24,1888.2288,1183.5427,704.6861,1173.5103,1610.85,9210.2,30,True,80,2,5,73,342695->342700->343100->342865->340641->340704->341588->343777->340703->342671->340702->341790->341589->340701->563070->340700->341581->341792->342664->341793->341587->341794->342634->340699->342632->343072->341795->341544->341796->343669->341798->342622->341797->341771->341545->341772->646612->341541->340708->646354->342633->342626->344210->341542->341773->341547->563166->341548->340707->343666->343075->341543->588052->341499->344500->342607->587988->342821->341768->646932->341500->341501->343078->647029->647031->647028->647033->342043->338909->338898->338897->340035->338396->338397->338402->338405->338404->338391->338773->613666->613667
shortest_dijkstra,od1_sinnonhyeon_suseo,long,peak,8.0,25,1860.8502,1187.7675,673.0827,1247.5489,1538.6072,9210.2,30,True,80,2,5,73,342695->342700->343100->342865->340641->340704->341588->343777->340703->342671->340702->341790->341589->340701->563070->340700->341581->341792->342664->341793->341587->341794->342634->340699->342632->343072->341795->341544->341796->343669->341798->342622->341797->341771->341545->341772->646612->341541->340708->646354->342633->342626->344210->341542->341773->341547->563166->341548->340707->343666->343075->341543->588052->341499->344500->342607->587988->342821->341768->646932->341500->341501->343078->647029->647031->647028->647033->342043->338909->338898->338897->340035->338396->338397->338402->338405->338404->338391->338773->613666->613667
shortest_dijkstra,od1_sinnonhyeon_suseo,long,peak,8.0,26,1937.4128,1208.8197,728.5931,1118.8886,1665.4992,9210.2,32,True,80,2,5,73,342695->342700->343100->342865->340641->340704->341588->343777->340703->342671->340702->341790->341589->340701->563070->340700->341581->341792->342664->341793->341587->341794->342634->340699->342632->343072->341795->341544->341796->343669->341798->342622->341797->341771->341545->341772->646612->341541->340708->646354->342633->342626->344210->341542->341773->341547->563166->341548->340707->343666->343075->341543->588052->341499->344500->342607->587988->342821->341768->646932->341500->341501->343078->647029->647031->647028->647033->342043->338909->338898->338897->340035->338396->338397->338402->338405->338404->338391->338773->613666->613667
shortest_dijkstra,od1_sinnonhyeon_suseo,long,peak,8.0,27,1855.4569,1182.2413,673.2156,1248.074,1538.911,9210.2,30,True,80,2,5,73,342695->342700->343100->342865->340641->340704->341588->343777->340703->342671->340702->341790->341589->340701->563070->340700->341581->341792->342664->341793->341587->341794->342634->340699->342632->343072->341795->341544->341796->343669->341798->342622->341797->341771->341545->341772->646612->341541->340708->646354->342633->342626->344210->341542->341773->341547->563166->341548->340707->343666->343075->341543->588052->341499->344500->342607->587988->342821->341768->646932->341500->341501->343078->647029->647031->647028->647033->342043->338909->338898->338897->340035->338396->338397->338402->338405->338404->338391->338773->613666->613667
shortest_dijkstra,od1_sinnonhyeon_suseo,long,peak,8.0,28,1903.7522,1235.4564,668.2958,1257.2659,1527.6648,9210.2,30,True,80,2,5,73,342695->342700->343100->342865->340641->340704->341588->343777->340703->342671->340702->341790->341589->340701->563070->340700->341581->341792->342664->341793->341587->341794->342634->340699->342632->343072->341795->341544->341796->343669->341798->342622->341797->341771->341545->341772->646612->341541->340708->646354->342633->342626->344210->341542->341773->341547->563166->341548->340707->343666->343075->341543->588052->341499->344500->342607->587988->342821->341768->646932->341500->341501->343078->647029->647031->647028->647033->342043->338909->338898->338897->340035->338396->338397->338402->338405->338404->338391->338773->613666->613667
shortest_dijkstra,od1_sinnonhyeon_suseo,long,peak,8.0,29,1851.4744,1159.6533,691.8211,1204.132,1581.4416,9210.2,30,True,80,2,5,73,342695->342700->343100->342865->340641->340704->341588->343777->340703->342671->340702->341790->341589->340701->563070->340700->341581->341792->342664->341793->341587->341794->342634->340699->342632->343072->341795->341544->341796->343669->341798->342622->341797->341771->341545->341772->646612->341541->340708->646354->342633->342626->344210->341542->341773->341547->563166->341548->340707->343666->343075->341543->588052->341499->344500->342607->587988->342821->341768->646932->341500->341501->343078->647029->647031->647028->647033->342043->338909->338898->338897->340035->338396->338397->338402->338405->338404->338391->338773->613666->613667
shortest_dijkstra,od1_sinnonhyeon_suseo,long,peak,8.0,30,1854.9485,1163.0609,691.8876,1203.0249,1581.5936,9210.2,31,True,80,2,5,73,342695->342700->343100->342865->340641->340704->341588->343777->340703->342671->340702->341790->341589->340701->563070->340700->341581->341792->342664->341793->341587->341794->342634->340699->342632->343072->341795->341544->341796->343669->341798->342622->341797->341771->341545->341772->646612->341541->340708->646354->342633->342626->344210->341542->341773->341547->563166->341548->340707->343666->343075->341543->588052->341499->344500->342607->587988->342821->341768->646932->341500->341501->343078->647029->647031->647028->647033->342043->338909->338898->338897->340035->338396->338397->338402->338405->338404->338391->338773->613666->613667
static_fuel_dijkstra,od2_dogok_yeongdong,long,off_peak,7.0,1,1262.4491,779.2279,483.2212,813.2043,1104.6007,6097.1,17,True,61,7,6,48,338934->338933->338631->339979->340332->338581->338269->338705->339116->339138->338582->338268->338262->338586->339132->338258->613662->339651->338651->562919->562884->613773->613772->339003->339662->341549->342639->341564->341562->341552->342644->613995->342640->342641->341775->343989->341774->341547->341773->341542->344210->342626->342633->646354->340708->341541->646612->341772->341545->341770->342619->646934->341802->341272->341799->342510->341803->342523->343378->341269->341713->341712
static_fuel_dijkstra,od2_dogok_yeongdong,long,off_peak,7.0,2,1362.8537,838.2266,524.6271,928.0819,1199.251,6209.8,18,True,60,10,7,43,338934->338933->338631->339979->340332->338581->338269->338705->339116->339138->338582->338268->338262->338586->339132->338258->613662->339651->338651->562919->562884->613773->613772->339003->339662->341549->342639->341564->341562->341552->342644->613995->342640->342641->341775->343989->341774->341547->563165->342628->341542->344210->342626->342633->646354->340708->341541->646612->341772->341545->340698->341540->340697->343457->341546->343780->342515->342812->341263->341711->341712
static_fuel_dijkstra,od2_dogok_yeongdong,long,off_peak,7.0,3,1173.666,763.2803,410.3857,805.4524,938.1053,6097.1,14,True,61,7,6,48,338934->338933->338631->339979->340332->338581->338269->338705->339116->339138->338582->338268->338262->338586->339132->338258->613662->339651->338651->562919->562884->613773->613772->339003->339662->341549->342639->341564->341562->341552->342644->613995->342640->342641->341775->343989->341774->341547->341773->341542->344210->342626->342633->646354->340708->341541->646612->341772->341545->341770->342619->646934->341802->341272->341799->342510->341803->342523->343378->341269->341713->341712
static_fuel_dijkstra,od2_dogok_yeongdong,long,off_peak,7.0,4,1351.9962,936.191,415.8051,963.3656,950.4936,6766.2,16,True,73,10,10,53,338934->338933->338631->339979->340332->338581->338269->338705->339116->339138->338582->338268->338262->338586->339132->338258->613662->339651->338651->339293->341572->588040->341557->343102->344213->341607->342693->343943->343106->341601->646355->341593->563301->342151->563098->341597->646782->646784->342673->563097->342669->646669->646668->342670->340587->341789->341589->341791->342678->341981->341938->342660->646413->342069->342661->342494->341586->646410->342677->342495->342496->343071->344391->342512->341801->341272->341799->342510->341803->342523->343378->341269->341713->341712
static_fuel_dijkstra,od2_dogok_yeongdong,long,off_peak,7.0,5,1370.7397,845.9083,524.8314,927.7284,1199.718,6251.7,19,True,56,8,7,41,338934->338933->338631->339979->340332->338581->338269->338705->339116->339138->338582->338268->338262->338586->339132->338258->613662->339651->338651->562919->562884->613773->613772->339003->339662->341549->341566->341568->341561->341563->341553->341608->342649->341592->341591->342631->563095->342614->340597->342633->646354->340708->341541->646612->341772->341545->340698->341540->340697->343457->341546->343780->342515->342812->341263->341711->341712
static_fuel_dijkstra,od2_dogok_yeongdong,long,off_peak,7.0,6,1379.4946,804.6903,574.8044,813.5896,1313.9517,6259.9,19,True,62,9,7,46,338934->338933->338631->339979->340332->338581->338269->338705->339116->339138->338582->338268->338262->338586->339132->338258->613662->339651->338651->562919->562884->613773->613772->339003->339662->341549->342639->341564->341562->341552->342644->613995->342640->341551->341538->613852->344181->342630->342628->563165->341547->341773->341542->344210->342626->342633->646354->340708->341541->646612->341772->341545->340698->341540->340697->343457->341546->343780->342515->342812->341263->341711->341712
static_fuel_dijkstra,od2_dogok_yeongdong,long,off_peak,7.0,7,1171.6088,771.1398,400.469,833.3207,915.4365,6097.1,15,True,61,7,6,48,338934->338933->338631->339979->340332->338581->338269->338705->339116->339138->338582->338268->338262->338586->339132->338258->613662->339651->338651->562919->562884->613773->613772->339003->339662->341549->342639->341564->341562->341552->342644->613995->342640->342641->341775->343989->341774->341547->341773->341542->344210->342626->342633->646354->340708->341541->646612->341772->341545->341770->342619->646934->341802->341272->341799->342510->341803->342523->343378->341269->341713->341712
static_fuel_dijkstra,od2_dogok_yeongdong,long,off_peak,7.0,8,1124.3905,785.1621,339.2284,809.8123,775.4461,6014.1,15,True,57,9,7,41,338934->338933->338631->339979->340332->338581->338269->338705->339116->339138->338582->338268->338262->338586->339132->338258->613662->339651->338651->562919->562884->613773->613772->339003->339662->341549->342639->341564->341562->341552->342644->613995->342640->342641->341775->343989->341774->341547->341773->341542->344210->342626->342633->646354->340708->341541->341539->563187->341540->340697->343457->341546->343780->342515->342812->341263->341711->341712
static_fuel_dijkstra,od2_dogok_yeongdong,long,off_peak,7.0,9,1094.4193,759.8864,334.5329,829.9491,764.7124,6014.1,15,True,57,9,7,41,338934->338933->338631->339979->340332->338581->338269->338705->339116->339138->338582->338268->338262->338586->339132->338258->613662->339651->338651->562919->562884->613773->613772->339003->339662->341549->342639->341564->341562->341552->342644->613995->342640->342641->341775->343989->341774->341547->341773->341542->344210->342626->342633->646354->340708->341541->341539->563187->341540->340697->343457->341546->343780->342515->342812->341263->341711->341712
static_fuel_dijkstra,od2_dogok_yeongdong,long,off_peak,7.0,10,1135.9169,836.5258,299.3912,916.4763,684.3817,6520.7,16,True,55,10,9,36,338934->338933->338631->339979->340332->338581->338269->338705->339116->339138->338582->338268->338262->338586->339132->338258->613662->339651->338651->562919->562884->613773->613772->339003->339662->341549->342639->341564->341562->341552->341563->341553->341608->342649->341592->341591->342631->563095->342614->340597->342633->646354->340708->341541->341539->563187->341540->340697->343457->341546->343780->342515->342812->341263->341711->341712
static_fuel_dijkstra,od2_dogok_yeongdong,long,off_peak,7.0,11,1171.5317,840.3381,331.1936,830.035,757.0791,6520.7,17,True,55,10,9,36,338934->338933->338631->339979->340332->338581->338269->338705->339116->339138->338582->338268->338262->338586->339132->338258->613662->339651->338651->562919->562884->613773->613772->339003->339662->341549->342639->341564->341562->341552->341563->341553->341608->342649->341592->341591->342631->563095->342614->340597->342633->646354->340708->341541->341539->563187->341540->340697->343457->341546->343780->342515->342812->341263->341711->341712
static_fuel_dijkstra,od2_dogok_yeongdong,long,off_peak,7.0,12,1223.2497,870.3312,352.9185,940.558,806.7403,6603.7,16,True,59,8,8,43,338934->338933->338631->339979->340332->338581->338269->338705->339116->339138->338582->338268->338262->338586->339132->338258->613662->339651->338651->562919->562884->613773->613772->339003->339662->341549->342639->341564->341562->341552->341563->341553->341608->342649->341592->341591->342631->563095->342614->340597->342633->646354->340708->341541->646612->341772->341545->341770->342619->646934->341802->341272->341799->342510->341803->342523->343378->341269->341713->341712
static_fuel_dijkstra,od2_dogok_yeongdong,long,off_peak,7.0,13,1276.2473,815.5385,460.7088,866.5239,1053.1393,6097.1,15,True,61,7,6,48,338934->338933->338631->339979->340332->338581->338269->338705->339116->339138->338582->338268->338262->338586->339132->338258->613662->339651->338651->562919->562884->613773->613772->339003->339662->341549->342639->341564->341562->341552->342644->613995->342640->342641->341775->343989->341774->341547->341773->341542->344210->342626->342633->646354->340708->341541->646612->341772->341545->341770->342619->646934->341802->341272->341799->342510->341803->342523->343378->341269->341713->341712
static_fuel_dijkstra,od2_dogok_yeongdong,long,off_peak,7.0,14,1265.3987,823.9552,441.4435,905.8915,1009.1006,6206.6,18,True,63,7,7,49,338934->338933->338631->339979->340332->338581->338269->338705->339116->339138->338582->338268->338262->338586->339132->338258->613662->339651->338651->339293->341572->588040->341557->343102->344213->341607->342693->343943->343106->341601->646355->341593->344353->342694->563168->341608->342649->341592->341591->342150->342680->342681->341587->342682->587943->646411->341586->646410->342677->342495->342496->343071->344391->342512->341801->341272->341799->342510->341803->342523->343378->341269->341713->341712
static_fuel_dijkstra,od2_dogok_yeongdong,long,off_peak,7.0,15,1241.3692,882.3614,359.0078,921.7894,820.6599,6573.0,17,True,73,8,8,57,338934->338933->338631->339979->340332->338581->338269->338705->339116->339138->338582->338268->338262->338586->339132->338258->613662->339651->338651->339293->341572->588040->341557->343102->344213->341607->342693->343943->343106->341601->646355->341593->563301->342151->563098->341597->646782->646784->342673->341983->342679->341982->646362->646667->340587->341789->341589->341791->342678->341981->341938->342660->646413->342069->342661->342494->341586->646410->342677->342495->342496->343071->344391->342512->341801->341272->341799->342510->341803->342523->343378->341269->341713->341712
static_fuel_dijkstra,od2_dogok_yeongdong,long,off_peak,7.0,16,1226.4473,759.3703,467.077,856.9969,1067.6966,6097.1,17,True,61,7,6,48,338934->338933->338631->339979->340332->338581->338269->338705->339116->339138->338582->338268->338262->338586->339132->338258->613662->339651->338651->562919->562884->613773->613772->339003->339662->341549->342639->341564->341562->341552->342644->613995->342640->342641->341775->343989->341774->341547->341773->341542->344210->342626->342633->646354->340708->341541->646612->341772->341545->341770->342619->646934->341802->341272->341799->342510->341803->342523->343378->341269->341713->341712
static_fuel_dijkstra,od2_dogok_yeongdong,long,off_peak,7.0,17,1300.9171,846.409,454.5081,885.5974,1038.9652,6603.7,17,True,59,8,8,43,338934->338933->338631->339979->340332->338581->338269->338705->339116->339138->338582->338268->338262->338586->339132->338258->613662->339651->338651->562919->562884->613773->613772->339003->339662->341549->342639->341564->341562->341552->341563->341553->341608->342649->341592->341591->342631->563095->342614->340597->342633->646354->340708->341541->646612->341772->341545->341770->342619->646934->341802->341272->341799->342510->341803->342523->343378->341269->341713->341712
static_fuel_dijkstra,od2_dogok_yeongdong,long,off_peak,7.0,18,1153.1584,838.1898,314.9686,866.8335,719.9902,6520.7,17,True,55,10,9,36,338934->338933->338631->339979->340332->338581->338269->338705->339116->339138->338582->338268->338262->338586->339132->338258->613662->339651->338651->562919->562884->613773->613772->339003->339662->341549->342639->341564->341562->341552->341563->341553->341608->342649->341592->341591->342631->563095->342614->340597->342633->646354->340708->341541->341539->563187->341540->340697->343457->341546->343780->342515->342812->341263->341711->341712
static_fuel_dijkstra,od2_dogok_yeongdong,long,off_peak,7.0,19,1351.6337,864.8123,486.8214,973.0306,1112.8305,6766.2,17,True,73,10,10,53,338934->338933->338631->339979->340332->338581->338269->338705->339116->339138->338582->338268->338262->338586->339132->338258->613662->339651->338651->339293->341572->588040->341557->343102->344213->341607->342693->343943->343106->341601->646355->341593->563301->342151->563098->341597->646782->646784->342673->563097->342669->646669->646668->342670->340587->341789->341589->341791->342678->341981->341938->342660->646413->342069->342661->342494->341586->646410->342677->342495->342496->343071->344391->342512->341801->341272->341799->342510->341803->342523->343378->341269->341713->341712
static_fuel_dijkstra,od2_dogok_yeongdong,long,off_peak,7.0,20,1145.1412,790.6715,354.4697,788.8495,810.2863,6014.1,17,True,57,9,7,41,338934->338933->338631->339979->340332->338581->338269->338705->339116->339138->338582->338268->338262->338586->339132->338258->613662->339651->338651->562919->562884->613773->613772->339003->339662->341549->342639->341564->341562->341552->342644->613995->342640->342641->341775->343989->341774->341547->341773->341542->344210->342626->342633->646354->340708->341541->341539->563187->341540->340697->343457->341546->343780->342515->342812->341263->341711->341712
static_fuel_dijkstra,od2_dogok_yeongdong,long,off_peak,7.0,21,1260.8134,843.3857,417.4277,964.2091,954.2027,6603.7,15,True,59,8,8,43,338934->338933->338631->339979->340332->338581->338269->338705->339116->339138->338582->338268->338262->338586->339132->338258->613662->339651->338651->562919->562884->613773->613772->339003->339662->341549->342639->341564->341562->341552->341563->341553->341608->342649->341592->341591->342631->563095->342614->340597->342633->646354->340708->341541->646612->341772->341545->341770->342619->646934->341802->341272->341799->342510->341803->342523->343378->341269->341713->341712
static_fuel_dijkstra,od2_dogok_yeongdong,long,off_peak,7.0,22,1217.1563,831.8709,385.2854,860.9943,880.7282,6206.6,16,True,63,7,7,49,338934->338933->338631->339979->340332->338581->338269->338705->339116->339138->338582->338268->338262->338586->339132->338258->613662->339651->338651->339293->341572->588040->341557->343102->344213->341607->342693->343943->343106->341601->646355->341593->344353->342694->563168->341608->342649->341592->341591->342150->342680->342681->341587->342682->587943->646411->341586->646410->342677->342495->342496->343071->344391->342512->341801->341272->341799->342510->341803->342523->343378->341269->341713->341712
static_fuel_dijkstra,od2_dogok_yeongdong,long,off_peak,7.0,23,1235.5261,772.859,462.6671,869.768,1057.616,6097.1,16,True,61,7,6,48,338934->338933->338631->339979->340332->338581->338269->338705->339116->339138->338582->338268->338262->338586->339132->338258->613662->339651->338651->562919->562884->613773->613772->339003->339662->341549->342639->341564->341562->341552->342644->613995->342640->342641->341775->343989->341774->341547->341773->341542->344210->342626->342633->646354->340708->341541->646612->341772->341545->341770->342619->646934->341802->341272->341799->342510->341803->342523->343378->341269->341713->341712
static_fuel_dijkstra,od2_dogok_yeongdong,long,off_peak,7.0,24,1136.6453,828.8241,307.8212,884.0146,703.6519,6520.7,16,True,55,10,9,36,338934->338933->338631->339979->340332->338581->338269->338705->339116->339138->338582->338268->338262->338586->339132->338258->613662->339651->338651->562919->562884->613773->613772->339003->339662->341549->342639->341564->341562->341552->341563->341553->341608->342649->341592->341591->342631->563095->342614->340597->342633->646354->340708->341541->341539->563187->341540->340697->343457->341546->343780->342515->342812->341263->341711->341712
static_fuel_dijkstra,od2_dogok_yeongdong,long,off_peak,7.0,25,1198.673,862.3111,336.3619,973.3291,768.8933,6603.7,15,True,59,8,8,43,338934->338933->338631->339979->340332->338581->338269->338705->339116->339138->338582->338268->338262->338586->339132->338258->613662->339651->338651->562919->562884->613773->613772->339003->339662->341549->342639->341564->341562->341552->341563->341553->341608->342649->341592->341591->342631->563095->342614->340597->342633->646354->340708->341541->646612->341772->341545->341770->342619->646934->341802->341272->341799->342510->341803->342523->343378->341269->341713->341712
static_fuel_dijkstra,od2_dogok_yeongdong,long,off_peak,7.0,26,1206.037,815.4683,390.5687,890.1344,892.8053,6294.9,16,True,64,8,7,49,338934->338933->338631->339979->340332->338581->338269->338705->339116->339138->338582->338268->338262->338586->339132->338258->613662->339651->338651->562919->562884->613773->613772->339003->339662->341549->342639->341564->341562->341552->342644->613995->342640->341551->341538->613852->344181->342630->342628->563165->341547->341773->341542->344210->342626->342633->646354->340708->341541->646612->341772->341545->341770->342619->646934->341802->341272->341799->342510->341803->342523->343378->341269->341713->341712
static_fuel_dijkstra,od2_dogok_yeongdong,long,off_peak,7.0,27,1173.5772,783.8242,389.753,858.3655,890.9407,6097.1,15,True,61,7,6,48,338934->338933->338631->339979->340332->338581->338269->338705->339116->339138->338582->338268->338262->338586->339132->338258->613662->339651->338651->562919->562884->613773->613772->339003->339662->341549->342639->341564->341562->341552->342644->613995->342640->342641->341775->343989->341774->341547->341773->341542->344210->342626->342633->646354->340708->341541->646612->341772->341545->341770->342619->646934->341802->341272->341799->342510->341803->342523->343378->341269->341713->341712
static_fuel_dijkstra,od2_dogok_yeongdong,long,off_peak,7.0,28,1122.5557,764.399,358.1567,770.8167,818.7144,6014.1,15,True,57,9,7,41,338934->338933->338631->339979->340332->338581->338269->338705->339116->339138->338582->338268->338262->338586->339132->338258->613662->339651->338651->562919->562884->613773->613772->339003->339662->341549->342639->341564->341562->341552->342644->613995->342640->342641->341775->343989->341774->341547->341773->341542->344210->342626->342633->646354->340708->341541->341539->563187->341540->340697->343457->341546->343780->342515->342812->341263->341711->341712
static_fuel_dijkstra,od2_dogok_yeongdong,long,off_peak,7.0,29,1134.4927,784.9607,349.532,787.6493,798.9991,6014.1,16,True,57,9,7,41,338934->338933->338631->339979->340332->338581->338269->338705->339116->339138->338582->338268->338262->338586->339132->338258->613662->339651->338651->562919->562884->613773->613772->339003->339662->341549->342639->341564->341562->341552->342644->613995->342640->342641->341775->343989->341774->341547->341773->341542->344210->342626->342633->646354->340708->341541->341539->563187->341540->340697->343457->341546->343780->342515->342812->341263->341711->341712
static_fuel_dijkstra,od2_dogok_yeongdong,long,off_peak,7.0,30,1131.0058,791.6544,339.3513,813.5607,775.727,6014.1,16,True,57,9,7,41,338934->338933->338631->339979->340332->338581->338269->338705->339116->339138->338582->338268->338262->338586->339132->338258->613662->339651->338651->562919->562884->613773->613772->339003->339662->341549->342639->341564->341562->341552->342644->613995->342640->342641->341775->343989->341774->341547->341773->341542->344210->342626->342633->646354->340708->341541->341539->563187->341540->340697->343457->341546->343780->342515->342812->341263->341711->341712
static_fuel_dijkstra,od2_dogok_yeongdong,long,peak,8.0,1,1026.4397,795.2424,231.1973,903.9172,528.4966,6138.8,13,True,62,4,4,54,338934->338933->338631->339979->340332->338581->338269->338705->339116->339138->338582->338268->338583->587842->338768->338767->338254->338584->338267->338585->562917->338230->341602->341733->342691->341732->341984->646623->341730->341603->341731->563170->341787->341788->342116->342672->342671->342674->342675->342678->342667->342662->342682->587943->646411->341586->646410->342677->342495->342496->343071->344391->342512->341801->341272->341799->342510->341803->342523->343378->341269->341713->341712
static_fuel_dijkstra,od2_dogok_yeongdong,long,peak,8.0,2,1101.2553,881.8542,219.4011,969.7297,501.5315,6820.3,13,True,66,10,10,46,338934->338933->338631->339979->340332->338581->338269->338705->339116->339138->338582->338268->338583->587842->338768->338767->338254->338584->338267->340192->338229->340484->339098->342073->342687->341600->342685->341607->342693->343943->343106->341601->646355->341593->344353->342694->563168->341608->342649->341592->341591->342631->343819->342615->342680->342681->341587->342682->587943->646411->341586->646410->342677->342495->342496->343071->344391->342512->341801->341272->341800->342504->342505->342520->342526->341713->341712
static_fuel_dijkstra,od2_dogok_yeongdong,long,peak,8.0,3,1132.7652,843.2138,289.5514,984.871,661.8888,6642.9,16,True,61,6,6,49,338934->338933->338631->339979->340332->338581->338269->338705->339116->339138->338582->338268->338583->587842->338768->338767->338254->338584->338267->338585->562917->338230->341602->341733->342691->341732->341984->646623->341730->341603->341731->563170->341787->341788->342116->342672->342671->342674->342675->342678->342667->342662->342682->587943->646411->341586->646410->342677->342495->342496->343071->344391->342512->341801->341272->341800->342504->342505->342520->342526->341713->341712
static_fuel_dijkstra,od2_dogok_yeongdong,long,peak,8.0,4,1048.5207,848.5588,199.9619,971.4562,457.0952,6316.2,14,True,67,8,8,51,338934->338933->338631->339979->340332->338581->338269->338705->339116->339138->338582->338268->338583->587842->338768->338767->338254->338584->338267->340192->338229->340484->339098->342073->342687->341600->342685->341607->342693->343943->343106->341601->646355->341593->344353->342694->563168->341608->342649->341592->341591->342631->343819->342615->342680->342681->341587->342682->587943->646411->341586->646410->342677->342495->342496->343071->344391->342512->341801->341272->341799->342510->341803->342523->343378->341269->341713->341712
static_fuel_dijkstra,od2_dogok_yeongdong,long,peak,8.0,5,1038.8467,812.1714,226.6753,909.2022,518.1597,6316.2,15,True,67,8,8,51,338934->338933->338631->339979->340332->338581->338269->338705->339116->339138->338582->338268->338583->587842->338768->338767->338254->338584->338267->340192->338229->340484->339098->342073->342687->341600->342685->341607->342693->343943->343106->341601->646355->341593->344353->342694->563168->341608->342649->341592->341591->342631->343819->342615->342680->342681->341587->342682->587943->646411->341586->646410->342677->342495->342496->343071->344391->342512->341801->341272->341799->342510->341803->342523->343378->341269->341713->341712
static_fuel_dijkstra,od2_dogok_yeongdong,long,peak,8.0,6,1048.0789,837.9198,210.1591,948.6345,480.405,6316.2,15,True,67,8,8,51,338934->338933->338631->339979->340332->338581->338269->338705->339116->339138->338582->338268->338583->587842->338768->338767->338254->338584->338267->340192->338229->340484->339098->342073->342687->341600->342685->341607->342693->343943->343106->341601->646355->341593->344353->342694->563168->341608->342649->341592->341591->342631->343819->342615->342680->342681->341587->342682->587943->646411->341586->646410->342677->342495->342496->343071->344391->342512->341801->341272->341799->342510->341803->342523->343378->341269->341713->341712
static_fuel_dijkstra,od2_dogok_yeongdong,long,peak,8.0,7,1241.2941,912.0466,329.2475,1021.3252,752.6305,6745.0,15,True,67,8,9,50,338934->338933->338631->339979->340332->338581->338269->338705->339116->339138->338582->338268->338583->587842->338768->338767->338254->338584->338267->340192->338229->340484->339098->342073->342687->341600->342685->341607->344213->343102->341557->342643->341561->341563->341553->341608->342649->341592->341591->342631->343819->344184->343820->342618->342632->343656->340582->342682->587943->646411->341586->646410->342677->342495->342496->343071->344391->342512->341801->341272->341799->342510->341803->342523->343378->341269->341713->341712
static_fuel_dijkstra,od2_dogok_yeongdong,long,peak,8.0,8,1223.7359,898.9017,324.8343,1043.0743,742.5423,6745.0,15,True,67,8,9,50,338934->338933->338631->339979->340332->338581->338269->338705->339116->339138->338582->338268->338583->587842->338768->338767->338254->338584->338267->340192->338229->340484->339098->342073->342687->341600->342685->341607->344213->343102->341557->342643->341561->341563->341553->341608->342649->341592->341591->342631->343819->344184->343820->342618->342632->343656->340582->342682->587943->646411->341586->646410->342677->342495->342496->343071->344391->342512->341801->341272->341799->342510->341803->342523->343378->341269->341713->341712
static_fuel_dijkstra,od2_dogok_yeongdong,long,peak,8.0,9,1144.5921,840.1222,304.4699,904.6662,695.9911,6371.5,16,True,67,7,8,52,338934->338933->338631->339979->340332->338581->338269->338705->339116->339138->338582->338268->338583->587842->338768->338767->338254->338584->338267->340192->338229->340484->339098->342073->342687->341600->342685->341607->344213->343102->341557->342643->341561->341563->341553->341608->342649->341592->341591->342631->343819->344184->343820->342618->342632->343072->341795->341544->341796->343669->341798->342622->341797->341771->341545->341770->342619->646934->341802->341272->341799->342510->341803->342523->343378->341269->341713->341712
static_fuel_dijkstra,od2_dogok_yeongdong,long,peak,8.0,10,1082.573,868.572,214.001,982.885,489.1873,6642.9,15,True,61,6,6,49,338934->338933->338631->339979->340332->338581->338269->338705->339116->339138->338582->338268->338583->587842->338768->338767->338254->338584->338267->338585->562917->338230->341602->341733->342691->341732->341984->646623->341730->341603->341731->563170->341787->341788->342116->342672->342671->342674->342675->342678->342667->342662->342682->587943->646411->341586->646410->342677->342495->342496->343071->344391->342512->341801->341272->341800->342504->342505->342520->342526->341713->341712
static_fuel_dijkstra,od2_dogok_yeongdong,long,peak,8.0,11,1082.3721,844.3411,238.031,932.0054,544.1177,6642.9,15,True,61,6,6,49,338934->338933->338631->339979->340332->338581->338269->338705->339116->339138->338582->338268->338583->587842->338768->338767->338254->338584->338267->338585->562917->338230->341602->341733->342691->341732->341984->646623->341730->341603->341731->563170->341787->341788->342116->342672->342671->342674->342675->342678->342667->342662->342682->587943->646411->341586->646410->342677->342495->342496->343071->344391->342512->341801->341272->341800->342504->342505->342520->342526->341713->341712
static_fuel_dijkstra,od2_dogok_yeongdong,long,peak,8.0,12,1029.3071,791.9699,237.3372,893.3842,542.5317,6138.8,16,True,62,4,4,54,338934->338933->338631->339979->340332->338581->338269->338705->339116->339138->338582->338268->338583->587842->338768->338767->338254->338584->338267->338585->562917->338230->341602->341733->342691->341732->341984->646623->341730->341603->341731->563170->341787->341788->342116->342672->342671->342674->342675->342678->342667->342662->342682->587943->646411->341586->646410->342677->342495->342496->343071->344391->342512->341801->341272->341799->342510->341803->342523->343378->341269->341713->341712
static_fuel_dijkstra,od2_dogok_yeongdong,long,peak,8.0,13,1028.7875,832.2675,196.52,988.0042,449.2272,6138.8,14,True,62,4,4,54,338934->338933->338631->339979->340332->338581->338269->338705->339116->339138->338582->338268->338583->587842->338768->338767->338254->338584->338267->338585->562917->338230->341602->341733->342691->341732->341984->646623->341730->341603->341731->563170->341787->341788->342116->342672->342671->342674->342675->342678->342667->342662->342682->587943->646411->341586->646410->342677->342495->342496->343071->344391->342512->341801->341272->341799->342510->341803->342523->343378->341269->341713->341712
static_fuel_dijkstra,od2_dogok_yeongdong,long,peak,8.0,14,1035.1935,796.8547,238.3387,887.7651,544.8212,6138.8,16,True,62,4,4,54,338934->338933->338631->339979->340332->338581->338269->338705->339116->339138->338582->338268->338583->587842->338768->338767->338254->338584->338267->338585->562917->338230->341602->341733->342691->341732->341984->646623->341730->341603->341731->563170->341787->341788->342116->342672->342671->342674->342675->342678->342667->342662->342682->587943->646411->341586->646410->342677->342495->342496->343071->344391->342512->341801->341272->341799->342510->341803->342523->343378->341269->341713->341712
static_fuel_dijkstra,od2_dogok_yeongdong,long,peak,8.0,15,1048.9864,820.0704,228.916,903.657,523.2816,6316.2,16,True,67,8,8,51,338934->338933->338631->339979->340332->338581->338269->338705->339116->339138->338582->338268->338583->587842->338768->338767->338254->338584->338267->340192->338229->340484->339098->342073->342687->341600->342685->341607->342693->343943->343106->341601->646355->341593->344353->342694->563168->341608->342649->341592->341591->342631->343819->342615->342680->342681->341587->342682->587943->646411->341586->646410->342677->342495->342496->343071->344391->342512->341801->341272->341799->342510->341803->342523->343378->341269->341713->341712
static_fuel_dijkstra,od2_dogok_yeongdong,long,peak,8.0,16,1065.7815,861.1948,204.5867,1007.4506,467.667,6642.9,14,True,61,6,6,49,338934->338933->338631->339979->340332->338581->338269->338705->339116->339138->338582->338268->338583->587842->338768->338767->338254->338584->338267->338585->562917->338230->341602->341733->342691->341732->341984->646623->341730->341603->341731->563170->341787->341788->342116->342672->342671->342674->342675->342678->342667->342662->342682->587943->646411->341586->646410->342677->342495->342496->343071->344391->342512->341801->341272->341800->342504->342505->342520->342526->341713->341712
static_fuel_dijkstra,od2_dogok_yeongdong,long,peak,8.0,17,1071.1755,827.0375,244.138,888.1214,558.0777,6138.8,17,True,62,4,4,54,338934->338933->338631->339979->340332->338581->338269->338705->339116->339138->338582->338268->338583->587842->338768->338767->338254->338584->338267->338585->562917->338230->341602->341733->342691->341732->341984->646623->341730->341603->341731->563170->341787->341788->342116->342672->342671->342674->342675->342678->342667->342662->342682->587943->646411->341586->646410->342677->342495->342496->343071->344391->342512->341801->341272->341799->342510->341803->342523->343378->341269->341713->341712
static_fuel_dijkstra,od2_dogok_yeongdong,long,peak,8.0,18,1055.4884,843.4265,212.0619,1000.5521,484.7548,6642.9,13,True,61,6,6,49,338934->338933->338631->339979->340332->338581->338269->338705->339116->339138->338582->338268->338583->587842->338768->338767->338254->338584->338267->338585->562917->338230->341602->341733->342691->341732->341984->646623->341730->341603->341731->563170->341787->341788->342116->342672->342671->342674->342675->342678->342667->342662->342682->587943->646411->341586->646410->342677->342495->342496->343071->344391->342512->341801->341272->341800->342504->342505->342520->342526->341713->341712
static_fuel_dijkstra,od2_dogok_yeongdong,long,peak,8.0,19,1203.1107,839.8807,363.23,948.8973,830.3115,6456.8,12,True,69,9,9,51,338934->338933->338631->339979->340332->338581->338269->338705->339116->339138->338582->338268->338583->587842->338768->338767->338254->338584->338267->340192->338229->340484->339098->342073->342687->341600->342685->341607->342693->343943->343106->341601->646355->341593->344353->342694->563168->341608->342649->341592->341591->342631->343819->344184->343820->342618->342632->343656->340582->342682->587943->646411->341586->646410->342677->342495->342496->343071->344391->342512->341801->341272->341799->342510->341803->342523->343378->341269->341713->341712
static_fuel_dijkstra,od2_dogok_yeongdong,long,peak,8.0,20,1041.7606,804.0196,237.7409,885.5123,543.4547,6138.8,15,True,62,4,4,54,338934->338933->338631->339979->340332->338581->338269->338705->339116->339138->338582->338268->338583->587842->338768->338767->338254->338584->338267->338585->562917->338230->341602->341733->342691->341732->341984->646623->341730->341603->341731->563170->341787->341788->342116->342672->342671->342674->342675->342678->342667->342662->342682->587943->646411->341586->646410->342677->342495->342496->343071->344391->342512->341801->341272->341799->342510->341803->342523->343378->341269->341713->341712
static_fuel_dijkstra,od2_dogok_yeongdong,long,peak,8.0,21,1237.7257,908.2615,329.4642,1020.6699,753.1258,6881.1,12,True,68,9,10,49,338934->338933->338631->339979->340332->338581->338269->338705->339116->339138->338582->338268->338583->587842->338768->338767->338254->338584->338267->340192->338229->340484->339098->342073->342687->341600->342685->341607->344213->343102->341557->342643->341561->341563->341553->341608->342649->341592->341591->342631->343819->342615->646583->342617->342618->342632->343656->340582->342682->587943->646411->341586->646410->342677->342495->342496->343071->344391->342512->341801->341272->341799->342510->341803->342523->343378->341269->341713->341712
static_fuel_dijkstra,od2_dogok_yeongdong,long,peak,8.0,22,1177.5433,894.4966,283.0467,961.2311,647.0196,6507.6,15,True,68,8,9,51,338934->338933->338631->339979->340332->338581->338269->338705->339116->339138->338582->338268->338583->587842->338768->338767->338254->338584->338267->340192->338229->340484->339098->342073->342687->341600->342685->341607->344213->343102->341557->342643->341561->341563->341553->341608->342649->341592->341591->342631->343819->342615->646583->342617->342618->342632->343072->341795->341544->341796->343669->341798->342622->341797->341771->341545->341770->342619->646934->341802->341272->341799->342510->341803->342523->343378->341269->341713->341712
static_fuel_dijkstra,od2_dogok_yeongdong,long,peak,8.0,23,1043.5494,826.8095,216.7399,933.1106,495.4482,6316.2,14,True,67,8,8,51,338934->338933->338631->339979->340332->338581->338269->338705->339116->339138->338582->338268->338583->587842->338768->338767->338254->338584->338267->340192->338229->340484->339098->342073->342687->341600->342685->341607->342693->343943->343106->341601->646355->341593->344353->342694->563168->341608->342649->341592->341591->342631->343819->342615->342680->342681->341587->342682->587943->646411->341586->646410->342677->342495->342496->343071->344391->342512->341801->341272->341799->342510->341803->342523->343378->341269->341713->341712
static_fuel_dijkstra,od2_dogok_yeongdong,long,peak,8.0,24,1090.3051,777.6057,312.6994,895.7304,714.803,6138.8,18,True,62,4,4,54,338934->338933->338631->339979->340332->338581->338269->338705->339116->339138->338582->338268->338583->587842->338768->338767->338254->338584->338267->338585->562917->338230->341602->341733->342691->341732->341984->646623->341730->341603->341731->563170->341787->341788->342116->342672->342671->342674->342675->342678->342667->342662->342682->587943->646411->341586->646410->342677->342495->342496->343071->344391->342512->341801->341272->341799->342510->341803->342523->343378->341269->341713->341712
static_fuel_dijkstra,od2_dogok_yeongdong,long,peak,8.0,25,1035.6754,796.3723,239.3032,891.4867,547.0258,6138.8,15,True,62,4,4,54,338934->338933->338631->339979->340332->338581->338269->338705->339116->339138->338582->338268->338583->587842->338768->338767->338254->338584->338267->338585->562917->338230->341602->341733->342691->341732->341984->646623->341730->341603->341731->563170->341787->341788->342116->342672->342671->342674->342675->342678->342667->342662->342682->587943->646411->341586->646410->342677->342495->342496->343071->344391->342512->341801->341272->341799->342510->341803->342523->343378->341269->341713->341712
static_fuel_dijkstra,od2_dogok_yeongdong,long,peak,8.0,26,1093.4336,884.8861,208.5476,994.6249,476.7212,6642.9,12,True,61,6,6,49,338934->338933->338631->339979->340332->338581->338269->338705->339116->339138->338582->338268->338583->587842->338768->338767->338254->338584->338267->338585->562917->338230->341602->341733->342691->341732->341984->646623->341730->341603->341731->563170->341787->341788->342116->342672->342671->342674->342675->342678->342667->342662->342682->587943->646411->341586->646410->342677->342495->342496->343071->344391->342512->341801->341272->341800->342504->342505->342520->342526->341713->341712
static_fuel_dijkstra,od2_dogok_yeongdong,long,peak,8.0,27,1103.5659,878.3394,225.2266,955.9128,514.8479,6642.9,16,True,61,6,6,49,338934->338933->338631->339979->340332->338581->338269->338705->339116->339138->338582->338268->338583->587842->338768->338767->338254->338584->338267->338585->562917->338230->341602->341733->342691->341732->341984->646623->341730->341603->341731->563170->341787->341788->342116->342672->342671->342674->342675->342678->342667->342662->342682->587943->646411->341586->646410->342677->342495->342496->343071->344391->342512->341801->341272->341800->342504->342505->342520->342526->341713->341712
static_fuel_dijkstra,od2_dogok_yeongdong,long,peak,8.0,28,968.8507,782.5026,186.3481,858.897,425.9752,6138.8,14,True,62,4,4,54,338934->338933->338631->339979->340332->338581->338269->338705->339116->339138->338582->338268->338583->587842->338768->338767->338254->338584->338267->338585->562917->338230->341602->341733->342691->341732->341984->646623->341730->341603->341731->563170->341787->341788->342116->342672->342671->342674->342675->342678->342667->342662->342682->587943->646411->341586->646410->342677->342495->342496->343071->344391->342512->341801->341272->341799->342510->341803->342523->343378->341269->341713->341712
static_fuel_dijkstra,od2_dogok_yeongdong,long,peak,8.0,29,1021.7541,779.6556,242.0984,876.1351,553.4155,6138.8,15,True,62,4,4,54,338934->338933->338631->339979->340332->338581->338269->338705->339116->339138->338582->338268->338583->587842->338768->338767->338254->338584->338267->338585->562917->338230->341602->341733->342691->341732->341984->646623->341730->341603->341731->563170->341787->341788->342116->342672->342671->342674->342675->342678->342667->342662->342682->587943->646411->341586->646410->342677->342495->342496->343071->344391->342512->341801->341272->341799->342510->341803->342523->343378->341269->341713->341712
static_fuel_dijkstra,od2_dogok_yeongdong,long,peak,8.0,30,1110.716,808.8916,301.8244,909.3504,689.9437,6138.8,17,True,62,4,4,54,338934->338933->338631->339979->340332->338581->338269->338705->339116->339138->338582->338268->338583->587842->338768->338767->338254->338584->338267->338585->562917->338230->341602->341733->342691->341732->341984->646623->341730->341603->341731->563170->341787->341788->342116->342672->342671->342674->342675->342678->342667->342662->342682->587943->646411->341586->646410->342677->342495->342496->343071->344391->342512->341801->341272->341799->342510->341803->342523->343378->341269->341713->341712
static_fuel_dijkstra,od1_sinnonhyeon_suseo,long,off_peak,7.0,1,1539.7249,1301.27,238.455,1239.2799,545.0869,11047.8,12,True,57,9,10,38,342695->342700->343100->342865->340641->340704->341588->343777->340703->342671->342674->342675->342678->341981->341938->342660->646413->342069->342661->342494->341586->646410->342677->342495->342496->343071->344391->342512->341801->341272->341800->342504->342505->342520->342526->341713->341712->341267->342774->342773->341271->341491->342050->647032->647028->647033->342043->338909->338898->338897->340035->338396->338400->338399->338391->338773->613666->613667
static_fuel_dijkstra,od1_sinnonhyeon_suseo,long,off_peak,7.0,2,1605.5237,1351.2581,254.2656,1203.1783,581.2285,10507.0,13,True,56,8,10,38,342695->342700->343100->342865->340641->340704->341588->343777->340703->342671->342674->342675->342678->341981->341938->342660->646413->342069->342661->342494->341586->646410->342677->342495->342496->343071->344391->342512->341801->341272->341800->342504->342505->342520->342526->341264->341262->342775->342773->341271->341491->342050->647032->647028->647033->342043->338909->338898->338897->340035->338396->338400->338399->338391->338773->613666->613667
static_fuel_dijkstra,od1_sinnonhyeon_suseo,long,off_peak,7.0,3,1569.4872,1312.9626,256.5246,1198.4017,586.3925,11047.8,12,True,57,9,10,38,342695->342700->343100->342865->340641->340704->341588->343777->340703->342671->342674->342675->342678->341981->341938->342660->646413->342069->342661->342494->341586->646410->342677->342495->342496->343071->344391->342512->341801->341272->341800->342504->342505->342520->342526->341713->341712->341267->342774->342773->341271->341491->342050->647032->647028->647033->342043->338909->338898->338897->340035->338396->338400->338399->338391->338773->613666->613667
static_fuel_dijkstra,od1_sinnonhyeon_suseo,long,off_peak,7.0,4,1555.0731,1256.2061,298.867,1100.7969,683.1835,10543.7,15,True,58,7,8,43,342695->342700->343100->342865->340641->340704->341588->343777->340703->342671->342674->342675->342678->341981->341938->342660->646413->342069->342661->342494->341586->646410->342677->342495->342496->343071->344391->342512->341801->341272->341799->342510->341803->342523->343378->341269->341713->341712->341267->342774->342773->341271->341491->342050->647032->647028->647033->342043->338909->338898->338897->340035->338396->338400->338399->338391->338773->613666->613667
static_fuel_dijkstra,od1_sinnonhyeon_suseo,long,off_peak,7.0,5,1575.0244,1288.5981,286.4262,1133.6167,654.745,10543.7,15,True,58,7,8,43,342695->342700->343100->342865->340641->340704->341588->343777->340703->342671->342674->342675->342678->341981->341938->342660->646413->342069->342661->342494->341586->646410->342677->342495->342496->343071->344391->342512->341801->341272->341799->342510->341803->342523->343378->341269->341713->341712->341267->342774->342773->341271->341491->342050->647032->647028->647033->342043->338909->338898->338897->340035->338396->338400->338399->338391->338773->613666->613667
static_fuel_dijkstra,od1_sinnonhyeon_suseo,long,off_peak,7.0,6,1628.05,1322.5903,305.4596,1086.2707,698.2535,10507.0,13,True,56,8,10,38,342695->342700->343100->342865->340641->340704->341588->343777->340703->342671->342674->342675->342678->341981->341938->342660->646413->342069->342661->342494->341586->646410->342677->342495->342496->343071->344391->342512->341801->341272->341800->342504->342505->342520->342526->341264->341262->342775->342773->341271->341491->342050->647032->647028->647033->342043->338909->338898->338897->340035->338396->338400->338399->338391->338773->613666->613667
static_fuel_dijkstra,od1_sinnonhyeon_suseo,long,off_peak,7.0,7,1610.4064,1309.889,300.5174,1097.5432,686.9561,10543.7,16,True,58,7,8,43,342695->342700->343100->342865->340641->340704->341588->343777->340703->342671->342674->342675->342678->341981->341938->342660->646413->342069->342661->342494->341586->646410->342677->342495->342496->343071->344391->342512->341801->341272->341799->342510->341803->342523->343378->341269->341713->341712->341267->342774->342773->341271->341491->342050->647032->647028->647033->342043->338909->338898->338897->340035->338396->338400->338399->338391->338773->613666->613667
static_fuel_dijkstra,od1_sinnonhyeon_suseo,long,off_peak,7.0,8,1656.7711,1362.4759,294.2953,1112.1224,672.7328,10647.2,14,True,58,8,10,40,342695->342700->343100->342865->340641->340704->341588->341785->342116->342672->340587->342670->343657->342666->341581->341792->342664->341793->341587->342682->587943->646411->341586->646410->342677->342495->342496->343071->344391->342512->341801->341272->341800->342504->342505->342520->342526->341264->341262->342775->342773->341271->341491->342050->647032->647028->647033->342043->338909->338898->338897->340035->338396->338400->338399->338391->338773->613666->613667
static_fuel_dijkstra,od1_sinnonhyeon_suseo,long,off_peak,7.0,9,1550.6531,1222.2521,328.4011,1033.731,750.6957,10543.7,16,True,58,7,8,43,342695->342700->343100->342865->340641->340704->341588->343777->340703->342671->342674->342675->342678->341981->341938->342660->646413->342069->342661->342494->341586->646410->342677->342495->342496->343071->344391->342512->341801->341272->341799->342510->341803->342523->343378->341269->341713->341712->341267->342774->342773->341271->341491->342050->647032->647028->647033->342043->338909->338898->338897->340035->338396->338400->338399->338391->338773->613666->613667
static_fuel_dijkstra,od1_sinnonhyeon_suseo,long,off_peak,7.0,10,1473.5833,1183.5482,290.035,1123.2482,662.9943,10543.7,15,True,58,7,8,43,342695->342700->343100->342865->340641->340704->341588->343777->340703->342671->342674->342675->342678->341981->341938->342660->646413->342069->342661->342494->341586->646410->342677->342495->342496->343071->344391->342512->341801->341272->341799->342510->341803->342523->343378->341269->341713->341712->341267->342774->342773->341271->341491->342050->647032->647028->647033->342043->338909->338898->338897->340035->338396->338400->338399->338391->338773->613666->613667
static_fuel_dijkstra,od1_sinnonhyeon_suseo,long,off_peak,7.0,11,1621.3979,1262.3898,359.0081,1078.7801,820.6605,9530.0,17,True,67,6,10,51,342695->342700->343100->342865->340641->340704->341588->343777->340703->342671->342674->342675->342678->342667->342662->342682->341587->341794->342634->340699->342632->343072->341795->341544->341796->343669->341798->342622->341797->341771->341545->340698->341540->340697->343457->341546->344219->646319->563132->343774->343516->341492->341499->344500->342607->587988->342821->343267->343341->343340->341501->343078->647029->647031->647028->647033->342043->338909->338898->338897->340035->338396->338400->338399->338391->338773->613666->613667
static_fuel_dijkstra,od1_sinnonhyeon_suseo,long,off_peak,7.0,12,1578.4052,1262.3064,316.0988,1062.243,722.5738,10543.7,15,True,58,7,8,43,342695->342700->343100->342865->340641->340704->341588->343777->340703->342671->342674->342675->342678->341981->341938->342660->646413->342069->342661->342494->341586->646410->342677->342495->342496->343071->344391->342512->341801->341272->341799->342510->341803->342523->343378->341269->341713->341712->341267->342774->342773->341271->341491->342050->647032->647028->647033->342043->338909->338898->338897->340035->338396->338400->338399->338391->338773->613666->613667
static_fuel_dijkstra,od1_sinnonhyeon_suseo,long,off_peak,7.0,13,1432.4893,1265.3481,167.1412,1093.7502,382.07,10507.0,11,True,56,8,10,38,342695->342700->343100->342865->340641->340704->341588->343777->340703->342671->342674->342675->342678->341981->341938->342660->646413->342069->342661->342494->341586->646410->342677->342495->342496->343071->344391->342512->341801->341272->341800->342504->342505->342520->342526->341264->341262->342775->342773->341271->341491->342050->647032->647028->647033->342043->338909->338898->338897->340035->338396->338400->338399->338391->338773->613666->613667
static_fuel_dijkstra,od1_sinnonhyeon_suseo,long,off_peak,7.0,14,1542.5254,1241.7418,300.7837,1097.4787,687.5648,10507.0,15,True,56,8,10,38,342695->342700->343100->342865->340641->340704->341588->343777->340703->342671->342674->342675->342678->341981->341938->342660->646413->342069->342661->342494->341586->646410->342677->342495->342496->343071->344391->342512->341801->341272->341800->342504->342505->342520->342526->341264->341262->342775->342773->341271->341491->342050->647032->647028->647033->342043->338909->338898->338897->340035->338396->338400->338399->338391->338773->613666->613667
static_fuel_dijkstra,od1_sinnonhyeon_suseo,long,off_peak,7.0,15,1560.4025,1261.6612,298.7413,1102.6154,682.8961,10543.7,14,True,58,7,8,43,342695->342700->343100->342865->340641->340704->341588->343777->340703->342671->342674->342675->342678->341981->341938->342660->646413->342069->342661->342494->341586->646410->342677->342495->342496->343071->344391->342512->341801->341272->341799->342510->341803->342523->343378->341269->341713->341712->341267->342774->342773->341271->341491->342050->647032->647028->647033->342043->338909->338898->338897->340035->338396->338400->338399->338391->338773->613666->613667
static_fuel_dijkstra,od1_sinnonhyeon_suseo,long,off_peak,7.0,16,1519.9323,1338.4377,181.4946,1059.2288,414.8806,10507.0,10,True,56,8,10,38,342695->342700->343100->342865->340641->340704->341588->343777->340703->342671->342674->342675->342678->341981->341938->342660->646413->342069->342661->342494->341586->646410->342677->342495->342496->343071->344391->342512->341801->341272->341800->342504->342505->342520->342526->341264->341262->342775->342773->341271->341491->342050->647032->647028->647033->342043->338909->338898->338897->340035->338396->338400->338399->338391->338773->613666->613667
static_fuel_dijkstra,od1_sinnonhyeon_suseo,long,off_peak,7.0,17,1610.3933,1307.2535,303.1399,1091.6009,692.9508,10507.0,13,True,56,8,10,38,342695->342700->343100->342865->340641->340704->341588->343777->340703->342671->342674->342675->342678->341981->341938->342660->646413->342069->342661->342494->341586->646410->342677->342495->342496->343071->344391->342512->341801->341272->341800->342504->342505->342520->342526->341264->341262->342775->342773->341271->341491->342050->647032->647028->647033->342043->338909->338898->338897->340035->338396->338400->338399->338391->338773->613666->613667
static_fuel_dijkstra,od1_sinnonhyeon_suseo,long,off_peak,7.0,18,1573.9162,1287.4999,286.4163,1130.3787,654.7223,10507.0,14,True,56,8,10,38,342695->342700->343100->342865->340641->340704->341588->343777->340703->342671->342674->342675->342678->341981->341938->342660->646413->342069->342661->342494->341586->646410->342677->342495->342496->343071->344391->342512->341801->341272->341800->342504->342505->342520->342526->341264->341262->342775->342773->341271->341491->342050->647032->647028->647033->342043->338909->338898->338897->340035->338396->338400->338399->338391->338773->613666->613667
static_fuel_dijkstra,od1_sinnonhyeon_suseo,long,off_peak,7.0,19,1608.3256,1299.4688,308.8569,1077.9262,706.0194,10543.7,16,True,58,7,8,43,342695->342700->343100->342865->340641->340704->341588->343777->340703->342671->342674->342675->342678->341981->341938->342660->646413->342069->342661->342494->341586->646410->342677->342495->342496->343071->344391->342512->341801->341272->341799->342510->341803->342523->343378->341269->341713->341712->341267->342774->342773->341271->341491->342050->647032->647028->647033->342043->338909->338898->338897->340035->338396->338400->338399->338391->338773->613666->613667
static_fuel_dijkstra,od1_sinnonhyeon_suseo,long,off_peak,7.0,20,1525.7283,1212.9583,312.77,1069.5799,714.9645,10543.7,15,True,58,7,8,43,342695->342700->343100->342865->340641->340704->341588->343777->340703->342671->342674->342675->342678->341981->341938->342660->646413->342069->342661->342494->341586->646410->342677->342495->342496->343071->344391->342512->341801->341272->341799->342510->341803->342523->343378->341269->341713->341712->341267->342774->342773->341271->341491->342050->647032->647028->647033->342043->338909->338898->338897->340035->338396->338400->338399->338391->338773->613666->613667
static_fuel_dijkstra,od1_sinnonhyeon_suseo,long,off_peak,7.0,21,1562.7024,1266.3853,296.317,1110.4897,677.3544,10543.7,15,True,58,7,8,43,342695->342700->343100->342865->340641->340704->341588->343777->340703->342671->342674->342675->342678->341981->341938->342660->646413->342069->342661->342494->341586->646410->342677->342495->342496->343071->344391->342512->341801->341272->341799->342510->341803->342523->343378->341269->341713->341712->341267->342774->342773->341271->341491->342050->647032->647028->647033->342043->338909->338898->338897->340035->338396->338400->338399->338391->338773->613666->613667
static_fuel_dijkstra,od1_sinnonhyeon_suseo,long,off_peak,7.0,22,1512.3276,1320.3639,191.9636,1035.6656,438.8118,10507.0,11,True,56,8,10,38,342695->342700->343100->342865->340641->340704->341588->343777->340703->342671->342674->342675->342678->341981->341938->342660->646413->342069->342661->342494->341586->646410->342677->342495->342496->343071->344391->342512->341801->341272->341800->342504->342505->342520->342526->341264->341262->342775->342773->341271->341491->342050->647032->647028->647033->342043->338909->338898->338897->340035->338396->338400->338399->338391->338773->613666->613667
static_fuel_dijkstra,od1_sinnonhyeon_suseo,long,off_peak,7.0,23,1497.9393,1230.8691,267.0702,1174.5781,610.4988,10685.3,17,True,57,7,8,42,342695->342700->343100->342865->342652->342116->342672->340587->342670->343657->342666->341581->341792->342664->341793->341587->342682->587943->646411->341586->646410->342677->342495->342496->343071->344391->342512->341801->341272->341799->342510->341803->342523->343378->341269->341713->341712->341267->342774->342773->341271->341491->342050->647032->647028->647033->342043->338909->338898->338897->340035->338396->338400->338399->338391->338773->613666->613667
static_fuel_dijkstra,od1_sinnonhyeon_suseo,long,off_peak,7.0,24,1513.8823,1232.882,281.0003,1141.971,642.3416,10543.7,15,True,58,7,8,43,342695->342700->343100->342865->340641->340704->341588->343777->340703->342671->342674->342675->342678->341981->341938->342660->646413->342069->342661->342494->341586->646410->342677->342495->342496->343071->344391->342512->341801->341272->341799->342510->341803->342523->343378->341269->341713->341712->341267->342774->342773->341271->341491->342050->647032->647028->647033->342043->338909->338898->338897->340035->338396->338400->338399->338391->338773->613666->613667
static_fuel_dijkstra,od1_sinnonhyeon_suseo,long,off_peak,7.0,25,1487.9548,1186.3893,301.5655,1096.1486,689.352,10543.7,15,True,58,7,8,43,342695->342700->343100->342865->340641->340704->341588->343777->340703->342671->342674->342675->342678->341981->341938->342660->646413->342069->342661->342494->341586->646410->342677->342495->342496->343071->344391->342512->341801->341272->341799->342510->341803->342523->343378->341269->341713->341712->341267->342774->342773->341271->341491->342050->647032->647028->647033->342043->338909->338898->338897->340035->338396->338400->338399->338391->338773->613666->613667
static_fuel_dijkstra,od1_sinnonhyeon_suseo,long,off_peak,7.0,26,1543.3755,1212.3506,331.0249,1142.8187,756.6936,9533.8,16,True,65,6,10,49,342695->342700->343100->342865->340641->340704->341588->343777->340703->342671->342674->342675->342678->342667->342662->342682->340582->343656->342632->343072->341795->341544->341796->343669->341798->342622->341797->341771->341545->340698->341540->340697->343457->341546->344219->646319->563132->343774->343516->341492->341499->344500->342607->587988->342821->343267->343341->343340->341501->343078->647029->647031->647028->647033->342043->338909->338898->338897->340035->338396->338400->338399->338391->338773->613666->613667
static_fuel_dijkstra,od1_sinnonhyeon_suseo,long,off_peak,7.0,27,1530.0958,1235.5006,294.5951,1110.5241,673.4183,10543.7,15,True,58,7,8,43,342695->342700->343100->342865->340641->340704->341588->343777->340703->342671->342674->342675->342678->341981->341938->342660->646413->342069->342661->342494->341586->646410->342677->342495->342496->343071->344391->342512->341801->341272->341799->342510->341803->342523->343378->341269->341713->341712->341267->342774->342773->341271->341491->342050->647032->647028->647033->342043->338909->338898->338897->340035->338396->338400->338399->338391->338773->613666->613667
static_fuel_dijkstra,od1_sinnonhyeon_suseo,long,off_peak,7.0,28,1561.2985,1287.3282,273.9703,1158.0412,626.2718,10543.7,13,True,58,7,8,43,342695->342700->343100->342865->340641->340704->341588->343777->340703->342671->342674->342675->342678->341981->341938->342660->646413->342069->342661->342494->341586->646410->342677->342495->342496->343071->344391->342512->341801->341272->341799->342510->341803->342523->343378->341269->341713->341712->341267->342774->342773->341271->341491->342050->647032->647028->647033->342043->338909->338898->338897->340035->338396->338400->338399->338391->338773->613666->613667
static_fuel_dijkstra,od1_sinnonhyeon_suseo,long,off_peak,7.0,29,1511.8132,1214.6447,297.1685,1107.2354,679.3008,10543.7,14,True,58,7,8,43,342695->342700->343100->342865->340641->340704->341588->343777->340703->342671->342674->342675->342678->341981->341938->342660->646413->342069->342661->342494->341586->646410->342677->342495->342496->343071->344391->342512->341801->341272->341799->342510->341803->342523->343378->341269->341713->341712->341267->342774->342773->341271->341491->342050->647032->647028->647033->342043->338909->338898->338897->340035->338396->338400->338399->338391->338773->613666->613667
static_fuel_dijkstra,od1_sinnonhyeon_suseo,long,off_peak,7.0,30,1538.5986,1289.2708,249.3278,1214.046,569.9412,10543.7,15,True,58,7,8,43,342695->342700->343100->342865->340641->340704->341588->343777->340703->342671->342674->342675->342678->341981->341938->342660->646413->342069->342661->342494->341586->646410->342677->342495->342496->343071->344391->342512->341801->341272->341799->342510->341803->342523->343378->341269->341713->341712->341267->342774->342773->341271->341491->342050->647032->647028->647033->342043->338909->338898->338897->340035->338396->338400->338399->338391->338773->613666->613667
static_fuel_dijkstra,od1_sinnonhyeon_suseo,long,peak,8.0,1,1434.1584,1239.5541,194.6042,1210.4366,444.848,10430.4,10,True,58,7,9,42,342695->342700->343100->342865->340641->340704->341588->343777->340703->342671->340702->341790->341589->341791->342678->341981->341938->342660->646413->342069->342661->342494->341586->646410->342677->342495->342496->343071->344391->342512->341801->341272->341800->342504->342505->342520->342526->341264->341262->342775->342773->341271->341491->342050->647032->647028->647033->342043->338909->338898->338897->340035->338396->338400->338399->338391->338773->613666->613667
static_fuel_dijkstra,od1_sinnonhyeon_suseo,long,peak,8.0,2,1451.5609,1252.2621,199.2987,1204.6075,455.5792,10430.4,12,True,58,7,9,42,342695->342700->343100->342865->340641->340704->341588->343777->340703->342671->340702->341790->341589->341791->342678->341981->341938->342660->646413->342069->342661->342494->341586->646410->342677->342495->342496->343071->344391->342512->341801->341272->341800->342504->342505->342520->342526->341264->341262->342775->342773->341271->341491->342050->647032->647028->647033->342043->338909->338898->338897->340035->338396->338400->338399->338391->338773->613666->613667
static_fuel_dijkstra,od1_sinnonhyeon_suseo,long,peak,8.0,3,1609.3049,1296.2212,313.0837,1263.6199,715.6815,10567.0,16,True,60,6,9,45,342695->342700->343100->342865->340641->340704->341588->343777->340703->342671->342674->342675->342678->342667->342662->342682->340582->343656->342632->343072->341795->341544->341796->343669->341798->342622->341797->341771->341545->340698->341540->340697->343457->341546->343780->342515->342516->342111->613883->340602->342776->342775->342773->341271->341491->342050->647032->647028->647033->342043->338909->338898->338897->340035->338396->338400->338399->338391->338773->613666->613667
static_fuel_dijkstra,od1_sinnonhyeon_suseo,long,peak,8.0,4,1530.3337,1242.6451,287.6886,1207.0057,657.6306,10430.4,12,True,58,7,9,42,342695->342700->343100->342865->340641->340704->341588->343777->340703->342671->340702->341790->341589->341791->342678->341981->341938->342660->646413->342069->342661->342494->341586->646410->342677->342495->342496->343071->344391->342512->341801->341272->341800->342504->342505->342520->342526->341264->341262->342775->342773->341271->341491->342050->647032->647028->647033->342043->338909->338898->338897->340035->338396->338400->338399->338391->338773->613666->613667
static_fuel_dijkstra,od1_sinnonhyeon_suseo,long,peak,8.0,5,1549.2475,1261.9925,287.255,1208.279,656.6395,10567.0,15,True,60,6,9,45,342695->342700->343100->342865->340641->340704->341588->343777->340703->342671->342674->342675->342678->342667->342662->342682->340582->343656->342632->343072->341795->341544->341796->343669->341798->342622->341797->341771->341545->340698->341540->340697->343457->341546->343780->342515->342516->342111->613883->340602->342776->342775->342773->341271->341491->342050->647032->647028->647033->342043->338909->338898->338897->340035->338396->338400->338399->338391->338773->613666->613667
static_fuel_dijkstra,od1_sinnonhyeon_suseo,long,peak,8.0,6,1527.9668,1280.2681,247.6987,1299.0062,566.2173,10567.0,13,True,60,6,9,45,342695->342700->343100->342865->340641->340704->341588->343777->340703->342671->342674->342675->342678->342667->342662->342682->340582->343656->342632->343072->341795->341544->341796->343669->341798->342622->341797->341771->341545->340698->341540->340697->343457->341546->343780->342515->342516->342111->613883->340602->342776->342775->342773->341271->341491->342050->647032->647028->647033->342043->338909->338898->338897->340035->338396->338400->338399->338391->338773->613666->613667
static_fuel_dijkstra,od1_sinnonhyeon_suseo,long,peak,8.0,7,1459.7789,1238.6437,221.1352,1267.5906,505.4955,10567.0,11,True,60,6,9,45,342695->342700->343100->342865->340641->340704->341588->343777->340703->342671->342674->342675->342678->342667->342662->342682->340582->343656->342632->343072->341795->341544->341796->343669->341798->342622->341797->341771->341545->340698->341540->340697->343457->341546->343780->342515->342516->342111->613883->340602->342776->342775->342773->341271->341491->342050->647032->647028->647033->342043->338909->338898->338897->340035->338396->338400->338399->338391->338773->613666->613667
static_fuel_dijkstra,od1_sinnonhyeon_suseo,long,peak,8.0,8,1673.6955,1307.5533,366.1422,1372.1496,836.9685,10567.0,15,True,60,6,9,45,342695->342700->343100->342865->340641->340704->341588->343777->340703->342671->342674->342675->342678->342667->342662->342682->340582->343656->342632->343072->341795->341544->341796->343669->341798->342622->341797->341771->341545->340698->341540->340697->343457->341546->343780->342515->342516->342111->613883->340602->342776->342775->342773->341271->341491->342050->647032->647028->647033->342043->338909->338898->338897->340035->338396->338400->338399->338391->338773->613666->613667
static_fuel_dijkstra,od1_sinnonhyeon_suseo,long,peak,8.0,9,1514.1696,1230.0831,284.0865,1216.5639,649.3966,10567.0,14,True,60,6,9,45,342695->342700->343100->342865->340641->340704->341588->343777->340703->342671->342674->342675->342678->342667->342662->342682->340582->343656->342632->343072->341795->341544->341796->343669->341798->342622->341797->341771->341545->340698->341540->340697->343457->341546->343780->342515->342516->342111->613883->340602->342776->342775->342773->341271->341491->342050->647032->647028->647033->342043->338909->338898->338897->340035->338396->338400->338399->338391->338773->613666->613667
static_fuel_dijkstra,od1_sinnonhyeon_suseo,long,peak,8.0,10,1475.076,1271.7825,203.2936,1190.6141,464.7111,10567.0,13,True,60,6,9,45,342695->342700->343100->342865->340641->340704->341588->343777->340703->342671->342674->342675->342678->342667->342662->342682->340582->343656->342632->343072->341795->341544->341796->343669->341798->342622->341797->341771->341545->340698->341540->340697->343457->341546->343780->342515->342516->342111->613883->340602->342776->342775->342773->341271->341491->342050->647032->647028->647033->342043->338909->338898->338897->340035->338396->338400->338399->338391->338773->613666->613667
static_fuel_dijkstra,od1_sinnonhyeon_suseo,long,peak,8.0,11,1795.4579,1478.1725,317.2854,1255.6592,725.2863,11419.7,12,True,58,7,9,42,342695->342700->343100->342865->340641->340704->341588->343777->340703->342671->340702->341790->341589->341791->342678->341981->341938->342660->646413->342069->342661->342494->341586->646410->342677->342495->342496->343071->344391->342512->341801->341272->341800->342504->342505->342520->342526->341264->341262->342775->342776->340602->342772->563248->613949->344742->646964->344673->343077->338899->339250->338904->338885->338372->338404->338391->338773->613666->613667
static_fuel_dijkstra,od1_sinnonhyeon_suseo,long,peak,8.0,12,1452.4029,1261.3763,191.0266,1208.8218,436.6698,10567.0,14,True,60,6,9,45,342695->342700->343100->342865->340641->340704->341588->343777->340703->342671->342674->342675->342678->342667->342662->342682->340582->343656->342632->343072->341795->341544->341796->343669->341798->342622->341797->341771->341545->340698->341540->340697->343457->341546->343780->342515->342516->342111->613883->340602->342776->342775->342773->341271->341491->342050->647032->647028->647033->342043->338909->338898->338897->340035->338396->338400->338399->338391->338773->613666->613667
static_fuel_dijkstra,od1_sinnonhyeon_suseo,long,peak,8.0,13,1493.1712,1188.0093,305.1619,1167.1634,697.573,9507.5,16,True,65,5,9,51,342695->342700->343100->342865->340641->340704->341588->343777->340703->342671->342674->342675->342678->342667->342662->342682->340582->343656->342632->343072->341795->341544->341796->343669->341798->342622->341797->341771->341545->340698->341540->340697->343457->341546->344219->646319->563132->343774->343516->341492->341499->344500->342607->587988->342821->343267->343341->341500->341501->343078->647029->647031->647028->647033->342043->338909->338898->338897->340035->338396->338400->338399->338391->338773->613666->613667
static_fuel_dijkstra,od1_sinnonhyeon_suseo,long,peak,8.0,14,1559.6657,1254.8182,304.8475,1167.6301,696.8543,10567.0,15,True,60,6,9,45,342695->342700->343100->342865->340641->340704->341588->343777->340703->342671->342674->342675->342678->342667->342662->342682->340582->343656->342632->343072->341795->341544->341796->343669->341798->342622->341797->341771->341545->340698->341540->340697->343457->341546->343780->342515->342516->342111->613883->340602->342776->342775->342773->341271->341491->342050->647032->647028->647033->342043->338909->338898->338897->340035->338396->338400->338399->338391->338773->613666->613667
static_fuel_dijkstra,od1_sinnonhyeon_suseo,long,peak,8.0,15,1764.8417,1431.9596,332.882,1333.2981,760.9388,11479.0,14,True,58,7,9,42,342695->342700->343100->342865->340641->340704->341588->343777->340703->342671->340702->341790->341589->340701->563070->340700->341581->342667->342662->342682->587943->646411->341586->646410->342677->342495->342496->343071->344391->342512->341801->341272->341800->342504->342505->342520->342526->341264->341262->342775->342776->340602->342772->563248->613949->344742->646964->344673->343077->338899->339250->338904->338885->338372->338404->338391->338773->613666->613667
static_fuel_dijkstra,od1_sinnonhyeon_suseo,long,peak,8.0,16,1434.7471,1233.3848,201.3623,1209.839,460.2963,10567.0,13,True,60,6,9,45,342695->342700->343100->342865->340641->340704->341588->343777->340703->342671->342674->342675->342678->342667->342662->342682->340582->343656->342632->343072->341795->341544->341796->343669->341798->342622->341797->341771->341545->340698->341540->340697->343457->341546->343780->342515->342516->342111->613883->340602->342776->342775->342773->341271->341491->342050->647032->647028->647033->342043->338909->338898->338897->340035->338396->338400->338399->338391->338773->613666->613667
static_fuel_dijkstra,od1_sinnonhyeon_suseo,long,peak,8.0,17,1508.261,1238.2938,269.9673,1247.1742,617.1212,10567.0,14,True,60,6,9,45,342695->342700->343100->342865->340641->340704->341588->343777->340703->342671->342674->342675->342678->342667->342662->342682->340582->343656->342632->343072->341795->341544->341796->343669->341798->342622->341797->341771->341545->340698->341540->340697->343457->341546->343780->342515->342516->342111->613883->340602->342776->342775->342773->341271->341491->342050->647032->647028->647033->342043->338909->338898->338897->340035->338396->338400->338399->338391->338773->613666->613667
static_fuel_dijkstra,od1_sinnonhyeon_suseo,long,peak,8.0,18,1749.6313,1469.39,280.2413,1224.6113,640.6067,11419.7,11,True,58,7,9,42,342695->342700->343100->342865->340641->340704->341588->343777->340703->342671->340702->341790->341589->341791->342678->341981->341938->342660->646413->342069->342661->342494->341586->646410->342677->342495->342496->343071->344391->342512->341801->341272->341800->342504->342505->342520->342526->341264->341262->342775->342776->340602->342772->563248->613949->344742->646964->344673->343077->338899->339250->338904->338885->338372->338404->338391->338773->613666->613667
static_fuel_dijkstra,od1_sinnonhyeon_suseo,long,peak,8.0,19,1829.7787,1531.5361,298.2426,1298.326,681.7562,11419.7,12,True,58,7,9,42,342695->342700->343100->342865->340641->340704->341588->343777->340703->342671->340702->341790->341589->341791->342678->341981->341938->342660->646413->342069->342661->342494->341586->646410->342677->342495->342496->343071->344391->342512->341801->341272->341800->342504->342505->342520->342526->341264->341262->342775->342776->340602->342772->563248->613949->344742->646964->344673->343077->338899->339250->338904->338885->338372->338404->338391->338773->613666->613667
static_fuel_dijkstra,od1_sinnonhyeon_suseo,long,peak,8.0,20,1649.367,1290.7999,358.5671,1274.7726,819.6525,10567.0,16,True,60,6,9,45,342695->342700->343100->342865->340641->340704->341588->343777->340703->342671->342674->342675->342678->342667->342662->342682->340582->343656->342632->343072->341795->341544->341796->343669->341798->342622->341797->341771->341545->340698->341540->340697->343457->341546->343780->342515->342516->342111->613883->340602->342776->342775->342773->341271->341491->342050->647032->647028->647033->342043->338909->338898->338897->340035->338396->338400->338399->338391->338773->613666->613667
static_fuel_dijkstra,od1_sinnonhyeon_suseo,long,peak,8.0,21,1481.2871,1244.935,236.3521,1324.4925,540.2799,10567.0,13,True,60,6,9,45,342695->342700->343100->342865->340641->340704->341588->343777->340703->342671->342674->342675->342678->342667->342662->342682->340582->343656->342632->343072->341795->341544->341796->343669->341798->342622->341797->341771->341545->340698->341540->340697->343457->341546->343780->342515->342516->342111->613883->340602->342776->342775->342773->341271->341491->342050->647032->647028->647033->342043->338909->338898->338897->340035->338396->338400->338399->338391->338773->613666->613667
static_fuel_dijkstra,od1_sinnonhyeon_suseo,long,peak,8.0,22,1493.3327,1241.9273,251.4055,1293.021,574.6905,10567.0,14,True,60,6,9,45,342695->342700->343100->342865->340641->340704->341588->343777->340703->342671->342674->342675->342678->342667->342662->342682->340582->343656->342632->343072->341795->341544->341796->343669->341798->342622->341797->341771->341545->340698->341540->340697->343457->341546->343780->342515->342516->342111->613883->340602->342776->342775->342773->341271->341491->342050->647032->647028->647033->342043->338909->338898->338897->340035->338396->338400->338399->338391->338773->613666->613667
static_fuel_dijkstra,od1_sinnonhyeon_suseo,long,peak,8.0,23,1586.3416,1252.8751,333.4665,1217.3498,762.2749,10567.0,16,True,60,6,9,45,342695->342700->343100->342865->340641->340704->341588->343777->340703->342671->342674->342675->342678->342667->342662->342682->340582->343656->342632->343072->341795->341544->341796->343669->341798->342622->341797->341771->341545->340698->341540->340697->343457->341546->343780->342515->342516->342111->613883->340602->342776->342775->342773->341271->341491->342050->647032->647028->647033->342043->338909->338898->338897->340035->338396->338400->338399->338391->338773->613666->613667
static_fuel_dijkstra,od1_sinnonhyeon_suseo,long,peak,8.0,24,1510.8945,1282.8424,228.0521,1343.2936,521.3068,10567.0,13,True,60,6,9,45,342695->342700->343100->342865->340641->340704->341588->343777->340703->342671->342674->342675->342678->342667->342662->342682->340582->343656->342632->343072->341795->341544->341796->343669->341798->342622->341797->341771->341545->340698->341540->340697->343457->341546->343780->342515->342516->342111->613883->340602->342776->342775->342773->341271->341491->342050->647032->647028->647033->342043->338909->338898->338897->340035->338396->338400->338399->338391->338773->613666->613667
static_fuel_dijkstra,od1_sinnonhyeon_suseo,long,peak,8.0,25,1427.3907,1227.3641,200.0266,1181.0877,457.2431,10567.0,13,True,60,6,9,45,342695->342700->343100->342865->340641->340704->341588->343777->340703->342671->342674->342675->342678->342667->342662->342682->340582->343656->342632->343072->341795->341544->341796->343669->341798->342622->341797->341771->341545->340698->341540->340697->343457->341546->343780->342515->342516->342111->613883->340602->342776->342775->342773->341271->341491->342050->647032->647028->647033->342043->338909->338898->338897->340035->338396->338400->338399->338391->338773->613666->613667
static_fuel_dijkstra,od1_sinnonhyeon_suseo,long,peak,8.0,26,1477.4679,1259.4527,218.0152,1251.6003,498.3634,10567.0,15,True,60,6,9,45,342695->342700->343100->342865->340641->340704->341588->343777->340703->342671->342674->342675->342678->342667->342662->342682->340582->343656->342632->343072->341795->341544->341796->343669->341798->342622->341797->341771->341545->340698->341540->340697->343457->341546->343780->342515->342516->342111->613883->340602->342776->342775->342773->341271->341491->342050->647032->647028->647033->342043->338909->338898->338897->340035->338396->338400->338399->338391->338773->613666->613667
static_fuel_dijkstra,od1_sinnonhyeon_suseo,long,peak,8.0,27,1458.5859,1260.7412,197.8447,1194.988,452.2554,10567.0,12,True,60,6,9,45,342695->342700->343100->342865->340641->340704->341588->343777->340703->342671->342674->342675->342678->342667->342662->342682->340582->343656->342632->343072->341795->341544->341796->343669->341798->342622->341797->341771->341545->340698->341540->340697->343457->341546->343780->342515->342516->342111->613883->340602->342776->342775->342773->341271->341491->342050->647032->647028->647033->342043->338909->338898->338897->340035->338396->338400->338399->338391->338773->613666->613667
static_fuel_dijkstra,od1_sinnonhyeon_suseo,long,peak,8.0,28,1689.8244,1286.5767,403.2477,1287.7988,921.7884,10567.0,18,True,60,6,9,45,342695->342700->343100->342865->340641->340704->341588->343777->340703->342671->342674->342675->342678->342667->342662->342682->340582->343656->342632->343072->341795->341544->341796->343669->341798->342622->341797->341771->341545->340698->341540->340697->343457->341546->343780->342515->342516->342111->613883->340602->342776->342775->342773->341271->341491->342050->647032->647028->647033->342043->338909->338898->338897->340035->338396->338400->338399->338391->338773->613666->613667
static_fuel_dijkstra,od1_sinnonhyeon_suseo,long,peak,8.0,29,1501.8516,1270.5919,231.2597,1220.6579,528.6391,10567.0,14,True,60,6,9,45,342695->342700->343100->342865->340641->340704->341588->343777->340703->342671->342674->342675->342678->342667->342662->342682->340582->343656->342632->343072->341795->341544->341796->343669->341798->342622->341797->341771->341545->340698->341540->340697->343457->341546->343780->342515->342516->342111->613883->340602->342776->342775->342773->341271->341491->342050->647032->647028->647033->342043->338909->338898->338897->340035->338396->338400->338399->338391->338773->613666->613667
static_fuel_dijkstra,od1_sinnonhyeon_suseo,long,peak,8.0,30,1855.7203,1520.1362,335.5841,1213.4841,767.1154,11419.7,14,True,58,7,9,42,342695->342700->343100->342865->340641->340704->341588->343777->340703->342671->340702->341790->341589->341791->342678->341981->341938->342660->646413->342069->342661->342494->341586->646410->342677->342495->342496->343071->344391->342512->341801->341272->341800->342504->342505->342520->342526->341264->341262->342775->342776->340602->342772->563248->613949->344742->646964->344673->343077->338899->339250->338904->338885->338372->338404->338391->338773->613666->613667
rl_base,od2_dogok_yeongdong,long,off_peak,7.0,1,1328.0299,838.9266,489.1032,826.8492,1118.0466,6359.6,23,True,60,7,10,43,338934->338933->338631->339979->340332->338581->338269->338705->339116->339111->339112->338580->338269->338705->339116->339138->338582->338268->338262->338586->339132->338258->613662->339651->338651->339293->341572->588040->341557->342643->341561->341562->341552->342644->613995->342640->342641->341775->343989->341774->341547->341773->341542->344210->342626->342633->646354->340708->341541->341539->563187->341540->340697->343457->341546->343780->342515->342812->341263->341711->341712
rl_base,od2_dogok_yeongdong,long,off_peak,7.0,2,1110.8508,745.3607,365.4901,757.7173,835.4779,6021.2,16,True,58,7,8,43,338934->338933->338631->339979->340332->338581->338269->338705->339116->339138->338582->338268->338262->338586->339132->338258->613662->339651->339650->339651->338651->562919->562884->613773->339003->339662->341549->342639->341564->341562->341552->342644->613995->342640->342641->341775->343989->341774->341547->341773->341542->344210->342626->342633->646354->340708->341541->341539->563187->341540->340697->343457->341546->343780->342515->342812->341263->341711->341712
rl_base,od2_dogok_yeongdong,long,off_peak,7.0,3,1106.0704,769.1592,336.9112,820.1078,770.149,5990.6,16,True,56,7,6,43,338934->338933->338631->339979->340332->338581->338269->338705->339116->339138->338582->338268->338262->338586->339132->338258->613662->339651->338651->562919->562884->613773->339003->339662->341549->342639->341564->341562->341552->342644->613995->342640->342641->341775->343989->341774->341547->341773->341542->344210->342626->342633->646354->340708->341541->341539->563187->341540->340697->343457->341546->343780->342515->342812->341263->341711->341712
rl_base,od2_dogok_yeongdong,long,off_peak,7.0,4,1286.4718,792.9062,493.5656,818.0867,1128.2472,6043.0,20,True,59,8,9,42,338934->338933->338631->339979->340332->338581->338269->338705->339116->339138->338582->338268->338262->338586->339132->338258->613662->339651->338651->562919->562884->613773->339003->339662->341549->341566->341568->341561->341562->341552->342644->613995->342640->342641->341775->343989->341774->341547->341773->341542->344210->342626->342633->646354->340708->341541->341539->563187->563188->563187->341540->340697->343457->341546->343780->342515->342812->341263->341711->341712
rl_base,od2_dogok_yeongdong,long,off_peak,7.0,5,1159.4836,813.6367,345.847,866.2672,790.5755,6007.5,15,True,58,7,7,44,338934->338933->338631->339979->340332->338581->338269->338705->339116->339138->338582->338268->338262->338586->339132->338258->613662->339651->338651->562919->562884->613773->339003->339662->341549->342639->341564->341562->341552->342644->613995->342640->342641->341775->343989->341774->341547->341773->341542->344210->342626->342633->646354->340708->341541->341539->563187->341540->340697->343457->341546->343780->342515->342812->341263->341711->343040->341268->341712
rl_base,od2_dogok_yeongdong,long,off_peak,7.0,6,1199.9831,794.224,405.7591,840.7808,927.5294,6069.2,15,True,60,6,7,47,338934->338933->338631->339979->340332->338581->338269->338705->339116->339138->338582->338268->338262->338586->339132->338258->613662->339651->339650->339651->338651->562919->562884->613773->339003->339662->341549->342639->341564->341562->341552->342644->613995->342640->342641->341775->343989->341774->341547->341773->341542->344210->342626->342633->646354->340708->341541->646612->341772->341545->340698->341540->340697->343457->341546->343780->342515->342812->341263->341711->341712
rl_base,od2_dogok_yeongdong,long,off_peak,7.0,7,1288.3204,808.456,479.8644,849.1073,1096.9274,6256.4,20,True,60,8,9,43,338934->338933->338631->339979->340332->338581->338269->338705->339116->339138->338582->338268->338262->338586->339132->338258->613662->339651->338651->562919->562884->613773->339003->339662->341549->342639->341564->341562->341552->342644->613995->342640->342641->341775->343989->341774->341547->341773->341542->342627->343944->342627->341542->344210->342626->342633->646354->340708->341541->341539->563187->341540->340697->343457->341546->343780->342515->342812->341263->341711->341712
rl_base,od2_dogok_yeongdong,long,off_peak,7.0,8,1134.2089,787.307,346.9019,794.322,792.987,6021.2,15,True,58,7,8,43,338934->338933->338631->339979->340332->338581->338269->338705->339116->339138->338582->338268->338262->338586->339132->338258->613662->339651->339650->339651->338651->562919->562884->613773->339003->339662->341549->342639->341564->341562->341552->342644->613995->342640->342641->341775->343989->341774->341547->341773->341542->344210->342626->342633->646354->340708->341541->341539->563187->341540->340697->343457->341546->343780->342515->342812->341263->341711->341712
rl_base,od2_dogok_yeongdong,long,off_peak,7.0,9,1295.6903,812.1221,483.5682,842.0613,1105.394,5997.1,19,True,56,7,6,43,338934->338933->338631->339979->340332->338581->338269->338705->339116->339138->338582->338268->338262->338586->339132->338258->613662->339651->338651->562919->562884->613773->339003->339662->341549->342639->563096->342115->341559->341985->341569->341737->342641->341775->343989->341774->341547->341773->341542->344210->342626->342633->646354->340708->341541->341539->563187->341540->340697->343457->341546->343780->342515->342812->341263->341711->341712
rl_base,od2_dogok_yeongdong,long,off_peak,7.0,10,1396.6983,863.7057,532.9926,916.0797,1218.3737,6590.7,21,True,63,8,10,45,338934->338933->338631->339979->340332->338581->338269->338705->339116->339138->338582->338268->338262->338586->339132->338258->613662->339651->338651->562919->562884->613773->339003->339662->341549->342639->341564->341562->341552->342644->613995->342640->342641->341775->343989->341774->341547->341773->341542->344210->342626->342633->646354->340708->341541->341539->563187->341540->340697->343457->341546->343780->342515->342812->343038->342776->340602->613883->342111->343038->342812->341263->341711->341712
rl_base,od2_dogok_yeongdong,long,off_peak,7.0,11,1359.795,889.3926,470.4024,871.0333,1075.2981,6756.9,20,True,64,7,12,45,338934->338933->338631->339979->340332->338581->338269->338705->339116->339138->338582->338268->338262->338586->339132->338258->613662->339651->339650->339651->338651->562919->562884->613773->339003->339662->341549->342639->341564->341562->341552->342644->342148->342645->341564->341562->341552->342644->613995->342640->342641->341775->343989->341774->341547->341773->341542->344210->342626->342633->646354->340708->341541->341539->563187->341540->340697->343457->341546->343780->342515->342812->341263->341711->341712
rl_base,od2_dogok_yeongdong,long,off_peak,7.0,12,1284.5995,826.0809,458.5186,895.9437,1048.1328,6046.3,20,True,57,6,5,46,338934->338933->338631->339979->340332->338581->338269->338705->339116->339138->338582->338268->338262->338586->339132->338258->613662->339651->338651->562919->562884->613773->339003->339662->341549->342639->341564->341562->341552->342644->613995->342640->342641->341775->343989->341774->341547->563166->341548->340707->343666->343075->341543->588052->341499->341492->343516->343774->563132->646319->344219->341546->343780->342515->342812->341263->341711->341712
rl_base,od2_dogok_yeongdong,long,off_peak,7.0,13,1268.8664,761.6874,507.179,785.7405,1159.3662,5844.8,20,True,54,7,6,41,338934->338933->338631->339979->340332->338581->338269->338705->339116->339138->338582->338268->338262->338586->339132->338258->613662->339651->338651->339293->341572->588040->341557->342643->341561->341562->341552->342644->613995->342640->342641->341775->343989->341774->341547->341773->341542->344210->342626->342633->646354->340708->341541->341539->563187->341540->340697->343457->341546->343780->342515->342812->341263->341711->341712
rl_base,od2_dogok_yeongdong,long,off_peak,7.0,14,1510.047,898.2544,611.7926,907.8867,1398.5035,6863.9,20,True,69,10,10,49,338934->338933->338631->339979->340332->338581->338269->338705->339116->339138->338582->338268->338262->338586->339132->338258->613662->339651->339650->339651->338651->562919->562884->613773->339003->339662->341549->342639->341564->341562->341552->342644->613995->342640->342641->342642->563118->342642->342641->341775->343989->341774->341547->341773->341542->344210->342626->342633->646354->340708->341541->341539->563187->341540->340697->343457->341546->343780->342515->646346->646572->646574->646573->646572->646346->342515->342812->341263->341711->341712
rl_base,od2_dogok_yeongdong,long,off_peak,7.0,15,1509.5624,922.8892,586.6733,963.6918,1341.083,7075.0,25,True,63,8,7,48,338934->338933->338631->339979->340332->338581->338269->338775->339117->339088->339091->339090->338268->338262->338587->338588->339119->338997->645954->339806->646068->338655->339656->339807->339810->338999->338649->339127->338226->339093->339128->341549->342639->341564->341562->341552->342644->613995->342640->342641->341775->343989->341774->341547->341773->341542->344210->342626->342633->646354->340708->341541->341539->563187->341540->340697->343457->341546->343780->342515->342812->341263->341711->341712
rl_base,od2_dogok_yeongdong,long,off_peak,7.0,16,1178.6552,847.8027,330.8525,839.1504,756.2995,6287.0,15,True,62,8,11,43,338934->338933->338631->339979->340332->338581->338269->338705->339116->339138->338582->338268->338262->338586->339132->338258->613662->339651->339650->339651->338651->562919->562884->613773->339003->339662->341549->342639->341564->341562->341552->342644->613995->342640->342641->341775->343989->341774->341547->341773->341542->342627->343944->342627->341542->344210->342626->342633->646354->340708->341541->341539->563187->341540->340697->343457->341546->343780->342515->342812->341263->341711->341712
rl_base,od2_dogok_yeongdong,long,off_peak,7.0,17,1423.4448,807.0344,616.4104,899.1239,1409.0595,6280.4,23,True,62,7,5,50,338934->338933->338631->339979->340332->338581->338269->338705->339116->339138->338582->338268->338262->338586->339132->338258->613662->339651->338651->562919->562884->613773->339003->339662->341549->342639->341564->341562->341552->342644->613995->342640->342641->341737->341569->344767->341558->563191->341512->646737->341511->342869->341510->343158->343160->344191->344189->342755->341769->341499->341492->343516->343774->563132->646319->344219->341546->343780->342515->342812->341263->341711->341712
rl_base,od2_dogok_yeongdong,long,off_peak,7.0,18,1150.358,801.6944,348.6636,794.7929,797.0141,6038.1,17,True,60,7,9,44,338934->338933->338631->339979->340332->338581->338269->338705->339116->339138->338582->338268->338262->338586->339132->338258->613662->339651->339650->339651->338651->562919->562884->613773->339003->339662->341549->342639->341564->341562->341552->342644->613995->342640->342641->341775->343989->341774->341547->341773->341542->344210->342626->342633->646354->340708->341541->341539->563187->341540->340697->343457->341546->343780->342515->342812->341263->341711->343040->341268->341712
rl_base,od2_dogok_yeongdong,long,off_peak,7.0,19,1107.0506,783.2967,323.7539,855.7341,740.0727,5990.6,16,True,56,7,6,43,338934->338933->338631->339979->340332->338581->338269->338705->339116->339138->338582->338268->338262->338586->339132->338258->613662->339651->338651->562919->562884->613773->339003->339662->341549->342639->341564->341562->341552->342644->613995->342640->342641->341775->343989->341774->341547->341773->341542->344210->342626->342633->646354->340708->341541->341539->563187->341540->340697->343457->341546->343780->342515->342812->341263->341711->341712
rl_base,od2_dogok_yeongdong,long,off_peak,7.0,20,1500.265,983.4532,516.8118,943.0652,1181.386,6970.5,21,True,69,12,7,50,338934->338933->338631->339979->340332->338581->338269->338705->339116->339138->338582->338268->338262->338586->339132->338258->339094->338218->338219->342074->341600->342687->342073->339098->646176->646175->646176->339098->342073->342687->341600->342685->341607->344213->343102->341557->342643->341561->341562->341552->342644->613995->342640->342641->341775->343989->341774->341547->341773->341542->344210->342626->342633->646354->340708->341541->341539->563187->563186->563187->341540->340697->343457->341546->343780->342515->342812->341263->341711->341712
rl_base,od2_dogok_yeongdong,long,off_peak,7.0,21,1264.0885,782.3667,481.7218,853.362,1101.1733,5990.6,18,True,56,7,6,43,338934->338933->338631->339979->340332->338581->338269->338705->339116->339138->338582->338268->338262->338586->339132->338258->613662->339651->338651->562919->562884->613773->339003->339662->341549->342639->341564->341562->341552->342644->613995->342640->342641->341775->343989->341774->341547->341773->341542->344210->342626->342633->646354->340708->341541->341539->563187->341540->340697->343457->341546->343780->342515->342812->341263->341711->341712
rl_base,od2_dogok_yeongdong,long,off_peak,7.0,22,1493.2647,985.2813,507.9834,965.1392,1161.2049,6960.6,22,True,68,10,14,44,338934->338933->338631->339979->340332->338581->338269->338705->339116->339138->338582->338268->338262->338586->339132->338258->613662->339651->339650->339651->338651->562919->562884->613773->339003->339662->341549->342639->341564->341735->341568->341561->341562->341552->342644->613995->342640->342641->341775->343989->341774->341547->341773->341542->344210->342626->342633->646354->340708->341541->341539->563187->341540->340697->343457->341546->343780->342515->342812->343038->342776->340602->613883->342111->343038->342812->341263->341711->341712
rl_base,od2_dogok_yeongdong,long,off_peak,7.0,23,1269.8771,771.0467,498.8304,808.278,1140.2819,6021.2,19,True,58,7,8,43,338934->338933->338631->339979->340332->338581->338269->338705->339116->339138->338582->338268->338262->338586->339132->338258->613662->339651->339650->339651->338651->562919->562884->613773->339003->339662->341549->342639->341564->341562->341552->342644->613995->342640->342641->341775->343989->341774->341547->341773->341542->344210->342626->342633->646354->340708->341541->341539->563187->341540->340697->343457->341546->343780->342515->342812->341263->341711->341712
rl_base,od2_dogok_yeongdong,long,off_peak,7.0,24,1391.0729,932.2224,458.8505,897.9321,1048.8914,7053.2,19,True,68,7,12,49,338934->338933->338631->339979->340332->338581->338269->338705->339116->339138->338582->338268->338262->338586->339132->338258->613662->339651->339650->339651->338651->562919->562884->613773->339003->339662->341549->342639->341564->341562->341552->342644->613995->342640->342641->341737->341569->341985->341559->342645->342148->342644->613995->342640->342641->341775->343989->341774->341547->341773->341542->344210->342626->342633->646354->340708->341541->341539->563187->341540->340697->343457->341546->343780->342515->342812->341263->341711->341712
rl_base,od2_dogok_yeongdong,long,off_peak,7.0,25,1262.0227,807.024,454.9988,904.9402,1040.0868,5844.8,18,True,54,7,6,41,338934->338933->338631->339979->340332->338581->338269->338705->339116->339138->338582->338268->338262->338586->339132->338258->613662->339651->338651->339293->341572->588040->341557->342643->341561->341562->341552->342644->613995->342640->342641->341775->343989->341774->341547->341773->341542->344210->342626->342633->646354->340708->341541->341539->563187->341540->340697->343457->341546->343780->342515->342812->341263->341711->341712
rl_base,od2_dogok_yeongdong,long,off_peak,7.0,26,1256.8299,767.2492,489.5807,828.2466,1119.138,5990.6,19,True,56,7,6,43,338934->338933->338631->339979->340332->338581->338269->338705->339116->339138->338582->338268->338262->338586->339132->338258->613662->339651->338651->562919->562884->613773->339003->339662->341549->342639->341564->341562->341552->342644->613995->342640->342641->341775->343989->341774->341547->341773->341542->344210->342626->342633->646354->340708->341541->341539->563187->341540->340697->343457->341546->343780->342515->342812->341263->341711->341712
rl_base,od2_dogok_yeongdong,long,off_peak,7.0,27,1580.9981,932.9595,648.0387,1005.9198,1481.3588,7196.7,27,True,67,9,9,49,338934->338933->338631->339979->340332->338581->338269->338705->339116->339138->338582->338268->339090->338156->339054->338139->562936->339292->339070->613767->613766->613768->338803->338267->340192->338229->340484->339098->342073->342687->341600->342685->341607->344213->343102->341557->342643->341561->341562->341552->342644->613995->342640->342641->341775->343989->341774->341547->341773->341542->344210->342626->342633->646354->340708->341541->341539->563187->341540->340697->343457->341546->343780->342515->342812->341263->341711->341712
rl_base,od2_dogok_yeongdong,long,off_peak,7.0,28,1209.4553,808.3528,401.1024,822.6342,916.8846,6170.5,17,True,57,8,7,42,338934->338933->338631->339979->340332->338581->338269->338705->339116->339138->338582->338268->338262->338586->339132->338258->613662->339651->338651->562919->562884->613773->339003->339662->341549->342639->341564->341562->341552->342644->613995->342640->342641->341775->343989->341774->341547->341773->341542->344210->342626->342633->646354->340708->341541->341539->563187->341540->340697->343457->341546->343780->342515->342812->341263->341711->341713->341712
rl_base,od2_dogok_yeongdong,long,off_peak,7.0,29,1251.4917,747.0039,504.4878,794.5283,1153.2144,5988.2,21,True,57,8,7,42,338934->338933->338631->339979->340332->338581->338269->338705->339116->339138->338582->338268->338262->338586->339132->338258->613662->339651->338651->562919->562884->613773->339003->339662->341549->341566->341568->341561->341562->341552->342644->613995->342640->342641->341775->343989->341774->341547->341773->341542->344210->342626->342633->646354->340708->341541->341539->563187->341540->340697->343457->341546->343780->342515->342812->341263->341711->341712
rl_base,od2_dogok_yeongdong,long,off_peak,7.0,30,1133.8436,780.724,353.1196,788.5908,807.2001,5990.6,16,True,56,7,6,43,338934->338933->338631->339979->340332->338581->338269->338705->339116->339138->338582->338268->338262->338586->339132->338258->613662->339651->338651->562919->562884->613773->339003->339662->341549->342639->341564->341562->341552->342644->613995->342640->342641->341775->343989->341774->341547->341773->341542->344210->342626->342633->646354->340708->341541->341539->563187->341540->340697->343457->341546->343780->342515->342812->341263->341711->341712
rl_base,od2_dogok_yeongdong,long,peak,8.0,1,1281.8937,832.4559,449.4379,918.6359,1027.375,6043.1,20,True,60,7,6,47,338934->338933->338631->339979->340332->338581->338269->338705->339116->339138->338582->338268->338583->587842->338768->338767->338254->339133->338229->340484->339098->342073->342687->341600->342685->341607->344213->343102->341557->342643->341561->341562->341552->342644->613995->342640->342641->341775->343989->341774->341547->341773->341542->344210->342626->342633->646354->340708->341541->341539->563187->341540->340697->343457->341546->343780->342515->342812->341263->341711->341712
rl_base,od2_dogok_yeongdong,long,peak,8.0,2,1413.2931,931.7425,481.5506,1025.1798,1100.7819,7138.3,20,True,70,10,12,48,338934->338933->338631->339979->340332->338581->338269->338705->339116->339138->338582->338268->338583->587842->338768->338767->338254->339133->338229->340484->339098->342073->342687->341600->342685->341607->344213->343102->341557->342643->341561->341562->341552->342644->613995->342640->342641->341775->343989->341774->341547->341773->341542->342628->342630->342629->342626->344210->341542->342627->343944->342627->341542->344210->342626->342633->646354->340708->341541->341539->563187->341540->340697->343457->341546->343780->342515->342812->341263->341711->341712
rl_base,od2_dogok_yeongdong,long,peak,8.0,3,1502.8726,941.3235,561.5491,1034.6065,1283.6515,6955.8,24,True,70,9,11,50,338934->338933->340139->339308->339893->339307->338934->338933->338631->339979->340332->338581->338269->338705->339116->339138->338582->338268->338262->338586->339132->338258->613662->339651->338651->339293->341572->588040->341557->342643->341561->341562->341552->342644->613995->342640->342641->341737->341569->344767->341558->563191->341512->646737->341511->342869->341510->343158->343160->344191->344189->342755->341769->341499->344500->342607->342606->340588->341492->343516->343774->563132->646319->344219->341546->343780->342515->342812->341263->341711->341712
rl_base,od2_dogok_yeongdong,long,peak,8.0,4,1109.2472,802.076,307.1712,912.3806,702.166,6043.1,15,True,60,7,6,47,338934->338933->338631->339979->340332->338581->338269->338705->339116->339138->338582->338268->338583->587842->338768->338767->338254->339133->338229->340484->339098->342073->342687->341600->342685->341607->344213->343102->341557->342643->341561->341562->341552->342644->613995->342640->342641->341775->343989->341774->341547->341773->341542->344210->342626->342633->646354->340708->341541->341539->563187->341540->340697->343457->341546->343780->342515->342812->341263->341711->341712
rl_base,od2_dogok_yeongdong,long,peak,8.0,5,1265.8419,799.696,466.146,880.2448,1065.5683,6043.1,19,True,60,7,6,47,338934->338933->338631->339979->340332->338581->338269->338705->339116->339138->338582->338268->338583->587842->338768->338767->338254->339133->338229->340484->339098->342073->342687->341600->342685->341607->344213->343102->341557->342643->341561->341562->341552->342644->613995->342640->342641->341775->343989->341774->341547->341773->341542->344210->342626->342633->646354->340708->341541->341539->563187->341540->340697->343457->341546->343780->342515->342812->341263->341711->341712
rl_base,od2_dogok_yeongdong,long,peak,8.0,6,1110.1562,793.0544,317.1019,898.1556,724.8667,6130.3,17,True,62,9,6,47,338934->338933->338631->339979->340332->338581->338269->338705->339116->339138->338582->338268->338583->587842->338768->338767->338254->339133->338229->340484->340483->340484->339098->342073->342687->341600->342685->341607->344213->343102->341557->342643->341561->341562->341552->342644->613995->342640->342641->341775->343989->341774->341547->341773->341542->344210->342626->342633->646354->340708->341541->341539->563187->341540->340697->343457->341546->343780->342515->342812->341263->341711->341712
rl_base,od2_dogok_yeongdong,long,peak,8.0,7,1272.6907,853.2978,419.3929,988.9144,958.695,6292.4,20,True,64,8,7,49,338934->338933->338631->339979->340332->338581->338269->338705->339116->339138->338582->338268->338583->587842->338768->338767->338254->339133->338229->340484->339098->342073->342687->341600->342685->341607->588038->563143->338261->341734->341572->588040->341557->342643->341561->341562->341552->342644->613995->342640->342641->341775->343989->341774->341547->341773->341542->344210->342626->342633->646354->340708->341541->341539->563187->341540->340697->343457->341546->343780->342515->342812->341263->341711->341712
rl_base,od2_dogok_yeongdong,long,peak,8.0,8,544.2366,440.9755,103.2611,520.4936,236.0457,3279.0,7,False,36,4,5,27,338934->338933->338631->339979->340332->338581->338269->338705->339116->339138->338582->338268->338583->587842->338768->338767->338254->339133->338229->340484->339098->342073->342687->341600->342685->341607->342693->343943->343106->341601->646355->341593->344353->342694->563168->341608->341553
rl_base,od2_dogok_yeongdong,long,peak,8.0,9,1263.21,817.8674,445.3426,947.2543,1018.0136,6327.2,15,True,50,6,7,37,338934->339087->340330->340328->339088->339091->339090->338268->338262->338586->339132->338258->613662->339651->338651->339293->341572->588040->341557->342643->341561->341562->341552->342644->613995->342640->342641->341775->343989->341774->341547->341773->341542->344210->342626->342633->646354->340708->341541->341539->563187->341540->340697->343457->341546->343780->342515->342812->341263->341711->341712
rl_base,od2_dogok_yeongdong,long,peak,8.0,10,1103.8707,792.503,311.3676,876.6788,711.7588,6043.1,17,True,60,7,6,47,338934->338933->338631->339979->340332->338581->338269->338705->339116->339138->338582->338268->338583->587842->338768->338767->338254->339133->338229->340484->339098->342073->342687->341600->342685->341607->344213->343102->341557->342643->341561->341562->341552->342644->613995->342640->342641->341775->343989->341774->341547->341773->341542->344210->342626->342633->646354->340708->341541->341539->563187->341540->340697->343457->341546->343780->342515->342812->341263->341711->341712
rl_base,od2_dogok_yeongdong,long,peak,8.0,11,1300.9883,894.3833,406.605,1020.4325,929.463,6908.5,19,True,57,8,7,42,338934->338933->338631->339979->340332->338581->338269->338775->339117->339088->339091->339090->338268->338262->338586->339132->338258->613662->339651->338651->339293->341572->588040->341557->342643->341561->341562->341564->342645->341559->341985->341569->341737->342641->341775->343989->341774->341547->341773->341542->344210->342626->342633->646354->340708->341541->341539->563187->341540->340697->343457->341546->343780->342515->342812->341263->341711->341712
rl_base,od2_dogok_yeongdong,long,peak,8.0,12,1122.0679,798.7486,323.3193,881.8211,739.0791,6043.1,18,True,60,7,6,47,338934->338933->338631->339979->340332->338581->338269->338705->339116->339138->338582->338268->338583->587842->338768->338767->338254->339133->338229->340484->339098->342073->342687->341600->342685->341607->344213->343102->341557->342643->341561->341562->341552->342644->613995->342640->342641->341775->343989->341774->341547->341773->341542->344210->342626->342633->646354->340708->341541->341539->563187->341540->340697->343457->341546->343780->342515->342812->341263->341711->341712
rl_base,od2_dogok_yeongdong,long,peak,8.0,13,1124.0086,811.5519,312.4567,914.4109,714.2483,6043.1,17,True,60,7,6,47,338934->338933->338631->339979->340332->338581->338269->338705->339116->339138->338582->338268->338583->587842->338768->338767->338254->339133->338229->340484->339098->342073->342687->341600->342685->341607->344213->343102->341557->342643->341561->341562->341552->342644->613995->342640->342641->341775->343989->341774->341547->341773->341542->344210->342626->342633->646354->340708->341541->341539->563187->341540->340697->343457->341546->343780->342515->342812->341263->341711->341712
rl_base,od2_dogok_yeongdong,long,peak,8.0,14,1130.4967,825.4817,305.015,921.4674,697.2373,6043.1,15,True,60,7,6,47,338934->338933->338631->339979->340332->338581->338269->338705->339116->339138->338582->338268->338583->587842->338768->338767->338254->339133->338229->340484->339098->342073->342687->341600->342685->341607->344213->343102->341557->342643->341561->341562->341552->342644->613995->342640->342641->341775->343989->341774->341547->341773->341542->344210->342626->342633->646354->340708->341541->341539->563187->341540->340697->343457->341546->343780->342515->342812->341263->341711->341712
rl_base,od2_dogok_yeongdong,long,peak,8.0,15,1337.5329,924.3621,413.1707,1007.4636,944.4716,6778.8,21,True,66,7,10,49,338934->338933->338631->339979->340332->338581->338269->338705->339116->339138->338582->338268->338583->587842->338768->338767->338254->339133->338229->340484->339098->342073->342687->341600->342685->341607->344213->343102->341557->342643->341561->341562->341552->342644->342148->342645->341564->341562->341552->342644->613995->342640->342641->341775->343989->341774->341547->341773->341542->344210->342626->342633->646354->340708->341541->341539->563187->341540->340697->343457->341546->343780->342515->342812->341263->341711->341712
rl_base,od2_dogok_yeongdong,long,peak,8.0,16,1314.8173,901.8887,412.9286,1022.4649,943.9182,6694.0,17,True,71,13,9,49,338934->338933->338631->339979->340332->338581->338269->338705->339116->339138->338582->338268->338583->587842->338768->338767->338254->339133->338229->340484->339098->646176->646175->646176->339098->342073->342687->341600->342685->341607->344213->343102->341557->342643->341555->341736->341568->341735->341564->341562->341552->342644->613995->342640->342641->341775->343989->341774->341547->341773->341542->344210->342626->342633->646354->340708->341541->341539->563187->341540->340697->343457->341546->343780->342515->342516->342111->343038->342812->341263->341711->341712
rl_base,od2_dogok_yeongdong,long,peak,8.0,17,1113.4355,788.9261,324.5094,876.6513,741.7997,6043.1,17,True,60,7,6,47,338934->338933->338631->339979->340332->338581->338269->338705->339116->339138->338582->338268->338583->587842->338768->338767->338254->339133->338229->340484->339098->342073->342687->341600->342685->341607->344213->343102->341557->342643->341561->341562->341552->342644->613995->342640->342641->341775->343989->341774->341547->341773->341542->344210->342626->342633->646354->340708->341541->341539->563187->341540->340697->343457->341546->343780->342515->342812->341263->341711->341712
rl_base,od2_dogok_yeongdong,long,peak,8.0,18,1248.227,784.8247,463.4023,893.3128,1059.2965,6043.1,19,True,60,7,6,47,338934->338933->338631->339979->340332->338581->338269->338705->339116->339138->338582->338268->338583->587842->338768->338767->338254->339133->338229->340484->339098->342073->342687->341600->342685->341607->344213->343102->341557->342643->341561->341562->341552->342644->613995->342640->342641->341775->343989->341774->341547->341773->341542->344210->342626->342633->646354->340708->341541->341539->563187->341540->340697->343457->341546->343780->342515->342812->341263->341711->341712
rl_base,od2_dogok_yeongdong,long,peak,8.0,19,1106.1774,781.3008,324.8766,845.3838,742.6392,6043.1,18,True,60,7,6,47,338934->338933->338631->339979->340332->338581->338269->338705->339116->339138->338582->338268->338583->587842->338768->338767->338254->339133->338229->340484->339098->342073->342687->341600->342685->341607->344213->343102->341557->342643->341561->341562->341552->342644->613995->342640->342641->341775->343989->341774->341547->341773->341542->344210->342626->342633->646354->340708->341541->341539->563187->341540->340697->343457->341546->343780->342515->342812->341263->341711->341712
rl_base,od2_dogok_yeongdong,long,peak,8.0,20,1133.4513,800.1163,333.335,853.5256,761.9743,6043.1,16,True,60,7,6,47,338934->338933->338631->339979->340332->338581->338269->338705->339116->339138->338582->338268->338583->587842->338768->338767->338254->339133->338229->340484->339098->342073->342687->341600->342685->341607->344213->343102->341557->342643->341561->341562->341552->342644->613995->342640->342641->341775->343989->341774->341547->341773->341542->344210->342626->342633->646354->340708->341541->341539->563187->341540->340697->343457->341546->343780->342515->342812->341263->341711->341712
rl_base,od2_dogok_yeongdong,long,peak,8.0,21,1105.4488,785.1032,320.3456,855.5311,732.2817,6043.1,17,True,60,7,6,47,338934->338933->338631->339979->340332->338581->338269->338705->339116->339138->338582->338268->338583->587842->338768->338767->338254->339133->338229->340484->339098->342073->342687->341600->342685->341607->344213->343102->341557->342643->341561->341562->341552->342644->613995->342640->342641->341775->343989->341774->341547->341773->341542->344210->342626->342633->646354->340708->341541->341539->563187->341540->340697->343457->341546->343780->342515->342812->341263->341711->341712
rl_base,od2_dogok_yeongdong,long,peak,8.0,22,1106.5564,795.1198,311.4366,874.7174,711.9164,6043.1,18,True,60,7,6,47,338934->338933->338631->339979->340332->338581->338269->338705->339116->339138->338582->338268->338583->587842->338768->338767->338254->339133->338229->340484->339098->342073->342687->341600->342685->341607->344213->343102->341557->342643->341561->341562->341552->342644->613995->342640->342641->341775->343989->341774->341547->341773->341542->344210->342626->342633->646354->340708->341541->341539->563187->341540->340697->343457->341546->343780->342515->342812->341263->341711->341712
rl_base,od2_dogok_yeongdong,long,peak,8.0,23,1248.4342,785.4828,462.9514,887.3222,1058.2658,6044.7,21,True,59,8,7,44,338934->338933->338631->339979->340332->338581->338269->338705->339116->339138->338582->338268->338583->587842->338768->338767->338254->339133->338229->338218->338219->342074->341600->342685->341607->344213->343102->341557->342643->341561->341562->341552->342644->613995->342640->342641->341775->343989->341774->341547->341773->341542->344210->342626->342633->646354->340708->341541->341539->563187->341540->340697->343457->341546->343780->342515->342812->341263->341711->341712
rl_base,od2_dogok_yeongdong,long,peak,8.0,24,1117.6149,793.0925,324.5223,844.0533,741.8293,6043.1,16,True,60,7,6,47,338934->338933->338631->339979->340332->338581->338269->338705->339116->339138->338582->338268->338583->587842->338768->338767->338254->339133->338229->340484->339098->342073->342687->341600->342685->341607->344213->343102->341557->342643->341561->341562->341552->342644->613995->342640->342641->341775->343989->341774->341547->341773->341542->344210->342626->342633->646354->340708->341541->341539->563187->341540->340697->343457->341546->343780->342515->342812->341263->341711->341712
rl_base,od2_dogok_yeongdong,long,peak,8.0,25,1135.346,820.2414,315.1046,897.6227,720.3012,6130.3,16,True,62,9,6,47,338934->338933->338631->339979->340332->338581->338269->338705->339116->339138->338582->338268->338583->587842->338768->338767->338254->339133->338229->340484->340483->340484->339098->342073->342687->341600->342685->341607->344213->343102->341557->342643->341561->341562->341552->342644->613995->342640->342641->341775->343989->341774->341547->341773->341542->344210->342626->342633->646354->340708->341541->341539->563187->341540->340697->343457->341546->343780->342515->342812->341263->341711->341712
rl_base,od2_dogok_yeongdong,long,peak,8.0,26,1281.4853,868.6211,412.8642,1004.0627,943.7709,6286.8,15,True,68,8,9,51,338934->338933->338631->339979->340332->338581->338269->338705->339116->339138->338582->338268->338583->587842->338768->338767->338254->338926->339129->339130->646136->338920->613766->613768->338803->338267->340192->338229->338218->338219->342074->341600->342685->341607->344213->343102->341557->342643->341561->341562->341552->342644->613995->342640->342641->341775->343989->341774->341547->341773->341542->344210->342626->342633->646354->340708->341541->341539->563187->341540->340697->343457->341546->343780->342515->342812->341263->341711->341712
rl_base,od2_dogok_yeongdong,long,peak,8.0,27,1225.7836,743.7645,482.0191,847.229,1101.8529,5844.8,19,True,54,7,6,41,338934->338933->338631->339979->340332->338581->338269->338705->339116->339138->338582->338268->338262->338586->339132->338258->613662->339651->338651->339293->341572->588040->341557->342643->341561->341562->341552->342644->613995->342640->342641->341775->343989->341774->341547->341773->341542->344210->342626->342633->646354->340708->341541->341539->563187->341540->340697->343457->341546->343780->342515->342812->341263->341711->341712
rl_base,od2_dogok_yeongdong,long,peak,8.0,28,1406.6654,915.633,491.0324,1001.8758,1122.4564,6617.6,19,True,63,9,8,46,338934->338933->338631->339979->340332->338581->338269->338705->339116->339138->338582->338268->338583->587842->338768->338767->338254->339133->338229->340484->339098->342073->342687->341600->342685->341607->344213->343102->341557->342643->341561->341562->341552->341563->341553->341554->341551->341538->613852->344181->342630->342628->563165->341547->341773->341542->344210->342626->342633->646354->340708->341541->341539->563187->341540->340697->343457->341546->343780->342515->342812->341263->341711->341712
rl_base,od2_dogok_yeongdong,long,peak,8.0,29,1188.5435,815.7224,372.8211,925.3041,852.2359,6223.0,18,True,61,8,7,46,338934->338933->338631->339979->340332->338581->338269->338705->339116->339138->338582->338268->338583->587842->338768->338767->338254->339133->338229->340484->339098->342073->342687->341600->342685->341607->344213->343102->341557->342643->341561->341562->341552->342644->613995->342640->342641->341775->343989->341774->341547->341773->341542->344210->342626->342633->646354->340708->341541->341539->563187->341540->340697->343457->341546->343780->342515->342812->341263->341711->341713->341712
rl_base,od2_dogok_yeongdong,long,peak,8.0,30,1326.188,941.9804,384.2077,1068.7544,878.2646,7075.1,19,True,70,7,10,53,338934->338933->338631->339979->340332->338581->338269->338705->339116->339138->338582->338268->338583->587842->338768->338767->338254->339133->338229->340484->339098->342073->342687->341600->342685->341607->344213->343102->341557->342643->341561->341562->341552->342644->613995->342640->342641->341737->341569->341985->341559->342645->342148->342644->613995->342640->342641->341775->343989->341774->341547->341773->341542->344210->342626->342633->646354->340708->341541->341539->563187->341540->340697->343457->341546->343780->342515->342812->341263->341711->341712
rl_base,od1_sinnonhyeon_suseo,long,off_peak,7.0,1,541.1947,367.6715,173.5232,366.1387,396.6586,2907.2,7,False,23,2,7,14,342695->342700->343100->342865->342652->342116->342672->340587->342670->343657->342666->342663->342681->342680->342150->646876->646875->646876->342150->341591->341592->342649->341608->341553
rl_base,od1_sinnonhyeon_suseo,long,off_peak,7.0,2,517.2658,353.6717,163.5941,389.9264,373.9617,2690.7,7,False,23,1,4,18,342695->342700->343100->342865->340641->340704->341588->343777->340703->342671->342672->340587->342670->343657->342666->342663->342681->342680->342150->341591->341592->342649->341608->341553
rl_base,od1_sinnonhyeon_suseo,long,off_peak,7.0,3,592.4889,371.6879,220.801,439.1757,504.7316,2933.2,6,False,24,2,5,17,342695->342700->343100->342865->340641->340704->341588->343777->340703->342671->342674->342675->342678->342667->341581->342666->342663->342681->342680->342150->341591->341592->342649->341608->341553
rl_base,od1_sinnonhyeon_suseo,long,off_peak,7.0,4,502.6932,317.795,184.8982,344.3362,422.661,2695.2,8,False,19,1,4,14,342695->342700->343100->342865->342652->342116->342672->340587->342670->343657->342666->342663->342681->342680->342150->341591->341592->342649->341608->341553
rl_base,od1_sinnonhyeon_suseo,long,off_peak,7.0,5,528.9674,380.8077,148.1597,424.1535,338.6799,2933.2,4,False,24,2,5,17,342695->342700->343100->342865->340641->340704->341588->343777->340703->342671->342674->342675->342678->342667->341581->342666->342663->342681->342680->342150->341591->341592->342649->341608->341553
rl_base,od1_sinnonhyeon_suseo,long,off_peak,7.0,6,505.0368,326.963,178.0738,356.0698,407.0609,2695.2,7,False,19,1,4,14,342695->342700->343100->342865->342652->342116->342672->340587->342670->343657->342666->342663->342681->342680->342150->341591->341592->342649->341608->341553
rl_base,od1_sinnonhyeon_suseo,long,off_peak,7.0,7,2122.7017,1460.5163,662.1854,1277.5464,1513.697,9558.2,27,False,200,137,29,34,342695->342700->343100->342865->342652->342116->342672->340587->342670->343657->342666->342663->342681->342680->342150->341591->341592->342649->341608->341777->341565->341554->341551->341538->613852->344181->342630->342628->563165->341547->563166->341548->340707->343666->343075->341543->344196->344513->344195->344196->344513->344195->344196->344513->344195->344196->344513->344195->344196->344513->344195->344515->344512->344514->344515->344512->344514->344515->344512->344514->344515->344512->344514->344515->344512->344514->344515->344512->344514->344515->344512->344514->344515->344512->344514->344515->344512->344514->344515->344512->344514->344515->344512->344198->344197->344198->344512->344514->344515->344512->344514->344515->344512->344514->344515->344512->344514->344515->344512->344514->344515->344512->344514->344515->344512->344514->344515->344512->344514->344515->344512->344514->344515->344512->344514->344515->344512->344514->344515->344512->344514->344515->344512->344514->344515->344512->344514->344515->344512->344514->344515->344512->344198->344197->344198->344512->344514->344515->344512->344514->344515->344512->344514->344515->344512->344514->344515->344512->344514->344515->344512->344514->344515->344512->344514->344515->344512->344514->344515->344512->344514->344515->344512->344514->344515->344512->344514->344515->344512->344514->344515->344512->344514->344515->344195->344196->341543->588052->341499->341769->342755->344189->344191->344808->344807->344806->344808->344807->344806->344808->344807->344806->344808->344807->344806->344808->344807->344806->344808->344807->344806
rl_base,od1_sinnonhyeon_suseo,long,off_peak,7.0,8,533.9475,349.611,184.3365,342.0735,421.377,2695.2,9,False,19,1,4,14,342695->342700->343100->342865->342652->342116->342672->340587->342670->343657->342666->342663->342681->342680->342150->341591->341592->342649->341608->341553
rl_base,od1_sinnonhyeon_suseo,long,off_peak,7.0,9,633.3842,422.8794,210.5048,457.9059,481.1953,3222.8,6,False,26,1,6,19,342695->342700->343100->342865->340641->340704->341588->343777->340703->342671->342674->342675->342678->342667->341581->342666->342665->342666->342663->342681->342680->342150->341591->341592->342649->341608->341553
rl_base,od1_sinnonhyeon_suseo,long,off_peak,7.0,10,515.602,342.0532,173.5488,364.1444,396.7172,2695.2,7,False,19,1,4,14,342695->342700->343100->342865->342652->342116->342672->340587->342670->343657->342666->342663->342681->342680->342150->341591->341592->342649->341608->341553
rl_base,od1_sinnonhyeon_suseo,long,off_peak,7.0,11,617.1295,398.1293,219.0001,438.0927,500.6148,2936.8,8,False,26,2,5,19,342695->342700->343100->342865->340641->340704->341588->343777->340703->342671->342674->342675->342678->342667->341581->341792->342664->341793->341587->342681->342680->342150->341591->341592->342649->341608->341553
rl_base,od1_sinnonhyeon_suseo,long,off_peak,7.0,12,707.6729,390.7136,316.9593,400.1618,724.5408,3100.2,10,False,27,4,7,16,342695->342700->343100->342865->342652->342116->341785->341588->343777->340703->342671->342674->342675->342678->342667->341581->341792->342664->341793->341587->342681->342680->342150->341591->341592->342649->341608->341553
rl_base,od1_sinnonhyeon_suseo,long,off_peak,7.0,13,502.7038,323.4183,179.2855,354.2191,409.8307,2695.2,7,False,19,1,4,14,342695->342700->343100->342865->342652->342116->342672->340587->342670->343657->342666->342663->342681->342680->342150->341591->341592->342649->341608->341553
rl_base,od1_sinnonhyeon_suseo,long,off_peak,7.0,14,533.2587,366.2006,167.0581,381.7491,381.8799,2690.7,7,False,23,1,4,18,342695->342700->343100->342865->340641->340704->341588->343777->340703->342671->342672->340587->342670->343657->342666->342663->342681->342680->342150->341591->341592->342649->341608->341553
rl_base,od1_sinnonhyeon_suseo,long,off_peak,7.0,15,704.8392,389.8586,314.9807,400.2943,720.0179,2971.7,11,False,29,2,7,20,342695->342700->343100->342865->340641->340704->341588->343777->340703->342671->342672->340587->342670->646668->646669->646666->646669->646668->342670->343657->342666->342663->342681->342680->342150->341591->341592->342649->341608->341553
rl_base,od1_sinnonhyeon_suseo,long,off_peak,7.0,16,502.6348,324.1637,178.471,354.6297,407.9689,2695.2,6,False,19,1,4,14,342695->342700->343100->342865->342652->342116->342672->340587->342670->343657->342666->342663->342681->342680->342150->341591->341592->342649->341608->341553
rl_base,od1_sinnonhyeon_suseo,long,off_peak,7.0,17,597.5155,370.8337,226.6818,422.8443,518.1745,2933.2,6,False,24,2,5,17,342695->342700->343100->342865->340641->340704->341588->343777->340703->342671->342674->342675->342678->342667->341581->342666->342663->342681->342680->342150->341591->341592->342649->341608->341553
rl_base,od1_sinnonhyeon_suseo,long,off_peak,7.0,18,1652.1138,1103.9303,548.1835,1156.5666,1253.0987,8479.5,23,False,84,8,15,61,342695->342700->343100->342865->342652->342116->341788->341787->563170->341731->341603->341730->646623->341984->341732->342691->341733->341602->338230->562917->338585->338267->338803->613768->338253->339069->339134->338230->341602->341733->342691->341732->341984->646623->341730->341603->341731->563170->341787->341788->342116->342672->342671->342674->342675->342678->342667->341581->342666->342663->342681->342680->342150->341591->341592->342649->341608->341777->341565->340710->341776->341538->613852->344181->342630->342628->563165->341547->341773->341542->342627->343944->342627->341542->342628->342630->344181->613852->341538->341776->340710->341565->341777->341608->341553
rl_base,od1_sinnonhyeon_suseo,long,off_peak,7.0,19,510.8726,332.2132,178.6594,356.4569,408.3995,2690.7,8,False,23,1,4,18,342695->342700->343100->342865->340641->340704->341588->343777->340703->342671->342672->340587->342670->343657->342666->342663->342681->342680->342150->341591->341592->342649->341608->341553
rl_base,od1_sinnonhyeon_suseo,long,off_peak,7.0,20,512.8703,327.7273,185.143,342.4087,423.2204,2695.2,7,False,19,1,4,14,342695->342700->343100->342865->342652->342116->342672->340587->342670->343657->342666->342663->342681->342680->342150->341591->341592->342649->341608->341553
rl_base,od1_sinnonhyeon_suseo,long,off_peak,7.0,21,533.0275,377.2006,155.827,422.0161,356.2066,2933.2,6,False,24,2,5,17,342695->342700->343100->342865->340641->340704->341588->343777->340703->342671->342674->342675->342678->342667->341581->342666->342663->342681->342680->342150->341591->341592->342649->341608->341553
rl_base,od1_sinnonhyeon_suseo,long,off_peak,7.0,22,550.2433,390.1607,160.0826,397.7084,365.9345,2907.2,7,False,23,2,7,14,342695->342700->343100->342865->342652->342116->342672->340587->342670->343657->342666->342663->342681->342680->342150->646876->646875->646876->342150->341591->341592->342649->341608->341553
rl_base,od1_sinnonhyeon_suseo,long,off_peak,7.0,23,524.4045,329.9327,194.4718,318.7534,444.5452,2695.2,8,False,19,1,4,14,342695->342700->343100->342865->342652->342116->342672->340587->342670->343657->342666->342663->342681->342680->342150->341591->341592->342649->341608->341553
rl_base,od1_sinnonhyeon_suseo,long,off_peak,7.0,24,542.4141,395.9402,146.4739,453.8596,334.8262,2944.2,6,False,24,1,4,19,342695->342700->343100->342865->340641->340704->341588->343777->340703->342671->342674->342675->342678->342667->342662->342682->341587->342681->342680->342150->341591->341592->342649->341608->341553
rl_base,od1_sinnonhyeon_suseo,long,off_peak,7.0,25,613.8945,380.1663,233.7282,408.8528,534.2819,2976.2,10,False,25,2,7,16,342695->342700->343100->342865->342652->342116->342672->340587->342670->646668->646669->646666->646669->646668->342670->343657->342666->342663->342681->342680->342150->341591->341592->342649->341608->341553
rl_base,od1_sinnonhyeon_suseo,long,off_peak,7.0,26,614.2811,386.5644,227.7166,419.9523,520.5399,2933.2,6,False,24,2,5,17,342695->342700->343100->342865->340641->340704->341588->343777->340703->342671->342674->342675->342678->342667->341581->342666->342663->342681->342680->342150->341591->341592->342649->341608->341553
rl_base,od1_sinnonhyeon_suseo,long,off_peak,7.0,27,513.3246,336.6558,176.6688,364.744,403.8493,2695.2,7,False,19,1,4,14,342695->342700->343100->342865->342652->342116->342672->340587->342670->343657->342666->342663->342681->342680->342150->341591->341592->342649->341608->341553
rl_base,od1_sinnonhyeon_suseo,long,off_peak,7.0,28,510.7468,327.7782,182.9686,342.1826,418.2501,2695.2,8,False,19,1,4,14,342695->342700->343100->342865->342652->342116->342672->340587->342670->343657->342666->342663->342681->342680->342150->341591->341592->342649->341608->341553
rl_base,od1_sinnonhyeon_suseo,long,off_peak,7.0,29,604.1999,362.3507,241.8492,390.5021,552.8457,2862.7,8,False,23,2,5,16,342695->342700->343100->342865->342652->342116->342672->340587->342670->563070->340700->341581->341792->342664->341793->341587->342681->342680->342150->341591->341592->342649->341608->341553
rl_base,od1_sinnonhyeon_suseo,long,off_peak,7.0,30,1353.4933,870.5382,482.9552,906.2451,1103.9926,6681.1,19,False,59,5,13,41,342695->342700->343100->342865->342652->342116->341788->341787->563170->341731->341603->341730->646623->341984->341732->342691->341733->341602->338230->562917->338585->338267->338803->613768->338253->339069->339134->338230->341602->341733->342691->341732->341984->646623->341730->341603->341731->563170->341787->341788->342116->342652->342865->341611->341583->342674->342675->342678->342667->341581->342666->342663->342681->342680->342150->341591->341592->342649->341608->341553
rl_base,od1_sinnonhyeon_suseo,long,peak,8.0,1,610.5177,428.6182,181.8995,486.881,415.8061,3290.9,11,False,29,4,3,22,342695->342700->343100->342865->340641->340704->341588->343777->340703->342671->342674->341583->341786->341588->341785->342116->342672->340587->342670->343657->342666->342663->342681->342680->342150->341591->341592->342649->341608->341553
rl_base,od1_sinnonhyeon_suseo,long,peak,8.0,2,504.4026,365.1919,139.2107,401.8765,318.2232,2936.8,10,False,26,2,5,19,342695->342700->343100->342865->340641->340704->341588->343777->340703->342671->342674->342675->342678->342667->341581->341792->342664->341793->341587->342681->342680->342150->341591->341592->342649->341608->341553
rl_base,od1_sinnonhyeon_suseo,long,peak,8.0,3,499.9035,365.3496,134.5539,419.7094,307.5783,2936.8,10,False,26,2,5,19,342695->342700->343100->342865->340641->340704->341588->343777->340703->342671->342674->342675->342678->342667->341581->341792->342664->341793->341587->342681->342680->342150->341591->341592->342649->341608->341553
rl_base,od1_sinnonhyeon_suseo,long,peak,8.0,4,573.8321,369.0792,204.7529,433.736,468.0468,2936.8,10,False,26,2,5,19,342695->342700->343100->342865->340641->340704->341588->343777->340703->342671->342674->342675->342678->342667->341581->341792->342664->341793->341587->342681->342680->342150->341591->341592->342649->341608->341553
rl_base,od1_sinnonhyeon_suseo,long,peak,8.0,5,510.5602,378.9515,131.6087,431.1799,300.8458,2936.8,9,False,26,2,5,19,342695->342700->343100->342865->340641->340704->341588->343777->340703->342671->342674->342675->342678->342667->341581->341792->342664->341793->341587->342681->342680->342150->341591->341592->342649->341608->341553
rl_base,od1_sinnonhyeon_suseo,long,peak,8.0,6,586.575,345.2266,241.3484,348.8418,551.7009,2690.7,11,False,23,1,4,18,342695->342700->343100->342865->340641->340704->341588->343777->340703->342671->342672->340587->342670->343657->342666->342663->342681->342680->342150->341591->341592->342649->341608->341553
rl_base,od1_sinnonhyeon_suseo,long,peak,8.0,7,639.1027,443.8082,195.2945,457.3853,446.4258,3335.6,11,False,32,6,7,19,342695->342700->343100->342865->340641->340704->341588->343777->340703->342671->342674->342675->342678->342667->341581->341792->342664->341793->341587->342681->342617->646583->646584->646583->342617->342681->342680->342150->341591->341592->342649->341608->341553
rl_base,od1_sinnonhyeon_suseo,long,peak,8.0,8,587.7742,398.1034,189.6708,474.5209,433.5707,2936.8,10,False,26,2,5,19,342695->342700->343100->342865->340641->340704->341588->343777->340703->342671->342674->342675->342678->342667->341581->341792->342664->341793->341587->342681->342680->342150->341591->341592->342649->341608->341553
rl_base,od1_sinnonhyeon_suseo,long,peak,8.0,9,614.0445,427.825,186.2195,482.4697,425.6813,3148.8,11,False,30,3,8,19,342695->342700->343100->342865->340641->340704->341588->343777->340703->342671->342674->342675->342678->342667->341581->341792->342664->341793->341587->342681->342680->342150->646876->646875->646876->342150->341591->341592->342649->341608->341553
rl_base,od1_sinnonhyeon_suseo,long,peak,8.0,10,587.5536,397.2031,190.3504,469.5672,435.1242,2936.8,10,False,26,2,5,19,342695->342700->343100->342865->340641->340704->341588->343777->340703->342671->342674->342675->342678->342667->341581->341792->342664->341793->341587->342681->342680->342150->341591->341592->342649->341608->341553
rl_base,od1_sinnonhyeon_suseo,long,peak,8.0,11,516.7774,375.1634,141.614,402.741,323.717,2936.8,10,False,26,2,5,19,342695->342700->343100->342865->340641->340704->341588->343777->340703->342671->342674->342675->342678->342667->341581->341792->342664->341793->341587->342681->342680->342150->341591->341592->342649->341608->341553
rl_base,od1_sinnonhyeon_suseo,long,peak,8.0,12,535.0895,408.9655,126.124,489.0351,288.3082,2936.8,9,False,26,2,5,19,342695->342700->343100->342865->340641->340704->341588->343777->340703->342671->342674->342675->342678->342667->341581->341792->342664->341793->341587->342681->342680->342150->341591->341592->342649->341608->341553
rl_base,od1_sinnonhyeon_suseo,long,peak,8.0,13,519.8041,371.0563,148.7478,382.9742,340.0242,2936.8,10,False,26,2,5,19,342695->342700->343100->342865->340641->340704->341588->343777->340703->342671->342674->342675->342678->342667->341581->341792->342664->341793->341587->342681->342680->342150->341591->341592->342649->341608->341553
rl_base,od1_sinnonhyeon_suseo,long,peak,8.0,14,687.6632,408.6806,278.9826,463.3826,637.7296,3443.2,13,False,33,4,4,25,342695->342700->342159->344204->341621->342834->343100->342865->340641->340704->341588->343777->340703->342671->342672->340587->342670->343657->342666->342663->342681->342617->646583->646584->646583->342617->342681->342680->342150->341591->341592->342649->341608->341553
rl_base,od1_sinnonhyeon_suseo,long,peak,8.0,15,576.8656,385.1519,191.7136,466.969,438.2403,2936.8,11,False,26,2,5,19,342695->342700->343100->342865->340641->340704->341588->343777->340703->342671->342674->342675->342678->342667->341581->341792->342664->341793->341587->342681->342680->342150->341591->341592->342649->341608->341553
rl_base,od1_sinnonhyeon_suseo,long,peak,8.0,16,586.3247,393.0238,193.3009,463.3144,441.8687,2936.8,10,False,26,2,5,19,342695->342700->343100->342865->340641->340704->341588->343777->340703->342671->342674->342675->342678->342667->341581->341792->342664->341793->341587->342681->342680->342150->341591->341592->342649->341608->341553
rl_base,od1_sinnonhyeon_suseo,long,peak,8.0,17,588.5946,385.3771,203.2175,439.8266,464.5371,2936.8,10,False,26,2,5,19,342695->342700->343100->342865->340641->340704->341588->343777->340703->342671->342674->342675->342678->342667->341581->341792->342664->341793->341587->342681->342680->342150->341591->341592->342649->341608->341553
rl_base,od1_sinnonhyeon_suseo,long,peak,8.0,18,520.2613,373.8288,146.4325,394.0755,334.7316,2936.8,10,False,26,2,5,19,342695->342700->343100->342865->340641->340704->341588->343777->340703->342671->342674->342675->342678->342667->341581->341792->342664->341793->341587->342681->342680->342150->341591->341592->342649->341608->341553
rl_base,od1_sinnonhyeon_suseo,long,peak,8.0,19,520.473,395.5904,124.8826,436.2327,285.4705,2936.8,9,False,26,2,5,19,342695->342700->343100->342865->340641->340704->341588->343777->340703->342671->342674->342675->342678->342667->341581->341792->342664->341793->341587->342681->342680->342150->341591->341592->342649->341608->341553
rl_base,od1_sinnonhyeon_suseo,long,peak,8.0,20,913.0568,547.7219,365.3349,601.9594,835.1231,4166.9,15,False,41,5,7,29,342695->342696->342695->342700->343100->342865->340641->340704->341588->341785->342116->342672->340587->342670->343657->342666->342663->342681->342680->342150->341591->341592->342649->341608->563168->342694->344353->341593->341778->343103->341595->341605->341594->343104->341601->646355->341593->344353->342694->563168->341608->341553
rl_base,od1_sinnonhyeon_suseo,long,peak,8.0,21,579.591,349.647,229.9439,376.9013,525.6314,2693.8,11,False,22,1,4,17,342695->342700->343100->342865->340641->340704->341588->341785->342116->342672->340587->342670->343657->342666->342663->342681->342680->342150->341591->341592->342649->341608->341553
rl_base,od1_sinnonhyeon_suseo,long,peak,8.0,22,580.9228,379.2385,201.6843,442.4212,461.0325,2936.8,10,False,26,2,5,19,342695->342700->343100->342865->340641->340704->341588->343777->340703->342671->342674->342675->342678->342667->341581->341792->342664->341793->341587->342681->342680->342150->341591->341592->342649->341608->341553
rl_base,od1_sinnonhyeon_suseo,long,peak,8.0,23,527.983,372.6309,155.352,372.1305,355.121,2944.2,10,False,24,1,4,19,342695->342700->343100->342865->340641->340704->341588->343777->340703->342671->342674->342675->342678->342667->342662->342682->341587->342681->342680->342150->341591->341592->342649->341608->341553
rl_base,od1_sinnonhyeon_suseo,long,peak,8.0,24,593.5604,392.4731,201.0873,443.1269,459.6676,2936.8,11,False,26,2,5,19,342695->342700->343100->342865->340641->340704->341588->343777->340703->342671->342674->342675->342678->342667->341581->341792->342664->341793->341587->342681->342680->342150->341591->341592->342649->341608->341553
rl_base,od1_sinnonhyeon_suseo,long,peak,8.0,25,512.6041,373.3984,139.2057,405.9011,318.2119,2936.8,10,False,26,2,5,19,342695->342700->343100->342865->340641->340704->341588->343777->340703->342671->342674->342675->342678->342667->341581->341792->342664->341793->341587->342681->342680->342150->341591->341592->342649->341608->341553
rl_base,od1_sinnonhyeon_suseo,long,peak,8.0,26,503.7857,371.562,132.2237,420.3388,302.2516,2936.8,10,False,26,2,5,19,342695->342700->343100->342865->340641->340704->341588->343777->340703->342671->342674->342675->342678->342667->341581->341792->342664->341793->341587->342681->342680->342150->341591->341592->342649->341608->341553
rl_base,od1_sinnonhyeon_suseo,long,peak,8.0,27,504.5909,374.1724,130.4185,427.262,298.1251,2936.8,9,False,26,2,5,19,342695->342700->343100->342865->340641->340704->341588->343777->340703->342671->342674->342675->342678->342667->341581->341792->342664->341793->341587->342681->342680->342150->341591->341592->342649->341608->341553
rl_base,od1_sinnonhyeon_suseo,long,peak,8.0,28,4868.7303,3909.6677,959.0626,4179.3784,2192.3318,30003.3,73,False,200,13,150,37,342695->342696->342695->342700->342159->344204->341621->342834->343100->342865->340641->340704->341588->343777->340703->342671->342672->342116->341788->341787->563170->563169->563170->341731->341603->341729->341598->341596->341597->563098->646872->563098->341597->344261->341907->341605->341594->343104->341601->646355->341593->344353->342694->563168->341608->342649->341592->341591->342631->563095->340583->342072->342614->563095->340583->342072->342614->563095->340583->342072->342614->563095->340583->342072->342614->563095->340583->342072->342614->563095->340583->342072->342614->563095->340583->342072->342614->563095->340583->342072->342614->563095->340583->342072->342614->563095->340583->342072->342614->563095->340583->342072->342614->563095->340583->342072->342614->563095->340583->342072->342614->563095->340583->342072->342614->563095->340583->342072->342614->563095->340583->342072->342614->563095->340583->342072->342614->563095->340583->342072->342614->563095->340583->342072->342614->563095->340583->342072->342614->563095->340583->342072->342614->563095->340583->342072->342614->563095->340583->342072->342614->563095->340583->342072->342614->563095->340583->342072->342614->563095->340583->342072->342614->563095->340583->342072->342614->563095->340583->342072->342614->563095->340583->342072->342614->563095->340583->342072->342614->563095->340583->342072->342614->563095->340583->342072->342614->563095->340583->342072->342614->563095->340583->646558->646557->646558->340583->342072->342614->563095->340583->342072->342614->563095->342631->343819->342615->646583->646584->646583->342615
rl_base,od1_sinnonhyeon_suseo,long,peak,8.0,29,732.6218,458.5039,274.1179,467.5574,626.6092,3551.6,12,False,32,4,7,21,342695->342700->343100->342865->340641->340704->341588->343777->340703->342671->342674->342675->342678->342667->341581->341792->342664->341793->341587->342682->340582->343656->342632->342618->342617->342681->342680->342150->341591->341592->342649->341608->341553
rl_base,od1_sinnonhyeon_suseo,long,peak,8.0,30,595.0865,379.1659,215.9206,413.9287,493.5753,2936.8,10,False,26,2,5,19,342695->342700->343100->342865->340641->340704->341588->343777->340703->342671->342674->342675->342678->342667->341581->341792->342664->341793->341587->342681->342680->342150->341591->341592->342649->341608->341553
rl_signal,od2_dogok_yeongdong,long,off_peak,7.0,1,1368.3843,955.2016,413.1826,1009.2703,944.4988,7138.3,18,True,63,10,8,45,338934->338933->338631->339979->340332->338581->338269->338705->339116->339138->338582->338268->338262->338586->339132->338258->339094->338218->338219->342074->341600->342687->342073->339098->646176->646175->646176->339098->342073->342687->341600->342685->341607->344213->343102->341557->342643->341561->341563->341553->341608->342649->341592->341591->342631->563095->342614->340597->342633->646354->340708->341541->341539->563187->341540->340697->343457->341546->343780->342515->342812->341263->341711->341712
rl_signal,od2_dogok_yeongdong,long,off_peak,7.0,2,1168.2084,777.5515,390.6569,875.1651,893.007,6138.3,16,True,57,9,7,41,338934->338933->338631->339979->340332->338581->338269->338705->339116->339138->338582->338268->338262->338586->339132->338258->613662->339651->338651->562919->562884->613773->339003->339662->341549->342639->341564->341562->341552->342644->613995->342640->342641->341775->343989->341774->341547->563165->342628->341542->344210->342626->342633->646354->340708->341541->341539->563187->341540->340697->343457->341546->343780->342515->342812->341263->341711->341712
rl_signal,od2_dogok_yeongdong,long,off_peak,7.0,3,1239.6947,856.4349,383.2598,889.1044,876.098,6474.5,19,True,62,6,9,47,338934->338933->338631->339979->340332->338581->338269->338705->339116->339138->338582->338268->338262->338586->339132->338258->613662->339651->338651->562919->562884->613773->339003->339662->341549->342639->341564->341562->341552->342644->613995->342640->342641->341775->343989->341774->341547->341773->341542->344210->342626->342633->646354->340708->341541->341539->563187->341540->340697->343457->341546->342524->646353->646416->646319->344219->341546->343780->342515->342812->341263->341711->341712
rl_signal,od2_dogok_yeongdong,long,off_peak,7.0,4,1377.2415,857.7577,519.4838,940.1725,1187.4939,6588.1,24,True,65,7,6,52,338934->338933->338631->339979->340332->338581->338269->338705->339116->339138->338582->338268->338262->338586->339132->338258->613662->339651->338651->562919->562884->613773->339003->339662->341549->339128->339093->338226->338252->338199->338224->342071->341571->341996->342147->342648->341560->563185->341738->341569->341737->342641->341775->343989->341774->341547->341773->341542->344210->342626->342633->646354->340708->341541->341539->563187->341540->340697->343457->341546->343780->342515->342812->341263->341711->341712
rl_signal,od2_dogok_yeongdong,long,off_peak,7.0,5,1782.9467,1028.7642,754.1825,1126.1714,1723.9943,7524.6,27,True,74,11,14,49,338934->338933->338631->339979->340332->338581->338269->338775->339117->339088->339091->339090->338268->338262->338586->339132->338258->613662->339651->339650->339651->338651->562919->562884->613773->613772->339003->613773->613772->339003->339662->341549->342639->341564->341562->341552->342644->613995->342640->342641->341775->343989->341774->341547->341773->341542->344210->342626->342633->646354->340708->341541->646612->341772->341545->341771->341797->342622->342621->343073->342620->342619->341770->341545->340698->341540->340697->343457->341546->343780->342515->342812->341263->341711->341712
rl_signal,od2_dogok_yeongdong,long,off_peak,7.0,6,1400.5124,913.1935,487.3189,978.2579,1113.9677,6944.6,24,True,64,6,9,49,338934->338933->338631->339979->340332->338581->338269->338705->339116->339138->338582->338268->338262->338586->339132->338258->613662->339651->338651->339293->341572->588040->341557->342643->341561->341563->341553->341608->342649->341592->341591->342631->563095->342614->340597->342633->342626->344210->341542->342627->343944->342627->341542->344210->342626->342633->646354->340708->341541->646612->341772->341545->341770->342619->646934->341802->341272->341799->342510->341803->342523->343378->341269->341713->341712
rl_signal,od2_dogok_yeongdong,long,off_peak,7.0,7,1208.5826,785.5334,423.0492,797.9574,967.053,5990.6,16,True,56,7,6,43,338934->338933->338631->339979->340332->338581->338269->338705->339116->339138->338582->338268->338262->338586->339132->338258->613662->339651->338651->562919->562884->613773->339003->339662->341549->342639->341564->341562->341552->342644->613995->342640->342641->341775->343989->341774->341547->341773->341542->344210->342626->342633->646354->340708->341541->341539->563187->341540->340697->343457->341546->343780->342515->342812->341263->341711->341712
rl_signal,od2_dogok_yeongdong,long,off_peak,7.0,8,1463.0625,982.7884,480.2741,1030.4852,1097.8639,7707.2,23,True,74,9,8,57,338934->338933->338631->339979->340332->338581->338269->338705->339116->339138->338582->338268->338262->338586->339132->338258->613662->339651->338651->562919->562884->613773->339003->339662->341549->342639->341564->341562->341552->342644->613995->342640->342641->341775->343989->341774->341547->341773->341542->344210->342626->342633->646354->340708->341541->341539->563187->341540->340697->343457->341546->344219->646319->563132->343774->343516->341492->341499->344500->342607->342606->340588->341492->343516->343774->563132->646319->344219->341546->343780->342515->342812->341263->341711->341712
rl_signal,od2_dogok_yeongdong,long,off_peak,7.0,9,1104.3309,771.2773,333.0537,830.8154,761.3311,5990.6,16,True,56,7,6,43,338934->338933->338631->339979->340332->338581->338269->338705->339116->339138->338582->338268->338262->338586->339132->338258->613662->339651->338651->562919->562884->613773->339003->339662->341549->342639->341564->341562->341552->342644->613995->342640->342641->341775->343989->341774->341547->341773->341542->344210->342626->342633->646354->340708->341541->341539->563187->341540->340697->343457->341546->343780->342515->342812->341263->341711->341712
rl_signal,od2_dogok_yeongdong,long,off_peak,7.0,10,1187.4989,755.6628,431.8362,790.8098,987.1392,5990.6,16,True,56,7,6,43,338934->338933->338631->339979->340332->338581->338269->338705->339116->339138->338582->338268->338262->338586->339132->338258->613662->339651->338651->562919->562884->613773->339003->339662->341549->342639->341564->341562->341552->342644->613995->342640->342641->341775->343989->341774->341547->341773->341542->344210->342626->342633->646354->340708->341541->341539->563187->341540->340697->343457->341546->343780->342515->342812->341263->341711->341712
rl_signal,od2_dogok_yeongdong,long,off_peak,7.0,11,1114.9028,761.2865,353.6164,781.0765,808.3356,5990.6,14,True,56,7,6,43,338934->338933->338631->339979->340332->338581->338269->338705->339116->339138->338582->338268->338262->338586->339132->338258->613662->339651->338651->562919->562884->613773->339003->339662->341549->342639->341564->341562->341552->342644->613995->342640->342641->341775->343989->341774->341547->341773->341542->344210->342626->342633->646354->340708->341541->341539->563187->341540->340697->343457->341546->343780->342515->342812->341263->341711->341712
rl_signal,od2_dogok_yeongdong,long,off_peak,7.0,12,1312.3486,809.2495,503.099,796.4965,1150.0397,6072.6,19,True,62,7,6,49,338934->338933->338631->339979->340332->338581->338269->338705->339116->339138->338582->338268->338583->587842->338768->338767->338254->338584->338267->340192->338229->340484->339098->342073->342687->341600->342685->341607->344213->343102->341557->342643->341561->341562->341552->342644->613995->342640->342641->341775->343989->341774->341547->341773->341542->344210->342626->342633->646354->340708->341541->341539->563187->341540->340697->343457->341546->343780->342515->342812->341263->341711->341712
rl_signal,od2_dogok_yeongdong,long,off_peak,7.0,13,1503.1215,897.5486,605.5728,925.4448,1384.2857,6959.9,21,True,65,8,8,49,338934->338933->338631->339979->340332->338581->338269->338705->339116->339138->338582->338268->338262->338586->339132->338258->613662->339651->338651->339293->341572->588040->341557->342643->341561->341562->341552->342644->613995->342640->342641->341775->343989->341774->341547->341773->341542->342628->342630->342629->342626->344210->341542->341773->341547->563166->341548->340707->343666->343075->341543->588052->341499->341492->343516->343774->563132->646319->344219->341546->343780->342515->342812->341263->341711->341712
rl_signal,od2_dogok_yeongdong,long,off_peak,7.0,14,1300.9646,800.1682,500.7963,800.0012,1144.7759,6113.5,21,True,57,6,7,44,338934->338933->338631->339979->340332->338581->338269->338705->339116->339138->338582->338268->338262->338586->339132->338258->613662->613661->613662->339651->338651->339293->341572->588040->341557->342643->341561->341562->341552->342644->613995->342640->342641->341775->343989->341774->341547->563166->341548->340707->343666->343075->341543->588052->341499->341492->343516->343774->563132->646319->344219->341546->343780->342515->342812->341263->341711->341712
rl_signal,od2_dogok_yeongdong,long,off_peak,7.0,15,1178.0824,744.4066,433.6759,780.4971,991.3445,5990.6,17,True,56,7,6,43,338934->338933->338631->339979->340332->338581->338269->338705->339116->339138->338582->338268->338262->338586->339132->338258->613662->339651->338651->562919->562884->613773->339003->339662->341549->342639->341564->341562->341552->342644->613995->342640->342641->341775->343989->341774->341547->341773->341542->344210->342626->342633->646354->340708->341541->341539->563187->341540->340697->343457->341546->343780->342515->342812->341263->341711->341712
rl_signal,od2_dogok_yeongdong,long,off_peak,7.0,16,1107.0887,755.7339,351.3547,802.6499,803.1657,5990.6,15,True,56,7,6,43,338934->338933->338631->339979->340332->338581->338269->338705->339116->339138->338582->338268->338262->338586->339132->338258->613662->339651->338651->562919->562884->613773->339003->339662->341549->342639->341564->341562->341552->342644->613995->342640->342641->341775->343989->341774->341547->341773->341542->344210->342626->342633->646354->340708->341541->341539->563187->341540->340697->343457->341546->343780->342515->342812->341263->341711->341712
rl_signal,od2_dogok_yeongdong,long,off_peak,7.0,17,1092.2014,754.4047,337.7967,817.5182,772.1732,5990.6,15,True,56,7,6,43,338934->338933->338631->339979->340332->338581->338269->338705->339116->339138->338582->338268->338262->338586->339132->338258->613662->339651->338651->562919->562884->613773->339003->339662->341549->342639->341564->341562->341552->342644->613995->342640->342641->341775->343989->341774->341547->341773->341542->344210->342626->342633->646354->340708->341541->341539->563187->341540->340697->343457->341546->343780->342515->342812->341263->341711->341712
rl_signal,od2_dogok_yeongdong,long,off_peak,7.0,18,1407.7394,883.6383,524.1011,929.0375,1198.0485,6597.2,22,True,63,8,10,45,338934->338933->338631->339979->340332->338581->338269->338705->339116->339138->338582->338268->338262->338586->339132->338258->613662->339651->338651->562919->562884->613773->339003->339662->341549->342639->563096->342115->341559->341985->341569->341737->342641->341775->343989->341774->341547->341773->341542->344210->342626->342633->646354->340708->341541->341539->563187->341540->340697->343457->341546->343780->342515->342812->343038->342776->340602->613883->342111->343038->342812->341263->341711->341712
rl_signal,od2_dogok_yeongdong,long,off_peak,7.0,19,1136.5087,780.0281,356.4806,779.4896,814.8829,5990.6,17,True,56,7,6,43,338934->338933->338631->339979->340332->338581->338269->338705->339116->339138->338582->338268->338262->338586->339132->338258->613662->339651->338651->562919->562884->613773->339003->339662->341549->342639->341564->341562->341552->342644->613995->342640->342641->341775->343989->341774->341547->341773->341542->344210->342626->342633->646354->340708->341541->341539->563187->341540->340697->343457->341546->343780->342515->342812->341263->341711->341712
rl_signal,od2_dogok_yeongdong,long,off_peak,7.0,20,1284.9791,809.789,475.1901,859.6863,1086.2425,6014.1,19,True,57,9,7,41,338934->338933->338631->339979->340332->338581->338269->338705->339116->339138->338582->338268->338262->338586->339132->338258->613662->339651->338651->562919->562884->613773->613772->339003->339662->341549->342639->341564->341562->341552->342644->613995->342640->342641->341775->343989->341774->341547->341773->341542->344210->342626->342633->646354->340708->341541->341539->563187->341540->340697->343457->341546->343780->342515->342812->341263->341711->341712
rl_signal,od2_dogok_yeongdong,long,off_peak,7.0,21,1258.4778,758.3048,500.173,805.7951,1143.3512,5844.8,22,True,54,7,6,41,338934->338933->338631->339979->340332->338581->338269->338705->339116->339138->338582->338268->338262->338586->339132->338258->613662->339651->338651->339293->341572->588040->341557->342643->341561->341562->341552->342644->613995->342640->342641->341775->343989->341774->341547->341773->341542->344210->342626->342633->646354->340708->341541->341539->563187->341540->340697->343457->341546->343780->342515->342812->341263->341711->341712
rl_signal,od2_dogok_yeongdong,long,off_peak,7.0,22,1222.133,822.3481,399.785,854.3434,913.873,6404.1,17,True,61,9,9,43,338934->338933->338631->339979->340332->338581->338269->338705->339116->339138->338582->338268->338262->338586->339132->338258->613662->339651->338651->562919->562884->613773->339003->339662->341549->342639->341564->341562->341552->342644->613995->342640->342641->341775->343989->341774->341547->563165->342628->341542->342627->343944->342627->341542->344210->342626->342633->646354->340708->341541->341539->563187->341540->340697->343457->341546->343780->342515->342812->341263->341711->341712
rl_signal,od2_dogok_yeongdong,long,off_peak,7.0,23,1372.2849,908.5551,463.7297,886.5658,1060.045,6788.5,19,True,67,12,12,43,338934->338933->340139->339308->339893->339307->338934->338933->338631->339979->340332->338581->338269->338705->339116->339138->338582->338268->338262->338586->339132->338258->613662->339651->338651->339293->341572->588040->341557->343102->344213->344212->344213->343102->341557->342643->341561->341562->341552->342644->613995->342640->342641->341775->343989->341774->341547->563165->342628->341542->344210->342626->342633->646354->340708->341541->341539->563187->341540->340697->343457->341546->343780->342515->342812->341263->341711->341712
rl_signal,od2_dogok_yeongdong,long,off_peak,7.0,24,1136.3214,842.6047,293.7167,930.9663,671.4102,6497.2,16,True,54,8,8,38,338934->338933->338631->339979->340332->338581->338269->338705->339116->339138->338582->338268->338262->338586->339132->338258->613662->339651->338651->562919->562884->613773->339003->339662->341549->342639->341564->341562->341552->341563->341553->341608->342649->341592->341591->342631->563095->342614->340597->342633->646354->340708->341541->341539->563187->341540->340697->343457->341546->343780->342515->342812->341263->341711->341712
rl_signal,od2_dogok_yeongdong,long,off_peak,7.0,25,1280.2477,747.7973,532.4504,731.2361,1217.1343,5950.6,22,True,58,9,8,41,338934->338933->338631->339979->340332->338581->338269->338705->339116->339138->338582->338268->338262->338586->339132->338258->613662->339651->339650->339651->338651->339293->341572->588040->341557->342643->341561->341562->341552->342644->613995->613994->613995->342640->342641->341775->343989->341774->341547->341773->341542->344210->342626->342633->646354->340708->341541->341539->563187->341540->340697->343457->341546->343780->342515->342812->341263->341711->341712
rl_signal,od2_dogok_yeongdong,long,off_peak,7.0,26,1349.4627,799.2484,550.2143,871.0242,1257.7411,6394.9,19,True,63,7,8,48,338934->338933->338631->339979->340332->338581->338269->338705->339116->339138->338582->338268->338262->338586->339132->338258->613662->339651->338651->562919->562884->613773->339003->339662->341549->342639->341564->341562->341552->342644->613995->342640->342641->341775->343989->341774->341547->563166->341548->340707->343666->343075->341543->588052->341499->341492->340588->342606->343673->342606->340588->341492->343516->343774->563132->646319->344219->341546->343780->342515->342812->341263->341711->341712
rl_signal,od2_dogok_yeongdong,long,off_peak,7.0,27,1118.234,746.4668,371.7672,748.2313,849.8269,5990.6,16,True,56,7,6,43,338934->338933->338631->339979->340332->338581->338269->338705->339116->339138->338582->338268->338262->338586->339132->338258->613662->339651->338651->562919->562884->613773->339003->339662->341549->342639->341564->341562->341552->342644->613995->342640->342641->341775->343989->341774->341547->341773->341542->344210->342626->342633->646354->340708->341541->341539->563187->341540->340697->343457->341546->343780->342515->342812->341263->341711->341712
rl_signal,od2_dogok_yeongdong,long,off_peak,7.0,28,1109.2135,813.6048,295.6087,926.9044,675.7352,6497.2,16,True,54,8,8,38,338934->338933->338631->339979->340332->338581->338269->338705->339116->339138->338582->338268->338262->338586->339132->338258->613662->339651->338651->562919->562884->613773->339003->339662->341549->342639->341564->341562->341552->341563->341553->341608->342649->341592->341591->342631->563095->342614->340597->342633->646354->340708->341541->341539->563187->341540->340697->343457->341546->343780->342515->342812->341263->341711->341712
rl_signal,od2_dogok_yeongdong,long,off_peak,7.0,29,1300.196,840.2785,459.9174,904.0203,1051.3304,6589.8,20,True,66,8,7,51,338934->338933->338631->339979->340332->338581->338269->338705->339116->339138->338582->338268->338262->338587->338588->339119->338589->338205->338998->340121->338997->645954->339806->646068->338655->339656->339807->339810->338999->338649->339127->338226->339093->339128->341549->342639->341564->341562->341552->342644->613995->342640->342641->341775->343989->341774->341547->341773->341542->344210->342626->342633->646354->340708->341541->341539->563187->341540->340697->343457->341546->343780->342515->342812->341263->341711->341712
rl_signal,od2_dogok_yeongdong,long,off_peak,7.0,30,1109.118,766.463,342.6551,803.9289,783.2791,5990.6,16,True,56,7,6,43,338934->338933->338631->339979->340332->338581->338269->338705->339116->339138->338582->338268->338262->338586->339132->338258->613662->339651->338651->562919->562884->613773->339003->339662->341549->342639->341564->341562->341552->342644->613995->342640->342641->341775->343989->341774->341547->341773->341542->344210->342626->342633->646354->340708->341541->341539->563187->341540->340697->343457->341546->343780->342515->342812->341263->341711->341712
rl_signal,od2_dogok_yeongdong,long,peak,8.0,1,1091.4688,786.9996,304.4692,922.1826,695.9895,5946.9,17,True,58,8,7,43,338934->338933->338631->339979->340332->338581->338269->338705->339116->339138->338582->338268->338583->587842->338768->338767->338254->339133->338229->340484->339098->342073->342687->341600->342685->341607->342693->343943->343106->341601->646355->341593->344353->342694->563168->341608->342649->341592->341591->342631->563095->342614->340597->342633->646354->340708->341541->341539->563187->341540->340697->343457->341546->343780->342515->342812->341263->341711->341712
rl_signal,od2_dogok_yeongdong,long,peak,8.0,2,1285.4701,858.4716,426.9986,975.5055,976.0808,6455.0,21,True,66,9,10,47,338934->338933->338631->339979->340332->338581->338269->338705->339116->339138->338582->338268->338583->587842->338768->338767->338254->339133->338229->340484->339098->342073->342687->341600->342685->341607->342693->343943->343106->341601->646355->341593->344353->342694->563168->341608->342649->341592->341591->342631->563095->342614->340597->342633->646354->340708->341541->341539->563187->563186->563187->341540->340697->343457->341546->342524->646353->646416->646319->344219->341546->343780->342515->342812->341263->341711->341712
rl_signal,od2_dogok_yeongdong,long,peak,8.0,3,1112.3915,825.5941,286.7973,967.3133,655.5932,5946.9,13,True,58,8,7,43,338934->338933->338631->339979->340332->338581->338269->338705->339116->339138->338582->338268->338583->587842->338768->338767->338254->339133->338229->340484->339098->342073->342687->341600->342685->341607->342693->343943->343106->341601->646355->341593->344353->342694->563168->341608->342649->341592->341591->342631->563095->342614->340597->342633->646354->340708->341541->341539->563187->341540->340697->343457->341546->343780->342515->342812->341263->341711->341712
rl_signal,od2_dogok_yeongdong,long,peak,8.0,4,1322.0463,923.4684,398.5778,1034.2567,911.1135,6724.9,22,True,69,8,10,51,338934->338933->338631->339979->340332->338581->338269->338705->339116->339138->338582->338268->338583->587842->338768->338767->338254->339133->338229->340484->339098->342073->342687->341600->342685->341607->344213->343102->341557->342643->341561->341562->341552->342644->613995->342640->342641->341775->343989->341774->341547->341773->341542->344210->342626->342633->646354->340708->341541->341539->563187->341540->343074->342624->343074->341540->340697->343457->341546->343780->342515->342812->343038->342111->342516->342515->342812->341263->341711->341712
rl_signal,od2_dogok_yeongdong,long,peak,8.0,5,1100.492,775.9674,324.5246,878.2772,741.8343,6043.1,17,True,60,7,6,47,338934->338933->338631->339979->340332->338581->338269->338705->339116->339138->338582->338268->338583->587842->338768->338767->338254->339133->338229->340484->339098->342073->342687->341600->342685->341607->344213->343102->341557->342643->341561->341562->341552->342644->613995->342640->342641->341775->343989->341774->341547->341773->341542->344210->342626->342633->646354->340708->341541->341539->563187->341540->340697->343457->341546->343780->342515->342812->341263->341711->341712
rl_signal,od2_dogok_yeongdong,long,peak,8.0,6,1457.3054,1037.6413,419.6641,1216.3846,959.3149,7711.5,22,True,78,9,8,61,338934->338933->338631->339979->340332->338581->338269->338705->339116->339138->338582->338268->338583->587842->338768->338767->338254->339133->338229->340484->339098->342073->342687->341600->342685->341607->342693->343943->343106->341601->646355->341593->344353->342694->563168->341608->342649->341592->341591->342631->563095->342614->340597->342633->646354->340708->341541->646612->341772->341545->340698->341540->340697->343457->341546->344219->646319->563132->343774->343516->341492->341499->344500->342607->342606->340588->341492->343516->343774->563132->646319->344219->341546->343780->342515->342812->341263->341711->341712
rl_signal,od2_dogok_yeongdong,long,peak,8.0,7,1331.4157,948.2643,383.1514,1104.6111,875.85,7179.1,17,True,80,14,9,57,338934->338933->338631->339979->340332->338581->338269->338705->339116->339138->338582->338268->338583->587842->338768->338767->338254->338926->646136->339130->339129->338926->338254->339133->338229->340484->339098->342073->342687->341600->342685->341607->588038->563143->338261->341734->341572->588040->341557->342643->341555->341556->342153->343109->613772->613773->339003->339662->341549->342639->341564->341562->341552->342644->613995->342640->342641->341775->343989->341774->341547->341773->341542->344210->342626->342633->646354->340708->341541->341539->563187->341540->340697->343457->341546->343780->342515->342812->341263->341711->341712
rl_signal,od2_dogok_yeongdong,long,peak,8.0,8,1113.437,796.016,317.421,860.2488,725.5961,5946.9,18,True,58,8,7,43,338934->338933->338631->339979->340332->338581->338269->338705->339116->339138->338582->338268->338583->587842->338768->338767->338254->339133->338229->340484->339098->342073->342687->341600->342685->341607->342693->343943->343106->341601->646355->341593->344353->342694->563168->341608->342649->341592->341591->342631->563095->342614->340597->342633->646354->340708->341541->341539->563187->341540->340697->343457->341546->343780->342515->342812->341263->341711->341712
rl_signal,od2_dogok_yeongdong,long,peak,8.0,9,1256.1031,818.8986,437.2045,952.7368,999.4107,6374.8,16,True,64,6,5,53,338934->338933->338631->339979->340332->338581->338269->338705->339116->339138->338582->338268->338583->587842->338768->338767->338254->339133->338229->340484->339098->342073->342687->341600->342685->341607->344213->343102->341557->342643->341561->341562->341564->342645->341559->341985->341569->341737->342641->341775->343989->341774->341547->341773->341542->344210->342626->342633->646354->340708->341541->646612->341772->341545->340698->341540->340697->343457->341546->343780->342515->342812->341263->341711->341712
rl_signal,od2_dogok_yeongdong,long,peak,8.0,10,1225.7715,883.1698,342.6017,1001.1622,783.157,6632.7,16,True,62,6,7,49,338934->338933->338631->339979->340332->338581->338269->338705->339116->339138->338582->338268->338583->587842->338768->338767->338254->339133->338229->340484->339098->342073->342687->341600->342685->341607->344213->343102->341557->342643->341561->341562->341552->341563->341553->341608->342649->341592->341591->342631->563095->342614->340597->342633->646354->340708->341541->646612->341772->341545->341770->342619->646934->341802->341272->341799->342510->341803->342523->343378->341269->341713->341712
rl_signal,od2_dogok_yeongdong,long,peak,8.0,11,1191.2532,825.1955,366.0577,939.8394,836.7754,6390.4,18,True,68,7,7,54,338934->338933->338631->339979->340332->338581->338269->338705->339116->339138->338582->338268->338262->338586->339132->338258->613662->339651->339650->339651->613662->613661->613662->339651->338651->562921->562923->342153->343109->613772->339003->339662->341549->342639->341564->341562->341552->342644->613995->342640->342641->341775->343989->341774->341547->341773->341542->344210->342626->342633->646354->340708->341541->646612->341772->341545->341770->342619->646934->341802->341272->341799->342510->341803->342523->343378->341269->341713->341712
rl_signal,od2_dogok_yeongdong,long,peak,8.0,12,1100.7114,786.2628,314.4486,869.5173,718.8016,6043.1,17,True,60,7,6,47,338934->338933->338631->339979->340332->338581->338269->338705->339116->339138->338582->338268->338583->587842->338768->338767->338254->339133->338229->340484->339098->342073->342687->341600->342685->341607->344213->343102->341557->342643->341561->341562->341552->342644->613995->342640->342641->341775->343989->341774->341547->341773->341542->344210->342626->342633->646354->340708->341541->341539->563187->341540->340697->343457->341546->343780->342515->342812->341263->341711->341712
rl_signal,od2_dogok_yeongdong,long,peak,8.0,13,1267.9508,872.37,395.5808,1045.1071,904.2626,6613.0,20,True,65,9,9,47,338934->339087->340330->340329->340330->339087->338934->338933->338631->339979->340332->338581->338269->338705->339116->339138->338582->338268->338262->338586->339132->338258->613662->339651->338651->562921->562923->342153->343109->613772->613773->339003->339662->341549->342639->341564->342645->341559->341985->341569->341737->342641->341775->343989->341774->341547->341773->341542->344210->342626->342633->646354->340708->341541->341539->563187->341540->340697->343457->341546->343780->342515->342812->341263->341711->341712
rl_signal,od2_dogok_yeongdong,long,peak,8.0,14,1126.9463,810.8382,316.1081,897.8778,722.595,6101.3,16,True,62,10,7,45,338934->338933->338631->339979->340332->338581->338269->338705->339116->339138->338582->338268->338583->587842->338768->338767->338254->339133->338229->340484->339098->646176->646175->646176->339098->342073->342687->341600->342685->341607->342693->343943->343106->341601->646355->341593->344353->342694->563168->341608->342649->341592->341591->342631->563095->342614->340597->342633->646354->340708->341541->341539->563187->341540->340697->343457->341546->343780->342515->342812->341263->341711->341712
rl_signal,od2_dogok_yeongdong,long,peak,8.0,15,1402.9862,908.9331,494.0531,997.2867,1129.3615,6908.2,22,True,70,10,9,51,338934->339087->340330->340329->340330->339087->338934->338933->338631->339979->340332->338581->338269->338705->339116->339138->338582->338268->338583->587842->338768->338767->338254->339133->338229->340484->339098->342073->342687->341600->342685->341607->588038->563143->338261->341734->341572->588040->341557->342643->341561->341562->341552->342644->613995->342640->342641->341775->343989->341774->341547->341773->341542->344210->342626->342633->646354->340708->341541->341539->563187->341540->340697->343457->341546->343780->342515->342812->341263->341711->341712
rl_signal,od2_dogok_yeongdong,long,peak,8.0,16,1281.7637,839.0389,442.7248,936.4919,1012.0296,6463.4,22,True,68,9,10,49,338934->338933->338631->339979->340332->338581->338269->338705->339116->339138->338582->338268->338583->587842->338768->338767->338254->339133->338229->340484->339098->342073->342687->341600->342074->338219->338218->339571->338261->563143->588038->588037->588038->341607->344213->343102->341557->342643->341561->341562->341552->342644->613995->342640->342641->341775->343989->341774->341547->341773->341542->344210->342626->342633->646354->340708->341541->341539->563187->341540->340697->343457->341546->343780->342515->342812->341263->341711->341712
rl_signal,od2_dogok_yeongdong,long,peak,8.0,17,1192.6321,823.5124,369.1197,932.8825,843.7749,6126.1,18,True,64,5,5,54,338934->338933->338631->339979->340332->338581->338269->338705->339116->339138->338582->338268->338583->587842->338768->338767->338254->339133->338229->340484->339098->342073->342687->341600->342685->341607->344213->343102->341557->342643->341561->341562->341552->342644->613995->342640->342641->341775->343989->341774->341547->341773->341542->344210->342626->342633->646354->340708->341541->646612->341772->341545->341770->342619->646934->341802->341272->341799->342510->341803->342523->343378->341269->341713->341712
rl_signal,od2_dogok_yeongdong,long,peak,8.0,18,1299.1287,887.0,412.1288,1005.4524,942.0898,6823.1,21,True,61,9,8,44,338934->338933->338631->339979->340332->338581->338269->338775->339117->339088->339091->339090->338268->338583->587842->338768->338767->338254->339133->338229->340484->339098->342073->342687->341600->342685->341607->344213->343102->341557->342643->341561->341562->341552->342644->613995->342640->342641->341775->343989->341774->341547->341773->341542->344210->342626->342633->646354->340708->341541->341539->563187->341540->340697->343457->341546->343780->342515->342812->341263->341711->341712
rl_signal,od2_dogok_yeongdong,long,peak,8.0,19,1090.6329,780.2689,310.364,916.6776,709.4646,5946.9,18,True,58,8,7,43,338934->338933->338631->339979->340332->338581->338269->338705->339116->339138->338582->338268->338583->587842->338768->338767->338254->339133->338229->340484->339098->342073->342687->341600->342685->341607->342693->343943->343106->341601->646355->341593->344353->342694->563168->341608->342649->341592->341591->342631->563095->342614->340597->342633->646354->340708->341541->341539->563187->341540->340697->343457->341546->343780->342515->342812->341263->341711->341712
rl_signal,od2_dogok_yeongdong,long,peak,8.0,20,1127.0616,791.2784,335.7832,845.9877,767.5707,6043.1,16,True,60,7,6,47,338934->338933->338631->339979->340332->338581->338269->338705->339116->339138->338582->338268->338583->587842->338768->338767->338254->339133->338229->340484->339098->342073->342687->341600->342685->341607->344213->343102->341557->342643->341561->341562->341552->342644->613995->342640->342641->341775->343989->341774->341547->341773->341542->344210->342626->342633->646354->340708->341541->341539->563187->341540->340697->343457->341546->343780->342515->342812->341263->341711->341712
rl_signal,od2_dogok_yeongdong,long,peak,8.0,21,1091.6969,762.9736,328.7233,839.7715,751.4323,6043.1,18,True,60,7,6,47,338934->338933->338631->339979->340332->338581->338269->338705->339116->339138->338582->338268->338583->587842->338768->338767->338254->339133->338229->340484->339098->342073->342687->341600->342685->341607->344213->343102->341557->342643->341561->341562->341552->342644->613995->342640->342641->341775->343989->341774->341547->341773->341542->344210->342626->342633->646354->340708->341541->341539->563187->341540->340697->343457->341546->343780->342515->342812->341263->341711->341712
rl_signal,od2_dogok_yeongdong,long,peak,8.0,22,1272.7452,853.7421,419.0031,997.0962,957.8039,6755.9,21,True,68,11,6,51,338934->338933->338631->339979->340332->340331->340332->338581->338269->338705->339116->339138->338582->338268->338583->587842->338768->338767->338254->338926->646136->339130->339129->338926->338254->339133->338229->340484->339098->342073->342687->341600->342685->341607->344213->343102->341557->342643->341561->341562->341552->342644->613995->342640->342641->341775->343989->341774->341547->341773->341542->344210->342626->342633->646354->340708->341541->341539->563187->341540->340697->343457->341546->343780->342515->342812->341263->341711->341712
rl_signal,od2_dogok_yeongdong,long,peak,8.0,23,1195.1396,819.5932,375.5464,914.4553,858.4658,6201.3,18,True,66,7,5,54,338934->338933->338631->339979->340332->338581->338269->338705->339116->339138->338582->338268->338583->587842->338768->338767->338254->339133->338229->340484->339098->342073->342687->341600->342685->341607->344213->343102->341557->342643->341561->341562->341552->342644->613995->613994->613995->342640->342641->341775->343989->341774->341547->341773->341542->344210->342626->342633->646354->340708->341541->646612->341772->341545->341770->342619->646934->341802->341272->341799->342510->341803->342523->343378->341269->341713->341712
rl_signal,od2_dogok_yeongdong,long,peak,8.0,24,1548.5841,1050.5382,498.0459,1180.4952,1138.4887,7903.5,24,True,79,11,14,54,338934->339087->340330->340329->340330->339087->338934->338933->340139->339308->339893->339307->338934->338933->338631->339979->340332->338581->338269->338775->339117->339088->339091->339090->338268->338583->587842->338768->338767->338254->339133->338229->340484->339098->342073->342687->341600->342685->341607->342693->343943->343106->341601->646355->341593->344353->342694->563168->341608->341777->341565->340710->341776->341538->613852->344181->342630->342628->563165->341547->341773->341542->344210->342626->342633->646354->340708->341541->341539->563187->341540->340697->343457->341546->343780->342515->342812->341263->341711->341712
rl_signal,od2_dogok_yeongdong,long,peak,8.0,25,1306.0255,1024.7572,281.2683,1133.3792,642.9544,7550.9,16,True,74,11,10,53,338934->338933->338631->339979->340332->338581->338269->338705->339116->339111->339112->339113->339112->339111->339116->339138->338582->338268->338583->587842->338768->338767->338254->338926->646136->339130->339129->338926->338254->339133->338229->340484->339098->342073->342687->341600->342685->341607->344213->343102->341557->342643->341561->341562->341552->341563->341553->341608->342649->341592->341591->342631->563095->342614->340597->342633->646354->340708->341541->646612->341772->341545->341770->342619->646934->341802->341272->341799->342510->341803->342523->343378->341269->341713->341712
rl_signal,od2_dogok_yeongdong,long,peak,8.0,26,1110.8529,783.7275,327.1255,869.2148,747.7798,6082.3,17,True,62,7,8,47,338934->338933->338631->339979->340332->338581->338269->338705->339116->339138->338582->338268->338583->587842->338768->338767->338254->339133->338229->340484->339098->342073->342687->341600->342685->341607->344213->344212->344213->343102->341557->342643->341561->341562->341552->342644->613995->342640->342641->341775->343989->341774->341547->341773->341542->344210->342626->342633->646354->340708->341541->341539->563187->341540->340697->343457->341546->343780->342515->342812->341263->341711->341712
rl_signal,od2_dogok_yeongdong,long,peak,8.0,27,1102.5027,784.5091,317.9936,891.4885,726.9051,6043.1,17,True,60,7,6,47,338934->338933->338631->339979->340332->338581->338269->338705->339116->339138->338582->338268->338583->587842->338768->338767->338254->339133->338229->340484->339098->342073->342687->341600->342685->341607->344213->343102->341557->342643->341561->341562->341552->342644->613995->342640->342641->341775->343989->341774->341547->341773->341542->344210->342626->342633->646354->340708->341541->341539->563187->341540->340697->343457->341546->343780->342515->342812->341263->341711->341712
rl_signal,od2_dogok_yeongdong,long,peak,8.0,28,1124.6348,817.1183,307.5166,913.3282,702.9556,6043.1,17,True,60,7,6,47,338934->338933->338631->339979->340332->338581->338269->338705->339116->339138->338582->338268->338583->587842->338768->338767->338254->339133->338229->340484->339098->342073->342687->341600->342685->341607->344213->343102->341557->342643->341561->341562->341552->342644->613995->342640->342641->341775->343989->341774->341547->341773->341542->344210->342626->342633->646354->340708->341541->341539->563187->341540->340697->343457->341546->343780->342515->342812->341263->341711->341712
rl_signal,od2_dogok_yeongdong,long,peak,8.0,29,1333.7771,972.5953,361.1818,1120.5793,825.6295,7329.7,19,True,59,10,10,39,338934->338933->338631->339979->340332->338581->338269->338775->339117->339088->339091->339090->338268->338583->587842->338768->338767->338254->339133->338229->340484->339098->342073->342687->341600->342685->341607->344213->343102->341557->342643->341561->341562->341552->341563->341553->341608->342649->341592->341591->342631->563095->342614->340597->342633->646354->340708->341541->341539->563187->341540->340697->343457->341546->343780->342515->342812->341263->341711->341712
rl_signal,od2_dogok_yeongdong,long,peak,8.0,30,1499.6156,1070.5701,429.0455,1192.8631,980.76,8323.3,21,True,86,15,10,61,338934->338933->338631->339979->340332->338581->338269->338580->339112->339111->339116->339138->338582->338268->338583->587842->338768->338767->338254->338926->646136->339130->339129->338926->338254->339133->338229->340484->339098->342073->342687->341600->342685->341607->344213->343102->341557->342643->341561->341562->341552->342644->613995->342640->342641->341775->343989->341774->341547->341773->341542->344210->342626->342633->646354->340708->341541->341539->563187->341540->340697->343457->341546->344219->646319->563132->343774->343516->341492->341499->344500->342607->342606->340588->341492->343516->343774->563132->646319->344219->341546->343780->342515->342812->341263->341711->341712
rl_signal,od1_sinnonhyeon_suseo,long,off_peak,7.0,1,1860.6087,1381.2153,479.3935,1318.7581,1095.8509,9824.5,25,False,200,130,26,44,342695->342700->343100->342865->340641->340704->341588->343777->340703->342671->340702->341790->341589->341789->340587->342670->343657->342666->342663->342681->342680->342150->341591->341592->342649->341608->341777->341565->340710->341776->341538->341551->342640->342641->342642->563118->342642->340709->344193->613986->344812->344813->613985->344812->344813->613985->344812->344813->613985->344812->344813->344258->342638->646427->340706->646705->343076->344198->344197->344198->344512->344514->344515->344512->344514->344515->344512->344514->344515->344195->344196->344194->344196->344513->344195->344196->344513->344195->344515->344512->344514->344515->344512->344514->344515->344512->344514->344515->344512->344514->344515->344512->344514->344515->344512->344514->344515->344512->344514->344515->344512->344514->344515->344512->344514->344515->344512->344514->344515->344512->344514->344515->344512->344514->344515->344512->344514->344515->344512->344514->344515->344512->344514->344515->344512->344514->344515->344512->344514->344515->344512->344514->344515->344512->344514->344515->344512->344514->344515->344512->344514->344515->344512->344514->344515->344512->344514->344515->344512->344514->344515->344512->344514->344515->344512->344198->344197->344198->344512->344514->344515->344512->344514->344515->344512->344514->344515->344512->344514->344515->344512->344514->344515->344512->344514->344515->344512->344514->344515->344512->344514->344515->344512->344514->344515->344512->344514->344515->344512->344514->344515->344512->344514->344515->344512->344514->344515->344512->344514->344515->344512
rl_signal,od1_sinnonhyeon_suseo,long,off_peak,7.0,2,519.9648,354.2578,165.707,389.6037,378.7915,2730.8,9,False,26,1,4,21,342695->342700->343100->342865->340641->340704->341588->343777->340703->342671->340702->341790->341589->341789->340587->342670->343657->342666->342663->342681->342680->342150->341591->341592->342649->341608->341553
rl_signal,od1_sinnonhyeon_suseo,long,off_peak,7.0,3,612.1679,390.9257,221.2422,432.0063,505.7401,2944.2,7,False,24,1,4,19,342695->342700->343100->342865->340641->340704->341588->343777->340703->342671->342674->342675->342678->342667->342662->342682->341587->342681->342680->342150->341591->341592->342649->341608->341553
rl_signal,od1_sinnonhyeon_suseo,long,off_peak,7.0,4,522.5454,345.705,176.8404,360.9427,404.2415,2730.8,8,False,26,1,4,21,342695->342700->343100->342865->340641->340704->341588->343777->340703->342671->340702->341790->341589->341789->340587->342670->343657->342666->342663->342681->342680->342150->341591->341592->342649->341608->341553
rl_signal,od1_sinnonhyeon_suseo,long,off_peak,7.0,5,526.2819,349.8306,176.4514,358.6167,403.3522,2730.8,8,False,26,1,4,21,342695->342700->343100->342865->340641->340704->341588->343777->340703->342671->340702->341790->341589->341789->340587->342670->343657->342666->342663->342681->342680->342150->341591->341592->342649->341608->341553
rl_signal,od1_sinnonhyeon_suseo,long,off_peak,7.0,6,515.6273,345.7373,169.89,381.1413,388.3533,2730.8,8,False,26,1,4,21,342695->342700->343100->342865->340641->340704->341588->343777->340703->342671->340702->341790->341589->341789->340587->342670->343657->342666->342663->342681->342680->342150->341591->341592->342649->341608->341553
rl_signal,od1_sinnonhyeon_suseo,long,off_peak,7.0,7,505.0757,328.3344,176.7413,361.9704,404.0149,2695.2,7,False,19,1,4,14,342695->342700->343100->342865->342652->342116->342672->340587->342670->343657->342666->342663->342681->342680->342150->341591->341592->342649->341608->341553
rl_signal,od1_sinnonhyeon_suseo,long,off_peak,7.0,8,536.2973,376.5445,159.7527,401.0309,365.1806,2730.8,8,False,26,1,4,21,342695->342700->343100->342865->340641->340704->341588->343777->340703->342671->340702->341790->341589->341789->340587->342670->343657->342666->342663->342681->342680->342150->341591->341592->342649->341608->341553
rl_signal,od1_sinnonhyeon_suseo,long,off_peak,7.0,9,530.7491,350.5357,180.2134,349.5437,411.9518,2730.8,9,False,26,1,4,21,342695->342700->343100->342865->340641->340704->341588->343777->340703->342671->340702->341790->341589->341789->340587->342670->343657->342666->342663->342681->342680->342150->341591->341592->342649->341608->341553
rl_signal,od1_sinnonhyeon_suseo,long,off_peak,7.0,10,519.5669,354.6241,164.9428,389.3903,377.0446,2944.2,6,False,24,1,4,19,342695->342700->343100->342865->340641->340704->341588->343777->340703->342671->342674->342675->342678->342667->342662->342682->341587->342681->342680->342150->341591->341592->342649->341608->341553
rl_signal,od1_sinnonhyeon_suseo,long,off_peak,7.0,11,1272.6626,973.2544,299.4082,993.8842,684.4206,6752.8,16,False,67,13,17,37,342695->342700->343100->342865->342652->342116->342672->340587->342670->343657->342666->342663->342681->342617->646583->646584->646583->342615->343819->342631->563095->342614->340597->342633->342626->344210->341542->341773->341547->563165->342628->341542->344210->342626->342633->646354->340708->341541->341539->563187->563186->563187->341540->340697->343457->341546->342524->646353->646415->646353->344394->343664->646556->343664->344394->646353->342524->341546->343780->342515->342516->342111->613883->340602->342776->342775->342773->342774
rl_signal,od1_sinnonhyeon_suseo,long,off_peak,7.0,12,514.4399,345.715,168.725,387.6072,385.6903,2730.8,9,False,26,1,4,21,342695->342700->343100->342865->340641->340704->341588->343777->340703->342671->340702->341790->341589->341789->340587->342670->343657->342666->342663->342681->342680->342150->341591->341592->342649->341608->341553
rl_signal,od1_sinnonhyeon_suseo,long,off_peak,7.0,13,512.9045,338.5843,174.3202,365.8272,398.4804,2730.8,8,False,26,1,4,21,342695->342700->343100->342865->340641->340704->341588->343777->340703->342671->340702->341790->341589->341789->340587->342670->343657->342666->342663->342681->342680->342150->341591->341592->342649->341608->341553
rl_signal,od1_sinnonhyeon_suseo,long,off_peak,7.0,14,516.8877,376.4003,140.4873,449.6519,321.1416,2944.2,5,False,24,1,4,19,342695->342700->343100->342865->340641->340704->341588->343777->340703->342671->342674->342675->342678->342667->342662->342682->341587->342681->342680->342150->341591->341592->342649->341608->341553
rl_signal,od1_sinnonhyeon_suseo,long,off_peak,7.0,15,525.1684,352.4963,172.6721,368.9664,394.7131,2730.8,7,False,26,1,4,21,342695->342700->343100->342865->340641->340704->341588->343777->340703->342671->340702->341790->341589->341789->340587->342670->343657->342666->342663->342681->342680->342150->341591->341592->342649->341608->341553
rl_signal,od1_sinnonhyeon_suseo,long,off_peak,7.0,16,525.3745,354.2037,171.1708,376.0519,391.2812,2730.8,9,False,26,1,4,21,342695->342700->343100->342865->340641->340704->341588->343777->340703->342671->340702->341790->341589->341789->340587->342670->343657->342666->342663->342681->342680->342150->341591->341592->342649->341608->341553
rl_signal,od1_sinnonhyeon_suseo,long,off_peak,7.0,17,534.0834,369.1366,164.9468,384.3817,377.0538,2730.8,9,False,26,1,4,21,342695->342700->343100->342865->340641->340704->341588->343777->340703->342671->340702->341790->341589->341789->340587->342670->343657->342666->342663->342681->342680->342150->341591->341592->342649->341608->341553
rl_signal,od1_sinnonhyeon_suseo,long,off_peak,7.0,18,527.2339,344.6216,182.6123,351.1535,417.4355,2730.8,10,False,26,1,4,21,342695->342700->343100->342865->340641->340704->341588->343777->340703->342671->340702->341790->341589->341789->340587->342670->343657->342666->342663->342681->342680->342150->341591->341592->342649->341608->341553
rl_signal,od1_sinnonhyeon_suseo,long,off_peak,7.0,19,1847.5254,1209.8823,637.6431,1266.4678,1457.5955,8732.7,25,False,90,12,29,49,342695->342700->342159->344204->341621->341620->342076->342713->342714->342712->342158->342157->342156->342155->341903->341904->342719->342710->343062->342711->342712->342714->342713->342076->341620->341621->344204->342159->342718->340635->342718->343098->342718->342159->342700->342695->342696->342695->342700->343100->342865->342652->342116->341785->341588->343777->340703->342671->342674->342675->342678->341791->341589->341789->340587->342670->646668->646665->646668->646669->342669->563097->342668->342152->343709->342152->342668->563097->342669->646669->646668->342670->343657->343658->343657->342666->342665->342666->341581->341792->342664->341793->341587->342681->342680->342150->341591->341592->342649->341608->341553
rl_signal,od1_sinnonhyeon_suseo,long,off_peak,7.0,20,554.5061,373.2836,181.2225,346.8615,414.2585,2730.8,10,False,26,1,4,21,342695->342700->343100->342865->340641->340704->341588->343777->340703->342671->340702->341790->341589->341789->340587->342670->343657->342666->342663->342681->342680->342150->341591->341592->342649->341608->341553
rl_signal,od1_sinnonhyeon_suseo,long,off_peak,7.0,21,510.0921,343.7662,166.3258,387.6647,380.2061,2695.2,7,False,19,1,4,14,342695->342700->343100->342865->342652->342116->342672->340587->342670->343657->342666->342663->342681->342680->342150->341591->341592->342649->341608->341553
rl_signal,od1_sinnonhyeon_suseo,long,off_peak,7.0,22,537.4238,354.3281,183.0957,352.192,418.5405,2730.8,10,False,26,1,4,21,342695->342700->343100->342865->340641->340704->341588->343777->340703->342671->340702->341790->341589->341789->340587->342670->343657->342666->342663->342681->342680->342150->341591->341592->342649->341608->341553
rl_signal,od1_sinnonhyeon_suseo,long,off_peak,7.0,23,519.5161,347.4673,172.0489,371.9739,393.2885,2977.4,8,False,21,2,4,15,342695->342696->342695->342700->343100->342865->342652->342116->342672->340587->342670->343657->342666->342663->342681->342680->342150->341591->341592->342649->341608->341553
rl_signal,od1_sinnonhyeon_suseo,long,off_peak,7.0,24,527.5305,343.6412,183.8893,342.7656,420.3546,2730.8,11,False,26,1,4,21,342695->342700->343100->342865->340641->340704->341588->343777->340703->342671->340702->341790->341589->341789->340587->342670->343657->342666->342663->342681->342680->342150->341591->341592->342649->341608->341553
rl_signal,od1_sinnonhyeon_suseo,long,off_peak,7.0,25,638.024,429.7257,208.2983,461.8864,476.1514,3084.5,10,False,30,1,3,26,342695->342700->342159->344204->341621->342834->343100->342865->340641->340704->341588->343777->340703->342671->340702->341790->341589->341789->340587->342670->343657->342666->342663->342681->342680->342150->341591->341592->342649->341608->341553
rl_signal,od1_sinnonhyeon_suseo,long,off_peak,7.0,26,515.3721,342.4829,172.8891,371.0775,395.2092,2730.8,10,False,26,1,4,21,342695->342700->343100->342865->340641->340704->341588->343777->340703->342671->340702->341790->341589->341789->340587->342670->343657->342666->342663->342681->342680->342150->341591->341592->342649->341608->341553
rl_signal,od1_sinnonhyeon_suseo,long,off_peak,7.0,27,505.996,318.9398,187.0562,336.8691,427.5939,2695.2,8,False,19,1,4,14,342695->342700->343100->342865->342652->342116->342672->340587->342670->343657->342666->342663->342681->342680->342150->341591->341592->342649->341608->341553
rl_signal,od1_sinnonhyeon_suseo,long,off_peak,7.0,28,1996.2635,1533.5023,462.7612,1476.2056,1057.831,10249.2,22,False,200,129,22,49,342695->342700->343100->342865->340641->340704->341588->343777->340703->342671->340702->341790->341589->341789->340587->342670->343657->342666->342663->342681->342680->342150->341591->341592->342649->341608->341777->341565->341554->341551->341538->613852->344181->342630->342628->563165->341547->563166->341548->340707->343666->343075->344195->344515->344512->344514->344515->344512->344514->344515->344512->344514->344515->344512->344514->344515->344512->344514->344515->344512->344514->344515->344512->344514->344515->344512->344514->344515->344512->344514->344515->344512->344514->344515->344512->344514->344515->344512->344514->344515->344512->344514->344515->344512->344514->344515->344195->344196->344513->344195->344515->344512->344514->344515->344512->344514->344515->344512->344514->344515->344512->344198->344197->344198->344512->344514->344515->344512->344514->344515->344512->344514->344515->344512->344514->344515->344512->344514->344515->344512->344514->344515->344512->344514->344515->344512->344514->344515->344512->344514->344515->344512->344514->344515->344512->344514->344515->344512->344514->344515->344512->344514->344515->344512->344514->344515->344512->344514->344515->344512->344514->344515->344512->344514->344515->344512->344514->344515->344512->344514->344515->344512->344514->344515->344512->344514->344515->344512->344514->344515->344512->344514->344515->344195->344513->344196->341543->588052->341499->344500->342607->587988->342821->343267->343341->341500->342820->342610->341493->341490->341997->341493->342610->342820->646932->341768->342821->587988->342607->342608->342755
rl_signal,od1_sinnonhyeon_suseo,long,off_peak,7.0,29,527.8469,362.0178,165.8291,387.1956,379.0707,2730.8,8,False,26,1,4,21,342695->342700->343100->342865->340641->340704->341588->343777->340703->342671->340702->341790->341589->341789->340587->342670->343657->342666->342663->342681->342680->342150->341591->341592->342649->341608->341553
rl_signal,od1_sinnonhyeon_suseo,long,off_peak,7.0,30,638.5445,389.0838,249.4607,383.153,570.2451,2858.4,10,False,24,2,5,17,342695->342700->343100->342865->340641->340704->341588->341786->341583->342674->342671->342672->340587->342670->343657->342666->342663->342681->342680->342150->341591->341592->342649->341608->341553
rl_signal,od1_sinnonhyeon_suseo,long,peak,8.0,1,517.558,377.7438,139.8142,427.8404,319.6029,2630.9,9,False,27,1,4,22,342695->342700->343100->342865->340641->340704->341588->341785->342116->341788->341787->563170->341731->341603->341729->341598->343105->341906->341605->341595->343103->341778->341593->344353->342694->563168->341608->341553
rl_signal,od1_sinnonhyeon_suseo,long,peak,8.0,2,494.0616,359.5038,134.5578,441.2416,307.5873,2630.9,8,False,27,1,4,22,342695->342700->343100->342865->340641->340704->341588->341785->342116->341788->341787->563170->341731->341603->341729->341598->343105->341906->341605->341595->343103->341778->341593->344353->342694->563168->341608->341553
rl_signal,od1_sinnonhyeon_suseo,long,peak,8.0,3,512.3938,363.4311,148.9627,399.6009,340.5156,2630.9,9,False,27,1,4,22,342695->342700->343100->342865->340641->340704->341588->341785->342116->341788->341787->563170->341731->341603->341729->341598->343105->341906->341605->341595->343103->341778->341593->344353->342694->563168->341608->341553
rl_signal,od1_sinnonhyeon_suseo,long,peak,8.0,4,787.8256,464.2037,323.6219,532.9172,739.7708,3358.6,14,False,35,6,7,22,342695->342700->343100->342865->342652->342116->341788->341787->563170->341731->341603->341729->341598->343105->341906->341605->341907->344261->341597->563098->646872->563098->341597->344261->341907->341605->341594->343104->341601->646355->341593->344353->342694->563168->341608->341553
rl_signal,od1_sinnonhyeon_suseo,long,peak,8.0,5,514.0112,368.0263,145.9849,412.9661,333.7085,2630.9,10,False,27,1,4,22,342695->342700->343100->342865->340641->340704->341588->341785->342116->341788->341787->563170->341731->341603->341729->341598->343105->341906->341605->341595->343103->341778->341593->344353->342694->563168->341608->341553
rl_signal,od1_sinnonhyeon_suseo,long,peak,8.0,6,1734.0831,1294.5214,439.5617,1532.7302,1004.7991,9962.1,23,False,200,139,18,43,342695->342700->343100->342865->340641->340704->341588->341785->342116->341788->341787->563170->563169->563170->341731->341603->341729->341598->343105->341906->341605->341595->343103->341778->341593->344353->342694->563168->341608->342649->341592->341591->342631->563095->342614->340597->342633->342626->344210->341542->341773->341547->563165->342628->341542->341773->341547->563166->341548->340707->343666->343075->344195->344515->344512->344514->344515->344512->344514->344515->344512->344514->344515->344512->344514->344515->344512->344514->344515->344512->344514->344515->344512->344514->344515->344512->344514->344515->344512->344514->344515->344512->344514->344515->344512->344514->344515->344512->344514->344515->344512->344514->344515->344512->344514->344515->344512->344514->344515->344512->344514->344515->344512->344514->344515->344512->344514->344515->344512->344514->344515->344512->344514->344515->344512->344514->344515->344512->344514->344515->344512->344514->344515->344512->344514->344515->344512->344514->344515->344512->344514->344515->344512->344514->344515->344512->344514->344515->344512->344514->344515->344512->344514->344515->344512->344514->344515->344512->344514->344515->344512->344514->344515->344512->344514->344515->344512->344514->344515->344195->344196->344513->344195->344515->344512->344514->344515->344195->344196->344513->344195->344515->344512->344514->344515->344512->344514->344515->344512->344514->344515->344512->344514->344515->344512->344514->344515->344512->344514->344515->344512->344514->344515->344512->344514->344515->344512->344514->344515->344512->344514
rl_signal,od1_sinnonhyeon_suseo,long,peak,8.0,7,512.7209,355.1918,157.5292,385.2465,360.0977,2630.9,9,False,27,1,4,22,342695->342700->343100->342865->340641->340704->341588->341785->342116->341788->341787->563170->341731->341603->341729->341598->343105->341906->341605->341595->343103->341778->341593->344353->342694->563168->341608->341553
rl_signal,od1_sinnonhyeon_suseo,long,peak,8.0,8,499.8551,341.6651,158.19,398.1547,361.6082,2630.9,10,False,27,1,4,22,342695->342700->343100->342865->340641->340704->341588->341785->342116->341788->341787->563170->341731->341603->341729->341598->343105->341906->341605->341595->343103->341778->341593->344353->342694->563168->341608->341553
rl_signal,od1_sinnonhyeon_suseo,long,peak,8.0,9,509.2734,380.1862,129.0873,457.8771,295.082,2630.9,9,False,27,1,4,22,342695->342700->343100->342865->340641->340704->341588->341785->342116->341788->341787->563170->341731->341603->341729->341598->343105->341906->341605->341595->343103->341778->341593->344353->342694->563168->341608->341553
rl_signal,od1_sinnonhyeon_suseo,long,peak,8.0,10,706.2344,440.0736,266.1609,482.9371,608.4202,3262.4,13,False,29,1,8,20,342695->342700->343100->342865->340641->340704->341588->341785->342116->342652->342865->340641->340704->341588->341785->342116->342672->340587->342670->343657->342666->342663->342681->342680->342150->341591->341592->342649->341608->341553
rl_signal,od1_sinnonhyeon_suseo,long,peak,8.0,11,495.2523,349.6491,145.6032,425.3559,332.836,2632.3,8,False,24,2,5,17,342695->342700->343100->342865->342652->342116->341788->341787->563170->341731->341603->341729->341598->343105->341906->341605->341595->343103->341778->341593->344353->342694->563168->341608->341553
rl_signal,od1_sinnonhyeon_suseo,long,peak,8.0,12,506.8681,344.288,162.5801,379.1348,371.6438,2630.9,10,False,27,1,4,22,342695->342700->343100->342865->340641->340704->341588->341785->342116->341788->341787->563170->341731->341603->341729->341598->343105->341906->341605->341595->343103->341778->341593->344353->342694->563168->341608->341553
rl_signal,od1_sinnonhyeon_suseo,long,peak,8.0,13,510.2343,357.7956,152.4386,399.337,348.4612,2630.9,10,False,27,1,4,22,342695->342700->343100->342865->340641->340704->341588->341785->342116->341788->341787->563170->341731->341603->341729->341598->343105->341906->341605->341595->343103->341778->341593->344353->342694->563168->341608->341553
rl_signal,od1_sinnonhyeon_suseo,long,peak,8.0,14,503.3788,346.813,156.5658,395.5231,357.8955,2630.9,9,False,27,1,4,22,342695->342700->343100->342865->340641->340704->341588->341785->342116->341788->341787->563170->341731->341603->341729->341598->343105->341906->341605->341595->343103->341778->341593->344353->342694->563168->341608->341553
rl_signal,od1_sinnonhyeon_suseo,long,peak,8.0,15,539.5295,394.0052,145.5243,439.6574,332.6556,2677.9,9,False,29,1,6,22,342695->342700->343100->342865->340641->340704->341588->341785->342116->341788->341787->563170->563169->563170->341731->341603->341729->341598->343105->341906->341605->341595->343103->341778->341593->344353->342694->563168->341608->341553
rl_signal,od1_sinnonhyeon_suseo,long,peak,8.0,16,500.1036,332.2642,167.8394,369.6811,383.6659,2630.9,10,False,27,1,4,22,342695->342700->343100->342865->340641->340704->341588->341785->342116->341788->341787->563170->341731->341603->341729->341598->343105->341906->341605->341595->343103->341778->341593->344353->342694->563168->341608->341553
rl_signal,od1_sinnonhyeon_suseo,long,peak,8.0,17,976.5776,498.9276,477.65,525.9985,1091.8654,3639.6,20,False,44,4,11,29,342695->342700->343100->342865->340641->340704->341588->341785->342116->341788->341787->563170->341731->341603->341729->341598->343105->341906->341605->341595->341594->341605->341907->344261->341597->563098->646872->563098->342151->563301->341593->341778->343103->341595->341605->341594->343104->341601->646355->341593->344353->342694->563168->341608->341553
rl_signal,od1_sinnonhyeon_suseo,long,peak,8.0,18,505.4528,351.0596,154.3933,392.2892,352.9293,2630.9,9,False,27,1,4,22,342695->342700->343100->342865->340641->340704->341588->341785->342116->341788->341787->563170->341731->341603->341729->341598->343105->341906->341605->341595->343103->341778->341593->344353->342694->563168->341608->341553
rl_signal,od1_sinnonhyeon_suseo,long,peak,8.0,19,509.4606,374.6864,134.7742,447.5093,308.0819,2677.9,9,False,29,1,6,22,342695->342700->343100->342865->340641->340704->341588->341785->342116->341788->341787->563170->563169->563170->341731->341603->341729->341598->343105->341906->341605->341595->343103->341778->341593->344353->342694->563168->341608->341553
rl_signal,od1_sinnonhyeon_suseo,long,peak,8.0,20,513.631,369.0684,144.5627,442.5676,330.4574,2630.9,10,False,27,1,4,22,342695->342700->343100->342865->340641->340704->341588->341785->342116->341788->341787->563170->341731->341603->341729->341598->343105->341906->341605->341595->343103->341778->341593->344353->342694->563168->341608->341553
rl_signal,od1_sinnonhyeon_suseo,long,peak,8.0,21,513.4531,365.5972,147.8559,416.4185,337.9855,2630.9,10,False,27,1,4,22,342695->342700->343100->342865->340641->340704->341588->341785->342116->341788->341787->563170->341731->341603->341729->341598->343105->341906->341605->341595->343103->341778->341593->344353->342694->563168->341608->341553
rl_signal,od1_sinnonhyeon_suseo,long,peak,8.0,22,517.728,362.0146,155.7133,399.7891,355.9468,2630.9,9,False,27,1,4,22,342695->342700->343100->342865->340641->340704->341588->341785->342116->341788->341787->563170->341731->341603->341729->341598->343105->341906->341605->341595->343103->341778->341593->344353->342694->563168->341608->341553
rl_signal,od1_sinnonhyeon_suseo,long,peak,8.0,23,518.4702,371.6703,146.7999,426.3808,335.5715,2630.9,9,False,27,1,4,22,342695->342700->343100->342865->340641->340704->341588->341785->342116->341788->341787->563170->341731->341603->341729->341598->343105->341906->341605->341595->343103->341778->341593->344353->342694->563168->341608->341553
rl_signal,od1_sinnonhyeon_suseo,long,peak,8.0,24,502.4295,353.7705,148.659,412.3025,339.8213,2630.9,9,False,27,1,4,22,342695->342700->343100->342865->340641->340704->341588->341785->342116->341788->341787->563170->341731->341603->341729->341598->343105->341906->341605->341595->343103->341778->341593->344353->342694->563168->341608->341553
rl_signal,od1_sinnonhyeon_suseo,long,peak,8.0,25,507.8652,374.385,133.4802,444.0447,305.1239,2630.9,9,False,27,1,4,22,342695->342700->343100->342865->340641->340704->341588->341785->342116->341788->341787->563170->341731->341603->341729->341598->343105->341906->341605->341595->343103->341778->341593->344353->342694->563168->341608->341553
rl_signal,od1_sinnonhyeon_suseo,long,peak,8.0,26,499.224,369.0414,130.1826,449.4212,297.5858,2630.9,9,False,27,1,4,22,342695->342700->343100->342865->340641->340704->341588->341785->342116->341788->341787->563170->341731->341603->341729->341598->343105->341906->341605->341595->343103->341778->341593->344353->342694->563168->341608->341553
rl_signal,od1_sinnonhyeon_suseo,long,peak,8.0,27,527.7673,378.8615,148.9059,410.4589,340.3856,2630.9,9,False,27,1,4,22,342695->342700->343100->342865->340641->340704->341588->341785->342116->341788->341787->563170->341731->341603->341729->341598->343105->341906->341605->341595->343103->341778->341593->344353->342694->563168->341608->341553
rl_signal,od1_sinnonhyeon_suseo,long,peak,8.0,28,527.9761,366.7406,161.2356,391.4691,368.5702,2630.9,9,False,27,1,4,22,342695->342700->343100->342865->340641->340704->341588->341785->342116->341788->341787->563170->341731->341603->341729->341598->343105->341906->341605->341595->343103->341778->341593->344353->342694->563168->341608->341553
rl_signal,od1_sinnonhyeon_suseo,long,peak,8.0,29,509.6611,347.6095,162.0515,373.8471,370.4354,2630.9,10,False,27,1,4,22,342695->342700->343100->342865->340641->340704->341588->341785->342116->341788->341787->563170->341731->341603->341729->341598->343105->341906->341605->341595->343103->341778->341593->344353->342694->563168->341608->341553
rl_signal,od1_sinnonhyeon_suseo,long,peak,8.0,30,520.9502,392.9743,127.9759,460.79,292.5415,2630.9,8,False,27,1,4,22,342695->342700->343100->342865->340641->340704->341588->341785->342116->341788->341787->563170->341731->341603->341729->341598->343105->341906->341605->341595->343103->341778->341593->344353->342694->563168->341608->341553
rl_signal_attention,od2_dogok_yeongdong,long,off_peak,7.0,1,1624.718,988.2969,636.4211,1033.3186,1454.802,7251.5,25,True,69,9,11,49,338934->338933->338631->339979->340332->338581->338269->338705->339116->339138->338582->338268->339090->338156->339054->338139->562936->339292->339070->613767->613766->613768->338803->338267->340192->338229->340484->339098->342073->342687->341600->342685->341607->344213->343102->341557->342643->341561->341562->341552->342644->613995->342640->342641->341775->343989->341774->341547->341773->341542->344210->342626->342633->646354->340708->341541->341539->563187->563188->563187->341540->340697->343457->341546->343780->342515->342812->341263->341711->341712
rl_signal_attention,od2_dogok_yeongdong,long,off_peak,7.0,2,1274.4047,768.3108,506.0938,788.4753,1156.8856,5997.1,21,True,56,7,6,43,338934->338933->338631->339979->340332->338581->338269->338705->339116->339138->338582->338268->338262->338586->339132->338258->613662->339651->338651->562919->562884->613773->339003->339662->341549->342639->563096->342115->341559->341985->341569->341737->342641->341775->343989->341774->341547->341773->341542->344210->342626->342633->646354->340708->341541->341539->563187->341540->340697->343457->341546->343780->342515->342812->341263->341711->341712
rl_signal_attention,od2_dogok_yeongdong,long,off_peak,7.0,3,1261.2659,789.3124,471.9535,871.3453,1078.8438,6143.8,20,True,57,9,7,41,338934->338933->338631->339979->340332->338581->338269->338705->339116->339138->338582->338268->338262->338586->339132->338258->613662->339651->338651->562919->562884->613773->339003->339662->341549->342639->341564->342645->341559->341985->341569->341737->342641->341775->343989->341774->341547->563165->342628->341542->344210->342626->342633->646354->340708->341541->341539->563187->341540->340697->343457->341546->343780->342515->342812->341263->341711->341712
rl_signal_attention,od2_dogok_yeongdong,long,off_peak,7.0,4,1263.0208,840.8895,422.1313,799.3495,964.9546,6261.3,18,True,63,11,7,45,338934->338933->338631->339979->340332->338581->338269->338705->339116->339138->338582->338268->338262->338586->339132->338258->613662->339651->338651->562919->562884->613773->339003->339662->341549->342639->341564->341562->341552->342644->613995->342640->342641->341775->343989->341774->341547->341773->341542->344210->342626->342633->646354->340708->341541->341539->563187->341540->340697->343457->341546->343780->342515->646346->646572->646574->646573->646572->646346->342515->342812->341263->341711->341712
rl_signal_attention,od2_dogok_yeongdong,long,off_peak,7.0,5,1115.9542,761.0888,354.8654,785.5841,811.1908,5990.6,16,True,56,7,6,43,338934->338933->338631->339979->340332->338581->338269->338705->339116->339138->338582->338268->338262->338586->339132->338258->613662->339651->338651->562919->562884->613773->339003->339662->341549->342639->341564->341562->341552->342644->613995->342640->342641->341775->343989->341774->341547->341773->341542->344210->342626->342633->646354->340708->341541->341539->563187->341540->340697->343457->341546->343780->342515->342812->341263->341711->341712
rl_signal_attention,od2_dogok_yeongdong,long,off_peak,7.0,6,1492.3757,863.305,629.0707,870.0795,1437.9997,6764.2,23,True,66,14,7,45,338934->338933->338631->339979->340332->338581->338269->338705->339116->339138->338582->338268->338262->338586->339132->338258->613662->339651->338651->562919->562884->613773->339003->613772->613773->339003->339662->341549->342639->341564->341562->341552->342644->613995->613994->613995->342640->342641->341737->341569->344767->341558->341518->341517->341516->341515->341510->343158->343160->344191->344189->342755->341769->341499->341492->343516->343774->563132->646319->344219->341546->343780->342515->342812->341263->341711->341712
rl_signal_attention,od2_dogok_yeongdong,long,off_peak,7.0,7,1313.0653,820.4468,492.6185,820.0173,1126.082,6159.4,22,True,65,8,7,50,338934->338933->338631->339979->340332->338581->338269->338705->339116->339111->339112->339947->339096->338710->338593->338259->338592->338992->338205->338589->339119->338588->338587->338262->338586->339132->338258->613662->339651->338651->339293->341572->588040->341557->342643->341561->341562->341552->342644->613995->342640->342641->341775->343989->341774->341547->341773->341542->344210->342626->342633->646354->340708->341541->341539->563187->341540->340697->343457->341546->343780->342515->342812->341263->341711->341712
rl_signal_attention,od2_dogok_yeongdong,long,off_peak,7.0,8,1278.9171,808.1377,470.7794,870.6881,1076.1598,6271.9,19,True,59,8,7,44,338934->338933->338631->339979->340332->338581->338269->338705->339116->339138->338582->338268->338262->338586->339132->338258->613662->339651->338651->562919->562884->613773->339003->339662->341549->341566->341568->341561->341562->341564->342645->341559->341985->341569->341737->342641->341775->343989->341774->341547->341773->341542->344210->342626->342633->646354->340708->341541->341539->563187->341540->340697->343457->341546->343780->342515->342812->341263->341711->341712
rl_signal_attention,od2_dogok_yeongdong,long,off_peak,7.0,9,1247.0044,785.9288,461.0756,895.4087,1053.978,5990.6,19,True,56,7,6,43,338934->338933->338631->339979->340332->338581->338269->338705->339116->339138->338582->338268->338262->338586->339132->338258->613662->339651->338651->562919->562884->613773->339003->339662->341549->342639->341564->341562->341552->342644->613995->342640->342641->341775->343989->341774->341547->341773->341542->344210->342626->342633->646354->340708->341541->341539->563187->341540->340697->343457->341546->343780->342515->342812->341263->341711->341712
rl_signal_attention,od2_dogok_yeongdong,long,off_peak,7.0,10,1130.5667,768.0769,362.4898,761.7552,828.6195,5990.6,16,True,56,7,6,43,338934->338933->338631->339979->340332->338581->338269->338705->339116->339138->338582->338268->338262->338586->339132->338258->613662->339651->338651->562919->562884->613773->339003->339662->341549->342639->341564->341562->341552->342644->613995->342640->342641->341775->343989->341774->341547->341773->341542->344210->342626->342633->646354->340708->341541->341539->563187->341540->340697->343457->341546->343780->342515->342812->341263->341711->341712
rl_signal_attention,od2_dogok_yeongdong,long,off_peak,7.0,11,1655.2818,1043.1924,612.0894,1085.5138,1399.182,7707.2,25,True,68,11,11,46,338934->338933->338631->339979->340332->338581->338269->338775->339117->339088->339091->339090->338268->338582->339138->339116->338705->338269->338580->339112->339111->339116->339138->338582->338268->338262->338586->339132->338258->613662->339651->338651->562921->562923->342153->341556->341555->342643->341561->341562->341552->342644->613995->342640->342641->341775->343989->341774->341547->341773->341542->344210->342626->342633->646354->340708->341541->341539->563187->341540->340697->343457->341546->343780->342515->342812->341263->341711->341712
rl_signal_attention,od2_dogok_yeongdong,long,off_peak,7.0,12,1292.2706,807.0419,485.2287,847.4066,1109.1898,6007.5,18,True,58,7,7,44,338934->338933->338631->339979->340332->338581->338269->338705->339116->339138->338582->338268->338262->338586->339132->338258->613662->339651->338651->562919->562884->613773->339003->339662->341549->342639->341564->341562->341552->342644->613995->342640->342641->341775->343989->341774->341547->341773->341542->344210->342626->342633->646354->340708->341541->341539->563187->341540->340697->343457->341546->343780->342515->342812->341263->341711->343040->341268->341712
rl_signal_attention,od2_dogok_yeongdong,long,off_peak,7.0,13,1387.1606,849.6457,537.5149,911.6587,1228.7114,6754.2,22,True,59,8,7,44,338934->338933->338631->339979->340332->338581->338269->338775->339117->339088->339091->339090->338268->338262->338586->339132->338258->613662->339651->338651->562921->562923->342153->343109->613772->339003->339662->341549->342639->341564->341562->341552->342644->613995->342640->342641->341775->343989->341774->341547->341773->341542->344210->342626->342633->646354->340708->341541->341539->563187->341540->340697->343457->341546->343780->342515->342812->341263->341711->341712
rl_signal_attention,od2_dogok_yeongdong,long,off_peak,7.0,14,1285.3704,786.2602,499.1102,806.6309,1140.9216,5990.6,19,True,56,7,6,43,338934->338933->338631->339979->340332->338581->338269->338705->339116->339138->338582->338268->338262->338586->339132->338258->613662->339651->338651->562919->562884->613773->339003->339662->341549->342639->341564->341562->341552->342644->613995->342640->342641->341775->343989->341774->341547->341773->341542->344210->342626->342633->646354->340708->341541->341539->563187->341540->340697->343457->341546->343780->342515->342812->341263->341711->341712
rl_signal_attention,od2_dogok_yeongdong,long,off_peak,7.0,15,1336.2281,868.8086,467.4195,876.2363,1068.4794,6542.4,20,True,62,8,8,46,338934->338933->338631->339979->340332->338581->338269->338705->339116->339138->338582->338268->338262->338586->339132->338258->613662->339651->338651->562919->562884->613773->339003->339662->341549->342639->341564->341562->341552->341563->341553->341608->341777->341565->340710->341776->341538->613852->344181->342630->342628->563165->341547->341773->341542->344210->342626->342633->646354->340708->341541->341539->563187->341540->340697->343457->341546->343780->342515->342812->341263->341711->341712
rl_signal_attention,od2_dogok_yeongdong,long,off_peak,7.0,16,1365.0077,780.3754,584.6323,790.0468,1336.4175,5966.4,25,True,62,7,6,49,338934->338933->338631->339979->340332->338581->338269->338580->339112->339947->339096->338710->338593->338259->338592->338992->338205->338589->339119->338588->338587->338262->339922->340140->339002->338922->646291->338226->339093->339128->341549->342639->341564->341562->341552->342644->613995->342640->342641->341775->343989->341774->341547->341773->341542->344210->342626->342633->646354->340708->341541->341539->563187->341540->340697->343457->341546->343780->342515->342812->341263->341711->341712
rl_signal_attention,od2_dogok_yeongdong,long,off_peak,7.0,17,1245.0562,775.1643,469.8919,872.9272,1074.1311,6125.2,19,True,60,10,7,43,338934->338933->338631->339979->340332->338581->338269->338705->339116->339138->338582->338268->338262->338586->339132->338258->613662->339651->338651->339293->341572->588040->341557->343102->344213->344212->344213->343102->341557->342643->341561->341562->341552->342644->613995->342640->342641->341775->343989->341774->341547->341773->341542->344210->342626->342633->646354->340708->341541->341539->563187->341540->340697->343457->341546->343780->342515->342812->341263->341711->341712
rl_signal_attention,od2_dogok_yeongdong,long,off_peak,7.0,18,1122.2279,797.1192,325.1087,845.1915,743.1697,5990.6,15,True,56,7,6,43,338934->338933->338631->339979->340332->338581->338269->338705->339116->339138->338582->338268->338262->338586->339132->338258->613662->339651->338651->562919->562884->613773->339003->339662->341549->342639->341564->341562->341552->342644->613995->342640->342641->341775->343989->341774->341547->341773->341542->344210->342626->342633->646354->340708->341541->341539->563187->341540->340697->343457->341546->343780->342515->342812->341263->341711->341712
rl_signal_attention,od2_dogok_yeongdong,long,off_peak,7.0,19,1230.246,813.4527,416.7933,817.7652,952.7525,6256.4,17,True,60,8,9,43,338934->338933->338631->339979->340332->338581->338269->338705->339116->339138->338582->338268->338262->338586->339132->338258->613662->339651->338651->562919->562884->613773->339003->339662->341549->342639->341564->341562->341552->342644->613995->342640->342641->341775->343989->341774->341547->341773->341542->342627->343944->342627->341542->344210->342626->342633->646354->340708->341541->341539->563187->341540->340697->343457->341546->343780->342515->342812->341263->341711->341712
rl_signal_attention,od2_dogok_yeongdong,long,off_peak,7.0,20,1137.1526,792.6172,344.5354,806.398,787.5774,5990.6,17,True,56,7,6,43,338934->338933->338631->339979->340332->338581->338269->338705->339116->339138->338582->338268->338262->338586->339132->338258->613662->339651->338651->562919->562884->613773->339003->339662->341549->342639->341564->341562->341552->342644->613995->342640->342641->341775->343989->341774->341547->341773->341542->344210->342626->342633->646354->340708->341541->341539->563187->341540->340697->343457->341546->343780->342515->342812->341263->341711->341712
rl_signal_attention,od2_dogok_yeongdong,long,off_peak,7.0,21,1309.7021,814.7213,494.9808,814.3725,1131.4821,6067.3,20,True,62,9,6,47,338934->338933->338631->339979->340332->338581->338269->338705->339116->339138->338582->338268->338583->587842->338768->338767->338254->339133->338229->340484->339098->342073->342687->341600->342685->341607->344213->343102->341557->342643->341561->341562->341552->342644->613995->342640->342641->341775->343989->341774->341547->341773->341542->344210->342626->342633->646354->340708->341541->341539->563187->563186->563187->341540->340697->343457->341546->343780->342515->342812->341263->341711->341712
rl_signal_attention,od2_dogok_yeongdong,long,off_peak,7.0,22,1379.0348,841.2486,537.7861,899.2464,1229.3314,6354.8,19,True,57,7,10,40,338934->339087->340330->340328->339088->339117->338775->338269->338705->339116->339138->338582->338268->338262->338586->339132->338258->613662->339651->339650->339651->338651->339293->341572->588040->341557->342643->341561->341562->341552->342644->613995->342640->342641->341775->343989->341774->341547->341773->341542->344210->342626->342633->646354->340708->341541->341539->563187->341540->340697->343457->341546->343780->342515->342812->341263->341711->341712
rl_signal_attention,od2_dogok_yeongdong,long,off_peak,7.0,23,1216.8269,792.0723,424.7546,794.3099,970.9513,5990.6,17,True,56,7,6,43,338934->338933->338631->339979->340332->338581->338269->338705->339116->339138->338582->338268->338262->338586->339132->338258->613662->339651->338651->562919->562884->613773->339003->339662->341549->342639->341564->341562->341552->342644->613995->342640->342641->341775->343989->341774->341547->341773->341542->344210->342626->342633->646354->340708->341541->341539->563187->341540->340697->343457->341546->343780->342515->342812->341263->341711->341712
rl_signal_attention,od2_dogok_yeongdong,long,off_peak,7.0,24,1437.9641,944.3894,493.5747,1009.9267,1128.2679,7322.9,22,True,64,8,11,45,338934->338933->338631->339979->340332->338581->338269->338705->339116->339138->338582->338268->338262->338586->339132->338258->613662->339651->338651->562919->562884->613773->339003->339662->341549->342639->341564->341562->341552->342644->342148->342645->341564->341562->341561->341563->341552->342644->613995->342640->342641->341775->343989->341774->341547->341773->341542->344210->342626->342633->646354->340708->341541->341539->563187->341540->340697->343457->341546->343780->342515->342812->341263->341711->341712
rl_signal_attention,od2_dogok_yeongdong,long,off_peak,7.0,25,1352.6084,925.5806,427.0278,969.1926,976.1476,6850.7,17,True,64,9,7,48,338934->338933->338631->339979->340332->338581->338269->338705->339116->339138->338582->338268->338262->338586->339132->338258->613662->339651->338651->562919->562884->613773->613772->339003->339662->341549->342639->341564->341562->341552->342644->613995->342640->342641->341775->343989->341774->341547->341773->341542->344210->342626->342633->340597->342614->342072->341544->341796->343669->341798->342622->341797->341771->341545->340698->341540->340697->343457->341546->343780->342515->342812->341263->341711->341712
rl_signal_attention,od2_dogok_yeongdong,long,off_peak,7.0,26,1105.6128,771.5311,334.0817,838.4074,763.6811,5990.6,15,True,56,7,6,43,338934->338933->338631->339979->340332->338581->338269->338705->339116->339138->338582->338268->338262->338586->339132->338258->613662->339651->338651->562919->562884->613773->339003->339662->341549->342639->341564->341562->341552->342644->613995->342640->342641->341775->343989->341774->341547->341773->341542->344210->342626->342633->646354->340708->341541->341539->563187->341540->340697->343457->341546->343780->342515->342812->341263->341711->341712
rl_signal_attention,od2_dogok_yeongdong,long,off_peak,7.0,27,1325.2325,763.779,561.4535,807.2313,1283.4328,6170.5,21,True,57,8,7,42,338934->338933->338631->339979->340332->338581->338269->338705->339116->339138->338582->338268->338262->338586->339132->338258->613662->339651->338651->562919->562884->613773->339003->339662->341549->342639->341564->341562->341552->342644->613995->342640->342641->341775->343989->341774->341547->341773->341542->344210->342626->342633->646354->340708->341541->341539->563187->341540->340697->343457->341546->343780->342515->342812->341263->341711->341713->341712
rl_signal_attention,od2_dogok_yeongdong,long,off_peak,7.0,28,1328.5848,863.2598,465.3251,887.0218,1063.6918,6350.1,19,True,61,6,7,48,338934->338933->338631->339979->340332->338581->338269->338705->339116->339138->338582->338268->338262->338586->339132->338258->613662->339651->338651->562919->562884->613773->339003->339662->341549->342639->341564->341562->341552->342644->613995->342640->342641->341775->343989->341774->341547->563166->341548->340707->343666->343075->341543->588052->341499->341492->343516->343774->563132->646319->646416->646417->646416->646319->344219->341546->343780->342515->342812->341263->341711->341712
rl_signal_attention,od2_dogok_yeongdong,long,off_peak,7.0,29,1750.1014,1082.1935,667.9079,1139.982,1526.7782,8216.4,25,True,83,10,11,62,338934->338933->338631->339979->340332->338581->338269->338705->339116->339138->338582->338268->338262->338586->339132->338258->613662->339651->338651->562919->562884->613773->339003->339662->341549->342639->341564->341562->341552->342644->613995->342640->342641->341775->343989->341774->341547->341773->341542->344210->342626->342633->340597->342614->342072->341544->341796->343669->341798->342622->341797->341771->341545->341772->646612->341541->340708->646354->342633->342626->344210->341542->342627->343944->342627->341542->344210->342626->342633->646354->340708->341541->341539->563187->341540->340697->343457->341546->343780->342515->342812->341263->341711->341712
rl_signal_attention,od2_dogok_yeongdong,long,off_peak,7.0,30,1222.0824,822.5577,399.5247,854.3563,913.278,6316.6,16,True,66,14,7,45,338934->338933->338631->339979->340332->338581->338269->338705->339116->339138->338582->338268->338262->338586->339132->338258->613662->339651->338651->562919->562884->613773->339003->339662->341549->342639->341564->341562->341552->342644->613995->342640->342641->341775->343989->341774->341547->341773->341542->344210->342626->342633->646354->340708->341541->341539->563187->341540->340697->343457->341546->343780->342515->646346->646572->646574->646573->646572->646574->646573->646572->646346->342515->342812->341263->341711->341712
rl_signal_attention,od2_dogok_yeongdong,long,peak,8.0,1,1105.0865,780.0139,325.0727,843.1959,743.0872,6043.1,19,True,60,7,6,47,338934->338933->338631->339979->340332->338581->338269->338705->339116->339138->338582->338268->338583->587842->338768->338767->338254->339133->338229->340484->339098->342073->342687->341600->342685->341607->344213->343102->341557->342643->341561->341562->341552->342644->613995->342640->342641->341775->343989->341774->341547->341773->341542->344210->342626->342633->646354->340708->341541->341539->563187->341540->340697->343457->341546->343780->342515->342812->341263->341711->341712
rl_signal_attention,od2_dogok_yeongdong,long,peak,8.0,2,1265.1999,820.0449,445.155,930.4876,1017.5847,6190.8,19,True,61,9,7,45,338934->338933->338631->339979->340332->338581->338269->338705->339116->339138->338582->338268->338583->587842->338768->338767->338254->339133->338229->340484->339098->342073->342687->341600->342685->341607->344213->343102->341557->342643->341561->341562->341552->342644->613995->342640->342641->341775->343989->341774->341547->563165->342628->341542->344210->342626->342633->646354->340708->341541->341539->563187->341540->340697->343457->341546->343780->342515->342812->341263->341711->341712
rl_signal_attention,od2_dogok_yeongdong,long,peak,8.0,3,1308.1471,846.8152,461.3319,891.9259,1054.5637,6301.6,20,True,62,9,9,44,338934->339307->340334->340335->340334->339307->338934->338933->338631->339979->340332->338581->338269->338705->339116->339138->338582->338268->338262->338586->339132->338258->613662->339651->338651->562919->562884->613773->339003->339662->341549->342639->341564->341562->341552->342644->613995->342640->342641->341775->343989->341774->341547->341773->341542->344210->342626->342633->646354->340708->341541->341539->563187->341540->340697->343457->341546->343780->342515->342812->341263->341711->341712
rl_signal_attention,od2_dogok_yeongdong,long,peak,8.0,4,1097.0908,775.7459,321.3449,885.1416,734.5659,6043.1,15,True,60,7,6,47,338934->338933->338631->339979->340332->338581->338269->338705->339116->339138->338582->338268->338583->587842->338768->338767->338254->339133->338229->340484->339098->342073->342687->341600->342685->341607->344213->343102->341557->342643->341561->341562->341552->342644->613995->342640->342641->341775->343989->341774->341547->341773->341542->344210->342626->342633->646354->340708->341541->341539->563187->341540->340697->343457->341546->343780->342515->342812->341263->341711->341712
rl_signal_attention,od2_dogok_yeongdong,long,peak,8.0,5,1092.1961,770.5622,321.6339,884.1922,735.2265,6043.1,17,True,60,7,6,47,338934->338933->338631->339979->340332->338581->338269->338705->339116->339138->338582->338268->338583->587842->338768->338767->338254->339133->338229->340484->339098->342073->342687->341600->342685->341607->344213->343102->341557->342643->341561->341562->341552->342644->613995->342640->342641->341775->343989->341774->341547->341773->341542->344210->342626->342633->646354->340708->341541->341539->563187->341540->340697->343457->341546->343780->342515->342812->341263->341711->341712
rl_signal_attention,od2_dogok_yeongdong,long,peak,8.0,6,1279.3318,836.8356,442.4962,935.1515,1011.507,6301.5,20,True,60,7,6,47,338934->338933->338631->339979->340332->338581->338269->338705->339116->339138->338582->338268->338583->587842->338768->338767->338254->339133->338229->340484->339098->342073->342687->341600->342685->341607->344213->343102->341557->342643->341561->341563->341552->342644->613995->342640->342641->341775->343989->341774->341547->341773->341542->344210->342626->342633->646354->340708->341541->341539->563187->341540->340697->343457->341546->343780->342515->342812->341263->341711->341712
rl_signal_attention,od2_dogok_yeongdong,long,peak,8.0,7,1116.4276,818.0212,298.4064,937.2586,682.1304,6043.1,16,True,60,7,6,47,338934->338933->338631->339979->340332->338581->338269->338705->339116->339138->338582->338268->338583->587842->338768->338767->338254->339133->338229->340484->339098->342073->342687->341600->342685->341607->344213->343102->341557->342643->341561->341562->341552->342644->613995->342640->342641->341775->343989->341774->341547->341773->341542->344210->342626->342633->646354->340708->341541->341539->563187->341540->340697->343457->341546->343780->342515->342812->341263->341711->341712
rl_signal_attention,od2_dogok_yeongdong,long,peak,8.0,8,1117.8975,796.1152,321.7823,880.8476,735.5658,6043.1,17,True,60,7,6,47,338934->338933->338631->339979->340332->338581->338269->338705->339116->339138->338582->338268->338583->587842->338768->338767->338254->339133->338229->340484->339098->342073->342687->341600->342685->341607->344213->343102->341557->342643->341561->341562->341552->342644->613995->342640->342641->341775->343989->341774->341547->341773->341542->344210->342626->342633->646354->340708->341541->341539->563187->341540->340697->343457->341546->343780->342515->342812->341263->341711->341712
rl_signal_attention,od2_dogok_yeongdong,long,peak,8.0,9,1257.1075,815.9047,441.2028,939.5876,1008.5504,6473.0,19,True,52,6,7,39,338934->339087->340330->340328->339088->339091->339090->338268->338262->338586->339132->338258->613662->339651->338651->562919->562884->613773->339003->339662->341549->342639->341564->341562->341552->342644->613995->342640->342641->341775->343989->341774->341547->341773->341542->344210->342626->342633->646354->340708->341541->341539->563187->341540->340697->343457->341546->343780->342515->342812->341263->341711->341712
rl_signal_attention,od2_dogok_yeongdong,long,peak,8.0,10,1286.2576,846.8704,439.3873,950.1221,1004.4003,6506.2,19,True,62,7,10,45,338934->338933->340139->339308->339893->339307->338934->338933->338631->339979->340332->338581->338269->338705->339116->339138->338582->338268->338262->338586->339132->338258->613662->339651->338651->562919->562884->613773->339003->339662->341549->342639->341564->341562->341552->342644->613995->342640->342641->341775->343989->341774->341547->341773->341542->344210->342626->342633->646354->340708->341541->341539->563187->341540->340697->343457->341546->343780->342515->342812->341263->341711->341712
rl_signal_attention,od2_dogok_yeongdong,long,peak,8.0,11,1123.1972,809.9034,313.2938,900.1197,716.1618,6240.9,16,True,63,8,7,48,338934->338933->338631->339979->340332->338581->338269->338705->339116->339138->338582->338268->338583->587842->338768->338767->338254->339133->338229->340484->339098->342073->342687->341600->342685->341607->344213->343102->341557->342643->341561->341562->341552->342644->613995->342640->341551->341538->613852->344181->342630->342628->563165->341547->341773->341542->344210->342626->342633->646354->340708->341541->341539->563187->341540->340697->343457->341546->343780->342515->342812->341263->341711->341712
rl_signal_attention,od2_dogok_yeongdong,long,peak,8.0,12,1221.3222,855.2798,366.0424,930.1278,836.7405,6313.8,18,True,67,10,8,49,338934->338933->338631->339979->340332->338581->338269->338705->339116->339138->338582->338268->338583->587842->338768->338767->338254->339133->338229->340484->339098->342073->342687->341600->342685->341607->344213->343102->341557->342643->341561->341562->341552->342644->613995->342640->342641->341775->343989->341774->341547->341773->341542->344210->342626->342633->646354->340708->341541->341539->563187->341540->340697->343457->341546->343780->342515->646346->646572->646573->646574->646572->646346->342515->342812->341263->341711->341712
rl_signal_attention,od2_dogok_yeongdong,long,peak,8.0,13,1141.6088,812.9539,328.6549,835.7744,751.276,6043.1,18,True,60,7,6,47,338934->338933->338631->339979->340332->338581->338269->338705->339116->339138->338582->338268->338583->587842->338768->338767->338254->339133->338229->340484->339098->342073->342687->341600->342685->341607->344213->343102->341557->342643->341561->341562->341552->342644->613995->342640->342641->341775->343989->341774->341547->341773->341542->344210->342626->342633->646354->340708->341541->341539->563187->341540->340697->343457->341546->343780->342515->342812->341263->341711->341712
rl_signal_attention,od2_dogok_yeongdong,long,peak,8.0,14,1318.4484,879.5722,438.8763,941.197,1003.2322,6527.0,21,True,66,6,9,51,338934->338933->338631->339979->340332->338581->338269->338705->339116->339138->338582->338268->338583->587842->338768->338767->338254->339133->338229->340484->339098->342073->342687->341600->342685->341607->344213->343102->341557->342643->341561->341562->341552->342644->613995->342640->342641->341775->343989->341774->341547->341773->341542->344210->342626->342633->646354->340708->341541->341539->563187->341540->340697->343457->341546->342524->646353->646416->646319->344219->341546->343780->342515->342812->341263->341711->341712
rl_signal_attention,od2_dogok_yeongdong,long,peak,8.0,15,1245.3605,826.5865,418.774,990.4827,957.2803,6118.3,19,True,62,9,6,47,338934->338933->338631->339979->340332->338581->338269->338705->339116->339138->338582->338268->338583->587842->338768->338767->338254->339133->338229->340484->339098->342073->342687->341600->342685->341607->344213->343102->341557->342643->341561->341562->341552->342644->613995->613994->613995->342640->342641->341775->343989->341774->341547->341773->341542->344210->342626->342633->646354->340708->341541->341539->563187->341540->340697->343457->341546->343780->342515->342812->341263->341711->341712
rl_signal_attention,od2_dogok_yeongdong,long,peak,8.0,16,1318.2272,907.6758,410.5514,1007.1615,938.484,6764.3,18,True,64,11,6,47,338934->338933->338631->339979->340332->338581->338269->338705->339116->339138->338582->338268->338583->587842->338768->338767->338254->339133->338229->340484->339098->342073->342687->341600->342685->341607->344213->343102->341557->342643->341561->341562->341552->341563->341561->341562->341552->342644->613995->342640->342641->341775->343989->341774->341547->341773->341542->344210->342626->342633->646354->340708->341541->341539->563187->341540->340697->343457->341546->343780->342515->342812->341263->341711->341712
rl_signal_attention,od2_dogok_yeongdong,long,peak,8.0,17,1253.0216,804.172,448.8496,922.742,1026.0304,6143.4,17,True,58,8,7,43,338934->338933->338631->339979->340332->338581->338269->338580->339112->339111->339116->339138->338582->338268->338262->338586->339132->338258->613662->339651->338651->339293->341572->588040->341557->342643->341561->341562->341552->342644->613995->342640->342641->341775->343989->341774->341547->341773->341542->344210->342626->342633->646354->340708->341541->646612->341772->341545->340698->341540->340697->343457->341546->343780->342515->342812->341263->341711->341712
rl_signal_attention,od2_dogok_yeongdong,long,peak,8.0,18,1106.4181,786.8204,319.5977,893.4841,730.572,6043.1,17,True,60,7,6,47,338934->338933->338631->339979->340332->338581->338269->338705->339116->339138->338582->338268->338583->587842->338768->338767->338254->339133->338229->340484->339098->342073->342687->341600->342685->341607->344213->343102->341557->342643->341561->341562->341552->342644->613995->342640->342641->341775->343989->341774->341547->341773->341542->344210->342626->342633->646354->340708->341541->341539->563187->341540->340697->343457->341546->343780->342515->342812->341263->341711->341712
rl_signal_attention,od2_dogok_yeongdong,long,peak,8.0,19,1429.964,954.1946,475.7693,1082.4512,1087.5664,7126.5,21,True,59,8,10,41,338934->339087->340330->340328->339088->339091->339090->338268->338262->338586->339132->338258->613662->339651->339650->339651->338651->562919->562884->613773->339003->339662->341549->342639->341564->341562->341552->342644->613995->342640->342641->341737->341569->344767->341558->341518->341517->341516->341515->341510->343158->343160->344191->344189->342755->341769->341499->341492->343516->343774->563132->646319->344219->341546->343780->342515->342812->341263->341711->341712
rl_signal_attention,od2_dogok_yeongdong,long,peak,8.0,20,1265.6682,806.1791,459.4891,897.0747,1050.3513,6338.0,18,True,51,6,8,37,338934->339087->340330->340328->339088->339091->339090->338268->338262->338586->339132->338258->613662->339651->338651->562921->562923->342153->341556->341555->342643->341561->341562->341552->342644->613995->342640->342641->341775->343989->341774->341547->341773->341542->344210->342626->342633->646354->340708->341541->341539->563187->341540->340697->343457->341546->343780->342515->342812->341263->341711->341712
rl_signal_attention,od2_dogok_yeongdong,long,peak,8.0,21,1113.3914,794.3659,319.0256,890.6572,729.2641,6043.1,17,True,60,7,6,47,338934->338933->338631->339979->340332->338581->338269->338705->339116->339138->338582->338268->338583->587842->338768->338767->338254->339133->338229->340484->339098->342073->342687->341600->342685->341607->344213->343102->341557->342643->341561->341562->341552->342644->613995->342640->342641->341775->343989->341774->341547->341773->341542->344210->342626->342633->646354->340708->341541->341539->563187->341540->340697->343457->341546->343780->342515->342812->341263->341711->341712
rl_signal_attention,od2_dogok_yeongdong,long,peak,8.0,22,1089.6473,774.0059,315.6415,868.0397,721.5284,6043.1,14,True,60,7,6,47,338934->338933->338631->339979->340332->338581->338269->338705->339116->339138->338582->338268->338583->587842->338768->338767->338254->339133->338229->340484->339098->342073->342687->341600->342685->341607->344213->343102->341557->342643->341561->341562->341552->342644->613995->342640->342641->341775->343989->341774->341547->341773->341542->344210->342626->342633->646354->340708->341541->341539->563187->341540->340697->343457->341546->343780->342515->342812->341263->341711->341712
rl_signal_attention,od2_dogok_yeongdong,long,peak,8.0,23,1334.2919,977.8153,356.4767,1158.7382,814.874,7196.7,13,True,67,9,9,49,338934->338933->338631->339979->340332->338581->338269->338705->339116->339138->338582->338268->339090->338156->339054->338139->562936->339292->339070->613767->613766->613768->338803->338267->340192->338229->340484->339098->342073->342687->341600->342685->341607->344213->343102->341557->342643->341561->341562->341552->342644->613995->342640->342641->341775->343989->341774->341547->341773->341542->344210->342626->342633->646354->340708->341541->341539->563187->341540->340697->343457->341546->343780->342515->342812->341263->341711->341712
rl_signal_attention,od2_dogok_yeongdong,long,peak,8.0,24,1140.5621,804.9662,335.5959,846.55,767.1423,6043.1,17,True,60,7,6,47,338934->338933->338631->339979->340332->338581->338269->338705->339116->339138->338582->338268->338583->587842->338768->338767->338254->339133->338229->340484->339098->342073->342687->341600->342685->341607->344213->343102->341557->342643->341561->341562->341552->342644->613995->342640->342641->341775->343989->341774->341547->341773->341542->344210->342626->342633->646354->340708->341541->341539->563187->341540->340697->343457->341546->343780->342515->342812->341263->341711->341712
rl_signal_attention,od2_dogok_yeongdong,long,peak,8.0,25,1423.4339,963.7357,459.6982,1121.1445,1050.8293,6979.0,21,True,71,13,7,51,338934->338933->338631->339979->340332->338581->338269->338705->339116->339138->338582->338268->338583->587842->338768->338767->338254->338926->646136->339130->339129->338926->338254->339133->338229->340484->339098->342073->342687->341600->342685->341607->344213->343102->341557->342643->341561->341562->341552->342644->613995->342640->342641->341737->341569->344767->341558->341518->341517->341516->341515->341510->343158->343160->344191->344189->342755->341769->341499->341492->343516->343774->563132->646319->344219->341546->343780->342515->342812->341263->341711->341712
rl_signal_attention,od2_dogok_yeongdong,long,peak,8.0,26,1326.9045,930.2973,396.6072,1039.2644,906.6088,6778.8,21,True,66,7,10,49,338934->338933->338631->339979->340332->338581->338269->338705->339116->339138->338582->338268->338583->587842->338768->338767->338254->339133->338229->340484->339098->342073->342687->341600->342685->341607->344213->343102->341557->342643->341561->341562->341552->342644->342148->342645->341564->341562->341552->342644->613995->342640->342641->341775->343989->341774->341547->341773->341542->344210->342626->342633->646354->340708->341541->341539->563187->341540->340697->343457->341546->343780->342515->342812->341263->341711->341712
rl_signal_attention,od2_dogok_yeongdong,long,peak,8.0,27,1113.4007,810.6705,302.7302,898.5993,692.0144,6043.1,18,True,60,7,6,47,338934->338933->338631->339979->340332->338581->338269->338705->339116->339138->338582->338268->338583->587842->338768->338767->338254->339133->338229->340484->339098->342073->342687->341600->342685->341607->344213->343102->341557->342643->341561->341562->341552->342644->613995->342640->342641->341775->343989->341774->341547->341773->341542->344210->342626->342633->646354->340708->341541->341539->563187->341540->340697->343457->341546->343780->342515->342812->341263->341711->341712
rl_signal_attention,od2_dogok_yeongdong,long,peak,8.0,28,1353.202,921.5978,431.6042,960.6943,986.609,6819.6,21,True,75,9,12,54,338934->338933->340139->339308->339893->339307->338934->338933->338631->339979->340332->338581->338269->338705->339116->339138->338582->338268->338583->587842->338768->338767->338254->338926->646136->338920->613766->613767->338253->613768->338803->338267->340192->338229->340484->339098->342073->342687->341600->342685->341607->344213->343102->341557->342643->341561->341562->341552->342644->613995->342640->342641->341775->343989->341774->341547->341773->341542->344210->342626->342633->646354->340708->341541->341539->563187->341540->340697->343457->341546->343780->342515->342812->341263->341711->341712
rl_signal_attention,od2_dogok_yeongdong,long,peak,8.0,29,1114.899,800.0375,314.8615,899.0444,719.7455,6082.3,17,True,62,7,8,47,338934->338933->338631->339979->340332->338581->338269->338705->339116->339138->338582->338268->338583->587842->338768->338767->338254->339133->338229->340484->339098->342073->342687->341600->342685->341607->344213->344212->344213->343102->341557->342643->341561->341562->341552->342644->613995->342640->342641->341775->343989->341774->341547->341773->341542->344210->342626->342633->646354->340708->341541->341539->563187->341540->340697->343457->341546->343780->342515->342812->341263->341711->341712
rl_signal_attention,od2_dogok_yeongdong,long,peak,8.0,30,1290.0822,852.7503,437.3319,949.2048,999.7019,6302.7,19,True,63,10,8,45,338934->338933->338631->339979->340332->338581->338269->338705->339116->339138->338582->338268->338583->587842->338768->338767->338254->339133->338229->340484->339098->342073->342687->341600->342685->341607->344213->343102->341557->342643->341561->341562->341552->342644->613995->342640->342641->341775->343989->341774->341547->341773->341542->344210->342626->342633->646354->340708->341541->341539->563187->341540->340697->343457->341546->343780->342515->342516->342111->343038->342812->341263->341711->341712
rl_signal_attention,od1_sinnonhyeon_suseo,long,off_peak,7.0,1,455.7008,357.9433,97.7575,370.6464,223.465,2811.0,4,False,21,4,7,10,342695->342700->343100->342865->342652->342116->341788->341787->563170->341731->341603->341729->341598->342684->341601->646355->341593->344353->342694->563168->341608->341553
rl_signal_attention,od1_sinnonhyeon_suseo,long,off_peak,7.0,2,2099.9822,1609.9883,489.9939,1472.8142,1120.0825,12311.9,21,True,91,16,16,59,342695->342700->343100->342865->340641->340704->341588->341785->342116->341788->341787->563170->341731->341603->341729->341598->342684->341601->646355->341593->563301->563300->563301->341593->646355->341601->343106->343943->342693->341607->344213->343102->341557->342643->341561->341562->341552->342644->613995->613994->613995->342644->341552->341562->341561->341568->341735->341564->342645->341559->341985->341569->341737->342641->341775->343989->341774->341547->563166->341548->340707->343666->343075->341543->588052->341499->344500->342607->587988->342821->343267->343341->343340->341501->343078->647029->647031->647032->647028->647033->342043->338909->338898->338897->340035->338396->338400->338399->338391->338773->613666->613667
rl_signal_attention,od1_sinnonhyeon_suseo,long,off_peak,7.0,3,523.6429,373.3249,150.318,416.9351,343.6136,2809.6,6,False,24,3,6,15,342695->342700->343100->342865->340641->340704->341588->341785->342116->341788->341787->563170->341731->341603->341729->341598->342684->341601->646355->341593->344353->342694->563168->341608->341553
rl_signal_attention,od1_sinnonhyeon_suseo,long,off_peak,7.0,4,1828.652,1396.6863,431.9658,1372.2247,987.4354,10941.0,20,True,75,10,16,49,342695->342700->343100->342865->340641->340704->341588->341785->342116->341788->341787->563170->341731->341603->341729->341598->342684->341601->646355->341593->344353->342694->563168->341608->342649->341592->341591->342631->563095->342614->340597->342633->646354->340708->341541->341539->563187->563188->563187->341540->340697->343457->341546->344219->646319->563132->343774->343516->341492->341499->344500->342607->587988->342821->343267->343341->343340->341501->343078->647029->647031->647032->647028->647033->342043->338909->338898->338897->340035->338396->338400->338399->338391->338773->613666->613667
rl_signal_attention,od1_sinnonhyeon_suseo,long,off_peak,7.0,5,2380.8199,1953.2115,427.6084,1754.0945,977.4749,14350.6,19,True,150,67,17,66,342695->342700->343100->342865->340641->340704->341588->341785->342116->341788->341787->563170->341731->341603->341729->341598->342684->341601->343106->343943->342693->341607->344213->343102->341557->342643->341555->341556->342153->343109->613772->613773->339003->613772->613773->339003->613772->613773->339003->613772->613773->339003->613772->613773->339003->613772->613773->339003->613772->613773->339003->613772->613773->339003->613772->613773->339003->613772->343109->342153->562923->562922->562923->562921->562920->562921->562923->342153->343109->613772->613773->339003->613772->613773->339003->613772->613773->339003->613772->613773->339003->613772->613773->339003->613772->613773->339003->613772->613773->339003->613772->613773->339003->613772->613773->339003->613772->613773->339003->339662->341549->342639->563096->342115->343710->341560->341518->341517->341516->341515->341519->341513->341520->343933->343932->343939->343935->343936->342836->343938->646617->646615->341506->344393->343340->341501->343078->647029->647031->647032->647028->647033->342043->338909->338898->338897->340035->338396->338400->338399->338391->338404->338372->338403->646212->338398->338399->338391->338773->613666->613667
rl_signal_attention,od1_sinnonhyeon_suseo,long,off_peak,7.0,6,747.3707,611.7227,135.6481,633.3689,310.0794,4730.7,9,False,36,5,9,22,342695->342700->342159->344204->341621->342834->343100->342700->342695->342699->342697->342699->342695->342700->343100->342865->340641->340704->341588->341785->342116->341788->341787->563170->341731->341603->341729->341598->342684->341601->646355->341593->344353->342694->563168->341608->341553
rl_signal_attention,od1_sinnonhyeon_suseo,long,off_peak,7.0,7,523.2037,356.3456,166.8581,386.714,381.4227,2809.6,8,False,24,3,6,15,342695->342700->343100->342865->340641->340704->341588->341785->342116->341788->341787->563170->341731->341603->341729->341598->342684->341601->646355->341593->344353->342694->563168->341608->341553
rl_signal_attention,od1_sinnonhyeon_suseo,long,off_peak,7.0,8,517.9599,353.2461,164.7138,386.9148,376.5211,2809.6,8,False,24,3,6,15,342695->342700->343100->342865->340641->340704->341588->341785->342116->341788->341787->563170->341731->341603->341729->341598->342684->341601->646355->341593->344353->342694->563168->341608->341553
rl_signal_attention,od1_sinnonhyeon_suseo,long,off_peak,7.0,9,516.1905,352.775,163.4155,388.0349,373.5534,2809.6,7,False,24,3,6,15,342695->342700->343100->342865->340641->340704->341588->341785->342116->341788->341787->563170->341731->341603->341729->341598->342684->341601->646355->341593->344353->342694->563168->341608->341553
rl_signal_attention,od1_sinnonhyeon_suseo,long,off_peak,7.0,10,575.9289,415.7976,160.1313,414.6286,366.0459,3163.3,9,False,28,3,5,20,342695->342700->342159->344204->341621->342834->343100->342865->340641->340704->341588->341785->342116->341788->341787->563170->341731->341603->341729->341598->342684->341601->646355->341593->344353->342694->563168->341608->341553
rl_signal_attention,od1_sinnonhyeon_suseo,long,off_peak,7.0,11,1704.59,1158.1859,546.4041,1111.0014,1249.0312,9549.8,23,True,68,5,9,54,342695->342700->343100->342865->340641->340704->341588->341785->342116->341788->341787->563170->341731->341603->341729->341598->342684->341601->646355->341593->344353->342694->563168->341608->341777->341565->340710->341776->341538->613852->344181->342630->342628->563165->341547->563166->341548->340707->343666->343075->341543->588052->341499->344500->342607->587988->342821->343267->343341->341500->341501->343078->647029->647031->647032->647028->647033->342043->338909->338898->338897->340035->338396->338400->338399->338391->338773->613666->613667
rl_signal_attention,od1_sinnonhyeon_suseo,long,off_peak,7.0,12,461.5555,397.3876,64.1679,456.0231,146.6821,2809.6,5,False,24,3,6,15,342695->342700->343100->342865->340641->340704->341588->341785->342116->341788->341787->563170->341731->341603->341729->341598->342684->341601->646355->341593->344353->342694->563168->341608->341553
rl_signal_attention,od1_sinnonhyeon_suseo,long,off_peak,7.0,13,450.4807,351.0446,99.4361,367.5583,227.3021,2809.6,6,False,24,3,6,15,342695->342700->343100->342865->340641->340704->341588->341785->342116->341788->341787->563170->341731->341603->341729->341598->342684->341601->646355->341593->344353->342694->563168->341608->341553
rl_signal_attention,od1_sinnonhyeon_suseo,long,off_peak,7.0,14,479.8951,374.5492,105.3458,357.424,240.8112,2809.6,6,False,24,3,6,15,342695->342700->343100->342865->340641->340704->341588->341785->342116->341788->341787->563170->341731->341603->341729->341598->342684->341601->646355->341593->344353->342694->563168->341608->341553
rl_signal_attention,od1_sinnonhyeon_suseo,long,off_peak,7.0,15,538.4487,394.8942,143.5545,432.7639,328.1529,2809.6,6,False,24,3,6,15,342695->342700->343100->342865->340641->340704->341588->341785->342116->341788->341787->563170->341731->341603->341729->341598->342684->341601->646355->341593->344353->342694->563168->341608->341553
rl_signal_attention,od1_sinnonhyeon_suseo,long,off_peak,7.0,16,1920.0539,1396.1953,523.8586,1287.5948,1197.4942,11776.5,23,True,79,6,12,61,342695->342700->343100->342865->340641->340704->341588->341785->342116->342672->342671->342674->342675->342678->342667->342662->342682->340582->343656->342632->343072->341795->341544->341796->343669->341798->342622->341797->341771->341545->340698->341540->340697->343457->341546->344219->646319->563132->343774->343516->341492->341499->344500->342607->587988->342821->341768->646932->341500->341501->343078->647029->647031->647032->342050->341490->341997->341501->343340->343341->341500->341501->343078->647029->647031->647032->647028->647033->342043->338909->338898->338897->340035->338396->338400->338399->338391->338773->613666->613667
rl_signal_attention,od1_sinnonhyeon_suseo,long,off_peak,7.0,17,467.5451,375.2091,92.336,403.2892,211.072,2809.6,6,False,24,3,6,15,342695->342700->343100->342865->340641->340704->341588->341785->342116->341788->341787->563170->341731->341603->341729->341598->342684->341601->646355->341593->344353->342694->563168->341608->341553
rl_signal_attention,od1_sinnonhyeon_suseo,long,off_peak,7.0,18,450.6859,377.3057,73.3802,431.6046,167.7407,2809.6,4,False,24,3,6,15,342695->342700->343100->342865->340641->340704->341588->341785->342116->341788->341787->563170->341731->341603->341729->341598->342684->341601->646355->341593->344353->342694->563168->341608->341553
rl_signal_attention,od1_sinnonhyeon_suseo,long,off_peak,7.0,19,467.2794,372.3739,94.9055,386.0241,216.9456,2811.0,5,False,21,4,7,10,342695->342700->343100->342865->342652->342116->341788->341787->563170->341731->341603->341729->341598->342684->341601->646355->341593->344353->342694->563168->341608->341553
rl_signal_attention,od1_sinnonhyeon_suseo,long,off_peak,7.0,20,452.6043,350.844,101.7603,370.2216,232.615,2809.6,6,False,24,3,6,15,342695->342700->343100->342865->340641->340704->341588->341785->342116->341788->341787->563170->341731->341603->341729->341598->342684->341601->646355->341593->344353->342694->563168->341608->341553
rl_signal_attention,od1_sinnonhyeon_suseo,long,off_peak,7.0,21,2006.0937,1419.5267,586.567,1386.7221,1340.84,11089.9,27,True,85,8,11,66,342695->342700->343100->342865->340641->340704->341588->341785->342116->341788->341787->563170->341731->341603->341729->341598->342684->341601->646355->341593->344353->342694->563168->341608->342649->341592->341591->342150->342680->342615->646583->342617->342681->341587->341794->342634->340699->342632->343072->341795->341544->341796->343669->341798->342622->341797->341771->341545->340698->341540->340697->343457->341546->344219->646319->563132->343774->343516->341492->341499->344500->342607->587988->342821->341768->646932->341500->341501->343078->647029->647031->647032->647028->647033->342043->338909->338898->338897->340035->338396->338400->338399->338391->338773->613666->613667
rl_signal_attention,od1_sinnonhyeon_suseo,long,off_peak,7.0,22,512.7882,353.3839,159.4043,401.0917,364.3841,2809.6,8,False,24,3,6,15,342695->342700->343100->342865->340641->340704->341588->341785->342116->341788->341787->563170->341731->341603->341729->341598->342684->341601->646355->341593->344353->342694->563168->341608->341553
rl_signal_attention,od1_sinnonhyeon_suseo,long,off_peak,7.0,23,561.9898,419.2837,142.7062,440.3471,326.2136,3350.8,7,False,28,4,6,18,342695->342699->342697->342699->342695->342700->343100->342865->340641->340704->341588->341785->342116->341788->341787->563170->341731->341603->341729->341598->342684->341601->646355->341593->344353->342694->563168->341608->341553
rl_signal_attention,od1_sinnonhyeon_suseo,long,off_peak,7.0,24,451.1275,373.777,77.3505,418.3903,176.8163,2811.0,4,False,21,4,7,10,342695->342700->343100->342865->342652->342116->341788->341787->563170->341731->341603->341729->341598->342684->341601->646355->341593->344353->342694->563168->341608->341553
rl_signal_attention,od1_sinnonhyeon_suseo,long,off_peak,7.0,25,518.2167,355.559,162.6578,390.7638,371.8212,2809.6,8,False,24,3,6,15,342695->342700->343100->342865->340641->340704->341588->341785->342116->341788->341787->563170->341731->341603->341729->341598->342684->341601->646355->341593->344353->342694->563168->341608->341553
rl_signal_attention,od1_sinnonhyeon_suseo,long,off_peak,7.0,26,535.6596,366.5828,169.0769,374.9795,386.4948,2809.6,7,False,24,3,6,15,342695->342700->343100->342865->340641->340704->341588->341785->342116->341788->341787->563170->341731->341603->341729->341598->342684->341601->646355->341593->344353->342694->563168->341608->341553
rl_signal_attention,od1_sinnonhyeon_suseo,long,off_peak,7.0,27,453.937,361.9907,91.9463,395.1379,210.1811,2809.6,5,False,24,3,6,15,342695->342700->343100->342865->340641->340704->341588->341785->342116->341788->341787->563170->341731->341603->341729->341598->342684->341601->646355->341593->344353->342694->563168->341608->341553
rl_signal_attention,od1_sinnonhyeon_suseo,long,off_peak,7.0,28,453.6855,361.035,92.6504,387.6461,211.7907,2809.6,6,False,24,3,6,15,342695->342700->343100->342865->340641->340704->341588->341785->342116->341788->341787->563170->341731->341603->341729->341598->342684->341601->646355->341593->344353->342694->563168->341608->341553
rl_signal_attention,od1_sinnonhyeon_suseo,long,off_peak,7.0,29,531.1548,376.659,154.4958,410.5055,353.1637,2809.6,8,False,24,3,6,15,342695->342700->343100->342865->340641->340704->341588->341785->342116->341788->341787->563170->341731->341603->341729->341598->342684->341601->646355->341593->344353->342694->563168->341608->341553
rl_signal_attention,od1_sinnonhyeon_suseo,long,off_peak,7.0,30,712.9657,505.5058,207.4599,468.2551,474.2349,3461.0,10,False,35,6,11,18,342695->342700->343100->342865->340641->340704->341588->341785->342116->341788->341787->563170->341731->341603->563167->342692->343706->563224->563225->563226->563224->343706->342692->563167->341603->341729->341598->342684->341601->646355->341593->344353->342694->563168->341608->341553
rl_signal_attention,od1_sinnonhyeon_suseo,long,peak,8.0,1,499.0097,376.1073,122.9025,465.1506,280.9441,2809.6,8,False,24,3,6,15,342695->342700->343100->342865->340641->340704->341588->341785->342116->341788->341787->563170->341731->341603->341729->341598->342684->341601->646355->341593->344353->342694->563168->341608->341553
rl_signal_attention,od1_sinnonhyeon_suseo,long,peak,8.0,2,521.9722,375.308,146.6642,424.9476,335.2614,2809.6,9,False,24,3,6,15,342695->342700->343100->342865->340641->340704->341588->341785->342116->341788->341787->563170->341731->341603->341729->341598->342684->341601->646355->341593->344353->342694->563168->341608->341553
rl_signal_attention,od1_sinnonhyeon_suseo,long,peak,8.0,3,506.0435,378.6248,127.4187,456.5391,291.2679,2809.6,8,False,24,3,6,15,342695->342700->343100->342865->340641->340704->341588->341785->342116->341788->341787->563170->341731->341603->341729->341598->342684->341601->646355->341593->344353->342694->563168->341608->341553
rl_signal_attention,od1_sinnonhyeon_suseo,long,peak,8.0,4,1952.9843,1388.0147,564.9697,1379.3445,1291.4705,10839.0,22,True,82,7,10,65,342695->342700->343100->342865->340641->340704->341588->341785->342116->341788->341787->563170->341731->341603->341730->646623->341984->341732->342691->341733->341602->338230->646176->339098->342073->342687->341600->342685->341607->344213->343102->341557->342643->341555->341556->342153->343109->613772->613773->339003->339662->341549->342639->563096->342115->343710->341560->341518->341517->341516->341515->341519->341513->341520->646429->341507->613864->341494->563120->342611->343267->343341->343340->341501->343078->647029->647031->647028->647033->342043->338909->338898->338897->340035->338396->338397->338402->338405->338404->338391->338773->613666->613667
rl_signal_attention,od1_sinnonhyeon_suseo,long,peak,8.0,5,510.0953,364.8392,145.2561,422.4722,332.0425,2630.9,10,False,27,1,4,22,342695->342700->343100->342865->340641->340704->341588->341785->342116->341788->341787->563170->341731->341603->341729->341598->343105->341906->341605->341595->343103->341778->341593->344353->342694->563168->341608->341553
rl_signal_attention,od1_sinnonhyeon_suseo,long,peak,8.0,6,512.5722,376.0307,136.5415,453.3793,312.1217,2809.6,7,False,24,3,6,15,342695->342700->343100->342865->340641->340704->341588->341785->342116->341788->341787->563170->341731->341603->341729->341598->342684->341601->646355->341593->344353->342694->563168->341608->341553
rl_signal_attention,od1_sinnonhyeon_suseo,long,peak,8.0,7,514.0386,366.0581,147.9805,408.787,338.2703,2809.6,9,False,24,3,6,15,342695->342700->343100->342865->340641->340704->341588->341785->342116->341788->341787->563170->341731->341603->341729->341598->342684->341601->646355->341593->344353->342694->563168->341608->341553
rl_signal_attention,od1_sinnonhyeon_suseo,long,peak,8.0,8,505.9585,358.7288,147.2296,412.0431,336.5539,2809.6,8,False,24,3,6,15,342695->342700->343100->342865->340641->340704->341588->341785->342116->341788->341787->563170->341731->341603->341729->341598->342684->341601->646355->341593->344353->342694->563168->341608->341553
rl_signal_attention,od1_sinnonhyeon_suseo,long,peak,8.0,9,1858.7712,1354.6001,504.1711,1402.2622,1152.4903,10885.7,26,True,72,10,14,48,342695->342700->343100->342865->340641->340704->341588->341785->342116->341788->341787->563170->341731->341603->341729->341598->342684->341601->646355->341593->344353->342694->563168->341608->342649->341592->341591->342631->563095->342614->340597->342633->646354->340708->341541->341539->563187->341540->340697->343457->341546->344219->646319->563132->343774->343516->341492->341499->344500->342607->587988->342821->343267->343341->343340->341501->343078->647029->647031->647028->647033->342043->338909->338898->338897->340035->338396->338400->338399->338391->338773->613666->613667
rl_signal_attention,od1_sinnonhyeon_suseo,long,peak,8.0,10,525.4165,366.3433,159.0733,399.1487,363.6274,2630.9,10,False,27,1,4,22,342695->342700->343100->342865->340641->340704->341588->341785->342116->341788->341787->563170->341731->341603->341729->341598->343105->341906->341605->341595->343103->341778->341593->344353->342694->563168->341608->341553
rl_signal_attention,od1_sinnonhyeon_suseo,long,peak,8.0,11,516.8807,361.1028,155.778,387.9302,356.0946,2809.6,8,False,24,3,6,15,342695->342700->343100->342865->340641->340704->341588->341785->342116->341788->341787->563170->341731->341603->341729->341598->342684->341601->646355->341593->344353->342694->563168->341608->341553
rl_signal_attention,od1_sinnonhyeon_suseo,long,peak,8.0,12,511.271,351.357,159.9139,382.1867,365.5491,2811.0,8,False,21,4,7,10,342695->342700->343100->342865->342652->342116->341788->341787->563170->341731->341603->341729->341598->342684->341601->646355->341593->344353->342694->563168->341608->341553
rl_signal_attention,od1_sinnonhyeon_suseo,long,peak,8.0,13,511.2653,366.8493,144.416,422.8309,330.1222,2809.6,8,False,24,3,6,15,342695->342700->343100->342865->340641->340704->341588->341785->342116->341788->341787->563170->341731->341603->341729->341598->342684->341601->646355->341593->344353->342694->563168->341608->341553
rl_signal_attention,od1_sinnonhyeon_suseo,long,peak,8.0,14,506.1449,386.7246,119.4203,489.3296,272.9841,2632.3,7,False,24,2,5,17,342695->342700->343100->342865->342652->342116->341788->341787->563170->341731->341603->341729->341598->343105->341906->341605->341595->343103->341778->341593->344353->342694->563168->341608->341553
rl_signal_attention,od1_sinnonhyeon_suseo,long,peak,8.0,15,760.7817,524.6477,236.1341,544.7611,539.7815,3743.2,11,False,37,7,11,19,342695->342696->342695->342700->343100->342865->340641->340704->341588->341785->342116->341788->341787->563170->341731->341603->563167->342692->343706->563224->563225->563226->563224->343706->342692->563167->341603->341729->341598->342684->341601->646355->341593->344353->342694->563168->341608->341553
rl_signal_attention,od1_sinnonhyeon_suseo,long,peak,8.0,16,515.5107,359.8807,155.63,396.3423,355.7564,2630.9,10,False,27,1,4,22,342695->342700->343100->342865->340641->340704->341588->341785->342116->341788->341787->563170->341731->341603->341729->341598->343105->341906->341605->341595->343103->341778->341593->344353->342694->563168->341608->341553
rl_signal_attention,od1_sinnonhyeon_suseo,long,peak,8.0,17,506.3655,369.4248,136.9407,439.093,313.0342,2809.6,8,False,24,3,6,15,342695->342700->343100->342865->340641->340704->341588->341785->342116->341788->341787->563170->341731->341603->341729->341598->342684->341601->646355->341593->344353->342694->563168->341608->341553
rl_signal_attention,od1_sinnonhyeon_suseo,long,peak,8.0,18,506.1056,351.225,154.8806,395.8974,354.0434,2809.6,9,False,24,3,6,15,342695->342700->343100->342865->340641->340704->341588->341785->342116->341788->341787->563170->341731->341603->341729->341598->342684->341601->646355->341593->344353->342694->563168->341608->341553
rl_signal_attention,od1_sinnonhyeon_suseo,long,peak,8.0,19,519.1096,365.8308,153.2788,402.35,350.3817,2632.3,9,False,24,2,5,17,342695->342700->343100->342865->342652->342116->341788->341787->563170->341731->341603->341729->341598->343105->341906->341605->341595->343103->341778->341593->344353->342694->563168->341608->341553
rl_signal_attention,od1_sinnonhyeon_suseo,long,peak,8.0,20,516.8929,387.1375,129.7554,455.212,296.6094,2809.6,7,False,24,3,6,15,342695->342700->343100->342865->340641->340704->341588->341785->342116->341788->341787->563170->341731->341603->341729->341598->342684->341601->646355->341593->344353->342694->563168->341608->341553
rl_signal_attention,od1_sinnonhyeon_suseo,long,peak,8.0,21,2503.573,1752.649,750.924,1873.0601,1716.5457,13610.8,33,True,114,12,21,81,342695->342700->343100->342865->340641->340704->341588->341785->342116->341788->341787->563170->341731->341603->341730->646623->341984->341732->342691->341733->341602->338230->339134->339069->338253->613767->339070->339068->339070->339292->562936->562935->562936->338139->339072->339904->339071->339904->339072->338139->562936->339292->339070->613767->338253->613768->338803->338267->340192->338229->340484->339098->342073->342687->341600->342685->341607->344213->343102->341557->342643->341555->341556->342153->343109->613772->613773->339003->339662->341549->342639->341564->342645->341559->341985->341569->341737->342641->341775->343989->341774->341547->563166->341548->340707->343666->343075->341543->588052->341499->344500->342607->587988->342821->343267->343341->343340->341501->343078->647029->647031->647028->647033->342043->338909->338898->338897->340035->338396->338400->338399->338391->338773->613666->613667
rl_signal_attention,od1_sinnonhyeon_suseo,long,peak,8.0,22,508.7457,358.1684,150.5773,416.2582,344.2063,2811.0,8,False,21,4,7,10,342695->342700->343100->342865->342652->342116->341788->341787->563170->341731->341603->341729->341598->342684->341601->646355->341593->344353->342694->563168->341608->341553
rl_signal_attention,od1_sinnonhyeon_suseo,long,peak,8.0,23,778.5756,560.5855,217.99,587.4136,498.3058,3942.9,14,False,46,5,16,25,342695->342700->343100->342865->340641->340704->341588->341785->342116->341788->341787->563170->341731->341603->341729->341598->341596->341597->563098->646872->563098->342151->563301->563300->563301->342151->563098->646872->563098->342151->563301->563300->563301->341593->646355->341601->343104->341594->341595->343103->341778->341593->344353->342694->563168->341608->341553
rl_signal_attention,od1_sinnonhyeon_suseo,long,peak,8.0,24,508.5114,380.7391,127.7724,458.2702,292.0763,2809.6,6,False,24,3,6,15,342695->342700->343100->342865->340641->340704->341588->341785->342116->341788->341787->563170->341731->341603->341729->341598->342684->341601->646355->341593->344353->342694->563168->341608->341553
rl_signal_attention,od1_sinnonhyeon_suseo,long,peak,8.0,25,710.8271,486.317,224.5102,573.8894,513.2103,3409.3,13,False,36,4,10,22,342695->342700->343100->342865->340641->340704->341588->341785->342116->341788->341787->563170->341731->341603->341729->341598->342684->341601->646355->341593->563301->563300->563301->341593->646355->341601->343104->341594->341595->343103->341778->341593->344353->342694->563168->341608->341553
rl_signal_attention,od1_sinnonhyeon_suseo,long,peak,8.0,26,503.4879,365.2466,138.2413,448.1297,316.0073,2630.9,9,False,27,1,4,22,342695->342700->343100->342865->340641->340704->341588->341785->342116->341788->341787->563170->341731->341603->341729->341598->343105->341906->341605->341595->343103->341778->341593->344353->342694->563168->341608->341553
rl_signal_attention,od1_sinnonhyeon_suseo,long,peak,8.0,27,517.4725,371.8791,145.5934,412.902,332.8135,2809.6,8,False,24,3,6,15,342695->342700->343100->342865->340641->340704->341588->341785->342116->341788->341787->563170->341731->341603->341729->341598->342684->341601->646355->341593->344353->342694->563168->341608->341553
rl_signal_attention,od1_sinnonhyeon_suseo,long,peak,8.0,28,2115.7025,1525.0715,590.631,1549.7297,1350.13,12564.1,20,True,80,6,15,59,342695->342696->342695->342699->342697->342699->342695->342700->343100->342865->340641->340704->341588->343777->340703->342671->342674->342675->342678->342667->342662->342682->340582->343656->342632->340699->342634->341794->341587->341793->342664->341792->341581->342667->342662->342682->340582->343656->343655->343656->342632->343072->341795->341544->341796->343669->341798->342622->341797->341771->341545->340698->341540->340697->343457->341546->343780->342515->342812->343038->342776->342775->342773->341271->341491->342050->647032->647028->647033->342043->338909->338898->338897->340035->338396->338400->338399->338391->338773->613666->613667
rl_signal_attention,od1_sinnonhyeon_suseo,long,peak,8.0,29,515.1654,358.3168,156.8486,388.4834,358.542,2809.6,9,False,24,3,6,15,342695->342700->343100->342865->340641->340704->341588->341785->342116->341788->341787->563170->341731->341603->341729->341598->342684->341601->646355->341593->344353->342694->563168->341608->341553
rl_signal_attention,od1_sinnonhyeon_suseo,long,peak,8.0,30,695.9729,473.5294,222.4435,577.3849,508.4861,3410.7,11,False,33,5,11,17,342695->342700->343100->342865->342652->342116->341788->341787->563170->341731->341603->341729->341598->342684->341601->646355->341593->563301->563300->563301->341593->646355->341601->343104->341594->341595->343103->341778->341593->344353->342694->563168->341608->341553
