model,route,route_type,time_slot,start_hour,rep,fuel_total,fuel_drive,fuel_idle,travel_time,wait_time,distance,wait_count,reached,steps,n_left,n_right,n_straight,path
shortest_dijkstra,od1_sinnonhyeon_suseo,long,off_peak,7.0,1,1579.6018,1162.0729,417.5288,1081.0165,954.4339,9210.2,16,True,80,2,5,73,342695->342700->343100->342865->340641->340704->341588->343777->340703->342671->340702->341790->341589->340701->563070->340700->341581->341792->342664->341793->341587->341794->342634->340699->342632->343072->341795->341544->341796->343669->341798->342622->341797->341771->341545->341772->646612->341541->340708->646354->342633->342626->344210->341542->341773->341547->563166->341548->340707->343666->343075->341543->588052->341499->344500->342607->587988->342821->341768->646932->341500->341501->343078->647029->647031->647028->647033->342043->338909->338898->338897->340035->338396->338397->338402->338405->338404->338391->338773->613666->613667
shortest_dijkstra,od1_sinnonhyeon_suseo,long,off_peak,7.0,2,1533.4147,1190.6327,342.782,1077.5294,783.5692,9210.2,14,True,80,2,5,73,342695->342700->343100->342865->340641->340704->341588->343777->340703->342671->340702->341790->341589->340701->563070->340700->341581->341792->342664->341793->341587->341794->342634->340699->342632->343072->341795->341544->341796->343669->341798->342622->341797->341771->341545->341772->646612->341541->340708->646354->342633->342626->344210->341542->341773->341547->563166->341548->340707->343666->343075->341543->588052->341499->344500->342607->587988->342821->341768->646932->341500->341501->343078->647029->647031->647028->647033->342043->338909->338898->338897->340035->338396->338397->338402->338405->338404->338391->338773->613666->613667
shortest_dijkstra,od1_sinnonhyeon_suseo,long,off_peak,7.0,3,1496.9425,1150.3828,346.5597,1044.2702,792.2046,9210.2,14,True,80,2,5,73,342695->342700->343100->342865->340641->340704->341588->343777->340703->342671->340702->341790->341589->340701->563070->340700->341581->341792->342664->341793->341587->341794->342634->340699->342632->343072->341795->341544->341796->343669->341798->342622->341797->341771->341545->341772->646612->341541->340708->646354->342633->342626->344210->341542->341773->341547->563166->341548->340707->343666->343075->341543->588052->341499->344500->342607->587988->342821->341768->646932->341500->341501->343078->647029->647031->647028->647033->342043->338909->338898->338897->340035->338396->338397->338402->338405->338404->338391->338773->613666->613667
shortest_dijkstra,od1_sinnonhyeon_suseo,long,off_peak,7.0,4,1627.951,1228.913,399.038,1122.8647,912.1654,9210.2,15,True,80,2,5,73,342695->342700->343100->342865->340641->340704->341588->343777->340703->342671->340702->341790->341589->340701->563070->340700->341581->341792->342664->341793->341587->341794->342634->340699->342632->343072->341795->341544->341796->343669->341798->342622->341797->341771->341545->341772->646612->341541->340708->646354->342633->342626->344210->341542->341773->341547->563166->341548->340707->343666->343075->341543->588052->341499->344500->342607->587988->342821->341768->646932->341500->341501->343078->647029->647031->647028->647033->342043->338909->338898->338897->340035->338396->338397->338402->338405->338404->338391->338773->613666->613667
shortest_dijkstra,od1_sinnonhyeon_suseo,long,off_peak,7.0,5,1487.8556,1145.8494,342.0062,1053.7182,781.7958,9210.2,15,True,80,2,5,73,342695->342700->343100->342865->340641->340704->341588->343777->340703->342671->340702->341790->341589->340701->563070->340700->341581->341792->342664->341793->341587->341794->342634->340699->342632->343072->341795->341544->341796->343669->341798->342622->341797->341771->341545->341772->646612->341541->340708->646354->342633->342626->344210->341542->341773->341547->563166->341548->340707->343666->343075->341543->588052->341499->344500->342607->587988->342821->341768->646932->341500->341501->343078->647029->647031->647028->647033->342043->338909->338898->338897->340035->338396->338397->338402->338405->338404->338391->338773->613666->613667
shortest_dijkstra,od1_sinnonhyeon_suseo,long,off_peak,7.0,6,1498.8366,1180.1695,318.6671,1175.0006,728.4447,9210.2,14,True,80,2,5,73,342695->342700->343100->342865->340641->340704->341588->343777->340703->342671->340702->341790->341589->340701->563070->340700->341581->341792->342664->341793->341587->341794->342634->340699->342632->343072->341795->341544->341796->343669->341798->342622->341797->341771->341545->341772->646612->341541->340708->646354->342633->342626->344210->341542->341773->341547->563166->341548->340707->343666->343075->341543->588052->341499->344500->342607->587988->342821->341768->646932->341500->341501->343078->647029->647031->647028->647033->342043->338909->338898->338897->340035->338396->338397->338402->338405->338404->338391->338773->613666->613667
shortest_dijkstra,od1_sinnonhyeon_suseo,long,off_peak,7.0,7,1544.1536,1191.6429,352.5107,1069.11,805.8082,9210.2,14,True,80,2,5,73,342695->342700->343100->342865->340641->340704->341588->343777->340703->342671->340702->341790->341589->340701->563070->340700->341581->341792->342664->341793->341587->341794->342634->340699->342632->343072->341795->341544->341796->343669->341798->342622->341797->341771->341545->341772->646612->341541->340708->646354->342633->342626->344210->341542->341773->341547->563166->341548->340707->343666->343075->341543->588052->341499->344500->342607->587988->342821->341768->646932->341500->341501->343078->647029->647031->647028->647033->342043->338909->338898->338897->340035->338396->338397->338402->338405->338404->338391->338773->613666->613667
shortest_dijkstra,od1_sinnonhyeon_suseo,long,off_peak,7.0,8,1529.9097,1166.2116,363.6981,1006.2133,831.3815,9210.2,15,True,80,2,5,73,342695->342700->343100->342865->340641->340704->341588->343777->340703->342671->340702->341790->341589->340701->563070->340700->341581->341792->342664->341793->341587->341794->342634->340699->342632->343072->341795->341544->341796->343669->341798->342622->341797->341771->341545->341772->646612->341541->340708->646354->342633->342626->344210->341542->341773->341547->563166->341548->340707->343666->343075->341543->588052->341499->344500->342607->587988->342821->341768->646932->341500->341501->343078->647029->647031->647028->647033->342043->338909->338898->338897->340035->338396->338397->338402->338405->338404->338391->338773->613666->613667
shortest_dijkstra,od1_sinnonhyeon_suseo,long,off_peak,7.0,9,1511.981,1160.1402,351.8408,1053.1641,804.2768,9210.2,15,True,80,2,5,73,342695->342700->343100->342865->340641->340704->341588->343777->340703->342671->340702->341790->341589->340701->563070->340700->341581->341792->342664->341793->341587->341794->342634->340699->342632->343072->341795->341544->341796->343669->341798->342622->341797->341771->341545->341772->646612->341541->340708->646354->342633->342626->344210->341542->341773->341547->563166->341548->340707->343666->343075->341543->588052->341499->344500->342607->587988->342821->341768->646932->341500->341501->343078->647029->647031->647028->647033->342043->338909->338898->338897->340035->338396->338397->338402->338405->338404->338391->338773->613666->613667
shortest_dijkstra,od1_sinnonhyeon_suseo,long,off_peak,7.0,10,1478.2244,1131.9844,346.24,1074.5999,791.4739,9210.2,15,True,80,2,5,73,342695->342700->343100->342865->340641->340704->341588->343777->340703->342671->340702->341790->341589->340701->563070->340700->341581->341792->342664->341793->341587->341794->342634->340699->342632->343072->341795->341544->341796->343669->341798->342622->341797->341771->341545->341772->646612->341541->340708->646354->342633->342626->344210->341542->341773->341547->563166->341548->340707->343666->343075->341543->588052->341499->344500->342607->587988->342821->341768->646932->341500->341501->343078->647029->647031->647028->647033->342043->338909->338898->338897->340035->338396->338397->338402->338405->338404->338391->338773->613666->613667
shortest_dijkstra,od1_sinnonhyeon_suseo,long,off_peak,7.0,11,1497.9375,1169.1892,328.7483,1072.0945,751.4894,9210.2,14,True,80,2,5,73,342695->342700->343100->342865->340641->340704->341588->343777->340703->342671->340702->341790->341589->340701->563070->340700->341581->341792->342664->341793->341587->341794->342634->340699->342632->343072->341795->341544->341796->343669->341798->342622->341797->341771->341545->341772->646612->341541->340708->646354->342633->342626->344210->341542->341773->341547->563166->341548->340707->343666->343075->341543->588052->341499->344500->342607->587988->342821->341768->646932->341500->341501->343078->647029->647031->647028->647033->342043->338909->338898->338897->340035->338396->338397->338402->338405->338404->338391->338773->613666->613667
shortest_dijkstra,od1_sinnonhyeon_suseo,long,off_peak,7.0,12,1524.2345,1176.741,347.4936,1092.466,794.3394,9210.2,15,True,80,2,5,73,342695->342700->343100->342865->340641->340704->341588->343777->340703->342671->340702->341790->341589->340701->563070->340700->341581->341792->342664->341793->341587->341794->342634->340699->342632->343072->341795->341544->341796->343669->341798->342622->341797->341771->341545->341772->646612->341541->340708->646354->342633->342626->344210->341542->341773->341547->563166->341548->340707->343666->343075->341543->588052->341499->344500->342607->587988->342821->341768->646932->341500->341501->343078->647029->647031->647028->647033->342043->338909->338898->338897->340035->338396->338397->338402->338405->338404->338391->338773->613666->613667
shortest_dijkstra,od1_sinnonhyeon_suseo,long,off_peak,7.0,13,1552.7552,1224.0901,328.6651,1015.8883,751.2992,9210.2,14,True,80,2,5,73,342695->342700->343100->342865->340641->340704->341588->343777->340703->342671->340702->341790->341589->340701->563070->340700->341581->341792->342664->341793->341587->341794->342634->340699->342632->343072->341795->341544->341796->343669->341798->342622->341797->341771->341545->341772->646612->341541->340708->646354->342633->342626->344210->341542->341773->341547->563166->341548->340707->343666->343075->341543->588052->341499->344500->342607->587988->342821->341768->646932->341500->341501->343078->647029->647031->647028->647033->342043->338909->338898->338897->340035->338396->338397->338402->338405->338404->338391->338773->613666->613667
shortest_dijkstra,od1_sinnonhyeon_suseo,long,off_peak,7.0,14,1502.3556,1155.0955,347.2601,1059.4677,793.8057,9210.2,14,True,80,2,5,73,342695->342700->343100->342865->340641->340704->341588->343777->340703->342671->340702->341790->341589->340701->563070->340700->341581->341792->342664->341793->341587->341794->342634->340699->342632->343072->341795->341544->341796->343669->341798->342622->341797->341771->341545->341772->646612->341541->340708->646354->342633->342626->344210->341542->341773->341547->563166->341548->340707->343666->343075->341543->588052->341499->344500->342607->587988->342821->341768->646932->341500->341501->343078->647029->647031->647028->647033->342043->338909->338898->338897->340035->338396->338397->338402->338405->338404->338391->338773->613666->613667
shortest_dijkstra,od1_sinnonhyeon_suseo,long,off_peak,7.0,15,1549.0707,1252.2616,296.8091,1159.728,678.4793,9210.2,12,True,80,2,5,73,342695->342700->343100->342865->340641->340704->341588->343777->340703->342671->340702->341790->341589->340701->563070->340700->341581->341792->342664->341793->341587->341794->342634->340699->342632->343072->341795->341544->341796->343669->341798->342622->341797->341771->341545->341772->646612->341541->340708->646354->342633->342626->344210->341542->341773->341547->563166->341548->340707->343666->343075->341543->588052->341499->344500->342607->587988->342821->341768->646932->341500->341501->343078->647029->647031->647028->647033->342043->338909->338898->338897->340035->338396->338397->338402->338405->338404->338391->338773->613666->613667
shortest_dijkstra,od1_sinnonhyeon_suseo,long,off_peak,7.0,16,1489.91,1143.0797,346.8303,1027.0426,792.8233,9210.2,15,True,80,2,5,73,342695->342700->343100->342865->340641->340704->341588->343777->340703->342671->340702->341790->341589->340701->563070->340700->341581->341792->342664->341793->341587->341794->342634->340699->342632->343072->341795->341544->341796->343669->341798->342622->341797->341771->341545->341772->646612->341541->340708->646354->342633->342626->344210->341542->341773->341547->563166->341548->340707->343666->343075->341543->588052->341499->344500->342607->587988->342821->341768->646932->341500->341501->343078->647029->647031->647028->647033->342043->338909->338898->338897->340035->338396->338397->338402->338405->338404->338391->338773->613666->613667
shortest_dijkstra,od1_sinnonhyeon_suseo,long,off_peak,7.0,17,1511.4545,1183.8747,327.5798,1130.8503,748.8184,9210.2,15,True,80,2,5,73,342695->342700->343100->342865->340641->340704->341588->343777->340703->342671->340702->341790->341589->340701->563070->340700->341581->341792->342664->341793->341587->341794->342634->340699->342632->343072->341795->341544->341796->343669->341798->342622->341797->341771->341545->341772->646612->341541->340708->646354->342633->342626->344210->341542->341773->341547->563166->341548->340707->343666->343075->341543->588052->341499->344500->342607->587988->342821->341768->646932->341500->341501->343078->647029->647031->647028->647033->342043->338909->338898->338897->340035->338396->338397->338402->338405->338404->338391->338773->613666->613667
shortest_dijkstra,od1_sinnonhyeon_suseo,long,off_peak,7.0,18,1489.1442,1148.1224,341.0218,1070.7886,779.5456,9210.2,14,True,80,2,5,73,342695->342700->343100->342865->340641->340704->341588->343777->340703->342671->340702->341790->341589->340701->563070->340700->341581->341792->342664->341793->341587->341794->342634->340699->342632->343072->341795->341544->341796->343669->341798->342622->341797->341771->341545->341772->646612->341541->340708->646354->342633->342626->344210->341542->341773->341547->563166->341548->340707->343666->343075->341543->588052->341499->344500->342607->587988->342821->341768->646932->341500->341501->343078->647029->647031->647028->647033->342043->338909->338898->338897->340035->338396->338397->338402->338405->338404->338391->338773->613666->613667
shortest_dijkstra,od1_sinnonhyeon_suseo,long,off_peak,7.0,19,1496.4605,1161.9335,334.527,1142.585,764.699,9210.2,15,True,80,2,5,73,342695->342700->343100->342865->340641->340704->341588->343777->340703->342671->340702->341790->341589->340701->563070->340700->341581->341792->342664->341793->341587->341794->342634->340699->342632->343072->341795->341544->341796->343669->341798->342622->341797->341771->341545->341772->646612->341541->340708->646354->342633->342626->344210->341542->341773->341547->563166->341548->340707->343666->343075->341543->588052->341499->344500->342607->587988->342821->341768->646932->341500->341501->343078->647029->647031->647028->647033->342043->338909->338898->338897->340035->338396->338397->338402->338405->338404->338391->338773->613666->613667
shortest_dijkstra,od1_sinnonhyeon_suseo,long,off_peak,7.0,20,1585.2985,1196.3894,388.9092,1129.4624,889.0118,9210.2,14,True,80,2,5,73,342695->342700->343100->342865->340641->340704->341588->343777->340703->342671->340702->341790->341589->340701->563070->340700->341581->341792->342664->341793->341587->341794->342634->340699->342632->343072->341795->341544->341796->343669->341798->342622->341797->341771->341545->341772->646612->341541->340708->646354->342633->342626->344210->341542->341773->341547->563166->341548->340707->343666->343075->341543->588052->341499->344500->342607->587988->342821->341768->646932->341500->341501->343078->647029->647031->647028->647033->342043->338909->338898->338897->340035->338396->338397->338402->338405->338404->338391->338773->613666->613667
shortest_dijkstra,od1_sinnonhyeon_suseo,long,off_peak,7.0,21,1442.1823,1106.6008,335.5816,1055.1373,767.1097,9210.2,14,True,80,2,5,73,342695->342700->343100->342865->340641->340704->341588->343777->340703->342671->340702->341790->341589->340701->563070->340700->341581->341792->342664->341793->341587->341794->342634->340699->342632->343072->341795->341544->341796->343669->341798->342622->341797->341771->341545->341772->646612->341541->340708->646354->342633->342626->344210->341542->341773->341547->563166->341548->340707->343666->343075->341543->588052->341499->344500->342607->587988->342821->341768->646932->341500->341501->343078->647029->647031->647028->647033->342043->338909->338898->338897->340035->338396->338397->338402->338405->338404->338391->338773->613666->613667
shortest_dijkstra,od1_sinnonhyeon_suseo,long,off_peak,7.0,22,1497.6907,1164.8157,332.8749,1073.6309,760.9225,9210.2,15,True,80,2,5,73,342695->342700->343100->342865->340641->340704->341588->343777->340703->342671->340702->341790->341589->340701->563070->340700->341581->341792->342664->341793->341587->341794->342634->340699->342632->343072->341795->341544->341796->343669->341798->342622->341797->341771->341545->341772->646612->341541->340708->646354->342633->342626->344210->341542->341773->341547->563166->341548->340707->343666->343075->341543->588052->341499->344500->342607->587988->342821->341768->646932->341500->341501->343078->647029->647031->647028->647033->342043->338909->338898->338897->340035->338396->338397->338402->338405->338404->338391->338773->613666->613667
shortest_dijkstra,od1_sinnonhyeon_suseo,long,off_peak,7.0,23,1460.9379,1123.7419,337.1961,1160.5807,770.8003,9210.2,15,True,80,2,5,73,342695->342700->343100->342865->340641->340704->341588->343777->340703->342671->340702->341790->341589->340701->563070->340700->341581->341792->342664->341793->341587->341794->342634->340699->342632->343072->341795->341544->341796->343669->341798->342622->341797->341771->341545->341772->646612->341541->340708->646354->342633->342626->344210->341542->341773->341547->563166->341548->340707->343666->343075->341543->588052->341499->344500->342607->587988->342821->341768->646932->341500->341501->343078->647029->647031->647028->647033->342043->338909->338898->338897->340035->338396->338397->338402->338405->338404->338391->338773->613666->613667
shortest_dijkstra,od1_sinnonhyeon_suseo,long,off_peak,7.0,24,1500.8134,1155.4617,345.3518,1101.3835,789.4435,9210.2,15,True,80,2,5,73,342695->342700->343100->342865->340641->340704->341588->343777->340703->342671->340702->341790->341589->340701->563070->340700->341581->341792->342664->341793->341587->341794->342634->340699->342632->343072->341795->341544->341796->343669->341798->342622->341797->341771->341545->341772->646612->341541->340708->646354->342633->342626->344210->341542->341773->341547->563166->341548->340707->343666->343075->341543->588052->341499->344500->342607->587988->342821->341768->646932->341500->341501->343078->647029->647031->647028->647033->342043->338909->338898->338897->340035->338396->338397->338402->338405->338404->338391->338773->613666->613667
shortest_dijkstra,od1_sinnonhyeon_suseo,long,off_peak,7.0,25,1500.0598,1162.519,337.5408,1070.7099,771.5884,9210.2,15,True,80,2,5,73,342695->342700->343100->342865->340641->340704->341588->343777->340703->342671->340702->341790->341589->340701->563070->340700->341581->341792->342664->341793->341587->341794->342634->340699->342632->343072->341795->341544->341796->343669->341798->342622->341797->341771->341545->341772->646612->341541->340708->646354->342633->342626->344210->341542->341773->341547->563166->341548->340707->343666->343075->341543->588052->341499->344500->342607->587988->342821->341768->646932->341500->341501->343078->647029->647031->647028->647033->342043->338909->338898->338897->340035->338396->338397->338402->338405->338404->338391->338773->613666->613667
shortest_dijkstra,od1_sinnonhyeon_suseo,long,off_peak,7.0,26,1526.8402,1178.2232,348.6171,1066.8808,796.9077,9210.2,14,True,80,2,5,73,342695->342700->343100->342865->340641->340704->341588->343777->340703->342671->340702->341790->341589->340701->563070->340700->341581->341792->342664->341793->341587->341794->342634->340699->342632->343072->341795->341544->341796->343669->341798->342622->341797->341771->341545->341772->646612->341541->340708->646354->342633->342626->344210->341542->341773->341547->563166->341548->340707->343666->343075->341543->588052->341499->344500->342607->587988->342821->341768->646932->341500->341501->343078->647029->647031->647028->647033->342043->338909->338898->338897->340035->338396->338397->338402->338405->338404->338391->338773->613666->613667
shortest_dijkstra,od1_sinnonhyeon_suseo,long,off_peak,7.0,27,1560.4809,1214.0406,346.4403,1051.7179,791.9318,9210.2,14,True,80,2,5,73,342695->342700->343100->342865->340641->340704->341588->343777->340703->342671->340702->341790->341589->340701->563070->340700->341581->341792->342664->341793->341587->341794->342634->340699->342632->343072->341795->341544->341796->343669->341798->342622->341797->341771->341545->341772->646612->341541->340708->646354->342633->342626->344210->341542->341773->341547->563166->341548->340707->343666->343075->341543->588052->341499->344500->342607->587988->342821->341768->646932->341500->341501->343078->647029->647031->647028->647033->342043->338909->338898->338897->340035->338396->338397->338402->338405->338404->338391->338773->613666->613667
shortest_dijkstra,od1_sinnonhyeon_suseo,long,off_peak,7.0,28,1524.0027,1175.1808,348.8219,1130.5355,797.3758,9210.2,15,True,80,2,5,73,342695->342700->343100->342865->340641->340704->341588->343777->340703->342671->340702->341790->341589->340701->563070->340700->341581->341792->342664->341793->341587->341794->342634->340699->342632->343072->341795->341544->341796->343669->341798->342622->341797->341771->341545->341772->646612->341541->340708->646354->342633->342626->344210->341542->341773->341547->563166->341548->340707->343666->343075->341543->588052->341499->344500->342607->587988->342821->341768->646932->341500->341501->343078->647029->647031->647028->647033->342043->338909->338898->338897->340035->338396->338397->338402->338405->338404->338391->338773->613666->613667
shortest_dijkstra,od1_sinnonhyeon_suseo,long,off_peak,7.0,29,1513.2942,1159.6181,353.676,1066.0671,808.472,9210.2,15,True,80,2,5,73,342695->342700->343100->342865->340641->340704->341588->343777->340703->342671->340702->341790->341589->340701->563070->340700->341581->341792->342664->341793->341587->341794->342634->340699->342632->343072->341795->341544->341796->343669->341798->342622->341797->341771->341545->341772->646612->341541->340708->646354->342633->342626->344210->341542->341773->341547->563166->341548->340707->343666->343075->341543->588052->341499->344500->342607->587988->342821->341768->646932->341500->341501->343078->647029->647031->647028->647033->342043->338909->338898->338897->340035->338396->338397->338402->338405->338404->338391->338773->613666->613667
shortest_dijkstra,od1_sinnonhyeon_suseo,long,off_peak,7.0,30,1471.0382,1134.8183,336.2199,1097.1171,768.5689,9210.2,14,True,80,2,5,73,342695->342700->343100->342865->340641->340704->341588->343777->340703->342671->340702->341790->341589->340701->563070->340700->341581->341792->342664->341793->341587->341794->342634->340699->342632->343072->341795->341544->341796->343669->341798->342622->341797->341771->341545->341772->646612->341541->340708->646354->342633->342626->344210->341542->341773->341547->563166->341548->340707->343666->343075->341543->588052->341499->344500->342607->587988->342821->341768->646932->341500->341501->343078->647029->647031->647028->647033->342043->338909->338898->338897->340035->338396->338397->338402->338405->338404->338391->338773->613666->613667
shortest_dijkstra,od1_sinnonhyeon_suseo,long,peak,8.0,1,1751.8233,1203.4026,548.4207,1237.2543,1253.6411,9210.2,19,True,80,2,5,73,342695->342700->343100->342865->340641->340704->341588->343777->340703->342671->340702->341790->341589->340701->563070->340700->341581->341792->342664->341793->341587->341794->342634->340699->342632->343072->341795->341544->341796->343669->341798->342622->341797->341771->341545->341772->646612->341541->340708->646354->342633->342626->344210->341542->341773->341547->563166->341548->340707->343666->343075->341543->588052->341499->344500->342607->587988->342821->341768->646932->341500->341501->343078->647029->647031->647028->647033->342043->338909->338898->338897->340035->338396->338397->338402->338405->338404->338391->338773->613666->613667
shortest_dijkstra,od1_sinnonhyeon_suseo,long,peak,8.0,2,1614.6052,1139.1376,475.4676,1213.8374,1086.8767,9210.2,18,True,80,2,5,73,342695->342700->343100->342865->340641->340704->341588->343777->340703->342671->340702->341790->341589->340701->563070->340700->341581->341792->342664->341793->341587->341794->342634->340699->342632->343072->341795->341544->341796->343669->341798->342622->341797->341771->341545->341772->646612->341541->340708->646354->342633->342626->344210->341542->341773->341547->563166->341548->340707->343666->343075->341543->588052->341499->344500->342607->587988->342821->341768->646932->341500->341501->343078->647029->647031->647028->647033->342043->338909->338898->338897->340035->338396->338397->338402->338405->338404->338391->338773->613666->613667
shortest_dijkstra,od1_sinnonhyeon_suseo,long,peak,8.0,3,1760.1036,1209.4825,550.6211,1157.5992,1258.671,9210.2,19,True,80,2,5,73,342695->342700->343100->342865->340641->340704->341588->343777->340703->342671->340702->341790->341589->340701->563070->340700->341581->341792->342664->341793->341587->341794->342634->340699->342632->343072->341795->341544->341796->343669->341798->342622->341797->341771->341545->341772->646612->341541->340708->646354->342633->342626->344210->341542->341773->341547->563166->341548->340707->343666->343075->341543->588052->341499->344500->342607->587988->342821->341768->646932->341500->341501->343078->647029->647031->647028->647033->342043->338909->338898->338897->340035->338396->338397->338402->338405->338404->338391->338773->613666->613667
shortest_dijkstra,od1_sinnonhyeon_suseo,long,peak,8.0,4,1782.6228,1238.5966,544.0262,1229.7903,1243.5956,9210.2,18,True,80,2,5,73,342695->342700->343100->342865->340641->340704->341588->343777->340703->342671->340702->341790->341589->340701->563070->340700->341581->341792->342664->341793->341587->341794->342634->340699->342632->343072->341795->341544->341796->343669->341798->342622->341797->341771->341545->341772->646612->341541->340708->646354->342633->342626->344210->341542->341773->341547->563166->341548->340707->343666->343075->341543->588052->341499->344500->342607->587988->342821->341768->646932->341500->341501->343078->647029->647031->647028->647033->342043->338909->338898->338897->340035->338396->338397->338402->338405->338404->338391->338773->613666->613667
shortest_dijkstra,od1_sinnonhyeon_suseo,long,peak,8.0,5,1675.0977,1208.9635,466.1342,1225.4348,1065.5413,9210.2,18,True,80,2,5,73,342695->342700->343100->342865->340641->340704->341588->343777->340703->342671->340702->341790->341589->340701->563070->340700->341581->341792->342664->341793->341587->341794->342634->340699->342632->343072->341795->341544->341796->343669->341798->342622->341797->341771->341545->341772->646612->341541->340708->646354->342633->342626->344210->341542->341773->341547->563166->341548->340707->343666->343075->341543->588052->341499->344500->342607->587988->342821->341768->646932->341500->341501->343078->647029->647031->647028->647033->342043->338909->338898->338897->340035->338396->338397->338402->338405->338404->338391->338773->613666->613667
shortest_dijkstra,od1_sinnonhyeon_suseo,long,peak,8.0,6,1669.6428,1206.7015,462.9413,1248.1219,1058.2427,9210.2,16,True,80,2,5,73,342695->342700->343100->342865->340641->340704->341588->343777->340703->342671->340702->341790->341589->340701->563070->340700->341581->341792->342664->341793->341587->341794->342634->340699->342632->343072->341795->341544->341796->343669->341798->342622->341797->341771->341545->341772->646612->341541->340708->646354->342633->342626->344210->341542->341773->341547->563166->341548->340707->343666->343075->341543->588052->341499->344500->342607->587988->342821->341768->646932->341500->341501->343078->647029->647031->647028->647033->342043->338909->338898->338897->340035->338396->338397->338402->338405->338404->338391->338773->613666->613667
shortest_dijkstra,od1_sinnonhyeon_suseo,long,peak,8.0,7,1737.6791,1207.7683,529.9108,1239.3387,1211.3291,9210.2,19,True,80,2,5,73,342695->342700->343100->342865->340641->340704->341588->343777->340703->342671->340702->341790->341589->340701->563070->340700->341581->341792->342664->341793->341587->341794->342634->340699->342632->343072->341795->341544->341796->343669->341798->342622->341797->341771->341545->341772->646612->341541->340708->646354->342633->342626->344210->341542->341773->341547->563166->341548->340707->343666->343075->341543->588052->341499->344500->342607->587988->342821->341768->646932->341500->341501->343078->647029->647031->647028->647033->342043->338909->338898->338897->340035->338396->338397->338402->338405->338404->338391->338773->613666->613667
shortest_dijkstra,od1_sinnonhyeon_suseo,long,peak,8.0,8,1770.1259,1216.8672,553.2587,1255.3118,1264.7002,9210.2,19,True,80,2,5,73,342695->342700->343100->342865->340641->340704->341588->343777->340703->342671->340702->341790->341589->340701->563070->340700->341581->341792->342664->341793->341587->341794->342634->340699->342632->343072->341795->341544->341796->343669->341798->342622->341797->341771->341545->341772->646612->341541->340708->646354->342633->342626->344210->341542->341773->341547->563166->341548->340707->343666->343075->341543->588052->341499->344500->342607->587988->342821->341768->646932->341500->341501->343078->647029->647031->647028->647033->342043->338909->338898->338897->340035->338396->338397->338402->338405->338404->338391->338773->613666->613667
shortest_dijkstra,od1_sinnonhyeon_suseo,long,peak,8.0,9,1759.6232,1235.7416,523.8816,1234.9502,1197.5468,9210.2,18,True,80,2,5,73,342695->342700->343100->342865->340641->340704->341588->343777->340703->342671->340702->341790->341589->340701->563070->340700->341581->341792->342664->341793->341587->341794->342634->340699->342632->343072->341795->341544->341796->343669->341798->342622->341797->341771->341545->341772->646612->341541->340708->646354->342633->342626->344210->341542->341773->341547->563166->341548->340707->343666->343075->341543->588052->341499->344500->342607->587988->342821->341768->646932->341500->341501->343078->647029->647031->647028->647033->342043->338909->338898->338897->340035->338396->338397->338402->338405->338404->338391->338773->613666->613667
shortest_dijkstra,od1_sinnonhyeon_suseo,long,peak,8.0,10,1775.3493,1227.9081,547.4412,1286.9623,1251.402,9210.2,19,True,80,2,5,73,342695->342700->343100->342865->340641->340704->341588->343777->340703->342671->340702->341790->341589->340701->563070->340700->341581->341792->342664->341793->341587->341794->342634->340699->342632->343072->341795->341544->341796->343669->341798->342622->341797->341771->341545->341772->646612->341541->340708->646354->342633->342626->344210->341542->341773->341547->563166->341548->340707->343666->343075->341543->588052->341499->344500->342607->587988->342821->341768->646932->341500->341501->343078->647029->647031->647028->647033->342043->338909->338898->338897->340035->338396->338397->338402->338405->338404->338391->338773->613666->613667
shortest_dijkstra,od1_sinnonhyeon_suseo,long,peak,8.0,11,1669.7036,1197.8572,471.8464,1228.2902,1078.5991,9210.2,17,True,80,2,5,73,342695->342700->343100->342865->340641->340704->341588->343777->340703->342671->340702->341790->341589->340701->563070->340700->341581->341792->342664->341793->341587->341794->342634->340699->342632->343072->341795->341544->341796->343669->341798->342622->341797->341771->341545->341772->646612->341541->340708->646354->342633->342626->344210->341542->341773->341547->563166->341548->340707->343666->343075->341543->588052->341499->344500->342607->587988->342821->341768->646932->341500->341501->343078->647029->647031->647028->647033->342043->338909->338898->338897->340035->338396->338397->338402->338405->338404->338391->338773->613666->613667
shortest_dijkstra,od1_sinnonhyeon_suseo,long,peak,8.0,12,1701.0143,1236.3562,464.658,1193.2904,1062.167,9210.2,16,True,80,2,5,73,342695->342700->343100->342865->340641->340704->341588->343777->340703->342671->340702->341790->341589->340701->563070->340700->341581->341792->342664->341793->341587->341794->342634->340699->342632->343072->341795->341544->341796->343669->341798->342622->341797->341771->341545->341772->646612->341541->340708->646354->342633->342626->344210->341542->341773->341547->563166->341548->340707->343666->343075->341543->588052->341499->344500->342607->587988->342821->341768->646932->341500->341501->343078->647029->647031->647028->647033->342043->338909->338898->338897->340035->338396->338397->338402->338405->338404->338391->338773->613666->613667
shortest_dijkstra,od1_sinnonhyeon_suseo,long,peak,8.0,13,1659.7421,1190.4228,469.3193,1264.8136,1072.8223,9210.2,18,True,80,2,5,73,342695->342700->343100->342865->340641->340704->341588->343777->340703->342671->340702->341790->341589->340701->563070->340700->341581->341792->342664->341793->341587->341794->342634->340699->342632->343072->341795->341544->341796->343669->341798->342622->341797->341771->341545->341772->646612->341541->340708->646354->342633->342626->344210->341542->341773->341547->563166->341548->340707->343666->343075->341543->588052->341499->344500->342607->587988->342821->341768->646932->341500->341501->343078->647029->647031->647028->647033->342043->338909->338898->338897->340035->338396->338397->338402->338405->338404->338391->338773->613666->613667
shortest_dijkstra,od1_sinnonhyeon_suseo,long,peak,8.0,14,1633.1627,1168.0067,465.156,1225.6494,1063.3053,9210.2,17,True,80,2,5,73,342695->342700->343100->342865->340641->340704->341588->343777->340703->342671->340702->341790->341589->340701->563070->340700->341581->341792->342664->341793->341587->341794->342634->340699->342632->343072->341795->341544->341796->343669->341798->342622->341797->341771->341545->341772->646612->341541->340708->646354->342633->342626->344210->341542->341773->341547->563166->341548->340707->343666->343075->341543->588052->341499->344500->342607->587988->342821->341768->646932->341500->341501->343078->647029->647031->647028->647033->342043->338909->338898->338897->340035->338396->338397->338402->338405->338404->338391->338773->613666->613667
shortest_dijkstra,od1_sinnonhyeon_suseo,long,peak,8.0,15,1791.6691,1240.5732,551.0959,1305.5592,1259.7562,9210.2,19,True,80,2,5,73,342695->342700->343100->342865->340641->340704->341588->343777->340703->342671->340702->341790->341589->340701->563070->340700->341581->341792->342664->341793->341587->341794->342634->340699->342632->343072->341795->341544->341796->343669->341798->342622->341797->341771->341545->341772->646612->341541->340708->646354->342633->342626->344210->341542->341773->341547->563166->341548->340707->343666->343075->341543->588052->341499->344500->342607->587988->342821->341768->646932->341500->341501->343078->647029->647031->647028->647033->342043->338909->338898->338897->340035->338396->338397->338402->338405->338404->338391->338773->613666->613667
shortest_dijkstra,od1_sinnonhyeon_suseo,long,peak,8.0,16,1693.3619,1203.3975,489.9644,1169.401,1120.0151,9210.2,18,True,80,2,5,73,342695->342700->343100->342865->340641->340704->341588->343777->340703->342671->340702->341790->341589->340701->563070->340700->341581->341792->342664->341793->341587->341794->342634->340699->342632->343072->341795->341544->341796->343669->341798->342622->341797->341771->341545->341772->646612->341541->340708->646354->342633->342626->344210->341542->341773->341547->563166->341548->340707->343666->343075->341543->588052->341499->344500->342607->587988->342821->341768->646932->341500->341501->343078->647029->647031->647028->647033->342043->338909->338898->338897->340035->338396->338397->338402->338405->338404->338391->338773->613666->613667
shortest_dijkstra,od1_sinnonhyeon_suseo,long,peak,8.0,17,1735.7992,1178.2699,557.5293,1149.1943,1274.4625,9210.2,19,True,80,2,5,73,342695->342700->343100->342865->340641->340704->341588->343777->340703->342671->340702->341790->341589->340701->563070->340700->341581->341792->342664->341793->341587->341794->342634->340699->342632->343072->341795->341544->341796->343669->341798->342622->341797->341771->341545->341772->646612->341541->340708->646354->342633->342626->344210->341542->341773->341547->563166->341548->340707->343666->343075->341543->588052->341499->344500->342607->587988->342821->341768->646932->341500->341501->343078->647029->647031->647028->647033->342043->338909->338898->338897->340035->338396->338397->338402->338405->338404->338391->338773->613666->613667
shortest_dijkstra,od1_sinnonhyeon_suseo,long,peak,8.0,18,1652.9996,1198.0569,454.9428,1259.5038,1039.9588,9210.2,17,True,80,2,5,73,342695->342700->343100->342865->340641->340704->341588->343777->340703->342671->340702->341790->341589->340701->563070->340700->341581->341792->342664->341793->341587->341794->342634->340699->342632->343072->341795->341544->341796->343669->341798->342622->341797->341771->341545->341772->646612->341541->340708->646354->342633->342626->344210->341542->341773->341547->563166->341548->340707->343666->343075->341543->588052->341499->344500->342607->587988->342821->341768->646932->341500->341501->343078->647029->647031->647028->647033->342043->338909->338898->338897->340035->338396->338397->338402->338405->338404->338391->338773->613666->613667
shortest_dijkstra,od1_sinnonhyeon_suseo,long,peak,8.0,19,1723.6619,1154.1696,569.4923,1141.3766,1301.8089,9210.2,19,True,80,2,5,73,342695->342700->343100->342865->340641->340704->341588->343777->340703->342671->340702->341790->341589->340701->563070->340700->341581->341792->342664->341793->341587->341794->342634->340699->342632->343072->341795->341544->341796->343669->341798->342622->341797->341771->341545->341772->646612->341541->340708->646354->342633->342626->344210->341542->341773->341547->563166->341548->340707->343666->343075->341543->588052->341499->344500->342607->587988->342821->341768->646932->341500->341501->343078->647029->647031->647028->647033->342043->338909->338898->338897->340035->338396->338397->338402->338405->338404->338391->338773->613666->613667
shortest_dijkstra,od1_sinnonhyeon_suseo,long,peak,8.0,20,1792.6473,1238.8916,553.7557,1278.7778,1265.8364,9210.2,18,True,80,2,5,73,342695->342700->343100->342865->340641->340704->341588->343777->340703->342671->340702->341790->341589->340701->563070->340700->341581->341792->342664->341793->341587->341794->342634->340699->342632->343072->341795->341544->341796->343669->341798->342622->341797->341771->341545->341772->646612->341541->340708->646354->342633->342626->344210->341542->341773->341547->563166->341548->340707->343666->343075->341543->588052->341499->344500->342607->587988->342821->341768->646932->341500->341501->343078->647029->647031->647028->647033->342043->338909->338898->338897->340035->338396->338397->338402->338405->338404->338391->338773->613666->613667
shortest_dijkstra,od1_sinnonhyeon_suseo,long,peak,8.0,21,1720.4167,1234.639,485.7777,1242.3433,1110.4447,9210.2,17,True,80,2,5,73,342695->342700->343100->342865->340641->340704->341588->343777->340703->342671->340702->341790->341589->340701->563070->340700->341581->341792->342664->341793->341587->341794->342634->340699->342632->343072->341795->341544->341796->343669->341798->342622->341797->341771->341545->341772->646612->341541->340708->646354->342633->342626->344210->341542->341773->341547->563166->341548->340707->343666->343075->341543->588052->341499->344500->342607->587988->342821->341768->646932->341500->341501->343078->647029->647031->647028->647033->342043->338909->338898->338897->340035->338396->338397->338402->338405->338404->338391->338773->613666->613667
shortest_dijkstra,od1_sinnonhyeon_suseo,long,peak,8.0,22,1659.9328,1175.8417,484.091,1211.6475,1106.5892,9210.2,18,True,80,2,5,73,342695->342700->343100->342865->340641->340704->341588->343777->340703->342671->340702->341790->341589->340701->563070->340700->341581->341792->342664->341793->341587->341794->342634->340699->342632->343072->341795->341544->341796->343669->341798->342622->341797->341771->341545->341772->646612->341541->340708->646354->342633->342626->344210->341542->341773->341547->563166->341548->340707->343666->343075->341543->588052->341499->344500->342607->587988->342821->341768->646932->341500->341501->343078->647029->647031->647028->647033->342043->338909->338898->338897->340035->338396->338397->338402->338405->338404->338391->338773->613666->613667
shortest_dijkstra,od1_sinnonhyeon_suseo,long,peak,8.0,23,1735.5126,1180.0158,555.4968,1182.8594,1269.8163,9210.2,19,True,80,2,5,73,342695->342700->343100->342865->340641->340704->341588->343777->340703->342671->340702->341790->341589->340701->563070->340700->341581->341792->342664->341793->341587->341794->342634->340699->342632->343072->341795->341544->341796->343669->341798->342622->341797->341771->341545->341772->646612->341541->340708->646354->342633->342626->344210->341542->341773->341547->563166->341548->340707->343666->343075->341543->588052->341499->344500->342607->587988->342821->341768->646932->341500->341501->343078->647029->647031->647028->647033->342043->338909->338898->338897->340035->338396->338397->338402->338405->338404->338391->338773->613666->613667
shortest_dijkstra,od1_sinnonhyeon_suseo,long,peak,8.0,24,1688.5402,1220.117,468.4232,1250.5507,1070.7737,9210.2,18,True,80,2,5,73,342695->342700->343100->342865->340641->340704->341588->343777->340703->342671->340702->341790->341589->340701->563070->340700->341581->341792->342664->341793->341587->341794->342634->340699->342632->343072->341795->341544->341796->343669->341798->342622->341797->341771->341545->341772->646612->341541->340708->646354->342633->342626->344210->341542->341773->341547->563166->341548->340707->343666->343075->341543->588052->341499->344500->342607->587988->342821->341768->646932->341500->341501->343078->647029->647031->647028->647033->342043->338909->338898->338897->340035->338396->338397->338402->338405->338404->338391->338773->613666->613667
shortest_dijkstra,od1_sinnonhyeon_suseo,long,peak,8.0,25,1742.0235,1179.6394,562.3841,1186.446,1285.5602,9210.2,19,True,80,2,5,73,342695->342700->343100->342865->340641->340704->341588->343777->340703->342671->340702->341790->341589->340701->563070->340700->341581->341792->342664->341793->341587->341794->342634->340699->342632->343072->341795->341544->341796->343669->341798->342622->341797->341771->341545->341772->646612->341541->340708->646354->342633->342626->344210->341542->341773->341547->563166->341548->340707->343666->343075->341543->588052->341499->344500->342607->587988->342821->341768->646932->341500->341501->343078->647029->647031->647028->647033->342043->338909->338898->338897->340035->338396->338397->338402->338405->338404->338391->338773->613666->613667
shortest_dijkstra,od1_sinnonhyeon_suseo,long,peak,8.0,26,1748.2511,1207.5712,540.6799,1209.053,1235.9462,9210.2,17,True,80,2,5,73,342695->342700->343100->342865->340641->340704->341588->343777->340703->342671->340702->341790->341589->340701->563070->340700->341581->341792->342664->341793->341587->341794->342634->340699->342632->343072->341795->341544->341796->343669->341798->342622->341797->341771->341545->341772->646612->341541->340708->646354->342633->342626->344210->341542->341773->341547->563166->341548->340707->343666->343075->341543->588052->341499->344500->342607->587988->342821->341768->646932->341500->341501->343078->647029->647031->647028->647033->342043->338909->338898->338897->340035->338396->338397->338402->338405->338404->338391->338773->613666->613667
shortest_dijkstra,od1_sinnonhyeon_suseo,long,peak,8.0,27,1659.8848,1177.8091,482.0757,1193.2215,1101.9822,9210.2,17,True,80,2,5,73,342695->342700->343100->342865->340641->340704->341588->343777->340703->342671->340702->341790->341589->340701->563070->340700->341581->341792->342664->341793->341587->341794->342634->340699->342632->343072->341795->341544->341796->343669->341798->342622->341797->341771->341545->341772->646612->341541->340708->646354->342633->342626->344210->341542->341773->341547->563166->341548->340707->343666->343075->341543->588052->341499->344500->342607->587988->342821->341768->646932->341500->341501->343078->647029->647031->647028->647033->342043->338909->338898->338897->340035->338396->338397->338402->338405->338404->338391->338773->613666->613667
shortest_dijkstra,od1_sinnonhyeon_suseo,long,peak,8.0,28,1755.7756,1208.1473,547.6284,1245.7685,1251.8298,9210.2,19,True,80,2,5,73,342695->342700->343100->342865->340641->340704->341588->343777->340703->342671->340702->341790->341589->340701->563070->340700->341581->341792->342664->341793->341587->341794->342634->340699->342632->343072->341795->341544->341796->343669->341798->342622->341797->341771->341545->341772->646612->341541->340708->646354->342633->342626->344210->341542->341773->341547->563166->341548->340707->343666->343075->341543->588052->341499->344500->342607->587988->342821->341768->646932->341500->341501->343078->647029->647031->647028->647033->342043->338909->338898->338897->340035->338396->338397->338402->338405->338404->338391->338773->613666->613667
shortest_dijkstra,od1_sinnonhyeon_suseo,long,peak,8.0,29,1661.0759,1168.6038,492.4721,1189.5354,1125.7475,9210.2,17,True,80,2,5,73,342695->342700->343100->342865->340641->340704->341588->343777->340703->342671->340702->341790->341589->340701->563070->340700->341581->341792->342664->341793->341587->341794->342634->340699->342632->343072->341795->341544->341796->343669->341798->342622->341797->341771->341545->341772->646612->341541->340708->646354->342633->342626->344210->341542->341773->341547->563166->341548->340707->343666->343075->341543->588052->341499->344500->342607->587988->342821->341768->646932->341500->341501->343078->647029->647031->647028->647033->342043->338909->338898->338897->340035->338396->338397->338402->338405->338404->338391->338773->613666->613667
shortest_dijkstra,od1_sinnonhyeon_suseo,long,peak,8.0,30,1718.7335,1176.2424,542.4911,1244.6069,1240.0865,9210.2,18,True,80,2,5,73,342695->342700->343100->342865->340641->340704->341588->343777->340703->342671->340702->341790->341589->340701->563070->340700->341581->341792->342664->341793->341587->341794->342634->340699->342632->343072->341795->341544->341796->343669->341798->342622->341797->341771->341545->341772->646612->341541->340708->646354->342633->342626->344210->341542->341773->341547->563166->341548->340707->343666->343075->341543->588052->341499->344500->342607->587988->342821->341768->646932->341500->341501->343078->647029->647031->647028->647033->342043->338909->338898->338897->340035->338396->338397->338402->338405->338404->338391->338773->613666->613667
shortest_dijkstra,od2_yangjae_yeongdong,long,off_peak,7.0,1,1033.8777,835.8298,198.0479,886.2392,452.7198,6394.4,9,True,60,8,5,47,338734->338736->338735->338272->339089->338990->339743->340334->339307->338934->338933->338631->339979->340332->338581->338269->338705->339116->339138->338582->338268->338262->339922->340140->339002->338922->646291->338226->339093->339128->341549->342639->563096->342115->343710->341560->341518->341558->563191->341512->646737->341511->342869->341510->343158->343160->344191->344189->342755->341769->341499->341492->343516->343774->563132->646319->344219->341546->343780->342515->342812
shortest_dijkstra,od2_yangjae_yeongdong,long,off_peak,7.0,2,1048.4252,866.9911,181.4341,954.6802,414.7422,6394.4,9,True,60,8,5,47,338734->338736->338735->338272->339089->338990->339743->340334->339307->338934->338933->338631->339979->340332->338581->338269->338705->339116->339138->338582->338268->338262->339922->340140->339002->338922->646291->338226->339093->339128->341549->342639->563096->342115->343710->341560->341518->341558->563191->341512->646737->341511->342869->341510->343158->343160->344191->344189->342755->341769->341499->341492->343516->343774->563132->646319->344219->341546->343780->342515->342812
shortest_dijkstra,od2_yangjae_yeongdong,long,off_peak,7.0,3,1038.5844,829.462,209.1224,872.6617,478.0352,6394.4,10,True,60,8,5,47,338734->338736->338735->338272->339089->338990->339743->340334->339307->338934->338933->338631->339979->340332->338581->338269->338705->339116->339138->338582->338268->338262->339922->340140->339002->338922->646291->338226->339093->339128->341549->342639->563096->342115->343710->341560->341518->341558->563191->341512->646737->341511->342869->341510->343158->343160->344191->344189->342755->341769->341499->341492->343516->343774->563132->646319->344219->341546->343780->342515->342812
shortest_dijkstra,od2_yangjae_yeongdong,long,off_peak,7.0,4,1018.4611,822.8991,195.562,906.1975,447.0375,6394.4,9,True,60,8,5,47,338734->338736->338735->338272->339089->338990->339743->340334->339307->338934->338933->338631->339979->340332->338581->338269->338705->339116->339138->338582->338268->338262->339922->340140->339002->338922->646291->338226->339093->339128->341549->342639->563096->342115->343710->341560->341518->341558->563191->341512->646737->341511->342869->341510->343158->343160->344191->344189->342755->341769->341499->341492->343516->343774->563132->646319->344219->341546->343780->342515->342812
shortest_dijkstra,od2_yangjae_yeongdong,long,off_peak,7.0,5,1016.7901,824.683,192.1072,902.5639,439.1399,6394.4,10,True,60,8,5,47,338734->338736->338735->338272->339089->338990->339743->340334->339307->338934->338933->338631->339979->340332->338581->338269->338705->339116->339138->338582->338268->338262->339922->340140->339002->338922->646291->338226->339093->339128->341549->342639->563096->342115->343710->341560->341518->341558->563191->341512->646737->341511->342869->341510->343158->343160->344191->344189->342755->341769->341499->341492->343516->343774->563132->646319->344219->341546->343780->342515->342812
shortest_dijkstra,od2_yangjae_yeongdong,long,off_peak,7.0,6,1030.2669,822.3213,207.9456,871.0436,475.3451,6394.4,8,True,60,8,5,47,338734->338736->338735->338272->339089->338990->339743->340334->339307->338934->338933->338631->339979->340332->338581->338269->338705->339116->339138->338582->338268->338262->339922->340140->339002->338922->646291->338226->339093->339128->341549->342639->563096->342115->343710->341560->341518->341558->563191->341512->646737->341511->342869->341510->343158->343160->344191->344189->342755->341769->341499->341492->343516->343774->563132->646319->344219->341546->343780->342515->342812
shortest_dijkstra,od2_yangjae_yeongdong,long,off_peak,7.0,7,1052.1685,847.2557,204.9128,866.1199,468.4125,6394.4,9,True,60,8,5,47,338734->338736->338735->338272->339089->338990->339743->340334->339307->338934->338933->338631->339979->340332->338581->338269->338705->339116->339138->338582->338268->338262->339922->340140->339002->338922->646291->338226->339093->339128->341549->342639->563096->342115->343710->341560->341518->341558->563191->341512->646737->341511->342869->341510->343158->343160->344191->344189->342755->341769->341499->341492->343516->343774->563132->646319->344219->341546->343780->342515->342812
shortest_dijkstra,od2_yangjae_yeongdong,long,off_peak,7.0,8,1139.2576,887.0749,252.1827,948.0814,576.4673,6394.4,10,True,60,8,5,47,338734->338736->338735->338272->339089->338990->339743->340334->339307->338934->338933->338631->339979->340332->338581->338269->338705->339116->339138->338582->338268->338262->339922->340140->339002->338922->646291->338226->339093->339128->341549->342639->563096->342115->343710->341560->341518->341558->563191->341512->646737->341511->342869->341510->343158->343160->344191->344189->342755->341769->341499->341492->343516->343774->563132->646319->344219->341546->343780->342515->342812
shortest_dijkstra,od2_yangjae_yeongdong,long,off_peak,7.0,9,1070.0984,863.4808,206.6176,871.3836,472.3095,6394.4,11,True,60,8,5,47,338734->338736->338735->338272->339089->338990->339743->340334->339307->338934->338933->338631->339979->340332->338581->338269->338705->339116->339138->338582->338268->338262->339922->340140->339002->338922->646291->338226->339093->339128->341549->342639->563096->342115->343710->341560->341518->341558->563191->341512->646737->341511->342869->341510->343158->343160->344191->344189->342755->341769->341499->341492->343516->343774->563132->646319->344219->341546->343780->342515->342812
shortest_dijkstra,od2_yangjae_yeongdong,long,off_peak,7.0,10,1062.2037,881.9778,180.2258,937.2837,411.9803,6394.4,9,True,60,8,5,47,338734->338736->338735->338272->339089->338990->339743->340334->339307->338934->338933->338631->339979->340332->338581->338269->338705->339116->339138->338582->338268->338262->339922->340140->339002->338922->646291->338226->339093->339128->341549->342639->563096->342115->343710->341560->341518->341558->563191->341512->646737->341511->342869->341510->343158->343160->344191->344189->342755->341769->341499->341492->343516->343774->563132->646319->344219->341546->343780->342515->342812
shortest_dijkstra,od2_yangjae_yeongdong,long,off_peak,7.0,11,1033.2159,818.8414,214.3745,847.1184,490.041,6394.4,10,True,60,8,5,47,338734->338736->338735->338272->339089->338990->339743->340334->339307->338934->338933->338631->339979->340332->338581->338269->338705->339116->339138->338582->338268->338262->339922->340140->339002->338922->646291->338226->339093->339128->341549->342639->563096->342115->343710->341560->341518->341558->563191->341512->646737->341511->342869->341510->343158->343160->344191->344189->342755->341769->341499->341492->343516->343774->563132->646319->344219->341546->343780->342515->342812
shortest_dijkstra,od2_yangjae_yeongdong,long,off_peak,7.0,12,1041.9095,839.1636,202.7459,891.7122,463.4592,6394.4,9,True,60,8,5,47,338734->338736->338735->338272->339089->338990->339743->340334->339307->338934->338933->338631->339979->340332->338581->338269->338705->339116->339138->338582->338268->338262->339922->340140->339002->338922->646291->338226->339093->339128->341549->342639->563096->342115->343710->341560->341518->341558->563191->341512->646737->341511->342869->341510->343158->343160->344191->344189->342755->341769->341499->341492->343516->343774->563132->646319->344219->341546->343780->342515->342812
shortest_dijkstra,od2_yangjae_yeongdong,long,off_peak,7.0,13,1018.9058,821.6012,197.3046,886.4892,451.0208,6394.4,10,True,60,8,5,47,338734->338736->338735->338272->339089->338990->339743->340334->339307->338934->338933->338631->339979->340332->338581->338269->338705->339116->339138->338582->338268->338262->339922->340140->339002->338922->646291->338226->339093->339128->341549->342639->563096->342115->343710->341560->341518->341558->563191->341512->646737->341511->342869->341510->343158->343160->344191->344189->342755->341769->341499->341492->343516->343774->563132->646319->344219->341546->343780->342515->342812
shortest_dijkstra,od2_yangjae_yeongdong,long,off_peak,7.0,14,1113.5603,836.0553,277.5049,872.0515,634.3517,6394.4,11,True,60,8,5,47,338734->338736->338735->338272->339089->338990->339743->340334->339307->338934->338933->338631->339979->340332->338581->338269->338705->339116->339138->338582->338268->338262->339922->340140->339002->338922->646291->338226->339093->339128->341549->342639->563096->342115->343710->341560->341518->341558->563191->341512->646737->341511->342869->341510->343158->343160->344191->344189->342755->341769->341499->341492->343516->343774->563132->646319->344219->341546->343780->342515->342812
shortest_dijkstra,od2_yangjae_yeongdong,long,off_peak,7.0,15,1071.4057,858.242,213.1638,861.7791,487.2734,6394.4,11,True,60,8,5,47,338734->338736->338735->338272->339089->338990->339743->340334->339307->338934->338933->338631->339979->340332->338581->338269->338705->339116->339138->338582->338268->338262->339922->340140->339002->338922->646291->338226->339093->339128->341549->342639->563096->342115->343710->341560->341518->341558->563191->341512->646737->341511->342869->341510->343158->343160->344191->344189->342755->341769->341499->341492->343516->343774->563132->646319->344219->341546->343780->342515->342812
shortest_dijkstra,od2_yangjae_yeongdong,long,off_peak,7.0,16,1106.5084,843.5363,262.9721,898.3534,601.1309,6394.4,11,True,60,8,5,47,338734->338736->338735->338272->339089->338990->339743->340334->339307->338934->338933->338631->339979->340332->338581->338269->338705->339116->339138->338582->338268->338262->339922->340140->339002->338922->646291->338226->339093->339128->341549->342639->563096->342115->343710->341560->341518->341558->563191->341512->646737->341511->342869->341510->343158->343160->344191->344189->342755->341769->341499->341492->343516->343774->563132->646319->344219->341546->343780->342515->342812
shortest_dijkstra,od2_yangjae_yeongdong,long,off_peak,7.0,17,1042.1518,846.8867,195.2651,936.1031,446.3588,6394.4,10,True,60,8,5,47,338734->338736->338735->338272->339089->338990->339743->340334->339307->338934->338933->338631->339979->340332->338581->338269->338705->339116->339138->338582->338268->338262->339922->340140->339002->338922->646291->338226->339093->339128->341549->342639->563096->342115->343710->341560->341518->341558->563191->341512->646737->341511->342869->341510->343158->343160->344191->344189->342755->341769->341499->341492->343516->343774->563132->646319->344219->341546->343780->342515->342812
shortest_dijkstra,od2_yangjae_yeongdong,long,off_peak,7.0,18,1022.5398,839.1243,183.4155,934.0637,419.2715,6394.4,9,True,60,8,5,47,338734->338736->338735->338272->339089->338990->339743->340334->339307->338934->338933->338631->339979->340332->338581->338269->338705->339116->339138->338582->338268->338262->339922->340140->339002->338922->646291->338226->339093->339128->341549->342639->563096->342115->343710->341560->341518->341558->563191->341512->646737->341511->342869->341510->343158->343160->344191->344189->342755->341769->341499->341492->343516->343774->563132->646319->344219->341546->343780->342515->342812
shortest_dijkstra,od2_yangjae_yeongdong,long,off_peak,7.0,19,1046.7797,839.4372,207.3424,876.8155,473.9664,6394.4,10,True,60,8,5,47,338734->338736->338735->338272->339089->338990->339743->340334->339307->338934->338933->338631->339979->340332->338581->338269->338705->339116->339138->338582->338268->338262->339922->340140->339002->338922->646291->338226->339093->339128->341549->342639->563096->342115->343710->341560->341518->341558->563191->341512->646737->341511->342869->341510->343158->343160->344191->344189->342755->341769->341499->341492->343516->343774->563132->646319->344219->341546->343780->342515->342812
shortest_dijkstra,od2_yangjae_yeongdong,long,off_peak,7.0,20,1006.7911,797.7471,209.0441,876.5134,477.8562,6394.4,9,True,60,8,5,47,338734->338736->338735->338272->339089->338990->339743->340334->339307->338934->338933->338631->339979->340332->338581->338269->338705->339116->339138->338582->338268->338262->339922->340140->339002->338922->646291->338226->339093->339128->341549->342639->563096->342115->343710->341560->341518->341558->563191->341512->646737->341511->342869->341510->343158->343160->344191->344189->342755->341769->341499->341492->343516->343774->563132->646319->344219->341546->343780->342515->342812
shortest_dijkstra,od2_yangjae_yeongdong,long,off_peak,7.0,21,1030.8746,830.0313,200.8433,879.7299,459.1099,6394.4,10,True,60,8,5,47,338734->338736->338735->338272->339089->338990->339743->340334->339307->338934->338933->338631->339979->340332->338581->338269->338705->339116->339138->338582->338268->338262->339922->340140->339002->338922->646291->338226->339093->339128->341549->342639->563096->342115->343710->341560->341518->341558->563191->341512->646737->341511->342869->341510->343158->343160->344191->344189->342755->341769->341499->341492->343516->343774->563132->646319->344219->341546->343780->342515->342812
shortest_dijkstra,od2_yangjae_yeongdong,long,off_peak,7.0,22,1013.7042,836.7808,176.9234,943.1901,404.4313,6394.4,9,True,60,8,5,47,338734->338736->338735->338272->339089->338990->339743->340334->339307->338934->338933->338631->339979->340332->338581->338269->338705->339116->339138->338582->338268->338262->339922->340140->339002->338922->646291->338226->339093->339128->341549->342639->563096->342115->343710->341560->341518->341558->563191->341512->646737->341511->342869->341510->343158->343160->344191->344189->342755->341769->341499->341492->343516->343774->563132->646319->344219->341546->343780->342515->342812
shortest_dijkstra,od2_yangjae_yeongdong,long,off_peak,7.0,23,1047.6177,855.9315,191.6862,919.2523,438.1776,6394.4,8,True,60,8,5,47,338734->338736->338735->338272->339089->338990->339743->340334->339307->338934->338933->338631->339979->340332->338581->338269->338705->339116->339138->338582->338268->338262->339922->340140->339002->338922->646291->338226->339093->339128->341549->342639->563096->342115->343710->341560->341518->341558->563191->341512->646737->341511->342869->341510->343158->343160->344191->344189->342755->341769->341499->341492->343516->343774->563132->646319->344219->341546->343780->342515->342812
shortest_dijkstra,od2_yangjae_yeongdong,long,off_peak,7.0,24,1090.1965,857.9119,232.2846,972.4478,530.982,6394.4,11,True,60,8,5,47,338734->338736->338735->338272->339089->338990->339743->340334->339307->338934->338933->338631->339979->340332->338581->338269->338705->339116->339138->338582->338268->338262->339922->340140->339002->338922->646291->338226->339093->339128->341549->342639->563096->342115->343710->341560->341518->341558->563191->341512->646737->341511->342869->341510->343158->343160->344191->344189->342755->341769->341499->341492->343516->343774->563132->646319->344219->341546->343780->342515->342812
shortest_dijkstra,od2_yangjae_yeongdong,long,off_peak,7.0,25,1012.8013,829.0421,183.7592,946.1958,420.0572,6394.4,9,True,60,8,5,47,338734->338736->338735->338272->339089->338990->339743->340334->339307->338934->338933->338631->339979->340332->338581->338269->338705->339116->339138->338582->338268->338262->339922->340140->339002->338922->646291->338226->339093->339128->341549->342639->563096->342115->343710->341560->341518->341558->563191->341512->646737->341511->342869->341510->343158->343160->344191->344189->342755->341769->341499->341492->343516->343774->563132->646319->344219->341546->343780->342515->342812
shortest_dijkstra,od2_yangjae_yeongdong,long,off_peak,7.0,26,1088.0272,893.5523,194.4748,898.256,444.5522,6394.4,9,True,60,8,5,47,338734->338736->338735->338272->339089->338990->339743->340334->339307->338934->338933->338631->339979->340332->338581->338269->338705->339116->339138->338582->338268->338262->339922->340140->339002->338922->646291->338226->339093->339128->341549->342639->563096->342115->343710->341560->341518->341558->563191->341512->646737->341511->342869->341510->343158->343160->344191->344189->342755->341769->341499->341492->343516->343774->563132->646319->344219->341546->343780->342515->342812
shortest_dijkstra,od2_yangjae_yeongdong,long,off_peak,7.0,27,1022.3015,855.5673,166.7341,1003.79,381.1394,6394.4,9,True,60,8,5,47,338734->338736->338735->338272->339089->338990->339743->340334->339307->338934->338933->338631->339979->340332->338581->338269->338705->339116->339138->338582->338268->338262->339922->340140->339002->338922->646291->338226->339093->339128->341549->342639->563096->342115->343710->341560->341518->341558->563191->341512->646737->341511->342869->341510->343158->343160->344191->344189->342755->341769->341499->341492->343516->343774->563132->646319->344219->341546->343780->342515->342812
shortest_dijkstra,od2_yangjae_yeongdong,long,off_peak,7.0,28,1065.7134,850.7884,214.925,849.2921,491.2994,6394.4,10,True,60,8,5,47,338734->338736->338735->338272->339089->338990->339743->340334->339307->338934->338933->338631->339979->340332->338581->338269->338705->339116->339138->338582->338268->338262->339922->340140->339002->338922->646291->338226->339093->339128->341549->342639->563096->342115->343710->341560->341518->341558->563191->341512->646737->341511->342869->341510->343158->343160->344191->344189->342755->341769->341499->341492->343516->343774->563132->646319->344219->341546->343780->342515->342812
shortest_dijkstra,od2_yangjae_yeongdong,long,off_peak,7.0,29,1172.7433,830.9287,341.8146,884.4368,781.3578,6394.4,12,True,60,8,5,47,338734->338736->338735->338272->339089->338990->339743->340334->339307->338934->338933->338631->339979->340332->338581->338269->338705->339116->339138->338582->338268->338262->339922->340140->339002->338922->646291->338226->339093->339128->341549->342639->563096->342115->343710->341560->341518->341558->563191->341512->646737->341511->342869->341510->343158->343160->344191->344189->342755->341769->341499->341492->343516->343774->563132->646319->344219->341546->343780->342515->342812
shortest_dijkstra,od2_yangjae_yeongdong,long,off_peak,7.0,30,1068.4595,863.9228,204.5367,909.2346,467.5527,6394.4,11,True,60,8,5,47,338734->338736->338735->338272->339089->338990->339743->340334->339307->338934->338933->338631->339979->340332->338581->338269->338705->339116->339138->338582->338268->338262->339922->340140->339002->338922->646291->338226->339093->339128->341549->342639->563096->342115->343710->341560->341518->341558->563191->341512->646737->341511->342869->341510->343158->343160->344191->344189->342755->341769->341499->341492->343516->343774->563132->646319->344219->341546->343780->342515->342812
shortest_dijkstra,od2_yangjae_yeongdong,long,peak,8.0,1,1105.5766,812.8161,292.7605,923.5538,669.2245,6394.4,13,True,60,8,5,47,338734->338736->338735->338272->339089->338990->339743->340334->339307->338934->338933->338631->339979->340332->338581->338269->338705->339116->339138->338582->338268->338262->339922->340140->339002->338922->646291->338226->339093->339128->341549->342639->563096->342115->343710->341560->341518->341558->563191->341512->646737->341511->342869->341510->343158->343160->344191->344189->342755->341769->341499->341492->343516->343774->563132->646319->344219->341546->343780->342515->342812
shortest_dijkstra,od2_yangjae_yeongdong,long,peak,8.0,2,1091.6057,828.6398,262.966,976.7115,601.1169,6394.4,12,True,60,8,5,47,338734->338736->338735->338272->339089->338990->339743->340334->339307->338934->338933->338631->339979->340332->338581->338269->338705->339116->339138->338582->338268->338262->339922->340140->339002->338922->646291->338226->339093->339128->341549->342639->563096->342115->343710->341560->341518->341558->563191->341512->646737->341511->342869->341510->343158->343160->344191->344189->342755->341769->341499->341492->343516->343774->563132->646319->344219->341546->343780->342515->342812
shortest_dijkstra,od2_yangjae_yeongdong,long,peak,8.0,3,1099.2687,848.8985,250.3702,1021.9509,572.324,6394.4,10,True,60,8,5,47,338734->338736->338735->338272->339089->338990->339743->340334->339307->338934->338933->338631->339979->340332->338581->338269->338705->339116->339138->338582->338268->338262->339922->340140->339002->338922->646291->338226->339093->339128->341549->342639->563096->342115->343710->341560->341518->341558->563191->341512->646737->341511->342869->341510->343158->343160->344191->344189->342755->341769->341499->341492->343516->343774->563132->646319->344219->341546->343780->342515->342812
shortest_dijkstra,od2_yangjae_yeongdong,long,peak,8.0,4,1125.9648,851.6914,274.2734,953.8006,626.9647,6394.4,12,True,60,8,5,47,338734->338736->338735->338272->339089->338990->339743->340334->339307->338934->338933->338631->339979->340332->338581->338269->338705->339116->339138->338582->338268->338262->339922->340140->339002->338922->646291->338226->339093->339128->341549->342639->563096->342115->343710->341560->341518->341558->563191->341512->646737->341511->342869->341510->343158->343160->344191->344189->342755->341769->341499->341492->343516->343774->563132->646319->344219->341546->343780->342515->342812
shortest_dijkstra,od2_yangjae_yeongdong,long,peak,8.0,5,1093.9818,853.5391,240.4427,1030.1818,549.6305,6394.4,11,True,60,8,5,47,338734->338736->338735->338272->339089->338990->339743->340334->339307->338934->338933->338631->339979->340332->338581->338269->338705->339116->339138->338582->338268->338262->339922->340140->339002->338922->646291->338226->339093->339128->341549->342639->563096->342115->343710->341560->341518->341558->563191->341512->646737->341511->342869->341510->343158->343160->344191->344189->342755->341769->341499->341492->343516->343774->563132->646319->344219->341546->343780->342515->342812
shortest_dijkstra,od2_yangjae_yeongdong,long,peak,8.0,6,1099.8897,821.0195,278.8703,958.2658,637.4727,6394.4,12,True,60,8,5,47,338734->338736->338735->338272->339089->338990->339743->340334->339307->338934->338933->338631->339979->340332->338581->338269->338705->339116->339138->338582->338268->338262->339922->340140->339002->338922->646291->338226->339093->339128->341549->342639->563096->342115->343710->341560->341518->341558->563191->341512->646737->341511->342869->341510->343158->343160->344191->344189->342755->341769->341499->341492->343516->343774->563132->646319->344219->341546->343780->342515->342812
shortest_dijkstra,od2_yangjae_yeongdong,long,peak,8.0,7,1078.2089,822.99,255.2188,1011.5264,583.4076,6394.4,10,True,60,8,5,47,338734->338736->338735->338272->339089->338990->339743->340334->339307->338934->338933->338631->339979->340332->338581->338269->338705->339116->339138->338582->338268->338262->339922->340140->339002->338922->646291->338226->339093->339128->341549->342639->563096->342115->343710->341560->341518->341558->563191->341512->646737->341511->342869->341510->343158->343160->344191->344189->342755->341769->341499->341492->343516->343774->563132->646319->344219->341546->343780->342515->342812
shortest_dijkstra,od2_yangjae_yeongdong,long,peak,8.0,8,1125.7853,856.37,269.4153,974.2657,615.8594,6394.4,10,True,60,8,5,47,338734->338736->338735->338272->339089->338990->339743->340334->339307->338934->338933->338631->339979->340332->338581->338269->338705->339116->339138->338582->338268->338262->339922->340140->339002->338922->646291->338226->339093->339128->341549->342639->563096->342115->343710->341560->341518->341558->563191->341512->646737->341511->342869->341510->343158->343160->344191->344189->342755->341769->341499->341492->343516->343774->563132->646319->344219->341546->343780->342515->342812
shortest_dijkstra,od2_yangjae_yeongdong,long,peak,8.0,9,1112.2662,843.7287,268.5375,986.0631,613.8529,6394.4,13,True,60,8,5,47,338734->338736->338735->338272->339089->338990->339743->340334->339307->338934->338933->338631->339979->340332->338581->338269->338705->339116->339138->338582->338268->338262->339922->340140->339002->338922->646291->338226->339093->339128->341549->342639->563096->342115->343710->341560->341518->341558->563191->341512->646737->341511->342869->341510->343158->343160->344191->344189->342755->341769->341499->341492->343516->343774->563132->646319->344219->341546->343780->342515->342812
shortest_dijkstra,od2_yangjae_yeongdong,long,peak,8.0,10,1096.2072,841.0757,255.1314,996.1885,583.2078,6394.4,8,True,60,8,5,47,338734->338736->338735->338272->339089->338990->339743->340334->339307->338934->338933->338631->339979->340332->338581->338269->338705->339116->339138->338582->338268->338262->339922->340140->339002->338922->646291->338226->339093->339128->341549->342639->563096->342115->343710->341560->341518->341558->563191->341512->646737->341511->342869->341510->343158->343160->344191->344189->342755->341769->341499->341492->343516->343774->563132->646319->344219->341546->343780->342515->342812
shortest_dijkstra,od2_yangjae_yeongdong,long,peak,8.0,11,1100.5522,846.8066,253.7456,1011.5649,580.04,6394.4,11,True,60,8,5,47,338734->338736->338735->338272->339089->338990->339743->340334->339307->338934->338933->338631->339979->340332->338581->338269->338705->339116->339138->338582->338268->338262->339922->340140->339002->338922->646291->338226->339093->339128->341549->342639->563096->342115->343710->341560->341518->341558->563191->341512->646737->341511->342869->341510->343158->343160->344191->344189->342755->341769->341499->341492->343516->343774->563132->646319->344219->341546->343780->342515->342812
shortest_dijkstra,od2_yangjae_yeongdong,long,peak,8.0,12,1092.1626,816.1865,275.9761,959.0982,630.8569,6394.4,13,True,60,8,5,47,338734->338736->338735->338272->339089->338990->339743->340334->339307->338934->338933->338631->339979->340332->338581->338269->338705->339116->339138->338582->338268->338262->339922->340140->339002->338922->646291->338226->339093->339128->341549->342639->563096->342115->343710->341560->341518->341558->563191->341512->646737->341511->342869->341510->343158->343160->344191->344189->342755->341769->341499->341492->343516->343774->563132->646319->344219->341546->343780->342515->342812
shortest_dijkstra,od2_yangjae_yeongdong,long,peak,8.0,13,1177.6324,884.6794,292.953,1090.6515,669.6644,6394.4,12,True,60,8,5,47,338734->338736->338735->338272->339089->338990->339743->340334->339307->338934->338933->338631->339979->340332->338581->338269->338705->339116->339138->338582->338268->338262->339922->340140->339002->338922->646291->338226->339093->339128->341549->342639->563096->342115->343710->341560->341518->341558->563191->341512->646737->341511->342869->341510->343158->343160->344191->344189->342755->341769->341499->341492->343516->343774->563132->646319->344219->341546->343780->342515->342812
shortest_dijkstra,od2_yangjae_yeongdong,long,peak,8.0,14,1099.6466,830.3909,269.2557,966.1003,615.4946,6394.4,9,True,60,8,5,47,338734->338736->338735->338272->339089->338990->339743->340334->339307->338934->338933->338631->339979->340332->338581->338269->338705->339116->339138->338582->338268->338262->339922->340140->339002->338922->646291->338226->339093->339128->341549->342639->563096->342115->343710->341560->341518->341558->563191->341512->646737->341511->342869->341510->343158->343160->344191->344189->342755->341769->341499->341492->343516->343774->563132->646319->344219->341546->343780->342515->342812
shortest_dijkstra,od2_yangjae_yeongdong,long,peak,8.0,15,1085.4666,821.1954,264.2712,982.6667,604.1004,6394.4,11,True,60,8,5,47,338734->338736->338735->338272->339089->338990->339743->340334->339307->338934->338933->338631->339979->340332->338581->338269->338705->339116->339138->338582->338268->338262->339922->340140->339002->338922->646291->338226->339093->339128->341549->342639->563096->342115->343710->341560->341518->341558->563191->341512->646737->341511->342869->341510->343158->343160->344191->344189->342755->341769->341499->341492->343516->343774->563132->646319->344219->341546->343780->342515->342812
shortest_dijkstra,od2_yangjae_yeongdong,long,peak,8.0,16,1095.5294,812.6211,282.9084,941.4981,646.7034,6394.4,12,True,60,8,5,47,338734->338736->338735->338272->339089->338990->339743->340334->339307->338934->338933->338631->339979->340332->338581->338269->338705->339116->339138->338582->338268->338262->339922->340140->339002->338922->646291->338226->339093->339128->341549->342639->563096->342115->343710->341560->341518->341558->563191->341512->646737->341511->342869->341510->343158->343160->344191->344189->342755->341769->341499->341492->343516->343774->563132->646319->344219->341546->343780->342515->342812
shortest_dijkstra,od2_yangjae_yeongdong,long,peak,8.0,17,1082.4516,808.1688,274.2828,973.2557,626.9862,6394.4,12,True,60,8,5,47,338734->338736->338735->338272->339089->338990->339743->340334->339307->338934->338933->338631->339979->340332->338581->338269->338705->339116->339138->338582->338268->338262->339922->340140->339002->338922->646291->338226->339093->339128->341549->342639->563096->342115->343710->341560->341518->341558->563191->341512->646737->341511->342869->341510->343158->343160->344191->344189->342755->341769->341499->341492->343516->343774->563132->646319->344219->341546->343780->342515->342812
shortest_dijkstra,od2_yangjae_yeongdong,long,peak,8.0,18,1098.4267,872.849,225.5777,1085.1598,515.6506,6394.4,12,True,60,8,5,47,338734->338736->338735->338272->339089->338990->339743->340334->339307->338934->338933->338631->339979->340332->338581->338269->338705->339116->339138->338582->338268->338262->339922->340140->339002->338922->646291->338226->339093->339128->341549->342639->563096->342115->343710->341560->341518->341558->563191->341512->646737->341511->342869->341510->343158->343160->344191->344189->342755->341769->341499->341492->343516->343774->563132->646319->344219->341546->343780->342515->342812
shortest_dijkstra,od2_yangjae_yeongdong,long,peak,8.0,19,1119.5349,872.9612,246.5737,1020.0552,563.6456,6394.4,11,True,60,8,5,47,338734->338736->338735->338272->339089->338990->339743->340334->339307->338934->338933->338631->339979->340332->338581->338269->338705->339116->339138->338582->338268->338262->339922->340140->339002->338922->646291->338226->339093->339128->341549->342639->563096->342115->343710->341560->341518->341558->563191->341512->646737->341511->342869->341510->343158->343160->344191->344189->342755->341769->341499->341492->343516->343774->563132->646319->344219->341546->343780->342515->342812
shortest_dijkstra,od2_yangjae_yeongdong,long,peak,8.0,20,1113.8389,870.1606,243.6783,1041.3702,557.027,6394.4,12,True,60,8,5,47,338734->338736->338735->338272->339089->338990->339743->340334->339307->338934->338933->338631->339979->340332->338581->338269->338705->339116->339138->338582->338268->338262->339922->340140->339002->338922->646291->338226->339093->339128->341549->342639->563096->342115->343710->341560->341518->341558->563191->341512->646737->341511->342869->341510->343158->343160->344191->344189->342755->341769->341499->341492->343516->343774->563132->646319->344219->341546->343780->342515->342812
shortest_dijkstra,od2_yangjae_yeongdong,long,peak,8.0,21,1112.4257,845.1083,267.3175,979.8182,611.064,6394.4,13,True,60,8,5,47,338734->338736->338735->338272->339089->338990->339743->340334->339307->338934->338933->338631->339979->340332->338581->338269->338705->339116->339138->338582->338268->338262->339922->340140->339002->338922->646291->338226->339093->339128->341549->342639->563096->342115->343710->341560->341518->341558->563191->341512->646737->341511->342869->341510->343158->343160->344191->344189->342755->341769->341499->341492->343516->343774->563132->646319->344219->341546->343780->342515->342812
shortest_dijkstra,od2_yangjae_yeongdong,long,peak,8.0,22,1106.0047,828.2473,277.7574,954.374,634.9287,6394.4,11,True,60,8,5,47,338734->338736->338735->338272->339089->338990->339743->340334->339307->338934->338933->338631->339979->340332->338581->338269->338705->339116->339138->338582->338268->338262->339922->340140->339002->338922->646291->338226->339093->339128->341549->342639->563096->342115->343710->341560->341518->341558->563191->341512->646737->341511->342869->341510->343158->343160->344191->344189->342755->341769->341499->341492->343516->343774->563132->646319->344219->341546->343780->342515->342812
shortest_dijkstra,od2_yangjae_yeongdong,long,peak,8.0,23,1098.2624,852.3354,245.9271,1041.9797,562.1675,6394.4,12,True,60,8,5,47,338734->338736->338735->338272->339089->338990->339743->340334->339307->338934->338933->338631->339979->340332->338581->338269->338705->339116->339138->338582->338268->338262->339922->340140->339002->338922->646291->338226->339093->339128->341549->342639->563096->342115->343710->341560->341518->341558->563191->341512->646737->341511->342869->341510->343158->343160->344191->344189->342755->341769->341499->341492->343516->343774->563132->646319->344219->341546->343780->342515->342812
shortest_dijkstra,od2_yangjae_yeongdong,long,peak,8.0,24,1112.6908,824.2371,288.4537,924.661,659.3795,6394.4,12,True,60,8,5,47,338734->338736->338735->338272->339089->338990->339743->340334->339307->338934->338933->338631->339979->340332->338581->338269->338705->339116->339138->338582->338268->338262->339922->340140->339002->338922->646291->338226->339093->339128->341549->342639->563096->342115->343710->341560->341518->341558->563191->341512->646737->341511->342869->341510->343158->343160->344191->344189->342755->341769->341499->341492->343516->343774->563132->646319->344219->341546->343780->342515->342812
shortest_dijkstra,od2_yangjae_yeongdong,long,peak,8.0,25,1097.2625,829.6984,267.5642,974.7341,611.628,6394.4,12,True,60,8,5,47,338734->338736->338735->338272->339089->338990->339743->340334->339307->338934->338933->338631->339979->340332->338581->338269->338705->339116->339138->338582->338268->338262->339922->340140->339002->338922->646291->338226->339093->339128->341549->342639->563096->342115->343710->341560->341518->341558->563191->341512->646737->341511->342869->341510->343158->343160->344191->344189->342755->341769->341499->341492->343516->343774->563132->646319->344219->341546->343780->342515->342812
shortest_dijkstra,od2_yangjae_yeongdong,long,peak,8.0,26,1095.7174,821.7849,273.9325,958.0602,626.1854,6394.4,12,True,60,8,5,47,338734->338736->338735->338272->339089->338990->339743->340334->339307->338934->338933->338631->339979->340332->338581->338269->338705->339116->339138->338582->338268->338262->339922->340140->339002->338922->646291->338226->339093->339128->341549->342639->563096->342115->343710->341560->341518->341558->563191->341512->646737->341511->342869->341510->343158->343160->344191->344189->342755->341769->341499->341492->343516->343774->563132->646319->344219->341546->343780->342515->342812
shortest_dijkstra,od2_yangjae_yeongdong,long,peak,8.0,27,1115.4291,866.7772,248.6519,1015.676,568.3961,6394.4,11,True,60,8,5,47,338734->338736->338735->338272->339089->338990->339743->340334->339307->338934->338933->338631->339979->340332->338581->338269->338705->339116->339138->338582->338268->338262->339922->340140->339002->338922->646291->338226->339093->339128->341549->342639->563096->342115->343710->341560->341518->341558->563191->341512->646737->341511->342869->341510->343158->343160->344191->344189->342755->341769->341499->341492->343516->343774->563132->646319->344219->341546->343780->342515->342812
shortest_dijkstra,od2_yangjae_yeongdong,long,peak,8.0,28,1113.4052,845.5315,267.8738,988.6424,612.3356,6394.4,12,True,60,8,5,47,338734->338736->338735->338272->339089->338990->339743->340334->339307->338934->338933->338631->339979->340332->338581->338269->338705->339116->339138->338582->338268->338262->339922->340140->339002->338922->646291->338226->339093->339128->341549->342639->563096->342115->343710->341560->341518->341558->563191->341512->646737->341511->342869->341510->343158->343160->344191->344189->342755->341769->341499->341492->343516->343774->563132->646319->344219->341546->343780->342515->342812
shortest_dijkstra,od2_yangjae_yeongdong,long,peak,8.0,29,1162.7352,853.4276,309.3075,1034.0691,707.0495,6394.4,13,True,60,8,5,47,338734->338736->338735->338272->339089->338990->339743->340334->339307->338934->338933->338631->339979->340332->338581->338269->338705->339116->339138->338582->338268->338262->339922->340140->339002->338922->646291->338226->339093->339128->341549->342639->563096->342115->343710->341560->341518->341558->563191->341512->646737->341511->342869->341510->343158->343160->344191->344189->342755->341769->341499->341492->343516->343774->563132->646319->344219->341546->343780->342515->342812
shortest_dijkstra,od2_yangjae_yeongdong,long,peak,8.0,30,1101.4146,820.0744,281.3402,942.7133,643.1187,6394.4,13,True,60,8,5,47,338734->338736->338735->338272->339089->338990->339743->340334->339307->338934->338933->338631->339979->340332->338581->338269->338705->339116->339138->338582->338268->338262->339922->340140->339002->338922->646291->338226->339093->339128->341549->342639->563096->342115->343710->341560->341518->341558->563191->341512->646737->341511->342869->341510->343158->343160->344191->344189->342755->341769->341499->341492->343516->343774->563132->646319->344219->341546->343780->342515->342812
shortest_dijkstra,od3_segok_samsung,long,off_peak,7.0,1,1243.0015,1032.1483,210.8533,892.7664,481.9918,7622.4,8,True,63,1,4,58,340301->340456->340502->340560->646141->587890->587891->339558->339337->111369->562926->111366->111357->111365->338931->340027->613620->613748->339941->646276->646278->646249->338395->613788->338611->613666->338773->338391->338404->338405->338402->338397->338396->340035->338897->340186->340185->587863->338279->338280->339584->339216->338356->338355->562954->562956->338344->338312->339664->339000->339297->338311->339265->338310->343919->343726->341535->341739->342112->342113->341519->343157->342801->341509
shortest_dijkstra,od3_segok_samsung,long,off_peak,7.0,2,1287.9411,1020.6387,267.3024,978.8378,611.0295,7622.4,8,True,63,1,4,58,340301->340456->340502->340560->646141->587890->587891->339558->339337->111369->562926->111366->111357->111365->338931->340027->613620->613748->339941->646276->646278->646249->338395->613788->338611->613666->338773->338391->338404->338405->338402->338397->338396->340035->338897->340186->340185->587863->338279->338280->339584->339216->338356->338355->562954->562956->338344->338312->339664->339000->339297->338311->339265->338310->343919->343726->341535->341739->342112->342113->341519->343157->342801->341509
shortest_dijkstra,od3_segok_samsung,long,off_peak,7.0,3,1310.3585,1068.7761,241.5825,981.4994,552.2361,7622.4,8,True,63,1,4,58,340301->340456->340502->340560->646141->587890->587891->339558->339337->111369->562926->111366->111357->111365->338931->340027->613620->613748->339941->646276->646278->646249->338395->613788->338611->613666->338773->338391->338404->338405->338402->338397->338396->340035->338897->340186->340185->587863->338279->338280->339584->339216->338356->338355->562954->562956->338344->338312->339664->339000->339297->338311->339265->338310->343919->343726->341535->341739->342112->342113->341519->343157->342801->341509
shortest_dijkstra,od3_segok_samsung,long,off_peak,7.0,4,1321.4732,1054.3106,267.1626,960.3382,610.7099,7622.4,9,True,63,1,4,58,340301->340456->340502->340560->646141->587890->587891->339558->339337->111369->562926->111366->111357->111365->338931->340027->613620->613748->339941->646276->646278->646249->338395->613788->338611->613666->338773->338391->338404->338405->338402->338397->338396->340035->338897->340186->340185->587863->338279->338280->339584->339216->338356->338355->562954->562956->338344->338312->339664->339000->339297->338311->339265->338310->343919->343726->341535->341739->342112->342113->341519->343157->342801->341509
shortest_dijkstra,od3_segok_samsung,long,off_peak,7.0,5,1315.3716,1087.3715,228.0001,1023.3201,521.1881,7622.4,8,True,63,1,4,58,340301->340456->340502->340560->646141->587890->587891->339558->339337->111369->562926->111366->111357->111365->338931->340027->613620->613748->339941->646276->646278->646249->338395->613788->338611->613666->338773->338391->338404->338405->338402->338397->338396->340035->338897->340186->340185->587863->338279->338280->339584->339216->338356->338355->562954->562956->338344->338312->339664->339000->339297->338311->339265->338310->343919->343726->341535->341739->342112->342113->341519->343157->342801->341509
shortest_dijkstra,od3_segok_samsung,long,off_peak,7.0,6,1336.883,1083.8301,253.053,963.51,578.4566,7622.4,8,True,63,1,4,58,340301->340456->340502->340560->646141->587890->587891->339558->339337->111369->562926->111366->111357->111365->338931->340027->613620->613748->339941->646276->646278->646249->338395->613788->338611->613666->338773->338391->338404->338405->338402->338397->338396->340035->338897->340186->340185->587863->338279->338280->339584->339216->338356->338355->562954->562956->338344->338312->339664->339000->339297->338311->339265->338310->343919->343726->341535->341739->342112->342113->341519->343157->342801->341509
shortest_dijkstra,od3_segok_samsung,long,off_peak,7.0,7,1353.3791,1079.9017,273.4774,969.9695,625.145,7622.4,8,True,63,1,4,58,340301->340456->340502->340560->646141->587890->587891->339558->339337->111369->562926->111366->111357->111365->338931->340027->613620->613748->339941->646276->646278->646249->338395->613788->338611->613666->338773->338391->338404->338405->338402->338397->338396->340035->338897->340186->340185->587863->338279->338280->339584->339216->338356->338355->562954->562956->338344->338312->339664->339000->339297->338311->339265->338310->343919->343726->341535->341739->342112->342113->341519->343157->342801->341509
shortest_dijkstra,od3_segok_samsung,long,off_peak,7.0,8,1193.7681,1003.0766,190.6916,953.5712,435.904,7622.4,7,True,63,1,4,58,340301->340456->340502->340560->646141->587890->587891->339558->339337->111369->562926->111366->111357->111365->338931->340027->613620->613748->339941->646276->646278->646249->338395->613788->338611->613666->338773->338391->338404->338405->338402->338397->338396->340035->338897->340186->340185->587863->338279->338280->339584->339216->338356->338355->562954->562956->338344->338312->339664->339000->339297->338311->339265->338310->343919->343726->341535->341739->342112->342113->341519->343157->342801->341509
shortest_dijkstra,od3_segok_samsung,long,off_peak,7.0,9,1301.5771,1023.0773,278.4998,958.7952,636.6258,7622.4,9,True,63,1,4,58,340301->340456->340502->340560->646141->587890->587891->339558->339337->111369->562926->111366->111357->111365->338931->340027->613620->613748->339941->646276->646278->646249->338395->613788->338611->613666->338773->338391->338404->338405->338402->338397->338396->340035->338897->340186->340185->587863->338279->338280->339584->339216->338356->338355->562954->562956->338344->338312->339664->339000->339297->338311->339265->338310->343919->343726->341535->341739->342112->342113->341519->343157->342801->341509
shortest_dijkstra,od3_segok_samsung,long,off_peak,7.0,10,1236.2422,1035.3101,200.9322,933.1514,459.3131,7622.4,7,True,63,1,4,58,340301->340456->340502->340560->646141->587890->587891->339558->339337->111369->562926->111366->111357->111365->338931->340027->613620->613748->339941->646276->646278->646249->338395->613788->338611->613666->338773->338391->338404->338405->338402->338397->338396->340035->338897->340186->340185->587863->338279->338280->339584->339216->338356->338355->562954->562956->338344->338312->339664->339000->339297->338311->339265->338310->343919->343726->341535->341739->342112->342113->341519->343157->342801->341509
shortest_dijkstra,od3_segok_samsung,long,off_peak,7.0,11,1288.172,1018.8724,269.2996,958.7091,615.5949,7622.4,9,True,63,1,4,58,340301->340456->340502->340560->646141->587890->587891->339558->339337->111369->562926->111366->111357->111365->338931->340027->613620->613748->339941->646276->646278->646249->338395->613788->338611->613666->338773->338391->338404->338405->338402->338397->338396->340035->338897->340186->340185->587863->338279->338280->339584->339216->338356->338355->562954->562956->338344->338312->339664->339000->339297->338311->339265->338310->343919->343726->341535->341739->342112->342113->341519->343157->342801->341509
shortest_dijkstra,od3_segok_samsung,long,off_peak,7.0,12,1346.1923,1027.6518,318.5405,996.0137,728.1552,7622.4,9,True,63,1,4,58,340301->340456->340502->340560->646141->587890->587891->339558->339337->111369->562926->111366->111357->111365->338931->340027->613620->613748->339941->646276->646278->646249->338395->613788->338611->613666->338773->338391->338404->338405->338402->338397->338396->340035->338897->340186->340185->587863->338279->338280->339584->339216->338356->338355->562954->562956->338344->338312->339664->339000->339297->338311->339265->338310->343919->343726->341535->341739->342112->342113->341519->343157->342801->341509
shortest_dijkstra,od3_segok_samsung,long,off_peak,7.0,13,1270.1232,1061.7345,208.3886,929.388,476.3579,7622.4,7,True,63,1,4,58,340301->340456->340502->340560->646141->587890->587891->339558->339337->111369->562926->111366->111357->111365->338931->340027->613620->613748->339941->646276->646278->646249->338395->613788->338611->613666->338773->338391->338404->338405->338402->338397->338396->340035->338897->340186->340185->587863->338279->338280->339584->339216->338356->338355->562954->562956->338344->338312->339664->339000->339297->338311->339265->338310->343919->343726->341535->341739->342112->342113->341519->343157->342801->341509
shortest_dijkstra,od3_segok_samsung,long,off_peak,7.0,14,1305.1064,1024.795,280.3114,937.1934,640.767,7622.4,9,True,63,1,4,58,340301->340456->340502->340560->646141->587890->587891->339558->339337->111369->562926->111366->111357->111365->338931->340027->613620->613748->339941->646276->646278->646249->338395->613788->338611->613666->338773->338391->338404->338405->338402->338397->338396->340035->338897->340186->340185->587863->338279->338280->339584->339216->338356->338355->562954->562956->338344->338312->339664->339000->339297->338311->339265->338310->343919->343726->341535->341739->342112->342113->341519->343157->342801->341509
shortest_dijkstra,od3_segok_samsung,long,off_peak,7.0,15,1362.5971,1106.0925,256.5045,973.7065,586.3466,7622.4,8,True,63,1,4,58,340301->340456->340502->340560->646141->587890->587891->339558->339337->111369->562926->111366->111357->111365->338931->340027->613620->613748->339941->646276->646278->646249->338395->613788->338611->613666->338773->338391->338404->338405->338402->338397->338396->340035->338897->340186->340185->587863->338279->338280->339584->339216->338356->338355->562954->562956->338344->338312->339664->339000->339297->338311->339265->338310->343919->343726->341535->341739->342112->342113->341519->343157->342801->341509
shortest_dijkstra,od3_segok_samsung,long,off_peak,7.0,16,1334.57,1068.9393,265.6308,944.6991,607.2083,7622.4,8,True,63,1,4,58,340301->340456->340502->340560->646141->587890->587891->339558->339337->111369->562926->111366->111357->111365->338931->340027->613620->613748->339941->646276->646278->646249->338395->613788->338611->613666->338773->338391->338404->338405->338402->338397->338396->340035->338897->340186->340185->587863->338279->338280->339584->339216->338356->338355->562954->562956->338344->338312->339664->339000->339297->338311->339265->338310->343919->343726->341535->341739->342112->342113->341519->343157->342801->341509
shortest_dijkstra,od3_segok_samsung,long,off_peak,7.0,17,1314.4031,1074.2519,240.1512,1032.6172,548.9642,7622.4,9,True,63,1,4,58,340301->340456->340502->340560->646141->587890->587891->339558->339337->111369->562926->111366->111357->111365->338931->340027->613620->613748->339941->646276->646278->646249->338395->613788->338611->613666->338773->338391->338404->338405->338402->338397->338396->340035->338897->340186->340185->587863->338279->338280->339584->339216->338356->338355->562954->562956->338344->338312->339664->339000->339297->338311->339265->338310->343919->343726->341535->341739->342112->342113->341519->343157->342801->341509
shortest_dijkstra,od3_segok_samsung,long,off_peak,7.0,18,1295.7808,1047.8372,247.9436,982.5806,566.777,7622.4,8,True,63,1,4,58,340301->340456->340502->340560->646141->587890->587891->339558->339337->111369->562926->111366->111357->111365->338931->340027->613620->613748->339941->646276->646278->646249->338395->613788->338611->613666->338773->338391->338404->338405->338402->338397->338396->340035->338897->340186->340185->587863->338279->338280->339584->339216->338356->338355->562954->562956->338344->338312->339664->339000->339297->338311->339265->338310->343919->343726->341535->341739->342112->342113->341519->343157->342801->341509
shortest_dijkstra,od3_segok_samsung,long,off_peak,7.0,19,1326.5003,1057.1253,269.3751,926.7907,615.7675,7622.4,9,True,63,1,4,58,340301->340456->340502->340560->646141->587890->587891->339558->339337->111369->562926->111366->111357->111365->338931->340027->613620->613748->339941->646276->646278->646249->338395->613788->338611->613666->338773->338391->338404->338405->338402->338397->338396->340035->338897->340186->340185->587863->338279->338280->339584->339216->338356->338355->562954->562956->338344->338312->339664->339000->339297->338311->339265->338310->343919->343726->341535->341739->342112->342113->341519->343157->342801->341509
shortest_dijkstra,od3_segok_samsung,long,off_peak,7.0,20,1163.94,1041.0996,122.8404,912.3819,280.8023,7622.4,6,True,63,1,4,58,340301->340456->340502->340560->646141->587890->587891->339558->339337->111369->562926->111366->111357->111365->338931->340027->613620->613748->339941->646276->646278->646249->338395->613788->338611->613666->338773->338391->338404->338405->338402->338397->338396->340035->338897->340186->340185->587863->338279->338280->339584->339216->338356->338355->562954->562956->338344->338312->339664->339000->339297->338311->339265->338310->343919->343726->341535->341739->342112->342113->341519->343157->342801->341509
shortest_dijkstra,od3_segok_samsung,long,off_peak,7.0,21,1230.6527,1014.0005,216.6522,895.514,495.2478,7622.4,8,True,63,1,4,58,340301->340456->340502->340560->646141->587890->587891->339558->339337->111369->562926->111366->111357->111365->338931->340027->613620->613748->339941->646276->646278->646249->338395->613788->338611->613666->338773->338391->338404->338405->338402->338397->338396->340035->338897->340186->340185->587863->338279->338280->339584->339216->338356->338355->562954->562956->338344->338312->339664->339000->339297->338311->339265->338310->343919->343726->341535->341739->342112->342113->341519->343157->342801->341509
shortest_dijkstra,od3_segok_samsung,long,off_peak,7.0,22,1319.7976,995.3433,324.4543,982.6316,741.6738,7622.4,10,True,63,1,4,58,340301->340456->340502->340560->646141->587890->587891->339558->339337->111369->562926->111366->111357->111365->338931->340027->613620->613748->339941->646276->646278->646249->338395->613788->338611->613666->338773->338391->338404->338405->338402->338397->338396->340035->338897->340186->340185->587863->338279->338280->339584->339216->338356->338355->562954->562956->338344->338312->339664->339000->339297->338311->339265->338310->343919->343726->341535->341739->342112->342113->341519->343157->342801->341509
shortest_dijkstra,od3_segok_samsung,long,off_peak,7.0,23,1278.4175,1038.4925,239.925,1017.2971,548.4473,7622.4,8,True,63,1,4,58,340301->340456->340502->340560->646141->587890->587891->339558->339337->111369->562926->111366->111357->111365->338931->340027->613620->613748->339941->646276->646278->646249->338395->613788->338611->613666->338773->338391->338404->338405->338402->338397->338396->340035->338897->340186->340185->587863->338279->338280->339584->339216->338356->338355->562954->562956->338344->338312->339664->339000->339297->338311->339265->338310->343919->343726->341535->341739->342112->342113->341519->343157->342801->341509
shortest_dijkstra,od3_segok_samsung,long,off_peak,7.0,24,1433.2898,1116.7511,316.5387,1005.4532,723.5795,7622.4,10,True,63,1,4,58,340301->340456->340502->340560->646141->587890->587891->339558->339337->111369->562926->111366->111357->111365->338931->340027->613620->613748->339941->646276->646278->646249->338395->613788->338611->613666->338773->338391->338404->338405->338402->338397->338396->340035->338897->340186->340185->587863->338279->338280->339584->339216->338356->338355->562954->562956->338344->338312->339664->339000->339297->338311->339265->338310->343919->343726->341535->341739->342112->342113->341519->343157->342801->341509
shortest_dijkstra,od3_segok_samsung,long,off_peak,7.0,25,1329.5112,1059.3832,270.128,966.7456,617.4887,7622.4,9,True,63,1,4,58,340301->340456->340502->340560->646141->587890->587891->339558->339337->111369->562926->111366->111357->111365->338931->340027->613620->613748->339941->646276->646278->646249->338395->613788->338611->613666->338773->338391->338404->338405->338402->338397->338396->340035->338897->340186->340185->587863->338279->338280->339584->339216->338356->338355->562954->562956->338344->338312->339664->339000->339297->338311->339265->338310->343919->343726->341535->341739->342112->342113->341519->343157->342801->341509
shortest_dijkstra,od3_segok_samsung,long,off_peak,7.0,26,1255.1853,1025.4374,229.7479,1013.48,525.1834,7622.4,8,True,63,1,4,58,340301->340456->340502->340560->646141->587890->587891->339558->339337->111369->562926->111366->111357->111365->338931->340027->613620->613748->339941->646276->646278->646249->338395->613788->338611->613666->338773->338391->338404->338405->338402->338397->338396->340035->338897->340186->340185->587863->338279->338280->339584->339216->338356->338355->562954->562956->338344->338312->339664->339000->339297->338311->339265->338310->343919->343726->341535->341739->342112->342113->341519->343157->342801->341509
shortest_dijkstra,od3_segok_samsung,long,off_peak,7.0,27,1246.5326,1054.9705,191.5621,972.9136,437.894,7622.4,7,True,63,1,4,58,340301->340456->340502->340560->646141->587890->587891->339558->339337->111369->562926->111366->111357->111365->338931->340027->613620->613748->339941->646276->646278->646249->338395->613788->338611->613666->338773->338391->338404->338405->338402->338397->338396->340035->338897->340186->340185->587863->338279->338280->339584->339216->338356->338355->562954->562956->338344->338312->339664->339000->339297->338311->339265->338310->343919->343726->341535->341739->342112->342113->341519->343157->342801->341509
shortest_dijkstra,od3_segok_samsung,long,off_peak,7.0,28,1275.9833,1056.5658,219.4175,886.7666,501.5688,7622.4,8,True,63,1,4,58,340301->340456->340502->340560->646141->587890->587891->339558->339337->111369->562926->111366->111357->111365->338931->340027->613620->613748->339941->646276->646278->646249->338395->613788->338611->613666->338773->338391->338404->338405->338402->338397->338396->340035->338897->340186->340185->587863->338279->338280->339584->339216->338356->338355->562954->562956->338344->338312->339664->339000->339297->338311->339265->338310->343919->343726->341535->341739->342112->342113->341519->343157->342801->341509
shortest_dijkstra,od3_segok_samsung,long,off_peak,7.0,29,1182.7846,1056.6162,126.1684,918.9711,288.4097,7622.4,6,True,63,1,4,58,340301->340456->340502->340560->646141->587890->587891->339558->339337->111369->562926->111366->111357->111365->338931->340027->613620->613748->339941->646276->646278->646249->338395->613788->338611->613666->338773->338391->338404->338405->338402->338397->338396->340035->338897->340186->340185->587863->338279->338280->339584->339216->338356->338355->562954->562956->338344->338312->339664->339000->339297->338311->339265->338310->343919->343726->341535->341739->342112->342113->341519->343157->342801->341509
shortest_dijkstra,od3_segok_samsung,long,off_peak,7.0,30,1292.3982,1020.2632,272.135,933.6927,622.0764,7622.4,8,True,63,1,4,58,340301->340456->340502->340560->646141->587890->587891->339558->339337->111369->562926->111366->111357->111365->338931->340027->613620->613748->339941->646276->646278->646249->338395->613788->338611->613666->338773->338391->338404->338405->338402->338397->338396->340035->338897->340186->340185->587863->338279->338280->339584->339216->338356->338355->562954->562956->338344->338312->339664->339000->339297->338311->339265->338310->343919->343726->341535->341739->342112->342113->341519->343157->342801->341509
shortest_dijkstra,od3_segok_samsung,long,peak,8.0,1,1347.9004,1049.1702,298.7302,1042.1088,682.8707,7622.4,9,True,63,1,4,58,340301->340456->340502->340560->646141->587890->587891->339558->339337->111369->562926->111366->111357->111365->338931->340027->613620->613748->339941->646276->646278->646249->338395->613788->338611->613666->338773->338391->338404->338405->338402->338397->338396->340035->338897->340186->340185->587863->338279->338280->339584->339216->338356->338355->562954->562956->338344->338312->339664->339000->339297->338311->339265->338310->343919->343726->341535->341739->342112->342113->341519->343157->342801->341509
shortest_dijkstra,od3_segok_samsung,long,peak,8.0,2,1350.6068,1078.3554,272.2514,1118.7578,622.3425,7622.4,10,True,63,1,4,58,340301->340456->340502->340560->646141->587890->587891->339558->339337->111369->562926->111366->111357->111365->338931->340027->613620->613748->339941->646276->646278->646249->338395->613788->338611->613666->338773->338391->338404->338405->338402->338397->338396->340035->338897->340186->340185->587863->338279->338280->339584->339216->338356->338355->562954->562956->338344->338312->339664->339000->339297->338311->339265->338310->343919->343726->341535->341739->342112->342113->341519->343157->342801->341509
shortest_dijkstra,od3_segok_samsung,long,peak,8.0,3,1392.6335,1111.4924,281.1411,1094.5241,642.6635,7622.4,10,True,63,1,4,58,340301->340456->340502->340560->646141->587890->587891->339558->339337->111369->562926->111366->111357->111365->338931->340027->613620->613748->339941->646276->646278->646249->338395->613788->338611->613666->338773->338391->338404->338405->338402->338397->338396->340035->338897->340186->340185->587863->338279->338280->339584->339216->338356->338355->562954->562956->338344->338312->339664->339000->339297->338311->339265->338310->343919->343726->341535->341739->342112->342113->341519->343157->342801->341509
shortest_dijkstra,od3_segok_samsung,long,peak,8.0,4,1380.7351,1103.9045,276.8306,1111.98,632.8102,7622.4,10,True,63,1,4,58,340301->340456->340502->340560->646141->587890->587891->339558->339337->111369->562926->111366->111357->111365->338931->340027->613620->613748->339941->646276->646278->646249->338395->613788->338611->613666->338773->338391->338404->338405->338402->338397->338396->340035->338897->340186->340185->587863->338279->338280->339584->339216->338356->338355->562954->562956->338344->338312->339664->339000->339297->338311->339265->338310->343919->343726->341535->341739->342112->342113->341519->343157->342801->341509
shortest_dijkstra,od3_segok_samsung,long,peak,8.0,5,1426.0302,1141.9882,284.0421,1164.0149,649.295,7622.4,9,True,63,1,4,58,340301->340456->340502->340560->646141->587890->587891->339558->339337->111369->562926->111366->111357->111365->338931->340027->613620->613748->339941->646276->646278->646249->338395->613788->338611->613666->338773->338391->338404->338405->338402->338397->338396->340035->338897->340186->340185->587863->338279->338280->339584->339216->338356->338355->562954->562956->338344->338312->339664->339000->339297->338311->339265->338310->343919->343726->341535->341739->342112->342113->341519->343157->342801->341509
shortest_dijkstra,od3_segok_samsung,long,peak,8.0,6,1391.5497,1103.4888,288.0609,1074.6322,658.4817,7622.4,9,True,63,1,4,58,340301->340456->340502->340560->646141->587890->587891->339558->339337->111369->562926->111366->111357->111365->338931->340027->613620->613748->339941->646276->646278->646249->338395->613788->338611->613666->338773->338391->338404->338405->338402->338397->338396->340035->338897->340186->340185->587863->338279->338280->339584->339216->338356->338355->562954->562956->338344->338312->339664->339000->339297->338311->339265->338310->343919->343726->341535->341739->342112->342113->341519->343157->342801->341509
shortest_dijkstra,od3_segok_samsung,long,peak,8.0,7,1361.8787,1085.5112,276.3674,1116.8824,631.7514,7622.4,10,True,63,1,4,58,340301->340456->340502->340560->646141->587890->587891->339558->339337->111369->562926->111366->111357->111365->338931->340027->613620->613748->339941->646276->646278->646249->338395->613788->338611->613666->338773->338391->338404->338405->338402->338397->338396->340035->338897->340186->340185->587863->338279->338280->339584->339216->338356->338355->562954->562956->338344->338312->339664->339000->339297->338311->339265->338310->343919->343726->341535->341739->342112->342113->341519->343157->342801->341509
shortest_dijkstra,od3_segok_samsung,long,peak,8.0,8,1477.8272,1150.3212,327.506,1212.7061,748.6497,7622.4,10,True,63,1,4,58,340301->340456->340502->340560->646141->587890->587891->339558->339337->111369->562926->111366->111357->111365->338931->340027->613620->613748->339941->646276->646278->646249->338395->613788->338611->613666->338773->338391->338404->338405->338402->338397->338396->340035->338897->340186->340185->587863->338279->338280->339584->339216->338356->338355->562954->562956->338344->338312->339664->339000->339297->338311->339265->338310->343919->343726->341535->341739->342112->342113->341519->343157->342801->341509
shortest_dijkstra,od3_segok_samsung,long,peak,8.0,9,1410.9509,1153.8452,257.1056,1159.8182,587.7207,7622.4,9,True,63,1,4,58,340301->340456->340502->340560->646141->587890->587891->339558->339337->111369->562926->111366->111357->111365->338931->340027->613620->613748->339941->646276->646278->646249->338395->613788->338611->613666->338773->338391->338404->338405->338402->338397->338396->340035->338897->340186->340185->587863->338279->338280->339584->339216->338356->338355->562954->562956->338344->338312->339664->339000->339297->338311->339265->338310->343919->343726->341535->341739->342112->342113->341519->343157->342801->341509
shortest_dijkstra,od3_segok_samsung,long,peak,8.0,10,1390.007,1107.4165,282.5905,1092.0691,645.9769,7622.4,9,True,63,1,4,58,340301->340456->340502->340560->646141->587890->587891->339558->339337->111369->562926->111366->111357->111365->338931->340027->613620->613748->339941->646276->646278->646249->338395->613788->338611->613666->338773->338391->338404->338405->338402->338397->338396->340035->338897->340186->340185->587863->338279->338280->339584->339216->338356->338355->562954->562956->338344->338312->339664->339000->339297->338311->339265->338310->343919->343726->341535->341739->342112->342113->341519->343157->342801->341509
shortest_dijkstra,od3_segok_samsung,long,peak,8.0,11,1370.6817,1103.1679,267.5139,1127.2978,611.5129,7622.4,8,True,63,1,4,58,340301->340456->340502->340560->646141->587890->587891->339558->339337->111369->562926->111366->111357->111365->338931->340027->613620->613748->339941->646276->646278->646249->338395->613788->338611->613666->338773->338391->338404->338405->338402->338397->338396->340035->338897->340186->340185->587863->338279->338280->339584->339216->338356->338355->562954->562956->338344->338312->339664->339000->339297->338311->339265->338310->343919->343726->341535->341739->342112->342113->341519->343157->342801->341509
shortest_dijkstra,od3_segok_samsung,long,peak,8.0,12,1310.5754,1077.2945,233.281,1233.4297,533.2596,7622.4,8,True,63,1,4,58,340301->340456->340502->340560->646141->587890->587891->339558->339337->111369->562926->111366->111357->111365->338931->340027->613620->613748->339941->646276->646278->646249->338395->613788->338611->613666->338773->338391->338404->338405->338402->338397->338396->340035->338897->340186->340185->587863->338279->338280->339584->339216->338356->338355->562954->562956->338344->338312->339664->339000->339297->338311->339265->338310->343919->343726->341535->341739->342112->342113->341519->343157->342801->341509
shortest_dijkstra,od3_segok_samsung,long,peak,8.0,13,1422.7874,1045.9345,376.8529,1057.972,861.4522,7622.4,11,True,63,1,4,58,340301->340456->340502->340560->646141->587890->587891->339558->339337->111369->562926->111366->111357->111365->338931->340027->613620->613748->339941->646276->646278->646249->338395->613788->338611->613666->338773->338391->338404->338405->338402->338397->338396->340035->338897->340186->340185->587863->338279->338280->339584->339216->338356->338355->562954->562956->338344->338312->339664->339000->339297->338311->339265->338310->343919->343726->341535->341739->342112->342113->341519->343157->342801->341509
shortest_dijkstra,od3_segok_samsung,long,peak,8.0,14,1340.3696,1119.8304,220.5392,1107.2079,504.1331,7622.4,8,True,63,1,4,58,340301->340456->340502->340560->646141->587890->587891->339558->339337->111369->562926->111366->111357->111365->338931->340027->613620->613748->339941->646276->646278->646249->338395->613788->338611->613666->338773->338391->338404->338405->338402->338397->338396->340035->338897->340186->340185->587863->338279->338280->339584->339216->338356->338355->562954->562956->338344->338312->339664->339000->339297->338311->339265->338310->343919->343726->341535->341739->342112->342113->341519->343157->342801->341509
shortest_dijkstra,od3_segok_samsung,long,peak,8.0,15,1399.7369,1101.8053,297.9316,1069.2115,681.0453,7622.4,10,True,63,1,4,58,340301->340456->340502->340560->646141->587890->587891->339558->339337->111369->562926->111366->111357->111365->338931->340027->613620->613748->339941->646276->646278->646249->338395->613788->338611->613666->338773->338391->338404->338405->338402->338397->338396->340035->338897->340186->340185->587863->338279->338280->339584->339216->338356->338355->562954->562956->338344->338312->339664->339000->339297->338311->339265->338310->343919->343726->341535->341739->342112->342113->341519->343157->342801->341509
shortest_dijkstra,od3_segok_samsung,long,peak,8.0,16,1397.4693,1121.3286,276.1407,1120.8037,631.2331,7622.4,9,True,63,1,4,58,340301->340456->340502->340560->646141->587890->587891->339558->339337->111369->562926->111366->111357->111365->338931->340027->613620->613748->339941->646276->646278->646249->338395->613788->338611->613666->338773->338391->338404->338405->338402->338397->338396->340035->338897->340186->340185->587863->338279->338280->339584->339216->338356->338355->562954->562956->338344->338312->339664->339000->339297->338311->339265->338310->343919->343726->341535->341739->342112->342113->341519->343157->342801->341509
shortest_dijkstra,od3_segok_samsung,long,peak,8.0,17,1294.7201,1041.5641,253.1559,1011.8402,578.692,7622.4,9,True,63,1,4,58,340301->340456->340502->340560->646141->587890->587891->339558->339337->111369->562926->111366->111357->111365->338931->340027->613620->613748->339941->646276->646278->646249->338395->613788->338611->613666->338773->338391->338404->338405->338402->338397->338396->340035->338897->340186->340185->587863->338279->338280->339584->339216->338356->338355->562954->562956->338344->338312->339664->339000->339297->338311->339265->338310->343919->343726->341535->341739->342112->342113->341519->343157->342801->341509
shortest_dijkstra,od3_segok_samsung,long,peak,8.0,18,1355.8451,1063.5959,292.2493,1064.5745,668.0559,7622.4,10,True,63,1,4,58,340301->340456->340502->340560->646141->587890->587891->339558->339337->111369->562926->111366->111357->111365->338931->340027->613620->613748->339941->646276->646278->646249->338395->613788->338611->613666->338773->338391->338404->338405->338402->338397->338396->340035->338897->340186->340185->587863->338279->338280->339584->339216->338356->338355->562954->562956->338344->338312->339664->339000->339297->338311->339265->338310->343919->343726->341535->341739->342112->342113->341519->343157->342801->341509
shortest_dijkstra,od3_segok_samsung,long,peak,8.0,19,1254.0839,1023.7063,230.3776,1090.6221,526.6227,7622.4,8,True,63,1,4,58,340301->340456->340502->340560->646141->587890->587891->339558->339337->111369->562926->111366->111357->111365->338931->340027->613620->613748->339941->646276->646278->646249->338395->613788->338611->613666->338773->338391->338404->338405->338402->338397->338396->340035->338897->340186->340185->587863->338279->338280->339584->339216->338356->338355->562954->562956->338344->338312->339664->339000->339297->338311->339265->338310->343919->343726->341535->341739->342112->342113->341519->343157->342801->341509
shortest_dijkstra,od3_segok_samsung,long,peak,8.0,20,1385.929,1067.9749,317.954,1000.6834,726.8147,7622.4,10,True,63,1,4,58,340301->340456->340502->340560->646141->587890->587891->339558->339337->111369->562926->111366->111357->111365->338931->340027->613620->613748->339941->646276->646278->646249->338395->613788->338611->613666->338773->338391->338404->338405->338402->338397->338396->340035->338897->340186->340185->587863->338279->338280->339584->339216->338356->338355->562954->562956->338344->338312->339664->339000->339297->338311->339265->338310->343919->343726->341535->341739->342112->342113->341519->343157->342801->341509
shortest_dijkstra,od3_segok_samsung,long,peak,8.0,21,1362.1733,1125.0294,237.1439,1204.5444,542.0899,7622.4,8,True,63,1,4,58,340301->340456->340502->340560->646141->587890->587891->339558->339337->111369->562926->111366->111357->111365->338931->340027->613620->613748->339941->646276->646278->646249->338395->613788->338611->613666->338773->338391->338404->338405->338402->338397->338396->340035->338897->340186->340185->587863->338279->338280->339584->339216->338356->338355->562954->562956->338344->338312->339664->339000->339297->338311->339265->338310->343919->343726->341535->341739->342112->342113->341519->343157->342801->341509
shortest_dijkstra,od3_segok_samsung,long,peak,8.0,22,1348.3742,1069.3742,279.0,1096.7882,637.7693,7622.4,10,True,63,1,4,58,340301->340456->340502->340560->646141->587890->587891->339558->339337->111369->562926->111366->111357->111365->338931->340027->613620->613748->339941->646276->646278->646249->338395->613788->338611->613666->338773->338391->338404->338405->338402->338397->338396->340035->338897->340186->340185->587863->338279->338280->339584->339216->338356->338355->562954->562956->338344->338312->339664->339000->339297->338311->339265->338310->343919->343726->341535->341739->342112->342113->341519->343157->342801->341509
shortest_dijkstra,od3_segok_samsung,long,peak,8.0,23,1380.9773,1100.2445,280.7328,1110.813,641.7302,7622.4,10,True,63,1,4,58,340301->340456->340502->340560->646141->587890->587891->339558->339337->111369->562926->111366->111357->111365->338931->340027->613620->613748->339941->646276->646278->646249->338395->613788->338611->613666->338773->338391->338404->338405->338402->338397->338396->340035->338897->340186->340185->587863->338279->338280->339584->339216->338356->338355->562954->562956->338344->338312->339664->339000->339297->338311->339265->338310->343919->343726->341535->341739->342112->342113->341519->343157->342801->341509
shortest_dijkstra,od3_segok_samsung,long,peak,8.0,24,1333.8977,1053.6821,280.2156,1096.1408,640.548,7622.4,10,True,63,1,4,58,340301->340456->340502->340560->646141->587890->587891->339558->339337->111369->562926->111366->111357->111365->338931->340027->613620->613748->339941->646276->646278->646249->338395->613788->338611->613666->338773->338391->338404->338405->338402->338397->338396->340035->338897->340186->340185->587863->338279->338280->339584->339216->338356->338355->562954->562956->338344->338312->339664->339000->339297->338311->339265->338310->343919->343726->341535->341739->342112->342113->341519->343157->342801->341509
shortest_dijkstra,od3_segok_samsung,long,peak,8.0,25,1405.0609,1140.575,264.4859,1145.0335,604.5914,7622.4,9,True,63,1,4,58,340301->340456->340502->340560->646141->587890->587891->339558->339337->111369->562926->111366->111357->111365->338931->340027->613620->613748->339941->646276->646278->646249->338395->613788->338611->613666->338773->338391->338404->338405->338402->338397->338396->340035->338897->340186->340185->587863->338279->338280->339584->339216->338356->338355->562954->562956->338344->338312->339664->339000->339297->338311->339265->338310->343919->343726->341535->341739->342112->342113->341519->343157->342801->341509
shortest_dijkstra,od3_segok_samsung,long,peak,8.0,26,1329.8762,1100.3069,229.5692,1197.0709,524.7749,7622.4,7,True,63,1,4,58,340301->340456->340502->340560->646141->587890->587891->339558->339337->111369->562926->111366->111357->111365->338931->340027->613620->613748->339941->646276->646278->646249->338395->613788->338611->613666->338773->338391->338404->338405->338402->338397->338396->340035->338897->340186->340185->587863->338279->338280->339584->339216->338356->338355->562954->562956->338344->338312->339664->339000->339297->338311->339265->338310->343919->343726->341535->341739->342112->342113->341519->343157->342801->341509
shortest_dijkstra,od3_segok_samsung,long,peak,8.0,27,1361.7941,1085.2139,276.5802,1112.8939,632.2378,7622.4,8,True,63,1,4,58,340301->340456->340502->340560->646141->587890->587891->339558->339337->111369->562926->111366->111357->111365->338931->340027->613620->613748->339941->646276->646278->646249->338395->613788->338611->613666->338773->338391->338404->338405->338402->338397->338396->340035->338897->340186->340185->587863->338279->338280->339584->339216->338356->338355->562954->562956->338344->338312->339664->339000->339297->338311->339265->338310->343919->343726->341535->341739->342112->342113->341519->343157->342801->341509
shortest_dijkstra,od3_segok_samsung,long,peak,8.0,28,1319.1728,1073.9343,245.2385,1032.8089,560.5934,7622.4,9,True,63,1,4,58,340301->340456->340502->340560->646141->587890->587891->339558->339337->111369->562926->111366->111357->111365->338931->340027->613620->613748->339941->646276->646278->646249->338395->613788->338611->613666->338773->338391->338404->338405->338402->338397->338396->340035->338897->340186->340185->587863->338279->338280->339584->339216->338356->338355->562954->562956->338344->338312->339664->339000->339297->338311->339265->338310->343919->343726->341535->341739->342112->342113->341519->343157->342801->341509
shortest_dijkstra,od3_segok_samsung,long,peak,8.0,29,1353.8111,1040.765,313.0461,1007.0304,715.5955,7622.4,10,True,63,1,4,58,340301->340456->340502->340560->646141->587890->587891->339558->339337->111369->562926->111366->111357->111365->338931->340027->613620->613748->339941->646276->646278->646249->338395->613788->338611->613666->338773->338391->338404->338405->338402->338397->338396->340035->338897->340186->340185->587863->338279->338280->339584->339216->338356->338355->562954->562956->338344->338312->339664->339000->339297->338311->339265->338310->343919->343726->341535->341739->342112->342113->341519->343157->342801->341509
shortest_dijkstra,od3_segok_samsung,long,peak,8.0,30,1379.1251,1118.7861,260.339,1151.2804,595.1118,7622.4,10,True,63,1,4,58,340301->340456->340502->340560->646141->587890->587891->339558->339337->111369->562926->111366->111357->111365->338931->340027->613620->613748->339941->646276->646278->646249->338395->613788->338611->613666->338773->338391->338404->338405->338402->338397->338396->340035->338897->340186->340185->587863->338279->338280->339584->339216->338356->338355->562954->562956->338344->338312->339664->339000->339297->338311->339265->338310->343919->343726->341535->341739->342112->342113->341519->343157->342801->341509
static_fuel_dijkstra,od1_sinnonhyeon_suseo,long,off_peak,7.0,1,1298.5125,1173.124,125.3885,1017.3442,286.6269,9391.5,6,True,64,5,8,51,342695->342700->343100->342865->342652->342116->342672->340587->342670->343657->342666->342663->342681->341587->341794->342634->340699->342632->343072->341795->341544->341796->343669->341798->342622->341797->341771->341545->340698->341540->340697->343457->341546->344219->646319->563132->343774->343516->341492->340588->342606->342607->587988->342821->341768->646932->341500->341501->343078->647029->647031->647028->647033->342043->338909->338898->338897->340035->338396->338400->338399->338391->338773->613666->613667
static_fuel_dijkstra,od1_sinnonhyeon_suseo,long,off_peak,7.0,2,1284.3971,1118.1233,166.2738,1084.3659,380.0871,9391.5,7,True,64,5,8,51,342695->342700->343100->342865->342652->342116->342672->340587->342670->343657->342666->342663->342681->341587->341794->342634->340699->342632->343072->341795->341544->341796->343669->341798->342622->341797->341771->341545->340698->341540->340697->343457->341546->344219->646319->563132->343774->343516->341492->340588->342606->342607->587988->342821->341768->646932->341500->341501->343078->647029->647031->647028->647033->342043->338909->338898->338897->340035->338396->338400->338399->338391->338773->613666->613667
static_fuel_dijkstra,od1_sinnonhyeon_suseo,long,off_peak,7.0,3,1261.0102,1148.095,112.9152,1084.6068,258.1141,9391.5,5,True,63,5,8,50,342695->342700->343100->342865->342652->342116->342672->340587->342670->343657->342666->342663->342681->342617->342634->340699->342632->343072->341795->341544->341796->343669->341798->342622->341797->341771->341545->340698->341540->340697->343457->341546->344219->646319->563132->343774->343516->341492->340588->342606->342607->587988->342821->341768->646932->341500->341501->343078->647029->647031->647028->647033->342043->338909->338898->338897->340035->338396->338400->338399->338391->338773->613666->613667
static_fuel_dijkstra,od1_sinnonhyeon_suseo,long,off_peak,7.0,4,1314.8389,1190.2062,124.6326,1000.5895,284.8992,9391.5,7,True,64,5,8,51,342695->342700->343100->342865->342652->342116->342672->340587->342670->343657->342666->342663->342681->341587->341794->342634->340699->342632->343072->341795->341544->341796->343669->341798->342622->341797->341771->341545->340698->341540->340697->343457->341546->344219->646319->563132->343774->343516->341492->340588->342606->342607->587988->342821->341768->646932->341500->341501->343078->647029->647031->647028->647033->342043->338909->338898->338897->340035->338396->338400->338399->338391->338773->613666->613667
static_fuel_dijkstra,od1_sinnonhyeon_suseo,long,off_peak,7.0,5,1247.6413,1132.8619,114.7795,1008.4314,262.3757,9391.5,6,True,64,5,8,51,342695->342700->343100->342865->342652->342116->342672->340587->342670->343657->342666->342663->342681->341587->341794->342634->340699->342632->343072->341795->341544->341796->343669->341798->342622->341797->341771->341545->340698->341540->340697->343457->341546->344219->646319->563132->343774->343516->341492->340588->342606->342607->587988->342821->341768->646932->341500->341501->343078->647029->647031->647028->647033->342043->338909->338898->338897->340035->338396->338400->338399->338391->338773->613666->613667
static_fuel_dijkstra,od1_sinnonhyeon_suseo,long,off_peak,7.0,6,1272.6378,1161.4233,111.2145,1094.5385,254.2264,9391.5,7,True,64,5,8,51,342695->342700->343100->342865->342652->342116->342672->340587->342670->343657->342666->342663->342681->341587->341794->342634->340699->342632->343072->341795->341544->341796->343669->341798->342622->341797->341771->341545->340698->341540->340697->343457->341546->344219->646319->563132->343774->343516->341492->340588->342606->342607->587988->342821->341768->646932->341500->341501->343078->647029->647031->647028->647033->342043->338909->338898->338897->340035->338396->338400->338399->338391->338773->613666->613667
static_fuel_dijkstra,od1_sinnonhyeon_suseo,long,off_peak,7.0,7,1231.7113,1116.1172,115.5941,1021.3333,264.2379,9391.5,6,True,64,5,8,51,342695->342700->343100->342865->342652->342116->342672->340587->342670->343657->342666->342663->342681->341587->341794->342634->340699->342632->343072->341795->341544->341796->343669->341798->342622->341797->341771->341545->340698->341540->340697->343457->341546->344219->646319->563132->343774->343516->341492->340588->342606->342607->587988->342821->341768->646932->341500->341501->343078->647029->647031->647028->647033->342043->338909->338898->338897->340035->338396->338400->338399->338391->338773->613666->613667
static_fuel_dijkstra,od1_sinnonhyeon_suseo,long,off_peak,7.0,8,1246.3218,1138.5816,107.7402,1026.5128,246.2845,9391.5,7,True,63,5,8,50,342695->342700->343100->342865->342652->342116->342672->340587->342670->343657->342666->342663->342681->342617->342634->340699->342632->343072->341795->341544->341796->343669->341798->342622->341797->341771->341545->340698->341540->340697->343457->341546->344219->646319->563132->343774->343516->341492->340588->342606->342607->587988->342821->341768->646932->341500->341501->343078->647029->647031->647028->647033->342043->338909->338898->338897->340035->338396->338400->338399->338391->338773->613666->613667
static_fuel_dijkstra,od1_sinnonhyeon_suseo,long,off_peak,7.0,9,1227.4622,1124.4021,103.0601,1045.8561,235.5862,9391.5,5,True,64,5,8,51,342695->342700->343100->342865->342652->342116->342672->340587->342670->343657->342666->342663->342681->341587->341794->342634->340699->342632->343072->341795->341544->341796->343669->341798->342622->341797->341771->341545->340698->341540->340697->343457->341546->344219->646319->563132->343774->343516->341492->340588->342606->342607->587988->342821->341768->646932->341500->341501->343078->647029->647031->647028->647033->342043->338909->338898->338897->340035->338396->338400->338399->338391->338773->613666->613667
static_fuel_dijkstra,od1_sinnonhyeon_suseo,long,off_peak,7.0,10,1335.1598,1157.6684,177.4915,1042.8757,405.7297,9391.5,7,True,64,5,8,51,342695->342700->343100->342865->342652->342116->342672->340587->342670->343657->342666->342663->342681->341587->341794->342634->340699->342632->343072->341795->341544->341796->343669->341798->342622->341797->341771->341545->340698->341540->340697->343457->341546->344219->646319->563132->343774->343516->341492->340588->342606->342607->587988->342821->341768->646932->341500->341501->343078->647029->647031->647028->647033->342043->338909->338898->338897->340035->338396->338400->338399->338391->338773->613666->613667
static_fuel_dijkstra,od1_sinnonhyeon_suseo,long,off_peak,7.0,11,1339.0741,1231.4726,107.6016,1029.0875,245.9676,9391.5,5,True,64,5,8,51,342695->342700->343100->342865->342652->342116->342672->340587->342670->343657->342666->342663->342681->341587->341794->342634->340699->342632->343072->341795->341544->341796->343669->341798->342622->341797->341771->341545->340698->341540->340697->343457->341546->344219->646319->563132->343774->343516->341492->340588->342606->342607->587988->342821->341768->646932->341500->341501->343078->647029->647031->647028->647033->342043->338909->338898->338897->340035->338396->338400->338399->338391->338773->613666->613667
static_fuel_dijkstra,od1_sinnonhyeon_suseo,long,off_peak,7.0,12,1238.8525,1136.1927,102.6597,1065.4144,234.6711,9391.5,6,True,63,5,8,50,342695->342700->343100->342865->342652->342116->342672->340587->342670->343657->342666->342663->342681->342617->342634->340699->342632->343072->341795->341544->341796->343669->341798->342622->341797->341771->341545->340698->341540->340697->343457->341546->344219->646319->563132->343774->343516->341492->340588->342606->342607->587988->342821->341768->646932->341500->341501->343078->647029->647031->647028->647033->342043->338909->338898->338897->340035->338396->338400->338399->338391->338773->613666->613667
static_fuel_dijkstra,od1_sinnonhyeon_suseo,long,off_peak,7.0,13,1318.2592,1142.5941,175.6651,1023.9157,401.5549,9460.4,8,True,64,7,11,46,342695->342700->343100->342865->342652->342116->342672->340587->342670->343657->342666->342663->342681->341587->341794->342634->340699->342632->343072->341795->341544->341796->343669->341798->342622->341797->341771->341545->340698->341540->340697->343457->341546->344219->646319->563132->343774->343516->341492->340588->342606->342607->587988->342821->343267->343341->343340->341501->343078->647029->647031->647028->647033->342043->338909->338898->338897->340035->338396->338400->338399->338391->338773->613666->613667
static_fuel_dijkstra,od1_sinnonhyeon_suseo,long,off_peak,7.0,14,1375.9985,1212.7363,163.2622,1084.0744,373.2029,9460.4,7,True,64,7,11,46,342695->342700->343100->342865->342652->342116->342672->340587->342670->343657->342666->342663->342681->341587->341794->342634->340699->342632->343072->341795->341544->341796->343669->341798->342622->341797->341771->341545->340698->341540->340697->343457->341546->344219->646319->563132->343774->343516->341492->340588->342606->342607->587988->342821->343267->343341->343340->341501->343078->647029->647031->647028->647033->342043->338909->338898->338897->340035->338396->338400->338399->338391->338773->613666->613667
static_fuel_dijkstra,od1_sinnonhyeon_suseo,long,off_peak,7.0,15,1332.2812,1134.2821,197.9992,1016.8087,452.6085,9391.5,8,True,64,5,8,51,342695->342700->343100->342865->342652->342116->342672->340587->342670->343657->342666->342663->342681->341587->341794->342634->340699->342632->343072->341795->341544->341796->343669->341798->342622->341797->341771->341545->340698->341540->340697->343457->341546->344219->646319->563132->343774->343516->341492->340588->342606->342607->587988->342821->341768->646932->341500->341501->343078->647029->647031->647028->647033->342043->338909->338898->338897->340035->338396->338400->338399->338391->338773->613666->613667
static_fuel_dijkstra,od1_sinnonhyeon_suseo,long,off_peak,7.0,16,1454.864,1237.8603,217.0037,1123.7539,496.0512,9391.5,6,True,63,5,8,50,342695->342700->343100->342865->342652->342116->342672->340587->342670->343657->342666->342663->342681->342617->342634->340699->342632->343072->341795->341544->341796->343669->341798->342622->341797->341771->341545->340698->341540->340697->343457->341546->344219->646319->563132->343774->343516->341492->340588->342606->342607->587988->342821->341768->646932->341500->341501->343078->647029->647031->647028->647033->342043->338909->338898->338897->340035->338396->338400->338399->338391->338773->613666->613667
static_fuel_dijkstra,od1_sinnonhyeon_suseo,long,off_peak,7.0,17,1247.8688,1130.8163,117.0524,975.0002,267.5715,9391.5,7,True,64,5,8,51,342695->342700->343100->342865->342652->342116->342672->340587->342670->343657->342666->342663->342681->341587->341794->342634->340699->342632->343072->341795->341544->341796->343669->341798->342622->341797->341771->341545->340698->341540->340697->343457->341546->344219->646319->563132->343774->343516->341492->340588->342606->342607->587988->342821->341768->646932->341500->341501->343078->647029->647031->647028->647033->342043->338909->338898->338897->340035->338396->338400->338399->338391->338773->613666->613667
static_fuel_dijkstra,od1_sinnonhyeon_suseo,long,off_peak,7.0,18,1321.6136,1191.2104,130.4032,997.0507,298.0901,9391.5,7,True,64,5,8,51,342695->342700->343100->342865->342652->342116->342672->340587->342670->343657->342666->342663->342681->341587->341794->342634->340699->342632->343072->341795->341544->341796->343669->341798->342622->341797->341771->341545->340698->341540->340697->343457->341546->344219->646319->563132->343774->343516->341492->340588->342606->342607->587988->342821->341768->646932->341500->341501->343078->647029->647031->647028->647033->342043->338909->338898->338897->340035->338396->338400->338399->338391->338773->613666->613667
static_fuel_dijkstra,od1_sinnonhyeon_suseo,long,off_peak,7.0,19,1385.4782,1190.3902,195.0879,982.8581,445.9537,9391.5,7,True,64,5,8,51,342695->342700->343100->342865->342652->342116->342672->340587->342670->343657->342666->342663->342681->341587->341794->342634->340699->342632->343072->341795->341544->341796->343669->341798->342622->341797->341771->341545->340698->341540->340697->343457->341546->344219->646319->563132->343774->343516->341492->340588->342606->342607->587988->342821->341768->646932->341500->341501->343078->647029->647031->647028->647033->342043->338909->338898->338897->340035->338396->338400->338399->338391->338773->613666->613667
static_fuel_dijkstra,od1_sinnonhyeon_suseo,long,off_peak,7.0,20,1307.8965,1189.136,118.7605,964.2277,271.476,9391.5,7,True,64,5,8,51,342695->342700->343100->342865->342652->342116->342672->340587->342670->343657->342666->342663->342681->341587->341794->342634->340699->342632->343072->341795->341544->341796->343669->341798->342622->341797->341771->341545->340698->341540->340697->343457->341546->344219->646319->563132->343774->343516->341492->340588->342606->342607->587988->342821->341768->646932->341500->341501->343078->647029->647031->647028->647033->342043->338909->338898->338897->340035->338396->338400->338399->338391->338773->613666->613667
static_fuel_dijkstra,od1_sinnonhyeon_suseo,long,off_peak,7.0,21,1275.0417,1166.5937,108.448,1070.6813,247.9024,9391.5,7,True,64,5,8,51,342695->342700->343100->342865->342652->342116->342672->340587->342670->343657->342666->342663->342681->341587->341794->342634->340699->342632->343072->341795->341544->341796->343669->341798->342622->341797->341771->341545->340698->341540->340697->343457->341546->344219->646319->563132->343774->343516->341492->340588->342606->342607->587988->342821->341768->646932->341500->341501->343078->647029->647031->647028->647033->342043->338909->338898->338897->340035->338396->338400->338399->338391->338773->613666->613667
static_fuel_dijkstra,od1_sinnonhyeon_suseo,long,off_peak,7.0,22,1349.2794,1239.8641,109.4153,1024.9441,250.1137,9391.5,5,True,64,5,8,51,342695->342700->343100->342865->342652->342116->342672->340587->342670->343657->342666->342663->342681->341587->341794->342634->340699->342632->343072->341795->341544->341796->343669->341798->342622->341797->341771->341545->340698->341540->340697->343457->341546->344219->646319->563132->343774->343516->341492->340588->342606->342607->587988->342821->341768->646932->341500->341501->343078->647029->647031->647028->647033->342043->338909->338898->338897->340035->338396->338400->338399->338391->338773->613666->613667
static_fuel_dijkstra,od1_sinnonhyeon_suseo,long,off_peak,7.0,23,1241.9555,1134.2439,107.7116,1042.691,246.2192,9391.5,6,True,63,5,8,50,342695->342700->343100->342865->342652->342116->342672->340587->342670->343657->342666->342663->342681->342617->342634->340699->342632->343072->341795->341544->341796->343669->341798->342622->341797->341771->341545->340698->341540->340697->343457->341546->344219->646319->563132->343774->343516->341492->340588->342606->342607->587988->342821->341768->646932->341500->341501->343078->647029->647031->647028->647033->342043->338909->338898->338897->340035->338396->338400->338399->338391->338773->613666->613667
static_fuel_dijkstra,od1_sinnonhyeon_suseo,long,off_peak,7.0,24,1306.5961,1182.5766,124.0194,1030.9604,283.4974,9391.5,7,True,64,5,8,51,342695->342700->343100->342865->342652->342116->342672->340587->342670->343657->342666->342663->342681->341587->341794->342634->340699->342632->343072->341795->341544->341796->343669->341798->342622->341797->341771->341545->340698->341540->340697->343457->341546->344219->646319->563132->343774->343516->341492->340588->342606->342607->587988->342821->341768->646932->341500->341501->343078->647029->647031->647028->647033->342043->338909->338898->338897->340035->338396->338400->338399->338391->338773->613666->613667
static_fuel_dijkstra,od1_sinnonhyeon_suseo,long,off_peak,7.0,25,1439.8383,1218.5238,221.3145,1154.9894,505.9052,9856.5,7,True,65,7,6,52,342695->342700->343100->342865->342652->342116->342672->340587->342670->343657->342666->342663->342681->341587->341794->342634->340699->342632->343072->341795->341544->341796->343669->341798->342622->341797->341771->341545->340698->341540->340697->343457->341546->344219->646319->563132->343774->343516->341492->341499->344500->342607->587988->342821->341768->646932->342820->342610->341493->341490->342050->647032->647028->647033->342043->338909->338898->338897->340035->338396->338400->338399->338391->338773->613666->613667
static_fuel_dijkstra,od1_sinnonhyeon_suseo,long,off_peak,7.0,26,1324.6976,1154.5693,170.1283,1056.468,388.8982,9391.5,6,True,64,5,8,51,342695->342700->343100->342865->342652->342116->342672->340587->342670->343657->342666->342663->342681->341587->341794->342634->340699->342632->343072->341795->341544->341796->343669->341798->342622->341797->341771->341545->340698->341540->340697->343457->341546->344219->646319->563132->343774->343516->341492->340588->342606->342607->587988->342821->341768->646932->341500->341501->343078->647029->647031->647028->647033->342043->338909->338898->338897->340035->338396->338400->338399->338391->338773->613666->613667
static_fuel_dijkstra,od1_sinnonhyeon_suseo,long,off_peak,7.0,27,1307.2911,1206.0988,101.1924,1092.3062,231.3168,9391.5,5,True,64,5,8,51,342695->342700->343100->342865->342652->342116->342672->340587->342670->343657->342666->342663->342681->341587->341794->342634->340699->342632->343072->341795->341544->341796->343669->341798->342622->341797->341771->341545->340698->341540->340697->343457->341546->344219->646319->563132->343774->343516->341492->340588->342606->342607->587988->342821->341768->646932->341500->341501->343078->647029->647031->647028->647033->342043->338909->338898->338897->340035->338396->338400->338399->338391->338773->613666->613667
static_fuel_dijkstra,od1_sinnonhyeon_suseo,long,off_peak,7.0,28,1260.5737,1115.1252,145.4485,984.9961,332.4824,9391.5,8,True,64,5,8,51,342695->342700->343100->342865->342652->342116->342672->340587->342670->343657->342666->342663->342681->341587->341794->342634->340699->342632->343072->341795->341544->341796->343669->341798->342622->341797->341771->341545->340698->341540->340697->343457->341546->344219->646319->563132->343774->343516->341492->340588->342606->342607->587988->342821->341768->646932->341500->341501->343078->647029->647031->647028->647033->342043->338909->338898->338897->340035->338396->338400->338399->338391->338773->613666->613667
static_fuel_dijkstra,od1_sinnonhyeon_suseo,long,off_peak,7.0,29,1350.5647,1159.461,191.1037,1064.6318,436.846,9391.5,7,True,64,5,8,51,342695->342700->343100->342865->342652->342116->342672->340587->342670->343657->342666->342663->342681->341587->341794->342634->340699->342632->343072->341795->341544->341796->343669->341798->342622->341797->341771->341545->340698->341540->340697->343457->341546->344219->646319->563132->343774->343516->341492->340588->342606->342607->587988->342821->341768->646932->341500->341501->343078->647029->647031->647028->647033->342043->338909->338898->338897->340035->338396->338400->338399->338391->338773->613666->613667
static_fuel_dijkstra,od1_sinnonhyeon_suseo,long,off_peak,7.0,30,1400.1324,1243.7129,156.4195,1115.478,357.561,9460.4,6,True,64,7,11,46,342695->342700->343100->342865->342652->342116->342672->340587->342670->343657->342666->342663->342681->341587->341794->342634->340699->342632->343072->341795->341544->341796->343669->341798->342622->341797->341771->341545->340698->341540->340697->343457->341546->344219->646319->563132->343774->343516->341492->340588->342606->342607->587988->342821->343267->343341->343340->341501->343078->647029->647031->647028->647033->342043->338909->338898->338897->340035->338396->338400->338399->338391->338773->613666->613667
static_fuel_dijkstra,od1_sinnonhyeon_suseo,long,peak,8.0,1,1271.7835,1213.3597,58.4238,1175.7798,133.5516,10127.6,3,True,58,7,11,40,342695->342700->343100->342865->342652->342116->342672->340587->342670->343657->342666->342663->342681->342617->342618->343820->646558->340583->342072->341544->341796->343669->341798->342622->341797->341771->341545->340698->341540->340697->343457->341546->343780->342515->342516->342111->613883->340602->342772->563248->613949->344742->646964->344673->343077->338899->587863->340185->340168->340186->338897->340035->338396->338400->338399->338391->338773->613666->613667
static_fuel_dijkstra,od1_sinnonhyeon_suseo,long,peak,8.0,2,1267.7048,1159.6363,108.0685,1132.3666,247.035,9504.6,5,True,63,5,8,50,342695->342700->343100->342865->342652->342116->342672->340587->342670->343657->342666->342663->342681->342617->342618->343820->646558->340583->342072->341544->341796->343669->341798->342622->341797->341771->341545->340698->341540->340697->343457->341546->344219->646319->563132->343774->343516->341492->341499->344500->342607->587988->342821->341768->646932->341500->341501->343078->647029->647031->647028->647033->342043->338909->338898->338897->340035->338396->338400->338399->338391->338773->613666->613667
static_fuel_dijkstra,od1_sinnonhyeon_suseo,long,peak,8.0,3,1332.1886,1171.0185,161.17,1172.1865,368.4204,9522.2,7,True,63,6,9,48,342695->342700->343100->342865->342652->342116->342672->340587->342670->343657->342666->342663->342681->342617->342618->343820->646558->340583->342072->341544->341796->343669->341798->342622->341797->341771->341545->340698->341540->340697->343457->341546->344219->646319->563132->343774->343516->341492->340588->342606->342607->587988->342821->341768->646932->341500->341501->343078->647029->647031->647028->647033->342043->338909->338898->338897->340035->338396->338400->338399->338391->338773->613666->613667
static_fuel_dijkstra,od1_sinnonhyeon_suseo,long,peak,8.0,4,1292.3592,1178.4086,113.9506,1255.4965,260.4809,9522.2,6,True,63,6,9,48,342695->342700->343100->342865->342652->342116->342672->340587->342670->343657->342666->342663->342681->342617->342618->343820->646558->340583->342072->341544->341796->343669->341798->342622->341797->341771->341545->340698->341540->340697->343457->341546->344219->646319->563132->343774->343516->341492->340588->342606->342607->587988->342821->341768->646932->341500->341501->343078->647029->647031->647028->647033->342043->338909->338898->338897->340035->338396->338400->338399->338391->338773->613666->613667
static_fuel_dijkstra,od1_sinnonhyeon_suseo,long,peak,8.0,5,1316.0269,1152.5241,163.5028,1187.2935,373.753,9504.6,6,True,63,5,8,50,342695->342700->343100->342865->342652->342116->342672->340587->342670->343657->342666->342663->342681->342617->342618->343820->646558->340583->342072->341544->341796->343669->341798->342622->341797->341771->341545->340698->341540->340697->343457->341546->344219->646319->563132->343774->343516->341492->341499->344500->342607->587988->342821->341768->646932->341500->341501->343078->647029->647031->647028->647033->342043->338909->338898->338897->340035->338396->338400->338399->338391->338773->613666->613667
static_fuel_dijkstra,od1_sinnonhyeon_suseo,long,peak,8.0,6,1236.8371,1117.5625,119.2746,1075.0309,272.6512,9373.9,5,True,63,4,7,52,342695->342700->343100->342865->342652->342116->342672->340587->342670->343657->342666->342663->342681->342617->342634->340699->342632->343072->341795->341544->341796->343669->341798->342622->341797->341771->341545->340698->341540->340697->343457->341546->344219->646319->563132->343774->343516->341492->341499->344500->342607->587988->342821->341768->646932->341500->341501->343078->647029->647031->647028->647033->342043->338909->338898->338897->340035->338396->338400->338399->338391->338773->613666->613667
static_fuel_dijkstra,od1_sinnonhyeon_suseo,long,peak,8.0,7,1258.7386,1177.567,81.1716,1161.0812,185.551,9460.4,4,True,63,7,11,45,342695->342700->343100->342865->342652->342116->342672->340587->342670->343657->342666->342663->342681->342617->342634->340699->342632->343072->341795->341544->341796->343669->341798->342622->341797->341771->341545->340698->341540->340697->343457->341546->344219->646319->563132->343774->343516->341492->340588->342606->342607->587988->342821->343267->343341->343340->341501->343078->647029->647031->647028->647033->342043->338909->338898->338897->340035->338396->338400->338399->338391->338773->613666->613667
static_fuel_dijkstra,od1_sinnonhyeon_suseo,long,peak,8.0,8,1267.7984,1184.6002,83.1982,1131.8469,190.1837,9591.1,4,True,63,8,12,43,342695->342700->343100->342865->342652->342116->342672->340587->342670->343657->342666->342663->342681->342617->342618->343820->646558->340583->342072->341544->341796->343669->341798->342622->341797->341771->341545->340698->341540->340697->343457->341546->344219->646319->563132->343774->343516->341492->340588->342606->342607->587988->342821->343267->343341->343340->341501->343078->647029->647031->647028->647033->342043->338909->338898->338897->340035->338396->338400->338399->338391->338773->613666->613667
static_fuel_dijkstra,od1_sinnonhyeon_suseo,long,peak,8.0,9,1292.7808,1163.3905,129.3902,1172.5923,295.7746,9573.5,5,True,63,7,11,45,342695->342700->343100->342865->342652->342116->342672->340587->342670->343657->342666->342663->342681->342617->342618->343820->646558->340583->342072->341544->341796->343669->341798->342622->341797->341771->341545->340698->341540->340697->343457->341546->344219->646319->563132->343774->343516->341492->341499->344500->342607->587988->342821->343267->343341->343340->341501->343078->647029->647031->647028->647033->342043->338909->338898->338897->340035->338396->338400->338399->338391->338773->613666->613667
static_fuel_dijkstra,od1_sinnonhyeon_suseo,long,peak,8.0,10,1350.0277,1166.0471,183.9805,1145.0865,420.5632,9460.4,5,True,63,7,11,45,342695->342700->343100->342865->342652->342116->342672->340587->342670->343657->342666->342663->342681->342617->342634->340699->342632->343072->341795->341544->341796->343669->341798->342622->341797->341771->341545->340698->341540->340697->343457->341546->344219->646319->563132->343774->343516->341492->340588->342606->342607->587988->342821->343267->343341->343340->341501->343078->647029->647031->647028->647033->342043->338909->338898->338897->340035->338396->338400->338399->338391->338773->613666->613667
static_fuel_dijkstra,od1_sinnonhyeon_suseo,long,peak,8.0,11,1287.0148,1189.3785,97.6363,1079.9558,223.188,9442.8,5,True,63,6,10,47,342695->342700->343100->342865->342652->342116->342672->340587->342670->343657->342666->342663->342681->342617->342634->340699->342632->343072->341795->341544->341796->343669->341798->342622->341797->341771->341545->340698->341540->340697->343457->341546->344219->646319->563132->343774->343516->341492->341499->344500->342607->587988->342821->343267->343341->343340->341501->343078->647029->647031->647028->647033->342043->338909->338898->338897->340035->338396->338400->338399->338391->338773->613666->613667
static_fuel_dijkstra,od1_sinnonhyeon_suseo,long,peak,8.0,12,1369.3692,1219.7216,149.6476,1194.124,342.0811,9573.5,6,True,63,7,11,45,342695->342700->343100->342865->342652->342116->342672->340587->342670->343657->342666->342663->342681->342617->342618->343820->646558->340583->342072->341544->341796->343669->341798->342622->341797->341771->341545->340698->341540->340697->343457->341546->344219->646319->563132->343774->343516->341492->341499->344500->342607->587988->342821->343267->343341->343340->341501->343078->647029->647031->647028->647033->342043->338909->338898->338897->340035->338396->338400->338399->338391->338773->613666->613667
static_fuel_dijkstra,od1_sinnonhyeon_suseo,long,peak,8.0,13,1275.2339,1102.3896,172.8444,1081.2208,395.1069,9373.9,5,True,63,4,7,52,342695->342700->343100->342865->342652->342116->342672->340587->342670->343657->342666->342663->342681->342617->342634->340699->342632->343072->341795->341544->341796->343669->341798->342622->341797->341771->341545->340698->341540->340697->343457->341546->344219->646319->563132->343774->343516->341492->341499->344500->342607->587988->342821->341768->646932->341500->341501->343078->647029->647031->647028->647033->342043->338909->338898->338897->340035->338396->338400->338399->338391->338773->613666->613667
static_fuel_dijkstra,od1_sinnonhyeon_suseo,long,peak,8.0,14,1302.1487,1131.4745,170.6742,1148.2996,390.146,9504.6,7,True,63,5,8,50,342695->342700->343100->342865->342652->342116->342672->340587->342670->343657->342666->342663->342681->342617->342618->343820->646558->340583->342072->341544->341796->343669->341798->342622->341797->341771->341545->340698->341540->340697->343457->341546->344219->646319->563132->343774->343516->341492->341499->344500->342607->587988->342821->341768->646932->341500->341501->343078->647029->647031->647028->647033->342043->338909->338898->338897->340035->338396->338400->338399->338391->338773->613666->613667
static_fuel_dijkstra,od1_sinnonhyeon_suseo,long,peak,8.0,15,1312.2653,1233.6789,78.5863,1095.8082,179.6414,9996.9,3,True,58,6,10,42,342695->342700->343100->342865->342652->342116->342672->340587->342670->343657->342666->342663->342681->342617->342634->340699->342632->343072->341795->341544->341796->343669->341798->342622->341797->341771->341545->340698->341540->340697->343457->341546->343780->342515->342516->342111->613883->340602->342772->563248->613949->344742->646964->344673->343077->338899->587863->340185->340168->340186->338897->340035->338396->338400->338399->338391->338773->613666->613667
static_fuel_dijkstra,od1_sinnonhyeon_suseo,long,peak,8.0,16,1243.3931,1146.5035,96.8895,1119.3996,221.4808,9391.5,5,True,63,5,8,50,342695->342700->343100->342865->342652->342116->342672->340587->342670->343657->342666->342663->342681->342617->342634->340699->342632->343072->341795->341544->341796->343669->341798->342622->341797->341771->341545->340698->341540->340697->343457->341546->344219->646319->563132->343774->343516->341492->340588->342606->342607->587988->342821->341768->646932->341500->341501->343078->647029->647031->647028->647033->342043->338909->338898->338897->340035->338396->338400->338399->338391->338773->613666->613667
static_fuel_dijkstra,od1_sinnonhyeon_suseo,long,peak,8.0,17,1320.6452,1155.1193,165.5259,1158.0338,378.3775,9391.5,6,True,63,5,8,50,342695->342700->343100->342865->342652->342116->342672->340587->342670->343657->342666->342663->342681->342617->342634->340699->342632->343072->341795->341544->341796->343669->341798->342622->341797->341771->341545->340698->341540->340697->343457->341546->344219->646319->563132->343774->343516->341492->340588->342606->342607->587988->342821->341768->646932->341500->341501->343078->647029->647031->647028->647033->342043->338909->338898->338897->340035->338396->338400->338399->338391->338773->613666->613667
static_fuel_dijkstra,od1_sinnonhyeon_suseo,long,peak,8.0,18,1246.3622,1162.1829,84.1794,1171.1073,192.4266,9522.2,4,True,63,6,9,48,342695->342700->343100->342865->342652->342116->342672->340587->342670->343657->342666->342663->342681->342617->342618->343820->646558->340583->342072->341544->341796->343669->341798->342622->341797->341771->341545->340698->341540->340697->343457->341546->344219->646319->563132->343774->343516->341492->340588->342606->342607->587988->342821->341768->646932->341500->341501->343078->647029->647031->647028->647033->342043->338909->338898->338897->340035->338396->338400->338399->338391->338773->613666->613667
static_fuel_dijkstra,od1_sinnonhyeon_suseo,long,peak,8.0,19,1331.771,1172.7824,158.9886,1165.7189,363.4338,9460.4,5,True,63,7,11,45,342695->342700->343100->342865->342652->342116->342672->340587->342670->343657->342666->342663->342681->342617->342634->340699->342632->343072->341795->341544->341796->343669->341798->342622->341797->341771->341545->340698->341540->340697->343457->341546->344219->646319->563132->343774->343516->341492->340588->342606->342607->587988->342821->343267->343341->343340->341501->343078->647029->647031->647028->647033->342043->338909->338898->338897->340035->338396->338400->338399->338391->338773->613666->613667
static_fuel_dijkstra,od1_sinnonhyeon_suseo,long,peak,8.0,20,1259.9568,1158.7712,101.1856,1160.3748,231.3013,9436.8,5,True,62,6,10,46,342695->342700->343100->342865->342652->342116->342672->340587->342670->343657->342666->342663->342681->342617->342618->342632->343072->341795->341544->341796->343669->341798->342622->341797->341771->341545->340698->341540->340697->343457->341546->344219->646319->563132->343774->343516->341492->341499->344500->342607->587988->342821->343267->343341->343340->341501->343078->647029->647031->647028->647033->342043->338909->338898->338897->340035->338396->338400->338399->338391->338773->613666->613667
static_fuel_dijkstra,od1_sinnonhyeon_suseo,long,peak,8.0,21,1275.5052,1195.9262,79.5791,1103.39,181.9107,9591.1,4,True,63,8,12,43,342695->342700->343100->342865->342652->342116->342672->340587->342670->343657->342666->342663->342681->342617->342618->343820->646558->340583->342072->341544->341796->343669->341798->342622->341797->341771->341545->340698->341540->340697->343457->341546->344219->646319->563132->343774->343516->341492->340588->342606->342607->587988->342821->343267->343341->343340->341501->343078->647029->647031->647028->647033->342043->338909->338898->338897->340035->338396->338400->338399->338391->338773->613666->613667
static_fuel_dijkstra,od1_sinnonhyeon_suseo,long,peak,8.0,22,1262.2045,1197.7799,64.4245,1202.9236,147.2688,9442.8,4,True,63,6,10,47,342695->342700->343100->342865->342652->342116->342672->340587->342670->343657->342666->342663->342681->342617->342634->340699->342632->343072->341795->341544->341796->343669->341798->342622->341797->341771->341545->340698->341540->340697->343457->341546->344219->646319->563132->343774->343516->341492->341499->344500->342607->587988->342821->343267->343341->343340->341501->343078->647029->647031->647028->647033->342043->338909->338898->338897->340035->338396->338400->338399->338391->338773->613666->613667
static_fuel_dijkstra,od1_sinnonhyeon_suseo,long,peak,8.0,23,1281.2476,1204.0203,77.2273,1142.4868,176.5347,9591.1,5,True,63,8,12,43,342695->342700->343100->342865->342652->342116->342672->340587->342670->343657->342666->342663->342681->342617->342618->343820->646558->340583->342072->341544->341796->343669->341798->342622->341797->341771->341545->340698->341540->340697->343457->341546->344219->646319->563132->343774->343516->341492->340588->342606->342607->587988->342821->343267->343341->343340->341501->343078->647029->647031->647028->647033->342043->338909->338898->338897->340035->338396->338400->338399->338391->338773->613666->613667
static_fuel_dijkstra,od1_sinnonhyeon_suseo,long,peak,8.0,24,1354.3367,1198.1821,156.1546,1178.4074,356.9555,9573.5,7,True,63,7,11,45,342695->342700->343100->342865->342652->342116->342672->340587->342670->343657->342666->342663->342681->342617->342618->343820->646558->340583->342072->341544->341796->343669->341798->342622->341797->341771->341545->340698->341540->340697->343457->341546->344219->646319->563132->343774->343516->341492->341499->344500->342607->587988->342821->343267->343341->343340->341501->343078->647029->647031->647028->647033->342043->338909->338898->338897->340035->338396->338400->338399->338391->338773->613666->613667
static_fuel_dijkstra,od1_sinnonhyeon_suseo,long,peak,8.0,25,1350.845,1175.0185,175.8265,1143.5492,401.9239,9391.5,6,True,63,5,8,50,342695->342700->343100->342865->342652->342116->342672->340587->342670->343657->342666->342663->342681->342617->342634->340699->342632->343072->341795->341544->341796->343669->341798->342622->341797->341771->341545->340698->341540->340697->343457->341546->344219->646319->563132->343774->343516->341492->340588->342606->342607->587988->342821->341768->646932->341500->341501->343078->647029->647031->647028->647033->342043->338909->338898->338897->340035->338396->338400->338399->338391->338773->613666->613667
static_fuel_dijkstra,od1_sinnonhyeon_suseo,long,peak,8.0,26,1302.541,1134.9966,167.5444,1114.6922,382.9917,9522.2,6,True,63,6,9,48,342695->342700->343100->342865->342652->342116->342672->340587->342670->343657->342666->342663->342681->342617->342618->343820->646558->340583->342072->341544->341796->343669->341798->342622->341797->341771->341545->340698->341540->340697->343457->341546->344219->646319->563132->343774->343516->341492->340588->342606->342607->587988->342821->341768->646932->341500->341501->343078->647029->647031->647028->647033->342043->338909->338898->338897->340035->338396->338400->338399->338391->338773->613666->613667
static_fuel_dijkstra,od1_sinnonhyeon_suseo,long,peak,8.0,27,1299.216,1226.0861,73.1299,1192.3024,167.1684,9573.5,5,True,63,7,11,45,342695->342700->343100->342865->342652->342116->342672->340587->342670->343657->342666->342663->342681->342617->342618->343820->646558->340583->342072->341544->341796->343669->341798->342622->341797->341771->341545->340698->341540->340697->343457->341546->344219->646319->563132->343774->343516->341492->341499->344500->342607->587988->342821->343267->343341->343340->341501->343078->647029->647031->647028->647033->342043->338909->338898->338897->340035->338396->338400->338399->338391->338773->613666->613667
static_fuel_dijkstra,od1_sinnonhyeon_suseo,long,peak,8.0,28,1357.2509,1194.6306,162.6203,1159.3697,371.7356,9436.8,6,True,62,6,10,46,342695->342700->343100->342865->342652->342116->342672->340587->342670->343657->342666->342663->342681->342617->342618->342632->343072->341795->341544->341796->343669->341798->342622->341797->341771->341545->340698->341540->340697->343457->341546->344219->646319->563132->343774->343516->341492->341499->344500->342607->587988->342821->343267->343341->343340->341501->343078->647029->647031->647028->647033->342043->338909->338898->338897->340035->338396->338400->338399->338391->338773->613666->613667
static_fuel_dijkstra,od1_sinnonhyeon_suseo,long,peak,8.0,29,1276.1453,1126.1746,149.9707,1216.7715,342.8196,9573.5,6,True,63,7,11,45,342695->342700->343100->342865->342652->342116->342672->340587->342670->343657->342666->342663->342681->342617->342618->343820->646558->340583->342072->341544->341796->343669->341798->342622->341797->341771->341545->340698->341540->340697->343457->341546->344219->646319->563132->343774->343516->341492->341499->344500->342607->587988->342821->343267->343341->343340->341501->343078->647029->647031->647028->647033->342043->338909->338898->338897->340035->338396->338400->338399->338391->338773->613666->613667
static_fuel_dijkstra,od1_sinnonhyeon_suseo,long,peak,8.0,30,1358.0833,1196.5396,161.5438,1306.027,369.2747,9504.6,6,True,63,5,8,50,342695->342700->343100->342865->342652->342116->342672->340587->342670->343657->342666->342663->342681->342617->342618->343820->646558->340583->342072->341544->341796->343669->341798->342622->341797->341771->341545->340698->341540->340697->343457->341546->344219->646319->563132->343774->343516->341492->341499->344500->342607->587988->342821->341768->646932->341500->341501->343078->647029->647031->647028->647033->342043->338909->338898->338897->340035->338396->338400->338399->338391->338773->613666->613667
static_fuel_dijkstra,od2_yangjae_yeongdong,long,off_peak,7.0,1,1039.5868,875.3252,164.2616,983.9833,375.4874,6698.3,8,True,62,9,7,46,338734->338275->338104->338103->339026->340326->339052->339028->339027->338133->338815->338250->646103->339088->339117->338775->338269->338705->339116->339138->338582->338268->338262->338586->339132->338258->613662->339651->338651->562919->562884->613773->613772->339003->339662->341549->342639->563096->342115->343710->341560->341518->341517->341516->341515->341510->343158->343160->344191->344189->342755->341769->341499->341492->343516->343774->563132->646319->344219->341546->343780->342515->342812
static_fuel_dijkstra,od2_yangjae_yeongdong,long,off_peak,7.0,2,1069.0385,930.943,138.0955,1024.4522,315.6741,6812.9,8,True,57,8,7,42,338734->338275->340339->338217->339014->339574->338735->338272->339089->338990->340239->339744->339087->340330->340328->339088->339091->339090->338268->338262->339922->340140->339002->338922->646291->338226->339093->339128->341549->342639->563096->342115->343710->341560->341518->341517->341516->341515->341510->343158->343160->344191->344189->342755->342608->342607->342606->340588->341492->343516->343774->563132->646319->344219->341546->343780->342515->342812
static_fuel_dijkstra,od2_yangjae_yeongdong,long,off_peak,7.0,3,1041.0005,877.8064,163.1941,972.1996,373.0471,6675.4,7,True,59,9,7,43,338734->338275->340339->338217->339014->339574->338735->338272->339089->338990->340239->339744->339087->340330->340328->339088->339091->339090->338268->338262->338586->339132->338258->613662->339651->338651->562919->562884->613773->613772->339003->339662->341549->342639->563096->342115->343710->341560->341518->341517->341516->341515->341510->343158->343160->344191->344189->342755->341769->341499->341492->343516->343774->563132->646319->344219->341546->343780->342515->342812
static_fuel_dijkstra,od2_yangjae_yeongdong,long,off_peak,7.0,4,986.6801,875.8452,110.8349,929.0093,253.3588,6537.6,7,True,56,6,5,45,338734->338275->340339->338217->339014->339574->338735->338272->339089->338990->340239->339744->339087->340330->340328->339088->339091->339090->338268->338262->339922->340140->339002->338922->646291->338226->339093->339128->341549->342639->563096->342115->343710->341560->341518->341517->341516->341511->342869->341510->343158->343160->344191->344189->342755->341769->341499->341492->343516->343774->563132->646319->344219->341546->343780->342515->342812
static_fuel_dijkstra,od2_yangjae_yeongdong,long,off_peak,7.0,5,1043.6487,881.2307,162.418,977.897,371.2731,6552.9,6,True,56,6,5,45,338734->338275->340339->338217->339014->339574->338735->338272->339089->338990->340239->339744->339087->340330->340328->339088->339091->339090->338268->338262->339922->340140->339002->338922->646291->338226->338252->338199->338224->342071->341571->341996->342147->342648->341560->341518->341517->341516->341515->341510->343158->343160->344191->344189->342755->341769->341499->341492->343516->343774->563132->646319->344219->341546->343780->342515->342812
static_fuel_dijkstra,od2_yangjae_yeongdong,long,off_peak,7.0,6,971.9782,834.3804,137.5978,864.1557,314.5363,6637.9,6,True,57,6,5,46,338734->338275->338104->338217->339014->339574->338735->338272->339089->338990->340239->339744->339087->340330->340328->339088->339091->339090->338268->338262->339922->340140->339002->338922->646291->338226->338252->338199->338224->342071->341571->341996->342147->342648->341560->341518->341517->341516->341511->342869->341510->343158->343160->344191->344189->342755->341769->341499->341492->343516->343774->563132->646319->344219->341546->343780->342515->342812
static_fuel_dijkstra,od2_yangjae_yeongdong,long,off_peak,7.0,7,991.9443,870.5571,121.3872,901.9537,277.4803,6622.3,7,True,56,6,5,45,338734->338275->338104->338217->339014->339574->338735->338272->339089->338990->340239->339744->339087->340330->340328->339088->339091->339090->338268->338262->339922->340140->339002->338922->646291->338226->339093->339128->341549->342639->563096->342115->343710->341560->341518->341517->341516->341511->342869->341510->343158->343160->344191->344189->342755->341769->341499->341492->343516->343774->563132->646319->344219->341546->343780->342515->342812
static_fuel_dijkstra,od2_yangjae_yeongdong,long,off_peak,7.0,8,983.7295,875.2818,108.4478,936.1196,247.902,6637.9,6,True,57,6,5,46,338734->338275->338104->338217->339014->339574->338735->338272->339089->338990->340239->339744->339087->340330->340328->339088->339091->339090->338268->338262->339922->340140->339002->338922->646291->338226->338252->338199->338224->342071->341571->341996->342147->342648->341560->341518->341517->341516->341511->342869->341510->343158->343160->344191->344189->342755->341769->341499->341492->343516->343774->563132->646319->344219->341546->343780->342515->342812
static_fuel_dijkstra,od2_yangjae_yeongdong,long,off_peak,7.0,9,1230.7374,928.3739,302.3635,1012.4102,691.1762,6718.9,12,True,58,7,7,44,338734->338275->338104->338103->339026->340326->339052->339028->339027->338133->338815->338250->339741->339066->338156->339090->338268->338262->338586->339132->338258->339538->338261->563143->588038->341607->342693->343943->343106->341601->646355->341593->344353->342694->563168->341608->342649->341592->341591->342631->563095->342614->342072->341544->341796->343669->341798->342622->341797->341771->341545->340698->341540->340697->343457->341546->343780->342515->342812
static_fuel_dijkstra,od2_yangjae_yeongdong,long,off_peak,7.0,10,995.3,879.6789,115.6211,913.272,264.2997,6760.4,7,True,60,9,7,44,338734->338275->338104->338217->339014->339574->338735->338272->339089->338990->340239->339744->339087->340330->340328->339088->339091->339090->338268->338262->338586->339132->338258->613662->339651->338651->562919->562884->613773->613772->339003->339662->341549->342639->563096->342115->343710->341560->341518->341517->341516->341511->342869->341510->343158->343160->344191->344189->342755->341769->341499->341492->343516->343774->563132->646319->344219->341546->343780->342515->342812
static_fuel_dijkstra,od2_yangjae_yeongdong,long,off_peak,7.0,11,1075.3522,898.9597,176.3925,943.2738,403.2175,6675.4,8,True,59,9,7,43,338734->338275->340339->338217->339014->339574->338735->338272->339089->338990->340239->339744->339087->340330->340328->339088->339091->339090->338268->338262->338586->339132->338258->613662->339651->338651->562919->562884->613773->613772->339003->339662->341549->342639->563096->342115->343710->341560->341518->341517->341516->341515->341510->343158->343160->344191->344189->342755->341769->341499->341492->343516->343774->563132->646319->344219->341546->343780->342515->342812
static_fuel_dijkstra,od2_yangjae_yeongdong,long,off_peak,7.0,12,1027.5116,944.4015,83.1101,989.3415,189.9824,7093.8,5,True,66,11,9,46,338734->338275->338104->338217->339014->339574->338735->338272->339089->338990->340239->339744->339087->340330->340328->339088->339091->339090->338268->338583->587842->338768->338767->338254->339133->338229->338218->339094->338258->613662->339651->338651->562919->562884->613773->613772->339003->339662->341549->342639->563096->342115->343710->341560->341518->341517->341516->341511->342869->341510->343158->343160->344191->344189->342755->341769->341499->341492->343516->343774->563132->646319->344219->341546->343780->342515->342812
static_fuel_dijkstra,od2_yangjae_yeongdong,long,off_peak,7.0,13,920.1328,880.8439,39.2889,938.5382,89.811,6983.2,3,True,65,5,6,54,338734->338275->338104->338103->339026->340326->339052->338163->339021->339067->338162->339056->340481->338654->338158->338157->338139->562936->339292->339070->613767->613766->613768->338803->338267->340192->338229->338218->339571->338261->341734->341572->340705->341555->341736->341568->341735->341564->342639->563096->342115->343710->341560->341518->341517->341516->341511->342869->341510->343158->343160->344191->344189->342755->341769->341499->341492->343516->343774->563132->646319->344219->341546->343780->342515->342812
static_fuel_dijkstra,od2_yangjae_yeongdong,long,off_peak,7.0,14,997.4007,895.8627,101.538,954.4476,232.1069,6902.0,7,True,63,10,8,45,338734->338275->338104->338103->339026->340554->339013->339014->339574->338735->338272->339089->338990->340239->339744->339087->340330->340328->339088->339091->339090->338268->338262->338586->339132->338258->613662->339651->338651->562919->562884->613773->613772->339003->339662->341549->342639->563096->342115->343710->341560->341518->341517->341516->341511->342869->341510->343158->343160->344191->344189->342755->341769->341499->341492->343516->343774->563132->646319->344219->341546->343780->342515->342812
static_fuel_dijkstra,od2_yangjae_yeongdong,long,off_peak,7.0,15,972.067,852.7959,119.2711,911.5954,272.6432,6622.3,7,True,56,6,5,45,338734->338275->338104->338217->339014->339574->338735->338272->339089->338990->340239->339744->339087->340330->340328->339088->339091->339090->338268->338262->339922->340140->339002->338922->646291->338226->339093->339128->341549->342639->563096->342115->343710->341560->341518->341517->341516->341511->342869->341510->343158->343160->344191->344189->342755->341769->341499->341492->343516->343774->563132->646319->344219->341546->343780->342515->342812
static_fuel_dijkstra,od2_yangjae_yeongdong,long,off_peak,7.0,16,981.8181,902.1421,79.676,1004.5866,182.1322,6981.9,4,True,69,6,8,55,338734->338275->338104->338103->339026->340326->339052->338163->339021->339067->338162->339056->340481->338654->338158->338157->338139->562936->339292->339070->613767->613766->613768->338253->339069->339134->338230->646176->339098->342073->342687->341600->342685->341607->344213->343102->341557->342643->341561->341562->341564->342645->341559->341985->341569->344767->341558->563191->341512->646737->341511->342869->341510->343158->343160->344191->344189->342755->341769->341499->341492->343516->343774->563132->646319->344219->341546->343780->342515->342812
static_fuel_dijkstra,od2_yangjae_yeongdong,long,off_peak,7.0,17,986.4483,904.1745,82.2738,991.261,188.0706,6981.9,4,True,69,6,8,55,338734->338275->338104->338103->339026->340326->339052->338163->339021->339067->338162->339056->340481->338654->338158->338157->338139->562936->339292->339070->613767->613766->613768->338253->339069->339134->338230->646176->339098->342073->342687->341600->342685->341607->344213->343102->341557->342643->341561->341562->341564->342645->341559->341985->341569->344767->341558->563191->341512->646737->341511->342869->341510->343158->343160->344191->344189->342755->341769->341499->341492->343516->343774->563132->646319->344219->341546->343780->342515->342812
static_fuel_dijkstra,od2_yangjae_yeongdong,long,off_peak,7.0,18,984.7951,844.2471,140.548,855.286,321.2803,6622.3,8,True,56,6,5,45,338734->338275->338104->338217->339014->339574->338735->338272->339089->338990->340239->339744->339087->340330->340328->339088->339091->339090->338268->338262->339922->340140->339002->338922->646291->338226->339093->339128->341549->342639->563096->342115->343710->341560->341518->341517->341516->341511->342869->341510->343158->343160->344191->344189->342755->341769->341499->341492->343516->343774->563132->646319->344219->341546->343780->342515->342812
static_fuel_dijkstra,od2_yangjae_yeongdong,long,off_peak,7.0,19,988.6679,864.4831,124.1848,898.8912,283.8754,6622.3,8,True,56,6,5,45,338734->338275->338104->338217->339014->339574->338735->338272->339089->338990->340239->339744->339087->340330->340328->339088->339091->339090->338268->338262->339922->340140->339002->338922->646291->338226->339093->339128->341549->342639->563096->342115->343710->341560->341518->341517->341516->341511->342869->341510->343158->343160->344191->344189->342755->341769->341499->341492->343516->343774->563132->646319->344219->341546->343780->342515->342812
static_fuel_dijkstra,od2_yangjae_yeongdong,long,off_peak,7.0,20,1062.3305,882.1161,180.2144,929.5807,411.9541,6702.0,9,True,57,9,7,41,338734->338275->338104->338103->339026->340326->339052->339028->339027->338133->338815->338250->339741->339066->338156->339090->338268->338262->338586->339132->338258->613662->339651->338651->562919->562884->613773->613772->339003->339662->341549->342639->563096->342115->343710->341560->341518->341517->341516->341515->341510->343158->343160->344191->344189->342755->341769->341499->341492->343516->343774->563132->646319->344219->341546->343780->342515->342812
static_fuel_dijkstra,od2_yangjae_yeongdong,long,off_peak,7.0,21,969.3096,871.5392,97.7705,954.8224,223.4946,6763.9,7,True,59,7,6,46,338734->338275->338104->338103->339026->340554->339013->339014->339574->338735->338272->339089->338990->340239->339744->339087->340330->340328->339088->339091->339090->338268->338262->339922->340140->339002->338922->646291->338226->339093->339128->341549->342639->563096->342115->343710->341560->341518->341517->341516->341511->342869->341510->343158->343160->344191->344189->342755->341769->341499->341492->343516->343774->563132->646319->344219->341546->343780->342515->342812
static_fuel_dijkstra,od2_yangjae_yeongdong,long,off_peak,7.0,22,1035.0798,931.0434,104.0365,974.2754,237.8181,6698.6,7,True,63,9,7,47,338734->338275->338104->338103->339026->340326->339052->339028->339027->338133->338815->338250->646103->339088->339117->338775->338269->338705->339116->339138->338582->338268->338262->338586->339132->338258->613662->339651->338651->562919->562884->613773->613772->339003->339662->341549->342639->563096->342115->343710->341560->341518->341517->341516->341511->342869->341510->343158->343160->344191->344189->342755->341769->341499->341492->343516->343774->563132->646319->344219->341546->343780->342515->342812
static_fuel_dijkstra,od2_yangjae_yeongdong,long,off_peak,7.0,23,1009.2724,936.5903,72.6822,1028.9101,166.145,7257.5,3,True,71,8,10,53,338734->338275->338104->338103->339026->340326->339052->338163->339021->339067->338162->339056->340481->338654->338158->338157->338139->562936->339292->339070->613767->613766->613768->338253->339069->339134->338230->646176->339098->342073->342687->341600->342685->341607->344213->343102->341557->342643->341561->341562->341564->342645->341559->341985->341569->344767->341558->563191->341512->646737->341511->342869->341510->343158->343160->344191->344189->342755->342608->342607->342606->340588->341492->343516->343774->563132->646319->344219->341546->343780->342515->342812
static_fuel_dijkstra,od2_yangjae_yeongdong,long,off_peak,7.0,24,983.1214,871.9964,111.125,934.6888,254.0219,6675.7,7,True,60,9,7,44,338734->338275->340339->338217->339014->339574->338735->338272->339089->338990->340239->339744->339087->340330->340328->339088->339091->339090->338268->338262->338586->339132->338258->613662->339651->338651->562919->562884->613773->613772->339003->339662->341549->342639->563096->342115->343710->341560->341518->341517->341516->341511->342869->341510->343158->343160->344191->344189->342755->341769->341499->341492->343516->343774->563132->646319->344219->341546->343780->342515->342812
static_fuel_dijkstra,od2_yangjae_yeongdong,long,off_peak,7.0,25,957.7113,851.7005,106.0108,941.8237,242.3312,6560.5,9,True,59,6,5,48,338734->338275->338104->338103->339026->340326->339052->339028->339027->338133->338815->338250->646103->339088->339117->338775->338269->338705->339116->339138->338582->338268->338262->339922->340140->339002->338922->646291->338226->339093->339128->341549->342639->563096->342115->343710->341560->341518->341517->341516->341511->342869->341510->343158->343160->344191->344189->342755->341769->341499->341492->343516->343774->563132->646319->344219->341546->343780->342515->342812
static_fuel_dijkstra,od2_yangjae_yeongdong,long,off_peak,7.0,26,1072.1303,916.2032,155.9272,1012.2854,356.4356,6702.0,8,True,57,9,7,41,338734->338275->338104->338103->339026->340326->339052->339028->339027->338133->338815->338250->339741->339066->338156->339090->338268->338262->338586->339132->338258->613662->339651->338651->562919->562884->613773->613772->339003->339662->341549->342639->563096->342115->343710->341560->341518->341517->341516->341515->341510->343158->343160->344191->344189->342755->341769->341499->341492->343516->343774->563132->646319->344219->341546->343780->342515->342812
static_fuel_dijkstra,od2_yangjae_yeongdong,long,off_peak,7.0,27,995.7709,921.1956,74.5753,1024.4993,170.4725,7257.5,3,True,71,8,10,53,338734->338275->338104->338103->339026->340326->339052->338163->339021->339067->338162->339056->340481->338654->338158->338157->338139->562936->339292->339070->613767->613766->613768->338253->339069->339134->338230->646176->339098->342073->342687->341600->342685->341607->344213->343102->341557->342643->341561->341562->341564->342645->341559->341985->341569->344767->341558->563191->341512->646737->341511->342869->341510->343158->343160->344191->344189->342755->342608->342607->342606->340588->341492->343516->343774->563132->646319->344219->341546->343780->342515->342812
static_fuel_dijkstra,od2_yangjae_yeongdong,long,off_peak,7.0,28,990.2613,916.683,73.5782,1021.4198,168.1933,6981.9,4,True,69,6,8,55,338734->338275->338104->338103->339026->340326->339052->338163->339021->339067->338162->339056->340481->338654->338158->338157->338139->562936->339292->339070->613767->613766->613768->338253->339069->339134->338230->646176->339098->342073->342687->341600->342685->341607->344213->343102->341557->342643->341561->341562->341564->342645->341559->341985->341569->344767->341558->563191->341512->646737->341511->342869->341510->343158->343160->344191->344189->342755->341769->341499->341492->343516->343774->563132->646319->344219->341546->343780->342515->342812
static_fuel_dijkstra,od2_yangjae_yeongdong,long,off_peak,7.0,29,1007.2558,885.2888,121.967,900.8015,278.8057,6760.4,7,True,60,9,7,44,338734->338275->338104->338217->339014->339574->338735->338272->339089->338990->340239->339744->339087->340330->340328->339088->339091->339090->338268->338262->338586->339132->338258->613662->339651->338651->562919->562884->613773->613772->339003->339662->341549->342639->563096->342115->343710->341560->341518->341517->341516->341511->342869->341510->343158->343160->344191->344189->342755->341769->341499->341492->343516->343774->563132->646319->344219->341546->343780->342515->342812
static_fuel_dijkstra,od2_yangjae_yeongdong,long,off_peak,7.0,30,1019.4173,817.6225,201.7948,891.5107,461.2849,6677.8,8,True,55,8,6,41,338734->338275->338104->338103->339026->340326->339052->338163->339021->338658->338657->338132->338156->339090->338268->338262->338586->339132->338258->613662->339651->338651->562919->562884->613773->613772->339003->339662->341549->342639->563096->342115->343710->341560->341518->341517->341516->341515->341510->343158->343160->344191->344189->342755->341769->341499->341492->343516->343774->563132->646319->344219->341546->343780->342515->342812
static_fuel_dijkstra,od2_yangjae_yeongdong,long,peak,8.0,1,986.4813,859.5873,126.8941,1004.8677,290.0685,6879.8,6,True,57,8,6,43,338734->338736->338735->338272->339089->338990->340239->339744->339087->340330->340328->339088->339091->339090->338268->338262->338586->339132->338258->613662->339651->338651->562919->562884->613773->339003->339662->341549->342639->563096->342115->343710->341560->341518->341517->341516->341511->342869->341510->343158->343160->344191->344189->342755->342608->342607->342606->340588->341492->343516->343774->563132->646319->344219->341546->343780->342515->342812
static_fuel_dijkstra,od2_yangjae_yeongdong,long,peak,8.0,2,1033.6255,924.9146,108.7109,1008.3677,248.5035,7188.8,7,True,68,11,8,49,338734->338736->338735->338272->339089->338990->339743->340334->339307->338934->338933->338631->339979->340332->338581->338269->338705->339116->339138->338582->338268->338583->587842->338768->338767->338254->339133->338229->340484->339098->342073->342687->341600->342685->341607->344213->343102->341557->342643->341561->341562->341564->342645->341559->342115->343710->341560->341518->341517->341516->341515->341510->343158->343160->344191->344189->342755->341769->341499->341492->343516->343774->563132->646319->344219->341546->343780->342515->342812
static_fuel_dijkstra,od2_yangjae_yeongdong,long,peak,8.0,3,969.3621,888.2728,81.0894,959.2093,185.3631,6852.1,7,True,70,9,6,55,338734->338736->338735->338272->339089->338990->339743->340334->339307->338934->338933->338631->339979->340332->338581->338269->338705->339116->339138->338582->338268->338583->587842->338768->338767->338254->339133->338229->340484->339098->342073->342687->341600->342685->341607->344213->343102->341557->342643->341561->341562->341564->342645->341559->341985->341569->344767->341558->563191->341512->646737->341511->342869->341510->343158->343160->344191->344189->342755->341769->341499->341492->343516->343774->563132->646319->344219->341546->343780->342515->342812
static_fuel_dijkstra,od2_yangjae_yeongdong,long,peak,8.0,4,1015.5481,936.8504,78.6978,1079.3214,179.8961,7215.0,6,True,69,14,10,45,338734->338736->338735->338272->339089->338990->339743->340334->339307->338934->338933->338631->339979->340332->338581->338269->338705->339116->339138->338582->338268->338583->587842->338768->338767->338254->339133->338229->338218->339094->338258->613662->339651->338651->562919->562884->613773->613772->339003->339662->341549->342639->341564->342645->341559->342115->343710->341560->341518->341517->341516->341515->341510->343158->343160->344191->344189->342755->341769->341499->341492->343516->343774->563132->646319->344219->341546->343780->342515->342812
static_fuel_dijkstra,od2_yangjae_yeongdong,long,peak,8.0,5,954.6627,896.5359,58.1268,1007.4211,132.8728,6852.1,6,True,70,9,6,55,338734->338736->338735->338272->339089->338990->339743->340334->339307->338934->338933->338631->339979->340332->338581->338269->338705->339116->339138->338582->338268->338583->587842->338768->338767->338254->339133->338229->340484->339098->342073->342687->341600->342685->341607->344213->343102->341557->342643->341561->341562->341564->342645->341559->341985->341569->344767->341558->563191->341512->646737->341511->342869->341510->343158->343160->344191->344189->342755->341769->341499->341492->343516->343774->563132->646319->344219->341546->343780->342515->342812
static_fuel_dijkstra,od2_yangjae_yeongdong,long,peak,8.0,6,977.7396,864.3684,113.3712,1010.2413,259.1565,6845.4,6,True,67,10,7,50,338734->338736->338735->338272->339089->338990->339743->340334->339307->338934->338933->338631->339979->340332->338581->338269->338705->339116->339138->338582->338268->338583->587842->338768->338767->338254->339133->338229->338218->339094->338258->613662->339651->338651->562919->562884->613773->339003->339662->341549->342639->563096->342115->343710->341560->341518->341517->341516->341511->342869->341510->343158->343160->344191->344189->342755->341769->341499->341492->343516->343774->563132->646319->344219->341546->343780->342515->342812
static_fuel_dijkstra,od2_yangjae_yeongdong,long,peak,8.0,7,1013.0036,918.4073,94.5964,1069.9323,216.2389,7121.0,6,True,69,12,9,48,338734->338736->338735->338272->339089->338990->339743->340334->339307->338934->338933->338631->339979->340332->338581->338269->338705->339116->339138->338582->338268->338583->587842->338768->338767->338254->339133->338229->338218->339094->338258->613662->339651->338651->562919->562884->613773->339003->339662->341549->342639->563096->342115->343710->341560->341518->341517->341516->341511->342869->341510->343158->343160->344191->344189->342755->342608->342607->342606->340588->341492->343516->343774->563132->646319->344219->341546->343780->342515->342812
static_fuel_dijkstra,od2_yangjae_yeongdong,long,peak,8.0,8,955.7092,898.9936,56.7156,1013.3369,129.6468,6831.4,6,True,72,12,7,53,338734->338736->338735->338272->339089->338990->339743->340334->339307->338934->338933->338631->339979->340332->338581->338269->338705->339116->339138->338582->338268->338583->587842->338768->338767->338254->339133->338229->338218->339571->338261->341734->341572->339293->338651->562919->562884->613773->613772->339003->339662->341549->342639->341564->342645->341559->341985->341569->344767->341558->563191->341512->646737->341511->342869->341510->343158->343160->344191->344189->342755->341769->341499->341492->343516->343774->563132->646319->344219->341546->343780->342515->342812
static_fuel_dijkstra,od2_yangjae_yeongdong,long,peak,8.0,9,1021.6012,923.9019,97.6993,1046.4928,223.3319,7188.8,7,True,68,11,8,49,338734->338736->338735->338272->339089->338990->339743->340334->339307->338934->338933->338631->339979->340332->338581->338269->338705->339116->339138->338582->338268->338583->587842->338768->338767->338254->339133->338229->340484->339098->342073->342687->341600->342685->341607->344213->343102->341557->342643->341561->341562->341564->342645->341559->342115->343710->341560->341518->341517->341516->341515->341510->343158->343160->344191->344189->342755->341769->341499->341492->343516->343774->563132->646319->344219->341546->343780->342515->342812
static_fuel_dijkstra,od2_yangjae_yeongdong,long,peak,8.0,10,983.1236,874.5817,108.5419,1027.6356,248.1172,6740.0,7,True,67,9,6,52,338734->338736->338735->338272->339089->338990->339743->340334->339307->338934->338933->338631->339979->340332->338581->338269->338705->339116->339138->338582->338268->338583->587842->338768->338767->338254->339133->338229->338218->339571->338261->341734->341572->340705->341555->342643->341561->341562->341564->342645->341559->341985->341569->344767->341558->563191->341512->646737->341511->342869->341510->343158->343160->344191->344189->342755->341769->341499->341492->343516->343774->563132->646319->344219->341546->343780->342515->342812
static_fuel_dijkstra,od2_yangjae_yeongdong,long,peak,8.0,11,1006.4535,935.8609,70.5926,1106.0464,161.3685,7188.8,6,True,68,11,8,49,338734->338736->338735->338272->339089->338990->339743->340334->339307->338934->338933->338631->339979->340332->338581->338269->338705->339116->339138->338582->338268->338583->587842->338768->338767->338254->339133->338229->340484->339098->342073->342687->341600->342685->341607->344213->343102->341557->342643->341561->341562->341564->342645->341559->342115->343710->341560->341518->341517->341516->341515->341510->343158->343160->344191->344189->342755->341769->341499->341492->343516->343774->563132->646319->344219->341546->343780->342515->342812
static_fuel_dijkstra,od2_yangjae_yeongdong,long,peak,8.0,12,1033.1079,916.2325,116.8754,1005.4523,267.1668,6852.1,7,True,70,9,6,55,338734->338736->338735->338272->339089->338990->339743->340334->339307->338934->338933->338631->339979->340332->338581->338269->338705->339116->339138->338582->338268->338583->587842->338768->338767->338254->339133->338229->340484->339098->342073->342687->341600->342685->341607->344213->343102->341557->342643->341561->341562->341564->342645->341559->341985->341569->344767->341558->563191->341512->646737->341511->342869->341510->343158->343160->344191->344189->342755->341769->341499->341492->343516->343774->563132->646319->344219->341546->343780->342515->342812
static_fuel_dijkstra,od2_yangjae_yeongdong,long,peak,8.0,13,1065.5452,889.9732,175.5721,1023.3465,401.3421,6845.4,8,True,67,10,7,50,338734->338736->338735->338272->339089->338990->339743->340334->339307->338934->338933->338631->339979->340332->338581->338269->338705->339116->339138->338582->338268->338583->587842->338768->338767->338254->339133->338229->338218->339094->338258->613662->339651->338651->562919->562884->613773->339003->339662->341549->342639->563096->342115->343710->341560->341518->341517->341516->341511->342869->341510->343158->343160->344191->344189->342755->341769->341499->341492->343516->343774->563132->646319->344219->341546->343780->342515->342812
static_fuel_dijkstra,od2_yangjae_yeongdong,long,peak,8.0,14,1012.9214,926.3597,86.5617,1061.4558,197.8724,7188.8,6,True,68,11,8,49,338734->338736->338735->338272->339089->338990->339743->340334->339307->338934->338933->338631->339979->340332->338581->338269->338705->339116->339138->338582->338268->338583->587842->338768->338767->338254->339133->338229->340484->339098->342073->342687->341600->342685->341607->344213->343102->341557->342643->341561->341562->341564->342645->341559->342115->343710->341560->341518->341517->341516->341515->341510->343158->343160->344191->344189->342755->341769->341499->341492->343516->343774->563132->646319->344219->341546->343780->342515->342812
static_fuel_dijkstra,od2_yangjae_yeongdong,long,peak,8.0,15,1018.6392,933.5847,85.0545,1081.7811,194.4271,7121.0,7,True,69,12,9,48,338734->338736->338735->338272->339089->338990->339743->340334->339307->338934->338933->338631->339979->340332->338581->338269->338705->339116->339138->338582->338268->338583->587842->338768->338767->338254->339133->338229->338218->339094->338258->613662->339651->338651->562919->562884->613773->339003->339662->341549->342639->563096->342115->343710->341560->341518->341517->341516->341511->342869->341510->343158->343160->344191->344189->342755->342608->342607->342606->340588->341492->343516->343774->563132->646319->344219->341546->343780->342515->342812
static_fuel_dijkstra,od2_yangjae_yeongdong,long,peak,8.0,16,990.0569,927.04,63.0169,1000.2077,144.0511,7188.8,7,True,68,11,8,49,338734->338736->338735->338272->339089->338990->339743->340334->339307->338934->338933->338631->339979->340332->338581->338269->338705->339116->339138->338582->338268->338583->587842->338768->338767->338254->339133->338229->340484->339098->342073->342687->341600->342685->341607->344213->343102->341557->342643->341561->341562->341564->342645->341559->342115->343710->341560->341518->341517->341516->341515->341510->343158->343160->344191->344189->342755->341769->341499->341492->343516->343774->563132->646319->344219->341546->343780->342515->342812
static_fuel_dijkstra,od2_yangjae_yeongdong,long,peak,8.0,17,1020.8093,909.4811,111.3282,1020.7418,254.4864,6852.1,8,True,70,9,6,55,338734->338736->338735->338272->339089->338990->339743->340334->339307->338934->338933->338631->339979->340332->338581->338269->338705->339116->339138->338582->338268->338583->587842->338768->338767->338254->339133->338229->340484->339098->342073->342687->341600->342685->341607->344213->343102->341557->342643->341561->341562->341564->342645->341559->341985->341569->344767->341558->563191->341512->646737->341511->342869->341510->343158->343160->344191->344189->342755->341769->341499->341492->343516->343774->563132->646319->344219->341546->343780->342515->342812
static_fuel_dijkstra,od2_yangjae_yeongdong,long,peak,8.0,18,1099.7732,922.4952,177.278,1017.0536,405.2418,6907.8,8,True,72,10,7,55,338734->338736->338735->338272->339089->338990->339743->340334->339307->338934->338933->338631->339979->340332->338581->338269->338705->339116->339138->338582->338268->338583->587842->338768->338767->338254->339133->338229->340484->339098->342073->342687->341600->342685->341607->344213->343102->341557->342643->341561->341562->341552->342644->342148->342645->341559->341985->341569->344767->341558->563191->341512->646737->341511->342869->341510->343158->343160->344191->344189->342755->341769->341499->341492->343516->343774->563132->646319->344219->341546->343780->342515->342812
static_fuel_dijkstra,od2_yangjae_yeongdong,long,peak,8.0,19,983.261,879.485,103.776,1032.2448,237.2228,6845.4,7,True,67,10,7,50,338734->338736->338735->338272->339089->338990->339743->340334->339307->338934->338933->338631->339979->340332->338581->338269->338705->339116->339138->338582->338268->338583->587842->338768->338767->338254->339133->338229->338218->339094->338258->613662->339651->338651->562919->562884->613773->339003->339662->341549->342639->563096->342115->343710->341560->341518->341517->341516->341511->342869->341510->343158->343160->344191->344189->342755->341769->341499->341492->343516->343774->563132->646319->344219->341546->343780->342515->342812
static_fuel_dijkstra,od2_yangjae_yeongdong,long,peak,8.0,20,1011.1956,913.478,97.7175,1030.8915,223.3736,6852.1,8,True,70,9,6,55,338734->338736->338735->338272->339089->338990->339743->340334->339307->338934->338933->338631->339979->340332->338581->338269->338705->339116->339138->338582->338268->338583->587842->338768->338767->338254->339133->338229->340484->339098->342073->342687->341600->342685->341607->344213->343102->341557->342643->341561->341562->341564->342645->341559->341985->341569->344767->341558->563191->341512->646737->341511->342869->341510->343158->343160->344191->344189->342755->341769->341499->341492->343516->343774->563132->646319->344219->341546->343780->342515->342812
static_fuel_dijkstra,od2_yangjae_yeongdong,long,peak,8.0,21,998.7156,910.7596,87.956,1088.7942,201.0596,7121.0,6,True,69,12,9,48,338734->338736->338735->338272->339089->338990->339743->340334->339307->338934->338933->338631->339979->340332->338581->338269->338705->339116->339138->338582->338268->338583->587842->338768->338767->338254->339133->338229->338218->339094->338258->613662->339651->338651->562919->562884->613773->339003->339662->341549->342639->563096->342115->343710->341560->341518->341517->341516->341511->342869->341510->343158->343160->344191->344189->342755->342608->342607->342606->340588->341492->343516->343774->563132->646319->344219->341546->343780->342515->342812
static_fuel_dijkstra,od2_yangjae_yeongdong,long,peak,8.0,22,1134.1694,1005.5048,128.6646,1166.4827,294.1158,7131.4,8,True,72,12,9,51,338734->338736->338735->338272->339089->338990->339743->340334->339307->338934->338933->338631->339979->340332->338581->338269->338705->339116->339138->338582->338268->338583->587842->338768->338767->338254->339133->338229->338218->339094->338258->613662->339651->338651->562919->562884->613773->339003->339662->341549->342639->563096->342115->341559->341985->341569->344767->341558->563191->341512->646737->341511->342869->341510->343158->343160->344191->344189->342755->342608->342607->342606->340588->341492->343516->343774->563132->646319->344219->341546->343780->342515->342812
static_fuel_dijkstra,od2_yangjae_yeongdong,long,peak,8.0,23,1021.0654,896.189,124.8764,978.8963,285.4565,6852.1,8,True,70,9,6,55,338734->338736->338735->338272->339089->338990->339743->340334->339307->338934->338933->338631->339979->340332->338581->338269->338705->339116->339138->338582->338268->338583->587842->338768->338767->338254->339133->338229->340484->339098->342073->342687->341600->342685->341607->344213->343102->341557->342643->341561->341562->341564->342645->341559->341985->341569->344767->341558->563191->341512->646737->341511->342869->341510->343158->343160->344191->344189->342755->341769->341499->341492->343516->343774->563132->646319->344219->341546->343780->342515->342812
static_fuel_dijkstra,od2_yangjae_yeongdong,long,peak,8.0,24,1046.3418,937.5322,108.8096,1048.3453,248.7291,7127.7,5,True,72,11,8,53,338734->338736->338735->338272->339089->338990->339743->340334->339307->338934->338933->338631->339979->340332->338581->338269->338705->339116->339138->338582->338268->338583->587842->338768->338767->338254->339133->338229->340484->339098->342073->342687->341600->342685->341607->344213->343102->341557->342643->341561->341562->341564->342645->341559->341985->341569->344767->341558->563191->341512->646737->341511->342869->341510->343158->343160->344191->344189->342755->342608->342607->342606->340588->341492->343516->343774->563132->646319->344219->341546->343780->342515->342812
static_fuel_dijkstra,od2_yangjae_yeongdong,long,peak,8.0,25,1032.7331,934.7123,98.0208,1048.4368,224.0669,7188.8,6,True,68,11,8,49,338734->338736->338735->338272->339089->338990->339743->340334->339307->338934->338933->338631->339979->340332->338581->338269->338705->339116->339138->338582->338268->338583->587842->338768->338767->338254->339133->338229->340484->339098->342073->342687->341600->342685->341607->344213->343102->341557->342643->341561->341562->341564->342645->341559->342115->343710->341560->341518->341517->341516->341515->341510->343158->343160->344191->344189->342755->341769->341499->341492->343516->343774->563132->646319->344219->341546->343780->342515->342812
static_fuel_dijkstra,od2_yangjae_yeongdong,long,peak,8.0,26,955.2893,886.4237,68.8657,981.566,157.4208,6740.0,5,True,67,9,6,52,338734->338736->338735->338272->339089->338990->339743->340334->339307->338934->338933->338631->339979->340332->338581->338269->338705->339116->339138->338582->338268->338583->587842->338768->338767->338254->339133->338229->338218->339571->338261->341734->341572->340705->341555->342643->341561->341562->341564->342645->341559->341985->341569->344767->341558->563191->341512->646737->341511->342869->341510->343158->343160->344191->344189->342755->341769->341499->341492->343516->343774->563132->646319->344219->341546->343780->342515->342812
static_fuel_dijkstra,od2_yangjae_yeongdong,long,peak,8.0,27,1038.4543,939.5333,98.9211,1075.3999,226.1248,7121.0,7,True,69,12,9,48,338734->338736->338735->338272->339089->338990->339743->340334->339307->338934->338933->338631->339979->340332->338581->338269->338705->339116->339138->338582->338268->338583->587842->338768->338767->338254->339133->338229->338218->339094->338258->613662->339651->338651->562919->562884->613773->339003->339662->341549->342639->563096->342115->343710->341560->341518->341517->341516->341511->342869->341510->343158->343160->344191->344189->342755->342608->342607->342606->340588->341492->343516->343774->563132->646319->344219->341546->343780->342515->342812
static_fuel_dijkstra,od2_yangjae_yeongdong,long,peak,8.0,28,1037.2737,960.1516,77.1221,1095.0785,176.2943,7189.1,7,True,69,11,8,50,338734->338736->338735->338272->339089->338990->339743->340334->339307->338934->338933->338631->339979->340332->338581->338269->338705->339116->339138->338582->338268->338583->587842->338768->338767->338254->339133->338229->340484->339098->342073->342687->341600->342685->341607->344213->343102->341557->342643->341561->341562->341564->342645->341559->342115->343710->341560->341518->341517->341516->341511->342869->341510->343158->343160->344191->344189->342755->341769->341499->341492->343516->343774->563132->646319->344219->341546->343780->342515->342812
static_fuel_dijkstra,od2_yangjae_yeongdong,long,peak,8.0,29,994.4416,919.2988,75.1428,1086.957,171.7697,7188.8,5,True,68,11,8,49,338734->338736->338735->338272->339089->338990->339743->340334->339307->338934->338933->338631->339979->340332->338581->338269->338705->339116->339138->338582->338268->338583->587842->338768->338767->338254->339133->338229->340484->339098->342073->342687->341600->342685->341607->344213->343102->341557->342643->341561->341562->341564->342645->341559->342115->343710->341560->341518->341517->341516->341515->341510->343158->343160->344191->344189->342755->341769->341499->341492->343516->343774->563132->646319->344219->341546->343780->342515->342812
static_fuel_dijkstra,od2_yangjae_yeongdong,long,peak,8.0,30,999.4381,930.7686,68.6694,1108.2613,156.9723,7188.8,5,True,68,11,8,49,338734->338736->338735->338272->339089->338990->339743->340334->339307->338934->338933->338631->339979->340332->338581->338269->338705->339116->339138->338582->338268->338583->587842->338768->338767->338254->339133->338229->340484->339098->342073->342687->341600->342685->341607->344213->343102->341557->342643->341561->341562->341564->342645->341559->342115->343710->341560->341518->341517->341516->341515->341510->343158->343160->344191->344189->342755->341769->341499->341492->343516->343774->563132->646319->344219->341546->343780->342515->342812
static_fuel_dijkstra,od3_segok_samsung,long,off_peak,7.0,1,1234.5537,1021.7603,212.7934,955.8312,486.4268,7935.9,7,True,64,6,8,50,340301->340456->340502->340560->646141->587890->587891->339558->339337->111369->562926->111366->111357->111365->338931->340027->613620->613748->339941->646276->646278->646249->338395->338612->613667->613666->338773->338391->338399->338400->338396->340035->338897->340186->340168->340185->587863->338279->338280->339584->339216->338356->338355->562954->562956->338344->338312->339664->339000->339297->338311->339265->338310->343919->343726->341535->342613->646707->563094->342114->341515->341510->343158->341977->341509
static_fuel_dijkstra,od3_segok_samsung,long,off_peak,7.0,2,1231.7955,1106.8857,124.9098,947.9089,285.5328,7714.6,6,True,62,5,6,51,340301->340456->340502->340560->646141->587890->587891->339558->339337->111369->562926->111366->111357->111365->338931->340027->613620->613748->339941->646276->646278->646249->338395->338612->613667->613666->338773->338391->338399->338400->338396->340035->338897->340186->340168->340185->587863->338279->338280->339584->339216->338356->338355->562954->562956->338344->338312->339664->339000->339297->338311->339265->338310->343919->343726->341535->341739->342112->342113->341519->343157->342801->341509
static_fuel_dijkstra,od3_segok_samsung,long,off_peak,7.0,3,1199.1703,1004.3851,194.7851,837.8433,445.2615,8553.7,7,True,50,5,5,40,340301->340456->340502->340560->646141->587890->587891->339558->339337->111369->562926->111366->111357->111365->338931->340027->613620->613748->339941->646276->646278->646249->338395->338612->613667->613666->338773->338391->338399->338400->338396->340035->338897->338898->338909->342043->647033->647028->647032->647031->647029->343078->341501->343340->344393->341506->341507->341508->343159->340646->341509
static_fuel_dijkstra,od3_segok_samsung,long,off_peak,7.0,4,1202.385,1012.0386,190.3464,1005.8354,435.115,7935.9,7,True,64,6,8,50,340301->340456->340502->340560->646141->587890->587891->339558->339337->111369->562926->111366->111357->111365->338931->340027->613620->613748->339941->646276->646278->646249->338395->338612->613667->613666->338773->338391->338399->338400->338396->340035->338897->340186->340168->340185->587863->338279->338280->339584->339216->338356->338355->562954->562956->338344->338312->339664->339000->339297->338311->339265->338310->343919->343726->341535->342613->646707->563094->342114->341515->341510->343158->341977->341509
static_fuel_dijkstra,od3_segok_samsung,long,off_peak,7.0,5,1172.3269,1000.9481,171.3788,912.0858,391.7567,8553.7,7,True,50,5,5,40,340301->340456->340502->340560->646141->587890->587891->339558->339337->111369->562926->111366->111357->111365->338931->340027->613620->613748->339941->646276->646278->646249->338395->338612->613667->613666->338773->338391->338399->338400->338396->340035->338897->338898->338909->342043->647033->647028->647032->647031->647029->343078->341501->343340->344393->341506->341507->341508->343159->340646->341509
static_fuel_dijkstra,od3_segok_samsung,long,off_peak,7.0,6,1257.2732,1050.1001,207.1731,916.3132,473.5793,7714.6,7,True,62,5,6,51,340301->340456->340502->340560->646141->587890->587891->339558->339337->111369->562926->111366->111357->111365->338931->340027->613620->613748->339941->646276->646278->646249->338395->338612->613667->613666->338773->338391->338399->338400->338396->340035->338897->340186->340168->340185->587863->338279->338280->339584->339216->338356->338355->562954->562956->338344->338312->339664->339000->339297->338311->339265->338310->343919->343726->341535->341739->342112->342113->341519->343157->342801->341509
static_fuel_dijkstra,od3_segok_samsung,long,off_peak,7.0,7,1249.179,1027.3603,221.8186,904.263,507.0577,8746.4,8,True,55,6,5,44,340301->340456->340502->340560->646141->587890->587891->339558->339337->111369->562926->111366->111357->111365->338931->340027->613620->613748->339941->646276->646278->646249->338395->338612->613667->613666->338773->338391->338399->338400->338396->340035->338897->338898->338909->342043->647033->647028->647032->647031->647029->343078->341501->341500->646932->341768->342821->587988->342607->342608->342755->344189->344191->343160->342800->341509
static_fuel_dijkstra,od3_segok_samsung,long,off_peak,7.0,8,1166.358,982.5829,183.7752,864.4643,420.0937,8553.7,6,True,50,5,5,40,340301->340456->340502->340560->646141->587890->587891->339558->339337->111369->562926->111366->111357->111365->338931->340027->613620->613748->339941->646276->646278->646249->338395->338612->613667->613666->338773->338391->338399->338400->338396->340035->338897->338898->338909->342043->647033->647028->647032->647031->647029->343078->341501->343340->344393->341506->341507->341508->343159->340646->341509
static_fuel_dijkstra,od3_segok_samsung,long,off_peak,7.0,9,1187.8949,1064.8195,123.0754,940.008,281.3395,7714.6,6,True,62,5,6,51,340301->340456->340502->340560->646141->587890->587891->339558->339337->111369->562926->111366->111357->111365->338931->340027->613620->613748->339941->646276->646278->646249->338395->338612->613667->613666->338773->338391->338399->338400->338396->340035->338897->340186->340168->340185->587863->338279->338280->339584->339216->338356->338355->562954->562956->338344->338312->339664->339000->339297->338311->339265->338310->343919->343726->341535->341739->342112->342113->341519->343157->342801->341509
static_fuel_dijkstra,od3_segok_samsung,long,off_peak,7.0,10,1259.5526,1056.9627,202.5899,958.8502,463.1024,7963.7,7,True,64,5,9,50,340301->340456->340502->340560->646141->587890->587891->339558->339337->111369->562926->111366->111357->111365->338931->340027->613620->613748->339941->646275->646277->613750->613789->613788->338611->613666->338773->338391->338399->338400->338396->340035->338897->340186->340168->340185->587863->338279->338280->339584->339216->338356->338355->562954->562956->338344->338312->339664->339000->339297->338311->339265->338310->343919->343726->341535->342613->646707->563094->342114->341515->341510->343158->341977->341509
static_fuel_dijkstra,od3_segok_samsung,long,off_peak,7.0,11,1241.6981,1028.9127,212.7854,962.4715,486.4086,7935.9,7,True,64,6,8,50,340301->340456->340502->340560->646141->587890->587891->339558->339337->111369->562926->111366->111357->111365->338931->340027->613620->613748->339941->646276->646278->646249->338395->338612->613667->613666->338773->338391->338399->338400->338396->340035->338897->340186->340168->340185->587863->338279->338280->339584->339216->338356->338355->562954->562956->338344->338312->339664->339000->339297->338311->339265->338310->343919->343726->341535->342613->646707->563094->342114->341515->341510->343158->341977->341509
static_fuel_dijkstra,od3_segok_samsung,long,off_peak,7.0,12,1361.6236,1074.8637,286.76,917.7399,655.5078,8746.4,9,True,55,6,5,44,340301->340456->340502->340560->646141->587890->587891->339558->339337->111369->562926->111366->111357->111365->338931->340027->613620->613748->339941->646276->646278->646249->338395->338612->613667->613666->338773->338391->338399->338400->338396->340035->338897->338898->338909->342043->647033->647028->647032->647031->647029->343078->341501->341500->646932->341768->342821->587988->342607->342608->342755->344189->344191->343160->342800->341509
static_fuel_dijkstra,od3_segok_samsung,long,off_peak,7.0,13,1244.0437,1007.2052,236.8385,904.1968,541.3917,8553.7,9,True,50,5,5,40,340301->340456->340502->340560->646141->587890->587891->339558->339337->111369->562926->111366->111357->111365->338931->340027->613620->613748->339941->646276->646278->646249->338395->338612->613667->613666->338773->338391->338399->338400->338396->340035->338897->338898->338909->342043->647033->647028->647032->647031->647029->343078->341501->343340->344393->341506->341507->341508->343159->340646->341509
static_fuel_dijkstra,od3_segok_samsung,long,off_peak,7.0,14,1257.6442,1008.5909,249.0532,892.711,569.3136,8553.7,8,True,50,5,5,40,340301->340456->340502->340560->646141->587890->587891->339558->339337->111369->562926->111366->111357->111365->338931->340027->613620->613748->339941->646276->646278->646249->338395->338612->613667->613666->338773->338391->338399->338400->338396->340035->338897->338898->338909->342043->647033->647028->647032->647031->647029->343078->341501->343340->344393->341506->341507->341508->343159->340646->341509
static_fuel_dijkstra,od3_segok_samsung,long,off_peak,7.0,15,1242.815,1033.483,209.3321,940.7841,478.5146,7963.7,7,True,64,5,9,50,340301->340456->340502->340560->646141->587890->587891->339558->339337->111369->562926->111366->111357->111365->338931->340027->613620->613748->339941->646275->646277->613750->613789->613788->338611->613666->338773->338391->338399->338400->338396->340035->338897->340186->340168->340185->587863->338279->338280->339584->339216->338356->338355->562954->562956->338344->338312->339664->339000->339297->338311->339265->338310->343919->343726->341535->342613->646707->563094->342114->341515->341510->343158->341977->341509
static_fuel_dijkstra,od3_segok_samsung,long,off_peak,7.0,16,1242.4548,1062.0111,180.4437,872.6351,412.4784,8599.9,7,True,56,5,6,45,340301->340456->340502->340560->646141->587890->587891->339558->339337->111369->562926->111366->111357->111365->338931->340027->613620->613748->339941->646276->646278->646249->338395->338612->613667->613666->338773->338391->338399->338400->338396->340035->338897->338898->338909->342043->647033->647028->647032->647031->647029->343078->341501->341500->646932->341768->342821->343267->342611->563120->341494->613864->341507->341508->343159->340646->341509
static_fuel_dijkstra,od3_segok_samsung,long,off_peak,7.0,17,1287.1701,1050.0864,237.0837,1000.3802,541.9522,7714.6,8,True,62,5,6,51,340301->340456->340502->340560->646141->587890->587891->339558->339337->111369->562926->111366->111357->111365->338931->340027->613620->613748->339941->646276->646278->646249->338395->338612->613667->613666->338773->338391->338399->338400->338396->340035->338897->340186->340168->340185->587863->338279->338280->339584->339216->338356->338355->562954->562956->338344->338312->339664->339000->339297->338311->339265->338310->343919->343726->341535->341739->342112->342113->341519->343157->342801->341509
static_fuel_dijkstra,od3_segok_samsung,long,off_peak,7.0,18,1239.0115,1030.0582,208.9533,931.739,477.6487,7714.6,8,True,62,5,6,51,340301->340456->340502->340560->646141->587890->587891->339558->339337->111369->562926->111366->111357->111365->338931->340027->613620->613748->339941->646276->646278->646249->338395->338612->613667->613666->338773->338391->338399->338400->338396->340035->338897->340186->340168->340185->587863->338279->338280->339584->339216->338356->338355->562954->562956->338344->338312->339664->339000->339297->338311->339265->338310->343919->343726->341535->341739->342112->342113->341519->343157->342801->341509
static_fuel_dijkstra,od3_segok_samsung,long,off_peak,7.0,19,1197.5603,1018.9569,178.6034,869.7208,408.2714,8553.7,7,True,50,5,5,40,340301->340456->340502->340560->646141->587890->587891->339558->339337->111369->562926->111366->111357->111365->338931->340027->613620->613748->339941->646276->646278->646249->338395->338612->613667->613666->338773->338391->338399->338400->338396->340035->338897->338898->338909->342043->647033->647028->647032->647031->647029->343078->341501->343340->344393->341506->341507->341508->343159->340646->341509
static_fuel_dijkstra,od3_segok_samsung,long,off_peak,7.0,20,1291.6217,1090.411,201.2108,988.5782,459.9499,8016.9,7,True,65,6,10,49,340301->340456->340502->340560->646141->587890->587891->339558->339337->111369->562926->111366->111357->111365->338931->340027->613620->613748->339941->646276->646278->646277->613750->613789->613788->338611->613666->338773->338391->338399->338400->338396->340035->338897->340186->340168->340185->587863->338279->338280->339584->339216->338356->338355->562954->562956->338344->338312->339664->339000->339297->338311->339265->338310->343919->343726->341535->342613->646707->563094->342114->341515->341510->343158->341977->341509
static_fuel_dijkstra,od3_segok_samsung,long,off_peak,7.0,21,1136.4827,965.3152,171.1675,898.3647,391.2737,8553.7,6,True,50,5,5,40,340301->340456->340502->340560->646141->587890->587891->339558->339337->111369->562926->111366->111357->111365->338931->340027->613620->613748->339941->646276->646278->646249->338395->338612->613667->613666->338773->338391->338399->338400->338396->340035->338897->338898->338909->342043->647033->647028->647032->647031->647029->343078->341501->343340->344393->341506->341507->341508->343159->340646->341509
static_fuel_dijkstra,od3_segok_samsung,long,off_peak,7.0,22,1255.2736,1069.3136,185.96,857.7687,425.088,8553.7,6,True,50,5,5,40,340301->340456->340502->340560->646141->587890->587891->339558->339337->111369->562926->111366->111357->111365->338931->340027->613620->613748->339941->646276->646278->646249->338395->338612->613667->613666->338773->338391->338399->338400->338396->340035->338897->338898->338909->342043->647033->647028->647032->647031->647029->343078->341501->343340->344393->341506->341507->341508->343159->340646->341509
static_fuel_dijkstra,od3_segok_samsung,long,off_peak,7.0,23,1276.6038,1024.0692,252.5346,868.0462,577.2717,8553.7,10,True,50,5,5,40,340301->340456->340502->340560->646141->587890->587891->339558->339337->111369->562926->111366->111357->111365->338931->340027->613620->613748->339941->646276->646278->646249->338395->338612->613667->613666->338773->338391->338399->338400->338396->340035->338897->338898->338909->342043->647033->647028->647032->647031->647029->343078->341501->343340->344393->341506->341507->341508->343159->340646->341509
static_fuel_dijkstra,od3_segok_samsung,long,off_peak,7.0,24,1228.7583,1023.3937,205.3646,918.7159,469.4453,7714.6,7,True,62,5,6,51,340301->340456->340502->340560->646141->587890->587891->339558->339337->111369->562926->111366->111357->111365->338931->340027->613620->613748->339941->646276->646278->646249->338395->338612->613667->613666->338773->338391->338399->338400->338396->340035->338897->340186->340168->340185->587863->338279->338280->339584->339216->338356->338355->562954->562956->338344->338312->339664->339000->339297->338311->339265->338310->343919->343726->341535->341739->342112->342113->341519->343157->342801->341509
static_fuel_dijkstra,od3_segok_samsung,long,off_peak,7.0,25,1256.9195,1029.1548,227.7647,906.2518,520.6499,8746.4,9,True,55,6,5,44,340301->340456->340502->340560->646141->587890->587891->339558->339337->111369->562926->111366->111357->111365->338931->340027->613620->613748->339941->646276->646278->646249->338395->338612->613667->613666->338773->338391->338399->338400->338396->340035->338897->338898->338909->342043->647033->647028->647032->647031->647029->343078->341501->341500->646932->341768->342821->587988->342607->342608->342755->344189->344191->343160->342800->341509
static_fuel_dijkstra,od3_segok_samsung,long,off_peak,7.0,26,1231.9764,1057.8717,174.1047,1050.4545,397.9879,7963.7,6,True,64,5,9,50,340301->340456->340502->340560->646141->587890->587891->339558->339337->111369->562926->111366->111357->111365->338931->340027->613620->613748->339941->646275->646277->613750->613789->613788->338611->613666->338773->338391->338399->338400->338396->340035->338897->340186->340168->340185->587863->338279->338280->339584->339216->338356->338355->562954->562956->338344->338312->339664->339000->339297->338311->339265->338310->343919->343726->341535->342613->646707->563094->342114->341515->341510->343158->341977->341509
static_fuel_dijkstra,od3_segok_samsung,long,off_peak,7.0,27,1236.5474,1029.0301,207.5173,950.3149,474.3661,7935.9,7,True,64,6,8,50,340301->340456->340502->340560->646141->587890->587891->339558->339337->111369->562926->111366->111357->111365->338931->340027->613620->613748->339941->646276->646278->646249->338395->338612->613667->613666->338773->338391->338399->338400->338396->340035->338897->340186->340168->340185->587863->338279->338280->339584->339216->338356->338355->562954->562956->338344->338312->339664->339000->339297->338311->339265->338310->343919->343726->341535->342613->646707->563094->342114->341515->341510->343158->341977->341509
static_fuel_dijkstra,od3_segok_samsung,long,off_peak,7.0,28,1168.2032,1025.5564,142.6468,794.9916,326.0779,8553.7,7,True,50,5,5,40,340301->340456->340502->340560->646141->587890->587891->339558->339337->111369->562926->111366->111357->111365->338931->340027->613620->613748->339941->646276->646278->646249->338395->338612->613667->613666->338773->338391->338399->338400->338396->340035->338897->338898->338909->342043->647033->647028->647032->647031->647029->343078->341501->343340->344393->341506->341507->341508->343159->340646->341509
static_fuel_dijkstra,od3_segok_samsung,long,off_peak,7.0,29,1308.2751,1119.4629,188.8122,995.9724,431.608,8016.9,7,True,65,6,10,49,340301->340456->340502->340560->646141->587890->587891->339558->339337->111369->562926->111366->111357->111365->338931->340027->613620->613748->339941->646276->646278->646277->613750->613789->613788->338611->613666->338773->338391->338399->338400->338396->340035->338897->340186->340168->340185->587863->338279->338280->339584->339216->338356->338355->562954->562956->338344->338312->339664->339000->339297->338311->339265->338310->343919->343726->341535->342613->646707->563094->342114->341515->341510->343158->341977->341509
static_fuel_dijkstra,od3_segok_samsung,long,off_peak,7.0,30,1207.4583,1012.9171,194.5412,943.52,444.7038,7714.6,7,True,62,5,6,51,340301->340456->340502->340560->646141->587890->587891->339558->339337->111369->562926->111366->111357->111365->338931->340027->613620->613748->339941->646276->646278->646249->338395->338612->613667->613666->338773->338391->338399->338400->338396->340035->338897->340186->340168->340185->587863->338279->338280->339584->339216->338356->338355->562954->562956->338344->338312->339664->339000->339297->338311->339265->338310->343919->343726->341535->341739->342112->342113->341519->343157->342801->341509
static_fuel_dijkstra,od3_segok_samsung,long,peak,8.0,1,1314.8021,1106.1633,208.6388,1065.9007,476.9297,7714.6,8,True,62,5,6,51,340301->340456->340502->340560->646141->587890->587891->339558->339337->111369->562926->111366->111357->111365->338931->340027->613620->613748->339941->646276->646278->646249->338395->338612->613667->613666->338773->338391->338399->338400->338396->340035->338897->340186->340168->340185->587863->338279->338280->339584->339216->338356->338355->562954->562956->338344->338312->339664->339000->339297->338311->339265->338310->343919->343726->341535->341739->342112->342113->341519->343157->342801->341509
static_fuel_dijkstra,od3_segok_samsung,long,peak,8.0,2,1212.3516,1026.5644,185.7872,1123.3495,424.693,7714.6,7,True,62,5,6,51,340301->340456->340502->340560->646141->587890->587891->339558->339337->111369->562926->111366->111357->111365->338931->340027->613620->613748->339941->646276->646278->646249->338395->338612->613667->613666->338773->338391->338399->338400->338396->340035->338897->340186->340168->340185->587863->338279->338280->339584->339216->338356->338355->562954->562956->338344->338312->339664->339000->339297->338311->339265->338310->343919->343726->341535->341739->342112->342113->341519->343157->342801->341509
static_fuel_dijkstra,od3_segok_samsung,long,peak,8.0,3,1300.0464,1077.3892,222.6572,1246.0538,508.9745,7714.6,8,True,62,5,6,51,340301->340456->340502->340560->646141->587890->587891->339558->339337->111369->562926->111366->111357->111365->338931->340027->613620->613748->339941->646276->646278->646249->338395->338612->613667->613666->338773->338391->338399->338400->338396->340035->338897->340186->340168->340185->587863->338279->338280->339584->339216->338356->338355->562954->562956->338344->338312->339664->339000->339297->338311->339265->338310->343919->343726->341535->341739->342112->342113->341519->343157->342801->341509
static_fuel_dijkstra,od3_segok_samsung,long,peak,8.0,4,1333.7451,1116.8515,216.8935,1083.4511,495.7994,7742.4,7,True,62,4,7,51,340301->340456->340502->340560->646141->587890->587891->339558->339337->111369->562926->111366->111357->111365->338931->340027->613620->613748->339941->646275->646277->613750->613789->613788->338611->613666->338773->338391->338399->338400->338396->340035->338897->340186->340168->340185->587863->338279->338280->339584->339216->338356->338355->562954->562956->338344->338312->339664->339000->339297->338311->339265->338310->343919->343726->341535->341739->342112->342113->341519->343157->342801->341509
static_fuel_dijkstra,od3_segok_samsung,long,peak,8.0,5,1373.488,1141.4061,232.0819,1274.7557,530.5186,7935.9,9,True,64,6,8,50,340301->340456->340502->340560->646141->587890->587891->339558->339337->111369->562926->111366->111357->111365->338931->340027->613620->613748->339941->646276->646278->646249->338395->338612->613667->613666->338773->338391->338399->338400->338396->340035->338897->340186->340168->340185->587863->338279->338280->339584->339216->338356->338355->562954->562956->338344->338312->339664->339000->339297->338311->339265->338310->343919->343726->341535->342613->646707->563094->342114->341515->341510->343158->341977->341509
static_fuel_dijkstra,od3_segok_samsung,long,peak,8.0,6,1231.2764,1070.6364,160.6401,1102.4367,367.2089,8205.8,6,True,68,11,12,45,340301->340456->340502->340560->646141->587890->587891->339558->339337->111369->562926->111366->111357->111365->338931->340027->613620->613748->339941->646276->646278->646249->338395->338612->613667->613666->338773->338391->338399->338400->338396->340035->338897->340186->340168->340185->587863->338279->338280->339584->339216->338356->338355->562954->562956->338344->338312->339664->339000->339297->338311->338769->338324->339229->343940->344529->344530->341533->341532->343937->343932->343933->341520->341513->646563->341508->343159->340646->341509
static_fuel_dijkstra,od3_segok_samsung,long,peak,8.0,7,1364.6393,1084.8826,279.7567,1160.8121,639.4991,7963.7,9,True,64,5,9,50,340301->340456->340502->340560->646141->587890->587891->339558->339337->111369->562926->111366->111357->111365->338931->340027->613620->613748->339941->646275->646277->613750->613789->613788->338611->613666->338773->338391->338399->338400->338396->340035->338897->340186->340168->340185->587863->338279->338280->339584->339216->338356->338355->562954->562956->338344->338312->339664->339000->339297->338311->339265->338310->343919->343726->341535->342613->646707->563094->342114->341515->341510->343158->341977->341509
static_fuel_dijkstra,od3_segok_samsung,long,peak,8.0,8,1289.0874,1099.9995,189.0879,1120.4609,432.2381,7742.4,7,True,62,4,7,51,340301->340456->340502->340560->646141->587890->587891->339558->339337->111369->562926->111366->111357->111365->338931->340027->613620->613748->339941->646275->646277->613750->613789->613788->338611->613666->338773->338391->338399->338400->338396->340035->338897->340186->340168->340185->587863->338279->338280->339584->339216->338356->338355->562954->562956->338344->338312->339664->339000->339297->338311->339265->338310->343919->343726->341535->341739->342112->342113->341519->343157->342801->341509
static_fuel_dijkstra,od3_segok_samsung,long,peak,8.0,9,1253.0851,1046.46,206.6251,1078.9969,472.3265,7714.6,6,True,62,5,6,51,340301->340456->340502->340560->646141->587890->587891->339558->339337->111369->562926->111366->111357->111365->338931->340027->613620->613748->339941->646276->646278->646249->338395->338612->613667->613666->338773->338391->338399->338400->338396->340035->338897->340186->340168->340185->587863->338279->338280->339584->339216->338356->338355->562954->562956->338344->338312->339664->339000->339297->338311->339265->338310->343919->343726->341535->341739->342112->342113->341519->343157->342801->341509
static_fuel_dijkstra,od3_segok_samsung,long,peak,8.0,10,1361.5763,1043.7188,317.8575,1047.6762,726.5939,7742.4,9,True,62,4,7,51,340301->340456->340502->340560->646141->587890->587891->339558->339337->111369->562926->111366->111357->111365->338931->340027->613620->613748->339941->646275->646277->613750->613789->613788->338611->613666->338773->338391->338399->338400->338396->340035->338897->340186->340168->340185->587863->338279->338280->339584->339216->338356->338355->562954->562956->338344->338312->339664->339000->339297->338311->339265->338310->343919->343726->341535->341739->342112->342113->341519->343157->342801->341509
static_fuel_dijkstra,od3_segok_samsung,long,peak,8.0,11,1320.2451,1063.8406,256.4045,1149.1114,586.1178,7714.6,9,True,62,5,6,51,340301->340456->340502->340560->646141->587890->587891->339558->339337->111369->562926->111366->111357->111365->338931->340027->613620->613748->339941->646276->646278->646249->338395->338612->613667->613666->338773->338391->338399->338400->338396->340035->338897->340186->340168->340185->587863->338279->338280->339584->339216->338356->338355->562954->562956->338344->338312->339664->339000->339297->338311->339265->338310->343919->343726->341535->341739->342112->342113->341519->343157->342801->341509
static_fuel_dijkstra,od3_segok_samsung,long,peak,8.0,12,1304.8627,1068.4759,236.3868,1104.1639,540.3592,7941.5,7,True,65,6,8,51,340301->340456->340502->340560->646141->587890->587891->339558->339337->111369->562926->111366->111357->111365->338931->340027->613620->613748->339941->646275->646277->646278->646249->338395->338612->613667->613666->338773->338391->338399->338400->338396->340035->338897->340186->340168->340185->587863->338279->338280->339584->339216->338356->338355->562954->562956->338344->338312->339664->339000->339297->338311->339265->338310->343919->343726->341535->342613->646707->563094->342114->341515->341510->343158->341977->341509
static_fuel_dijkstra,od3_segok_samsung,long,peak,8.0,13,1238.3424,1032.8711,205.4713,1074.3699,469.689,7742.4,7,True,62,4,7,51,340301->340456->340502->340560->646141->587890->587891->339558->339337->111369->562926->111366->111357->111365->338931->340027->613620->613748->339941->646275->646277->613750->613789->613788->338611->613666->338773->338391->338399->338400->338396->340035->338897->340186->340168->340185->587863->338279->338280->339584->339216->338356->338355->562954->562956->338344->338312->339664->339000->339297->338311->339265->338310->343919->343726->341535->341739->342112->342113->341519->343157->342801->341509
static_fuel_dijkstra,od3_segok_samsung,long,peak,8.0,14,1369.0124,1064.395,304.6174,1092.5282,696.3284,7963.7,9,True,64,5,9,50,340301->340456->340502->340560->646141->587890->587891->339558->339337->111369->562926->111366->111357->111365->338931->340027->613620->613748->339941->646275->646277->613750->613789->613788->338611->613666->338773->338391->338399->338400->338396->340035->338897->340186->340168->340185->587863->338279->338280->339584->339216->338356->338355->562954->562956->338344->338312->339664->339000->339297->338311->339265->338310->343919->343726->341535->342613->646707->563094->342114->341515->341510->343158->341977->341509
static_fuel_dijkstra,od3_segok_samsung,long,peak,8.0,15,1316.5696,1059.7041,256.8655,1154.5291,587.1717,7720.2,8,True,63,5,6,52,340301->340456->340502->340560->646141->587890->587891->339558->339337->111369->562926->111366->111357->111365->338931->340027->613620->613748->339941->646275->646277->646278->646249->338395->338612->613667->613666->338773->338391->338399->338400->338396->340035->338897->340186->340168->340185->587863->338279->338280->339584->339216->338356->338355->562954->562956->338344->338312->339664->339000->339297->338311->339265->338310->343919->343726->341535->341739->342112->342113->341519->343157->342801->341509
static_fuel_dijkstra,od3_segok_samsung,long,peak,8.0,16,1371.7453,1082.2867,289.4586,1071.649,661.6766,7742.4,9,True,62,4,7,51,340301->340456->340502->340560->646141->587890->587891->339558->339337->111369->562926->111366->111357->111365->338931->340027->613620->613748->339941->646275->646277->613750->613789->613788->338611->613666->338773->338391->338399->338400->338396->340035->338897->340186->340168->340185->587863->338279->338280->339584->339216->338356->338355->562954->562956->338344->338312->339664->339000->339297->338311->339265->338310->343919->343726->341535->341739->342112->342113->341519->343157->342801->341509
static_fuel_dijkstra,od3_segok_samsung,long,peak,8.0,17,1235.606,1112.4521,123.1539,983.55,281.5189,8745.9,5,True,54,6,5,43,340301->340456->340502->340560->646141->587890->587891->339558->339337->111369->562926->111366->111357->111365->338931->340027->613620->613748->339941->646276->646278->646249->338395->338612->613667->613666->338773->338391->338399->338400->338396->340035->338897->338898->338909->342043->647033->647028->647031->647029->343078->341501->341500->646932->341768->342821->587988->342607->342608->342755->344189->344191->343160->342800->341509
static_fuel_dijkstra,od3_segok_samsung,long,peak,8.0,18,1274.6378,1063.6037,211.0342,1142.3333,482.4054,7963.7,7,True,64,5,9,50,340301->340456->340502->340560->646141->587890->587891->339558->339337->111369->562926->111366->111357->111365->338931->340027->613620->613748->339941->646275->646277->613750->613789->613788->338611->613666->338773->338391->338399->338400->338396->340035->338897->340186->340168->340185->587863->338279->338280->339584->339216->338356->338355->562954->562956->338344->338312->339664->339000->339297->338311->339265->338310->343919->343726->341535->342613->646707->563094->342114->341515->341510->343158->341977->341509
static_fuel_dijkstra,od3_segok_samsung,long,peak,8.0,19,1237.5195,1032.3779,205.1416,1106.5629,468.9355,7742.4,7,True,62,4,7,51,340301->340456->340502->340560->646141->587890->587891->339558->339337->111369->562926->111366->111357->111365->338931->340027->613620->613748->339941->646275->646277->613750->613789->613788->338611->613666->338773->338391->338399->338400->338396->340035->338897->340186->340168->340185->587863->338279->338280->339584->339216->338356->338355->562954->562956->338344->338312->339664->339000->339297->338311->339265->338310->343919->343726->341535->341739->342112->342113->341519->343157->342801->341509
static_fuel_dijkstra,od3_segok_samsung,long,peak,8.0,20,1263.2568,1071.8775,191.3793,1109.8192,437.476,7742.4,6,True,62,4,7,51,340301->340456->340502->340560->646141->587890->587891->339558->339337->111369->562926->111366->111357->111365->338931->340027->613620->613748->339941->646275->646277->613750->613789->613788->338611->613666->338773->338391->338399->338400->338396->340035->338897->340186->340168->340185->587863->338279->338280->339584->339216->338356->338355->562954->562956->338344->338312->339664->339000->339297->338311->339265->338310->343919->343726->341535->341739->342112->342113->341519->343157->342801->341509
static_fuel_dijkstra,od3_segok_samsung,long,peak,8.0,21,1259.7708,1052.0135,207.7573,1079.5868,474.9148,7742.4,8,True,62,4,7,51,340301->340456->340502->340560->646141->587890->587891->339558->339337->111369->562926->111366->111357->111365->338931->340027->613620->613748->339941->646275->646277->613750->613789->613788->338611->613666->338773->338391->338399->338400->338396->340035->338897->340186->340168->340185->587863->338279->338280->339584->339216->338356->338355->562954->562956->338344->338312->339664->339000->339297->338311->339265->338310->343919->343726->341535->341739->342112->342113->341519->343157->342801->341509
static_fuel_dijkstra,od3_segok_samsung,long,peak,8.0,22,1246.947,1039.8533,207.0937,1073.5195,473.3978,7742.4,6,True,62,4,7,51,340301->340456->340502->340560->646141->587890->587891->339558->339337->111369->562926->111366->111357->111365->338931->340027->613620->613748->339941->646275->646277->613750->613789->613788->338611->613666->338773->338391->338399->338400->338396->340035->338897->340186->340168->340185->587863->338279->338280->339584->339216->338356->338355->562954->562956->338344->338312->339664->339000->339297->338311->339265->338310->343919->343726->341535->341739->342112->342113->341519->343157->342801->341509
static_fuel_dijkstra,od3_segok_samsung,long,peak,8.0,23,1275.2921,1071.2019,204.0902,1174.3958,466.5321,7941.5,6,True,65,6,8,51,340301->340456->340502->340560->646141->587890->587891->339558->339337->111369->562926->111366->111357->111365->338931->340027->613620->613748->339941->646275->646277->646278->646249->338395->338612->613667->613666->338773->338391->338399->338400->338396->340035->338897->340186->340168->340185->587863->338279->338280->339584->339216->338356->338355->562954->562956->338344->338312->339664->339000->339297->338311->339265->338310->343919->343726->341535->342613->646707->563094->342114->341515->341510->343158->341977->341509
static_fuel_dijkstra,od3_segok_samsung,long,peak,8.0,24,1280.2193,1055.0087,225.2106,1115.4933,514.8115,7935.9,7,True,64,6,8,50,340301->340456->340502->340560->646141->587890->587891->339558->339337->111369->562926->111366->111357->111365->338931->340027->613620->613748->339941->646276->646278->646249->338395->338612->613667->613666->338773->338391->338399->338400->338396->340035->338897->340186->340168->340185->587863->338279->338280->339584->339216->338356->338355->562954->562956->338344->338312->339664->339000->339297->338311->339265->338310->343919->343726->341535->342613->646707->563094->342114->341515->341510->343158->341977->341509
static_fuel_dijkstra,od3_segok_samsung,long,peak,8.0,25,1265.92,1023.9427,241.9772,1082.6568,553.1384,7935.9,8,True,64,6,8,50,340301->340456->340502->340560->646141->587890->587891->339558->339337->111369->562926->111366->111357->111365->338931->340027->613620->613748->339941->646276->646278->646249->338395->338612->613667->613666->338773->338391->338399->338400->338396->340035->338897->340186->340168->340185->587863->338279->338280->339584->339216->338356->338355->562954->562956->338344->338312->339664->339000->339297->338311->339265->338310->343919->343726->341535->342613->646707->563094->342114->341515->341510->343158->341977->341509
static_fuel_dijkstra,od3_segok_samsung,long,peak,8.0,26,1294.6494,1121.0079,173.6415,1063.3975,396.9291,8233.6,6,True,68,10,13,45,340301->340456->340502->340560->646141->587890->587891->339558->339337->111369->562926->111366->111357->111365->338931->340027->613620->613748->339941->646275->646277->613750->613789->613788->338611->613666->338773->338391->338399->338400->338396->340035->338897->340186->340168->340185->587863->338279->338280->339584->339216->338356->338355->562954->562956->338344->338312->339664->339000->339297->338311->338769->338324->339229->343940->344529->344530->341533->341532->343937->343932->343933->341520->341513->646563->341508->343159->340646->341509
static_fuel_dijkstra,od3_segok_samsung,long,peak,8.0,27,1264.5436,1041.3947,223.1489,1052.5862,510.0987,7714.6,7,True,62,5,6,51,340301->340456->340502->340560->646141->587890->587891->339558->339337->111369->562926->111366->111357->111365->338931->340027->613620->613748->339941->646276->646278->646249->338395->338612->613667->613666->338773->338391->338399->338400->338396->340035->338897->340186->340168->340185->587863->338279->338280->339584->339216->338356->338355->562954->562956->338344->338312->339664->339000->339297->338311->339265->338310->343919->343726->341535->341739->342112->342113->341519->343157->342801->341509
static_fuel_dijkstra,od3_segok_samsung,long,peak,8.0,28,1323.3144,1050.1219,273.1925,1125.485,624.4939,7714.6,8,True,62,5,6,51,340301->340456->340502->340560->646141->587890->587891->339558->339337->111369->562926->111366->111357->111365->338931->340027->613620->613748->339941->646276->646278->646249->338395->338612->613667->613666->338773->338391->338399->338400->338396->340035->338897->340186->340168->340185->587863->338279->338280->339584->339216->338356->338355->562954->562956->338344->338312->339664->339000->339297->338311->339265->338310->343919->343726->341535->341739->342112->342113->341519->343157->342801->341509
static_fuel_dijkstra,od3_segok_samsung,long,peak,8.0,29,1289.0884,1091.0386,198.0498,1152.0294,452.7242,7720.2,7,True,63,5,6,52,340301->340456->340502->340560->646141->587890->587891->339558->339337->111369->562926->111366->111357->111365->338931->340027->613620->613748->339941->646275->646277->646278->646249->338395->338612->613667->613666->338773->338391->338399->338400->338396->340035->338897->340186->340168->340185->587863->338279->338280->339584->339216->338356->338355->562954->562956->338344->338312->339664->339000->339297->338311->339265->338310->343919->343726->341535->341739->342112->342113->341519->343157->342801->341509
static_fuel_dijkstra,od3_segok_samsung,long,peak,8.0,30,1241.8198,1047.9939,193.826,1112.5859,443.0689,7714.6,6,True,62,5,6,51,340301->340456->340502->340560->646141->587890->587891->339558->339337->111369->562926->111366->111357->111365->338931->340027->613620->613748->339941->646276->646278->646249->338395->338612->613667->613666->338773->338391->338399->338400->338396->340035->338897->340186->340168->340185->587863->338279->338280->339584->339216->338356->338355->562954->562956->338344->338312->339664->339000->339297->338311->339265->338310->343919->343726->341535->341739->342112->342113->341519->343157->342801->341509
rl_base,od1_sinnonhyeon_suseo,long,off_peak,7.0,1,1545.1242,1385.4406,159.6836,1345.0955,365.0226,10663.6,7,True,78,11,16,51,342695->342700->343100->342865->342652->342116->342672->340587->342670->343657->342666->342663->342681->342617->342618->342632->343072->341795->341544->341796->343669->341798->342622->341797->341771->341545->340698->341540->340697->343457->341546->344219->646319->563132->343774->343516->341492->340588->342606->342607->342608->342755->344189->344188->344809->344810->344188->344189->342755->342608->342607->587988->342821->341768->646932->341500->341501->343078->647029->647031->647028->647033->342043->338909->338898->338897->340035->338396->338400->338399->338398->338407->338406->338405->338404->338391->338773->613666->613667
rl_base,od1_sinnonhyeon_suseo,long,off_peak,7.0,2,1363.6186,1188.2474,175.3712,1056.118,400.8829,9385.5,6,True,62,5,8,49,342695->342700->343100->342865->342652->342116->342672->340587->342670->343657->342666->342663->342681->342617->342618->342632->343072->341795->341544->341796->343669->341798->342622->341797->341771->341545->340698->341540->340697->343457->341546->344219->646319->563132->343774->343516->341492->340588->342606->342607->587988->342821->341768->646932->341500->341501->343078->647029->647031->647028->647033->342043->338909->338898->338897->340035->338396->338400->338399->338391->338773->613666->613667
rl_base,od1_sinnonhyeon_suseo,long,off_peak,7.0,3,1375.1217,1193.2455,181.8762,1068.9617,415.7529,9385.5,8,True,62,5,8,49,342695->342700->343100->342865->342652->342116->342672->340587->342670->343657->342666->342663->342681->342617->342618->342632->343072->341795->341544->341796->343669->341798->342622->341797->341771->341545->340698->341540->340697->343457->341546->344219->646319->563132->343774->343516->341492->340588->342606->342607->587988->342821->341768->646932->341500->341501->343078->647029->647031->647028->647033->342043->338909->338898->338897->340035->338396->338400->338399->338391->338773->613666->613667
rl_base,od1_sinnonhyeon_suseo,long,off_peak,7.0,4,1438.9301,1423.1448,15.7854,1319.4536,36.0839,12849.7,1,True,54,9,10,35,342695->342700->343100->342834->341621->341620->342076->342713->342714->342712->342711->343062->563071->340626->341619->563100->341780->341614->341779->341781->341617->341616->342655->341575->342499->341244->341239->341240->343033->343032->341719->341261->341243->343380->343350->343348->341270->341271->341491->342050->647032->647028->647033->342043->338909->338898->338897->340035->338396->338400->338399->338391->338773->613666->613667
rl_base,od1_sinnonhyeon_suseo,long,off_peak,7.0,5,1523.7025,1282.308,241.3945,1119.7948,551.8063,9972.3,8,True,72,9,10,53,342695->342700->343100->342865->342652->342116->342672->340587->342670->343657->342666->342663->342681->342617->342618->342632->343072->341795->341544->341796->343669->341798->342622->341797->341771->341545->340698->341540->340697->343457->341546->344219->646319->646416->646417->646416->646319->563132->343774->343516->341492->340588->342606->342607->587988->342821->341768->646932->341500->341501->343078->647029->647031->647028->647033->342043->338909->338898->338897->340035->338396->338400->338399->338391->338773->613628->338388->338390->613789->613788->338611->613666->613667
rl_base,od1_sinnonhyeon_suseo,long,off_peak,7.0,6,1252.173,1120.7249,131.4481,1000.2752,300.4786,9535.8,9,True,66,5,12,49,342695->342700->343100->342865->342652->342116->342672->340587->342670->343657->342666->342663->342681->342617->342618->342632->343072->341795->341544->341796->343669->341798->342622->341797->341771->341545->340698->341540->340697->343457->341546->344219->646319->563132->343774->343516->341492->340588->342606->342607->587988->342821->341768->646932->341500->341501->343340->343341->341500->341501->343078->647029->647031->647028->647033->342043->338909->338898->338897->340035->338396->338400->338399->338391->338773->613666->613667
rl_base,od1_sinnonhyeon_suseo,long,off_peak,7.0,7,1240.121,1106.2317,133.8893,1005.3057,306.0591,9385.5,8,True,62,5,8,49,342695->342700->343100->342865->342652->342116->342672->340587->342670->343657->342666->342663->342681->342617->342618->342632->343072->341795->341544->341796->343669->341798->342622->341797->341771->341545->340698->341540->340697->343457->341546->344219->646319->563132->343774->343516->341492->340588->342606->342607->587988->342821->341768->646932->341500->341501->343078->647029->647031->647028->647033->342043->338909->338898->338897->340035->338396->338400->338399->338391->338773->613666->613667
rl_base,od1_sinnonhyeon_suseo,long,off_peak,7.0,8,1646.1055,1551.9993,94.1061,1629.0336,215.1183,12804.5,4,True,91,12,15,64,342695->342700->343100->342865->342652->342116->342672->340587->342670->646668->646669->342669->342679->341983->342673->646784->646782->341597->563098->342151->563301->341593->646355->341601->342684->341598->341729->341603->341730->646623->341984->341732->342691->341733->341602->338230->646176->339098->342073->342687->341600->342685->341607->344213->343102->341557->342643->341561->341562->341564->342639->563096->342115->343710->341560->341518->341517->341516->341515->341519->341513->341520->343933->343932->343939->343935->343936->342836->343938->646617->646615->341506->344393->343340->341501->343078->647029->647031->647028->647033->342043->338909->338898->338897->340035->338396->338400->338399->338391->338773->613666->613667
rl_base,od1_sinnonhyeon_suseo,long,off_peak,7.0,9,1280.6943,1159.7081,120.9862,1020.3321,276.5638,9695.8,7,True,65,6,8,51,342695->342700->343100->342865->342652->342116->342672->340587->342670->343657->342666->342663->342681->342617->342618->342632->343072->341795->341544->341796->343669->341798->342622->341797->341771->341545->340698->341540->340697->343457->341546->344219->646319->563132->343774->343516->341492->340588->342606->342607->587988->342821->341768->646932->341500->341501->343078->647029->647031->647028->647032->647031->647028->647033->342043->338909->338898->338897->340035->338396->338400->338399->338391->338773->613666->613667
rl_base,od1_sinnonhyeon_suseo,long,off_peak,7.0,10,1363.1321,1171.6061,191.526,1040.9239,437.8114,9431.7,7,True,64,7,9,48,342695->342700->343100->342865->342652->342116->342672->340587->342670->343657->342666->342663->342681->342617->342618->342632->343072->341795->341544->341796->343669->341798->342622->341797->341771->341545->340698->341540->340697->343457->341546->344219->646319->563132->343774->343516->341492->340588->342606->342607->587988->342821->341768->646932->341500->341501->343078->647029->647031->647028->647033->342043->338909->338898->338897->340035->338396->338400->646212->338398->338399->338391->338773->613666->613667
rl_base,od1_sinnonhyeon_suseo,long,off_peak,7.0,11,1363.2269,1212.3616,150.8653,977.4322,344.8646,9978.8,8,True,71,8,10,53,342695->342700->343100->342865->342652->342116->342672->340587->342670->343657->342666->342663->342681->342617->342618->342632->343072->341795->341544->341796->343669->341798->342622->341797->341771->341545->340698->341540->340697->343457->341546->344219->646319->563132->343774->343516->341492->340588->342606->342607->587988->342821->341768->646932->341500->341501->343078->647029->647031->647028->647032->647031->647028->647033->342043->338909->338898->338897->340035->338396->338400->338399->338391->338773->613628->338388->338390->613789->613788->338611->613666->613667
rl_base,od1_sinnonhyeon_suseo,long,off_peak,7.0,12,1270.493,1166.3348,104.1581,1013.9029,238.0963,9667.7,7,True,64,6,8,50,342695->342696->342695->342700->343100->342865->342652->342116->342672->340587->342670->343657->342666->342663->342681->342617->342618->342632->343072->341795->341544->341796->343669->341798->342622->341797->341771->341545->340698->341540->340697->343457->341546->344219->646319->563132->343774->343516->341492->340588->342606->342607->587988->342821->341768->646932->341500->341501->343078->647029->647031->647028->647033->342043->338909->338898->338897->340035->338396->338400->338399->338391->338773->613666->613667
rl_base,od1_sinnonhyeon_suseo,long,off_peak,7.0,13,1302.919,1192.4565,110.4626,987.3231,252.5076,9420.1,6,True,64,6,7,51,342695->342700->343100->342865->342652->342116->342672->340587->342670->343657->342666->342663->342681->342617->342618->342632->343072->341795->341544->341796->343669->341798->342622->341797->341771->341545->340698->341540->340697->343457->341546->344219->646319->563132->343774->343516->341492->340588->342606->343673->342606->342607->587988->342821->341768->646932->341500->341501->343078->647029->647031->647028->647033->342043->338909->338898->338897->340035->338396->338400->338399->338391->338773->613666->613667
rl_base,od1_sinnonhyeon_suseo,long,off_peak,7.0,14,1465.2176,1247.3156,217.9021,1170.5834,498.1047,9980.8,10,True,68,8,8,52,342695->342700->343100->342865->342652->342116->342672->340587->342670->343657->342666->342663->342681->342617->342618->343654->343653->343654->342618->343820->646558->340583->342072->341544->613853->341544->342072->342614->340597->342633->342626->344210->341542->342628->563165->341547->563166->341548->340707->343666->343075->341543->588052->341499->344500->342607->587988->342821->341768->646932->341500->341501->343078->647029->647031->647028->647033->342043->338909->338898->338897->340035->338396->338400->338399->338391->338773->613666->613667
rl_base,od1_sinnonhyeon_suseo,long,off_peak,7.0,15,1982.1809,1850.4022,131.7787,1552.8882,301.2344,16129.8,4,True,70,13,13,44,342695->342700->343100->342834->341621->341620->342076->342713->342714->342712->342711->343062->563071->340626->341619->563100->341780->341614->341779->341781->341617->341616->342655->341575->342499->341244->341239->341240->343033->343032->341719->341261->341243->343380->343349->341175->341172->341193->341182->341179->341178->341177->341176->341173->341174->344599->344600->341175->343349->343380->343350->343348->341270->341271->341491->342050->647032->647028->647033->342043->338909->338898->338897->340035->338396->338400->338399->338391->338773->613666->613667
rl_base,od1_sinnonhyeon_suseo,long,off_peak,7.0,16,1467.2012,1304.4043,162.7968,1092.0615,372.1391,10586.9,7,True,74,8,12,54,342695->342700->343100->342865->342652->342116->342672->340587->646667->646362->341982->342679->342669->646669->646668->342670->343657->342666->342663->342681->342617->342618->342632->343072->341795->341544->341796->343669->341798->342622->341797->341771->341545->340698->341540->340697->343457->341546->344219->646319->563132->343774->343516->341492->340588->342606->342607->587988->342821->341768->646932->341500->341501->343078->647029->647031->647028->647033->342043->338909->338898->338897->340186->340168->340185->340186->338897->340035->338396->338400->338399->338391->338773->613666->613667
rl_base,od1_sinnonhyeon_suseo,long,off_peak,7.0,17,1237.3652,1104.8326,132.5326,947.2437,302.9578,9385.5,8,True,62,5,8,49,342695->342700->343100->342865->342652->342116->342672->340587->342670->343657->342666->342663->342681->342617->342618->342632->343072->341795->341544->341796->343669->341798->342622->341797->341771->341545->340698->341540->340697->343457->341546->344219->646319->563132->343774->343516->341492->340588->342606->342607->587988->342821->341768->646932->341500->341501->343078->647029->647031->647028->647033->342043->338909->338898->338897->340035->338396->338400->338399->338391->338773->613666->613667
rl_base,od1_sinnonhyeon_suseo,long,off_peak,7.0,18,1215.7084,1100.6266,115.0818,1076.5009,263.0668,9385.5,6,True,62,5,8,49,342695->342700->343100->342865->342652->342116->342672->340587->342670->343657->342666->342663->342681->342617->342618->342632->343072->341795->341544->341796->343669->341798->342622->341797->341771->341545->340698->341540->340697->343457->341546->344219->646319->563132->343774->343516->341492->340588->342606->342607->587988->342821->341768->646932->341500->341501->343078->647029->647031->647028->647033->342043->338909->338898->338897->340035->338396->338400->338399->338391->338773->613666->613667
rl_base,od1_sinnonhyeon_suseo,long,off_peak,7.0,19,1497.7746,1285.8799,211.8946,1065.2193,484.3723,10545.1,9,True,73,9,11,53,342695->342700->343100->342865->342652->342116->342672->340587->342670->343657->342666->342663->342681->342617->342618->342632->343072->341795->341544->341796->343669->341798->342622->341797->341771->341545->340698->341540->340697->343457->341546->344219->646319->563132->343774->343516->341492->340588->342606->342607->587988->342821->341768->646932->341500->341501->341997->341490->341493->341997->341501->343078->647029->647031->647028->647033->342043->647030->647029->647031->647028->647033->342043->338909->338898->338897->340035->338396->338400->338399->338391->338773->613666->613667
rl_base,od1_sinnonhyeon_suseo,long,off_peak,7.0,20,1485.8811,1267.1086,218.7724,1182.3509,500.0943,10178.9,7,True,75,8,13,54,342695->342700->343100->342865->342652->342116->342672->340587->342670->343657->342666->342663->342681->341587->341794->342634->340699->342632->343072->341795->341544->341796->343669->646874->343669->341798->342622->341797->341771->341545->340698->341540->340697->343457->341546->344219->646319->563132->343774->343516->341492->340588->342606->342607->344500->341499->341769->342755->342608->342607->587988->342821->341768->646932->341500->341501->343078->647029->647031->647028->647033->342043->338909->338898->338897->340035->338396->646285->338401->338402->338405->338404->338391->338773->613666->613667
rl_base,od1_sinnonhyeon_suseo,long,off_peak,7.0,21,1804.1067,1669.3961,134.7106,1760.881,307.9365,12941.5,7,True,91,14,15,62,342695->342700->343100->342865->342652->342116->342672->340587->342670->646668->646669->342669->342679->341983->342673->646784->646782->341597->344261->341907->341605->341595->341594->343104->341601->342684->341598->341729->341603->341730->646623->341984->341732->342691->341733->341602->338230->646176->339098->342073->342687->341600->342685->341607->344213->343102->341557->342643->341561->341563->341552->341562->341564->342639->563096->342115->343710->341560->341518->341517->341516->341515->341519->341513->341520->343933->343932->343939->343938->646617->646615->341506->344393->343340->341501->343078->647029->647031->647028->647033->342043->338909->338898->338897->340035->338396->338400->338399->338391->338773->613666->613667
rl_base,od1_sinnonhyeon_suseo,long,off_peak,7.0,22,1330.7236,1233.185,97.5387,1083.1718,222.9647,10499.2,5,True,57,5,8,44,342695->342700->343100->342865->342652->342116->342672->340587->342670->343657->342666->342663->342681->342617->342618->342632->343072->341795->341544->341796->343669->341798->342622->341797->341771->341545->340698->341540->340697->343457->341546->342524->343662->342516->342111->613883->340602->342776->342775->342773->341271->341491->342050->647032->647028->647033->342043->338909->338898->338897->340035->338396->338400->338399->338391->338773->613666->613667
rl_base,od1_sinnonhyeon_suseo,long,off_peak,7.0,23,1223.2019,1112.5254,110.6765,1000.6031,252.9966,9385.5,5,True,62,5,8,49,342695->342700->343100->342865->342652->342116->342672->340587->342670->343657->342666->342663->342681->342617->342618->342632->343072->341795->341544->341796->343669->341798->342622->341797->341771->341545->340698->341540->340697->343457->341546->344219->646319->563132->343774->343516->341492->340588->342606->342607->587988->342821->341768->646932->341500->341501->343078->647029->647031->647028->647033->342043->338909->338898->338897->340035->338396->338400->338399->338391->338773->613666->613667
rl_base,od1_sinnonhyeon_suseo,long,off_peak,7.0,24,1657.2313,1549.1918,108.0394,1613.4253,246.9686,12199.1,3,True,84,13,18,53,342695->342699->342703->341653->343705->342701->342698->344040->343866->344366->342692->563167->341603->341729->341598->342684->341601->343106->343943->342693->341607->344213->343102->341557->342643->341561->341568->341735->341564->342645->341559->342115->343710->341560->341518->341517->341516->341515->341519->341513->646563->341508->341507->646429->341520->341513->341519->343157->343159->341508->646563->341513->341520->343933->343932->343939->343935->343936->342836->343938->646617->646615->341506->344393->343340->341501->343078->647029->647031->647028->647033->342043->338909->338898->338897->340035->338396->338397->338402->338405->338404->338391->338773->613666->613667
rl_base,od1_sinnonhyeon_suseo,long,off_peak,7.0,25,1488.4159,1285.1894,203.2265,1177.3056,464.5577,10187.3,9,True,72,7,12,53,342695->342700->343100->342865->342652->342116->342672->340587->342670->343657->342666->342663->342681->342617->646583->342615->343819->344184->343820->646558->340583->342072->341544->341796->343669->341798->342622->343671->342623->343671->342622->341797->341771->341545->340698->341540->340697->343457->341546->344219->646319->563132->343774->343516->341492->341499->341769->342755->342608->342607->587988->342821->341768->646932->341500->341501->343078->647029->647031->647028->647033->342043->338909->338898->338897->340035->338396->338400->338399->338391->338773->613666->613667
rl_base,od1_sinnonhyeon_suseo,long,off_peak,7.0,26,1416.5293,1196.5323,219.997,1158.8637,502.8936,9859.9,9,True,68,6,11,51,342695->342700->343100->342865->342652->342116->342672->340587->342670->343657->342666->342665->342666->341581->341792->342664->341793->341587->342682->340582->343656->342632->343072->341795->341544->341796->343669->341798->342622->341797->341771->341545->340698->341540->340697->343457->341546->344219->646319->563132->343774->343516->341492->340588->342606->342607->587988->342821->341768->646932->341500->341501->343078->647029->647031->647028->647033->342043->338909->338898->338897->340035->338396->338400->338399->338391->338773->613666->613667
rl_base,od1_sinnonhyeon_suseo,long,off_peak,7.0,27,1381.0119,1228.3141,152.6978,1065.5333,349.0536,9549.4,6,True,64,7,10,47,342695->342700->343100->342865->342652->342116->342672->340587->342670->563070->340700->341581->342666->342663->342681->342617->342618->342632->343072->341795->341544->341796->343669->341798->342622->341797->341771->341545->340698->341540->340697->343457->341546->344219->646319->563132->343774->343516->341492->340588->342606->342607->587988->342821->341768->646932->341500->341501->343078->647029->647031->647028->647033->342043->338909->338898->338897->340035->338396->338400->338399->338391->338773->613666->613667
rl_base,od1_sinnonhyeon_suseo,long,off_peak,7.0,28,1303.3993,1179.3033,124.096,992.5484,283.6723,9385.5,7,True,62,5,8,49,342695->342700->343100->342865->342652->342116->342672->340587->342670->343657->342666->342663->342681->342617->342618->342632->343072->341795->341544->341796->343669->341798->342622->341797->341771->341545->340698->341540->340697->343457->341546->344219->646319->563132->343774->343516->341492->340588->342606->342607->587988->342821->341768->646932->341500->341501->343078->647029->647031->647028->647033->342043->338909->338898->338897->340035->338396->338400->338399->338391->338773->613666->613667
rl_base,od1_sinnonhyeon_suseo,long,off_peak,7.0,29,1261.5022,1139.7191,121.783,986.6993,278.3852,9385.5,7,True,62,5,8,49,342695->342700->343100->342865->342652->342116->342672->340587->342670->343657->342666->342663->342681->342617->342618->342632->343072->341795->341544->341796->343669->341798->342622->341797->341771->341545->340698->341540->340697->343457->341546->344219->646319->563132->343774->343516->341492->340588->342606->342607->587988->342821->341768->646932->341500->341501->343078->647029->647031->647028->647033->342043->338909->338898->338897->340035->338396->338400->338399->338391->338773->613666->613667
rl_base,od1_sinnonhyeon_suseo,long,off_peak,7.0,30,1517.6972,1290.3093,227.388,1131.1175,519.7887,9960.1,10,True,72,6,13,53,342695->342700->343100->342865->342652->342116->342672->340587->342670->343657->342666->342663->342681->342617->342618->342632->343072->341795->341544->342072->342614->340597->342633->342626->344210->341542->341773->341547->563166->341548->340707->343666->343075->341543->344196->344195->344515->344512->344198->343076->343667->341548->340707->343666->343075->341543->588052->341499->344500->342607->587988->342821->341768->646932->341500->341501->343078->647029->647031->647028->647033->342043->338909->338898->338897->340035->338396->338400->338399->338391->338773->613666->613667
rl_base,od1_sinnonhyeon_suseo,long,peak,8.0,1,1306.5783,1244.7887,61.7896,1154.0117,141.2456,10548.6,4,True,58,8,10,40,342695->342700->343100->342865->342652->342116->342672->340587->342670->343657->342666->342663->342681->342617->342618->343820->646558->340583->342072->341544->341796->343669->341798->342622->341797->341771->341545->340698->341540->340697->343457->341546->343780->342515->342812->343038->342776->342775->342773->341271->341491->342050->647032->647028->647033->342043->338909->338898->338897->340035->338396->338400->646212->338398->338399->338391->338773->613666->613667
rl_base,od1_sinnonhyeon_suseo,long,peak,8.0,2,2492.4235,2106.7872,385.6363,2462.9572,881.5303,16373.6,16,True,118,18,23,77,342695->342699->342703->341653->341612->339008->339015->338140->339430->339432->338821->338161->339433->339432->338157->338139->562936->339292->339070->613767->613766->613768->338803->338267->340192->338229->338218->338219->342074->341600->342687->342073->339098->646176->338230->339134->339069->338253->613767->339070->339292->562936->338139->338157->338158->338654->340481->339056->339053->338132->338657->338658->339021->339067->338162->338132->338156->339090->338268->338262->338586->339132->338258->613662->339651->338651->562921->562923->342153->341556->341555->341736->341568->341735->341564->342645->341559->342115->343710->341560->342648->563067->342115->343710->341560->341518->341517->341516->341515->341519->343157->343159->341508->341507->613864->341494->563120->342611->343267->343341->341500->341501->343078->647029->647031->647028->647033->342043->338909->338898->338897->340035->338396->338400->338399->338391->338773->613666->613667
rl_base,od1_sinnonhyeon_suseo,long,peak,8.0,3,1348.3724,1302.6341,45.7382,1254.3244,104.5535,10611.3,2,True,59,6,10,43,342695->342700->343100->342865->342652->342116->342672->340587->342670->343657->342666->342663->342681->342617->342618->343820->646558->340583->342072->341544->341796->343669->341798->342622->341797->341771->341545->340698->341540->340697->343457->341546->343780->342515->342812->343038->342111->613883->340602->342776->342775->342773->341271->341491->342050->647032->647028->647033->342043->338909->338898->338897->340035->338396->338400->338399->338391->338773->613666->613667
rl_base,od1_sinnonhyeon_suseo,long,peak,8.0,4,1414.0896,1302.4233,111.6663,1335.6872,255.2592,10611.3,3,True,59,6,10,43,342695->342700->343100->342865->342652->342116->342672->340587->342670->343657->342666->342663->342681->342617->342618->343820->646558->340583->342072->341544->341796->343669->341798->342622->341797->341771->341545->340698->341540->340697->343457->341546->343780->342515->342812->343038->342111->613883->340602->342776->342775->342773->341271->341491->342050->647032->647028->647033->342043->338909->338898->338897->340035->338396->338400->338399->338391->338773->613666->613667
rl_base,od1_sinnonhyeon_suseo,long,peak,8.0,5,1570.7978,1378.8545,191.9433,1213.3177,438.7654,11058.3,5,True,67,5,11,51,342695->342700->343100->342865->342652->342116->342672->340587->342670->343657->342666->342663->342681->341587->341794->342634->340699->342632->343072->341795->341544->341796->343669->341798->342622->341797->341771->341545->340698->341540->563187->341539->341541->646612->341772->341545->340698->341540->340697->343457->341546->343780->342515->342812->343038->342776->342775->341262->342772->563248->613949->344742->646964->344673->343077->338899->587863->340185->340186->338897->340035->338396->338400->338399->338391->338773->613666->613667
rl_base,od1_sinnonhyeon_suseo,long,peak,8.0,6,1469.5131,1377.2013,92.3118,1483.8978,211.0166,11025.3,4,True,64,11,13,40,342695->342700->343100->342865->342652->342116->341788->341787->563170->341731->341603->341729->341598->342684->341601->343106->343943->342693->341607->344213->343102->341557->342643->341561->341562->341564->342645->341559->342115->343710->341560->341518->341517->341516->341515->341519->341513->341520->343933->343932->343939->343938->646617->646615->341506->344393->343340->341501->343078->647029->647031->647028->647033->342043->338909->338898->338897->340035->338396->338400->338399->338391->338773->613666->613667
rl_base,od1_sinnonhyeon_suseo,long,peak,8.0,7,1482.6149,1412.3051,70.3098,1380.7834,160.722,12232.3,4,True,58,6,12,40,342695->342700->343100->342865->342652->342116->342672->340587->342670->343657->342666->342663->342681->342617->342618->343820->646558->340583->342072->341544->341796->343669->341798->342622->341797->341771->341545->340698->341540->340697->343457->341546->343780->342515->342812->343038->342776->342775->342773->341271->341491->342050->647032->647028->647033->342043->338909->338898->338903->338886->338371->338397->338402->338405->338404->338391->338773->613666->613667
rl_base,od1_sinnonhyeon_suseo,long,peak,8.0,8,1334.9777,1169.9941,164.9835,1167.5144,377.1377,9602.2,6,True,65,7,8,50,342695->342700->343100->342865->342652->342116->342672->340587->342670->343657->342666->342663->342681->342617->342618->343820->646558->340583->342072->341544->341796->343669->341798->342622->341797->341771->341545->340698->341540->340697->343457->341546->344219->646319->563132->343774->343516->341492->340588->342606->342607->587988->342821->341768->646932->341500->341501->343078->343127->343078->647029->647031->647028->647033->342043->338909->338898->338897->340035->338396->338400->338399->338391->338773->613666->613667
rl_base,od1_sinnonhyeon_suseo,long,peak,8.0,9,1402.9579,1290.1777,112.7802,1304.0441,257.8056,10641.5,5,True,59,7,10,42,342695->342700->343100->342865->342652->342116->342672->340587->342670->343657->342666->342663->342681->342617->646583->342615->343819->344184->343820->646558->340583->342072->341544->341796->343669->341798->342622->341797->341771->341545->340698->341540->340697->343457->341546->343780->342515->342812->343038->342776->342775->342773->341271->341491->342050->647032->647028->647033->342043->338909->338898->338897->340035->338396->338400->338399->338391->338773->613666->613667
rl_base,od1_sinnonhyeon_suseo,long,peak,8.0,10,1393.7626,1233.9148,159.8477,1267.9787,365.3977,9649.4,5,True,66,7,10,49,342695->342700->343100->342865->342652->342116->342672->340587->342670->343657->342666->342663->342681->342617->342618->343820->646558->340583->342072->341544->341796->343669->341798->342622->341797->341771->341545->340698->341540->340697->343457->341546->344219->646319->563132->343774->343516->341492->340588->342606->342607->587988->342821->341768->646932->341500->341501->343078->647029->647031->647028->647033->342043->338909->338898->338897->340035->338396->646285->338401->338402->338405->338404->338391->338773->613666->613667
rl_base,od1_sinnonhyeon_suseo,long,peak,8.0,11,1432.7885,1320.168,112.6205,1312.543,257.4404,10786.0,5,True,60,8,11,41,342695->342700->343100->342865->342652->342116->342672->340587->342670->343657->342666->342663->342681->342617->342618->343820->646558->340583->342072->341544->341796->343669->341798->342622->341797->341771->341545->341772->646612->341541->341539->563187->341540->340697->343457->341546->343780->342515->342812->343038->342776->342775->342773->341271->341491->342050->647032->647028->647033->342043->338909->338898->338897->340035->338396->338400->338399->338391->338773->613666->613667
rl_base,od1_sinnonhyeon_suseo,long,peak,8.0,12,1363.2278,1269.0669,94.1609,1204.2645,215.2435,10666.3,3,True,58,8,11,39,342695->342700->343100->342865->342652->342116->342672->340587->342670->563070->340700->341581->342666->342663->342681->342617->342618->343820->646558->340583->342072->341544->341796->343669->341798->342622->341797->341771->341545->340698->341540->340697->343457->341546->343780->342515->342812->343038->342776->342775->342773->341271->341491->342050->647032->647028->647033->342043->338909->338898->338897->340035->338396->338400->338399->338391->338773->613666->613667
rl_base,od1_sinnonhyeon_suseo,long,peak,8.0,13,1508.973,1434.758,74.2151,1436.8117,169.649,12729.2,3,True,55,9,9,37,342695->342700->342159->344204->341621->341620->342076->342713->342714->342712->342711->343062->563071->340626->341619->563100->341780->341614->341779->341781->341617->341616->342655->341575->342499->341244->341239->341240->343033->341248->341256->341717->341261->341243->343380->343350->343348->341270->341271->341491->342050->647032->647028->647033->342043->338909->338898->338897->340035->338396->338400->338399->338391->338773->613666->613667
rl_base,od1_sinnonhyeon_suseo,long,peak,8.0,14,1352.7169,1201.9388,150.7781,1181.2677,344.6654,10063.7,5,True,64,8,11,45,342695->342700->343100->342865->342652->342116->342672->340587->342670->343657->342666->342663->342681->342617->342634->340699->342632->343072->341795->341544->342072->342614->340597->342633->646354->340708->341541->341539->563187->341540->340697->343457->341546->344219->646319->563132->343774->343516->341492->340588->342606->342607->587988->342821->341768->646932->341500->341501->343078->647029->647031->647028->647033->342043->338909->338898->338897->340035->338396->338400->338399->338391->338773->613666->613667
rl_base,od1_sinnonhyeon_suseo,long,peak,8.0,15,1342.1174,1258.9921,83.1253,1190.1391,190.017,10371.7,4,True,56,5,8,43,342695->342700->343100->342865->342652->342116->342672->340587->342670->343657->342666->342663->342681->342617->342634->340699->342632->343072->341795->341544->341796->343669->341798->342622->341797->341771->341545->340698->341540->340697->343457->341546->343780->342515->342812->343038->342776->342775->342773->341271->341491->342050->647032->647028->647033->342043->338909->338898->338897->340035->338396->338400->338399->338391->338773->613666->613667
rl_base,od1_sinnonhyeon_suseo,long,peak,8.0,16,1269.5645,1200.7288,68.8357,1171.2709,157.3523,10502.4,4,True,56,6,9,41,342695->342700->343100->342865->342652->342116->342672->340587->342670->343657->342666->342663->342681->342617->342618->343820->646558->340583->342072->341544->341796->343669->341798->342622->341797->341771->341545->340698->341540->340697->343457->341546->343780->342515->342812->343038->342776->342775->342773->341271->341491->342050->647032->647028->647033->342043->338909->338898->338897->340035->338396->338400->338399->338391->338773->613666->613667
rl_base,od1_sinnonhyeon_suseo,long,peak,8.0,17,1454.6892,1395.0501,59.6392,1331.0503,136.3298,10981.3,4,True,61,8,12,41,342695->342700->343100->342865->342652->342116->342672->340587->342670->343657->342666->342663->342681->342617->342618->343820->646558->340583->342072->341544->341796->343669->341798->342622->341797->341771->341545->340698->341540->340697->343457->341546->343780->342515->342812->343038->342776->342775->342773->341271->341491->342050->647032->647028->647033->342043->338909->338898->338897->340035->338396->338400->338399->338398->338407->338406->338405->338404->338391->338773->613666->613667
rl_base,od1_sinnonhyeon_suseo,long,peak,8.0,18,1332.3009,1159.47,172.8309,1177.2012,395.076,9522.2,7,True,63,6,9,48,342695->342700->343100->342865->342652->342116->342672->340587->342670->343657->342666->342663->342681->342617->342618->343820->646558->340583->342072->341544->341796->343669->341798->342622->341797->341771->341545->340698->341540->340697->343457->341546->344219->646319->563132->343774->343516->341492->340588->342606->342607->587988->342821->341768->646932->341500->341501->343078->647029->647031->647028->647033->342043->338909->338898->338897->340035->338396->338400->338399->338391->338773->613666->613667
rl_base,od1_sinnonhyeon_suseo,long,peak,8.0,19,1321.9053,1252.1184,69.7869,1178.4901,159.5267,10611.3,4,True,59,6,10,43,342695->342700->343100->342865->342652->342116->342672->340587->342670->343657->342666->342663->342681->342617->342618->343820->646558->340583->342072->341544->341796->343669->341798->342622->341797->341771->341545->340698->341540->340697->343457->341546->343780->342515->342812->343038->342111->613883->340602->342776->342775->342773->341271->341491->342050->647032->647028->647033->342043->338909->338898->338897->340035->338396->338400->338399->338391->338773->613666->613667
rl_base,od1_sinnonhyeon_suseo,long,peak,8.0,20,1309.8909,1208.0384,101.8524,1277.1443,232.8256,10502.4,3,True,56,6,9,41,342695->342700->343100->342865->342652->342116->342672->340587->342670->343657->342666->342663->342681->342617->342618->343820->646558->340583->342072->341544->341796->343669->341798->342622->341797->341771->341545->340698->341540->340697->343457->341546->343780->342515->342812->343038->342776->342775->342773->341271->341491->342050->647032->647028->647033->342043->338909->338898->338897->340035->338396->338400->338399->338391->338773->613666->613667
rl_base,od1_sinnonhyeon_suseo,long,peak,8.0,21,1683.9764,1552.7143,131.262,1370.6463,300.0534,11830.2,6,True,76,10,13,53,342695->342700->343100->342865->340641->340704->341588->341785->342116->342672->340587->342670->343657->342666->342663->342681->342617->342618->343820->646558->340583->342072->341544->341796->343669->341798->342622->341797->341771->341545->340698->341540->340697->343457->341546->343780->342515->342812->343038->342776->340602->342772->563248->613949->344742->646964->344673->343077->338899->587863->338279->587861->587864->338759->340269->587862->587861->587864->338758->338279->587863->340185->340186->338897->340035->338396->338400->338399->338398->338407->338406->338405->338404->338391->338773->613666->613667
rl_base,od1_sinnonhyeon_suseo,long,peak,8.0,22,1426.2082,1204.0775,222.1307,1211.5833,507.7711,9756.4,7,True,72,9,9,54,342695->342700->343100->342865->342652->342116->342672->340587->342670->343657->342666->342663->342681->342617->342634->340699->342632->343072->341795->341544->341796->343669->341798->342622->341797->341771->341545->340698->341540->340697->343457->341546->344219->646319->563132->343774->343516->341492->340588->342606->342607->587988->342821->341768->646932->341500->341501->341997->341490->341493->342610->342820->341500->343341->343340->341501->343078->647029->647031->647028->647033->342043->338909->338898->338897->340035->338396->338400->338399->338391->338773->613666->613667
rl_base,od1_sinnonhyeon_suseo,long,peak,8.0,23,1300.6412,1117.4858,183.1555,1090.7229,418.6771,9391.5,7,True,64,5,8,51,342695->342700->343100->342865->342652->342116->342672->340587->342670->343657->342666->342663->342681->341587->341794->342634->340699->342632->343072->341795->341544->341796->343669->341798->342622->341797->341771->341545->340698->341540->340697->343457->341546->344219->646319->563132->343774->343516->341492->340588->342606->342607->587988->342821->341768->646932->341500->341501->343078->647029->647031->647028->647033->342043->338909->338898->338897->340035->338396->338400->338399->338391->338773->613666->613667
rl_base,od1_sinnonhyeon_suseo,long,peak,8.0,24,1360.8519,1220.3631,140.4888,1274.6122,321.1449,9948.1,5,True,68,7,11,50,342695->342700->343100->342865->342652->342116->342672->340587->342670->343657->342666->342663->342681->342617->342618->343820->646558->340583->342072->341544->341796->343669->646874->343669->341798->342622->341797->341771->341545->340698->341540->340697->343457->341546->344219->646319->563132->343774->343516->341492->340588->342606->342607->587988->342821->341768->646932->341500->341501->343078->647029->647031->647028->647032->647031->647028->647033->342043->338909->338898->338897->340035->338396->338400->338399->338391->338773->613666->613667
rl_base,od1_sinnonhyeon_suseo,long,peak,8.0,25,1385.0458,1328.436,56.6099,1260.7336,129.4051,10359.8,3,True,60,6,9,45,342695->342700->343100->342865->342652->342116->342672->340587->342670->343657->342666->342663->342681->342617->646583->342615->343819->344184->343820->646558->340583->342072->341544->341796->343669->341798->342622->341797->341771->341545->340698->341540->340697->343457->341546->343780->342515->342812->343038->342776->340602->342772->563248->613949->344742->646964->344673->343077->338899->587863->340185->340186->338897->340035->338396->338400->338399->338391->338773->613666->613667
rl_base,od1_sinnonhyeon_suseo,long,peak,8.0,26,1381.1852,1240.6727,140.5126,1210.5091,321.1992,9522.2,5,True,63,6,9,48,342695->342700->343100->342865->342652->342116->342672->340587->342670->343657->342666->342663->342681->342617->342618->343820->646558->340583->342072->341544->341796->343669->341798->342622->341797->341771->341545->340698->341540->340697->343457->341546->344219->646319->563132->343774->343516->341492->340588->342606->342607->587988->342821->341768->646932->341500->341501->343078->647029->647031->647028->647033->342043->338909->338898->338897->340035->338396->338400->338399->338391->338773->613666->613667
rl_base,od1_sinnonhyeon_suseo,long,peak,8.0,27,1421.1733,1262.8777,158.2956,1203.5373,361.8497,9844.1,5,True,73,9,14,50,342695->342700->343100->342865->342652->342116->342672->340587->342670->343657->342666->342663->342681->342617->342634->340699->342632->343072->341795->341544->341796->343669->341798->342622->341797->341771->341545->340698->341540->340697->343457->341546->344219->646319->563132->343774->343516->341492->340588->342606->342607->587988->342821->341768->646932->342820->342610->341493->341997->341501->341500->646932->342820->342610->341493->341997->341501->343078->647029->647031->647028->647033->342043->338909->338898->338897->340035->338396->338400->338399->338391->338773->613666->613667
rl_base,od1_sinnonhyeon_suseo,long,peak,8.0,28,1321.1971,1269.7469,51.4502,1278.0925,117.6106,10502.4,2,True,56,6,9,41,342695->342700->343100->342865->342652->342116->342672->340587->342670->343657->342666->342663->342681->342617->342618->343820->646558->340583->342072->341544->341796->343669->341798->342622->341797->341771->341545->340698->341540->340697->343457->341546->343780->342515->342812->343038->342776->342775->342773->341271->341491->342050->647032->647028->647033->342043->338909->338898->338897->340035->338396->338400->338399->338391->338773->613666->613667
rl_base,od1_sinnonhyeon_suseo,long,peak,8.0,29,1478.4866,1264.7306,213.756,1298.3371,488.6272,9891.3,11,True,72,6,9,57,342695->342700->343100->342865->342652->342116->342672->340587->342670->343657->342666->342663->342681->342617->342618->343820->646558->340583->342072->341544->341796->343669->341798->342622->341797->341771->341545->340698->341540->563187->341539->341541->340708->646354->342633->342626->344210->341542->341773->341547->563166->341548->340707->343666->343075->341543->588052->341499->344500->342607->587988->342821->341768->646932->341500->341501->343078->647029->647031->647028->647033->342043->338909->338898->338897->340035->338396->338400->338399->338391->338773->613666->613667
rl_base,od1_sinnonhyeon_suseo,long,peak,8.0,30,1385.4797,1297.0174,88.4623,1290.241,202.217,10907.3,4,True,55,8,11,36,342695->342700->343100->342865->342652->342116->342672->340587->342670->343657->342666->342663->342681->342617->646583->342615->343819->342631->563095->342614->340597->342633->646354->340708->341541->341539->563187->341540->340697->343457->341546->343780->342515->342812->343038->342776->342775->342773->341271->341491->342050->647032->647028->647033->342043->338909->338898->338897->340035->338396->338400->338399->338391->338773->613666->613667
rl_base,od2_yangjae_yeongdong,long,off_peak,7.0,1,948.3903,833.9977,114.3926,920.652,261.4913,6489.3,8,True,51,5,3,43,338734->338736->338735->338272->339089->338990->340239->339744->339087->340330->340328->339088->339091->339090->338268->338262->339922->340140->339002->338922->646291->338226->339093->339128->341549->342639->563096->342115->343710->341560->341518->341517->341516->341515->341510->343158->343160->344191->344189->342755->341769->341499->341492->343516->343774->563132->646319->344219->341546->343780->342515->342812
rl_base,od2_yangjae_yeongdong,long,off_peak,7.0,2,1002.6495,858.1305,144.519,862.2186,330.3576,6537.1,8,True,53,7,3,43,338734->338736->338735->338272->339089->338990->340239->340238->340239->339744->339087->340330->340328->339088->339091->339090->338268->338262->339922->340140->339002->338922->646291->338226->339093->339128->341549->342639->563096->342115->343710->341560->341518->341517->341516->341515->341510->343158->343160->344191->344189->342755->341769->341499->341492->343516->343774->563132->646319->344219->341546->343780->342515->342812
rl_base,od2_yangjae_yeongdong,long,off_peak,7.0,3,951.6487,824.2591,127.3896,908.4077,291.2013,6613.2,7,True,52,5,3,44,338734->338736->338735->338272->339089->338990->340239->339744->339087->340330->340328->339088->339091->339090->338268->338262->339922->340140->339002->338922->646291->338226->339093->339128->341549->342639->563096->342115->343710->341560->341518->341517->341516->341515->341519->343157->343158->343160->344191->344189->342755->341769->341499->341492->343516->343774->563132->646319->344219->341546->343780->342515->342812
rl_base,od2_yangjae_yeongdong,long,off_peak,7.0,4,997.7504,795.9406,201.8099,873.6606,461.3194,6489.3,10,True,51,5,3,43,338734->338736->338735->338272->339089->338990->340239->339744->339087->340330->340328->339088->339091->339090->338268->338262->339922->340140->339002->338922->646291->338226->339093->339128->341549->342639->563096->342115->343710->341560->341518->341517->341516->341515->341510->343158->343160->344191->344189->342755->341769->341499->341492->343516->343774->563132->646319->344219->341546->343780->342515->342812
rl_base,od2_yangjae_yeongdong,long,off_peak,7.0,5,1149.6148,909.1292,240.4857,958.0599,549.7289,6801.7,8,True,60,7,5,48,338734->338736->338735->338272->339089->338990->340239->339744->339087->340330->340328->339088->339091->339090->338268->338262->338586->339132->338258->613662->339651->338651->339293->341572->588040->341557->342643->341561->341562->341552->342644->342148->342645->341559->341985->341569->344767->341558->563191->341512->646737->341511->342869->341510->343158->343160->344191->344189->342755->341769->341499->341492->343516->343774->563132->646319->344219->341546->343780->342515->342812
rl_base,od2_yangjae_yeongdong,long,off_peak,7.0,6,1057.9328,835.2464,222.6865,877.8371,509.0415,6685.8,9,True,54,9,7,38,338734->338736->338735->338272->339089->338990->340239->339744->339087->340330->340328->339088->339091->339090->338268->338262->338586->339132->338258->613662->339651->338651->339293->341572->588040->341557->342643->341561->341562->341552->342644->613995->342640->341551->341538->613852->344181->342630->342628->341542->344210->342626->342633->646354->340708->341541->341539->563187->341540->340697->343457->341546->343780->342515->342812
rl_base,od2_yangjae_yeongdong,long,off_peak,7.0,7,979.0959,867.5794,111.5164,954.9065,254.9166,6647.7,7,True,52,7,5,40,338734->338736->338735->338272->339089->338990->340239->339744->339087->340330->340328->339088->339091->339090->338268->338262->339922->340140->339002->338922->646291->338226->339093->339128->341549->342639->563096->342115->563067->342648->341560->341518->341517->341516->341515->341510->343158->343160->344191->344189->342755->341769->341499->341492->343516->343774->563132->646319->344219->341546->343780->342515->342812
rl_base,od2_yangjae_yeongdong,long,off_peak,7.0,8,953.0346,820.2596,132.775,889.9083,303.5119,6489.3,8,True,51,5,3,43,338734->338736->338735->338272->339089->338990->340239->339744->339087->340330->340328->339088->339091->339090->338268->338262->339922->340140->339002->338922->646291->338226->339093->339128->341549->342639->563096->342115->343710->341560->341518->341517->341516->341515->341510->343158->343160->344191->344189->342755->341769->341499->341492->343516->343774->563132->646319->344219->341546->343780->342515->342812
rl_base,od2_yangjae_yeongdong,long,off_peak,7.0,9,979.9178,860.0269,119.8909,913.8913,274.0599,6662.7,8,True,53,5,5,43,338734->338736->338735->338272->339089->338990->340239->339744->340337->339744->339087->340330->340328->339088->339091->339090->338268->338262->339922->340140->339002->338922->646291->338226->339093->339128->341549->342639->563096->342115->343710->341560->341518->341517->341516->341515->341510->343158->343160->344191->344189->342755->341769->341499->341492->343516->343774->563132->646319->344219->341546->343780->342515->342812
rl_base,od2_yangjae_yeongdong,long,off_peak,7.0,10,1115.2433,904.188,211.0553,858.6216,482.4536,6796.9,9,True,56,7,6,43,338734->338275->340339->338217->339014->339574->338272->339089->338990->340239->339744->339087->340330->340328->339088->339091->339090->338268->338262->339922->340140->339002->338922->646291->338226->339093->339128->341549->342639->563096->342115->343710->341560->341518->341517->341516->341515->341510->343158->343160->344191->344189->342755->342608->342607->342606->340588->341492->343516->343774->563132->646319->344219->341546->343780->342515->342812
rl_base,od2_yangjae_yeongdong,long,off_peak,7.0,11,1095.577,905.4327,190.1443,915.8208,434.653,6745.9,8,True,59,8,6,45,338734->338275->340339->338217->339014->339574->338272->339089->338990->340239->339744->339087->340330->340328->339088->339091->339090->338268->338262->339922->340140->339002->338922->646291->338226->339093->339128->341549->342639->563096->342115->343710->341560->341518->341517->341516->341515->341510->343158->343160->344191->344189->344188->344810->344809->344188->344189->342755->341769->341499->341492->343516->343774->563132->646319->344219->341546->343780->342515->342812
rl_base,od2_yangjae_yeongdong,long,off_peak,7.0,12,1047.5321,908.7685,138.7636,1023.5708,317.2012,7059.8,8,True,57,6,4,47,338734->338736->338735->338272->339089->338990->340239->339744->339087->340330->340328->339088->339091->339090->338268->338262->339922->340140->339002->338922->646291->338226->339093->339128->341549->342639->563096->342115->343710->341560->342648->342147->341996->341571->341521->342613->646707->563094->342114->341515->341510->343158->343160->344191->344189->342755->341769->341499->341492->343516->343774->563132->646319->344219->341546->343780->342515->342812
rl_base,od2_yangjae_yeongdong,long,off_peak,7.0,13,1009.9139,887.3295,122.5844,960.8226,280.2171,6810.1,8,True,57,8,5,44,338734->338275->340339->338217->339014->339574->338272->339089->338990->340239->339744->339087->340330->340328->339088->339091->339090->338268->338262->339922->340140->339002->338922->646291->338226->339093->339128->341549->342639->563096->342115->343710->341560->341518->341517->341516->341515->341510->343158->343160->344191->344189->342755->341769->341499->341492->343516->343774->563132->646319->344219->341546->342524->343662->342516->342111->343038->342812
rl_base,od2_yangjae_yeongdong,long,off_peak,7.0,14,1213.281,970.1163,243.1648,943.8565,555.853,6724.3,9,True,62,10,6,46,338734->338275->340339->338217->339014->339574->338272->339089->338990->340239->340238->340239->339744->339087->340330->340328->339088->339091->339090->338268->338262->339922->340140->339002->338922->646291->338226->339093->339128->341549->342639->563096->342115->343710->341560->341518->341517->341516->341511->342869->341510->343158->343160->344191->344808->344806->344807->344808->344191->344189->342755->341769->341499->341492->343516->343774->563132->646319->344219->341546->343780->342515->342812
rl_base,od2_yangjae_yeongdong,long,off_peak,7.0,15,1177.8561,1032.8539,145.0022,1097.924,331.4621,8111.6,10,True,71,13,9,49,338734->338275->340339->338217->339014->339574->338272->339089->338990->340239->339744->339087->340330->340328->339088->339091->339090->338268->338262->339922->340140->339002->338922->646291->338226->339093->339128->341549->342639->563096->342115->343710->341560->341518->341517->341516->341515->341510->343158->343160->344191->344189->342755->341769->341499->341492->343516->343774->563132->646319->646416->646353->646415->646353->344394->343664->646556->343664->344394->646353->342524->343662->342516->342515->343780->341546->342524->343662->342516->342111->343038->342812
rl_base,od2_yangjae_yeongdong,long,off_peak,7.0,16,1108.6575,855.5709,253.0865,963.5802,578.5334,6899.9,8,True,58,6,4,48,338734->338736->338735->338272->339089->338990->340239->339744->339087->340330->340328->339088->339091->339090->338268->338262->339922->340140->339002->338922->339657->338655->339656->339807->339810->338999->338649->339127->338226->339093->339128->341549->342639->563096->342115->343710->341560->341518->341517->341516->341515->341510->343158->343160->344191->344189->342755->341769->341499->341492->343516->343774->563132->646319->344219->341546->343780->342515->342812
rl_base,od2_yangjae_yeongdong,long,off_peak,7.0,17,1133.3479,880.9214,252.4265,963.5387,577.0245,6984.0,11,True,60,9,8,43,338734->338736->338735->338272->339089->338990->340239->339744->339087->340330->340328->339088->339091->339090->338268->338262->339922->340140->339002->338922->646291->338226->339093->339128->341549->339662->339003->613772->343109->342153->341556->341555->342643->341561->341562->341552->342644->613995->342640->341551->341538->613852->344181->342630->342628->341542->344210->342626->342633->646354->340708->341541->341539->563187->341540->340697->343457->341546->343780->342515->342812
rl_base,od2_yangjae_yeongdong,long,off_peak,7.0,18,1227.7802,905.2831,322.4971,924.4073,737.1996,7130.6,11,True,66,8,7,51,338734->338275->340339->338217->339014->339574->338272->339089->338990->340239->339744->339087->340330->340328->339088->339091->339090->338268->338262->339922->340140->339002->338922->646291->338226->339093->339128->341549->339662->339003->613772->343109->342153->341556->341555->342643->341561->341562->341552->342644->613995->342640->342641->341775->343989->341774->341547->563166->341548->343668->341548->340707->343666->343075->341543->588052->341499->341492->343516->343774->563132->646319->344219->341546->343780->342515->342812
rl_base,od2_yangjae_yeongdong,long,off_peak,7.0,19,1106.3421,865.624,240.7182,983.0049,550.2603,6489.3,8,True,51,5,3,43,338734->338736->338735->338272->339089->338990->340239->339744->339087->340330->340328->339088->339091->339090->338268->338262->339922->340140->339002->338922->646291->338226->339093->339128->341549->342639->563096->342115->343710->341560->341518->341517->341516->341515->341510->343158->343160->344191->344189->342755->341769->341499->341492->343516->343774->563132->646319->344219->341546->343780->342515->342812
rl_base,od2_yangjae_yeongdong,long,off_peak,7.0,20,964.1653,849.8612,114.3041,925.1893,261.2891,6489.3,8,True,51,5,3,43,338734->338736->338735->338272->339089->338990->340239->339744->339087->340330->340328->339088->339091->339090->338268->338262->339922->340140->339002->338922->646291->338226->339093->339128->341549->342639->563096->342115->343710->341560->341518->341517->341516->341515->341510->343158->343160->344191->344189->342755->341769->341499->341492->343516->343774->563132->646319->344219->341546->343780->342515->342812
rl_base,od2_yangjae_yeongdong,long,off_peak,7.0,21,1009.0146,819.746,189.2686,929.8971,432.6512,6489.3,8,True,51,5,3,43,338734->338736->338735->338272->339089->338990->340239->339744->339087->340330->340328->339088->339091->339090->338268->338262->339922->340140->339002->338922->646291->338226->339093->339128->341549->342639->563096->342115->343710->341560->341518->341517->341516->341515->341510->343158->343160->344191->344189->342755->341769->341499->341492->343516->343774->563132->646319->344219->341546->343780->342515->342812
rl_base,od2_yangjae_yeongdong,long,off_peak,7.0,22,1001.9074,829.6184,172.289,957.0299,393.8374,6522.7,7,True,53,7,3,43,338734->338736->338735->338272->339089->338990->340239->339744->339087->340330->340328->340327->340328->339088->339091->339090->338268->338262->339922->340140->339002->338922->646291->338226->339093->339128->341549->342639->563096->342115->343710->341560->341518->341517->341516->341515->341510->343158->343160->344191->344189->342755->341769->341499->341492->343516->343774->563132->646319->344219->341546->343780->342515->342812
rl_base,od2_yangjae_yeongdong,long,off_peak,7.0,23,1099.9858,881.3251,218.6607,886.2492,499.8388,6917.7,8,True,62,11,10,41,338734->338275->340339->338217->339014->339574->338272->339089->338990->340239->339744->339087->340330->340328->339088->339091->339090->338268->338583->587842->338768->338767->338254->339133->338229->338218->338219->342074->341600->342685->341607->344213->343102->341557->342643->341561->341562->341552->342644->613995->342640->341551->341538->613852->344181->342630->342628->341542->344210->342626->342633->646354->340708->341541->341539->563187->341540->340697->343457->341546->343780->342515->342812
rl_base,od2_yangjae_yeongdong,long,off_peak,7.0,24,1348.5935,1105.8693,242.7241,1146.5948,554.8458,8686.8,12,True,80,16,6,58,338734->338736->338735->338272->339089->339746->340118->339743->340334->339307->338934->338933->338631->339979->340332->338581->338269->338705->339116->339138->338582->338268->338262->339922->340140->339002->338922->646291->338226->339093->339128->341549->342639->563096->342115->343710->341560->341518->341517->341516->341515->341510->343158->343160->344191->344189->342755->341769->341499->341492->343516->343774->563132->646319->344219->341546->343457->340697->341540->340698->341545->341772->646612->341541->341539->563187->341540->340698->341545->341772->646612->341541->341539->563187->341540->340697->343457->341546->343780->342515->342812
rl_base,od2_yangjae_yeongdong,long,off_peak,7.0,25,1111.8426,987.7526,124.09,1040.9313,283.6587,7302.2,8,True,63,9,8,46,338734->338275->340339->338217->339014->339574->338272->339089->338990->340239->339744->339087->340330->340328->339088->339091->339090->338268->338262->339922->340140->339002->338922->646291->338226->339093->339128->341549->342639->563096->342115->343710->341560->341518->341517->341516->341515->341510->343158->343160->344191->344189->342755->341769->341499->341492->343516->343774->563132->646319->646416->646353->344394->343664->646556->343664->344394->646353->342524->343662->342516->342111->343038->342812
rl_base,od2_yangjae_yeongdong,long,off_peak,7.0,26,955.1225,829.7347,125.3878,915.9734,286.6255,6489.3,8,True,51,5,3,43,338734->338736->338735->338272->339089->338990->340239->339744->339087->340330->340328->339088->339091->339090->338268->338262->339922->340140->339002->338922->646291->338226->339093->339128->341549->342639->563096->342115->343710->341560->341518->341517->341516->341515->341510->343158->343160->344191->344189->342755->341769->341499->341492->343516->343774->563132->646319->344219->341546->343780->342515->342812
rl_base,od2_yangjae_yeongdong,long,off_peak,7.0,27,1072.6722,911.1711,161.501,985.6329,369.1771,6796.9,8,True,56,7,6,43,338734->338275->340339->338217->339014->339574->338272->339089->338990->340239->339744->339087->340330->340328->339088->339091->339090->338268->338262->339922->340140->339002->338922->646291->338226->339093->339128->341549->342639->563096->342115->343710->341560->341518->341517->341516->341515->341510->343158->343160->344191->344189->342755->342608->342607->342606->340588->341492->343516->343774->563132->646319->344219->341546->343780->342515->342812
rl_base,od2_yangjae_yeongdong,long,off_peak,7.0,28,1077.4377,886.9552,190.4825,911.3956,435.4262,6897.9,10,True,60,9,6,45,338734->338275->340339->338217->339014->339574->338272->339089->338990->340239->339744->339087->340330->340328->339088->339091->339090->338268->338262->339922->340140->339002->338922->646291->646290->646291->338226->339093->339128->341549->342639->563096->342115->343710->341560->341518->341517->341512->646737->341511->342869->341510->343158->343160->344191->344189->342755->342608->342607->342606->340588->341492->343516->343774->563132->646319->344219->341546->343780->342515->342812
rl_base,od2_yangjae_yeongdong,long,off_peak,7.0,29,1016.0258,826.5865,189.4393,927.7306,433.0414,6489.3,8,True,51,5,3,43,338734->338736->338735->338272->339089->338990->340239->339744->339087->340330->340328->339088->339091->339090->338268->338262->339922->340140->339002->338922->646291->338226->339093->339128->341549->342639->563096->342115->343710->341560->341518->341517->341516->341515->341510->343158->343160->344191->344189->342755->341769->341499->341492->343516->343774->563132->646319->344219->341546->343780->342515->342812
rl_base,od2_yangjae_yeongdong,long,off_peak,7.0,30,1063.7797,857.3069,206.4728,870.3265,471.9784,6521.3,9,True,54,5,4,45,338734->338275->340339->338217->339014->339574->338272->339089->338990->340239->339744->339087->340330->340328->339088->339091->339090->338268->338262->339922->340140->339002->338922->646291->338226->339093->339128->341549->342639->563096->342115->343710->341560->341518->341517->341516->341515->341510->343158->343160->344191->344189->342755->341769->341499->341492->343516->343774->563132->646319->344219->341546->343780->342515->342812
rl_base,od2_yangjae_yeongdong,long,peak,8.0,1,1057.7176,883.7177,173.9999,1067.2192,397.7484,6593.6,10,True,60,12,9,39,338734->338736->338735->338272->339089->338990->339743->340334->339307->338934->338933->338631->339979->340332->338581->338269->338705->339116->339138->338582->338268->338262->338586->339132->338258->613662->339651->338651->339293->341572->588040->341557->342643->341561->341562->341552->342644->613995->342640->341551->341538->613852->344181->342630->342628->341542->344210->342626->342633->646354->340708->341541->341539->563187->341540->340697->343457->341546->343780->342515->342812
rl_base,od2_yangjae_yeongdong,long,peak,8.0,2,1132.6935,883.8749,248.8186,1014.8005,568.7773,6602.5,11,True,61,9,7,45,338734->338736->338735->338272->339089->338990->339743->340334->339307->338934->338933->338631->339979->340332->338581->338269->338705->339116->339138->338582->338268->338262->339922->340140->339002->338922->646291->338226->339093->339128->341549->342639->563096->342115->563067->342648->341560->341518->341517->341516->341515->341510->343158->341977->341509->342800->343160->344191->344189->342755->341769->341499->341492->343516->343774->563132->646319->344219->341546->343780->342515->342812
rl_base,od2_yangjae_yeongdong,long,peak,8.0,3,1010.2788,820.934,189.3448,998.0233,432.8253,6397.1,10,True,57,8,5,44,338734->338736->338735->338272->339089->338990->339743->340334->339307->338934->338933->338631->339979->340332->338581->338269->338705->339116->339138->338582->338268->338262->339922->340140->339002->338922->646291->338226->339093->339128->341549->342639->563096->342115->343710->341560->341518->341517->341516->341515->341510->343158->343160->344191->344189->342755->341769->341499->341492->343516->343774->563132->646319->344219->341546->343780->342515->342812
rl_base,od2_yangjae_yeongdong,long,peak,8.0,4,1109.6573,873.6721,235.9852,1048.8067,539.4411,6879.3,12,True,65,11,8,46,338734->338736->338735->338272->339089->338990->339743->340334->339307->338934->338933->338631->339979->340332->338581->338269->338705->339116->339138->338582->338268->338262->338586->339132->338258->613662->339651->338651->339293->341572->588040->341557->342643->341561->341562->341552->342644->613995->342640->341551->341538->613852->344181->342630->342628->341542->341773->341547->563166->341548->340707->343666->343075->341543->588052->341499->341492->343516->343774->563132->646319->344219->341546->343780->342515->342812
rl_base,od2_yangjae_yeongdong,long,peak,8.0,5,1054.7913,834.4783,220.313,934.319,503.6161,6397.1,11,True,57,8,5,44,338734->338736->338735->338272->339089->338990->339743->340334->339307->338934->338933->338631->339979->340332->338581->338269->338705->339116->339138->338582->338268->338262->339922->340140->339002->338922->646291->338226->339093->339128->341549->342639->563096->342115->343710->341560->341518->341517->341516->341515->341510->343158->343160->344191->344189->342755->341769->341499->341492->343516->343774->563132->646319->344219->341546->343780->342515->342812
rl_base,od2_yangjae_yeongdong,long,peak,8.0,6,1240.8427,947.5995,293.2432,1120.6188,670.3279,7171.5,10,True,69,12,8,49,338734->338736->338735->338272->339089->338990->339743->340118->338988->339308->340139->338933->338631->339979->340332->338581->338269->338705->339116->339138->338582->338268->338262->338586->339132->338258->613662->339651->338651->339293->341572->588040->341557->342643->341561->341562->341552->342644->613995->342640->342641->342642->646764->563119->563189->341512->646737->341511->342869->341510->343158->343160->344191->344189->342755->341769->341499->341492->343516->343774->563132->646319->344219->341546->343780->342515->342516->342111->343038->342812
rl_base,od2_yangjae_yeongdong,long,peak,8.0,7,1094.4098,858.2537,236.1561,1046.4597,539.8318,6397.1,10,True,57,8,5,44,338734->338736->338735->338272->339089->338990->339743->340334->339307->338934->338933->338631->339979->340332->338581->338269->338705->339116->339138->338582->338268->338262->339922->340140->339002->338922->646291->338226->339093->339128->341549->342639->563096->342115->343710->341560->341518->341517->341516->341515->341510->343158->343160->344191->344189->342755->341769->341499->341492->343516->343774->563132->646319->344219->341546->343780->342515->342812
rl_base,od2_yangjae_yeongdong,long,peak,8.0,8,1272.2951,1008.5482,263.7469,1187.9576,602.902,7743.4,9,True,80,12,10,58,338734->338736->338735->338272->339574->339014->338217->338104->338103->339026->340326->339052->338163->339021->339067->338162->339056->340481->338654->338158->338157->338139->562936->339292->339070->613767->338253->339069->339134->338230->646176->339098->342073->342687->341600->342685->341607->344213->343102->341557->342643->341561->341562->341552->342644->613995->342640->341551->341538->613852->344181->342630->342628->341542->341773->341547->563166->341548->340707->343666->343075->341543->588052->341499->341492->343516->343774->563132->646319->344219->341546->343780->342515->646346->646572->646574->646573->646572->646346->342515->342812
rl_base,od2_yangjae_yeongdong,long,peak,8.0,9,1058.698,870.7472,187.9508,1004.3577,429.6388,6497.9,10,True,59,10,5,44,338734->338736->338735->338272->339089->338990->339743->340334->339307->338934->338933->338631->339979->340332->338581->338269->338705->339116->339138->338582->338268->338262->339922->340140->339002->338922->646291->646290->646291->338226->339093->339128->341549->342639->563096->342115->343710->341560->341518->341517->341516->341515->341510->343158->343160->344191->344189->342755->341769->341499->341492->343516->343774->563132->646319->344219->341546->343780->342515->342812
rl_base,od2_yangjae_yeongdong,long,peak,8.0,10,1273.3258,958.6018,314.7239,1070.2369,719.4309,7421.6,12,True,63,12,9,42,338734->338736->338735->338272->339089->338990->339743->340334->339307->338934->338933->338631->339979->340332->338581->338269->338775->339117->339088->339091->339090->338268->338262->338586->339132->338258->613662->339651->338651->339293->341572->588040->341557->342643->341561->341562->341552->342644->613995->342640->341551->341538->613852->344181->342630->342628->341542->344210->342626->342633->646354->340708->341541->646612->341772->341545->340698->341540->340697->343457->341546->343780->342515->342812
rl_base,od2_yangjae_yeongdong,long,peak,8.0,11,1204.9038,958.0561,246.8477,1182.2935,564.272,7303.3,11,True,70,8,13,49,338734->338736->338735->338272->339089->338990->339743->340334->339307->338934->338933->338631->339979->340332->338581->338269->338705->339116->339138->338582->338268->338262->339922->340140->339002->338922->646291->338226->339093->339128->341549->342639->563096->342115->343710->341560->341518->341558->563191->341512->646737->341511->342869->341510->343158->343160->343159->343157->343158->343160->344191->344189->342755->341769->341499->341492->340588->342606->342607->344500->341499->341492->343516->343774->563132->646319->344219->341546->343780->342515->342812
rl_base,od2_yangjae_yeongdong,long,peak,8.0,12,1042.6318,812.9643,229.6675,901.2753,524.9994,6397.4,11,True,58,8,5,45,338734->338736->338735->338272->339089->338990->339743->340334->339307->338934->338933->338631->339979->340332->338581->338269->338705->339116->339138->338582->338268->338262->339922->340140->339002->338922->646291->338226->339093->339128->341549->342639->563096->342115->343710->341560->341518->341517->341516->341511->342869->341510->343158->343160->344191->344189->342755->341769->341499->341492->343516->343774->563132->646319->344219->341546->343780->342515->342812
rl_base,od2_yangjae_yeongdong,long,peak,8.0,13,1044.2235,873.8929,170.3305,1072.8116,389.3605,6830.2,9,True,65,13,11,41,338734->338736->338735->338272->339089->338990->339743->340334->339307->338934->338933->338631->339979->340332->338581->338269->338705->339116->339138->338582->338268->338262->338586->339132->338258->613662->339651->338651->562919->562884->613773->339003->613772->343109->342153->341556->341555->342643->341561->341562->341552->342644->613995->342640->341551->341538->613852->344181->342630->342628->341542->344210->342626->342633->646354->340708->341541->341539->563187->341540->340697->343457->341546->343780->342515->342812
rl_base,od2_yangjae_yeongdong,long,peak,8.0,14,1099.3849,963.8226,135.5623,1118.1697,309.8833,7058.8,7,True,71,13,8,50,338734->338736->338735->338272->339089->338990->339743->340118->338988->338629->338270->338628->338624->338238->338625->339478->339477->339503->338839->338840->340290->339504->338805->338590->338259->338592->338992->338205->338998->340121->338997->645954->339806->339805->339806->646068->338655->339657->338922->646291->338226->339093->339128->341549->342639->563096->342115->343710->341560->341518->341517->341516->341511->342869->341510->343158->343160->344191->344189->342755->341769->341499->341492->343516->343774->563132->646319->344219->341546->343780->342515->342812
rl_base,od2_yangjae_yeongdong,long,peak,8.0,15,1144.9856,942.7081,202.2775,1119.2029,462.3884,7206.4,10,True,68,12,11,45,338734->338736->338735->338272->339089->338990->339743->340334->340335->340334->339307->338934->338933->338631->339979->340332->338581->338269->338705->339116->339138->338582->338268->338262->339922->340140->339002->338922->646291->338226->339093->339128->341549->342639->563096->342115->343710->341560->341518->341517->341516->341515->341510->343158->343160->344191->344189->342755->341769->341499->341492->343516->343774->563132->646319->646416->646353->344394->343664->646556->343664->344394->646353->342524->343662->342516->342111->343038->342812
rl_base,od2_yangjae_yeongdong,long,peak,8.0,16,1243.4244,1015.678,227.7464,1195.919,520.608,7943.4,11,True,72,16,9,47,338734->338736->338735->338272->339089->338990->339743->340334->339307->338934->338933->338631->339979->340332->338581->338269->338705->339116->339138->338582->338268->338262->339922->340140->339002->338922->646291->338226->339093->339128->341549->342639->563096->342115->343710->341560->341518->341517->341516->341515->341510->343158->343160->344191->344189->342755->341769->341499->341492->343516->343774->563132->646319->646416->646353->344394->343664->646556->343664->344394->646353->342524->343662->342516->342515->343780->341546->342524->343662->342516->342111->343038->342812
rl_base,od2_yangjae_yeongdong,long,peak,8.0,17,1129.2892,859.3114,269.9778,1017.8812,617.1453,6593.6,10,True,60,12,9,39,338734->338736->338735->338272->339089->338990->339743->340334->339307->338934->338933->338631->339979->340332->338581->338269->338705->339116->339138->338582->338268->338262->338586->339132->338258->613662->339651->338651->339293->341572->588040->341557->342643->341561->341562->341552->342644->613995->342640->341551->341538->613852->344181->342630->342628->341542->344210->342626->342633->646354->340708->341541->341539->563187->341540->340697->343457->341546->343780->342515->342812
rl_base,od2_yangjae_yeongdong,long,peak,8.0,18,1041.0697,838.5415,202.5281,963.3908,462.9613,6467.3,10,True,60,7,6,47,338734->340339->338217->339014->339574->338272->339089->339746->340118->339743->340334->339307->338934->338933->338631->339979->340332->338581->338269->338705->339116->339138->338582->338268->338262->339922->340140->339002->338922->646291->338226->339093->339128->341549->342639->563096->342115->343710->341560->341518->341517->341516->341515->341510->343158->343160->344191->344189->342755->341769->341499->341492->343516->343774->563132->646319->344219->341546->343780->342515->342812
rl_base,od2_yangjae_yeongdong,long,peak,8.0,19,1024.3612,838.4686,185.8926,1001.4905,424.9339,6397.4,10,True,58,8,5,45,338734->338736->338735->338272->339089->338990->339743->340334->339307->338934->338933->338631->339979->340332->338581->338269->338705->339116->339138->338582->338268->338262->339922->340140->339002->338922->646291->338226->339093->339128->341549->342639->563096->342115->343710->341560->341518->341517->341516->341511->342869->341510->343158->343160->344191->344189->342755->341769->341499->341492->343516->343774->563132->646319->344219->341546->343780->342515->342812
rl_base,od2_yangjae_yeongdong,long,peak,8.0,20,1023.2265,843.8703,179.3562,1031.4149,409.9925,6415.8,8,True,56,7,4,45,338734->338736->338735->338272->339089->338990->339743->340334->339307->338934->338933->338631->339979->340332->338581->338269->338705->339116->339138->338582->338268->338262->339922->340140->339002->338922->646291->338226->338252->338199->338224->342071->341571->341521->342613->646707->563094->342114->341515->341510->343158->343160->344191->344189->342755->341769->341499->341492->343516->343774->563132->646319->344219->341546->343780->342515->342812
rl_base,od2_yangjae_yeongdong,long,peak,8.0,21,1016.8343,871.7822,145.0521,991.4523,331.5762,6593.6,10,True,60,12,9,39,338734->338736->338735->338272->339089->338990->339743->340334->339307->338934->338933->338631->339979->340332->338581->338269->338705->339116->339138->338582->338268->338262->338586->339132->338258->613662->339651->338651->339293->341572->588040->341557->342643->341561->341562->341552->342644->613995->342640->341551->341538->613852->344181->342630->342628->341542->344210->342626->342633->646354->340708->341541->341539->563187->341540->340697->343457->341546->343780->342515->342812
rl_base,od2_yangjae_yeongdong,long,peak,8.0,22,1107.6227,838.9662,268.6565,976.2383,614.1248,6397.1,12,True,57,8,5,44,338734->338736->338735->338272->339089->338990->339743->340334->339307->338934->338933->338631->339979->340332->338581->338269->338705->339116->339138->338582->338268->338262->339922->340140->339002->338922->646291->338226->339093->339128->341549->342639->563096->342115->343710->341560->341518->341517->341516->341515->341510->343158->343160->344191->344189->342755->341769->341499->341492->343516->343774->563132->646319->344219->341546->343780->342515->342812
rl_base,od2_yangjae_yeongdong,long,peak,8.0,23,1229.7401,985.5245,244.2156,1087.5778,558.2552,7187.0,8,True,68,9,10,49,338734->338736->338735->338272->339574->339014->338217->338104->338103->339026->340326->339052->338163->339021->339067->338162->339056->340481->338654->338158->338157->338139->562936->339292->339070->613767->338253->339069->339134->338230->646176->339098->342073->342687->341600->342685->341607->344213->343102->341557->342643->341561->341562->341552->342644->613995->342640->341551->341538->613852->344181->342630->342628->341542->344210->342626->342633->646354->340708->341541->341539->563187->341540->340697->343457->341546->343780->342515->342812
rl_base,od2_yangjae_yeongdong,long,peak,8.0,24,1166.7727,944.98,221.7926,1073.5581,506.9982,7001.3,10,True,66,8,10,48,338734->338736->338735->338272->339089->338990->339743->340334->339307->338934->338933->338631->339979->340332->338581->338269->338705->339116->339138->338582->338268->338262->339922->340140->339002->338922->646291->338226->339093->339128->341549->342639->563096->342115->343710->341560->341518->341517->341516->341511->342869->341510->343158->343157->342801->341509->342800->343160->343159->343157->343158->343160->344191->344189->342755->341769->341499->341492->343516->343774->563132->646319->344219->341546->343780->342515->342812
rl_base,od2_yangjae_yeongdong,long,peak,8.0,25,1029.3967,843.5795,185.8172,997.1248,424.7615,6397.1,10,True,57,8,5,44,338734->338736->338735->338272->339089->338990->339743->340334->339307->338934->338933->338631->339979->340332->338581->338269->338705->339116->339138->338582->338268->338262->339922->340140->339002->338922->646291->338226->339093->339128->341549->342639->563096->342115->343710->341560->341518->341517->341516->341515->341510->343158->343160->344191->344189->342755->341769->341499->341492->343516->343774->563132->646319->344219->341546->343780->342515->342812
rl_base,od2_yangjae_yeongdong,long,peak,8.0,26,1408.6377,1066.0909,342.5468,1291.197,783.0315,8244.0,11,True,79,13,7,59,338734->338736->338735->338272->339089->338990->339743->340334->339307->338934->338933->338631->339979->340332->338581->338269->338705->339116->339138->338582->338268->338262->338586->339132->338258->613662->339651->338651->339293->341572->588040->341557->342643->341561->341562->341552->342644->613995->342640->342641->341775->343989->341774->341547->341773->341542->342628->563165->341547->341774->343989->341775->342641->341737->341569->344767->341558->563191->341512->646737->341511->342869->341510->343158->343160->344191->344189->342755->341769->341499->341492->343516->343774->563132->646319->344219->341546->343780->342515->342812
rl_base,od2_yangjae_yeongdong,long,peak,8.0,27,1133.1078,923.835,209.2728,1124.5315,478.379,6798.3,7,True,65,9,8,48,338734->338736->338735->338272->339089->338990->340239->339744->339087->338934->338933->338631->339979->340332->338581->338269->338705->339116->339111->339112->339947->339096->338710->338991->339115->338205->338998->340121->338997->645954->339806->646068->338655->339657->338922->646291->338226->338252->338199->338224->342071->341571->341521->342613->646707->563094->342114->341515->341510->343158->343160->344191->344189->342755->341769->341499->341492->343516->343774->563132->646319->344219->341546->343780->342515->342812
rl_base,od2_yangjae_yeongdong,long,peak,8.0,28,1024.2321,823.2182,201.0139,973.9391,459.4998,6397.4,9,True,58,8,5,45,338734->338736->338735->338272->339089->338990->339743->340334->339307->338934->338933->338631->339979->340332->338581->338269->338705->339116->339138->338582->338268->338262->339922->340140->339002->338922->646291->338226->339093->339128->341549->342639->563096->342115->343710->341560->341518->341517->341516->341511->342869->341510->343158->343160->344191->344189->342755->341769->341499->341492->343516->343774->563132->646319->344219->341546->343780->342515->342812
rl_base,od2_yangjae_yeongdong,long,peak,8.0,29,1102.9249,914.9588,187.9661,1006.8936,429.6737,6776.0,7,True,70,14,12,44,338734->338736->338735->338272->339089->338990->339743->340334->339307->338934->338933->338631->339979->340332->338581->338269->338705->339116->339111->339112->339947->339096->338710->338991->339115->338205->338998->340121->340120->340121->338997->645954->339806->339805->339806->646068->338655->339657->338922->646291->338226->339093->339128->341549->342639->563096->342115->343710->341560->341518->341517->341516->341515->341510->343158->343160->344191->344189->342755->341769->341499->341492->343516->343774->563132->646319->344219->341546->343780->342515->342812
rl_base,od2_yangjae_yeongdong,long,peak,8.0,30,1063.8805,889.7381,174.1424,1038.7077,398.0741,6821.6,9,True,64,10,7,47,338734->338736->338735->338272->339089->338990->339743->340334->339307->338934->338933->338631->339979->340332->338581->338269->338705->339116->339138->338582->338268->338262->338587->338588->339119->338997->645954->339806->646068->338655->339657->338922->646291->338226->339093->339128->341549->342639->563096->342115->343710->341560->341518->341517->341516->341511->342869->341510->343158->343160->344191->344189->342755->341769->341499->341492->343516->343774->563132->646319->344219->341546->343780->342515->342812
rl_base,od3_segok_samsung,long,off_peak,7.0,1,1669.8365,1261.8176,408.0189,1251.9314,932.695,10752.7,13,True,49,3,6,40,340301->340392->340476->340477->340404->340406->340405->340407->340410->340436->340411->340437->340417->340416->562979->340413->340439->340414->340415->340237->338931->646287->613729->646279->340028->340468->562980->340029->340183->340184->338886->338903->338898->338909->342043->647033->647028->647032->647031->647029->343078->341501->343340->344393->341506->341507->341508->343159->340646->341509
rl_base,od3_segok_samsung,long,off_peak,7.0,2,1356.8007,1214.0164,142.7843,1009.4396,326.3922,9767.6,5,True,59,11,6,42,340301->340393->340207->338517->338516->646042->587906->587891->339558->339337->111369->562926->111366->111357->111365->338931->340027->613620->613748->339941->646276->646278->646249->338395->338612->613667->613666->338773->338391->338399->338398->338407->646211->338401->646285->338396->340035->338897->338898->338909->342043->647033->647028->647032->647031->647029->343078->341501->343340->344393->341506->341507->341508->343159->343160->343158->343157->343159->340646->341509
rl_base,od3_segok_samsung,long,off_peak,7.0,3,1237.2242,1091.2032,146.021,942.5505,333.7909,8986.9,7,True,54,5,4,45,340301->340393->340207->338517->338516->646042->587906->587891->339558->339337->111369->562926->111366->111357->111365->338931->340027->613620->613748->339941->646276->646278->646249->338395->338610->613750->613789->613788->338611->613666->338773->338391->338399->338400->338396->340035->338897->338898->338909->342043->647033->647028->647032->647031->647029->343078->341501->343340->344393->341506->341507->341508->343159->340646->341509
rl_base,od3_segok_samsung,long,off_peak,7.0,4,1376.1519,1098.0218,278.1301,998.3465,635.7808,8991.7,8,True,52,6,5,41,340301->340393->340207->338517->338516->646042->587906->587891->339558->339337->111369->562926->111366->111357->111365->338931->340027->613620->613748->339941->339942->646275->646277->613750->613789->613788->338611->613666->338773->338391->338399->338400->338396->340035->338897->338898->338909->342043->647033->647028->647032->647031->647029->343078->341501->343340->344393->341506->341507->341508->343159->340646->341509
rl_base,od3_segok_samsung,long,off_peak,7.0,5,1200.0032,1035.6516,164.3516,919.3235,375.6931,8920.2,5,True,51,6,3,42,340301->340393->340207->338517->338516->646042->587906->587891->339558->339337->111369->562926->111366->111357->111365->338931->340027->613620->613748->339941->646276->646278->646249->338395->338612->613667->613666->338773->338391->338399->338400->338396->340035->338897->338898->338909->342043->647033->647028->647032->647031->647029->343078->341501->343340->344393->341506->341507->341508->343159->340646->341509
rl_base,od3_segok_samsung,long,off_peak,7.0,6,1287.777,1111.8482,175.9289,903.4225,402.1578,8917.7,6,True,53,6,3,44,340301->340393->340207->338517->338516->646042->587906->587891->339558->339337->111369->562926->111366->111357->111365->338931->340027->613620->613748->339941->646276->646278->646249->338395->338612->613667->613666->338773->338391->338404->338405->338402->338397->338396->340035->338897->338898->338909->342043->647033->647028->647032->647031->647029->343078->341501->343340->344393->341506->341507->341508->343159->340646->341509
rl_base,od3_segok_samsung,long,off_peak,7.0,7,1527.8982,1257.4106,270.4876,1024.0257,618.3106,9576.3,8,True,55,7,6,42,340301->340393->340207->338517->338516->646042->587906->587891->339558->339337->111369->562926->111366->111357->111365->338931->340027->613620->613748->339941->646275->646277->613750->613789->613788->338611->613666->338773->338391->338399->338400->338396->340035->338897->338898->338909->342043->647033->647028->647032->647031->647028->647033->342043->647030->647029->343078->341501->343340->344393->341506->341507->341508->343159->340646->341509
rl_base,od3_segok_samsung,long,off_peak,7.0,8,1248.229,1072.6654,175.5636,900.5402,401.3228,8920.2,6,True,51,6,3,42,340301->340393->340207->338517->338516->646042->587906->587891->339558->339337->111369->562926->111366->111357->111365->338931->340027->613620->613748->339941->646276->646278->646249->338395->338612->613667->613666->338773->338391->338399->338400->338396->340035->338897->338898->338909->342043->647033->647028->647032->647031->647029->343078->341501->343340->344393->341506->341507->341508->343159->340646->341509
rl_base,od3_segok_samsung,long,off_peak,7.0,9,1472.7646,1185.8501,286.9145,1039.3641,655.8611,9566.7,9,True,58,7,9,42,340301->340393->340207->338517->338516->646042->587906->587891->587909->587908->587909->587891->339558->339337->111369->562926->111366->111357->111365->338931->340027->613620->613748->339941->646275->339942->339941->646276->646278->646249->338395->338612->613667->613666->338773->338391->338399->338400->338396->340035->338897->338898->338909->342043->647033->647028->647032->647031->647029->343078->341501->343340->344393->341506->341507->341508->343159->340646->341509
rl_base,od3_segok_samsung,long,off_peak,7.0,10,356.7257,229.6828,127.0428,239.7762,290.4087,1877.4,5,False,16,2,1,13,340301->340393->340207->338517->338516->646042->587906->587891->339558->339337->111369->562926->562924->562939->562907->562941->562943
rl_base,od3_segok_samsung,long,off_peak,7.0,11,1671.1905,1403.7099,267.4807,1222.2015,611.4371,10678.5,7,True,64,6,10,48,340301->340393->340207->338517->338516->646042->587906->587891->339558->339337->111369->562926->111366->111357->111365->338931->340027->613620->613748->339941->339942->338364->613758->338750->338938->338750->340288->340161->338732->338891->646225->338389->338387->338388->613628->338773->338391->338399->338400->338396->646285->338401->338402->338397->338396->340035->338897->338898->338909->342043->647033->647028->647032->647031->647029->343078->341501->343340->344393->341506->341507->341508->343159->340646->341509
rl_base,od3_segok_samsung,long,off_peak,7.0,12,1299.8129,1124.5482,175.2647,1067.6413,400.6396,9482.1,6,True,58,7,6,45,340301->340393->340207->338517->338516->646042->587906->587891->339558->339337->111369->562926->111366->111357->111365->338931->340027->613620->613748->339941->646276->646278->646249->338395->338612->613667->613666->338773->338391->338399->338400->338396->340035->338897->338898->338909->342043->647033->647028->647032->647031->647029->343078->341501->343340->344393->341506->646615->646617->343938->343939->343932->343933->341520->341513->341519->343157->342801->341509
rl_base,od3_segok_samsung,long,off_peak,7.0,13,1406.0432,1121.2494,284.7938,1050.756,651.0133,9522.8,8,True,50,7,3,40,340301->340393->340207->338517->338516->646042->587906->587891->339558->339337->111369->562926->111366->111357->111365->338931->340027->613620->613748->339941->646276->338392->338393->562953->613667->613666->338773->338391->338399->338400->338396->340035->338897->338898->338909->342043->647033->647028->647032->647031->647029->343078->341501->343340->344393->341506->341507->341508->343159->340646->341509
rl_base,od3_segok_samsung,long,off_peak,7.0,14,1339.39,1112.5635,226.8266,971.3136,518.5054,8917.7,8,True,53,6,3,44,340301->340393->340207->338517->338516->646042->587906->587891->339558->339337->111369->562926->111366->111357->111365->338931->340027->613620->613748->339941->646276->646278->646249->338395->338612->613667->613666->338773->338391->338404->338405->338402->338397->338396->340035->338897->338898->338909->342043->647033->647028->647032->647031->647029->343078->341501->343340->344393->341506->341507->341508->343159->340646->341509
rl_base,od3_segok_samsung,long,off_peak,7.0,15,1196.8665,1027.6654,169.201,886.3177,386.7786,8919.7,5,True,50,6,3,41,340301->340393->340207->338517->338516->646042->587906->587891->339558->339337->111369->562926->111366->111357->111365->338931->340027->613620->613748->339941->646276->646278->646249->338395->338612->613667->613666->338773->338391->338399->338400->338396->340035->338897->338898->338909->342043->647033->647028->647031->647029->343078->341501->343340->344393->341506->341507->341508->343159->340646->341509
rl_base,od3_segok_samsung,long,off_peak,7.0,16,1333.4117,1122.4095,211.0021,982.803,482.3322,8920.2,8,True,51,6,3,42,340301->340393->340207->338517->338516->646042->587906->587891->339558->339337->111369->562926->111366->111357->111365->338931->340027->613620->613748->339941->646276->646278->646249->338395->338612->613667->613666->338773->338391->338399->338400->338396->340035->338897->338898->338909->342043->647033->647028->647032->647031->647029->343078->341501->343340->344393->341506->341507->341508->343159->340646->341509
rl_base,od3_segok_samsung,long,off_peak,7.0,17,1249.7215,1070.2688,179.4526,860.0244,410.2128,8920.2,8,True,51,6,3,42,340301->340393->340207->338517->338516->646042->587906->587891->339558->339337->111369->562926->111366->111357->111365->338931->340027->613620->613748->339941->646276->646278->646249->338395->338612->613667->613666->338773->338391->338399->338400->338396->340035->338897->338898->338909->342043->647033->647028->647032->647031->647029->343078->341501->343340->344393->341506->341507->341508->343159->340646->341509
rl_base,od3_segok_samsung,long,off_peak,7.0,18,1541.0386,1234.7873,306.2514,1154.4599,700.0634,10149.6,8,True,66,9,8,49,340301->340393->340207->338517->338514->338515->338865->338520->338862->338516->646042->587906->587891->339558->339337->111369->562926->111366->111357->111365->338931->340027->613620->646079->646084->646087->613751->613758->338750->340288->340161->338732->338891->646225->338389->338387->338388->613628->338773->338391->338399->338400->338396->340035->340034->340035->338897->338898->338909->342043->647033->647028->647032->647031->647029->343078->341501->343340->344393->646843->344393->341506->341507->341508->343159->340646->341509
rl_base,od3_segok_samsung,long,off_peak,7.0,19,1407.7838,1129.4085,278.3753,1008.4559,636.3413,8948.0,8,True,51,5,4,42,340301->340393->340207->338517->338516->646042->587906->587891->339558->339337->111369->562926->111366->111357->111365->338931->340027->613620->613748->339941->646275->646277->613750->613789->613788->338611->613666->338773->338391->338399->338400->338396->340035->338897->338898->338909->342043->647033->647028->647032->647031->647029->343078->341501->343340->344393->341506->341507->341508->343159->340646->341509
rl_base,od3_segok_samsung,long,off_peak,7.0,20,1540.2827,1250.4709,289.8118,1003.3909,662.484,9881.8,9,True,62,6,7,49,340301->340393->340207->338517->338516->338862->338520->338863->338518->338516->646042->587906->587891->339558->339337->111369->562926->111366->111357->111365->338931->340027->613620->613748->339941->646275->646277->613750->613789->338390->338729->339955->338889->338387->338388->613628->338773->338391->338399->338400->338396->340035->338897->338898->338909->342043->647033->647028->647032->647031->647029->343078->343127->343078->341501->343340->344393->341506->341507->341508->343159->340646->341509
rl_base,od3_segok_samsung,long,off_peak,7.0,21,1336.4042,1113.8079,222.5963,967.9387,508.8353,8966.4,8,True,53,7,5,41,340301->340393->340207->338517->338516->646042->587906->587891->339558->339337->111369->562926->111366->111357->111365->338931->340027->613620->613748->339941->646276->646278->646249->338395->338612->613667->613666->338773->338391->338399->338398->646212->338400->338396->340035->338897->338898->338909->342043->647033->647028->647032->647031->647029->343078->341501->343340->344393->341506->341507->341508->343159->340646->341509
rl_base,od3_segok_samsung,long,off_peak,7.0,22,1450.761,1171.2887,279.4723,1013.8203,638.8488,8977.1,8,True,50,6,5,39,340301->340393->340207->338517->338516->646042->587906->587891->339558->339337->111369->562926->111366->111357->111365->338931->340027->613620->613748->339941->646275->646277->613750->613789->613788->338611->613666->338773->338391->338404->338405->338402->338397->338396->340035->338897->338898->338909->342043->647030->647029->343078->341501->343340->344393->341506->341507->341508->343159->340646->341509
rl_base,od3_segok_samsung,long,off_peak,7.0,23,1231.5804,1081.2722,150.3081,932.3987,343.591,8948.0,5,True,51,5,4,42,340301->340393->340207->338517->338516->646042->587906->587891->339558->339337->111369->562926->111366->111357->111365->338931->340027->613620->613748->339941->646275->646277->613750->613789->613788->338611->613666->338773->338391->338399->338400->338396->340035->338897->338898->338909->342043->647033->647028->647032->647031->647029->343078->341501->343340->344393->341506->341507->341508->343159->340646->341509
rl_base,od3_segok_samsung,long,off_peak,7.0,24,1342.8154,1038.8856,303.9298,952.0697,694.7565,8925.8,8,True,52,6,3,43,340301->340393->340207->338517->338516->646042->587906->587891->339558->339337->111369->562926->111366->111357->111365->338931->340027->613620->613748->339941->646275->646277->646278->646249->338395->338612->613667->613666->338773->338391->338399->338400->338396->340035->338897->338898->338909->342043->647033->647028->647032->647031->647029->343078->341501->343340->344393->341506->341507->341508->343159->340646->341509
rl_base,od3_segok_samsung,long,off_peak,7.0,25,1436.2396,1174.3704,261.8692,1036.5976,598.6097,9447.2,8,True,55,6,7,42,340301->340393->340207->338517->338516->646042->587906->587891->587909->587908->587909->587891->339558->339337->111369->562926->111366->111357->111365->338931->340027->613620->613748->339941->646275->646277->613750->613789->613788->338611->613666->338773->338391->338399->338400->338396->340035->338897->338898->338909->342043->647033->647028->647032->647031->647029->343078->341501->343340->344393->341506->341507->341508->343159->340646->341509
rl_base,od3_segok_samsung,long,off_peak,7.0,26,1135.6689,1035.1532,100.5157,897.4773,229.7699,8919.7,4,True,50,6,3,41,340301->340393->340207->338517->338516->646042->587906->587891->339558->339337->111369->562926->111366->111357->111365->338931->340027->613620->613748->339941->646276->646278->646249->338395->338612->613667->613666->338773->338391->338399->338400->338396->340035->338897->338898->338909->342043->647033->647028->647031->647029->343078->341501->343340->344393->341506->341507->341508->343159->340646->341509
rl_base,od3_segok_samsung,long,off_peak,7.0,27,1420.9834,1174.0187,246.9647,1123.6949,564.5395,10142.6,10,True,64,10,5,49,340301->340393->340207->338517->338516->646042->587906->587891->339558->339337->111369->562926->111366->111357->111365->338931->340027->613620->613748->339941->646275->646277->646278->646249->338395->338612->613667->562953->338393->646199->339156->339694->339693->339694->339156->646199->338393->562953->613667->613666->338773->338391->338399->338400->338396->340035->338897->338898->338909->342043->647033->647028->647032->647031->647029->343078->341501->343340->344393->341506->341507->341508->343159->340646->341509
rl_base,od3_segok_samsung,long,off_peak,7.0,28,1393.0655,1098.546,294.5195,986.5863,673.2454,8991.7,8,True,52,6,5,41,340301->340393->340207->338517->338516->646042->587906->587891->339558->339337->111369->562926->111366->111357->111365->338931->340027->613620->613748->339941->339942->646275->646277->613750->613789->613788->338611->613666->338773->338391->338399->338400->338396->340035->338897->338898->338909->342043->647033->647028->647032->647031->647029->343078->341501->343340->344393->341506->341507->341508->343159->340646->341509
rl_base,od3_segok_samsung,long,off_peak,7.0,29,1424.2018,1155.5637,268.6381,1032.5024,614.0827,9535.5,9,True,60,6,7,47,340301->340393->340207->338517->338516->338518->339995->338515->338865->338520->338862->338516->646042->587906->587891->339558->339337->111369->562926->111366->111357->111365->338931->340027->613620->613748->339941->646275->646277->613750->338610->338395->338612->613667->613666->338773->338391->338399->338400->338396->340035->338897->338898->338909->342043->647033->647028->647032->647031->647029->343078->341501->343340->344393->341506->341507->341508->343159->343160->342800->341509
rl_base,od3_segok_samsung,long,off_peak,7.0,30,1513.9377,1214.6924,299.2452,950.9265,684.048,9018.5,8,True,51,6,5,40,340301->340393->340207->338517->338516->646042->587906->587891->339558->339337->111369->562926->111366->111357->111365->338931->340027->613620->613748->339941->646276->646278->646249->338395->338610->613750->613789->613788->338611->613666->338773->338391->338399->338400->338396->340035->338897->338898->338909->342043->647030->647029->343078->341501->343340->344393->341506->341507->341508->343159->340646->341509
rl_base,od3_segok_samsung,long,peak,8.0,1,1545.4551,1281.6674,263.7877,1186.8789,602.9952,10131.9,8,True,65,8,10,47,340301->340393->340207->338517->338516->646042->587906->587891->339558->339337->111369->562926->111366->111357->111365->338931->340027->613620->613748->339941->339942->646275->646277->646278->646249->338395->338612->613667->613666->338773->338391->338399->338400->338396->646285->338401->338402->338397->338396->340035->338897->338898->338909->342043->647033->647028->647032->647031->647029->343078->341501->343340->344393->341506->646615->646617->343938->343939->343932->343933->341520->341513->341519->343157->342801->341509
rl_base,od3_segok_samsung,long,peak,8.0,2,1407.1538,1124.1438,283.01,1223.9971,646.9357,8969.5,8,True,53,7,4,42,340301->340393->340207->338517->338516->646042->587906->587891->339558->339337->111369->562926->111366->111357->111365->338931->340027->613620->613748->339941->339942->646275->646277->646278->646249->338395->338612->613667->613666->338773->338391->338399->338400->338396->340035->338897->338898->338909->342043->647033->647028->647032->647031->647029->343078->341501->343340->344393->341506->341507->341508->343159->340646->341509
rl_base,od3_segok_samsung,long,peak,8.0,3,1406.6564,1177.9368,228.7196,1182.7689,522.8326,9378.1,8,True,57,9,7,41,340301->340393->340207->338517->338516->646042->587906->587891->339558->339337->111369->562926->111366->111357->111365->338931->340027->613620->613748->339941->339942->646275->339941->646276->646278->646249->338395->338612->613667->613666->338773->338391->338399->338400->338396->340035->338897->338898->338909->342043->647033->647028->647032->647031->647029->343078->341501->343340->344393->341506->341507->341508->646563->341513->341519->343157->342801->341509
rl_base,od3_segok_samsung,long,peak,8.0,4,1417.2584,1150.9663,266.2921,1218.468,608.7201,9820.8,9,True,44,5,3,36,340301->340393->340207->338517->338516->646042->587906->587891->339558->339337->111369->562926->111366->111357->111365->338931->646287->613729->646279->340028->340468->562980->340029->340183->340184->338886->338903->338898->338909->342043->647033->647028->647032->647031->647029->343078->341501->343340->344393->341506->341507->341508->343159->340646->341509
rl_base,od3_segok_samsung,long,peak,8.0,5,1328.5377,1114.3155,214.2222,1232.8154,489.693,9276.5,7,True,55,7,7,41,340301->340393->340207->338517->338516->646042->587906->587891->339558->339337->111369->562926->111366->111357->111365->338931->340027->613620->613748->339941->339942->646275->646277->613750->613789->613788->338611->613666->338773->338391->338399->338400->338396->340035->338897->338898->338909->342043->647033->647028->647032->647031->647029->343078->341501->343340->344393->341506->341507->646429->341520->341513->341519->343157->342801->341509
rl_base,od3_segok_samsung,long,peak,8.0,6,1348.7648,1104.2814,244.4834,1079.0435,558.8674,9011.7,8,True,55,7,6,42,340301->340393->340207->338517->338516->646042->587906->587891->339558->339337->111369->562926->111366->111357->111365->338931->340027->613620->613748->339941->339942->646275->646277->646278->646249->338395->338612->613667->613666->338773->338391->338399->338400->338396->340035->338897->338898->338909->342043->647033->647028->647032->647031->647029->343078->341501->343340->344393->646843->344393->341506->341507->341508->343159->340646->341509
rl_base,od3_segok_samsung,long,peak,8.0,7,1381.5033,1056.021,325.4823,1076.165,744.0235,8969.5,9,True,53,7,4,42,340301->340393->340207->338517->338516->646042->587906->587891->339558->339337->111369->562926->111366->111357->111365->338931->340027->613620->613748->339941->339942->646275->646277->646278->646249->338395->338612->613667->613666->338773->338391->338399->338400->338396->340035->338897->338898->338909->342043->647033->647028->647032->647031->647029->343078->341501->343340->344393->341506->341507->341508->343159->340646->341509
rl_base,od3_segok_samsung,long,peak,8.0,8,1307.4221,1054.2758,253.1463,1079.4062,578.6699,8969.5,7,True,53,7,4,42,340301->340393->340207->338517->338516->646042->587906->587891->339558->339337->111369->562926->111366->111357->111365->338931->340027->613620->613748->339941->339942->646275->646277->646278->646249->338395->338612->613667->613666->338773->338391->338399->338400->338396->340035->338897->338898->338909->342043->647033->647028->647032->647031->647029->343078->341501->343340->344393->341506->341507->341508->343159->340646->341509
rl_base,od3_segok_samsung,long,peak,8.0,9,583.8678,452.0162,131.8516,507.4615,301.4011,3551.5,4,False,28,4,5,19,340301->340392->340476->340477->340404->340406->340405->340407->562878->340354->340403->340456->340301->340393->340207->338517->338516->646042->587906->587891->339558->339337->111369->562926->562924->562939->562940->562941->562943
rl_base,od3_segok_samsung,long,peak,8.0,10,1334.2139,1085.876,248.3379,1073.5319,567.6784,9049.5,7,True,55,6,5,44,340301->340393->340207->338517->338516->646042->587906->587891->339558->339337->111369->562926->111366->111357->111365->338931->340027->613620->613748->339941->339942->646275->646277->646278->646249->338395->338612->613667->613666->338773->338391->338399->338400->338396->340035->338897->338898->338909->342043->647033->647028->647032->647031->647029->343078->343127->343078->341501->343340->344393->341506->341507->341508->343159->340646->341509
rl_base,od3_segok_samsung,long,peak,8.0,11,1618.0619,1388.9817,229.0802,1125.4185,523.6571,9896.2,7,True,61,9,9,43,340301->340393->340207->338517->338514->338515->339995->338518->338516->646042->587906->587891->339558->339337->111369->562926->111366->111357->111365->338931->340027->613620->613748->339941->339942->646275->646277->646278->646249->338395->338612->613667->613666->338773->338391->338399->338400->338396->340035->338897->338898->338909->342043->647033->647028->647032->647031->647028->647033->342043->647030->647029->343078->341501->343340->344393->341506->341507->341508->343159->340646->341509
rl_base,od3_segok_samsung,long,peak,8.0,12,1369.4252,1080.1949,289.2303,1033.0481,661.1549,9015.7,9,True,59,7,5,47,340301->340393->340207->338517->338516->646042->587906->587891->339558->339337->111369->562926->111366->111357->111365->338931->340027->613620->613748->339941->339942->646275->646277->646278->646249->338395->338612->613667->613666->338773->338391->338399->338400->338396->340035->338897->338898->338909->342043->647033->647028->647032->647031->647029->343078->341501->341500->646932->341768->342821->343267->342611->563120->341494->613864->341507->341508->343159->340646->341509
rl_base,od3_segok_samsung,long,peak,8.0,13,1329.2796,1081.8789,247.4007,1083.6525,565.536,8991.7,7,True,52,6,5,41,340301->340393->340207->338517->338516->646042->587906->587891->339558->339337->111369->562926->111366->111357->111365->338931->340027->613620->613748->339941->339942->646275->646277->613750->613789->613788->338611->613666->338773->338391->338399->338400->338396->340035->338897->338898->338909->342043->647033->647028->647032->647031->647029->343078->341501->343340->344393->341506->341507->341508->343159->340646->341509
rl_base,od3_segok_samsung,long,peak,8.0,14,1541.5033,1253.2037,288.2996,1189.6716,659.0274,10195.5,8,True,68,12,7,49,340301->340393->340207->338517->338516->646042->587906->587891->339558->339337->111369->562926->111366->111357->111365->338931->340027->613620->613748->339941->339942->646275->646277->646278->646249->338395->338612->613667->562953->338393->646199->339156->339694->339693->339694->339156->646199->338393->562953->613667->613666->338773->338391->338399->338400->338396->340035->338897->338898->338909->342043->647033->647028->647031->647029->343078->341501->343340->343341->343267->342611->563120->341494->613864->341507->341508->343159->340646->341509
rl_base,od3_segok_samsung,long,peak,8.0,15,1454.8259,1272.8167,182.0091,1379.9797,416.0567,10103.8,7,True,63,8,8,47,340301->340393->340207->338517->338516->646042->587906->587891->339558->339337->111369->562926->111366->111357->111365->338931->340027->613620->613748->339941->339942->646275->646277->613750->613789->338390->338729->339955->338889->338387->338388->613628->338773->338391->338399->338400->338396->340035->338897->338898->338909->342043->647033->647028->647032->647031->647029->343078->341501->343340->344393->341506->646615->646617->343938->343939->343932->343933->341520->341513->341519->343157->342801->341509
rl_base,od3_segok_samsung,long,peak,8.0,16,1370.7965,1088.6977,282.0989,995.8114,644.853,8969.5,8,True,53,7,4,42,340301->340393->340207->338517->338516->646042->587906->587891->339558->339337->111369->562926->111366->111357->111365->338931->340027->613620->613748->339941->339942->646275->646277->646278->646249->338395->338612->613667->613666->338773->338391->338399->338400->338396->340035->338897->338898->338909->342043->647033->647028->647032->647031->647029->343078->341501->343340->344393->341506->341507->341508->343159->340646->341509
rl_base,od3_segok_samsung,long,peak,8.0,17,1480.5831,1241.4584,239.1248,1099.3573,546.618,9629.7,8,True,60,9,8,43,340301->340393->340207->338517->338516->646042->587906->587891->339558->339337->111369->562926->111366->111357->111365->338931->340027->613620->613748->339941->339942->646275->646277->613750->613789->613788->338611->613666->338773->338391->338399->338400->338396->340035->338897->338898->338909->342043->647033->647028->647032->647031->647028->647033->342043->647030->647029->343078->341501->343340->343341->343267->342611->563120->341494->613864->341507->341508->343159->340646->341509
rl_base,od3_segok_samsung,long,peak,8.0,18,1325.4012,1075.1678,250.2335,1058.7585,572.0115,8991.7,7,True,52,6,5,41,340301->340393->340207->338517->338516->646042->587906->587891->339558->339337->111369->562926->111366->111357->111365->338931->340027->613620->613748->339941->339942->646275->646277->613750->613789->613788->338611->613666->338773->338391->338399->338400->338396->340035->338897->338898->338909->342043->647033->647028->647032->647031->647029->343078->341501->343340->344393->341506->341507->341508->343159->340646->341509
rl_base,od3_segok_samsung,long,peak,8.0,19,1406.8482,1178.1852,228.663,1191.4867,522.7034,9906.3,6,True,64,9,9,46,340301->340393->340207->338517->338516->646042->587906->587891->339558->339337->111369->562926->111366->111357->111365->338931->340027->613620->613748->339941->339942->646275->646277->646278->646249->338395->338612->613667->613666->338773->338391->338399->338400->338396->340035->338897->338898->338909->342043->647033->647028->647032->647031->647029->343078->341501->343340->344393->341506->646615->646617->343938->343939->343932->343933->341520->341513->341519->342113->342114->341515->341510->343158->341977->341509
rl_base,od3_segok_samsung,long,peak,8.0,20,1415.5183,1162.3401,253.1783,1177.4738,578.743,9679.9,7,True,58,7,7,44,340301->340393->340207->338517->338516->646042->587906->587891->339558->339337->111369->562926->111366->111357->111365->338931->340027->613620->613748->339941->339942->646275->646277->646278->646249->338395->338612->613667->613666->338773->338391->338399->338400->338396->340035->338897->338898->338909->342043->647033->647028->647032->647031->647029->343078->341501->343340->344393->341506->341507->341508->341514->341508->646563->341513->341519->343157->342801->341509
rl_base,od3_segok_samsung,long,peak,8.0,21,1301.8417,1059.5972,242.2445,1089.2507,553.7494,9015.7,8,True,55,8,6,41,340301->340393->340207->338517->338516->646042->587906->587891->339558->339337->111369->562926->111366->111357->111365->338931->340027->613620->613748->339941->339942->646275->646277->646278->646249->338395->338612->613667->613666->338773->338391->338399->338398->646212->338400->338396->340035->338897->338898->338909->342043->647033->647028->647032->647031->647029->343078->341501->343340->344393->341506->341507->341508->343159->340646->341509
rl_base,od3_segok_samsung,long,peak,8.0,22,1487.0046,1269.9792,217.0254,1338.1457,496.1009,9844.9,7,True,57,7,6,44,340301->340393->340207->338517->338516->646042->587906->587891->339558->339337->111369->562926->111366->111357->111365->338931->340027->613620->613748->339941->339942->338364->613758->338750->340288->340161->338732->338891->338890->338889->338387->338388->613628->338773->338391->338399->338400->338396->340035->338897->338898->338909->342043->647033->647028->647032->647031->647029->343078->341501->343340->344393->341506->341507->341508->343159->340646->341509
rl_base,od3_segok_samsung,long,peak,8.0,23,1358.1853,1109.3536,248.8317,1070.9713,568.8071,8969.5,7,True,53,7,4,42,340301->340393->340207->338517->338516->646042->587906->587891->339558->339337->111369->562926->111366->111357->111365->338931->340027->613620->613748->339941->339942->646275->646277->646278->646249->338395->338612->613667->613666->338773->338391->338399->338400->338396->340035->338897->338898->338909->342043->647033->647028->647032->647031->647029->343078->341501->343340->344393->341506->341507->341508->343159->340646->341509
rl_base,od3_segok_samsung,long,peak,8.0,24,1366.0904,1122.3241,243.7663,1089.6066,557.2282,8991.7,7,True,52,6,5,41,340301->340393->340207->338517->338516->646042->587906->587891->339558->339337->111369->562926->111366->111357->111365->338931->340027->613620->613748->339941->339942->646275->646277->613750->613789->613788->338611->613666->338773->338391->338399->338400->338396->340035->338897->338898->338909->342043->647033->647028->647032->647031->647029->343078->341501->343340->344393->341506->341507->341508->343159->340646->341509
rl_base,od3_segok_samsung,long,peak,8.0,25,1493.8971,1272.1347,221.7624,1255.3281,506.9291,9699.6,8,True,59,6,8,45,340301->340393->340207->338517->338516->646042->587906->587891->339558->339337->111369->562926->111366->111357->111365->338931->340027->613620->613748->339941->339942->646275->646277->613750->613789->613788->338611->613666->338773->338391->338404->338405->338402->338397->338396->340035->338897->338898->338909->342043->647033->647028->647032->647031->647029->343078->341501->343340->344393->341506->341507->341508->341514->341508->646563->341513->341519->343157->342801->341509
rl_base,od3_segok_samsung,long,peak,8.0,26,703.3457,510.1148,193.2309,553.8886,441.7086,4069.1,7,False,30,8,7,15,340301->340393->340207->338517->338516->646042->587906->587891->587890->646141->340560->340502->339357->340403->340354->339358->339357->340502->340560->646141->587890->587891->339558->339337->111369->562926->562924->562939->562940->562941->562943
rl_base,od3_segok_samsung,long,peak,8.0,27,1369.9017,1135.9503,233.9514,1113.7044,534.7921,9820.8,9,True,44,5,3,36,340301->340393->340207->338517->338516->646042->587906->587891->339558->339337->111369->562926->111366->111357->111365->338931->646287->613729->646279->340028->340468->562980->340029->340183->340184->338886->338903->338898->338909->342043->647033->647028->647032->647031->647029->343078->341501->343340->344393->341506->341507->341508->343159->340646->341509
rl_base,od3_segok_samsung,long,peak,8.0,28,1487.6733,1230.1731,257.5001,1225.7238,588.6225,10171.2,9,True,48,4,8,36,340301->340393->340207->340222->340208->340215->340301->340456->340502->340560->646141->587890->587891->339558->339337->111369->562926->111366->111357->111365->338931->646287->613729->646279->340028->340468->562980->340029->340183->340184->338886->338903->338898->338909->342043->647033->647028->647031->647029->343078->341501->343340->344393->341506->341507->341508->343159->340646->341509
rl_base,od3_segok_samsung,long,peak,8.0,29,1409.9332,1169.9771,239.9561,1201.5108,548.5184,8226.7,9,True,69,7,3,59,340301->340393->340207->338517->338516->646042->587906->587891->339558->339337->111369->562926->111366->111357->111365->338931->340027->613620->613748->339941->339942->646275->646277->646278->646249->338395->338612->613667->613666->338773->338391->338399->338400->338396->340035->338897->340186->340185->587863->338279->338280->339584->339216->338356->338355->562954->562956->338344->340271->338314->338707->338313->338709->338312->339664->339000->339297->338311->339265->338310->343919->343726->341535->341739->342112->342113->341519->343157->342801->341509
rl_base,od3_segok_samsung,long,peak,8.0,30,1367.1349,1120.8565,246.2784,1073.6816,562.9706,8969.5,8,True,53,7,4,42,340301->340393->340207->338517->338516->646042->587906->587891->339558->339337->111369->562926->111366->111357->111365->338931->340027->613620->613748->339941->339942->646275->646277->646278->646249->338395->338612->613667->613666->338773->338391->338399->338400->338396->340035->338897->338898->338909->342043->647033->647028->647032->647031->647029->343078->341501->343340->344393->341506->341507->341508->343159->340646->341509
rl_signal,od1_sinnonhyeon_suseo,long,off_peak,7.0,1,1269.91,1159.6532,110.2568,1042.2912,252.0372,9420.6,7,True,66,5,8,53,342695->342700->343100->342865->342652->342116->342672->340587->342670->343657->342666->342663->342681->342617->342618->342632->343072->341795->341544->341796->343669->341798->342622->341797->341771->341545->340698->341540->340697->343457->341546->344219->646319->563132->343774->343516->341492->340588->342606->342607->587988->342821->341768->646932->341500->341501->343078->647029->647031->647028->647033->342043->338909->338898->338897->340035->338396->338400->338399->338391->338773->613666->338611->613788->338395->338612->613667
rl_signal,od1_sinnonhyeon_suseo,long,off_peak,7.0,2,1258.8502,1136.0874,122.7628,1039.4628,280.6248,9391.5,7,True,64,5,8,51,342695->342700->343100->342865->342652->342116->342672->340587->342670->343657->342666->342663->342681->341587->341794->342634->340699->342632->343072->341795->341544->341796->343669->341798->342622->341797->341771->341545->340698->341540->340697->343457->341546->344219->646319->563132->343774->343516->341492->340588->342606->342607->587988->342821->341768->646932->341500->341501->343078->647029->647031->647028->647033->342043->338909->338898->338897->340035->338396->338400->338399->338391->338773->613666->613667
rl_signal,od1_sinnonhyeon_suseo,long,off_peak,7.0,3,1356.408,1173.4968,182.9112,1109.7773,418.1188,9473.8,8,True,60,5,8,47,342695->342700->343100->342865->342652->342116->342672->340587->342670->343657->342666->342663->342681->342617->342618->342632->343072->341795->341544->342072->342614->340597->342633->342626->344210->341542->341773->341547->563166->341548->340707->343666->343075->341543->588052->341499->344500->342607->587988->342821->341768->646932->341500->341501->343078->647029->647031->647028->647033->342043->338909->338898->338897->340035->338396->338400->338399->338391->338773->613666->613667
rl_signal,od1_sinnonhyeon_suseo,long,off_peak,7.0,4,1245.4003,1136.7772,108.6231,1054.895,248.3028,9385.5,6,True,62,5,8,49,342695->342700->343100->342865->342652->342116->342672->340587->342670->343657->342666->342663->342681->342617->342618->342632->343072->341795->341544->341796->343669->341798->342622->341797->341771->341545->340698->341540->340697->343457->341546->344219->646319->563132->343774->343516->341492->340588->342606->342607->587988->342821->341768->646932->341500->341501->343078->647029->647031->647028->647033->342043->338909->338898->338897->340035->338396->338400->338399->338391->338773->613666->613667
rl_signal,od1_sinnonhyeon_suseo,long,off_peak,7.0,5,1270.6195,1185.8127,84.8069,1111.2747,193.861,9546.5,6,True,66,8,9,49,342695->342700->343100->342865->342652->342116->342672->340587->342670->343657->342666->342663->342681->342617->342618->342632->343072->341795->341544->341796->343669->341798->342622->341797->341771->341545->340698->341540->343074->646559->343074->341540->340697->343457->341546->344219->646319->563132->343774->343516->341492->340588->342606->342607->587988->342821->341768->646932->341500->341501->343078->647029->647031->647028->647033->342043->338909->338898->338897->340035->338396->338400->338399->338391->338773->613666->613667
rl_signal,od1_sinnonhyeon_suseo,long,off_peak,7.0,6,1269.8984,1157.4735,112.4248,1086.831,256.9932,9391.5,6,True,64,5,8,51,342695->342700->343100->342865->342652->342116->342672->340587->342670->343657->342666->342663->342681->341587->341794->342634->340699->342632->343072->341795->341544->341796->343669->341798->342622->341797->341771->341545->340698->341540->340697->343457->341546->344219->646319->563132->343774->343516->341492->340588->342606->342607->587988->342821->341768->646932->341500->341501->343078->647029->647031->647028->647033->342043->338909->338898->338897->340035->338396->338400->338399->338391->338773->613666->613667
rl_signal,od1_sinnonhyeon_suseo,long,off_peak,7.0,7,1361.5261,1158.9394,202.5868,994.4379,463.0953,9391.5,8,True,64,5,8,51,342695->342700->343100->342865->342652->342116->342672->340587->342670->343657->342666->342663->342681->341587->341794->342634->340699->342632->343072->341795->341544->341796->343669->341798->342622->341797->341771->341545->340698->341540->340697->343457->341546->344219->646319->563132->343774->343516->341492->340588->342606->342607->587988->342821->341768->646932->341500->341501->343078->647029->647031->647028->647033->342043->338909->338898->338897->340035->338396->338400->338399->338391->338773->613666->613667
rl_signal,od1_sinnonhyeon_suseo,long,off_peak,7.0,8,1302.0439,1184.9029,117.141,997.6189,267.774,9420.6,8,True,66,5,8,53,342695->342700->343100->342865->342652->342116->342672->340587->342670->343657->342666->342663->342681->342617->342618->342632->343072->341795->341544->341796->343669->341798->342622->341797->341771->341545->340698->341540->340697->343457->341546->344219->646319->563132->343774->343516->341492->340588->342606->342607->587988->342821->341768->646932->341500->341501->343078->647029->647031->647028->647033->342043->338909->338898->338897->340035->338396->338400->338399->338391->338773->613666->338611->613788->338395->338612->613667
rl_signal,od1_sinnonhyeon_suseo,long,off_peak,7.0,9,1750.2903,1542.5243,207.766,1399.1948,474.9347,11165.5,8,True,92,15,15,62,342695->342699->342703->341653->341612->339008->339015->338140->339430->339432->338157->338139->562936->339292->339070->613767->338253->339069->339134->338230->646176->339098->342073->342687->341600->342685->341607->344213->343102->341557->342643->341561->341562->341552->342644->342148->342645->341559->341985->341569->344767->341558->563191->563189->563119->646764->342642->340709->344193->613986->344812->613985->344813->344258->342638->646427->340706->646705->343076->344198->344512->344514->344515->344195->343075->341543->588052->341499->344500->342607->587988->342821->343267->343341->341500->341501->343078->647029->647031->647028->647033->342043->338909->338898->338897->340035->338396->338400->338399->338391->338773->613666->613667
rl_signal,od1_sinnonhyeon_suseo,long,off_peak,7.0,10,1213.806,1118.6088,95.1971,1067.0,217.6122,9385.5,5,True,62,5,8,49,342695->342700->343100->342865->342652->342116->342672->340587->342670->343657->342666->342663->342681->342617->342618->342632->343072->341795->341544->341796->343669->341798->342622->341797->341771->341545->340698->341540->340697->343457->341546->344219->646319->563132->343774->343516->341492->340588->342606->342607->587988->342821->341768->646932->341500->341501->343078->647029->647031->647028->647033->342043->338909->338898->338897->340035->338396->338400->338399->338391->338773->613666->613667
rl_signal,od1_sinnonhyeon_suseo,long,off_peak,7.0,11,1222.7713,1113.5398,109.2316,1013.7787,249.6937,9385.5,6,True,62,5,8,49,342695->342700->343100->342865->342652->342116->342672->340587->342670->343657->342666->342663->342681->342617->342618->342632->343072->341795->341544->341796->343669->341798->342622->341797->341771->341545->340698->341540->340697->343457->341546->344219->646319->563132->343774->343516->341492->340588->342606->342607->587988->342821->341768->646932->341500->341501->343078->647029->647031->647028->647033->342043->338909->338898->338897->340035->338396->338400->338399->338391->338773->613666->613667
rl_signal,od1_sinnonhyeon_suseo,long,off_peak,7.0,12,1368.4114,1180.8247,187.5867,1126.0398,428.8065,9656.1,8,True,66,5,7,54,342695->342696->342695->342700->343100->342865->342652->342116->342672->340587->342670->343657->342666->342663->342681->341587->341794->342634->340699->342632->343072->341795->341544->341796->343669->341798->342622->341797->341771->341545->340698->341540->340697->343457->341546->344219->646319->563132->343774->343516->341492->341499->344500->342607->587988->342821->341768->646932->341500->341501->343078->647029->647031->647028->647033->342043->338909->338898->338897->340035->338396->338400->338399->338391->338773->613666->613667
rl_signal,od1_sinnonhyeon_suseo,long,off_peak,7.0,13,1609.5363,1488.8407,120.6956,1487.6696,275.8994,11403.4,5,True,74,10,10,54,342695->342699->342703->341653->341612->339008->339015->338140->339430->339432->338157->338139->562936->339292->339070->613767->338253->339069->339134->338230->646176->339098->342073->342687->341600->342685->341607->344213->343102->341557->342643->341561->341563->341552->342644->342148->342645->341559->342115->343710->341560->341518->341517->341516->341515->341519->341513->341520->646429->341507->613864->341494->563120->342611->343267->343341->341500->341501->343078->647029->647031->647028->647033->342043->338909->338898->338897->340035->338396->338400->338399->338391->338773->613666->613667
rl_signal,od1_sinnonhyeon_suseo,long,off_peak,7.0,14,1422.4155,1287.4902,134.9253,1197.9343,308.4273,9875.9,6,True,67,6,8,53,342695->342700->342159->344204->341621->342834->343100->342865->342652->342116->342672->340587->342670->343657->342666->342663->342681->342617->342618->343820->646558->340583->342072->341544->341796->343669->341798->342622->341797->341771->341545->340698->341540->340697->343457->341546->344219->646319->563132->343774->343516->341492->340588->342606->342607->587988->342821->341768->646932->341500->341501->343078->647029->647031->647028->647033->342043->338909->338898->338897->340035->338396->338400->338399->338391->338773->613666->613667
rl_signal,od1_sinnonhyeon_suseo,long,off_peak,7.0,15,1292.8443,1111.8139,181.0304,1055.4181,413.8195,9391.5,8,True,64,5,8,51,342695->342700->343100->342865->342652->342116->342672->340587->342670->343657->342666->342663->342681->341587->341794->342634->340699->342632->343072->341795->341544->341796->343669->341798->342622->341797->341771->341545->340698->341540->340697->343457->341546->344219->646319->563132->343774->343516->341492->340588->342606->342607->587988->342821->341768->646932->341500->341501->343078->647029->647031->647028->647033->342043->338909->338898->338897->340035->338396->338400->338399->338391->338773->613666->613667
rl_signal,od1_sinnonhyeon_suseo,long,off_peak,7.0,16,1323.5106,1150.9661,172.5445,1101.7104,394.4213,9391.5,8,True,64,5,8,51,342695->342700->343100->342865->342652->342116->342672->340587->342670->343657->342666->342663->342681->341587->341794->342634->340699->342632->343072->341795->341544->341796->343669->341798->342622->341797->341771->341545->340698->341540->340697->343457->341546->344219->646319->563132->343774->343516->341492->340588->342606->342607->587988->342821->341768->646932->341500->341501->343078->647029->647031->647028->647033->342043->338909->338898->338897->340035->338396->338400->338399->338391->338773->613666->613667
rl_signal,od1_sinnonhyeon_suseo,long,off_peak,7.0,17,1286.3135,1173.6842,112.6293,1012.671,257.4606,9385.5,6,True,62,5,8,49,342695->342700->343100->342865->342652->342116->342672->340587->342670->343657->342666->342663->342681->342617->342618->342632->343072->341795->341544->341796->343669->341798->342622->341797->341771->341545->340698->341540->340697->343457->341546->344219->646319->563132->343774->343516->341492->340588->342606->342607->587988->342821->341768->646932->341500->341501->343078->647029->647031->647028->647033->342043->338909->338898->338897->340035->338396->338400->338399->338391->338773->613666->613667
rl_signal,od1_sinnonhyeon_suseo,long,off_peak,7.0,18,1223.7504,1113.5632,110.1871,1088.2113,251.878,9391.5,6,True,64,5,8,51,342695->342700->343100->342865->342652->342116->342672->340587->342670->343657->342666->342663->342681->341587->341794->342634->340699->342632->343072->341795->341544->341796->343669->341798->342622->341797->341771->341545->340698->341540->340697->343457->341546->344219->646319->563132->343774->343516->341492->340588->342606->342607->587988->342821->341768->646932->341500->341501->343078->647029->647031->647028->647033->342043->338909->338898->338897->340035->338396->338400->338399->338391->338773->613666->613667
rl_signal,od1_sinnonhyeon_suseo,long,off_peak,7.0,19,1446.7538,1317.1051,129.6487,1133.9457,296.3655,10345.9,8,True,67,9,11,47,342695->342696->342695->342700->343100->342865->342652->342116->342672->340587->342670->343657->342666->342663->342681->341587->341794->342634->340699->342632->343072->341795->341544->342072->342614->340597->342633->646354->340708->341541->341539->563187->341540->340697->343457->341546->344219->646319->563132->343774->343516->341492->340588->342606->342607->587988->342821->341768->646932->341500->341501->343078->647029->647031->647028->647033->342043->338909->338898->338897->340035->338396->338400->338399->338391->338773->613666->613667
rl_signal,od1_sinnonhyeon_suseo,long,off_peak,7.0,20,1516.9016,1276.6016,240.3001,1119.26,549.3046,9820.6,10,True,75,10,12,53,342695->342700->343100->342865->342652->342116->342672->340587->646667->646362->341982->342679->342669->563097->342673->646784->646782->341597->344261->341907->341605->341595->343103->341778->341593->344353->342694->563168->341608->341777->341565->341554->341551->341538->613852->344181->342630->342628->563165->341547->563166->341548->340707->343666->343075->341543->588052->341499->344500->342607->587988->342821->341768->646932->342820->341500->343341->343340->341501->343078->647029->647031->647028->647033->342043->338909->338898->338897->340035->338396->338400->338399->338391->338773->613666->613667
rl_signal,od1_sinnonhyeon_suseo,long,off_peak,7.0,21,1533.2715,1377.29,155.9815,1326.2534,356.5598,10825.6,5,True,68,9,10,49,342695->342700->343100->342865->342652->342116->342672->340587->342670->343657->342666->342663->342681->342617->342618->342632->343072->341795->341544->341796->343669->341798->342622->341797->341771->341545->340698->341540->340697->343457->341546->344219->646319->563132->343774->343516->341492->340588->342606->342607->587988->342821->341768->646932->341500->341501->341997->341493->341490->646358->341980->344745->344673->343077->338899->587863->340185->340186->338897->340035->340034->340035->338396->338400->338399->338391->338773->613666->613667
rl_signal,od1_sinnonhyeon_suseo,long,off_peak,7.0,22,1592.9948,1421.8502,171.1446,1326.7267,391.2213,11329.9,7,True,81,12,14,55,342695->342700->343100->342865->342652->342116->342672->340587->646667->646362->341982->342679->341983->342673->563097->342668->342152->343709->342152->342668->563097->342673->646784->646782->341597->344261->341907->341605->341595->343103->341778->341593->344353->342694->563168->341608->341777->341565->341554->341551->342640->342641->342642->646764->563119->563189->563191->341558->341518->341517->341516->341515->341519->341513->341520->646429->341507->613864->341494->563120->342611->343267->343341->341500->341501->343078->647029->647031->647028->647033->342043->338909->338898->338897->340035->338396->338400->338399->338391->338773->613666->613667
rl_signal,od1_sinnonhyeon_suseo,long,off_peak,7.0,23,1525.5254,1301.4192,224.1062,1104.8014,512.2869,10147.7,10,True,70,4,13,53,342695->342700->343100->342865->342652->342116->342672->340587->342670->343657->342666->342663->342681->342617->342618->342632->343072->341795->341544->341796->343669->341798->342622->341797->341771->341545->340698->341540->340697->343457->341546->344219->646319->563132->343774->343516->341492->340588->342606->342607->342608->342755->341769->341499->344500->342607->587988->342821->341768->646932->341500->341501->343078->647029->647031->647028->647033->342043->338909->338898->338897->340035->340034->340035->338396->338400->338399->338391->338773->613666->613667
rl_signal,od1_sinnonhyeon_suseo,long,off_peak,7.0,24,1341.7506,1226.7691,114.9816,1078.7195,262.8377,9941.8,6,True,66,6,11,49,342695->342700->343100->342865->342652->342116->342672->340587->342670->343657->342666->342663->342681->342617->342618->342632->343072->341795->341544->341796->343669->341798->342622->341797->341771->341545->340698->341540->340697->343457->341546->344219->646319->563132->343774->343516->341492->340588->342606->342607->587988->342821->341768->646932->341500->341501->343078->647029->647031->647028->647033->342043->338909->338898->338897->340035->338396->338400->338399->338391->338404->338405->338406->338391->338773->613666->613667
rl_signal,od1_sinnonhyeon_suseo,long,off_peak,7.0,25,2227.6872,2099.2872,128.4,1898.7573,293.5111,16102.0,7,True,77,7,9,61,342695->342700->343100->342865->342652->342116->342672->340587->342670->343657->342666->342663->342681->341587->341794->342634->340699->342632->343072->341795->341544->341796->343669->341798->342622->341797->341771->341545->340698->341540->340697->343457->341546->344219->646319->563132->343774->343516->341492->340588->342606->342607->587988->342821->341768->646932->341500->341501->343078->647029->647031->647028->647033->342043->338909->338898->338903->338886->338371->339984->338403->338372->338885->338904->339250->338899->587863->340185->340186->338897->340035->338396->338400->338399->338391->338773->613666->613667
rl_signal,od1_sinnonhyeon_suseo,long,off_peak,7.0,26,1310.2066,1125.7165,184.4901,1015.7167,421.728,9371.9,10,True,63,7,8,48,342695->342700->343100->342865->342652->342116->342672->340587->342670->343657->342666->342663->342681->342617->342618->343654->343653->343654->342618->343820->646558->340583->342072->342614->340597->342633->342626->344210->341542->341773->341547->563166->341548->340707->343666->343075->341543->588052->341499->344500->342607->587988->342821->341768->646932->341500->341501->343078->647029->647031->647028->647033->342043->338909->338898->338897->340035->338396->338400->338399->338391->338773->613666->613667
rl_signal,od1_sinnonhyeon_suseo,long,off_peak,7.0,27,1281.0641,1174.3053,106.7588,1037.9752,244.0411,9385.5,6,True,62,5,8,49,342695->342700->343100->342865->342652->342116->342672->340587->342670->343657->342666->342663->342681->342617->342618->342632->343072->341795->341544->341796->343669->341798->342622->341797->341771->341545->340698->341540->340697->343457->341546->344219->646319->563132->343774->343516->341492->340588->342606->342607->587988->342821->341768->646932->341500->341501->343078->647029->647031->647028->647033->342043->338909->338898->338897->340035->338396->338400->338399->338391->338773->613666->613667
rl_signal,od1_sinnonhyeon_suseo,long,off_peak,7.0,28,1314.8066,1114.9128,199.8938,992.5348,456.9394,9391.5,8,True,64,5,8,51,342695->342700->343100->342865->342652->342116->342672->340587->342670->343657->342666->342663->342681->341587->341794->342634->340699->342632->343072->341795->341544->341796->343669->341798->342622->341797->341771->341545->340698->341540->340697->343457->341546->344219->646319->563132->343774->343516->341492->340588->342606->342607->587988->342821->341768->646932->341500->341501->343078->647029->647031->647028->647033->342043->338909->338898->338897->340035->338396->338400->338399->338391->338773->613666->613667
rl_signal,od1_sinnonhyeon_suseo,long,off_peak,7.0,29,1339.4664,1221.3269,118.1395,1026.891,270.0565,9423.6,7,True,62,6,9,47,342695->342700->343100->342865->342652->342116->342672->340587->342670->343657->342666->342663->342681->341587->341794->342634->340699->342632->343072->341795->341544->341796->343669->341798->342622->341797->341771->341545->340698->341540->340697->343457->341546->344219->646319->563132->343774->343516->341492->340588->342606->342607->587988->342821->341768->646932->341500->341501->343078->647029->647030->342043->338909->338898->338897->340035->338396->338400->338399->338391->338773->613666->613667
rl_signal,od1_sinnonhyeon_suseo,long,off_peak,7.0,30,1406.2089,1216.0121,190.1968,1058.6024,434.773,9390.1,9,True,67,5,8,54,342695->342700->343100->342865->340641->340704->341588->341785->342116->342672->340587->342670->343657->342666->342663->342681->341587->341794->342634->340699->342632->343072->341795->341544->341796->343669->341798->342622->341797->341771->341545->340698->341540->340697->343457->341546->344219->646319->563132->343774->343516->341492->340588->342606->342607->587988->342821->341768->646932->341500->341501->343078->647029->647031->647028->647033->342043->338909->338898->338897->340035->338396->338400->338399->338391->338773->613666->613667
rl_signal,od1_sinnonhyeon_suseo,long,peak,8.0,1,1389.5635,1308.9512,80.6123,1224.9127,184.2725,10537.5,5,True,60,6,9,45,342695->342700->343100->342865->342652->342116->342672->340587->342670->343657->342666->342663->342681->342617->342618->343820->646558->340583->342072->341544->341796->343669->341798->342622->341797->341771->341545->340698->341540->340697->343457->341546->343780->342515->342812->343038->342776->342775->342773->341271->341491->342050->647032->647028->647033->342043->338909->338898->338897->340035->338396->338400->338399->338391->338773->613666->338611->613788->338395->338612->613667
rl_signal,od1_sinnonhyeon_suseo,long,peak,8.0,2,1293.1966,1232.9845,60.2121,1147.8635,137.6395,10502.4,4,True,56,6,9,41,342695->342700->343100->342865->342652->342116->342672->340587->342670->343657->342666->342663->342681->342617->342618->343820->646558->340583->342072->341544->341796->343669->341798->342622->341797->341771->341545->340698->341540->340697->343457->341546->343780->342515->342812->343038->342776->342775->342773->341271->341491->342050->647032->647028->647033->342043->338909->338898->338897->340035->338396->338400->338399->338391->338773->613666->613667
rl_signal,od1_sinnonhyeon_suseo,long,peak,8.0,3,1304.0865,1241.9792,62.1072,1165.3449,141.9716,10502.4,4,True,56,6,9,41,342695->342700->343100->342865->342652->342116->342672->340587->342670->343657->342666->342663->342681->342617->342618->343820->646558->340583->342072->341544->341796->343669->341798->342622->341797->341771->341545->340698->341540->340697->343457->341546->343780->342515->342812->343038->342776->342775->342773->341271->341491->342050->647032->647028->647033->342043->338909->338898->338897->340035->338396->338400->338399->338391->338773->613666->613667
rl_signal,od1_sinnonhyeon_suseo,long,peak,8.0,4,1322.9447,1196.4616,126.4831,1157.3996,289.1292,10365.7,4,True,55,5,8,42,342695->342700->343100->342865->342652->342116->342672->340587->342670->343657->342666->342663->342681->342617->342618->342632->343072->341795->341544->341796->343669->341798->342622->341797->341771->341545->340698->341540->340697->343457->341546->343780->342515->342812->343038->342776->342775->342773->341271->341491->342050->647032->647028->647033->342043->338909->338898->338897->340035->338396->338400->338399->338391->338773->613666->613667
rl_signal,od1_sinnonhyeon_suseo,long,peak,8.0,5,1378.6406,1317.4222,61.2184,1327.2081,139.9397,10502.4,4,True,56,6,9,41,342695->342700->343100->342865->342652->342116->342672->340587->342670->343657->342666->342663->342681->342617->342618->343820->646558->340583->342072->341544->341796->343669->341798->342622->341797->341771->341545->340698->341540->340697->343457->341546->343780->342515->342812->343038->342776->342775->342773->341271->341491->342050->647032->647028->647033->342043->338909->338898->338897->340035->338396->338400->338399->338391->338773->613666->613667
rl_signal,od1_sinnonhyeon_suseo,long,peak,8.0,6,1478.4347,1398.727,79.7077,1180.7308,182.2047,11109.3,4,True,53,6,9,38,342695->342700->343100->342865->342652->342116->342672->340587->342670->343657->342666->342663->342681->342617->342618->342632->343072->341795->341544->341796->343669->341798->342622->341797->341771->341545->340698->341540->340697->343457->341546->343780->342515->342516->342111->613883->340602->342772->563248->613949->344742->646964->344673->343077->338899->339250->338904->338885->338372->338404->338391->338773->613666->613667
rl_signal,od1_sinnonhyeon_suseo,long,peak,8.0,7,1332.8902,1296.5757,36.3145,1259.2374,83.0117,10789.5,3,True,60,6,11,43,342695->342700->343100->342865->342652->342116->342672->340587->342670->343657->342666->342665->342666->342663->342681->342617->342618->343820->646558->340583->342072->341544->341796->343669->341798->342622->341797->341771->341545->340698->341540->340697->343457->341546->343780->342515->342812->343038->342776->342775->342773->341271->341491->342050->647032->647028->647033->342043->338909->338898->338897->340035->338396->338397->338402->338405->338404->338391->338773->613666->613667
rl_signal,od1_sinnonhyeon_suseo,long,peak,8.0,8,1420.9468,1190.1768,230.77,1161.7946,527.5197,9961.6,9,True,74,8,12,54,342695->342700->343100->342865->342652->342116->342672->340587->342670->646668->646669->646666->646669->342669->563097->342673->646784->646782->341597->344261->341907->341605->341595->343103->341778->341593->344353->342694->563168->341608->341777->341565->341554->341551->341538->613852->344181->342630->342628->341542->341773->341547->563166->341548->340707->343666->343075->341543->588052->341499->344500->342607->587988->342821->341768->646932->341500->341501->343078->647029->647031->647028->647033->342043->338909->338898->338897->340035->338396->338400->338399->338391->338773->613666->613667
rl_signal,od1_sinnonhyeon_suseo,long,peak,8.0,9,1440.2907,1271.9612,168.3295,1314.3497,384.7862,10901.2,6,True,60,8,10,42,342695->342700->343100->342865->342652->342116->342672->342671->340702->341790->341589->341791->342678->342667->342662->342682->340582->343656->342632->343072->341795->341544->341796->343669->341798->342622->341797->341771->341545->341770->342619->646934->341802->341272->341800->342504->342505->342520->342526->341264->341262->342775->342773->341271->341491->342050->647032->647028->647033->342043->338909->338898->338897->340035->338396->338400->338399->338391->338773->613666->613667
rl_signal,od1_sinnonhyeon_suseo,long,peak,8.0,10,1434.5996,1302.8169,131.7827,1209.5006,301.2437,10365.7,4,True,55,5,8,42,342695->342700->343100->342865->342652->342116->342672->340587->342670->343657->342666->342663->342681->342617->342618->342632->343072->341795->341544->341796->343669->341798->342622->341797->341771->341545->340698->341540->340697->343457->341546->343780->342515->342812->343038->342776->342775->342773->341271->341491->342050->647032->647028->647033->342043->338909->338898->338897->340035->338396->338400->338399->338391->338773->613666->613667
rl_signal,od1_sinnonhyeon_suseo,long,peak,8.0,11,1295.2858,1216.8066,78.4792,1108.418,179.3965,10371.7,4,True,57,5,8,44,342695->342700->343100->342865->342652->342116->342672->340587->342670->343657->342666->342663->342681->341587->341794->342634->340699->342632->343072->341795->341544->341796->343669->341798->342622->341797->341771->341545->340698->341540->340697->343457->341546->343780->342515->342812->343038->342776->342775->342773->341271->341491->342050->647032->647028->647033->342043->338909->338898->338897->340035->338396->338400->338399->338391->338773->613666->613667
rl_signal,od1_sinnonhyeon_suseo,long,peak,8.0,12,1318.82,1255.9584,62.8615,1210.1675,143.6959,10365.7,4,True,55,5,8,42,342695->342700->343100->342865->342652->342116->342672->340587->342670->343657->342666->342663->342681->342617->342618->342632->343072->341795->341544->341796->343669->341798->342622->341797->341771->341545->340698->341540->340697->343457->341546->343780->342515->342812->343038->342776->342775->342773->341271->341491->342050->647032->647028->647033->342043->338909->338898->338897->340035->338396->338400->338399->338391->338773->613666->613667
rl_signal,od1_sinnonhyeon_suseo,long,peak,8.0,13,1532.7954,1273.5368,259.2586,1177.1848,592.6421,10613.6,8,True,62,7,10,45,342695->342700->343100->342865->342652->342116->341785->341588->341786->341583->342674->342675->342678->342667->341581->341792->342664->341793->341587->341794->342634->340699->342632->343072->341795->341544->341796->343669->341798->342622->341797->341771->341545->340698->341540->340697->343457->341546->343780->342515->342812->343038->342776->342775->342773->341271->341491->342050->647032->647028->647033->342043->338909->338898->338897->340035->338396->338400->338399->338391->338773->613666->613667
rl_signal,od1_sinnonhyeon_suseo,long,peak,8.0,14,1567.9761,1466.2281,101.748,1239.6465,232.5868,11938.0,5,True,64,9,11,44,342695->342700->343100->342865->342652->342116->342672->340587->342670->343657->342666->342663->342681->342617->342618->342632->343072->341795->341544->341796->343669->341798->342622->341797->341771->341545->340698->341540->340697->343457->341546->343780->342515->646346->646572->646573->646574->646572->646346->342515->343780->341546->342524->343662->342516->342111->613883->340602->342772->563248->613949->344742->646964->344673->343077->338899->339250->338904->338885->338372->338404->338391->338773->613666->613667
rl_signal,od1_sinnonhyeon_suseo,long,peak,8.0,15,1251.8567,1180.0713,71.7853,1131.2704,164.0949,10365.7,4,True,55,5,8,42,342695->342700->343100->342865->342652->342116->342672->340587->342670->343657->342666->342663->342681->342617->342618->342632->343072->341795->341544->341796->343669->341798->342622->341797->341771->341545->340698->341540->340697->343457->341546->343780->342515->342812->343038->342776->342775->342773->341271->341491->342050->647032->647028->647033->342043->338909->338898->338897->340035->338396->338400->338399->338391->338773->613666->613667
rl_signal,od1_sinnonhyeon_suseo,long,peak,8.0,16,1387.072,1330.2588,56.8132,1208.5405,129.8699,10812.7,4,True,59,6,10,43,342695->342700->343100->342865->342652->342116->342672->340587->342670->343657->342666->342663->342681->342617->342618->343820->646558->340583->342072->341544->341796->343669->341798->342622->341797->341771->341545->340698->341540->340697->343457->341546->343780->342515->342812->343038->342776->342775->342773->341271->341491->342050->647032->647028->647031->647032->647028->647033->342043->338909->338898->338897->340035->338396->338400->338399->338391->338773->613666->613667
rl_signal,od1_sinnonhyeon_suseo,long,peak,8.0,17,1398.7423,1292.9082,105.8341,1264.5773,241.9274,10784.6,5,True,58,7,9,42,342695->342696->342695->342700->343100->342865->342652->342116->342672->340587->342670->343657->342666->342663->342681->342617->342618->343820->646558->340583->342072->341544->341796->343669->341798->342622->341797->341771->341545->340698->341540->340697->343457->341546->343780->342515->342812->343038->342776->342775->342773->341271->341491->342050->647032->647028->647033->342043->338909->338898->338897->340035->338396->338400->338399->338391->338773->613666->613667
rl_signal,od1_sinnonhyeon_suseo,long,peak,8.0,18,1345.1323,1223.401,121.7313,1315.6594,278.267,10377.7,4,True,59,5,8,46,342695->342700->343100->342865->342652->342116->342672->340587->342670->343657->342666->341581->341792->342664->341793->341587->341794->342634->340699->342632->343072->341795->341544->341796->343669->341798->342622->341797->341771->341545->340698->341540->340697->343457->341546->343780->342515->342812->343038->342776->342775->342773->341271->341491->342050->647032->647028->647033->342043->338909->338898->338897->340035->338396->338400->338399->338391->338773->613666->613667
rl_signal,od1_sinnonhyeon_suseo,long,peak,8.0,19,1349.1366,1261.0048,88.1318,1258.0019,201.4614,10940.3,3,True,58,7,10,41,342695->342700->343100->342865->342652->342116->342672->340587->342670->343657->342666->342663->342681->342617->646583->342615->343819->342631->563095->342614->342072->341544->341796->343669->341798->342622->341797->341771->341545->340698->341540->340697->343457->341546->343780->342515->342812->343038->342776->342775->342773->341271->341491->342050->647032->647028->647033->342043->338909->338898->338897->340035->338396->338400->338399->338391->338773->613666->613667
rl_signal,od1_sinnonhyeon_suseo,long,peak,8.0,20,1293.9608,1219.3442,74.6166,1161.7054,170.567,10365.7,3,True,55,5,8,42,342695->342700->343100->342865->342652->342116->342672->340587->342670->343657->342666->342663->342681->342617->342618->342632->343072->341795->341544->341796->343669->341798->342622->341797->341771->341545->340698->341540->340697->343457->341546->343780->342515->342812->343038->342776->342775->342773->341271->341491->342050->647032->647028->647033->342043->338909->338898->338897->340035->338396->338400->338399->338391->338773->613666->613667
rl_signal,od1_sinnonhyeon_suseo,long,peak,8.0,21,1445.6622,1377.7168,67.9454,1220.6597,155.3171,11500.5,3,True,54,6,8,40,342695->342700->343100->342865->342652->342116->342672->340587->342670->343657->342666->342663->342681->342617->342618->342632->343072->341795->341544->341796->343669->341798->342622->341797->341771->341545->340698->341540->340697->343457->341546->343780->342515->342812->343038->342776->342775->341262->342772->563248->613949->344742->646964->344673->343077->338899->339250->338904->338885->338372->338404->338391->338773->613666->613667
rl_signal,od1_sinnonhyeon_suseo,long,peak,8.0,22,1421.2935,1368.6032,52.6903,1245.257,120.4453,11246.0,3,True,54,7,10,37,342695->342700->343100->342865->342652->342116->342672->340587->342670->343657->342666->342663->342681->342617->342618->343820->646558->340583->342072->341544->341796->343669->341798->342622->341797->341771->341545->340698->341540->340697->343457->341546->343780->342515->342516->342111->613883->340602->342772->563248->613949->344742->646964->344673->343077->338899->339250->338904->338885->338372->338404->338391->338773->613666->613667
rl_signal,od1_sinnonhyeon_suseo,long,peak,8.0,23,1404.4343,1348.2886,56.1457,1231.8245,128.344,11387.7,3,True,62,6,11,45,342695->342700->343100->342865->342652->342116->342672->340587->342670->343657->342666->342663->342681->342617->342618->343820->646558->340583->342072->341544->341796->343669->341798->342622->341797->341771->341545->340698->341540->340697->343457->341546->343780->342515->342812->343038->342776->342775->342773->341271->341491->342050->647032->647028->647033->342043->647030->647029->647031->647028->647033->342043->338909->338898->338897->340035->338396->338400->338399->338391->338773->613666->613667
rl_signal,od1_sinnonhyeon_suseo,long,peak,8.0,24,1389.2163,1290.6546,98.5618,1196.3339,225.3034,10686.2,5,True,63,7,9,47,342695->342700->343100->342865->342652->342116->342672->340587->342670->343657->342666->342663->342681->342617->342618->342632->343072->341795->341544->341796->343669->341798->342622->341797->341771->341545->340698->341540->340697->343457->341546->343780->342515->342812->343038->342776->342775->342773->341271->341491->342050->341490->341997->341501->343078->647029->647031->647028->647032->647031->647028->647033->342043->338909->338898->338897->340035->338396->338400->338399->338391->338773->613666->613667
rl_signal,od1_sinnonhyeon_suseo,long,peak,8.0,25,1387.0882,1321.3907,65.6975,1264.5997,150.1786,11071.9,4,True,59,8,9,42,342695->342700->343100->342865->342652->342116->342672->340587->342670->343657->342666->342663->342681->342617->342618->343820->646558->340583->342072->341544->341796->343669->341798->342622->341797->341771->341545->340698->341540->340697->343457->341546->343780->342515->342812->343038->342776->340602->342772->341262->342775->342773->341271->341491->342050->647032->647028->647033->342043->338909->338898->338897->340035->338396->338400->338399->338391->338773->613666->613667
rl_signal,od1_sinnonhyeon_suseo,long,peak,8.0,26,1421.3696,1356.8094,64.5602,1248.4352,147.5789,10718.6,4,True,61,6,11,44,342695->342700->343100->342865->340641->340704->341588->341785->342116->342672->340587->342670->343657->342666->342663->342681->342617->342618->343820->646558->340583->342072->341544->341796->343669->341798->342622->341797->341771->341545->340698->341540->340697->343457->341546->343780->342515->342812->343038->342776->342775->342773->341271->341491->342050->647032->647028->647033->342043->338909->338898->338897->340035->340034->340035->338396->338400->338399->338391->338773->613666->613667
rl_signal,od1_sinnonhyeon_suseo,long,peak,8.0,27,1359.2586,1296.372,62.8867,1218.2477,143.7533,10774.5,4,True,63,11,10,42,342695->342700->343100->342865->342652->342116->342672->340587->342670->343657->342666->342663->342681->342617->342618->342632->343072->341795->341544->341796->343669->341798->342622->341797->341771->341545->340698->341540->343074->646559->343074->341540->340697->343457->341546->343780->342515->342812->343038->342776->342775->342773->341271->341491->342050->647032->647028->647033->342043->338909->338898->338897->340035->338396->338400->338399->338398->646212->338400->338399->338391->338773->613666->613667
rl_signal,od1_sinnonhyeon_suseo,long,peak,8.0,28,1577.0595,1457.5431,119.5165,1235.7329,273.204,11361.6,4,True,56,7,12,37,342695->342700->343100->342865->342652->342116->342672->340587->342670->343657->342666->342663->342681->342617->342618->343820->646558->340583->342072->341544->341796->343669->646874->343669->341798->342622->341797->341771->341545->340698->341540->340697->343457->341546->343780->342515->342516->342111->613883->340602->342772->563248->613949->344742->646964->344673->343077->338899->339250->338904->338885->338372->338404->338391->338773->613666->613667
rl_signal,od1_sinnonhyeon_suseo,long,peak,8.0,29,1280.5238,1210.1517,70.3722,1124.7654,160.8646,10365.7,4,True,55,5,8,42,342695->342700->343100->342865->342652->342116->342672->340587->342670->343657->342666->342663->342681->342617->342618->342632->343072->341795->341544->341796->343669->341798->342622->341797->341771->341545->340698->341540->340697->343457->341546->343780->342515->342812->343038->342776->342775->342773->341271->341491->342050->647032->647028->647033->342043->338909->338898->338897->340035->338396->338400->338399->338391->338773->613666->613667
rl_signal,od1_sinnonhyeon_suseo,long,peak,8.0,30,1555.1532,1264.9972,290.156,1389.871,663.2709,10303.0,11,True,78,11,11,56,342695->342700->343100->342865->342652->342116->342672->340587->342670->646668->646669->342669->563097->342673->646784->646782->341597->344261->341907->341605->341595->343103->341778->341593->344353->342694->563168->341608->341777->341565->341554->341551->341538->613852->344181->342630->342628->563165->341547->341773->341542->342628->563165->341547->563166->341548->340707->343666->343075->341543->588052->341499->341492->340588->342606->342607->587988->342821->341768->646932->341500->341501->343078->647029->647031->647028->647033->342043->338909->338898->338897->340035->338396->338400->338399->338391->338773->613666->613667
rl_signal,od2_yangjae_yeongdong,long,off_peak,7.0,1,1038.9875,851.6556,187.3319,946.9737,428.2242,6644.6,9,True,54,5,4,45,338734->338736->338735->338272->339089->338990->340239->339744->339087->340330->340328->339088->339091->339090->338268->338262->339922->340140->339002->338922->646291->338226->339093->339128->341549->342639->341564->341562->341552->342644->613995->342640->342641->341775->343989->341774->341547->563166->341548->340707->343666->343075->341543->588052->341499->341492->343516->343774->563132->646319->344219->341546->343780->342515->342812
rl_signal,od2_yangjae_yeongdong,long,off_peak,7.0,2,1235.8701,1049.0323,186.8379,1159.0979,427.0948,7996.0,8,True,60,10,5,45,338734->338736->338735->338272->339089->338990->340239->339744->339087->340330->340328->339088->339091->339090->338268->338262->339922->340140->339002->338922->646291->338226->338252->338199->338224->342071->341571->341521->342613->646707->563094->342114->341515->341510->343158->343160->344191->344189->342755->341769->341499->341492->340588->342606->342607->587988->342821->341768->646932->342820->342610->341493->341490->342050->341491->341271->342773->342775->342776->343038->342812
rl_signal,od2_yangjae_yeongdong,long,off_peak,7.0,3,1083.6706,881.3219,202.3488,918.2739,462.5513,6803.5,10,True,56,9,8,39,338734->338736->338735->338272->339089->338990->340239->339744->339087->340330->340328->339088->339091->339090->338268->338262->338586->339132->338258->613662->339651->338651->339293->341572->340705->341555->342643->341561->341562->341564->342645->342148->342644->613995->342640->342641->341775->343989->341774->341547->341773->341542->344210->342626->342633->646354->340708->341541->341539->563187->341540->340697->343457->341546->343780->342515->342812
rl_signal,od2_yangjae_yeongdong,long,off_peak,7.0,4,1030.7236,837.901,192.8226,938.9746,440.7753,6749.7,10,True,50,7,7,36,338734->338736->338735->338272->339089->338990->340239->339744->339087->340330->340328->339088->339091->339090->338268->338262->338586->339132->338258->613662->339651->338651->339293->341572->588040->341557->342643->341561->341563->341553->341608->342649->341592->341591->342631->563095->342614->340597->342633->646354->340708->341541->341539->563187->341540->340697->343457->341546->343780->342515->342812
rl_signal,od2_yangjae_yeongdong,long,off_peak,7.0,5,1138.3085,883.2246,255.084,943.7777,583.0993,6613.4,9,True,55,6,5,44,338734->338736->338735->338272->339089->338990->340239->339744->339087->340330->340328->339088->339091->339090->338268->338262->338586->339132->338258->613662->339651->338651->339293->341572->588040->341557->342643->341561->341562->341552->342644->613995->342640->342641->341775->343989->341774->341547->563166->341548->340707->343666->343075->341543->588052->341499->341492->343516->343774->563132->646319->344219->341546->343780->342515->342812
rl_signal,od2_yangjae_yeongdong,long,off_peak,7.0,6,1098.7639,916.4338,182.3301,1107.464,416.7904,6682.4,9,True,54,8,2,44,338734->338736->338735->338272->339089->338990->340239->339744->339087->339745->339087->340330->340328->339088->339091->339090->338268->338262->339922->340140->339002->338922->646291->646290->646291->338226->338252->338199->338224->342071->341571->341521->342613->646707->563094->342114->341515->341510->343158->343160->344191->344189->342755->341769->341499->341492->343516->343774->563132->646319->344219->341546->343780->342515->342812
rl_signal,od2_yangjae_yeongdong,long,off_peak,7.0,7,1043.4852,925.9725,117.5127,913.0729,268.6237,6886.1,6,True,61,8,8,45,338734->338736->338735->338272->339089->338990->340239->339744->339087->340330->340328->339088->339091->339090->338268->338262->338586->339132->338258->613662->339651->339650->339651->338651->339293->341572->340705->341555->342643->341561->341562->341552->342644->613995->342640->342641->342642->646764->563119->563189->341512->646737->341511->342869->341510->343158->343160->344191->344189->342755->341769->341499->341492->343516->343774->563132->646319->344219->341546->343780->342515->342812
rl_signal,od2_yangjae_yeongdong,long,off_peak,7.0,8,941.0241,819.4098,121.6143,899.1893,277.9995,6508.0,7,True,50,4,2,44,338734->338736->338735->338272->339089->338990->340239->339744->339087->340330->340328->339088->339091->339090->338268->338262->339922->340140->339002->338922->646291->338226->338252->338199->338224->342071->341571->341521->342613->646707->563094->342114->341515->341510->343158->343160->344191->344189->342755->341769->341499->341492->343516->343774->563132->646319->344219->341546->343780->342515->342812
rl_signal,od2_yangjae_yeongdong,long,off_peak,7.0,9,1256.7204,1057.345,199.3754,1133.0288,455.7544,8138.7,10,True,67,14,8,45,338734->338736->338735->338272->339089->338990->340239->339744->339087->340330->340328->339088->339091->339090->338268->338262->338586->339132->338258->613662->339651->338651->339293->341572->340705->341555->342643->341561->341562->341552->342644->613995->342640->342641->341775->343989->341774->341547->563166->341548->340707->343666->343075->341543->588052->341499->341492->340588->342606->343673->342606->342607->587988->342821->341768->646932->342820->342610->341493->341490->342050->341491->341271->342773->342775->342776->343038->342812
rl_signal,od2_yangjae_yeongdong,long,off_peak,7.0,10,1000.3956,849.4687,150.9269,882.9926,345.0056,6752.4,9,True,50,8,8,34,338734->338736->338735->338272->339089->338990->340239->339744->339087->340330->340328->339088->339091->339090->338268->338262->338586->339132->338258->613662->339651->338651->339293->341572->340705->341555->342643->341561->341563->341553->341608->342649->341592->341591->342631->563095->342614->340597->342633->646354->340708->341541->341539->563187->341540->340697->343457->341546->343780->342515->342812
rl_signal,od2_yangjae_yeongdong,long,off_peak,7.0,11,1183.5663,1003.2827,180.2836,973.5759,412.1123,7442.9,8,True,70,14,11,45,338734->338736->338735->338272->339574->339014->338217->338104->338103->339026->340554->339013->339014->339574->338735->338272->339089->338990->340239->339744->339087->340330->340328->339088->339091->339090->338268->338262->338586->339132->338258->613662->339651->338651->339293->341572->340705->341555->342643->341561->341562->341552->342644->613995->342640->341551->341538->613852->344181->342630->342628->341542->344210->342626->342633->646354->340708->341541->341539->563187->341540->343074->342624->343074->341540->340697->343457->341546->343780->342515->342812
rl_signal,od2_yangjae_yeongdong,long,off_peak,7.0,12,1019.1986,821.2342,197.9644,904.1476,452.529,6616.1,9,True,55,7,6,42,338734->338736->338735->338272->339089->338990->340239->339744->339087->340330->340328->339088->339091->339090->338268->338262->338586->339132->338258->613662->339651->338651->339293->341572->340705->341555->342643->341561->341562->341552->342644->613995->342640->342641->341775->343989->341774->341547->563166->341548->340707->343666->343075->341543->588052->341499->341492->343516->343774->563132->646319->344219->341546->343780->342515->342812
rl_signal,od2_yangjae_yeongdong,long,off_peak,7.0,13,1737.718,1193.9437,543.7744,1262.3198,1243.0199,8849.1,18,True,89,14,7,68,338734->338736->338735->338272->339089->338990->340239->339744->339087->340330->340328->339088->339091->339090->338268->338262->338586->339132->338258->613662->339651->338651->339293->341572->588040->341557->342643->341561->341563->341553->341608->563168->342694->344353->341593->341778->343103->341595->341605->341594->341595->341605->341907->344261->341597->646782->646784->342673->563097->342669->646669->646668->342670->563070->340700->341581->341792->342664->341793->341587->342682->342662->342667->341581->341792->342664->341793->341587->341794->342634->340699->342632->343072->341795->341544->341796->343669->341798->342622->341797->341771->341545->340698->341540->340697->343457->341546->343780->342515->342812
rl_signal,od2_yangjae_yeongdong,long,off_peak,7.0,14,1278.5359,1056.7553,221.7806,1196.6938,506.9707,8061.5,9,True,67,9,10,48,338734->338736->338735->338272->339089->338990->340239->339744->339087->340330->340328->339088->339091->339090->338268->338262->339922->340140->339002->338922->339657->338655->340247->340245->338921->340159->339654->338999->338649->339127->338226->338252->338199->338224->342071->341571->341521->342613->646707->563094->342114->341515->341510->343158->343160->343159->341508->646563->341513->341519->343157->343158->343160->344191->344189->342755->341769->341499->341492->343516->343774->563132->646319->344219->341546->343780->342515->342812
rl_signal,od2_yangjae_yeongdong,long,off_peak,7.0,15,1077.9755,841.3596,236.6159,856.2361,540.8829,6584.1,8,True,67,11,8,48,338734->338736->338735->338272->339089->338990->339743->340334->339307->339893->339308->340139->338933->338631->339979->340332->338581->338269->338705->339116->339138->338582->338268->338583->587842->338768->338767->338254->339133->338229->338218->339571->338261->341734->341572->340705->341555->342643->341561->341562->341552->342644->613995->342640->342641->341775->343989->341774->341547->341773->341542->344210->342626->342633->646354->340708->341541->341539->563187->563186->563187->341540->340697->343457->341546->343780->342515->342812
rl_signal,od2_yangjae_yeongdong,long,off_peak,7.0,16,1074.804,886.4806,188.3234,968.5097,430.4906,6886.1,8,True,59,11,8,40,338734->338736->338735->338272->339089->338990->340239->339744->339087->340330->340328->340327->340328->339088->339091->339090->338268->338262->338586->339132->338258->613662->339651->338651->339293->341572->340705->341555->342643->341561->341562->341552->342644->613995->342640->342641->341775->343989->341774->341547->563166->341548->340707->343666->343075->341543->588052->341499->341492->343516->343774->563132->646319->344219->341546->342524->343662->342516->342515->342812
rl_signal,od2_yangjae_yeongdong,long,off_peak,7.0,17,1153.2248,891.195,262.0297,947.2735,598.9767,6746.7,12,True,55,8,8,39,338734->338736->338735->338272->339089->338990->340239->339744->339087->340330->340328->339088->339117->338775->338269->338705->339116->339138->338582->338268->338262->338586->339132->338258->613662->339651->338651->339293->341572->588040->341557->342643->341561->341563->341553->341608->342649->341592->341591->342631->563095->342614->340597->342633->646354->340708->341541->341539->563187->341540->340697->343457->341546->343780->342515->342812
rl_signal,od2_yangjae_yeongdong,long,off_peak,7.0,18,1271.2866,1011.014,260.2726,1001.7057,594.9601,7554.8,12,True,69,15,14,40,338734->338736->338735->338272->339089->338990->340239->339744->339087->339745->339087->340330->340328->339088->339091->339090->338268->338262->338586->339132->338258->613662->339651->338651->339293->341572->340705->341555->342643->341561->341562->341552->342644->613995->342640->342641->341775->343989->341774->341547->563166->341548->343667->343076->344198->344512->344515->344195->343075->341543->588052->341499->341492->343516->343774->563132->646319->646416->646353->344394->343664->646556->343664->344394->646353->342524->343662->342516->342515->342812
rl_signal,od2_yangjae_yeongdong,long,off_peak,7.0,19,1027.6208,930.7408,96.88,1125.1024,221.4591,7322.4,8,True,58,8,2,48,338734->338736->338735->338272->339089->338990->340239->339744->339087->340330->340328->339088->339091->339090->338268->338262->339922->340140->339002->338922->646291->338226->338252->338199->338224->342071->341571->341521->342613->646707->563094->342114->341515->341510->342869->341511->646737->341512->341517->341516->341515->341510->343158->343160->344191->344189->342755->341769->341499->341492->343516->343774->563132->646319->344219->341546->343780->342515->342812
rl_signal,od2_yangjae_yeongdong,long,off_peak,7.0,20,1057.8749,893.9853,163.8895,1012.556,374.637,6749.7,10,True,50,7,7,36,338734->338736->338735->338272->339089->338990->340239->339744->339087->340330->340328->339088->339091->339090->338268->338262->338586->339132->338258->613662->339651->338651->339293->341572->588040->341557->342643->341561->341563->341553->341608->342649->341592->341591->342631->563095->342614->340597->342633->646354->340708->341541->341539->563187->341540->340697->343457->341546->343780->342515->342812
rl_signal,od2_yangjae_yeongdong,long,off_peak,7.0,21,1025.7193,831.5806,194.1388,930.0137,443.784,6616.1,9,True,55,7,6,42,338734->338736->338735->338272->339089->338990->340239->339744->339087->340330->340328->339088->339091->339090->338268->338262->338586->339132->338258->613662->339651->338651->339293->341572->340705->341555->342643->341561->341562->341552->342644->613995->342640->342641->341775->343989->341774->341547->563166->341548->340707->343666->343075->341543->588052->341499->341492->343516->343774->563132->646319->344219->341546->343780->342515->342812
rl_signal,od2_yangjae_yeongdong,long,off_peak,7.0,22,910.2482,790.0803,120.1679,911.8839,274.6931,6508.0,6,True,50,4,2,44,338734->338736->338735->338272->339089->338990->340239->339744->339087->340330->340328->339088->339091->339090->338268->338262->339922->340140->339002->338922->646291->338226->338252->338199->338224->342071->341571->341521->342613->646707->563094->342114->341515->341510->343158->343160->344191->344189->342755->341769->341499->341492->343516->343774->563132->646319->344219->341546->343780->342515->342812
rl_signal,od2_yangjae_yeongdong,long,off_peak,7.0,23,946.3761,825.2071,121.169,907.1449,276.9815,6508.0,7,True,50,4,2,44,338734->338736->338735->338272->339089->338990->340239->339744->339087->340330->340328->339088->339091->339090->338268->338262->339922->340140->339002->338922->646291->338226->338252->338199->338224->342071->341571->341521->342613->646707->563094->342114->341515->341510->343158->343160->344191->344189->342755->341769->341499->341492->343516->343774->563132->646319->344219->341546->343780->342515->342812
rl_signal,od2_yangjae_yeongdong,long,off_peak,7.0,24,1069.5885,828.9394,240.6491,824.2756,550.1026,6688.5,9,True,54,10,8,36,338734->338736->338735->338272->339089->338990->340239->339744->339087->340330->340328->339088->339091->339090->338268->338262->338586->339132->338258->613662->339651->338651->339293->341572->340705->341555->342643->341561->341562->341552->342644->613995->342640->341551->341538->613852->344181->342630->342628->341542->344210->342626->342633->646354->340708->341541->341539->563187->341540->340697->343457->341546->343780->342515->342812
rl_signal,od2_yangjae_yeongdong,long,off_peak,7.0,25,1265.0535,1078.7584,186.2951,1156.6483,425.854,8464.6,8,True,71,17,11,43,338734->338736->338735->338272->339089->338990->340239->339744->339087->340330->340328->339088->339091->339090->338268->338262->338586->339132->338258->613662->339651->338651->339293->341572->340705->341555->342643->341561->341562->341564->342645->342148->342644->613995->342640->342641->341775->343989->341774->341547->563166->341548->340707->343666->343075->341543->588052->341499->341492->340588->342606->342607->587988->342821->341768->646932->342820->342610->341493->341997->341490->341493->341997->341490->342050->341491->341271->342773->342775->342776->343038->342812
rl_signal,od2_yangjae_yeongdong,long,off_peak,7.0,26,1029.8794,868.682,161.1973,1023.758,368.4828,6749.7,8,True,50,7,7,36,338734->338736->338735->338272->339089->338990->340239->339744->339087->340330->340328->339088->339091->339090->338268->338262->338586->339132->338258->613662->339651->338651->339293->341572->588040->341557->342643->341561->341563->341553->341608->342649->341592->341591->342631->563095->342614->340597->342633->646354->340708->341541->341539->563187->341540->340697->343457->341546->343780->342515->342812
rl_signal,od2_yangjae_yeongdong,long,off_peak,7.0,27,1075.9804,878.813,197.1675,931.81,450.7073,6708.1,9,True,55,10,8,37,338734->338736->338735->338272->339089->338990->340239->339744->339087->340330->340328->339088->339091->339090->338268->338262->338586->339132->338258->613662->339651->338651->339293->341572->340705->341555->342643->341561->341562->341552->342644->613995->342640->342641->341775->343989->341774->341547->563165->342628->341542->344210->342626->342633->646354->340708->341541->341539->563187->341540->340697->343457->341546->343780->342515->342812
rl_signal,od2_yangjae_yeongdong,long,off_peak,7.0,28,1195.3986,972.058,223.3406,1028.6386,510.5367,7804.8,11,True,66,10,10,46,338734->338736->338735->338272->339089->338990->340239->339744->339087->340330->340328->339088->339091->339090->338268->338262->339922->340140->339002->338922->646291->338226->339127->338649->338999->339810->339807->339656->338655->339657->338922->646291->338226->339093->339128->341549->342639->341564->341562->341552->342644->613995->613994->613995->342640->341551->341538->613852->344181->342630->342628->341542->344210->342626->342633->646354->340708->341541->341539->563187->341540->340697->343457->341546->343780->342515->342812
rl_signal,od2_yangjae_yeongdong,long,off_peak,7.0,29,1037.0474,867.1126,169.9348,978.2204,388.4559,6644.6,7,True,54,5,4,45,338734->338736->338735->338272->339089->338990->340239->339744->339087->340330->340328->339088->339091->339090->338268->338262->339922->340140->339002->338922->646291->338226->339093->339128->341549->342639->341564->341562->341552->342644->613995->342640->342641->341775->343989->341774->341547->563166->341548->340707->343666->343075->341543->588052->341499->341492->343516->343774->563132->646319->344219->341546->343780->342515->342812
rl_signal,od2_yangjae_yeongdong,long,off_peak,7.0,30,1117.3174,944.969,172.3484,1016.518,393.9731,7042.5,6,True,74,13,13,48,338734->338736->338735->338272->339089->338990->339743->340334->339307->339893->339308->340139->338933->338631->339979->340332->338581->338269->338580->339112->339947->339096->338710->338991->339115->338205->338998->340121->338997->645954->645955->645954->339806->646068->338655->339657->338922->646291->338226->339093->339128->341549->342639->341564->341562->341552->342644->613995->342640->342641->341775->343989->341774->341547->563166->341548->340707->343666->343075->341543->588052->341499->341492->343516->343774->563132->646319->344219->341546->343780->342515->342516->342111->343038->342812
rl_signal,od2_yangjae_yeongdong,long,peak,8.0,1,1093.7465,901.0466,192.6999,1019.5552,440.4948,6855.8,7,True,62,10,9,43,338734->338736->338735->338272->339089->338990->339743->340334->339307->338934->338933->338631->339979->340332->338581->338269->338705->339116->339138->338582->338268->338583->587842->338768->338767->338254->339133->338229->340484->339098->342073->342687->341600->342685->341607->344213->343102->341557->342643->341561->341563->341553->341608->342649->341592->341591->342631->563095->342614->340597->342633->646354->340708->341541->341539->563187->341540->340697->343457->341546->343780->342515->342812
rl_signal,od2_yangjae_yeongdong,long,peak,8.0,2,1518.3748,1196.0347,322.3401,1376.2896,736.8408,9108.7,13,True,87,19,14,54,338734->338736->338735->338272->339089->338990->339743->340334->339307->338934->338933->338631->339979->340332->338581->338269->338705->339116->339138->338582->338268->338583->587842->338768->338767->338254->339133->338229->340484->339098->342073->342687->341600->342685->341607->344213->343102->341557->342643->341555->341736->341568->341561->341562->341552->342644->613995->342640->341551->341538->613852->344181->342630->342628->341542->344210->342626->342633->646354->340708->341541->341539->563187->341540->340698->341545->341772->646612->341541->341539->563187->341540->340698->341545->341770->342619->646934->341802->341272->341800->342504->342505->342520->342526->341713->341711->341263->342812
rl_signal,od2_yangjae_yeongdong,long,peak,8.0,3,1527.3838,1220.2195,307.1643,1414.0627,702.1503,9432.6,14,True,81,12,12,57,338734->338736->338735->338272->339089->339746->340118->339743->340334->339307->338934->338933->338631->339979->340332->338581->338269->338705->339116->339138->338582->338268->338583->587842->338768->338767->338254->339133->338229->340484->339098->342073->342687->341600->342685->341607->344213->343102->341557->342643->341561->341563->341553->341608->342649->341592->341591->342631->563095->342614->340597->342633->342626->342629->342630->344181->613852->341538->341551->342640->342641->341775->343989->341774->341547->341773->341542->344210->342626->342633->646354->340708->341541->341539->563187->341540->340697->343457->341546->343780->342515->342812
rl_signal,od2_yangjae_yeongdong,long,peak,8.0,4,1166.6264,986.095,180.5314,1187.1318,412.6788,7335.4,8,True,71,10,7,54,338734->338736->338735->338272->339574->339014->338217->338104->338103->339026->340326->339052->339028->339027->338133->338815->338250->646103->339088->339117->338775->338269->338705->339116->339138->338582->338268->338262->339922->340140->339002->338922->339657->338655->339656->339655->339656->339807->339810->338999->338649->339127->338226->338252->338199->338224->342071->341571->341521->342613->646707->563094->342114->341515->341510->343158->343160->344191->344189->342755->341769->341499->341492->343516->343774->563132->646319->344219->341546->343780->342515->342812
rl_signal,od2_yangjae_yeongdong,long,peak,8.0,5,1004.1709,870.4288,133.742,1012.3506,305.7224,6855.8,10,True,62,10,9,43,338734->338736->338735->338272->339089->338990->339743->340334->339307->338934->338933->338631->339979->340332->338581->338269->338705->339116->339138->338582->338268->338583->587842->338768->338767->338254->339133->338229->340484->339098->342073->342687->341600->342685->341607->344213->343102->341557->342643->341561->341563->341553->341608->342649->341592->341591->342631->563095->342614->340597->342633->646354->340708->341541->341539->563187->341540->340697->343457->341546->343780->342515->342812
rl_signal,od2_yangjae_yeongdong,long,peak,8.0,6,999.8254,844.9899,154.8355,958.455,353.9402,6855.8,9,True,62,10,9,43,338734->338736->338735->338272->339089->338990->339743->340334->339307->338934->338933->338631->339979->340332->338581->338269->338705->339116->339138->338582->338268->338583->587842->338768->338767->338254->339133->338229->340484->339098->342073->342687->341600->342685->341607->344213->343102->341557->342643->341561->341563->341553->341608->342649->341592->341591->342631->563095->342614->340597->342633->646354->340708->341541->341539->563187->341540->340697->343457->341546->343780->342515->342812
rl_signal,od2_yangjae_yeongdong,long,peak,8.0,7,1021.063,873.6754,147.3876,990.9782,336.9149,6855.8,10,True,62,10,9,43,338734->338736->338735->338272->339089->338990->339743->340334->339307->338934->338933->338631->339979->340332->338581->338269->338705->339116->339138->338582->338268->338583->587842->338768->338767->338254->339133->338229->340484->339098->342073->342687->341600->342685->341607->344213->343102->341557->342643->341561->341563->341553->341608->342649->341592->341591->342631->563095->342614->340597->342633->646354->340708->341541->341539->563187->341540->340697->343457->341546->343780->342515->342812
rl_signal,od2_yangjae_yeongdong,long,peak,8.0,8,1038.5906,888.5466,150.0439,976.9234,342.9871,7115.3,6,True,63,12,10,41,338734->338736->338735->338272->339089->338990->340239->339744->339087->340330->340328->339088->339091->339090->338268->338583->587842->338768->338767->338254->339133->338229->340484->339098->342073->342687->341600->342685->341607->344213->343102->341557->342643->341555->341736->341568->341561->341562->341552->342644->613995->342640->341551->341538->613852->344181->342630->342628->341542->344210->342626->342633->646354->340708->341541->341539->563187->341540->340697->343457->341546->343780->342515->342812
rl_signal,od2_yangjae_yeongdong,long,peak,8.0,9,1198.6749,926.3921,272.2827,1008.6138,622.4142,7093.3,11,True,66,11,10,45,338734->338736->338735->338272->339574->339014->338217->338104->338103->339026->340326->339052->339028->339027->338133->338815->338250->646103->339088->339117->338775->338269->338705->339116->339138->338582->338268->338262->338586->339132->338258->613662->339651->338651->339293->341572->588040->341557->342643->341561->341563->341553->341554->341565->340710->341776->341538->613852->344181->342630->342628->341542->344210->342626->342633->646354->340708->341541->341539->563187->341540->340697->343457->341546->343780->342515->342812
rl_signal,od2_yangjae_yeongdong,long,peak,8.0,10,1140.6549,882.6893,257.9656,1043.6922,589.6865,6711.3,10,True,54,9,7,38,338734->338736->338735->338272->339089->338990->340239->339744->339087->340330->340328->339088->339091->339090->338268->338262->338586->339132->338258->613662->339651->338651->339293->341572->588040->341557->342643->341561->341563->341553->341554->341565->340710->341776->341538->613852->344181->342630->342628->341542->344210->342626->342633->646354->340708->341541->341539->563187->341540->340697->343457->341546->343780->342515->342812
rl_signal,od2_yangjae_yeongdong,long,peak,8.0,11,1512.3634,1352.6103,159.7531,1488.7987,365.1814,10097.8,11,True,99,20,13,66,338734->338736->338735->338272->339089->338990->339743->340334->339307->338934->338933->338631->339979->340332->338581->338269->338705->339116->339138->338582->338268->338583->587842->338768->338767->338254->339133->338229->340484->339098->342073->342687->341600->342685->341607->344213->343102->341557->588040->341572->340705->341555->341556->342153->343109->613772->339003->339662->341549->342639->341564->341562->341552->342644->613995->342640->341551->341538->613852->344181->342630->342628->341542->344210->342626->342633->646354->340708->341541->341539->563187->341540->340697->343457->341546->344219->646319->563132->343774->343516->341492->340588->342606->342607->587988->342821->341768->646932->342820->342610->341493->341490->342050->341491->341271->342773->342775->342776->343038->342812
rl_signal,od2_yangjae_yeongdong,long,peak,8.0,12,1205.0392,946.0855,258.9538,1023.9959,591.9454,6935.9,10,True,71,9,9,53,338734->338736->338735->338272->339089->338990->339743->340334->339307->339893->339308->340139->338933->338631->339979->340332->338581->338269->338705->339116->339138->338582->338268->338583->587842->338768->338767->338254->339133->338229->340484->339098->342073->342687->341600->342685->341607->344213->343102->341557->342643->341561->341563->341553->341608->342649->341592->341591->342631->343819->344184->343820->342618->342632->343072->341795->341544->341796->343669->341798->342622->341797->341771->341545->340698->341540->340697->343457->341546->343780->342515->342812
rl_signal,od2_yangjae_yeongdong,long,peak,8.0,13,1114.2696,919.4095,194.8601,1039.7046,445.433,7370.2,7,True,59,12,11,36,338734->338736->338735->339574->338272->339089->338990->339743->340334->339307->338934->339087->340330->340328->339088->339091->339090->338268->338583->587842->338768->338767->338254->339133->338229->340484->339098->342073->342687->341600->342685->341607->344213->343102->341557->342643->341561->341563->341553->341608->342649->341592->341591->342631->563095->342614->340597->342633->646354->340708->341541->341539->563187->341540->340697->343457->341546->343780->342515->342812
rl_signal,od2_yangjae_yeongdong,long,peak,8.0,14,1101.9978,933.7236,168.2742,1092.014,384.6598,7088.2,9,True,72,12,12,48,338734->338736->338735->338272->339089->338990->339743->340336->339743->340334->339307->338934->338933->338631->339979->340332->338581->338269->338705->339116->339138->338582->338268->338583->587842->338768->338767->338254->339133->338229->340484->339098->342073->342687->341600->342685->341607->344213->343102->341557->342643->341555->341736->341568->341735->341564->341562->341552->342644->613995->342640->341551->341538->613852->344181->342630->342628->341542->344210->342626->342633->646354->340708->341541->341539->563187->341540->340697->343457->341546->343780->342515->342812
rl_signal,od2_yangjae_yeongdong,long,peak,8.0,15,1101.71,898.4649,203.2451,1003.2647,464.6003,6884.2,9,True,64,10,11,43,338734->338736->338735->338272->339089->338990->339743->340334->340335->340334->339307->338934->338933->338631->339979->340332->338581->338269->338705->339116->339138->338582->338268->338583->587842->338768->338767->338254->339133->338229->340484->339098->342073->342687->341600->342685->341607->344213->343102->341557->342643->341561->341563->341553->341608->342649->341592->341591->342631->563095->342614->340597->342633->646354->340708->341541->341539->563187->341540->340697->343457->341546->343780->342515->342812
rl_signal,od2_yangjae_yeongdong,long,peak,8.0,16,1080.045,874.1377,205.9074,995.5168,470.6859,6951.8,8,True,54,9,9,36,338734->338736->338735->338272->339089->338990->340239->339744->339087->340330->340328->339088->339091->339090->338268->338262->338586->339132->338258->613662->339651->338651->562919->562884->613773->613772->343109->342153->341556->341555->342643->341561->341563->341553->341608->342649->341592->341591->342631->563095->342614->340597->342633->646354->340708->341541->341539->563187->341540->340697->343457->341546->343780->342515->342812
rl_signal,od2_yangjae_yeongdong,long,peak,8.0,17,1204.7797,969.2931,235.4866,1092.4803,538.3015,7664.0,13,True,70,12,8,50,338734->338736->338735->338272->339089->338990->340239->339744->339087->338934->338933->338631->339979->340332->338581->338269->338705->339116->339138->338582->338268->338583->587842->338768->338767->338254->339133->338229->340484->339098->342073->342687->341600->342685->341607->344213->343102->341557->342643->341561->341563->341553->341608->342649->341592->341591->342631->563095->342614->340597->342633->646354->340708->341541->341539->563187->341540->340698->341545->341772->646612->341541->341539->563187->341540->340697->343457->341546->343780->342515->342812
rl_signal,od2_yangjae_yeongdong,long,peak,8.0,18,1019.1415,868.4099,150.7316,1084.7641,344.5591,6415.8,9,True,56,7,4,45,338734->338736->338735->338272->339089->338990->339743->340334->339307->338934->338933->338631->339979->340332->338581->338269->338705->339116->339138->338582->338268->338262->339922->340140->339002->338922->646291->338226->338252->338199->338224->342071->341571->341521->342613->646707->563094->342114->341515->341510->343158->343160->344191->344189->342755->341769->341499->341492->343516->343774->563132->646319->344219->341546->343780->342515->342812
rl_signal,od2_yangjae_yeongdong,long,peak,8.0,19,1112.2204,896.6568,215.5637,978.6084,492.7594,6743.7,11,True,59,10,9,40,338734->338736->338735->338272->339089->338990->339743->340334->339307->338934->338933->338631->339979->340332->338581->338269->338705->339116->339138->338582->338268->338583->587842->338768->338767->338254->339133->338229->338218->339571->338261->341734->341572->340705->341555->342643->341561->341563->341553->341608->342649->341592->341591->342631->563095->342614->340597->342633->646354->340708->341541->341539->563187->341540->340697->343457->341546->343780->342515->342812
rl_signal,od2_yangjae_yeongdong,long,peak,8.0,20,1110.1496,909.6313,200.5183,1005.2781,458.3671,6927.7,10,True,69,10,9,50,338734->338736->338735->338272->339089->338990->339743->340334->339307->338934->338933->338631->339979->340332->338581->338269->338705->339116->339138->338582->338268->338583->587842->338768->338767->338254->339133->338229->340484->339098->342073->342687->341600->342685->341607->344213->343102->341557->342643->341561->341563->341553->341608->342649->341592->341591->342631->343819->344184->343820->342618->342632->343072->341795->341544->341796->343669->341798->342622->341797->341771->341545->340698->341540->340697->343457->341546->343780->342515->342812
rl_signal,od2_yangjae_yeongdong,long,peak,8.0,21,1166.0627,911.1025,254.9601,1048.063,582.8162,6861.9,9,True,67,11,9,47,338734->338736->338735->338272->339089->339746->340118->339743->340334->339307->338934->338933->338631->339979->340332->338581->338269->338705->339116->339138->338582->338268->338583->587842->338768->338767->338254->339133->338229->340484->339098->342073->342687->341600->342685->341607->344213->343102->341557->342643->341561->341563->341553->341554->341565->340710->341776->341538->613852->344181->342630->342628->341542->344210->342626->342633->646354->340708->341541->341539->563187->341540->340697->343457->341546->343780->342515->342812
rl_signal,od2_yangjae_yeongdong,long,peak,8.0,22,1106.6258,911.6193,195.0065,1025.2388,445.7675,6892.8,6,True,65,10,9,46,338734->338736->338735->338272->339089->338990->339743->340334->339307->338934->338933->338631->339979->340332->338581->338269->338705->339116->339138->338582->338268->338583->587842->338768->338767->338254->339133->338229->340484->339098->342073->342687->341600->342685->341607->344213->343102->341557->342643->341561->341563->341553->341608->342649->341592->341591->342631->563095->340583->342072->341544->341796->343669->341798->342622->341797->341771->341545->340698->341540->340697->343457->341546->343780->342515->342812
rl_signal,od2_yangjae_yeongdong,long,peak,8.0,23,1121.2042,972.6897,148.5145,1130.206,339.4909,7328.4,9,True,69,12,11,46,338734->338736->338735->338272->339089->338990->339743->340334->339307->338934->338933->338631->339979->340332->338581->338269->338705->339116->339138->338582->338268->338583->587842->338768->338767->338254->339133->338229->340484->339098->342073->342687->341600->342074->338219->338218->339094->338258->613662->339651->338651->339293->341572->340705->341555->342643->341561->341563->341553->341608->342649->341592->341591->342631->563095->342614->340597->342633->646354->340708->341541->341539->563187->341540->340697->343457->341546->343780->342515->342812
rl_signal,od2_yangjae_yeongdong,long,peak,8.0,24,1114.1861,939.196,174.9901,1076.7997,400.0119,7181.0,8,True,69,11,12,46,338734->338736->338735->338272->339089->338990->339743->340334->339307->338934->338933->338631->339979->340332->338581->338269->338705->339116->339138->338582->338268->338583->587842->338768->338767->338254->339133->338229->340192->338267->338585->562917->338230->646176->339098->342073->342687->341600->342685->341607->344213->343102->341557->342643->341561->341563->341553->341608->342649->341592->341591->342631->563095->342614->340597->342633->646354->340708->341541->341539->563187->563188->563187->341540->340697->343457->341546->343780->342515->342812
rl_signal,od2_yangjae_yeongdong,long,peak,8.0,25,1248.237,1040.4794,207.7576,1154.8324,474.9154,7548.2,9,True,82,14,17,51,338734->338736->338735->338272->339089->338990->339743->340334->339307->338934->338933->338631->339979->340332->338581->338269->338705->339116->339138->338582->338268->338583->587842->338768->338767->338254->338926->646136->338920->613766->613767->338253->339069->339134->338230->562917->338585->338267->338803->613768->338253->339069->339134->338230->646176->339098->342073->342687->341600->342685->341607->344213->343102->341557->342643->341561->341562->341552->342644->613995->342640->341551->341538->613852->344181->342630->342628->341542->344210->342626->342633->646354->340708->341541->341539->563187->341540->340697->343457->341546->343780->342515->342812
rl_signal,od2_yangjae_yeongdong,long,peak,8.0,26,1086.3969,877.5714,208.8255,999.0847,477.3565,6855.8,10,True,62,10,9,43,338734->338736->338735->338272->339089->338990->339743->340334->339307->338934->338933->338631->339979->340332->338581->338269->338705->339116->339138->338582->338268->338583->587842->338768->338767->338254->339133->338229->340484->339098->342073->342687->341600->342685->341607->344213->343102->341557->342643->341561->341563->341553->341608->342649->341592->341591->342631->563095->342614->340597->342633->646354->340708->341541->341539->563187->341540->340697->343457->341546->343780->342515->342812
rl_signal,od2_yangjae_yeongdong,long,peak,8.0,27,1099.3544,885.7691,213.5853,980.9737,488.237,6775.7,11,True,60,11,10,39,338734->338736->338735->339574->338272->339089->338990->339743->340334->339307->338934->338933->338631->339979->340332->338581->338269->338705->339116->339138->338582->338268->338583->587842->338768->338767->338254->339133->338229->338218->339571->338261->341734->341572->340705->341555->342643->341561->341563->341553->341608->342649->341592->341591->342631->563095->342614->340597->342633->646354->340708->341541->341539->563187->341540->340697->343457->341546->343780->342515->342812
rl_signal,od2_yangjae_yeongdong,long,peak,8.0,28,1102.0465,896.0366,206.0098,1003.1946,470.9202,6895.0,11,True,64,10,11,43,338734->338736->338735->338272->339089->338990->339743->340334->339307->338934->338933->338631->339979->340332->338581->338269->338705->339116->339138->338582->338268->338583->587842->338768->338767->338254->339133->338229->340484->339098->342073->342687->341600->342685->341607->344213->344212->344213->343102->341557->342643->341561->341563->341553->341608->342649->341592->341591->342631->563095->342614->340597->342633->646354->340708->341541->341539->563187->341540->340697->343457->341546->343780->342515->342812
rl_signal,od2_yangjae_yeongdong,long,peak,8.0,29,1172.9806,928.4654,244.5152,1064.4605,558.9401,6791.9,8,True,66,12,9,45,338734->338736->338735->338272->339089->338990->339743->340334->339307->338934->338933->338631->339979->340332->338581->338269->338705->339116->339138->338582->338268->338583->587842->338768->338767->338254->339133->338229->340484->339098->342073->342687->341600->342685->341607->344213->343102->341557->342643->341561->341562->341552->342644->613995->342640->341551->341538->613852->344181->342630->342628->341542->344210->342626->342633->646354->340708->341541->341539->563187->341540->340697->343457->341546->343780->342515->342812
rl_signal,od2_yangjae_yeongdong,long,peak,8.0,30,1145.4645,944.956,200.5086,1055.8889,458.3448,7159.5,9,True,67,13,10,44,338734->338736->338735->338272->339089->338990->339743->340334->339307->338934->338933->338631->339979->340332->338581->338269->338705->339116->339138->338582->338268->338583->587842->338768->338767->338254->339133->338229->338218->339571->338261->563143->588038->341607->344213->343102->341557->342643->341561->341563->341553->341608->342649->341592->341591->342631->563095->342614->342072->341544->341796->343669->341798->342622->341797->341771->341545->340698->341540->340697->343457->341546->343780->342515->342516->342111->343038->342812
rl_signal,od3_segok_samsung,long,off_peak,7.0,1,1494.4246,1266.7662,227.6584,1317.2797,520.4068,10071.3,9,True,55,7,8,40,340301->340456->340502->339357->340403->340354->562878->340407->340410->340436->340411->340437->340417->340416->562979->340413->340439->340414->340415->340237->338931->340027->613620->613748->339941->646276->646278->646249->338395->338612->613667->613666->338773->338391->338399->338400->338396->340035->338897->338898->338909->342043->647033->647028->647031->647029->343078->341501->343340->344393->341506->341507->341508->343159->340646->341509
rl_signal,od3_segok_samsung,long,off_peak,7.0,2,1463.4014,1159.5642,303.8372,935.8081,694.5448,8578.5,9,True,51,4,6,41,340301->340456->340502->340560->646141->587890->587891->339558->339337->111369->562926->111366->111357->111365->338931->340027->613620->613748->339941->646275->646277->613750->613789->613788->338611->613666->338773->338391->338404->338405->338402->338397->338396->340035->338897->338898->338909->342043->647033->647028->647031->647029->343078->341501->343340->344393->341506->341507->341508->343159->340646->341509
rl_signal,od3_segok_samsung,long,off_peak,7.0,3,1263.0127,1090.4695,172.5433,871.1678,394.4186,8581.0,7,True,49,4,6,39,340301->340456->340502->340560->646141->587890->587891->339558->339337->111369->562926->111366->111357->111365->338931->340027->613620->613748->339941->646275->646277->613750->613789->613788->338611->613666->338773->338391->338399->338400->338396->340035->338897->338898->338909->342043->647033->647028->647031->647029->343078->341501->343340->344393->341506->341507->341508->343159->340646->341509
rl_signal,od3_segok_samsung,long,off_peak,7.0,4,1294.9151,1053.9908,240.9243,925.7552,550.7315,8786.0,9,True,51,6,6,39,340301->340456->340502->340560->646141->587890->587891->339558->339337->111369->562926->111366->111357->111365->338931->340027->613620->613619->613620->613748->339941->646275->646277->613750->613789->613788->338611->613666->338773->338391->338399->338400->338396->340035->338897->338898->338909->342043->647033->647028->647031->647029->343078->341501->343340->344393->341506->341507->341508->343159->340646->341509
rl_signal,od3_segok_samsung,long,off_peak,7.0,5,1289.99,1068.4488,221.5412,942.6935,506.4235,8581.0,8,True,49,4,6,39,340301->340456->340502->340560->646141->587890->587891->339558->339337->111369->562926->111366->111357->111365->338931->340027->613620->613748->339941->646275->646277->613750->613789->613788->338611->613666->338773->338391->338399->338400->338396->340035->338897->338898->338909->342043->647033->647028->647031->647029->343078->341501->343340->344393->341506->341507->341508->343159->340646->341509
rl_signal,od3_segok_samsung,long,off_peak,7.0,6,1220.0691,1070.4581,149.611,937.9699,341.9975,8947.5,5,True,50,5,4,41,340301->340393->340207->338517->338516->646042->587906->587891->339558->339337->111369->562926->111366->111357->111365->338931->340027->613620->613748->339941->646275->646277->613750->613789->613788->338611->613666->338773->338391->338399->338400->338396->340035->338897->338898->338909->342043->647033->647028->647031->647029->343078->341501->343340->344393->341506->341507->341508->343159->340646->341509
rl_signal,od3_segok_samsung,long,off_peak,7.0,7,1398.6417,1238.0112,160.6305,929.7306,367.187,9382.0,6,True,58,5,13,40,340301->340456->340502->340560->646141->587890->587891->339558->339337->111369->562926->111366->111357->111365->338931->340027->613620->613748->339941->646275->339942->339941->646276->646278->646277->613750->613789->613788->338611->613666->338773->338391->338399->338400->338396->646285->338401->338402->338397->338396->340035->338897->338898->338909->342043->647033->647028->647031->647029->343078->341501->343340->344393->341506->341507->341508->343159->340646->341509
rl_signal,od3_segok_samsung,long,off_peak,7.0,8,1782.7489,1428.5646,354.1843,1203.838,809.6339,10022.5,12,True,61,6,11,44,340301->340456->340502->340560->646141->587890->587891->339558->339337->111369->562926->111366->111357->111365->338931->340027->613620->613748->339941->646275->646277->613750->613789->613788->338611->613666->338773->338391->338399->338400->338396->340035->338897->338898->338909->342043->647030->647029->343078->341501->343340->344393->341506->341507->613864->341494->563120->342611->343267->342821->341768->646932->341500->341501->343340->344393->341506->341507->341508->343159->340646->341509
rl_signal,od3_segok_samsung,long,off_peak,7.0,9,1315.044,1052.7339,262.3101,844.3878,599.6177,8581.5,8,True,50,4,6,40,340301->340456->340502->340560->646141->587890->587891->339558->339337->111369->562926->111366->111357->111365->338931->340027->613620->613748->339941->646275->646277->613750->613789->613788->338611->613666->338773->338391->338399->338400->338396->340035->338897->338898->338909->342043->647033->647028->647032->647031->647029->343078->341501->343340->344393->341506->341507->341508->343159->340646->341509
rl_signal,od3_segok_samsung,long,off_peak,7.0,10,1692.3308,1262.1528,430.178,1380.8389,983.3488,10848.4,17,True,49,4,7,38,340301->340392->340476->340477->340404->340406->340405->340407->340410->340436->340411->340437->340417->340416->562979->340413->340439->340414->340415->340237->338931->646287->613729->646279->340028->340468->562980->340029->340183->340184->338886->338903->338898->338909->342043->647033->647028->647031->647029->343078->341501->343340->344393->341506->341507->341508->343159->343157->342801->341509
rl_signal,od3_segok_samsung,long,off_peak,7.0,11,1381.2804,1153.2725,228.0079,928.6782,521.2058,8938.6,9,True,60,8,9,43,340301->340456->340502->340560->646141->587890->587891->339558->339337->111369->562926->111366->111357->111365->338931->340027->613620->613748->339941->646275->646277->613750->613789->613788->338611->613666->613667->338612->338395->646249->646278->646277->613750->613789->613788->338611->613666->338773->338391->338399->338400->338396->340035->338897->338898->338909->342043->647033->647028->647031->647029->343078->341501->343340->344393->341506->341507->341508->343159->340646->341509
rl_signal,od3_segok_samsung,long,off_peak,7.0,12,1474.104,1195.5834,278.5206,1000.4117,636.6733,9131.2,9,True,53,5,6,42,340301->340456->340502->340560->646141->587890->587891->339558->339337->111369->562926->111366->111357->111365->338931->340027->613620->613748->339941->646275->646277->613750->613789->338390->338729->339955->338889->338387->338388->613628->338773->338391->338399->338400->338396->340035->338897->338898->338909->342043->647033->647028->647031->647029->343078->341501->343340->344393->341506->341507->341508->343159->340646->341509
rl_signal,od3_segok_samsung,long,off_peak,7.0,13,1159.5922,1027.0253,132.5669,818.2886,303.036,8581.0,5,True,49,4,6,39,340301->340456->340502->340560->646141->587890->587891->339558->339337->111369->562926->111366->111357->111365->338931->340027->613620->613748->339941->646275->646277->613750->613789->613788->338611->613666->338773->338391->338399->338400->338396->340035->338897->338898->338909->342043->647033->647028->647031->647029->343078->341501->343340->344393->341506->341507->341508->343159->340646->341509
rl_signal,od3_segok_samsung,long,off_peak,7.0,14,1270.2631,1016.3599,253.9032,869.4857,580.4003,8581.0,9,True,49,4,6,39,340301->340456->340502->340560->646141->587890->587891->339558->339337->111369->562926->111366->111357->111365->338931->340027->613620->613748->339941->646275->646277->613750->613789->613788->338611->613666->338773->338391->338399->338400->338396->340035->338897->338898->338909->342043->647033->647028->647031->647029->343078->341501->343340->344393->341506->341507->341508->343159->340646->341509
rl_signal,od3_segok_samsung,long,off_peak,7.0,15,1332.4765,1192.8021,139.6744,990.2918,319.2834,9181.5,6,True,54,6,6,42,340301->340456->340502->340560->646141->587890->587891->339558->339337->111369->562926->111366->111357->111365->338931->340027->613620->613748->339941->646275->646277->613750->613789->613788->338611->613666->338773->338391->338399->338400->338396->338397->338402->338401->646285->338396->340035->338897->338898->338909->342043->647033->647028->647031->647029->343078->341501->343340->344393->341506->341507->341508->343159->340646->341509
rl_signal,od3_segok_samsung,long,off_peak,7.0,16,2130.8613,1545.1139,585.7473,1562.3634,1338.9664,11962.2,20,True,79,7,29,43,340301->340456->340502->340560->646141->587890->587891->339558->339337->111369->562926->111366->111357->111365->338931->340237->340415->563050->563052->340237->587900->587902->340414->340415->563050->563052->563051->563052->340237->340415->563050->563052->340237->587900->587902->340414->340415->340237->587900->587902->340414->340415->340237->338931->340027->613620->613748->339941->339942->646275->646277->613750->613789->613788->338611->613666->338773->338391->338399->338400->338396->340035->338897->338898->338909->342043->647033->647028->647031->647029->343078->341501->343340->344393->341506->341507->341508->343159->340646->341509
rl_signal,od3_segok_samsung,long,off_peak,7.0,17,1306.8728,1070.6527,236.22,919.8652,539.978,8581.5,8,True,50,4,6,40,340301->340456->340502->340560->646141->587890->587891->339558->339337->111369->562926->111366->111357->111365->338931->340027->613620->613748->339941->646275->646277->613750->613789->613788->338611->613666->338773->338391->338399->338400->338396->340035->338897->338898->338909->342043->647033->647028->647032->647031->647029->343078->341501->343340->344393->341506->341507->341508->343159->340646->341509
rl_signal,od3_segok_samsung,long,off_peak,7.0,18,1421.3898,1135.4194,285.9704,986.8504,653.703,9453.8,10,True,42,4,5,33,340301->340456->340502->340560->646141->587890->587891->339558->339337->111369->562926->111366->111357->111365->338931->646287->613729->646279->340028->340468->562980->340029->340183->340184->338886->338903->338898->338909->342043->647033->647028->647031->647029->343078->341501->343340->344393->341506->341507->341508->343159->340646->341509
rl_signal,od3_segok_samsung,long,off_peak,7.0,19,1198.8306,1019.5531,179.2775,886.9142,409.8124,8581.0,6,True,49,4,6,39,340301->340456->340502->340560->646141->587890->587891->339558->339337->111369->562926->111366->111357->111365->338931->340027->613620->613748->339941->646275->646277->613750->613789->613788->338611->613666->338773->338391->338399->338400->338396->340035->338897->338898->338909->342043->647033->647028->647031->647029->343078->341501->343340->344393->341506->341507->341508->343159->340646->341509
rl_signal,od3_segok_samsung,long,off_peak,7.0,20,1351.373,1052.4407,298.9323,950.0526,683.3327,8627.2,9,True,51,5,8,38,340301->340456->340502->340560->646141->587890->587891->339558->339337->111369->562926->111366->111357->111365->338931->340027->613620->613748->339941->646275->646277->613750->613789->613788->338611->613666->338773->338391->338399->338398->646212->338400->338396->340035->338897->338898->338909->342043->647033->647028->647031->647029->343078->341501->343340->344393->341506->341507->341508->343159->340646->341509
rl_signal,od3_segok_samsung,long,off_peak,7.0,21,1270.6666,1034.6873,235.9793,907.1435,539.4278,8581.0,8,True,49,4,6,39,340301->340456->340502->340560->646141->587890->587891->339558->339337->111369->562926->111366->111357->111365->338931->340027->613620->613748->339941->646275->646277->613750->613789->613788->338611->613666->338773->338391->338399->338400->338396->340035->338897->338898->338909->342043->647033->647028->647031->647029->343078->341501->343340->344393->341506->341507->341508->343159->340646->341509
rl_signal,od3_segok_samsung,long,off_peak,7.0,22,1507.3405,1221.6374,285.703,999.2776,653.0918,9027.0,10,True,64,9,13,42,340301->340456->340502->340560->646141->587890->587891->339558->339337->111369->562926->111366->111357->111365->338931->340027->613620->613748->339941->646275->646277->613750->613789->613788->338611->613666->613667->338612->338395->646249->646278->646277->613750->613789->613788->338611->613666->338773->338391->338399->338398->646212->338400->338396->340035->338897->338898->338909->342043->647033->647028->647031->647029->343078->341501->343340->344393->646843->344393->341506->341507->341508->343159->340646->341509
rl_signal,od3_segok_samsung,long,off_peak,7.0,23,2040.4955,1647.1067,393.3888,1479.1814,899.2519,12409.4,15,True,61,5,12,44,340301->340392->340476->340477->340404->340406->340405->340407->340410->340436->340411->340437->340417->340416->562979->340413->340439->340414->340415->563050->563052->340237->587900->587902->340414->340415->340237->338931->646287->613729->646279->340028->340468->562980->340029->340183->340184->338886->338903->338898->338909->342043->647033->647028->647031->647029->647030->342043->647033->647028->647031->647029->343078->341501->343340->344393->341506->341507->341508->343159->340646->341509
rl_signal,od3_segok_samsung,long,off_peak,7.0,24,1708.0536,1299.8575,408.1961,1255.6091,933.1001,10813.7,16,True,53,5,11,37,340301->340456->340502->340560->646141->587890->587891->339558->339337->111369->562926->111366->111357->111365->338931->340237->340415->563050->563052->340237->587900->587902->340414->340415->340237->338931->646287->613729->646279->340028->340468->562980->340029->340183->340184->338886->338903->338898->338909->342043->647033->647028->647031->647029->343078->341501->343340->344393->341506->341507->341508->343159->340646->341509
rl_signal,od3_segok_samsung,long,off_peak,7.0,25,1309.5849,1103.5955,205.9893,871.2589,470.8734,8980.8,8,True,51,4,8,39,340301->340456->340502->340560->646141->587890->587891->339558->339337->111369->562926->111366->111357->111365->338931->340027->613620->613748->339941->646275->646277->613750->613789->613788->338611->613666->338773->338391->338399->338400->338396->340035->338897->338898->338909->342043->647033->647028->647031->647029->343078->341501->343340->344393->341506->341507->341508->341514->341508->343159->340646->341509
rl_signal,od3_segok_samsung,long,off_peak,7.0,26,1227.8372,1070.4426,157.3947,943.4511,359.7903,8578.5,6,True,51,4,6,41,340301->340456->340502->340560->646141->587890->587891->339558->339337->111369->562926->111366->111357->111365->338931->340027->613620->613748->339941->646275->646277->613750->613789->613788->338611->613666->338773->338391->338404->338405->338402->338397->338396->340035->338897->338898->338909->342043->647033->647028->647031->647029->343078->341501->343340->344393->341506->341507->341508->343159->340646->341509
rl_signal,od3_segok_samsung,long,off_peak,7.0,27,1157.8214,981.3802,176.4412,884.197,403.329,8581.0,6,True,49,4,6,39,340301->340456->340502->340560->646141->587890->587891->339558->339337->111369->562926->111366->111357->111365->338931->340027->613620->613748->339941->646275->646277->613750->613789->613788->338611->613666->338773->338391->338399->338400->338396->340035->338897->338898->338909->342043->647033->647028->647031->647029->343078->341501->343340->344393->341506->341507->341508->343159->340646->341509
rl_signal,od3_segok_samsung,long,off_peak,7.0,28,1378.9817,1067.3314,311.6503,923.0382,712.4049,9131.2,9,True,53,5,6,42,340301->340456->340502->340560->646141->587890->587891->339558->339337->111369->562926->111366->111357->111365->338931->340027->613620->613748->339941->646275->646277->613750->613789->338390->338729->339955->338889->338387->338388->613628->338773->338391->338399->338400->338396->340035->338897->338898->338909->342043->647033->647028->647031->647029->343078->341501->343340->344393->341506->341507->341508->343159->340646->341509
rl_signal,od3_segok_samsung,long,off_peak,7.0,29,1312.7533,1050.6533,262.1,893.0661,599.1373,8627.2,9,True,55,4,7,44,340301->340456->340502->340560->646141->587890->587891->339558->339337->111369->562926->111366->111357->111365->338931->340027->613620->613748->339941->646275->646277->613750->613789->613788->338611->613666->338773->338391->338399->338400->338396->340035->338897->338898->338909->342043->647033->647028->647031->647029->343078->341501->341500->646932->341768->342821->343267->342611->563120->341494->613864->341507->341508->343159->340646->341509
rl_signal,od3_segok_samsung,long,off_peak,7.0,30,1393.4499,1067.9121,325.5378,922.6268,744.1506,8581.0,9,True,49,4,6,39,340301->340456->340502->340560->646141->587890->587891->339558->339337->111369->562926->111366->111357->111365->338931->340027->613620->613748->339941->646275->646277->613750->613789->613788->338611->613666->338773->338391->338399->338400->338396->340035->338897->338898->338909->342043->647033->647028->647031->647029->343078->341501->343340->344393->341506->341507->341508->343159->340646->341509
rl_signal,od3_segok_samsung,long,peak,8.0,1,1420.2295,1152.3482,267.8813,1080.2259,612.3528,9699.0,10,True,47,7,7,33,340301->340456->340502->340560->646141->587890->587891->339558->339337->111369->562926->111366->111357->111365->338931->646287->613729->646279->340028->340468->562980->340029->340183->340184->338886->338371->338397->338396->340035->338897->338898->338909->342043->647033->647028->647031->647029->343078->341501->343340->344393->341506->341507->341508->343159->343157->342801->341509
rl_signal,od3_segok_samsung,long,peak,8.0,2,1769.5363,1411.134,358.4022,1555.0663,819.2757,11743.8,14,True,55,5,13,37,340301->340456->340502->339357->340403->340354->562878->340407->340410->340436->340411->340437->340417->340416->562979->340413->340439->340414->340415->563050->563052->340237->587900->587902->340414->340415->340237->338931->646287->613729->646279->340028->340468->562980->340029->340183->340184->338886->338903->338898->338909->342043->647033->647028->647031->647029->343078->341501->343340->344393->341506->341507->341508->343159->340646->341509
rl_signal,od3_segok_samsung,long,peak,8.0,3,1396.6103,1177.2831,219.3272,1195.5999,501.3624,10003.0,8,True,47,5,9,33,340301->340456->340502->340560->646141->587889->646141->587890->587891->339558->339337->111369->562926->111366->111357->111365->338931->646287->613729->646279->340028->340468->562980->340029->340183->340184->338886->338903->338898->338909->342043->647033->647028->647031->647029->343078->341501->343340->344393->341506->341507->341508->646563->341513->341519->343157->342801->341509
rl_signal,od3_segok_samsung,long,peak,8.0,4,1422.1769,1146.1805,275.9964,1006.8638,630.9033,9485.9,9,True,40,5,6,29,340301->340456->340502->340560->646141->587890->587891->339558->339337->111369->562926->111366->111357->111365->338931->646287->613729->646279->340028->340468->562980->340029->340183->340184->338886->338903->338898->338909->342043->647030->647029->343078->341501->343340->344393->341506->341507->341508->343159->340646->341509
rl_signal,od3_segok_samsung,long,peak,8.0,5,1423.9823,1124.1195,299.8628,983.9029,685.4597,9453.8,10,True,42,4,5,33,340301->340456->340502->340560->646141->587890->587891->339558->339337->111369->562926->111366->111357->111365->338931->646287->613729->646279->340028->340468->562980->340029->340183->340184->338886->338903->338898->338909->342043->647033->647028->647031->647029->343078->341501->343340->344393->341506->341507->341508->343159->340646->341509
rl_signal,od3_segok_samsung,long,peak,8.0,6,1360.6006,1100.5912,260.0094,1059.7296,594.3584,9453.8,9,True,42,4,5,33,340301->340456->340502->340560->646141->587890->587891->339558->339337->111369->562926->111366->111357->111365->338931->646287->613729->646279->340028->340468->562980->340029->340183->340184->338886->338903->338898->338909->342043->647033->647028->647031->647029->343078->341501->343340->344393->341506->341507->341508->343159->340646->341509
rl_signal,od3_segok_samsung,long,peak,8.0,7,1414.0558,1142.2253,271.8305,1031.8578,621.3804,9453.8,10,True,42,4,5,33,340301->340456->340502->340560->646141->587890->587891->339558->339337->111369->562926->111366->111357->111365->338931->646287->613729->646279->340028->340468->562980->340029->340183->340184->338886->338903->338898->338909->342043->647033->647028->647031->647029->343078->341501->343340->344393->341506->341507->341508->343159->340646->341509
rl_signal,od3_segok_samsung,long,peak,8.0,8,1429.7163,1166.4608,263.2555,1089.7292,601.7787,9453.8,9,True,42,4,5,33,340301->340456->340502->340560->646141->587890->587891->339558->339337->111369->562926->111366->111357->111365->338931->646287->613729->646279->340028->340468->562980->340029->340183->340184->338886->338903->338898->338909->342043->647033->647028->647031->647029->343078->341501->343340->344393->341506->341507->341508->343159->340646->341509
rl_signal,od3_segok_samsung,long,peak,8.0,9,1358.2003,1111.9942,246.2061,1124.8826,562.8053,9453.8,10,True,42,4,5,33,340301->340456->340502->340560->646141->587890->587891->339558->339337->111369->562926->111366->111357->111365->338931->646287->613729->646279->340028->340468->562980->340029->340183->340184->338886->338903->338898->338909->342043->647033->647028->647031->647029->343078->341501->343340->344393->341506->341507->341508->343159->340646->341509
rl_signal,od3_segok_samsung,long,peak,8.0,10,1517.998,1189.8566,328.1415,1070.4356,750.1023,9453.8,10,True,42,4,5,33,340301->340456->340502->340560->646141->587890->587891->339558->339337->111369->562926->111366->111357->111365->338931->646287->613729->646279->340028->340468->562980->340029->340183->340184->338886->338903->338898->338909->342043->647033->647028->647031->647029->343078->341501->343340->344393->341506->341507->341508->343159->340646->341509
rl_signal,od3_segok_samsung,long,peak,8.0,11,1351.8742,1135.6383,216.2359,1149.3079,494.2961,9453.8,8,True,42,4,5,33,340301->340456->340502->340560->646141->587890->587891->339558->339337->111369->562926->111366->111357->111365->338931->646287->613729->646279->340028->340468->562980->340029->340183->340184->338886->338903->338898->338909->342043->647033->647028->647031->647029->343078->341501->343340->344393->341506->341507->341508->343159->340646->341509
rl_signal,od3_segok_samsung,long,peak,8.0,12,1310.3475,1062.437,247.9105,1080.5251,566.7013,9453.8,10,True,42,4,5,33,340301->340456->340502->340560->646141->587890->587891->339558->339337->111369->562926->111366->111357->111365->338931->646287->613729->646279->340028->340468->562980->340029->340183->340184->338886->338903->338898->338909->342043->647033->647028->647031->647029->343078->341501->343340->344393->341506->341507->341508->343159->340646->341509
rl_signal,od3_segok_samsung,long,peak,8.0,13,1337.4278,1097.0283,240.3995,1105.2318,549.5318,8581.0,9,True,49,4,6,39,340301->340456->340502->340560->646141->587890->587891->339558->339337->111369->562926->111366->111357->111365->338931->340027->613620->613748->339941->646275->646277->613750->613789->613788->338611->613666->338773->338391->338399->338400->338396->340035->338897->338898->338909->342043->647033->647028->647031->647029->343078->341501->343340->344393->341506->341507->341508->343159->340646->341509
rl_signal,od3_segok_samsung,long,peak,8.0,14,1324.8035,1071.9572,252.8464,1069.3355,577.9843,9453.8,10,True,42,4,5,33,340301->340456->340502->340560->646141->587890->587891->339558->339337->111369->562926->111366->111357->111365->338931->646287->613729->646279->340028->340468->562980->340029->340183->340184->338886->338903->338898->338909->342043->647033->647028->647031->647029->343078->341501->343340->344393->341506->341507->341508->343159->340646->341509
rl_signal,od3_segok_samsung,long,peak,8.0,15,1543.7523,1290.912,252.8403,1349.1968,577.9705,10529.3,9,True,53,4,11,38,340301->340456->340502->340560->646141->587890->587891->339558->339337->111369->562926->111366->111357->111365->338931->646287->613729->562968->562924->562926->111366->111357->111365->338931->646287->613729->646279->340028->340468->562980->340029->340183->340184->338886->338903->338898->338909->342043->647033->647028->647031->647029->343078->341501->343340->344393->341506->341507->341508->341514->341508->343159->340646->341509
rl_signal,od3_segok_samsung,long,peak,8.0,16,1356.0012,1094.9712,261.03,1046.3002,596.6914,9453.8,9,True,42,4,5,33,340301->340456->340502->340560->646141->587890->587891->339558->339337->111369->562926->111366->111357->111365->338931->646287->613729->646279->340028->340468->562980->340029->340183->340184->338886->338903->338898->338909->342043->647033->647028->647031->647029->343078->341501->343340->344393->341506->341507->341508->343159->340646->341509
rl_signal,od3_segok_samsung,long,peak,8.0,17,1324.1443,1056.9671,267.1771,1039.3117,610.7432,9453.8,10,True,42,4,5,33,340301->340456->340502->340560->646141->587890->587891->339558->339337->111369->562926->111366->111357->111365->338931->646287->613729->646279->340028->340468->562980->340029->340183->340184->338886->338903->338898->338909->342043->647033->647028->647031->647029->343078->341501->343340->344393->341506->341507->341508->343159->340646->341509
rl_signal,od3_segok_samsung,long,peak,8.0,18,1330.1757,1089.1405,241.0352,1113.2939,550.985,9453.8,9,True,42,4,5,33,340301->340456->340502->340560->646141->587890->587891->339558->339337->111369->562926->111366->111357->111365->338931->646287->613729->646279->340028->340468->562980->340029->340183->340184->338886->338903->338898->338909->342043->647033->647028->647031->647029->343078->341501->343340->344393->341506->341507->341508->343159->340646->341509
rl_signal,od3_segok_samsung,long,peak,8.0,19,1385.0058,1119.6429,265.363,1040.7579,606.5962,9550.0,10,True,43,5,6,32,340301->340456->340502->340560->646141->587890->587891->339558->339337->111369->562926->111366->111357->111365->338931->646287->613729->646279->340028->340468->562980->340029->340183->340184->338886->338903->338898->338909->342043->647033->647028->647031->647029->343078->341501->343340->344393->341506->341507->341508->343159->343157->342801->341509
rl_signal,od3_segok_samsung,long,peak,8.0,20,1465.9569,1233.3175,232.6395,1300.4014,531.7931,10217.4,8,True,60,4,9,47,340301->340456->340502->340560->646141->587890->587891->587906->646042->338516->338518->338863->338520->338862->338516->646042->587906->587891->339558->339337->111369->562926->111366->111357->111365->338931->340027->613620->613748->339941->646275->646277->613750->613789->613788->338611->613666->338773->338391->338399->338400->338396->340035->338897->338898->338909->342043->647033->647028->647031->647029->343078->341501->343340->344393->341506->341507->341508->343159->340646->341509
rl_signal,od3_segok_samsung,long,peak,8.0,21,1628.5382,1339.3267,289.2115,1173.8217,661.1119,10313.8,10,True,49,8,8,33,340301->340456->340482->340456->340502->340560->646141->587890->587891->339558->339337->111369->562926->111366->111357->111365->338931->646287->613729->646279->340028->340468->562980->340029->340183->340184->338886->338371->339984->338403->646212->338400->338396->340035->338897->338898->338909->342043->647030->647029->343078->341501->343340->344393->341506->341507->341508->343159->340646->341509
rl_signal,od3_segok_samsung,long,peak,8.0,22,1321.9208,1063.127,258.7938,1053.0794,591.5797,8581.0,8,True,49,4,6,39,340301->340456->340502->340560->646141->587890->587891->339558->339337->111369->562926->111366->111357->111365->338931->340027->613620->613748->339941->646275->646277->613750->613789->613788->338611->613666->338773->338391->338399->338400->338396->340035->338897->338898->338909->342043->647033->647028->647031->647029->343078->341501->343340->344393->341506->341507->341508->343159->340646->341509
rl_signal,od3_segok_samsung,long,peak,8.0,23,1406.3531,1166.1044,240.2487,1275.6102,549.1872,9453.8,9,True,42,4,5,33,340301->340456->340502->340560->646141->587890->587891->339558->339337->111369->562926->111366->111357->111365->338931->646287->613729->646279->340028->340468->562980->340029->340183->340184->338886->338903->338898->338909->342043->647033->647028->647031->647029->343078->341501->343340->344393->341506->341507->341508->343159->340646->341509
rl_signal,od3_segok_samsung,long,peak,8.0,24,1378.8997,1082.5443,296.3554,972.5002,677.442,9453.8,10,True,42,4,5,33,340301->340456->340502->340560->646141->587890->587891->339558->339337->111369->562926->111366->111357->111365->338931->646287->613729->646279->340028->340468->562980->340029->340183->340184->338886->338903->338898->338909->342043->647033->647028->647031->647029->343078->341501->343340->344393->341506->341507->341508->343159->340646->341509
rl_signal,od3_segok_samsung,long,peak,8.0,25,1343.1353,1074.0697,269.0656,1053.7076,615.06,9453.8,10,True,42,4,5,33,340301->340456->340502->340560->646141->587890->587891->339558->339337->111369->562926->111366->111357->111365->338931->646287->613729->646279->340028->340468->562980->340029->340183->340184->338886->338903->338898->338909->342043->647033->647028->647031->647029->343078->341501->343340->344393->341506->341507->341508->343159->340646->341509
rl_signal,od3_segok_samsung,long,peak,8.0,26,1377.2996,1076.0359,301.2638,1142.0821,688.6622,9463.5,10,True,46,5,6,35,340301->340456->340502->340560->646141->587890->587891->339558->339337->111369->562926->111366->111357->111365->338931->646287->613729->646279->340028->340468->562980->340029->340183->340184->338886->338903->338898->338909->342043->647033->647028->647031->647029->343078->341501->343340->343341->343267->342611->563120->341494->613864->341507->341508->343159->340646->341509
rl_signal,od3_segok_samsung,long,peak,8.0,27,1415.8172,1161.7061,254.1112,1079.1708,580.8756,9453.8,10,True,42,4,5,33,340301->340456->340502->340560->646141->587890->587891->339558->339337->111369->562926->111366->111357->111365->338931->646287->613729->646279->340028->340468->562980->340029->340183->340184->338886->338903->338898->338909->342043->647033->647028->647031->647029->343078->341501->343340->344393->341506->341507->341508->343159->340646->341509
rl_signal,od3_segok_samsung,long,peak,8.0,28,1717.7498,1468.8833,248.8664,1258.7406,568.8866,11604.0,8,True,53,7,7,39,340301->340456->340502->340560->646141->587890->587891->339558->339337->111369->562926->111366->111357->111365->338931->646287->613729->646279->340028->340468->562980->340029->340183->340184->338886->338903->338898->338909->342043->647033->647028->647031->647029->343078->343127->343078->647029->647030->342043->647033->647028->647032->647031->647029->343078->341501->343340->344393->341506->341507->341508->343159->340646->341509
rl_signal,od3_segok_samsung,long,peak,8.0,29,1488.2499,1252.2263,236.0236,1158.0115,539.5291,10143.1,9,True,50,6,9,35,340301->340456->340502->340560->646141->587890->587891->339558->339337->111369->562926->111366->111357->111365->338931->646287->613729->646279->340028->340468->562980->340029->340183->340184->338886->338903->338898->338909->342043->647033->647028->647031->647029->343078->341501->343340->344393->341506->646615->646617->343938->343939->343932->343933->341520->341513->341519->343157->343159->340646->341509
rl_signal,od3_segok_samsung,long,peak,8.0,30,2380.2146,2083.1079,297.1068,1525.9711,679.1597,14809.5,10,True,77,5,24,48,340301->340456->340502->340560->646141->587890->587847->587890->587891->339558->339337->111369->562926->111366->111357->111365->338931->646287->613729->646279->340028->340468->562980->340029->340183->340182->338885->338904->339250->338899->587863->340185->340186->340168->340185->340186->340168->340185->340186->340168->340185->340186->340168->340185->340186->340168->340185->340186->340168->340185->340186->338897->340035->338396->646285->338401->338402->338397->338396->340035->338897->338898->338909->342043->647033->647028->647031->647029->343078->341501->343340->344393->341506->341507->341508->343159->340646->341509
rl_signal_attention,od1_sinnonhyeon_suseo,long,off_peak,7.0,1,1430.114,1296.6951,133.4189,1383.8129,304.9837,10176.1,8,True,74,10,11,53,342695->342700->343100->342865->342652->342116->342672->340587->646667->646362->341982->342679->341983->342673->563097->342669->646669->646668->342670->343657->342666->342663->342681->342680->342150->341591->341592->342649->341608->341553->341563->341552->341562->341564->342645->341559->342115->563067->342648->342147->341996->341571->341521->342613->341535->343726->343919->338310->339265->338311->339297->339000->339664->338312->338344->562956->562954->338355->338356->339216->339584->338280->338279->587863->340185->340186->338897->340035->338396->338400->338399->338391->338773->613666->613667
rl_signal_attention,od1_sinnonhyeon_suseo,long,off_peak,7.0,2,1328.5844,1217.3389,111.2455,1183.9467,254.2974,9578.5,5,True,77,7,9,61,342695->342700->343100->342865->342652->342116->342672->340587->646667->646362->341982->342679->341983->342673->646784->646782->341597->344261->341907->341605->341594->343104->341601->343106->343943->342693->341607->344213->343102->341557->342643->341561->341562->341564->342645->341559->342115->343710->341560->341518->341517->341516->341515->341519->342113->342112->341739->341535->343726->343919->338310->339265->338311->339297->339000->339664->338312->338344->562956->562954->338355->338356->339216->339584->338280->338279->587863->340185->340186->338897->340035->338396->338400->338399->338391->338773->613666->613667
rl_signal_attention,od1_sinnonhyeon_suseo,long,off_peak,7.0,3,1382.18,1307.1003,75.0797,1295.0605,171.6256,9826.4,5,True,78,10,13,55,342695->342700->343100->342865->340641->340704->341588->341785->342116->342672->340587->646667->646362->341982->342679->341983->342673->646784->646782->341597->344261->341907->341906->343105->341598->342684->341601->343106->343943->342693->341607->344213->343102->341557->342643->341561->341562->341564->342645->341559->342115->563067->342636->342147->341996->341571->341521->342613->341535->343726->343919->338310->339265->338311->339297->339000->339664->338312->338344->562956->562954->338355->338356->339216->339584->338280->338279->587863->340185->340186->338897->340035->338396->338400->338399->338391->338773->613666->613667
rl_signal_attention,od1_sinnonhyeon_suseo,long,off_peak,7.0,4,1486.0049,1341.3017,144.7032,1340.2262,330.7787,10616.4,7,True,84,13,11,60,342695->342700->343100->342865->342652->342116->342672->340587->646667->646362->341982->342679->341983->342673->646784->646782->341597->344261->341907->341605->341594->343104->341601->646355->341593->563301->342151->563098->341597->341596->341598->342684->341601->343106->343943->342693->341607->344213->343102->341557->342643->341561->341562->341564->342639->563096->342115->563067->342648->342147->341996->341571->341521->342613->341535->343726->343919->338310->339265->338311->339297->339000->339664->338312->338344->562956->562954->338355->338356->339216->339584->338280->338279->587863->340185->340186->338897->340035->338396->338400->338399->338391->338773->613666->613667
rl_signal_attention,od1_sinnonhyeon_suseo,long,off_peak,7.0,5,1370.7868,1295.2058,75.581,1281.4212,172.7715,9839.9,5,True,79,9,9,61,342695->342700->343100->342865->342652->342116->342672->340587->646667->646362->341982->342679->341983->342673->646784->646782->341597->344261->341907->341605->341594->343104->341601->343106->343943->342693->341607->344213->343102->341557->342643->341561->341562->341564->342645->341559->342115->343710->341560->341518->341517->341516->341515->341519->342113->342112->342612->342112->341739->341535->343726->343919->338310->339265->338311->339297->339000->339664->338312->338344->562956->562954->338355->338356->339216->339584->338280->338279->587863->340185->340186->338897->340035->338396->338400->338399->338391->338773->613666->613667
rl_signal_attention,od1_sinnonhyeon_suseo,long,off_peak,7.0,6,1392.8263,1301.3135,91.5128,1233.5368,209.1902,9582.5,4,True,77,8,10,59,342695->342700->343100->342865->342652->342116->342672->340587->646667->646362->341982->342679->341983->342673->646784->646782->341597->344261->341907->341605->341594->343104->341601->343106->343943->342693->341607->344213->343102->341557->342643->341561->341562->341564->342645->341559->342115->343710->341560->341518->341517->341516->341515->342114->563094->646707->342613->341535->343726->343919->338310->339265->338311->339297->339000->339664->338312->338344->562956->562954->338355->338356->339216->339584->338280->338279->587863->340185->340186->338897->340035->338396->338400->338399->338391->338773->613666->613667
rl_signal_attention,od1_sinnonhyeon_suseo,long,off_peak,7.0,7,1540.3784,1429.238,111.1404,1415.9343,254.0572,10795.6,6,True,84,10,9,65,342695->342700->343100->342834->341621->344204->342159->342700->343100->342865->342652->342116->342672->340587->646667->646362->341982->342679->341983->342673->646784->646782->341597->344261->341907->341605->341594->343104->341601->343106->343943->342693->341607->344213->343102->341557->342643->341561->341562->341564->342645->341559->341985->341569->344767->341558->341518->341517->341516->341515->341519->342113->342112->341739->341535->343726->343919->338310->339265->338311->339297->339000->339664->338312->338344->562956->562954->338355->338356->339216->339584->338280->338279->587863->340185->340186->338897->340035->338396->338400->338399->338391->338773->613666->613667
rl_signal_attention,od1_sinnonhyeon_suseo,long,off_peak,7.0,8,1791.9295,1603.9946,187.9349,1507.7807,429.6024,11527.6,8,True,102,11,14,77,342695->342700->343100->342865->342652->342116->342672->340587->646667->646362->341982->342679->341983->342673->646784->646782->341597->344261->341907->341605->341594->343104->341601->343106->343943->342693->341607->344213->343102->341557->342643->341561->341562->341564->342645->341559->342115->343710->341560->341518->341517->341516->341515->342114->563094->646707->342613->341535->343726->343919->338310->339265->338311->646265->338733->339152->338790->339123->338602->338223->338604->646056->339122->340233->339121->340233->339122->646056->338604->338223->338603->339126->338348->338347->338346->339296->338349->338341->338728->339266->338343->338312->338344->562956->562954->338355->338356->339216->339584->338280->338279->587863->340185->340186->338897->340035->338396->338400->338399->338391->338773->613666->613667
rl_signal_attention,od1_sinnonhyeon_suseo,long,off_peak,7.0,9,1343.6021,1260.0536,83.5484,1273.2909,190.9843,9634.6,5,True,76,10,11,55,342695->342700->343100->342865->342652->342116->342672->340587->646667->646362->341982->342679->341983->342673->646784->646782->341597->344261->341907->341605->341594->343104->341601->343106->343943->342693->341607->344213->343102->341557->342643->341561->341562->341564->342645->341559->342115->563067->342648->342147->341996->341571->341521->342613->341535->343726->343919->338310->339265->338311->339297->339000->339664->338312->338344->562956->562954->338355->338356->339216->339584->338280->338279->587863->340185->340186->338897->340035->338396->338400->646212->338398->338399->338391->338773->613666->613667
rl_signal_attention,od1_sinnonhyeon_suseo,long,off_peak,7.0,10,1574.9877,1411.368,163.6197,1468.6021,374.02,10941.1,9,True,92,12,15,65,342695->342700->343100->342865->342652->342116->342672->340587->646667->646362->341982->342679->341983->342673->646784->646782->341597->344261->341907->341605->341594->343104->341601->343106->343943->342693->341607->344213->343102->341557->342643->341561->341562->341564->342645->341559->342115->563067->342648->342147->341996->341571->342071->338224->338199->342636->342147->341996->341571->341521->342613->341535->343726->343919->338310->339265->338311->339297->339000->339664->338312->338344->562956->562954->338355->338356->339216->339584->338280->338279->338758->587864->587861->338279->587863->340185->340186->338897->340035->338396->338400->338399->338391->338773->613628->338388->338390->613789->613750->338610->338395->338612->613667
rl_signal_attention,od1_sinnonhyeon_suseo,long,off_peak,7.0,11,1576.6956,1408.4333,168.2622,1382.3949,384.6326,10523.0,5,True,85,10,11,64,342695->342700->343100->342865->342652->342116->342672->340587->646667->646362->341982->342679->341983->342673->646784->646782->341597->344261->341907->341605->341594->343104->341601->343106->343943->342693->341607->344213->343102->341557->342643->341561->341562->341564->342639->563096->342115->343710->341560->341518->341517->341516->341515->342114->563094->646707->342613->341535->343726->343919->338310->339265->338311->339297->339000->339664->338312->338344->562956->562954->338355->338356->339216->339816->339216->339584->340268->338759->338758->338279->587863->340185->340186->338897->340035->338396->338400->338399->338391->338406->338405->338404->338391->338773->613666->613667
rl_signal_attention,od1_sinnonhyeon_suseo,long,off_peak,7.0,12,1368.9689,1291.6131,77.3558,1294.8545,176.8284,9894.6,4,True,79,10,14,55,342695->342700->343100->342865->342652->342116->342672->340587->646667->646664->646667->340587->342670->646668->646669->342669->342679->341983->342673->646784->646782->341597->344261->341907->341605->341594->343104->341601->343106->343943->342693->341607->344213->343102->341557->342643->341561->341562->341564->342645->341559->342115->563067->342648->342147->341996->341571->341521->342613->341535->343726->343919->338310->339265->338311->339297->339000->339664->338312->338344->562956->562954->338355->338356->339216->339584->338280->338279->587863->340185->340186->338897->340035->338396->338400->338399->338391->338773->613666->613667
rl_signal_attention,od1_sinnonhyeon_suseo,long,off_peak,7.0,13,1479.4175,1332.1789,147.2386,1290.9627,336.5744,10233.5,10,True,87,8,11,68,342695->342700->343100->342865->342652->342116->342672->340587->646667->646362->341982->342679->341983->342673->646784->646782->341597->344261->341907->341605->341594->343104->341601->343106->343943->342693->341607->588038->563143->338261->339538->338258->339132->338586->338262->339922->340140->339002->338922->646291->338226->338252->338199->338198->338222->338726->338837->339122->646056->338604->338223->338603->339126->338348->338347->338346->339296->338349->338341->338728->339266->338343->338312->338344->562956->562954->338355->338356->339216->339584->338280->338279->587863->340185->340186->338897->340035->338396->338400->338399->338391->338404->338405->338406->338391->338773->613666->613667
rl_signal_attention,od1_sinnonhyeon_suseo,long,off_peak,7.0,14,1316.2822,1215.5731,100.7091,1233.7757,230.2121,9606.0,6,True,75,8,10,57,342695->342700->343100->342865->342652->342116->342672->340587->646667->646362->341982->342679->341983->342673->646784->646782->341597->344261->341907->341605->341594->343104->341601->343106->343943->342693->341607->344213->343102->341557->342643->341561->341568->341566->341549->342639->563096->342115->563067->342648->342147->341996->341571->341521->342613->341535->343726->343919->338310->339265->338311->339297->339000->339664->338312->338344->562956->562954->338355->338356->339216->339584->338280->338279->587863->340185->340186->338897->340035->338396->338400->338399->338391->338773->613666->613667
rl_signal_attention,od1_sinnonhyeon_suseo,long,off_peak,7.0,15,1321.6447,1225.6228,96.0219,1242.7201,219.4975,9632.5,3,True,78,9,12,57,342695->342700->343100->342865->342652->342116->342672->340587->646667->646362->341982->342679->341983->342673->646784->646782->341597->344261->341907->341605->341594->343104->341601->343106->343943->342693->341607->344213->343102->341557->342643->341561->341562->341564->342645->341559->342115->343710->341560->341518->341517->341516->341515->342114->563094->646707->342613->341535->343726->343919->338310->339265->338311->339297->339000->339664->338312->338344->562956->562954->338355->338356->339216->339584->338280->338279->587863->340185->340168->340186->338897->340035->338396->338400->338399->338391->338773->613666->613667
rl_signal_attention,od1_sinnonhyeon_suseo,long,off_peak,7.0,16,1511.3501,1417.1786,94.1714,1453.3977,215.2675,10364.2,5,True,84,12,11,61,342695->342700->343100->342865->342652->342116->342672->340587->646667->646362->341982->342679->341983->342673->646784->646782->341597->344261->341907->341605->341594->343104->341601->343106->343943->342693->341607->344213->343102->341557->342643->341561->341562->341564->342645->342148->342644->341552->341562->341564->342645->341559->342115->343710->341560->341518->341517->341516->341515->341519->342113->342112->341739->341535->343726->343919->338310->339265->338311->339297->339000->339664->338312->338344->562956->562954->338355->338356->339216->339584->338280->338279->587863->340185->340168->340186->338897->340035->338396->338400->338399->338391->338773->613666->613667
rl_signal_attention,od1_sinnonhyeon_suseo,long,off_peak,7.0,17,1379.0526,1245.4496,133.603,1195.8608,305.4045,9667.9,7,True,78,10,11,57,342695->342700->343100->342865->342652->342116->342672->340587->646667->646362->341982->342679->341983->342673->646784->646782->341597->344261->341907->341605->341595->341594->343104->341601->343106->343943->342693->341607->344213->343102->341557->342643->341561->341568->341735->341564->342645->341559->342115->563067->342648->342147->341996->341571->341521->342613->341535->343726->343919->338310->339265->338311->339297->339000->339664->338312->338344->562956->562954->338355->338356->339216->339584->340268->338759->338758->338279->587863->340185->340186->338897->340035->338396->338400->338399->338391->338773->613666->613667
rl_signal_attention,od1_sinnonhyeon_suseo,long,off_peak,7.0,18,1536.3079,1417.569,118.7388,1435.9355,271.4264,10701.4,5,True,88,10,17,61,342695->342700->343100->342865->342652->342116->342672->340587->646667->646362->341982->342679->341983->342673->646784->646782->341597->344261->341907->341906->343105->341598->342684->341601->343106->343943->342693->341607->344213->343102->341557->342643->341561->341562->341564->342645->341559->342115->563067->342648->342147->341996->341571->342071->338224->338199->342636->563067->342648->341560->341518->341517->341516->341515->341519->342113->342112->341739->341535->343726->343919->338310->339265->338311->339297->339000->339664->338312->338344->562956->562954->338355->338356->339216->339584->338280->338279->587863->340185->340186->338897->340035->338396->338400->338399->338391->338773->613666->613667
rl_signal_attention,od1_sinnonhyeon_suseo,long,off_peak,7.0,19,1559.9491,1460.258,99.6911,1437.8753,227.885,10932.3,4,True,88,16,11,61,342695->342700->343100->342865->342652->342116->342672->340587->342670->646668->646669->342669->342679->341983->342673->646784->646782->341597->344261->341907->341605->341595->341594->343104->341601->343106->343943->342693->341607->344213->343102->341557->342643->341561->341562->341564->342645->341559->341985->341569->344767->341558->341518->341517->341516->341515->341519->342113->342112->341739->341535->343726->343919->338310->339265->338311->339297->339000->339664->338312->338344->562956->562954->338355->338356->339216->339584->338280->338279->587863->340185->340186->338897->340035->338396->338400->338399->338391->338406->338405->338404->338391->338406->338405->338404->338391->338773->613666->613667
rl_signal_attention,od1_sinnonhyeon_suseo,long,off_peak,7.0,20,1285.8184,1189.0392,96.7792,1237.8171,221.2287,9582.5,3,True,77,8,10,59,342695->342700->343100->342865->342652->342116->342672->340587->646667->646362->341982->342679->341983->342673->646784->646782->341597->344261->341907->341605->341594->343104->341601->343106->343943->342693->341607->344213->343102->341557->342643->341561->341562->341564->342645->341559->342115->343710->341560->341518->341517->341516->341515->342114->563094->646707->342613->341535->343726->343919->338310->339265->338311->339297->339000->339664->338312->338344->562956->562954->338355->338356->339216->339584->338280->338279->587863->340185->340186->338897->340035->338396->338400->338399->338391->338773->613666->613667
rl_signal_attention,od1_sinnonhyeon_suseo,long,off_peak,7.0,21,1346.762,1253.2983,93.4637,1195.8684,213.6496,9578.5,4,True,77,7,9,61,342695->342700->343100->342865->342652->342116->342672->340587->646667->646362->341982->342679->341983->342673->646784->646782->341597->344261->341907->341605->341594->343104->341601->343106->343943->342693->341607->344213->343102->341557->342643->341561->341562->341564->342645->341559->342115->343710->341560->341518->341517->341516->341515->341519->342113->342112->341739->341535->343726->343919->338310->339265->338311->339297->339000->339664->338312->338344->562956->562954->338355->338356->339216->339584->338280->338279->587863->340185->340186->338897->340035->338396->338400->338399->338391->338773->613666->613667
rl_signal_attention,od1_sinnonhyeon_suseo,long,off_peak,7.0,22,1292.8068,1227.1765,65.6303,1294.5138,150.0251,9588.4,4,True,74,8,10,56,342695->342700->343100->342865->342652->342116->342672->340587->646667->646362->341982->342679->341983->342673->646784->646782->341597->344261->341907->341605->341594->343104->341601->343106->343943->342693->341607->344213->343102->341557->342643->341561->341562->341564->342645->341559->342115->563067->342648->342147->341996->341571->341521->342613->341535->343726->343919->338310->339265->338311->339297->339000->339664->338312->338344->562956->562954->338355->338356->339216->339584->338280->338279->587863->340185->340186->338897->340035->338396->338400->338399->338391->338773->613666->613667
rl_signal_attention,od1_sinnonhyeon_suseo,long,off_peak,7.0,23,1508.8761,1411.0668,97.8094,1343.9684,223.5835,10411.6,3,True,85,11,14,60,342695->342700->343100->342865->342652->342116->342672->340587->646667->646362->341982->342679->342651->342679->341983->342673->646784->646782->341597->344261->341907->341605->341594->343104->341601->343106->343943->342693->341607->344213->343102->341557->342643->341561->341562->341564->342645->341559->342115->343710->341560->341518->341517->341516->341515->342114->563094->646707->342613->341535->343726->343919->338310->339265->338311->339297->339000->339664->338312->338344->562956->562955->562956->562954->338355->338356->339216->339584->338280->338279->587863->340185->340186->338897->340035->338396->338400->338399->338391->338406->338405->338404->338391->338773->613666->613667
rl_signal_attention,od1_sinnonhyeon_suseo,long,off_peak,7.0,24,1460.5916,1246.8144,213.7772,1222.3765,488.6757,9747.3,7,True,79,10,12,57,342695->342700->343100->342865->342652->342116->341785->341588->343777->340703->342671->342672->340587->646667->646362->341982->342679->341983->342673->646784->646782->341597->344261->341907->341605->341594->343104->341601->343106->343943->342693->341607->344213->343102->341557->342643->341561->341562->341564->342645->341559->342115->563067->342648->342147->341996->341571->341521->342613->341535->343726->343919->338310->339265->338311->339297->339000->339664->338312->338344->562956->562954->338355->338356->339216->339584->338280->338279->587863->340185->340186->338897->340035->338396->338400->338399->338391->338773->613666->613667
rl_signal_attention,od1_sinnonhyeon_suseo,long,off_peak,7.0,25,1388.7238,1298.2455,90.4783,1280.8075,206.8253,9841.0,5,True,78,10,12,56,342695->342700->343100->342865->342652->342116->342672->340587->646667->646362->341982->342679->341983->342673->646784->646782->341597->563098->342151->563301->341593->646355->341601->343106->343943->342693->341607->344213->343102->341557->342643->341561->341562->341564->342645->341559->341985->341569->344767->341558->341518->341517->341516->341515->342114->563094->646707->342613->341535->343726->343919->338310->339265->338311->339297->339000->339664->338312->338344->562956->562954->338355->338356->339216->339584->338280->338279->587863->340185->340186->338897->340035->338396->338400->338399->338391->338773->613666->613667
rl_signal_attention,od1_sinnonhyeon_suseo,long,off_peak,7.0,26,1325.6282,1229.9818,95.6464,1210.9297,218.6391,9628.7,4,True,79,10,11,58,342695->342700->343100->342865->342652->342116->342672->340587->646667->646362->341982->342679->341983->342673->646784->646782->341597->344261->341907->341605->341594->343104->341601->343106->343943->342693->341607->344213->343102->341557->342643->341561->341562->341564->342645->341559->342115->343710->341560->341518->341517->341516->341515->342114->563094->646707->342613->341535->343726->343919->338310->339265->338311->339297->339000->339664->338312->338344->562956->562954->338355->338356->339216->339584->338280->338279->587863->340185->340186->338897->340035->338396->338400->646212->338398->338399->338391->338773->613666->613667
rl_signal_attention,od1_sinnonhyeon_suseo,long,off_peak,7.0,27,1309.8949,1240.481,69.4139,1327.7646,158.674,9588.4,3,True,74,8,10,56,342695->342700->343100->342865->342652->342116->342672->340587->646667->646362->341982->342679->341983->342673->646784->646782->341597->344261->341907->341605->341594->343104->341601->343106->343943->342693->341607->344213->343102->341557->342643->341561->341562->341564->342645->341559->342115->563067->342648->342147->341996->341571->341521->342613->341535->343726->343919->338310->339265->338311->339297->339000->339664->338312->338344->562956->562954->338355->338356->339216->339584->338280->338279->587863->340185->340186->338897->340035->338396->338400->338399->338391->338773->613666->613667
rl_signal_attention,od1_sinnonhyeon_suseo,long,off_peak,7.0,28,1733.7215,1534.0612,199.6603,1441.6996,456.4058,11150.8,8,True,95,13,14,68,342695->342700->343100->342865->342652->342116->342672->340587->646667->646362->341982->342679->341983->342673->646784->646782->341597->344261->341907->341605->341594->343104->341601->343106->343943->342693->341607->344213->343102->341557->342643->341561->341562->341564->342645->341559->342115->343710->341560->341518->341517->341516->341515->342114->563094->646707->342613->341535->343726->343919->338310->339265->338311->338769->338324->339229->343940->344529->344530->341535->343726->343919->338310->339265->338311->339297->339000->339664->338312->338344->340271->338314->338707->338313->338712->338344->562956->562954->338355->338356->339216->339584->338280->338279->587863->340185->340186->338897->340035->338396->338400->338399->338391->338773->613666->613667
rl_signal_attention,od1_sinnonhyeon_suseo,long,off_peak,7.0,29,1647.1974,1494.6568,152.5405,1481.2069,348.6942,11407.2,7,True,98,13,15,70,342695->342700->343100->342865->342652->342116->342672->340587->646667->646362->341982->342679->341983->342673->646784->646782->341597->563098->342151->563301->341593->646355->341601->343106->343943->342693->341607->344213->343102->341557->342643->341561->341562->341564->342645->341559->341985->341569->344767->341558->341518->341517->341512->646737->341511->342869->341510->343158->343157->341519->342113->342112->341739->341535->343726->343919->338310->339265->338311->646265->338733->339152->338790->339123->338602->338223->338603->339126->338348->338347->338346->339296->338349->338341->338728->339266->338343->338312->338344->562956->562954->338355->338356->339216->339584->338280->338279->587863->340185->340186->338897->340035->338396->338400->338399->338391->338773->613666->613667
rl_signal_attention,od1_sinnonhyeon_suseo,long,off_peak,7.0,30,1508.4941,1387.1292,121.365,1423.9269,277.4295,10450.6,7,True,82,9,12,61,342695->342700->343100->342865->342652->342116->342672->340587->646667->646362->341982->342679->341983->342673->563097->342669->646669->646668->342670->343657->342666->342663->342681->342680->342150->646876->342149->646876->342150->341591->341592->342649->341608->341553->341563->341552->341562->341564->342645->341559->341985->341569->344767->341558->341518->341517->341516->341515->341519->342113->342112->341739->341535->343726->343919->338310->339265->338311->339297->339000->339664->338312->338344->562956->562954->338355->338356->339216->339584->338280->338279->587863->340185->340186->338897->340035->338396->338400->338399->338391->338773->613666->613667
rl_signal_attention,od1_sinnonhyeon_suseo,long,peak,8.0,1,1512.3699,1363.6417,148.7282,1407.3302,339.9795,9925.9,8,True,81,10,12,59,342695->342700->343100->342865->342652->342116->342672->340587->646667->646362->341982->342679->341983->342673->646784->646782->341597->344261->341907->341605->341594->343104->341601->343106->343943->342693->341607->344213->343102->341557->342643->341561->341562->341564->342645->341559->342115->343710->341560->341518->341517->341516->341515->341519->342113->342112->341739->341535->344530->344529->343940->339229->338324->338769->338311->339297->339000->339664->338312->338344->562956->562954->338355->338356->339216->339584->340268->338759->338758->338279->587863->340185->340186->338897->340035->338396->338400->338399->338391->338773->613666->613667
rl_signal_attention,od1_sinnonhyeon_suseo,long,peak,8.0,2,1499.6368,1358.5354,141.1014,1387.2114,322.5452,9888.6,6,True,80,10,12,58,342695->342700->343100->342865->342652->342116->342672->340587->646667->646362->341982->342679->341983->342673->646784->646782->341597->344261->341907->341605->341594->343104->341601->343106->343943->342693->341607->344213->343102->341557->342643->341561->341562->341564->342639->563096->342115->563067->342648->342147->341996->341571->341521->342613->341535->343726->343919->338310->339265->338311->339297->339000->339664->338312->338344->562956->562954->338355->338356->339216->339584->338280->338279->587863->340185->340186->338897->340035->338396->338400->338399->338391->338773->613628->338388->338390->613789->613788->338611->613666->613667
rl_signal_attention,od1_sinnonhyeon_suseo,long,peak,8.0,3,1738.4328,1587.2232,151.2096,1777.7881,345.6516,11572.4,7,True,90,17,14,59,342695->342700->343100->342865->342652->342116->342672->340587->342670->646668->646669->342669->342679->341983->342673->646784->646782->341597->344261->341907->341605->341595->341594->343104->341601->343106->343943->342693->341607->344213->343102->341557->342643->341561->341563->341552->341562->341564->342639->563096->342115->563067->342648->342147->341996->341571->341521->342613->341535->343726->343919->338310->339265->338311->338769->338324->339229->343940->344529->344530->341535->343726->343919->338310->339265->338311->339297->339000->339664->338312->338344->562956->562954->338355->338356->339216->339584->338280->338279->587863->340185->340186->338897->340035->338396->338400->338399->338391->338773->613666->613667
rl_signal_attention,od1_sinnonhyeon_suseo,long,peak,8.0,4,1407.3261,1317.6519,89.6742,1411.5911,204.9873,9955.2,4,True,82,10,11,61,342695->342700->343100->342865->342652->342116->342672->340587->646667->646362->341982->342679->341983->342673->646784->646782->341597->344261->341907->341605->341594->343104->341601->343106->343943->342693->341607->344213->343102->341557->342643->341561->341562->341564->342645->341559->342115->343710->341560->341518->341517->341516->341515->341510->343158->343157->341519->342113->342112->341739->341535->343726->343919->338310->339265->338311->339297->339000->339664->339665->339664->338312->338344->562956->562954->338355->338356->339216->339584->338280->338279->587863->340185->340186->338897->340035->338396->338400->338399->338391->338773->613666->613667
rl_signal_attention,od1_sinnonhyeon_suseo,long,peak,8.0,5,1660.2806,1460.9971,199.2834,1541.2155,455.5442,10381.0,8,True,86,11,14,61,342695->342700->343100->342865->342652->342116->342672->340587->341789->341589->340701->563070->340700->341581->342666->343657->342670->646668->646669->342669->342679->341983->342673->646784->646782->341597->344261->341907->341605->341594->343104->341601->343106->343943->342693->341607->344213->343102->341557->342643->341561->341562->341564->342645->341559->342115->563067->342648->342147->341996->341571->341521->342613->341535->343726->343919->338310->339265->338311->339297->339000->339664->338312->338709->338313->340271->338344->562956->562954->338355->338356->339216->339584->338280->338279->587863->340185->340186->338897->340035->338396->338400->338399->338391->338773->613666->613667
rl_signal_attention,od1_sinnonhyeon_suseo,long,peak,8.0,6,1462.0081,1329.3234,132.6847,1413.7375,303.3054,10125.5,6,True,86,8,13,65,342695->342700->343100->342865->342652->342116->342672->340587->646667->646362->341982->342679->341983->342673->646784->646782->341597->344261->341907->341605->341594->343104->341601->342684->341598->343105->341906->341605->341595->341594->343104->341601->343106->343943->342693->341607->344213->343102->341557->342643->341561->341562->341564->342645->341559->342115->343710->341560->341518->341517->341516->341515->341519->342113->342112->341739->341535->343726->343919->338310->339265->338311->339297->339000->339664->338312->338344->562956->562954->338355->338356->339216->339584->338280->338279->587863->340185->340186->338897->340035->338396->338400->338399->338391->338773->613666->613667
rl_signal_attention,od1_sinnonhyeon_suseo,long,peak,8.0,7,1489.1052,1378.1997,110.9055,1420.9819,253.52,10050.1,4,True,80,11,13,56,342695->342700->343100->342865->342652->342116->342672->340587->646667->646362->341982->342679->341983->342673->646784->646782->341597->344261->341907->341605->341594->343104->341601->343106->343943->342693->341607->344213->343102->341557->342643->341561->341562->341564->342639->563096->342115->563067->342648->342147->341996->341571->341521->342613->341535->343726->343919->338310->339265->338311->339297->339000->339664->338312->338709->338313->340271->338344->562956->562954->338355->338356->339216->339584->338280->338279->587863->340185->340186->338897->340035->338396->338400->338399->338398->338407->338406->338391->338773->613666->613667
rl_signal_attention,od1_sinnonhyeon_suseo,long,peak,8.0,8,1910.8125,1692.4831,218.3294,1722.3431,499.0816,13848.2,10,False,82,7,12,63,342695->342700->343100->342865->342652->342116->342672->340587->646667->646362->341982->342679->341983->342673->646784->646782->341597->344261->341907->341605->341594->343104->341601->343106->343943->342693->341607->344213->343102->341557->342643->341561->341562->341564->342645->341559->342115->343710->341560->341518->341517->341516->341515->341519->342113->342112->341739->341535->343726->343919->338310->339265->338311->339297->339000->339664->338312->338344->562956->562954->338355->338356->339216->339584->338280->338279->587863->338899->339250->338904->338885->340182->340183->340029->562947->562946->562945->562943->562941->562907->562940->562941->562943
rl_signal_attention,od1_sinnonhyeon_suseo,long,peak,8.0,9,1397.7046,1298.3453,99.3593,1391.846,227.1265,9824.7,4,True,81,11,11,59,342695->342700->343100->342865->342652->342116->342672->340587->646667->646362->341982->342679->341983->342673->646784->646782->341597->344261->341907->341605->341594->343104->341601->343106->343943->342693->341607->344213->343102->341557->342643->341561->341562->341564->342645->341559->342115->343710->341560->341518->341517->341516->341515->341519->342113->342114->563094->646707->646706->646707->342613->341535->343726->343919->338310->339265->338311->339297->339000->339664->338312->338344->562956->562954->338355->338356->339216->339584->338280->338279->587863->340185->340186->338897->340035->338396->338400->338399->338391->338773->613666->613667
rl_signal_attention,od1_sinnonhyeon_suseo,long,peak,8.0,10,1520.6104,1399.0263,121.5841,1422.7665,277.9305,10475.2,4,True,83,11,12,60,342695->342700->343100->342865->342652->342116->342672->340587->646667->646362->341982->342679->341983->342673->646784->646782->341597->344261->341907->341605->341594->343104->341601->343106->343943->342693->341607->344213->343102->341557->342643->341561->341562->341564->342645->341559->342115->343710->341560->341518->341517->341516->341515->342114->563094->646707->342613->341535->343726->343919->338310->339265->338311->339297->339000->339664->338312->338344->562956->562954->338355->338356->339216->339816->339216->339584->338280->338279->587863->340185->340186->338897->340035->338396->338400->338399->338391->338406->338405->338404->338391->338773->613666->613667
rl_signal_attention,od1_sinnonhyeon_suseo,long,peak,8.0,11,1935.85,1630.7047,305.1453,1748.3179,697.5352,12294.9,10,True,94,18,13,63,342695->342700->343100->342834->341621->344204->342159->342700->343100->342865->342652->342116->342672->340587->646667->646362->341982->342679->341983->342673->646784->646783->646784->342673->563097->342669->646669->646668->342670->343657->342666->342663->342681->342680->342150->341591->341592->342649->341608->341553->341563->341552->341562->341564->342645->341559->342115->563067->342648->342147->341996->341571->341521->342613->341535->343726->343919->338310->339265->338311->339297->339000->339664->339665->339664->338312->338344->562956->562954->338355->338356->339216->339584->340268->338759->338758->338302->338301->338759->340269->587862->587861->338279->587863->340185->340186->338897->340035->338396->338400->338399->338391->338773->613666->613667
rl_signal_attention,od1_sinnonhyeon_suseo,long,peak,8.0,12,1401.0195,1352.8038,48.2158,1512.352,110.217,9837.0,3,True,78,9,11,58,342695->342700->343100->342865->342652->342116->342672->340587->646667->646362->341982->342679->341983->342673->646784->646782->341597->563098->342151->563301->341593->646355->341601->343106->343943->342693->341607->344213->343102->341557->342643->341561->341562->341564->342645->341559->341985->341569->344767->341558->341518->341517->341516->341515->341519->342113->342112->341739->341535->343726->343919->338310->339265->338311->339297->339000->339664->338312->338344->562956->562954->338355->338356->339216->339584->338280->338279->587863->340185->340186->338897->340035->338396->338400->338399->338391->338773->613666->613667
rl_signal_attention,od1_sinnonhyeon_suseo,long,peak,8.0,13,1355.5885,1269.6198,85.9687,1415.5304,196.5168,9588.4,4,True,74,8,10,56,342695->342700->343100->342865->342652->342116->342672->340587->646667->646362->341982->342679->341983->342673->646784->646782->341597->344261->341907->341605->341594->343104->341601->343106->343943->342693->341607->344213->343102->341557->342643->341561->341562->341564->342645->341559->342115->563067->342648->342147->341996->341571->341521->342613->341535->343726->343919->338310->339265->338311->339297->339000->339664->338312->338344->562956->562954->338355->338356->339216->339584->338280->338279->587863->340185->340186->338897->340035->338396->338400->338399->338391->338773->613666->613667
rl_signal_attention,od1_sinnonhyeon_suseo,long,peak,8.0,14,1788.3305,1661.2576,127.0729,1809.551,290.4773,12068.8,7,True,99,13,22,64,342695->342700->343100->342865->342652->342116->342672->340587->646667->646362->341982->342679->341983->342673->646784->646782->341597->344261->341907->341605->341594->343104->341601->343106->343943->342693->341607->344213->343102->341557->342643->341561->341562->341564->342645->341559->342115->343710->341560->341518->341517->341516->341511->342869->341510->343158->343157->341519->342113->342112->341739->341535->344530->344529->343940->339229->338324->338769->338311->339265->338310->343919->343726->341535->344530->344529->343940->339229->338324->338769->338311->339297->339000->339664->338312->338344->562956->562954->338355->338356->339216->339584->338280->338279->587863->340185->340186->338897->340035->338396->338400->338399->338391->338404->338405->338406->338391->338773->613666->613667
rl_signal_attention,od1_sinnonhyeon_suseo,long,peak,8.0,15,1396.2469,1324.6051,71.6418,1390.6521,163.7668,9623.5,4,True,78,8,10,60,342695->342700->343100->342865->342652->342116->342672->340587->646667->646362->341982->342679->341983->342673->646784->646782->341597->344261->341907->341605->341594->343104->341601->343106->343943->342693->341607->344213->343102->341557->342643->341561->341562->341564->342645->341559->342115->563067->342648->342147->341996->341571->341521->342613->341535->343726->343919->338310->339265->338311->339297->339000->339664->338312->338344->562956->562954->338355->338356->339216->339584->338280->338279->587863->340185->340186->338897->340035->338396->338400->338399->338391->338773->613666->338611->613788->338395->338612->613667
rl_signal_attention,od1_sinnonhyeon_suseo,long,peak,8.0,16,1362.8021,1240.2292,122.5729,1354.4644,280.1907,9578.5,4,True,77,7,9,61,342695->342700->343100->342865->342652->342116->342672->340587->646667->646362->341982->342679->341983->342673->646784->646782->341597->344261->341907->341605->341594->343104->341601->343106->343943->342693->341607->344213->343102->341557->342643->341561->341562->341564->342645->341559->342115->343710->341560->341518->341517->341516->341515->341519->342113->342112->341739->341535->343726->343919->338310->339265->338311->339297->339000->339664->338312->338344->562956->562954->338355->338356->339216->339584->338280->338279->587863->340185->340186->338897->340035->338396->338400->338399->338391->338773->613666->613667
rl_signal_attention,od1_sinnonhyeon_suseo,long,peak,8.0,17,1391.3343,1309.6092,81.725,1395.9524,186.8162,9805.3,5,True,79,9,11,59,342695->342700->343100->342865->342652->342116->342672->340587->646667->646362->341982->342679->341983->342673->646784->646782->341597->344261->341907->341605->341594->343104->341601->343106->343943->342693->341607->344213->343102->341557->342643->341561->341562->341564->342645->341559->342115->343710->341560->341518->341517->341516->341515->341519->342113->342114->563094->646707->342613->341535->343726->343919->338310->339265->338311->339297->339000->339664->338312->338344->562956->562954->338355->338356->339216->339584->338280->338279->587863->340185->340186->338897->340035->338396->338400->338399->338391->338773->613666->613667
rl_signal_attention,od1_sinnonhyeon_suseo,long,peak,8.0,18,1475.8231,1308.6155,167.2076,1417.5035,382.2217,9830.1,7,True,87,8,10,69,342695->342700->343100->342865->342652->342116->342672->340587->646667->646362->341982->342679->341983->342673->646784->646782->341597->344261->341907->341605->341594->343104->341601->343106->343943->342693->341607->588038->563143->338261->339538->338258->339132->338586->338262->339922->340140->339002->338922->646291->338226->338252->338199->338198->338222->338726->338837->339122->646056->338604->338223->338603->339126->338348->338347->338346->339296->338349->338341->338728->339266->338343->338312->338344->338712->338313->340271->338344->562956->562954->338355->338356->339216->339584->338280->338279->587863->340185->340186->338897->340035->338396->338400->338399->338391->338773->613666->613667
rl_signal_attention,od1_sinnonhyeon_suseo,long,peak,8.0,19,1459.4652,1354.7944,104.6708,1436.3151,239.2681,9928.5,4,True,82,7,14,61,342695->342700->343100->342865->342652->342116->342672->340587->646667->646362->341982->342679->341983->342673->646784->646782->341597->344261->341907->341605->341594->343104->341601->343106->343943->342693->341607->344213->343102->341557->342643->341561->341562->341564->342645->341559->342115->343710->341560->341518->341517->341516->341515->341519->342113->342112->341739->341535->343726->343919->338310->339265->338311->339297->339000->339664->338312->338343->338313->340271->338344->562956->562954->338355->338356->339216->339584->338280->338279->587863->340185->340186->338897->340035->340034->340035->338396->338400->338399->338391->338773->613666->613667
rl_signal_attention,od1_sinnonhyeon_suseo,long,peak,8.0,20,1456.6548,1336.2243,120.4306,1448.8107,275.2936,10138.0,8,True,85,11,17,57,342695->342700->343100->342865->342652->342116->341785->341588->343777->340703->342671->342672->340587->646667->646362->341982->342679->341983->342673->646784->646782->341597->344261->341907->341605->341906->343105->341598->342684->341601->343106->343943->342693->341607->344213->343102->341557->342643->341561->341562->341564->342645->341559->342115->563067->342648->342147->341996->341571->341521->342613->341535->343726->343919->338310->339265->338311->339297->339000->339664->338312->338344->340271->338313->338712->338344->562956->562954->338355->338356->339216->339584->338280->338279->587863->340185->340186->338897->340035->338396->338400->338399->338391->338773->613666->613667
rl_signal_attention,od1_sinnonhyeon_suseo,long,peak,8.0,21,1411.8067,1354.6536,57.1531,1466.7565,130.647,9622.7,3,True,79,9,10,60,342695->342700->343100->342865->342652->342116->342672->340587->646667->646362->341982->342679->341983->342673->646784->646782->341597->344261->341907->341605->341595->341594->343104->341601->343106->343943->342693->341607->344213->343102->341557->342643->341561->341562->341564->342645->341559->341985->341569->344767->341558->341518->341517->341516->341515->341519->342113->342112->341739->341535->343726->343919->338310->339265->338311->339297->339000->339664->338312->338344->562956->562954->338355->338356->339216->339584->338280->338279->587863->340185->340186->338897->340035->338396->338400->338399->338391->338773->613666->613667
rl_signal_attention,od1_sinnonhyeon_suseo,long,peak,8.0,22,1426.4677,1304.7655,121.7022,1468.3216,278.2005,9877.4,5,True,86,7,9,70,342695->342700->343100->342865->342652->342116->342672->340587->646667->646362->341982->342679->341983->342673->646784->646782->341597->344261->341907->341605->341594->343104->341601->343106->343943->342693->341607->342685->341600->342074->338219->338218->339094->338258->613662->339651->338651->562919->562884->613773->339003->339662->341549->342639->563096->342115->343710->341560->341518->341517->341516->341515->342114->342113->342112->341739->341535->343726->343919->338310->339265->338311->339297->339000->339664->338312->338344->562956->562954->338355->338356->339216->339584->338280->338279->587863->340185->340186->338897->340035->338396->338400->338399->338391->338773->613666->613667
rl_signal_attention,od1_sinnonhyeon_suseo,long,peak,8.0,23,1468.6686,1373.0207,95.6479,1433.0777,218.6425,9953.1,4,True,80,10,11,59,342695->342700->343100->342865->342652->342116->342672->340587->646667->646362->341982->342679->341983->342673->646784->646782->341597->344261->341907->341605->341594->343104->341601->343106->343943->342693->341607->344213->343102->341557->342643->341561->341562->341564->342645->341559->342115->343710->341560->341518->341517->341516->341515->341519->342113->342112->341739->341535->343726->343919->338310->339265->338311->339297->339000->339664->338312->338344->562956->562954->338355->338356->339216->339584->338280->338279->587863->340185->340186->338897->340035->338396->338400->338399->338398->338407->338406->338391->338773->613666->613667
rl_signal_attention,od1_sinnonhyeon_suseo,long,peak,8.0,24,1373.7263,1283.7138,90.0125,1374.5376,205.7606,9574.9,4,True,78,7,9,62,342695->342700->343100->342865->342652->342116->342672->340587->646667->646362->341982->342679->341983->342673->646784->646782->341597->344261->341907->341605->341594->343104->341601->343106->343943->342693->341607->344213->343102->341557->342643->341561->341562->341564->342645->341559->341985->341569->344767->341558->341518->341517->341516->341515->341519->342113->342112->341739->341535->343726->343919->338310->339265->338311->339297->339000->339664->338312->338344->562956->562954->338355->338356->339216->339584->338280->338279->587863->340185->340186->338897->340035->338396->338400->338399->338391->338773->613666->613667
rl_signal_attention,od1_sinnonhyeon_suseo,long,peak,8.0,25,1672.3661,1552.1807,120.1853,1791.6981,274.733,11322.3,7,True,101,29,14,58,342695->342699->342703->341653->341612->339008->339015->338140->339430->339432->339433->338158->338157->338139->562936->339292->339070->613767->613766->338920->646136->339130->339129->338926->646136->339130->339129->338926->646136->339130->339129->338926->646136->339130->339129->338926->338254->339133->338229->340484->339098->342073->342687->341600->342685->341607->344213->343102->341557->342643->341555->341556->342153->343109->613772->339003->339662->341549->342639->563096->342115->563067->342648->342147->341996->341571->341521->342613->341535->343726->343919->338310->339265->338311->339297->339000->339664->338312->338344->562956->562954->338355->338356->339216->339584->338280->338279->587863->340185->340186->338897->340035->338396->338400->338399->338398->338407->338406->338391->338773->613666->613667
rl_signal_attention,od1_sinnonhyeon_suseo,long,peak,8.0,26,1390.2104,1289.0634,101.147,1379.4188,231.2131,9758.5,4,True,78,9,12,57,342695->342700->343100->342865->342652->342116->342672->340587->646667->646362->341982->342679->341983->342673->646784->646782->341597->344261->341907->341605->341594->343104->341601->343106->343943->342693->341607->344213->343102->341557->342643->341561->341562->341564->342639->563096->342115->563067->342648->342147->341996->341571->341521->342613->341535->343726->343919->338310->339265->338311->339297->339000->339664->338312->338344->338712->338313->340271->338344->562956->562954->338355->338356->339216->339584->338280->338279->587863->340185->340186->338897->340035->338396->338400->338399->338391->338773->613666->613667
rl_signal_attention,od1_sinnonhyeon_suseo,long,peak,8.0,27,1450.8701,1344.8707,105.9994,1409.8918,242.3053,10142.1,6,True,74,9,13,52,342695->342700->343100->342865->342652->342116->341788->341787->563170->341731->341603->341729->341598->342684->341601->343106->343943->342693->341607->344213->343102->341557->342643->341561->341562->341564->342645->341559->341985->341569->344767->341558->341518->341517->341516->341515->341519->342113->342112->341739->341535->343726->343919->338310->339265->338311->339297->339000->339664->338312->338344->562956->562954->338355->338356->339216->339584->338280->338279->587861->587864->338758->338279->587863->340185->340186->338897->340035->338396->338400->338399->338391->338773->613666->613667
rl_signal_attention,od1_sinnonhyeon_suseo,long,peak,8.0,28,1421.7908,1296.072,125.7188,1441.7144,287.3821,9547.1,6,True,76,8,10,58,342695->342700->343100->342865->342652->342116->342672->340587->646667->646362->341982->342679->341983->342673->646784->646782->341597->344261->341907->341605->341594->343104->341601->343106->343943->342693->341607->344213->343102->341557->342643->341555->341736->341568->341735->341564->342645->341559->342115->563067->342648->342147->341996->341571->341521->342613->341535->343726->343919->338310->339265->338311->339297->339000->339664->338312->338344->562956->562954->338355->338356->339216->339584->338280->338279->587863->340185->340186->338897->340035->338396->338400->338399->338391->338773->613666->613667
rl_signal_attention,od1_sinnonhyeon_suseo,long,peak,8.0,29,1367.9046,1270.486,97.4186,1385.0659,222.6902,9588.4,5,True,74,8,10,56,342695->342700->343100->342865->342652->342116->342672->340587->646667->646362->341982->342679->341983->342673->646784->646782->341597->344261->341907->341605->341594->343104->341601->343106->343943->342693->341607->344213->343102->341557->342643->341561->341562->341564->342645->341559->342115->563067->342648->342147->341996->341571->341521->342613->341535->343726->343919->338310->339265->338311->339297->339000->339664->338312->338344->562956->562954->338355->338356->339216->339584->338280->338279->587863->340185->340186->338897->340035->338396->338400->338399->338391->338773->613666->613667
rl_signal_attention,od1_sinnonhyeon_suseo,long,peak,8.0,30,1443.3434,1353.0197,90.3237,1497.4239,206.472,10314.2,4,True,83,11,9,63,342695->342700->343100->342865->342652->342116->342672->340587->646667->646362->341982->342679->341983->342673->646784->646782->341597->344261->341907->341605->341594->343104->341601->343106->343943->342693->341607->344213->343102->341557->342643->341561->341562->341564->342645->342148->342644->341552->341562->341564->342645->341559->342115->343710->341560->341518->341517->341516->341515->341519->342113->342112->341739->341535->343726->343919->338310->339265->338311->339297->339000->339664->338312->338344->562956->562954->338355->338356->339216->339584->338280->338279->587863->340185->340186->338897->340035->338396->338400->338399->338391->338773->613666->613667
rl_signal_attention,od2_yangjae_yeongdong,long,off_peak,7.0,1,1107.3526,946.4498,160.9028,977.9337,367.8095,7266.2,9,True,69,8,10,51,338734->338736->338735->338272->339089->339746->340118->339743->340334->339307->338934->338933->338631->339979->340332->338581->338269->338705->339116->339138->338582->338268->338262->338586->339132->338258->613662->339651->338651->562919->562884->613773->339003->339662->341549->342639->563096->342115->343710->341560->341518->341517->341516->341515->341510->343158->343160->344191->344189->342755->341769->341499->341492->340588->342606->342607->342608->342755->341769->341499->341492->343516->343774->563132->646319->344219->341546->343780->342515->342812
rl_signal_attention,od2_yangjae_yeongdong,long,off_peak,7.0,2,1161.6573,987.2693,174.388,982.6351,398.6354,7536.4,8,True,69,11,6,52,338734->338736->338735->338272->339089->338990->340239->339744->339087->340330->340328->339088->339091->339090->338268->338262->339922->340140->339002->338922->339657->338655->340247->340245->338921->340159->339654->338999->338649->339127->338226->339093->339128->341549->342639->563096->342115->343710->341560->341518->341517->341512->646737->341511->342869->341510->343158->343160->344191->344189->342755->341769->341499->341492->343516->343774->563132->646319->344219->341546->343780->342515->646346->646572->646574->646573->646572->646346->342515->342812
rl_signal_attention,od2_yangjae_yeongdong,long,off_peak,7.0,3,986.38,847.442,138.938,920.0551,317.6,6721.7,9,True,59,8,6,45,338734->338736->338735->338272->339089->338990->340239->339744->339087->338934->338933->338631->339979->340332->338581->338269->338705->339116->339138->338582->338268->338262->339922->340140->339002->338922->646291->338226->339093->339128->341549->342639->563096->342115->343710->341560->341518->341517->341516->341515->341510->343158->343160->344191->344189->342755->341769->341499->341492->343516->343774->563132->646319->344219->341546->342524->343662->342516->342515->342812
rl_signal_attention,od2_yangjae_yeongdong,long,off_peak,7.0,4,1080.5243,891.6067,188.9176,910.872,431.849,6589.0,8,True,68,11,11,46,338734->340338->338275->338104->338217->339014->339574->338272->339089->338990->339743->340334->339307->338934->338933->338631->339979->340332->338581->338269->338580->339112->339947->339096->338710->338991->339115->338205->338998->340121->338997->645954->339806->646068->338655->339657->338922->646291->338226->339093->339128->341549->342639->563096->342115->343710->341560->341518->341517->341516->341515->341510->343158->343160->344191->344189->342755->341769->341499->341492->343516->343774->563132->646319->344219->341546->343780->342515->342812
rl_signal_attention,od2_yangjae_yeongdong,long,off_peak,7.0,5,940.7571,812.307,128.4501,901.1572,293.6254,6489.3,8,True,51,5,3,43,338734->338736->338735->338272->339089->338990->340239->339744->339087->340330->340328->339088->339091->339090->338268->338262->339922->340140->339002->338922->646291->338226->339093->339128->341549->342639->563096->342115->343710->341560->341518->341517->341516->341515->341510->343158->343160->344191->344189->342755->341769->341499->341492->343516->343774->563132->646319->344219->341546->343780->342515->342812
rl_signal_attention,od2_yangjae_yeongdong,long,off_peak,7.0,6,961.2232,831.6095,129.6138,890.2293,296.2856,6647.7,8,True,52,7,5,40,338734->338736->338735->338272->339089->338990->340239->339744->339087->340330->340328->339088->339091->339090->338268->338262->339922->340140->339002->338922->646291->338226->339093->339128->341549->342639->563096->342115->563067->342648->341560->341518->341517->341516->341515->341510->343158->343160->344191->344189->342755->341769->341499->341492->343516->343774->563132->646319->344219->341546->343780->342515->342812
rl_signal_attention,od2_yangjae_yeongdong,long,off_peak,7.0,7,981.9621,866.5942,115.3679,921.647,263.7207,6871.0,8,True,56,7,5,44,338734->338736->338735->339574->338272->339089->338990->340239->339744->339087->340330->340328->339088->339091->339090->338268->338262->339922->340140->339002->338922->646291->338226->339093->339128->341549->341566->341568->341735->341564->342645->341559->342115->343710->341560->341518->341517->341516->341515->341510->343158->343160->344191->344189->342755->341769->341499->341492->343516->343774->563132->646319->344219->341546->343780->342515->342812
rl_signal_attention,od2_yangjae_yeongdong,long,off_peak,7.0,8,1292.6167,1054.6798,237.9369,1158.298,543.9027,8306.2,12,True,82,17,9,56,338734->338736->338735->338272->339089->338990->340239->339744->339087->340330->340328->339088->339117->338775->338269->338580->339112->339947->339096->338710->338991->339115->338205->338998->340121->338997->645954->339806->646068->338655->339657->338922->646291->338226->339093->339128->341549->342639->563096->342115->343710->341560->341518->341517->341516->341515->341510->343158->343160->344191->344189->344188->344809->344810->344188->344189->342755->341769->341499->341492->343516->343774->563132->646319->344219->341546->343457->340697->341540->340698->341545->341772->646612->341541->341539->563187->341540->340697->343457->341546->343780->342515->342812
rl_signal_attention,od2_yangjae_yeongdong,long,off_peak,7.0,9,1173.6705,1027.5255,146.145,1178.8504,334.0745,7754.3,6,True,66,7,6,53,338734->338736->338735->338272->339089->338990->340239->339744->339087->340330->340328->339088->339091->339090->338268->338262->338586->339132->338258->339094->338218->339571->338261->341734->341572->340705->341555->341736->341568->341735->341564->342645->341559->342115->343710->341560->342648->342147->341996->341571->341521->342613->646707->563094->342114->341515->341510->343158->341977->341509->342800->343160->344191->344189->342755->341769->341499->341492->343516->343774->563132->646319->344219->341546->343780->342515->342812
rl_signal_attention,od2_yangjae_yeongdong,long,off_peak,7.0,10,1223.8598,1006.8327,217.0271,1015.1191,496.1047,7383.2,11,True,70,10,11,49,338734->338736->338735->339574->338272->339089->338990->340239->339744->339087->340330->340328->339088->339117->338775->338269->338705->339116->339138->338582->338268->338262->339922->340140->339002->338922->646291->338226->339093->339128->341549->342639->563096->342115->343710->341560->341518->341517->341516->341515->341510->343158->343160->344191->344808->344806->344807->344808->344191->344189->342755->341769->341499->341492->340588->342606->342607->342608->342755->341769->341499->341492->343516->343774->563132->646319->344219->341546->343780->342515->342812
rl_signal_attention,od2_yangjae_yeongdong,long,off_peak,7.0,11,1022.0316,811.8769,210.1548,863.6734,480.3951,6486.6,10,True,54,5,3,46,338734->338736->338735->338272->339089->338990->340239->339744->339087->340330->340328->339088->339091->339090->338268->338262->339922->340140->339002->338922->646291->338226->339093->339128->341549->342639->563096->342115->343710->341560->341518->341558->563191->341512->646737->341511->342869->341510->343158->343160->344191->344189->342755->341769->341499->341492->343516->343774->563132->646319->344219->341546->343780->342515->342812
rl_signal_attention,od2_yangjae_yeongdong,long,off_peak,7.0,12,1103.5606,937.3039,166.2567,962.1056,380.0482,7216.8,8,True,77,10,9,58,338734->338736->338735->338272->339089->338990->340239->339744->339087->338934->338933->338631->339979->340332->338581->338269->338580->339112->339947->339096->338710->338991->339115->338205->338998->340121->338997->645954->339806->646068->338655->339657->338922->339002->340140->339922->338262->338586->339132->338258->613662->339651->338651->562921->562923->342153->343109->613772->339003->339662->341549->342639->563096->342115->343710->341560->341518->341517->341516->341515->341510->343158->343160->344191->344189->342755->341769->341499->341492->343516->343774->563132->646319->344219->341546->343780->342515->342812
rl_signal_attention,od2_yangjae_yeongdong,long,off_peak,7.0,13,1080.8764,913.712,167.1644,960.7448,382.123,7208.3,8,True,61,8,6,47,338734->338736->338735->338272->339089->338990->340239->339744->339087->340330->340328->339088->339091->339090->338268->338262->338587->338588->339119->338589->338205->338998->340121->338997->645954->339806->646068->338655->339657->338922->646291->338226->339093->339128->341549->342639->563096->342115->343710->341560->341518->341517->341516->341515->341510->343158->343160->344191->344189->342755->341769->341499->341492->343516->343774->563132->646319->344219->341546->343780->342515->342812
rl_signal_attention,od2_yangjae_yeongdong,long,off_peak,7.0,14,921.5084,791.7358,129.7726,895.4054,296.6487,6489.3,8,True,51,5,3,43,338734->338736->338735->338272->339089->338990->340239->339744->339087->340330->340328->339088->339091->339090->338268->338262->339922->340140->339002->338922->646291->338226->339093->339128->341549->342639->563096->342115->343710->341560->341518->341517->341516->341515->341510->343158->343160->344191->344189->342755->341769->341499->341492->343516->343774->563132->646319->344219->341546->343780->342515->342812
rl_signal_attention,od2_yangjae_yeongdong,long,off_peak,7.0,15,1122.9552,935.9093,187.046,914.0286,427.5705,6730.2,7,True,71,15,12,44,338734->338736->338735->338272->339089->338990->339743->340334->339307->338934->338933->338631->339979->340332->338581->338269->338580->339112->339947->339096->338710->338991->339115->338205->338998->340121->340120->340121->338997->645954->339806->646068->338655->339657->338922->646291->338226->339093->339128->341549->342639->563096->342115->343710->341560->341518->341517->341516->341515->341510->343158->343160->344191->344189->344188->344809->344810->344188->344189->342755->341769->341499->341492->343516->343774->563132->646319->344219->341546->343780->342515->342812
rl_signal_attention,od2_yangjae_yeongdong,long,off_peak,7.0,16,1104.3219,979.7886,124.5333,1008.6154,284.6722,7385.5,7,True,73,14,14,45,338734->340338->338275->338104->338217->339014->339574->338272->339089->338990->339743->340334->339307->338934->338933->338631->339979->340332->338581->338269->338705->339116->339138->338582->338268->338262->338586->339132->338258->613662->339651->338651->562919->562884->613773->613772->339003->339662->341549->342639->563096->342115->343710->341560->341518->341517->341516->341515->341510->343158->343160->344191->344189->342755->341769->341499->341492->343516->343774->563132->646319->646416->646353->344394->343664->646556->343664->344394->646353->342524->343662->342516->342515->342812
rl_signal_attention,od2_yangjae_yeongdong,long,off_peak,7.0,17,956.1201,828.8588,127.2614,895.4901,290.9082,6718.4,7,True,53,5,5,43,338734->338736->338735->338272->339089->338990->340239->339744->339087->340330->340328->339088->339091->339090->338268->338262->339922->340140->339002->338922->646291->338226->339093->339128->341549->342639->563096->342115->343710->341560->341518->341517->341516->341515->341510->343158->343157->343159->343160->344191->344189->342755->341769->341499->341492->343516->343774->563132->646319->344219->341546->343780->342515->342812
rl_signal_attention,od2_yangjae_yeongdong,long,off_peak,7.0,18,996.5909,910.1139,86.477,989.882,197.6787,6979.6,6,True,67,11,9,47,338734->338736->338735->338272->339089->338990->339743->340334->339307->338934->338933->338631->339979->340332->338581->338269->338705->339116->339138->338582->338268->338262->338586->339132->338258->613662->339651->338651->562919->562884->613773->339003->613772->343109->342153->341556->341555->341736->341568->341735->341564->342645->341559->342115->343710->341560->341518->341517->341516->341515->341510->343158->343160->344191->344189->342755->341769->341499->341492->343516->343774->563132->646319->344219->341546->343780->342515->342812
rl_signal_attention,od2_yangjae_yeongdong,long,off_peak,7.0,19,1225.613,1013.4587,212.1542,1053.3243,484.9657,7173.3,8,True,66,10,7,49,338734->338736->338735->338272->339089->338990->339743->340334->339307->338934->338933->338631->339979->340332->338581->338269->338705->339116->339138->338582->338268->338262->339922->340140->339002->338922->339657->338655->340247->340245->338921->340159->339654->338999->338649->339127->338226->339093->339128->341549->342639->563096->342115->343710->341560->341518->341517->341516->341515->341510->343158->343160->344191->344189->342755->341769->341499->341492->343516->343774->563132->646319->344219->341546->343780->342515->342812
rl_signal_attention,od2_yangjae_yeongdong,long,off_peak,7.0,20,1358.7091,1112.8588,245.8503,1108.7398,561.9919,7960.3,11,True,82,14,12,56,338734->338736->338735->338272->339089->338990->340239->339744->339087->338934->338933->338631->339979->340332->338581->338269->338580->339112->339947->339096->338710->338991->339115->338205->338998->340121->338997->645954->339806->646068->338655->339657->338922->646291->646290->646291->338226->339127->338649->339136->645956->338227->338693->338595->338210->613615->338596->338197->339135->562865->338198->338199->342636->563067->342648->341560->341518->341517->341516->341515->341510->343158->343160->342800->341509->340646->343159->343160->344191->344189->342755->341769->341499->341492->343516->343774->563132->646319->344219->341546->343780->342515->342812
rl_signal_attention,od2_yangjae_yeongdong,long,off_peak,7.0,21,977.8929,836.9769,140.9159,863.2655,322.1213,6489.3,8,True,51,5,3,43,338734->338736->338735->338272->339089->338990->340239->339744->339087->340330->340328->339088->339091->339090->338268->338262->339922->340140->339002->338922->646291->338226->339093->339128->341549->342639->563096->342115->343710->341560->341518->341517->341516->341515->341510->343158->343160->344191->344189->342755->341769->341499->341492->343516->343774->563132->646319->344219->341546->343780->342515->342812
rl_signal_attention,od2_yangjae_yeongdong,long,off_peak,7.0,22,1041.2328,857.7185,183.5143,931.0154,419.4974,6885.4,8,True,57,7,5,45,338734->338736->338735->338272->339089->338990->340239->339744->339087->340330->340328->339088->339091->339090->338268->338262->338586->339132->338258->613662->339651->338651->562919->562884->613773->339003->339662->341549->342639->563096->342115->343710->341560->341518->341517->341516->341515->342114->342113->341519->343157->343158->343160->344191->344189->342755->341769->341499->341492->343516->343774->563132->646319->344219->341546->343780->342515->342812
rl_signal_attention,od2_yangjae_yeongdong,long,off_peak,7.0,23,1245.801,1091.8041,153.9969,1201.2332,352.0232,8214.8,9,True,77,17,12,48,338734->338736->338735->338272->339089->338990->340239->339744->339087->340330->340328->339088->339091->339090->338268->338262->338587->338588->339119->338997->339892->338997->645954->339806->646068->338655->339657->338922->646291->338226->339093->339128->341549->342639->563096->342115->343710->341560->341518->341517->341516->341515->341510->343158->343160->344191->344808->344806->344807->344808->344191->343160->343159->343157->343158->343160->344191->344189->342755->341769->341499->341492->343516->343774->563132->646319->344219->341546->343780->342515->646346->646572->646574->646573->646572->646346->342515->342812
rl_signal_attention,od2_yangjae_yeongdong,long,off_peak,7.0,24,1033.1344,916.6678,116.4666,914.1229,266.2323,7043.8,7,True,58,9,7,42,338734->338736->338735->338272->339089->338990->340239->339744->339087->340330->340328->339088->339091->339090->338268->338262->338586->339132->338258->613662->339651->338651->562919->562884->613773->339003->339662->341549->342639->563096->342115->563067->342648->341560->341518->341517->341516->341515->342114->342113->341519->343157->343158->343160->344191->344189->342755->341769->341499->341492->343516->343774->563132->646319->344219->341546->343780->342515->342812
rl_signal_attention,od2_yangjae_yeongdong,long,off_peak,7.0,25,1171.8147,981.3063,190.5084,1073.1059,435.4854,7336.4,8,True,67,14,11,42,338734->338736->338735->338272->339089->338990->339743->340334->339307->338934->338933->338631->339979->340332->338581->338269->338705->339116->339138->338582->338268->338262->339922->340140->339002->338922->646291->338226->339093->339128->341549->342639->563096->342115->563067->342648->341560->341518->341517->341516->341515->341510->343158->343160->344191->344189->342755->341769->341499->341492->343516->343774->563132->646319->646416->646353->344394->343664->646556->343664->344394->646353->342524->343662->342516->342111->343038->342812
rl_signal_attention,od2_yangjae_yeongdong,long,off_peak,7.0,26,1016.7682,837.2541,179.5141,934.3488,410.3534,6489.3,9,True,51,5,3,43,338734->338736->338735->338272->339089->338990->340239->339744->339087->340330->340328->339088->339091->339090->338268->338262->339922->340140->339002->338922->646291->338226->339093->339128->341549->342639->563096->342115->343710->341560->341518->341517->341516->341515->341510->343158->343160->344191->344189->342755->341769->341499->341492->343516->343774->563132->646319->344219->341546->343780->342515->342812
rl_signal_attention,od2_yangjae_yeongdong,long,off_peak,7.0,27,1048.9384,878.5944,170.344,955.0771,389.3912,6724.9,7,True,58,7,6,45,338734->340339->338275->338104->338217->339014->339574->338272->339089->338990->340239->339744->339087->340330->340328->339088->339091->339090->338268->338262->338586->339132->338258->613662->339651->338651->562919->562884->613773->339003->339662->341549->342639->563096->342115->343710->341560->341518->341517->341516->341515->341510->343158->343160->344191->344189->342755->341769->341499->341492->343516->343774->563132->646319->344219->341546->343780->342515->342812
rl_signal_attention,od2_yangjae_yeongdong,long,off_peak,7.0,28,1127.5265,926.5926,200.934,1052.164,459.3172,7012.1,10,True,64,8,6,50,338734->338736->338735->338272->339089->339746->340118->339743->340334->339307->338934->338933->338631->339979->340332->338581->338269->338705->339116->339138->338582->338268->338262->339922->340140->339002->338922->646291->338226->339093->339128->341549->342639->563096->342115->343710->341560->342648->342147->341996->341571->341521->342613->646707->563094->342114->341515->341510->343158->343160->344191->344189->342755->341769->341499->341492->343516->343774->563132->646319->344219->341546->343780->342515->342812
rl_signal_attention,od2_yangjae_yeongdong,long,off_peak,7.0,29,1040.5468,858.1485,182.3983,941.3762,416.9463,6718.4,7,True,53,5,5,43,338734->338736->338735->338272->339089->338990->340239->339744->339087->340330->340328->339088->339091->339090->338268->338262->339922->340140->339002->338922->646291->338226->339093->339128->341549->342639->563096->342115->343710->341560->341518->341517->341516->341515->341510->343158->343157->343159->343160->344191->344189->342755->341769->341499->341492->343516->343774->563132->646319->344219->341546->343780->342515->342812
rl_signal_attention,od2_yangjae_yeongdong,long,off_peak,7.0,30,1030.6131,831.0407,199.5723,884.9217,456.2046,6486.6,9,True,54,5,3,46,338734->338736->338735->338272->339089->338990->340239->339744->339087->340330->340328->339088->339091->339090->338268->338262->339922->340140->339002->338922->646291->338226->339093->339128->341549->342639->563096->342115->343710->341560->341518->341558->563191->341512->646737->341511->342869->341510->343158->343160->344191->344189->342755->341769->341499->341492->343516->343774->563132->646319->344219->341546->343780->342515->342812
rl_signal_attention,od2_yangjae_yeongdong,long,peak,8.0,1,971.9566,870.9884,100.9682,1037.0738,230.8044,6467.4,4,True,64,11,9,44,338734->338736->338735->338272->339089->338990->339743->340334->339307->338934->338933->338631->339979->340332->338581->338269->338580->339112->339947->339096->338710->338991->339115->338205->338998->340121->338997->645954->339806->646068->338655->339657->338922->646291->338226->339093->339128->341549->342639->563096->342115->343710->341560->341518->341517->341516->341515->341510->343158->343160->344191->344189->342755->341769->341499->341492->343516->343774->563132->646319->344219->341546->343780->342515->342812
rl_signal_attention,od2_yangjae_yeongdong,long,peak,8.0,2,978.432,831.652,146.78,932.7888,335.526,6467.4,5,True,64,11,9,44,338734->338736->338735->338272->339089->338990->339743->340334->339307->338934->338933->338631->339979->340332->338581->338269->338580->339112->339947->339096->338710->338991->339115->338205->338998->340121->338997->645954->339806->646068->338655->339657->338922->646291->338226->339093->339128->341549->342639->563096->342115->343710->341560->341518->341517->341516->341515->341510->343158->343160->344191->344189->342755->341769->341499->341492->343516->343774->563132->646319->344219->341546->343780->342515->342812
rl_signal_attention,od2_yangjae_yeongdong,long,peak,8.0,3,1052.9085,863.812,189.0965,991.1355,432.2579,6495.8,5,True,66,11,11,44,338734->338736->338735->338272->339089->338990->339743->340334->340335->340334->339307->338934->338933->338631->339979->340332->338581->338269->338580->339112->339947->339096->338710->338991->339115->338205->338998->340121->338997->645954->339806->646068->338655->339657->338922->646291->338226->339093->339128->341549->342639->563096->342115->343710->341560->341518->341517->341516->341515->341510->343158->343160->344191->344189->342755->341769->341499->341492->343516->343774->563132->646319->344219->341546->343780->342515->342812
rl_signal_attention,od2_yangjae_yeongdong,long,peak,8.0,4,1033.9524,884.1158,149.8366,1093.2452,342.5131,6651.1,8,True,59,10,5,44,338734->338736->338735->338272->339089->338990->339743->340334->339307->338934->338933->338631->339979->646073->339979->340332->338581->338269->338705->339116->339138->338582->338268->338262->339922->340140->339002->338922->646291->338226->338252->338199->338224->342071->341571->341521->342613->646707->563094->342114->341515->341519->343157->343158->343160->344191->344189->342755->341769->341499->341492->343516->343774->563132->646319->344219->341546->343780->342515->342812
rl_signal_attention,od2_yangjae_yeongdong,long,peak,8.0,5,998.144,847.0944,151.0496,927.2163,345.2859,6467.4,6,True,64,11,9,44,338734->338736->338735->338272->339089->338990->339743->340334->339307->338934->338933->338631->339979->340332->338581->338269->338580->339112->339947->339096->338710->338991->339115->338205->338998->340121->338997->645954->339806->646068->338655->339657->338922->646291->338226->339093->339128->341549->342639->563096->342115->343710->341560->341518->341517->341516->341515->341510->343158->343160->344191->344189->342755->341769->341499->341492->343516->343774->563132->646319->344219->341546->343780->342515->342812
rl_signal_attention,od2_yangjae_yeongdong,long,peak,8.0,6,1117.6692,909.6785,207.9907,1105.4264,475.4483,6486.1,8,True,63,10,8,45,338734->338736->338735->338272->339089->338990->339743->340334->339307->338934->338933->338631->339979->340332->338581->338269->338580->339112->339947->339096->338710->338991->339115->338205->338998->340121->338997->645954->339806->646068->338655->339657->338922->646291->338226->338252->338199->338224->342071->341571->341521->342613->646707->563094->342114->341515->341510->343158->343160->344191->344189->342755->341769->341499->341492->343516->343774->563132->646319->344219->341546->343780->342515->342812
rl_signal_attention,od2_yangjae_yeongdong,long,peak,8.0,7,1009.0525,854.4448,154.6077,1069.2973,353.4195,6415.8,8,True,56,7,4,45,338734->338736->338735->338272->339089->338990->339743->340334->339307->338934->338933->338631->339979->340332->338581->338269->338705->339116->339138->338582->338268->338262->339922->340140->339002->338922->646291->338226->338252->338199->338224->342071->341571->341521->342613->646707->563094->342114->341515->341510->343158->343160->344191->344189->342755->341769->341499->341492->343516->343774->563132->646319->344219->341546->343780->342515->342812
rl_signal_attention,od2_yangjae_yeongdong,long,peak,8.0,8,1247.7521,963.1255,284.6266,1141.5352,650.6311,7441.9,10,True,78,15,11,52,338734->338736->338735->338272->339089->338990->339743->340334->339307->338934->338933->338631->339979->340332->338581->338269->338580->339112->339947->339096->338710->338991->339115->338205->338998->340121->338997->645954->339806->646068->338655->339657->338922->646291->338226->339093->339128->341549->342639->341564->342645->341559->341985->341569->344767->341558->563191->341512->646737->341511->342869->341510->343158->343160->344191->344189->342755->341769->341499->341492->343516->343774->563132->646319->344219->341546->343457->340697->341540->563187->563188->563187->341540->340697->343457->341546->343780->342515->342812
rl_signal_attention,od2_yangjae_yeongdong,long,peak,8.0,9,1070.1604,867.3334,202.827,979.0799,463.6445,6462.2,6,True,67,10,8,49,338734->338736->338735->338272->339089->338990->339743->340334->339307->338934->338933->338631->339979->340332->338581->338269->338580->339112->339947->339096->338710->338991->339115->338205->338998->340121->338997->645954->339806->646068->338655->339656->339807->339810->338999->338649->339127->338226->339093->339128->341549->342639->563096->342115->343710->341560->341518->341517->341516->341515->341510->343158->343160->344191->344189->342755->341769->341499->341492->343516->343774->563132->646319->344219->341546->343780->342515->342812
rl_signal_attention,od2_yangjae_yeongdong,long,peak,8.0,10,1096.8179,946.6815,150.1364,1077.8244,343.1986,7175.1,7,True,75,13,11,51,338734->338736->338735->338272->339089->338990->339743->340334->339307->338934->338933->338631->339979->340332->338581->338269->338580->339112->339947->339096->338710->338991->339115->338205->338998->340121->338997->645954->339806->646068->338655->340247->340245->338921->340159->339654->339136->645956->338227->338693->338595->338210->613615->338596->338197->339135->562865->338198->338222->562951->340229->341571->341521->342613->646707->563094->342114->341515->341510->343158->343160->344191->344189->342755->341769->341499->341492->343516->343774->563132->646319->344219->341546->343780->342515->342812
rl_signal_attention,od2_yangjae_yeongdong,long,peak,8.0,11,1117.1419,894.0475,223.0944,1071.7541,509.9739,6721.9,11,True,61,10,5,46,338734->338736->338735->338272->339089->338990->339743->340334->339307->338934->338933->338631->339979->340332->338581->338269->338705->339116->339138->338582->338268->338262->339922->340140->339002->338922->646291->338226->338252->338199->338224->342071->341571->341521->342613->646707->563094->342114->341515->341516->341511->342869->646738->342869->341510->343158->343160->344191->344189->342755->341769->341499->341492->343516->343774->563132->646319->344219->341546->343780->342515->342812
rl_signal_attention,od2_yangjae_yeongdong,long,peak,8.0,12,1349.4971,1147.947,201.5501,1320.6844,460.7256,8411.7,9,True,89,12,10,67,338734->338736->338735->338272->339089->338990->339743->340334->339307->338934->338933->338631->339979->340332->338581->338269->338775->339117->339088->646103->338250->338815->338133->338658->338657->338132->339053->339056->340481->338654->338158->339433->339432->338157->338139->562936->339292->339070->613767->613766->613768->338803->338267->340192->338229->338218->339571->338261->341734->341572->340705->341555->341736->341568->341735->341564->342645->341559->341985->341569->344767->341558->563191->341512->646737->341511->342869->341510->343158->343160->344191->344808->344806->344807->344808->344191->344189->342755->341769->341499->341492->343516->343774->563132->646319->344219->341546->343780->342515->342812
rl_signal_attention,od2_yangjae_yeongdong,long,peak,8.0,13,2389.3357,1807.7062,581.6295,2031.7858,1329.5535,13830.0,17,True,142,32,19,91,338734->338736->338735->338272->339089->338990->339743->340334->339307->338934->338933->338631->339979->340332->338581->338269->338580->339112->339947->339096->338710->338991->339115->338205->338998->340121->338997->645954->339806->646068->338655->339657->338922->646291->338226->339093->339128->341549->342639->563096->342115->343710->343711->343710->341560->341518->341517->341516->341515->341510->343158->343160->344191->344189->342755->341769->341499->341492->343516->343774->563132->646319->344219->341546->343457->340697->341540->563187->341539->341541->646612->341772->341545->341770->342619->342620->342518->342635->342621->342622->341798->343669->341796->341544->341795->343072->342632->340699->342634->341794->341587->342681->342680->342150->341591->341592->342649->341608->341553->341563->341552->341562->341564->342639->563096->342115->343710->341560->341518->341517->341516->341515->341510->343158->343160->344191->344189->344188->344809->344810->344188->344189->342755->341769->341499->588052->341543->343075->344195->344196->341543->588052->341499->341492->343516->343774->563132->646319->344219->341546->343780->342515->342812
rl_signal_attention,od2_yangjae_yeongdong,long,peak,8.0,14,1088.7496,889.0716,199.678,1017.5118,456.4462,6759.0,5,True,68,15,11,42,338734->338736->338735->339574->338272->339089->338990->339743->340334->339307->338934->338933->338631->339979->340332->338581->338269->338580->339112->339947->339096->338710->338991->339115->338205->338998->340121->338997->645954->339806->646068->338655->339657->338922->646291->338226->339093->339128->341549->342639->563096->342115->343710->341560->341518->341517->341516->341515->341510->343158->343160->344191->344189->342755->341769->341499->341492->343516->343774->563132->646319->344219->341546->343780->342515->342516->342111->343038->342812
rl_signal_attention,od2_yangjae_yeongdong,long,peak,8.0,15,1176.7751,956.6473,220.1278,1081.2622,503.1927,7272.7,9,True,68,12,8,48,338734->338275->338104->338217->339014->339574->338272->339089->338990->339743->340334->339307->338934->338933->338631->339979->646073->339979->340332->338581->338269->338705->339116->339138->338582->338268->338262->338586->339132->338258->339094->338218->339571->338261->341734->341572->340705->341555->341736->341568->341735->341564->342645->341559->342115->343710->341560->341518->341517->341516->341515->341510->343158->343160->344191->344189->342755->341769->341499->341492->343516->343774->563132->646319->344219->341546->343780->342515->342812
rl_signal_attention,od2_yangjae_yeongdong,long,peak,8.0,16,969.3885,917.3046,52.084,1035.4207,119.0593,7206.0,6,True,68,10,7,51,338734->338736->338735->338272->339089->338990->339743->340334->339307->338934->338933->338631->339979->340332->338581->338269->338705->339116->339138->338582->338268->338583->587842->338768->338767->338254->339133->338229->340484->339098->342073->342687->341600->342685->341607->344213->343102->341557->342643->341561->341562->341564->342639->563096->342115->343710->341560->341518->341517->341516->341515->341510->343158->343160->344191->344189->342755->341769->341499->341492->343516->343774->563132->646319->344219->341546->343780->342515->342812
rl_signal_attention,od2_yangjae_yeongdong,long,peak,8.0,17,1774.0314,1323.4635,450.5678,1679.8842,1029.9581,9167.8,14,True,81,15,9,57,338734->338736->338735->338272->339089->338990->339743->340334->339307->338934->338933->340139->339308->338988->338629->338270->338628->338624->338238->338625->339478->339477->339503->338839->338840->340290->339504->338805->338590->338259->338591->338204->339653->338998->338205->339115->338991->338710->339096->339947->339112->339111->339116->339138->338582->338268->338262->339922->340140->339002->338922->646291->338226->338252->338199->338224->342071->341571->341521->342613->646707->563094->342114->341515->341510->343158->343160->344191->344189->342755->341769->341499->341492->343516->343774->563132->646319->344219->341546->343780->342515->342812
rl_signal_attention,od2_yangjae_yeongdong,long,peak,8.0,18,998.5883,884.1116,114.4768,1008.9991,261.6837,6994.1,6,True,56,9,6,41,338734->338736->338735->338272->339089->338990->339743->340334->339307->338934->339087->340330->340328->339088->339091->339090->338268->338262->338586->339132->338258->613662->339651->338651->562919->562884->613773->339003->339662->341549->342639->563096->342115->343710->341560->341518->341517->341516->341515->341510->343158->343160->344191->344189->342755->341769->341499->341492->343516->343774->563132->646319->344219->341546->343780->342515->342812
rl_signal_attention,od2_yangjae_yeongdong,long,peak,8.0,19,1300.6373,1076.7973,223.84,1246.3617,511.6784,8005.2,9,True,78,13,8,57,338734->338736->338735->338272->339089->338990->339743->340334->339307->338934->338933->340139->339308->338988->338629->338270->338628->338624->338238->338625->339478->339477->339503->338839->338840->340290->339504->338805->338590->338259->338591->338204->339653->338998->338205->338589->339119->338588->338587->338262->338586->339132->338258->613662->339651->338651->562919->562884->613773->339003->339662->341549->342639->563096->342115->343710->341560->341518->341517->341516->341515->341510->343158->343160->344191->344189->342755->341769->341499->341492->343516->343774->563132->646319->344219->341546->343780->342515->342812
rl_signal_attention,od2_yangjae_yeongdong,long,peak,8.0,20,1257.7502,984.2566,273.4936,1129.3934,625.1822,7312.5,10,True,82,16,12,54,338734->338736->338735->338272->339089->338990->339743->340334->339307->338934->338933->338631->339979->340332->338581->338269->338580->339112->339947->339096->338710->338991->339115->338205->338992->338592->338259->338591->338204->339653->338998->338205->338589->339119->338588->338587->338262->338586->339132->338258->613662->339651->338651->562921->562923->342153->343109->613772->339003->339662->341549->342639->563096->342115->343710->341560->341518->341517->341516->341515->341510->343158->343160->344191->344808->344806->344807->344808->344191->344189->342755->341769->341499->341492->343516->343774->563132->646319->344219->341546->343780->342515->342812
rl_signal_attention,od2_yangjae_yeongdong,long,peak,8.0,21,1103.7782,995.3514,108.4268,1184.3006,247.854,7527.0,4,True,72,9,11,52,338734->338736->338735->339574->339014->339013->340554->339026->340326->339052->338163->339021->339067->338162->339056->340481->338654->338158->339433->339432->338157->338139->562936->339292->339070->613767->338253->339069->339134->338230->646176->339098->342073->342687->341600->342685->341607->344213->343102->341557->342643->341561->341562->341564->342639->563096->342115->343710->343711->343710->341560->341518->341517->341516->341515->341510->343158->343160->344191->344189->342755->341769->341499->341492->343516->343774->563132->646319->344219->341546->343780->342515->342812
rl_signal_attention,od2_yangjae_yeongdong,long,peak,8.0,22,1133.7281,979.0508,154.6772,1232.0688,353.5785,7472.4,9,True,70,11,11,48,338734->338736->338735->338272->339089->338990->339743->340334->339307->338934->338933->338631->339979->340332->338581->338269->338705->339116->339138->338582->338268->338262->338586->339132->338258->613662->339651->338651->562919->562884->613773->339003->339662->341549->342639->563096->342115->343710->341560->341518->341517->341516->341515->341510->343158->343160->343159->343157->341519->341515->341516->341511->342869->341510->343158->343160->344191->344189->342755->341769->341499->341492->343516->343774->563132->646319->344219->341546->343780->342515->342812
rl_signal_attention,od2_yangjae_yeongdong,long,peak,8.0,23,1253.2107,1015.1714,238.0393,1202.6922,544.1368,7486.2,9,True,72,16,10,46,338734->338736->338735->338272->339089->338990->339743->340334->339307->338934->338933->338631->339979->340332->338581->338269->338705->339116->339111->339112->339947->339096->338710->338991->339115->338205->338998->340121->338997->645954->339806->646068->338655->339657->338922->646291->338226->338252->338199->338224->342071->341571->341521->342613->341535->341739->342112->342113->342114->341515->341510->342869->341511->341516->341515->341510->343158->343160->344191->344189->342755->341769->341499->341492->343516->343774->563132->646319->344219->341546->343780->342515->342812
rl_signal_attention,od2_yangjae_yeongdong,long,peak,8.0,24,1071.0689,865.0109,206.058,952.9169,471.0303,6593.2,7,True,70,15,10,45,338734->338736->338735->338272->339089->338990->339743->340334->339307->338934->338933->338631->339979->340332->338581->338269->338580->339112->339947->339096->338710->338991->339115->338205->338998->340121->338997->645954->339806->646068->338655->339657->338922->646291->646290->646291->338226->339093->339128->341549->342639->563096->342115->343710->341560->341518->341558->563191->563189->341512->646737->341511->342869->341510->343158->343160->344191->344189->342755->341769->341499->341492->343516->343774->563132->646319->344219->341546->343780->342515->342812
rl_signal_attention,od2_yangjae_yeongdong,long,peak,8.0,25,1463.3578,1241.7182,221.6397,1491.8423,506.6486,9592.5,8,True,81,14,12,55,338734->338736->338735->338272->339574->339014->338217->338104->338103->339026->340326->339052->338163->339021->339067->338162->339056->340481->338654->338158->339433->339432->338157->338139->339054->338156->339090->338268->338262->338586->339132->338258->613662->339651->338651->562919->562884->613773->339003->339662->341549->342639->563096->342115->343710->341560->341518->341517->341516->341515->341510->343158->343160->344191->344189->342755->341769->341499->341492->343516->343774->563132->646319->646416->646353->344394->343664->646556->343664->344394->646353->342524->343662->342516->342515->343780->341546->342524->343662->342516->342515->342812
rl_signal_attention,od2_yangjae_yeongdong,long,peak,8.0,26,998.0954,852.5543,145.5411,927.5379,332.694,6467.4,6,True,64,11,9,44,338734->338736->338735->338272->339089->338990->339743->340334->339307->338934->338933->338631->339979->340332->338581->338269->338580->339112->339947->339096->338710->338991->339115->338205->338998->340121->338997->645954->339806->646068->338655->339657->338922->646291->338226->339093->339128->341549->342639->563096->342115->343710->341560->341518->341517->341516->341515->341510->343158->343160->344191->344189->342755->341769->341499->341492->343516->343774->563132->646319->344219->341546->343780->342515->342812
rl_signal_attention,od2_yangjae_yeongdong,long,peak,8.0,27,1037.1596,854.2951,182.8645,1010.917,418.012,6511.7,10,True,60,9,6,45,338734->338736->338735->338272->339089->338990->339743->340334->339307->338934->338933->338631->339979->340332->338581->338269->338705->339116->339138->338582->338268->338262->338586->339132->338258->613662->339651->338651->562919->562884->613773->339003->339662->341549->342639->563096->342115->343710->341560->341518->341517->341516->341515->341510->343158->343160->344191->344189->342755->341769->341499->341492->343516->343774->563132->646319->344219->341546->343780->342515->342812
rl_signal_attention,od2_yangjae_yeongdong,long,peak,8.0,28,1210.5845,1017.0726,193.512,1279.9884,442.3512,7415.2,10,True,71,13,9,49,338734->338736->338735->338272->339089->338990->339743->340334->339307->338934->338933->338631->339979->340332->338581->338269->338705->339116->339138->338582->338268->338262->339922->340140->339002->338922->646291->338226->338252->338199->338224->342071->341571->341521->342613->646707->563094->342114->341515->341510->343158->343160->344191->344189->342755->341769->341499->341492->343516->343774->563132->646319->646416->646353->344394->343664->646556->343664->344394->646353->342524->343662->342516->342515->646346->646572->646574->646573->646572->646346->342515->342812
rl_signal_attention,od2_yangjae_yeongdong,long,peak,8.0,29,1025.3532,855.4465,169.9066,1038.9523,388.3915,6415.8,8,True,56,7,4,45,338734->338736->338735->338272->339089->338990->339743->340334->339307->338934->338933->338631->339979->340332->338581->338269->338705->339116->339138->338582->338268->338262->339922->340140->339002->338922->646291->338226->338252->338199->338224->342071->341571->341521->342613->646707->563094->342114->341515->341510->343158->343160->344191->344189->342755->341769->341499->341492->343516->343774->563132->646319->344219->341546->343780->342515->342812
rl_signal_attention,od2_yangjae_yeongdong,long,peak,8.0,30,1137.7696,945.8649,191.9047,1149.647,438.6772,7403.5,8,True,62,7,7,48,338734->338736->338735->338272->339089->338990->340239->339744->339087->340330->340328->339088->339091->339090->338268->338262->338586->339132->338258->613662->339651->338651->562919->562884->613773->339003->339662->341549->342639->563096->342115->343710->341560->342648->342147->341996->341571->341521->342613->646707->563094->342114->341515->341510->343158->343157->343159->343160->344191->344189->342755->341769->341499->341492->343516->343774->563132->646319->344219->341546->343780->342515->342812
rl_signal_attention,od3_segok_samsung,long,off_peak,7.0,1,1372.0964,1085.8963,286.2001,1003.9272,654.228,9000.7,8,True,51,6,5,40,340301->340393->340207->338517->338516->646042->587906->587891->339558->339337->111369->562926->111366->111357->111365->338931->340027->613620->613748->339941->646276->646278->646277->613750->613789->613788->338611->613666->338773->338391->338399->338400->338396->340035->338897->338898->338909->342043->647033->647028->647031->647029->343078->341501->343340->344393->341506->341507->341508->343159->340646->341509
rl_signal_attention,od3_segok_samsung,long,off_peak,7.0,2,1491.9983,1307.4604,184.5379,1222.7903,421.8372,10304.0,7,True,69,13,10,46,340301->340393->340207->338517->338516->646042->587906->587891->339558->339337->111369->562926->111366->111357->111365->338931->340027->613620->646079->646084->646087->613751->613758->338750->340288->340161->338732->338891->646225->338389->338387->338388->338390->613789->613750->646277->646278->646249->338395->338612->613667->613666->338773->338391->338399->338400->646212->338398->338399->338400->338396->340035->338897->338898->338909->342043->647033->647028->647031->647029->343078->341501->343340->344393->341506->341507->341508->343159->340646->341509
rl_signal_attention,od3_segok_samsung,long,off_peak,7.0,3,1254.9083,1042.447,212.4613,957.0169,485.6677,8925.3,8,True,51,6,3,42,340301->340393->340207->338517->338516->646042->587906->587891->339558->339337->111369->562926->111366->111357->111365->338931->340027->613620->613748->339941->646275->646277->646278->646249->338395->338612->613667->613666->338773->338391->338399->338400->338396->340035->338897->338898->338909->342043->647033->647028->647031->647029->343078->341501->343340->344393->341506->341507->341508->343159->340646->341509
rl_signal_attention,od3_segok_samsung,long,off_peak,7.0,4,1435.5204,1134.1212,301.3992,979.4826,688.9719,9228.9,8,True,56,7,5,44,340301->340393->340207->338517->338516->338862->338520->338863->338518->338516->646042->587906->587891->339558->339337->111369->562926->111366->111357->111365->338931->340027->613620->613748->339941->646275->646277->646278->646249->338395->338612->613667->613666->338773->338391->338399->338400->338396->340035->338897->338898->338909->342043->647033->647028->647031->647029->343078->341501->343340->344393->341506->341507->341508->343159->340646->341509
rl_signal_attention,od3_segok_samsung,long,off_peak,7.0,5,1197.1654,1035.2271,161.9383,908.6351,370.1766,9001.2,6,True,52,6,5,41,340301->340393->340207->338517->338516->646042->587906->587891->339558->339337->111369->562926->111366->111357->111365->338931->340027->613620->613748->339941->646276->646278->646277->613750->613789->613788->338611->613666->338773->338391->338399->338400->338396->340035->338897->338898->338909->342043->647033->647028->647032->647031->647029->343078->341501->343340->344393->341506->341507->341508->343159->340646->341509
rl_signal_attention,od3_segok_samsung,long,off_peak,7.0,6,1564.524,1349.5773,214.9467,1155.0747,491.349,10571.3,7,True,60,8,6,46,340301->340393->340207->338517->338516->646042->587906->587891->339558->339337->111369->562926->111366->111357->111365->338931->340027->613620->613748->339941->646276->646278->646249->338395->338612->613667->613666->338773->338391->338399->338400->338396->338397->338402->338401->646211->338407->338406->338391->338399->338400->338396->340035->338897->338898->338909->342043->647033->647028->647031->647029->343078->341501->343340->344393->341506->341507->341508->343159->340646->341509
rl_signal_attention,od3_segok_samsung,long,off_peak,7.0,7,1451.2184,1146.8525,304.3659,1129.4991,695.7535,9424.5,9,True,55,7,6,42,340301->340393->340207->338517->338516->646042->587906->587891->587909->587908->587909->587891->339558->339337->111369->562926->111366->111357->111365->338931->340027->613620->613748->339941->646275->646277->646278->646249->338395->338612->613667->613666->338773->338391->338399->338400->338396->340035->338897->338898->338909->342043->647033->647028->647031->647029->343078->341501->343340->344393->341506->341507->341508->343159->340646->341509
rl_signal_attention,od3_segok_samsung,long,off_peak,7.0,8,1289.2789,1127.74,161.5389,916.9272,369.2635,9097.4,7,True,53,7,6,40,340301->340393->340207->338517->338516->646042->587906->587891->339558->339337->111369->562926->111366->111357->111365->338931->340027->613620->613748->339941->646276->646278->646277->613750->613789->613788->338611->613666->338773->338391->338399->338400->338396->340035->338897->338898->338909->342043->647033->647028->647032->647031->647029->343078->341501->343340->344393->341506->341507->341508->343159->343157->342801->341509
rl_signal_attention,od3_segok_samsung,long,off_peak,7.0,9,1157.5126,971.4748,186.0378,846.2997,425.2658,8553.2,8,True,49,5,5,39,340301->340456->340502->340560->646141->587890->587891->339558->339337->111369->562926->111366->111357->111365->338931->340027->613620->613748->339941->646276->646278->646249->338395->338612->613667->613666->338773->338391->338399->338400->338396->340035->338897->338898->338909->342043->647033->647028->647031->647029->343078->341501->343340->344393->341506->341507->341508->343159->340646->341509
rl_signal_attention,od3_segok_samsung,long,off_peak,7.0,10,1282.0705,1133.5143,148.5562,993.2602,339.5863,9236.4,6,True,55,7,5,43,340301->340393->340207->338517->338516->646042->587906->587891->339558->339337->111369->562926->111366->111357->111365->338931->340027->613620->613748->339941->646275->646277->646278->646249->338395->338612->613667->613666->338773->338391->338399->338400->338396->340035->338897->338898->338909->342043->647033->647028->647032->647031->647029->343078->341501->343340->344393->341506->341507->341508->646563->341513->341519->343157->342801->341509
rl_signal_attention,od3_segok_samsung,long,off_peak,7.0,11,1535.1513,1292.5529,242.5984,1069.5225,554.5585,10103.6,8,True,59,7,7,45,340301->340393->340207->338517->338516->646042->587906->587891->339558->339337->111369->562926->111366->111357->111365->338931->340027->613620->613748->339941->646275->646277->646278->646249->338395->338612->613667->613666->338773->338391->338404->338405->338402->338401->646211->338407->338406->338391->338399->338400->338396->340035->338897->338898->338909->342043->647033->647028->647031->647029->343078->341501->343340->344393->341506->341507->341508->343159->340646->341509
rl_signal_attention,od3_segok_samsung,long,off_peak,7.0,12,1294.7707,1122.45,172.3207,910.2576,393.9099,9096.9,5,True,52,7,6,39,340301->340393->340207->338517->338516->646042->587906->587891->339558->339337->111369->562926->111366->111357->111365->338931->340027->613620->613748->339941->646276->646278->646277->613750->613789->613788->338611->613666->338773->338391->338399->338400->338396->340035->338897->338898->338909->342043->647033->647028->647031->647029->343078->341501->343340->344393->341506->341507->341508->343159->343157->342801->341509
rl_signal_attention,od3_segok_samsung,long,off_peak,7.0,13,1325.7621,1096.7745,228.9876,929.0577,523.4454,8919.7,7,True,50,6,3,41,340301->340393->340207->338517->338516->646042->587906->587891->339558->339337->111369->562926->111366->111357->111365->338931->340027->613620->613748->339941->646276->646278->646249->338395->338612->613667->613666->338773->338391->338399->338400->338396->340035->338897->338898->338909->342043->647033->647028->647031->647029->343078->341501->343340->344393->341506->341507->341508->343159->340646->341509
rl_signal_attention,od3_segok_samsung,long,off_peak,7.0,14,1285.2286,1066.1275,219.101,968.2884,500.8455,9000.7,7,True,51,6,5,40,340301->340393->340207->338517->338516->646042->587906->587891->339558->339337->111369->562926->111366->111357->111365->338931->340027->613620->613748->339941->646276->646278->646277->613750->613789->613788->338611->613666->338773->338391->338399->338400->338396->340035->338897->338898->338909->342043->647033->647028->647031->647029->343078->341501->343340->344393->341506->341507->341508->343159->340646->341509
rl_signal_attention,od3_segok_samsung,long,off_peak,7.0,15,1313.1125,1120.6656,192.4469,1016.7053,439.9165,9000.7,7,True,51,6,5,40,340301->340393->340207->338517->338516->646042->587906->587891->339558->339337->111369->562926->111366->111357->111365->338931->340027->613620->613748->339941->646276->646278->646277->613750->613789->613788->338611->613666->338773->338391->338399->338400->338396->340035->338897->338898->338909->342043->647033->647028->647031->647029->343078->341501->343340->344393->341506->341507->341508->343159->340646->341509
rl_signal_attention,od3_segok_samsung,long,off_peak,7.0,16,1385.524,1078.8807,306.6433,941.4447,700.9593,8634.2,9,True,50,5,7,38,340301->340456->340502->340560->646141->587890->587891->339558->339337->111369->562926->111366->111357->111365->338931->340027->613620->613748->339941->646276->646278->646277->613750->613789->613788->338611->613666->338773->338391->338399->338400->338396->340035->338897->338898->338909->342043->647033->647028->647031->647029->343078->341501->343340->344393->341506->341507->341508->343159->340646->341509
rl_signal_attention,od3_segok_samsung,long,off_peak,7.0,17,1299.8876,1066.4349,233.4526,931.6553,533.652,9000.7,7,True,51,6,5,40,340301->340393->340207->338517->338516->646042->587906->587891->339558->339337->111369->562926->111366->111357->111365->338931->340027->613620->613748->339941->646276->646278->646277->613750->613789->613788->338611->613666->338773->338391->338399->338400->338396->340035->338897->338898->338909->342043->647033->647028->647031->647029->343078->341501->343340->344393->341506->341507->341508->343159->340646->341509
rl_signal_attention,od3_segok_samsung,long,off_peak,7.0,18,1222.4068,1058.2472,164.1596,898.575,375.2543,8925.3,7,True,51,6,3,42,340301->340393->340207->338517->338516->646042->587906->587891->339558->339337->111369->562926->111366->111357->111365->338931->340027->613620->613748->339941->646275->646277->646278->646249->338395->338612->613667->613666->338773->338391->338399->338400->338396->340035->338897->338898->338909->342043->647033->647028->647031->647029->343078->341501->343340->344393->341506->341507->341508->343159->340646->341509
rl_signal_attention,od3_segok_samsung,long,off_peak,7.0,19,1366.1541,1095.595,270.559,1061.7991,618.4739,9522.3,8,True,49,7,3,39,340301->340393->340207->338517->338516->646042->587906->587891->339558->339337->111369->562926->111366->111357->111365->338931->340027->613620->613748->339941->646276->338392->338393->562953->613667->613666->338773->338391->338399->338400->338396->340035->338897->338898->338909->342043->647033->647028->647031->647029->343078->341501->343340->344393->341506->341507->341508->343159->340646->341509
rl_signal_attention,od3_segok_samsung,long,off_peak,7.0,20,1334.5143,1119.9693,214.545,957.3001,490.4307,9000.7,8,True,51,6,5,40,340301->340393->340207->338517->338516->646042->587906->587891->339558->339337->111369->562926->111366->111357->111365->338931->340027->613620->613748->339941->646276->646278->646277->613750->613789->613788->338611->613666->338773->338391->338399->338400->338396->340035->338897->338898->338909->342043->647033->647028->647031->647029->343078->341501->343340->344393->341506->341507->341508->343159->340646->341509
rl_signal_attention,od3_segok_samsung,long,off_peak,7.0,21,1874.3289,1528.0958,346.233,1403.6547,791.458,12242.0,11,True,89,12,15,62,340301->340393->340207->340222->340208->340211->340212->646154->646153->646154->646113->340315->340299->340300->340318->340317->340316->340318->340300->340299->340315->340314->340315->646113->646154->340212->340211->340208->340215->340301->340392->340476->340477->340404->340406->340405->340407->562878->340354->340403->339357->340502->340560->646141->587890->587891->339558->339337->111369->562926->111366->111357->111365->338931->340027->613620->613748->339941->646275->646277->646278->646249->338395->338612->613667->613666->338773->338391->338399->338400->338396->340035->338897->338898->338909->342043->647033->647028->647031->647029->343078->341501->343340->344393->341506->341507->341508->343159->340646->341509
rl_signal_attention,od3_segok_samsung,long,off_peak,7.0,22,1470.9368,1175.4306,295.5062,958.0074,675.501,9200.8,9,True,53,7,6,40,340301->340393->340207->338517->338516->646042->587906->587891->339558->339337->111369->562926->111366->111357->111365->338931->340027->613620->613748->339941->646276->646278->646277->646275->339941->646276->646278->646249->338395->338612->613667->613666->338773->338391->338399->338400->338396->340035->338897->338898->338909->342043->647030->647029->343078->341501->343340->344393->341506->341507->341508->343159->340646->341509
rl_signal_attention,od3_segok_samsung,long,off_peak,7.0,23,1267.9689,1090.6407,177.3282,870.0095,405.3564,8634.2,6,True,50,5,7,38,340301->340456->340502->340560->646141->587890->587891->339558->339337->111369->562926->111366->111357->111365->338931->340027->613620->613748->339941->646276->646278->646277->613750->613789->613788->338611->613666->338773->338391->338399->338400->338396->340035->338897->338898->338909->342043->647033->647028->647031->647029->343078->341501->343340->344393->341506->341507->341508->343159->340646->341509
rl_signal_attention,od3_segok_samsung,long,off_peak,7.0,24,1210.1117,1035.2292,174.8824,884.5858,399.7657,8919.7,5,True,50,6,3,41,340301->340393->340207->338517->338516->646042->587906->587891->339558->339337->111369->562926->111366->111357->111365->338931->340027->613620->613748->339941->646276->646278->646249->338395->338612->613667->613666->338773->338391->338399->338400->338396->340035->338897->338898->338909->342043->647033->647028->647031->647029->343078->341501->343340->344393->341506->341507->341508->343159->340646->341509
rl_signal_attention,od3_segok_samsung,long,off_peak,7.0,25,1215.8566,1057.5403,158.3163,929.2587,361.8969,8925.3,5,True,51,6,3,42,340301->340393->340207->338517->338516->646042->587906->587891->339558->339337->111369->562926->111366->111357->111365->338931->340027->613620->613748->339941->646275->646277->646278->646249->338395->338612->613667->613666->338773->338391->338399->338400->338396->340035->338897->338898->338909->342043->647033->647028->647031->647029->343078->341501->343340->344393->341506->341507->341508->343159->340646->341509
rl_signal_attention,od3_segok_samsung,long,off_peak,7.0,26,1464.6072,1161.6869,302.9202,937.8161,692.4488,9451.6,8,True,59,7,10,42,340301->340393->340207->338517->338516->338862->338520->338863->338518->338516->646042->587906->587891->339558->339337->111369->562926->111366->111357->111365->338931->340027->613620->613748->339941->646275->339942->339941->646276->646278->646277->613750->613789->613788->338611->613666->338773->338391->338399->338400->338396->340035->338897->338898->338909->342043->647033->647028->647031->647029->343078->341501->343340->344393->341506->341507->341508->343159->340646->341509
rl_signal_attention,od3_segok_samsung,long,off_peak,7.0,27,1776.6572,1552.7118,223.9454,1337.1167,511.9193,13472.3,7,True,62,8,6,48,340301->340393->340207->338517->338516->646042->587906->587891->587890->587847->587890->587891->339558->339337->111369->562926->111366->111357->111365->338931->340027->613620->613748->339941->646275->646277->613750->613789->613788->338611->613666->338773->338391->338399->338400->338396->340035->338897->338898->338903->338886->338371->338397->338396->340035->338897->338898->338909->342043->647033->647028->647031->647029->343078->341501->343340->344393->341506->341507->341508->343159->340646->341509
rl_signal_attention,od3_segok_samsung,long,off_peak,7.0,28,1430.6444,1140.5432,290.1012,983.2721,663.1455,9000.7,8,True,51,6,5,40,340301->340393->340207->338517->338516->646042->587906->587891->339558->339337->111369->562926->111366->111357->111365->338931->340027->613620->613748->339941->646276->646278->646277->613750->613789->613788->338611->613666->338773->338391->338399->338400->338396->340035->338897->338898->338909->342043->647033->647028->647031->647029->343078->341501->343340->344393->341506->341507->341508->343159->340646->341509
rl_signal_attention,od3_segok_samsung,long,off_peak,7.0,29,1258.82,1106.4128,152.4072,938.6474,348.3893,9075.1,7,True,58,7,8,43,340301->340393->340207->338517->338516->646042->587906->587891->339558->339337->111369->562926->111366->111357->111365->338931->340027->613620->613748->339941->646276->646278->646277->613750->613789->613788->338611->613666->338773->338391->338399->338400->338396->340035->338897->338898->338909->342043->647033->647028->647031->647029->343078->341501->341500->342820->646932->341768->342821->343267->342611->563120->341494->613864->341507->341508->343159->340646->341509
rl_signal_attention,od3_segok_samsung,long,off_peak,7.0,30,2102.0739,1729.9206,372.1532,1566.8486,850.7093,13827.5,14,True,95,20,14,61,340301->340393->340207->338517->338516->646042->587906->587891->339558->339337->111369->562926->111366->111357->111365->338931->340027->613620->613748->339941->646276->646278->646249->338395->338612->613667->562953->338393->338392->339694->339156->645988->645987->645988->645961->339157->340261->340262->339157->645961->645988->339156->339694->338392->338393->562953->562952->562953->338393->338392->339694->339156->646199->338393->562953->562952->562953->338393->338392->339694->339156->646199->338393->562953->613667->613666->338773->338391->338399->338400->338396->340035->338897->338898->338909->342043->647033->647028->647031->647029->647030->342043->647033->647028->647031->647029->343078->341501->343340->344393->341506->341507->341508->343159->340646->341509
rl_signal_attention,od3_segok_samsung,long,peak,8.0,1,1364.3063,1097.503,266.8034,1046.0075,609.8888,9014.5,8,True,53,7,5,41,340301->340393->340207->338517->338516->646042->587906->587891->339558->339337->111369->562926->111366->111357->111365->338931->340027->613620->613748->339941->646275->646277->646278->646249->338395->338612->613667->613666->338773->338391->338406->338405->338402->338397->338396->340035->338897->338898->338909->342043->647033->647028->647031->647029->343078->341501->343340->344393->341506->341507->341508->343159->340646->341509
rl_signal_attention,od3_segok_samsung,long,peak,8.0,2,1351.6883,1111.4015,240.2869,1099.8755,549.2745,9000.7,7,True,51,6,5,40,340301->340393->340207->338517->338516->646042->587906->587891->339558->339337->111369->562926->111366->111357->111365->338931->340027->613620->613748->339941->646276->646278->646277->613750->613789->613788->338611->613666->338773->338391->338399->338400->338396->340035->338897->338898->338909->342043->647033->647028->647031->647029->343078->341501->343340->344393->341506->341507->341508->343159->340646->341509
rl_signal_attention,od3_segok_samsung,long,peak,8.0,3,1568.6264,1264.1177,304.5087,1134.1293,696.0799,9735.1,9,True,61,6,5,50,340301->340393->340207->338517->338516->646042->587906->587891->339558->339337->111369->562926->111366->111357->111365->338931->340027->613620->613748->339941->646275->646277->646278->646276->339941->646275->646277->646278->646249->338395->613788->338611->613666->338773->338391->338399->338400->338396->646285->338401->338402->338397->338396->340035->338897->338898->338909->342043->647033->647028->647031->647029->343078->341501->343340->344393->341506->341507->341508->343159->340646->341509
rl_signal_attention,od3_segok_samsung,long,peak,8.0,4,1317.6582,1083.1285,234.5297,1127.4202,536.114,9000.7,8,True,51,6,5,40,340301->340393->340207->338517->338516->646042->587906->587891->339558->339337->111369->562926->111366->111357->111365->338931->340027->613620->613748->339941->646276->646278->646277->613750->613789->613788->338611->613666->338773->338391->338399->338400->338396->340035->338897->338898->338909->342043->647033->647028->647031->647029->343078->341501->343340->344393->341506->341507->341508->343159->340646->341509
rl_signal_attention,od3_segok_samsung,long,peak,8.0,5,1325.1429,1095.208,229.9349,1131.0383,525.6108,8925.3,7,True,51,6,3,42,340301->340393->340207->338517->338516->646042->587906->587891->339558->339337->111369->562926->111366->111357->111365->338931->340027->613620->613748->339941->646275->646277->646278->646249->338395->338612->613667->613666->338773->338391->338399->338400->338396->340035->338897->338898->338909->342043->647033->647028->647031->647029->343078->341501->343340->344393->341506->341507->341508->343159->340646->341509
rl_signal_attention,od3_segok_samsung,long,peak,8.0,6,1320.7483,1106.4351,214.3132,1161.4326,489.901,8925.3,8,True,51,6,3,42,340301->340393->340207->338517->338516->646042->587906->587891->339558->339337->111369->562926->111366->111357->111365->338931->340027->613620->613748->339941->646275->646277->646278->646249->338395->338612->613667->613666->338773->338391->338399->338400->338396->340035->338897->338898->338909->342043->647033->647028->647031->647029->343078->341501->343340->344393->341506->341507->341508->343159->340646->341509
rl_signal_attention,od3_segok_samsung,long,peak,8.0,7,1681.8095,1429.0269,252.7826,1430.1028,577.8386,10636.1,8,True,73,12,7,54,340301->340393->340207->338517->338516->646042->587906->587891->339558->339337->111369->562926->111366->111357->111365->338931->340027->613620->613748->339941->646275->646277->646278->646249->338395->338612->613667->613666->338773->613628->338388->338387->338389->645998->645996->340287->587849->645991->645993->338388->338390->613789->613750->646277->646278->646249->338395->338612->613667->613666->338773->338391->338399->338400->338396->340035->338897->338898->338909->342043->647033->647028->647031->647029->343078->341501->343340->344393->341506->341507->341508->343159->340646->341509
rl_signal_attention,od3_segok_samsung,long,peak,8.0,8,1342.02,1069.7386,272.2814,1011.6529,622.411,9130.3,9,True,53,8,3,42,340301->340393->340207->338517->338516->646042->587906->587891->339558->339337->111369->562926->111366->111357->111365->338931->340027->613620->613619->613620->613748->339941->646275->646277->646278->646249->338395->338612->613667->613666->338773->338391->338399->338400->338396->340035->338897->338898->338909->342043->647033->647028->647031->647029->343078->341501->343340->344393->341506->341507->341508->343159->340646->341509
rl_signal_attention,od3_segok_samsung,long,peak,8.0,9,1399.026,1149.4957,249.5302,1092.9041,570.404,8885.6,9,True,51,4,2,45,340301->340393->340207->338517->338516->646042->587906->587891->339558->339337->111369->562926->111366->111357->111365->338931->340027->613620->613748->339941->646275->646277->646278->646249->338395->613788->338611->613666->338773->338391->338399->338400->338396->340035->338897->338898->338909->342043->647033->647028->647031->647029->343078->341501->343340->344393->341506->341507->341508->343159->340646->341509
rl_signal_attention,od3_segok_samsung,long,peak,8.0,10,1524.4204,1243.5113,280.9091,1175.2604,642.1333,9681.7,8,True,62,10,8,44,340301->340393->340207->338517->338516->338862->338520->338863->338518->338516->646042->587906->587891->339558->339337->111369->562926->111366->111357->111365->338931->340027->613620->613619->613620->613748->339941->646275->646277->646278->646249->338395->338612->613667->613666->338773->338391->338399->338400->646212->338398->338399->338400->338396->340035->338897->338898->338909->342043->647033->647028->647031->647029->343078->341501->343340->344393->341506->341507->341508->343159->340646->341509
rl_signal_attention,od3_segok_samsung,long,peak,8.0,11,1806.2448,1425.9828,380.262,1508.6973,869.2451,11085.5,11,True,80,12,13,55,340301->340393->340207->340222->340208->340215->340301->340392->340476->340477->340404->340406->340405->340407->562878->340354->340403->339357->340502->340560->646141->587890->587891->339558->339337->111369->562926->111366->111357->111365->338931->340027->613620->613748->339941->646275->646277->613750->613789->613788->338611->613666->613667->338612->338395->646249->646278->646276->339941->646275->646277->646278->646249->338395->338612->613667->613666->338773->338391->338399->338400->338396->340035->338897->338898->338909->342043->647033->647028->647031->647029->343078->341501->343340->344393->341506->341507->341508->343159->340646->341509
rl_signal_attention,od3_segok_samsung,long,peak,8.0,12,1425.1065,1162.765,262.3415,1064.2381,599.6893,8885.6,9,True,51,4,2,45,340301->340393->340207->338517->338516->646042->587906->587891->339558->339337->111369->562926->111366->111357->111365->338931->340027->613620->613748->339941->646275->646277->646278->646249->338395->613788->338611->613666->338773->338391->338399->338400->338396->340035->338897->338898->338909->342043->647033->647028->647031->647029->343078->341501->343340->344393->341506->341507->341508->343159->340646->341509
rl_signal_attention,od3_segok_samsung,long,peak,8.0,13,1327.9338,1066.2172,261.7165,1036.8381,598.2607,8885.6,8,True,51,4,2,45,340301->340393->340207->338517->338516->646042->587906->587891->339558->339337->111369->562926->111366->111357->111365->338931->340027->613620->613748->339941->646275->646277->646278->646249->338395->613788->338611->613666->338773->338391->338399->338400->338396->340035->338897->338898->338909->342043->647033->647028->647031->647029->343078->341501->343340->344393->341506->341507->341508->343159->340646->341509
rl_signal_attention,od3_segok_samsung,long,peak,8.0,14,1299.3073,1068.593,230.7143,1115.9784,527.3924,8925.3,7,True,51,6,3,42,340301->340393->340207->338517->338516->646042->587906->587891->339558->339337->111369->562926->111366->111357->111365->338931->340027->613620->613748->339941->646275->646277->646278->646249->338395->338612->613667->613666->338773->338391->338399->338400->338396->340035->338897->338898->338909->342043->647033->647028->647031->647029->343078->341501->343340->344393->341506->341507->341508->343159->340646->341509
rl_signal_attention,od3_segok_samsung,long,peak,8.0,15,1537.6876,1159.4159,378.2717,1131.7839,864.6956,9415.9,11,True,65,9,5,51,340301->340393->340207->338517->338514->338864->338520->338863->338518->338516->338862->338520->338863->338518->338516->646042->587906->587891->339558->339337->111369->562926->111366->111357->111365->338931->340027->613620->613748->339941->646275->646277->646278->646249->338395->338612->613667->613666->338773->338391->338399->338400->338396->340035->338897->338898->338909->342043->647033->647028->647031->647029->343078->341501->343340->343341->343267->342611->563120->341494->613864->341507->341508->343159->340646->341509
rl_signal_attention,od3_segok_samsung,long,peak,8.0,16,1388.2297,1080.3862,307.8436,1141.1672,703.703,9000.7,8,True,51,6,5,40,340301->340393->340207->338517->338516->646042->587906->587891->339558->339337->111369->562926->111366->111357->111365->338931->340027->613620->613748->339941->646276->646278->646277->613750->613789->613788->338611->613666->338773->338391->338399->338400->338396->340035->338897->338898->338909->342043->647033->647028->647031->647029->343078->341501->343340->344393->341506->341507->341508->343159->340646->341509
rl_signal_attention,od3_segok_samsung,long,peak,8.0,17,1526.7577,1311.5221,215.2356,1158.2532,492.0095,10339.1,8,True,51,8,4,39,340301->340393->340207->338517->338516->646042->587906->587891->339558->339337->111369->562926->111366->111357->111365->338931->646287->613729->646279->340028->340468->562980->340029->340183->340182->338885->338372->338403->339984->338371->338397->338396->340035->338897->338898->338909->342043->647033->647028->647032->647031->647029->343078->341501->343340->344393->341506->341507->341508->343159->340646->341509
rl_signal_attention,od3_segok_samsung,long,peak,8.0,18,1495.6436,1196.3129,299.3307,1159.6469,684.2435,9514.1,8,True,57,8,7,42,340301->340393->340207->338517->338516->338518->339995->338515->338514->338517->338516->646042->587906->587891->339558->339337->111369->562926->111366->111357->111365->338931->340027->613620->613748->339941->646275->646277->646278->646249->338395->338612->613667->613666->338773->338391->338399->338400->338396->340035->338897->338898->338909->342043->647033->647028->647031->647029->343078->341501->343340->344393->341506->341507->341508->343159->340646->341509
rl_signal_attention,od3_segok_samsung,long,peak,8.0,19,1639.5534,1406.0209,233.5325,1313.5823,533.8346,10733.4,8,True,76,9,9,58,340301->340393->340207->338517->338516->646042->587906->587891->339558->339337->111369->562926->111366->111357->111365->338931->340027->613620->613748->339941->646275->646277->646278->646249->338395->338612->613667->613666->338773->613628->338388->338387->338389->645998->645996->340287->587849->645991->645993->338388->338390->613789->613750->338610->338395->613788->338611->613666->338773->338391->338399->338400->338396->340035->338897->338898->338909->342043->647033->647028->647031->647029->343078->341501->341997->341493->341490->341997->341501->343340->344393->341506->341507->341508->343159->340646->341509
rl_signal_attention,od3_segok_samsung,long,peak,8.0,20,1536.244,1360.6445,175.5995,1433.5489,401.4048,10223.2,7,True,55,5,8,42,340301->340393->340207->338517->338516->646042->587906->587891->339558->339337->111369->562926->111366->111357->111365->338931->340027->613620->613748->339941->646276->646278->646277->613750->613789->613788->338611->613666->338773->338391->338399->338400->338396->340035->338897->340186->340185->587863->338899->343077->344673->344745->341980->646358->341490->341493->341997->341501->343340->344393->341506->341507->341508->343159->340646->341509
rl_signal_attention,od3_segok_samsung,long,peak,8.0,21,1362.2492,1114.2696,247.9796,1097.3072,566.8592,9000.7,7,True,51,6,5,40,340301->340393->340207->338517->338516->646042->587906->587891->339558->339337->111369->562926->111366->111357->111365->338931->340027->613620->613748->339941->646276->646278->646277->613750->613789->613788->338611->613666->338773->338391->338399->338400->338396->340035->338897->338898->338909->342043->647033->647028->647031->647029->343078->341501->343340->344393->341506->341507->341508->343159->340646->341509
rl_signal_attention,od3_segok_samsung,long,peak,8.0,22,1300.4082,1057.5774,242.8309,1102.4312,555.0898,8925.3,7,True,51,6,3,42,340301->340393->340207->338517->338516->646042->587906->587891->339558->339337->111369->562926->111366->111357->111365->338931->340027->613620->613748->339941->646275->646277->646278->646249->338395->338612->613667->613666->338773->338391->338399->338400->338396->340035->338897->338898->338909->342043->647033->647028->647031->647029->343078->341501->343340->344393->341506->341507->341508->343159->340646->341509
rl_signal_attention,od3_segok_samsung,long,peak,8.0,23,1360.1128,1127.312,232.8008,1123.6756,532.162,8929.3,9,True,52,5,3,44,340301->340393->340207->338517->338516->646042->587906->587891->339558->339337->111369->562926->111366->111357->111365->338931->340027->613620->613748->339941->339942->646275->646277->646278->646249->338395->613788->338611->613666->338773->338391->338399->338400->338396->340035->338897->338898->338909->342043->647033->647028->647031->647029->343078->341501->343340->344393->341506->341507->341508->343159->340646->341509
rl_signal_attention,od3_segok_samsung,long,peak,8.0,24,1457.3479,1186.4708,270.8771,1200.3163,619.2009,9758.8,9,True,54,8,8,38,340301->340393->340207->338517->338516->646042->587906->587891->339558->339337->111369->562926->111366->111357->111365->338931->340027->613620->613748->339941->646275->339942->339941->646276->338392->338393->562953->613667->613666->338773->338391->338406->338405->338402->338397->338396->340035->338897->338898->338909->342043->647033->647028->647031->647029->343078->341501->343340->344393->341506->341507->341508->343159->340646->341509
rl_signal_attention,od3_segok_samsung,long,peak,8.0,25,2285.4182,1780.9505,504.4677,2015.9042,1153.1684,13480.9,19,True,97,16,14,67,340301->340393->340207->338517->338516->646042->587906->587891->339558->339337->111369->562926->111366->111357->111365->338931->340237->340415->340414->340439->339335->340439->340562->562966->340562->340439->340414->587902->587900->340237->338931->111365->111357->111366->562926->111369->339337->339558->587891->587909->587908->587909->587891->339558->339337->111369->562926->111366->111357->111365->338931->340027->613620->613748->339941->646275->646277->646278->646249->338395->338612->613667->613666->338773->338391->338399->338400->338396->340035->338897->338898->338909->342043->647033->647028->647031->647029->343078->341501->343340->344393->341506->341507->613864->341494->563120->342611->343267->342821->587988->342607->342608->342755->344189->344191->343160->342800->341509
rl_signal_attention,od3_segok_samsung,long,peak,8.0,26,1372.9258,1191.64,181.2858,1246.1267,414.4033,9132.1,7,True,55,7,9,39,340301->340393->340207->338517->338516->646042->587906->587891->339558->339337->111369->562926->111366->111357->111365->338931->340027->613620->613748->339941->646276->646278->646277->613750->613789->613788->338611->613666->338773->338391->338406->338405->338402->338397->338396->340035->338897->338898->338909->342043->647033->647028->647031->647029->343078->341501->343340->344393->646843->344393->341506->341507->341508->343159->340646->341509
rl_signal_attention,od3_segok_samsung,long,peak,8.0,27,1340.2396,1063.508,276.7315,1008.617,632.5837,8885.6,8,True,51,4,2,45,340301->340393->340207->338517->338516->646042->587906->587891->339558->339337->111369->562926->111366->111357->111365->338931->340027->613620->613748->339941->646275->646277->646278->646249->338395->613788->338611->613666->338773->338391->338399->338400->338396->340035->338897->338898->338909->342043->647033->647028->647031->647029->343078->341501->343340->344393->341506->341507->341508->343159->340646->341509
rl_signal_attention,od3_segok_samsung,long,peak,8.0,28,1323.8443,1072.9145,250.9298,1075.1138,573.6031,8925.3,7,True,51,6,3,42,340301->340393->340207->338517->338516->646042->587906->587891->339558->339337->111369->562926->111366->111357->111365->338931->340027->613620->613748->339941->646275->646277->646278->646249->338395->338612->613667->613666->338773->338391->338399->338400->338396->340035->338897->338898->338909->342043->647033->647028->647031->647029->343078->341501->343340->344393->341506->341507->341508->343159->340646->341509
rl_signal_attention,od3_segok_samsung,long,peak,8.0,29,1701.5585,1468.5643,232.9942,1444.7751,532.6042,11289.0,7,True,79,11,11,57,340301->340393->340207->338517->338516->646042->587906->587891->339558->339337->111369->562926->111366->111357->111365->338931->340027->613620->646079->646084->646087->613751->613758->338750->340288->340161->338732->338891->646225->338389->338387->338388->338390->613789->613750->646277->646278->646249->338395->613788->338611->613666->338773->338391->338399->338400->338396->646285->338401->338402->338397->338396->340035->338897->338898->338909->342043->647033->647028->647031->647029->343078->341501->343340->344393->341506->646615->646617->343938->342836->343936->341532->343937->343933->341520->341513->341519->343157->342801->341509
rl_signal_attention,od3_segok_samsung,long,peak,8.0,30,1344.9536,1099.4694,245.4842,1082.232,561.155,8967.5,7,True,53,6,5,42,340301->340393->340207->338517->338516->646042->587906->587891->339558->339337->111369->562926->111366->111357->111365->338931->340027->613620->613748->339941->646275->646277->646278->646249->338395->338612->613667->613666->338773->338391->338399->338400->338396->340035->338897->338898->338909->342043->647033->647028->647031->647029->343078->341501->343340->344393->646843->344393->341506->341507->341508->343159->340646->341509
