model,route,route_type,time_slot,start_hour,rep,fuel_total,fuel_drive,fuel_idle,travel_time,wait_time,distance,wait_count,reached,steps,n_left,n_right,n_straight,path
shortest_dijkstra,od1_sinnonhyeon_suseo,long,peak,8.0,1,1582.5855,1165.3348,397.0694,1268.8126,1055.4248,9210.2,17,True,80,2,5,73,342695->342700->343100->342865->340641->340704->341588->343777->340703->342671->340702->341790->341589->340701->563070->340700->341581->341792->342664->341793->341587->341794->342634->340699->342632->343072->341795->341544->341796->343669->341798->342622->341797->341771->341545->341772->646612->341541->340708->646354->342633->342626->344210->341542->341773->341547->563166->341548->340707->343666->343075->341543->588052->341499->344500->342607->587988->342821->341768->646932->341500->341501->343078->647029->647031->647028->647033->342043->338909->338898->338897->340035->338396->338397->338402->338405->338404->338391->338773->613666->613667
shortest_dijkstra,od1_sinnonhyeon_suseo,long,peak,8.0,2,1572.6578,1169.0088,381.94,1348.376,1015.2102,9210.2,18,True,80,2,5,73,342695->342700->343100->342865->340641->340704->341588->343777->340703->342671->340702->341790->341589->340701->563070->340700->341581->341792->342664->341793->341587->341794->342634->340699->342632->343072->341795->341544->341796->343669->341798->342622->341797->341771->341545->341772->646612->341541->340708->646354->342633->342626->344210->341542->341773->341547->563166->341548->340707->343666->343075->341543->588052->341499->344500->342607->587988->342821->341768->646932->341500->341501->343078->647029->647031->647028->647033->342043->338909->338898->338897->340035->338396->338397->338402->338405->338404->338391->338773->613666->613667
shortest_dijkstra,od1_sinnonhyeon_suseo,long,peak,8.0,3,1529.1699,1118.0731,388.0565,1258.9391,1031.4683,9210.2,18,True,80,2,5,73,342695->342700->343100->342865->340641->340704->341588->343777->340703->342671->340702->341790->341589->340701->563070->340700->341581->341792->342664->341793->341587->341794->342634->340699->342632->343072->341795->341544->341796->343669->341798->342622->341797->341771->341545->341772->646612->341541->340708->646354->342633->342626->344210->341542->341773->341547->563166->341548->340707->343666->343075->341543->588052->341499->344500->342607->587988->342821->341768->646932->341500->341501->343078->647029->647031->647028->647033->342043->338909->338898->338897->340035->338396->338397->338402->338405->338404->338391->338773->613666->613667
shortest_dijkstra,od1_sinnonhyeon_suseo,long,peak,8.0,4,1595.2202,1161.5849,410.5943,1342.7656,1091.3745,9210.2,18,True,80,2,5,73,342695->342700->343100->342865->340641->340704->341588->343777->340703->342671->340702->341790->341589->340701->563070->340700->341581->341792->342664->341793->341587->341794->342634->340699->342632->343072->341795->341544->341796->343669->341798->342622->341797->341771->341545->341772->646612->341541->340708->646354->342633->342626->344210->341542->341773->341547->563166->341548->340707->343666->343075->341543->588052->341499->344500->342607->587988->342821->341768->646932->341500->341501->343078->647029->647031->647028->647033->342043->338909->338898->338897->340035->338396->338397->338402->338405->338404->338391->338773->613666->613667
shortest_dijkstra,od1_sinnonhyeon_suseo,long,peak,8.0,5,1532.4626,1095.5825,414.5549,1159.0439,1101.9019,9210.2,18,True,80,2,5,73,342695->342700->343100->342865->340641->340704->341588->343777->340703->342671->340702->341790->341589->340701->563070->340700->341581->341792->342664->341793->341587->341794->342634->340699->342632->343072->341795->341544->341796->343669->341798->342622->341797->341771->341545->341772->646612->341541->340708->646354->342633->342626->344210->341542->341773->341547->563166->341548->340707->343666->343075->341543->588052->341499->344500->342607->587988->342821->341768->646932->341500->341501->343078->647029->647031->647028->647033->342043->338909->338898->338897->340035->338396->338397->338402->338405->338404->338391->338773->613666->613667
shortest_dijkstra,od1_sinnonhyeon_suseo,long,peak,8.0,6,1573.4448,1148.4285,402.61,1200.9565,1070.1521,9210.2,18,True,80,2,5,73,342695->342700->343100->342865->340641->340704->341588->343777->340703->342671->340702->341790->341589->340701->563070->340700->341581->341792->342664->341793->341587->341794->342634->340699->342632->343072->341795->341544->341796->343669->341798->342622->341797->341771->341545->341772->646612->341541->340708->646354->342633->342626->344210->341542->341773->341547->563166->341548->340707->343666->343075->341543->588052->341499->344500->342607->587988->342821->341768->646932->341500->341501->343078->647029->647031->647028->647033->342043->338909->338898->338897->340035->338396->338397->338402->338405->338404->338391->338773->613666->613667
shortest_dijkstra,od1_sinnonhyeon_suseo,long,peak,8.0,7,1545.346,1142.95,380.9082,1260.0999,1012.4679,9210.2,18,True,80,2,5,73,342695->342700->343100->342865->340641->340704->341588->343777->340703->342671->340702->341790->341589->340701->563070->340700->341581->341792->342664->341793->341587->341794->342634->340699->342632->343072->341795->341544->341796->343669->341798->342622->341797->341771->341545->341772->646612->341541->340708->646354->342633->342626->344210->341542->341773->341547->563166->341548->340707->343666->343075->341543->588052->341499->344500->342607->587988->342821->341768->646932->341500->341501->343078->647029->647031->647028->647033->342043->338909->338898->338897->340035->338396->338397->338402->338405->338404->338391->338773->613666->613667
shortest_dijkstra,od1_sinnonhyeon_suseo,long,peak,8.0,8,1555.5029,1128.1663,405.5905,1236.7993,1078.0742,9210.2,18,True,80,2,5,73,342695->342700->343100->342865->340641->340704->341588->343777->340703->342671->340702->341790->341589->340701->563070->340700->341581->341792->342664->341793->341587->341794->342634->340699->342632->343072->341795->341544->341796->343669->341798->342622->341797->341771->341545->341772->646612->341541->340708->646354->342633->342626->344210->341542->341773->341547->563166->341548->340707->343666->343075->341543->588052->341499->344500->342607->587988->342821->341768->646932->341500->341501->343078->647029->647031->647028->647033->342043->338909->338898->338897->340035->338396->338397->338402->338405->338404->338391->338773->613666->613667
shortest_dijkstra,od1_sinnonhyeon_suseo,long,peak,8.0,9,1574.7367,1156.6902,395.6167,1211.4484,1051.5635,9210.2,18,True,80,2,5,73,342695->342700->343100->342865->340641->340704->341588->343777->340703->342671->340702->341790->341589->340701->563070->340700->341581->341792->342664->341793->341587->341794->342634->340699->342632->343072->341795->341544->341796->343669->341798->342622->341797->341771->341545->341772->646612->341541->340708->646354->342633->342626->344210->341542->341773->341547->563166->341548->340707->343666->343075->341543->588052->341499->344500->342607->587988->342821->341768->646932->341500->341501->343078->647029->647031->647028->647033->342043->338909->338898->338897->340035->338396->338397->338402->338405->338404->338391->338773->613666->613667
shortest_dijkstra,od1_sinnonhyeon_suseo,long,peak,8.0,10,1522.332,1118.5125,383.7465,1227.9017,1020.012,9210.2,17,True,80,2,5,73,342695->342700->343100->342865->340641->340704->341588->343777->340703->342671->340702->341790->341589->340701->563070->340700->341581->341792->342664->341793->341587->341794->342634->340699->342632->343072->341795->341544->341796->343669->341798->342622->341797->341771->341545->341772->646612->341541->340708->646354->342633->342626->344210->341542->341773->341547->563166->341548->340707->343666->343075->341543->588052->341499->344500->342607->587988->342821->341768->646932->341500->341501->343078->647029->647031->647028->647033->342043->338909->338898->338897->340035->338396->338397->338402->338405->338404->338391->338773->613666->613667
shortest_dijkstra,od1_sinnonhyeon_suseo,long,peak,8.0,11,1593.0044,1170.8537,397.0322,1260.8406,1055.3261,9210.2,18,True,80,2,5,73,342695->342700->343100->342865->340641->340704->341588->343777->340703->342671->340702->341790->341589->340701->563070->340700->341581->341792->342664->341793->341587->341794->342634->340699->342632->343072->341795->341544->341796->343669->341798->342622->341797->341771->341545->341772->646612->341541->340708->646354->342633->342626->344210->341542->341773->341547->563166->341548->340707->343666->343075->341543->588052->341499->344500->342607->587988->342821->341768->646932->341500->341501->343078->647029->647031->647028->647033->342043->338909->338898->338897->340035->338396->338397->338402->338405->338404->338391->338773->613666->613667
shortest_dijkstra,od1_sinnonhyeon_suseo,long,peak,8.0,12,1574.5646,1146.3474,407.2354,1198.2859,1082.4464,9210.2,18,True,80,2,5,73,342695->342700->343100->342865->340641->340704->341588->343777->340703->342671->340702->341790->341589->340701->563070->340700->341581->341792->342664->341793->341587->341794->342634->340699->342632->343072->341795->341544->341796->343669->341798->342622->341797->341771->341545->341772->646612->341541->340708->646354->342633->342626->344210->341542->341773->341547->563166->341548->340707->343666->343075->341543->588052->341499->344500->342607->587988->342821->341768->646932->341500->341501->343078->647029->647031->647028->647033->342043->338909->338898->338897->340035->338396->338397->338402->338405->338404->338391->338773->613666->613667
shortest_dijkstra,od1_sinnonhyeon_suseo,long,peak,8.0,13,1583.0186,1154.3384,406.3921,1280.9301,1080.205,9210.2,18,True,80,2,5,73,342695->342700->343100->342865->340641->340704->341588->343777->340703->342671->340702->341790->341589->340701->563070->340700->341581->341792->342664->341793->341587->341794->342634->340699->342632->343072->341795->341544->341796->343669->341798->342622->341797->341771->341545->341772->646612->341541->340708->646354->342633->342626->344210->341542->341773->341547->563166->341548->340707->343666->343075->341543->588052->341499->344500->342607->587988->342821->341768->646932->341500->341501->343078->647029->647031->647028->647033->342043->338909->338898->338897->340035->338396->338397->338402->338405->338404->338391->338773->613666->613667
shortest_dijkstra,od1_sinnonhyeon_suseo,long,peak,8.0,14,1559.7143,1173.7138,367.2407,1351.1432,976.139,9210.2,17,True,80,2,5,73,342695->342700->343100->342865->340641->340704->341588->343777->340703->342671->340702->341790->341589->340701->563070->340700->341581->341792->342664->341793->341587->341794->342634->340699->342632->343072->341795->341544->341796->343669->341798->342622->341797->341771->341545->341772->646612->341541->340708->646354->342633->342626->344210->341542->341773->341547->563166->341548->340707->343666->343075->341543->588052->341499->344500->342607->587988->342821->341768->646932->341500->341501->343078->647029->647031->647028->647033->342043->338909->338898->338897->340035->338396->338397->338402->338405->338404->338391->338773->613666->613667
shortest_dijkstra,od1_sinnonhyeon_suseo,long,peak,8.0,15,1586.141,1184.698,379.9624,1377.7704,1009.9537,9210.2,18,True,80,2,5,73,342695->342700->343100->342865->340641->340704->341588->343777->340703->342671->340702->341790->341589->340701->563070->340700->341581->341792->342664->341793->341587->341794->342634->340699->342632->343072->341795->341544->341796->343669->341798->342622->341797->341771->341545->341772->646612->341541->340708->646354->342633->342626->344210->341542->341773->341547->563166->341548->340707->343666->343075->341543->588052->341499->344500->342607->587988->342821->341768->646932->341500->341501->343078->647029->647031->647028->647033->342043->338909->338898->338897->340035->338396->338397->338402->338405->338404->338391->338773->613666->613667
shortest_dijkstra,od1_sinnonhyeon_suseo,long,peak,8.0,16,1570.3929,1150.1555,398.5098,1240.6801,1059.2536,9210.2,18,True,80,2,5,73,342695->342700->343100->342865->340641->340704->341588->343777->340703->342671->340702->341790->341589->340701->563070->340700->341581->341792->342664->341793->341587->341794->342634->340699->342632->343072->341795->341544->341796->343669->341798->342622->341797->341771->341545->341772->646612->341541->340708->646354->342633->342626->344210->341542->341773->341547->563166->341548->340707->343666->343075->341543->588052->341499->344500->342607->587988->342821->341768->646932->341500->341501->343078->647029->647031->647028->647033->342043->338909->338898->338897->340035->338396->338397->338402->338405->338404->338391->338773->613666->613667
shortest_dijkstra,od1_sinnonhyeon_suseo,long,peak,8.0,17,1532.0102,1089.5655,419.2965,1149.0954,1114.5053,9210.2,18,True,80,2,5,73,342695->342700->343100->342865->340641->340704->341588->343777->340703->342671->340702->341790->341589->340701->563070->340700->341581->341792->342664->341793->341587->341794->342634->340699->342632->343072->341795->341544->341796->343669->341798->342622->341797->341771->341545->341772->646612->341541->340708->646354->342633->342626->344210->341542->341773->341547->563166->341548->340707->343666->343075->341543->588052->341499->344500->342607->587988->342821->341768->646932->341500->341501->343078->647029->647031->647028->647033->342043->338909->338898->338897->340035->338396->338397->338402->338405->338404->338391->338773->613666->613667
shortest_dijkstra,od1_sinnonhyeon_suseo,long,peak,8.0,18,1590.7085,1155.5257,414.163,1176.0226,1100.8602,9210.2,18,True,80,2,5,73,342695->342700->343100->342865->340641->340704->341588->343777->340703->342671->340702->341790->341589->340701->563070->340700->341581->341792->342664->341793->341587->341794->342634->340699->342632->343072->341795->341544->341796->343669->341798->342622->341797->341771->341545->341772->646612->341541->340708->646354->342633->342626->344210->341542->341773->341547->563166->341548->340707->343666->343075->341543->588052->341499->344500->342607->587988->342821->341768->646932->341500->341501->343078->647029->647031->647028->647033->342043->338909->338898->338897->340035->338396->338397->338402->338405->338404->338391->338773->613666->613667
shortest_dijkstra,od1_sinnonhyeon_suseo,long,peak,8.0,19,1590.9431,1175.9081,393.5957,1294.8221,1046.1915,9210.2,18,True,80,2,5,73,342695->342700->343100->342865->340641->340704->341588->343777->340703->342671->340702->341790->341589->340701->563070->340700->341581->341792->342664->341793->341587->341794->342634->340699->342632->343072->341795->341544->341796->343669->341798->342622->341797->341771->341545->341772->646612->341541->340708->646354->342633->342626->344210->341542->341773->341547->563166->341548->340707->343666->343075->341543->588052->341499->344500->342607->587988->342821->341768->646932->341500->341501->343078->647029->647031->647028->647033->342043->338909->338898->338897->340035->338396->338397->338402->338405->338404->338391->338773->613666->613667
shortest_dijkstra,od1_sinnonhyeon_suseo,long,peak,8.0,20,1544.4058,1120.8703,401.9993,1223.3537,1068.5286,9210.2,18,True,80,2,5,73,342695->342700->343100->342865->340641->340704->341588->343777->340703->342671->340702->341790->341589->340701->563070->340700->341581->341792->342664->341793->341587->341794->342634->340699->342632->343072->341795->341544->341796->343669->341798->342622->341797->341771->341545->341772->646612->341541->340708->646354->342633->342626->344210->341542->341773->341547->563166->341548->340707->343666->343075->341543->588052->341499->344500->342607->587988->342821->341768->646932->341500->341501->343078->647029->647031->647028->647033->342043->338909->338898->338897->340035->338396->338397->338402->338405->338404->338391->338773->613666->613667
shortest_dijkstra,od1_sinnonhyeon_suseo,long,peak,8.0,21,1534.5555,1095.8167,416.8631,1252.4193,1108.0372,9210.2,18,True,80,2,5,73,342695->342700->343100->342865->340641->340704->341588->343777->340703->342671->340702->341790->341589->340701->563070->340700->341581->341792->342664->341793->341587->341794->342634->340699->342632->343072->341795->341544->341796->343669->341798->342622->341797->341771->341545->341772->646612->341541->340708->646354->342633->342626->344210->341542->341773->341547->563166->341548->340707->343666->343075->341543->588052->341499->344500->342607->587988->342821->341768->646932->341500->341501->343078->647029->647031->647028->647033->342043->338909->338898->338897->340035->338396->338397->338402->338405->338404->338391->338773->613666->613667
shortest_dijkstra,od1_sinnonhyeon_suseo,long,peak,8.0,22,1587.738,1147.3665,415.7431,1215.005,1105.0604,9210.2,18,True,80,2,5,73,342695->342700->343100->342865->340641->340704->341588->343777->340703->342671->340702->341790->341589->340701->563070->340700->341581->341792->342664->341793->341587->341794->342634->340699->342632->343072->341795->341544->341796->343669->341798->342622->341797->341771->341545->341772->646612->341541->340708->646354->342633->342626->344210->341542->341773->341547->563166->341548->340707->343666->343075->341543->588052->341499->344500->342607->587988->342821->341768->646932->341500->341501->343078->647029->647031->647028->647033->342043->338909->338898->338897->340035->338396->338397->338402->338405->338404->338391->338773->613666->613667
shortest_dijkstra,od1_sinnonhyeon_suseo,long,peak,8.0,23,1663.631,1167.2981,471.6608,1178.4761,1253.6915,9210.2,19,True,80,2,5,73,342695->342700->343100->342865->340641->340704->341588->343777->340703->342671->340702->341790->341589->340701->563070->340700->341581->341792->342664->341793->341587->341794->342634->340699->342632->343072->341795->341544->341796->343669->341798->342622->341797->341771->341545->341772->646612->341541->340708->646354->342633->342626->344210->341542->341773->341547->563166->341548->340707->343666->343075->341543->588052->341499->344500->342607->587988->342821->341768->646932->341500->341501->343078->647029->647031->647028->647033->342043->338909->338898->338897->340035->338396->338397->338402->338405->338404->338391->338773->613666->613667
shortest_dijkstra,od1_sinnonhyeon_suseo,long,peak,8.0,24,1564.8849,1123.2179,419.1191,1170.765,1114.0339,9210.2,18,True,80,2,5,73,342695->342700->343100->342865->340641->340704->341588->343777->340703->342671->340702->341790->341589->340701->563070->340700->341581->341792->342664->341793->341587->341794->342634->340699->342632->343072->341795->341544->341796->343669->341798->342622->341797->341771->341545->341772->646612->341541->340708->646354->342633->342626->344210->341542->341773->341547->563166->341548->340707->343666->343075->341543->588052->341499->344500->342607->587988->342821->341768->646932->341500->341501->343078->647029->647031->647028->647033->342043->338909->338898->338897->340035->338396->338397->338402->338405->338404->338391->338773->613666->613667
shortest_dijkstra,od1_sinnonhyeon_suseo,long,peak,8.0,25,1489.8047,1082.5322,386.9908,1218.0181,1028.6356,9210.2,18,True,80,2,5,73,342695->342700->343100->342865->340641->340704->341588->343777->340703->342671->340702->341790->341589->340701->563070->340700->341581->341792->342664->341793->341587->341794->342634->340699->342632->343072->341795->341544->341796->343669->341798->342622->341797->341771->341545->341772->646612->341541->340708->646354->342633->342626->344210->341542->341773->341547->563166->341548->340707->343666->343075->341543->588052->341499->344500->342607->587988->342821->341768->646932->341500->341501->343078->647029->647031->647028->647033->342043->338909->338898->338897->340035->338396->338397->338402->338405->338404->338391->338773->613666->613667
shortest_dijkstra,od1_sinnonhyeon_suseo,long,peak,8.0,26,1561.9534,1131.2874,409.492,1181.236,1088.4446,9210.2,18,True,80,2,5,73,342695->342700->343100->342865->340641->340704->341588->343777->340703->342671->340702->341790->341589->340701->563070->340700->341581->341792->342664->341793->341587->341794->342634->340699->342632->343072->341795->341544->341796->343669->341798->342622->341797->341771->341545->341772->646612->341541->340708->646354->342633->342626->344210->341542->341773->341547->563166->341548->340707->343666->343075->341543->588052->341499->344500->342607->587988->342821->341768->646932->341500->341501->343078->647029->647031->647028->647033->342043->338909->338898->338897->340035->338396->338397->338402->338405->338404->338391->338773->613666->613667
shortest_dijkstra,od1_sinnonhyeon_suseo,long,peak,8.0,27,1586.8394,1167.3004,397.3447,1247.8138,1056.1566,9210.2,17,True,80,2,5,73,342695->342700->343100->342865->340641->340704->341588->343777->340703->342671->340702->341790->341589->340701->563070->340700->341581->341792->342664->341793->341587->341794->342634->340699->342632->343072->341795->341544->341796->343669->341798->342622->341797->341771->341545->341772->646612->341541->340708->646354->342633->342626->344210->341542->341773->341547->563166->341548->340707->343666->343075->341543->588052->341499->344500->342607->587988->342821->341768->646932->341500->341501->343078->647029->647031->647028->647033->342043->338909->338898->338897->340035->338396->338397->338402->338405->338404->338391->338773->613666->613667
shortest_dijkstra,od1_sinnonhyeon_suseo,long,peak,8.0,28,1563.2521,1139.8413,400.0578,1235.9729,1063.3681,9210.2,18,True,80,2,5,73,342695->342700->343100->342865->340641->340704->341588->343777->340703->342671->340702->341790->341589->340701->563070->340700->341581->341792->342664->341793->341587->341794->342634->340699->342632->343072->341795->341544->341796->343669->341798->342622->341797->341771->341545->341772->646612->341541->340708->646354->342633->342626->344210->341542->341773->341547->563166->341548->340707->343666->343075->341543->588052->341499->344500->342607->587988->342821->341768->646932->341500->341501->343078->647029->647031->647028->647033->342043->338909->338898->338897->340035->338396->338397->338402->338405->338404->338391->338773->613666->613667
shortest_dijkstra,od1_sinnonhyeon_suseo,long,peak,8.0,29,1564.9565,1145.8754,397.8681,1245.2894,1057.5479,9210.2,18,True,80,2,5,73,342695->342700->343100->342865->340641->340704->341588->343777->340703->342671->340702->341790->341589->340701->563070->340700->341581->341792->342664->341793->341587->341794->342634->340699->342632->343072->341795->341544->341796->343669->341798->342622->341797->341771->341545->341772->646612->341541->340708->646354->342633->342626->344210->341542->341773->341547->563166->341548->340707->343666->343075->341543->588052->341499->344500->342607->587988->342821->341768->646932->341500->341501->343078->647029->647031->647028->647033->342043->338909->338898->338897->340035->338396->338397->338402->338405->338404->338391->338773->613666->613667
shortest_dijkstra,od1_sinnonhyeon_suseo,long,peak,8.0,30,1537.5537,1137.8907,378.1711,1235.6503,1005.1924,9210.2,17,True,80,2,5,73,342695->342700->343100->342865->340641->340704->341588->343777->340703->342671->340702->341790->341589->340701->563070->340700->341581->341792->342664->341793->341587->341794->342634->340699->342632->343072->341795->341544->341796->343669->341798->342622->341797->341771->341545->341772->646612->341541->340708->646354->342633->342626->344210->341542->341773->341547->563166->341548->340707->343666->343075->341543->588052->341499->344500->342607->587988->342821->341768->646932->341500->341501->343078->647029->647031->647028->647033->342043->338909->338898->338897->340035->338396->338397->338402->338405->338404->338391->338773->613666->613667
static_fuel_dijkstra,od1_sinnonhyeon_suseo,long,peak,8.0,1,1073.0878,974.3479,93.8514,1110.7926,249.4606,9445.0,3,True,65,7,10,48,342695->342700->343100->342865->342652->342116->342672->340587->342670->343657->342666->342663->342681->342617->342634->340699->342632->343072->341795->341544->341796->343669->341798->342622->341797->341771->341545->340698->341540->340697->343457->341546->344219->646319->563132->343774->343516->341492->340588->342606->342607->587988->342821->341768->646932->341500->343341->343340->341501->343078->647029->647031->647028->647033->342043->338909->338898->338897->340035->338396->338400->338399->338391->338773->613666->613667
static_fuel_dijkstra,od1_sinnonhyeon_suseo,long,peak,8.0,2,1084.5107,987.948,91.7955,1043.7329,243.9958,9439.0,3,True,64,7,10,47,342695->342700->343100->342865->342652->342116->342672->340587->342670->343657->342666->342663->342681->342617->342618->342632->343072->341795->341544->341796->343669->341798->342622->341797->341771->341545->340698->341540->340697->343457->341546->344219->646319->563132->343774->343516->341492->340588->342606->342607->587988->342821->341768->646932->341500->343341->343340->341501->343078->647029->647031->647028->647033->342043->338909->338898->338897->340035->338396->338400->338399->338391->338773->613666->613667
static_fuel_dijkstra,od1_sinnonhyeon_suseo,long,peak,8.0,3,1151.9958,1146.8637,2.7575,1388.349,7.3296,9633.0,2,True,78,8,13,57,342695->342700->343100->342865->342652->342116->342672->340587->646667->646362->341982->342679->341983->342673->646784->646782->341597->344261->341907->341605->341594->341595->343103->341778->341593->344353->342694->563168->341608->341553->341563->341561->341562->341564->342639->563096->342115->343710->341560->341518->341517->341516->341515->342114->563094->646707->342613->341535->343726->343919->338310->339265->338311->339297->339000->339664->338312->338344->562956->562954->338355->338356->339216->339584->338280->338279->587863->340185->340168->340186->338897->340035->338396->338400->338399->338391->338773->613666->613667
static_fuel_dijkstra,od1_sinnonhyeon_suseo,long,peak,8.0,4,1106.1069,1045.0363,58.8336,1205.9199,156.3818,9728.6,2,True,69,9,12,48,342695->342700->343100->342865->342652->342116->342672->340587->342670->343657->342666->342663->342681->342617->342634->340699->342632->343072->341795->341544->341796->343669->341798->342622->341797->341771->341545->341772->646612->341541->341539->563187->341540->340697->343457->341546->344219->646319->563132->343774->343516->341492->340588->342606->342607->587988->342821->341768->646932->341500->343341->343340->341501->343078->647029->647031->647028->647033->342043->338909->338898->338897->340035->338396->338400->338399->338391->338773->613666->613667
static_fuel_dijkstra,od1_sinnonhyeon_suseo,long,peak,8.0,5,1104.0801,1022.5275,76.818,1157.5311,204.1852,9367.9,3,True,62,4,7,51,342695->342700->343100->342865->342652->342116->342672->340587->342670->343657->342666->342663->342681->342617->342618->342632->343072->341795->341544->341796->343669->341798->342622->341797->341771->341545->340698->341540->340697->343457->341546->344219->646319->563132->343774->343516->341492->341499->344500->342607->587988->342821->341768->646932->341500->341501->343078->647029->647031->647028->647033->342043->338909->338898->338897->340035->338396->338400->338399->338391->338773->613666->613667
static_fuel_dijkstra,od1_sinnonhyeon_suseo,long,peak,8.0,6,1170.5138,1112.6721,55.1839,1348.5239,146.6807,9675.1,2,True,67,7,10,50,342695->342700->343100->342865->342652->342116->342672->340587->342670->343657->342666->342663->342681->342617->342634->340699->342632->343072->341795->341544->341796->343669->341798->342622->341797->341771->341545->341772->646612->341541->341539->563187->341540->340697->343457->341546->344219->646319->563132->343774->343516->341492->340588->342606->342607->587988->342821->341768->646932->341500->341501->343078->647029->647031->647028->647033->342043->338909->338898->338897->340035->338396->338400->338399->338391->338773->613666->613667
static_fuel_dijkstra,od1_sinnonhyeon_suseo,long,peak,8.0,7,1076.9907,1074.1232,1.7905,1229.8571,4.7592,9728.6,1,True,69,9,12,48,342695->342700->343100->342865->342652->342116->342672->340587->342670->343657->342666->342663->342681->342617->342634->340699->342632->343072->341795->341544->341796->343669->341798->342622->341797->341771->341545->341772->646612->341541->341539->563187->341540->340697->343457->341546->344219->646319->563132->343774->343516->341492->340588->342606->342607->587988->342821->341768->646932->341500->343341->343340->341501->343078->647029->647031->647028->647033->342043->338909->338898->338897->340035->338396->338400->338399->338391->338773->613666->613667
static_fuel_dijkstra,od1_sinnonhyeon_suseo,long,peak,8.0,8,1056.6421,1053.4695,2.4885,1273.6944,6.6145,10157.7,1,True,68,10,9,49,342695->342700->343100->342865->342652->342116->342672->340587->342670->343657->342666->342663->342681->342617->342634->340699->342632->343072->341795->341544->341796->343669->341798->342622->341797->341771->341545->341772->646612->341541->341539->563187->341540->340697->343457->341546->344219->646319->563132->343774->343516->341492->340588->342606->342607->587988->342821->341768->646932->342820->342610->341493->341490->342050->647032->647028->647033->342043->338909->338898->338897->340035->338396->338400->338399->338391->338773->613666->613667
static_fuel_dijkstra,od1_sinnonhyeon_suseo,long,peak,8.0,9,1111.101,1041.0381,65.4187,1153.027,173.8852,9722.6,2,True,68,9,12,47,342695->342700->343100->342865->342652->342116->342672->340587->342670->343657->342666->342663->342681->342617->342618->342632->343072->341795->341544->341796->343669->341798->342622->341797->341771->341545->341772->646612->341541->341539->563187->341540->340697->343457->341546->344219->646319->563132->343774->343516->341492->340588->342606->342607->587988->342821->341768->646932->341500->343341->343340->341501->343078->647029->647031->647028->647033->342043->338909->338898->338897->340035->338396->338400->338399->338391->338773->613666->613667
static_fuel_dijkstra,od1_sinnonhyeon_suseo,long,peak,8.0,10,1165.0702,1137.4994,27.0204,1405.9353,71.8212,9633.0,1,True,78,8,13,57,342695->342700->343100->342865->342652->342116->342672->340587->646667->646362->341982->342679->341983->342673->646784->646782->341597->344261->341907->341605->341594->341595->343103->341778->341593->344353->342694->563168->341608->341553->341563->341561->341562->341564->342639->563096->342115->343710->341560->341518->341517->341516->341515->342114->563094->646707->342613->341535->343726->343919->338310->339265->338311->339297->339000->339664->338312->338344->562956->562954->338355->338356->339216->339584->338280->338279->587863->340185->340168->340186->338897->340035->338396->338400->338399->338391->338773->613666->613667
static_fuel_dijkstra,od1_sinnonhyeon_suseo,long,peak,8.0,11,1075.5206,1017.2871,56.0572,1192.7151,149.0021,9728.6,2,True,69,9,12,48,342695->342700->343100->342865->342652->342116->342672->340587->342670->343657->342666->342663->342681->342617->342634->340699->342632->343072->341795->341544->341796->343669->341798->342622->341797->341771->341545->341772->646612->341541->341539->563187->341540->340697->343457->341546->344219->646319->563132->343774->343516->341492->340588->342606->342607->587988->342821->341768->646932->341500->343341->343340->341501->343078->647029->647031->647028->647033->342043->338909->338898->338897->340035->338396->338400->338399->338391->338773->613666->613667
static_fuel_dijkstra,od1_sinnonhyeon_suseo,long,peak,8.0,12,1018.6618,1011.8363,3.1672,1120.3369,8.4186,9728.6,2,True,69,9,12,48,342695->342700->343100->342865->342652->342116->342672->340587->342670->343657->342666->342663->342681->342617->342634->340699->342632->343072->341795->341544->341796->343669->341798->342622->341797->341771->341545->341772->646612->341541->341539->563187->341540->340697->343457->341546->344219->646319->563132->343774->343516->341492->340588->342606->342607->587988->342821->341768->646932->341500->343341->343340->341501->343078->647029->647031->647028->647033->342043->338909->338898->338897->340035->338396->338400->338399->338391->338773->613666->613667
static_fuel_dijkstra,od1_sinnonhyeon_suseo,long,peak,8.0,13,1049.7144,1049.7144,0.0,1233.6142,0.0,9728.6,0,True,69,9,12,48,342695->342700->343100->342865->342652->342116->342672->340587->342670->343657->342666->342663->342681->342617->342634->340699->342632->343072->341795->341544->341796->343669->341798->342622->341797->341771->341545->341772->646612->341541->341539->563187->341540->340697->343457->341546->344219->646319->563132->343774->343516->341492->340588->342606->342607->587988->342821->341768->646932->341500->343341->343340->341501->343078->647029->647031->647028->647033->342043->338909->338898->338897->340035->338396->338400->338399->338391->338773->613666->613667
static_fuel_dijkstra,od1_sinnonhyeon_suseo,long,peak,8.0,14,1002.4367,994.2278,6.3178,1150.5682,16.7929,9675.1,1,True,67,7,10,50,342695->342700->343100->342865->342652->342116->342672->340587->342670->343657->342666->342663->342681->342617->342634->340699->342632->343072->341795->341544->341796->343669->341798->342622->341797->341771->341545->341772->646612->341541->341539->563187->341540->340697->343457->341546->344219->646319->563132->343774->343516->341492->340588->342606->342607->587988->342821->341768->646932->341500->341501->343078->647029->647031->647028->647033->342043->338909->338898->338897->340035->338396->338400->338399->338391->338773->613666->613667
static_fuel_dijkstra,od1_sinnonhyeon_suseo,long,peak,8.0,15,1143.1009,1086.2347,55.4289,1280.9482,147.3321,9728.6,1,True,69,9,12,48,342695->342700->343100->342865->342652->342116->342672->340587->342670->343657->342666->342663->342681->342617->342634->340699->342632->343072->341795->341544->341796->343669->341798->342622->341797->341771->341545->341772->646612->341541->341539->563187->341540->340697->343457->341546->344219->646319->563132->343774->343516->341492->340588->342606->342607->587988->342821->341768->646932->341500->343341->343340->341501->343078->647029->647031->647028->647033->342043->338909->338898->338897->340035->338396->338400->338399->338391->338773->613666->613667
static_fuel_dijkstra,od1_sinnonhyeon_suseo,long,peak,8.0,16,1003.9761,999.2995,3.7989,1151.213,10.0976,9728.6,1,True,69,9,12,48,342695->342700->343100->342865->342652->342116->342672->340587->342670->343657->342666->342663->342681->342617->342634->340699->342632->343072->341795->341544->341796->343669->341798->342622->341797->341771->341545->341772->646612->341541->341539->563187->341540->340697->343457->341546->344219->646319->563132->343774->343516->341492->340588->342606->342607->587988->342821->341768->646932->341500->343341->343340->341501->343078->647029->647031->647028->647033->342043->338909->338898->338897->340035->338396->338400->338399->338391->338773->613666->613667
static_fuel_dijkstra,od1_sinnonhyeon_suseo,long,peak,8.0,17,1105.0338,1011.6045,87.9073,1220.7051,233.6608,9385.5,3,True,62,5,8,49,342695->342700->343100->342865->342652->342116->342672->340587->342670->343657->342666->342663->342681->342617->342618->342632->343072->341795->341544->341796->343669->341798->342622->341797->341771->341545->340698->341540->340697->343457->341546->344219->646319->563132->343774->343516->341492->340588->342606->342607->587988->342821->341768->646932->341500->341501->343078->647029->647031->647028->647033->342043->338909->338898->338897->340035->338396->338400->338399->338391->338773->613666->613667
static_fuel_dijkstra,od1_sinnonhyeon_suseo,long,peak,8.0,18,1025.1709,1016.3527,6.4695,1138.4308,17.1963,9722.6,2,True,68,9,12,47,342695->342700->343100->342865->342652->342116->342672->340587->342670->343657->342666->342663->342681->342617->342618->342632->343072->341795->341544->341796->343669->341798->342622->341797->341771->341545->341772->646612->341541->341539->563187->341540->340697->343457->341546->344219->646319->563132->343774->343516->341492->340588->342606->342607->587988->342821->341768->646932->341500->343341->343340->341501->343078->647029->647031->647028->647033->342043->338909->338898->338897->340035->338396->338400->338399->338391->338773->613666->613667
static_fuel_dijkstra,od1_sinnonhyeon_suseo,long,peak,8.0,19,1090.7249,1004.7179,82.0546,1118.3351,218.1042,9445.0,3,True,65,7,10,48,342695->342700->343100->342865->342652->342116->342672->340587->342670->343657->342666->342663->342681->342617->342634->340699->342632->343072->341795->341544->341796->343669->341798->342622->341797->341771->341545->340698->341540->340697->343457->341546->344219->646319->563132->343774->343516->341492->340588->342606->342607->587988->342821->341768->646932->341500->343341->343340->341501->343078->647029->647031->647028->647033->342043->338909->338898->338897->340035->338396->338400->338399->338391->338773->613666->613667
static_fuel_dijkstra,od1_sinnonhyeon_suseo,long,peak,8.0,20,1078.09,1064.5116,10.972,1192.8897,29.164,9728.6,2,True,69,9,12,48,342695->342700->343100->342865->342652->342116->342672->340587->342670->343657->342666->342663->342681->342617->342634->340699->342632->343072->341795->341544->341796->343669->341798->342622->341797->341771->341545->341772->646612->341541->341539->563187->341540->340697->343457->341546->344219->646319->563132->343774->343516->341492->340588->342606->342607->587988->342821->341768->646932->341500->343341->343340->341501->343078->647029->647031->647028->647033->342043->338909->338898->338897->340035->338396->338400->338399->338391->338773->613666->613667
static_fuel_dijkstra,od1_sinnonhyeon_suseo,long,peak,8.0,21,1093.4636,1009.7325,78.8337,1119.0625,209.5428,9367.9,4,True,62,4,7,51,342695->342700->343100->342865->342652->342116->342672->340587->342670->343657->342666->342663->342681->342617->342618->342632->343072->341795->341544->341796->343669->341798->342622->341797->341771->341545->340698->341540->340697->343457->341546->344219->646319->563132->343774->343516->341492->341499->344500->342607->587988->342821->341768->646932->341500->341501->343078->647029->647031->647028->647033->342043->338909->338898->338897->340035->338396->338400->338399->338391->338773->613666->613667
static_fuel_dijkstra,od1_sinnonhyeon_suseo,long,peak,8.0,22,1071.6307,960.1006,106.947,1070.3928,284.2691,9439.0,3,True,64,7,10,47,342695->342700->343100->342865->342652->342116->342672->340587->342670->343657->342666->342663->342681->342617->342618->342632->343072->341795->341544->341796->343669->341798->342622->341797->341771->341545->340698->341540->340697->343457->341546->344219->646319->563132->343774->343516->341492->340588->342606->342607->587988->342821->341768->646932->341500->343341->343340->341501->343078->647029->647031->647028->647033->342043->338909->338898->338897->340035->338396->338400->338399->338391->338773->613666->613667
static_fuel_dijkstra,od1_sinnonhyeon_suseo,long,peak,8.0,23,1095.4954,1007.6095,84.0559,1155.6892,223.4235,9439.0,2,True,64,7,10,47,342695->342700->343100->342865->342652->342116->342672->340587->342670->343657->342666->342663->342681->342617->342618->342632->343072->341795->341544->341796->343669->341798->342622->341797->341771->341545->340698->341540->340697->343457->341546->344219->646319->563132->343774->343516->341492->340588->342606->342607->587988->342821->341768->646932->341500->343341->343340->341501->343078->647029->647031->647028->647033->342043->338909->338898->338897->340035->338396->338400->338399->338391->338773->613666->613667
static_fuel_dijkstra,od1_sinnonhyeon_suseo,long,peak,8.0,24,1076.4046,997.6621,74.2379,1122.3738,197.3271,9367.9,4,True,62,4,7,51,342695->342700->343100->342865->342652->342116->342672->340587->342670->343657->342666->342663->342681->342617->342618->342632->343072->341795->341544->341796->343669->341798->342622->341797->341771->341545->340698->341540->340697->343457->341546->344219->646319->563132->343774->343516->341492->341499->344500->342607->587988->342821->341768->646932->341500->341501->343078->647029->647031->647028->647033->342043->338909->338898->338897->340035->338396->338400->338399->338391->338773->613666->613667
static_fuel_dijkstra,od1_sinnonhyeon_suseo,long,peak,8.0,25,1106.419,1017.0745,85.1486,1189.9324,226.3282,9385.5,3,True,62,5,8,49,342695->342700->343100->342865->342652->342116->342672->340587->342670->343657->342666->342663->342681->342617->342618->342632->343072->341795->341544->341796->343669->341798->342622->341797->341771->341545->340698->341540->340697->343457->341546->344219->646319->563132->343774->343516->341492->340588->342606->342607->587988->342821->341768->646932->341500->341501->343078->647029->647031->647028->647033->342043->338909->338898->338897->340035->338396->338400->338399->338391->338773->613666->613667
static_fuel_dijkstra,od1_sinnonhyeon_suseo,long,peak,8.0,26,1094.4142,1039.2734,53.7195,1212.6395,142.7884,9728.6,1,True,69,9,12,48,342695->342700->343100->342865->342652->342116->342672->340587->342670->343657->342666->342663->342681->342617->342634->340699->342632->343072->341795->341544->341796->343669->341798->342622->341797->341771->341545->341772->646612->341541->341539->563187->341540->340697->343457->341546->344219->646319->563132->343774->343516->341492->340588->342606->342607->587988->342821->341768->646932->341500->343341->343340->341501->343078->647029->647031->647028->647033->342043->338909->338898->338897->340035->338396->338400->338399->338391->338773->613666->613667
static_fuel_dijkstra,od1_sinnonhyeon_suseo,long,peak,8.0,27,994.6437,988.3056,4.6454,1146.9299,12.3477,9728.6,1,True,69,9,12,48,342695->342700->343100->342865->342652->342116->342672->340587->342670->343657->342666->342663->342681->342617->342634->340699->342632->343072->341795->341544->341796->343669->341798->342622->341797->341771->341545->341772->646612->341541->341539->563187->341540->340697->343457->341546->344219->646319->563132->343774->343516->341492->340588->342606->342607->587988->342821->341768->646932->341500->343341->343340->341501->343078->647029->647031->647028->647033->342043->338909->338898->338897->340035->338396->338400->338399->338391->338773->613666->613667
static_fuel_dijkstra,od1_sinnonhyeon_suseo,long,peak,8.0,28,1126.1341,1038.5927,82.9192,1133.5268,220.4023,9385.5,3,True,62,5,8,49,342695->342700->343100->342865->342652->342116->342672->340587->342670->343657->342666->342663->342681->342617->342618->342632->343072->341795->341544->341796->343669->341798->342622->341797->341771->341545->340698->341540->340697->343457->341546->344219->646319->563132->343774->343516->341492->340588->342606->342607->587988->342821->341768->646932->341500->341501->343078->647029->647031->647028->647033->342043->338909->338898->338897->340035->338396->338400->338399->338391->338773->613666->613667
static_fuel_dijkstra,od1_sinnonhyeon_suseo,long,peak,8.0,29,1078.6264,995.5628,78.0448,1104.0351,207.4459,9439.0,3,True,64,7,10,47,342695->342700->343100->342865->342652->342116->342672->340587->342670->343657->342666->342663->342681->342617->342618->342632->343072->341795->341544->341796->343669->341798->342622->341797->341771->341545->340698->341540->340697->343457->341546->344219->646319->563132->343774->343516->341492->340588->342606->342607->587988->342821->341768->646932->341500->343341->343340->341501->343078->647029->647031->647028->647033->342043->338909->338898->338897->340035->338396->338400->338399->338391->338773->613666->613667
static_fuel_dijkstra,od1_sinnonhyeon_suseo,long,peak,8.0,30,1048.4729,1042.3833,4.9336,1193.3327,13.1138,9728.6,1,True,69,9,12,48,342695->342700->343100->342865->342652->342116->342672->340587->342670->343657->342666->342663->342681->342617->342634->340699->342632->343072->341795->341544->341796->343669->341798->342622->341797->341771->341545->341772->646612->341541->341539->563187->341540->340697->343457->341546->344219->646319->563132->343774->343516->341492->340588->342606->342607->587988->342821->341768->646932->341500->343341->343340->341501->343078->647029->647031->647028->647033->342043->338909->338898->338897->340035->338396->338400->338399->338391->338773->613666->613667
rl_base,od1_sinnonhyeon_suseo,long,peak,8.0,1,1450.792,1379.3287,65.5629,1581.5379,174.2686,11442.0,5,True,98,16,19,63,342695->342700->343100->342865->342652->342116->342672->340587->342670->646668->646669->342669->342679->341983->342673->646784->646782->341597->341596->341598->342684->341601->343106->343943->342693->341607->588038->563143->338261->339538->338258->613662->339651->338651->562919->562884->613773->613772->339003->339662->341549->342639->563096->342115->563067->342648->342147->341996->341571->340229->562951->338222->338198->562865->339135->339122->646056->338604->338223->338603->339126->338348->338347->338346->338354->338601->339884->339712->339713->338326->338327->338328->338342->338887->340280->340271->338344->562956->562954->338355->338356->339216->339584->340268->338759->338758->338279->587863->340185->340186->338897->340035->338396->338400->338399->338391->338773->613666->613667
rl_base,od1_sinnonhyeon_suseo,long,peak,8.0,2,1670.0187,1515.2525,143.1874,1786.0245,380.5974,12251.9,9,True,107,22,22,63,342695->342700->343100->342865->342652->342116->342672->340587->342670->646668->646665->646668->646669->342669->342679->341983->342673->646784->646782->341597->341596->341598->342684->341601->343106->343943->342693->341607->344213->343102->341557->588040->341572->339293->338651->562919->562884->613773->613772->339003->339662->341549->342639->563096->342115->563067->342648->342147->341996->341571->340229->562951->338222->338198->562865->339135->339122->646056->338604->338223->338603->339126->338348->338347->338346->338354->338601->339884->339712->339713->338326->338327->338328->338342->338887->340280->340271->338314->338315->338345->340097->339563->338317->339562->338296->645999->646000->646001->646000->338362->339695->339697->338278->338298->645952->338299->338300->340168->340186->338897->340035->338396->338400->338399->338391->338773->613666->613667
rl_base,od1_sinnonhyeon_suseo,long,peak,8.0,3,1616.2349,1456.3832,149.0219,1791.8934,396.1057,11918.1,9,True,105,20,23,62,342695->342700->343100->342865->342652->342116->342672->340587->342670->646668->646669->342669->342679->341983->342673->646784->646782->341597->341596->341598->342684->341601->343106->343943->342693->341607->344213->343102->341557->588040->341572->339293->338651->562919->562884->613773->613772->339003->339662->341549->342639->563096->342115->563067->342648->342147->341996->341571->340229->562951->338222->338198->562865->339135->339122->646056->338604->338223->338603->339126->338348->338347->338346->338354->338601->339884->339712->339713->338326->338327->338328->338342->338887->340280->340271->338314->338707->338313->340271->338314->338315->338345->340097->339563->338317->339562->338296->645999->646000->338362->339695->339697->338278->338298->338297->645982->339213->338361->339150->338403->338372->338404->338391->338773->613666->613667
rl_base,od1_sinnonhyeon_suseo,long,peak,8.0,4,2809.2445,2434.6887,360.6373,3318.2611,958.5871,20252.4,15,False,200,33,45,122,342695->342700->343100->342865->342652->342116->342672->340587->342670->646668->646669->342669->342679->341983->342673->646784->646782->341597->341596->341598->342684->341601->343106->343943->342693->341607->344213->343102->341557->588040->341572->339293->338651->562919->562884->613773->613772->339003->339662->341549->342639->563096->342115->563067->342648->342147->341996->341571->340229->562951->338222->338198->562865->339135->339122->338837->338726->338222->338198->338199->338224->342071->341571->341521->342613->341535->343726->343919->338310->339265->338311->338769->338324->339229->343940->344529->341533->341532->343934->343937->343932->343939->343938->342836->343936->343935->343934->341532->341533->344530->341535->342613->646707->563094->342114->342113->341519->341513->341520->343933->343937->341532->341533->344530->341535->342613->646707->563094->342114->341515->341510->343158->343157->343159->341508->646563->341513->341520->646429->341507->341506->646615->646617->343938->342836->343936->341532->341533->344530->341535->342613->646707->563094->342114->341515->341510->342869->341511->341516->341517->341518->341560->343710->342115->341559->341985->341569->341738->563185->341560->342648->563067->342636->338199->338252->338226->339127->338649->339136->645956->338227->339819->646028->646026->339934->339811->340231->339724->339314->339317->338256->339580->613775->338232->339581->338233->338234->340157->338207->338327->338328->338342->338887->340280->562957->340280->340271->338314->338315->338345->340097->339563->339562->338296->645999->646000->338362->339695->339697->338278->338298
rl_base,od1_sinnonhyeon_suseo,long,peak,8.0,5,1593.9959,1457.7764,126.4978,1845.6274,336.2356,11898.3,8,True,103,19,21,63,342695->342700->343100->342865->342652->342116->342672->340587->342670->646668->646669->342669->342679->341983->342673->646784->646782->341597->341596->341598->342684->341601->343106->343943->342693->341607->344213->343102->341557->588040->341572->339293->338651->562919->562884->613773->613772->339003->339662->341549->342639->563096->342115->563067->342648->342147->341996->341571->340229->562951->338222->338198->562865->339135->339122->646056->338604->338223->338603->339126->338348->338347->338346->338354->338601->339884->339712->339713->338326->338327->338328->338342->338887->340280->562957->340280->340271->338314->338315->338345->340097->339563->338317->339562->338296->645999->646000->338362->339695->339697->338278->338298->338297->645982->339213->338361->339150->338403->338372->338404->338391->338773->613666->613667
rl_base,od1_sinnonhyeon_suseo,long,peak,8.0,6,1548.8246,1388.4868,149.9973,1754.8488,398.6983,11769.7,9,True,101,20,20,61,342695->342700->343100->342865->342652->342116->342672->340587->342670->646668->646669->342669->342679->341983->342673->646784->646782->341597->341596->341598->342684->341601->343106->343943->342693->341607->344213->343102->341557->588040->341572->339293->338651->562919->562884->613773->613772->339003->339662->341549->342639->563096->342115->563067->342648->342147->341996->341571->340229->562951->338222->338198->562865->339135->339122->646056->338604->338223->338603->339126->338348->338347->338346->338354->338601->339884->339712->339713->338326->338327->338328->338342->338887->340280->340271->338314->338315->338345->340097->339563->338317->339562->338296->645999->646000->338362->339695->339697->338278->338298->338297->645982->339213->338361->339150->338403->338372->338404->338391->338773->613666->613667
rl_base,od1_sinnonhyeon_suseo,long,peak,8.0,7,1555.8665,1404.4151,142.7533,1851.2024,379.4435,11851.1,9,True,103,22,20,61,342695->342700->343100->342865->342652->342116->342672->340587->342670->646668->646669->342669->342679->341983->342673->646784->646782->341597->341596->341598->342684->341601->343106->343943->342693->341607->344213->343102->341557->588040->341572->339293->338651->562919->562884->613773->613772->339003->339662->341549->342639->563096->342115->563067->342648->342147->341996->341571->340229->562951->338222->338198->562865->339135->339122->646056->338604->338223->338603->339126->338348->338347->338346->338354->338601->339884->339712->339713->338326->338327->338328->338342->338887->340280->340271->338314->338315->338345->340097->339563->338317->339562->338296->645999->646000->338362->339695->339697->613782->339697->338278->338298->338297->645982->339213->338361->339150->338403->338372->338404->338391->338773->613666->613667
rl_base,od1_sinnonhyeon_suseo,long,peak,8.0,8,1298.3723,1208.7268,83.6927,1512.3499,222.4582,10393.9,5,True,95,16,17,62,342695->342700->343100->342865->340641->340704->341588->341785->342116->342672->340587->342670->646668->646669->342669->342679->341983->342673->646784->646782->341597->341596->341598->342684->341601->343106->343943->342693->341607->344213->343102->341557->588040->341572->339293->338651->562919->562884->613773->613772->339003->339662->341549->342639->563096->342115->563067->342648->342147->341996->341571->340229->562951->338222->338198->562865->339135->339122->646056->338604->338223->338603->339126->338348->338347->338346->339296->338349->338341->338728->339266->338343->338312->338344->562956->562954->338355->338356->339216->339584->340268->338759->338758->338279->587863->340185->340186->338897->340035->338396->338400->338399->338391->338773->613666->613667
rl_base,od1_sinnonhyeon_suseo,long,peak,8.0,9,1383.6725,1272.9854,106.9734,1572.819,284.3391,11119.5,5,True,102,18,18,66,342695->342700->343100->342865->342652->342116->342672->340587->342670->646668->646669->342669->563097->342668->342152->343709->342152->342668->563097->342673->646784->646782->341597->341596->341598->342684->341601->343104->341594->341605->341595->343103->341778->341593->344353->342694->563168->341608->341553->341563->341552->342644->342148->342645->341559->342115->563067->342648->342147->341996->341571->340229->562951->338222->338198->562865->339135->339122->646056->338604->338223->338603->339126->338348->338347->338346->339296->338349->338341->338728->339266->338343->338312->338344->562956->562954->338355->338356->339216->339584->340268->338759->338758->338279->587863->340185->340186->338897->340035->338396->338400->338399->338391->338773->613628->338388->338390->613789->613750->338610->338395->338612->613667
rl_base,od1_sinnonhyeon_suseo,long,peak,8.0,10,1535.0487,1441.2815,87.0154,1732.2761,231.2902,11913.1,8,True,110,16,22,72,342695->342700->343100->342865->342652->342116->342672->340587->342670->646668->646669->342669->342679->341983->342673->646784->646782->341597->341596->341598->342684->341601->343106->343943->342693->341607->344213->343102->341557->588040->341572->339293->338651->562919->562884->613773->613772->339003->339662->341549->342639->563096->342115->563067->342648->342147->341996->341571->340229->562951->338222->338198->562865->339135->339122->646056->338604->338223->338603->339126->338348->338347->338346->338354->338601->339884->339712->339713->338326->338327->338207->340158->338206->339125->338598->338208->338599->587846->338600->338354->338346->339296->338349->338341->338728->339266->338343->338312->338344->562956->562954->338355->338356->339216->339584->340268->338759->338758->338279->587863->340185->340186->338897->340035->338396->338400->338399->338391->338773->613666->613667
rl_base,od1_sinnonhyeon_suseo,long,peak,8.0,11,1616.2658,1477.2115,129.7141,1890.543,344.7847,11769.7,9,True,101,20,20,61,342695->342700->343100->342865->342652->342116->342672->340587->342670->646668->646669->342669->342679->341983->342673->646784->646782->341597->341596->341598->342684->341601->343106->343943->342693->341607->344213->343102->341557->588040->341572->339293->338651->562919->562884->613773->613772->339003->339662->341549->342639->563096->342115->563067->342648->342147->341996->341571->340229->562951->338222->338198->562865->339135->339122->646056->338604->338223->338603->339126->338348->338347->338346->338354->338601->339884->339712->339713->338326->338327->338328->338342->338887->340280->340271->338314->338315->338345->340097->339563->338317->339562->338296->645999->646000->338362->339695->339697->338278->338298->338297->645982->339213->338361->339150->338403->338372->338404->338391->338773->613666->613667
rl_base,od1_sinnonhyeon_suseo,long,peak,8.0,12,2711.0184,2300.3738,392.1726,2801.9295,1042.4089,19149.3,14,False,200,60,33,107,342695->342700->343100->342834->341621->341620->342076->342713->342714->342712->342158->342715->342720->342155->342156->342710->343062->563071->340626->341619->563100->341780->341614->341779->341781->341617->341616->342655->341575->341584->342676->341582->341811->341579->341578->341810->341580->342657->342654->342653->342676->341582->341811->341579->341590->341577->341812->341584->344570->613854->341813->341585->341783->341618->343068->341616->341585->341813->613854->344570->341584->342676->341582->341811->341579->341578->341576->341809->341244->342499->342068->344388->341891->341163->341166->343027->344434->341169->341166->341163->341891->342483->342655->341575->341584->342676->341582->341811->341579->341590->341577->341812->341584->342676->341582->341811->341579->341590->341577->341812->341584->342676->341582->341811->341579->341590->341577->341812->341584->342676->341582->341811->341579->341590->341577->341812->341584->342676->341582->341811->341579->341590->341577->341812->341584->342676->341582->341811->341579->341590->341577->341812->341584->342676->341582->341811->341579->341590->341577->341812->341584->342676->341582->341811->341579->341590->341577->341812->341584->342676->341582->341811->341579->341590->341577->341576->341809->341244->341239->341918->341917->343037->342503->343032->343033->343034->342501->342146->342500->342498->342502->341249->341806->341260->341586->646411->587943->342682->342662->342667->341581->340700->563070->342670->340587->646667->646362->341982->342679->341983->342673->646784->646782->341597->341596->341598->342684->341601->343106->343943->342693
rl_base,od1_sinnonhyeon_suseo,long,peak,8.0,13,1675.4257,1464.557,200.7695,1868.3951,533.6526,12014.2,10,True,104,19,18,67,342695->342700->342159->344204->341621->342834->343100->342865->342652->342116->342672->340587->342670->646668->646669->342669->342679->341983->342673->646784->646782->341597->341596->341598->342684->341601->343106->343943->342693->341607->344213->343102->341557->588040->341572->339293->338651->562919->562884->613773->613772->339003->339662->341549->342639->563096->342115->563067->342648->342147->341996->341571->340229->562951->338222->338198->562865->339135->339122->646056->338604->338223->338603->339126->338348->338347->338706->338354->338601->339884->339712->339713->338326->338327->338328->338342->338887->340280->340271->338314->338315->338345->340097->339563->339562->338296->645999->646000->338362->339695->339697->338278->338298->338297->645982->339213->338361->339150->338403->338372->338404->338391->338773->613666->613667
rl_base,od1_sinnonhyeon_suseo,long,peak,8.0,14,1570.1151,1400.6762,155.9399,1784.1369,414.494,11805.0,9,True,101,20,20,61,342695->342700->343100->342865->342652->342116->342672->340587->342670->646668->646669->342669->342679->341983->342673->646784->646782->341597->341596->341598->342684->341601->343106->343943->342693->341607->344213->343102->341557->588040->341572->339293->338651->562919->562884->613773->613772->339003->339662->341549->342639->563096->342115->563067->342636->342147->341996->341571->340229->562951->338222->338198->562865->339135->338197->338597->338605->338223->338603->339126->338348->338347->338346->338354->338601->339884->339712->339713->338326->338327->338328->338342->338887->340280->340271->338314->338315->338345->340097->339563->338317->339562->338296->645999->646000->338362->339695->339697->338278->338298->338297->645982->339213->338361->339150->338403->338372->338404->338391->338773->613666->613667
rl_base,od1_sinnonhyeon_suseo,long,peak,8.0,15,1423.2253,1373.9637,46.3408,1688.1549,123.1756,11207.6,4,True,105,16,24,65,342695->342700->343100->342865->342652->342116->342672->340587->342670->646668->646669->646666->646669->342669->342679->341983->342673->646784->646782->341597->341596->341598->342684->341601->343106->343943->342693->341607->344213->343102->341557->588040->341572->339293->338651->562919->562884->613773->613772->339003->613773->562884->562919->338651->562921->562923->342153->343109->613772->613773->339003->339662->341549->342639->563096->342115->563067->342648->342147->341996->341571->340229->562951->338222->338198->562865->339135->339122->646056->338604->338223->338603->339126->338348->338347->338346->339296->338349->338341->338728->339266->338343->338312->338344->562956->562954->338355->338356->339216->339584->340268->338759->338758->338279->587863->340185->340186->338897->340035->338396->338400->338399->338391->338773->613666->613667
rl_base,od1_sinnonhyeon_suseo,long,peak,8.0,16,1593.2991,1464.4158,119.3261,1896.0406,317.173,12339.8,8,True,108,22,22,64,342695->342700->343100->342865->342652->342116->342672->340587->342670->646668->646669->342669->342679->341983->342673->646784->646782->341597->341596->341598->342684->341601->343106->343943->342693->341607->344213->343102->341557->588040->341572->339293->338651->562919->562884->613773->613772->339003->339662->341549->342639->563096->342115->563067->342648->342147->341996->341571->340229->562951->338222->338198->562865->339135->339122->646056->338604->338223->338603->339126->338348->338347->338346->338354->338601->339884->339712->339713->338326->338327->338328->338342->338887->340280->340271->338314->338315->338345->340097->339563->338317->339562->338296->645999->646000->338362->339695->339697->338278->613781->645974->338277->339298->340235->338299->645952->338298->338297->645982->339213->338361->339150->338403->338372->338404->338391->338773->613666->613667
rl_base,od1_sinnonhyeon_suseo,long,peak,8.0,17,1859.0479,1633.5397,210.3334,2064.5114,559.0739,13302.0,12,True,122,24,24,74,342695->342700->343100->342865->342652->342116->342672->340587->342670->646668->646669->342669->342679->341983->342673->646784->646783->646784->646782->341597->341596->341598->342684->341601->343106->343943->342693->341607->344213->343102->341557->588040->341572->339293->338651->562919->562884->613773->613772->339003->339662->341549->342639->563096->342115->563067->342648->342147->341996->341571->340229->562951->338222->338198->562865->339135->339122->646056->338604->338223->338603->339126->338348->338347->338346->338354->338601->339884->339712->339713->338326->338327->338328->338342->338887->340280->340271->338314->338315->338345->340097->339563->338317->339562->338296->645999->646000->338362->339695->339697->338278->338298->338297->645982->339213->338361->338614->339149->338615->338307->338306->338308->339871->338791->338306->339148->613629->338303->338338->646005->646003->339699->339698->338450->338792->563056->562869->563057->338718->338392->338393->562953->613667
rl_base,od1_sinnonhyeon_suseo,long,peak,8.0,18,1356.0041,1299.0887,52.9729,1475.5554,140.8038,10925.3,4,True,100,16,24,60,342695->342700->343100->342865->342652->342116->342672->340587->342670->646668->646669->342669->342679->341983->342673->646784->646782->341597->341596->341598->342684->341601->343106->343943->342693->341607->344213->343102->341557->588040->341572->339293->338651->562919->562884->613773->613772->339003->339662->341549->342639->563096->342115->563067->342648->342147->341996->341571->340229->562951->338222->338198->562865->339135->339122->646056->338604->338223->338603->339126->338348->338347->338346->338354->338706->338347->338346->339296->338349->338341->338728->339266->338343->338312->338344->562956->562955->562956->562954->338355->338356->339216->339584->340268->338759->338758->338279->587863->340185->340186->338897->340035->340034->340035->338396->338400->338399->338391->338773->613666->613667
rl_base,od1_sinnonhyeon_suseo,long,peak,8.0,19,1363.2853,1255.6885,103.2137,1443.5375,274.3458,10494.0,5,True,98,18,19,61,342695->342700->343100->342865->340641->340704->341588->341785->342116->342672->340587->342670->646668->646669->342669->342679->341983->342673->646784->646782->341597->341596->341598->342684->341601->343106->343943->342693->341607->344213->343102->341557->588040->341572->339293->338651->562919->562884->613773->613772->339003->339662->341549->342639->563096->342115->563067->342648->342147->341996->341571->340229->562951->338222->338198->562865->339135->339122->646056->338604->338223->338603->339126->338348->338347->338346->339296->338349->338341->338728->339266->338343->338312->338344->562956->562954->338355->338356->339216->339584->340268->338759->338301->338302->338758->338279->587863->340185->340168->340186->338897->340035->338396->338400->338399->338391->338773->613666->613667
rl_base,od1_sinnonhyeon_suseo,long,peak,8.0,20,1694.5234,1479.263,207.2461,1951.3329,550.8675,12518.8,8,True,107,19,13,75,342695->342699->342703->341653->341612->339008->339015->338140->339430->339432->338157->338139->562936->339292->339070->613767->338253->613768->613766->338920->646136->339130->339129->338926->338254->338767->338768->587842->338583->338268->338262->338587->338588->339119->338589->338205->338998->340121->338997->645954->339806->646068->338655->339656->339807->339810->338999->339654->339136->645956->338227->339819->646028->646026->339934->339811->340231->339724->339314->339317->338256->339580->613775->338232->339581->338233->338234->340157->338207->338327->338328->338342->338887->340280->340271->338314->338315->338345->340097->339563->339562->338296->645999->646000->338362->339695->339697->613782->339697->338278->338298->338297->645982->339213->338361->339150->338942->339149->338614->338361->339150->338403->338372->338404->338391->338773->613666->613667
rl_base,od1_sinnonhyeon_suseo,long,peak,8.0,21,1526.9615,1319.8246,198.104,1651.348,526.5677,10983.2,10,True,95,17,19,59,342695->342700->343100->342865->342652->342116->342672->340587->342670->646668->646669->342669->342679->341983->342673->646784->646782->341597->341596->341598->342684->341601->343106->343943->342693->341607->344213->343102->341557->588040->341572->339293->338651->562919->562884->613773->613772->339003->339662->341549->342639->563096->342115->563067->342648->342147->342636->338199->338198->562865->339135->339122->646056->338604->338223->338603->339126->338348->338347->338346->338354->338601->339884->339712->339713->338326->339575->338350->338351->587871->338363->338340->613779->613780->338317->339562->338296->645999->646000->338362->339695->339697->338278->338298->338297->645982->339213->338361->339150->338403->338372->338404->338391->338773->613666->613667
rl_base,od1_sinnonhyeon_suseo,long,peak,8.0,22,1724.2526,1525.6755,192.3404,2016.4629,511.2477,13192.0,7,True,120,20,18,82,342695->342700->343100->342865->342652->342116->342672->340587->342670->646668->646669->342669->342679->341983->342673->646784->646782->341597->341596->341598->342684->341601->343106->343943->342693->341607->342685->341600->342687->342073->339098->646176->338230->562917->338585->338267->338803->613768->613766->338920->646136->339130->339129->338926->338254->338767->338768->587842->338583->338268->338262->338587->338588->339119->338589->338205->338998->340121->338997->645954->339806->646068->338655->339656->339807->339810->338999->339654->339136->645956->338227->339819->646028->646026->339934->339811->340231->339724->339314->339317->338256->339580->613775->338232->339581->338233->338234->340157->338207->338327->338328->338342->338887->340280->340271->338314->338315->338345->340097->339563->339562->338296->645999->646000->338362->339695->339697->338278->338298->338297->645982->339213->338361->339150->338403->338372->338404->338391->338773->613666->613667
rl_base,od1_sinnonhyeon_suseo,long,peak,8.0,23,1620.9765,1485.3127,126.8386,1822.5105,337.1417,12276.0,6,True,102,19,19,64,342695->342700->343100->342865->342652->342116->342672->340587->342670->646668->646669->342669->342679->341983->342673->646784->646782->341597->341596->341598->342684->341601->343106->343943->342693->341607->344213->343102->341557->588040->341572->340705->341555->341736->341568->341735->341564->342645->341559->342115->563067->342648->342147->341996->341571->340229->562951->338222->338198->562865->339135->339122->646056->646055->646056->338604->338223->338603->339126->338348->338347->338346->338354->338601->339884->339712->339713->338326->338327->338328->338342->338887->340280->340271->338314->338315->338345->340097->339563->338317->339562->338296->645999->646000->338362->339695->339697->338278->338298->645952->338299->338300->340168->340186->338897->340035->338396->338400->338399->338391->338773->613666->613667
rl_base,od1_sinnonhyeon_suseo,long,peak,8.0,24,1659.0691,1515.3743,135.5721,1892.5246,360.3557,12797.7,8,True,105,27,21,57,342695->342700->343100->342865->342652->342116->342672->340587->342670->646668->646669->342669->342679->341983->342673->646784->646782->341597->341596->341598->342684->341601->343106->343943->342693->341607->344213->343102->341557->588040->341572->339293->338651->562919->562884->613773->613772->339003->339662->341549->342639->563096->342115->563067->342648->342147->342636->338199->338198->562865->339135->339122->646056->338604->338223->338603->339126->338348->338347->338346->338354->338601->339884->339712->339713->338326->338327->338328->338342->338887->340280->340271->338314->338315->338345->340097->339563->339562->338296->646044->338295->338277->339298->646053->339298->340235->338299->645952->338298->338297->645982->339213->338361->339150->338403->338372->338404->338391->338406->338407->338398->338399->338391->338773->613666->613667
rl_base,od1_sinnonhyeon_suseo,long,peak,8.0,25,2392.6062,2052.4854,319.8158,2727.2389,850.082,16534.2,16,True,152,27,26,99,342695->342700->343100->342865->342652->342116->342672->340587->342670->646668->646669->342669->342679->341983->342673->646784->646782->341597->341596->341598->341729->341603->341730->646623->341984->341732->342691->341733->341602->338230->646176->339098->342073->342687->341600->342685->341607->344213->343102->341557->588040->341572->339293->338651->562919->562884->613773->613772->339003->339662->341549->342639->563096->342115->563067->342648->342147->341996->341571->340229->562951->338222->338198->562865->339135->339122->646056->338604->338223->338603->339126->338348->338347->338346->339296->338349->338341->338728->339266->338343->338312->339664->339000->339297->338311->339265->338310->343919->343726->341535->344530->344529->343940->339229->338324->338769->338311->646265->338733->339152->338790->339123->338602->338223->338605->338597->338197->338925->587845->646128->587905->339124->587910->587846->338600->338354->338601->339884->339712->339713->338326->338327->338328->338342->338887->340280->340271->338314->338315->338345->340097->339563->339562->338296->645999->646000->338362->339695->339697->338278->338298->338297->645982->339213->338361->339150->338403->338372->338404->338391->338773->613666->613667
rl_base,od1_sinnonhyeon_suseo,long,peak,8.0,26,1836.6293,1596.6803,226.8992,2020.7688,603.1063,13185.2,11,True,119,25,22,72,342695->342700->343100->342865->342652->342116->342672->340587->342670->646668->646669->342669->342679->341983->342673->646784->646782->341597->341596->341598->342684->341601->343106->343943->342693->341607->344213->343102->341557->588040->341572->339293->338651->562919->562884->613773->613772->339003->339662->341549->342639->563096->342115->563067->342648->342147->341996->341571->340229->562951->338222->338198->562865->339135->339122->646056->338604->338223->338603->339126->338348->338347->338346->338354->338601->339884->339712->339713->338326->338327->338328->338342->338887->340280->340271->338314->338315->338345->340097->339563->339562->338296->645999->646000->338362->339695->339697->338278->338298->338297->645982->339213->338361->338614->339149->338615->338307->338306->338308->339871->338791->338306->339148->613629->338303->338338->646005->646003->339699->339698->338450->338792->563056->562869->563057->338718->338392->338393->562953->613667
rl_base,od1_sinnonhyeon_suseo,long,peak,8.0,27,1644.2405,1464.4363,171.7132,1880.3605,456.4199,12166.0,8,True,112,17,19,76,342695->342700->343100->342865->342652->342116->342672->340587->341789->341589->340701->563070->342670->646668->646669->342669->342679->341983->342673->646784->646782->341597->341596->341598->342684->341601->343106->343943->342693->341607->344213->343102->341557->588040->341572->339293->338651->339651->613662->338258->339132->338586->338262->338587->338588->339119->338589->338205->338998->340121->338997->645954->339806->646068->338655->339656->339807->339810->338999->339654->339136->645956->338227->339819->646028->646026->339934->339811->340231->339724->339314->339317->338256->339580->613775->338232->339581->338233->338234->340157->338207->338327->338328->338342->338887->340280->340271->338314->338315->338345->340097->339563->339562->338296->645999->646000->338362->339695->339697->338278->338298->338297->645982->339213->338361->339150->338403->338372->338404->338391->338773->613666->613667
rl_base,od1_sinnonhyeon_suseo,long,peak,8.0,28,1620.6159,1477.2415,130.0499,1866.5947,345.6775,11675.0,11,True,107,20,19,68,342695->342700->343100->342865->342652->342116->342672->340587->342670->646668->646669->342669->342679->341983->342673->646784->646782->341597->344261->341907->341605->341594->343104->341601->343106->343943->342693->341607->344213->344212->344213->343102->341557->588040->341572->339293->338651->562919->562884->613773->613772->339003->339662->341549->342639->563096->342115->563067->342648->342147->341996->341571->340229->562951->338222->338198->562865->339135->339122->646056->338604->338223->338603->339126->338348->338347->338346->338354->338601->339884->339712->339713->338326->338327->338328->338342->338887->340280->340271->338314->338315->338345->340097->339563->338317->339562->338296->645999->646000->338362->339695->339697->613782->339697->338278->338298->338297->645982->339213->338361->339150->338403->338372->338404->338391->338773->613666->613667
rl_base,od1_sinnonhyeon_suseo,long,peak,8.0,29,1596.2505,1526.9604,64.5467,2016.007,171.5675,12572.4,6,True,113,26,26,61,342695->342700->343100->342865->342652->342116->342672->340587->342670->646668->646669->342669->342679->341983->342673->646784->646782->341597->341596->341598->342684->341601->343106->343943->342693->341607->344213->343102->341557->588040->341572->339293->338651->562919->562884->613773->613772->339003->339662->341549->342639->563096->342115->563067->342648->342147->341996->341571->340229->562951->338222->338198->562865->339135->339122->646056->646055->646056->338604->338223->338603->339126->338348->338347->338346->338354->338601->339884->339712->339713->338326->338327->338328->338326->338327->338328->338342->338887->340280->340271->338314->338707->338313->340271->338314->338707->338313->340271->338314->338315->338345->340097->339563->339562->338296->645999->646000->338362->339695->339697->338278->338298->338297->645982->339213->338361->339150->338403->338372->338404->338391->338773->613666->613667
rl_base,od1_sinnonhyeon_suseo,long,peak,8.0,30,2474.2387,2245.2452,216.3189,2848.6397,574.9835,18459.3,11,True,174,31,35,108,342695->342700->343100->342865->342652->342116->342672->340587->342670->646668->646669->342669->342679->341983->342673->646784->646783->646784->342673->563097->342669->646669->646668->342670->343657->342666->342663->342681->342617->646583->342615->343819->342631->563095->342614->340597->342633->646354->340708->341541->646612->341772->341545->341771->341797->342622->341798->343669->341796->341544->341795->343072->342632->342618->343820->646558->340583->342072->342614->563095->342631->343819->344184->343820->646558->340583->342072->342614->340597->342633->342626->344210->341542->342628->563165->341547->341774->343989->341775->342641->341737->341569->341985->341559->342115->563067->342648->341560->341518->341517->341516->341515->341519->341513->341520->343933->343932->343937->341532->341533->344529->343940->339229->338324->338769->338311->339265->338310->343919->343726->341535->344530->341533->341532->343934->343935->343936->342836->343938->343939->343932->343937->341532->341533->344530->341535->342613->341521->341571->341996->342147->342636->338199->338198->562865->339135->339122->646056->338604->338223->338603->339126->338348->338347->338346->339296->338349->338341->338728->339266->338343->338312->338344->562956->562954->338355->338356->339216->339584->340268->338759->338758->338279->587863->340185->340186->338897->340035->338396->338400->338399->338391->338773->613666->613667
rl_signal,od1_sinnonhyeon_suseo,long,peak,8.0,1,1335.7065,1243.2247,88.6033,1510.241,235.5108,10153.4,4,True,86,11,14,61,342695->342700->343100->342865->340641->340704->341588->341785->342116->342672->340587->341789->341589->340701->563070->342670->646668->646669->342669->563097->342673->646784->646782->341597->341596->341598->343105->341906->341605->341594->343104->341601->343106->343943->342693->341607->344213->343102->341557->342643->341561->341562->341564->342639->563096->342115->343710->341560->342648->342147->341996->341571->341521->342613->341535->343726->343919->338310->339265->338311->339297->339000->339664->338312->338344->562956->562954->338355->338356->339216->339584->338280->587862->587861->338279->587863->340185->340186->338897->340035->338396->338400->338399->338391->338773->613666->613667
rl_signal,od1_sinnonhyeon_suseo,long,peak,8.0,2,1272.3593,1190.1507,78.6591,1503.7042,209.0787,10153.4,4,True,86,11,14,61,342695->342700->343100->342865->340641->340704->341588->341785->342116->342672->340587->341789->341589->340701->563070->342670->646668->646669->342669->563097->342673->646784->646782->341597->341596->341598->343105->341906->341605->341594->343104->341601->343106->343943->342693->341607->344213->343102->341557->342643->341561->341562->341564->342639->563096->342115->343710->341560->342648->342147->341996->341571->341521->342613->341535->343726->343919->338310->339265->338311->339297->339000->339664->338312->338344->562956->562954->338355->338356->339216->339584->338280->587862->587861->338279->587863->340185->340186->338897->340035->338396->338400->338399->338391->338773->613666->613667
rl_signal,od1_sinnonhyeon_suseo,long,peak,8.0,3,1432.0356,1368.7086,59.366,1801.9568,157.7969,11590.2,3,True,108,17,19,72,342695->342700->343100->342865->342652->342116->342672->340587->341789->341589->340701->563070->342670->646668->646669->342669->563097->342673->646784->646782->341597->341596->341598->343105->341906->341605->341594->343104->341601->343106->343943->342693->341607->344213->343102->341557->342643->341561->341562->341564->342639->563096->342115->343710->341560->342648->342147->341996->341571->340229->562951->338222->338726->338837->339122->646056->338604->338223->338603->339126->646201->338925->587845->646128->587905->339124->587910->587846->338600->338354->338346->339296->338349->338341->338728->339266->338343->338313->338707->338314->338315->338345->340097->339563->339562->338296->645999->646000->338362->339695->339697->613782->339697->338278->338298->338297->562893->338300->340168->340186->338897->340035->338396->338400->338399->338391->338773->613666->613667
rl_signal,od1_sinnonhyeon_suseo,long,peak,8.0,4,1193.2437,1129.5011,61.573,1441.9962,163.6632,9992.4,2,True,76,11,14,51,342695->342700->343100->342865->342652->342116->342672->340587->646667->646362->341982->342679->342669->563097->342673->646784->646782->341597->341596->341598->342684->341601->343106->343943->342693->341607->344213->343102->341557->342643->341561->341562->341564->342639->563096->342115->343710->341560->342648->342147->341996->341571->341521->342613->341535->343726->343919->338310->339265->338311->339297->339000->339664->338312->338344->562956->562954->338355->338356->339216->339584->338280->587862->587861->338279->587863->340185->340186->338897->340035->338396->338400->338399->338391->338773->613666->613667
rl_signal,od1_sinnonhyeon_suseo,long,peak,8.0,5,1315.8842,1253.0857,57.6305,1557.0285,153.184,10503.2,4,True,90,14,17,59,342695->342700->343100->342865->342652->342116->342672->340587->341789->341589->340701->563070->342670->646668->646669->342669->563097->342673->646784->646782->341597->341596->341598->343105->341906->341605->341594->343104->341601->646355->341593->344353->342694->563168->341608->341553->341563->341561->341568->341735->341564->342639->563096->342115->563067->342636->338199->338198->338222->562951->340229->341571->341521->342613->341535->343726->343919->338310->339265->338311->339297->339000->339664->338312->338344->562956->562954->338355->338356->339216->339584->338280->587862->340269->340268->338759->587864->587861->338279->587863->340185->340186->338897->340035->338396->338400->338399->338391->338773->613666->613667
rl_signal,od1_sinnonhyeon_suseo,long,peak,8.0,6,1542.477,1405.139,129.2162,1548.0844,343.4612,12124.8,7,True,87,13,16,58,342695->342700->342159->344204->341621->342834->343100->342865->342652->342116->342672->340587->341789->341589->341791->342678->342667->342662->342682->340582->343656->342632->343072->341795->341544->342072->340583->563095->342614->340597->342633->342626->342629->342630->344181->613852->341538->341551->342640->342641->342642->563118->342642->340709->344193->613986->344812->613985->344813->344258->342638->646427->340706->646705->343076->343667->341548->340707->343666->343075->344195->344196->341543->588052->341499->344500->342607->587988->342821->341768->646932->341500->341501->343078->647029->647030->342043->338909->338898->338897->340035->338396->338400->338399->338391->338773->613666->613667
rl_signal,od1_sinnonhyeon_suseo,long,peak,8.0,7,1505.2255,1436.0995,65.5686,1717.4478,174.2837,12302.8,3,True,112,19,23,70,342695->342700->343100->342865->340641->340704->341588->341785->342116->342672->340587->341789->341589->340701->563070->342670->646668->646669->342669->563097->342673->341983->342679->342669->563097->342673->646784->646782->341597->341596->341598->343105->341906->341907->341605->341594->343104->341601->343106->343943->342693->341607->344213->343102->341557->342643->341561->341562->341552->342644->613995->342640->341551->341538->613852->344181->342630->342628->341542->341773->341547->341774->343989->341775->342641->342642->646764->563119->563189->563191->341512->341517->341516->341515->342114->563094->646707->646706->646707->342613->341535->343726->343919->338310->339265->338311->339297->339000->339664->338312->338344->562956->562954->338355->338356->339216->339584->338280->587862->587861->338279->587863->340185->340186->338897->340035->338396->338400->338399->338391->338773->613666->613667
rl_signal,od1_sinnonhyeon_suseo,long,peak,8.0,8,1366.1504,1320.0191,42.635,1581.1879,113.3254,11319.6,3,True,87,16,19,52,342695->342700->343100->342865->342652->342116->342672->340587->341789->341589->341790->340702->342671->342674->342675->342678->342667->341581->342666->342663->342681->341587->341794->342634->342617->342618->343820->646558->340583->563095->342614->340597->342633->342626->342629->342630->344181->613852->341538->341551->342640->342641->342642->646764->563119->563189->563191->341512->341517->341516->341515->342114->563094->646707->342613->341535->343726->343919->338310->339265->338311->339297->339000->339664->338312->338344->562956->562954->338355->338356->339216->339584->338280->587862->587861->338279->587863->340185->340186->338897->340035->338396->338400->338399->338391->338773->613666->613667
rl_signal,od1_sinnonhyeon_suseo,long,peak,8.0,9,1686.0568,1571.3064,110.701,2021.8114,294.2473,13057.8,4,True,121,23,24,74,342695->342700->343100->342865->342652->342116->342672->340587->341789->341589->340701->563070->342670->646668->646669->342669->563097->342673->646784->646782->341597->341596->341598->343105->341906->341605->341594->343104->341601->343106->343943->342693->341607->344213->343102->341557->588040->341572->340705->341555->342643->341561->341562->341564->342639->563096->342115->343710->341560->342648->342147->341996->341571->340229->562951->338222->338726->338837->339122->646056->338604->338223->338603->339126->646201->338925->587845->646128->646127->646128->587905->339124->587910->587846->338600->338354->338346->339296->338349->338341->338728->339266->338343->338313->338707->338314->338315->338345->340097->339563->339562->338296->645999->646000->338362->338318->338319->338320->339710->338321->339871->338308->338306->338307->338308->338955->338278->338298->338297->562893->338300->340168->340186->338897->340035->338396->338400->338399->338391->338773->613666->613667
rl_signal,od1_sinnonhyeon_suseo,long,peak,8.0,10,1820.2216,1771.11,46.7889,2215.8966,124.3666,15160.5,2,True,126,25,33,68,342695->342700->343100->342865->342652->342116->342672->340587->341789->341589->340701->563070->342670->646668->646669->342669->563097->342673->646784->646782->341597->341596->341598->342684->341601->343106->343943->342693->341607->344213->343102->341557->342643->341561->341562->341564->342645->341559->342115->343710->341560->341518->341517->341516->341515->341519->342113->342114->563094->646707->342613->341535->343726->343919->338310->339265->338311->338769->338324->339229->343940->344529->341533->341532->343936->343935->343934->343937->343933->341520->646429->341507->341506->646615->646617->343938->342836->343936->343935->343939->343932->343937->341532->341533->344530->341535->341739->342112->342113->341519->343157->343159->340646->341509->342800->343160->344191->344189->344188->344810->344809->344188->344189->342755->342608->342607->587988->342821->341768->646932->341500->341501->343078->647029->647030->342043->338909->338898->338897->340035->338396->338400->338399->338391->338773->613666->613667
rl_signal,od1_sinnonhyeon_suseo,long,peak,8.0,11,1684.2416,1524.9467,150.8996,2015.0518,401.0965,12814.4,8,True,102,18,24,60,342695->342700->343100->342865->342652->342116->342672->340587->341789->341589->340701->563070->342670->646668->646669->342669->563097->342673->646784->646782->341597->341596->341598->343105->341906->341605->341594->343104->341601->343106->343943->342693->341607->344213->343102->341557->342643->341561->341562->341564->342639->563096->342115->563067->342636->338199->338252->338226->339127->338649->339136->645956->338227->339819->646028->646026->339934->339811->340231->339724->340046->339724->339314->339317->338256->339580->613775->613774->338232->339582->338234->340157->340158->338207->338327->338326->339575->338350->338351->587871->338363->338340->338330->338318->338362->339695->339697->338278->338298->338297->562893->338300->340168->340186->338897->340035->338396->338400->338399->338391->338773->613666->613667
rl_signal,od1_sinnonhyeon_suseo,long,peak,8.0,12,1222.4578,1155.8485,63.946,1392.6633,169.9709,10136.1,2,True,85,12,15,58,342695->342700->343100->342865->342652->342116->342672->340587->341789->341589->340701->563070->342670->646668->646669->342669->563097->342673->646784->646782->341597->341596->341598->343105->341906->341605->341594->343104->341601->343106->343943->342693->341607->344213->343102->341557->342643->341561->341562->341564->342645->341559->342115->343710->341560->341518->341517->341516->341515->342114->563094->646707->342613->341535->343726->343919->338310->339265->338311->339297->339000->339664->338312->338344->562956->562954->338355->338356->339216->339584->338280->587862->587861->338279->587863->340185->340186->338897->340035->338396->338400->338399->338391->338773->613666->613667
rl_signal,od1_sinnonhyeon_suseo,long,peak,8.0,13,1424.8819,1362.9804,58.225,1866.0818,154.7641,11574.2,3,True,108,17,20,71,342695->342700->343100->342865->342652->342116->342672->340587->341789->341589->340701->563070->342670->646668->646669->342669->563097->342673->646784->646782->341597->341596->341598->343105->341906->341605->341594->343104->341601->343106->343943->342693->341607->344213->343102->341557->342643->341561->341562->341564->342639->563096->342115->343710->341560->342648->342147->341996->341571->340229->562951->338222->338726->338837->339122->646056->338604->338223->338603->339126->646201->338925->587845->646128->587905->587904->587905->339124->587910->587846->338600->338354->338346->339296->338349->338341->338728->339266->338343->338313->340271->338314->338315->338345->340097->339563->339562->338296->645999->646000->338362->339695->339697->338278->338298->338297->562893->338300->340168->340186->338897->340035->338396->338400->338399->338391->338773->613666->613667
rl_signal,od1_sinnonhyeon_suseo,long,peak,8.0,14,1235.3153,1211.8305,22.9218,1534.3511,60.927,10154.8,1,True,83,11,14,58,342695->342700->343100->342865->342652->342116->342672->340587->341789->341589->340701->563070->342670->646668->646669->342669->563097->342673->646784->646782->341597->341596->341598->343105->341906->341605->341594->343104->341601->343106->343943->342693->341607->344213->343102->341557->342643->341561->341562->341564->342639->563096->342115->343710->341560->342648->342147->341996->341571->341521->342613->341535->343726->343919->338310->339265->338311->339297->339000->339664->338312->338344->562956->562954->338355->338356->339216->339584->338280->587862->587861->338279->587863->340185->340186->338897->340035->338396->338400->338399->338391->338773->613666->613667
rl_signal,od1_sinnonhyeon_suseo,long,peak,8.0,15,1218.638,1168.3267,48.3001,1443.3917,128.3833,10154.8,3,True,83,11,14,58,342695->342700->343100->342865->342652->342116->342672->340587->341789->341589->340701->563070->342670->646668->646669->342669->563097->342673->646784->646782->341597->341596->341598->343105->341906->341605->341594->343104->341601->343106->343943->342693->341607->344213->343102->341557->342643->341561->341562->341564->342639->563096->342115->343710->341560->342648->342147->341996->341571->341521->342613->341535->343726->343919->338310->339265->338311->339297->339000->339664->338312->338344->562956->562954->338355->338356->339216->339584->338280->587862->587861->338279->587863->340185->340186->338897->340035->338396->338400->338399->338391->338773->613666->613667
rl_signal,od1_sinnonhyeon_suseo,long,peak,8.0,16,1260.5967,1234.8178,24.9241,1497.3431,66.2491,10533.3,1,True,89,13,17,59,342695->342700->343100->342865->342652->342116->342672->340587->341789->341589->340701->563070->342670->646668->646669->342669->563097->342673->646784->646782->341597->341596->341598->343105->341906->341605->341594->343104->341601->343106->343943->342693->341607->344213->343102->341557->342643->341561->341563->341552->342644->613995->342640->342641->342642->646764->563119->563189->563191->341512->341517->341516->341515->342114->563094->646707->342613->341535->343726->343919->338310->339265->338311->339297->339000->339664->338312->338344->562956->562954->338355->338356->339216->339584->338280->587862->587861->338279->587863->340185->340186->338897->340035->338396->338400->338399->338391->338773->613666->613667
rl_signal,od1_sinnonhyeon_suseo,long,peak,8.0,17,1231.0668,1188.6988,40.4949,1464.7644,107.637,10341.5,2,True,85,12,15,58,342695->342700->343100->342865->342652->342116->342672->340587->341789->341589->340701->563070->342670->646668->646669->342669->563097->342673->646784->646782->341597->341596->341598->343105->341906->341605->341594->343104->341601->343106->343943->342693->341607->344213->343102->341557->342643->341561->341562->341564->342639->563096->342115->563067->342636->338199->338198->338222->562951->340229->341571->341521->342613->341535->343726->343919->338310->339265->338311->339297->339000->339664->338312->338344->562956->562954->338355->338356->339216->339584->338280->587862->587861->338279->587863->340185->340186->338897->340035->338396->338400->338399->338391->338773->613666->613667
rl_signal,od1_sinnonhyeon_suseo,long,peak,8.0,18,1355.7141,1294.6607,59.1405,1570.048,157.1975,10651.8,2,True,88,11,18,59,342695->342700->343100->342865->342652->342116->342672->340587->341789->341589->340701->563070->342670->646668->646669->342669->563097->342673->341983->342679->342669->563097->342673->646784->646782->341597->341596->341598->343105->341906->341605->341594->343104->341601->343106->343943->342693->341607->344213->343102->341557->342643->341561->341562->341564->342639->563096->342115->343710->341560->342648->342147->341996->341571->341521->342613->341535->343726->343919->338310->339265->338311->339297->339000->339664->338312->338344->562956->562954->338355->338356->339216->339584->338280->587862->587861->338279->587863->340185->340186->338897->340035->338396->338400->338399->338391->338773->613666->613667
rl_signal,od1_sinnonhyeon_suseo,long,peak,8.0,19,1369.0423,1284.6957,80.4278,1605.7648,213.78,10822.2,3,True,91,14,18,59,342695->342700->342159->344204->341621->342834->343100->342865->342652->342116->341785->341588->343777->340703->342671->342672->340587->646667->646362->341982->342679->342669->563097->342673->646784->646782->341597->341596->341598->343105->341906->341605->341594->343104->341601->343106->343943->342693->341607->344213->343102->341557->342643->341561->341562->341564->342645->341559->342115->343710->341560->342648->342147->341996->341571->341521->342613->341535->343726->343919->338310->339265->338311->339297->339000->339664->338312->338344->562956->562954->338355->338356->339216->339816->339216->339584->338280->587862->587861->338279->587863->340185->340186->338897->340035->338396->338400->338399->338391->338773->613666->613667
rl_signal,od1_sinnonhyeon_suseo,long,peak,8.0,20,1331.8161,1279.2198,49.3783,1573.8371,131.2492,11357.0,3,True,89,14,18,57,342695->342700->343100->342865->342652->342116->342672->340587->341789->341589->340701->563070->342670->646668->646669->342669->563097->342673->646784->646782->341597->341596->341598->343105->341906->341605->341594->343104->341601->343106->343943->342693->341607->344213->343102->341557->342643->341561->341563->341553->341554->341551->342640->342641->342642->646764->563119->563189->563191->341512->341517->341516->341515->342114->563094->646707->342613->341535->343726->343919->338310->339265->338311->339297->339000->339664->338312->338344->562956->562954->338355->338356->339216->339584->338280->587862->587861->338279->587863->340185->340186->338897->340035->338396->338400->338399->338391->338773->613666->613667
rl_signal,od1_sinnonhyeon_suseo,long,peak,8.0,21,1600.3723,1504.8674,91.1706,1862.6114,242.3347,11934.2,4,True,113,16,19,78,342695->342700->342159->344204->341621->342834->343100->342865->342652->342116->342672->340587->341789->341589->340701->563070->342670->646668->646669->342669->563097->342673->646784->646782->341597->341596->341598->343105->341906->341605->341594->343104->341601->343106->343943->342693->341607->344213->343102->341557->342643->341561->341562->341564->342639->563096->342115->563067->342636->342147->341996->341571->340229->562951->338222->338726->338837->339122->646056->338604->338223->338603->339126->646201->338925->587845->646128->587905->339124->587910->587846->338600->338354->338346->339296->338349->338341->338728->339266->338343->338313->338707->338314->338315->338345->340097->339563->339562->338296->645999->646000->338362->339695->339697->338278->338298->338297->562893->338300->340168->340186->338897->340035->338396->338400->338399->338391->338773->613666->338611->613788->338395->338612->613667
rl_signal,od1_sinnonhyeon_suseo,long,peak,8.0,22,1237.0831,1165.6435,69.6707,1391.0398,185.1872,10136.1,2,True,85,12,15,58,342695->342700->343100->342865->342652->342116->342672->340587->341789->341589->340701->563070->342670->646668->646669->342669->563097->342673->646784->646782->341597->341596->341598->343105->341906->341605->341594->343104->341601->343106->343943->342693->341607->344213->343102->341557->342643->341561->341562->341564->342645->341559->342115->343710->341560->341518->341517->341516->341515->342114->563094->646707->342613->341535->343726->343919->338310->339265->338311->339297->339000->339664->338312->338344->562956->562954->338355->338356->339216->339584->338280->587862->587861->338279->587863->340185->340186->338897->340035->338396->338400->338399->338391->338773->613666->613667
rl_signal,od1_sinnonhyeon_suseo,long,peak,8.0,23,1458.4521,1376.5391,76.3532,1718.497,202.9496,11581.7,4,True,95,14,17,64,342695->342700->343100->342865->342652->342116->342672->342671->342674->342675->342678->342667->342662->342682->340582->343656->342632->343072->341795->341544->342072->340583->563095->342614->342072->341544->341796->343669->341798->342622->341797->341771->341545->341772->646612->341541->340708->646354->342633->342626->342629->342630->344181->613852->341538->341551->342640->342641->342642->646764->563119->563189->563191->341512->341517->341516->341515->342114->563094->646707->342613->341535->343726->343919->338310->339265->338311->339297->339000->339664->338312->338344->562956->562954->338355->338356->339216->339584->338280->587862->587861->338279->587863->340185->340186->338897->340035->338396->338397->338402->338405->338404->338391->338773->613666->613667
rl_signal,od1_sinnonhyeon_suseo,long,peak,8.0,24,1220.9321,1220.0585,0.5613,1508.4179,1.492,10136.1,1,True,85,12,15,58,342695->342700->343100->342865->342652->342116->342672->340587->341789->341589->340701->563070->342670->646668->646669->342669->563097->342673->646784->646782->341597->341596->341598->343105->341906->341605->341594->343104->341601->343106->343943->342693->341607->344213->343102->341557->342643->341561->341562->341564->342645->341559->342115->343710->341560->341518->341517->341516->341515->342114->563094->646707->342613->341535->343726->343919->338310->339265->338311->339297->339000->339664->338312->338344->562956->562954->338355->338356->339216->339584->338280->587862->587861->338279->587863->340185->340186->338897->340035->338396->338400->338399->338391->338773->613666->613667
rl_signal,od1_sinnonhyeon_suseo,long,peak,8.0,25,1383.4623,1338.5752,40.5164,1689.1562,107.694,11422.8,3,True,96,17,20,59,342695->342700->343100->342865->342652->342116->342672->340587->341789->341589->340701->563070->342670->646668->646669->342669->563097->342673->646784->646782->341597->341596->341598->343105->341906->341605->341594->343104->341601->343106->343943->342693->341607->344213->343102->341557->342643->341561->341562->341564->342639->341549->339128->339093->338226->338252->338251->646070->338648->338209->339659->338210->613615->338596->338197->338925->646201->339126->338348->338347->338346->339296->338349->338341->338728->339266->338343->338313->338707->338314->338315->338345->340097->339563->339562->338296->645999->646000->338362->339695->339697->338278->338298->338297->562893->338300->340168->340186->338897->340035->338396->338400->338399->338391->338773->613666->613667
rl_signal,od1_sinnonhyeon_suseo,long,peak,8.0,26,1246.0821,1186.0521,56.7593,1563.9245,150.8682,10150.3,3,True,87,11,14,62,342695->342700->343100->342865->340641->340704->341588->343777->340703->342671->342672->340587->341789->341589->340701->563070->342670->646668->646669->342669->563097->342673->646784->646782->341597->341596->341598->343105->341906->341605->341594->343104->341601->343106->343943->342693->341607->344213->343102->341557->342643->341561->341562->341564->342639->563096->342115->343710->341560->342648->342147->341996->341571->341521->342613->341535->343726->343919->338310->339265->338311->339297->339000->339664->338312->338344->562956->562954->338355->338356->339216->339584->338280->587862->587861->338279->587863->340185->340186->338897->340035->338396->338400->338399->338391->338773->613666->613667
rl_signal,od1_sinnonhyeon_suseo,long,peak,8.0,27,1227.2831,1191.1611,33.0379,1494.3375,87.8159,10132.5,2,True,86,12,15,59,342695->342700->343100->342865->342652->342116->342672->340587->341789->341589->340701->563070->342670->646668->646669->342669->563097->342673->646784->646782->341597->341596->341598->343105->341906->341605->341594->343104->341601->343106->343943->342693->341607->344213->343102->341557->342643->341561->341562->341564->342645->341559->341985->341569->344767->341558->341518->341517->341516->341515->342114->563094->646707->342613->341535->343726->343919->338310->339265->338311->339297->339000->339664->338312->338344->562956->562954->338355->338356->339216->339584->338280->587862->587861->338279->587863->340185->340186->338897->340035->338396->338400->338399->338391->338773->613666->613667
rl_signal,od1_sinnonhyeon_suseo,long,peak,8.0,28,1230.2717,1186.77,40.9343,1534.4846,108.8049,10011.4,3,True,79,10,13,56,342695->342700->343100->342865->342652->342116->342672->340587->342670->646668->646669->342669->563097->342673->646784->646782->341597->341596->341598->343105->341906->341605->341594->343104->341601->343106->343943->342693->341607->344213->343102->341557->342643->341561->341562->341564->342639->563096->342115->343710->341560->342648->342147->341996->341571->341521->342613->341535->343726->343919->338310->339265->338311->339297->339000->339664->338312->338344->562956->562954->338355->338356->339216->339584->338280->587862->587861->338279->587863->340185->340186->338897->340035->338396->338400->338399->338391->338773->613666->613667
rl_signal,od1_sinnonhyeon_suseo,long,peak,8.0,29,1284.442,1237.5231,45.1921,1444.2838,120.1222,10376.6,2,True,89,12,15,62,342695->342700->343100->342865->342652->342116->342672->340587->341789->341589->340701->563070->342670->646668->646669->342669->563097->342673->646784->646782->341597->341596->341598->343105->341906->341605->341594->343104->341601->343106->343943->342693->341607->344213->343102->341557->342643->341561->341562->341564->342639->563096->342115->563067->342636->338199->338198->338222->562951->340229->341571->341521->342613->341535->343726->343919->338310->339265->338311->339297->339000->339664->338312->338344->562956->562954->338355->338356->339216->339584->338280->587862->587861->338279->587863->340185->340186->338897->340035->338396->338400->338399->338391->338773->613666->338611->613788->338395->338612->613667
rl_signal,od1_sinnonhyeon_suseo,long,peak,8.0,30,1242.3844,1222.5878,19.2489,1517.7887,51.1642,10596.9,1,True,88,13,16,59,342695->342700->343100->342865->342652->342116->342672->340587->341789->341589->340701->563070->342670->646668->646669->342669->563097->342673->646784->646782->341597->341596->341598->343105->341906->341605->341594->343104->341601->343106->343943->342693->341607->344213->343102->341557->342643->341561->341562->341564->342639->563096->342115->563067->342636->342147->342648->341560->341518->341517->341516->341515->342114->563094->646707->342613->341535->343726->343919->338310->339265->338311->339297->339000->339664->338312->338344->562956->562954->338355->338356->339216->339584->338280->587862->587861->338279->587863->340185->340186->338897->340035->338396->338400->338399->338391->338773->613666->613667
rl_signal_attention,od1_sinnonhyeon_suseo,long,peak,8.0,1,1813.4054,1692.9308,112.0817,2171.6023,297.9173,13888.9,7,True,120,13,20,87,342695->342700->343100->342865->342652->342116->341788->341787->563170->563169->563170->341731->341603->341730->646623->341984->341732->342691->341733->341602->338230->562917->338585->338267->338803->613768->338253->613767->339070->339292->562936->338139->339072->339904->339071->339904->339072->338139->339054->338156->339090->338268->338262->338587->338588->339119->338997->645954->339806->646068->338655->339656->339807->339810->338999->339654->339136->645956->338227->338594->587843->340479->340045->338923->338789->338204->339653->338998->338205->338992->338592->338259->338590->338805->339504->339505->339506->339503->339477->339480->340320->339728->339312->613624->338622->338256->339580->613775->613774->338232->339582->338234->340157->338207->338327->338328->338342->338887->340280->340271->338344->562956->562954->338355->338356->339216->339584->338280->338279->587863->340185->340186->338897->340035->338396->338400->338399->338391->338773->613666->613667
rl_signal_attention,od1_sinnonhyeon_suseo,long,peak,8.0,2,2946.0294,2567.3363,349.1179,3129.464,927.9679,20451.0,20,False,200,40,39,121,342695->342700->343100->342865->340641->340704->341588->343777->340703->342671->342674->341583->341611->342865->343100->342834->341621->344204->342159->342718->342717->342716->343651->342715->342720->342155->341903->341633->341905->341904->342719->342710->343062->342711->342157->342158->342715->342720->342155->342156->342710->342719->341904->341905->341623->342117->342719->342710->342156->342155->342720->342715->343651->342716->342717->342718->343098->342718->342159->344204->341621->342834->343100->342865->340641->340704->341588->343777->340703->342671->340702->341790->341589->341789->340587->342670->343657->342666->342663->342681->341587->341794->342634->340699->342632->343072->341795->341544->341796->343669->341798->342622->343671->342623->343671->342622->342621->343073->342620->342518->342635->646414->646347->342518->342620->342619->646934->341802->341272->341801->342512->344391->343071->342496->343070->341805->341260->341586->646411->587943->342682->341587->342681->342617->342618->343820->646558->340583->563095->342614->342072->341544->613853->341544->342072->342614->340597->342633->646354->340708->341541->341539->563187->563186->563187->341540->340697->343457->341546->342524->343662->342516->342111->613883->340602->342772->341262->341264->344379->344380->646536->646534->342508->342507->342509->342507->342508->341259->646521->646520->343887->341258->343035->341257->341246->341242->342500->342146->343034->342501->342146->342500->341242->341247->342511->341251->344794->341251->341804->342506->342504->341800->341272->341802->646934->342619->341770->341545->341771->341797->342622
rl_signal_attention,od1_sinnonhyeon_suseo,long,peak,8.0,3,1472.6141,1344.1091,124.0658,1730.8614,329.7714,11437.1,3,True,83,13,18,52,342695->342700->343100->342865->342652->342116->341788->341787->563170->341731->341603->341729->341598->342684->341601->343106->343943->342693->341607->342685->341600->342687->342073->339098->340484->338229->338218->339094->338258->613662->339651->338651->562919->562884->613773->339003->339662->341549->339128->339093->338226->338252->338199->338198->562865->339135->338197->338925->587845->646128->587905->339124->339125->338206->340158->340157->338207->338327->338328->338342->338887->340280->340271->338344->562956->562954->338355->338356->339216->339584->338280->338279->587863->340185->340186->338897->340035->338396->338400->338399->338391->338773->613666->613667
rl_signal_attention,od1_sinnonhyeon_suseo,long,peak,8.0,4,2346.7107,2174.3545,156.4456,2582.1673,415.8382,17487.0,12,True,166,27,34,105,342695->342696->342695->342700->343100->342865->342652->342116->341788->341787->563170->341731->341603->341730->646623->341984->341732->342691->341733->341602->338230->646176->646175->646176->338230->562917->338585->338267->338803->613768->338253->613767->613766->338920->646136->339130->339129->338926->338254->338767->338768->587842->338583->338268->338262->338586->339132->338258->339094->338218->339571->338261->339538->338258->339132->338586->338262->338587->338588->339119->338997->645954->339806->646068->338655->339656->339807->339810->338999->339654->339136->645956->338227->338594->587843->340479->340045->338923->338789->338204->339653->338998->338205->339115->338991->338710->339096->339947->339112->339111->339116->339138->338582->338268->338262->339922->340140->339002->338922->339657->338655->340247->340245->338921->340159->339654->339136->338209->339659->338210->613615->338596->338197->338925->587845->646128->587905->339124->339125->338206->340158->340157->338207->338327->338328->338342->338887->340280->340271->338313->338712->338344->562956->562955->562956->338344->338712->338313->338707->338314->340271->340280->338887->338315->338314->340271->338344->562956->562954->338355->338356->339216->339584->338280->338279->587863->340185->340186->338897->340035->338396->338400->338399->338391->338773->613666->613667
rl_signal_attention,od1_sinnonhyeon_suseo,long,peak,8.0,5,1716.8182,1596.2409,110.3946,2002.0917,293.4327,13416.5,8,True,104,10,18,76,342695->342700->343100->342865->342652->342116->341788->341787->563170->341731->341603->341730->646623->341984->341732->342691->341733->341602->338230->562917->338585->338267->338803->613768->338253->613767->339070->339292->562936->338139->339072->339904->339071->339904->339072->338139->339054->338156->339090->338268->338262->338587->338588->339119->338997->645954->339806->646068->338655->339656->339807->339810->338999->338649->339127->338226->338252->338199->338198->562865->339135->339122->646056->338604->338223->338605->338597->338197->338925->587845->646128->587905->339124->339125->338206->340158->340157->338207->338327->338328->338342->338887->340280->340271->338344->562956->562954->338355->338356->339216->339584->338280->338279->587863->340185->340186->338897->340035->338396->338400->338399->338391->338773->613666->613667
rl_signal_attention,od1_sinnonhyeon_suseo,long,peak,8.0,6,1352.8607,1239.8883,106.1254,1484.0034,282.0851,10848.7,5,True,81,13,17,51,342695->342700->343100->342865->342652->342116->341788->341787->563170->341731->341603->341730->646623->341984->341732->342691->341733->341602->338230->646176->339098->340484->338229->338218->339094->338258->613662->339651->338651->562919->562884->613773->339003->339662->341549->339128->339093->338226->338252->338199->338198->562865->339135->338197->338925->587845->646128->587905->339124->587841->338206->340158->340157->338207->338327->338326->338328->338342->338887->340280->340271->338344->562956->562954->338355->338356->339216->339584->338280->338279->587863->340185->340186->338897->340035->338396->338400->338399->338391->338773->613666->613667
rl_signal_attention,od1_sinnonhyeon_suseo,long,peak,8.0,7,1604.1573,1438.7456,158.2842,1819.3214,420.7251,12194.8,5,True,104,15,16,73,342695->342699->342703->341653->341612->339008->339015->338140->339430->339432->338157->338139->562936->339292->339070->613767->613766->338920->646136->339130->339129->338926->338254->338767->338768->587842->338583->338268->338262->339922->340140->339002->338922->646291->338226->339127->338649->339136->645956->338227->338594->587843->340479->340045->338923->338789->338204->339653->338998->338205->338992->338592->338259->338590->338805->339504->340290->338840->338839->339503->339477->339480->340320->339728->339312->613624->338622->338256->339580->613775->613774->338232->339582->338234->340157->338207->338327->338328->338342->338887->340280->340271->338344->562956->562954->338355->338356->339216->339584->338280->338279->587863->340185->340186->338897->340035->340034->340035->338396->338400->338399->338391->338773->613666->613667
rl_signal_attention,od1_sinnonhyeon_suseo,long,peak,8.0,8,1358.734,1263.7425,89.8726,1675.8574,238.8847,11112.9,4,True,86,13,18,55,342695->342700->343100->342865->342652->342116->341788->341787->563170->341731->341603->341730->646623->341984->341732->342691->341733->341602->338230->646176->339098->340484->338229->338218->339094->338258->613662->339651->338651->562919->562884->613773->339003->339662->341549->339128->339093->338226->338252->338199->338198->562865->339135->339122->646056->338604->338223->338605->338597->338197->338925->587845->646128->587905->339124->339125->338206->340158->340157->338207->338327->338328->338342->338887->340280->340271->338344->562956->562954->338355->338356->339216->339584->338280->338279->587863->340185->340186->338897->340035->338396->338400->338399->338391->338773->613666->613667
rl_signal_attention,od1_sinnonhyeon_suseo,long,peak,8.0,9,1390.3755,1309.0045,72.5123,1657.3016,192.7404,11109.0,7,True,81,11,15,55,342695->342700->343100->342865->342652->342116->341788->341787->563170->341731->341603->341730->646623->341984->341732->342691->341733->341602->338230->646176->339098->340484->338229->338218->339094->338258->613662->613661->613662->338258->339132->338586->338262->339922->340140->339002->338922->646291->338226->338252->338199->338198->562865->339135->338197->338925->587845->646128->587905->339124->587841->338206->340158->340157->338207->338327->338328->338342->338887->340280->340271->338344->562956->562954->338355->338356->339216->339584->338280->338279->587863->340185->340186->338897->340035->338396->338400->338399->338391->338773->613666->613667
rl_signal_attention,od1_sinnonhyeon_suseo,long,peak,8.0,10,1568.7085,1471.4096,92.3955,1837.3125,245.5905,12441.3,4,True,96,17,25,54,342695->342700->343100->342865->342652->342116->341788->341787->563170->341731->341603->341730->646623->341984->341732->342691->341733->341602->338230->646176->339098->340484->338229->338218->339094->338258->613662->339651->338651->562919->562884->613773->339003->339662->341549->339128->339093->338226->338252->338199->338198->562865->339135->339122->646056->338604->338223->338605->338597->338197->338925->587845->646128->587905->339124->339125->338206->340158->340157->338207->338327->338328->338342->338887->340280->340271->338344->562956->562954->338355->338356->339216->339584->338280->338279->587863->340185->340186->338897->340035->338396->338400->338399->338398->338407->338406->338405->338402->338401->646211->338407->338398->338399->338391->338773->613666->613667
rl_signal_attention,od1_sinnonhyeon_suseo,long,peak,8.0,11,1335.0303,1236.559,93.2902,1653.6225,247.9687,10594.6,5,True,91,9,15,67,342695->342700->343100->342865->342652->342116->341788->341787->563170->341731->341603->341730->646623->341984->341732->342691->341733->341602->338230->646176->339098->342073->342687->341600->342074->338219->338218->339094->338258->613662->339651->338651->562919->562884->613773->339003->339662->341549->341566->341568->341735->341564->342639->563096->342115->343710->341560->342648->342147->341996->341571->340229->562951->338222->338198->338199->338224->342071->341571->341521->342613->341535->343726->343919->338310->339265->338311->339297->339000->339664->338312->338344->562956->562954->338355->338356->339216->339584->338280->338279->587863->340185->340186->338897->340035->338396->338400->338399->338391->338773->613666->613667
rl_signal_attention,od1_sinnonhyeon_suseo,long,peak,8.0,12,1377.5307,1283.1014,87.8062,1616.8877,233.3922,11112.9,5,True,86,13,18,55,342695->342700->343100->342865->342652->342116->341788->341787->563170->341731->341603->341730->646623->341984->341732->342691->341733->341602->338230->646176->339098->340484->338229->338218->339094->338258->613662->339651->338651->562919->562884->613773->339003->339662->341549->339128->339093->338226->338252->338199->338198->562865->339135->339122->646056->338604->338223->338605->338597->338197->338925->587845->646128->587905->339124->339125->338206->340158->340157->338207->338327->338328->338342->338887->340280->340271->338344->562956->562954->338355->338356->339216->339584->338280->338279->587863->340185->340186->338897->340035->338396->338400->338399->338391->338773->613666->613667
rl_signal_attention,od1_sinnonhyeon_suseo,long,peak,8.0,13,1368.7618,1278.4824,84.7267,1626.9337,225.2067,10956.2,4,True,82,11,18,53,342695->342700->343100->342865->342652->342116->341788->341787->563170->341731->341603->341730->646623->341984->341732->342691->341733->341602->338230->646176->339098->340484->338229->338218->339094->338258->613662->339651->338651->562919->562884->613773->339003->339662->341549->339128->339093->338226->338252->338199->338198->562865->339135->338197->338925->587845->646128->587905->339124->587841->338206->340158->340157->338207->338327->338328->338342->338887->340280->340271->338344->562956->562954->338355->338356->339216->339584->338280->338279->587863->340185->340186->338897->340035->340034->340035->338396->338400->338399->338391->338773->613666->613667
rl_signal_attention,od1_sinnonhyeon_suseo,long,peak,8.0,14,1401.1289,1317.0789,77.9084,1637.2813,207.0832,11402.9,5,True,91,13,17,61,342695->342696->342695->342700->343100->342865->342652->342116->341788->341787->563170->341731->341603->341730->646623->341984->341732->342691->341733->341602->338230->646176->339098->342073->342687->341600->342074->338219->338218->339094->338258->613662->339651->338651->562919->562884->613773->339003->339662->341549->339128->339093->338226->338252->338199->338198->562865->339135->339122->646056->338604->338223->338605->338597->338197->338925->587845->646128->587905->339124->339125->338206->340158->340157->338207->338327->338328->338342->338887->340280->340271->338344->562956->562954->338355->338356->339216->339584->338280->338279->587863->340185->340186->338897->340035->338396->338400->338399->338391->338773->613666->613667
rl_signal_attention,od1_sinnonhyeon_suseo,long,peak,8.0,15,1505.0957,1376.1829,121.7161,1803.1664,323.5258,11388.3,6,True,103,14,21,68,342695->342700->343100->342865->342652->342116->341788->341787->563170->341731->341603->341730->646623->341984->341732->342691->341733->341602->338230->646176->646175->646176->338230->562917->338585->338267->338803->613768->338253->339069->339134->338230->646176->339098->340484->338229->338218->339094->338258->613662->339651->338651->562919->562884->613773->339003->339662->341549->341566->341568->341735->341564->342639->563096->342115->343710->341560->342648->342147->341996->341571->340229->562951->338222->338198->338199->338224->342071->341571->341521->342613->341535->343726->343919->338310->339265->338311->339297->339000->339664->339665->339664->338312->338344->562956->562954->338355->338356->339216->339584->338280->338279->587863->340185->340186->338897->340035->338396->338400->338399->338391->338773->613666->613667
rl_signal_attention,od1_sinnonhyeon_suseo,long,peak,8.0,16,1364.0327,1289.8468,71.1366,1551.1358,189.0838,11135.4,3,True,91,14,22,55,342695->342700->343100->342865->342652->342116->341788->341787->563170->563169->563170->341731->341603->341730->646623->341984->341732->342691->341733->341602->338230->646176->339098->340484->338229->338218->339094->338258->613662->339651->338651->562919->562884->613773->339003->339662->341549->339128->339093->338226->338252->338251->646070->338648->338209->339659->338210->613615->338596->338197->338925->587845->563046->587845->646128->587905->339124->587841->338206->340158->340157->338207->338327->338328->338342->338887->340280->340271->338344->562956->562954->338355->338356->339216->339584->338280->338279->587863->340185->340186->338897->340035->338396->646285->338401->338402->338405->338406->338391->338773->613666->613667
rl_signal_attention,od1_sinnonhyeon_suseo,long,peak,8.0,17,1654.9458,1526.1861,120.9243,1741.3295,321.4211,13441.9,8,True,98,12,19,67,342695->342700->343100->342865->342652->342116->341788->341787->563170->341731->341603->341730->646623->341984->341732->342691->341733->341602->338230->646176->339098->340484->338229->338218->339094->338258->613662->339651->338651->562919->562884->613773->339003->339662->341549->339128->339093->338226->338252->338199->338198->562865->339135->339122->646056->338604->338223->338605->338597->338197->338925->587845->646128->587905->339124->339125->338206->338776->339001->646223->587844->587841->339124->339125->338598->338208->338599->587846->338600->338354->338346->339296->338349->338341->338728->339266->338343->338313->338712->338344->562956->562954->338355->338356->339216->339584->338280->338279->587863->338899->339250->338904->338885->338372->338404->338391->338773->613666->613667
rl_signal_attention,od1_sinnonhyeon_suseo,long,peak,8.0,18,1381.4727,1307.7179,70.0365,1648.4101,186.1594,11112.9,4,True,86,13,18,55,342695->342700->343100->342865->342652->342116->341788->341787->563170->341731->341603->341730->646623->341984->341732->342691->341733->341602->338230->646176->339098->340484->338229->338218->339094->338258->613662->339651->338651->562919->562884->613773->339003->339662->341549->339128->339093->338226->338252->338199->338198->562865->339135->339122->646056->338604->338223->338605->338597->338197->338925->587845->646128->587905->339124->339125->338206->340158->340157->338207->338327->338328->338342->338887->340280->340271->338344->562956->562954->338355->338356->339216->339584->338280->338279->587863->340185->340186->338897->340035->338396->338400->338399->338391->338773->613666->613667
rl_signal_attention,od1_sinnonhyeon_suseo,long,peak,8.0,19,1824.859,1629.0946,183.0623,2126.4395,486.5861,13248.1,10,True,109,20,22,67,342695->342700->343100->342865->342652->342116->341788->341787->563170->341731->341603->341730->646623->341984->341732->342691->341733->341602->338230->646176->339098->340484->338229->338218->339094->338258->613662->339651->338651->562919->562884->613773->339003->339662->341549->339128->339093->338226->338252->338199->338198->562865->339135->339122->646056->338604->338223->338605->338597->338197->338925->587845->646128->587905->339124->339125->338206->340158->340157->338207->338327->338328->338342->338887->340280->340271->338314->338315->338345->340097->339563->338317->338620->338318->338362->339695->339697->338278->613781->645974->338277->338295->646241->338294->338956->646245->646243->338277->645974->613781->338278->338955->338308->338306->338791->339871->338308->338307->338615->339149->338942->339150->338403->646212->338400->338399->338391->338773->613666->613667
rl_signal_attention,od1_sinnonhyeon_suseo,long,peak,8.0,20,1435.8655,1277.947,150.926,1541.0913,401.1667,11035.9,6,True,86,15,17,54,342695->342700->343100->342865->342652->342116->341788->341787->563170->341731->341603->341730->646623->341984->341732->342691->341733->341602->338230->646176->339098->340484->338229->338218->339094->338258->613662->339651->338651->562919->562884->613773->339003->339662->341549->339128->339093->338226->338252->338199->338198->562865->339135->338197->338925->587845->646128->587905->339124->587841->338206->340158->340157->338207->338327->338328->338342->338887->340280->340271->338344->562956->562954->338355->338356->339216->339584->340268->340269->338759->340268->340269->587862->338280->338279->587863->340185->340186->338897->340035->338396->338400->338399->338391->338773->613666->613667
rl_signal_attention,od1_sinnonhyeon_suseo,long,peak,8.0,21,1421.5541,1318.9236,97.8599,1572.5583,260.1152,11112.9,4,True,86,13,18,55,342695->342700->343100->342865->342652->342116->341788->341787->563170->341731->341603->341730->646623->341984->341732->342691->341733->341602->338230->646176->339098->340484->338229->338218->339094->338258->613662->339651->338651->562919->562884->613773->339003->339662->341549->339128->339093->338226->338252->338199->338198->562865->339135->339122->646056->338604->338223->338605->338597->338197->338925->587845->646128->587905->339124->339125->338206->340158->340157->338207->338327->338328->338342->338887->340280->340271->338344->562956->562954->338355->338356->339216->339584->338280->338279->587863->340185->340186->338897->340035->338396->338400->338399->338391->338773->613666->613667
rl_signal_attention,od1_sinnonhyeon_suseo,long,peak,8.0,22,1404.3076,1306.233,92.5575,1649.5377,246.0213,11112.9,4,True,86,13,18,55,342695->342700->343100->342865->342652->342116->341788->341787->563170->341731->341603->341730->646623->341984->341732->342691->341733->341602->338230->646176->339098->340484->338229->338218->339094->338258->613662->339651->338651->562919->562884->613773->339003->339662->341549->339128->339093->338226->338252->338199->338198->562865->339135->339122->646056->338604->338223->338605->338597->338197->338925->587845->646128->587905->339124->339125->338206->340158->340157->338207->338327->338328->338342->338887->340280->340271->338344->562956->562954->338355->338356->339216->339584->338280->338279->587863->340185->340186->338897->340035->338396->338400->338399->338391->338773->613666->613667
rl_signal_attention,od1_sinnonhyeon_suseo,long,peak,8.0,23,1442.6531,1327.7173,110.5861,1636.8884,293.9418,11112.9,4,True,86,13,18,55,342695->342700->343100->342865->342652->342116->341788->341787->563170->341731->341603->341730->646623->341984->341732->342691->341733->341602->338230->646176->339098->340484->338229->338218->339094->338258->613662->339651->338651->562919->562884->613773->339003->339662->341549->339128->339093->338226->338252->338199->338198->562865->339135->339122->646056->338604->338223->338605->338597->338197->338925->587845->646128->587905->339124->339125->338206->340158->340157->338207->338327->338328->338342->338887->340280->340271->338344->562956->562954->338355->338356->339216->339584->338280->338279->587863->340185->340186->338897->340035->338396->338400->338399->338391->338773->613666->613667
rl_signal_attention,od1_sinnonhyeon_suseo,long,peak,8.0,24,2147.4467,1842.0483,286.1109,2449.1733,760.493,14183.8,14,True,126,19,15,92,342695->342700->343100->342865->340641->340704->341588->343777->340703->342671->342674->341583->341611->342865->342652->342116->341788->341787->563170->341731->341603->341730->646623->341984->341732->342691->341733->341602->338230->646176->339098->340484->338229->339133->338254->338767->338768->587842->338583->338268->338262->339922->340140->339002->338922->646291->338226->339127->338649->339136->645956->338227->338594->587843->340479->340045->338923->338789->338204->339653->338998->338205->338992->338592->338259->338590->338805->339504->339505->339506->339503->339477->339480->338841->646229->339479->339309->338994->563041->338755->339731->339730->338760->339736->338233->338234->340157->338207->338327->338328->338342->338887->340280->340271->338344->338712->338313->338707->338314->338315->338345->340097->339563->338317->338620->338318->338362->339695->339697->338278->338298->338297->645982->339213->338361->339150->338403->338372->338404->338391->338773->613666->338611->613788->338395->338612->613667
rl_signal_attention,od1_sinnonhyeon_suseo,long,peak,8.0,25,1646.9414,1505.4685,131.5765,1917.1094,349.7351,12856.3,8,True,103,17,21,65,342695->342700->343100->342865->342652->342116->341788->341787->563170->341731->341603->341730->646623->341984->341732->342691->341733->341602->338230->646176->339098->340484->338229->338218->339094->338258->613662->613661->613662->338258->339132->338586->338262->339922->340140->339002->338922->646291->338226->339127->338649->338999->339810->339807->339656->338655->340247->340245->338921->340159->339654->338999->338649->339127->338226->338252->338199->338198->562865->339135->339122->646056->338604->338223->338605->338597->338197->338925->587845->646128->587905->339124->339125->338206->340158->340157->338207->338327->338328->338342->338887->340280->340271->338344->562956->562954->338355->338356->339216->339584->338280->338279->587863->340185->340186->338897->340035->338396->338400->338399->338391->338773->613666->613667
rl_signal_attention,od1_sinnonhyeon_suseo,long,peak,8.0,26,1411.0939,1309.2084,95.878,1549.9103,254.8472,11212.2,4,True,90,15,17,58,342695->342700->343100->342865->342652->342116->341788->341787->563170->341731->341603->341730->646623->341984->341732->342691->341733->341602->338230->646176->339098->340484->338229->338218->339094->338258->613662->339651->338651->562919->562884->613773->339003->339662->341549->339128->339093->338226->338252->338199->338198->562865->339135->339122->646056->646055->646056->338604->338223->338605->338597->338197->338925->587845->646128->587905->339124->339125->338206->340158->340157->338207->338327->338328->338342->338887->340280->340271->338344->562956->562954->338355->338356->339216->339584->338280->587862->587861->338279->587863->340185->340186->338897->340035->338396->338400->338399->338391->338773->613666->613667
rl_signal_attention,od1_sinnonhyeon_suseo,long,peak,8.0,27,1382.7645,1256.4047,119.8496,1413.8357,318.5647,10718.0,5,True,79,11,15,53,342695->342700->343100->342865->342652->342116->341788->341787->563170->341731->341603->341730->646623->341984->341732->342691->341733->341602->338230->646176->339098->340484->338229->338218->339094->338258->613662->339651->338651->562919->562884->613773->339003->339662->341549->339128->339093->338226->338252->338199->338198->562865->339135->338197->338925->587845->646128->587905->339124->587841->338206->340158->338207->338327->338328->338342->338887->340280->340271->338344->562956->562954->338355->338356->339216->339584->338280->338279->587863->340185->340186->338897->340035->338396->338400->338399->338391->338773->613666->613667
rl_signal_attention,od1_sinnonhyeon_suseo,long,peak,8.0,28,1528.5821,1402.5086,120.4976,1741.5273,320.287,11926.7,6,True,100,18,20,62,342695->342700->343100->342865->342652->342116->341785->341588->340704->340641->342865->341611->341583->341786->341588->341785->342116->341788->341787->563170->341731->341603->341730->646623->341984->341732->342691->341733->341602->338230->646176->339098->340484->338229->338218->339094->338258->613662->339651->338651->562919->562884->613773->339003->613772->613773->339003->339662->341549->339128->339093->338226->338252->338199->338198->562865->339135->339122->646056->338604->338223->338605->338597->338197->338925->587845->646128->587905->339124->339125->338206->340158->340157->338207->338327->338328->338342->338887->340280->340271->338344->562956->562954->338355->338356->339216->339584->338280->338279->587863->340185->340186->338897->340035->338396->338400->338399->338391->338773->613666->613667
rl_signal_attention,od1_sinnonhyeon_suseo,long,peak,8.0,29,1397.6734,1291.4865,100.6735,1652.035,267.5938,11112.9,5,True,86,13,18,55,342695->342700->343100->342865->342652->342116->341788->341787->563170->341731->341603->341730->646623->341984->341732->342691->341733->341602->338230->646176->339098->340484->338229->338218->339094->338258->613662->339651->338651->562919->562884->613773->339003->339662->341549->339128->339093->338226->338252->338199->338198->562865->339135->339122->646056->338604->338223->338605->338597->338197->338925->587845->646128->587905->339124->339125->338206->340158->340157->338207->338327->338328->338342->338887->340280->340271->338344->562956->562954->338355->338356->339216->339584->338280->338279->587863->340185->340186->338897->340035->338396->338400->338399->338391->338773->613666->613667
rl_signal_attention,od1_sinnonhyeon_suseo,long,peak,8.0,30,1443.2642,1290.4891,147.5772,1604.4669,392.2655,11109.2,4,True,85,13,16,56,342695->342700->342159->344204->341621->342834->343100->342865->342652->342116->341788->341787->563170->341731->341603->341730->646623->341984->341732->342691->341733->341602->338230->646176->339098->340484->338229->338218->339094->338258->613662->339651->338651->562919->562884->613773->613772->339003->339662->341549->339128->339093->338226->338252->338199->338198->562865->339135->338197->338925->587845->646128->587905->339124->339125->338206->340158->340157->338207->338327->338328->338342->338887->340280->340271->338344->562956->562954->338355->338356->339216->339584->338280->338279->587863->340185->340186->338897->340035->338396->338400->338399->338391->338773->613666->613667
