model,route,route_type,time_slot,start_hour,rep,fuel_total,fuel_drive,fuel_idle,travel_time,wait_time,distance,wait_count,reached,steps,n_left,n_right,n_straight,path
shortest_dijkstra,t1_seonjeongneung_daechi,long,off_peak,7.0,1,490.4266,320.2697,170.1569,416.1619,452.2832,2915.1,7,True,31,2,2,27,341608->341553->341563->341552->342644->342148->342645->341559->341985->341569->341738->563185->341560->342648->342147->341996->341571->340229->562951->338222->338726->338837->339122->646056->338604->338223->338603->339126->338348->338347->338706->338354
shortest_dijkstra,t1_seonjeongneung_daechi,long,off_peak,7.0,2,511.4867,324.2518,187.2349,373.327,497.6772,2915.1,7,True,31,2,2,27,341608->341553->341563->341552->342644->342148->342645->341559->341985->341569->341738->563185->341560->342648->342147->341996->341571->340229->562951->338222->338726->338837->339122->646056->338604->338223->338603->339126->338348->338347->338706->338354
shortest_dijkstra,t1_seonjeongneung_daechi,long,off_peak,7.0,3,506.3094,331.868,174.4414,415.0785,463.6716,2915.1,7,True,31,2,2,27,341608->341553->341563->341552->342644->342148->342645->341559->341985->341569->341738->563185->341560->342648->342147->341996->341571->340229->562951->338222->338726->338837->339122->646056->338604->338223->338603->339126->338348->338347->338706->338354
shortest_dijkstra,t1_seonjeongneung_daechi,long,off_peak,7.0,4,497.2125,332.8299,164.3826,441.4027,436.9349,2915.1,7,True,31,2,2,27,341608->341553->341563->341552->342644->342148->342645->341559->341985->341569->341738->563185->341560->342648->342147->341996->341571->340229->562951->338222->338726->338837->339122->646056->338604->338223->338603->339126->338348->338347->338706->338354
shortest_dijkstra,t1_seonjeongneung_daechi,long,off_peak,7.0,5,496.2476,317.4877,178.7599,389.3209,475.1504,2915.1,7,True,31,2,2,27,341608->341553->341563->341552->342644->342148->342645->341559->341985->341569->341738->563185->341560->342648->342147->341996->341571->340229->562951->338222->338726->338837->339122->646056->338604->338223->338603->339126->338348->338347->338706->338354
shortest_dijkstra,t1_seonjeongneung_daechi,long,off_peak,7.0,6,496.117,318.5601,177.5569,413.6019,471.9527,2915.1,7,True,31,2,2,27,341608->341553->341563->341552->342644->342148->342645->341559->341985->341569->341738->563185->341560->342648->342147->341996->341571->340229->562951->338222->338726->338837->339122->646056->338604->338223->338603->339126->338348->338347->338706->338354
shortest_dijkstra,t1_seonjeongneung_daechi,long,off_peak,7.0,7,498.8302,326.8615,171.9687,416.1306,457.099,2915.1,7,True,31,2,2,27,341608->341553->341563->341552->342644->342148->342645->341559->341985->341569->341738->563185->341560->342648->342147->341996->341571->340229->562951->338222->338726->338837->339122->646056->338604->338223->338603->339126->338348->338347->338706->338354
shortest_dijkstra,t1_seonjeongneung_daechi,long,off_peak,7.0,8,511.6514,330.3958,181.2557,395.3344,481.7841,2915.1,7,True,31,2,2,27,341608->341553->341563->341552->342644->342148->342645->341559->341985->341569->341738->563185->341560->342648->342147->341996->341571->340229->562951->338222->338726->338837->339122->646056->338604->338223->338603->339126->338348->338347->338706->338354
shortest_dijkstra,t1_seonjeongneung_daechi,long,off_peak,7.0,9,519.8664,342.5428,177.3236,411.6353,471.3324,2915.1,7,True,31,2,2,27,341608->341553->341563->341552->342644->342148->342645->341559->341985->341569->341738->563185->341560->342648->342147->341996->341571->340229->562951->338222->338726->338837->339122->646056->338604->338223->338603->339126->338348->338347->338706->338354
shortest_dijkstra,t1_seonjeongneung_daechi,long,off_peak,7.0,10,500.7184,334.9739,165.7445,430.9377,440.5549,2915.1,7,True,31,2,2,27,341608->341553->341563->341552->342644->342148->342645->341559->341985->341569->341738->563185->341560->342648->342147->341996->341571->340229->562951->338222->338726->338837->339122->646056->338604->338223->338603->339126->338348->338347->338706->338354
shortest_dijkstra,t1_seonjeongneung_daechi,long,off_peak,7.0,11,507.8169,336.4246,171.3923,414.825,455.567,2915.1,7,True,31,2,2,27,341608->341553->341563->341552->342644->342148->342645->341559->341985->341569->341738->563185->341560->342648->342147->341996->341571->340229->562951->338222->338726->338837->339122->646056->338604->338223->338603->339126->338348->338347->338706->338354
shortest_dijkstra,t1_seonjeongneung_daechi,long,off_peak,7.0,12,503.1641,328.1151,175.0491,399.5195,465.2867,2915.1,7,True,31,2,2,27,341608->341553->341563->341552->342644->342148->342645->341559->341985->341569->341738->563185->341560->342648->342147->341996->341571->340229->562951->338222->338726->338837->339122->646056->338604->338223->338603->339126->338348->338347->338706->338354
shortest_dijkstra,t1_seonjeongneung_daechi,long,off_peak,7.0,13,480.1146,315.39,164.7247,433.0115,437.8441,2915.1,7,True,31,2,2,27,341608->341553->341563->341552->342644->342148->342645->341559->341985->341569->341738->563185->341560->342648->342147->341996->341571->340229->562951->338222->338726->338837->339122->646056->338604->338223->338603->339126->338348->338347->338706->338354
shortest_dijkstra,t1_seonjeongneung_daechi,long,off_peak,7.0,14,495.8694,317.6643,178.2052,396.6306,473.6758,2915.1,7,True,31,2,2,27,341608->341553->341563->341552->342644->342148->342645->341559->341985->341569->341738->563185->341560->342648->342147->341996->341571->340229->562951->338222->338726->338837->339122->646056->338604->338223->338603->339126->338348->338347->338706->338354
shortest_dijkstra,t1_seonjeongneung_daechi,long,off_peak,7.0,15,492.4084,320.3543,172.0541,415.28,457.3261,2915.1,7,True,31,2,2,27,341608->341553->341563->341552->342644->342148->342645->341559->341985->341569->341738->563185->341560->342648->342147->341996->341571->340229->562951->338222->338726->338837->339122->646056->338604->338223->338603->339126->338348->338347->338706->338354
shortest_dijkstra,t1_seonjeongneung_daechi,long,off_peak,7.0,16,498.6928,334.6644,164.0284,438.8843,435.9935,2915.1,7,True,31,2,2,27,341608->341553->341563->341552->342644->342148->342645->341559->341985->341569->341738->563185->341560->342648->342147->341996->341571->340229->562951->338222->338726->338837->339122->646056->338604->338223->338603->339126->338348->338347->338706->338354
shortest_dijkstra,t1_seonjeongneung_daechi,long,off_peak,7.0,17,506.5207,329.0338,177.4869,398.1411,471.7665,2915.1,7,True,31,2,2,27,341608->341553->341563->341552->342644->342148->342645->341559->341985->341569->341738->563185->341560->342648->342147->341996->341571->340229->562951->338222->338726->338837->339122->646056->338604->338223->338603->339126->338348->338347->338706->338354
shortest_dijkstra,t1_seonjeongneung_daechi,long,off_peak,7.0,18,499.3285,334.3903,164.9382,435.3203,438.4117,2915.1,7,True,31,2,2,27,341608->341553->341563->341552->342644->342148->342645->341559->341985->341569->341738->563185->341560->342648->342147->341996->341571->340229->562951->338222->338726->338837->339122->646056->338604->338223->338603->339126->338348->338347->338706->338354
shortest_dijkstra,t1_seonjeongneung_daechi,long,off_peak,7.0,19,504.6655,336.6665,167.999,425.8436,446.5475,2915.1,7,True,31,2,2,27,341608->341553->341563->341552->342644->342148->342645->341559->341985->341569->341738->563185->341560->342648->342147->341996->341571->340229->562951->338222->338726->338837->339122->646056->338604->338223->338603->339126->338348->338347->338706->338354
shortest_dijkstra,t1_seonjeongneung_daechi,long,off_peak,7.0,20,501.212,330.8937,170.3183,421.6267,452.7121,2915.1,7,True,31,2,2,27,341608->341553->341563->341552->342644->342148->342645->341559->341985->341569->341738->563185->341560->342648->342147->341996->341571->340229->562951->338222->338726->338837->339122->646056->338604->338223->338603->339126->338348->338347->338706->338354
shortest_dijkstra,t1_seonjeongneung_daechi,long,off_peak,7.0,21,490.2088,322.0816,168.1272,419.9093,446.8881,2915.1,7,True,31,2,2,27,341608->341553->341563->341552->342644->342148->342645->341559->341985->341569->341738->563185->341560->342648->342147->341996->341571->340229->562951->338222->338726->338837->339122->646056->338604->338223->338603->339126->338348->338347->338706->338354
shortest_dijkstra,t1_seonjeongneung_daechi,long,off_peak,7.0,22,495.4031,329.6705,165.7326,428.3196,440.5232,2915.1,7,True,31,2,2,27,341608->341553->341563->341552->342644->342148->342645->341559->341985->341569->341738->563185->341560->342648->342147->341996->341571->340229->562951->338222->338726->338837->339122->646056->338604->338223->338603->339126->338348->338347->338706->338354
shortest_dijkstra,t1_seonjeongneung_daechi,long,off_peak,7.0,23,506.6518,329.9092,176.7426,408.1984,469.7884,2915.1,7,True,31,2,2,27,341608->341553->341563->341552->342644->342148->342645->341559->341985->341569->341738->563185->341560->342648->342147->341996->341571->340229->562951->338222->338726->338837->339122->646056->338604->338223->338603->339126->338348->338347->338706->338354
shortest_dijkstra,t1_seonjeongneung_daechi,long,off_peak,7.0,24,494.8721,337.1223,157.7498,455.2075,419.3047,2915.1,7,True,31,2,2,27,341608->341553->341563->341552->342644->342148->342645->341559->341985->341569->341738->563185->341560->342648->342147->341996->341571->340229->562951->338222->338726->338837->339122->646056->338604->338223->338603->339126->338348->338347->338706->338354
shortest_dijkstra,t1_seonjeongneung_daechi,long,off_peak,7.0,25,499.4304,325.3948,174.0355,413.8279,462.5927,2915.1,7,True,31,2,2,27,341608->341553->341563->341552->342644->342148->342645->341559->341985->341569->341738->563185->341560->342648->342147->341996->341571->340229->562951->338222->338726->338837->339122->646056->338604->338223->338603->339126->338348->338347->338706->338354
shortest_dijkstra,t1_seonjeongneung_daechi,long,off_peak,7.0,26,501.9589,330.4719,171.487,414.6159,455.8186,2915.1,7,True,31,2,2,27,341608->341553->341563->341552->342644->342148->342645->341559->341985->341569->341738->563185->341560->342648->342147->341996->341571->340229->562951->338222->338726->338837->339122->646056->338604->338223->338603->339126->338348->338347->338706->338354
shortest_dijkstra,t1_seonjeongneung_daechi,long,off_peak,7.0,27,498.3991,325.3148,173.0844,421.5358,460.0646,2915.1,7,True,31,2,2,27,341608->341553->341563->341552->342644->342148->342645->341559->341985->341569->341738->563185->341560->342648->342147->341996->341571->340229->562951->338222->338726->338837->339122->646056->338604->338223->338603->339126->338348->338347->338706->338354
shortest_dijkstra,t1_seonjeongneung_daechi,long,off_peak,7.0,28,509.1487,350.2662,158.8825,448.2081,422.3155,2915.1,7,True,31,2,2,27,341608->341553->341563->341552->342644->342148->342645->341559->341985->341569->341738->563185->341560->342648->342147->341996->341571->340229->562951->338222->338726->338837->339122->646056->338604->338223->338603->339126->338348->338347->338706->338354
shortest_dijkstra,t1_seonjeongneung_daechi,long,off_peak,7.0,29,497.4109,332.2392,165.1717,437.3428,439.0323,2915.1,7,True,31,2,2,27,341608->341553->341563->341552->342644->342148->342645->341559->341985->341569->341738->563185->341560->342648->342147->341996->341571->340229->562951->338222->338726->338837->339122->646056->338604->338223->338603->339126->338348->338347->338706->338354
shortest_dijkstra,t1_seonjeongneung_daechi,long,off_peak,7.0,30,486.3093,338.459,147.8503,476.3274,392.9914,2915.1,7,True,31,2,2,27,341608->341553->341563->341552->342644->342148->342645->341559->341985->341569->341738->563185->341560->342648->342147->341996->341571->340229->562951->338222->338726->338837->339122->646056->338604->338223->338603->339126->338348->338347->338706->338354
shortest_dijkstra,t1_seonjeongneung_daechi,long,peak,8.0,1,525.0775,351.7257,173.3517,484.908,460.7752,2915.1,6,True,31,2,2,27,341608->341553->341563->341552->342644->342148->342645->341559->341985->341569->341738->563185->341560->342648->342147->341996->341571->340229->562951->338222->338726->338837->339122->646056->338604->338223->338603->339126->338348->338347->338706->338354
shortest_dijkstra,t1_seonjeongneung_daechi,long,peak,8.0,2,507.2665,336.9927,170.2738,493.7309,452.5939,2915.1,6,True,31,2,2,27,341608->341553->341563->341552->342644->342148->342645->341559->341985->341569->341738->563185->341560->342648->342147->341996->341571->340229->562951->338222->338726->338837->339122->646056->338604->338223->338603->339126->338348->338347->338706->338354
shortest_dijkstra,t1_seonjeongneung_daechi,long,peak,8.0,3,515.9746,342.1925,173.7821,480.2375,461.9191,2915.1,6,True,31,2,2,27,341608->341553->341563->341552->342644->342148->342645->341559->341985->341569->341738->563185->341560->342648->342147->341996->341571->340229->562951->338222->338726->338837->339122->646056->338604->338223->338603->339126->338348->338347->338706->338354
shortest_dijkstra,t1_seonjeongneung_daechi,long,peak,8.0,4,513.0404,335.1946,177.8458,468.0765,472.7205,2915.1,6,True,31,2,2,27,341608->341553->341563->341552->342644->342148->342645->341559->341985->341569->341738->563185->341560->342648->342147->341996->341571->340229->562951->338222->338726->338837->339122->646056->338604->338223->338603->339126->338348->338347->338706->338354
shortest_dijkstra,t1_seonjeongneung_daechi,long,peak,8.0,5,511.5261,344.6322,166.8939,496.0595,443.61,2915.1,6,True,31,2,2,27,341608->341553->341563->341552->342644->342148->342645->341559->341985->341569->341738->563185->341560->342648->342147->341996->341571->340229->562951->338222->338726->338837->339122->646056->338604->338223->338603->339126->338348->338347->338706->338354
shortest_dijkstra,t1_seonjeongneung_daechi,long,peak,8.0,6,522.6886,359.3782,163.3104,505.5004,434.085,2915.1,6,True,31,2,2,27,341608->341553->341563->341552->342644->342148->342645->341559->341985->341569->341738->563185->341560->342648->342147->341996->341571->340229->562951->338222->338726->338837->339122->646056->338604->338223->338603->339126->338348->338347->338706->338354
shortest_dijkstra,t1_seonjeongneung_daechi,long,peak,8.0,7,503.3381,342.5067,160.8314,514.1847,427.4957,2915.1,6,True,31,2,2,27,341608->341553->341563->341552->342644->342148->342645->341559->341985->341569->341738->563185->341560->342648->342147->341996->341571->340229->562951->338222->338726->338837->339122->646056->338604->338223->338603->339126->338348->338347->338706->338354
shortest_dijkstra,t1_seonjeongneung_daechi,long,peak,8.0,8,504.9884,332.4072,172.5812,482.3484,458.7272,2915.1,6,True,31,2,2,27,341608->341553->341563->341552->342644->342148->342645->341559->341985->341569->341738->563185->341560->342648->342147->341996->341571->340229->562951->338222->338726->338837->339122->646056->338604->338223->338603->339126->338348->338347->338706->338354
shortest_dijkstra,t1_seonjeongneung_daechi,long,peak,8.0,9,526.9011,370.698,156.2031,528.5388,415.1934,2915.1,6,True,31,2,2,27,341608->341553->341563->341552->342644->342148->342645->341559->341985->341569->341738->563185->341560->342648->342147->341996->341571->340229->562951->338222->338726->338837->339122->646056->338604->338223->338603->339126->338348->338347->338706->338354
shortest_dijkstra,t1_seonjeongneung_daechi,long,peak,8.0,10,515.9197,340.0006,175.9191,479.2894,467.5994,2915.1,6,True,31,2,2,27,341608->341553->341563->341552->342644->342148->342645->341559->341985->341569->341738->563185->341560->342648->342147->341996->341571->340229->562951->338222->338726->338837->339122->646056->338604->338223->338603->339126->338348->338347->338706->338354
shortest_dijkstra,t1_seonjeongneung_daechi,long,peak,8.0,11,526.6915,358.1033,168.5882,521.2467,448.1136,2915.1,6,True,31,2,2,27,341608->341553->341563->341552->342644->342148->342645->341559->341985->341569->341738->563185->341560->342648->342147->341996->341571->340229->562951->338222->338726->338837->339122->646056->338604->338223->338603->339126->338348->338347->338706->338354
shortest_dijkstra,t1_seonjeongneung_daechi,long,peak,8.0,12,502.5501,328.9802,173.5699,476.3557,461.355,2915.1,6,True,31,2,2,27,341608->341553->341563->341552->342644->342148->342645->341559->341985->341569->341738->563185->341560->342648->342147->341996->341571->340229->562951->338222->338726->338837->339122->646056->338604->338223->338603->339126->338348->338347->338706->338354
shortest_dijkstra,t1_seonjeongneung_daechi,long,peak,8.0,13,513.9202,342.9625,170.9577,484.3782,454.4117,2915.1,6,True,31,2,2,27,341608->341553->341563->341552->342644->342148->342645->341559->341985->341569->341738->563185->341560->342648->342147->341996->341571->340229->562951->338222->338726->338837->339122->646056->338604->338223->338603->339126->338348->338347->338706->338354
shortest_dijkstra,t1_seonjeongneung_daechi,long,peak,8.0,14,518.0356,343.8815,174.1542,473.8856,462.9081,2915.1,6,True,31,2,2,27,341608->341553->341563->341552->342644->342148->342645->341559->341985->341569->341738->563185->341560->342648->342147->341996->341571->340229->562951->338222->338726->338837->339122->646056->338604->338223->338603->339126->338348->338347->338706->338354
shortest_dijkstra,t1_seonjeongneung_daechi,long,peak,8.0,15,505.4613,316.8715,188.5898,435.1774,501.2786,2915.1,6,True,31,2,2,27,341608->341553->341563->341552->342644->342148->342645->341559->341985->341569->341738->563185->341560->342648->342147->341996->341571->340229->562951->338222->338726->338837->339122->646056->338604->338223->338603->339126->338348->338347->338706->338354
shortest_dijkstra,t1_seonjeongneung_daechi,long,peak,8.0,16,512.7822,347.9748,164.8074,497.4738,438.064,2915.1,6,True,31,2,2,27,341608->341553->341563->341552->342644->342148->342645->341559->341985->341569->341738->563185->341560->342648->342147->341996->341571->340229->562951->338222->338726->338837->339122->646056->338604->338223->338603->339126->338348->338347->338706->338354
shortest_dijkstra,t1_seonjeongneung_daechi,long,peak,8.0,17,527.5098,340.3854,187.1244,445.3774,497.3834,2915.1,6,True,31,2,2,27,341608->341553->341563->341552->342644->342148->342645->341559->341985->341569->341738->563185->341560->342648->342147->341996->341571->340229->562951->338222->338726->338837->339122->646056->338604->338223->338603->339126->338348->338347->338706->338354
shortest_dijkstra,t1_seonjeongneung_daechi,long,peak,8.0,18,512.026,337.0969,174.9291,476.1366,464.9679,2915.1,6,True,31,2,2,27,341608->341553->341563->341552->342644->342148->342645->341559->341985->341569->341738->563185->341560->342648->342147->341996->341571->340229->562951->338222->338726->338837->339122->646056->338604->338223->338603->339126->338348->338347->338706->338354
shortest_dijkstra,t1_seonjeongneung_daechi,long,peak,8.0,19,532.6183,369.1788,163.4396,515.5431,434.4283,2915.1,6,True,31,2,2,27,341608->341553->341563->341552->342644->342148->342645->341559->341985->341569->341738->563185->341560->342648->342147->341996->341571->340229->562951->338222->338726->338837->339122->646056->338604->338223->338603->339126->338348->338347->338706->338354
shortest_dijkstra,t1_seonjeongneung_daechi,long,peak,8.0,20,522.4458,346.8139,175.6319,483.9335,466.836,2915.1,6,True,31,2,2,27,341608->341553->341563->341552->342644->342148->342645->341559->341985->341569->341738->563185->341560->342648->342147->341996->341571->340229->562951->338222->338726->338837->339122->646056->338604->338223->338603->339126->338348->338347->338706->338354
shortest_dijkstra,t1_seonjeongneung_daechi,long,peak,8.0,21,509.4664,340.7373,168.7291,494.2495,448.4881,2915.1,6,True,31,2,2,27,341608->341553->341563->341552->342644->342148->342645->341559->341985->341569->341738->563185->341560->342648->342147->341996->341571->340229->562951->338222->338726->338837->339122->646056->338604->338223->338603->339126->338348->338347->338706->338354
shortest_dijkstra,t1_seonjeongneung_daechi,long,peak,8.0,22,532.3859,365.773,166.6129,501.5508,442.8632,2915.1,6,True,31,2,2,27,341608->341553->341563->341552->342644->342148->342645->341559->341985->341569->341738->563185->341560->342648->342147->341996->341571->340229->562951->338222->338726->338837->339122->646056->338604->338223->338603->339126->338348->338347->338706->338354
shortest_dijkstra,t1_seonjeongneung_daechi,long,peak,8.0,23,504.131,326.5848,177.5462,466.7823,471.9243,2915.1,6,True,31,2,2,27,341608->341553->341563->341552->342644->342148->342645->341559->341985->341569->341738->563185->341560->342648->342147->341996->341571->340229->562951->338222->338726->338837->339122->646056->338604->338223->338603->339126->338348->338347->338706->338354
shortest_dijkstra,t1_seonjeongneung_daechi,long,peak,8.0,24,503.1324,335.9913,167.1412,495.1762,444.2673,2915.1,6,True,31,2,2,27,341608->341553->341563->341552->342644->342148->342645->341559->341985->341569->341738->563185->341560->342648->342147->341996->341571->340229->562951->338222->338726->338837->339122->646056->338604->338223->338603->339126->338348->338347->338706->338354
shortest_dijkstra,t1_seonjeongneung_daechi,long,peak,8.0,25,511.8968,352.9046,158.9921,518.5085,422.6069,2915.1,6,True,31,2,2,27,341608->341553->341563->341552->342644->342148->342645->341559->341985->341569->341738->563185->341560->342648->342147->341996->341571->340229->562951->338222->338726->338837->339122->646056->338604->338223->338603->339126->338348->338347->338706->338354
shortest_dijkstra,t1_seonjeongneung_daechi,long,peak,8.0,26,497.3473,322.2041,175.1432,474.6599,465.537,2915.1,6,True,31,2,2,27,341608->341553->341563->341552->342644->342148->342645->341559->341985->341569->341738->563185->341560->342648->342147->341996->341571->340229->562951->338222->338726->338837->339122->646056->338604->338223->338603->339126->338348->338347->338706->338354
shortest_dijkstra,t1_seonjeongneung_daechi,long,peak,8.0,27,521.2424,338.1295,183.113,458.8897,486.721,2915.1,6,True,31,2,2,27,341608->341553->341563->341552->342644->342148->342645->341559->341985->341569->341738->563185->341560->342648->342147->341996->341571->340229->562951->338222->338726->338837->339122->646056->338604->338223->338603->339126->338348->338347->338706->338354
shortest_dijkstra,t1_seonjeongneung_daechi,long,peak,8.0,28,511.717,347.5474,164.1696,521.176,436.3688,2915.1,6,True,31,2,2,27,341608->341553->341563->341552->342644->342148->342645->341559->341985->341569->341738->563185->341560->342648->342147->341996->341571->340229->562951->338222->338726->338837->339122->646056->338604->338223->338603->339126->338348->338347->338706->338354
shortest_dijkstra,t1_seonjeongneung_daechi,long,peak,8.0,29,514.6625,332.3422,182.3203,465.4691,484.6139,2915.1,6,True,31,2,2,27,341608->341553->341563->341552->342644->342148->342645->341559->341985->341569->341738->563185->341560->342648->342147->341996->341571->340229->562951->338222->338726->338837->339122->646056->338604->338223->338603->339126->338348->338347->338706->338354
shortest_dijkstra,t1_seonjeongneung_daechi,long,peak,8.0,30,521.2894,352.3116,168.9777,494.2537,449.1489,2915.1,6,True,31,2,2,27,341608->341553->341563->341552->342644->342148->342645->341559->341985->341569->341738->563185->341560->342648->342147->341996->341571->340229->562951->338222->338726->338837->339122->646056->338604->338223->338603->339126->338348->338347->338706->338354
shortest_dijkstra,t2_yeoksam_hakyeoul,long,off_peak,7.0,1,634.3219,478.4485,155.8734,595.1658,414.3172,3958.3,7,True,49,4,3,42,338267->340192->338229->338218->339571->338261->341734->341572->339293->338651->562921->562923->342153->343109->613772->339003->339662->341549->342639->563096->342115->343710->341560->342648->342147->341996->341571->340229->562951->338222->338726->338837->339122->646056->338604->338223->338603->339126->338348->338347->338346->339296->338349->338341->338728->339266->338343->338313->338712->338344
shortest_dijkstra,t2_yeoksam_hakyeoul,long,off_peak,7.0,2,640.134,483.0745,157.0594,592.1618,417.4697,3958.3,7,True,49,4,3,42,338267->340192->338229->338218->339571->338261->341734->341572->339293->338651->562921->562923->342153->343109->613772->339003->339662->341549->342639->563096->342115->343710->341560->342648->342147->341996->341571->340229->562951->338222->338726->338837->339122->646056->338604->338223->338603->339126->338348->338347->338346->339296->338349->338341->338728->339266->338343->338313->338712->338344
shortest_dijkstra,t2_yeoksam_hakyeoul,long,off_peak,7.0,3,663.2246,510.2051,153.0195,602.8159,406.7314,3958.3,7,True,49,4,3,42,338267->340192->338229->338218->339571->338261->341734->341572->339293->338651->562921->562923->342153->343109->613772->339003->339662->341549->342639->563096->342115->343710->341560->342648->342147->341996->341571->340229->562951->338222->338726->338837->339122->646056->338604->338223->338603->339126->338348->338347->338346->339296->338349->338341->338728->339266->338343->338313->338712->338344
shortest_dijkstra,t2_yeoksam_hakyeoul,long,off_peak,7.0,4,653.2689,491.97,161.2989,582.1037,428.7383,3958.3,8,True,49,4,3,42,338267->340192->338229->338218->339571->338261->341734->341572->339293->338651->562921->562923->342153->343109->613772->339003->339662->341549->342639->563096->342115->343710->341560->342648->342147->341996->341571->340229->562951->338222->338726->338837->339122->646056->338604->338223->338603->339126->338348->338347->338346->339296->338349->338341->338728->339266->338343->338313->338712->338344
shortest_dijkstra,t2_yeoksam_hakyeoul,long,off_peak,7.0,5,635.4458,465.8418,169.604,557.9168,450.8137,3958.3,7,True,49,4,3,42,338267->340192->338229->338218->339571->338261->341734->341572->339293->338651->562921->562923->342153->343109->613772->339003->339662->341549->342639->563096->342115->343710->341560->342648->342147->341996->341571->340229->562951->338222->338726->338837->339122->646056->338604->338223->338603->339126->338348->338347->338346->339296->338349->338341->338728->339266->338343->338313->338712->338344
shortest_dijkstra,t2_yeoksam_hakyeoul,long,off_peak,7.0,6,631.2821,461.8844,169.3976,559.6894,450.2651,3958.3,7,True,49,4,3,42,338267->340192->338229->338218->339571->338261->341734->341572->339293->338651->562921->562923->342153->343109->613772->339003->339662->341549->342639->563096->342115->343710->341560->342648->342147->341996->341571->340229->562951->338222->338726->338837->339122->646056->338604->338223->338603->339126->338348->338347->338346->339296->338349->338341->338728->339266->338343->338313->338712->338344
shortest_dijkstra,t2_yeoksam_hakyeoul,long,off_peak,7.0,7,661.2079,501.3061,159.9018,584.569,425.0247,3958.3,7,True,49,4,3,42,338267->340192->338229->338218->339571->338261->341734->341572->339293->338651->562921->562923->342153->343109->613772->339003->339662->341549->342639->563096->342115->343710->341560->342648->342147->341996->341571->340229->562951->338222->338726->338837->339122->646056->338604->338223->338603->339126->338348->338347->338346->339296->338349->338341->338728->339266->338343->338313->338712->338344
shortest_dijkstra,t2_yeoksam_hakyeoul,long,off_peak,7.0,8,635.9927,467.1762,168.8165,562.3285,448.7203,3958.3,7,True,49,4,3,42,338267->340192->338229->338218->339571->338261->341734->341572->339293->338651->562921->562923->342153->343109->613772->339003->339662->341549->342639->563096->342115->343710->341560->342648->342147->341996->341571->340229->562951->338222->338726->338837->339122->646056->338604->338223->338603->339126->338348->338347->338346->339296->338349->338341->338728->339266->338343->338313->338712->338344
shortest_dijkstra,t2_yeoksam_hakyeoul,long,off_peak,7.0,9,617.5893,459.6249,157.9644,590.9027,419.875,3958.3,7,True,49,4,3,42,338267->340192->338229->338218->339571->338261->341734->341572->339293->338651->562921->562923->342153->343109->613772->339003->339662->341549->342639->563096->342115->343710->341560->342648->342147->341996->341571->340229->562951->338222->338726->338837->339122->646056->338604->338223->338603->339126->338348->338347->338346->339296->338349->338341->338728->339266->338343->338313->338712->338344
shortest_dijkstra,t2_yeoksam_hakyeoul,long,off_peak,7.0,10,621.5379,474.478,147.0599,618.9294,390.8906,3958.3,7,True,49,4,3,42,338267->340192->338229->338218->339571->338261->341734->341572->339293->338651->562921->562923->342153->343109->613772->339003->339662->341549->342639->563096->342115->343710->341560->342648->342147->341996->341571->340229->562951->338222->338726->338837->339122->646056->338604->338223->338603->339126->338348->338347->338346->339296->338349->338341->338728->339266->338343->338313->338712->338344
shortest_dijkstra,t2_yeoksam_hakyeoul,long,off_peak,7.0,11,620.8361,458.4421,162.394,579.7351,431.6492,3958.3,8,True,49,4,3,42,338267->340192->338229->338218->339571->338261->341734->341572->339293->338651->562921->562923->342153->343109->613772->339003->339662->341549->342639->563096->342115->343710->341560->342648->342147->341996->341571->340229->562951->338222->338726->338837->339122->646056->338604->338223->338603->339126->338348->338347->338346->339296->338349->338341->338728->339266->338343->338313->338712->338344
shortest_dijkstra,t2_yeoksam_hakyeoul,long,off_peak,7.0,12,620.3141,458.9117,161.4024,581.3277,429.0136,3958.3,7,True,49,4,3,42,338267->340192->338229->338218->339571->338261->341734->341572->339293->338651->562921->562923->342153->343109->613772->339003->339662->341549->342639->563096->342115->343710->341560->342648->342147->341996->341571->340229->562951->338222->338726->338837->339122->646056->338604->338223->338603->339126->338348->338347->338346->339296->338349->338341->338728->339266->338343->338313->338712->338344
shortest_dijkstra,t2_yeoksam_hakyeoul,long,off_peak,7.0,13,638.2999,494.3445,143.9554,626.8018,382.6386,3958.3,7,True,49,4,3,42,338267->340192->338229->338218->339571->338261->341734->341572->339293->338651->562921->562923->342153->343109->613772->339003->339662->341549->342639->563096->342115->343710->341560->342648->342147->341996->341571->340229->562951->338222->338726->338837->339122->646056->338604->338223->338603->339126->338348->338347->338346->339296->338349->338341->338728->339266->338343->338313->338712->338344
shortest_dijkstra,t2_yeoksam_hakyeoul,long,off_peak,7.0,14,624.0537,475.4611,148.5926,615.1881,394.9646,3958.3,7,True,49,4,3,42,338267->340192->338229->338218->339571->338261->341734->341572->339293->338651->562921->562923->342153->343109->613772->339003->339662->341549->342639->563096->342115->343710->341560->342648->342147->341996->341571->340229->562951->338222->338726->338837->339122->646056->338604->338223->338603->339126->338348->338347->338346->339296->338349->338341->338728->339266->338343->338313->338712->338344
shortest_dijkstra,t2_yeoksam_hakyeoul,long,off_peak,7.0,15,621.3071,461.0785,160.2286,583.6756,425.8935,3958.3,7,True,49,4,3,42,338267->340192->338229->338218->339571->338261->341734->341572->339293->338651->562921->562923->342153->343109->613772->339003->339662->341549->342639->563096->342115->343710->341560->342648->342147->341996->341571->340229->562951->338222->338726->338837->339122->646056->338604->338223->338603->339126->338348->338347->338346->339296->338349->338341->338728->339266->338343->338313->338712->338344
shortest_dijkstra,t2_yeoksam_hakyeoul,long,off_peak,7.0,16,642.4906,474.7002,167.7904,563.2115,445.9929,3958.3,7,True,49,4,3,42,338267->340192->338229->338218->339571->338261->341734->341572->339293->338651->562921->562923->342153->343109->613772->339003->339662->341549->342639->563096->342115->343710->341560->342648->342147->341996->341571->340229->562951->338222->338726->338837->339122->646056->338604->338223->338603->339126->338348->338347->338346->339296->338349->338341->338728->339266->338343->338313->338712->338344
shortest_dijkstra,t2_yeoksam_hakyeoul,long,off_peak,7.0,17,623.2008,458.4606,164.7401,572.7046,437.8852,3958.3,8,True,49,4,3,42,338267->340192->338229->338218->339571->338261->341734->341572->339293->338651->562921->562923->342153->343109->613772->339003->339662->341549->342639->563096->342115->343710->341560->342648->342147->341996->341571->340229->562951->338222->338726->338837->339122->646056->338604->338223->338603->339126->338348->338347->338346->339296->338349->338341->338728->339266->338343->338313->338712->338344
shortest_dijkstra,t2_yeoksam_hakyeoul,long,off_peak,7.0,18,621.5364,466.1701,155.3663,597.9437,412.9692,3958.3,6,True,49,4,3,42,338267->340192->338229->338218->339571->338261->341734->341572->339293->338651->562921->562923->342153->343109->613772->339003->339662->341549->342639->563096->342115->343710->341560->342648->342147->341996->341571->340229->562951->338222->338726->338837->339122->646056->338604->338223->338603->339126->338348->338347->338346->339296->338349->338341->338728->339266->338343->338313->338712->338344
shortest_dijkstra,t2_yeoksam_hakyeoul,long,off_peak,7.0,19,645.3395,482.6765,162.6631,580.2628,432.3643,3958.3,7,True,49,4,3,42,338267->340192->338229->338218->339571->338261->341734->341572->339293->338651->562921->562923->342153->343109->613772->339003->339662->341549->342639->563096->342115->343710->341560->342648->342147->341996->341571->340229->562951->338222->338726->338837->339122->646056->338604->338223->338603->339126->338348->338347->338346->339296->338349->338341->338728->339266->338343->338313->338712->338344
shortest_dijkstra,t2_yeoksam_hakyeoul,long,off_peak,7.0,20,613.7683,444.3184,169.4499,559.107,450.4041,3958.3,8,True,49,4,3,42,338267->340192->338229->338218->339571->338261->341734->341572->339293->338651->562921->562923->342153->343109->613772->339003->339662->341549->342639->563096->342115->343710->341560->342648->342147->341996->341571->340229->562951->338222->338726->338837->339122->646056->338604->338223->338603->339126->338348->338347->338346->339296->338349->338341->338728->339266->338343->338313->338712->338344
shortest_dijkstra,t2_yeoksam_hakyeoul,long,off_peak,7.0,21,645.5091,478.708,166.8012,565.9083,443.3636,3958.3,7,True,49,4,3,42,338267->340192->338229->338218->339571->338261->341734->341572->339293->338651->562921->562923->342153->343109->613772->339003->339662->341549->342639->563096->342115->343710->341560->342648->342147->341996->341571->340229->562951->338222->338726->338837->339122->646056->338604->338223->338603->339126->338348->338347->338346->339296->338349->338341->338728->339266->338343->338313->338712->338344
shortest_dijkstra,t2_yeoksam_hakyeoul,long,off_peak,7.0,22,639.7466,469.678,170.0686,557.5961,452.0485,3958.3,8,True,49,4,3,42,338267->340192->338229->338218->339571->338261->341734->341572->339293->338651->562921->562923->342153->343109->613772->339003->339662->341549->342639->563096->342115->343710->341560->342648->342147->341996->341571->340229->562951->338222->338726->338837->339122->646056->338604->338223->338603->339126->338348->338347->338346->339296->338349->338341->338728->339266->338343->338313->338712->338344
shortest_dijkstra,t2_yeoksam_hakyeoul,long,off_peak,7.0,23,622.3669,453.8262,168.5407,561.4335,447.9873,3958.3,7,True,49,4,3,42,338267->340192->338229->338218->339571->338261->341734->341572->339293->338651->562921->562923->342153->343109->613772->339003->339662->341549->342639->563096->342115->343710->341560->342648->342147->341996->341571->340229->562951->338222->338726->338837->339122->646056->338604->338223->338603->339126->338348->338347->338346->339296->338349->338341->338728->339266->338343->338313->338712->338344
shortest_dijkstra,t2_yeoksam_hakyeoul,long,off_peak,7.0,24,579.6488,474.4448,105.204,578.2086,279.6361,3958.3,5,True,49,4,3,42,338267->340192->338229->338218->339571->338261->341734->341572->339293->338651->562921->562923->342153->343109->613772->339003->339662->341549->342639->563096->342115->343710->341560->342648->342147->341996->341571->340229->562951->338222->338726->338837->339122->646056->338604->338223->338603->339126->338348->338347->338346->339296->338349->338341->338728->339266->338343->338313->338712->338344
shortest_dijkstra,t2_yeoksam_hakyeoul,long,off_peak,7.0,25,613.7069,449.4866,164.2203,573.0671,436.5035,3958.3,7,True,49,4,3,42,338267->340192->338229->338218->339571->338261->341734->341572->339293->338651->562921->562923->342153->343109->613772->339003->339662->341549->342639->563096->342115->343710->341560->342648->342147->341996->341571->340229->562951->338222->338726->338837->339122->646056->338604->338223->338603->339126->338348->338347->338346->339296->338349->338341->338728->339266->338343->338313->338712->338344
shortest_dijkstra,t2_yeoksam_hakyeoul,long,off_peak,7.0,26,658.7682,494.7453,164.0229,573.1993,435.9787,3958.3,8,True,49,4,3,42,338267->340192->338229->338218->339571->338261->341734->341572->339293->338651->562921->562923->342153->343109->613772->339003->339662->341549->342639->563096->342115->343710->341560->342648->342147->341996->341571->340229->562951->338222->338726->338837->339122->646056->338604->338223->338603->339126->338348->338347->338346->339296->338349->338341->338728->339266->338343->338313->338712->338344
shortest_dijkstra,t2_yeoksam_hakyeoul,long,off_peak,7.0,27,651.7059,484.0979,167.608,563.6868,445.5082,3958.3,7,True,49,4,3,42,338267->340192->338229->338218->339571->338261->341734->341572->339293->338651->562921->562923->342153->343109->613772->339003->339662->341549->342639->563096->342115->343710->341560->342648->342147->341996->341571->340229->562951->338222->338726->338837->339122->646056->338604->338223->338603->339126->338348->338347->338346->339296->338349->338341->338728->339266->338343->338313->338712->338344
shortest_dijkstra,t2_yeoksam_hakyeoul,long,off_peak,7.0,28,683.3372,450.6566,232.6806,570.9657,618.4734,3958.3,9,True,49,4,3,42,338267->340192->338229->338218->339571->338261->341734->341572->339293->338651->562921->562923->342153->343109->613772->339003->339662->341549->342639->563096->342115->343710->341560->342648->342147->341996->341571->340229->562951->338222->338726->338837->339122->646056->338604->338223->338603->339126->338348->338347->338346->339296->338349->338341->338728->339266->338343->338313->338712->338344
shortest_dijkstra,t2_yeoksam_hakyeoul,long,off_peak,7.0,29,623.141,453.4266,169.7145,558.3771,451.1072,3958.3,7,True,49,4,3,42,338267->340192->338229->338218->339571->338261->341734->341572->339293->338651->562921->562923->342153->343109->613772->339003->339662->341549->342639->563096->342115->343710->341560->342648->342147->341996->341571->340229->562951->338222->338726->338837->339122->646056->338604->338223->338603->339126->338348->338347->338346->339296->338349->338341->338728->339266->338343->338313->338712->338344
shortest_dijkstra,t2_yeoksam_hakyeoul,long,off_peak,7.0,30,649.6174,484.3313,165.2861,570.4691,439.3365,3958.3,7,True,49,4,3,42,338267->340192->338229->338218->339571->338261->341734->341572->339293->338651->562921->562923->342153->343109->613772->339003->339662->341549->342639->563096->342115->343710->341560->342648->342147->341996->341571->340229->562951->338222->338726->338837->339122->646056->338604->338223->338603->339126->338348->338347->338346->339296->338349->338341->338728->339266->338343->338313->338712->338344
shortest_dijkstra,t2_yeoksam_hakyeoul,long,peak,8.0,1,669.5456,464.8585,204.687,645.5143,544.0656,3958.3,8,True,49,4,3,42,338267->340192->338229->338218->339571->338261->341734->341572->339293->338651->562921->562923->342153->343109->613772->339003->339662->341549->342639->563096->342115->343710->341560->342648->342147->341996->341571->340229->562951->338222->338726->338837->339122->646056->338604->338223->338603->339126->338348->338347->338346->339296->338349->338341->338728->339266->338343->338313->338712->338344
shortest_dijkstra,t2_yeoksam_hakyeoul,long,peak,8.0,2,678.649,470.2891,208.3599,636.0432,553.8281,3958.3,8,True,49,4,3,42,338267->340192->338229->338218->339571->338261->341734->341572->339293->338651->562921->562923->342153->343109->613772->339003->339662->341549->342639->563096->342115->343710->341560->342648->342147->341996->341571->340229->562951->338222->338726->338837->339122->646056->338604->338223->338603->339126->338348->338347->338346->339296->338349->338341->338728->339266->338343->338313->338712->338344
shortest_dijkstra,t2_yeoksam_hakyeoul,long,peak,8.0,3,622.9551,479.9893,142.9658,630.1524,380.0084,3958.3,6,True,49,4,3,42,338267->340192->338229->338218->339571->338261->341734->341572->339293->338651->562921->562923->342153->343109->613772->339003->339662->341549->342639->563096->342115->343710->341560->342648->342147->341996->341571->340229->562951->338222->338726->338837->339122->646056->338604->338223->338603->339126->338348->338347->338346->339296->338349->338341->338728->339266->338343->338313->338712->338344
shortest_dijkstra,t2_yeoksam_hakyeoul,long,peak,8.0,4,674.052,476.5587,197.4933,665.04,524.9443,3958.3,8,True,49,4,3,42,338267->340192->338229->338218->339571->338261->341734->341572->339293->338651->562921->562923->342153->343109->613772->339003->339662->341549->342639->563096->342115->343710->341560->342648->342147->341996->341571->340229->562951->338222->338726->338837->339122->646056->338604->338223->338603->339126->338348->338347->338346->339296->338349->338341->338728->339266->338343->338313->338712->338344
shortest_dijkstra,t2_yeoksam_hakyeoul,long,peak,8.0,5,663.7213,480.543,183.1783,702.6378,486.8947,3958.3,8,True,49,4,3,42,338267->340192->338229->338218->339571->338261->341734->341572->339293->338651->562921->562923->342153->343109->613772->339003->339662->341549->342639->563096->342115->343710->341560->342648->342147->341996->341571->340229->562951->338222->338726->338837->339122->646056->338604->338223->338603->339126->338348->338347->338346->339296->338349->338341->338728->339266->338343->338313->338712->338344
shortest_dijkstra,t2_yeoksam_hakyeoul,long,peak,8.0,6,667.571,472.0372,195.5338,669.2451,519.7361,3958.3,8,True,49,4,3,42,338267->340192->338229->338218->339571->338261->341734->341572->339293->338651->562921->562923->342153->343109->613772->339003->339662->341549->342639->563096->342115->343710->341560->342648->342147->341996->341571->340229->562951->338222->338726->338837->339122->646056->338604->338223->338603->339126->338348->338347->338346->339296->338349->338341->338728->339266->338343->338313->338712->338344
shortest_dijkstra,t2_yeoksam_hakyeoul,long,peak,8.0,7,666.2363,460.4656,205.7707,643.3545,546.9459,3958.3,8,True,49,4,3,42,338267->340192->338229->338218->339571->338261->341734->341572->339293->338651->562921->562923->342153->343109->613772->339003->339662->341549->342639->563096->342115->343710->341560->342648->342147->341996->341571->340229->562951->338222->338726->338837->339122->646056->338604->338223->338603->339126->338348->338347->338346->339296->338349->338341->338728->339266->338343->338313->338712->338344
shortest_dijkstra,t2_yeoksam_hakyeoul,long,peak,8.0,8,683.4306,472.298,211.1326,628.0779,561.1981,3958.3,8,True,49,4,3,42,338267->340192->338229->338218->339571->338261->341734->341572->339293->338651->562921->562923->342153->343109->613772->339003->339662->341549->342639->563096->342115->343710->341560->342648->342147->341996->341571->340229->562951->338222->338726->338837->339122->646056->338604->338223->338603->339126->338348->338347->338346->339296->338349->338341->338728->339266->338343->338313->338712->338344
shortest_dijkstra,t2_yeoksam_hakyeoul,long,peak,8.0,9,693.0925,494.5623,198.5302,661.8039,527.7004,3958.3,8,True,49,4,3,42,338267->340192->338229->338218->339571->338261->341734->341572->339293->338651->562921->562923->342153->343109->613772->339003->339662->341549->342639->563096->342115->343710->341560->342648->342147->341996->341571->340229->562951->338222->338726->338837->339122->646056->338604->338223->338603->339126->338348->338347->338346->339296->338349->338341->338728->339266->338343->338313->338712->338344
shortest_dijkstra,t2_yeoksam_hakyeoul,long,peak,8.0,10,563.0363,492.2178,70.8186,641.2942,188.2383,3958.3,6,True,49,4,3,42,338267->340192->338229->338218->339571->338261->341734->341572->339293->338651->562921->562923->342153->343109->613772->339003->339662->341549->342639->563096->342115->343710->341560->342648->342147->341996->341571->340229->562951->338222->338726->338837->339122->646056->338604->338223->338603->339126->338348->338347->338346->339296->338349->338341->338728->339266->338343->338313->338712->338344
shortest_dijkstra,t2_yeoksam_hakyeoul,long,peak,8.0,11,683.798,479.6435,204.1545,647.464,542.6502,3958.3,9,True,49,4,3,42,338267->340192->338229->338218->339571->338261->341734->341572->339293->338651->562921->562923->342153->343109->613772->339003->339662->341549->342639->563096->342115->343710->341560->342648->342147->341996->341571->340229->562951->338222->338726->338837->339122->646056->338604->338223->338603->339126->338348->338347->338346->339296->338349->338341->338728->339266->338343->338313->338712->338344
shortest_dijkstra,t2_yeoksam_hakyeoul,long,peak,8.0,12,684.8598,481.1364,203.7234,649.5121,541.5042,3958.3,8,True,49,4,3,42,338267->340192->338229->338218->339571->338261->341734->341572->339293->338651->562921->562923->342153->343109->613772->339003->339662->341549->342639->563096->342115->343710->341560->342648->342147->341996->341571->340229->562951->338222->338726->338837->339122->646056->338604->338223->338603->339126->338348->338347->338346->339296->338349->338341->338728->339266->338343->338313->338712->338344
shortest_dijkstra,t2_yeoksam_hakyeoul,long,peak,8.0,13,675.7766,476.6512,199.1253,659.782,529.2823,3958.3,8,True,49,4,3,42,338267->340192->338229->338218->339571->338261->341734->341572->339293->338651->562921->562923->342153->343109->613772->339003->339662->341549->342639->563096->342115->343710->341560->342648->342147->341996->341571->340229->562951->338222->338726->338837->339122->646056->338604->338223->338603->339126->338348->338347->338346->339296->338349->338341->338728->339266->338343->338313->338712->338344
shortest_dijkstra,t2_yeoksam_hakyeoul,long,peak,8.0,14,679.5643,467.7815,211.7828,626.146,562.9265,3958.3,8,True,49,4,3,42,338267->340192->338229->338218->339571->338261->341734->341572->339293->338651->562921->562923->342153->343109->613772->339003->339662->341549->342639->563096->342115->343710->341560->342648->342147->341996->341571->340229->562951->338222->338726->338837->339122->646056->338604->338223->338603->339126->338348->338347->338346->339296->338349->338341->338728->339266->338343->338313->338712->338344
shortest_dijkstra,t2_yeoksam_hakyeoul,long,peak,8.0,15,683.0791,495.3854,187.6937,691.793,498.8966,3958.3,8,True,49,4,3,42,338267->340192->338229->338218->339571->338261->341734->341572->339293->338651->562921->562923->342153->343109->613772->339003->339662->341549->342639->563096->342115->343710->341560->342648->342147->341996->341571->340229->562951->338222->338726->338837->339122->646056->338604->338223->338603->339126->338348->338347->338346->339296->338349->338341->338728->339266->338343->338313->338712->338344
shortest_dijkstra,t2_yeoksam_hakyeoul,long,peak,8.0,16,683.3958,473.4635,209.9323,630.7513,558.0076,3958.3,8,True,49,4,3,42,338267->340192->338229->338218->339571->338261->341734->341572->339293->338651->562921->562923->342153->343109->613772->339003->339662->341549->342639->563096->342115->343710->341560->342648->342147->341996->341571->340229->562951->338222->338726->338837->339122->646056->338604->338223->338603->339126->338348->338347->338346->339296->338349->338341->338728->339266->338343->338313->338712->338344
shortest_dijkstra,t2_yeoksam_hakyeoul,long,peak,8.0,17,690.8767,500.8007,190.076,684.4096,505.2289,3958.3,8,True,49,4,3,42,338267->340192->338229->338218->339571->338261->341734->341572->339293->338651->562921->562923->342153->343109->613772->339003->339662->341549->342639->563096->342115->343710->341560->342648->342147->341996->341571->340229->562951->338222->338726->338837->339122->646056->338604->338223->338603->339126->338348->338347->338346->339296->338349->338341->338728->339266->338343->338313->338712->338344
shortest_dijkstra,t2_yeoksam_hakyeoul,long,peak,8.0,18,688.7322,500.9949,187.7373,691.0426,499.0126,3958.3,8,True,49,4,3,42,338267->340192->338229->338218->339571->338261->341734->341572->339293->338651->562921->562923->342153->343109->613772->339003->339662->341549->342639->563096->342115->343710->341560->342648->342147->341996->341571->340229->562951->338222->338726->338837->339122->646056->338604->338223->338603->339126->338348->338347->338346->339296->338349->338341->338728->339266->338343->338313->338712->338344
shortest_dijkstra,t2_yeoksam_hakyeoul,long,peak,8.0,19,669.576,468.8911,200.685,658.2053,533.428,3958.3,8,True,49,4,3,42,338267->340192->338229->338218->339571->338261->341734->341572->339293->338651->562921->562923->342153->343109->613772->339003->339662->341549->342639->563096->342115->343710->341560->342648->342147->341996->341571->340229->562951->338222->338726->338837->339122->646056->338604->338223->338603->339126->338348->338347->338346->339296->338349->338341->338728->339266->338343->338313->338712->338344
shortest_dijkstra,t2_yeoksam_hakyeoul,long,peak,8.0,20,673.2932,489.9754,183.3179,701.9519,487.2656,3958.3,8,True,49,4,3,42,338267->340192->338229->338218->339571->338261->341734->341572->339293->338651->562921->562923->342153->343109->613772->339003->339662->341549->342639->563096->342115->343710->341560->342648->342147->341996->341571->340229->562951->338222->338726->338837->339122->646056->338604->338223->338603->339126->338348->338347->338346->339296->338349->338341->338728->339266->338343->338313->338712->338344
shortest_dijkstra,t2_yeoksam_hakyeoul,long,peak,8.0,21,688.0534,481.9423,206.1111,642.0929,547.8508,3958.3,8,True,49,4,3,42,338267->340192->338229->338218->339571->338261->341734->341572->339293->338651->562921->562923->342153->343109->613772->339003->339662->341549->342639->563096->342115->343710->341560->342648->342147->341996->341571->340229->562951->338222->338726->338837->339122->646056->338604->338223->338603->339126->338348->338347->338346->339296->338349->338341->338728->339266->338343->338313->338712->338344
shortest_dijkstra,t2_yeoksam_hakyeoul,long,peak,8.0,22,662.0048,470.8607,191.1441,683.3619,508.0681,3958.3,8,True,49,4,3,42,338267->340192->338229->338218->339571->338261->341734->341572->339293->338651->562921->562923->342153->343109->613772->339003->339662->341549->342639->563096->342115->343710->341560->342648->342147->341996->341571->340229->562951->338222->338726->338837->339122->646056->338604->338223->338603->339126->338348->338347->338346->339296->338349->338341->338728->339266->338343->338313->338712->338344
shortest_dijkstra,t2_yeoksam_hakyeoul,long,peak,8.0,23,678.8738,472.7653,206.1085,643.5689,547.844,3958.3,8,True,49,4,3,42,338267->340192->338229->338218->339571->338261->341734->341572->339293->338651->562921->562923->342153->343109->613772->339003->339662->341549->342639->563096->342115->343710->341560->342648->342147->341996->341571->340229->562951->338222->338726->338837->339122->646056->338604->338223->338603->339126->338348->338347->338346->339296->338349->338341->338728->339266->338343->338313->338712->338344
shortest_dijkstra,t2_yeoksam_hakyeoul,long,peak,8.0,24,684.5251,499.5017,185.0234,698.4395,491.7989,3958.3,8,True,49,4,3,42,338267->340192->338229->338218->339571->338261->341734->341572->339293->338651->562921->562923->342153->343109->613772->339003->339662->341549->342639->563096->342115->343710->341560->342648->342147->341996->341571->340229->562951->338222->338726->338837->339122->646056->338604->338223->338603->339126->338348->338347->338346->339296->338349->338341->338728->339266->338343->338313->338712->338344
shortest_dijkstra,t2_yeoksam_hakyeoul,long,peak,8.0,25,659.9269,463.3444,196.5825,667.4395,522.5234,3958.3,8,True,49,4,3,42,338267->340192->338229->338218->339571->338261->341734->341572->339293->338651->562921->562923->342153->343109->613772->339003->339662->341549->342639->563096->342115->343710->341560->342648->342147->341996->341571->340229->562951->338222->338726->338837->339122->646056->338604->338223->338603->339126->338348->338347->338346->339296->338349->338341->338728->339266->338343->338313->338712->338344
shortest_dijkstra,t2_yeoksam_hakyeoul,long,peak,8.0,26,706.6806,522.8267,183.8539,701.1063,488.6903,3958.3,7,True,49,4,3,42,338267->340192->338229->338218->339571->338261->341734->341572->339293->338651->562921->562923->342153->343109->613772->339003->339662->341549->342639->563096->342115->343710->341560->342648->342147->341996->341571->340229->562951->338222->338726->338837->339122->646056->338604->338223->338603->339126->338348->338347->338346->339296->338349->338341->338728->339266->338343->338313->338712->338344
shortest_dijkstra,t2_yeoksam_hakyeoul,long,peak,8.0,27,679.3954,464.5007,214.8947,617.8018,571.198,3958.3,8,True,49,4,3,42,338267->340192->338229->338218->339571->338261->341734->341572->339293->338651->562921->562923->342153->343109->613772->339003->339662->341549->342639->563096->342115->343710->341560->342648->342147->341996->341571->340229->562951->338222->338726->338837->339122->646056->338604->338223->338603->339126->338348->338347->338346->339296->338349->338341->338728->339266->338343->338313->338712->338344
shortest_dijkstra,t2_yeoksam_hakyeoul,long,peak,8.0,28,620.1023,482.1848,137.9176,688.0344,366.5899,3958.3,7,True,49,4,3,42,338267->340192->338229->338218->339571->338261->341734->341572->339293->338651->562921->562923->342153->343109->613772->339003->339662->341549->342639->563096->342115->343710->341560->342648->342147->341996->341571->340229->562951->338222->338726->338837->339122->646056->338604->338223->338603->339126->338348->338347->338346->339296->338349->338341->338728->339266->338343->338313->338712->338344
shortest_dijkstra,t2_yeoksam_hakyeoul,long,peak,8.0,29,674.0523,465.9429,208.1094,638.2871,553.1624,3958.3,8,True,49,4,3,42,338267->340192->338229->338218->339571->338261->341734->341572->339293->338651->562921->562923->342153->343109->613772->339003->339662->341549->342639->563096->342115->343710->341560->342648->342147->341996->341571->340229->562951->338222->338726->338837->339122->646056->338604->338223->338603->339126->338348->338347->338346->339296->338349->338341->338728->339266->338343->338313->338712->338344
shortest_dijkstra,t2_yeoksam_hakyeoul,long,peak,8.0,30,716.5271,496.6896,219.8374,604.6421,584.3359,3958.3,8,True,49,4,3,42,338267->340192->338229->338218->339571->338261->341734->341572->339293->338651->562921->562923->342153->343109->613772->339003->339662->341549->342639->563096->342115->343710->341560->342648->342147->341996->341571->340229->562951->338222->338726->338837->339122->646056->338604->338223->338603->339126->338348->338347->338346->339296->338349->338341->338728->339266->338343->338313->338712->338344
shortest_dijkstra,t3_sinsa_daechi,long,off_peak,7.0,1,976.2006,710.9912,265.2093,867.512,704.9361,5965.7,11,True,68,6,7,55,341904->342719->342710->342156->342157->342711->342712->342714->342713->342076->341620->341621->342834->343100->342865->340641->340704->341588->341785->342116->341788->341787->563170->341731->341603->341729->341598->343105->341906->341605->341595->343103->341778->341593->344353->342694->563168->341608->341553->341563->341552->342644->342148->342645->341559->341985->341569->341738->563185->341560->342648->342147->341996->341571->340229->562951->338222->338726->338837->339122->646056->338604->338223->338603->339126->338348->338347->338706->338354
shortest_dijkstra,t3_sinsa_daechi,long,off_peak,7.0,2,976.9714,696.0645,280.9068,867.7777,746.6606,5965.7,11,True,68,6,7,55,341904->342719->342710->342156->342157->342711->342712->342714->342713->342076->341620->341621->342834->343100->342865->340641->340704->341588->341785->342116->341788->341787->563170->341731->341603->341729->341598->343105->341906->341605->341595->343103->341778->341593->344353->342694->563168->341608->341553->341563->341552->342644->342148->342645->341559->341985->341569->341738->563185->341560->342648->342147->341996->341571->340229->562951->338222->338726->338837->339122->646056->338604->338223->338603->339126->338348->338347->338706->338354
shortest_dijkstra,t3_sinsa_daechi,long,off_peak,7.0,3,960.4788,720.4828,239.9961,821.9121,637.9182,5965.7,10,True,68,6,7,55,341904->342719->342710->342156->342157->342711->342712->342714->342713->342076->341620->341621->342834->343100->342865->340641->340704->341588->341785->342116->341788->341787->563170->341731->341603->341729->341598->343105->341906->341605->341595->343103->341778->341593->344353->342694->563168->341608->341553->341563->341552->342644->342148->342645->341559->341985->341569->341738->563185->341560->342648->342147->341996->341571->340229->562951->338222->338726->338837->339122->646056->338604->338223->338603->339126->338348->338347->338706->338354
shortest_dijkstra,t3_sinsa_daechi,long,off_peak,7.0,4,915.0439,701.0134,214.0305,889.9084,568.9008,5965.7,10,True,68,6,7,55,341904->342719->342710->342156->342157->342711->342712->342714->342713->342076->341620->341621->342834->343100->342865->340641->340704->341588->341785->342116->341788->341787->563170->341731->341603->341729->341598->343105->341906->341605->341595->343103->341778->341593->344353->342694->563168->341608->341553->341563->341552->342644->342148->342645->341559->341985->341569->341738->563185->341560->342648->342147->341996->341571->340229->562951->338222->338726->338837->339122->646056->338604->338223->338603->339126->338348->338347->338706->338354
shortest_dijkstra,t3_sinsa_daechi,long,off_peak,7.0,5,1014.4568,729.1402,285.3166,862.3581,758.3819,5965.7,11,True,68,6,7,55,341904->342719->342710->342156->342157->342711->342712->342714->342713->342076->341620->341621->342834->343100->342865->340641->340704->341588->341785->342116->341788->341787->563170->341731->341603->341729->341598->343105->341906->341605->341595->343103->341778->341593->344353->342694->563168->341608->341553->341563->341552->342644->342148->342645->341559->341985->341569->341738->563185->341560->342648->342147->341996->341571->340229->562951->338222->338726->338837->339122->646056->338604->338223->338603->339126->338348->338347->338706->338354
shortest_dijkstra,t3_sinsa_daechi,long,off_peak,7.0,6,963.7357,686.1234,277.6123,837.4182,737.9036,5965.7,11,True,68,6,7,55,341904->342719->342710->342156->342157->342711->342712->342714->342713->342076->341620->341621->342834->343100->342865->340641->340704->341588->341785->342116->341788->341787->563170->341731->341603->341729->341598->343105->341906->341605->341595->343103->341778->341593->344353->342694->563168->341608->341553->341563->341552->342644->342148->342645->341559->341985->341569->341738->563185->341560->342648->342147->341996->341571->340229->562951->338222->338726->338837->339122->646056->338604->338223->338603->339126->338348->338347->338706->338354
shortest_dijkstra,t3_sinsa_daechi,long,off_peak,7.0,7,1004.4659,691.3298,313.1361,893.1884,832.327,5965.7,12,True,68,6,7,55,341904->342719->342710->342156->342157->342711->342712->342714->342713->342076->341620->341621->342834->343100->342865->340641->340704->341588->341785->342116->341788->341787->563170->341731->341603->341729->341598->343105->341906->341605->341595->343103->341778->341593->344353->342694->563168->341608->341553->341563->341552->342644->342148->342645->341559->341985->341569->341738->563185->341560->342648->342147->341996->341571->340229->562951->338222->338726->338837->339122->646056->338604->338223->338603->339126->338348->338347->338706->338354
shortest_dijkstra,t3_sinsa_daechi,long,off_peak,7.0,8,1014.1353,714.5112,299.6241,913.3961,796.4118,5965.7,12,True,68,6,7,55,341904->342719->342710->342156->342157->342711->342712->342714->342713->342076->341620->341621->342834->343100->342865->340641->340704->341588->341785->342116->341788->341787->563170->341731->341603->341729->341598->343105->341906->341605->341595->343103->341778->341593->344353->342694->563168->341608->341553->341563->341552->342644->342148->342645->341559->341985->341569->341738->563185->341560->342648->342147->341996->341571->340229->562951->338222->338726->338837->339122->646056->338604->338223->338603->339126->338348->338347->338706->338354
shortest_dijkstra,t3_sinsa_daechi,long,off_peak,7.0,9,952.6662,714.5572,238.1089,956.2639,632.9021,5965.7,11,True,68,6,7,55,341904->342719->342710->342156->342157->342711->342712->342714->342713->342076->341620->341621->342834->343100->342865->340641->340704->341588->341785->342116->341788->341787->563170->341731->341603->341729->341598->343105->341906->341605->341595->343103->341778->341593->344353->342694->563168->341608->341553->341563->341552->342644->342148->342645->341559->341985->341569->341738->563185->341560->342648->342147->341996->341571->340229->562951->338222->338726->338837->339122->646056->338604->338223->338603->339126->338348->338347->338706->338354
shortest_dijkstra,t3_sinsa_daechi,long,off_peak,7.0,10,969.9762,701.936,268.0402,912.6253,712.4606,5965.7,11,True,68,6,7,55,341904->342719->342710->342156->342157->342711->342712->342714->342713->342076->341620->341621->342834->343100->342865->340641->340704->341588->341785->342116->341788->341787->563170->341731->341603->341729->341598->343105->341906->341605->341595->343103->341778->341593->344353->342694->563168->341608->341553->341563->341552->342644->342148->342645->341559->341985->341569->341738->563185->341560->342648->342147->341996->341571->340229->562951->338222->338726->338837->339122->646056->338604->338223->338603->339126->338348->338347->338706->338354
shortest_dijkstra,t3_sinsa_daechi,long,off_peak,7.0,11,991.5236,717.5663,273.9572,855.007,728.1883,5965.7,11,True,68,6,7,55,341904->342719->342710->342156->342157->342711->342712->342714->342713->342076->341620->341621->342834->343100->342865->340641->340704->341588->341785->342116->341788->341787->563170->341731->341603->341729->341598->343105->341906->341605->341595->343103->341778->341593->344353->342694->563168->341608->341553->341563->341552->342644->342148->342645->341559->341985->341569->341738->563185->341560->342648->342147->341996->341571->340229->562951->338222->338726->338837->339122->646056->338604->338223->338603->339126->338348->338347->338706->338354
shortest_dijkstra,t3_sinsa_daechi,long,off_peak,7.0,12,949.8363,670.1678,279.6685,834.1494,743.369,5965.7,11,True,68,6,7,55,341904->342719->342710->342156->342157->342711->342712->342714->342713->342076->341620->341621->342834->343100->342865->340641->340704->341588->341785->342116->341788->341787->563170->341731->341603->341729->341598->343105->341906->341605->341595->343103->341778->341593->344353->342694->563168->341608->341553->341563->341552->342644->342148->342645->341559->341985->341569->341738->563185->341560->342648->342147->341996->341571->340229->562951->338222->338726->338837->339122->646056->338604->338223->338603->339126->338348->338347->338706->338354
shortest_dijkstra,t3_sinsa_daechi,long,off_peak,7.0,13,942.1956,677.7312,264.4645,868.9261,702.9561,5965.7,11,True,68,6,7,55,341904->342719->342710->342156->342157->342711->342712->342714->342713->342076->341620->341621->342834->343100->342865->340641->340704->341588->341785->342116->341788->341787->563170->341731->341603->341729->341598->343105->341906->341605->341595->343103->341778->341593->344353->342694->563168->341608->341553->341563->341552->342644->342148->342645->341559->341985->341569->341738->563185->341560->342648->342147->341996->341571->340229->562951->338222->338726->338837->339122->646056->338604->338223->338603->339126->338348->338347->338706->338354
shortest_dijkstra,t3_sinsa_daechi,long,off_peak,7.0,14,963.0608,692.4854,270.5754,900.0497,719.1993,5965.7,11,True,68,6,7,55,341904->342719->342710->342156->342157->342711->342712->342714->342713->342076->341620->341621->342834->343100->342865->340641->340704->341588->341785->342116->341788->341787->563170->341731->341603->341729->341598->343105->341906->341605->341595->343103->341778->341593->344353->342694->563168->341608->341553->341563->341552->342644->342148->342645->341559->341985->341569->341738->563185->341560->342648->342147->341996->341571->340229->562951->338222->338726->338837->339122->646056->338604->338223->338603->339126->338348->338347->338706->338354
shortest_dijkstra,t3_sinsa_daechi,long,off_peak,7.0,15,977.2018,697.6178,279.5841,883.7015,743.1446,5965.7,11,True,68,6,7,55,341904->342719->342710->342156->342157->342711->342712->342714->342713->342076->341620->341621->342834->343100->342865->340641->340704->341588->341785->342116->341788->341787->563170->341731->341603->341729->341598->343105->341906->341605->341595->343103->341778->341593->344353->342694->563168->341608->341553->341563->341552->342644->342148->342645->341559->341985->341569->341738->563185->341560->342648->342147->341996->341571->340229->562951->338222->338726->338837->339122->646056->338604->338223->338603->339126->338348->338347->338706->338354
shortest_dijkstra,t3_sinsa_daechi,long,off_peak,7.0,16,986.5012,716.2957,270.2055,902.446,718.2159,5965.7,11,True,68,6,7,55,341904->342719->342710->342156->342157->342711->342712->342714->342713->342076->341620->341621->342834->343100->342865->340641->340704->341588->341785->342116->341788->341787->563170->341731->341603->341729->341598->343105->341906->341605->341595->343103->341778->341593->344353->342694->563168->341608->341553->341563->341552->342644->342148->342645->341559->341985->341569->341738->563185->341560->342648->342147->341996->341571->340229->562951->338222->338726->338837->339122->646056->338604->338223->338603->339126->338348->338347->338706->338354
shortest_dijkstra,t3_sinsa_daechi,long,off_peak,7.0,17,1054.2465,745.6641,308.5824,903.0201,820.2232,5965.7,12,True,68,6,7,55,341904->342719->342710->342156->342157->342711->342712->342714->342713->342076->341620->341621->342834->343100->342865->340641->340704->341588->341785->342116->341788->341787->563170->341731->341603->341729->341598->343105->341906->341605->341595->343103->341778->341593->344353->342694->563168->341608->341553->341563->341552->342644->342148->342645->341559->341985->341569->341738->563185->341560->342648->342147->341996->341571->340229->562951->338222->338726->338837->339122->646056->338604->338223->338603->339126->338348->338347->338706->338354
shortest_dijkstra,t3_sinsa_daechi,long,off_peak,7.0,18,992.4931,698.5483,293.9448,829.2156,781.3159,5965.7,11,True,68,6,7,55,341904->342719->342710->342156->342157->342711->342712->342714->342713->342076->341620->341621->342834->343100->342865->340641->340704->341588->341785->342116->341788->341787->563170->341731->341603->341729->341598->343105->341906->341605->341595->343103->341778->341593->344353->342694->563168->341608->341553->341563->341552->342644->342148->342645->341559->341985->341569->341738->563185->341560->342648->342147->341996->341571->340229->562951->338222->338726->338837->339122->646056->338604->338223->338603->339126->338348->338347->338706->338354
shortest_dijkstra,t3_sinsa_daechi,long,off_peak,7.0,19,1010.4016,693.1665,317.2352,872.6846,843.2226,5965.7,12,True,68,6,7,55,341904->342719->342710->342156->342157->342711->342712->342714->342713->342076->341620->341621->342834->343100->342865->340641->340704->341588->341785->342116->341788->341787->563170->341731->341603->341729->341598->343105->341906->341605->341595->343103->341778->341593->344353->342694->563168->341608->341553->341563->341552->342644->342148->342645->341559->341985->341569->341738->563185->341560->342648->342147->341996->341571->340229->562951->338222->338726->338837->339122->646056->338604->338223->338603->339126->338348->338347->338706->338354
shortest_dijkstra,t3_sinsa_daechi,long,off_peak,7.0,20,910.2293,693.5894,216.6399,894.3328,575.8368,5965.7,10,True,68,6,7,55,341904->342719->342710->342156->342157->342711->342712->342714->342713->342076->341620->341621->342834->343100->342865->340641->340704->341588->341785->342116->341788->341787->563170->341731->341603->341729->341598->343105->341906->341605->341595->343103->341778->341593->344353->342694->563168->341608->341553->341563->341552->342644->342148->342645->341559->341985->341569->341738->563185->341560->342648->342147->341996->341571->340229->562951->338222->338726->338837->339122->646056->338604->338223->338603->339126->338348->338347->338706->338354
shortest_dijkstra,t3_sinsa_daechi,long,off_peak,7.0,21,974.1137,678.6429,295.4708,845.9348,785.3721,5965.7,11,True,68,6,7,55,341904->342719->342710->342156->342157->342711->342712->342714->342713->342076->341620->341621->342834->343100->342865->340641->340704->341588->341785->342116->341788->341787->563170->341731->341603->341729->341598->343105->341906->341605->341595->343103->341778->341593->344353->342694->563168->341608->341553->341563->341552->342644->342148->342645->341559->341985->341569->341738->563185->341560->342648->342147->341996->341571->340229->562951->338222->338726->338837->339122->646056->338604->338223->338603->339126->338348->338347->338706->338354
shortest_dijkstra,t3_sinsa_daechi,long,off_peak,7.0,22,1001.287,717.0713,284.2158,864.4809,755.4558,5965.7,11,True,68,6,7,55,341904->342719->342710->342156->342157->342711->342712->342714->342713->342076->341620->341621->342834->343100->342865->340641->340704->341588->341785->342116->341788->341787->563170->341731->341603->341729->341598->343105->341906->341605->341595->343103->341778->341593->344353->342694->563168->341608->341553->341563->341552->342644->342148->342645->341559->341985->341569->341738->563185->341560->342648->342147->341996->341571->340229->562951->338222->338726->338837->339122->646056->338604->338223->338603->339126->338348->338347->338706->338354
shortest_dijkstra,t3_sinsa_daechi,long,off_peak,7.0,23,995.8269,724.435,271.3919,856.7625,721.3694,5965.7,11,True,68,6,7,55,341904->342719->342710->342156->342157->342711->342712->342714->342713->342076->341620->341621->342834->343100->342865->340641->340704->341588->341785->342116->341788->341787->563170->341731->341603->341729->341598->343105->341906->341605->341595->343103->341778->341593->344353->342694->563168->341608->341553->341563->341552->342644->342148->342645->341559->341985->341569->341738->563185->341560->342648->342147->341996->341571->340229->562951->338222->338726->338837->339122->646056->338604->338223->338603->339126->338348->338347->338706->338354
shortest_dijkstra,t3_sinsa_daechi,long,off_peak,7.0,24,998.45,730.4075,268.0425,859.7725,712.4666,5965.7,11,True,68,6,7,55,341904->342719->342710->342156->342157->342711->342712->342714->342713->342076->341620->341621->342834->343100->342865->340641->340704->341588->341785->342116->341788->341787->563170->341731->341603->341729->341598->343105->341906->341605->341595->343103->341778->341593->344353->342694->563168->341608->341553->341563->341552->342644->342148->342645->341559->341985->341569->341738->563185->341560->342648->342147->341996->341571->340229->562951->338222->338726->338837->339122->646056->338604->338223->338603->339126->338348->338347->338706->338354
shortest_dijkstra,t3_sinsa_daechi,long,off_peak,7.0,25,1007.0084,684.0559,322.9525,865.8445,858.4195,5965.7,12,True,68,6,7,55,341904->342719->342710->342156->342157->342711->342712->342714->342713->342076->341620->341621->342834->343100->342865->340641->340704->341588->341785->342116->341788->341787->563170->341731->341603->341729->341598->343105->341906->341605->341595->343103->341778->341593->344353->342694->563168->341608->341553->341563->341552->342644->342148->342645->341559->341985->341569->341738->563185->341560->342648->342147->341996->341571->340229->562951->338222->338726->338837->339122->646056->338604->338223->338603->339126->338348->338347->338706->338354
shortest_dijkstra,t3_sinsa_daechi,long,off_peak,7.0,26,989.5791,709.5175,280.0617,865.0743,744.4141,5965.7,11,True,68,6,7,55,341904->342719->342710->342156->342157->342711->342712->342714->342713->342076->341620->341621->342834->343100->342865->340641->340704->341588->341785->342116->341788->341787->563170->341731->341603->341729->341598->343105->341906->341605->341595->343103->341778->341593->344353->342694->563168->341608->341553->341563->341552->342644->342148->342645->341559->341985->341569->341738->563185->341560->342648->342147->341996->341571->340229->562951->338222->338726->338837->339122->646056->338604->338223->338603->339126->338348->338347->338706->338354
shortest_dijkstra,t3_sinsa_daechi,long,off_peak,7.0,27,978.5951,699.4006,279.1945,895.3998,742.1091,5965.7,11,True,68,6,7,55,341904->342719->342710->342156->342157->342711->342712->342714->342713->342076->341620->341621->342834->343100->342865->340641->340704->341588->341785->342116->341788->341787->563170->341731->341603->341729->341598->343105->341906->341605->341595->343103->341778->341593->344353->342694->563168->341608->341553->341563->341552->342644->342148->342645->341559->341985->341569->341738->563185->341560->342648->342147->341996->341571->340229->562951->338222->338726->338837->339122->646056->338604->338223->338603->339126->338348->338347->338706->338354
shortest_dijkstra,t3_sinsa_daechi,long,off_peak,7.0,28,969.2546,692.3344,276.9202,895.1513,736.064,5965.7,11,True,68,6,7,55,341904->342719->342710->342156->342157->342711->342712->342714->342713->342076->341620->341621->342834->343100->342865->340641->340704->341588->341785->342116->341788->341787->563170->341731->341603->341729->341598->343105->341906->341605->341595->343103->341778->341593->344353->342694->563168->341608->341553->341563->341552->342644->342148->342645->341559->341985->341569->341738->563185->341560->342648->342147->341996->341571->340229->562951->338222->338726->338837->339122->646056->338604->338223->338603->339126->338348->338347->338706->338354
shortest_dijkstra,t3_sinsa_daechi,long,off_peak,7.0,29,960.7674,701.769,258.9984,926.434,688.4272,5965.7,10,True,68,6,7,55,341904->342719->342710->342156->342157->342711->342712->342714->342713->342076->341620->341621->342834->343100->342865->340641->340704->341588->341785->342116->341788->341787->563170->341731->341603->341729->341598->343105->341906->341605->341595->343103->341778->341593->344353->342694->563168->341608->341553->341563->341552->342644->342148->342645->341559->341985->341569->341738->563185->341560->342648->342147->341996->341571->340229->562951->338222->338726->338837->339122->646056->338604->338223->338603->339126->338348->338347->338706->338354
shortest_dijkstra,t3_sinsa_daechi,long,off_peak,7.0,30,1040.5713,721.399,319.1723,871.2211,848.3716,5965.7,12,True,68,6,7,55,341904->342719->342710->342156->342157->342711->342712->342714->342713->342076->341620->341621->342834->343100->342865->340641->340704->341588->341785->342116->341788->341787->563170->341731->341603->341729->341598->343105->341906->341605->341595->343103->341778->341593->344353->342694->563168->341608->341553->341563->341552->342644->342148->342645->341559->341985->341569->341738->563185->341560->342648->342147->341996->341571->340229->562951->338222->338726->338837->339122->646056->338604->338223->338603->339126->338348->338347->338706->338354
shortest_dijkstra,t3_sinsa_daechi,long,peak,8.0,1,1013.9296,716.3419,297.5877,1002.5265,790.9988,5965.7,11,True,68,6,7,55,341904->342719->342710->342156->342157->342711->342712->342714->342713->342076->341620->341621->342834->343100->342865->340641->340704->341588->341785->342116->341788->341787->563170->341731->341603->341729->341598->343105->341906->341605->341595->343103->341778->341593->344353->342694->563168->341608->341553->341563->341552->342644->342148->342645->341559->341985->341569->341738->563185->341560->342648->342147->341996->341571->340229->562951->338222->338726->338837->339122->646056->338604->338223->338603->339126->338348->338347->338706->338354
shortest_dijkstra,t3_sinsa_daechi,long,peak,8.0,2,904.2205,690.5514,213.6691,966.233,567.9403,5965.7,9,True,68,6,7,55,341904->342719->342710->342156->342157->342711->342712->342714->342713->342076->341620->341621->342834->343100->342865->340641->340704->341588->341785->342116->341788->341787->563170->341731->341603->341729->341598->343105->341906->341605->341595->343103->341778->341593->344353->342694->563168->341608->341553->341563->341552->342644->342148->342645->341559->341985->341569->341738->563185->341560->342648->342147->341996->341571->340229->562951->338222->338726->338837->339122->646056->338604->338223->338603->339126->338348->338347->338706->338354
shortest_dijkstra,t3_sinsa_daechi,long,peak,8.0,3,967.3623,700.4229,266.9394,941.9545,709.5346,5965.7,10,True,68,6,7,55,341904->342719->342710->342156->342157->342711->342712->342714->342713->342076->341620->341621->342834->343100->342865->340641->340704->341588->341785->342116->341788->341787->563170->341731->341603->341729->341598->343105->341906->341605->341595->343103->341778->341593->344353->342694->563168->341608->341553->341563->341552->342644->342148->342645->341559->341985->341569->341738->563185->341560->342648->342147->341996->341571->340229->562951->338222->338726->338837->339122->646056->338604->338223->338603->339126->338348->338347->338706->338354
shortest_dijkstra,t3_sinsa_daechi,long,peak,8.0,4,1028.4387,734.9282,293.5106,1013.2069,780.1617,5965.7,11,True,68,6,7,55,341904->342719->342710->342156->342157->342711->342712->342714->342713->342076->341620->341621->342834->343100->342865->340641->340704->341588->341785->342116->341788->341787->563170->341731->341603->341729->341598->343105->341906->341605->341595->343103->341778->341593->344353->342694->563168->341608->341553->341563->341552->342644->342148->342645->341559->341985->341569->341738->563185->341560->342648->342147->341996->341571->340229->562951->338222->338726->338837->339122->646056->338604->338223->338603->339126->338348->338347->338706->338354
shortest_dijkstra,t3_sinsa_daechi,long,peak,8.0,5,1002.3016,712.5724,289.7292,1030.2759,770.1106,5965.7,11,True,68,6,7,55,341904->342719->342710->342156->342157->342711->342712->342714->342713->342076->341620->341621->342834->343100->342865->340641->340704->341588->341785->342116->341788->341787->563170->341731->341603->341729->341598->343105->341906->341605->341595->343103->341778->341593->344353->342694->563168->341608->341553->341563->341552->342644->342148->342645->341559->341985->341569->341738->563185->341560->342648->342147->341996->341571->340229->562951->338222->338726->338837->339122->646056->338604->338223->338603->339126->338348->338347->338706->338354
shortest_dijkstra,t3_sinsa_daechi,long,peak,8.0,6,1044.4681,715.6751,328.7929,931.6292,873.9435,5965.7,11,True,68,6,7,55,341904->342719->342710->342156->342157->342711->342712->342714->342713->342076->341620->341621->342834->343100->342865->340641->340704->341588->341785->342116->341788->341787->563170->341731->341603->341729->341598->343105->341906->341605->341595->343103->341778->341593->344353->342694->563168->341608->341553->341563->341552->342644->342148->342645->341559->341985->341569->341738->563185->341560->342648->342147->341996->341571->340229->562951->338222->338726->338837->339122->646056->338604->338223->338603->339126->338348->338347->338706->338354
shortest_dijkstra,t3_sinsa_daechi,long,peak,8.0,7,1008.9624,715.6765,293.2859,1015.2746,779.5646,5965.7,11,True,68,6,7,55,341904->342719->342710->342156->342157->342711->342712->342714->342713->342076->341620->341621->342834->343100->342865->340641->340704->341588->341785->342116->341788->341787->563170->341731->341603->341729->341598->343105->341906->341605->341595->343103->341778->341593->344353->342694->563168->341608->341553->341563->341552->342644->342148->342645->341559->341985->341569->341738->563185->341560->342648->342147->341996->341571->340229->562951->338222->338726->338837->339122->646056->338604->338223->338603->339126->338348->338347->338706->338354
shortest_dijkstra,t3_sinsa_daechi,long,peak,8.0,8,918.8245,713.5065,205.318,984.2947,545.7428,5965.7,9,True,68,6,7,55,341904->342719->342710->342156->342157->342711->342712->342714->342713->342076->341620->341621->342834->343100->342865->340641->340704->341588->341785->342116->341788->341787->563170->341731->341603->341729->341598->343105->341906->341605->341595->343103->341778->341593->344353->342694->563168->341608->341553->341563->341552->342644->342148->342645->341559->341985->341569->341738->563185->341560->342648->342147->341996->341571->340229->562951->338222->338726->338837->339122->646056->338604->338223->338603->339126->338348->338347->338706->338354
shortest_dijkstra,t3_sinsa_daechi,long,peak,8.0,9,1032.289,731.7397,300.5494,1012.1732,798.8712,5965.7,11,True,68,6,7,55,341904->342719->342710->342156->342157->342711->342712->342714->342713->342076->341620->341621->342834->343100->342865->340641->340704->341588->341785->342116->341788->341787->563170->341731->341603->341729->341598->343105->341906->341605->341595->343103->341778->341593->344353->342694->563168->341608->341553->341563->341552->342644->342148->342645->341559->341985->341569->341738->563185->341560->342648->342147->341996->341571->340229->562951->338222->338726->338837->339122->646056->338604->338223->338603->339126->338348->338347->338706->338354
shortest_dijkstra,t3_sinsa_daechi,long,peak,8.0,10,910.318,707.2016,203.1164,999.3394,539.8908,5965.7,9,True,68,6,7,55,341904->342719->342710->342156->342157->342711->342712->342714->342713->342076->341620->341621->342834->343100->342865->340641->340704->341588->341785->342116->341788->341787->563170->341731->341603->341729->341598->343105->341906->341605->341595->343103->341778->341593->344353->342694->563168->341608->341553->341563->341552->342644->342148->342645->341559->341985->341569->341738->563185->341560->342648->342147->341996->341571->340229->562951->338222->338726->338837->339122->646056->338604->338223->338603->339126->338348->338347->338706->338354
shortest_dijkstra,t3_sinsa_daechi,long,peak,8.0,11,1029.5608,734.6378,294.923,1004.8609,783.916,5965.7,11,True,68,6,7,55,341904->342719->342710->342156->342157->342711->342712->342714->342713->342076->341620->341621->342834->343100->342865->340641->340704->341588->341785->342116->341788->341787->563170->341731->341603->341729->341598->343105->341906->341605->341595->343103->341778->341593->344353->342694->563168->341608->341553->341563->341552->342644->342148->342645->341559->341985->341569->341738->563185->341560->342648->342147->341996->341571->340229->562951->338222->338726->338837->339122->646056->338604->338223->338603->339126->338348->338347->338706->338354
shortest_dijkstra,t3_sinsa_daechi,long,peak,8.0,12,1003.6026,713.5358,290.0668,1026.4316,771.0081,5965.7,11,True,68,6,7,55,341904->342719->342710->342156->342157->342711->342712->342714->342713->342076->341620->341621->342834->343100->342865->340641->340704->341588->341785->342116->341788->341787->563170->341731->341603->341729->341598->343105->341906->341605->341595->343103->341778->341593->344353->342694->563168->341608->341553->341563->341552->342644->342148->342645->341559->341985->341569->341738->563185->341560->342648->342147->341996->341571->340229->562951->338222->338726->338837->339122->646056->338604->338223->338603->339126->338348->338347->338706->338354
shortest_dijkstra,t3_sinsa_daechi,long,peak,8.0,13,1017.5407,717.9547,299.5861,991.421,796.3106,5965.7,11,True,68,6,7,55,341904->342719->342710->342156->342157->342711->342712->342714->342713->342076->341620->341621->342834->343100->342865->340641->340704->341588->341785->342116->341788->341787->563170->341731->341603->341729->341598->343105->341906->341605->341595->343103->341778->341593->344353->342694->563168->341608->341553->341563->341552->342644->342148->342645->341559->341985->341569->341738->563185->341560->342648->342147->341996->341571->340229->562951->338222->338726->338837->339122->646056->338604->338223->338603->339126->338348->338347->338706->338354
shortest_dijkstra,t3_sinsa_daechi,long,peak,8.0,14,1017.8673,749.4032,268.4641,1081.205,713.5873,5965.7,11,True,68,6,7,55,341904->342719->342710->342156->342157->342711->342712->342714->342713->342076->341620->341621->342834->343100->342865->340641->340704->341588->341785->342116->341788->341787->563170->341731->341603->341729->341598->343105->341906->341605->341595->343103->341778->341593->344353->342694->563168->341608->341553->341563->341552->342644->342148->342645->341559->341985->341569->341738->563185->341560->342648->342147->341996->341571->340229->562951->338222->338726->338837->339122->646056->338604->338223->338603->339126->338348->338347->338706->338354
shortest_dijkstra,t3_sinsa_daechi,long,peak,8.0,15,1028.3116,727.9483,300.3633,1010.1789,798.3766,5965.7,11,True,68,6,7,55,341904->342719->342710->342156->342157->342711->342712->342714->342713->342076->341620->341621->342834->343100->342865->340641->340704->341588->341785->342116->341788->341787->563170->341731->341603->341729->341598->343105->341906->341605->341595->343103->341778->341593->344353->342694->563168->341608->341553->341563->341552->342644->342148->342645->341559->341985->341569->341738->563185->341560->342648->342147->341996->341571->340229->562951->338222->338726->338837->339122->646056->338604->338223->338603->339126->338348->338347->338706->338354
shortest_dijkstra,t3_sinsa_daechi,long,peak,8.0,16,1006.2457,695.0828,311.1629,955.6912,827.0822,5965.7,11,True,68,6,7,55,341904->342719->342710->342156->342157->342711->342712->342714->342713->342076->341620->341621->342834->343100->342865->340641->340704->341588->341785->342116->341788->341787->563170->341731->341603->341729->341598->343105->341906->341605->341595->343103->341778->341593->344353->342694->563168->341608->341553->341563->341552->342644->342148->342645->341559->341985->341569->341738->563185->341560->342648->342147->341996->341571->340229->562951->338222->338726->338837->339122->646056->338604->338223->338603->339126->338348->338347->338706->338354
shortest_dijkstra,t3_sinsa_daechi,long,peak,8.0,17,917.7701,702.2539,215.5161,948.852,572.8497,5965.7,9,True,68,6,7,55,341904->342719->342710->342156->342157->342711->342712->342714->342713->342076->341620->341621->342834->343100->342865->340641->340704->341588->341785->342116->341788->341787->563170->341731->341603->341729->341598->343105->341906->341605->341595->343103->341778->341593->344353->342694->563168->341608->341553->341563->341552->342644->342148->342645->341559->341985->341569->341738->563185->341560->342648->342147->341996->341571->340229->562951->338222->338726->338837->339122->646056->338604->338223->338603->339126->338348->338347->338706->338354
shortest_dijkstra,t3_sinsa_daechi,long,peak,8.0,18,1026.5839,725.8885,300.6954,992.6638,799.2593,5965.7,11,True,68,6,7,55,341904->342719->342710->342156->342157->342711->342712->342714->342713->342076->341620->341621->342834->343100->342865->340641->340704->341588->341785->342116->341788->341787->563170->341731->341603->341729->341598->343105->341906->341605->341595->343103->341778->341593->344353->342694->563168->341608->341553->341563->341552->342644->342148->342645->341559->341985->341569->341738->563185->341560->342648->342147->341996->341571->340229->562951->338222->338726->338837->339122->646056->338604->338223->338603->339126->338348->338347->338706->338354
shortest_dijkstra,t3_sinsa_daechi,long,peak,8.0,19,1027.0047,710.4446,316.5601,951.8661,841.4281,5965.7,11,True,68,6,7,55,341904->342719->342710->342156->342157->342711->342712->342714->342713->342076->341620->341621->342834->343100->342865->340641->340704->341588->341785->342116->341788->341787->563170->341731->341603->341729->341598->343105->341906->341605->341595->343103->341778->341593->344353->342694->563168->341608->341553->341563->341552->342644->342148->342645->341559->341985->341569->341738->563185->341560->342648->342147->341996->341571->340229->562951->338222->338726->338837->339122->646056->338604->338223->338603->339126->338348->338347->338706->338354
shortest_dijkstra,t3_sinsa_daechi,long,peak,8.0,20,1017.9488,753.7211,264.2278,1096.7304,702.327,5965.7,11,True,68,6,7,55,341904->342719->342710->342156->342157->342711->342712->342714->342713->342076->341620->341621->342834->343100->342865->340641->340704->341588->341785->342116->341788->341787->563170->341731->341603->341729->341598->343105->341906->341605->341595->343103->341778->341593->344353->342694->563168->341608->341553->341563->341552->342644->342148->342645->341559->341985->341569->341738->563185->341560->342648->342147->341996->341571->340229->562951->338222->338726->338837->339122->646056->338604->338223->338603->339126->338348->338347->338706->338354
shortest_dijkstra,t3_sinsa_daechi,long,peak,8.0,21,937.4153,711.6826,225.7327,947.1107,600.0056,5965.7,9,True,68,6,7,55,341904->342719->342710->342156->342157->342711->342712->342714->342713->342076->341620->341621->342834->343100->342865->340641->340704->341588->341785->342116->341788->341787->563170->341731->341603->341729->341598->343105->341906->341605->341595->343103->341778->341593->344353->342694->563168->341608->341553->341563->341552->342644->342148->342645->341559->341985->341569->341738->563185->341560->342648->342147->341996->341571->340229->562951->338222->338726->338837->339122->646056->338604->338223->338603->339126->338348->338347->338706->338354
shortest_dijkstra,t3_sinsa_daechi,long,peak,8.0,22,1078.4029,761.5214,316.8815,1098.6994,842.2824,5965.7,12,True,68,6,7,55,341904->342719->342710->342156->342157->342711->342712->342714->342713->342076->341620->341621->342834->343100->342865->340641->340704->341588->341785->342116->341788->341787->563170->341731->341603->341729->341598->343105->341906->341605->341595->343103->341778->341593->344353->342694->563168->341608->341553->341563->341552->342644->342148->342645->341559->341985->341569->341738->563185->341560->342648->342147->341996->341571->340229->562951->338222->338726->338837->339122->646056->338604->338223->338603->339126->338348->338347->338706->338354
shortest_dijkstra,t3_sinsa_daechi,long,peak,8.0,23,1069.0011,722.4539,346.5472,1011.2975,921.1351,5965.7,13,True,68,6,7,55,341904->342719->342710->342156->342157->342711->342712->342714->342713->342076->341620->341621->342834->343100->342865->340641->340704->341588->341785->342116->341788->341787->563170->341731->341603->341729->341598->343105->341906->341605->341595->343103->341778->341593->344353->342694->563168->341608->341553->341563->341552->342644->342148->342645->341559->341985->341569->341738->563185->341560->342648->342147->341996->341571->340229->562951->338222->338726->338837->339122->646056->338604->338223->338603->339126->338348->338347->338706->338354
shortest_dijkstra,t3_sinsa_daechi,long,peak,8.0,24,932.0591,718.9872,213.0719,966.0296,566.353,5965.7,9,True,68,6,7,55,341904->342719->342710->342156->342157->342711->342712->342714->342713->342076->341620->341621->342834->343100->342865->340641->340704->341588->341785->342116->341788->341787->563170->341731->341603->341729->341598->343105->341906->341605->341595->343103->341778->341593->344353->342694->563168->341608->341553->341563->341552->342644->342148->342645->341559->341985->341569->341738->563185->341560->342648->342147->341996->341571->340229->562951->338222->338726->338837->339122->646056->338604->338223->338603->339126->338348->338347->338706->338354
shortest_dijkstra,t3_sinsa_daechi,long,peak,8.0,25,1019.4316,711.6743,307.7573,970.3662,818.0301,5965.7,11,True,68,6,7,55,341904->342719->342710->342156->342157->342711->342712->342714->342713->342076->341620->341621->342834->343100->342865->340641->340704->341588->341785->342116->341788->341787->563170->341731->341603->341729->341598->343105->341906->341605->341595->343103->341778->341593->344353->342694->563168->341608->341553->341563->341552->342644->342148->342645->341559->341985->341569->341738->563185->341560->342648->342147->341996->341571->340229->562951->338222->338726->338837->339122->646056->338604->338223->338603->339126->338348->338347->338706->338354
shortest_dijkstra,t3_sinsa_daechi,long,peak,8.0,26,1032.066,745.016,287.05,1045.1849,762.9893,5965.7,11,True,68,6,7,55,341904->342719->342710->342156->342157->342711->342712->342714->342713->342076->341620->341621->342834->343100->342865->340641->340704->341588->341785->342116->341788->341787->563170->341731->341603->341729->341598->343105->341906->341605->341595->343103->341778->341593->344353->342694->563168->341608->341553->341563->341552->342644->342148->342645->341559->341985->341569->341738->563185->341560->342648->342147->341996->341571->340229->562951->338222->338726->338837->339122->646056->338604->338223->338603->339126->338348->338347->338706->338354
shortest_dijkstra,t3_sinsa_daechi,long,peak,8.0,27,1026.6395,727.1294,299.5101,995.1379,796.1088,5965.7,11,True,68,6,7,55,341904->342719->342710->342156->342157->342711->342712->342714->342713->342076->341620->341621->342834->343100->342865->340641->340704->341588->341785->342116->341788->341787->563170->341731->341603->341729->341598->343105->341906->341605->341595->343103->341778->341593->344353->342694->563168->341608->341553->341563->341552->342644->342148->342645->341559->341985->341569->341738->563185->341560->342648->342147->341996->341571->340229->562951->338222->338726->338837->339122->646056->338604->338223->338603->339126->338348->338347->338706->338354
shortest_dijkstra,t3_sinsa_daechi,long,peak,8.0,28,909.5474,696.5316,213.0158,961.717,566.2038,5965.7,9,True,68,6,7,55,341904->342719->342710->342156->342157->342711->342712->342714->342713->342076->341620->341621->342834->343100->342865->340641->340704->341588->341785->342116->341788->341787->563170->341731->341603->341729->341598->343105->341906->341605->341595->343103->341778->341593->344353->342694->563168->341608->341553->341563->341552->342644->342148->342645->341559->341985->341569->341738->563185->341560->342648->342147->341996->341571->340229->562951->338222->338726->338837->339122->646056->338604->338223->338603->339126->338348->338347->338706->338354
shortest_dijkstra,t3_sinsa_daechi,long,peak,8.0,29,1018.6256,758.1396,260.486,1097.4596,692.3813,5965.7,10,True,68,6,7,55,341904->342719->342710->342156->342157->342711->342712->342714->342713->342076->341620->341621->342834->343100->342865->340641->340704->341588->341785->342116->341788->341787->563170->341731->341603->341729->341598->343105->341906->341605->341595->343103->341778->341593->344353->342694->563168->341608->341553->341563->341552->342644->342148->342645->341559->341985->341569->341738->563185->341560->342648->342147->341996->341571->340229->562951->338222->338726->338837->339122->646056->338604->338223->338603->339126->338348->338347->338706->338354
shortest_dijkstra,t3_sinsa_daechi,long,peak,8.0,30,915.3617,694.1651,221.1965,945.0833,587.9484,5965.7,9,True,68,6,7,55,341904->342719->342710->342156->342157->342711->342712->342714->342713->342076->341620->341621->342834->343100->342865->340641->340704->341588->341785->342116->341788->341787->563170->341731->341603->341729->341598->343105->341906->341605->341595->343103->341778->341593->344353->342694->563168->341608->341553->341563->341552->342644->342148->342645->341559->341985->341569->341738->563185->341560->342648->342147->341996->341571->340229->562951->338222->338726->338837->339122->646056->338604->338223->338603->339126->338348->338347->338706->338354
static_fuel_dijkstra,t1_seonjeongneung_daechi,long,off_peak,7.0,1,340.6262,322.1392,18.487,435.3473,49.1392,3061.9,2,True,25,3,3,19,341608->341553->341563->341561->341562->341564->342645->341559->342115->563067->342636->338199->338198->338222->338726->338837->339122->646056->338604->338223->338603->339126->338348->338347->338706->338354
static_fuel_dijkstra,t1_seonjeongneung_daechi,long,off_peak,7.0,2,382.9736,332.2157,50.7579,449.2446,134.9163,3061.9,3,True,25,3,3,19,341608->341553->341563->341561->341562->341564->342645->341559->342115->563067->342636->338199->338198->338222->338726->338837->339122->646056->338604->338223->338603->339126->338348->338347->338706->338354
static_fuel_dijkstra,t1_seonjeongneung_daechi,long,off_peak,7.0,3,341.6766,322.6094,19.0672,417.6395,50.6814,3061.9,2,True,25,3,3,19,341608->341553->341563->341561->341562->341564->342645->341559->342115->563067->342636->338199->338198->338222->338726->338837->339122->646056->338604->338223->338603->339126->338348->338347->338706->338354
static_fuel_dijkstra,t1_seonjeongneung_daechi,long,off_peak,7.0,4,388.552,329.8818,58.6702,468.135,155.9475,3061.9,3,True,25,3,3,19,341608->341553->341563->341561->341562->341564->342645->341559->342115->563067->342636->338199->338198->338222->338726->338837->339122->646056->338604->338223->338603->339126->338348->338347->338706->338354
static_fuel_dijkstra,t1_seonjeongneung_daechi,long,off_peak,7.0,5,343.1886,319.8008,23.3879,409.3802,62.1658,3061.9,2,True,25,3,3,19,341608->341553->341563->341561->341562->341564->342645->341559->342115->563067->342636->338199->338198->338222->338726->338837->339122->646056->338604->338223->338603->339126->338348->338347->338706->338354
static_fuel_dijkstra,t1_seonjeongneung_daechi,long,off_peak,7.0,6,439.0766,344.1693,94.9073,479.3358,252.2672,3057.8,4,True,24,3,3,18,341608->341553->341563->341561->341562->341564->342645->341559->342115->563067->342636->338199->338198->562865->339135->339122->646056->338604->338223->338603->339126->338348->338347->338706->338354
static_fuel_dijkstra,t1_seonjeongneung_daechi,long,off_peak,7.0,7,352.6723,335.0847,17.5877,434.633,46.7486,3099.9,2,True,22,3,3,16,341608->341553->341563->341561->341562->341564->342645->341559->342115->563067->342636->338199->338198->562865->339135->338197->338925->646201->339126->338348->338347->338706->338354
static_fuel_dijkstra,t1_seonjeongneung_daechi,long,off_peak,7.0,8,449.6002,342.4679,107.1323,459.1393,284.7616,3021.4,5,True,28,3,3,22,341608->341553->341563->341561->341562->341564->342645->341559->342115->563067->342648->342147->341996->341571->340229->562951->338222->338726->338837->339122->646056->338604->338223->338603->339126->338348->338347->338706->338354
static_fuel_dijkstra,t1_seonjeongneung_daechi,long,off_peak,7.0,9,361.1198,338.5131,22.6067,415.6327,60.0894,3021.4,2,True,28,3,3,22,341608->341553->341563->341561->341562->341564->342645->341559->342115->563067->342648->342147->341996->341571->340229->562951->338222->338726->338837->339122->646056->338604->338223->338603->339126->338348->338347->338706->338354
static_fuel_dijkstra,t1_seonjeongneung_daechi,long,off_peak,7.0,10,358.1463,334.2628,23.8835,407.9773,63.4832,3021.4,2,True,28,3,3,22,341608->341553->341563->341561->341562->341564->342645->341559->342115->563067->342648->342147->341996->341571->340229->562951->338222->338726->338837->339122->646056->338604->338223->338603->339126->338348->338347->338706->338354
static_fuel_dijkstra,t1_seonjeongneung_daechi,long,off_peak,7.0,11,398.9575,328.9109,70.0466,436.3983,186.1863,3061.9,3,True,25,3,3,19,341608->341553->341563->341561->341562->341564->342645->341559->342115->563067->342636->338199->338198->338222->338726->338837->339122->646056->338604->338223->338603->339126->338348->338347->338706->338354
static_fuel_dijkstra,t1_seonjeongneung_daechi,long,off_peak,7.0,12,404.992,334.0301,70.9619,433.4226,188.6193,3061.9,3,True,25,3,3,19,341608->341553->341563->341561->341562->341564->342645->341559->342115->563067->342636->338199->338198->338222->338726->338837->339122->646056->338604->338223->338603->339126->338348->338347->338706->338354
static_fuel_dijkstra,t1_seonjeongneung_daechi,long,off_peak,7.0,13,364.7642,343.083,21.6812,434.6929,57.6294,3189.7,3,True,27,4,3,20,341608->341553->341563->341561->341562->341564->342645->341559->342115->563067->342636->338199->338198->562865->339135->338197->338925->587845->646128->587905->339124->339125->338598->338208->338599->587846->338600->338354
static_fuel_dijkstra,t1_seonjeongneung_daechi,long,off_peak,7.0,14,352.0804,327.2706,24.8098,411.767,65.9453,3061.9,2,True,25,3,3,19,341608->341553->341563->341561->341562->341564->342645->341559->342115->563067->342636->338199->338198->338222->338726->338837->339122->646056->338604->338223->338603->339126->338348->338347->338706->338354
static_fuel_dijkstra,t1_seonjeongneung_daechi,long,off_peak,7.0,15,395.1521,350.5838,44.5683,505.4113,118.4641,2997.8,4,True,28,3,3,22,341608->341553->341563->341552->341562->341564->342645->341559->342115->563067->342648->342147->341996->341571->340229->562951->338222->338726->338837->339122->646056->338604->338223->338603->339126->338348->338347->338706->338354
static_fuel_dijkstra,t1_seonjeongneung_daechi,long,off_peak,7.0,16,355.2194,334.4104,20.809,402.6314,55.311,3021.4,2,True,28,3,3,22,341608->341553->341563->341561->341562->341564->342645->341559->342115->563067->342648->342147->341996->341571->340229->562951->338222->338726->338837->339122->646056->338604->338223->338603->339126->338348->338347->338706->338354
static_fuel_dijkstra,t1_seonjeongneung_daechi,long,off_peak,7.0,17,395.142,339.9027,55.2393,472.7465,146.8281,3061.9,3,True,25,3,3,19,341608->341553->341563->341561->341562->341564->342645->341559->342115->563067->342636->338199->338198->338222->338726->338837->339122->646056->338604->338223->338603->339126->338348->338347->338706->338354
static_fuel_dijkstra,t1_seonjeongneung_daechi,long,off_peak,7.0,18,393.5631,335.5287,58.0345,456.7885,154.2578,3061.9,3,True,25,3,3,19,341608->341553->341563->341561->341562->341564->342645->341559->342115->563067->342636->338199->338198->338222->338726->338837->339122->646056->338604->338223->338603->339126->338348->338347->338706->338354
static_fuel_dijkstra,t1_seonjeongneung_daechi,long,off_peak,7.0,19,389.9025,343.76,46.1425,501.8886,122.6485,3021.4,3,True,28,3,3,22,341608->341553->341563->341561->341562->341564->342645->341559->342115->563067->342648->342147->341996->341571->340229->562951->338222->338726->338837->339122->646056->338604->338223->338603->339126->338348->338347->338706->338354
static_fuel_dijkstra,t1_seonjeongneung_daechi,long,off_peak,7.0,20,357.7133,334.6483,23.065,409.0649,61.3077,3021.4,2,True,28,3,3,22,341608->341553->341563->341561->341562->341564->342645->341559->342115->563067->342648->342147->341996->341571->340229->562951->338222->338726->338837->339122->646056->338604->338223->338603->339126->338348->338347->338706->338354
static_fuel_dijkstra,t1_seonjeongneung_daechi,long,off_peak,7.0,21,414.3208,369.8332,44.4876,495.627,118.2496,3396.7,3,True,27,5,5,17,341608->341553->341563->341561->341562->341564->342645->341559->342115->563067->342648->342147->342636->338199->338198->338222->338726->338837->339122->646056->338604->338223->338603->339126->338348->338347->338706->338354
static_fuel_dijkstra,t1_seonjeongneung_daechi,long,off_peak,7.0,22,423.5567,322.9209,100.6358,462.6753,267.4936,3061.9,5,True,25,3,3,19,341608->341553->341563->341561->341562->341564->342645->341559->342115->563067->342636->338199->338198->338222->338726->338837->339122->646056->338604->338223->338603->339126->338348->338347->338706->338354
static_fuel_dijkstra,t1_seonjeongneung_daechi,long,off_peak,7.0,23,354.852,332.3559,22.496,419.249,59.7953,3021.4,2,True,28,3,3,22,341608->341553->341563->341561->341562->341564->342645->341559->342115->563067->342648->342147->341996->341571->340229->562951->338222->338726->338837->339122->646056->338604->338223->338603->339126->338348->338347->338706->338354
static_fuel_dijkstra,t1_seonjeongneung_daechi,long,off_peak,7.0,24,372.3953,358.4753,13.9201,485.9483,37.0,3189.7,1,True,27,4,3,20,341608->341553->341563->341561->341562->341564->342645->341559->342115->563067->342636->338199->338198->562865->339135->338197->338925->587845->646128->587905->339124->339125->338598->338208->338599->587846->338600->338354
static_fuel_dijkstra,t1_seonjeongneung_daechi,long,off_peak,7.0,25,352.9996,329.0168,23.9828,426.4412,63.7472,3061.9,3,True,25,3,3,19,341608->341553->341563->341561->341562->341564->342645->341559->342115->563067->342636->338199->338198->338222->338726->338837->339122->646056->338604->338223->338603->339126->338348->338347->338706->338354
static_fuel_dijkstra,t1_seonjeongneung_daechi,long,off_peak,7.0,26,394.4975,332.5395,61.958,452.6459,164.6866,3057.8,3,True,24,3,3,18,341608->341553->341563->341561->341562->341564->342645->341559->342115->563067->342636->338199->338198->562865->339135->339122->646056->338604->338223->338603->339126->338348->338347->338706->338354
static_fuel_dijkstra,t1_seonjeongneung_daechi,long,off_peak,7.0,27,408.2734,325.4864,82.7869,408.0867,220.0507,3021.4,4,True,28,3,3,22,341608->341553->341563->341561->341562->341564->342645->341559->342115->563067->342648->342147->341996->341571->340229->562951->338222->338726->338837->339122->646056->338604->338223->338603->339126->338348->338347->338706->338354
static_fuel_dijkstra,t1_seonjeongneung_daechi,long,off_peak,7.0,28,352.1304,338.2104,13.9201,442.1159,37.0,3061.9,1,True,25,3,3,19,341608->341553->341563->341561->341562->341564->342645->341559->342115->563067->342636->338199->338198->338222->338726->338837->339122->646056->338604->338223->338603->339126->338348->338347->338706->338354
static_fuel_dijkstra,t1_seonjeongneung_daechi,long,off_peak,7.0,29,352.5649,325.1943,27.3706,399.8595,72.7521,3099.9,2,True,22,3,3,16,341608->341553->341563->341561->341562->341564->342645->341559->342115->563067->342636->338199->338198->562865->339135->338197->338925->646201->339126->338348->338347->338706->338354
static_fuel_dijkstra,t1_seonjeongneung_daechi,long,off_peak,7.0,30,359.9847,344.2399,15.7447,435.9507,41.85,3061.9,2,True,25,3,3,19,341608->341553->341563->341561->341562->341564->342645->341559->342115->563067->342636->338199->338198->338222->338726->338837->339122->646056->338604->338223->338603->339126->338348->338347->338706->338354
static_fuel_dijkstra,t1_seonjeongneung_daechi,long,peak,8.0,1,401.9265,339.0929,62.8336,495.0256,167.014,3099.9,3,True,22,3,3,16,341608->341553->341563->341561->341562->341564->342645->341559->342115->563067->342636->338199->338198->562865->339135->338197->338925->646201->339126->338348->338347->338706->338354
static_fuel_dijkstra,t1_seonjeongneung_daechi,long,peak,8.0,2,410.9095,352.9076,58.0019,516.0759,154.1712,3099.9,3,True,22,3,3,16,341608->341553->341563->341561->341562->341564->342645->341559->342115->563067->342636->338199->338198->562865->339135->338197->338925->646201->339126->338348->338347->338706->338354
static_fuel_dijkstra,t1_seonjeongneung_daechi,long,peak,8.0,3,414.4634,356.4909,57.9725,514.0213,154.093,3099.9,3,True,22,3,3,16,341608->341553->341563->341561->341562->341564->342645->341559->342115->563067->342636->338199->338198->562865->339135->338197->338925->646201->339126->338348->338347->338706->338354
static_fuel_dijkstra,t1_seonjeongneung_daechi,long,peak,8.0,4,420.3897,348.7469,71.6428,511.0158,190.4292,3053.6,3,True,28,3,3,22,341608->341553->341563->341561->341562->341564->342645->341559->342115->563067->342636->342147->341996->341571->340229->562951->338222->338726->338837->339122->646056->338604->338223->338603->339126->338348->338347->338706->338354
static_fuel_dijkstra,t1_seonjeongneung_daechi,long,peak,8.0,5,404.3444,329.6507,74.6937,469.3791,198.5386,3099.9,4,True,22,3,3,16,341608->341553->341563->341561->341562->341564->342645->341559->342115->563067->342636->338199->338198->562865->339135->338197->338925->646201->339126->338348->338347->338706->338354
static_fuel_dijkstra,t1_seonjeongneung_daechi,long,peak,8.0,6,399.2297,330.281,68.9487,477.3858,183.2681,3099.9,4,True,22,3,3,16,341608->341553->341563->341561->341562->341564->342645->341559->342115->563067->342636->338199->338198->562865->339135->338197->338925->646201->339126->338348->338347->338706->338354
static_fuel_dijkstra,t1_seonjeongneung_daechi,long,peak,8.0,7,401.3023,325.7836,75.5187,468.3782,200.7315,3099.9,3,True,22,3,3,16,341608->341553->341563->341561->341562->341564->342645->341559->342115->563067->342636->338199->338198->562865->339135->338197->338925->646201->339126->338348->338347->338706->338354
static_fuel_dijkstra,t1_seonjeongneung_daechi,long,peak,8.0,8,410.2952,341.0165,69.2787,479.6533,184.1452,3099.9,4,True,22,3,3,16,341608->341553->341563->341561->341562->341564->342645->341559->342115->563067->342636->338199->338198->562865->339135->338197->338925->646201->339126->338348->338347->338706->338354
static_fuel_dijkstra,t1_seonjeongneung_daechi,long,peak,8.0,9,410.4192,349.3597,61.0595,510.5882,162.2985,3099.9,4,True,22,3,3,16,341608->341553->341563->341561->341562->341564->342645->341559->342115->563067->342636->338199->338198->562865->339135->338197->338925->646201->339126->338348->338347->338706->338354
static_fuel_dijkstra,t1_seonjeongneung_daechi,long,peak,8.0,10,403.4316,328.7546,74.677,471.3441,198.4943,3099.9,4,True,22,3,3,16,341608->341553->341563->341561->341562->341564->342645->341559->342115->563067->342636->338199->338198->562865->339135->338197->338925->646201->339126->338348->338347->338706->338354
static_fuel_dijkstra,t1_seonjeongneung_daechi,long,peak,8.0,11,353.8079,326.5736,27.2343,444.2054,72.3897,3021.4,2,True,28,3,3,22,341608->341553->341563->341561->341562->341564->342645->341559->342115->563067->342648->342147->341996->341571->340229->562951->338222->338726->338837->339122->646056->338604->338223->338603->339126->338348->338347->338706->338354
static_fuel_dijkstra,t1_seonjeongneung_daechi,long,peak,8.0,12,374.2405,346.5106,27.7299,474.1945,73.7071,3021.4,2,True,28,3,3,22,341608->341553->341563->341561->341562->341564->342645->341559->342115->563067->342648->342147->341996->341571->340229->562951->338222->338726->338837->339122->646056->338604->338223->338603->339126->338348->338347->338706->338354
static_fuel_dijkstra,t1_seonjeongneung_daechi,long,peak,8.0,13,400.3853,315.5245,84.8608,436.9238,225.563,3099.9,4,True,22,3,3,16,341608->341553->341563->341561->341562->341564->342645->341559->342115->563067->342636->338199->338198->562865->339135->338197->338925->646201->339126->338348->338347->338706->338354
static_fuel_dijkstra,t1_seonjeongneung_daechi,long,peak,8.0,14,405.7922,350.1382,55.654,510.2184,147.9304,3099.9,4,True,22,3,3,16,341608->341553->341563->341561->341562->341564->342645->341559->342115->563067->342636->338199->338198->562865->339135->338197->338925->646201->339126->338348->338347->338706->338354
static_fuel_dijkstra,t1_seonjeongneung_daechi,long,peak,8.0,15,357.4011,343.6164,13.7848,501.0683,36.6404,3021.4,2,True,28,3,3,22,341608->341553->341563->341561->341562->341564->342645->341559->342115->563067->342648->342147->341996->341571->340229->562951->338222->338726->338837->339122->646056->338604->338223->338603->339126->338348->338347->338706->338354
static_fuel_dijkstra,t1_seonjeongneung_daechi,long,peak,8.0,16,413.8594,336.2474,77.612,471.3109,206.2956,3099.9,4,True,22,3,3,16,341608->341553->341563->341561->341562->341564->342645->341559->342115->563067->342636->338199->338198->562865->339135->338197->338925->646201->339126->338348->338347->338706->338354
static_fuel_dijkstra,t1_seonjeongneung_daechi,long,peak,8.0,17,410.8409,335.2331,75.6078,478.5591,200.9683,3099.9,4,True,22,3,3,16,341608->341553->341563->341561->341562->341564->342645->341559->342115->563067->342636->338199->338198->562865->339135->338197->338925->646201->339126->338348->338347->338706->338354
static_fuel_dijkstra,t1_seonjeongneung_daechi,long,peak,8.0,18,365.3166,342.905,22.4116,467.3014,59.5708,3021.4,1,True,28,3,3,22,341608->341553->341563->341561->341562->341564->342645->341559->342115->563067->342648->342147->341996->341571->340229->562951->338222->338726->338837->339122->646056->338604->338223->338603->339126->338348->338347->338706->338354
static_fuel_dijkstra,t1_seonjeongneung_daechi,long,peak,8.0,19,374.0402,352.6681,21.3721,478.9229,56.8079,3021.4,2,True,28,3,3,22,341608->341553->341563->341561->341562->341564->342645->341559->342115->563067->342648->342147->341996->341571->340229->562951->338222->338726->338837->339122->646056->338604->338223->338603->339126->338348->338347->338706->338354
static_fuel_dijkstra,t1_seonjeongneung_daechi,long,peak,8.0,20,400.3992,331.98,68.4192,488.523,181.8607,3099.9,3,True,22,3,3,16,341608->341553->341563->341561->341562->341564->342645->341559->342115->563067->342636->338199->338198->562865->339135->338197->338925->646201->339126->338348->338347->338706->338354
static_fuel_dijkstra,t1_seonjeongneung_daechi,long,peak,8.0,21,411.7805,347.8115,63.9691,520.9211,170.0321,3099.9,3,True,22,3,3,16,341608->341553->341563->341561->341562->341564->342645->341559->342115->563067->342636->338199->338198->562865->339135->338197->338925->646201->339126->338348->338347->338706->338354
static_fuel_dijkstra,t1_seonjeongneung_daechi,long,peak,8.0,22,414.0782,345.9544,68.1238,483.9141,181.0754,3099.9,4,True,22,3,3,16,341608->341553->341563->341561->341562->341564->342645->341559->342115->563067->342636->338199->338198->562865->339135->338197->338925->646201->339126->338348->338347->338706->338354
static_fuel_dijkstra,t1_seonjeongneung_daechi,long,peak,8.0,23,402.4147,324.343,78.0717,445.7627,207.5175,3099.9,4,True,22,3,3,16,341608->341553->341563->341561->341562->341564->342645->341559->342115->563067->342636->338199->338198->562865->339135->338197->338925->646201->339126->338348->338347->338706->338354
static_fuel_dijkstra,t1_seonjeongneung_daechi,long,peak,8.0,24,433.223,353.6091,79.6138,501.7962,211.6164,3021.4,3,True,28,3,3,22,341608->341553->341563->341561->341562->341564->342645->341559->342115->563067->342648->342147->341996->341571->340229->562951->338222->338726->338837->339122->646056->338604->338223->338603->339126->338348->338347->338706->338354
static_fuel_dijkstra,t1_seonjeongneung_daechi,long,peak,8.0,25,415.2483,345.9013,69.3471,481.5715,184.3271,3099.9,4,True,22,3,3,16,341608->341553->341563->341561->341562->341564->342645->341559->342115->563067->342636->338199->338198->562865->339135->338197->338925->646201->339126->338348->338347->338706->338354
static_fuel_dijkstra,t1_seonjeongneung_daechi,long,peak,8.0,26,421.2494,335.5733,85.6761,435.0964,227.7302,3099.9,4,True,22,3,3,16,341608->341553->341563->341561->341562->341564->342645->341559->342115->563067->342636->338199->338198->562865->339135->338197->338925->646201->339126->338348->338347->338706->338354
static_fuel_dijkstra,t1_seonjeongneung_daechi,long,peak,8.0,27,401.1849,329.2893,71.8956,469.9319,191.1012,3099.9,4,True,22,3,3,16,341608->341553->341563->341561->341562->341564->342645->341559->342115->563067->342636->338199->338198->562865->339135->338197->338925->646201->339126->338348->338347->338706->338354
static_fuel_dijkstra,t1_seonjeongneung_daechi,long,peak,8.0,28,406.4141,326.0951,80.319,452.3274,213.4909,3099.9,4,True,22,3,3,16,341608->341553->341563->341561->341562->341564->342645->341559->342115->563067->342636->338199->338198->562865->339135->338197->338925->646201->339126->338348->338347->338706->338354
static_fuel_dijkstra,t1_seonjeongneung_daechi,long,peak,8.0,29,412.9988,330.1873,82.8115,448.6095,220.1159,3099.9,4,True,22,3,3,16,341608->341553->341563->341561->341562->341564->342645->341559->342115->563067->342636->338199->338198->562865->339135->338197->338925->646201->339126->338348->338347->338706->338354
static_fuel_dijkstra,t1_seonjeongneung_daechi,long,peak,8.0,30,410.9508,345.1728,65.778,511.8264,174.8403,3099.9,3,True,22,3,3,16,341608->341553->341563->341561->341562->341564->342645->341559->342115->563067->342636->338199->338198->562865->339135->338197->338925->646201->339126->338348->338347->338706->338354
static_fuel_dijkstra,t2_yeoksam_hakyeoul,long,off_peak,7.0,1,542.9488,501.4916,41.4572,622.9108,110.1948,4338.7,3,True,46,8,6,32,338267->340192->338229->338218->339094->338258->613662->339651->338651->339293->341572->340705->341555->341736->341568->341735->341564->342639->563096->342115->563067->342648->342147->341996->341571->340229->562951->338222->338726->338837->339122->646056->338604->338223->338603->339126->338348->338347->338346->339296->338349->338341->338728->339266->338343->338312->338344
static_fuel_dijkstra,t2_yeoksam_hakyeoul,long,off_peak,7.0,2,523.0563,480.3369,42.7194,630.5656,113.5496,4338.7,3,True,46,8,6,32,338267->340192->338229->338218->339094->338258->613662->339651->338651->339293->341572->340705->341555->341736->341568->341735->341564->342639->563096->342115->563067->342648->342147->341996->341571->340229->562951->338222->338726->338837->339122->646056->338604->338223->338603->339126->338348->338347->338346->339296->338349->338341->338728->339266->338343->338312->338344
static_fuel_dijkstra,t2_yeoksam_hakyeoul,long,off_peak,7.0,3,599.122,466.3933,132.7288,625.5649,352.7979,4135.4,6,True,41,10,7,24,338267->340192->338229->338218->339094->338258->613662->339651->338651->562919->562884->613773->613772->339003->339662->341549->339128->339093->338226->338252->338199->338198->338222->338726->338837->339122->646056->338604->338223->338603->339126->338348->338347->338346->339296->338349->338341->338728->339266->338343->338312->338344
static_fuel_dijkstra,t2_yeoksam_hakyeoul,long,off_peak,7.0,4,575.9195,476.1315,99.788,602.6001,265.2401,4104.4,4,True,42,10,7,25,338267->340192->338229->338218->339094->338258->613662->339651->338651->562919->562884->613773->613772->339003->339662->341549->339128->339093->338226->338252->338199->338198->338222->338726->338837->339122->646056->338604->338223->338603->339126->338348->338347->338346->339296->338349->338341->338728->339266->338343->338313->340271->338344
static_fuel_dijkstra,t2_yeoksam_hakyeoul,long,off_peak,7.0,5,551.8576,508.9764,42.8812,631.2405,113.9797,4338.7,3,True,46,8,6,32,338267->340192->338229->338218->339094->338258->613662->339651->338651->339293->341572->340705->341555->341736->341568->341735->341564->342639->563096->342115->563067->342648->342147->341996->341571->340229->562951->338222->338726->338837->339122->646056->338604->338223->338603->339126->338348->338347->338346->339296->338349->338341->338728->339266->338343->338312->338344
static_fuel_dijkstra,t2_yeoksam_hakyeoul,long,off_peak,7.0,6,529.4179,479.0835,50.3344,622.121,133.7907,4088.8,4,True,43,5,4,34,338267->340192->338229->338218->339571->338261->341734->341572->340705->341555->341736->341568->341735->341564->342639->563096->342115->563067->342648->342147->341996->341571->340229->562951->338222->338726->338837->339122->646056->338604->338223->338603->339126->338348->338347->338346->339296->338349->338341->338728->339266->338343->338312->338344
static_fuel_dijkstra,t2_yeoksam_hakyeoul,long,off_peak,7.0,7,579.5438,482.4755,97.0683,589.7264,258.0111,4165.5,5,True,43,11,8,24,338267->340192->338229->338218->339094->338258->613662->339651->338651->562919->562884->613773->613772->339003->339662->341549->339128->339093->338226->338252->338251->646070->338648->338209->339659->338210->613615->338596->338197->338925->646201->339126->338348->338347->338346->339296->338349->338341->338728->339266->338343->338313->340271->338344
static_fuel_dijkstra,t2_yeoksam_hakyeoul,long,off_peak,7.0,8,569.7983,475.7376,94.0607,605.5548,250.0169,4165.5,5,True,43,11,8,24,338267->340192->338229->338218->339094->338258->613662->339651->338651->562919->562884->613773->613772->339003->339662->341549->339128->339093->338226->338252->338251->646070->338648->338209->339659->338210->613615->338596->338197->338925->646201->339126->338348->338347->338346->339296->338349->338341->338728->339266->338343->338313->340271->338344
static_fuel_dijkstra,t2_yeoksam_hakyeoul,long,off_peak,7.0,9,538.4968,498.8009,39.696,623.29,105.5133,4338.7,2,True,46,8,6,32,338267->340192->338229->338218->339094->338258->613662->339651->338651->339293->341572->340705->341555->341736->341568->341735->341564->342639->563096->342115->563067->342648->342147->341996->341571->340229->562951->338222->338726->338837->339122->646056->338604->338223->338603->339126->338348->338347->338346->339296->338349->338341->338728->339266->338343->338312->338344
static_fuel_dijkstra,t2_yeoksam_hakyeoul,long,off_peak,7.0,10,582.9692,493.0389,89.9303,609.4012,239.0381,4165.5,5,True,43,11,8,24,338267->340192->338229->338218->339094->338258->613662->339651->338651->562919->562884->613773->613772->339003->339662->341549->339128->339093->338226->338252->338251->646070->338648->338209->339659->338210->613615->338596->338197->338925->646201->339126->338348->338347->338346->339296->338349->338341->338728->339266->338343->338313->340271->338344
static_fuel_dijkstra,t2_yeoksam_hakyeoul,long,off_peak,7.0,11,560.201,530.2155,29.9855,653.1576,79.7025,4338.7,2,True,46,8,6,32,338267->340192->338229->338218->339094->338258->613662->339651->338651->339293->341572->340705->341555->341736->341568->341735->341564->342639->563096->342115->563067->342648->342147->341996->341571->340229->562951->338222->338726->338837->339122->646056->338604->338223->338603->339126->338348->338347->338346->339296->338349->338341->338728->339266->338343->338312->338344
static_fuel_dijkstra,t2_yeoksam_hakyeoul,long,off_peak,7.0,12,658.2291,494.7428,163.4863,669.5433,434.5524,4135.4,8,True,41,10,7,24,338267->340192->338229->338218->339094->338258->613662->339651->338651->562919->562884->613773->613772->339003->339662->341549->339128->339093->338226->338252->338199->338198->338222->338726->338837->339122->646056->338604->338223->338603->339126->338348->338347->338346->339296->338349->338341->338728->339266->338343->338312->338344
static_fuel_dijkstra,t2_yeoksam_hakyeoul,long,off_peak,7.0,13,580.979,485.413,95.5659,595.2094,254.0176,4165.5,5,True,43,11,8,24,338267->340192->338229->338218->339094->338258->613662->339651->338651->562919->562884->613773->613772->339003->339662->341549->339128->339093->338226->338252->338251->646070->338648->338209->339659->338210->613615->338596->338197->338925->646201->339126->338348->338347->338346->339296->338349->338341->338728->339266->338343->338313->340271->338344
static_fuel_dijkstra,t2_yeoksam_hakyeoul,long,off_peak,7.0,14,594.8647,501.3962,93.4685,612.5569,248.4427,4165.5,5,True,43,11,8,24,338267->340192->338229->338218->339094->338258->613662->339651->338651->562919->562884->613773->613772->339003->339662->341549->339128->339093->338226->338252->338251->646070->338648->338209->339659->338210->613615->338596->338197->338925->646201->339126->338348->338347->338346->339296->338349->338341->338728->339266->338343->338313->340271->338344
static_fuel_dijkstra,t2_yeoksam_hakyeoul,long,off_peak,7.0,15,562.1947,474.0349,88.1598,618.2411,234.3318,4165.5,5,True,43,11,8,24,338267->340192->338229->338218->339094->338258->613662->339651->338651->562919->562884->613773->613772->339003->339662->341549->339128->339093->338226->338252->338251->646070->338648->338209->339659->338210->613615->338596->338197->338925->646201->339126->338348->338347->338346->339296->338349->338341->338728->339266->338343->338313->340271->338344
static_fuel_dijkstra,t2_yeoksam_hakyeoul,long,off_peak,7.0,16,558.6803,512.669,46.0113,600.7317,122.2998,4418.2,3,True,47,8,8,31,338267->340192->338229->338218->339571->338261->563143->588038->341607->344213->343102->341557->342643->341555->341736->341568->341735->341564->342639->563096->342115->563067->342648->342147->341996->341571->340229->562951->338222->338726->338837->339122->646056->338604->338223->338603->339126->338348->338347->338346->339296->338349->338341->338728->339266->338343->338312->338344
static_fuel_dijkstra,t2_yeoksam_hakyeoul,long,off_peak,7.0,17,561.949,481.7489,80.2002,642.9476,213.175,4307.7,4,True,47,8,6,33,338267->340192->338229->338218->339094->338258->613662->339651->338651->339293->341572->340705->341555->341736->341568->341735->341564->342639->563096->342115->563067->342648->342147->341996->341571->340229->562951->338222->338726->338837->339122->646056->338604->338223->338603->339126->338348->338347->338346->339296->338349->338341->338728->339266->338343->338313->340271->338344
static_fuel_dijkstra,t2_yeoksam_hakyeoul,long,off_peak,7.0,18,600.1327,530.4406,69.6921,659.4131,185.2442,4590.4,4,True,43,8,7,28,338267->340192->338229->338218->339094->338258->613662->339651->338651->339293->341572->340705->341555->341736->341568->341561->341562->341564->342645->341559->342115->563067->342636->338199->338198->338222->338726->338837->339122->646056->338604->338223->338602->339123->338790->339152->338733->646265->338311->339297->339000->339664->338312->338344
static_fuel_dijkstra,t2_yeoksam_hakyeoul,long,off_peak,7.0,19,612.4254,482.2958,130.1295,649.7804,345.889,4196.5,7,True,42,11,8,23,338267->340192->338229->338218->339094->338258->613662->339651->338651->562919->562884->613773->613772->339003->339662->341549->339128->339093->338226->338252->338251->646070->338648->338209->339659->338210->613615->338596->338197->338925->646201->339126->338348->338347->338346->339296->338349->338341->338728->339266->338343->338312->338344
static_fuel_dijkstra,t2_yeoksam_hakyeoul,long,off_peak,7.0,20,543.989,485.2097,58.7793,569.9355,156.2376,4338.7,5,True,46,8,6,32,338267->340192->338229->338218->339094->338258->613662->339651->338651->339293->341572->340705->341555->341736->341568->341735->341564->342639->563096->342115->563067->342648->342147->341996->341571->340229->562951->338222->338726->338837->339122->646056->338604->338223->338603->339126->338348->338347->338346->339296->338349->338341->338728->339266->338343->338312->338344
static_fuel_dijkstra,t2_yeoksam_hakyeoul,long,off_peak,7.0,21,572.9817,500.2988,72.6829,662.9911,193.1938,4348.9,5,True,47,11,8,28,338267->340192->338229->338218->339094->338258->613662->339651->338651->339293->341572->340705->341555->341556->342153->343109->613772->339003->339662->341549->339128->339093->338226->338252->338251->646070->338648->338209->339659->338210->613615->338596->338197->338925->646201->339126->338348->338347->338346->339296->338349->338341->338728->339266->338343->338313->340271->338344
static_fuel_dijkstra,t2_yeoksam_hakyeoul,long,off_peak,7.0,22,509.5562,463.9858,45.5704,610.193,121.1277,4338.7,3,True,46,8,6,32,338267->340192->338229->338218->339094->338258->613662->339651->338651->339293->341572->340705->341555->341736->341568->341735->341564->342639->563096->342115->563067->342648->342147->341996->341571->340229->562951->338222->338726->338837->339122->646056->338604->338223->338603->339126->338348->338347->338346->339296->338349->338341->338728->339266->338343->338312->338344
static_fuel_dijkstra,t2_yeoksam_hakyeoul,long,off_peak,7.0,23,594.0224,496.4294,97.593,615.4014,259.4058,4165.5,5,True,43,11,8,24,338267->340192->338229->338218->339094->338258->613662->339651->338651->562919->562884->613773->613772->339003->339662->341549->339128->339093->338226->338252->338251->646070->338648->338209->339659->338210->613615->338596->338197->338925->646201->339126->338348->338347->338346->339296->338349->338341->338728->339266->338343->338313->340271->338344
static_fuel_dijkstra,t2_yeoksam_hakyeoul,long,off_peak,7.0,24,528.9665,494.8167,34.1497,626.4317,90.7712,4338.7,3,True,46,8,6,32,338267->340192->338229->338218->339094->338258->613662->339651->338651->339293->341572->340705->341555->341736->341568->341735->341564->342639->563096->342115->563067->342648->342147->341996->341571->340229->562951->338222->338726->338837->339122->646056->338604->338223->338603->339126->338348->338347->338346->339296->338349->338341->338728->339266->338343->338312->338344
static_fuel_dijkstra,t2_yeoksam_hakyeoul,long,off_peak,7.0,25,521.6672,474.2946,47.3726,613.8666,125.9181,4338.7,4,True,46,8,6,32,338267->340192->338229->338218->339094->338258->613662->339651->338651->339293->341572->340705->341555->341736->341568->341735->341564->342639->563096->342115->563067->342648->342147->341996->341571->340229->562951->338222->338726->338837->339122->646056->338604->338223->338603->339126->338348->338347->338346->339296->338349->338341->338728->339266->338343->338312->338344
static_fuel_dijkstra,t2_yeoksam_hakyeoul,long,off_peak,7.0,26,537.1992,506.5471,30.6521,665.9067,81.4744,4338.7,3,True,46,8,6,32,338267->340192->338229->338218->339094->338258->613662->339651->338651->339293->341572->340705->341555->341736->341568->341735->341564->342639->563096->342115->563067->342648->342147->341996->341571->340229->562951->338222->338726->338837->339122->646056->338604->338223->338603->339126->338348->338347->338346->339296->338349->338341->338728->339266->338343->338312->338344
static_fuel_dijkstra,t2_yeoksam_hakyeoul,long,off_peak,7.0,27,554.1073,455.3778,98.7295,583.2478,262.4265,4165.5,5,True,43,11,8,24,338267->340192->338229->338218->339094->338258->613662->339651->338651->562919->562884->613773->613772->339003->339662->341549->339128->339093->338226->338252->338251->646070->338648->338209->339659->338210->613615->338596->338197->338925->646201->339126->338348->338347->338346->339296->338349->338341->338728->339266->338343->338313->340271->338344
static_fuel_dijkstra,t2_yeoksam_hakyeoul,long,off_peak,7.0,28,522.5132,454.9104,67.6028,541.9107,179.6906,4088.8,5,True,43,5,4,34,338267->340192->338229->338218->339571->338261->341734->341572->340705->341555->341736->341568->341735->341564->342639->563096->342115->563067->342648->342147->341996->341571->340229->562951->338222->338726->338837->339122->646056->338604->338223->338603->339126->338348->338347->338346->339296->338349->338341->338728->339266->338343->338312->338344
static_fuel_dijkstra,t2_yeoksam_hakyeoul,long,off_peak,7.0,29,606.4516,474.7453,131.7063,634.5799,350.0801,4196.5,6,True,42,11,8,23,338267->340192->338229->338218->339094->338258->613662->339651->338651->562919->562884->613773->613772->339003->339662->341549->339128->339093->338226->338252->338251->646070->338648->338209->339659->338210->613615->338596->338197->338925->646201->339126->338348->338347->338346->339296->338349->338341->338728->339266->338343->338312->338344
static_fuel_dijkstra,t2_yeoksam_hakyeoul,long,off_peak,7.0,30,515.0439,453.3216,61.7223,560.7469,164.0601,4088.8,4,True,43,5,4,34,338267->340192->338229->338218->339571->338261->341734->341572->340705->341555->341736->341568->341735->341564->342639->563096->342115->563067->342648->342147->341996->341571->340229->562951->338222->338726->338837->339122->646056->338604->338223->338603->339126->338348->338347->338346->339296->338349->338341->338728->339266->338343->338312->338344
static_fuel_dijkstra,t2_yeoksam_hakyeoul,long,peak,8.0,1,554.5461,485.7656,68.7805,624.6753,182.8211,4142.6,5,True,40,8,5,27,338267->340192->338229->338218->339571->338261->341734->341572->339293->338651->562919->562884->613773->613772->339003->339662->341549->342639->563096->342115->563067->342636->338199->338198->562865->339135->338197->338925->646201->339126->338348->338347->338346->339296->338349->338341->338728->339266->338343->338312->338344
static_fuel_dijkstra,t2_yeoksam_hakyeoul,long,peak,8.0,2,531.9838,454.3709,77.6129,616.9784,206.2979,4142.6,6,True,40,8,5,27,338267->340192->338229->338218->339571->338261->341734->341572->339293->338651->562919->562884->613773->613772->339003->339662->341549->342639->563096->342115->563067->342636->338199->338198->562865->339135->338197->338925->646201->339126->338348->338347->338346->339296->338349->338341->338728->339266->338343->338312->338344
static_fuel_dijkstra,t2_yeoksam_hakyeoul,long,peak,8.0,3,547.0628,467.4591,79.6037,611.1564,211.5895,4142.6,6,True,40,8,5,27,338267->340192->338229->338218->339571->338261->341734->341572->339293->338651->562919->562884->613773->613772->339003->339662->341549->342639->563096->342115->563067->342636->338199->338198->562865->339135->338197->338925->646201->339126->338348->338347->338346->339296->338349->338341->338728->339266->338343->338312->338344
static_fuel_dijkstra,t2_yeoksam_hakyeoul,long,peak,8.0,4,535.5156,467.4619,68.0537,627.0286,180.8891,4142.6,6,True,40,8,5,27,338267->340192->338229->338218->339571->338261->341734->341572->339293->338651->562919->562884->613773->613772->339003->339662->341549->342639->563096->342115->563067->342636->338199->338198->562865->339135->338197->338925->646201->339126->338348->338347->338346->339296->338349->338341->338728->339266->338343->338312->338344
static_fuel_dijkstra,t2_yeoksam_hakyeoul,long,peak,8.0,5,539.0882,483.7449,55.3433,664.6842,147.1045,4142.6,5,True,40,8,5,27,338267->340192->338229->338218->339571->338261->341734->341572->339293->338651->562919->562884->613773->613772->339003->339662->341549->342639->563096->342115->563067->342636->338199->338198->562865->339135->338197->338925->646201->339126->338348->338347->338346->339296->338349->338341->338728->339266->338343->338312->338344
static_fuel_dijkstra,t2_yeoksam_hakyeoul,long,peak,8.0,6,542.7453,478.7544,63.9908,649.298,170.0899,4142.6,5,True,40,8,5,27,338267->340192->338229->338218->339571->338261->341734->341572->339293->338651->562919->562884->613773->613772->339003->339662->341549->342639->563096->342115->563067->342636->338199->338198->562865->339135->338197->338925->646201->339126->338348->338347->338346->339296->338349->338341->338728->339266->338343->338312->338344
static_fuel_dijkstra,t2_yeoksam_hakyeoul,long,peak,8.0,7,538.1194,465.8367,72.2827,625.8814,192.13,4142.6,6,True,40,8,5,27,338267->340192->338229->338218->339571->338261->341734->341572->339293->338651->562919->562884->613773->613772->339003->339662->341549->342639->563096->342115->563067->342636->338199->338198->562865->339135->338197->338925->646201->339126->338348->338347->338346->339296->338349->338341->338728->339266->338343->338312->338344
static_fuel_dijkstra,t2_yeoksam_hakyeoul,long,peak,8.0,8,555.5944,495.9337,59.6607,657.6249,158.5804,4142.6,6,True,40,8,5,27,338267->340192->338229->338218->339571->338261->341734->341572->339293->338651->562919->562884->613773->613772->339003->339662->341549->342639->563096->342115->563067->342636->338199->338198->562865->339135->338197->338925->646201->339126->338348->338347->338346->339296->338349->338341->338728->339266->338343->338312->338344
static_fuel_dijkstra,t2_yeoksam_hakyeoul,long,peak,8.0,9,530.631,467.621,63.01,651.2414,167.4828,4142.6,5,True,40,8,5,27,338267->340192->338229->338218->339571->338261->341734->341572->339293->338651->562919->562884->613773->613772->339003->339662->341549->342639->563096->342115->563067->342636->338199->338198->562865->339135->338197->338925->646201->339126->338348->338347->338346->339296->338349->338341->338728->339266->338343->338312->338344
static_fuel_dijkstra,t2_yeoksam_hakyeoul,long,peak,8.0,10,531.7195,463.6127,68.1069,655.9476,181.0305,4142.6,6,True,40,8,5,27,338267->340192->338229->338218->339571->338261->341734->341572->339293->338651->562919->562884->613773->613772->339003->339662->341549->342639->563096->342115->563067->342636->338199->338198->562865->339135->338197->338925->646201->339126->338348->338347->338346->339296->338349->338341->338728->339266->338343->338312->338344
static_fuel_dijkstra,t2_yeoksam_hakyeoul,long,peak,8.0,11,538.9236,460.1229,78.8007,610.5333,209.4551,4142.6,6,True,40,8,5,27,338267->340192->338229->338218->339571->338261->341734->341572->339293->338651->562919->562884->613773->613772->339003->339662->341549->342639->563096->342115->563067->342636->338199->338198->562865->339135->338197->338925->646201->339126->338348->338347->338346->339296->338349->338341->338728->339266->338343->338312->338344
static_fuel_dijkstra,t2_yeoksam_hakyeoul,long,peak,8.0,12,520.3236,448.4159,71.9077,625.5728,191.1332,4189.5,6,True,39,9,6,24,338267->340192->338229->338218->339094->338258->613662->339651->338651->562919->562884->613773->613772->339003->339662->341549->342639->563096->342115->563067->342636->338199->338198->562865->339135->338197->338925->646201->339126->338348->338347->338346->339296->338349->338341->338728->339266->338343->338312->338344
static_fuel_dijkstra,t2_yeoksam_hakyeoul,long,peak,8.0,13,535.9627,457.9201,78.0426,613.6706,207.4401,4189.5,6,True,39,9,6,24,338267->340192->338229->338218->339094->338258->613662->339651->338651->562919->562884->613773->613772->339003->339662->341549->342639->563096->342115->563067->342636->338199->338198->562865->339135->338197->338925->646201->339126->338348->338347->338346->339296->338349->338341->338728->339266->338343->338312->338344
static_fuel_dijkstra,t2_yeoksam_hakyeoul,long,peak,8.0,14,523.6896,479.5361,44.1535,724.691,117.3616,4111.6,3,True,41,8,5,28,338267->340192->338229->338218->339571->338261->341734->341572->339293->338651->562919->562884->613773->613772->339003->339662->341549->342639->563096->342115->563067->342636->338199->338198->562865->339135->338197->338925->646201->339126->338348->338347->338346->339296->338349->338341->338728->339266->338343->338313->340271->338344
static_fuel_dijkstra,t2_yeoksam_hakyeoul,long,peak,8.0,15,530.9378,451.9881,78.9497,605.246,209.8512,4142.6,6,True,40,8,5,27,338267->340192->338229->338218->339571->338261->341734->341572->339293->338651->562919->562884->613773->613772->339003->339662->341549->342639->563096->342115->563067->342636->338199->338198->562865->339135->338197->338925->646201->339126->338348->338347->338346->339296->338349->338341->338728->339266->338343->338312->338344
static_fuel_dijkstra,t2_yeoksam_hakyeoul,long,peak,8.0,16,536.1558,478.1468,58.009,661.8368,154.1901,4142.6,4,True,40,8,5,27,338267->340192->338229->338218->339571->338261->341734->341572->339293->338651->562919->562884->613773->613772->339003->339662->341549->342639->563096->342115->563067->342636->338199->338198->562865->339135->338197->338925->646201->339126->338348->338347->338346->339296->338349->338341->338728->339266->338343->338312->338344
static_fuel_dijkstra,t2_yeoksam_hakyeoul,long,peak,8.0,17,548.2993,489.5233,58.776,654.8475,156.2287,4142.6,5,True,40,8,5,27,338267->340192->338229->338218->339571->338261->341734->341572->339293->338651->562919->562884->613773->613772->339003->339662->341549->342639->563096->342115->563067->342636->338199->338198->562865->339135->338197->338925->646201->339126->338348->338347->338346->339296->338349->338341->338728->339266->338343->338312->338344
static_fuel_dijkstra,t2_yeoksam_hakyeoul,long,peak,8.0,18,564.6917,489.7603,74.9314,607.5923,199.1704,4142.6,6,True,40,8,5,27,338267->340192->338229->338218->339571->338261->341734->341572->339293->338651->562919->562884->613773->613772->339003->339662->341549->342639->563096->342115->563067->342636->338199->338198->562865->339135->338197->338925->646201->339126->338348->338347->338346->339296->338349->338341->338728->339266->338343->338312->338344
static_fuel_dijkstra,t2_yeoksam_hakyeoul,long,peak,8.0,19,562.61,488.6481,73.9619,635.5074,196.5934,4142.6,7,True,40,8,5,27,338267->340192->338229->338218->339571->338261->341734->341572->339293->338651->562919->562884->613773->613772->339003->339662->341549->342639->563096->342115->563067->342636->338199->338198->562865->339135->338197->338925->646201->339126->338348->338347->338346->339296->338349->338341->338728->339266->338343->338312->338344
static_fuel_dijkstra,t2_yeoksam_hakyeoul,long,peak,8.0,20,533.4249,456.5502,76.8747,603.7276,204.3358,4142.6,6,True,40,8,5,27,338267->340192->338229->338218->339571->338261->341734->341572->339293->338651->562919->562884->613773->613772->339003->339662->341549->342639->563096->342115->563067->342636->338199->338198->562865->339135->338197->338925->646201->339126->338348->338347->338346->339296->338349->338341->338728->339266->338343->338312->338344
static_fuel_dijkstra,t2_yeoksam_hakyeoul,long,peak,8.0,21,544.2735,471.8909,72.3826,621.1555,192.3957,4142.6,6,True,40,8,5,27,338267->340192->338229->338218->339571->338261->341734->341572->339293->338651->562919->562884->613773->613772->339003->339662->341549->342639->563096->342115->563067->342636->338199->338198->562865->339135->338197->338925->646201->339126->338348->338347->338346->339296->338349->338341->338728->339266->338343->338312->338344
static_fuel_dijkstra,t2_yeoksam_hakyeoul,long,peak,8.0,22,672.9959,513.2249,159.7709,793.8983,424.6769,4067.2,6,True,36,8,6,22,338267->340192->338229->338218->339094->338258->613662->339651->338651->562919->562884->613773->613772->339003->339662->341549->342639->563096->342115->563067->342648->342147->341996->341571->341521->342613->341535->343726->343919->338310->339265->338311->339297->339000->339664->338312->338344
static_fuel_dijkstra,t2_yeoksam_hakyeoul,long,peak,8.0,23,536.9332,469.8704,67.0627,633.3659,178.2552,4142.6,6,True,40,8,5,27,338267->340192->338229->338218->339571->338261->341734->341572->339293->338651->562919->562884->613773->613772->339003->339662->341549->342639->563096->342115->563067->342636->338199->338198->562865->339135->338197->338925->646201->339126->338348->338347->338346->339296->338349->338341->338728->339266->338343->338312->338344
static_fuel_dijkstra,t2_yeoksam_hakyeoul,long,peak,8.0,24,535.7757,465.9839,69.7919,628.6984,185.5093,4142.6,5,True,40,8,5,27,338267->340192->338229->338218->339571->338261->341734->341572->339293->338651->562919->562884->613773->613772->339003->339662->341549->342639->563096->342115->563067->342636->338199->338198->562865->339135->338197->338925->646201->339126->338348->338347->338346->339296->338349->338341->338728->339266->338343->338312->338344
static_fuel_dijkstra,t2_yeoksam_hakyeoul,long,peak,8.0,25,532.143,449.4309,82.7121,592.4645,219.8518,4142.6,6,True,40,8,5,27,338267->340192->338229->338218->339571->338261->341734->341572->339293->338651->562919->562884->613773->613772->339003->339662->341549->342639->563096->342115->563067->342636->338199->338198->562865->339135->338197->338925->646201->339126->338348->338347->338346->339296->338349->338341->338728->339266->338343->338312->338344
static_fuel_dijkstra,t2_yeoksam_hakyeoul,long,peak,8.0,26,547.6353,475.2499,72.3854,659.1075,192.4031,4111.6,6,True,41,8,5,28,338267->340192->338229->338218->339571->338261->341734->341572->339293->338651->562919->562884->613773->613772->339003->339662->341549->342639->563096->342115->563067->342636->338199->338198->562865->339135->338197->338925->646201->339126->338348->338347->338346->339296->338349->338341->338728->339266->338343->338313->340271->338344
static_fuel_dijkstra,t2_yeoksam_hakyeoul,long,peak,8.0,27,540.7263,476.2854,64.4409,642.0477,171.2863,4142.6,4,True,40,8,5,27,338267->340192->338229->338218->339571->338261->341734->341572->339293->338651->562919->562884->613773->613772->339003->339662->341549->342639->563096->342115->563067->342636->338199->338198->562865->339135->338197->338925->646201->339126->338348->338347->338346->339296->338349->338341->338728->339266->338343->338312->338344
static_fuel_dijkstra,t2_yeoksam_hakyeoul,long,peak,8.0,28,544.5791,474.6365,69.9426,622.2793,185.91,4142.6,6,True,40,8,5,27,338267->340192->338229->338218->339571->338261->341734->341572->339293->338651->562919->562884->613773->613772->339003->339662->341549->342639->563096->342115->563067->342636->338199->338198->562865->339135->338197->338925->646201->339126->338348->338347->338346->339296->338349->338341->338728->339266->338343->338312->338344
static_fuel_dijkstra,t2_yeoksam_hakyeoul,long,peak,8.0,29,550.3729,482.2439,68.129,632.7056,181.0894,4142.6,6,True,40,8,5,27,338267->340192->338229->338218->339571->338261->341734->341572->339293->338651->562919->562884->613773->613772->339003->339662->341549->342639->563096->342115->563067->342636->338199->338198->562865->339135->338197->338925->646201->339126->338348->338347->338346->339296->338349->338341->338728->339266->338343->338312->338344
static_fuel_dijkstra,t2_yeoksam_hakyeoul,long,peak,8.0,30,536.2808,471.3943,64.8865,634.7877,172.4706,4142.6,6,True,40,8,5,27,338267->340192->338229->338218->339571->338261->341734->341572->339293->338651->562919->562884->613773->613772->339003->339662->341549->342639->563096->342115->563067->342636->338199->338198->562865->339135->338197->338925->646201->339126->338348->338347->338346->339296->338349->338341->338728->339266->338343->338312->338344
static_fuel_dijkstra,t3_sinsa_daechi,long,off_peak,7.0,1,814.1752,700.0607,114.1145,860.8147,303.3205,6094.3,6,True,74,10,10,54,341904->342719->342710->342156->342157->342711->342712->342714->342713->342076->341620->341621->342834->343100->342865->342652->342116->342672->340587->646667->646362->341982->342679->341983->342673->646784->646782->341597->344261->341907->341605->341594->343104->341601->343106->343943->342693->341607->344213->343102->341557->588040->341572->339293->338651->562919->562884->613773->613772->339003->339662->341549->342639->563096->342115->563067->342648->342147->341996->341571->340229->562951->338222->338726->338837->339122->646056->338604->338223->338603->339126->338348->338347->338706->338354
static_fuel_dijkstra,t3_sinsa_daechi,long,off_peak,7.0,2,820.8482,713.3172,107.531,870.9119,285.8213,6119.8,5,True,69,9,11,49,341904->342719->342710->342156->342157->342711->342712->342714->342713->342076->341620->341621->342834->343100->342865->342652->342116->342672->340587->646667->646362->341982->342679->341983->342673->646784->646782->341597->344261->341907->341605->341594->343104->341601->343106->343943->342693->341607->344213->343102->341557->342643->341555->341736->341568->341566->341549->342639->563096->342115->563067->342648->342147->341996->341571->340229->562951->338222->338726->338837->339122->646056->338604->338223->338603->339126->338348->338347->338706->338354
static_fuel_dijkstra,t3_sinsa_daechi,long,off_peak,7.0,3,814.6173,694.9895,119.6278,832.0361,317.975,6119.8,6,True,69,9,11,49,341904->342719->342710->342156->342157->342711->342712->342714->342713->342076->341620->341621->342834->343100->342865->342652->342116->342672->340587->646667->646362->341982->342679->341983->342673->646784->646782->341597->344261->341907->341605->341594->343104->341601->343106->343943->342693->341607->344213->343102->341557->342643->341555->341736->341568->341566->341549->342639->563096->342115->563067->342648->342147->341996->341571->340229->562951->338222->338726->338837->339122->646056->338604->338223->338603->339126->338348->338347->338706->338354
static_fuel_dijkstra,t3_sinsa_daechi,long,off_peak,7.0,4,803.5318,691.2965,112.2353,849.923,298.3254,6134.8,5,True,71,10,10,51,341904->342719->342710->342156->342157->342711->342712->342714->342713->342076->341620->341621->342834->343100->342865->342652->342116->342672->340587->646667->646362->341982->342679->341983->342673->646784->646782->341597->344261->341907->341605->341594->343104->341601->343106->343943->342693->341607->344213->343102->341557->588040->341572->339293->338651->562919->562884->613773->613772->339003->339662->341549->342639->563096->342115->563067->342636->338199->338198->338222->338726->338837->339122->646056->338604->338223->338603->339126->338348->338347->338706->338354
static_fuel_dijkstra,t3_sinsa_daechi,long,off_peak,7.0,5,834.0997,711.1217,122.9781,837.1877,326.8802,6094.3,6,True,74,10,10,54,341904->342719->342710->342156->342157->342711->342712->342714->342713->342076->341620->341621->342834->343100->342865->342652->342116->342672->340587->646667->646362->341982->342679->341983->342673->646784->646782->341597->344261->341907->341605->341594->343104->341601->343106->343943->342693->341607->344213->343102->341557->588040->341572->339293->338651->562919->562884->613773->613772->339003->339662->341549->342639->563096->342115->563067->342648->342147->341996->341571->340229->562951->338222->338726->338837->339122->646056->338604->338223->338603->339126->338348->338347->338706->338354
static_fuel_dijkstra,t3_sinsa_daechi,long,off_peak,7.0,6,825.1036,706.0979,119.0057,833.5211,316.3215,6094.3,6,True,74,10,10,54,341904->342719->342710->342156->342157->342711->342712->342714->342713->342076->341620->341621->342834->343100->342865->342652->342116->342672->340587->646667->646362->341982->342679->341983->342673->646784->646782->341597->344261->341907->341605->341594->343104->341601->343106->343943->342693->341607->344213->343102->341557->588040->341572->339293->338651->562919->562884->613773->613772->339003->339662->341549->342639->563096->342115->563067->342648->342147->341996->341571->340229->562951->338222->338726->338837->339122->646056->338604->338223->338603->339126->338348->338347->338706->338354
static_fuel_dijkstra,t3_sinsa_daechi,long,off_peak,7.0,7,829.5061,733.555,95.9511,893.0318,255.0415,6094.3,5,True,74,10,10,54,341904->342719->342710->342156->342157->342711->342712->342714->342713->342076->341620->341621->342834->343100->342865->342652->342116->342672->340587->646667->646362->341982->342679->341983->342673->646784->646782->341597->344261->341907->341605->341594->343104->341601->343106->343943->342693->341607->344213->343102->341557->588040->341572->339293->338651->562919->562884->613773->613772->339003->339662->341549->342639->563096->342115->563067->342648->342147->341996->341571->340229->562951->338222->338726->338837->339122->646056->338604->338223->338603->339126->338348->338347->338706->338354
static_fuel_dijkstra,t3_sinsa_daechi,long,off_peak,7.0,8,814.94,699.7841,115.156,849.9469,306.0887,6134.8,6,True,71,10,10,51,341904->342719->342710->342156->342157->342711->342712->342714->342713->342076->341620->341621->342834->343100->342865->342652->342116->342672->340587->646667->646362->341982->342679->341983->342673->646784->646782->341597->344261->341907->341605->341594->343104->341601->343106->343943->342693->341607->344213->343102->341557->588040->341572->339293->338651->562919->562884->613773->613772->339003->339662->341549->342639->563096->342115->563067->342636->338199->338198->338222->338726->338837->339122->646056->338604->338223->338603->339126->338348->338347->338706->338354
static_fuel_dijkstra,t3_sinsa_daechi,long,off_peak,7.0,9,841.4982,718.0047,123.4935,818.6945,328.2501,6094.3,6,True,74,10,10,54,341904->342719->342710->342156->342157->342711->342712->342714->342713->342076->341620->341621->342834->343100->342865->342652->342116->342672->340587->646667->646362->341982->342679->341983->342673->646784->646782->341597->344261->341907->341605->341594->343104->341601->343106->343943->342693->341607->344213->343102->341557->588040->341572->339293->338651->562919->562884->613773->613772->339003->339662->341549->342639->563096->342115->563067->342648->342147->341996->341571->340229->562951->338222->338726->338837->339122->646056->338604->338223->338603->339126->338348->338347->338706->338354
static_fuel_dijkstra,t3_sinsa_daechi,long,off_peak,7.0,10,825.604,710.3732,115.2308,843.3141,306.2877,6094.3,6,True,74,10,10,54,341904->342719->342710->342156->342157->342711->342712->342714->342713->342076->341620->341621->342834->343100->342865->342652->342116->342672->340587->646667->646362->341982->342679->341983->342673->646784->646782->341597->344261->341907->341605->341594->343104->341601->343106->343943->342693->341607->344213->343102->341557->588040->341572->339293->338651->562919->562884->613773->613772->339003->339662->341549->342639->563096->342115->563067->342648->342147->341996->341571->340229->562951->338222->338726->338837->339122->646056->338604->338223->338603->339126->338348->338347->338706->338354
static_fuel_dijkstra,t3_sinsa_daechi,long,off_peak,7.0,11,828.1052,722.3288,105.7764,872.3212,281.1575,6118.3,6,True,71,8,10,53,341904->342719->342710->342156->342157->342711->342712->342714->342713->342076->341620->341621->342834->343100->342865->342652->342116->342672->340587->646667->646362->341982->342679->341983->342673->646784->646782->341597->344261->341907->341605->341594->343104->341601->343106->343943->342693->341607->344213->343102->341557->588040->341572->340705->341555->341736->341568->341566->341549->342639->563096->342115->563067->342648->342147->341996->341571->340229->562951->338222->338726->338837->339122->646056->338604->338223->338603->339126->338348->338347->338706->338354
static_fuel_dijkstra,t3_sinsa_daechi,long,off_peak,7.0,12,797.8965,684.1562,113.7403,847.2391,302.3259,6094.3,6,True,74,10,10,54,341904->342719->342710->342156->342157->342711->342712->342714->342713->342076->341620->341621->342834->343100->342865->342652->342116->342672->340587->646667->646362->341982->342679->341983->342673->646784->646782->341597->344261->341907->341605->341594->343104->341601->343106->343943->342693->341607->344213->343102->341557->588040->341572->339293->338651->562919->562884->613773->613772->339003->339662->341549->342639->563096->342115->563067->342648->342147->341996->341571->340229->562951->338222->338726->338837->339122->646056->338604->338223->338603->339126->338348->338347->338706->338354
static_fuel_dijkstra,t3_sinsa_daechi,long,off_peak,7.0,13,810.7092,721.7281,88.9812,910.824,236.5152,6119.8,5,True,69,9,11,49,341904->342719->342710->342156->342157->342711->342712->342714->342713->342076->341620->341621->342834->343100->342865->342652->342116->342672->340587->646667->646362->341982->342679->341983->342673->646784->646782->341597->344261->341907->341605->341594->343104->341601->343106->343943->342693->341607->344213->343102->341557->342643->341555->341736->341568->341566->341549->342639->563096->342115->563067->342648->342147->341996->341571->340229->562951->338222->338726->338837->339122->646056->338604->338223->338603->339126->338348->338347->338706->338354
static_fuel_dijkstra,t3_sinsa_daechi,long,off_peak,7.0,14,858.0607,740.811,117.2496,841.6098,311.6538,6094.3,6,True,74,10,10,54,341904->342719->342710->342156->342157->342711->342712->342714->342713->342076->341620->341621->342834->343100->342865->342652->342116->342672->340587->646667->646362->341982->342679->341983->342673->646784->646782->341597->344261->341907->341605->341594->343104->341601->343106->343943->342693->341607->344213->343102->341557->588040->341572->339293->338651->562919->562884->613773->613772->339003->339662->341549->342639->563096->342115->563067->342648->342147->341996->341571->340229->562951->338222->338726->338837->339122->646056->338604->338223->338603->339126->338348->338347->338706->338354
static_fuel_dijkstra,t3_sinsa_daechi,long,off_peak,7.0,15,837.1894,729.4939,107.6955,865.2365,286.2585,6094.3,6,True,74,10,10,54,341904->342719->342710->342156->342157->342711->342712->342714->342713->342076->341620->341621->342834->343100->342865->342652->342116->342672->340587->646667->646362->341982->342679->341983->342673->646784->646782->341597->344261->341907->341605->341594->343104->341601->343106->343943->342693->341607->344213->343102->341557->588040->341572->339293->338651->562919->562884->613773->613772->339003->339662->341549->342639->563096->342115->563067->342648->342147->341996->341571->340229->562951->338222->338726->338837->339122->646056->338604->338223->338603->339126->338348->338347->338706->338354
static_fuel_dijkstra,t3_sinsa_daechi,long,off_peak,7.0,16,790.1854,711.3351,78.8503,937.1449,209.5869,6119.8,5,True,69,9,11,49,341904->342719->342710->342156->342157->342711->342712->342714->342713->342076->341620->341621->342834->343100->342865->342652->342116->342672->340587->646667->646362->341982->342679->341983->342673->646784->646782->341597->344261->341907->341605->341594->343104->341601->343106->343943->342693->341607->344213->343102->341557->342643->341555->341736->341568->341566->341549->342639->563096->342115->563067->342648->342147->341996->341571->340229->562951->338222->338726->338837->339122->646056->338604->338223->338603->339126->338348->338347->338706->338354
static_fuel_dijkstra,t3_sinsa_daechi,long,off_peak,7.0,17,826.2153,724.0398,102.1755,890.094,271.5861,6094.3,6,True,74,10,10,54,341904->342719->342710->342156->342157->342711->342712->342714->342713->342076->341620->341621->342834->343100->342865->342652->342116->342672->340587->646667->646362->341982->342679->341983->342673->646784->646782->341597->344261->341907->341605->341594->343104->341601->343106->343943->342693->341607->344213->343102->341557->588040->341572->339293->338651->562919->562884->613773->613772->339003->339662->341549->342639->563096->342115->563067->342648->342147->341996->341571->340229->562951->338222->338726->338837->339122->646056->338604->338223->338603->339126->338348->338347->338706->338354
static_fuel_dijkstra,t3_sinsa_daechi,long,off_peak,7.0,18,837.764,729.5718,108.1922,866.2043,287.5788,6094.3,6,True,74,10,10,54,341904->342719->342710->342156->342157->342711->342712->342714->342713->342076->341620->341621->342834->343100->342865->342652->342116->342672->340587->646667->646362->341982->342679->341983->342673->646784->646782->341597->344261->341907->341605->341594->343104->341601->343106->343943->342693->341607->344213->343102->341557->588040->341572->339293->338651->562919->562884->613773->613772->339003->339662->341549->342639->563096->342115->563067->342648->342147->341996->341571->340229->562951->338222->338726->338837->339122->646056->338604->338223->338603->339126->338348->338347->338706->338354
static_fuel_dijkstra,t3_sinsa_daechi,long,off_peak,7.0,19,769.8631,707.9373,61.9259,839.6477,164.6012,6134.8,4,True,71,10,10,51,341904->342719->342710->342156->342157->342711->342712->342714->342713->342076->341620->341621->342834->343100->342865->342652->342116->342672->340587->646667->646362->341982->342679->341983->342673->646784->646782->341597->344261->341907->341605->341594->343104->341601->343106->343943->342693->341607->344213->343102->341557->588040->341572->339293->338651->562919->562884->613773->613772->339003->339662->341549->342639->563096->342115->563067->342636->338199->338198->338222->338726->338837->339122->646056->338604->338223->338603->339126->338348->338347->338706->338354
static_fuel_dijkstra,t3_sinsa_daechi,long,off_peak,7.0,20,897.3443,734.9287,162.4156,864.1946,431.7066,6094.3,7,True,74,10,10,54,341904->342719->342710->342156->342157->342711->342712->342714->342713->342076->341620->341621->342834->343100->342865->342652->342116->342672->340587->646667->646362->341982->342679->341983->342673->646784->646782->341597->344261->341907->341605->341594->343104->341601->343106->343943->342693->341607->344213->343102->341557->588040->341572->339293->338651->562919->562884->613773->613772->339003->339662->341549->342639->563096->342115->563067->342648->342147->341996->341571->340229->562951->338222->338726->338837->339122->646056->338604->338223->338603->339126->338348->338347->338706->338354
static_fuel_dijkstra,t3_sinsa_daechi,long,off_peak,7.0,21,821.7269,709.3166,112.4103,852.9919,298.7906,6134.8,5,True,71,10,10,51,341904->342719->342710->342156->342157->342711->342712->342714->342713->342076->341620->341621->342834->343100->342865->342652->342116->342672->340587->646667->646362->341982->342679->341983->342673->646784->646782->341597->344261->341907->341605->341594->343104->341601->343106->343943->342693->341607->344213->343102->341557->588040->341572->339293->338651->562919->562884->613773->613772->339003->339662->341549->342639->563096->342115->563067->342636->338199->338198->338222->338726->338837->339122->646056->338604->338223->338603->339126->338348->338347->338706->338354
static_fuel_dijkstra,t3_sinsa_daechi,long,off_peak,7.0,22,810.1745,695.8044,114.3701,839.3546,303.9999,6094.3,6,True,74,10,10,54,341904->342719->342710->342156->342157->342711->342712->342714->342713->342076->341620->341621->342834->343100->342865->342652->342116->342672->340587->646667->646362->341982->342679->341983->342673->646784->646782->341597->344261->341907->341605->341594->343104->341601->343106->343943->342693->341607->344213->343102->341557->588040->341572->339293->338651->562919->562884->613773->613772->339003->339662->341549->342639->563096->342115->563067->342648->342147->341996->341571->340229->562951->338222->338726->338837->339122->646056->338604->338223->338603->339126->338348->338347->338706->338354
static_fuel_dijkstra,t3_sinsa_daechi,long,off_peak,7.0,23,817.2315,715.8193,101.4122,880.4656,269.5574,6119.8,6,True,69,9,11,49,341904->342719->342710->342156->342157->342711->342712->342714->342713->342076->341620->341621->342834->343100->342865->342652->342116->342672->340587->646667->646362->341982->342679->341983->342673->646784->646782->341597->344261->341907->341605->341594->343104->341601->343106->343943->342693->341607->344213->343102->341557->342643->341555->341736->341568->341566->341549->342639->563096->342115->563067->342648->342147->341996->341571->340229->562951->338222->338726->338837->339122->646056->338604->338223->338603->339126->338348->338347->338706->338354
static_fuel_dijkstra,t3_sinsa_daechi,long,off_peak,7.0,24,802.9355,683.0821,119.8534,833.366,318.5746,6094.3,6,True,74,10,10,54,341904->342719->342710->342156->342157->342711->342712->342714->342713->342076->341620->341621->342834->343100->342865->342652->342116->342672->340587->646667->646362->341982->342679->341983->342673->646784->646782->341597->344261->341907->341605->341594->343104->341601->343106->343943->342693->341607->344213->343102->341557->588040->341572->339293->338651->562919->562884->613773->613772->339003->339662->341549->342639->563096->342115->563067->342648->342147->341996->341571->340229->562951->338222->338726->338837->339122->646056->338604->338223->338603->339126->338348->338347->338706->338354
static_fuel_dijkstra,t3_sinsa_daechi,long,off_peak,7.0,25,830.6346,718.4039,112.2306,854.2761,298.3131,6134.8,5,True,71,10,10,51,341904->342719->342710->342156->342157->342711->342712->342714->342713->342076->341620->341621->342834->343100->342865->342652->342116->342672->340587->646667->646362->341982->342679->341983->342673->646784->646782->341597->344261->341907->341605->341594->343104->341601->343106->343943->342693->341607->344213->343102->341557->588040->341572->339293->338651->562919->562884->613773->613772->339003->339662->341549->342639->563096->342115->563067->342636->338199->338198->338222->338726->338837->339122->646056->338604->338223->338603->339126->338348->338347->338706->338354
static_fuel_dijkstra,t3_sinsa_daechi,long,off_peak,7.0,26,842.7893,746.5067,96.2826,895.5092,255.9226,6094.3,6,True,74,10,10,54,341904->342719->342710->342156->342157->342711->342712->342714->342713->342076->341620->341621->342834->343100->342865->342652->342116->342672->340587->646667->646362->341982->342679->341983->342673->646784->646782->341597->344261->341907->341605->341594->343104->341601->343106->343943->342693->341607->344213->343102->341557->588040->341572->339293->338651->562919->562884->613773->613772->339003->339662->341549->342639->563096->342115->563067->342648->342147->341996->341571->340229->562951->338222->338726->338837->339122->646056->338604->338223->338603->339126->338348->338347->338706->338354
static_fuel_dijkstra,t3_sinsa_daechi,long,off_peak,7.0,27,814.9893,701.6019,113.3874,850.3903,301.3879,6094.3,6,True,74,10,10,54,341904->342719->342710->342156->342157->342711->342712->342714->342713->342076->341620->341621->342834->343100->342865->342652->342116->342672->340587->646667->646362->341982->342679->341983->342673->646784->646782->341597->344261->341907->341605->341594->343104->341601->343106->343943->342693->341607->344213->343102->341557->588040->341572->339293->338651->562919->562884->613773->613772->339003->339662->341549->342639->563096->342115->563067->342648->342147->341996->341571->340229->562951->338222->338726->338837->339122->646056->338604->338223->338603->339126->338348->338347->338706->338354
static_fuel_dijkstra,t3_sinsa_daechi,long,off_peak,7.0,28,827.5346,713.0705,114.4641,849.6805,304.2498,6094.3,6,True,74,10,10,54,341904->342719->342710->342156->342157->342711->342712->342714->342713->342076->341620->341621->342834->343100->342865->342652->342116->342672->340587->646667->646362->341982->342679->341983->342673->646784->646782->341597->344261->341907->341605->341594->343104->341601->343106->343943->342693->341607->344213->343102->341557->588040->341572->339293->338651->562919->562884->613773->613772->339003->339662->341549->342639->563096->342115->563067->342648->342147->341996->341571->340229->562951->338222->338726->338837->339122->646056->338604->338223->338603->339126->338348->338347->338706->338354
static_fuel_dijkstra,t3_sinsa_daechi,long,off_peak,7.0,29,822.1087,702.8428,119.2659,830.6116,317.0132,6094.3,6,True,74,10,10,54,341904->342719->342710->342156->342157->342711->342712->342714->342713->342076->341620->341621->342834->343100->342865->342652->342116->342672->340587->646667->646362->341982->342679->341983->342673->646784->646782->341597->344261->341907->341605->341594->343104->341601->343106->343943->342693->341607->344213->343102->341557->588040->341572->339293->338651->562919->562884->613773->613772->339003->339662->341549->342639->563096->342115->563067->342648->342147->341996->341571->340229->562951->338222->338726->338837->339122->646056->338604->338223->338603->339126->338348->338347->338706->338354
static_fuel_dijkstra,t3_sinsa_daechi,long,off_peak,7.0,30,815.3643,713.7229,101.6414,884.5804,270.1666,6119.8,6,True,69,9,11,49,341904->342719->342710->342156->342157->342711->342712->342714->342713->342076->341620->341621->342834->343100->342865->342652->342116->342672->340587->646667->646362->341982->342679->341983->342673->646784->646782->341597->344261->341907->341605->341594->343104->341601->343106->343943->342693->341607->344213->343102->341557->342643->341555->341736->341568->341566->341549->342639->563096->342115->563067->342648->342147->341996->341571->340229->562951->338222->338726->338837->339122->646056->338604->338223->338603->339126->338348->338347->338706->338354
static_fuel_dijkstra,t3_sinsa_daechi,long,peak,8.0,1,860.7957,759.2732,101.5225,959.5608,269.8505,6308.7,6,True,68,6,8,54,341904->342719->342710->343062->563071->340626->341619->563100->341780->341614->341779->341781->341617->341618->341782->341615->340584->341784->341889->341583->342674->342671->342672->340587->646667->646362->341982->342679->341983->342673->646784->646782->341597->344261->341907->341605->341594->343104->341601->343106->343943->342693->341607->344213->343102->341557->342643->341561->341562->341564->342645->341559->342115->563067->342636->338199->338198->562865->339135->339122->646056->338604->338223->338603->339126->338348->338347->338706->338354
static_fuel_dijkstra,t3_sinsa_daechi,long,peak,8.0,2,826.1055,740.8824,85.2231,998.9548,226.5261,6239.0,5,True,75,6,7,62,341904->342719->342710->343062->563071->340626->341619->563100->341780->341614->341779->341781->341617->341618->341782->341615->340584->341784->341889->341583->342674->342671->342672->340587->646667->646362->341982->342679->341983->342673->646784->646782->341597->344261->341907->341605->341594->343104->341601->343106->343943->342693->341607->344213->343102->341557->588040->341572->339293->338651->562919->562884->613773->339003->339662->341549->342639->563096->342115->563067->342636->338199->338198->338222->338726->338837->339122->646056->338604->338223->338603->339126->338348->338347->338706->338354
static_fuel_dijkstra,t3_sinsa_daechi,long,peak,8.0,3,781.48,741.2899,40.1901,972.5449,106.8269,6326.7,5,True,68,7,9,52,341904->342719->342710->343062->563071->340626->341619->563100->341780->341614->341779->341781->341617->341618->341782->341615->340584->341784->341889->341583->342674->342671->342672->340587->646667->646362->341982->342679->341983->342673->646784->646782->341597->344261->341907->341605->341594->343104->341601->343106->343943->342693->341607->344213->343102->341557->342643->341555->341736->341568->341735->341564->342639->563096->342115->563067->342636->338199->338198->562865->339135->338197->338925->646201->339126->338348->338347->338706->338354
static_fuel_dijkstra,t3_sinsa_daechi,long,peak,8.0,4,767.3399,719.107,48.233,972.2796,128.205,6326.7,5,True,68,7,9,52,341904->342719->342710->343062->563071->340626->341619->563100->341780->341614->341779->341781->341617->341618->341782->341615->340584->341784->341889->341583->342674->342671->342672->340587->646667->646362->341982->342679->341983->342673->646784->646782->341597->344261->341907->341605->341594->343104->341601->343106->343943->342693->341607->344213->343102->341557->342643->341555->341736->341568->341735->341564->342639->563096->342115->563067->342636->338199->338198->562865->339135->338197->338925->646201->339126->338348->338347->338706->338354
static_fuel_dijkstra,t3_sinsa_daechi,long,peak,8.0,5,769.524,729.6749,39.8491,998.8977,105.9203,6350.8,5,True,66,6,8,52,341904->342719->342710->343062->563071->340626->341619->563100->341780->341614->341779->341781->341617->341618->341782->341615->340584->341784->341889->341583->342674->342671->342672->340587->646667->646362->341982->342679->341983->342673->646784->646782->341597->344261->341907->341605->341594->343104->341601->343106->343943->342693->341607->344213->343102->341557->342643->341561->341562->341564->342645->341559->342115->563067->342636->338199->338198->562865->339135->338197->338925->646201->339126->338348->338347->338706->338354
static_fuel_dijkstra,t3_sinsa_daechi,long,peak,8.0,6,799.5922,692.6675,106.9247,936.7852,284.2098,6308.7,6,True,68,6,8,54,341904->342719->342710->343062->563071->340626->341619->563100->341780->341614->341779->341781->341617->341618->341782->341615->340584->341784->341889->341583->342674->342671->342672->340587->646667->646362->341982->342679->341983->342673->646784->646782->341597->344261->341907->341605->341594->343104->341601->343106->343943->342693->341607->344213->343102->341557->342643->341561->341562->341564->342645->341559->342115->563067->342636->338199->338198->562865->339135->339122->646056->338604->338223->338603->339126->338348->338347->338706->338354
static_fuel_dijkstra,t3_sinsa_daechi,long,peak,8.0,7,791.4608,704.5429,86.9178,1001.3721,231.0307,6312.8,4,True,69,6,8,55,341904->342719->342710->343062->563071->340626->341619->563100->341780->341614->341779->341781->341617->341618->341782->341615->340584->341784->341889->341583->342674->342671->342672->340587->646667->646362->341982->342679->341983->342673->646784->646782->341597->344261->341907->341605->341594->343104->341601->343106->343943->342693->341607->344213->343102->341557->342643->341561->341562->341564->342645->341559->342115->563067->342636->338199->338198->338222->338726->338837->339122->646056->338604->338223->338603->339126->338348->338347->338706->338354
static_fuel_dijkstra,t3_sinsa_daechi,long,peak,8.0,8,765.2619,744.6429,20.6189,997.997,54.8059,6435.9,4,True,68,8,9,51,341904->342719->342710->343062->563071->340626->341619->563100->341780->341614->341779->341781->341617->341618->341782->341615->340584->341784->341889->341583->342674->342671->342672->340587->646667->646362->341982->342679->341983->342673->646784->646782->341597->344261->341907->341605->341594->343104->341601->343106->343943->342693->341607->344213->343102->341557->342643->341561->341562->341564->342645->341559->342115->563067->342636->338199->338198->562865->339135->338197->338925->587845->646128->587905->339124->587910->587846->338600->338354
static_fuel_dijkstra,t3_sinsa_daechi,long,peak,8.0,9,773.5562,738.3232,35.2331,959.0523,93.6508,6411.8,4,True,70,9,10,51,341904->342719->342710->343062->563071->340626->341619->563100->341780->341614->341779->341781->341617->341618->341782->341615->340584->341784->341889->341583->342674->342671->342672->340587->646667->646362->341982->342679->341983->342673->646784->646782->341597->344261->341907->341605->341594->343104->341601->343106->343943->342693->341607->344213->343102->341557->342643->341555->341736->341568->341735->341564->342639->563096->342115->563067->342636->338199->338198->562865->339135->338197->338925->587845->646128->587905->339124->587910->587846->338600->338354
static_fuel_dijkstra,t3_sinsa_daechi,long,peak,8.0,10,811.0113,716.428,94.5833,986.3864,251.4059,6284.6,6,True,70,7,9,54,341904->342719->342710->343062->563071->340626->341619->563100->341780->341614->341779->341781->341617->341618->341782->341615->340584->341784->341889->341583->342674->342671->342672->340587->646667->646362->341982->342679->341983->342673->646784->646782->341597->344261->341907->341605->341594->343104->341601->343106->343943->342693->341607->344213->343102->341557->342643->341555->341736->341568->341735->341564->342639->563096->342115->563067->342636->338199->338198->562865->339135->339122->646056->338604->338223->338603->339126->338348->338347->338706->338354
static_fuel_dijkstra,t3_sinsa_daechi,long,peak,8.0,11,784.5628,741.8101,42.7527,955.6925,113.6382,6651.2,3,True,66,10,11,45,341904->342719->342710->343062->563071->340626->341619->563100->341780->341614->341779->341781->341617->341618->341782->341615->340584->341784->341889->341583->342674->342671->342672->340587->646667->646362->341982->342679->341983->342673->646784->646782->341597->341596->341598->342684->341601->343106->343943->342693->341607->344213->343102->341557->342643->341561->341562->341564->342645->341559->342115->563067->342636->338199->338198->562865->339135->338197->338925->587845->646128->587905->339124->587910->587846->338600->338354
static_fuel_dijkstra,t3_sinsa_daechi,long,peak,8.0,12,816.787,726.2177,90.5693,984.219,240.7364,6288.7,5,True,71,7,9,55,341904->342719->342710->343062->563071->340626->341619->563100->341780->341614->341779->341781->341617->341618->341782->341615->340584->341784->341889->341583->342674->342671->342672->340587->646667->646362->341982->342679->341983->342673->646784->646782->341597->344261->341907->341605->341594->343104->341601->343106->343943->342693->341607->344213->343102->341557->342643->341555->341736->341568->341735->341564->342639->563096->342115->563067->342636->338199->338198->338222->338726->338837->339122->646056->338604->338223->338603->339126->338348->338347->338706->338354
static_fuel_dijkstra,t3_sinsa_daechi,long,peak,8.0,13,794.7001,697.9271,96.773,964.1707,257.2261,6308.7,6,True,68,6,8,54,341904->342719->342710->343062->563071->340626->341619->563100->341780->341614->341779->341781->341617->341618->341782->341615->340584->341784->341889->341583->342674->342671->342672->340587->646667->646362->341982->342679->341983->342673->646784->646782->341597->344261->341907->341605->341594->343104->341601->343106->343943->342693->341607->344213->343102->341557->342643->341561->341562->341564->342645->341559->342115->563067->342636->338199->338198->562865->339135->339122->646056->338604->338223->338603->339126->338348->338347->338706->338354
static_fuel_dijkstra,t3_sinsa_daechi,long,peak,8.0,14,796.5442,725.1188,71.4254,1031.9618,189.8514,6244.4,5,True,74,7,8,59,341904->342719->342710->343062->563071->340626->341619->563100->341780->341614->341779->341781->341617->341618->341782->341615->340584->341784->341889->341583->342674->342671->342672->340587->646667->646362->341982->342679->341983->342673->646784->646782->341597->344261->341907->341605->341594->343104->341601->343106->343943->342693->341607->344213->343102->341557->342643->341555->341556->342153->343109->613772->339003->339662->341549->342639->563096->342115->563067->342636->338199->338198->338222->338726->338837->339122->646056->338604->338223->338603->339126->338348->338347->338706->338354
static_fuel_dijkstra,t3_sinsa_daechi,long,peak,8.0,15,799.7174,704.8974,94.82,978.1867,252.0351,6308.7,6,True,68,6,8,54,341904->342719->342710->343062->563071->340626->341619->563100->341780->341614->341779->341781->341617->341618->341782->341615->340584->341784->341889->341583->342674->342671->342672->340587->646667->646362->341982->342679->341983->342673->646784->646782->341597->344261->341907->341605->341594->343104->341601->343106->343943->342693->341607->344213->343102->341557->342643->341561->341562->341564->342645->341559->342115->563067->342636->338199->338198->562865->339135->339122->646056->338604->338223->338603->339126->338348->338347->338706->338354
static_fuel_dijkstra,t3_sinsa_daechi,long,peak,8.0,16,811.5082,718.7397,92.7684,981.9876,246.5818,6288.7,5,True,71,7,9,55,341904->342719->342710->343062->563071->340626->341619->563100->341780->341614->341779->341781->341617->341618->341782->341615->340584->341784->341889->341583->342674->342671->342672->340587->646667->646362->341982->342679->341983->342673->646784->646782->341597->344261->341907->341605->341594->343104->341601->343106->343943->342693->341607->344213->343102->341557->342643->341555->341736->341568->341735->341564->342639->563096->342115->563067->342636->338199->338198->338222->338726->338837->339122->646056->338604->338223->338603->339126->338348->338347->338706->338354
static_fuel_dijkstra,t3_sinsa_daechi,long,peak,8.0,17,745.0574,722.2851,22.7723,998.6267,60.5296,6435.9,3,True,68,8,9,51,341904->342719->342710->343062->563071->340626->341619->563100->341780->341614->341779->341781->341617->341618->341782->341615->340584->341784->341889->341583->342674->342671->342672->340587->646667->646362->341982->342679->341983->342673->646784->646782->341597->344261->341907->341605->341594->343104->341601->343106->343943->342693->341607->344213->343102->341557->342643->341561->341562->341564->342645->341559->342115->563067->342636->338199->338198->562865->339135->338197->338925->587845->646128->587905->339124->587910->587846->338600->338354
static_fuel_dijkstra,t3_sinsa_daechi,long,peak,8.0,18,759.1464,718.9132,40.2331,958.4839,106.9411,6411.8,4,True,70,9,10,51,341904->342719->342710->343062->563071->340626->341619->563100->341780->341614->341779->341781->341617->341618->341782->341615->340584->341784->341889->341583->342674->342671->342672->340587->646667->646362->341982->342679->341983->342673->646784->646782->341597->344261->341907->341605->341594->343104->341601->343106->343943->342693->341607->344213->343102->341557->342643->341555->341736->341568->341735->341564->342639->563096->342115->563067->342636->338199->338198->562865->339135->338197->338925->587845->646128->587905->339124->587910->587846->338600->338354
static_fuel_dijkstra,t3_sinsa_daechi,long,peak,8.0,19,764.4824,721.7763,42.7061,935.0187,113.5143,6411.8,5,True,70,9,10,51,341904->342719->342710->343062->563071->340626->341619->563100->341780->341614->341779->341781->341617->341618->341782->341615->340584->341784->341889->341583->342674->342671->342672->340587->646667->646362->341982->342679->341983->342673->646784->646782->341597->344261->341907->341605->341594->343104->341601->343106->343943->342693->341607->344213->343102->341557->342643->341555->341736->341568->341735->341564->342639->563096->342115->563067->342636->338199->338198->562865->339135->338197->338925->587845->646128->587905->339124->587910->587846->338600->338354
static_fuel_dijkstra,t3_sinsa_daechi,long,peak,8.0,20,824.5142,722.3279,102.1863,949.7207,271.615,6312.8,5,True,69,6,8,55,341904->342719->342710->343062->563071->340626->341619->563100->341780->341614->341779->341781->341617->341618->341782->341615->340584->341784->341889->341583->342674->342671->342672->340587->646667->646362->341982->342679->341983->342673->646784->646782->341597->344261->341907->341605->341594->343104->341601->343106->343943->342693->341607->344213->343102->341557->342643->341561->341562->341564->342645->341559->342115->563067->342636->338199->338198->338222->338726->338837->339122->646056->338604->338223->338603->339126->338348->338347->338706->338354
static_fuel_dijkstra,t3_sinsa_daechi,long,peak,8.0,21,844.0864,734.9987,109.0877,940.8861,289.959,6311.8,6,True,68,6,8,54,341904->342719->342710->343062->563071->340626->341619->563100->341780->341614->341779->341781->341617->341618->341782->341615->340584->341784->341889->341583->342674->342671->342672->340587->646667->646362->341982->342679->341983->342673->646784->646782->341597->344261->341907->341605->341594->343104->341601->343106->343943->342693->341607->344213->343102->341557->342643->341561->341562->341564->342645->341559->342115->563067->342636->338199->338198->562865->339135->338197->338597->338605->338223->338603->339126->338348->338347->338706->338354
static_fuel_dijkstra,t3_sinsa_daechi,long,peak,8.0,22,754.2587,700.7429,53.5159,935.6167,142.2471,6350.8,4,True,66,6,8,52,341904->342719->342710->343062->563071->340626->341619->563100->341780->341614->341779->341781->341617->341618->341782->341615->340584->341784->341889->341583->342674->342671->342672->340587->646667->646362->341982->342679->341983->342673->646784->646782->341597->344261->341907->341605->341594->343104->341601->343106->343943->342693->341607->344213->343102->341557->342643->341561->341562->341564->342645->341559->342115->563067->342636->338199->338198->562865->339135->338197->338925->646201->339126->338348->338347->338706->338354
static_fuel_dijkstra,t3_sinsa_daechi,long,peak,8.0,23,826.789,727.3835,99.4056,958.5741,264.2236,6308.7,5,True,68,6,8,54,341904->342719->342710->343062->563071->340626->341619->563100->341780->341614->341779->341781->341617->341618->341782->341615->340584->341784->341889->341583->342674->342671->342672->340587->646667->646362->341982->342679->341983->342673->646784->646782->341597->344261->341907->341605->341594->343104->341601->343106->343943->342693->341607->344213->343102->341557->342643->341561->341562->341564->342645->341559->342115->563067->342636->338199->338198->562865->339135->339122->646056->338604->338223->338603->339126->338348->338347->338706->338354
static_fuel_dijkstra,t3_sinsa_daechi,long,peak,8.0,24,803.7202,720.1653,83.5548,1009.4593,222.0917,6288.7,4,True,71,7,9,55,341904->342719->342710->343062->563071->340626->341619->563100->341780->341614->341779->341781->341617->341618->341782->341615->340584->341784->341889->341583->342674->342671->342672->340587->646667->646362->341982->342679->341983->342673->646784->646782->341597->344261->341907->341605->341594->343104->341601->343106->343943->342693->341607->344213->343102->341557->342643->341555->341736->341568->341735->341564->342639->563096->342115->563067->342636->338199->338198->338222->338726->338837->339122->646056->338604->338223->338603->339126->338348->338347->338706->338354
static_fuel_dijkstra,t3_sinsa_daechi,long,peak,8.0,25,820.6482,722.7945,97.8536,965.6632,260.0985,6308.7,6,True,68,6,8,54,341904->342719->342710->343062->563071->340626->341619->563100->341780->341614->341779->341781->341617->341618->341782->341615->340584->341784->341889->341583->342674->342671->342672->340587->646667->646362->341982->342679->341983->342673->646784->646782->341597->344261->341907->341605->341594->343104->341601->343106->343943->342693->341607->344213->343102->341557->342643->341561->341562->341564->342645->341559->342115->563067->342636->338199->338198->562865->339135->339122->646056->338604->338223->338603->339126->338348->338347->338706->338354
static_fuel_dijkstra,t3_sinsa_daechi,long,peak,8.0,26,815.6024,742.6379,72.9645,1034.7567,193.9423,6287.7,6,True,70,7,9,54,341904->342719->342710->343062->563071->340626->341619->563100->341780->341614->341779->341781->341617->341618->341782->341615->340584->341784->341889->341583->342674->342671->342672->340587->646667->646362->341982->342679->341983->342673->646784->646782->341597->344261->341907->341605->341594->343104->341601->343106->343943->342693->341607->344213->343102->341557->342643->341555->341736->341568->341735->341564->342639->563096->342115->563067->342636->338199->338198->562865->339135->338197->338597->338605->338223->338603->339126->338348->338347->338706->338354
static_fuel_dijkstra,t3_sinsa_daechi,long,peak,8.0,27,789.1733,717.4347,71.7385,1034.3019,190.6837,6239.0,4,True,75,6,7,62,341904->342719->342710->343062->563071->340626->341619->563100->341780->341614->341779->341781->341617->341618->341782->341615->340584->341784->341889->341583->342674->342671->342672->340587->646667->646362->341982->342679->341983->342673->646784->646782->341597->344261->341907->341605->341594->343104->341601->343106->343943->342693->341607->344213->343102->341557->588040->341572->339293->338651->562919->562884->613773->339003->339662->341549->342639->563096->342115->563067->342636->338199->338198->338222->338726->338837->339122->646056->338604->338223->338603->339126->338348->338347->338706->338354
static_fuel_dijkstra,t3_sinsa_daechi,long,peak,8.0,28,816.9554,729.7538,87.2016,997.5341,231.785,6244.4,5,True,74,7,8,59,341904->342719->342710->343062->563071->340626->341619->563100->341780->341614->341779->341781->341617->341618->341782->341615->340584->341784->341889->341583->342674->342671->342672->340587->646667->646362->341982->342679->341983->342673->646784->646782->341597->344261->341907->341605->341594->343104->341601->343106->343943->342693->341607->344213->343102->341557->342643->341555->341556->342153->343109->613772->339003->339662->341549->342639->563096->342115->563067->342636->338199->338198->338222->338726->338837->339122->646056->338604->338223->338603->339126->338348->338347->338706->338354
static_fuel_dijkstra,t3_sinsa_daechi,long,peak,8.0,29,807.6663,710.4587,97.2076,966.5878,258.3814,6311.8,6,True,68,6,8,54,341904->342719->342710->343062->563071->340626->341619->563100->341780->341614->341779->341781->341617->341618->341782->341615->340584->341784->341889->341583->342674->342671->342672->340587->646667->646362->341982->342679->341983->342673->646784->646782->341597->344261->341907->341605->341594->343104->341601->343106->343943->342693->341607->344213->343102->341557->342643->341561->341562->341564->342645->341559->342115->563067->342636->338199->338198->562865->339135->338197->338597->338605->338223->338603->339126->338348->338347->338706->338354
static_fuel_dijkstra,t3_sinsa_daechi,long,peak,8.0,30,803.3312,715.7648,87.5664,985.4476,232.7546,6308.7,5,True,68,6,8,54,341904->342719->342710->343062->563071->340626->341619->563100->341780->341614->341779->341781->341617->341618->341782->341615->340584->341784->341889->341583->342674->342671->342672->340587->646667->646362->341982->342679->341983->342673->646784->646782->341597->344261->341907->341605->341594->343104->341601->343106->343943->342693->341607->344213->343102->341557->342643->341561->341562->341564->342645->341559->342115->563067->342636->338199->338198->562865->339135->339122->646056->338604->338223->338603->339126->338348->338347->338706->338354
rl_base,t1_seonjeongneung_daechi,long,off_peak,7.0,1,655.8667,592.6391,63.2276,686.9254,168.0612,5392.3,5,True,47,5,6,36,341608->342649->341592->341591->342631->563095->342614->340597->342633->342626->344210->341542->341773->341547->341774->343989->341775->342641->342640->613995->342644->341552->341562->341564->342639->563096->342115->563067->342636->338199->338198->562865->339135->338197->338925->587845->646128->587905->339124->587841->338206->339125->338598->338208->338599->587846->338600->338354
rl_base,t1_seonjeongneung_daechi,long,off_peak,7.0,2,954.6029,786.8135,167.7894,953.4906,445.9902,6694.1,9,True,57,11,9,37,341608->342649->341592->341591->342631->563095->342614->340597->342633->342626->344210->341542->342628->342630->344181->613852->341538->341776->340710->341565->341554->341553->341563->341552->341562->341564->342639->563096->342115->563067->342636->338199->338198->562865->339135->338197->338925->646201->339126->338603->338223->338605->338597->338197->338925->587845->646128->587905->339124->587841->338206->339125->338598->338208->338599->587846->338600->338354
rl_base,t1_seonjeongneung_daechi,long,off_peak,7.0,3,701.7105,589.2867,112.4238,728.3869,298.8267,5375.1,7,True,47,5,6,36,341608->342649->341592->341591->342631->563095->342614->340597->342633->342626->344210->341542->341773->341547->341774->343989->341775->342641->342640->613995->342644->341552->341562->341564->342645->341559->342115->563067->342636->338199->338198->562865->339135->338197->338925->587845->646128->587905->339124->587841->338206->339125->338598->338208->338599->587846->338600->338354
rl_base,t1_seonjeongneung_daechi,long,off_peak,7.0,4,414.4976,394.6419,19.8557,460.9588,52.7771,3431.0,2,True,30,4,3,23,341608->341553->341563->341561->341568->341735->341564->342645->341559->342115->563067->342636->338199->338198->562865->339135->338197->338925->587845->646128->587905->339124->587841->338206->339125->338598->338208->338599->587846->338600->338354
rl_base,t1_seonjeongneung_daechi,long,off_peak,7.0,5,875.2725,741.7312,133.5413,907.5358,354.9576,6737.3,6,True,55,5,12,38,341608->342649->341592->341591->342631->563095->342614->340597->342633->342626->344210->341542->341773->341547->341774->343989->341775->342641->342640->613995->342644->341552->341562->341564->342645->341559->342115->563096->342639->341564->342645->341559->342115->563067->342636->338199->338198->562865->339135->338197->338925->587845->646128->587905->339124->587841->338206->339125->338598->338208->339663->338208->338599->587846->338600->338354
rl_base,t1_seonjeongneung_daechi,long,off_peak,7.0,6,705.1033,587.9881,117.1152,725.727,311.2964,5375.1,7,True,47,5,6,36,341608->342649->341592->341591->342631->563095->342614->340597->342633->342626->344210->341542->341773->341547->341774->343989->341775->342641->342640->613995->342644->341552->341562->341564->342645->341559->342115->563067->342636->338199->338198->562865->339135->338197->338925->587845->646128->587905->339124->587841->338206->339125->338598->338208->338599->587846->338600->338354
rl_base,t1_seonjeongneung_daechi,long,off_peak,7.0,7,851.2262,709.9793,141.2469,838.128,375.4394,6472.3,7,True,59,6,9,44,341608->342649->341592->341591->342631->563095->342614->340597->342633->342626->344210->341542->341773->341547->341774->343989->341775->342641->342640->613995->342644->341552->341562->341564->342645->341559->342115->563067->342636->338199->338198->562865->339135->338197->338925->587845->563046->587845->338925->338197->338597->338605->338223->338603->339126->646201->338925->587845->646128->587905->339124->587841->338206->339125->338598->338208->338599->587846->338600->338354
rl_base,t1_seonjeongneung_daechi,long,off_peak,7.0,8,645.474,583.8979,61.5761,684.8265,163.6715,5392.3,5,True,47,5,6,36,341608->342649->341592->341591->342631->563095->342614->340597->342633->342626->344210->341542->341773->341547->341774->343989->341775->342641->342640->613995->342644->341552->341562->341564->342639->563096->342115->563067->342636->338199->338198->562865->339135->338197->338925->587845->646128->587905->339124->587841->338206->339125->338598->338208->338599->587846->338600->338354
rl_base,t1_seonjeongneung_daechi,long,off_peak,7.0,9,653.8475,611.6052,42.2423,756.3387,112.2816,5375.1,4,True,47,5,6,36,341608->342649->341592->341591->342631->563095->342614->340597->342633->342626->344210->341542->341773->341547->341774->343989->341775->342641->342640->613995->342644->341552->341562->341564->342645->341559->342115->563067->342636->338199->338198->562865->339135->338197->338925->587845->646128->587905->339124->587841->338206->339125->338598->338208->338599->587846->338600->338354
rl_base,t1_seonjeongneung_daechi,long,off_peak,7.0,10,746.7035,640.6222,106.0813,755.3212,281.968,5392.3,7,True,47,5,6,36,341608->342649->341592->341591->342631->563095->342614->340597->342633->342626->344210->341542->341773->341547->341774->343989->341775->342641->342640->613995->342644->341552->341562->341564->342639->563096->342115->563067->342636->338199->338198->562865->339135->338197->338925->587845->646128->587905->339124->587841->338206->339125->338598->338208->338599->587846->338600->338354
rl_base,t1_seonjeongneung_daechi,long,off_peak,7.0,11,762.5629,683.1574,79.4055,817.5808,211.0627,5731.7,7,True,51,6,7,38,341608->342649->341592->341591->342631->563095->342614->340597->342633->342626->344210->341542->341773->341547->341774->343989->341775->342641->341737->341569->341985->341559->342645->342148->342644->341552->341562->341564->342639->563096->342115->563067->342636->338199->338198->562865->339135->338197->338925->587845->646128->587905->339124->587841->338206->339125->338598->338208->338599->587846->338600->338354
rl_base,t1_seonjeongneung_daechi,long,off_peak,7.0,12,670.0102,619.5295,50.4807,719.1552,134.1795,5375.1,5,True,47,5,6,36,341608->342649->341592->341591->342631->563095->342614->340597->342633->342626->344210->341542->341773->341547->341774->343989->341775->342641->342640->613995->342644->341552->341562->341564->342645->341559->342115->563067->342636->338199->338198->562865->339135->338197->338925->587845->646128->587905->339124->587841->338206->339125->338598->338208->338599->587846->338600->338354
rl_base,t1_seonjeongneung_daechi,long,off_peak,7.0,13,1430.792,1208.281,222.511,1369.3712,591.4423,9915.3,13,True,120,39,20,61,341608->342649->341592->341591->342631->563095->342614->340597->342633->342626->344210->341542->341773->341547->341774->343989->341775->342641->342640->341551->341538->613852->344181->342630->342628->563165->341547->563166->341548->340707->343666->343075->341543->344196->344195->344513->344196->344195->344513->344196->344195->344513->344196->344195->344513->344196->344195->344513->344196->344195->344513->344196->344195->344513->344196->344195->344513->344196->344195->344513->344196->344195->344515->344512->344198->343076->646705->646704->646705->343076->344198->344512->344515->344195->344513->344196->344194->344196->341543->343075->343666->340707->341548->563166->341547->341774->343989->341775->342641->342640->613995->342644->341552->341562->341564->342639->563096->342115->563067->342636->338199->338198->562865->339135->338197->338925->587845->646128->587905->339124->587841->338206->339125->338598->338208->339663->338208->338599->587846->338600->338354
rl_base,t1_seonjeongneung_daechi,long,off_peak,7.0,14,653.4105,607.3342,46.0763,767.1505,122.4725,5451.1,3,True,49,7,6,36,341608->342649->341592->341591->342631->563095->342614->340597->342633->342626->344210->341542->341773->341547->341774->343989->341775->342641->342640->613995->342644->341552->341562->341564->342639->563096->342115->563067->342636->338199->338198->562865->339135->338197->338925->587845->646128->587905->587904->587905->339124->587841->338206->339125->338598->338208->338599->587846->338600->338354
rl_base,t1_seonjeongneung_daechi,long,off_peak,7.0,15,1076.8192,906.0165,170.8027,1125.7034,453.9997,7902.5,9,True,80,10,11,59,341608->342649->341592->341591->342631->563095->342614->340597->342633->342626->344210->341542->341773->341547->341774->343989->341775->342641->342640->613995->342644->341552->341562->341564->342645->341559->342115->563067->342636->338199->338252->338226->646291->646290->646291->338922->339657->338655->646068->646067->646068->339806->645954->338997->340121->338998->338205->338992->338592->338259->338590->338805->339504->340290->338840->338839->339503->339477->338842->338841->339480->340320->339728->339312->613624->338622->338256->338621->338727->339001->338776->338206->587841->339124->339125->338598->338208->338599->587846->338600->338354
rl_base,t1_seonjeongneung_daechi,long,off_peak,7.0,16,729.2531,618.1779,111.0753,734.2017,295.2421,5375.1,6,True,47,5,6,36,341608->342649->341592->341591->342631->563095->342614->340597->342633->342626->344210->341542->341773->341547->341774->343989->341775->342641->342640->613995->342644->341552->341562->341564->342645->341559->342115->563067->342636->338199->338198->562865->339135->338197->338925->587845->646128->587905->339124->587841->338206->339125->338598->338208->338599->587846->338600->338354
rl_base,t1_seonjeongneung_daechi,long,off_peak,7.0,17,990.5384,764.4493,226.0891,841.1563,600.9531,6741.7,11,True,63,10,10,43,341608->342649->341592->341591->342631->563095->342614->340597->342633->342626->344210->341542->341773->341547->341774->343989->341775->342641->342640->613995->613994->613995->342640->342641->342642->646764->563119->563189->563191->341512->341517->341518->341560->343710->342115->563067->342636->338199->338198->562865->339135->338197->338925->646201->339126->338603->338223->338605->338597->338197->338925->587845->646128->587905->339124->587841->338206->339125->338598->338208->338599->587846->338600->338354
rl_base,t1_seonjeongneung_daechi,long,off_peak,7.0,18,649.4643,594.7943,54.67,713.9272,145.3148,5375.1,5,True,47,5,6,36,341608->342649->341592->341591->342631->563095->342614->340597->342633->342626->344210->341542->341773->341547->341774->343989->341775->342641->342640->613995->342644->341552->341562->341564->342645->341559->342115->563067->342636->338199->338198->562865->339135->338197->338925->587845->646128->587905->339124->587841->338206->339125->338598->338208->338599->587846->338600->338354
rl_base,t1_seonjeongneung_daechi,long,off_peak,7.0,19,712.8517,589.0191,123.8327,699.0111,329.1517,5375.1,7,True,47,5,6,36,341608->342649->341592->341591->342631->563095->342614->340597->342633->342626->344210->341542->341773->341547->341774->343989->341775->342641->342640->613995->342644->341552->341562->341564->342645->341559->342115->563067->342636->338199->338198->562865->339135->338197->338925->587845->646128->587905->339124->587841->338206->339125->338598->338208->338599->587846->338600->338354
rl_base,t1_seonjeongneung_daechi,long,off_peak,7.0,20,498.0212,432.1869,65.8343,498.4211,174.9899,3749.3,4,True,33,5,5,23,341608->341777->341565->341554->341553->341563->341561->341568->341735->341564->342645->341559->342115->563067->342636->338199->338198->562865->339135->338197->338925->587845->646128->587905->339124->587841->338206->339125->338598->338208->338599->587846->338600->338354
rl_base,t1_seonjeongneung_daechi,long,off_peak,7.0,21,658.7122,622.235,36.4772,757.4995,96.9577,5658.1,4,True,51,8,7,36,341608->342649->341592->341591->342631->563095->342614->340597->342633->342626->344210->341542->342627->343944->342627->341542->341773->341547->341774->343989->341775->342641->342640->613995->342644->341552->341562->341564->342639->563096->342115->563067->342636->338199->338198->562865->339135->338197->338925->587845->646128->587905->339124->587841->338206->339125->338598->338208->338599->587846->338600->338354
rl_base,t1_seonjeongneung_daechi,long,off_peak,7.0,22,972.0544,710.1331,261.9213,881.7991,696.1963,6290.2,11,True,61,4,5,52,341608->342649->341592->341591->342631->563095->342614->340597->342633->342626->344210->341542->341773->341547->341774->343989->341775->342641->342640->613995->342644->341552->341562->341564->342645->341559->342115->563067->342636->338199->338198->562865->339135->338197->338596->613615->338210->338595->338693->338227->339819->646028->646026->339934->339811->340231->339724->339314->339317->338256->338621->338727->339001->338776->338206->339125->338598->338208->338599->587846->338600->338354
rl_base,t1_seonjeongneung_daechi,long,off_peak,7.0,23,1044.9807,948.356,96.6247,1135.1001,256.8319,8181.9,6,True,90,19,14,57,341608->342649->341592->341591->342631->563095->340583->646558->343820->342618->342632->343656->343655->343656->340582->342682->342662->342667->342678->341791->341589->340701->563070->342670->646668->646669->342669->563097->342673->646784->646782->341597->341596->341598->342684->341601->343106->343943->342693->341607->342685->341600->342074->338219->338218->339094->338258->613662->339651->338651->339293->341572->340705->341555->341556->342153->343109->613772->613773->339003->613772->343109->342153->341556->341555->341736->341568->341735->341564->342645->341559->342115->563067->342636->338199->338198->562865->339135->338197->338925->587845->646128->587905->339124->339125->338598->338208->338599->587846->338600->338354
rl_base,t1_seonjeongneung_daechi,long,off_peak,7.0,24,658.78,602.7775,56.0025,703.9192,148.8568,5392.3,5,True,47,5,6,36,341608->342649->341592->341591->342631->563095->342614->340597->342633->342626->344210->341542->341773->341547->341774->343989->341775->342641->342640->613995->342644->341552->341562->341564->342639->563096->342115->563067->342636->338199->338198->562865->339135->338197->338925->587845->646128->587905->339124->587841->338206->339125->338598->338208->338599->587846->338600->338354
rl_base,t1_seonjeongneung_daechi,long,off_peak,7.0,25,920.0809,722.6929,197.3881,867.4828,524.6646,6480.1,10,True,59,9,6,44,341608->342649->341592->341591->342631->563095->342614->340597->342633->342626->344210->341542->341773->341547->341774->343989->341775->342641->342640->613995->342644->341552->341562->341564->342645->341559->342115->563067->342636->338199->338198->562865->339135->338197->338925->646201->339126->338603->338223->338605->338597->338197->338925->587845->646128->587905->339124->587841->587844->646223->339001->338776->338206->339125->338598->338208->338599->587846->338600->338354
rl_base,t1_seonjeongneung_daechi,long,off_peak,7.0,26,664.9497,602.5905,62.3592,688.688,165.7531,5392.3,6,True,47,5,6,36,341608->342649->341592->341591->342631->563095->342614->340597->342633->342626->344210->341542->341773->341547->341774->343989->341775->342641->342640->613995->342644->341552->341562->341564->342639->563096->342115->563067->342636->338199->338198->562865->339135->338197->338925->587845->646128->587905->339124->587841->338206->339125->338598->338208->338599->587846->338600->338354
rl_base,t1_seonjeongneung_daechi,long,off_peak,7.0,27,1259.3909,1027.7234,231.6675,1135.7605,615.7805,8504.3,13,True,122,46,17,59,341608->342649->341592->341591->342631->563095->342614->340597->342633->342626->344210->341542->341773->341547->341774->343989->341775->342641->342640->341551->341538->613852->344181->342630->342628->563165->341547->563166->341548->340707->343666->343075->341543->344196->344195->344513->344196->344195->344513->344196->344195->344513->344196->344195->344513->344196->344195->344513->344196->344195->344513->344196->344195->344513->344196->344195->344513->344196->344195->344513->344196->344195->344513->344196->344195->343075->341543->344196->344195->344513->344196->344195->344513->344196->344195->344513->344196->344195->344515->344512->344198->343076->646705->340706->646427->342638->344258->344813->344812->613986->344193->340709->342642->646764->563119->563189->563191->341558->341518->341560->343710->342115->563067->342636->338199->338198->562865->339135->338197->338925->587845->646128->587905->339124->587841->338206->339125->338598->338208->338599->587846->338600->338354
rl_base,t1_seonjeongneung_daechi,long,off_peak,7.0,28,811.8092,644.9266,166.8826,766.6355,443.5799,5879.9,7,True,53,9,8,36,341608->342649->341592->341591->342631->563095->342614->340597->342633->342626->344210->341542->341773->341547->341774->343989->341775->342641->342640->613995->342644->341552->341562->341564->342639->563096->342115->563067->342636->338199->338198->562865->339135->338197->338925->587845->646128->587905->339124->587841->338206->339125->339124->587841->587903->587841->339124->339125->338598->338208->338599->587846->338600->338354
rl_base,t1_seonjeongneung_daechi,long,off_peak,7.0,29,879.5393,732.6111,146.9282,828.2717,390.5405,6517.1,8,True,57,7,10,40,341608->342649->341592->341591->342631->563095->342614->340597->342633->342626->344210->341542->341773->341547->341774->343989->341775->342641->342640->613995->342644->341552->341562->341564->342645->341559->342115->563067->342636->338199->338198->562865->339135->338197->338596->613615->338210->613623->645958->613623->338210->613615->338596->338197->338925->587845->646128->587905->339124->587841->338206->339125->338598->338208->338599->587846->338600->338354
rl_base,t1_seonjeongneung_daechi,long,off_peak,7.0,30,848.0708,712.6291,135.4418,856.7038,360.0091,6097.7,8,True,57,8,11,38,341608->342649->341592->341591->342631->563095->342614->340597->342633->342626->344210->341542->342627->343944->342627->341542->341773->341547->341774->343989->341775->342641->342640->613995->342644->341552->341562->341564->342645->341559->342115->563067->342636->338199->338198->562865->339135->338197->338925->587845->646128->587905->339124->587841->338206->338776->339001->646223->587844->587841->339124->339125->338598->338208->338599->587846->338600->338354
rl_base,t1_seonjeongneung_daechi,long,peak,8.0,1,620.8418,479.16,141.6818,666.399,376.5953,4341.4,6,True,41,3,4,34,341608->342649->341592->341591->342631->563095->342614->340597->342633->342626->344210->341542->341773->341547->341774->343989->341775->342641->341737->341569->341985->341559->342115->563067->342636->338199->338198->562865->339135->338197->338925->587845->646128->587905->339124->339125->338598->338208->338599->587846->338600->338354
rl_base,t1_seonjeongneung_daechi,long,peak,8.0,2,1237.9237,951.9217,286.002,1376.2742,760.2036,8189.5,12,True,71,6,13,52,341608->342649->341592->341591->342631->563095->342614->340597->342633->342626->344210->341542->341773->341547->341774->343989->341775->342641->342640->613995->342644->341552->341562->341564->342645->341559->342115->563067->342636->338199->338252->338226->646291->646290->646291->338922->339657->338655->646068->339806->645954->338997->339119->338588->338587->338262->339922->340140->339002->338922->646291->338226->338252->338199->338198->562865->339135->338197->338925->587845->646128->587905->339124->587841->338206->339125->338598->338208->338599->587846->338600->338354
rl_base,t1_seonjeongneung_daechi,long,peak,8.0,3,694.9654,594.5815,100.3839,784.4515,266.8241,5375.1,4,True,47,5,6,36,341608->342649->341592->341591->342631->563095->342614->340597->342633->342626->344210->341542->341773->341547->341774->343989->341775->342641->342640->613995->342644->341552->341562->341564->342645->341559->342115->563067->342636->338199->338198->562865->339135->338197->338925->587845->646128->587905->339124->587841->338206->339125->338598->338208->338599->587846->338600->338354
rl_base,t1_seonjeongneung_daechi,long,peak,8.0,4,451.7601,375.7196,76.0405,483.2097,202.1185,3431.0,3,True,30,4,3,23,341608->341553->341563->341561->341568->341735->341564->342645->341559->342115->563067->342636->338199->338198->562865->339135->338197->338925->587845->646128->587905->339124->587841->338206->339125->338598->338208->338599->587846->338600->338354
rl_base,t1_seonjeongneung_daechi,long,peak,8.0,5,708.6607,605.3118,103.3488,791.2444,274.7049,5375.1,4,True,47,5,6,36,341608->342649->341592->341591->342631->563095->342614->340597->342633->342626->344210->341542->341773->341547->341774->343989->341775->342641->342640->613995->342644->341552->341562->341564->342645->341559->342115->563067->342636->338199->338198->562865->339135->338197->338925->587845->646128->587905->339124->587841->338206->339125->338598->338208->338599->587846->338600->338354
rl_base,t1_seonjeongneung_daechi,long,peak,8.0,6,746.8916,613.3255,133.5662,864.9641,355.0238,5375.1,5,True,47,5,6,36,341608->342649->341592->341591->342631->563095->342614->340597->342633->342626->344210->341542->341773->341547->341774->343989->341775->342641->342640->613995->342644->341552->341562->341564->342645->341559->342115->563067->342636->338199->338198->562865->339135->338197->338925->587845->646128->587905->339124->587841->338206->339125->338598->338208->338599->587846->338600->338354
rl_base,t1_seonjeongneung_daechi,long,peak,8.0,7,690.0758,626.1496,63.9262,883.5255,169.9181,5392.3,5,True,47,5,6,36,341608->342649->341592->341591->342631->563095->342614->340597->342633->342626->344210->341542->341773->341547->341774->343989->341775->342641->342640->613995->342644->341552->341562->341564->342639->563096->342115->563067->342636->338199->338198->562865->339135->338197->338925->587845->646128->587905->339124->587841->338206->339125->338598->338208->338599->587846->338600->338354
rl_base,t1_seonjeongneung_daechi,long,peak,8.0,8,862.9804,680.0221,182.9583,924.6487,486.3097,5733.9,6,True,53,6,7,40,341608->342649->341592->341591->342631->563095->342614->340597->342633->342626->344210->341542->341773->341547->341774->343989->341775->342641->342640->613995->342644->341552->341562->341564->342645->341559->342115->563067->342636->338199->338198->562865->339135->338197->338597->338605->338223->338603->339126->646201->338925->587845->646128->587905->339124->587841->338206->339125->338598->338208->338599->587846->338600->338354
rl_base,t1_seonjeongneung_daechi,long,peak,8.0,9,814.3827,693.9588,120.4239,919.8111,320.0911,6035.8,5,True,56,7,9,40,341608->342649->341592->341591->342631->563095->342614->340597->342633->342626->344210->341542->341773->341547->563165->342628->341542->342627->343944->342627->341542->341773->341547->341774->343989->341775->342641->342640->613995->342644->341552->341562->341564->342639->563096->342115->563067->342636->338199->338198->562865->339135->338197->338925->587845->646128->587905->339124->587841->338206->339125->338598->338208->338599->587846->338600->338354
rl_base,t1_seonjeongneung_daechi,long,peak,8.0,10,967.299,782.5192,184.7798,1086.7065,491.1513,6760.2,8,True,68,10,8,50,341608->342649->341592->341591->342631->563095->342614->340597->342633->646354->340708->341541->646612->341772->341545->340698->341540->340697->343457->341546->344219->646319->563132->343774->343516->341492->341499->341769->342755->344189->344191->343160->343158->341510->341515->341516->341517->341518->341560->343710->342115->563067->342636->338199->338198->562865->339135->338197->338925->587845->646128->587905->339124->587841->338206->339125->338598->338208->338599->587846->587910->339124->339125->338598->338208->338599->587846->338600->338354
rl_base,t1_seonjeongneung_daechi,long,peak,8.0,11,742.8737,592.9882,149.8855,834.2897,398.401,5375.1,5,True,47,5,6,36,341608->342649->341592->341591->342631->563095->342614->340597->342633->342626->344210->341542->341773->341547->341774->343989->341775->342641->342640->613995->342644->341552->341562->341564->342645->341559->342115->563067->342636->338199->338198->562865->339135->338197->338925->587845->646128->587905->339124->587841->338206->339125->338598->338208->338599->587846->338600->338354
rl_base,t1_seonjeongneung_daechi,long,peak,8.0,12,771.7558,637.5786,134.1773,859.7301,356.648,5760.1,5,True,54,7,8,39,341608->342649->341592->341591->342631->563095->342614->340597->342633->342626->344210->341542->341773->341547->341774->343989->341775->342641->342640->613995->342644->341552->341562->341564->342645->341559->342115->563067->342636->338199->338198->338222->338726->338837->339122->646056->338604->338223->338605->338597->338197->338925->587845->646128->587905->339124->587841->338206->339125->338598->338208->338599->587846->338600->338354
rl_base,t1_seonjeongneung_daechi,long,peak,8.0,13,769.6075,624.5675,145.04,880.2155,385.5215,5375.1,5,True,47,5,6,36,341608->342649->341592->341591->342631->563095->342614->340597->342633->342626->344210->341542->341773->341547->341774->343989->341775->342641->342640->613995->342644->341552->341562->341564->342645->341559->342115->563067->342636->338199->338198->562865->339135->338197->338925->587845->646128->587905->339124->587841->338206->339125->338598->338208->338599->587846->338600->338354
rl_base,t1_seonjeongneung_daechi,long,peak,8.0,14,796.5063,678.3098,118.1966,908.4551,314.1708,6110.8,5,True,53,9,6,38,341608->342649->341592->341591->342631->563095->342614->340597->342633->342626->344210->341542->341773->341547->341774->343989->341775->342641->342640->613995->342644->341552->341562->341564->342645->342148->342644->341552->341562->341564->342645->341559->342115->563067->342636->338199->338198->562865->339135->338197->338925->587845->646128->587905->339124->587841->338206->339125->338598->338208->338599->587846->338600->338354
rl_base,t1_seonjeongneung_daechi,long,peak,8.0,15,761.8172,596.4015,165.4157,784.0968,439.6809,5392.3,6,True,47,5,6,36,341608->342649->341592->341591->342631->563095->342614->340597->342633->342626->344210->341542->341773->341547->341774->343989->341775->342641->342640->613995->342644->341552->341562->341564->342639->563096->342115->563067->342636->338199->338198->562865->339135->338197->338925->587845->646128->587905->339124->587841->338206->339125->338598->338208->338599->587846->338600->338354
rl_base,t1_seonjeongneung_daechi,long,peak,8.0,16,697.6933,603.2696,94.4237,794.8104,250.9816,5375.1,5,True,47,5,6,36,341608->342649->341592->341591->342631->563095->342614->340597->342633->342626->344210->341542->341773->341547->341774->343989->341775->342641->342640->613995->342644->341552->341562->341564->342645->341559->342115->563067->342636->338199->338198->562865->339135->338197->338925->587845->646128->587905->339124->587841->338206->339125->338598->338208->338599->587846->338600->338354
rl_base,t1_seonjeongneung_daechi,long,peak,8.0,17,967.4731,756.7101,210.763,1021.5314,560.2157,6685.3,7,True,66,10,8,48,341608->342649->341592->341591->342631->563095->342614->342072->341544->341796->343669->341798->342622->341797->341771->341545->340698->341540->340697->343457->341546->344219->646319->563132->343774->343516->341492->341499->341769->342755->344189->344191->343160->343158->341510->341515->341516->341517->341518->341560->343710->342115->563067->342636->338199->338198->562865->339135->338197->338925->587845->646128->587905->339124->587841->338206->339125->339124->587841->338206->339125->338598->338208->338599->587846->338600->338354
rl_base,t1_seonjeongneung_daechi,long,peak,8.0,18,1434.5896,1241.8739,192.7156,1659.3589,512.2451,10633.8,9,True,92,13,15,64,341608->342649->341592->341591->342631->563095->342614->340597->342633->342626->344210->341542->341773->341547->341774->343989->341775->342641->342640->613995->342644->341552->341562->341564->342645->341559->342115->343710->341560->341518->341517->341516->341515->342114->342113->341519->341513->341520->343933->343932->343937->341532->341533->344530->341535->343726->343919->338310->339265->338311->339297->339000->339664->338312->338344->340271->338314->338315->338345->340097->339563->338317->613780->613779->338340->338363->587871->338351->338618->338619->338352->562874->339151->338358->562875->338363->338340->338330->338358->339151->562874->338352->338619->338618->338351->338350->339575->338326->339713->339712->339884->338601->338354
rl_base,t1_seonjeongneung_daechi,long,peak,8.0,19,788.8215,619.3638,169.4577,805.531,450.4246,5392.3,6,True,47,5,6,36,341608->342649->341592->341591->342631->563095->342614->340597->342633->342626->344210->341542->341773->341547->341774->343989->341775->342641->342640->613995->342644->341552->341562->341564->342639->563096->342115->563067->342636->338199->338198->562865->339135->338197->338925->587845->646128->587905->339124->587841->338206->339125->338598->338208->338599->587846->338600->338354
rl_base,t1_seonjeongneung_daechi,long,peak,8.0,20,703.7362,610.6183,93.1179,814.1757,247.5107,5375.1,4,True,47,5,6,36,341608->342649->341592->341591->342631->563095->342614->340597->342633->342626->344210->341542->341773->341547->341774->343989->341775->342641->342640->613995->342644->341552->341562->341564->342645->341559->342115->563067->342636->338199->338198->562865->339135->338197->338925->587845->646128->587905->339124->587841->338206->339125->338598->338208->338599->587846->338600->338354
rl_base,t1_seonjeongneung_daechi,long,peak,8.0,21,691.3268,593.7038,97.623,794.012,259.4856,5375.1,4,True,47,5,6,36,341608->342649->341592->341591->342631->563095->342614->340597->342633->342626->344210->341542->341773->341547->341774->343989->341775->342641->342640->613995->342644->341552->341562->341564->342645->341559->342115->563067->342636->338199->338198->562865->339135->338197->338925->587845->646128->587905->339124->587841->338206->339125->338598->338208->338599->587846->338600->338354
rl_base,t1_seonjeongneung_daechi,long,peak,8.0,22,741.7664,589.6669,152.0995,840.0359,404.2859,5392.3,6,True,47,5,6,36,341608->342649->341592->341591->342631->563095->342614->340597->342633->342626->344210->341542->341773->341547->341774->343989->341775->342641->342640->613995->342644->341552->341562->341564->342639->563096->342115->563067->342636->338199->338198->562865->339135->338197->338925->587845->646128->587905->339124->587841->338206->339125->338598->338208->338599->587846->338600->338354
rl_base,t1_seonjeongneung_daechi,long,peak,8.0,23,761.2056,625.4398,135.7658,859.9187,360.8703,5794.1,5,True,51,9,6,36,341608->342649->341592->341591->342631->563095->342614->340597->342633->342626->344210->341542->341773->341547->341774->343989->341775->342641->342640->613995->342644->341552->341562->341564->342645->341559->342115->563067->342636->338199->338198->562865->339135->338197->338925->587845->646128->587905->339124->587841->338206->339125->339124->587841->338206->339125->338598->338208->338599->587846->338600->338354
rl_base,t1_seonjeongneung_daechi,long,peak,8.0,24,1176.7716,930.5208,246.2508,1305.8254,654.5436,7939.6,9,True,83,12,15,56,341608->342649->341592->341591->342631->563095->342614->340597->342633->646354->340708->341541->646612->341772->341545->340698->341540->340697->343457->341546->344219->646319->563132->343774->343516->341492->341499->341769->342755->344189->344188->344810->344809->344188->344189->342755->342608->342607->587988->342821->343267->343341->343340->341501->343078->343127->343078->341501->343340->344393->341506->341507->341508->646563->341513->341519->341515->341516->341517->341518->341560->343710->342115->563067->342636->338199->338198->562865->339135->338197->338925->587845->646128->587905->339124->587841->338206->339125->338598->338208->338599->587846->338600->338354
rl_base,t1_seonjeongneung_daechi,long,peak,8.0,25,720.7091,570.9229,149.7862,796.3546,398.1373,5147.4,7,True,42,5,6,31,341608->342649->341592->341591->342631->563095->342614->340597->342633->342626->344210->341542->341773->341547->341774->343989->341775->342641->342640->613995->342644->341552->341562->341564->342639->563096->342115->563067->342636->338199->338198->562865->339135->338197->338925->587845->646128->587905->339124->587910->587846->338600->338354
rl_base,t1_seonjeongneung_daechi,long,peak,8.0,26,703.015,617.8196,85.1954,838.9235,226.4526,5375.1,4,True,47,5,6,36,341608->342649->341592->341591->342631->563095->342614->340597->342633->342626->344210->341542->341773->341547->341774->343989->341775->342641->342640->613995->342644->341552->341562->341564->342645->341559->342115->563067->342636->338199->338198->562865->339135->338197->338925->587845->646128->587905->339124->587841->338206->339125->338598->338208->338599->587846->338600->338354
rl_base,t1_seonjeongneung_daechi,long,peak,8.0,27,1141.666,851.0662,290.5998,1175.0943,772.4248,7461.1,11,True,70,9,12,49,341608->342649->341592->341591->342631->563095->342614->340597->342633->342626->344210->341542->341773->341547->341774->343989->341775->342641->342640->613995->342644->341552->341563->341561->341568->341566->341549->342639->563096->342115->563067->342636->338199->338198->562865->339135->338197->338597->338605->338223->338603->339126->646201->338925->587845->646128->646127->646128->587845->338925->338197->338597->338605->338223->338603->339126->646201->338925->587845->646128->587905->339124->587841->338206->339125->338598->338208->338599->587846->338600->338354
rl_base,t1_seonjeongneung_daechi,long,peak,8.0,28,889.0968,770.7751,118.3217,1078.4223,314.5034,6538.7,5,True,53,5,10,38,341608->342649->341592->341591->342631->563095->342614->340597->342633->342626->344210->341542->341773->341547->341774->343989->341775->342641->342640->613995->342644->341552->341562->341564->342645->341559->342115->563096->342639->341564->342645->341559->342115->563067->342636->338199->338198->562865->339135->338197->338925->587845->646128->587905->339124->587841->338206->339125->338598->338208->338599->587846->338600->338354
rl_base,t1_seonjeongneung_daechi,long,peak,8.0,29,710.2176,621.3956,88.8221,839.037,236.0922,5392.3,4,True,47,5,6,36,341608->342649->341592->341591->342631->563095->342614->340597->342633->342626->344210->341542->341773->341547->341774->343989->341775->342641->342640->613995->342644->341552->341562->341564->342639->563096->342115->563067->342636->338199->338198->562865->339135->338197->338925->587845->646128->587905->339124->587841->338206->339125->338598->338208->338599->587846->338600->338354
rl_base,t1_seonjeongneung_daechi,long,peak,8.0,30,848.8752,675.2055,173.6697,941.3564,461.6205,5854.0,6,True,54,9,6,39,341608->342649->341592->341591->342631->563095->342614->340597->342633->342626->344210->341542->341773->341547->341774->343989->341775->342641->342640->613995->342644->341552->341562->341564->342645->341559->342115->563067->342636->338199->338198->562865->339135->338197->338925->587845->646128->587905->339124->587841->338206->339125->338598->338208->338599->587846->587910->339124->339125->338598->338208->338599->587846->338600->338354
rl_base,t2_yeoksam_hakyeoul,long,off_peak,7.0,1,3944.5331,3733.2329,211.3002,3554.0866,561.6437,29856.3,12,False,200,38,72,90,338267->340192->338229->338218->339571->338261->563143->588038->341607->344213->343102->341557->342643->341561->341562->341564->342645->341559->342115->343710->341560->342648->563067->342636->338199->338198->562865->339135->338197->338925->646201->339126->338348->338347->338346->339296->338349->338341->338728->339266->338343->338313->338707->338314->338315->338345->340097->339563->338317->338620->338318->338319->338320->340305->338763->563047->338319->338323->338743->338316->338745->339711->338321->339871->338308->338307->338615->339149->338614->338361->339150->338403->339984->338371->338397->338396->340035->338897->340186->340185->587863->338899->339250->338904->338885->338372->338403->339984->646064->646226->646064->339984->338403->646212->338398->338407->646211->338401->338402->338405->338406->338391->338404->338405->338406->338391->338404->338405->338406->338391->338404->338405->338406->338391->338404->338405->338406->338391->338404->338405->338406->338391->338404->338372->338403->339150->338361->339213->645982->338297->338298->645952->338299->338300->340168->340186->340185->340168->340186->338897->340035->338396->646285->338401->338402->338405->338406->338391->338404->338405->338406->338391->338399->338398->338407->646211->338401->338402->338405->338406->338391->338404->338405->338406->338391->338404->338405->338406->338391->338404->338372->338403->339984->646064->646226->646064->339984->338403->646212->338398->338399->338391->338404->338405->338406->338391->338404->338405->338406->338391->338404->338405->338406->338391->338404->338405->338406->338391->338404->338405->338406
rl_base,t2_yeoksam_hakyeoul,long,off_peak,7.0,2,595.6442,495.9221,99.7221,701.948,265.0651,4387.2,5,True,39,6,7,26,338267->340192->338229->338218->339571->338261->563143->588038->341607->344213->343102->341557->342643->341561->341562->341564->342645->341559->342115->343710->341560->341518->341517->341516->341515->342114->342113->342112->341739->341535->343726->343919->338310->339265->338311->339297->339000->339664->338312->338344
rl_base,t2_yeoksam_hakyeoul,long,off_peak,7.0,3,724.9442,660.4583,64.4859,708.8669,171.4059,5500.5,4,True,50,10,8,32,338267->340192->338229->338218->339571->338261->563143->588038->341607->344213->343102->341557->342643->341561->341562->341564->342639->563096->342115->563067->342636->338199->338198->562865->339135->338197->338925->587845->646128->587905->339124->587910->587846->338600->338354->338346->338347->338706->338354->338601->339884->339712->339713->338326->338328->338342->338887->338315->338314->340271->338344
rl_base,t2_yeoksam_hakyeoul,long,off_peak,7.0,4,2476.6458,2099.6965,376.9494,2373.9861,1001.9451,17618.6,15,False,143,29,36,78,338267->340192->338229->338218->339571->338261->563143->588038->341607->344213->343102->341557->342643->341561->341562->341564->342645->342148->342644->613995->342640->342641->342642->646764->563119->563189->563191->341558->344767->341569->341985->341559->342645->342148->342644->613995->342640->342641->342642->646764->563119->563189->563191->341558->344767->341569->341985->341559->342645->341564->342639->563096->342115->343710->341560->342648->563067->342636->338199->338198->562865->339135->338197->338925->587845->646128->587905->339124->339125->338206->340158->338207->338327->338328->338326->339575->338350->338351->587871->338363->338340->613779->613780->338317->339562->339563->338317->338620->338318->338319->563047->338763->338323->338319->338320->339710->339711->338321->339871->338308->338307->338615->339149->338614->338361->339150->338403->646212->338398->338407->646211->338401->338402->338405->338406->338391->338404->338405->338406->338391->338404->338405->338406->338407->338398->338399->338391->338404->338405->338406->338391->338773->613666->613667->562953->338393->338392->338718->563057->562869->613660->613658->562972->562974
rl_base,t2_yeoksam_hakyeoul,long,off_peak,7.0,5,3320.8663,2815.9918,504.8745,3196.2207,1341.9747,23050.9,23,False,183,24,71,88,338267->340192->338229->338218->339571->338261->563143->588038->341607->344213->343102->341557->342643->341561->341562->341564->342645->341559->341985->341569->341738->563185->563184->563185->341560->343710->342115->563067->342636->338199->338198->562865->339135->338197->338925->646201->339126->338348->338347->338346->339296->338349->338341->338728->339266->338343->338313->338707->338314->338315->338345->340097->339563->338317->338620->338318->338319->563047->338763->338323->338319->338318->338620->338317->339562->339563->338317->613780->613779->338340->338363->587871->587870->587871->338363->338340->338330->338318->338362->339695->339697->338278->338955->338308->338307->338615->339149->338614->338361->339150->338403->339984->646064->646226->646064->339984->338403->646212->338398->338407->646211->338401->338402->338405->338406->338391->338404->338405->338406->338391->338404->338405->338406->338391->338404->338405->338406->338391->338404->338405->338406->338391->338404->338405->338406->338391->338404->338405->338406->338391->338404->338405->338406->338391->338404->338405->338406->338391->338404->338405->338406->338391->338404->338405->338406->338391->338404->338405->338406->338391->338404->338405->338406->338391->338404->338405->338406->338391->338404->338405->338406->338391->338404->338405->338402->338401->646211->338407->338398->338399->338391->338773->613666->613667->562953->338393->338392->338718->563057->562869->613660->613658->562972->562974
rl_base,t2_yeoksam_hakyeoul,long,off_peak,7.0,6,3656.9127,3219.3031,437.6096,3405.1238,1163.1822,26626.0,21,False,200,37,54,109,338267->340192->338229->338218->339571->338261->563143->588038->341607->342685->341600->342074->338219->338218->339094->338258->339538->338261->341734->341572->588040->341557->342643->341561->341562->341564->342645->341559->342115->563067->342636->338199->338198->562865->339135->338197->338925->646201->339126->338348->338347->338346->339296->338349->338341->338728->339266->338343->338313->338707->338314->338315->338345->340097->339563->338317->338620->338318->338319->338320->340305->338763->563047->338319->338318->338620->338317->339562->339563->338317->338620->338318->338319->563047->338763->338323->338743->338316->338764->338763->563047->338319->338318->338620->338317->339562->339563->338317->338620->338318->338319->563047->338763->338323->338319->338318->338620->338317->339562->339563->338317->338620->338318->338319->563047->338763->340304->338764->340305->338320->339710->338321->339871->338308->338307->338615->339149->338614->338361->339150->338403->339984->646064->646226->646064->339984->338403->338372->338404->338391->338399->338398->338407->646211->338401->338402->338405->338406->338391->338404->338405->338406->338391->338404->338405->338406->338391->338404->338405->338406->338391->338404->338405->338406->338391->338404->338405->338406->338391->338404->338405->338406->338391->338404->338405->338406->338391->338404->338405->338406->338391->338404->338405->338406->338391->338404->338405->338402->338401->646285->338396->338400->646212->338403->339984->646064->646226->646064->339984->338403->646212->338400->338396->340035->338897->340186->340185->587863->338899->339250->338904
rl_base,t2_yeoksam_hakyeoul,long,off_peak,7.0,7,755.8163,642.9373,112.879,750.7908,300.0365,5495.2,8,True,47,8,9,30,338267->340192->338229->338218->339571->338261->563143->588038->341607->344213->343102->341557->342643->341561->341562->341564->342645->341559->342115->343710->341560->342648->563067->342636->338199->338198->562865->339135->338197->338925->646201->339126->338348->338347->338706->338354->338601->339884->339712->339713->338326->338328->338342->338887->338315->338314->340271->338344
rl_base,t2_yeoksam_hakyeoul,long,off_peak,7.0,8,713.1333,582.2667,130.8667,776.9739,347.8484,5001.7,5,True,49,5,11,33,338267->338585->562917->338230->646176->339098->342073->342687->341600->342685->341607->344213->343102->341557->342643->341561->341562->341564->342645->341559->342115->343710->341560->341518->341517->341516->341515->342114->342113->342112->341739->341535->342613->646707->563094->342114->342113->342112->341739->341535->343726->343919->338310->339265->338311->339297->339000->339664->338312->338344
rl_base,t2_yeoksam_hakyeoul,long,off_peak,7.0,9,868.3635,686.6644,181.6991,751.0968,482.9629,5995.9,8,True,57,15,10,32,338267->340192->338229->338218->339571->338261->563143->588038->341607->344213->343102->341557->342643->341561->341562->341564->342645->341559->342115->343710->341560->342648->563067->342636->338199->338198->562865->339135->338197->338925->587845->646128->587905->339124->587910->587846->338600->338354->338346->338347->338706->338354->338346->338347->338706->338354->338601->339884->339712->339713->338326->338328->338342->338887->338315->338314->340271->338344
rl_base,t2_yeoksam_hakyeoul,long,off_peak,7.0,10,613.0449,505.9523,107.0926,686.7324,284.656,4387.2,5,True,39,6,7,26,338267->340192->338229->338218->339571->338261->563143->588038->341607->344213->343102->341557->342643->341561->341562->341564->342645->341559->342115->343710->341560->341518->341517->341516->341515->342114->342113->342112->341739->341535->343726->343919->338310->339265->338311->339297->339000->339664->338312->338344
rl_base,t2_yeoksam_hakyeoul,long,off_peak,7.0,11,4108.0128,3529.0513,578.9615,3951.5647,1538.9007,31884.3,29,False,200,39,44,117,338267->340192->338229->338218->339571->338261->563143->588038->341607->344213->343102->341557->342643->341561->341562->341564->342645->341559->342115->343710->341560->342648->563067->342636->338199->338198->562865->339135->338197->338925->646201->339126->338348->338347->338346->339296->338349->338341->338728->339266->338343->338313->338707->338314->338315->338345->340097->339563->338317->338620->338318->338319->338320->340305->338763->563047->338319->338318->338620->338317->339562->339563->338317->338620->338318->338319->563047->338763->338323->338319->338318->338620->338317->339562->339563->338317->338620->338318->338319->563047->338763->338323->338319->338318->338620->338317->339562->339563->338317->338620->338318->338319->563047->338763->338323->338319->338318->338620->338317->339562->339563->338317->338620->338318->338319->563047->338763->338323->338743->338316->338764->338763->563047->338319->338318->338362->339695->339697->613782->339697->339695->338362->338318->338330->338358->562875->338363->338340->338330->338318->338319->563047->338763->338323->338743->338316->338764->338763->563047->338319->338318->338362->339695->339697->338278->338955->338308->338306->338307->338308->339871->338321->339711->339710->338321->339871->338308->338307->338615->339149->338614->338361->339150->338403->339984->646064->646226->646064->339984->338403->646212->338400->338396->340035->338897->340186->340185->587863->338899->339250->338904->338885->340182->340183->340184->338886->338903->338898->338897->340035->340034->340035->338396->646285->338401->338402->338405->338406->338391->338404->338405
rl_base,t2_yeoksam_hakyeoul,long,off_peak,7.0,12,607.6322,547.1325,60.4996,683.6431,160.8102,4704.0,4,True,41,8,10,23,338267->340192->338229->338218->339571->338261->563143->588038->341607->344213->343102->341557->342643->341561->341562->341564->342645->341559->342115->343710->341560->341518->341517->341516->341515->342114->342113->342112->341739->341535->344530->344529->343940->339229->338324->338769->338311->339297->339000->339664->338312->338344
rl_base,t2_yeoksam_hakyeoul,long,off_peak,7.0,13,677.8605,552.0142,125.8463,649.6695,334.504,4784.3,6,True,44,9,9,26,338267->340192->338229->338218->339571->338261->563143->588038->341607->344213->343102->341557->342643->341555->341736->341568->341735->341564->342645->341559->342115->343710->341560->342648->563067->342636->338199->338198->562865->339135->338197->338925->646201->339126->338348->338347->338346->339296->338349->338341->338728->339266->338343->338312->338344
rl_base,t2_yeoksam_hakyeoul,long,off_peak,7.0,14,821.4942,649.9689,171.5253,881.7659,455.9205,5823.8,7,True,57,10,10,37,338267->340192->338229->338218->339571->338261->563143->588038->341607->342685->341600->342074->338219->338218->339094->338258->339538->338261->341734->341572->588040->341557->342643->341561->341562->341564->342645->341559->342115->343710->341560->341518->341517->341516->341515->342114->342113->342112->341739->341535->342613->646707->563094->342114->342113->342112->341739->341535->343726->343919->338310->339265->338311->339297->339000->339664->338312->338344
rl_base,t2_yeoksam_hakyeoul,long,off_peak,7.0,15,715.0128,618.9252,96.0876,715.6394,255.4043,5483.3,5,True,50,10,8,32,338267->340192->338229->338218->339571->338261->563143->588038->341607->344213->343102->341557->342643->341561->341562->341564->342645->341559->342115->563067->342636->338199->338198->562865->339135->338197->338925->587845->646128->587905->339124->587910->587846->338600->338354->338346->338347->338706->338354->338601->339884->339712->339713->338326->338328->338342->338887->338315->338314->340271->338344
rl_base,t2_yeoksam_hakyeoul,long,off_peak,7.0,16,3531.4245,2641.4245,890.0,3318.7505,2365.6523,21631.4,38,False,200,41,43,116,338267->340192->338229->338218->339571->338261->563143->588038->341607->344213->343102->341557->342643->341561->341562->341564->342645->341559->342115->563067->342636->338199->338198->562865->339135->338197->338925->587845->563046->587845->338925->646201->339126->338348->338347->338346->339296->338349->338341->338728->339266->338343->338313->338707->338314->338315->338345->340097->339563->338317->338620->338318->338319->338320->340305->338763->563047->338319->338318->338620->338317->339562->339563->338317->338620->338318->338319->563047->338763->338323->338319->338318->338620->338317->339562->339563->338317->338620->338318->338319->563047->338763->338323->338319->338318->338620->338317->339562->339563->338317->338620->338318->338319->563047->338763->338323->338319->338318->338620->338317->339562->339563->338317->338620->338318->338319->563047->338763->338323->338743->338316->338764->338763->563047->338319->338318->338362->339695->339697->338278->338955->338308->338306->338307->338308->339871->338321->339711->338745->338764->338763->563047->338319->338318->338362->339695->339697->338278->338955->338308->338306->338307->338308->338306->338307->338308->339871->338321->339711->338745->338764->338763->563047->338319->338318->338362->339695->339697->338278->338955->338308->338306->338307->338308->338306->338307->338308->339871->338321->339711->338745->338764->338763->563047->338319->338318->338362->339695->339697->338278->338955->338308->338306->338307->338308->338306->338307->338308->339871->338321->339711->338745->338764->338763->563047->338319->338318->338362->339695->339697->338278
rl_base,t2_yeoksam_hakyeoul,long,off_peak,7.0,17,3580.098,3295.1592,284.9388,3380.9118,757.3776,25483.3,11,False,200,21,94,85,338267->340192->338229->338218->339571->338261->563143->588038->341607->344213->343102->341557->342643->341561->341562->341564->341735->341568->341566->341549->342639->563096->342115->563067->342636->338199->338198->562865->339135->338197->338925->646201->339126->338348->338347->338346->339296->338349->338341->338728->339266->338343->338313->338707->338314->338315->338345->340097->339563->338317->338620->338318->338319->563047->338763->338323->338319->338320->339710->338321->339871->338308->338307->338615->339149->338614->338361->339150->338403->339984->646064->646226->646064->339984->338403->646212->338398->338399->338391->338404->338405->338406->338391->338404->338405->338406->338391->338404->338405->338406->338391->338404->338405->338402->338401->646211->338407->338716->338407->646211->338401->338402->338405->338406->338391->338404->338405->338406->338391->338404->338405->338406->338391->338404->338405->338402->338401->646211->338407->338716->338407->646211->338401->338402->338405->338406->338391->338404->338405->338406->338391->338404->338405->338406->338391->338404->338405->338406->338391->338404->338405->338406->338391->338404->338405->338406->338391->338404->338405->338406->338391->338404->338405->338406->338391->338404->338405->338406->338391->338404->338405->338406->338391->338404->338405->338406->338391->338404->338405->338406->338391->338404->338405->338406->338391->338404->338405->338406->338391->338404->338405->338406->338391->338404->338405->338406->338391->338404->338405->338406->338391->338404->338405->338406->338391->338404->338405->338406->338391->338404->338405
rl_base,t2_yeoksam_hakyeoul,long,off_peak,7.0,18,605.5056,519.943,85.5626,662.7947,227.4285,4551.1,4,True,41,7,7,27,338267->340192->338229->338218->339571->338261->563143->588038->341607->344213->343102->341557->342643->341561->341562->341564->342645->341559->342115->563067->342636->338199->338198->562865->339135->338197->338925->646201->339126->338348->338347->338346->339296->338349->338341->338728->339266->338343->338313->338709->338312->338344
rl_base,t2_yeoksam_hakyeoul,long,off_peak,7.0,19,616.0983,490.9511,125.1473,639.6524,332.646,4387.2,6,True,39,6,7,26,338267->340192->338229->338218->339571->338261->563143->588038->341607->344213->343102->341557->342643->341561->341562->341564->342645->341559->342115->343710->341560->341518->341517->341516->341515->342114->342113->342112->341739->341535->343726->343919->338310->339265->338311->339297->339000->339664->338312->338344
rl_base,t2_yeoksam_hakyeoul,long,off_peak,7.0,20,3671.1288,2888.3793,782.7495,3668.2861,2080.5766,24794.3,38,False,200,32,57,111,338267->340192->338229->338218->339571->338261->563143->588038->341607->344213->343102->341557->342643->341561->341562->341564->342645->342148->342644->613995->342640->342641->342642->646764->563119->563189->563191->341558->344767->341569->341985->341559->342645->341564->342639->563096->342115->343710->341560->342648->563067->342636->338199->338198->562865->339135->338197->338925->646201->339126->338348->338347->338346->339296->338349->338341->338728->339266->338343->338313->338707->338314->338315->338345->340097->339563->338317->338620->338318->338319->563047->338763->338323->338319->338318->338620->338317->339562->339563->338317->338620->338318->338319->563047->338763->338323->338319->338318->338620->338317->339562->339563->338317->338620->338318->338330->338358->562875->338363->338340->338330->338358->562875->338363->338340->338330->338318->338319->563047->338763->338323->338743->338316->338764->338763->563047->338319->338318->338362->339695->339697->613782->339697->339695->338362->338318->338330->338358->562875->338363->338340->613779->613780->613778->613780->338317->339562->338296->645999->646000->338362->338318->338330->338358->562875->338363->338340->338330->338318->338319->563047->338763->338323->338743->338322->646119->338099->338100->338329->339883->338352->338619->338618->338351->587871->338363->338340->613779->613780->613778->613780->338317->339562->338296->645999->646000->338362->338318->338620->338317->339562->338296->645999->646000->338362->338318->338319->338323->338743->338316->338764->338763->563047->338319->338318->338362->339695->339697->338278->338955->338308
rl_base,t2_yeoksam_hakyeoul,long,off_peak,7.0,21,3821.7321,3097.9052,723.8269,3774.8832,1923.9581,27698.9,31,False,200,37,46,117,338267->340192->338229->338218->339571->338261->563143->588038->341607->344213->343102->341557->342643->341561->341562->341564->342645->341559->342115->563096->342639->341564->342645->341559->342115->563067->342636->338199->338198->562865->339135->338197->338597->338605->338223->338603->339126->338348->338347->338346->339296->338349->646052->338349->338341->338728->339266->338343->338313->338707->338314->338315->338345->340097->339563->338317->338620->338318->338319->563047->338763->338323->338319->338318->338620->338317->339562->339563->338317->338620->338318->338319->563047->338763->338323->338319->338318->338620->338317->339562->339563->338317->338620->338318->338319->563047->338763->338323->338319->338318->338620->338317->339562->338296->645999->646000->338362->338318->338319->563047->338763->338323->338743->338316->338764->338763->563047->338319->338318->338362->339695->339697->338278->338955->338308->338306->338307->338308->339871->338321->339711->338745->338764->338763->563047->338319->338318->338362->339695->339697->338278->338955->338308->338306->338307->338308->338955->646038->339700->339701->339700->646038->646039->646038->338955->338308->338306->338307->338308->339871->338321->338322->646119->338323->338743->338316->338764->338763->563047->338319->338318->338362->339695->339697->338278->338955->338308->338306->338307->338615->339149->338614->338361->339150->338403->339984->646064->646226->646064->339984->338403->646212->338400->338396->338397->338371->339984->338403->646212->338400->338396->340035->338897->340186->340185->587863->338899->339250->338904->338885->338372
rl_base,t2_yeoksam_hakyeoul,long,off_peak,7.0,22,2470.3,1858.88,611.42,2214.8868,1625.1765,16160.7,26,True,141,36,24,81,338267->340192->338229->338218->339571->338261->563143->588038->341607->344213->343102->341557->342643->341561->341562->341564->342645->341559->342115->343710->341560->342648->563067->342636->338199->338198->562865->339135->338197->338925->587845->646128->587905->339124->587910->587846->338600->338354->338346->338347->338706->338354->338600->587846->338599->338208->339663->338208->338599->587846->587910->339124->339125->338206->340158->338207->338327->338326->338328->338342->338887->338315->338314->340271->338313->338707->338314->338315->338345->340097->339563->338317->338620->338318->338319->563047->338763->338323->338743->338316->338764->338763->563047->338319->338318->338620->338317->339562->339563->338317->338620->338318->338319->563047->338763->338323->338743->338316->338764->338763->563047->338319->338318->338620->338317->339562->339563->338317->338620->338318->338319->563047->338763->338323->338743->338322->646119->338099->338353->646221->338100->338329->339883->338352->339110->338249->338248->339715->339718->339716->339714->338351->338350->339575->338326->338328->338342->338887->338315->338314->340271->338344
rl_base,t2_yeoksam_hakyeoul,long,off_peak,7.0,23,882.0087,723.0249,158.9838,915.1387,422.5846,6511.6,6,True,57,10,9,38,338267->340192->338229->340484->339098->342073->342687->341600->342685->341607->344213->343102->341557->342643->341561->341562->341564->342645->341559->341985->341569->341738->563185->563184->563185->341738->341569->341985->341559->342645->341564->342639->563096->342115->563067->342636->338199->338198->562865->339135->338197->338925->646201->339126->338603->338223->338602->339123->338790->339152->338733->646265->338311->339297->339000->339664->338312->338344
rl_base,t2_yeoksam_hakyeoul,long,off_peak,7.0,24,804.6989,678.6644,126.0345,804.1893,335.0042,5788.1,6,True,53,12,10,31,338267->340192->338229->338218->339571->338261->563143->588038->341607->344213->343102->341557->342643->341561->341562->341564->342645->341559->342115->343710->341560->342648->563067->342636->338199->338198->562865->339135->338197->338925->587845->646128->587905->339124->587910->587846->338600->338354->338346->338347->338706->338354->338601->339884->339712->339713->338326->338328->338342->338887->338315->338314->340271->338344
rl_base,t2_yeoksam_hakyeoul,long,off_peak,7.0,25,3460.6552,2630.1199,830.5353,3178.1761,2207.593,22001.5,38,False,200,43,52,105,338267->340192->338229->338218->339571->338261->563143->588038->341607->344213->343102->341557->342643->341561->341562->341564->342645->341559->341985->341569->341738->563185->563184->563185->341560->343710->342115->563067->342648->342147->342636->338199->338198->562865->339135->338197->338925->646201->339126->338348->338347->338346->339296->338349->338341->338728->339266->338343->338313->338707->338314->338315->338345->340097->339563->338317->338620->338318->338319->338320->340305->338763->563047->338319->338318->338620->338317->339562->339563->338317->338620->338318->338319->563047->338763->338323->338319->338320->340305->338763->563047->338319->338318->338620->338317->339562->339563->338317->338620->338318->338319->563047->338763->338323->338319->338318->338620->338317->339563->339562->338296->645999->646000->338362->338318->338319->563047->338763->338323->338319->338318->338362->339695->339697->613782->339697->339695->338362->338318->338319->563047->338763->338323->338319->338318->338362->339695->339697->338278->338955->338308->338306->338307->338308->338306->338307->338308->338306->338307->338308->338306->338307->338308->339871->338321->339711->338745->338764->338763->563047->338319->338318->338362->339695->339697->338278->338955->338308->338306->338307->338308->339871->338321->339711->338745->338764->338763->563047->338319->338318->338362->339695->339697->338278->338955->338308->338306->338307->338308->339871->338321->339710->339711->338745->338764->338763->563047->338319->338318->338362->339695->339697->338278->338955->338308->338307->338615->339149->338614->338361->339150
rl_base,t2_yeoksam_hakyeoul,long,off_peak,7.0,26,756.1322,646.594,109.5382,782.5804,291.1566,5483.3,4,True,50,10,8,32,338267->340192->338229->338218->339571->338261->563143->588038->341607->344213->343102->341557->342643->341561->341562->341564->342645->341559->342115->563067->342636->338199->338198->562865->339135->338197->338925->587845->646128->587905->339124->587910->587846->338600->338354->338346->338347->338706->338354->338601->339884->339712->339713->338326->338328->338342->338887->338315->338314->340271->338344
rl_base,t2_yeoksam_hakyeoul,long,off_peak,7.0,27,3661.8402,3227.7796,434.0606,3735.2702,1153.7487,26057.0,22,False,200,26,82,92,338267->338584->338254->338767->338768->587842->338583->338268->338262->339922->340140->339002->338922->646291->338226->338252->338199->338198->562865->339135->338197->338925->646201->339126->338348->338347->338346->339296->338349->338341->338728->339266->338343->338313->338707->338314->338315->338345->340097->339563->338317->338620->338318->338319->563047->338763->338323->338319->338318->338620->338317->339562->339563->338317->338620->338318->338319->563047->338763->338323->338319->338318->338620->338317->339563->339562->338317->613780->613779->338340->338330->338318->338319->563047->338763->338323->338319->338318->338362->339695->339697->613782->339697->338278->338955->338308->338306->338307->338308->338306->338307->338308->339871->338321->339711->339710->338321->339871->338308->338307->338615->339149->338614->338361->339150->338403->339984->646064->646226->646064->339984->338403->646212->338398->338399->338391->338404->338405->338406->338391->338404->338405->338406->338391->338404->338405->338406->338391->338404->338405->338406->338391->338404->338405->338406->338391->338404->338405->338406->338391->338404->338405->338406->338391->338404->338405->338406->338391->338404->338405->338406->338391->338404->338405->338406->338391->338404->338405->338406->338391->338404->338405->338406->338391->338404->338405->338406->338391->338404->338405->338406->338391->338404->338405->338406->338391->338404->338405->338406->338391->338404->338405->338406->338391->338404->338405->338406->338391->338404->338405->338406->338391->338404->338405->338402->338401->646285->338396->338400->646212->338403
rl_base,t2_yeoksam_hakyeoul,long,off_peak,7.0,28,3233.2769,2340.6821,892.5949,2997.6438,2372.5495,20511.7,41,False,175,29,43,103,338267->340192->338229->338218->339571->338261->563143->588038->341607->344213->343102->341557->342643->341555->341736->341568->341735->341564->342645->341559->342115->563067->342636->338199->338198->562865->339135->338197->338597->338605->338223->338603->339126->338348->338347->338346->339296->338349->338341->338728->339266->338343->338313->338707->338314->338315->338345->340097->339563->338317->338620->338318->338319->563047->338763->338323->338319->338318->338620->338317->339562->339563->338317->338620->338318->338319->563047->338763->338323->338319->338318->338620->338317->339562->339563->338317->338620->338318->338330->338358->562875->338363->338340->338330->338318->338319->563047->338763->338323->338319->338318->338620->338317->339562->338296->645999->646000->338362->338318->338330->338358->562875->338363->338340->338330->338318->338319->563047->338763->338323->338319->338318->338362->339695->339697->338278->338955->338308->338306->338307->338308->338306->339148->339320->338943->339320->339148->613629->338303->339704->339703->338334->338333->339869->338332->340056->338335->338334->339703->339704->338303->338338->646005->646003->339699->339698->340051->339698->339699->646003->646002->646003->646005->338338->338303->339704->339703->339702->339703->339704->338303->338338->646005->646003->339699->339698->340051->339698->338450->338792->563056->562869->613660->613658->562972->562974
rl_base,t2_yeoksam_hakyeoul,long,off_peak,7.0,29,604.1138,492.6221,111.4917,682.9382,296.3489,4387.2,5,True,39,6,7,26,338267->340192->338229->338218->339571->338261->563143->588038->341607->344213->343102->341557->342643->341561->341562->341564->342645->341559->342115->343710->341560->341518->341517->341516->341515->342114->342113->342112->341739->341535->343726->343919->338310->339265->338311->339297->339000->339664->338312->338344
rl_base,t2_yeoksam_hakyeoul,long,off_peak,7.0,30,755.4948,594.7274,160.7674,707.7079,427.3256,5234.5,5,True,45,8,4,33,338267->338584->338254->338767->338768->587842->338583->338268->338262->339922->340140->339002->338922->646291->338226->338252->338199->338198->562865->339135->338197->338925->587845->646128->587905->339124->587910->587846->338600->338354->338346->338347->338706->338354->338601->339884->339712->339713->338326->338328->338342->338887->338315->338314->340271->338344
rl_base,t2_yeoksam_hakyeoul,long,peak,8.0,1,620.1209,547.1826,72.9382,832.6017,193.8724,4387.2,5,True,39,6,7,26,338267->340192->338229->338218->339571->338261->563143->588038->341607->344213->343102->341557->342643->341561->341562->341564->342645->341559->342115->343710->341560->341518->341517->341516->341515->342114->342113->342112->341739->341535->343726->343919->338310->339265->338311->339297->339000->339664->338312->338344
rl_base,t2_yeoksam_hakyeoul,long,peak,8.0,2,603.836,502.498,101.338,714.6753,269.3601,4486.0,6,True,41,8,7,26,338267->340192->338229->338218->339571->338261->563143->588038->341607->344213->343102->341557->342643->341561->341562->341564->342645->341559->342115->343710->341560->341518->341517->341516->341515->342114->342113->342112->341739->341535->343726->343919->338310->339265->338311->339297->339000->339664->339665->339664->338312->338344
rl_base,t2_yeoksam_hakyeoul,long,peak,8.0,3,3579.7138,2636.5018,943.2119,3665.6221,2507.0916,22682.4,41,False,200,41,46,113,338267->340192->338229->338218->339571->338261->563143->588038->341607->344213->343102->341557->342643->341561->341562->341564->342645->341559->342115->563067->342636->338199->338198->562865->339135->338197->338925->646201->339126->338348->338347->338346->339296->338349->338341->338728->339266->338343->338313->338707->338314->338315->338345->340097->339563->338317->613780->613778->613780->338317->339562->339563->338317->338620->338318->338319->563047->338763->338323->338319->338318->338620->338317->339562->339563->338317->613780->613779->613777->613779->613780->338317->339562->339563->338317->338620->338318->338319->563047->338763->338323->338319->338318->338620->338317->339562->339563->338317->338620->338318->338319->563047->338763->338323->338319->338318->338620->338317->339562->338296->645999->646000->338362->338318->338330->338358->562875->338363->338340->613779->613780->613778->613780->338317->339562->338296->646044->338295->338277->645974->613781->338278->339697->339695->338362->338318->338330->338340->613779->613780->613778->613780->338317->339562->338296->645999->646000->338362->338318->338319->563047->338763->338323->338743->338316->338764->338763->563047->338319->338318->338362->339695->339697->613782->339697->339695->338362->338318->338319->338323->338743->338316->338764->338763->563047->338319->338318->338362->339695->339697->613782->339697->339695->338362->338318->338319->563047->338763->338323->338743->338316->338764->338763->563047->338319->338318->338620->338317->339562->338296->645999->646000->338362->338318->338330->338340->613779->613780->613778->613780->613779
rl_base,t2_yeoksam_hakyeoul,long,peak,8.0,4,956.3054,787.2091,169.0964,1069.6721,449.4643,6718.6,10,True,66,11,5,50,338267->338584->338254->338767->338768->587842->338583->338268->338262->339922->340140->339002->338922->646291->646290->646291->338922->339002->340140->339922->338262->338587->338588->339119->338589->338205->338992->338592->338259->338590->338805->339504->339505->339506->339503->339477->338842->338841->339480->340320->339728->339312->613624->338622->338256->338621->338727->339001->338776->338206->587841->587903->587841->339124->339125->338206->340158->338207->338327->338326->338328->338342->338887->338315->338314->340271->338344
rl_base,t2_yeoksam_hakyeoul,long,peak,8.0,5,763.5266,556.9037,206.623,782.5071,549.2113,4878.7,7,True,51,11,6,34,338267->340192->338229->338218->339571->338261->563143->588038->588037->588038->563143->338261->341734->341572->588040->341557->342643->341561->341562->341564->342645->341559->342115->563067->342636->338199->338198->562865->339135->338197->338597->338605->338223->338604->646056->646055->646056->338604->338223->338603->339126->338348->338347->338346->339296->338349->338341->338728->339266->338343->338312->338344
rl_base,t2_yeoksam_hakyeoul,long,peak,8.0,6,730.8804,617.4343,113.4461,804.2711,301.5438,5483.3,6,True,50,10,8,32,338267->340192->338229->338218->339571->338261->563143->588038->341607->344213->343102->341557->342643->341561->341562->341564->342645->341559->342115->563067->342636->338199->338198->562865->339135->338197->338925->587845->646128->587905->339124->587910->587846->338600->338354->338346->338347->338706->338354->338601->339884->339712->339713->338326->338328->338342->338887->338315->338314->340271->338344
rl_base,t2_yeoksam_hakyeoul,long,peak,8.0,7,732.2497,621.0452,111.2045,788.1882,295.5855,5483.3,6,True,50,10,8,32,338267->340192->338229->338218->339571->338261->563143->588038->341607->344213->343102->341557->342643->341561->341562->341564->342645->341559->342115->563067->342636->338199->338198->562865->339135->338197->338925->587845->646128->587905->339124->587910->587846->338600->338354->338346->338347->338706->338354->338601->339884->339712->339713->338326->338328->338342->338887->338315->338314->340271->338344
rl_base,t2_yeoksam_hakyeoul,long,peak,8.0,8,3730.399,2806.7502,923.6487,3966.7829,2455.0919,23743.2,39,False,200,39,47,114,338267->338584->338254->338767->338768->587842->338583->338268->338262->339922->340140->339002->338922->646291->338226->338252->338251->646070->338648->338209->339659->339658->339659->338210->613615->338596->338197->339135->562865->338198->338222->338726->338837->339122->646056->338604->338223->338603->339126->338348->338347->338346->339296->338349->338341->338728->339266->338343->338313->338707->338314->338315->338345->340097->339563->338317->338620->338318->338319->563047->338763->338323->338319->338318->338620->338317->339562->339563->338317->613780->613779->338340->338330->338318->338319->563047->338763->338323->338319->338318->338620->338317->339562->338296->645999->646000->338362->338318->338330->338358->562875->338363->338340->613779->613780->613778->613780->613779->338340->338330->338318->338362->339695->339697->613782->339697->339695->338362->338318->338330->338358->562875->338363->338340->613779->613780->613778->613780->338317->339562->338296->645999->646000->338362->338318->338319->563047->338763->338323->338743->338316->338764->338763->563047->338319->338318->338330->338340->613779->613780->613778->613780->338317->338620->338318->338319->563047->338763->338323->338743->338316->338764->338763->563047->338319->338318->338362->339695->339697->613782->339697->339695->338362->338318->338319->563047->338763->338764->338745->338316->338743->340304->338764->338763->563047->338319->338318->338362->339695->339697->338278->338955->338308->339871->338321->339710->339711->338321->339871->338308->338955->646038->339700->339701->339700->646038->338955->338308->339871->338321->338322
rl_base,t2_yeoksam_hakyeoul,long,peak,8.0,9,878.1323,741.1811,136.9512,916.3681,364.0212,6612.8,6,True,64,15,9,40,338267->340192->338229->338218->339571->338261->563143->588038->341607->344213->343102->341557->342643->341561->341562->341564->342645->341559->342115->563067->342636->338199->338198->562865->339135->338197->338925->587845->646128->587905->339124->587910->587846->338600->338354->338706->338347->338348->339126->646201->338925->587845->646128->587905->339124->587910->587846->338600->338354->338346->338347->338706->338354->338601->339884->339712->339713->338326->338328->338342->338887->338315->338314->340271->338344
rl_base,t2_yeoksam_hakyeoul,long,peak,8.0,10,589.4583,500.5041,88.9542,741.572,236.4435,4387.2,5,True,39,6,7,26,338267->340192->338229->338218->339571->338261->563143->588038->341607->344213->343102->341557->342643->341561->341562->341564->342645->341559->342115->343710->341560->341518->341517->341516->341515->342114->342113->342112->341739->341535->343726->343919->338310->339265->338311->339297->339000->339664->338312->338344
rl_base,t2_yeoksam_hakyeoul,long,peak,8.0,11,779.7928,708.0399,71.7529,913.4346,190.7219,5925.2,5,True,61,12,12,37,338267->338803->613768->613766->613767->338253->339069->339134->338230->646176->339098->342073->342687->341600->342685->341607->344213->343102->341557->588040->341572->340705->341555->342643->341561->341562->341564->342645->341559->342115->563067->342636->338199->338198->562865->339135->338197->338925->587845->646128->587905->339124->587910->587846->338600->338354->338346->338347->338706->338354->338601->339884->339712->339713->338326->338328->338342->338887->338315->338314->340271->338344
rl_base,t2_yeoksam_hakyeoul,long,peak,8.0,12,605.7888,516.6234,89.1654,727.5327,237.0048,4387.2,6,True,39,6,7,26,338267->340192->338229->338218->339571->338261->563143->588038->341607->344213->343102->341557->342643->341561->341562->341564->342645->341559->342115->343710->341560->341518->341517->341516->341515->342114->342113->342112->341739->341535->343726->343919->338310->339265->338311->339297->339000->339664->338312->338344
rl_base,t2_yeoksam_hakyeoul,long,peak,8.0,13,762.5636,640.2577,122.3059,792.6112,325.0936,5483.3,6,True,50,10,8,32,338267->340192->338229->338218->339571->338261->563143->588038->341607->344213->343102->341557->342643->341561->341562->341564->342645->341559->342115->563067->342636->338199->338198->562865->339135->338197->338925->587845->646128->587905->339124->587910->587846->338600->338354->338346->338347->338706->338354->338601->339884->339712->339713->338326->338328->338342->338887->338315->338314->340271->338344
rl_base,t2_yeoksam_hakyeoul,long,peak,8.0,14,766.8712,671.2785,95.5927,835.7917,254.0889,5788.1,7,True,53,12,10,31,338267->340192->338229->338218->339571->338261->563143->588038->341607->344213->343102->341557->342643->341561->341562->341564->342645->341559->342115->343710->341560->342648->563067->342636->338199->338198->562865->339135->338197->338925->587845->646128->587905->339124->587910->587846->338600->338354->338346->338347->338706->338354->338601->339884->339712->339713->338326->338328->338342->338887->338315->338314->340271->338344
rl_base,t2_yeoksam_hakyeoul,long,peak,8.0,15,746.9531,649.5075,97.4455,843.0024,259.0138,5788.1,6,True,53,12,10,31,338267->340192->338229->338218->339571->338261->563143->588038->341607->344213->343102->341557->342643->341561->341562->341564->342645->341559->342115->343710->341560->342648->563067->342636->338199->338198->562865->339135->338197->338925->587845->646128->587905->339124->587910->587846->338600->338354->338346->338347->338706->338354->338601->339884->339712->339713->338326->338328->338342->338887->338315->338314->340271->338344
rl_base,t2_yeoksam_hakyeoul,long,peak,8.0,16,768.1081,659.1208,108.9873,801.3077,289.6923,5788.1,7,True,53,12,10,31,338267->340192->338229->338218->339571->338261->563143->588038->341607->344213->343102->341557->342643->341561->341562->341564->342645->341559->342115->343710->341560->342648->563067->342636->338199->338198->562865->339135->338197->338925->587845->646128->587905->339124->587910->587846->338600->338354->338346->338347->338706->338354->338601->339884->339712->339713->338326->338328->338342->338887->338315->338314->340271->338344
rl_base,t2_yeoksam_hakyeoul,long,peak,8.0,17,1069.0763,793.8013,275.275,1028.7818,731.6909,6533.8,12,True,63,10,8,45,338267->338584->338254->338767->338768->587842->338583->338268->338262->339922->340140->339002->338922->646291->646290->646291->338922->339002->339652->339002->340140->339922->338262->338587->338588->339119->338589->338205->338992->338592->338259->338591->338204->338789->338923->340045->340479->587843->338594->338227->338693->338595->338210->613615->338596->338197->338925->587845->646128->587905->339124->339125->338206->340158->338207->338327->338326->338328->338342->338887->338315->338314->340271->338344
rl_base,t2_yeoksam_hakyeoul,long,peak,8.0,18,604.8705,519.2218,85.6488,742.0216,227.6575,4387.2,6,True,39,6,7,26,338267->340192->338229->338218->339571->338261->563143->588038->341607->344213->343102->341557->342643->341561->341562->341564->342645->341559->342115->343710->341560->341518->341517->341516->341515->342114->342113->342112->341739->341535->343726->343919->338310->339265->338311->339297->339000->339664->338312->338344
rl_base,t2_yeoksam_hakyeoul,long,peak,8.0,19,3708.0403,2810.0415,897.9987,3986.4234,2386.9132,23736.0,33,False,200,41,51,108,338267->340192->338229->338218->339571->338261->563143->588038->341607->344213->343102->341557->342643->341561->341562->341564->342645->341559->342115->343710->341560->341518->341517->341516->341515->342114->563094->646707->342613->341521->341571->341996->342147->342636->338199->338198->562865->339135->338197->338925->587845->646128->587905->339124->587910->587846->338600->338354->338346->338347->338706->338354->338601->339884->339712->339713->338326->338328->338342->338887->338315->338314->338707->338313->340271->338314->338315->338345->340097->339563->338317->613780->613779->338340->338330->338358->562875->338363->338340->338330->338318->338319->563047->338763->338323->338319->338318->338620->338317->339562->339563->338317->338620->338318->338319->563047->338763->338323->338743->338316->338764->338763->563047->338319->338318->338620->338317->339562->338296->645999->646000->338362->338318->338330->338358->562875->338363->338340->613779->613780->613778->613780->338317->339562->338296->645999->646000->338362->338318->338330->338358->562875->338363->338340->613779->613777->613779->613780->613778->613780->338317->339562->338296->645999->646000->338362->338318->338330->338340->613779->613780->613778->613780->338317->339562->338296->645999->646000->338362->338318->338330->338340->613779->613780->613778->613780->613779->338340->338330->338318->338620->338317->339562->338296->645999->646000->338362->338318->338319->563047->338763->338764->338745->338316->338743->340304->338764->340305->338320->339710->339711->338321->339871->338308->338955->646038->339700->339701->339700->646038->338955
rl_base,t2_yeoksam_hakyeoul,long,peak,8.0,20,3439.3849,2713.1772,726.2077,3801.9137,1930.2863,23545.2,38,False,200,37,56,107,338267->340192->338229->338218->339571->338261->563143->588038->341607->344213->343102->341557->342643->341561->341562->341564->342645->341559->342115->343710->341560->342648->563067->342636->338199->338198->562865->339135->338197->338925->587845->646128->587905->587904->587905->646128->587845->338925->338197->338597->338605->338223->338603->339126->338348->338347->338346->339296->338349->338341->338728->339266->338343->338313->338707->338314->338315->338345->340097->339563->338317->613780->613779->338340->338330->338318->338319->563047->338763->338323->338319->563047->338763->338323->338319->338318->338362->339695->339697->613782->339697->339695->338362->338318->338319->563047->338763->338323->338319->338318->338620->338317->339562->339563->338317->338620->338318->338319->563047->338763->338323->338319->338318->338620->338317->339562->338296->645999->646000->338362->338318->338330->338358->562875->338363->338340->613779->613780->613778->613780->338317->339562->338296->645999->646000->338362->338318->338330->338358->339151->562874->338352->338619->338618->338351->587871->338363->338340->613779->613780->613778->613780->338317->339562->338296->645999->646000->338362->338318->338330->338340->613779->613777->613779->613780->613778->613780->338317->338620->338318->338319->563047->338763->338323->338743->338316->338764->338763->563047->338319->338318->338362->339695->339697->613782->339697->339695->338362->338318->338319->338323->338743->338316->338764->338763->563047->338319->338318->338362->339695->339697->338278->338955->338308->339871->338321->338322->646119->338099->338100->338329
rl_base,t2_yeoksam_hakyeoul,long,peak,8.0,21,599.6579,544.8188,54.8391,828.2241,145.7643,4387.2,5,True,39,6,7,26,338267->340192->338229->338218->339571->338261->563143->588038->341607->344213->343102->341557->342643->341561->341562->341564->342645->341559->342115->343710->341560->341518->341517->341516->341515->342114->342113->342112->341739->341535->343726->343919->338310->339265->338311->339297->339000->339664->338312->338344
rl_base,t2_yeoksam_hakyeoul,long,peak,8.0,22,591.9689,508.2402,83.7287,760.7951,222.5541,4387.2,5,True,39,6,7,26,338267->340192->338229->338218->339571->338261->563143->588038->341607->344213->343102->341557->342643->341561->341562->341564->342645->341559->342115->343710->341560->341518->341517->341516->341515->342114->342113->342112->341739->341535->343726->343919->338310->339265->338311->339297->339000->339664->338312->338344
rl_base,t2_yeoksam_hakyeoul,long,peak,8.0,23,983.2045,791.7987,191.4059,1207.0754,508.7637,6907.3,10,True,57,7,12,38,338267->340192->338229->338218->339571->338261->563143->588038->341607->344213->343102->341557->342643->341561->341562->341564->342645->341559->342115->563067->342636->338199->338252->338226->339093->339128->341549->341566->341568->341735->341564->342645->341559->342115->563067->342636->342147->341996->341571->341521->342613->646707->563094->342114->342113->342112->341739->341535->343726->343919->338310->339265->338311->339297->339000->339664->338312->338344
rl_base,t2_yeoksam_hakyeoul,long,peak,8.0,24,4344.72,4074.1799,270.5401,4048.1796,719.1054,35793.2,13,False,200,29,57,114,338267->340192->338229->338218->339571->338261->563143->588038->341607->344213->343102->341557->342643->341561->341562->341564->342645->341559->342115->343710->341560->342648->563067->342636->338199->338198->562865->339135->338197->338925->646201->339126->338348->338347->338346->339296->338349->338341->338728->339266->338343->338313->338707->338314->338315->338887->340280->562957->340280->338887->338315->338345->340097->339563->338317->338620->338318->338319->563047->338763->338323->338319->338318->338620->338317->339562->339563->338317->338620->338318->338319->563047->338763->340305->338320->339710->338321->339871->338308->338307->338615->339149->338614->338361->339150->338403->339984->646064->646226->646064->339984->338403->646212->338400->338396->340035->338897->340186->340185->587863->338899->339250->338904->338885->338372->338403->646212->338398->338399->338391->338404->338405->338406->338391->338404->338405->338406->338391->338404->338405->338406->338391->338404->338405->338406->338391->338404->338405->338406->338391->338404->338405->338406->338391->338404->338405->338406->338391->338404->338405->338406->338391->338404->338405->338406->338391->338404->338405->338406->338407->646211->338401->646285->338396->338400->646212->338403->339984->646064->646226->646064->339984->338403->646212->338400->338396->340035->338897->340186->340185->587863->338899->339250->338904->338885->338372->338403->339984->646064->646226->646064->339984->338403->646212->338400->338396->340035->338897->340186->340185->587863->338899->339250->338904->338885->338372->338403->339984->646064->646226->646064
rl_base,t2_yeoksam_hakyeoul,long,peak,8.0,25,744.288,626.3541,117.934,783.4568,313.4727,5483.3,6,True,50,10,8,32,338267->340192->338229->338218->339571->338261->563143->588038->341607->344213->343102->341557->342643->341561->341562->341564->342645->341559->342115->563067->342636->338199->338198->562865->339135->338197->338925->587845->646128->587905->339124->587910->587846->338600->338354->338346->338347->338706->338354->338601->339884->339712->339713->338326->338328->338342->338887->338315->338314->340271->338344
rl_base,t2_yeoksam_hakyeoul,long,peak,8.0,26,597.6498,528.7115,68.9383,793.0072,183.2406,4387.2,5,True,39,6,7,26,338267->340192->338229->338218->339571->338261->563143->588038->341607->344213->343102->341557->342643->341561->341562->341564->342645->341559->342115->343710->341560->341518->341517->341516->341515->342114->342113->342112->341739->341535->343726->343919->338310->339265->338311->339297->339000->339664->338312->338344
rl_base,t2_yeoksam_hakyeoul,long,peak,8.0,27,3684.0176,2686.4165,997.6011,3703.4663,2651.6599,23119.2,43,False,200,45,49,106,338267->340192->338229->338218->339571->338261->563143->588038->341607->344213->343102->341557->342643->341561->341562->341564->342645->341559->342115->563096->342639->341564->342645->341559->342115->563067->342636->338199->338198->562865->339135->338197->338925->646201->339126->338348->338347->338346->339296->338349->338341->338728->339266->338343->338313->338707->338314->338315->338345->340097->339563->338317->613780->613779->613777->613779->613780->338317->339562->339563->338317->338620->338318->338319->563047->338763->338323->338319->338318->338620->338317->339562->339563->338317->338620->338318->338319->563047->338763->338323->338319->338318->338620->338317->339562->339563->338317->338620->338318->338319->563047->338763->338323->338319->338318->338330->338358->562875->338363->338340->613779->613780->613778->613780->338317->339562->338296->645999->646000->338362->338318->338330->338358->562875->338363->338340->613779->613780->613778->613780->338317->339562->338296->645999->646000->338362->338318->338319->563047->338763->338323->338743->338316->338764->338763->563047->338319->338318->338362->339695->339697->613782->339697->339695->338362->338318->338319->563047->338763->338323->338743->338316->338764->338763->563047->338319->338318->338362->339695->339697->613782->339697->339695->340050->339695->338362->338318->338319->338323->338743->338316->338764->338763->563047->338319->338318->338362->339695->339697->613782->339697->339695->338362->338318->338319->338323->338743->338316->338764->338763->563047->338319->338318->338362->339695->339697->338278->338955->338308->339871->338321
rl_base,t2_yeoksam_hakyeoul,long,peak,8.0,28,748.7805,664.1997,84.5809,883.7189,224.819,5757.1,5,True,52,11,9,32,338267->340192->338229->338218->339094->338258->339538->338261->563143->588038->341607->344213->343102->341557->342643->341561->341562->341564->342645->341559->342115->563067->342636->338199->338198->562865->339135->338197->338925->587845->646128->587905->339124->587910->587846->338600->338354->338346->338347->338706->338354->338601->339884->339712->339713->338326->338328->338342->338887->338315->338314->340271->338344
rl_base,t2_yeoksam_hakyeoul,long,peak,8.0,29,3524.4126,2641.0513,883.3613,3701.3654,2348.0065,21161.0,39,False,200,48,44,108,338267->340192->338229->338218->339571->338261->339538->338258->339132->338586->338262->338587->338588->339119->338997->645954->339806->646068->338655->339656->339807->339808->339807->339810->339809->339810->338999->339654->339136->338209->339659->339658->339659->338209->338648->646070->338251->338252->338199->338198->562865->339135->338197->338925->646201->339126->338348->338347->338346->339296->338349->338341->338728->339266->338343->338313->338707->338314->338315->338345->340097->339563->338317->338620->338318->338362->339695->339697->613782->339697->339695->338362->338318->338319->563047->338763->338323->338319->338318->338620->338317->339562->339563->338317->338620->338318->338319->563047->338763->338323->338319->338318->338620->338317->339562->339563->338317->338620->338318->338319->563047->338763->338323->338743->338316->338764->338763->563047->338319->338318->338362->339695->339697->613782->339697->339695->338362->338318->338330->338358->562875->338363->338340->613779->613780->613778->613780->338317->338620->338318->338319->563047->338763->338323->338743->338316->338764->338763->563047->338319->338318->338362->339695->339697->338278->338955->338308->338306->338307->338308->338306->338307->338308->338306->338307->338308->338306->338307->338308->338955->646038->339700->339701->339700->646038->338955->338308->338306->338307->338308->339871->338321->338322->646119->338099->338100->338329->339883->338352->338619->338618->338351->587871->338363->562875->338358->338330->338318->338319->563047->338763->338764->338745->338316->338743->340304->338764->340305->338320->339710->339711
rl_base,t2_yeoksam_hakyeoul,long,peak,8.0,30,3446.5657,3072.1319,374.4338,3539.1142,995.2586,24123.4,15,False,200,32,77,91,338267->340192->338229->338218->339571->338261->563143->588038->341607->344213->343102->341557->588040->341572->340705->341555->342643->341561->341562->341564->342645->341559->342115->563067->342636->338199->338198->562865->339135->338197->338597->338605->338223->338604->646056->339122->340233->340232->340233->339122->646056->646055->646056->338604->338223->338603->339126->338348->338347->338346->339296->338349->338341->338728->339266->338343->338313->338707->338314->338315->338345->340097->339563->338317->613780->613779->338340->338330->338318->338319->563047->338763->338323->338319->338318->338620->338317->339562->339563->338317->338620->338318->338319->563047->338763->340305->338320->339710->338321->339871->338308->338307->338615->339149->338614->338361->339150->338403->339984->646064->646226->646064->339984->338403->646212->338398->338399->338391->338404->338405->338406->338391->338404->338405->338406->338391->338404->338405->338406->338391->338404->338405->338406->338391->338404->338405->338406->338391->338404->338405->338406->338391->338404->338405->338406->338391->338404->338405->338406->338391->338404->338372->338403->339984->646064->646226->646064->339984->338403->646212->338398->338399->338391->338404->338405->338406->338391->338404->338405->338406->338407->646211->338401->338402->338405->338406->338391->338404->338405->338406->338391->338404->338405->338406->338391->338404->338405->338406->338391->338404->338405->338406->338391->338404->338405->338406->338391->338404->338405->338406->338391->338404->338405->338406->338391->338404->338405->338406->338391->338404->338405
rl_base,t3_sinsa_daechi,long,off_peak,7.0,1,1113.6177,926.11,187.5077,1078.1394,498.4022,8012.1,8,True,90,16,10,64,341904->342719->342117->341623->341905->341633->341903->342155->342156->342157->342711->343062->563071->340626->341619->563100->341780->341614->341779->341781->341617->341618->341783->341585->341616->341617->341618->341782->341615->340584->341784->341889->341583->341786->341588->341785->342116->341788->341787->563170->341731->341603->341730->646623->341984->341732->342691->341733->341602->338230->646176->339098->342073->342687->341600->342685->341607->344213->343102->341557->342643->341561->341562->341564->342639->563096->342115->343710->341560->342648->563067->342636->338199->338198->562865->339135->338197->338925->587845->646128->587905->339124->587841->338206->339125->338598->338208->338599->587846->338600->338354
rl_base,t3_sinsa_daechi,long,off_peak,7.0,2,1172.7313,965.8801,206.8513,1063.4377,549.8182,8191.0,10,True,97,18,11,68,341904->342719->342117->341623->341905->341633->341903->342155->342156->342710->343062->563071->340626->341619->563100->341780->341614->341779->341781->341617->341618->341783->341585->341616->341617->341618->343068->341616->341585->341783->341618->341782->341615->340584->341784->341889->341583->341786->341588->341785->342116->341788->341787->563170->341731->341603->341730->646623->341984->341732->342691->341733->341602->338230->646176->339098->342073->342687->341600->342685->341607->344213->343102->341557->342643->341561->341562->341564->342639->563096->342115->563067->342636->338199->338198->562865->339135->339122->646056->338604->338223->338605->338597->338197->338925->587845->646128->587905->339124->587841->338206->339125->338598->338208->338599->587846->338600->338354
rl_base,t3_sinsa_daechi,long,off_peak,7.0,3,1275.5477,1094.6655,180.8822,1103.2656,480.7915,8530.9,6,True,99,18,14,67,341904->342719->342117->341623->341905->341633->343064->341904->342719->342117->341623->341905->341633->341903->342155->342156->342710->343062->342711->342712->342158->342157->342711->343062->563071->340626->341619->563100->341780->341614->341779->341781->341617->341618->343068->341616->341585->341783->341618->341782->341615->340584->341784->341889->341583->341786->341588->341785->342116->341788->341787->563170->341731->341603->341730->646623->341984->341732->342691->341733->341602->338230->646176->339098->342073->342687->341600->342685->341607->344213->343102->341557->342643->341561->341562->341564->342639->563096->342115->563067->342636->338199->338198->562865->339135->338197->338925->587845->646128->587905->339124->587841->338206->339125->338598->338208->338599->587846->338600->338354
rl_base,t3_sinsa_daechi,long,off_peak,7.0,4,1396.2847,1208.8839,187.4008,1254.3459,498.1181,9207.0,9,True,106,15,26,65,341904->342719->342117->341623->341905->341633->341903->341904->341905->341623->342117->342719->341904->341903->341633->343064->341904->341903->341633->343064->341904->341903->341633->343064->341904->341903->342155->342156->342710->343062->342711->342712->342158->342157->342711->343062->563071->340626->341619->563100->341780->341614->341779->341781->341617->341618->341782->341615->340584->341784->341889->341583->341786->341588->341785->342116->341788->341787->563170->341731->341603->341730->646623->341984->341732->342691->341733->341602->338230->646176->339098->342073->342687->341600->342685->341607->344213->343102->341557->342643->341561->341562->341564->342639->563096->342115->563067->342636->338199->338198->562865->339135->338197->338925->587845->646128->587905->339124->587841->338206->339125->338598->338208->338599->587846->338600->338354
rl_base,t3_sinsa_daechi,long,off_peak,7.0,5,1053.0551,897.8142,155.2408,1023.6968,412.6358,7537.5,6,True,86,13,9,64,341904->342719->342117->341623->341905->341633->341903->342155->342156->342710->343062->563071->340626->341619->563100->341780->341614->341779->341781->341617->341618->343068->341616->341585->341783->341618->341782->341615->340584->341784->341889->341583->341786->341588->341785->342116->341788->341787->563170->341731->341603->341730->646623->341984->341732->342691->341733->341602->338230->646176->339098->342073->342687->341600->342685->341607->344213->343102->341557->342643->341561->341562->341564->342639->563096->342115->563067->342636->338199->338198->562865->339135->338197->338925->587845->646128->587905->339124->587841->338206->339125->338598->338208->338599->587846->338600->338354
rl_base,t3_sinsa_daechi,long,off_peak,7.0,6,1634.596,1259.0993,375.4967,1329.7105,998.0838,10019.3,12,True,130,13,38,79,341904->342719->342117->341623->341905->341633->341903->341904->341905->341623->342117->342719->341904->341903->341633->343064->341904->341903->341633->343064->341904->341903->341633->343064->341904->341903->341633->343064->341904->341903->341633->343064->341904->341903->341633->343064->341904->341903->341633->343064->341904->342719->342710->343062->342711->342712->342158->342157->342711->343062->563071->340626->341619->563100->341780->341614->341779->341781->341617->341618->341782->341615->340584->341784->341889->341583->341786->341588->341785->342116->341788->341787->563170->341731->341603->341730->646623->341984->341732->342691->341733->341602->338230->646176->339098->342073->342687->341600->342074->338219->338218->339571->338261->341734->341572->340705->341555->341556->342153->343109->613772->613773->339003->339662->341549->342639->563096->342115->563067->342636->338199->338198->562865->339135->338197->338925->587845->646128->587905->339124->587841->338206->339125->338598->338208->339663->338208->338599->587846->338600->338354
rl_base,t3_sinsa_daechi,long,off_peak,7.0,7,1404.8086,1205.2911,199.5175,1221.3341,530.3248,9142.6,9,True,110,18,22,70,341904->342719->342117->341623->341905->341633->341903->341904->341905->341623->342117->342719->341904->341903->341633->343064->341904->341903->341633->343064->341904->342719->342117->341623->341905->341633->341903->342155->342156->342710->343062->342711->342712->342158->342157->342711->343062->563071->340626->341619->563100->341780->341614->341779->341781->341617->341618->343068->341616->341585->341783->341618->341782->341615->340584->341784->341889->341583->341786->341588->341785->342116->341788->341787->563170->341731->341603->341730->646623->341984->341732->342691->341733->341602->338230->646176->339098->342073->342687->341600->342685->341607->344213->343102->341557->342643->341561->341562->341564->342639->563096->342115->563067->342636->338199->338198->562865->339135->338197->338925->587845->646128->587905->339124->339125->338598->338208->338599->587846->338600->338354
rl_base,t3_sinsa_daechi,long,off_peak,7.0,8,1138.618,947.1734,191.4446,1061.954,508.8667,8082.7,8,True,96,19,9,68,341904->342719->342117->341623->341905->341633->341903->342155->342156->342710->343062->563071->340626->341619->563100->341780->341614->341779->341781->341617->341618->341783->341585->341616->341617->341618->341783->341585->341616->341617->341618->343068->341616->341585->341783->341618->341782->341615->340584->341784->341889->341583->341786->341588->341785->342116->341788->341787->563170->341731->341603->341730->646623->341984->341732->342691->341733->341602->338230->646176->339098->342073->342687->341600->342685->341607->344213->343102->341557->342643->341561->341562->341564->342639->563096->342115->563067->342636->338199->338198->562865->339135->338197->338925->587845->646128->587905->339124->587841->338206->339125->338598->338208->338599->587846->338600->338354
rl_base,t3_sinsa_daechi,long,off_peak,7.0,9,1246.593,1009.0381,237.5549,1126.8557,631.4295,8082.7,10,True,96,19,9,68,341904->342719->342117->341623->341905->341633->341903->342155->342156->342710->343062->563071->340626->341619->563100->341780->341614->341779->341781->341617->341618->341783->341585->341616->341617->341618->341783->341585->341616->341617->341618->343068->341616->341585->341783->341618->341782->341615->340584->341784->341889->341583->341786->341588->341785->342116->341788->341787->563170->341731->341603->341730->646623->341984->341732->342691->341733->341602->338230->646176->339098->342073->342687->341600->342685->341607->344213->343102->341557->342643->341561->341562->341564->342639->563096->342115->563067->342636->338199->338198->562865->339135->338197->338925->587845->646128->587905->339124->587841->338206->339125->338598->338208->338599->587846->338600->338354
rl_base,t3_sinsa_daechi,long,off_peak,7.0,10,3003.4415,2201.6306,801.8109,2263.9538,2131.2424,16907.9,24,False,200,25,84,91,341904->342719->342117->341623->341905->341633->341903->341904->341905->341623->342117->342719->341904->341903->341633->343064->341904->341903->341633->343064->341904->341903->341633->343064->341904->341903->341633->343064->341904->341903->341633->343064->341904->341903->341633->343064->341904->341903->341633->343064->341904->341903->341633->343064->341904->341903->341633->343064->341904->341903->341633->343064->341904->341903->341633->343064->341904->341903->341633->343064->341904->341903->341633->343064->341904->341903->341633->341905->341904->343064->341633->341905->341904->343064->341633->341903->342155->342156->342710->343062->342711->342712->342158->342157->342711->343062->563071->340626->341619->563100->341780->341614->341779->341781->341617->341618->343068->341616->341585->341783->341618->341782->341615->340584->341784->341889->341583->341786->341588->340704->340641->342865->341611->341583->342674->342675->342678->342667->342662->342682->341587->342681->342663->342666->343657->342670->646668->646669->342669->342679->341983->342673->646784->646782->341597->341596->341598->342684->341601->343106->343943->342693->341607->344213->343102->341557->342643->341561->341562->341564->342639->563096->342115->563067->342636->338199->338198->338222->338726->338837->339122->339135->562865->338198->338222->338726->338837->339122->646056->338604->338223->338602->339123->338790->339152->339153->562882->562895->562882->339153->339152->338733->646265->646264->646265->338733->339152->338790->339123->338602->338223->338603->339126->646201->338925->338197->338597->338605->338223->338603->339126
rl_base,t3_sinsa_daechi,long,off_peak,7.0,11,2617.001,2445.2197,171.7813,2300.1352,456.601,20326.7,10,False,200,50,51,99,341904->342719->342117->341623->341905->341633->341903->342155->342156->342710->343062->563071->340626->341619->342709->342707->341185->341183->341178->341177->341176->341173->341174->342840->344434->343027->343026->343605->341167->341170->343029->341167->343025->341168->341169->341166->343027->344434->342840->341174->344600->344599->646486->341191->343632->341160->342485->646523->646524->646523->646506->646507->646506->341254->646505->341189->646502->646500->341160->342485->646523->646506->646507->646506->341254->646505->341189->646502->646500->341160->342485->646523->646524->646523->646506->646507->646506->341254->646505->341189->646502->646500->341160->342485->646523->646524->646523->646506->646507->646506->341254->646505->341189->646502->646500->341160->342485->646523->646524->646523->646506->646507->646506->341254->646505->341189->646502->646500->341160->342485->646523->646524->646523->646506->646507->646506->341254->646505->341189->646502->646500->341160->342485->646523->646524->646523->646506->646507->646506->341254->646505->341189->646502->646500->341160->343632->341191->613979->341191->646486->344599->344600->341175->343349->343380->343350->343348->343351->343352->343353->341898->341154->341194->341159->563198->341164->341165->343028->344360->342841->341173->341174->342840->344434->343027->343026->343605->341167->341170->343029->341190->342513->342497->342503->343037->341917->341918->341239->341240->343033->343032->342503->343037->341917->341918->341239->341240->343033->341248->341256->646730->646729->646532->646530->646528->646526->343717->646526->646528->646530->646529
rl_base,t3_sinsa_daechi,long,off_peak,7.0,12,2081.0018,1966.5814,114.4204,1826.6514,304.1336,14985.9,5,False,200,58,55,87,341904->342719->342117->341623->341905->341633->341903->342155->342156->342710->343062->563071->340626->341619->342709->342707->341185->341183->341178->341177->341176->341173->341174->342840->344434->343027->343026->343605->341167->341170->343029->341190->342513->341253->646515->646513->646510->646508->341254->646505->341189->646502->646500->341160->342485->646523->646524->646523->646506->646507->646506->341254->646505->341189->646502->646500->341160->342485->646523->646524->646523->646506->646507->646506->341254->646505->341189->646502->646500->341160->342485->646523->646524->646523->646506->646507->646506->341254->646505->341189->646502->646500->341160->342485->646523->646524->646523->646506->646507->646506->341254->646505->341189->646502->646500->341160->342485->646523->646524->646523->646506->646507->646506->341254->646505->341189->646502->646503->646502->646500->341160->342485->646523->646524->646523->646506->646507->646506->341254->646505->341189->646502->646500->341160->342485->646523->646524->646523->646506->646507->646506->341254->646505->341189->646502->646500->341160->342485->646523->646524->646523->646506->646507->646506->341254->646505->341189->646502->646500->341160->342485->646523->646524->646523->646506->646507->646506->341254->646505->341189->646502->646500->341160->342485->646523->646524->646523->646506->646507->646506->341254->646505->341189->646502->646500->341160->342485->646523->646524->646523->646506->646507->646506->341254->646505->341189->646502->646500->341160->342485->646523->646524->646523->646506->646507->646506->341254->646505->341189->646502->646500
rl_base,t3_sinsa_daechi,long,off_peak,7.0,13,1213.1554,1067.9477,145.2077,1204.4601,385.9672,8846.7,6,True,100,26,13,61,341904->342719->342117->341623->341905->341633->341903->342155->342156->342710->343062->563071->340626->341619->563100->341780->341614->341779->341781->341617->341618->341783->341585->341616->341617->341618->341783->341585->341616->341617->341618->341783->341585->341616->341617->341618->343068->341616->341585->341783->341618->341782->341615->340584->341784->341889->341583->341611->342865->342652->342116->342672->340587->646667->646362->341982->342679->341983->342673->646784->646782->341597->341596->341598->342684->341601->343106->343943->342693->341607->344213->343102->341557->342643->341561->341562->341564->342639->563096->342115->563067->342636->338199->338198->562865->339135->338197->338925->587845->646128->587905->339124->587841->338206->339125->338598->338208->338599->587846->338600->338354
rl_base,t3_sinsa_daechi,long,off_peak,7.0,14,1167.38,991.2104,176.1696,1109.7626,468.2652,8430.3,7,True,100,23,9,68,341904->342719->342117->341623->341905->341633->341903->342155->342156->342157->342711->343062->342710->342156->342157->342711->343062->563071->340626->341619->563100->341780->341614->341779->341781->341617->341618->341783->341585->341616->341617->341618->341783->341585->341616->341617->341618->343068->341616->341585->341783->341618->341782->341615->340584->341784->341889->341583->341786->341588->341785->342116->341788->341787->563170->341731->341603->341730->646623->341984->341732->342691->341733->341602->338230->646176->339098->342073->342687->341600->342685->341607->344213->343102->341557->342643->341561->341562->341564->342639->563096->342115->563067->342636->338199->338198->562865->339135->338197->338925->587845->646128->587905->339124->339125->338598->338208->338599->587846->338600->338354
rl_base,t3_sinsa_daechi,long,off_peak,7.0,15,1466.6075,1264.9432,201.6643,1400.0588,536.0309,10281.7,9,True,133,22,18,93,341904->342719->342117->341623->341905->341633->341903->342155->342156->342710->343062->563071->340626->341619->563100->341780->341614->341779->341781->341617->341618->341783->341585->341616->341617->341781->341779->341614->341780->563100->341619->340626->563071->343062->342711->342712->342158->342157->342711->343062->563071->340626->341619->563100->341780->341614->341779->341781->341617->341618->343068->341616->341585->341783->341618->341782->341615->340584->341784->341889->341583->341786->341588->341785->342116->341788->341787->563170->341731->341603->341730->646623->341984->341732->342691->341733->341602->338230->646176->339098->342073->342687->341600->342074->338219->338218->339094->338258->613662->339651->338651->339293->341572->340705->341555->341556->342153->343109->613772->613773->339003->613772->343109->342153->341556->341555->341736->341568->341735->341564->342639->563096->342115->563067->342636->338199->338198->562865->339135->338197->338925->587845->646128->587905->339124->587841->338206->339125->338598->338208->338599->587846->338600->338354
rl_base,t3_sinsa_daechi,long,off_peak,7.0,16,2034.021,1591.7815,442.2395,1659.4785,1175.4886,12345.2,16,True,157,21,45,91,341904->342719->342117->341623->341905->341633->341903->341904->341905->341623->342117->342719->341904->341903->341633->343064->341904->341903->341633->343064->341904->341903->341633->343064->341904->341903->341633->343064->341904->341903->341633->343064->341904->341903->341633->343064->341904->341903->341633->343064->341904->342719->342710->343062->342711->342712->342158->342157->342711->343062->563071->340626->341619->563100->341780->341614->341779->341781->341617->341618->343068->341616->341585->341783->341618->341782->341615->340584->341784->341889->341583->341611->342865->342652->342116->341788->341787->563170->341731->341603->341730->646623->341984->341732->342691->341733->341602->338230->646176->339098->342073->342687->341600->342074->338219->338218->338229->340192->338267->338803->613768->338253->613767->613766->613768->338803->338267->340192->338229->338218->339571->338261->341734->341572->588040->341557->342643->341561->341568->341736->341555->341556->342153->343109->613772->613773->339003->613772->343109->342153->341556->341555->341736->341568->341735->341564->342639->563096->342115->563067->342636->338199->338198->562865->339135->338197->338925->587845->646128->587905->339124->339125->338598->338208->338599->587846->338600->338354
rl_base,t3_sinsa_daechi,long,off_peak,7.0,17,1184.8072,1031.5209,153.2863,1165.2137,407.4405,9032.3,8,True,99,23,16,60,341904->342719->342117->341623->341905->341633->341903->342155->342156->342157->342711->343062->563071->340626->341619->563100->341780->341614->341779->341781->341617->341618->341783->341585->341616->341617->341618->343068->341616->341585->341783->341618->341782->341615->340584->341784->341889->341583->341611->342865->342652->342116->342672->340587->646667->646362->341982->342679->341983->342673->646784->646782->341597->341596->341598->342684->341601->343106->343943->342693->341607->344213->343102->341557->342643->341561->341562->341564->342639->563096->342115->341559->341985->341569->341738->563185->341560->343710->342115->563067->342636->338199->338198->562865->339135->338197->338925->587845->646128->587905->339124->587841->338206->339125->338598->338208->338599->587846->338600->338354
rl_base,t3_sinsa_daechi,long,off_peak,7.0,18,1222.8612,1096.4457,126.4155,1103.8771,336.0171,8796.2,6,True,104,20,22,62,341904->341905->341623->342117->342719->341904->341905->341623->342117->342719->341904->341903->341633->343064->341904->342719->342117->341623->341905->341633->341903->342155->342156->342710->343062->563071->340626->341619->563100->341780->341614->341779->341781->341617->341618->341783->341585->341616->341617->341618->341783->341585->341616->341617->341618->341782->341615->340584->341784->341889->341583->341786->341588->341785->342116->342672->340587->646667->646362->341982->342679->341983->342673->646784->646782->341597->341596->341598->342684->341601->343106->343943->342693->341607->344213->343102->341557->342643->341561->341562->341564->342639->563096->342115->563067->342636->338199->338198->562865->339135->338197->338925->587845->646128->587905->339124->587841->338206->339125->338598->338208->338599->587846->338600->338354
rl_base,t3_sinsa_daechi,long,off_peak,7.0,19,2900.1415,2352.7483,547.3932,2863.9708,1454.9909,19894.2,27,False,200,17,67,116,341904->342719->342117->341623->341905->341633->341903->342155->342156->342710->343062->563071->340626->341619->563100->341780->341614->341779->341781->341617->341618->341783->341585->341616->342655->341575->342499->341244->341241->341245->341580->342657->646554->342069->646413->342660->341938->341981->342678->342675->342674->341583->341786->341588->341785->342116->341788->341787->563170->341731->341603->341730->646623->341984->341732->342691->341733->341602->338230->646176->339098->342073->342687->341600->342685->341607->344213->343102->341557->342643->341561->341562->341564->342639->563096->342115->563067->342636->338199->338198->562865->339135->338197->338925->587845->646128->646127->646128->587845->338925->338197->338597->338605->338223->338603->339126->646201->338925->338197->338597->338605->338223->338603->339126->646201->338925->338197->338597->338605->338223->338603->339126->646201->338925->338197->338597->338605->338223->338603->339126->646201->338925->338197->338597->338605->338223->338603->339126->646201->338925->338197->338597->338605->338223->338603->339126->646201->338925->338197->338597->338605->338223->338603->339126->646201->338925->338197->338597->338605->338223->338603->339126->646201->338925->338197->338597->338605->338223->338603->339126->646201->338925->338197->339135->339122->646056->338604->338223->338603->339126->646201->338925->338197->338597->338605->338223->338603->339126->646201->338925->338197->338597->338605->338223->338603->339126->646201->338925->338197->338597->338605->338223->338602->339123->338790->339152->339153->562882->562895->562882->339153
rl_base,t3_sinsa_daechi,long,off_peak,7.0,20,1670.954,1370.7137,300.2403,1490.956,798.0497,10850.8,13,True,142,27,18,97,341904->342719->342117->341623->341905->341633->341903->342155->342156->342710->343062->563071->340626->341619->563100->341780->341614->341779->341781->341617->341618->341783->341585->341616->341617->341618->341783->341585->341616->341617->341618->341783->341585->341616->341617->341781->341779->341614->341780->563100->341619->340626->563071->343062->342711->342712->342158->342157->342711->343062->563071->340626->341619->563100->341780->341614->341779->341781->341617->341618->343068->341616->341585->341783->341618->341782->341615->340584->341784->341889->341583->341786->341588->341785->342116->341788->341787->563170->341731->341603->341730->646623->341984->341732->342691->341733->341602->338230->646176->339098->342073->342687->341600->342074->338219->338218->339094->338258->339538->338261->341734->341572->340705->341555->341556->342153->343109->613772->613773->339003->613772->343109->342153->341556->341555->341736->341568->341735->341564->342639->563096->342115->563067->342636->338199->338198->562865->339135->338197->338925->587845->646128->587905->339124->587841->338206->339125->338598->338208->338599->587846->338600->338354
rl_base,t3_sinsa_daechi,long,off_peak,7.0,21,1186.6924,934.7002,251.9922,1087.7003,669.8043,7988.9,10,True,93,15,11,67,341904->342719->342117->341623->341905->341633->341903->342155->342156->342157->342711->343062->563071->340626->341619->563100->341780->341614->341779->341781->341617->341618->343068->341616->341585->341783->341618->341782->341615->340584->341784->341889->341583->341786->341588->341785->342116->341788->341787->563170->341731->341603->341730->646623->341984->341732->342691->341733->341602->338230->646176->339098->342073->342687->341600->342685->341607->344213->343102->341557->342643->341561->341562->341564->342639->563096->342115->563067->342636->338199->338198->562865->339135->338197->338597->338605->338223->338603->339126->646201->338925->587845->646128->587905->339124->587841->338206->339125->338598->338208->338599->587846->338600->338354
rl_base,t3_sinsa_daechi,long,off_peak,7.0,22,1850.7781,1467.2748,383.5034,1454.6331,1019.3658,11180.9,13,True,144,21,41,82,341904->342719->342117->341623->341905->341633->341903->341904->341905->341623->342117->342719->341904->341903->341633->343064->341904->341903->341633->343064->341904->341903->341633->343064->341904->341903->341633->343064->341904->341903->341633->343064->341904->341903->341633->343064->341904->341903->341633->343064->341904->341905->341633->341903->342155->342156->342710->343062->342711->342712->342158->342157->342711->343062->563071->340626->341619->563100->341780->341614->341779->341781->341617->341618->343068->341616->341585->341783->341618->341782->341615->340584->341784->341889->341583->341786->341588->341785->342116->341788->341787->563170->341731->341603->341730->646623->341984->341732->342691->341733->341602->338230->646176->339098->342073->342687->341600->342074->338219->338218->339094->338258->339538->338261->341734->341572->340705->341555->341556->342153->343109->613772->613773->339003->613772->343109->342153->341556->341555->342643->341561->341562->341564->342639->563096->342115->563067->342636->338199->338198->562865->339135->338197->338925->587845->646128->587905->339124->339125->338598->338208->338599->587846->338600->338354
rl_base,t3_sinsa_daechi,long,off_peak,7.0,23,1568.1503,1367.9713,200.179,1582.1816,532.0831,10831.7,11,True,138,20,30,88,341904->342719->342117->341623->341905->341633->341903->342155->342720->342728->563265->342729->563265->342728->342720->342155->341903->341633->343064->341904->341903->341633->343064->341904->341903->341633->343064->341904->341903->342155->342156->342710->343062->342711->342712->342158->342157->342711->343062->563071->340626->341619->563100->341780->341614->341779->341781->341617->341618->343068->341616->341585->341783->341618->341782->341615->340584->341784->341889->341583->341786->341588->341785->342116->341788->341787->563170->341731->341603->341730->646623->341984->341732->342691->341733->341602->338230->646176->339098->342073->342687->341600->342074->338219->338218->339094->338258->613662->339651->338651->339293->341572->340705->341555->341556->342153->343109->613772->613773->339003->613772->343109->342153->341556->341555->341736->341568->341735->341564->342639->563096->342115->563067->342636->338199->338198->562865->339135->338197->338925->587845->646128->587905->339124->587841->338206->338776->339001->646223->587844->587841->339124->339125->338598->338208->338599->587846->338600->338354
rl_base,t3_sinsa_daechi,long,off_peak,7.0,24,1657.93,1343.5767,314.3533,1464.4744,835.5623,10751.0,13,True,131,24,29,78,341904->342719->342117->341623->341905->341633->341903->341904->341905->341623->342117->342719->341904->341903->341633->343064->341904->341903->342155->342156->342710->343062->342711->342712->342158->342157->342711->343062->563071->340626->341619->563100->341780->341614->341779->341781->341617->341618->343068->341616->341585->341783->341618->341782->341615->340584->341784->341889->341583->341786->341588->341785->342116->341788->341787->563170->341731->341603->341730->646623->341984->341732->342691->341733->341602->338230->646176->339098->342073->342687->341600->342074->338219->338218->339094->338258->613662->339651->338651->339293->341572->340705->341555->341556->342153->343109->613772->613773->339003->613772->343109->342153->341556->341555->341736->341568->341735->341564->342639->563096->342115->563067->342636->338199->338198->562865->339135->338197->338596->613615->338210->613623->645958->613623->338210->613615->338596->338197->338925->587845->646128->587905->339124->587841->338206->339125->338598->338208->338599->587846->338600->338354
rl_base,t3_sinsa_daechi,long,off_peak,7.0,25,1516.4393,1098.8907,417.5486,1361.9032,1109.8593,9129.0,16,True,106,16,13,77,341904->343064->341633->341905->341904->342719->342117->341623->341905->341633->341903->342155->342156->342710->343062->563071->340626->341619->563100->341780->341614->341779->341781->341617->341618->343068->341616->341585->341783->341618->341782->341615->340584->341784->341889->341583->341786->341588->341785->342116->341788->341787->563170->341731->341603->341729->341598->342684->341601->343106->343943->342693->341607->344213->343102->341557->588040->341572->339293->338651->339651->613662->338258->339132->338586->338262->338268->338582->339138->339116->338705->338269->338581->340332->339979->338631->338933->340139->339308->338988->338629->338270->338628->338624->338238->338625->339478->339477->339480->340320->339728->339312->613624->338622->338256->338621->338727->339001->338776->338206->339125->338598->338208->338599->587846->338600->338354
rl_base,t3_sinsa_daechi,long,off_peak,7.0,26,1070.3597,902.377,167.9826,952.5681,446.504,7537.5,8,True,86,13,9,64,341904->342719->342117->341623->341905->341633->341903->342155->342156->342710->343062->563071->340626->341619->563100->341780->341614->341779->341781->341617->341618->343068->341616->341585->341783->341618->341782->341615->340584->341784->341889->341583->341786->341588->341785->342116->341788->341787->563170->341731->341603->341730->646623->341984->341732->342691->341733->341602->338230->646176->339098->342073->342687->341600->342685->341607->344213->343102->341557->342643->341561->341562->341564->342639->563096->342115->563067->342636->338199->338198->562865->339135->338197->338925->587845->646128->587905->339124->587841->338206->339125->338598->338208->338599->587846->338600->338354
rl_base,t3_sinsa_daechi,long,off_peak,7.0,27,1293.0343,1093.1109,199.9235,1222.2257,531.4038,8908.9,11,True,105,14,15,76,341904->342719->342117->341623->341905->341633->341903->342155->342156->342710->343062->563071->340626->341619->563100->341780->341614->341779->341781->341617->341618->343068->341616->341585->341783->341618->341782->341615->340584->341784->341889->341583->341786->341588->341785->342116->341788->341787->563170->341731->341603->341730->646623->341984->341732->342691->341733->341602->338230->646176->339098->342073->342687->341600->342685->341607->342693->343943->343106->341601->646355->341593->344353->342694->563168->341608->341553->341563->341561->341568->341566->341549->339662->339003->613773->613772->339003->613773->613772->339003->339662->341549->342639->563096->342115->563067->342636->338199->338198->562865->339135->338197->338925->587845->646128->587905->339124->587841->338206->339125->338598->338208->338599->587846->338600->338354
rl_base,t3_sinsa_daechi,long,off_peak,7.0,28,1227.7279,1018.7665,208.9613,1219.1491,555.4268,8673.0,10,True,109,25,10,74,341904->342719->342117->341623->341905->341633->341903->342155->342156->342157->342711->343062->563071->340626->341619->563100->341780->341614->341779->341781->341617->341618->341783->341585->341616->341617->341618->341783->341585->341616->341617->341618->341783->341585->341616->341617->341618->343068->341616->341585->341783->341618->341782->341615->340584->341784->341889->341583->341786->341588->341785->342116->341788->341787->563170->341731->341603->341730->646623->341984->341732->342691->341733->341602->338230->646176->339098->342073->342687->341600->342074->338219->338218->339094->338258->613662->339651->338651->339293->341572->340705->341555->341736->341568->341735->341564->342639->563096->342115->563067->342636->338199->338198->562865->339135->338197->338925->587845->646128->587905->339124->587841->338206->339125->338598->338208->338599->587846->338600->338354
rl_base,t3_sinsa_daechi,long,off_peak,7.0,29,2775.148,2157.9365,617.2115,2192.2696,1640.5707,16037.5,20,False,200,21,75,104,341904->342719->342117->341623->341905->341633->341903->342155->342720->342728->563265->342729->563265->342728->342720->342155->341903->341633->343064->341904->341903->341633->343064->341904->341903->341633->343064->341904->341903->341633->343064->341904->341903->341633->343064->341904->341903->341633->343064->341904->341903->341633->343064->341904->341903->341633->343064->341904->341903->341633->343064->341904->341903->341633->343064->341904->341903->341633->343064->341904->341903->341633->343064->341904->341903->341633->343064->341904->341903->341633->343064->341904->341903->341633->343064->341904->341903->341633->343064->341904->341903->341633->343064->341904->341903->341633->341905->341904->343064->341633->341903->342155->342156->342157->342711->343062->563071->340626->341619->563100->341780->341614->341779->341781->341617->341618->341783->341585->341616->342655->341575->342499->341244->341241->341245->341580->341810->341578->341590->341577->341812->341584->342676->341582->342654->342660->341938->341981->342678->342675->342674->341583->341786->341588->340704->340641->342865->341611->341583->342674->342675->342678->342667->342662->342682->587943->646411->341586->341260->341806->341249->342659->341807->341808->341580->341810->341578->341590->341577->341812->341584->342676->341582->342654->342660->341938->341981->342678->342675->342674->341583->341786->341588->341785->342116->341788->341787->563170->341731->341603->341730->646623->341984->341732->342691->341733->341602->338230->646176->339098->340484->338229->340192->338267->338585->562917->338230->646176->339098->340484->338229
rl_base,t3_sinsa_daechi,long,off_peak,7.0,30,1476.1048,1180.4137,295.6911,1326.6084,785.9577,9869.7,13,True,119,17,14,88,341904->342719->342117->341623->341905->341633->341903->342155->342156->342710->343062->563071->340626->341619->563100->341780->341614->341779->341781->341617->341618->341783->341585->341616->341617->341781->341779->341614->341780->563100->341619->340626->563071->343062->342711->342712->342158->342157->342711->343062->563071->340626->341619->563100->341780->341614->341779->341781->341617->341618->343068->341616->341585->341783->341618->341782->341615->340584->341784->341889->341583->341786->341588->341785->342116->341788->341787->563170->341731->341603->341730->646623->341984->341732->342691->341733->341602->338230->646176->339098->342073->342687->341600->342685->341607->344213->343102->341557->342643->341561->341562->341564->342639->563096->342115->563067->342636->338199->338198->562865->339135->338197->338925->587845->646128->587905->339124->587841->587844->646223->339001->338776->338206->339125->338598->338208->338599->587846->338600->338354
rl_base,t3_sinsa_daechi,long,peak,8.0,1,1487.8591,1155.649,332.21,1418.9392,883.0263,9980.2,11,True,125,28,14,83,341904->342719->342117->341623->341905->341633->341903->342155->342156->342710->343062->563071->340626->341619->563100->341780->341614->341779->341781->341617->341618->341783->341585->341616->341617->341618->341783->341585->341616->341617->341618->341783->341585->341616->341617->341618->341783->341585->341616->343068->341618->341782->341615->340584->341784->341889->341583->341786->341588->341785->342116->341788->341787->563170->341731->341603->341730->646623->341984->341732->342691->341733->341602->338230->646176->339098->342073->342687->341600->342074->338219->338218->339094->338258->339538->338261->341734->341572->340705->341555->341556->342153->343109->613772->613773->339003->613772->343109->342153->341556->341555->341736->341568->341735->341564->342639->563096->342115->563067->342636->338199->338198->562865->339135->338197->338925->587845->646128->587905->339124->587841->338206->340158->340157->338207->340158->338206->587841->339124->339125->338598->338208->338599->587846->338600->338354
rl_base,t3_sinsa_daechi,long,peak,8.0,2,2405.8582,1797.5805,608.2777,2468.7206,1616.8243,14539.5,20,False,200,47,54,99,341904->343064->341633->341905->341904->342719->342117->341623->341905->341633->341903->342155->342156->342157->342711->343062->563071->340626->341619->563100->341780->341614->341779->341781->341617->341618->341783->341585->341616->341617->341618->341783->341585->341616->341617->341618->341783->341585->341616->341617->341618->341783->341585->341616->341617->341618->343068->341616->341585->341783->341618->341782->341615->340584->341784->341889->341583->341786->341588->341785->342116->341788->341787->563170->341731->341603->341730->646623->341984->341732->342691->341733->341602->338230->646176->339098->342073->342687->341600->342074->338219->338218->339094->338258->339538->338261->341734->341572->340705->341555->341556->342153->343109->613772->339003->339662->341549->342639->563096->342115->563067->342636->342147->341996->341571->342071->338224->338199->338252->338226->646291->646290->646291->338922->339657->338655->646068->339806->645954->338997->340121->340120->340121->338998->338205->338589->339119->338997->340121->340120->340121->338998->338205->338589->339119->338997->340121->338998->338205->338589->339119->338997->340121->340120->340121->338998->338205->338589->339119->338997->340121->340120->340121->338998->338205->338589->339119->338997->340121->340120->340121->338998->338205->338589->339119->338997->340121->340120->340121->338998->338205->338589->339119->338997->340121->340120->340121->338998->338205->338589->339119->338997->340121->340120->340121->338998->338205->338589->339119->338997->340121->340120->340121->338998->338205->338589->339119->338588->338587->338262->339922
rl_base,t3_sinsa_daechi,long,peak,8.0,3,1528.2006,1210.4185,317.7821,1472.3576,844.6763,9880.4,11,True,133,35,13,85,341904->342719->342117->341623->341905->341633->341903->342155->342156->342710->343062->563071->340626->341619->563100->341780->341614->341779->341781->341617->341618->341783->341585->341616->341617->341618->341783->341585->341616->341617->341618->341783->341585->341616->341617->341618->341783->341585->341616->341617->341618->341783->341585->341616->341617->341618->341783->341585->341616->341617->341618->343068->341616->341585->341783->341618->341782->341615->340584->341784->341889->341583->341786->341588->341785->342116->341788->341787->563170->341731->341603->341730->646623->341984->341732->342691->341733->341602->338230->646176->339098->342073->342687->341600->342074->338219->338218->339094->338258->339538->338261->341734->341572->340705->341555->341556->342153->343109->613772->613773->339003->613772->343109->342153->341556->341555->341736->341568->341735->341564->342639->563096->342115->563067->342636->338199->338198->562865->339135->338197->338925->587845->646128->587905->339124->587841->338206->339125->338598->338208->338599->587846->338600->338354
rl_base,t3_sinsa_daechi,long,peak,8.0,4,1321.5351,1150.64,170.8951,1326.7485,454.2453,9434.6,7,True,108,21,26,61,341904->342719->342117->341623->341905->341633->341903->341904->341905->341623->342117->342719->341904->341903->341633->343064->341904->341903->341633->341905->341904->343064->341633->341903->342155->342156->342710->343062->342711->342712->342158->342157->342711->343062->563071->340626->341619->563100->341780->341614->341779->341781->341617->341618->341783->341585->341616->341617->341618->341782->341615->340584->341784->341889->341583->341786->341588->341785->342116->342672->340587->646667->646362->341982->342679->341983->342673->646784->646782->341597->341596->341598->342684->341601->343106->343943->342693->341607->344213->343102->341557->342643->341561->341562->341564->342639->563096->342115->563067->342636->338199->338198->562865->339135->338197->338925->587845->646128->587905->339124->587841->338206->339125->338598->338208->338599->587846->338600->338354
rl_base,t3_sinsa_daechi,long,peak,8.0,5,1839.7597,1534.3548,305.4049,1862.2979,811.7774,12354.8,11,True,142,21,50,71,341904->342719->342117->341623->341905->341633->341903->341904->341905->341623->342117->342719->341904->341903->341633->343064->341904->341903->341633->343064->341904->341903->341633->343064->341904->341903->341633->343064->341904->341903->341633->343064->341904->341903->341633->343064->341904->341903->341633->343064->341904->341903->341633->341905->341904->343064->341633->341903->342155->342156->342710->343062->342711->342712->342158->342157->342711->343062->563071->340626->341619->563100->341780->341614->341779->341781->341617->341618->343068->341616->341585->341783->341618->341782->341615->340584->341784->341889->341583->341786->341588->340704->340641->342865->341611->341583->342674->342675->342678->342667->342662->342682->341587->342681->342663->342666->343657->342670->646668->646669->342669->563097->342673->646784->646782->341597->341596->341598->342684->341601->343106->343943->342693->341607->344213->343102->341557->342643->341561->341562->341564->342639->563096->342115->563067->342636->338199->338198->562865->339135->338197->338925->587845->646128->587905->339124->339125->338598->338208->338599->587846->338600->338354
rl_base,t3_sinsa_daechi,long,peak,8.0,6,2600.8019,2014.4571,586.3448,2546.3561,1558.5259,15773.3,20,True,179,28,67,84,341904->342719->342117->341623->341905->341633->341903->341904->341905->341623->342117->342719->341904->341903->341633->343064->341904->341903->341633->343064->341904->341903->341633->343064->341904->341903->341633->343064->341904->341903->341633->343064->341904->341903->341633->343064->341904->341903->341633->343064->341904->341903->341633->343064->341904->341903->341633->343064->341904->341903->341633->343064->341904->341903->341633->343064->341904->341903->341633->341905->341904->343064->341633->341903->342155->342156->342157->342711->343062->563071->340626->341619->563100->341780->341614->341779->341781->341617->341618->343068->341616->341585->341783->341618->341782->341615->340584->341784->341889->341583->341786->341588->340704->340641->342865->341611->341583->342674->342675->342678->342667->342662->342682->341587->342681->342663->342666->343657->342670->646668->646669->342669->563097->342673->646784->646782->341597->341596->341598->342684->341601->343106->343943->342693->341607->344213->343102->341557->342643->341561->341562->341564->342639->341549->341566->341568->341735->341564->342639->563096->342115->563067->342648->342147->342636->338199->338198->562865->339135->338197->338925->646201->339126->338603->338223->338605->338597->338197->338596->613615->338210->613623->645958->613623->338210->613615->338596->338197->338925->587845->646128->587905->339124->339125->338598->338208->338599->587846->338600->338354
rl_base,t3_sinsa_daechi,long,peak,8.0,7,1869.8371,1575.6099,294.2272,1879.441,782.0666,12985.7,13,True,147,25,37,85,341904->342719->342117->341623->341905->341633->341903->341904->341905->341623->342117->342719->341904->341903->341633->341905->341904->343064->341633->341905->341904->343064->341633->341903->342155->342156->342710->343062->342711->342712->342158->342157->342711->343062->563071->340626->341619->563100->341780->341614->341779->341781->341617->341618->341783->341585->341616->341617->341781->341779->341614->341780->563100->341619->340626->563071->343062->342711->342712->342158->342157->342711->343062->563071->340626->341619->563100->341780->341614->341779->341781->341617->341618->343068->341616->341585->341783->341618->341782->341615->340584->341784->341889->341583->341786->341588->340704->340641->342865->341611->341583->342674->342675->342678->342667->342662->342682->341587->342681->342663->342666->343657->342670->646668->646669->342669->563097->342673->646784->646782->341597->341596->341598->342684->341601->343106->343943->342693->341607->344213->343102->341557->342643->341561->341562->341564->342639->563096->342115->563067->342636->338199->338198->562865->339135->338197->338925->587845->646128->587905->339124->339125->338598->338208->338599->587846->338600->338354
rl_base,t3_sinsa_daechi,long,peak,8.0,8,1868.465,1431.8997,436.5654,1682.9855,1160.4066,11443.5,15,True,153,39,27,87,341904->342719->342117->341623->341905->341633->341903->341904->341905->341623->342117->342719->341904->341903->341633->343064->341904->341903->341633->343064->341904->342719->342117->341623->341905->341633->341903->342155->342156->342710->343062->342711->342712->342158->342157->342711->343062->563071->340626->341619->563100->341780->341614->341779->341781->341617->341618->341783->341585->341616->341617->341618->341783->341585->341616->341617->341618->341783->341585->341616->341617->341618->341783->341585->341616->341617->341618->341783->341585->341616->341617->341618->343068->341616->341585->341783->341618->341782->341615->340584->341784->341889->341583->341786->341588->341785->342116->341788->341787->563170->341731->341603->341730->646623->341984->341732->342691->341733->341602->338230->646176->339098->342073->342687->341600->342074->338219->338218->339094->338258->339538->338261->341734->341572->340705->341555->341556->342153->343109->613772->613773->339003->339662->341549->342639->563096->342115->563067->342648->342147->342636->338199->338198->562865->339135->339122->646056->338604->338223->338605->338597->338197->338925->587845->646128->587905->339124->339125->338598->338208->338599->587846->338600->338354
rl_base,t3_sinsa_daechi,long,peak,8.0,9,2240.4126,1809.0564,431.3562,2075.7311,1146.5604,13881.6,13,True,164,23,67,74,341904->342719->342117->341623->341905->341633->341903->341904->341905->341623->342117->342719->341904->341903->341633->343064->341904->341903->341633->343064->341904->341903->341633->343064->341904->341903->341633->343064->341904->341903->341633->343064->341904->341903->341633->343064->341904->341903->341633->343064->341904->341903->341633->343064->341904->341903->341633->343064->341904->341903->341633->343064->341904->341903->341633->343064->341904->341903->341633->343064->341904->341903->341633->341905->341904->343064->341633->341903->342155->342156->342710->343062->342711->342712->342158->342157->342711->343062->563071->340626->341619->563100->341780->341614->341779->341781->341617->341618->343068->341616->341585->341783->341618->341782->341615->340584->341784->341889->341583->341786->341588->340704->340641->342865->341611->341583->342674->342675->342678->342667->342662->342682->341587->342681->342663->342666->343657->342670->646668->646669->342669->563097->342673->646784->646782->341597->341596->341598->342684->341601->343106->343943->342693->341607->344213->343102->341557->342643->341561->341562->341564->342639->563096->342115->563067->342648->342147->342636->338199->338198->562865->339135->338197->338925->587845->646128->587905->339124->339125->338598->338208->338599->587846->338600->338354
rl_base,t3_sinsa_daechi,long,peak,8.0,10,1274.1072,1039.6264,234.4807,1321.1801,623.2583,8555.6,10,True,107,13,16,78,341904->342719->342117->341623->341905->341633->341903->341904->341905->341623->342117->342719->341904->341903->341633->343064->341904->341903->342155->342156->342710->343062->342711->342712->342158->342157->342711->343062->563071->340626->341619->563100->341780->341614->341779->341781->341617->341616->343068->341618->341782->341615->340584->341784->341889->341583->341786->341588->341785->342116->341788->341787->563170->341731->341603->341729->341598->342684->341601->343106->343943->342693->341607->588038->563143->338261->339538->338258->339132->338586->338262->338587->338588->339119->338589->338205->338992->338592->338259->338590->338805->339504->340290->338840->338839->339503->339477->338842->338841->339480->340320->339728->339312->613624->338622->338256->338621->338727->339001->338776->338206->339125->338598->338208->338599->587846->338600->338354
rl_base,t3_sinsa_daechi,long,peak,8.0,11,2238.628,1754.2697,484.3583,2093.9288,1287.4419,14069.8,23,True,174,28,60,86,341904->342719->342117->341623->341905->341633->341903->341904->341905->341623->342117->342719->341904->341903->341633->343064->341904->341903->341633->343064->341904->341903->341633->343064->341904->341903->341633->343064->341904->341903->341633->343064->341904->341903->341633->343064->341904->341903->341633->343064->341904->341903->341633->343064->341904->341903->341633->343064->341904->341903->341633->343064->341904->341903->341633->341905->341904->343064->341633->341903->342155->342156->342157->342711->343062->342710->342156->342155->341903->341633->341905->341904->343064->341633->341903->342155->342156->342157->342711->343062->563071->340626->341619->563100->341780->341614->341779->341781->341617->341618->343068->341616->341585->341783->341618->341782->341615->340584->341784->341889->341583->341786->341588->340704->340641->342865->341611->341583->342674->342675->342678->342667->342662->342682->341587->342681->342663->342666->343657->342670->646668->646669->342669->342679->341983->342673->646784->646782->341597->341596->341598->342684->341601->646355->341593->344353->342694->563168->341608->341553->341563->341561->341568->341736->341555->341556->342153->343109->613772->613773->339003->339662->341549->342639->563096->342115->563067->342636->338199->338198->562865->339135->338197->338925->587845->646128->587905->339124->339125->338598->338208->338599->587846->338600->338354
rl_base,t3_sinsa_daechi,long,peak,8.0,12,1959.012,1545.6863,413.3257,1927.5363,1098.6346,12649.4,16,True,164,27,42,95,341904->342719->342117->341623->341905->341633->341903->341904->341905->341623->342117->342719->341904->341903->341633->343064->341904->341903->341633->343064->341904->341903->341633->343064->341904->341903->341633->341905->341904->343064->341633->341903->342155->342156->342710->343062->342711->342712->342158->342157->342711->343062->563071->340626->341619->563100->341780->341614->341779->341781->341617->341618->341783->341585->341616->343068->341618->341782->341615->340584->341784->341889->341583->341786->341588->341785->342116->341788->341787->563170->341731->341603->341730->646623->341984->341732->342691->341733->341602->338230->646176->339098->342073->342687->341600->342074->338219->338218->339094->338258->339538->338261->341734->341572->340705->341555->341556->342153->343109->613772->613773->339003->613772->343109->342153->341556->341555->341736->341568->341735->341564->342639->563096->342115->563067->342636->338199->338198->562865->339135->338197->338925->587845->646128->646127->646128->587845->338925->338197->338597->338605->338223->338603->339126->646201->338925->338197->338597->338605->338223->338604->646056->339122->340233->340232->340233->339122->646056->338604->338223->338605->338597->338197->338925->587845->646128->587905->339124->339125->338598->338208->338599->587846->338600->338354
rl_base,t3_sinsa_daechi,long,peak,8.0,13,2840.3942,2423.0973,417.2969,2692.8377,1109.1903,19745.0,15,False,200,42,56,102,341904->342719->342117->341623->341905->341633->341903->342155->342156->342710->342719->341904->341903->341633->343064->341904->341903->341633->343064->341904->341903->341633->343064->341904->341903->341633->343064->341904->341903->341633->343064->341904->341903->341633->343064->341904->341903->341633->343064->341904->341903->341633->343064->341904->342719->342710->343062->342711->342712->342158->342157->342711->343062->563071->340626->341619->342709->342707->341185->341183->341178->341177->341176->341173->341174->342840->344434->343027->343026->343605->341167->341170->343029->341190->342513->341253->646515->646513->646510->646508->341254->646505->341189->344601->646516->646517->646516->344601->341189->646505->646504->646505->341189->646502->646500->341160->342485->646523->646524->646523->646506->646507->646506->341254->646505->341189->646502->646500->341160->342485->646523->646524->646523->646506->646507->646506->341254->646508->646509->646508->646510->646511->646510->646513->646515->341253->342513->341190->343029->341167->343025->341168->341169->341166->343027->344434->341169->341168->646497->646496->646494->646492->646726->343629->646686->646490->646649->646488->344214->341191->646486->344599->344600->341175->343349->341210->344381->344379->341264->341262->342775->342773->341271->341491->342050->341490->341493->342610->342820->341500->343341->343340->341501->343078->647029->647030->342043->647033->647028->647031->647029->343078->341501->343340->344393->341506->341507->341508->646563->341513->341519->341515->341516->341517->341518->341560->343710->342115->563067->342648->342147
rl_base,t3_sinsa_daechi,long,peak,8.0,14,1467.6105,1162.8325,304.778,1500.3131,810.1109,9893.6,11,True,120,28,16,76,341904->342719->342117->341623->341905->341633->341903->342155->342156->342710->343062->342711->342712->342158->342157->342711->343062->563071->340626->341619->563100->341780->341614->341779->341781->341617->341618->341783->341585->341616->341617->341618->341783->341585->341616->341617->341618->341783->341585->341616->341617->341618->341783->341585->341616->341617->341618->343068->341616->341585->341783->341618->341782->341615->340584->341784->341889->341583->341786->341588->341785->342116->341788->341787->563170->341731->341603->341730->646623->341984->341732->342691->341733->341602->338230->646176->339098->342073->342687->341600->342074->338219->338218->339094->338258->339538->338261->563143->588038->341607->344213->343102->341557->342643->341561->341562->341564->342639->563096->342115->563067->342636->338199->338198->562865->339135->338197->338925->587845->646128->587905->339124->587841->338206->339125->338598->338208->338599->587846->338600->338354
rl_base,t3_sinsa_daechi,long,peak,8.0,15,1679.3458,1200.0909,479.255,1576.3509,1273.8771,10085.3,14,True,141,40,11,90,341904->342719->342117->341623->341905->341633->341903->342155->342156->342710->343062->563071->340626->341619->563100->341780->341614->341779->341781->341617->341618->341783->341585->341616->341617->341618->341783->341585->341616->341617->341618->341783->341585->341616->341617->341618->341783->341585->341616->341617->341618->341783->341585->341616->341617->341618->341783->341585->341616->341617->341618->341783->341585->341616->341617->341618->341783->341585->341616->341617->341618->343068->341616->341585->341783->341618->341782->341615->340584->341784->341889->341583->341786->341588->341785->342116->341788->341787->563170->341731->341603->341730->646623->341984->341732->342691->341733->341602->338230->646176->339098->342073->342687->341600->342074->338219->338218->339094->338258->339538->338261->341734->341572->340705->341555->341556->342153->343109->613772->613773->339003->339662->341549->342639->563096->342115->563067->342636->338199->338198->338222->338726->338837->339122->646056->338604->338223->338605->338597->338197->338925->587845->646128->587905->339124->339125->338598->338208->338599->587846->338600->338354
rl_base,t3_sinsa_daechi,long,peak,8.0,16,1639.8466,1274.2506,365.596,1515.8221,971.7674,10386.1,11,True,132,32,23,77,341904->342719->342117->341623->341905->341633->341903->341904->341905->341623->342117->342719->341904->343064->341633->341905->341904->343064->341633->341903->342155->342156->342710->343062->342711->342712->342158->342157->342711->343062->563071->340626->341619->563100->341780->341614->341779->341781->341617->341618->341783->341585->341616->341617->341618->341783->341585->341616->341617->341618->341783->341585->341616->341617->341618->341783->341585->341616->341617->341618->341783->341585->341616->341617->341618->343068->341616->341585->341783->341618->341782->341615->340584->341784->341889->341583->341786->341588->341785->342116->341788->341787->563170->341731->341603->341730->646623->341984->341732->342691->341733->341602->338230->646176->339098->342073->342687->341600->342685->341607->344213->343102->341557->342643->341561->341562->341564->342639->563096->342115->563067->342636->338199->338198->562865->339135->338197->338925->587845->646128->587905->339124->587841->587903->587841->339124->339125->338598->338208->338599->587846->338600->338354
rl_base,t3_sinsa_daechi,long,peak,8.0,17,1932.4121,1562.0525,370.3596,1867.4356,984.4291,12200.4,15,True,148,18,62,68,341904->342719->342117->341623->341905->341633->341903->341904->341905->341623->342117->342719->341904->341903->341633->343064->341904->341903->341633->343064->341904->341903->341633->343064->341904->341903->341633->343064->341904->341903->341633->343064->341904->341903->341633->343064->341904->341903->341633->343064->341904->341903->341633->343064->341904->341903->341633->343064->341904->341903->341633->343064->341904->341903->341633->343064->341904->341903->341633->343064->341904->341903->341633->341905->341904->343064->341633->341903->342155->342156->342710->343062->342711->342712->344670->342712->342714->342713->342076->341620->341621->344204->342159->342700->343100->342865->342652->342116->342672->340587->646667->646362->341982->342679->341983->342673->646784->646782->341597->344261->341907->341906->343105->341598->341596->341597->563098->342151->563301->341593->341778->343103->341595->341594->343104->341601->343106->343943->342693->341607->344213->343102->341557->342643->341561->341562->341564->342639->563096->342115->563067->342636->338199->338198->562865->339135->338197->338925->587845->646128->587905->339124->339125->338598->338208->338599->587846->338600->338354
rl_base,t3_sinsa_daechi,long,peak,8.0,18,1464.8791,1176.393,288.4861,1577.1772,766.8065,10204.5,11,True,133,31,17,85,341904->342719->342117->341623->341905->341633->341903->341904->341905->341623->342117->342719->341904->341903->342155->342156->342710->343062->563071->340626->341619->563100->341780->341614->341779->341781->341617->341618->341783->341585->341616->341617->341618->341783->341585->341616->341617->341618->341783->341585->341616->341617->341618->341783->341585->341616->343068->341618->341782->341615->340584->341784->341889->341583->341786->341588->341785->342116->341788->341787->563170->341731->341603->341730->646623->341984->341732->342691->341733->341602->338230->646176->339098->342073->342687->341600->342074->338219->338218->339094->338258->339538->338261->341734->341572->340705->341555->341556->342153->343109->613772->613773->339003->613772->343109->342153->341556->341555->341736->341568->341735->341564->342639->563096->342115->341559->341985->341569->341738->563185->341560->343710->342115->563067->342636->338199->338198->562865->339135->338197->338925->587845->646128->587905->339124->587841->338206->339125->338598->338208->338599->587846->338600->338354
rl_base,t3_sinsa_daechi,long,peak,8.0,19,2713.9833,2045.6316,668.3517,2341.7095,1776.5031,16615.9,29,False,200,44,51,105,341904->342719->342117->341623->341905->341633->341903->341904->341905->341623->342117->342719->341904->341903->341633->343064->341904->341903->341633->343064->341904->341903->341633->343064->341904->341903->341633->343064->341904->341903->341633->343064->341904->341903->341633->343064->341904->341903->341633->343064->341904->341903->341633->343064->341904->341903->341633->341905->341904->343064->341633->341903->341904->341905->341633->341903->342155->342156->342157->342711->343062->563071->340626->341619->563100->341780->341614->341779->341781->341617->341618->343068->341616->341585->341783->341618->341782->341615->340584->341784->341889->341583->341786->341588->340704->340641->342865->341611->341583->342674->342675->342678->342667->342662->342682->587943->646411->341586->341260->341805->343070->342496->343071->344391->342512->341801->341272->341799->342510->341803->342523->343378->341269->341713->341711->341712->341268->343039->341713->342526->341264->344379->344380->646536->646534->342508->341259->646521->646520->343887->341258->343036->341251->344794->341251->341804->342506->342504->341800->341272->341802->646934->342619->341770->341545->341772->646612->341541->341539->563187->341540->343074->646559->343074->341540->340698->341545->341772->646612->341541->341539->563187->341540->343074->646559->343074->341540->340698->341545->341772->646612->341541->341539->563187->341540->343074->646559->343074->341540->340698->341545->341772->646612->341541->341539->563187->341540->343074->646559->343074->341540->340698->341545->341772->646612->341541->341539->563187->341540->343074->646559
rl_base,t3_sinsa_daechi,long,peak,8.0,20,2777.3646,2125.2776,652.0869,2635.7092,1733.2707,17152.3,23,False,200,26,75,99,341904->342719->342117->341623->341905->341633->341903->341904->341905->341623->342117->342719->341904->341903->341633->343064->341904->341903->341633->343064->341904->341903->341633->343064->341904->341903->341633->343064->341904->341903->342155->342720->342728->563265->342729->563265->342728->342720->342155->341903->341633->343064->341904->341903->341633->343064->341904->341903->341633->343064->341904->341903->341633->343064->341904->341903->341633->343064->341904->341903->341633->343064->341904->341903->341633->343064->341904->341903->341633->341905->341904->343064->341633->341903->342155->342720->342715->342158->342157->342711->343062->563071->340626->341619->563100->341780->341614->341779->341781->341617->341618->343068->341616->341585->341783->341618->341782->341615->340584->341784->341889->341583->341786->341588->340704->340641->342865->341611->341583->342674->342675->342678->342667->342662->342682->341587->342681->342663->342666->343657->342670->646668->646669->342669->563097->342673->646784->646782->341597->341596->341598->342684->341601->343106->343943->342693->341607->344213->343102->341557->342643->341561->341562->341564->342639->563096->342115->563067->342636->338199->338198->562865->339135->338197->338925->587845->646128->646127->646128->587845->338925->338197->338597->338605->338223->338603->339126->646201->338925->338197->338597->338605->338223->338603->339126->646201->338925->338197->338597->338605->338223->338603->339126->646201->338925->338197->338597->338605->338223->338602->339123->338790->339152->339153->562882->562895->562882->339153->339152->338790->339123
rl_base,t3_sinsa_daechi,long,peak,8.0,21,1396.8383,1139.0339,257.8044,1434.5879,685.2533,9714.3,9,True,99,24,25,50,341904->342719->342117->341623->341905->341633->341903->341904->341905->341623->342117->342719->341904->341903->341633->343064->341904->342719->342117->341623->341905->341633->341903->342155->342156->342710->343062->342711->342712->344670->342712->342714->342713->342076->341620->341621->344204->342159->342700->343100->342865->342652->342116->342672->340587->342670->646668->646669->342669->563097->342673->646784->646782->341597->341596->341598->342684->341601->343106->343943->342693->341607->344213->343102->341557->342643->341561->341562->341564->342639->563096->342115->563067->342636->338199->338198->338222->338726->338837->339122->646056->338604->338223->338605->338597->338197->338925->587845->646128->587905->339124->587841->338206->339125->338598->338208->338599->587846->338600->338354
rl_base,t3_sinsa_daechi,long,peak,8.0,22,2047.0782,1725.9765,321.1018,2166.9279,853.5002,14444.5,13,True,166,33,36,97,341904->342719->342117->341623->341905->341633->341903->341904->341905->341623->342117->342719->341904->341903->341633->341905->341904->343064->341633->341903->342155->342156->342710->343062->342711->342712->342158->342157->342711->343062->563071->340626->341619->563100->341780->341614->341779->341781->341617->341618->341783->341585->341616->341617->341618->341783->341585->341616->341617->341618->341783->341585->341616->341617->341781->341779->341614->341780->563100->341619->340626->563071->343062->342711->342712->342158->342157->342711->343062->563071->340626->341619->563100->341780->341614->341779->341781->341617->341618->343068->341616->341585->341813->613854->344570->341584->342676->342653->342654->342657->341580->341808->341807->342659->342494->342661->342069->646413->342660->341938->341981->342678->342675->342674->342671->342672->342116->341788->341787->563170->341731->341603->341730->646623->341984->341732->342691->341733->341602->338230->646176->339098->342073->342687->341600->342685->341607->344213->343102->341557->342643->341561->341562->341564->342639->563096->342115->563067->342636->342147->341996->341571->342071->338224->338199->342636->563067->342648->342147->342636->338199->338198->562865->339135->338197->338925->587845->646128->587905->339124->339125->338598->338208->338599->587846->338600->338354
rl_base,t3_sinsa_daechi,long,peak,8.0,23,2875.7515,2154.2607,721.4908,2754.4914,1917.7488,17430.4,24,False,200,34,75,91,341904->342719->342117->341623->341905->341633->341903->341904->341905->341623->342117->342719->341904->341903->341633->343064->341904->341903->341633->343064->341904->341903->341633->343064->341904->341903->341633->343064->341904->341903->341633->343064->341904->341903->341633->343064->341904->341903->341633->343064->341904->341903->341633->343064->341904->341903->341633->343064->341904->341903->341633->343064->341904->341903->341633->343064->341904->341905->341633->341903->342155->342156->342710->343062->342711->342712->342158->342157->342711->343062->563071->340626->341619->563100->341780->341614->341779->341781->341617->341618->343068->341616->341585->341783->341618->341782->341615->340584->341784->341889->341583->341786->341588->340704->340641->342865->341611->341583->342674->342675->342678->342667->341581->342666->342663->342681->342617->646583->342615->342680->342681->342663->342666->343657->342670->646668->646669->342669->342679->341983->342673->646784->646782->341597->341596->341598->342684->341601->343106->343943->342693->341607->344213->343102->341557->342643->341561->341562->341564->342639->563096->342115->563067->342648->341560->341518->341517->341516->341515->342114->342113->341519->341513->341520->343933->343932->343937->341532->341533->344530->341535->343726->343919->338310->339265->338311->646265->338733->339152->338790->339123->338602->338223->338603->339126->646201->338925->338197->338597->338605->338223->338602->339123->338790->339152->339153->562882->562895->562882->339153->339152->338790->339123->338602->338223->338603->339126->646201->338925->338197->338597
rl_base,t3_sinsa_daechi,long,peak,8.0,24,2110.142,1863.9707,246.1713,2371.3061,654.3324,15553.2,10,True,164,32,48,84,341904->342719->342117->341623->341905->341633->341903->341904->341905->341623->342117->342719->341904->341903->341633->343064->341904->341903->341633->343064->341904->341903->341633->343064->341904->341903->341633->343064->341904->341903->341633->343064->341904->341903->342155->342720->342728->563265->342729->563265->342728->342720->342155->342156->342710->343062->342711->342712->342158->342157->342711->343062->563071->340626->341619->563100->341780->341614->341779->341781->341617->341616->342655->342705->342704->342705->342655->341575->342499->341244->341241->343634->341240->341239->341244->341809->341576->341577->341812->341584->342676->342653->342654->342657->341580->341808->341807->342659->342494->342661->342069->646413->342660->341938->341981->342678->342675->342674->341583->341786->341588->340704->340641->342865->341611->341583->342674->342675->342678->342667->342662->342682->341587->342681->342663->342666->343657->342670->646668->646669->342669->563097->342673->646784->646782->341597->341596->341598->342684->341601->343106->343943->342693->341607->344213->343102->341557->342643->341561->341562->341564->342639->563096->342115->563067->342636->338199->338198->562865->339135->338197->338925->587845->646128->587905->587904->587905->339124->339125->338598->338208->338599->587846->338600->338354
rl_base,t3_sinsa_daechi,long,peak,8.0,25,1759.3684,1360.3073,399.0611,1608.7257,1060.719,10542.7,13,True,135,13,45,77,341904->342719->342117->341623->341905->341633->341903->341904->341905->341623->342117->342719->341904->341903->341633->343064->341904->341903->341633->343064->341904->341903->341633->343064->341904->341903->341633->343064->341904->341903->341633->343064->341904->341903->341633->343064->341904->341903->341633->343064->341904->341903->341633->343064->341904->341903->341633->343064->341904->341903->341633->343064->341904->342719->342710->343062->342711->342712->342158->342157->342711->343062->563071->340626->341619->563100->341780->341614->341779->341781->341617->341618->343068->341616->341585->341783->341618->341782->341615->340584->341784->341889->341583->341786->341588->341785->342116->341788->341787->563170->341731->341603->341730->646623->341984->341732->342691->341733->341602->338230->646176->339098->342073->342687->341600->342685->341607->344213->343102->341557->342643->341561->341562->341564->342639->563096->342115->563067->342636->338199->338198->562865->339135->338197->338925->587845->646128->587905->339124->339125->338598->338208->338599->587846->338600->338354
rl_base,t3_sinsa_daechi,long,peak,8.0,26,2161.2237,1819.7687,341.4551,2291.5004,907.5999,14844.1,12,True,159,29,50,80,341904->342719->342117->341623->341905->341633->341903->341904->341905->341623->342117->342719->341904->341903->341633->343064->341904->341903->341633->343064->341904->341903->341633->343064->341904->341903->341633->343064->341904->341903->341633->343064->341904->341903->342155->342156->342710->343062->342711->342712->342158->342157->342711->343062->563071->340626->341619->563100->341780->341614->341779->341781->341617->341618->341783->341585->341616->341617->341618->343068->341616->341585->341783->341618->341782->341615->340584->341784->341889->341583->341786->341588->340704->340641->342865->341611->341583->342674->342675->342678->341981->341938->342660->342654->342653->342676->341582->342654->342660->341938->341981->342678->342675->342674->341583->341786->341588->340704->340641->342865->341611->341583->342674->342675->342678->342667->342662->342682->341587->342681->342663->342666->343657->342670->646668->646669->342669->342679->341983->342673->646784->646782->341597->341596->341598->342684->341601->343106->343943->342693->341607->344213->343102->341557->342643->341561->341562->341564->342639->563096->342115->563067->342636->338199->338198->562865->339135->338197->338925->587845->646128->587905->339124->339125->338598->338208->338599->587846->338600->338354
rl_base,t3_sinsa_daechi,long,peak,8.0,27,2321.5975,1775.1829,546.4146,2290.7015,1452.3898,14509.5,26,True,199,35,43,121,341904->341905->341623->342117->342719->341904->341903->341633->343064->341904->342719->342117->341623->341905->341633->341903->342155->342156->342710->343062->342711->342712->342158->342157->342711->343062->563071->340626->341619->563100->341780->341614->341779->341781->341617->341618->341783->341585->341616->341617->341618->341783->341585->341616->341617->341618->341783->341585->341616->341617->341618->341783->341585->341616->341617->341781->341779->341614->341780->563100->341619->340626->563071->343062->342711->342712->342158->342157->342711->343062->563071->340626->341619->563100->341780->341614->341779->341781->341617->341618->343068->341616->341585->341783->341618->341782->341615->340584->341784->341889->341583->341786->341588->341785->342116->341788->341787->563170->341731->341603->341730->646623->341984->341732->342691->341733->341602->338230->339134->339069->338253->613767->613766->613768->338803->338267->340192->338229->338218->339571->338261->563143->588038->341607->344213->343102->341557->588040->341572->339293->338651->339651->613662->338258->339132->338586->338262->338587->338588->339119->338589->338205->338992->338592->338259->338593->338710->338991->339115->338205->338589->339119->338997->340121->340120->340121->338998->338205->338589->339119->338997->340121->340120->340121->338998->338205->338589->339119->338588->338587->338262->339922->340140->339002->338922->646291->338226->339127->338649->339136->645956->338227->338693->338595->338210->613615->338596->338197->338925->587845->646128->587905->339124->339125->338598->338208->338599->587846->338600->338354
rl_base,t3_sinsa_daechi,long,peak,8.0,28,2013.4996,1605.5985,407.9011,1766.2967,1084.216,12088.4,16,True,154,18,58,78,341904->342719->342117->341623->341905->341633->341903->341904->341905->341623->342117->342719->341904->341903->341633->343064->341904->341903->341633->343064->341904->341903->341633->343064->341904->341903->341633->343064->341904->341903->341633->343064->341904->341903->341633->343064->341904->341903->341633->343064->341904->341903->341633->343064->341904->341903->341633->343064->341904->341903->341633->343064->341904->341903->341633->343064->341904->341903->341633->343064->341904->341903->341633->341905->341904->343064->341633->341903->342155->342156->342710->343062->342711->342712->342158->342157->342711->343062->563071->340626->341619->563100->341780->341614->341779->341781->341617->341618->343068->341616->341585->341783->341618->341782->341615->340584->341784->341889->341583->341786->341588->343777->340703->342671->342672->342116->341788->341787->563170->341731->341603->341730->646623->341984->341732->342691->341733->341602->338230->646176->339098->342073->342687->341600->342685->341607->344213->343102->341557->342643->341561->341562->341564->342639->563096->342115->563067->342636->338199->338198->562865->339135->338197->338925->587845->646128->587905->339124->339125->338598->338208->338599->587846->338600->338354
rl_base,t3_sinsa_daechi,long,peak,8.0,29,2186.8606,1697.4347,489.4259,2074.4864,1300.9118,13323.5,15,True,156,24,64,68,341904->342719->342117->341623->341905->341633->341903->341904->341905->341623->342117->342719->341904->341903->341633->343064->341904->341903->341633->343064->341904->341903->341633->343064->341904->341903->341633->343064->341904->341903->341633->343064->341904->341903->341633->343064->341904->341903->341633->343064->341904->341903->341633->343064->341904->341903->341633->343064->341904->341903->341633->343064->341904->341903->341633->343064->341904->341903->341633->343064->341904->341903->341633->341905->341904->343064->341633->341903->342155->342156->342157->342711->343062->563071->340626->341619->563100->341780->341614->341779->341781->341617->341618->343068->341616->341585->341783->341618->341782->341615->340584->341784->341889->341583->341786->341588->340704->340641->342865->341611->341583->342674->342675->342678->342667->342662->342682->341587->342681->342663->342666->343657->342670->646668->646669->342669->563097->342673->646784->646782->341597->341596->341598->342684->341601->343106->343943->342693->341607->344213->343102->341557->342643->341561->341562->341564->342639->563096->342115->563067->342648->342147->342636->338199->338198->562865->339135->338197->338925->587845->646128->587905->339124->587910->587846->338600->338354
rl_base,t3_sinsa_daechi,long,peak,8.0,30,1624.4605,1301.0341,323.4263,1625.2943,859.679,10993.7,12,True,143,34,13,96,341904->342719->342117->341623->341905->341633->341903->342155->342156->342710->343062->563071->340626->341619->563100->341780->341614->341779->341781->341617->341618->341783->341585->341616->341617->341781->341779->341614->341780->563100->341619->340626->563071->343062->342711->342712->342158->342157->342711->343062->563071->340626->341619->563100->341780->341614->341779->341781->341617->341618->341783->341585->341616->341617->341618->341783->341585->341616->341617->341618->341783->341585->341616->341617->341618->341783->341585->341616->341617->341618->341783->341585->341616->341617->341618->341783->341585->341616->341617->341618->343068->341616->341585->341783->341618->341782->341615->340584->341784->341889->341583->341786->341588->341785->342116->341788->341787->563170->341731->341603->341730->646623->341984->341732->342691->341733->341602->338230->646176->339098->342073->342687->341600->342685->341607->344213->343102->341557->342643->341561->341562->341564->342639->563096->342115->563067->342636->338199->338198->562865->339135->338197->338925->587845->646128->587905->339124->339125->338598->338208->338599->587846->338600->338354
rl_signal,t1_seonjeongneung_daechi,long,off_peak,7.0,1,1841.1082,1532.0654,309.0429,1751.6401,821.4472,12717.4,18,True,133,36,30,67,341608->341553->341563->341552->342644->342148->342645->341564->341562->341561->341568->341736->341555->342643->341557->588040->341572->339293->338651->562919->562884->613773->613772->339003->339662->341549->342639->563096->342115->563067->342636->338199->338198->562865->339135->338197->338925->646201->339126->338348->338347->338346->339296->338349->338341->562897->338341->338349->339296->338346->338347->338348->339126->646201->338925->587845->646128->587905->339124->339125->338598->338208->338599->587846->587910->339124->587905->646128->587845->338925->646201->339126->338603->338223->338605->338597->338197->338925->646201->339126->338348->338347->338346->339296->338349->338341->562897->338341->338349->339296->338346->338347->338348->339126->646201->338925->587845->646128->646127->646128->587845->563046->587845->646128->646127->646128->587845->338925->646201->339126->338348->338347->338346->339296->338349->338341->562897->338341->338349->339296->338346->338347->338348->646202->338348->339126->646201->646200->646201->339126->338348->338347->338346->338354
rl_signal,t1_seonjeongneung_daechi,long,off_peak,7.0,2,1136.6907,863.5439,273.1468,1038.1592,726.0342,7275.4,15,True,75,18,10,47,341608->341553->341563->341552->342644->613995->342640->342641->341737->341569->341738->563185->341560->342648->342147->342636->338199->338198->562865->339135->338197->338925->646201->339126->338348->338347->338346->339296->338349->338341->562897->338341->338349->339296->338346->338347->338348->339126->646201->338925->587845->646128->587905->339124->339125->338598->338208->338599->587846->587910->339124->339125->338598->338208->338599->587846->587910->339124->587905->646128->587845->338925->646201->339126->338348->338347->338346->339296->338349->338341->562897->338341->338349->339296->338346->338354
rl_signal,t1_seonjeongneung_daechi,long,off_peak,7.0,3,1363.9491,1167.165,196.7841,1447.8521,523.0593,10151.3,11,True,95,19,26,50,341608->341553->341563->341552->342644->342148->342645->341564->341562->341552->342644->342148->342645->341564->341562->341552->342644->342148->342645->341564->341562->341552->342644->342148->342645->341564->342639->563096->342115->563067->342636->338199->338198->562865->339135->338197->338925->646201->339126->338348->338347->338346->339296->338349->338341->562897->338341->338349->339296->338346->338347->338348->339126->646201->338925->587845->646128->587905->339124->339125->338598->338208->338599->587846->587910->339124->587905->646128->587845->338925->646201->339126->338348->338347->338346->339296->338349->338341->562897->338341->338349->339296->338346->338347->338348->339126->646201->338925->587845->646128->587905->339124->587910->587846->338600->338354
rl_signal,t1_seonjeongneung_daechi,long,off_peak,7.0,4,592.5539,539.9397,52.6141,600.5418,139.8503,4845.9,4,True,38,7,9,22,341608->341553->341563->341552->342644->342148->342645->341564->341562->341552->342644->342148->342645->341564->342639->563096->342115->563067->342636->338199->338198->562865->339135->338197->338925->646201->339126->338348->338347->338346->339296->338349->338341->562897->338341->338349->339296->338346->338354
rl_signal,t1_seonjeongneung_daechi,long,off_peak,7.0,5,864.9332,706.3505,158.5827,835.0593,421.5187,6544.8,8,True,53,10,10,33,341608->342649->341592->341591->342150->342680->342615->343819->342631->341591->341592->342649->341608->341553->341563->341552->342644->342148->342645->341564->342639->563096->342115->341559->341985->341569->344767->341558->341518->341560->343710->342115->563067->342636->338199->338198->562865->339135->338197->338925->646201->339126->338348->338347->338346->339296->338349->338341->562897->338341->338349->339296->338346->338354
rl_signal,t1_seonjeongneung_daechi,long,off_peak,7.0,6,483.994,382.7385,101.2555,465.9729,269.1409,3508.0,5,True,24,5,5,14,341608->341553->341563->341552->342644->342148->342645->341564->342639->563096->342115->563067->342636->338199->338198->562865->339135->338197->338925->646201->339126->338348->338347->338346->338354
rl_signal,t1_seonjeongneung_daechi,long,off_peak,7.0,7,528.9352,466.1853,62.7499,567.6809,166.7915,4243.7,3,True,30,5,9,16,341608->341553->341563->341552->342644->342148->342645->341564->341562->341552->342644->342148->342645->341564->342639->563096->342115->563067->342636->338199->338198->562865->339135->338197->338925->646201->339126->338348->338347->338346->338354
rl_signal,t1_seonjeongneung_daechi,long,off_peak,7.0,8,1017.667,877.8357,139.8313,1059.3972,371.6766,7672.3,9,True,71,14,18,39,341608->341553->341563->341552->342644->342148->342645->341564->341562->341552->342644->342148->342645->341564->341562->341552->342644->342148->342645->341564->342639->563096->342115->563067->342636->338199->338198->562865->339135->338197->338925->646201->339126->338348->338347->338346->339296->338349->338341->562897->338341->338349->339296->338346->338347->338348->339126->646201->646200->646201->338925->587845->646128->587905->339124->339125->338598->338208->338599->587846->587910->339124->587905->646128->587845->338925->646201->339126->338348->338347->338706->338354
rl_signal,t1_seonjeongneung_daechi,long,off_peak,7.0,9,525.7088,461.2997,64.4091,560.1371,171.2017,4243.7,3,True,30,5,9,16,341608->341553->341563->341552->342644->342148->342645->341564->341562->341552->342644->342148->342645->341564->342639->563096->342115->563067->342636->338199->338198->562865->339135->338197->338925->646201->339126->338348->338347->338346->338354
rl_signal,t1_seonjeongneung_daechi,long,off_peak,7.0,10,529.6737,468.5345,61.1392,577.3623,162.5101,4243.7,3,True,30,5,9,16,341608->341553->341563->341552->342644->342148->342645->341564->341562->341552->342644->342148->342645->341564->342639->563096->342115->563067->342636->338199->338198->562865->339135->338197->338925->646201->339126->338348->338347->338346->338354
rl_signal,t1_seonjeongneung_daechi,long,off_peak,7.0,11,1097.2084,907.808,189.4004,1138.9688,503.4332,7892.1,11,True,74,17,13,44,341608->341553->341563->341552->342644->342148->342645->341564->342639->563096->342115->341559->341985->341569->344767->341558->341518->341560->343710->342115->563067->342636->338199->338198->562865->339135->338197->338925->646201->339126->338348->338347->338346->339296->338349->338341->562897->338341->338349->339296->338346->338347->338348->339126->646201->338925->587845->646128->587905->339124->339125->338598->338208->338599->587846->587910->339124->587905->646128->587845->338925->646201->339126->338348->338347->338346->339296->338349->338341->562897->338341->338349->339296->338346->338354
rl_signal,t1_seonjeongneung_daechi,long,off_peak,7.0,12,538.1168,461.0652,77.0516,543.8282,204.8059,4110.2,5,True,32,7,5,20,341608->341553->341563->341552->342644->342148->342645->341564->342639->563096->342115->563067->342636->338199->338198->562865->339135->338197->338925->646201->339126->338348->338347->338346->339296->338349->338341->562897->338341->338349->339296->338346->338354
rl_signal,t1_seonjeongneung_daechi,long,off_peak,7.0,13,548.2789,487.1915,61.0874,568.2463,162.3726,4243.7,3,True,30,5,9,16,341608->341553->341563->341552->342644->342148->342645->341564->341562->341552->342644->342148->342645->341564->342639->563096->342115->563067->342636->338199->338198->562865->339135->338197->338925->646201->339126->338348->338347->338346->338354
rl_signal,t1_seonjeongneung_daechi,long,off_peak,7.0,14,550.8356,477.7969,73.0386,544.8638,194.1394,4243.7,3,True,30,5,9,16,341608->341553->341563->341552->342644->342148->342645->341564->341562->341552->342644->342148->342645->341564->342639->563096->342115->563067->342636->338199->338198->562865->339135->338197->338925->646201->339126->338348->338347->338346->338354
rl_signal,t1_seonjeongneung_daechi,long,off_peak,7.0,15,549.5379,482.2392,67.2987,553.6809,178.8825,4243.7,3,True,30,5,9,16,341608->341553->341563->341552->342644->342148->342645->341564->341562->341552->342644->342148->342645->341564->342639->563096->342115->563067->342636->338199->338198->562865->339135->338197->338925->646201->339126->338348->338347->338346->338354
rl_signal,t1_seonjeongneung_daechi,long,off_peak,7.0,16,636.3109,466.3366,169.9743,569.4479,451.7979,4120.0,10,True,38,7,5,26,341608->341553->341563->341552->342644->613995->342640->342641->341737->341569->341738->563185->341560->343710->342115->563067->342636->338199->338198->562865->339135->338197->338925->646201->339126->338348->338347->338346->339296->338349->338341->562897->338341->338349->339296->338346->338347->338706->338354
rl_signal,t1_seonjeongneung_daechi,long,off_peak,7.0,17,559.3071,481.2808,78.0263,529.5474,207.3968,4243.7,3,True,30,5,9,16,341608->341553->341563->341552->342644->342148->342645->341564->341562->341552->342644->342148->342645->341564->342639->563096->342115->563067->342636->338199->338198->562865->339135->338197->338925->646201->339126->338348->338347->338346->338354
rl_signal,t1_seonjeongneung_daechi,long,off_peak,7.0,18,1979.6135,1612.576,367.0375,1982.5354,975.599,13528.2,19,True,146,37,30,79,341608->341553->341563->341552->342644->342148->342645->341564->341562->341552->342644->342148->342645->341564->342639->563096->342115->563067->342636->338199->338198->562865->339135->338197->338597->338605->338223->338603->339126->338348->338347->338346->339296->338349->338341->562897->338341->338349->339296->338346->338347->338348->339126->646201->338925->587845->646128->587905->339124->339125->338598->338208->338599->587846->587910->339124->587905->646128->587845->338925->646201->339126->338348->338347->338346->339296->338349->338341->562897->338341->338349->339296->338346->338347->338348->339126->646201->338925->587845->646128->587905->339124->339125->338598->338208->338599->587846->587910->339124->587905->646128->587845->338925->646201->339126->338348->338347->338346->339296->338349->338341->562897->338341->338349->339296->338346->338347->338348->339126->646201->338925->587845->646128->646127->646128->587845->338925->646201->339126->338348->338347->338346->339296->338349->646052->338349->338341->562897->338341->338349->339296->338346->338347->338348->339126->646201->338925->587845->646128->646127->646128->587905->339124->587910->587846->338600->338354
rl_signal,t1_seonjeongneung_daechi,long,off_peak,7.0,19,814.2793,707.2624,107.0169,854.0456,284.4549,6317.3,7,True,50,7,17,26,341608->341553->341563->341552->342644->342148->342645->341564->341562->341552->342644->342148->342645->341564->341562->341552->342644->342148->342645->341564->341562->341552->342644->342148->342645->341564->342639->563096->342115->563067->342636->338199->338198->562865->339135->338197->338925->646201->339126->338348->338347->338346->339296->338349->338341->562897->338341->338349->339296->338346->338354
rl_signal,t1_seonjeongneung_daechi,long,off_peak,7.0,20,1060.3288,811.2991,249.0297,977.2614,661.9299,6981.4,12,True,75,10,9,56,341608->341553->341554->341551->342640->613995->342644->342148->342645->341564->341735->341568->341566->341549->339128->339093->338226->646291->338922->339002->340140->339922->338262->338587->338588->339119->338589->338205->338992->338592->338259->338590->338805->339504->339505->339506->339503->339477->338842->338841->646229->339479->339480->340320->339728->339312->613624->338622->338256->338621->338727->339001->338776->338206->339125->339124->587905->646128->587845->338925->646201->339126->338348->338347->338346->339296->338349->338341->562897->338341->338349->339296->338346->338347->338706->338354
rl_signal,t1_seonjeongneung_daechi,long,off_peak,7.0,21,529.9708,464.549,65.4218,557.9455,173.8936,4243.7,3,True,30,5,9,16,341608->341553->341563->341552->342644->342148->342645->341564->341562->341552->342644->342148->342645->341564->342639->563096->342115->563067->342636->338199->338198->562865->339135->338197->338925->646201->339126->338348->338347->338346->338354
rl_signal,t1_seonjeongneung_daechi,long,off_peak,7.0,22,521.0987,450.6163,70.4824,547.8397,187.3447,4243.7,4,True,30,5,9,16,341608->341553->341563->341552->342644->342148->342645->341564->341562->341552->342644->342148->342645->341564->342639->563096->342115->563067->342636->338199->338198->562865->339135->338197->338925->646201->339126->338348->338347->338346->338354
rl_signal,t1_seonjeongneung_daechi,long,off_peak,7.0,23,532.6361,470.6565,61.9796,578.005,164.7441,4110.2,5,True,32,7,5,20,341608->341553->341563->341552->342644->342148->342645->341564->342639->563096->342115->563067->342636->338199->338198->562865->339135->338197->338925->646201->339126->338348->338347->338346->339296->338349->338341->562897->338341->338349->339296->338346->338354
rl_signal,t1_seonjeongneung_daechi,long,off_peak,7.0,24,540.1403,460.6203,79.5199,534.5276,211.3668,4110.2,5,True,32,7,5,20,341608->341553->341563->341552->342644->342148->342645->341564->342639->563096->342115->563067->342636->338199->338198->562865->339135->338197->338925->646201->339126->338348->338347->338346->339296->338349->338341->562897->338341->338349->339296->338346->338354
rl_signal,t1_seonjeongneung_daechi,long,off_peak,7.0,25,1017.9582,852.8459,165.1123,965.1392,438.8745,7183.9,9,True,61,17,13,31,341608->341553->341563->341552->342644->342148->342645->341564->342639->563096->342115->563067->342636->338199->338198->562865->339135->338197->338925->646201->339126->338603->338223->338605->338597->338197->338925->646201->339126->338348->338347->338346->339296->338349->338341->562897->338341->338349->339296->338346->338347->338348->339126->646201->338925->587845->646128->587905->339124->339125->338206->340158->338207->340157->340158->338206->339125->339124->587910->587846->338600->338354
rl_signal,t1_seonjeongneung_daechi,long,off_peak,7.0,26,1081.4246,976.4959,104.9286,1127.2503,278.9041,8116.7,8,True,70,13,23,34,341608->341553->341563->341552->342644->342148->342645->341564->341562->341552->342644->342148->342645->341564->341562->341552->342644->342148->342645->341564->341562->341552->342644->342148->342645->341564->342639->563096->342115->563067->342636->338199->338198->562865->339135->338197->338925->646201->339126->338348->338347->338346->339296->338349->338341->562897->338341->338349->339296->338346->338347->338348->339126->646201->646200->646201->339126->338348->338347->338346->339296->338349->338341->562897->338341->338349->339296->338346->338347->338706->338354
rl_signal,t1_seonjeongneung_daechi,long,off_peak,7.0,27,876.787,733.8132,142.9738,877.8399,380.0296,5997.1,8,True,55,10,13,32,341608->341553->341563->341552->342644->342148->342645->341564->341562->341552->342644->342148->342645->341564->342639->563096->342115->563067->342636->338199->338198->562865->339135->338197->338925->646201->339126->338348->338347->338346->339296->338349->338341->562897->338341->338349->339296->338346->338347->338348->646202->338348->339126->646201->338925->587845->646128->587905->339124->339125->338598->338208->338599->587846->338600->338354
rl_signal,t1_seonjeongneung_daechi,long,off_peak,7.0,28,1100.2269,880.3507,219.8762,1048.6323,584.439,7682.3,12,True,73,19,11,43,341608->341553->341563->341552->342644->342148->342645->341564->342639->563096->342115->563067->342636->338199->338198->562865->339135->338197->338925->646201->339126->338603->338223->338605->338597->338197->338925->646201->339126->338348->338347->338346->339296->338349->338341->562897->338341->338349->339296->338346->338347->338348->339126->646201->338925->587845->646128->587905->339124->339125->338598->338208->338599->587846->587910->339124->587905->646128->587845->338925->646201->339126->338348->338347->338346->339296->338349->338341->562897->338341->338349->339296->338346->338354
rl_signal,t1_seonjeongneung_daechi,long,off_peak,7.0,29,535.8578,458.5951,77.2627,543.4286,205.3671,4110.2,6,True,32,7,5,20,341608->341553->341563->341552->342644->342148->342645->341564->342639->563096->342115->563067->342636->338199->338198->562865->339135->338197->338925->646201->339126->338348->338347->338346->339296->338349->338341->562897->338341->338349->339296->338346->338354
rl_signal,t1_seonjeongneung_daechi,long,off_peak,7.0,30,652.4696,564.9223,87.5474,648.4777,232.7041,4929.6,6,True,46,11,10,25,341608->341777->341565->341554->341553->341563->341552->342644->342148->342645->341564->342639->563096->342115->563067->342636->338199->338198->562865->339135->338197->338925->646201->646200->646201->338925->587845->646128->587905->339124->339125->338598->338208->338599->587846->587910->339124->587905->646128->587845->338925->646201->339126->338348->338347->338346->338354
rl_signal,t1_seonjeongneung_daechi,long,peak,8.0,1,1099.2746,950.0971,149.1775,1252.9773,396.5192,8036.3,8,True,78,19,19,40,341608->341553->341563->341552->342644->342148->342645->341564->341562->341552->342644->342148->342645->341564->342639->563096->342115->563067->342636->338199->338198->562865->339135->338197->338925->646201->646200->646201->338925->587845->646128->587905->587904->587905->646128->587845->338925->646201->339126->338348->338347->338346->339296->338349->338341->562897->338341->338349->339296->338346->338347->338348->339126->646201->338925->587845->646128->587905->339124->339125->338598->338208->338599->587846->587910->339124->587841->338206->340158->338207->340157->340158->338206->339125->339124->587910->587846->338600->338354
rl_signal,t1_seonjeongneung_daechi,long,peak,8.0,2,519.6176,450.7136,68.9041,652.1688,183.1495,4110.2,5,True,32,7,5,20,341608->341553->341563->341552->342644->342148->342645->341564->342639->563096->342115->563067->342636->338199->338198->562865->339135->338197->338925->646201->339126->338348->338347->338346->339296->338349->338341->562897->338341->338349->339296->338346->338354
rl_signal,t1_seonjeongneung_daechi,long,peak,8.0,3,475.8568,419.0284,56.8283,574.9105,151.0518,3930.5,2,True,30,8,7,15,341608->341553->341563->341552->342644->342148->342645->341564->342639->563096->342115->563067->342636->338199->338198->562865->339135->338197->338925->587845->646128->587905->339124->587841->338206->339125->339124->587910->587846->338600->338354
rl_signal,t1_seonjeongneung_daechi,long,peak,8.0,4,530.6159,468.1733,62.4426,670.1498,165.9747,4110.2,4,True,32,7,5,20,341608->341553->341563->341552->342644->342148->342645->341564->342639->563096->342115->563067->342636->338199->338198->562865->339135->338197->338925->646201->339126->338348->338347->338346->339296->338349->338341->562897->338341->338349->339296->338346->338354
rl_signal,t1_seonjeongneung_daechi,long,peak,8.0,5,1675.729,1194.0537,481.6753,1786.619,1280.3105,9871.9,20,True,97,21,19,57,341608->341553->341563->341552->342644->613995->342640->342641->341737->341569->341738->563185->341560->343710->342115->563067->342636->338199->338198->562865->339135->338197->338597->338605->338223->338603->339126->338348->338347->338346->339296->338349->338341->562897->338341->338349->339296->338346->338347->338348->339126->646201->338925->587845->646128->587905->339124->339125->338598->338208->338599->587846->587910->339124->587905->646128->587845->338925->338197->338597->338605->338223->338603->339126->338348->338347->338346->339296->338349->338341->562897->338341->338349->339296->338346->338347->338348->339126->646201->338925->338197->338596->613615->338210->613623->645958->613623->338210->613615->338596->338197->338925->646201->339126->338348->338347->338346->338354
rl_signal,t1_seonjeongneung_daechi,long,peak,8.0,6,989.8001,860.2293,129.5707,1184.7811,344.4037,7222.9,7,True,69,11,14,44,341608->341553->341563->341552->342644->342148->342645->341564->342639->563096->342115->563067->342636->342147->341996->341571->340229->562951->338222->338198->338199->342636->563067->342115->341559->341985->341569->344767->341558->341518->341517->341516->341515->342114->563094->646707->342613->341535->343726->343919->338310->339265->338311->339297->339000->339664->338312->338344->338712->338313->338343->339266->338728->338341->338349->339296->338346->338347->338348->339126->646201->338925->587845->646128->587905->339124->587910->587846->338600->338354
rl_signal,t1_seonjeongneung_daechi,long,peak,8.0,7,539.1124,464.1218,74.9907,641.4393,199.3279,4110.2,4,True,32,7,5,20,341608->341553->341563->341552->342644->342148->342645->341564->342639->563096->342115->563067->342636->338199->338198->562865->339135->338197->338925->646201->339126->338348->338347->338346->339296->338349->338341->562897->338341->338349->339296->338346->338354
rl_signal,t1_seonjeongneung_daechi,long,peak,8.0,8,539.1503,464.242,74.9083,646.8372,199.109,4110.2,4,True,32,7,5,20,341608->341553->341563->341552->342644->342148->342645->341564->342639->563096->342115->563067->342636->338199->338198->562865->339135->338197->338925->646201->339126->338348->338347->338346->339296->338349->338341->562897->338341->338349->339296->338346->338354
rl_signal,t1_seonjeongneung_daechi,long,peak,8.0,9,436.755,399.3771,37.3779,564.0246,99.3519,3781.4,3,True,27,5,6,16,341608->341777->341565->341554->341551->342640->613995->342644->342148->342645->341564->342639->563096->342115->563067->342636->338199->338198->562865->339135->338197->338925->646201->339126->338348->338347->338706->338354
rl_signal,t1_seonjeongneung_daechi,long,peak,8.0,10,936.9439,819.2564,117.6875,1166.5793,312.8178,7521.3,8,True,67,17,11,39,341608->341553->341554->341551->341538->341776->340710->341565->341777->341608->341553->341563->341552->342644->342148->342645->341564->342639->563096->342115->563067->342636->338199->338198->562865->339135->338197->338925->646201->339126->338348->338347->338346->339296->338349->338341->562897->338341->338349->339296->338346->338347->338348->339126->646201->338925->587845->646128->587905->587904->587905->646128->587845->338925->646201->339126->338348->338347->338346->339296->338349->338341->562897->338341->338349->339296->338346->338354
rl_signal,t1_seonjeongneung_daechi,long,peak,8.0,11,552.2305,487.4959,64.7346,667.6401,172.0669,4239.8,5,True,34,9,5,20,341608->341553->341563->341552->342644->342148->342645->341564->342639->563096->342115->563067->342636->338199->338198->562865->339135->338197->338925->646201->339126->338348->338347->338346->339296->338349->646052->338349->338341->562897->338341->338349->339296->338346->338354
rl_signal,t1_seonjeongneung_daechi,long,peak,8.0,12,571.6624,470.2768,101.3857,669.13,269.4868,4243.7,3,True,30,5,9,16,341608->341553->341563->341552->342644->342148->342645->341564->341562->341552->342644->342148->342645->341564->342639->563096->342115->563067->342636->338199->338198->562865->339135->338197->338925->646201->339126->338348->338347->338346->338354
rl_signal,t1_seonjeongneung_daechi,long,peak,8.0,13,550.2451,468.588,81.6572,633.3067,217.0477,4239.8,6,True,34,9,5,20,341608->341553->341563->341552->342644->342148->342645->341564->342639->563096->342115->563067->342636->338199->338198->562865->339135->338197->338925->646201->339126->338348->338347->338346->339296->338349->646052->338349->338341->562897->338341->338349->339296->338346->338354
rl_signal,t1_seonjeongneung_daechi,long,peak,8.0,14,709.8223,625.5337,84.2886,857.0871,224.0422,5205.7,6,True,44,11,8,25,341608->341553->341563->341552->342644->342148->342645->341564->342639->563096->342115->563067->342636->338199->338198->562865->339135->338197->338925->646201->339126->338348->338347->338346->339296->338349->338341->562897->338341->338349->339296->338346->338347->338348->339126->646201->338925->587845->646128->587905->339124->587910->587846->338600->338354
rl_signal,t1_seonjeongneung_daechi,long,peak,8.0,15,603.4669,487.7928,115.6741,672.3069,307.466,4202.4,6,True,34,8,6,20,341608->341553->341563->341552->342644->342148->342645->341564->342639->563096->342115->563067->342636->338199->338198->562865->339135->338197->338925->646201->339126->338348->338347->338346->339296->338349->338341->562897->338341->338349->339296->338346->338347->338706->338354
rl_signal,t1_seonjeongneung_daechi,long,peak,8.0,16,536.9653,434.6756,102.2896,573.2321,271.8895,4110.2,6,True,32,7,5,20,341608->341553->341563->341552->342644->342148->342645->341564->342639->563096->342115->563067->342636->338199->338198->562865->339135->338197->338925->646201->339126->338348->338347->338346->339296->338349->338341->562897->338341->338349->339296->338346->338354
rl_signal,t1_seonjeongneung_daechi,long,peak,8.0,17,535.2342,444.7584,90.4758,595.9609,240.488,4110.2,5,True,32,7,5,20,341608->341553->341563->341552->342644->342148->342645->341564->342639->563096->342115->563067->342636->338199->338198->562865->339135->338197->338925->646201->339126->338348->338347->338346->339296->338349->338341->562897->338341->338349->339296->338346->338354
rl_signal,t1_seonjeongneung_daechi,long,peak,8.0,18,531.1134,445.6155,85.4979,610.3016,227.2565,4110.2,4,True,32,7,5,20,341608->341553->341563->341552->342644->342148->342645->341564->342639->563096->342115->563067->342636->338199->338198->562865->339135->338197->338925->646201->339126->338348->338347->338346->339296->338349->338341->562897->338341->338349->339296->338346->338354
rl_signal,t1_seonjeongneung_daechi,long,peak,8.0,19,1583.2947,1196.8322,386.4625,1716.3229,1027.2312,9890.2,13,True,113,32,20,61,341608->341553->341563->341561->342643->341555->340705->341572->339293->338651->562919->562884->613773->613772->339003->339662->341549->342639->563096->342115->563067->342636->338199->338198->562865->339135->338197->338925->646201->339126->338603->338223->338605->338597->338197->338925->587845->646128->587905->339124->339125->338598->338208->338599->587846->587910->339124->587905->646128->587845->338925->646201->339126->338348->338347->338346->339296->338349->338341->562897->338341->338349->339296->338346->338347->338348->339126->646201->338925->587845->646128->646127->646128->587845->338925->646201->646200->646201->338925->587845->646128->646127->646128->587845->338925->646201->339126->338348->338347->338346->339296->338349->646052->338349->338341->338728->339266->338343->338312->338344->340271->338314->338707->338313->338343->339266->338728->338341->562897->338341->338349->339296->338346->338354
rl_signal,t1_seonjeongneung_daechi,long,peak,8.0,20,618.3581,461.4253,156.9328,674.6415,417.1332,4108.7,6,True,28,6,6,16,341608->341553->341563->341552->342644->342148->342645->341564->341562->341561->341568->341566->341549->339128->339093->338226->338252->338199->338198->562865->339135->338197->338925->646201->339126->338348->338347->338346->338354
rl_signal,t1_seonjeongneung_daechi,long,peak,8.0,21,544.0516,460.9084,83.1432,629.0635,220.9977,4110.2,5,True,32,7,5,20,341608->341553->341563->341552->342644->342148->342645->341564->342639->563096->342115->563067->342636->338199->338198->562865->339135->338197->338925->646201->339126->338348->338347->338346->339296->338349->338341->562897->338341->338349->339296->338346->338354
rl_signal,t1_seonjeongneung_daechi,long,peak,8.0,22,616.9724,436.6486,180.3237,620.8365,479.307,4131.2,7,True,33,6,6,21,341608->341553->341563->341552->342644->342148->342645->341564->341562->341561->341568->341566->341549->339128->339093->338226->339127->338649->339136->645956->338227->338693->338595->338210->613615->338596->338197->338925->646201->339126->338348->338347->338346->338354
rl_signal,t1_seonjeongneung_daechi,long,peak,8.0,23,688.3108,590.6163,97.6945,819.6035,259.6756,5205.7,6,True,44,11,8,25,341608->341553->341563->341552->342644->342148->342645->341564->342639->563096->342115->563067->342636->338199->338198->562865->339135->338197->338925->646201->339126->338348->338347->338346->339296->338349->338341->562897->338341->338349->339296->338346->338347->338348->339126->646201->338925->587845->646128->587905->339124->587910->587846->338600->338354
rl_signal,t1_seonjeongneung_daechi,long,peak,8.0,24,461.6487,403.548,58.1006,504.3512,154.4336,3824.7,3,True,28,4,8,16,341608->341553->341563->341552->342644->342148->342645->341564->341562->341552->342644->342148->342645->341559->342115->563067->342636->338199->338198->562865->339135->338197->338925->646201->339126->338348->338347->338346->338354
rl_signal,t1_seonjeongneung_daechi,long,peak,8.0,25,966.8174,780.9792,185.8382,1142.6383,493.9646,6600.9,6,True,56,14,13,29,341608->341553->341563->341552->342644->342148->342645->341564->341562->341552->342644->342148->342645->341564->341562->341561->341568->341566->341549->339128->339093->338226->338252->338199->338198->562865->339135->338197->338925->646201->339126->338348->338347->338346->339296->338349->338341->562897->338341->338349->339296->338346->338347->338348->339126->646201->338925->587845->646128->587905->587904->587905->339124->587910->587846->338600->338354
rl_signal,t1_seonjeongneung_daechi,long,peak,8.0,26,559.532,482.6605,76.8715,639.6814,204.3272,4110.2,5,True,32,7,5,20,341608->341553->341563->341552->342644->342148->342645->341564->342639->563096->342115->563067->342636->338199->338198->562865->339135->338197->338925->646201->339126->338348->338347->338346->339296->338349->338341->562897->338341->338349->339296->338346->338354
rl_signal,t1_seonjeongneung_daechi,long,peak,8.0,27,544.0754,469.9304,74.145,645.1098,197.0802,4110.2,4,True,32,7,5,20,341608->341553->341563->341552->342644->342148->342645->341564->342639->563096->342115->563067->342636->338199->338198->562865->339135->338197->338925->646201->339126->338348->338347->338346->339296->338349->338341->562897->338341->338349->339296->338346->338354
rl_signal,t1_seonjeongneung_daechi,long,peak,8.0,28,1415.3036,1133.006,282.2975,1611.1219,750.3571,9112.2,14,True,85,17,21,47,341608->341553->341563->341552->342644->342148->342645->341564->341562->341552->342644->342148->342645->341564->342639->563096->342115->563067->342636->338199->338198->562865->339135->338197->338925->646201->339126->338348->338347->338346->339296->338349->338341->562897->338341->338349->339296->338346->338347->338348->339126->646201->338925->587845->646128->587905->339124->339125->338598->338208->338599->587846->587910->339124->587905->646128->587845->338925->646201->339126->338348->338347->338346->339296->338349->338341->562897->338341->338349->339296->338346->338347->338348->339126->646201->338925->338197->338597->338605->338223->338603->339126->338348->338347->338346->338354
rl_signal,t1_seonjeongneung_daechi,long,peak,8.0,29,535.912,466.9021,69.0099,662.4153,183.4309,4110.2,4,True,32,7,5,20,341608->341553->341563->341552->342644->342148->342645->341564->342639->563096->342115->563067->342636->338199->338198->562865->339135->338197->338925->646201->339126->338348->338347->338346->339296->338349->338341->562897->338341->338349->339296->338346->338354
rl_signal,t1_seonjeongneung_daechi,long,peak,8.0,30,1015.7951,842.4307,173.3644,1189.1804,460.8088,7018.2,9,True,65,15,15,35,341608->341553->341563->341552->342644->342148->342645->341564->341562->341552->342644->342148->342645->341564->342639->563096->342115->563067->342636->338199->338198->562865->339135->338197->338925->646201->339126->338348->338347->338346->339296->338349->338341->562897->338341->338349->339296->338346->338347->338348->339126->646201->646200->646201->338925->587845->646128->587905->339124->339125->338598->338208->338599->587846->587910->339124->587905->646128->587845->338925->646201->339126->338348->338347->338346->338354
rl_signal,t2_yeoksam_hakyeoul,long,off_peak,7.0,1,2728.2112,2072.5984,655.6128,2582.1889,1742.6425,17754.2,31,True,164,40,34,90,338267->338584->338254->339133->338229->338218->339094->338258->339538->338261->341734->341572->340705->341555->341736->341568->341735->341564->342645->341559->342115->563067->342636->338199->338198->562865->339135->338197->338925->646201->339126->338348->338347->338346->339296->338349->338341->562897->338341->338349->339296->338346->338347->338348->339126->646201->338925->587845->646128->587905->339124->587910->587846->338600->338354->338601->339884->339712->339713->338326->338328->338342->338887->338315->338345->340097->339563->338317->339562->338296->338958->339210->338294->338956->646204->338956->338294->339210->338958->338296->339562->338317->338620->338318->338362->339695->340050->339695->339697->338278->338955->338308->339871->338321->338322->646119->338099->338100->338329->339883->338352->563055->562874->339151->646188->339151->338358->562875->338363->338340->613779->613780->338317->338620->338318->338362->339695->339697->338278->613781->645974->338277->646243->646245->338956->338294->339210->338958->338296->339562->338317->338620->338318->338319->338320->339710->339711->338745->338764->340305->338763->340304->338764->340305->338763->340304->338764->338745->339711->339710->338320->338319->338318->338620->338317->339563->340097->338345->338315->338314->338707->338313->338343->338312->338344
rl_signal,t2_yeoksam_hakyeoul,long,off_peak,7.0,2,1762.0798,1541.985,220.0947,1924.1237,585.0198,12980.6,14,True,132,26,32,74,338267->340192->338229->338218->339571->338261->341734->341572->340705->341555->341736->341568->341735->341564->342645->341559->342115->563067->342648->342147->341996->341571->342071->338224->338199->342636->563067->342115->341559->341985->341569->341737->342641->342642->646764->563119->563189->563191->341558->341518->341517->341516->341515->341519->342113->342114->563094->646707->342613->341535->344530->344529->341533->344530->341535->343726->343919->338310->339265->338311->339297->339000->339664->338312->338343->339266->338728->338341->338349->339296->338346->338347->338348->646202->338348->339126->646201->338925->338197->338597->338605->338223->338603->339126->338348->338347->338346->339296->338349->338341->562897->338341->338349->339296->338346->338347->338706->338354->338600->587846->587910->339124->587841->338206->340158->340157->338207->340158->338206->339125->339124->587841->338206->340158->340157->338207->340158->338206->339125->339124->587910->587846->338600->338354->338346->339296->338349->338341->338728->339266->338343->338312->338344
rl_signal,t2_yeoksam_hakyeoul,long,off_peak,7.0,3,2844.0995,2195.6156,648.4838,2777.3595,1723.6936,18706.4,26,True,173,41,44,88,338267->338584->338254->339133->338229->338218->339094->338258->613662->339651->338651->562919->562884->613773->613772->339003->339662->341549->342639->563096->342115->563067->342648->342147->341996->341571->342071->338224->338199->342636->563067->342648->341560->341518->341558->344767->341569->341737->342641->342642->646764->563119->563189->563191->341558->341518->341517->341516->341515->341519->342113->342114->563094->646707->342613->341535->343726->343919->338310->339265->338311->339297->339000->339664->338312->338343->339266->338728->338341->562897->338341->338349->339296->338346->338354->338706->338347->338346->338354->338601->339884->339712->339713->338326->338328->338342->338887->338315->338345->340097->339563->339562->338317->338620->338318->338362->339695->339697->338278->338955->338308->339871->338791->338306->338308->338955->338278->613781->645974->338277->338295->646044->338296->339562->338317->338620->338318->338362->339695->339697->338278->613781->645974->338277->338295->646241->338294->338956->646245->646243->338277->338295->646241->338294->338956->646245->646243->338277->338295->646044->338296->339562->338317->338620->338318->338362->339695->339697->613782->339697->338278->613781->645974->338277->338295->646241->338294->338956->646204->338956->338294->339210->338958->338296->339562->338317->339563->340097->338345->338315->338887->340280->340271->338344
rl_signal,t2_yeoksam_hakyeoul,long,off_peak,7.0,4,1005.8365,844.3339,161.5026,1064.4543,429.2798,7320.4,6,True,71,17,18,36,338267->338584->338254->339133->338229->338218->339094->338258->613662->339651->338651->562919->562884->613773->613772->339003->339662->341549->342639->563096->342115->563067->342648->342147->341996->341571->342071->338224->338199->342636->563067->342648->341560->341518->341558->344767->341569->341737->342641->342642->646764->563119->563189->563191->341558->341518->341560->343710->342115->563067->342636->338199->338198->562865->339135->339122->646056->338604->338223->338603->339126->338348->338347->338346->339296->338349->338341->338728->339266->338343->338312->338344
rl_signal,t2_yeoksam_hakyeoul,long,off_peak,7.0,5,1982.8968,1619.4417,363.4551,1998.7339,966.0767,13401.3,19,True,133,22,30,81,338267->338584->338254->339133->338229->338218->339094->338258->613662->339651->338651->339293->341572->340705->341555->341736->341568->341735->341564->342645->341559->342115->563067->342636->338199->338198->562865->339135->338197->338925->646201->339126->338348->338347->338346->339296->338349->338341->562897->338341->338349->339296->338346->338347->338348->339126->338603->338223->338605->338597->338197->339135->562865->338198->338222->338726->338837->339122->646056->338604->338223->338605->338597->338197->338925->646201->339126->338348->338347->338346->339296->338349->338341->562897->338341->338349->339296->338346->338347->338706->338354->338346->338347->338348->339126->338603->338223->338604->646056->646055->646056->339122->340233->339121->340233->339122->338837->338726->338222->338198->338199->342636->563067->342115->343710->341560->342648->342147->341996->341571->342071->338224->338199->342636->563067->342648->342147->341996->341571->341521->342613->341535->344530->344529->343940->339229->338324->338769->338311->339297->339000->339664->338312->338344
rl_signal,t2_yeoksam_hakyeoul,long,off_peak,7.0,6,1536.136,1204.0817,332.0543,1532.9007,882.6124,9979.2,14,True,103,27,23,53,338267->338584->338254->339133->338229->338218->339094->338258->613662->339651->338651->562919->562884->613773->613772->339003->339662->341549->342639->563096->342115->563067->342648->342147->341996->341571->342071->338224->338199->342636->563067->342648->341560->341518->341558->563191->341512->646737->341511->341516->341515->341519->342113->342114->563094->646707->342613->341535->343726->343919->338310->339265->338311->339297->339000->339664->338312->338343->339266->338728->338341->338349->339296->338346->338347->338348->339126->646201->338925->587845->646128->587905->339124->587910->587846->338600->338354->338346->338347->338706->338354->338346->338347->338348->339126->338603->338223->338605->338597->338197->338925->646201->339126->338348->338347->338346->339296->338349->338341->338728->339266->338343->338312->338344
rl_signal,t2_yeoksam_hakyeoul,long,off_peak,7.0,7,1042.9351,886.5931,156.342,1074.9392,415.5627,7616.6,9,True,74,6,18,50,338267->340192->338229->338218->339571->338261->341734->341572->340705->341555->341736->341568->341735->341564->342645->341559->342115->563096->342639->341564->342645->341559->342115->563067->342648->342147->341996->341571->341521->342613->341535->343726->343919->338310->339265->338311->339297->339000->339664->338312->338343->339266->338728->338341->338349->339296->338346->338354->338706->338347->338346->339296->338349->338341->562897->338341->338349->339296->338346->338354->338706->338347->338346->338354->338706->338347->338346->339296->338349->338341->338728->339266->338343->338312->338344
rl_signal,t2_yeoksam_hakyeoul,long,off_peak,7.0,8,887.3567,800.9576,86.3991,909.8331,229.652,6629.6,5,True,63,17,11,35,338267->338584->338254->339133->338229->338218->339094->338258->613662->339651->338651->562919->562884->613773->613772->339003->339662->341549->342639->563096->342115->563067->342636->338199->338198->562865->339135->338197->338925->646201->339126->338348->338347->338346->339296->338349->338341->562897->338341->338349->339296->338346->338347->338348->339126->338603->338223->338605->338597->338197->338925->646201->339126->338348->338347->338346->339296->338349->338341->338728->339266->338343->338312->338344
rl_signal,t2_yeoksam_hakyeoul,long,off_peak,7.0,9,1511.5703,1143.6829,367.8874,1418.8592,977.858,9863.5,15,True,97,25,20,52,338267->338584->338254->339133->338229->338218->339094->338258->613662->339651->338651->562919->562884->613773->613772->339003->339662->341549->342639->563096->342115->563067->342648->342147->341996->341571->340229->562951->338222->338198->338199->342636->563067->342648->341560->341518->341558->344767->341569->341737->342641->342642->646764->563119->563189->341512->341517->341518->341560->343710->342115->563067->342636->338199->338198->562865->339135->338197->338925->646201->339126->338348->338347->338346->339296->338349->338341->562897->338341->338349->339296->338346->338347->338706->338354->338346->338347->338348->339126->338603->338223->338605->338597->338197->338925->646201->339126->338348->338347->338346->339296->338349->338341->338728->339266->338343->338312->338344
rl_signal,t2_yeoksam_hakyeoul,long,off_peak,7.0,10,983.5004,807.1269,176.3735,1027.0885,468.8071,6802.5,10,True,72,13,18,41,338267->338584->338254->339133->338229->338218->339094->338258->613662->339651->338651->562919->562884->613773->613772->339003->339662->341549->342639->563096->342115->563067->342648->342147->341996->341571->341521->342613->341535->343726->343919->338310->339265->338311->339297->339000->339664->338312->338343->339266->338728->338341->338349->339296->338346->338354->338706->338347->338346->339296->338349->338341->562897->338341->338349->339296->338346->338354->338706->338347->338346->338354->338706->338347->338346->339296->338349->338341->338728->339266->338343->338312->338344
rl_signal,t2_yeoksam_hakyeoul,long,off_peak,7.0,11,1040.4004,908.8877,131.5127,1144.0779,349.5655,7863.7,7,True,80,19,22,39,338267->338584->338254->339133->338229->338218->339094->338258->613662->339651->338651->562919->562884->613773->613772->339003->339662->341549->342639->563096->342115->563067->342648->341560->341518->341517->341516->341515->341519->342113->342114->341515->341516->341517->341518->341560->563185->341738->341569->344767->341558->563191->563189->341512->341517->341516->341511->646737->341512->563191->563189->341512->341517->341516->341515->341519->342113->342114->341515->341519->341513->341520->343933->343937->343934->343935->343936->341532->341533->344530->341535->343726->343919->338310->339265->338311->339297->339000->339664->338312->338344
rl_signal,t2_yeoksam_hakyeoul,long,off_peak,7.0,12,2014.9738,1722.2389,292.7349,1920.6546,778.1001,13972.6,16,True,118,30,23,65,338267->338584->338254->339133->338229->338218->339094->338258->339538->338261->341734->341572->340705->341555->341736->341568->341735->341564->342645->341559->342115->563067->342636->338199->338198->562865->339135->338197->338925->646201->339126->338348->338347->338346->339296->338349->338341->562897->338341->338349->339296->338346->338347->338348->339126->646201->338925->587845->646128->587905->339124->587910->587846->338600->338354->338346->338347->338706->338354->338346->338347->338706->338354->338601->339884->339712->339713->338326->338328->338342->338887->338315->338345->340097->339563->338317->338620->338318->338362->339695->340050->339695->339697->338278->338955->338308->339871->338321->338322->646119->338099->338100->646221->338353->338099->646119->338322->338743->338323->338319->338318->338330->338340->338363->587871->338351->338350->339575->338326->338328->338342->338887->338315->338314->340271->338313->338343->338312->338344
rl_signal,t2_yeoksam_hakyeoul,long,off_peak,7.0,13,1877.1741,1455.6259,421.5482,1772.9258,1120.4904,11739.7,21,True,128,18,30,80,338267->340192->338229->338218->339571->338261->341734->341572->340705->341555->341736->341568->341735->341564->342645->341559->342115->563067->342636->342147->341996->341571->341521->342613->341535->343726->343919->338310->339265->338311->339297->339000->339664->338312->338343->339266->338728->338341->338349->339296->338346->338354->338706->338347->338346->339296->338349->338341->562897->338341->338349->339296->338346->338354->338706->338347->338346->339296->338349->338341->562897->338341->338728->339266->338343->338312->338709->338313->338343->339266->338728->338341->338349->339296->338346->338347->338348->339126->338603->338223->338605->338597->338197->338925->646201->646200->646201->339126->338348->338347->338346->338354->338706->338347->338346->339296->338349->338341->562897->338341->338349->339296->338346->338347->338348->339126->338603->338223->338605->338597->338197->338925->646201->339126->338348->338347->338346->338354->338706->338347->338346->339296->338349->338341->338728->339266->338343->338312->338344
rl_signal,t2_yeoksam_hakyeoul,long,off_peak,7.0,14,2252.4756,1739.7761,512.6995,2187.9909,1362.7738,14238.0,24,True,159,31,33,95,338267->340192->338229->338218->339571->338261->341734->341572->340705->341555->341736->341568->341735->341564->342639->563096->342115->563067->342636->338199->338198->562865->339135->338197->338925->646201->339126->338348->338347->338346->339296->338349->338341->562897->338341->338349->339296->338346->338347->338348->339126->646201->338925->587845->646128->587905->339124->587910->587846->338600->338354->338346->338347->338348->339126->646201->338925->587845->646128->587905->339124->587910->587846->338600->338354->338346->339296->338349->338341->562897->338341->338728->339266->338343->338312->338709->338313->338343->339266->338728->338341->338349->339296->338346->338347->338348->339126->338603->338223->338605->338597->338197->338925->646201->339126->338348->338347->338346->339296->338349->338341->562897->338341->338349->339296->338346->338354->338706->338347->338346->339296->338349->338341->562897->338341->338349->339296->338346->338347->338348->339126->338603->338223->338605->338597->338197->338925->646201->339126->338348->338347->338346->338354->338706->338347->338346->338354->338706->338347->338346->339296->338349->338341->562897->338341->338349->339296->338346->338354->338706->338347->338346->339296->338349->338341->338728->339266->338343->338312->338344
rl_signal,t2_yeoksam_hakyeoul,long,off_peak,7.0,15,1032.3773,870.4226,161.9547,1067.6289,430.4814,7177.8,9,True,78,15,20,43,338267->338584->338254->339133->338229->338218->339094->338258->613662->339651->338651->562919->562884->613773->613772->339003->339662->341549->342639->563096->342115->563067->342648->341560->341518->341517->341516->341515->341519->342113->342114->563094->646707->342613->341535->343726->343919->338310->339265->338311->339297->339000->339664->338312->338343->339266->338728->338341->338349->339296->338346->338354->338706->338347->338346->339296->338349->338341->562897->338341->338349->339296->338346->338354->338706->338347->338346->338354->338706->338347->338346->339296->338349->338341->338728->339266->338343->338312->338344
rl_signal,t2_yeoksam_hakyeoul,long,off_peak,7.0,16,651.9939,533.6108,118.3831,680.3881,314.6666,4734.0,6,True,41,8,6,27,338267->338584->338254->339133->338229->338218->339094->338258->339538->338261->341734->341572->340705->341555->341736->341568->341735->341564->342645->341559->342115->563067->342636->338199->338198->562865->339135->338197->338925->646201->339126->338348->338347->338346->339296->338349->338341->338728->339266->338343->338312->338344
rl_signal,t2_yeoksam_hakyeoul,long,off_peak,7.0,17,1375.0689,1006.6799,368.389,1226.9068,979.1913,8387.4,19,True,84,16,16,52,338267->338584->338254->339133->338229->338218->339094->338258->339538->338261->341734->341572->340705->341555->341736->341568->341735->341564->342645->341559->342115->563067->342636->338199->338198->562865->339135->338197->338925->646201->339126->338348->338347->338346->339296->338349->338341->562897->338341->338349->646052->338349->338341->562897->338341->338349->339296->338346->338354->338706->338347->338346->338354->338706->338347->338348->339126->646201->338925->587845->646128->587905->339124->587910->587846->338600->338354->338346->338347->338348->339126->338603->338223->338602->339123->338790->339152->338733->646265->338311->339297->339000->339664->338312->338344
rl_signal,t2_yeoksam_hakyeoul,long,off_peak,7.0,18,1120.0617,872.5392,247.5225,1072.4476,657.9237,7408.7,12,True,71,14,13,44,338267->338584->338254->339133->338229->338218->339094->338258->613662->339651->338651->562919->562884->613773->613772->339003->339662->341549->342639->563096->342115->563067->342636->338199->338198->562865->339135->338197->338925->646201->339126->338348->338347->338346->339296->338349->338341->562897->338341->338349->339296->338346->338347->338348->339126->338603->338223->338605->338597->338197->339135->562865->338198->338222->338726->338837->339122->646056->338604->338223->338602->339123->338790->339152->338733->646265->338311->339297->339000->339664->338312->338344
rl_signal,t2_yeoksam_hakyeoul,long,off_peak,7.0,19,1250.712,1036.5639,214.1481,1148.8051,569.2134,8430.6,9,True,112,68,10,34,338267->338584->338254->338926->646136->339130->339129->338926->646136->339130->339129->338926->646136->339130->339129->338926->646136->339130->339129->338926->646136->339130->339129->338926->646136->339130->339129->338926->646136->339130->339129->338926->646136->339130->339129->338926->646136->339130->339129->338926->646136->339130->339129->338926->646136->339130->339129->338926->646136->339130->339129->338926->646136->339130->339129->338926->646136->339130->339129->338926->646136->339130->339129->338926->338254->339133->338229->338218->339571->338261->563143->588038->341607->344213->343102->341557->342643->341561->341562->341564->342639->563096->342115->563067->342636->338199->338198->562865->339135->338197->338925->646201->339126->338603->338223->338602->339123->338790->339152->338733->646265->338311->338769->338324->339669->338324->338769->338311->339297->339000->339664->338312->338344
rl_signal,t2_yeoksam_hakyeoul,long,off_peak,7.0,20,1679.5297,1397.1073,282.4224,1765.1073,750.6889,11591.0,13,True,121,36,22,63,338267->338584->338254->339133->338229->338218->339094->338258->613662->339651->338651->562919->562884->613773->613772->339003->339662->341549->342639->563096->342115->563067->342648->341560->341518->341517->341516->341515->341519->342113->342114->563094->646707->342613->341521->341571->341996->342147->342636->338199->338198->562865->339135->338197->338925->646201->339126->338348->338347->338346->339296->338349->646052->338349->338341->562897->338341->338728->339266->338343->338313->338707->338314->340271->338313->338343->339266->338728->338341->562897->338341->338349->339296->338346->338347->338348->339126->646201->338925->587845->646128->587905->339124->587910->587846->338600->338354->338346->339296->338349->338341->562897->338341->338349->339296->338346->338347->338706->338354->338346->338347->338348->339126->338603->338223->338605->338597->338197->338925->646201->339126->338348->338347->338346->339296->338349->338341->338728->339266->338343->338312->338344
rl_signal,t2_yeoksam_hakyeoul,long,off_peak,7.0,21,1781.6616,1488.9303,292.7313,1735.9851,778.0905,12039.9,16,True,110,24,24,62,338267->340192->338229->338218->339571->338261->341734->341572->340705->341555->341736->341568->341735->341564->342645->341559->342115->563067->342636->338199->338198->562865->339135->338197->338925->646201->339126->338348->338347->338346->339296->338349->338341->562897->338341->338349->339296->338346->338347->338348->339126->646201->338925->587845->646128->587905->339124->587910->587846->338600->338354->338601->339884->339712->339713->338326->338328->338342->338887->338315->338345->340097->339563->339562->338317->339563->339562->338317->338620->338318->338319->338320->339710->339711->338745->338764->340305->338320->339710->339711->338321->339871->338791->338306->338308->339871->338321->338322->646119->338323->338763->340305->338320->338319->338318->338620->338317->339562->339563->340097->338345->338315->338887->340280->340271->338314->338707->338313->338343->338312->338344
rl_signal,t2_yeoksam_hakyeoul,long,off_peak,7.0,22,1469.8333,1202.6727,267.1607,1447.8656,710.1228,10103.1,11,True,96,25,32,39,338267->338584->338254->339133->338229->338218->339094->338258->613662->339651->338651->562919->562884->613773->613772->339003->339662->341549->342639->563096->342115->563067->342648->342147->341996->341571->342071->338224->338199->342636->563067->342648->341560->341518->341558->563191->563189->341512->341517->341516->341515->341519->342113->342114->563094->646707->342613->341535->344530->344529->343940->339229->338324->338769->338311->339297->339000->339664->338312->338343->338313->340271->340280->338887->338315->338345->340097->339563->338317->338620->338318->338319->338320->339710->339711->338745->338764->340305->338320->338319->338318->338620->338317->339562->339563->340097->338345->338315->338887->340280->340271->338314->338707->338313->338343->338312->338344
rl_signal,t2_yeoksam_hakyeoul,long,off_peak,7.0,23,1566.3502,1241.426,324.9242,1546.9904,863.6602,10633.5,14,True,106,23,20,63,338267->338584->338254->339133->338229->338218->339094->338258->613662->339651->338651->562919->562884->613773->613772->339003->339662->341549->342639->563096->342115->563067->342636->338199->338198->562865->339135->338197->338925->646201->339126->338348->338347->338346->339296->338349->338341->562897->338341->338349->339296->338346->338347->338348->339126->338603->338223->338605->338597->338197->339135->562865->338198->338222->338726->338837->339122->646056->338604->338223->338605->338597->338197->338925->646201->339126->338348->338347->338346->339296->338349->338341->338728->339266->338343->338312->338709->338313->338343->339266->338728->338341->338349->339296->338346->338347->338348->339126->338603->338223->338605->338597->338197->338925->646201->339126->338348->338347->338346->339296->338349->338341->338728->339266->338343->338312->338344
rl_signal,t2_yeoksam_hakyeoul,long,off_peak,7.0,24,1513.4726,1247.2376,266.2351,1541.3689,707.6625,10278.2,15,True,97,19,19,59,338267->338584->338254->339133->338229->338218->339094->338258->613662->339651->338651->562919->562884->613773->613772->339003->339662->341549->342639->563096->342115->563067->342636->338199->338198->562865->339135->338197->338925->646201->339126->338348->338347->338346->339296->338349->338341->562897->338341->338349->339296->338346->338347->338348->339126->338603->338223->338605->338597->338197->339135->562865->338198->338222->562951->340229->341571->341521->342613->341535->343726->343919->338310->339265->338311->339297->339000->339664->338312->338343->339266->338728->338341->338349->339296->338346->338347->338348->339126->338603->338223->338605->338597->338197->338925->646201->339126->338348->338347->338346->339296->338349->338341->338728->339266->338343->338312->338344
rl_signal,t2_yeoksam_hakyeoul,long,off_peak,7.0,25,2320.75,2062.6745,258.0755,2369.0973,685.9741,17241.3,14,True,156,32,30,94,338267->338584->338254->339133->338229->338218->339094->338258->613662->339651->338651->562919->562884->613773->613772->339003->339662->341549->342639->563096->342115->563067->342648->342147->341996->341571->341521->342613->341535->343726->343919->338310->339265->338311->339297->339000->339664->338312->338343->339266->338728->338341->338349->339296->338346->338354->338706->338347->338346->339296->338349->338341->562897->338341->338349->339296->338346->338354->338706->338347->338346->339296->338349->338341->562897->338341->338349->339296->338346->338347->338348->339126->646201->338925->587845->563046->587845->338925->646201->339126->338348->338347->338346->339296->338349->338341->338728->339266->338343->338313->340271->340280->338887->338315->338345->340097->339563->338317->338620->338318->338319->338320->339710->338321->339711->339710->338320->338319->338318->338620->338317->339562->339563->338317->338620->338318->338362->339695->339697->338278->338955->338308->338307->338615->339149->338614->338361->339150->338403->339984->646064->646226->646064->646063->646064->646226->646064->646063->646064->339984->338371->338397->338396->340035->338897->340186->340185->587863->338279->338280->339584->339216->338356->338355->562954->562956->338344
rl_signal,t2_yeoksam_hakyeoul,long,off_peak,7.0,26,2093.0483,1655.1584,437.8898,2103.2308,1163.927,14022.7,20,True,154,31,42,81,338267->338584->338254->339133->338229->338218->339094->338258->613662->339651->338651->562919->562884->613773->613772->339003->339662->341549->342639->563096->342115->563067->342648->341560->341518->341517->341516->341515->341519->341513->341520->343933->343937->343934->343935->343936->341532->341533->344530->341535->343726->343919->338310->339265->338311->339297->339000->339664->338312->338343->339266->338728->338341->338349->339296->338346->338347->338348->646202->338348->339126->338603->338223->338605->338597->338197->339135->562865->338198->338222->338726->338837->339122->646056->338604->338223->338603->339126->338348->338347->338346->339296->338349->338341->562897->338341->338349->339296->338346->338347->338706->338354->338346->338347->338348->646202->338348->339126->338603->338223->338605->338597->338197->338925->646201->339126->338348->338347->338346->339296->338349->338341->562897->338341->338349->339296->338346->338347->338348->339126->338603->338223->338605->338597->338197->338925->646201->339126->338348->338347->338346->338354->338706->338347->338346->338354->338706->338347->338346->338354->338706->338347->338346->338354->338706->338347->338346->339296->338349->338341->338728->339266->338343->338312->338344
rl_signal,t2_yeoksam_hakyeoul,long,off_peak,7.0,27,1723.0996,1437.9806,285.119,1766.7751,757.8567,11633.4,17,True,131,22,35,74,338267->338803->613768->613766->613767->338253->613768->338803->338267->340192->338229->338218->338219->342074->341600->342685->341607->344213->343102->341557->342643->341561->341562->341564->342639->563096->342115->563067->342648->342147->341996->341571->342071->338224->338199->342636->563067->342648->342147->341996->341571->341521->342613->341535->343726->343919->338310->339265->338311->339297->339000->339664->338312->338343->339266->338728->338341->338349->339296->338346->338347->338348->339126->646201->338925->587845->646128->587905->339124->587910->587846->338600->338354->338346->338347->338706->338354->338346->339296->338349->338341->562897->338341->338349->339296->338346->338347->338348->339126->338603->338223->338605->338597->338197->338925->646201->339126->338348->338347->338346->338354->338706->338347->338346->339296->338349->338341->562897->338341->338349->339296->338346->338354->338706->338347->338346->338354->338706->338347->338346->338354->338706->338347->338346->339296->338349->338341->338728->339266->338343->338312->338344
rl_signal,t2_yeoksam_hakyeoul,long,off_peak,7.0,28,1956.5316,1644.023,312.5086,1872.6544,830.6593,13189.9,18,True,126,36,24,66,338267->338584->338254->339133->338229->338218->339094->338258->339538->338261->341734->341572->340705->341555->341736->341568->341735->341564->342645->341559->342115->563067->342636->338199->338198->562865->339135->338197->338925->646201->339126->338348->338347->338346->339296->338349->646052->338349->338341->562897->338341->338349->339296->338346->338347->338348->339126->646201->338925->587845->646128->646127->646128->587905->339124->587910->587846->338600->338354->338601->339884->339712->339713->338326->338328->338342->338887->338315->338345->340097->339563->338317->339562->338296->338958->339210->338294->338956->646204->338956->338294->339210->338958->338296->339562->339563->338317->339562->338296->338958->339210->338294->338956->646204->338956->338294->339210->338958->338296->339562->339563->340097->338345->338315->338887->340280->340271->338314->338707->338313->338343->338312->339664->339000->339297->338311->338769->338324->339669->338324->338769->338311->339297->339000->339664->338312->338344
rl_signal,t2_yeoksam_hakyeoul,long,off_peak,7.0,29,1291.0034,1036.2866,254.7168,1289.2481,677.0465,8467.0,14,True,77,14,19,44,338267->338584->338254->339133->338229->338218->339094->338258->613662->613661->613662->339651->338651->562919->562884->613773->613772->339003->339662->341549->342639->341564->342645->341559->342115->563067->342636->338199->338198->562865->339135->338197->338925->646201->646200->646201->339126->338348->338347->338346->339296->338349->338341->562897->338341->338349->339296->338346->338347->338348->339126->338603->338223->338605->338597->338197->339135->562865->338198->338199->338224->342071->341571->341521->342613->341535->344530->344529->343940->339229->338324->338769->338311->339297->339000->339664->338312->338344
rl_signal,t2_yeoksam_hakyeoul,long,off_peak,7.0,30,1503.3649,1155.7539,347.611,1463.8616,923.9627,9555.8,15,True,100,22,26,52,338267->338584->338254->339133->338229->338218->339094->338258->613662->339651->338651->562919->562884->613773->613772->339003->339662->341549->342639->563096->342115->563067->342648->341560->341518->341517->341516->341515->341519->342113->342114->563094->646707->342613->341535->343726->343919->338310->339265->338311->339297->339000->339664->339665->339664->339000->339297->338311->646265->338733->339152->339153->562882->562895->562882->339153->339152->338733->646265->338311->339297->339000->339664->338312->338343->339266->338728->338341->338349->339296->338346->338347->338348->339126->338603->338223->338605->338597->338197->338925->646201->339126->338348->338347->338346->338354->338706->338347->338346->338354->338706->338347->338346->339296->338349->338341->338728->339266->338343->338312->338344
rl_signal,t2_yeoksam_hakyeoul,long,peak,8.0,1,529.697,465.3583,64.3387,642.4805,171.0146,4112.1,5,True,40,4,3,33,338267->340192->338229->338218->339571->338261->341734->341572->340705->341555->341736->341568->341735->341564->342645->341559->342115->563067->342636->338199->338198->338222->338726->338837->339122->646056->338604->338223->338603->339126->338348->338347->338346->339296->338349->338341->338728->339266->338343->338312->338344
rl_signal,t2_yeoksam_hakyeoul,long,peak,8.0,2,663.9756,601.2773,62.6983,775.8173,166.6543,5522.0,6,True,52,13,6,33,338267->340192->338229->338218->339571->338261->341734->341572->339293->338651->562919->562884->613773->613772->339003->339662->341549->342639->563096->342115->341559->341985->341569->341737->342641->342640->613995->342644->342148->342645->341559->342115->563067->342636->338199->338198->562865->339135->338197->338925->646201->339126->338348->338347->338346->339296->338349->338341->338728->339266->338343->338312->338344
rl_signal,t2_yeoksam_hakyeoul,long,peak,8.0,3,552.1714,475.6161,76.5553,603.7096,203.4868,4112.1,4,True,40,4,3,33,338267->340192->338229->338218->339571->338261->341734->341572->340705->341555->341736->341568->341735->341564->342645->341559->342115->563067->342636->338199->338198->338222->338726->338837->339122->646056->338604->338223->338603->339126->338348->338347->338346->339296->338349->338341->338728->339266->338343->338312->338344
rl_signal,t2_yeoksam_hakyeoul,long,peak,8.0,4,670.255,491.6524,178.6026,745.968,474.7323,4023.4,7,True,35,3,3,29,338267->340192->338229->338218->339571->338261->341734->341572->340705->341555->341736->341568->341735->341564->342645->341559->342115->343710->341560->342648->342147->341996->341571->341521->342613->341535->343726->343919->338310->339265->338311->339297->339000->339664->338312->338344
rl_signal,t2_yeoksam_hakyeoul,long,peak,8.0,5,535.4702,483.7444,51.7258,686.3218,137.4889,4112.1,4,True,40,4,3,33,338267->340192->338229->338218->339571->338261->341734->341572->340705->341555->341736->341568->341735->341564->342645->341559->342115->563067->342636->338199->338198->338222->338726->338837->339122->646056->338604->338223->338603->339126->338348->338347->338346->339296->338349->338341->338728->339266->338343->338312->338344
rl_signal,t2_yeoksam_hakyeoul,long,peak,8.0,6,553.1438,494.5583,58.5855,671.8358,155.7224,4112.1,5,True,40,4,3,33,338267->340192->338229->338218->339571->338261->341734->341572->340705->341555->341736->341568->341735->341564->342645->341559->342115->563067->342636->338199->338198->338222->338726->338837->339122->646056->338604->338223->338603->339126->338348->338347->338346->339296->338349->338341->338728->339266->338343->338312->338344
rl_signal,t2_yeoksam_hakyeoul,long,peak,8.0,7,535.05,478.4644,56.5856,665.3775,150.4066,4112.1,4,True,40,4,3,33,338267->340192->338229->338218->339571->338261->341734->341572->340705->341555->341736->341568->341735->341564->342645->341559->342115->563067->342636->338199->338198->338222->338726->338837->339122->646056->338604->338223->338603->339126->338348->338347->338346->339296->338349->338341->338728->339266->338343->338312->338344
rl_signal,t2_yeoksam_hakyeoul,long,peak,8.0,8,595.5906,490.2354,105.3552,661.1572,280.0379,4112.1,5,True,40,4,3,33,338267->340192->338229->338218->339571->338261->341734->341572->340705->341555->341736->341568->341735->341564->342645->341559->342115->563067->342636->338199->338198->338222->338726->338837->339122->646056->338604->338223->338603->339126->338348->338347->338346->339296->338349->338341->338728->339266->338343->338312->338344
rl_signal,t2_yeoksam_hakyeoul,long,peak,8.0,9,1823.3452,1428.2917,395.0535,2051.6564,1050.0665,11899.3,16,True,116,20,20,76,338267->340192->338229->338218->339571->338261->341734->341572->340705->341555->341736->341568->341735->341564->342645->341559->342115->563067->342636->338199->338252->338226->339127->338649->338999->339654->340159->338921->340245->340247->338655->339656->339807->339810->338999->338649->339127->338226->338252->338199->338198->562865->339135->338197->338597->338605->338223->338603->339126->338348->338347->338346->339296->338349->338341->562897->338341->338349->339296->338346->338347->338348->339126->338603->338223->338605->338597->338197->339135->562865->338198->338222->338726->338837->339122->646056->338604->338223->338603->339126->338348->338347->338346->339296->338349->338341->562897->338341->338349->339296->338346->338347->338706->338354->338346->338347->338348->339126->338603->338223->338605->338597->338197->338925->646201->339126->338348->338347->338346->339296->338349->338341->338728->339266->338343->338312->338344
rl_signal,t2_yeoksam_hakyeoul,long,peak,8.0,10,537.9845,462.579,75.4055,614.311,200.4305,4112.1,5,True,40,4,3,33,338267->340192->338229->338218->339571->338261->341734->341572->340705->341555->341736->341568->341735->341564->342645->341559->342115->563067->342636->338199->338198->338222->338726->338837->339122->646056->338604->338223->338603->339126->338348->338347->338346->339296->338349->338341->338728->339266->338343->338312->338344
rl_signal,t2_yeoksam_hakyeoul,long,peak,8.0,11,718.2836,643.0951,75.1884,877.3064,199.8536,5514.3,5,True,56,8,7,41,338267->340192->338229->338218->339571->338261->341734->341572->340705->341555->341736->341568->341735->341564->342645->341559->342115->563067->342636->338199->338198->338222->338726->338837->339122->646056->338604->338223->338603->339126->338348->338347->338346->339296->338349->338341->338728->339266->338343->338312->339664->339665->339664->338312->338343->339266->338728->338341->338349->646052->338349->338341->338728->339266->338343->338312->338344
rl_signal,t2_yeoksam_hakyeoul,long,peak,8.0,12,603.415,512.3168,91.0983,704.0907,242.1425,4490.5,5,True,42,7,7,28,338267->340192->338229->338218->338219->342074->341600->342685->341607->344213->343102->341557->342643->341561->341562->341564->342639->563096->342115->563067->342636->338199->338198->338222->338726->338837->339122->646056->338604->338223->338603->339126->338348->338347->338346->339296->338349->338341->338728->339266->338343->338312->338344
rl_signal,t2_yeoksam_hakyeoul,long,peak,8.0,13,575.0984,474.9437,100.1547,682.7236,266.2147,4112.1,5,True,40,4,3,33,338267->340192->338229->338218->339571->338261->341734->341572->340705->341555->341736->341568->341735->341564->342645->341559->342115->563067->342636->338199->338198->338222->338726->338837->339122->646056->338604->338223->338603->339126->338348->338347->338346->339296->338349->338341->338728->339266->338343->338312->338344
rl_signal,t2_yeoksam_hakyeoul,long,peak,8.0,14,527.1552,461.2724,65.8829,640.651,175.119,4112.1,4,True,40,4,3,33,338267->340192->338229->338218->339571->338261->341734->341572->340705->341555->341736->341568->341735->341564->342645->341559->342115->563067->342636->338199->338198->338222->338726->338837->339122->646056->338604->338223->338603->339126->338348->338347->338346->339296->338349->338341->338728->339266->338343->338312->338344
rl_signal,t2_yeoksam_hakyeoul,long,peak,8.0,15,1808.8415,1508.1329,300.7085,2029.205,799.2942,12213.7,14,True,116,16,22,78,338267->340192->338229->338218->339571->338261->341734->341572->340705->341555->341736->341568->341735->341564->342645->341559->342115->563067->342636->338199->338198->338222->338726->338837->339122->339135->338197->338925->646201->339126->338348->338347->338346->339296->338349->338341->338728->339266->338343->338313->340271->340280->338887->338315->338345->340097->339563->338317->338620->338318->338319->338320->339710->339711->338321->339710->338320->338319->338318->338620->338317->613780->613779->613777->613779->338340->338363->587871->338351->338350->339575->338326->339713->339712->339884->338601->338354->338706->338347->338346->339296->338349->338341->338728->339266->338343->338312->338709->338313->338343->338312->339664->339665->339664->339000->339297->338311->338769->338324->339669->338324->339229->343940->344529->341533->344530->341535->343726->343919->338310->339265->338311->339297->339000->339664->338312->338344
rl_signal,t2_yeoksam_hakyeoul,long,peak,8.0,16,1322.2542,1092.7883,229.4659,1501.458,609.9288,9020.5,13,True,86,10,14,62,338267->340192->338229->338218->339571->338261->341734->341572->340705->341555->341736->341568->341735->341564->342645->341559->342115->563067->342636->338199->338198->338222->562951->340229->341571->341521->342613->341535->343726->343919->338310->339265->338311->339297->339000->339664->338312->338343->339266->338728->338341->338349->339296->338346->338347->338348->339126->646201->338925->587845->646128->587905->339124->587910->587846->338600->338354->338346->338347->338348->339126->338603->338223->338602->339123->338790->339152->338733->646265->338311->339265->338310->343919->343726->341535->344530->344529->343940->339229->338324->338769->338311->339297->339000->339664->338312->338344
rl_signal,t2_yeoksam_hakyeoul,long,peak,8.0,17,544.8813,477.6124,67.2689,644.5559,178.8032,4112.1,4,True,40,4,3,33,338267->340192->338229->338218->339571->338261->341734->341572->340705->341555->341736->341568->341735->341564->342645->341559->342115->563067->342636->338199->338198->338222->338726->338837->339122->646056->338604->338223->338603->339126->338348->338347->338346->339296->338349->338341->338728->339266->338343->338312->338344
rl_signal,t2_yeoksam_hakyeoul,long,peak,8.0,18,539.2315,472.6266,66.605,651.13,177.0384,4112.1,4,True,40,4,3,33,338267->340192->338229->338218->339571->338261->341734->341572->340705->341555->341736->341568->341735->341564->342645->341559->342115->563067->342636->338199->338198->338222->338726->338837->339122->646056->338604->338223->338603->339126->338348->338347->338346->339296->338349->338341->338728->339266->338343->338312->338344
rl_signal,t2_yeoksam_hakyeoul,long,peak,8.0,19,671.221,551.4711,119.7499,753.4338,318.2996,4882.5,6,True,48,8,5,35,338267->340192->338229->338218->339571->338261->341734->341572->340705->341555->341736->341568->341735->341564->342645->341559->342115->563067->342636->338199->338198->338222->338726->338837->339122->340233->339121->340233->339122->646056->338604->338223->338605->338597->338197->338925->646201->339126->338348->338347->338346->339296->338349->338341->338728->339266->338343->338312->338344
rl_signal,t2_yeoksam_hakyeoul,long,peak,8.0,20,1193.7874,1065.0643,128.7231,1520.6184,342.1508,8813.5,7,True,88,5,41,42,338267->340192->338229->338218->339571->338261->341734->341572->340705->341555->341736->341568->341735->341564->342645->341559->342115->563067->342648->341560->341518->341517->341516->341515->341519->342113->342114->341515->341519->342113->342114->341515->341516->341517->341518->341558->563191->341512->646737->341511->341516->341517->341518->341558->563191->341512->646737->341511->341516->341515->341519->342113->342114->341515->341519->342113->342114->341515->341519->342113->342114->341515->341519->342113->342114->341515->341519->342113->342114->341515->341519->342113->342114->341515->341519->342113->342112->341739->341535->343726->343919->338310->339265->338311->339297->339000->339664->338312->338344
rl_signal,t2_yeoksam_hakyeoul,long,peak,8.0,21,1081.1738,882.4813,198.6925,1221.0766,528.1319,7211.2,10,True,65,7,14,44,338267->340192->338229->338218->339571->338261->341734->341572->340705->341555->341736->341568->341735->341564->342645->341559->341985->341569->341737->342641->342642->646764->563119->563189->563191->341512->646737->341511->341516->341517->341518->341560->343710->342115->563067->342636->342147->341996->341571->341521->342613->341535->344530->344529->343940->339229->338324->338769->338311->339265->338310->343919->343726->341535->344530->344529->343940->339229->338324->338769->338311->339297->339000->339664->338312->338344
rl_signal,t2_yeoksam_hakyeoul,long,peak,8.0,22,961.0498,859.3092,101.7407,1178.7216,270.4304,7334.3,8,True,74,18,10,46,338267->340192->338229->338218->339571->338261->341734->341572->339293->338651->562919->562884->613773->613772->339003->339662->341549->342639->341564->342645->341559->341985->341569->341737->342641->342640->613995->342644->342148->342645->341559->342115->563067->342636->338199->338198->562865->339135->338197->338925->646201->339126->338348->338347->338346->339296->338349->338341->562897->338341->338349->339296->338346->338347->338348->339126->646201->338925->587845->646128->587905->339124->587910->587846->338600->338354->338346->339296->338349->338341->338728->339266->338343->338312->338344
rl_signal,t2_yeoksam_hakyeoul,long,peak,8.0,23,1336.1179,1102.6106,233.5073,1589.9076,620.671,8729.4,12,True,91,16,14,61,338267->340192->338229->338218->339571->338261->341734->341572->340705->341555->341736->341568->341735->341564->342645->341559->342115->563067->342636->338199->338198->562865->339135->338197->338925->646201->339126->338348->338347->338346->339296->338349->338341->338728->339266->338343->338312->338709->338313->338343->339266->338728->338341->338349->339296->338346->338347->338348->339126->338603->338223->338605->338597->338197->338925->646201->339126->338348->338347->338346->339296->338349->646052->338349->339296->338346->338347->338348->339126->646201->338925->587845->646128->587905->587904->587905->646128->587845->338925->646201->339126->338348->338347->338346->339296->338349->338341->338728->339266->338343->338312->338344
rl_signal,t2_yeoksam_hakyeoul,long,peak,8.0,24,559.9194,502.0018,57.9176,676.0078,153.947,4112.1,4,True,40,4,3,33,338267->340192->338229->338218->339571->338261->341734->341572->340705->341555->341736->341568->341735->341564->342645->341559->342115->563067->342636->338199->338198->338222->338726->338837->339122->646056->338604->338223->338603->339126->338348->338347->338346->339296->338349->338341->338728->339266->338343->338312->338344
rl_signal,t2_yeoksam_hakyeoul,long,peak,8.0,25,1089.9994,790.2473,299.7521,1084.2762,796.752,6480.3,15,True,74,10,7,57,338267->340192->338229->338218->339571->338261->341734->341572->588040->341557->343102->344213->341607->588038->563143->338261->339538->338258->339132->338586->338262->338587->338588->339119->338589->338205->338992->338592->338259->338591->338204->338789->338923->340045->340479->587843->338594->338227->338693->338595->338210->613615->338596->338197->338925->646201->339126->338348->338347->338346->339296->338349->338341->562897->338341->338349->339296->338346->338347->338348->339126->338603->338223->338602->339123->338790->339152->338733->646265->338311->339297->339000->339664->338312->338344
rl_signal,t2_yeoksam_hakyeoul,long,peak,8.0,26,784.319,701.4072,82.9117,1007.2223,220.3824,5796.9,5,True,58,7,9,42,338267->340192->338229->338218->339571->338261->341734->341572->340705->341555->341736->341568->341735->341564->342645->341559->342115->563067->342636->338199->338198->338222->338726->338837->339122->646056->338604->338223->338603->339126->338348->338347->338706->338354->338346->338347->338348->339126->646201->338925->338197->338597->338605->338223->338603->339126->338348->338347->338346->339296->338349->338341->562897->338341->338728->339266->338343->338312->338344
rl_signal,t2_yeoksam_hakyeoul,long,peak,8.0,27,1240.5623,941.1399,299.4224,1328.3912,795.8756,7649.6,15,True,88,10,15,63,338267->340192->338229->339133->338254->338767->338768->587842->338583->338268->338582->339138->339116->338705->338269->338580->339112->339947->339096->338710->338593->338259->338591->338204->338789->338923->340045->340479->587843->338594->338227->338693->338595->338210->613615->338596->338197->338925->646201->339126->338348->338347->338346->339296->338349->338341->338728->339266->338343->338312->338709->338313->338343->339266->338728->338341->338349->339296->338346->338347->338348->339126->338603->338223->338605->338597->338197->339135->339122->646056->338604->338223->338603->339126->338348->338347->338346->339296->338349->338341->338728->339266->338343->338312->338709->338313->338343->338312->338344
rl_signal,t2_yeoksam_hakyeoul,long,peak,8.0,28,1960.5131,1598.754,361.7591,2120.7688,961.5688,13417.6,19,True,127,31,33,63,338267->340192->338229->338218->339571->338261->341734->341572->340705->341555->341736->341568->341735->341564->342645->341559->342115->563067->342636->338199->338198->562865->339135->338197->338925->646201->339126->338348->338347->338346->339296->338349->338341->338728->339266->338343->338312->338709->338313->340271->340280->338887->338315->338345->340097->339563->338317->613780->613779->338340->338330->338318->338319->338320->339710->339711->338745->338764->340305->338320->339710->339711->338321->339710->338320->338319->338318->338362->339695->339697->613782->339697->338278->613781->645974->338277->338295->646241->646240->646241->338295->338277->646243->646245->338956->338294->339210->338958->338296->339562->338317->338620->338318->338319->338320->339710->339711->338745->338764->340305->338763->340304->338764->340305->338320->339710->339711->338745->338764->340305->338320->338319->338318->338330->338340->338363->587871->338351->338350->339575->338326->338328->338342->338887->338315->338314->340271->338344
rl_signal,t2_yeoksam_hakyeoul,long,peak,8.0,29,541.6206,480.1985,61.4221,672.698,163.2622,4112.1,4,True,40,4,3,33,338267->340192->338229->338218->339571->338261->341734->341572->340705->341555->341736->341568->341735->341564->342645->341559->342115->563067->342636->338199->338198->338222->338726->338837->339122->646056->338604->338223->338603->339126->338348->338347->338346->339296->338349->338341->338728->339266->338343->338312->338344
rl_signal,t2_yeoksam_hakyeoul,long,peak,8.0,30,861.0999,687.4811,173.6188,920.8516,461.485,5840.0,10,True,53,7,9,37,338267->340192->338229->338218->339571->338261->341734->341572->340705->341555->341736->341568->341735->341564->342645->341559->341985->341569->341737->342641->342642->646764->563119->563189->563191->341512->646737->341511->341516->341517->341518->341560->343710->342115->563067->342648->342147->341996->341571->341521->342613->341535->344530->344529->343940->339229->338324->338769->338311->339297->339000->339664->338312->338344
rl_signal,t3_sinsa_daechi,long,off_peak,7.0,1,1875.0106,1648.512,226.4986,1938.732,602.0414,13676.4,11,True,151,38,26,87,341904->341903->342155->342156->342710->343062->563071->340626->341619->563100->341780->341614->341779->341781->341617->341616->341585->341813->613854->344570->341584->341812->341577->341576->341809->341244->341241->343634->341240->343033->343034->342501->342146->342500->342498->342502->341249->341806->341260->341805->343070->342496->342495->342677->646410->341586->342494->342661->342069->646413->342660->341938->341981->342678->341791->341589->341790->340702->342671->342672->340587->342670->646668->646669->342669->342679->342651->342679->341983->342673->646784->646782->341597->563098->342151->563301->341593->646355->341601->342684->341598->343105->341906->341907->344261->341597->341596->341598->342684->341601->343106->343943->342693->341607->588038->563143->338261->339571->338218->339094->338258->613662->339651->338651->562919->562884->613773->613772->339003->339662->341549->342639->563096->342115->563067->342636->338199->338198->562865->339135->338197->338925->646201->339126->338348->338347->338346->339296->338349->646052->338349->338341->562897->338341->338349->339296->338346->338347->338348->339126->646201->338925->587845->646128->646127->646128->587905->339124->587910->587846->338600->338354
rl_signal,t3_sinsa_daechi,long,off_peak,7.0,2,1595.8,1386.9653,208.8348,1616.6367,555.0903,11871.5,12,True,137,25,21,91,341904->341903->342155->342156->342710->343062->563071->340626->341619->563100->341780->341614->341779->341781->341617->341616->341585->341813->613854->344570->341584->341812->341577->341576->341809->341244->341241->343634->341240->343033->343034->342501->342146->342500->342498->342502->341249->341806->341260->341805->343070->342496->342495->342677->646410->341586->342494->342661->342069->646413->342660->341938->341981->342678->341791->341589->341789->340587->646667->646362->341982->342679->342669->563097->342673->646784->646782->341597->341596->341598->342684->341601->343106->343943->342693->341607->588038->563143->338261->339538->338258->339132->338586->338262->338587->338588->339119->338589->338205->338992->338592->338259->338591->338204->338789->338923->340045->340479->587843->338594->338227->338693->338595->338210->613615->338596->338197->338925->646201->339126->338348->338347->338346->339296->338349->338341->562897->338341->338349->339296->338346->338347->338348->339126->646201->338925->587845->646128->646127->646128->587845->338925->646201->339126->338348->338347->338346->338354
rl_signal,t3_sinsa_daechi,long,off_peak,7.0,3,1453.7282,1239.2879,214.4403,1444.6291,569.9902,10872.3,12,True,110,29,16,65,341904->341903->342155->342156->342710->343062->563071->340626->341619->563100->341780->341614->341779->341781->341617->341616->341585->341813->613854->344570->341584->341812->341577->341576->341809->341244->341241->343634->341240->341239->341244->341809->341576->341590->341579->341811->341582->342676->342653->342654->342660->341938->341981->342678->341791->341589->341790->340702->342671->342672->340587->341789->341589->340701->563070->340700->341581->342667->342662->342682->340582->343656->342632->342618->343820->344184->343819->342631->563095->342614->342072->340583->646558->343820->344184->343819->342631->341591->341592->342649->341608->341553->341563->341552->341562->341564->342639->563096->342115->563067->342636->338199->338198->562865->339135->338197->338925->646201->339126->338348->338347->338346->339296->338349->338341->562897->338341->338349->339296->338346->338354
rl_signal,t3_sinsa_daechi,long,off_peak,7.0,4,1785.494,1514.6988,270.7952,1856.0534,719.7835,12250.6,16,True,146,24,23,99,341904->341903->342155->342156->342710->343062->563071->340626->341619->563100->341780->341614->341779->341781->341617->341616->341585->341813->613854->344570->341584->341812->341577->341576->341809->341244->341241->343634->341240->341239->341244->341809->341576->341590->341579->341811->341582->342654->342660->341938->341981->342678->341791->341589->341789->340587->646667->646362->341982->342679->342669->563097->342673->646784->646782->341597->344261->341907->341605->341594->343104->341601->343106->343943->342693->341607->588038->563143->338261->339538->338258->339132->338586->338262->338268->338583->587842->338768->338767->338254->339133->338229->338218->339571->338261->339538->338258->339132->338586->338262->338587->338588->339119->338997->340121->340120->340121->338997->645954->339806->646068->338655->339656->339807->339810->338999->339654->339136->645956->338227->338693->338595->338210->613615->338596->338197->338925->646201->339126->338348->338347->338346->339296->338349->338341->562897->338341->338349->339296->338346->338347->338348->339126->646201->338925->587845->646128->646127->646128->587845->338925->646201->339126->338348->338347->338706->338354
rl_signal,t3_sinsa_daechi,long,off_peak,7.0,5,2303.1277,1726.1744,576.9533,2146.9546,1533.5628,14640.5,21,True,168,63,16,89,341904->341903->341633->343064->341904->341905->341633->341903->341904->341905->341623->342117->342719->342710->343062->563071->340626->341619->563100->341780->341614->341779->341781->341617->341616->341585->341783->341618->343068->341616->341617->341618->341783->341585->341616->343068->341618->341782->341615->340584->341784->341889->341583->341786->341588->341785->342116->341788->341787->563170->341731->341603->341730->646623->341984->341732->342691->341733->341602->338230->646176->339098->340484->338229->338218->339094->338258->339538->338261->339571->338218->339094->338258->339538->338261->339571->338218->339094->338258->339538->338261->339571->338218->339094->338258->339538->338261->339571->338218->339094->338258->339538->338261->339571->338218->339094->338258->339538->338261->339571->338218->339094->338258->339538->338261->339571->338218->339094->338258->339538->338261->339571->338218->339094->338258->339538->338261->339571->338218->339094->338258->339538->338261->339571->338218->339094->338258->339538->338261->341734->341572->340705->341555->341556->342153->343109->613772->339003->339662->341549->342639->563096->342115->563067->342636->338199->338198->562865->339135->338197->338925->646201->339126->338348->338347->338346->339296->338349->646052->338349->338341->562897->338341->338349->339296->338346->338347->338706->338354
rl_signal,t3_sinsa_daechi,long,off_peak,7.0,6,1894.7354,1594.7942,299.9412,1909.8647,797.2546,13538.4,13,True,147,30,32,85,341904->341903->342155->342156->342710->343062->563071->340626->341619->563100->341780->341614->341779->341781->341617->341616->343068->341618->341782->341615->340584->341784->341889->341583->342674->342675->342678->342667->342662->342682->340582->343656->343655->343656->340582->342682->341587->342681->342617->646583->342615->343819->342631->563095->342614->340597->342633->342626->344210->341542->341773->341547->563166->341548->340707->343666->343075->344195->344513->344196->344194->344196->344195->344515->344512->344198->343076->343667->341548->563166->341547->341773->341542->342628->342630->342629->342626->344210->341542->341773->341547->341774->343989->341775->342641->341737->341569->344767->341558->341518->341517->341516->341515->342114->563094->646707->342613->341535->343726->343919->338310->339265->338311->339297->339000->339664->338312->338344->338712->338313->338343->339266->338728->338341->338349->339296->338346->338347->338348->339126->646201->338925->587845->646128->646127->646128->587845->338925->338197->338597->338605->338223->338603->339126->646201->338925->587845->646128->646127->646128->587845->338925->646201->339126->338348->338347->338346->338354
rl_signal,t3_sinsa_daechi,long,off_peak,7.0,7,1882.1505,1545.0605,337.09,1868.023,895.9975,12672.7,17,True,151,31,21,99,341904->341903->342155->342156->342710->343062->563071->340626->341619->563100->341780->341614->341779->341781->341617->341616->341585->341813->613854->344570->341584->341812->341577->341576->341809->341244->342499->341575->341584->342676->341582->342654->342660->341938->341981->342678->341791->341589->341789->340587->646667->646362->341982->342679->342669->563097->342673->646784->646782->341597->563098->342151->563301->341593->646355->341601->342684->341598->343105->341906->341907->344261->341597->341596->341598->342684->341601->343106->343943->342693->341607->588038->563143->338261->339538->338258->339132->338586->338262->338587->338588->339119->338589->338205->338992->338592->338259->338591->338204->338789->338923->340045->340479->587843->338594->338227->338693->338595->338210->613615->338596->338197->338925->646201->339126->338348->338347->338346->339296->338349->338341->562897->338341->338349->339296->338346->338347->338348->646202->338348->339126->338603->338223->338605->338597->338197->338925->646201->339126->338348->338347->338346->339296->338349->338341->338728->339266->338343->338312->338344->340271->338314->338707->338313->338343->339266->338728->338341->338349->339296->338346->338354
rl_signal,t3_sinsa_daechi,long,off_peak,7.0,8,2401.4293,2033.0229,368.4064,2404.161,979.2377,16401.1,22,True,190,45,40,105,341904->341903->341633->343064->341904->341905->341623->342117->342719->342710->343062->563071->340626->341619->563100->341780->341614->341779->341781->341617->341616->341585->341783->341618->341617->341616->341585->341783->341618->341782->341615->340584->341784->341889->341583->341786->341588->341785->342116->341788->341787->563170->341731->341603->341730->646623->341984->341732->342691->341733->341602->338230->646176->339098->340484->338229->338218->339094->338258->339538->338261->339571->338218->339094->338258->339538->338261->341734->341572->339293->338651->562919->562884->613773->613772->339003->339662->341549->342639->341564->342645->341559->342115->563067->342636->338199->338198->562865->339135->338197->338925->646201->339126->338348->338347->338346->339296->338349->338341->562897->338341->338349->339296->338346->338347->338348->339126->646201->338925->587845->646128->646127->646128->587845->338925->646201->339126->338348->338347->338346->339296->338349->338341->562897->338341->338349->339296->338346->338347->338348->339126->646201->338925->587845->646128->646127->646128->587845->338925->646201->339126->338348->338347->338346->339296->338349->338341->562897->338341->338349->339296->338346->338347->338348->339126->646201->338925->587845->646128->646127->646128->587845->338925->646201->339126->338348->338347->338346->339296->338349->646052->338349->338341->562897->338341->338349->339296->338346->338347->338348->339126->646201->338925->587845->646128->587905->339124->587910->587846->338600->338354
rl_signal,t3_sinsa_daechi,long,off_peak,7.0,9,1860.4385,1435.7556,424.6829,1641.04,1128.8225,11944.7,18,True,140,37,21,82,341904->341903->341633->343064->341904->341905->341633->341903->341904->341905->341623->342117->342719->342710->343062->563071->340626->341619->563100->341780->341614->341779->341781->341617->341616->341585->341783->341618->341782->341615->340584->341784->341889->341583->341786->341588->341785->342116->341788->341787->563170->341731->341603->341730->646623->341984->341732->342691->341733->341602->338230->646176->339098->340484->338229->338218->339094->338258->339538->338261->339571->338218->339094->338258->339538->338261->339571->338218->339094->338258->339538->338261->339571->338218->339094->338258->339538->338261->341734->341572->339293->338651->562919->562884->613773->613772->339003->339662->341549->342639->563096->342115->563067->342636->338199->338198->562865->339135->338197->338925->646201->339126->338348->338347->338346->339296->338349->338341->562897->338341->338728->339266->338343->338313->338707->338314->340271->338313->338343->339266->338728->338341->562897->338341->338728->339266->338343->338312->338344->340271->338314->338707->338313->338343->339266->338728->338341->338349->339296->338346->338354
rl_signal,t3_sinsa_daechi,long,off_peak,7.0,10,2372.002,2025.3025,346.6995,2447.3272,921.5397,16665.7,23,False,200,47,31,122,341904->341903->342155->342156->342710->343062->563071->340626->341619->563100->341780->341614->341779->341781->341617->341616->341585->341813->613854->344570->341584->341812->341577->341576->341809->341244->341241->343634->341240->341239->341244->341809->341576->341578->341579->341811->341582->342654->342660->341938->341981->342678->341791->341589->341789->340587->646667->646362->341982->342679->342669->563097->342673->646784->646782->341597->563098->342151->563301->341593->646355->341601->342684->341598->343105->341906->341907->344261->341597->341596->341598->342684->341601->343106->343943->342693->341607->588038->563143->338261->339538->338258->339132->338586->338262->338587->338588->339119->338589->338205->338992->338592->338259->338591->338204->338789->338923->340045->340479->587843->338594->338227->338693->338595->338210->613615->338596->338197->338925->646201->339126->338348->338347->338346->339296->338349->338341->562897->338341->338349->339296->338346->338347->338348->339126->646201->338925->587845->646128->646127->646128->587845->338925->646201->339126->338348->338347->338346->339296->338349->338341->562897->338341->338349->646052->338349->338341->562897->338341->338349->339296->338346->338347->338348->339126->646201->338925->587845->646128->646127->646128->587845->338925->338197->339135->562865->338198->338222->338726->338837->339122->646056->338604->338223->338603->339126->338348->338347->338346->339296->338349->646052->338349->338341->562897->338341->338349->339296->338346->338347->338348->339126->646201->338925->587845->646128->646127->646128->587905->339124->587910
rl_signal,t3_sinsa_daechi,long,off_peak,7.0,11,1621.6769,1376.7588,244.9181,1527.0433,651.0012,10943.2,13,True,115,18,29,68,341904->341903->341633->343064->341904->341905->341623->342117->342719->342710->343062->563071->340626->341619->563100->341780->341614->341779->341781->341617->341616->341585->341783->341618->341617->341616->341585->341783->341618->343068->341616->342655->341575->341584->344570->613854->341813->341585->341616->343068->341618->341782->341615->340584->341784->341889->341583->341786->341588->343777->340703->342671->342674->342675->342678->342667->342662->342682->340582->343656->342632->342618->343820->344184->343819->342631->341591->341592->342649->341608->341553->341563->341552->341562->341564->342639->563096->342115->563067->342636->338199->338198->562865->339135->338197->338925->646201->339126->338348->338347->338346->339296->338349->338341->562897->338341->338349->339296->338346->338347->338348->339126->646201->338925->587845->646128->646127->646128->587845->338925->646201->339126->338348->338347->338346->338354
rl_signal,t3_sinsa_daechi,long,off_peak,7.0,12,1948.0234,1479.7061,468.3173,1798.1626,1244.8043,12722.7,20,True,132,39,24,69,341904->341903->341633->343064->341904->341905->341633->343064->341904->342719->342117->341623->341905->341904->342719->342117->341623->341905->341904->341903->342155->342156->342710->343062->563071->340626->341619->563100->341780->341614->341779->341781->341617->341616->341585->341783->341618->341782->341615->340584->341784->341889->341583->342674->342675->342678->342667->342662->342682->341587->341793->342664->341792->341581->342666->342663->342681->342617->646583->342615->343819->342631->341591->341592->342649->341608->341553->341563->341552->341562->341564->341735->341568->341566->341549->339128->339093->338226->338252->338199->338198->562865->339135->338197->338925->646201->339126->338348->338347->338346->339296->338349->338341->562897->338341->338349->339296->338346->338347->338348->339126->646201->338925->587845->563046->587845->646128->646127->646128->587845->338925->646201->339126->338603->338223->338605->338597->338197->338925->646201->339126->338348->338347->338346->339296->338349->338341->562897->338341->338349->339296->338346->338354
rl_signal,t3_sinsa_daechi,long,off_peak,7.0,13,1374.0322,1249.7371,124.2951,1428.5522,330.3809,10362.6,8,True,122,24,18,80,341904->341903->342155->342156->342710->343062->563071->340626->341619->563100->341780->341614->341779->341781->341617->341616->341585->341813->613854->344570->341584->341812->341577->341576->341809->341244->341241->343634->341240->343033->343034->342501->342146->342500->342498->342502->341249->342659->341807->341808->341580->341810->341578->341579->341811->341582->342654->342660->341938->341981->342678->341791->341589->341789->340587->646667->646362->341982->342679->342669->563097->342673->646784->646782->341597->563098->342151->563301->341593->646355->341601->342684->341598->343105->341906->341907->341605->341594->343104->341601->343106->343943->342693->341607->588038->563143->338261->341734->341572->339293->338651->562919->562884->613773->613772->339003->339662->341549->342639->563096->342115->563067->342636->338199->338198->562865->339135->338197->338925->646201->339126->338348->338347->338346->339296->338349->338341->562897->338341->338349->339296->338346->338354
rl_signal,t3_sinsa_daechi,long,off_peak,7.0,14,1787.6943,1633.5197,154.1746,1918.2474,409.8017,14132.4,7,True,154,37,24,93,341904->341903->342155->342156->342710->343062->563071->340626->341619->563100->341780->341614->341779->341781->341617->341616->341585->341813->613854->344570->341584->341812->341577->341576->341809->341244->341241->343634->341240->343033->343034->342146->342501->343034->342146->342500->342498->342502->341249->341806->341260->341805->343070->342496->342495->342677->646410->341586->342494->342661->342069->646413->342660->341938->341981->342678->341791->341589->341789->340587->646667->646362->341982->342679->342669->563097->342673->646784->646782->341597->563098->342151->563301->341593->646355->341601->343106->343943->342693->341607->588038->588037->588038->341607->342693->343943->343106->341601->342684->341598->341596->341597->344261->341907->341906->343105->341598->342684->341601->343106->343943->342693->341607->588038->563143->338261->339571->338218->339094->338258->339538->338261->339571->338218->339094->338258->339538->338261->339571->338218->339094->338258->339538->338261->341734->341572->340705->341555->341736->341568->341735->341564->342645->341559->342115->563067->342636->338199->338198->562865->339135->338197->338925->646201->339126->338348->338347->338346->339296->338349->646052->338349->339296->338346->338354
rl_signal,t3_sinsa_daechi,long,off_peak,7.0,15,1813.3455,1486.3169,327.0286,1662.7806,869.2538,12056.2,14,True,133,41,21,71,341904->341903->342155->342156->342710->343062->563071->340626->341619->563100->341780->341614->341779->341781->341617->341616->341585->341813->613854->344570->341584->341812->341577->341576->341809->341244->341241->343634->341240->341239->341244->341809->341576->341578->341579->341590->341578->341576->341577->341590->341576->341577->341590->341578->341576->341577->341590->341576->341577->341590->341578->341576->341577->341590->341576->341577->341812->341584->342676->342653->342654->342660->341938->341981->342678->341791->341589->341790->340702->342671->342674->342675->342678->342667->342662->342682->340582->343656->342632->342618->343820->344184->343819->342631->341591->341592->342649->341608->563168->342694->344353->341593->341778->343103->341595->341594->343104->341601->343106->343943->342693->341607->344213->343102->341557->342643->341561->341562->341564->342639->563096->342115->563067->342636->338199->338198->562865->339135->338197->338925->646201->339126->338348->338347->338346->339296->338349->338341->562897->338341->338349->339296->338346->338354
rl_signal,t3_sinsa_daechi,long,off_peak,7.0,16,1965.9714,1684.3062,281.6653,1785.1866,748.6765,13643.8,11,True,135,26,44,65,341904->341903->342155->342156->342710->343062->563071->340626->341619->563100->341780->341614->341779->341781->341617->341616->341585->341813->613854->344570->341584->341812->341577->341576->341809->341244->341241->343634->341240->341239->341918->341917->343037->342503->343032->341719->341261->341243->343380->343349->341210->344381->344380->344379->341264->342526->341713->341711->341263->342514->646613->646614->646613->342519->341269->341713->341711->343040->341268->341712->341713->341711->341263->342514->646613->646614->646613->342519->341269->341713->341711->341263->342514->646613->646614->646613->342519->341269->341713->341711->341263->342812->342515->343780->341546->344219->646319->563132->343774->343516->341492->341499->344500->342607->587988->342821->343267->343341->343340->344393->341506->341507->341508->646563->341513->341519->342113->342114->563094->646707->342613->341535->343726->343919->338310->339265->338311->339297->339000->339664->338312->338344->340271->338314->338707->338313->338343->339266->338728->338341->562897->338341->338349->339296->338346->338354
rl_signal,t3_sinsa_daechi,long,off_peak,7.0,17,2327.4944,2086.9348,240.5596,2511.5487,639.4162,17658.0,12,False,200,50,37,113,341904->341903->342155->342156->342710->343062->563071->340626->341619->563100->341780->341614->341779->341781->341617->341616->341585->341813->613854->344570->341584->341812->341577->341576->341809->341244->341241->343634->341240->343033->343034->342501->342146->342500->342498->342502->341249->341806->341260->341805->343070->342496->342495->342677->646410->341586->342494->342661->342069->646413->342660->341938->341981->342678->341791->341589->341789->340587->646667->646362->341982->342679->342669->563097->342673->646784->646782->341597->563098->342151->563301->341593->646355->341601->342684->341598->343105->341906->341907->344261->341597->341596->341598->342684->341601->343106->343943->342693->341607->588038->563143->338261->341734->341572->339293->338651->562919->562884->613773->613772->339003->339662->341549->342639->563096->342115->563067->342636->338199->338198->562865->339135->338197->338925->646201->339126->338348->338347->338346->339296->338349->338341->562897->338341->338349->339296->338346->338347->338348->339126->646201->338925->587845->646128->646127->646128->587845->338925->646201->339126->338348->338347->338346->339296->338349->338341->562897->338341->338349->339296->338346->338347->338348->339126->646201->338925->587845->646128->646127->646128->587845->338925->646201->339126->338348->338347->338346->339296->338349->338341->562897->338341->338349->339296->338346->338347->338348->339126->646201->338925->587845->646128->646127->646128->587845->338925->646201->339126->338603->338223->338605->338597->338197->338925->646201->339126->338348->338347->338346->339296->338349
rl_signal,t3_sinsa_daechi,long,off_peak,7.0,18,1848.8413,1581.5216,267.3197,1735.1371,710.5453,13029.2,10,True,142,42,27,73,341904->341903->342155->342156->342157->342711->342712->342714->342713->342076->341620->341621->344204->342159->342700->343100->342834->341621->344204->342159->342718->342717->342716->343651->342715->342158->342157->342156->342155->341903->341633->343064->341904->341905->341633->341903->341904->342719->342117->341623->341905->341904->342719->342117->341623->341905->341904->342719->342117->341623->341905->341904->343064->341633->341905->341623->342117->342719->342710->343062->563071->340626->341619->563100->341780->341614->341779->341781->341617->341616->341585->341783->341618->341782->341615->340584->341784->341889->341583->341611->342865->342652->342116->342672->340587->341789->341589->341790->340702->342671->342672->340587->342670->646668->646669->342669->342679->341983->342673->646784->646782->341597->563098->342151->563301->341593->646355->341601->343104->341594->341605->341595->341594->343104->341601->343106->343943->342693->341607->344213->343102->341557->342643->341561->341562->341564->342639->563096->342115->563067->342636->338199->338198->562865->339135->338197->338925->646201->339126->338348->338347->338706->338354
rl_signal,t3_sinsa_daechi,long,off_peak,7.0,19,2003.9455,1742.5306,261.4149,1833.4271,694.8504,14406.0,12,True,135,21,53,61,341904->341903->342155->342156->342710->343062->563071->340626->341619->563100->341780->341614->341779->341781->341617->341616->341585->341783->341618->341782->341615->340584->341784->341889->341583->342674->342675->342678->341981->341938->342660->646413->342069->342661->342494->341586->646410->342677->342495->342496->343071->344391->342512->341801->341272->341802->646934->342619->342620->342518->342635->646414->646347->342518->342635->646414->646347->342518->342635->646414->646347->342518->342635->646414->646347->342518->342635->646414->646347->342518->342635->646414->646347->342518->342635->646414->646347->342518->342635->646414->646347->342518->342635->646414->646347->342518->342620->343073->342621->342622->341798->343669->341796->341544->341795->343072->342632->342618->343820->344184->343819->342631->341591->341592->342649->341608->341553->341563->341552->341562->341564->342639->563096->342115->563067->342636->338199->338198->562865->339135->338197->338925->646201->339126->338348->338347->338346->339296->338349->338341->562897->338341->338349->339296->338346->338354
rl_signal,t3_sinsa_daechi,long,off_peak,7.0,20,2205.237,2080.8567,124.3803,2081.6487,330.6073,15469.9,7,False,200,18,122,60,341904->341903->342155->342156->342710->343062->563071->340626->341619->563100->341780->341614->341779->341781->341617->341616->341585->341813->613854->344570->341584->341812->341577->341576->341809->341244->341241->343634->341240->343033->343034->342501->342146->342500->341242->341246->341257->343035->341258->343036->341251->341804->342506->342504->342505->342520->342526->341713->341711->341263->342514->646613->646614->646613->342519->341269->341713->341711->341263->342514->646613->646614->646613->342519->341269->341713->341711->341263->342514->646613->646614->646613->342519->341269->341713->341711->341263->342514->646613->646614->646613->342519->341269->341713->341711->341263->342514->646613->646614->646613->342519->341269->341713->341711->341263->342514->646613->646614->646613->342519->341269->341713->341711->341263->342514->646613->646614->646613->342519->341269->341713->341711->341263->342514->646613->646614->646613->342519->341269->341713->341711->341263->342514->646613->646614->646613->342519->341269->341713->341711->341263->342514->646613->646614->646613->342519->341269->341713->341711->341263->342514->646613->646614->646613->342519->341269->341713->341711->341263->342514->646613->646614->646613->342519->341269->341713->341711->341263->342514->646613->646614->646613->342519->341269->341713->341711->341263->342812->343038->342111->342516->342515->343780->341546->344219->646319->563132->343774->343516->341492->341499->588052->341543->344196->344513->344195->344196->344513->344195->344196->341543->343075->343666->340707->341548->563166->341547->563165->342628->342630->342629
rl_signal,t3_sinsa_daechi,long,off_peak,7.0,21,1521.4672,1172.9207,348.5465,1382.4335,926.4493,9575.2,16,True,121,21,14,86,341904->341903->342155->342156->342710->343062->563071->340626->341619->563100->341780->341614->341779->341781->341617->341616->343068->341618->341782->341615->340584->341784->341889->341583->341786->341588->343777->340703->342671->340702->341790->341589->341789->340587->646667->646362->341982->342679->342669->563097->342673->646784->646782->341597->344261->341907->341906->343105->341598->342684->341601->343106->343943->342693->341607->588038->563143->338261->339538->338258->339132->338586->338262->338587->338588->339119->338997->340121->338998->339653->645973->339653->338998->338205->338992->338592->338259->338590->338805->339504->339505->339506->339503->339477->339480->340320->339728->339312->613624->338622->338256->339317->339314->339724->340231->339811->339934->646026->646028->339819->338227->338693->338595->338210->613615->338596->338197->338925->646201->339126->338348->338347->338346->339296->338349->338341->562897->338341->338349->339296->338346->338354
rl_signal,t3_sinsa_daechi,long,off_peak,7.0,22,1173.7878,943.6542,230.1335,1053.1143,611.7032,7954.9,11,True,88,15,12,61,341904->341903->342155->342156->342710->343062->563071->340626->341619->563100->341780->341614->341779->341781->341617->341616->343068->341618->341782->341615->340584->341784->341889->341583->341786->341588->343777->340703->342671->340702->341790->341589->341789->340587->646667->646362->341982->342679->342669->563097->342673->646784->646782->341597->344261->341907->341605->341594->341595->343103->341778->341593->344353->342694->563168->341608->341777->341565->341554->341553->341563->341552->341562->341564->342639->563096->342115->563067->342636->338199->338198->562865->339135->338197->338925->646201->339126->338348->338347->338346->339296->338349->338341->562897->338341->338349->339296->338346->338354
rl_signal,t3_sinsa_daechi,long,off_peak,7.0,23,2263.7148,1764.5704,499.1444,1968.4282,1326.7438,14533.7,25,True,159,26,30,103,341904->341903->342155->342156->342710->343062->563071->340626->341619->563100->341780->341614->341779->341781->341617->341616->343068->341618->341782->341615->340584->341784->341889->341583->341786->341588->343777->340703->342671->340702->341790->341589->340701->563070->340700->341581->342667->342662->342682->340582->343656->343655->343656->340582->342682->341587->341793->342664->341792->341581->342666->342663->342681->341587->342682->340582->343656->343655->343656->340582->342682->587943->646411->341586->646410->342677->342495->342496->343071->344391->342512->341801->341272->341802->646934->342619->342620->343073->342621->342635->342518->342620->343073->342621->342635->342518->342620->343073->342621->342622->341798->343669->341796->341544->341795->343072->342632->340699->342634->341794->341587->341793->342664->341792->341581->342666->342663->342681->341587->342682->340582->343656->342632->342618->343820->344184->343819->342631->563095->342614->340597->342633->342626->344210->341542->341773->341547->341774->343989->341775->342641->341737->341569->341738->563185->341560->343710->342115->563067->342636->338199->338198->562865->339135->338197->338925->646201->339126->338348->338347->338346->339296->338349->338341->562897->338341->338349->339296->338346->338354
rl_signal,t3_sinsa_daechi,long,off_peak,7.0,24,1103.662,901.4103,202.2517,1102.6679,537.5924,7886.0,10,True,91,17,15,59,341904->341903->342155->342156->342710->343062->342711->342712->342714->342713->342076->341620->341621->342834->343100->342865->340641->340704->341588->343777->340703->342671->340702->341790->341589->341789->340587->646667->646362->341982->342679->342669->563097->342673->646784->646782->341597->344261->341907->341605->341594->343104->341601->343106->343943->342693->341607->588038->563143->338261->339571->338218->339094->338258->613662->339651->338651->562919->562884->613773->613772->339003->613773->613772->339003->339662->341549->342639->563096->342115->563067->342636->338199->338198->562865->339135->338197->338925->646201->339126->338348->338347->338346->339296->338349->338341->562897->338341->338349->339296->338346->338354
rl_signal,t3_sinsa_daechi,long,off_peak,7.0,25,1944.788,1696.3215,248.4666,2038.081,660.4332,14206.6,14,True,172,40,28,104,341904->341903->342155->342156->342710->343062->563071->340626->341619->563100->341780->341614->341779->341781->341617->341616->341585->341813->613854->344570->341584->341812->341577->341576->341809->341244->341241->343634->341240->341239->341244->341809->341576->341590->341578->341576->341577->341812->341584->342676->342653->342654->342660->341938->341981->342678->341791->341589->341789->340587->646667->646362->341982->342679->342669->563097->342673->646784->646782->341597->344261->341907->341605->341594->343104->341601->342684->341598->343105->341906->341907->344261->341597->341596->341598->342684->341601->343106->343943->342693->341607->344213->344212->344213->341607->342693->343943->343106->341601->342684->341598->343105->341906->341907->341605->341594->341595->343103->341778->341593->344353->342694->563168->341608->341777->341565->341554->341553->341563->341561->342643->341555->341556->342153->562923->562921->338651->339651->613662->338258->339132->338586->338262->338587->338588->339119->338589->338205->338992->338592->338259->338591->338204->338789->338923->340045->340479->587843->338594->338227->338693->338595->338210->613615->338596->338197->338925->646201->339126->338348->338347->338346->339296->338349->338341->562897->338341->338349->339296->338346->338347->338348->339126->646201->338925->587845->646128->587905->339124->587910->587846->338600->338354
rl_signal,t3_sinsa_daechi,long,off_peak,7.0,26,1971.4784,1658.9351,312.5433,1922.2324,830.7515,13978.4,16,True,154,35,30,89,341904->341903->342155->342156->342710->343062->563071->340626->341619->563100->341780->341614->341779->341781->341617->341616->341585->341813->613854->344570->341584->341812->341577->341576->341809->341244->341241->343634->341240->343033->343034->342501->342146->342500->342498->342502->341249->341806->341260->341805->343070->342496->342495->342677->646410->341586->342494->342661->342069->646413->342660->341938->341981->342678->341791->341589->341790->340702->342671->342672->340587->342670->646668->646669->342669->342679->342651->342679->341983->342673->646784->646782->341597->563098->342151->563301->341593->646355->341601->342684->341598->343105->341906->341907->344261->341597->341596->341598->342684->341601->343106->343943->342693->341607->588038->563143->338261->341734->341572->339293->338651->562919->562884->613773->613772->339003->339662->341549->342639->563096->342115->563067->342636->338199->338198->562865->339135->338197->338925->646201->339126->338348->338347->338346->339296->338349->338341->562897->338341->338349->646052->338349->338341->562897->338341->338349->339296->338346->338347->338348->339126->646201->338925->587845->646128->646127->646128->587845->338925->646201->339126->338348->338347->338346->338354
rl_signal,t3_sinsa_daechi,long,off_peak,7.0,27,1918.8442,1552.2407,366.6035,1879.419,974.4455,12906.3,14,True,146,32,24,90,341904->341903->342155->342156->342710->343062->563071->340626->341619->563100->341780->341614->341779->341781->341617->341616->343068->341618->341782->341615->340584->341784->341889->341583->341786->341588->343777->340703->342671->340702->341790->341589->340701->563070->340700->341581->341792->342664->341793->341587->342681->342617->646583->342615->343819->342631->341591->341592->342649->341608->341553->341563->341552->341562->341564->342639->563096->342115->563067->342636->338199->338198->562865->339135->338197->338925->646201->646200->646201->338925->587845->646128->587905->339124->339125->338598->338208->338599->587846->587910->339124->587905->646128->587845->338925->646201->339126->338348->338347->338346->339296->338349->338341->562897->338341->338349->339296->338346->338347->338348->339126->646201->338925->587845->646128->646127->646128->587845->338925->646201->339126->338603->338223->338605->338597->338197->338925->646201->339126->338348->338347->338346->339296->338349->338341->562897->338341->338349->339296->338346->338347->338348->339126->646201->338925->587845->646128->646127->646128->587845->338925->646201->339126->338348->338347->338706->338354
rl_signal,t3_sinsa_daechi,long,off_peak,7.0,28,2381.9567,1883.1069,498.8498,2194.9488,1325.961,15856.8,20,True,173,39,32,102,341904->341903->342155->342156->342710->343062->563071->340626->341619->563100->341780->341614->341779->341781->341617->341616->341585->341813->613854->344570->341584->341812->341577->341576->341809->341244->341241->343634->341240->343033->343034->342501->342146->342500->342498->342502->341249->341806->341260->341805->343070->342496->342495->342677->646410->341586->342494->342661->342069->646554->342657->342654->342653->342676->341582->342654->342660->341938->341981->342678->341791->341589->341789->340587->646667->646362->341982->342679->342669->563097->342673->646784->646782->341597->563098->342151->563301->341593->646355->341601->343104->341594->341605->341595->341594->343104->341601->343106->343943->342693->341607->588038->563143->338261->339571->338218->339094->338258->339538->338261->339571->338218->339094->338258->339538->338261->341734->341572->339293->338651->562919->562884->613773->613772->339003->339662->341549->342639->563096->342115->563067->342636->338199->338252->338226->339127->338649->338999->339810->339807->339656->338655->340247->340245->338921->340159->339654->338999->338649->339127->338226->338252->338199->338198->562865->339135->338197->338925->646201->339126->338348->338347->338346->339296->338349->338341->338728->339266->338343->338313->338707->338314->340271->338313->338343->339266->338728->338341->338349->339296->338346->338347->338706->338354
rl_signal,t3_sinsa_daechi,long,off_peak,7.0,29,2168.8701,1636.8905,531.9796,1871.0204,1414.021,13820.2,22,True,134,22,28,84,341904->341903->341633->343064->341904->341903->341633->341905->341623->342117->342719->342710->343062->563071->340626->341619->342709->342707->341185->341187->344817->341187->341185->342707->342709->341619->340626->563071->343062->342711->342712->342714->342713->342076->341620->341621->344204->342159->342700->343100->342865->340641->340704->341588->343777->340703->342671->342674->342675->342678->342667->342662->342682->340582->343656->342632->340699->342634->341794->341587->341793->342664->341792->341581->342666->342663->342681->342617->342618->343654->343653->343654->342618->342632->340699->342634->341794->341587->341793->342664->341792->341581->342666->342663->342681->342617->342618->343654->343653->343654->342618->343820->344184->343819->342631->563095->342614->340597->342633->342626->344210->341542->342628->342630->342629->342626->344210->341542->341773->341547->341774->343989->341775->342641->341737->341569->341738->563185->341560->343710->342115->563067->342636->338199->338198->562865->339135->338197->338925->646201->339126->338348->338347->338346->338354
rl_signal,t3_sinsa_daechi,long,off_peak,7.0,30,1771.9649,1451.7266,320.2383,1821.3081,851.2051,12752.9,14,True,138,29,25,84,341904->341903->342155->342156->342157->342711->342712->342714->342713->342076->341620->341621->344204->342159->342700->343100->342865->340641->340704->341588->343777->340703->342671->340702->341790->341589->341789->340587->646667->646362->341982->342679->342669->563097->342673->646784->646782->341597->344261->341907->341605->341594->343104->341601->343106->343943->342693->341607->588038->563143->338261->339571->338218->339094->338258->339538->338261->339571->338218->339094->338258->339538->338261->341734->341572->339293->338651->562919->562884->613773->613772->339003->339662->341549->342639->563096->342115->563067->342636->338199->338198->562865->339135->338197->338925->646201->339126->338348->338347->338346->339296->338349->338341->562897->338341->338728->339266->338343->338312->338344->338712->338313->338343->339266->338728->338341->338349->339296->338346->338347->338348->339126->646201->338925->338197->339135->562865->338198->338222->338726->338837->339122->646056->338604->338223->338603->339126->646201->338925->587845->646128->646127->646128->587905->339124->587910->587846->338600->338354
rl_signal,t3_sinsa_daechi,long,peak,8.0,1,1456.9899,1276.1621,180.8278,1743.5034,480.6469,10582.5,8,True,113,29,19,65,341904->341903->342155->342156->342710->343062->563071->340626->341619->342709->342707->341185->341187->343031->341186->344545->343779->341171->344632->341170->344631->341171->341814->341816->340627->344387->341891->344388->342068->342499->341575->341584->342676->341582->342654->342657->646554->342069->646413->342660->341938->341981->342678->341791->341589->341789->340587->646667->646362->341982->342679->342669->563097->342673->646784->646782->341597->344261->341907->341906->341605->341595->341594->343104->341601->343106->343943->342693->341607->588038->563143->338261->339571->338218->339094->338258->339538->338261->339571->338218->339094->338258->339538->338261->341734->341572->339293->338651->562919->562884->613773->613772->339003->339662->341549->342639->341564->342645->341559->342115->563067->342636->338199->338198->562865->339135->338197->338925->646201->339126->338348->338347->338346->338354
rl_signal,t3_sinsa_daechi,long,peak,8.0,2,1776.78,1388.0289,388.7511,1896.0075,1033.3146,11553.9,16,True,124,31,24,69,341904->341903->342155->342156->342710->343062->563071->340626->341619->563100->341780->341614->341779->341781->341617->341616->341585->341813->613854->344570->341584->341812->341577->341590->341578->341576->341577->341590->341576->341577->341590->341578->341579->341811->341582->342654->342657->646554->342069->646413->342660->341938->341981->342678->341791->341589->341790->340702->342671->342672->340587->342670->646668->646669->342669->342679->342651->342679->341983->342673->646784->646782->341597->563098->342151->563301->341593->646355->341601->342684->341598->343105->341906->341907->344261->341597->341596->341598->342684->341601->343106->343943->342693->341607->344213->343102->341557->342643->341561->341562->341564->342639->341549->339128->339093->338226->339127->338649->338999->339810->339807->339656->338655->340247->340245->338921->340159->339654->338999->338649->339127->338226->338252->338199->338198->562865->339135->338197->338925->646201->339126->338348->338347->338346->338354
rl_signal,t3_sinsa_daechi,long,peak,8.0,3,1186.7693,994.5309,192.2384,1316.2098,510.9767,8519.3,8,True,97,23,12,62,341904->341903->342155->342156->342710->343062->563071->340626->341619->563100->341780->341614->341779->341781->341617->341616->341585->341783->341618->343068->341616->341617->341618->341783->341585->341616->343068->341618->341782->341615->340584->341784->341889->341583->341786->341588->341785->342116->341788->341787->563170->341731->341603->341730->646623->341984->341732->342691->341733->341602->338230->646176->339098->340484->338229->338218->339094->338258->339538->338261->341734->341572->339293->338651->562919->562884->613773->613772->339003->339662->341549->342639->563096->342115->563067->342636->338199->338198->562865->339135->338197->338925->646201->339126->338603->338223->338605->338597->338197->338925->587845->646128->587905->339124->587910->587846->338600->338354
rl_signal,t3_sinsa_daechi,long,peak,8.0,4,1378.8682,1069.2509,309.6173,1429.5449,822.9741,9215.7,13,True,96,18,18,60,341904->341903->342155->342156->342710->343062->563071->340626->341619->563100->341780->341614->341779->341781->341617->341616->341585->341783->341618->343068->341616->342655->341575->341584->342676->341582->342654->342660->341938->341981->342678->341791->341589->341789->340587->646667->646362->341982->342679->342669->563097->342673->646784->646782->341597->344261->341907->341605->341595->341594->343104->341601->343106->343943->342693->341607->344213->343102->341557->342643->341561->341562->341564->342639->563096->342115->563067->342636->338199->338252->338226->339127->338649->339136->645956->338227->338693->338595->338210->613615->338596->338197->338925->646201->339126->338348->338347->338346->339296->338349->338341->562897->338341->338349->339296->338346->338354
rl_signal,t3_sinsa_daechi,long,peak,8.0,5,1610.1596,1315.1634,294.9962,1755.7612,784.1105,10809.8,15,True,136,22,27,87,341904->341903->342155->342156->342710->343062->563071->340626->341619->563100->341780->341614->341779->341781->341617->341616->341585->341783->341618->343068->341616->342655->341575->341584->344570->613854->341813->341585->341616->343068->341618->341782->341615->340584->341784->341889->341583->341786->341588->343777->340703->342671->342674->342675->342678->341791->341589->341789->340587->646667->646362->341982->342679->342669->563097->342673->646784->646782->341597->344261->341907->341906->341605->341595->341594->343104->341601->343106->343943->342693->341607->588038->563143->338261->339571->338218->339094->338258->339132->338586->338262->338587->338588->339119->338589->338205->338992->338592->338259->338591->338204->338789->338923->340045->340479->587843->338594->338227->338693->338595->338210->613615->338596->338197->338925->646201->339126->338348->338347->338346->339296->338349->338341->562897->338341->338349->339296->338346->338347->338348->646202->338348->339126->646201->338925->587845->646128->646127->646128->587845->338925->646201->339126->338348->338347->338346->338354
rl_signal,t3_sinsa_daechi,long,peak,8.0,6,1959.2824,1570.2211,389.0613,2039.3972,1034.1389,12546.7,19,True,161,30,28,103,341904->341903->342155->342156->342710->343062->563071->340626->341619->563100->341780->341614->341779->341781->341617->341616->341585->341783->341618->343068->341616->341617->341618->341783->341585->341616->343068->341618->341617->341616->343068->341618->341782->341615->340584->341784->341889->341583->341786->341588->343777->340703->342671->342674->342675->342678->341791->341589->341789->340587->646667->646362->341982->342679->342669->563097->342673->646784->646782->341597->563098->342151->563301->341593->646355->341601->342684->341598->343105->341906->341907->341605->341594->343104->341601->343106->343943->342693->341607->588038->563143->338261->339538->338258->339132->338586->338262->338587->338588->339119->338997->340121->338998->339653->645973->339653->338998->338205->338992->338592->338259->338590->338805->339504->339505->339506->339503->339477->339480->340320->339728->339312->613624->338622->338256->339317->339314->339724->340231->339811->339934->646026->646028->339819->338227->338693->338595->338210->613615->338596->338197->338925->646201->339126->338348->338347->338346->339296->338349->338341->562897->338341->338349->339296->338346->338347->338348->339126->646201->338925->587845->646128->646127->646128->587845->338925->646201->339126->338348->338347->338346->338354
rl_signal,t3_sinsa_daechi,long,peak,8.0,7,1272.7123,1173.5849,99.1274,1538.0532,263.4843,10431.4,5,True,109,26,19,64,341904->341903->342155->342156->342710->342719->341904->341903->342155->342156->342710->343062->563071->340626->341619->563100->341780->341614->341779->341781->341617->341616->342655->341575->341584->342676->341582->342654->342660->646413->342069->342661->342494->341586->646411->587943->342682->341587->341793->342664->341792->341581->342666->343657->342670->340587->646667->646362->341982->342679->342669->563097->342673->646784->646782->341597->344261->341907->341605->341594->343104->341601->343106->343943->342693->341607->344213->343102->341557->342643->341561->341562->341564->342639->563096->342115->563067->342636->338199->338198->562865->339135->338197->338925->646201->339126->338348->338347->338346->339296->338349->338341->562897->338341->338349->339296->338346->338347->338348->339126->646201->338925->587845->646128->587905->339124->587910->587846->338600->338354
rl_signal,t3_sinsa_daechi,long,peak,8.0,8,1360.9908,1016.3355,344.6553,1306.4892,916.1063,8341.4,14,True,109,17,19,73,341904->341903->342155->342156->342710->343062->563071->340626->341619->563100->341780->341614->341779->341781->341617->341616->341585->341783->341618->341617->341616->343068->341618->341782->341615->340584->341784->341889->341583->341786->341588->343777->340703->342671->342674->342675->342678->341791->341589->341789->340587->646667->646664->646667->646362->341982->342679->342669->563097->342673->646784->646782->341597->344261->341907->341906->341605->341594->343104->341601->343106->343943->342693->341607->588038->563143->338261->339571->338218->339094->338258->339132->338586->338262->338587->338588->339119->338589->338205->338992->338592->338259->338591->338204->338789->338923->340045->340479->587843->338594->338227->338693->338595->338210->613615->338596->338197->338925->587845->646128->646127->646128->587845->338925->646201->339126->338348->338347->338346->338354
rl_signal,t3_sinsa_daechi,long,peak,8.0,9,1817.3723,1480.0619,337.3105,1885.7379,896.5834,12041.1,16,True,136,23,27,86,341904->341903->342155->342156->342710->343062->563071->340626->341619->563100->341780->341614->341779->341781->341617->341616->341585->341783->341618->343068->341616->342655->341575->341584->342676->341582->342654->342660->341938->341981->342678->341791->341589->341789->340587->646667->646362->341982->342679->342669->563097->342673->646784->646782->341597->344261->341907->341605->341595->341594->343104->341601->343106->343943->342693->341607->588038->563143->338261->341734->341572->339293->338651->562919->562884->613773->613772->339003->339662->341549->342639->563096->342115->563067->342636->338199->338198->562865->339135->338197->338925->646201->339126->338348->338347->338346->339296->338349->338341->562897->338341->338349->339296->338346->338347->338348->339126->646201->338925->587845->563046->587845->646128->646127->646128->587845->338925->646201->339126->338603->338223->338602->339123->339120->339123->338790->339152->338733->646265->338311->339297->339000->339664->338312->338344->340271->338314->338315->338887->338342->338328->338326->339713->339712->339884->338601->338354
rl_signal,t3_sinsa_daechi,long,peak,8.0,10,1814.3574,1467.4437,346.9136,1964.1674,922.109,12197.0,15,True,128,31,25,72,341904->341903->342155->342156->342710->343062->563071->340626->341619->563100->341780->341614->341779->341781->341617->341616->341585->341783->341618->343068->341616->341617->341618->341783->341585->341616->343068->341618->341782->341615->340584->341784->341889->341583->342674->342675->342678->342667->342662->342682->341587->342681->342617->646583->342615->343819->342631->341591->341592->342649->341608->341553->341563->341552->341562->341564->342639->563096->342115->563067->342636->338199->338198->562865->339135->338197->338925->646201->339126->338348->338347->338346->339296->338349->338341->562897->338341->338349->339296->338346->338347->338348->339126->646201->338925->587845->646128->646127->646128->587845->338925->646201->339126->338348->338347->338346->339296->338349->338341->562897->338341->338349->339296->338346->338347->338348->339126->646201->338925->587845->646128->646127->646128->587845->338925->646201->339126->338348->338347->338346->339296->338349->338341->562897->338341->338349->339296->338346->338354
rl_signal,t3_sinsa_daechi,long,peak,8.0,11,1614.305,1292.9053,321.3997,1804.7317,854.2921,10150.1,15,True,126,23,15,88,341904->341903->342155->342156->342710->343062->563071->340626->341619->563100->341780->341614->341779->341781->341617->341616->341585->341783->341618->343068->341616->341617->341618->341783->341585->341616->343068->341618->341782->341615->340584->341784->341889->341583->341786->341588->341785->342116->341788->341787->563170->341731->341603->341730->646623->341984->341732->342691->341733->341602->338230->646176->339098->340484->338229->338218->339571->338261->339538->338258->339132->338586->338262->338587->338588->339119->338589->338205->338992->338592->338259->338591->338204->338789->338923->340045->340479->587843->338594->338227->338693->338595->338210->613615->338596->338197->338925->646201->339126->338348->338347->338346->339296->338349->338341->562897->338341->338349->339296->338346->338347->338348->339126->646201->338925->587845->646128->646127->646128->587845->338925->646201->339126->338348->338347->338346->339296->338349->646052->338349->338341->562897->338341->338349->339296->338346->338354
rl_signal,t3_sinsa_daechi,long,peak,8.0,12,1504.2933,1158.9502,345.3431,1604.6023,917.9345,10067.7,12,True,111,32,10,69,341904->341903->342155->342156->342710->343062->563071->340626->341619->563100->341780->341614->341779->341781->341617->341616->341585->341783->341618->343068->341616->341617->341618->341783->341585->341616->343068->341618->341782->341615->340584->341784->341889->341583->341786->341588->341785->342116->341788->341787->563170->341731->341603->341730->646623->341984->341732->342691->341733->341602->338230->646176->339098->340484->338229->338218->339094->338258->339538->338261->339571->338218->339094->338258->339538->338261->339571->338218->339094->338258->339538->338261->339571->338218->339094->338258->613662->339651->338651->339293->341572->340705->341555->342643->341557->588040->341572->339293->338651->562919->562884->613773->339003->339662->341549->342639->563096->342115->563067->342636->338199->338198->562865->339135->338197->338925->646201->339126->338348->338347->338346->338354
rl_signal,t3_sinsa_daechi,long,peak,8.0,13,1525.202,1258.4766,266.7254,1659.4031,708.9658,10377.0,15,True,123,29,23,71,341904->341903->342155->342156->342710->343062->563071->340626->341619->563100->341780->341614->341779->341781->341617->341616->341585->341783->341618->343068->341616->342655->341575->341584->342676->341582->342654->342657->646554->342069->646413->342660->341938->341981->342678->341791->341589->341789->340587->646667->646362->341982->342679->342669->563097->342673->646784->646782->341597->344261->341907->341906->341605->341907->341906->343105->341598->342684->341601->343106->343943->342693->341607->588038->563143->338261->339538->338258->339132->338586->338262->338587->338588->339119->338997->340121->338998->339653->645973->339653->338998->340121->338997->645954->339806->646068->338655->339656->339807->339810->338999->339654->339136->645956->338227->338693->338595->338210->613615->338596->338197->338925->646201->339126->338603->338223->338605->338597->338197->338925->646201->339126->338603->338223->338605->338597->338197->338925->646201->339126->338348->338347->338346->338354
rl_signal,t3_sinsa_daechi,long,peak,8.0,14,1451.4441,1221.1174,230.3267,1639.948,612.2166,10305.6,13,True,113,23,21,69,341904->341903->342155->342156->342710->343062->563071->340626->341619->563100->341780->341614->341779->341781->341617->341616->342655->341575->341584->342676->341582->342654->342660->341938->341981->342678->341791->341589->341789->340587->646667->646362->341982->342679->342669->563097->342673->646784->646782->341597->344261->341907->341605->341594->343104->341601->343106->343943->342693->341607->344213->343102->341557->342643->341561->341562->341564->341735->341568->341566->341549->339128->339093->338226->339127->338649->338999->339654->339136->338209->339659->338210->613615->338596->338197->338925->646201->339126->338348->338347->338346->339296->338349->338341->562897->338341->338349->339296->338346->338347->338348->339126->646201->338925->587845->646128->646127->646128->587845->338925->646201->339126->338348->338347->338346->339296->338349->338341->562897->338341->338349->339296->338346->338354
rl_signal,t3_sinsa_daechi,long,peak,8.0,15,1573.9851,1308.3255,265.6596,1796.9696,706.1329,10922.8,15,True,124,24,23,77,341904->341903->342155->342156->342710->343062->563071->340626->341619->563100->341780->341614->341779->341781->341617->341616->341585->341783->341618->343068->341616->342655->342705->342704->342705->342655->341616->341585->341783->341618->341782->341615->340584->341784->341889->341583->341786->341588->341785->342116->341788->341787->563170->341731->341603->341730->646623->341984->341732->342691->341733->341602->338230->646176->646175->646176->339098->340484->338229->338218->339094->338258->339538->338261->341734->341572->339293->338651->562919->562884->613773->613772->339003->339662->341549->342639->563096->342115->343710->341560->342648->342147->342636->338199->338198->562865->339135->338197->338925->646201->339126->338348->338347->338346->339296->338349->338341->562897->338341->338349->339296->338346->338347->338348->339126->646201->338925->338197->338597->338605->338223->338603->339126->338348->338347->338346->339296->338349->338341->562897->338341->338349->339296->338346->338354
rl_signal,t3_sinsa_daechi,long,peak,8.0,16,1152.9772,953.5302,199.447,1334.3949,530.1374,7965.4,10,True,78,16,12,50,341904->341903->342155->342156->342710->343062->563071->340626->341619->563100->341780->341614->341779->341781->341617->341616->341585->341783->341618->341782->341615->340584->341784->341889->341583->341786->341588->343777->340703->342671->342674->342675->342678->342667->342662->342682->341587->342681->342617->646583->342615->343819->342631->341591->341592->342649->341608->341553->341563->341552->341562->341564->342639->563096->342115->563067->342636->338199->338198->562865->339135->339122->646056->338604->338223->338603->339126->338348->338347->338346->339296->338349->338341->562897->338341->338349->339296->338346->338354
rl_signal,t3_sinsa_daechi,long,peak,8.0,17,1720.5323,1361.7441,358.7882,1920.4864,953.6719,10949.8,19,True,130,23,17,90,341904->341903->342155->342156->342710->343062->563071->340626->341619->563100->341780->341614->341779->341781->341617->341616->341585->341783->341618->343068->341616->342655->341575->341584->342676->341582->342654->342660->341938->341981->342678->341791->341589->341789->340587->646667->646362->341982->342679->342669->563097->342673->646784->646782->341597->344261->341907->341906->341605->341595->341594->343104->341601->343106->343943->342693->341607->588038->563143->338261->339538->338258->339132->338586->338262->338587->338588->339119->338997->340121->338998->339653->645973->339653->338998->338205->338992->338592->338259->338590->338805->339504->339505->339506->339503->339477->339480->340320->339728->339312->613624->338622->338256->339317->339314->339724->340231->339811->339934->646026->646028->339819->338227->645956->339136->338649->339127->338226->338252->338199->338198->562865->339135->338197->338925->646201->339126->338348->338347->338346->339296->338349->646052->338349->338341->562897->338341->338349->339296->338346->338354
rl_signal,t3_sinsa_daechi,long,peak,8.0,18,1251.5461,1019.612,231.9341,1392.136,616.4894,8284.4,11,True,95,20,12,63,341904->341903->342155->342156->342710->343062->563071->340626->341619->563100->341780->341614->341779->341781->341617->341616->341585->341783->341618->343068->341616->341617->341618->341783->341585->341616->343068->341618->341782->341615->340584->341784->341889->341583->341786->341588->341785->342116->341788->341787->563170->341731->341603->341730->646623->341984->341732->342691->341733->341602->338230->646176->339098->340484->338229->338218->339094->338258->339538->338261->341734->341572->339293->338651->562919->562884->613773->613772->339003->339662->341549->342639->563096->342115->563067->342636->338199->338198->562865->339135->338197->338925->646201->339126->338348->338347->338346->339296->338349->338341->562897->338341->338349->339296->338346->338354
rl_signal,t3_sinsa_daechi,long,peak,8.0,19,2267.8316,1868.5432,399.2883,2582.3603,1061.3228,15175.9,21,True,180,37,39,104,341904->341903->342155->342156->342710->343062->563071->340626->341619->563100->341780->341614->341779->341781->341617->341616->341585->341783->341618->341617->341616->343068->341618->341782->341615->340584->341784->341889->341583->341786->341588->343777->340703->342671->342674->342675->342678->341791->341589->341789->340587->646667->646362->341982->342679->341983->342673->646784->646782->341597->344261->341907->341605->341594->343104->341601->342684->341598->343105->341906->341907->341605->341594->343104->341601->646355->341593->344353->342694->563168->341608->341777->341565->341554->341553->341563->341552->341562->341564->342639->563096->342115->563067->342636->338199->338198->562865->339135->338197->338925->646201->339126->338348->338347->338346->339296->338349->338341->562897->338341->338349->339296->338346->338347->338348->339126->646201->338925->587845->646128->646127->646128->587845->338925->646201->339126->338348->338347->338346->339296->338349->646052->338349->338341->562897->338341->338728->339266->338343->338312->338344->340271->338313->338343->339266->338728->338341->338349->339296->338346->338347->338348->339126->646201->338925->587845->646128->646127->646128->587845->338925->646201->339126->338348->338347->338346->339296->338349->338341->562897->338341->338349->339296->338346->338347->338348->646202->338348->339126->646201->338925->587845->646128->646127->646128->587905->339124->587910->587846->338600->338354
rl_signal,t3_sinsa_daechi,long,peak,8.0,20,1543.7525,1338.1806,205.5718,1838.0844,546.4174,10908.4,11,True,127,30,20,77,341904->341903->342155->342156->342710->343062->563071->340626->341619->563100->341780->341614->341779->341781->341617->341616->341585->341783->341618->343068->341616->341617->341618->341783->341585->341616->343068->341618->341782->341615->340584->341784->341889->341583->341786->341588->341785->342116->341788->341787->563170->341731->341603->341730->646623->341984->341732->342691->341733->341602->338230->646176->339098->340484->340483->340484->338229->338218->339094->338258->339538->338261->339571->338218->339094->338258->339538->338261->341734->341572->339293->338651->562919->562884->613773->613772->339003->339662->341549->342639->563096->342115->563067->342636->338199->338198->562865->339135->338197->338925->646201->339126->338348->338347->338346->339296->338349->338341->562897->338341->338349->339296->338346->338347->338348->339126->646201->338925->587845->646128->646127->646128->587845->338925->646201->339126->338348->338347->338346->339296->338349->338341->562897->338341->338349->339296->338346->338354
rl_signal,t3_sinsa_daechi,long,peak,8.0,21,2177.6493,1830.8578,346.7915,2595.0255,921.7844,15769.5,14,True,174,39,23,112,341904->341903->342155->342156->342710->343062->563071->340626->341619->563100->341780->341614->341779->341781->341617->341616->342655->341575->341584->342676->341582->342654->342660->341938->341981->342678->341791->341589->341789->340587->646667->646362->341982->342679->342669->563097->342673->646784->646782->341597->344261->341907->341605->341594->343104->341601->342684->341598->343105->341906->341907->344261->341597->646782->646784->342673->563097->342669->342679->341983->342673->646784->646782->341597->344261->341907->341605->341594->343104->341601->343106->343943->342693->341607->588038->563143->338261->339571->338218->339094->338258->339538->338261->339571->338218->339094->338258->339538->338261->339571->338218->339094->338258->339538->338261->339571->338218->338219->342074->341600->342685->341607->344213->343102->341557->342643->341561->341563->341553->341554->341551->341538->341776->340710->341565->341777->341608->563168->342694->344353->341593->341778->343103->341595->341594->343104->341601->343106->343943->342693->341607->344213->343102->341557->588040->341572->339293->338651->562919->562884->613773->613772->343109->342153->341556->341555->341736->341568->341735->341564->342645->341559->342115->563067->342636->338199->338198->562865->339135->338197->338925->646201->339126->338348->338347->338346->339296->338349->338341->562897->338341->338349->339296->338346->338354
rl_signal,t3_sinsa_daechi,long,peak,8.0,22,1181.4809,1102.1074,79.3734,1453.1464,210.9774,9331.3,5,True,96,20,20,56,341904->341903->342155->342156->342710->343062->563071->340626->341619->563100->341780->341614->341779->341781->341617->341616->341585->341783->341618->343068->341616->342655->341575->341584->342676->342653->342654->342660->341938->341981->342678->341791->341589->341789->340587->646667->646362->341982->342679->342669->563097->342673->646784->646782->341597->341596->341598->342684->341601->343106->343943->342693->341607->344213->343102->341557->342643->341561->341562->341564->342639->563096->342115->563067->342636->338199->338198->562865->339135->338197->338925->646201->339126->338348->338347->338346->339296->338349->338341->562897->338341->338349->339296->338346->338347->338348->339126->646201->338925->587845->646128->587905->339124->587910->587846->338600->338354
rl_signal,t3_sinsa_daechi,long,peak,8.0,23,1537.1174,1265.7107,271.4067,1631.6325,721.4089,10881.8,12,True,127,25,23,79,341904->341903->342155->342156->342710->343062->563071->340626->341619->563100->341780->341614->341779->341781->341617->341616->342655->341575->342499->342068->344388->343532->341817->341816->340627->344387->341891->344388->342068->342499->341575->341584->342676->341582->342654->342657->646554->342069->646413->342660->341938->341981->342678->341791->341589->341789->340587->646667->646362->341982->342679->342669->563097->342673->646784->646782->341597->344261->341907->341605->341594->343104->341601->343106->343943->342693->341607->588038->563143->338261->339571->338218->339094->338258->613662->613661->613662->339651->338651->339293->341572->340705->341555->341736->341568->341566->341549->339128->339093->338226->339127->338649->338999->339810->339807->339656->338655->340247->340245->338921->340159->339654->339136->645956->338227->338693->338595->338210->613615->338596->338197->338925->646201->646200->646201->338925->587845->646128->646127->646128->587845->338925->646201->339126->338348->338347->338346->338354
rl_signal,t3_sinsa_daechi,long,peak,8.0,24,1246.0542,1067.2201,178.8341,1335.782,475.3474,8821.9,10,True,110,19,21,70,341904->341903->342155->342156->342710->343062->563071->340626->341619->563100->341780->341614->341779->341781->341617->341616->341585->341783->341618->343068->341616->341617->341618->341783->341585->341616->343068->341618->341617->341616->343068->341618->341782->341615->340584->341784->341889->341583->341786->341588->343777->340703->342671->342674->342675->342678->341791->341589->341789->340587->646667->646362->341982->342679->342669->563097->342673->646784->646782->341597->563098->342151->563301->341593->646355->341601->342684->341598->343105->341906->341907->341605->341594->343104->341601->343106->343943->342693->341607->588038->563143->338261->341734->341572->339293->338651->562921->562923->342153->343109->613772->339003->339662->341549->342639->563096->342115->563067->342636->338199->338198->562865->339135->338197->338925->646201->339126->338348->338347->338346->338354
rl_signal,t3_sinsa_daechi,long,peak,8.0,25,1234.7892,1032.5338,202.2554,1317.8651,537.6023,8544.0,10,True,102,17,18,67,341904->341903->342155->342156->342710->343062->563071->340626->341619->563100->341780->341614->341779->341781->341617->341616->341585->341783->341618->343068->341616->342655->341575->341584->342676->341582->342654->342660->341938->341981->342678->341791->341589->341789->340587->646667->646362->341982->342679->342669->563097->342673->646784->646782->341597->344261->341907->341605->341594->343104->341601->342684->341598->343105->341906->341907->341605->341594->343104->341601->343106->343943->342693->341607->588038->563143->338261->341734->341572->339293->338651->562919->562884->613773->613772->339003->339662->341549->342639->563096->342115->563067->342636->338199->338198->562865->339135->338197->338925->646201->339126->338348->338347->338346->339296->338349->338341->562897->338341->338349->339296->338346->338354
rl_signal,t3_sinsa_daechi,long,peak,8.0,26,1969.865,1538.6712,431.1939,2094.0593,1146.1289,12845.3,16,True,139,34,22,83,341904->341903->342155->342156->342710->343062->563071->340626->341619->563100->341780->341614->341779->341781->341617->341616->341585->341783->341618->341782->341615->340584->341784->341889->341583->341786->341588->343777->340703->342671->342674->342675->342678->342667->342662->342682->340582->343656->342632->342618->343820->344184->343819->342631->341591->341592->342649->341608->563168->342694->344353->341593->341778->343103->341595->341594->343104->341601->343106->343943->342693->341607->588038->563143->338261->341734->341572->588040->341557->342643->341561->341562->341564->342639->563096->342115->563067->342636->338199->338198->562865->339135->338197->338925->646201->339126->338348->338347->338346->339296->338349->646052->338349->338341->562897->338341->338349->339296->338346->338347->338348->339126->646201->338925->587845->646128->646127->646128->587845->338925->646201->339126->338348->338347->338346->339296->338349->646052->338349->338341->562897->338341->338349->339296->338346->338347->338348->339126->646201->338925->587845->646128->646127->646128->587905->339124->587910->587846->338600->338354
rl_signal,t3_sinsa_daechi,long,peak,8.0,27,1257.854,1121.8028,136.0512,1456.9613,361.629,9581.2,9,True,97,21,18,58,341904->341903->342155->342156->342710->343062->563071->340626->341619->563100->341780->341614->341779->341781->341617->341616->341585->341783->341618->341782->341615->340584->341784->341889->341583->341786->341588->343777->340703->342671->340702->341790->341589->340701->563070->340700->341581->342667->342662->342682->340582->343656->343655->343656->342632->342618->343820->344184->343819->342631->341591->341592->342649->341608->341553->341563->341552->341562->341564->342639->563096->342115->563067->342648->342147->342636->338199->338198->562865->339135->338197->338925->646201->339126->338348->338347->338346->339296->338349->338341->562897->338341->338349->339296->338346->338347->338348->339126->646201->338925->587845->646128->587905->339124->587910->587846->338600->338354
rl_signal,t3_sinsa_daechi,long,peak,8.0,28,1827.0048,1496.1226,330.8823,1997.1192,879.497,12448.6,13,True,140,31,25,84,341904->341903->342155->342156->342710->343062->563071->340626->341619->563100->341780->341614->341779->341781->341617->341616->341585->341783->341618->343068->341616->342655->342483->341891->344388->342068->342499->341575->341584->342676->341582->342654->342657->646554->342069->646413->342660->341938->341981->342678->341791->341589->341789->340587->646667->646362->341982->342679->342669->563097->342673->646784->646782->341597->344261->341907->341605->341594->343104->341601->343106->343943->342693->341607->588038->563143->338261->339571->338218->339094->338258->339538->338261->339571->338218->339094->338258->339538->338261->341734->341572->339293->338651->562919->562884->613773->613772->339003->339662->341549->342639->341564->342645->341559->342115->563067->342636->338199->338198->562865->339135->338197->338925->646201->339126->338348->338347->338346->339296->338349->338341->562897->338341->338349->339296->338346->338347->338348->339126->646201->338925->587845->646128->646127->646128->587845->338925->646201->339126->338348->338347->338346->339296->338349->338341->562897->338341->338349->339296->338346->338354
rl_signal,t3_sinsa_daechi,long,peak,8.0,29,1874.2087,1606.3773,267.8315,2170.359,711.9057,13918.0,13,True,147,31,25,91,341904->341903->342155->342156->342710->343062->563071->340626->341619->563100->341780->341614->341779->341781->341617->341618->341783->341585->341616->343068->341618->341782->341615->340584->341784->341889->341583->341786->341588->343777->340703->342671->342674->342675->342678->341981->341938->342660->646413->342069->342661->342494->341586->646411->587943->342682->342662->342667->342678->342675->342674->341583->341786->341588->343777->340703->342671->340702->341790->341589->341789->340587->646667->646362->341982->342679->342669->563097->342673->646784->646782->341597->563098->342151->563301->341593->646355->341601->342684->341598->343105->341906->341907->344261->341597->341596->341598->342684->341601->343106->343943->342693->341607->344213->343102->341557->588040->341572->339293->338651->562919->562884->613773->613772->339003->339662->341549->342639->563096->342115->563067->342636->338199->338198->562865->339135->338197->338596->613615->338210->339659->338209->338648->646070->646069->646070->338251->338252->338199->338198->562865->339135->338197->338925->646201->339126->338348->338347->338346->339296->338349->338341->562897->338341->338349->339296->338346->338354
rl_signal,t3_sinsa_daechi,long,peak,8.0,30,1478.0318,1214.8271,263.2047,1655.3,699.6077,9812.2,14,True,109,24,16,69,341904->341903->342155->342156->342710->343062->563071->340626->341619->563100->341780->341614->341779->341781->341617->341616->341585->341783->341618->343068->341616->341617->341618->341783->341585->341616->343068->341618->341782->341615->340584->341784->341889->341583->341786->341588->341785->342116->341788->341787->563170->341731->341603->341730->646623->341984->341732->342691->341733->341602->338230->646176->339098->340484->338229->338218->339094->338258->339538->338261->341734->341572->339293->338651->562919->562884->613773->613772->339003->339662->341549->342639->563096->342115->563067->342636->338199->338198->562865->339135->338197->338925->646201->339126->338348->338347->338346->339296->338349->338341->562897->338341->338349->339296->338346->338347->338348->339126->338603->338223->338605->338597->338197->338925->646201->339126->338348->338347->338346->338354
rl_signal_attention,t1_seonjeongneung_daechi,long,off_peak,7.0,1,2713.4342,2208.435,504.9992,2698.464,1342.3061,17214.1,21,False,200,28,79,93,341608->341553->341563->341561->341568->341736->341555->340705->341572->339293->338651->562919->562884->613773->339003->613772->343109->342153->341556->341555->341736->341568->341561->341562->341564->342639->563096->342115->343710->341560->342648->563067->342636->342147->341996->341571->340229->562951->338222->338198->338199->338224->342071->341571->341521->342613->341535->344530->344529->341533->344530->341535->342613->341521->341571->340229->562951->338222->338198->338199->338224->342071->341571->341521->342613->341535->344530->341533->344529->344530->341535->342613->341521->341571->340229->562951->338222->338198->562865->339135->339122->646056->646055->646056->338604->338223->338602->339123->339120->339123->338790->339152->339153->562882->562895->562882->339153->339152->338733->646265->338311->339265->338310->343919->343726->341535->342613->341521->341571->340229->562951->338222->338198->562865->339135->339122->646056->338604->338223->338603->339126->338348->338347->338346->339296->338349->338341->338728->339266->338343->338313->338707->338314->338315->338345->340097->339563->338317->338620->338318->338330->338358->339151->562874->338352->338619->338618->338351->338350->339575->338326->338327->338207->340157->340158->338207->340157->340158->338207->340157->340158->338207->340157->340158->338207->340157->340158->338207->340157->340158->338207->340157->340158->338207->340157->340158->338207->340157->340158->338207->340157->340158->338207->340157->340158->338207->340157->340158->338207->340157->340158->338207->340157->340158->338207->340157->340158->338207->340157->340158->338207
rl_signal_attention,t1_seonjeongneung_daechi,long,off_peak,7.0,2,2847.8334,2193.7256,654.1077,2584.1726,1738.6421,16830.4,25,False,200,24,78,98,341608->341553->341563->341561->341568->341736->341555->340705->341572->339293->338651->339651->613662->613661->613662->339651->338651->339293->341572->340705->341555->341736->341568->341735->341564->342639->563096->342115->343710->341560->342648->563067->342636->342147->341996->341571->340229->562951->338222->338198->338199->338224->342071->341571->340229->562951->338222->338198->338199->338224->342071->341571->341521->342613->341535->344530->344529->343940->339229->338324->338769->338311->646265->338733->339152->339153->562882->562895->562882->339153->339152->338733->646265->338311->339265->338310->343919->343726->341535->342613->341521->341571->340229->562951->338222->338198->562865->339135->338197->338925->587845->563046->587845->338925->338197->338597->338605->338223->338604->646056->646055->646056->338604->338223->338603->339126->338348->338347->338346->339296->338349->338341->338728->339266->338343->338313->338707->338314->338315->338345->340097->339563->338317->613780->613779->338340->338363->587871->338351->338350->339575->338326->338327->338207->340157->340158->338207->340157->340158->338207->340157->340158->338207->340157->340158->338207->340157->340158->338207->340157->340158->338207->340157->340158->338207->340157->340158->338207->340157->340158->338207->340157->340158->338207->340157->340158->338207->340157->340158->338207->340157->340158->338207->340157->340158->338206->338776->339001->338727->338621->338256->339580->613775->338232->338908->338255->338246->338248->339715->339720->339718->339716->339720->339715->339718->339716->339720->339715->339718->339716->339720
rl_signal_attention,t1_seonjeongneung_daechi,long,off_peak,7.0,3,2781.1274,2186.3406,594.7868,2422.3241,1580.9648,16536.1,22,False,200,28,95,77,341608->341553->341563->341561->341568->341736->341555->340705->341572->339293->338651->562919->562884->613773->339003->613772->613773->339003->339662->341549->342639->563096->342115->343710->341560->342648->563067->342636->342147->342648->563067->342636->342147->341996->341571->340229->562951->338222->338198->338199->338224->342071->341571->341521->342613->341535->344530->344529->341533->344530->341535->342613->341521->341571->340229->562951->338222->338198->338199->338224->342071->341571->341521->342613->341535->344530->344529->341533->344530->341535->342613->341521->341571->340229->562951->338222->338198->562865->339135->338197->338925->587845->563046->587845->338925->338197->338597->338605->338223->338604->646056->646055->646056->338604->338223->338603->339126->338348->338347->338346->339296->338349->338341->338728->339266->338343->338313->338707->338314->340271->340280->338887->338342->338328->338327->338207->340157->340158->338207->340157->340158->338207->340157->340158->338207->340157->340158->338207->340157->340158->338207->340157->340158->338207->340157->340158->338207->340157->340158->338207->340157->340158->338207->340157->340158->338207->340157->340158->338207->340157->340158->338207->340157->340158->338207->340157->340158->338207->340157->340158->338207->340157->340158->338207->340157->340158->338207->340157->340158->338207->340157->340158->338207->340157->340158->338207->340157->340158->338207->340157->338234->339582->338232->338908->338255->338246->338248->339715->339720->339718->339716->339720->339715->339718->339716->339720->339718->339716->339720->339715->339718
rl_signal_attention,t1_seonjeongneung_daechi,long,off_peak,7.0,4,2634.7301,2102.2024,532.5278,2329.543,1415.4781,15631.9,24,False,200,25,85,90,341608->341553->341563->341561->341568->341736->341555->340705->341572->339293->338651->562919->562884->613773->339003->613772->613773->339003->339662->341549->342639->341564->342645->341559->341985->341569->344767->341558->563191->341512->341517->341518->341560->343710->342115->563067->342648->342147->341996->341571->340229->562951->338222->338198->338199->338224->342071->341571->341521->342613->341535->344530->344529->341533->344530->341535->342613->341521->341571->340229->562951->338222->338198->338199->338224->342071->341571->341521->342613->341535->344530->344529->343940->339229->338324->338769->338311->646265->338733->339152->339153->562882->562895->562882->339153->339152->338733->646265->338311->339265->338310->343919->343726->341535->342613->341521->341571->340229->562951->338222->338198->562865->339135->339122->646056->646055->646056->338604->338223->338603->339126->338348->338347->338346->339296->338349->338341->338728->339266->338343->338313->338707->338314->338315->338345->340097->339563->338317->613780->613779->338340->338363->587871->338351->338350->339575->338326->338327->338207->340157->340158->338207->340157->340158->338207->340157->340158->338207->340157->340158->338207->340157->340158->338207->340157->340158->338207->340157->340158->338207->340157->340158->338207->340157->340158->338207->340157->340158->338207->340157->340158->338207->340157->340158->338207->340157->340158->338207->340157->340158->338207->340157->340158->338207->340157->340158->338207->340157->340158->338207->340157->340158->338207->340157->340158->338207->340157->340158->338207->340157->340158
rl_signal_attention,t1_seonjeongneung_daechi,long,off_peak,7.0,5,2718.6303,2108.5918,610.0385,2629.4138,1621.5045,16865.1,24,False,200,60,44,96,341608->341553->341563->341561->341568->341736->341555->340705->341572->339293->338651->562919->562884->613773->339003->613772->613773->339003->613772->613773->339003->613772->613773->339003->613772->613773->339003->613772->613773->339003->613772->613773->339003->613772->613773->339003->613772->613773->339003->613772->613773->339003->613772->613773->339003->613772->613773->339003->613772->613773->339003->339662->341549->339128->339093->338226->646291->646290->646291->338226->338252->338199->338224->342071->341571->341521->342613->341535->344530->344529->343940->339229->338324->338769->338311->646265->338733->339152->339153->562882->562895->562882->339153->339152->338733->646265->338311->339265->338310->343919->343726->341535->342613->341521->341571->340229->562951->338222->338198->338199->338224->342071->341571->341521->342613->341535->344530->344529->343940->339229->338324->338769->338311->646265->338733->339152->339153->562882->562895->562882->339153->339152->338733->646265->338311->339265->338310->343919->343726->341535->342613->341521->341571->340229->562951->338222->338198->562865->339135->339122->646056->338604->338223->338603->339126->338348->338347->338346->339296->338349->338341->562897->338341->338728->339266->338343->338313->338707->338314->338315->338345->340097->339563->338317->613780->613779->338340->338363->587871->338351->338350->339575->338326->338327->338207->340157->340158->338207->340157->340158->338207->340157->340158->338207->340157->340158->338207->340157->340158->338207->338327->338326->339575->338350->338351->339714->339716->339718->339715->339720->339719
rl_signal_attention,t1_seonjeongneung_daechi,long,off_peak,7.0,6,1714.3346,1261.6422,452.6924,1550.697,1203.2728,10218.2,18,True,98,15,21,62,341608->341553->341563->341561->341568->341736->341555->340705->341572->339293->338651->562919->562884->613773->339003->613772->613773->339003->339662->341549->342639->563096->342115->343710->341560->342648->563067->342636->342147->341996->341571->340229->562951->338222->338198->338199->338224->342071->341571->341521->342613->341535->344530->344529->343940->339229->338324->338769->338311->646265->338733->339152->339153->562882->562895->562882->339153->339152->338733->646265->338311->339265->338310->343919->343726->341535->342613->341521->341571->340229->562951->338222->338198->338199->338224->342071->341571->341521->342613->341535->344530->344529->343940->339229->338324->338769->338311->339297->339000->339664->338312->338343->339266->338728->338341->338349->339296->338346->338354
rl_signal_attention,t1_seonjeongneung_daechi,long,off_peak,7.0,7,3206.2045,2321.4447,884.7598,2929.4766,2351.7237,18725.3,38,False,200,21,80,99,341608->341553->341563->341561->341568->341566->341549->339128->339093->338226->646291->646290->646291->338226->338252->338199->338224->342071->341571->341521->342613->341535->344530->344529->341533->344530->341535->342613->341521->341571->340229->562951->338222->338198->338199->338224->342071->341571->341521->342613->341535->344530->344529->341533->344530->341535->342613->341521->341571->341996->342147->342648->563067->342636->342147->341996->341571->340229->562951->338222->338198->562865->339135->338197->338925->587845->563046->587845->338925->338197->338597->338605->338223->338604->646056->646055->646056->338604->338223->338603->339126->338348->338347->338346->339296->338349->338341->338728->339266->338343->338313->338707->338314->338315->338345->340097->339563->338317->613780->613779->338340->338363->587871->338351->338350->339575->338326->338327->338207->340157->340158->338207->340157->340158->338207->340157->340158->338207->340157->340158->338207->340157->340158->338207->340157->340158->338207->340157->340158->338206->338776->339001->338727->338621->338256->339580->613775->338232->338908->338255->338246->338248->339715->339720->339718->339716->339720->339715->339718->339716->339720->339715->339718->339716->339720->339715->339718->339716->339720->339715->339718->339716->339720->339715->339718->339716->339720->339715->339718->339716->339720->339715->339718->339716->339720->339715->339718->339716->339720->339715->339718->339716->339720->339715->339718->339716->339720->339715->339718->339716->339720->339715->339718->339720->339715->339718->339716->339720->339715->339718->339716
rl_signal_attention,t1_seonjeongneung_daechi,long,off_peak,7.0,8,2759.352,2168.4102,590.9418,2565.1407,1570.7448,17019.0,21,False,200,35,63,102,341608->341553->341563->341561->341568->341736->341555->340705->341572->339293->338651->562919->562884->613773->339003->613772->613773->339003->613772->613773->339003->613772->613773->339003->613772->613773->562884->562919->338651->339651->613662->613661->613662->339651->338651->339293->341572->340705->341555->342643->341561->341562->341564->342639->563096->342115->343710->341560->342648->563067->342636->342147->341996->341571->340229->562951->338222->338198->338199->338224->342071->341571->341521->342613->341535->344530->344529->343940->339229->338324->338769->338311->646265->338733->339152->339153->562882->562895->562882->339153->339152->338733->646265->338311->339265->338310->343919->343726->341535->342613->341521->341571->340229->562951->338222->338198->562865->339135->338197->338925->587845->563046->587845->338925->338197->338597->338605->338223->338602->339123->338790->339152->339153->562882->562895->562882->339153->339152->338733->646265->338311->339297->339000->339664->338312->338343->339266->338728->338341->338349->339296->338346->338347->338348->646202->338348->339126->338603->338223->338604->646056->646055->646056->338604->338223->338603->339126->338348->338347->338346->339296->338349->338341->338728->339266->338343->338313->338707->338314->338315->338345->340097->339563->338317->613780->613779->338340->338363->587871->338351->338350->339575->338326->338327->338207->340157->340158->338207->340157->340158->338207->340157->340158->338207->340157->340158->338207->340157->340158->338207->340157->340158->338207->340157->340158->338207->340157->340158->338207->340157->340158
rl_signal_attention,t1_seonjeongneung_daechi,long,off_peak,7.0,9,3049.2802,2460.1685,589.1116,3028.3453,1565.8801,19152.1,26,False,200,29,46,125,341608->341553->341563->341561->341568->341736->341555->340705->341572->339293->338651->562919->562884->613773->613772->339003->339662->341549->342639->563096->342115->343710->341560->342648->563067->342115->343710->341560->342648->563067->342636->342147->341996->341571->340229->562951->338222->338198->338199->338224->342071->341571->341521->342613->341535->344530->344529->341533->344530->341535->343726->343919->338310->339265->338311->338769->338324->338779->338324->338769->338311->646265->338733->339152->339153->562882->562895->562882->339153->339152->338733->646265->338311->339265->338310->343919->343726->341535->342613->341521->341571->340229->562951->338222->338198->338199->338224->342071->341571->341521->342613->341535->344530->344529->343940->339229->338324->338769->338311->339297->339000->339664->338312->338343->339266->338728->338341->338349->339296->338346->338347->338348->646202->338348->339126->338603->338223->338604->646056->646055->646056->338604->338223->338605->338597->338197->338925->587845->563046->587845->338925->338197->338597->338605->338223->338604->646056->339122->338837->338726->338222->562951->340229->341571->341521->342613->341535->344530->341533->344529->344530->341535->342613->341521->341571->340229->562951->338222->338198->562865->339135->339122->646056->338604->338223->338603->339126->338348->338347->338346->339296->338349->338341->338728->339266->338343->338313->338707->338314->338315->338345->340097->339563->338317->613780->613779->338340->338363->587871->338351->338350->339575->338326->338327->338207->340157->340158->338207->340157->340158->338207
rl_signal_attention,t1_seonjeongneung_daechi,long,off_peak,7.0,10,2604.337,2233.2553,371.0817,2309.792,986.3486,14599.0,18,False,200,21,104,75,341608->341553->341563->341561->341562->341564->342639->563096->342115->343710->341560->342648->563067->342115->343710->343711->343710->342115->563067->342648->342147->341996->341571->340229->562951->338222->338198->338199->338224->342071->341571->341521->342613->341535->344530->344529->341533->344530->341535->342613->341521->341571->340229->562951->338222->338198->338199->338224->342071->341571->341521->342613->341535->344530->344529->343940->339229->338324->338769->338311->646265->338733->339152->339153->562882->562895->562882->339153->339152->338733->646265->338311->339265->338310->343919->343726->341535->342613->341521->341571->340229->562951->338222->338198->562865->339135->339122->646056->646055->646056->338604->338223->338603->339126->338348->338347->338346->339296->338349->338341->338728->339266->338343->338313->338707->338314->338315->338345->340097->339563->338317->613780->613779->338340->338363->587871->338351->338350->339575->338326->338327->338207->340157->340158->338207->340157->340158->338207->340157->340158->338207->340157->340158->338207->340157->340158->338207->340157->340158->338207->340157->340158->338207->340157->340158->338207->340157->340158->338207->340157->340158->338207->340157->340158->338207->340157->340158->338207->340157->340158->338207->340157->340158->338207->340157->340158->338207->340157->340158->338207->340157->340158->338207->340157->340158->338207->340157->340158->338207->340157->340158->338207->340157->340158->338207->340157->340158->338207->340157->340158->338207->340157->340158->338207->340157->340158->338207->340157->340158->338207->340157
rl_signal_attention,t1_seonjeongneung_daechi,long,off_peak,7.0,11,3050.1991,2359.7291,690.47,2851.7296,1835.2943,18844.6,25,False,200,45,38,117,341608->341553->341563->341561->341568->341736->341555->340705->341572->339293->338651->562919->562884->613773->339003->613772->613773->339003->613772->613773->339003->613772->613773->339003->613772->613773->339003->613772->613773->339003->339662->341549->342639->563096->342115->343710->341560->342648->563067->342636->342147->341996->341571->340229->562951->338222->338198->338199->338224->342071->341571->341996->342147->342648->563067->342636->342147->341996->341571->340229->562951->338222->338198->338199->338224->342071->341571->341521->342613->341535->344530->344529->341533->344530->341535->342613->341521->341571->340229->562951->338222->338198->338199->338224->342071->341571->341521->342613->341535->344530->344529->343940->339229->338324->338769->338311->646265->338733->339152->339153->562882->562895->562882->339153->339152->338733->646265->338311->338769->338324->338779->338324->338769->338311->646265->338733->339152->339153->562882->562895->562882->339153->339152->338733->646265->338311->339265->338310->343919->343726->341535->342613->341521->341571->340229->562951->338222->338198->562865->339135->339122->646056->338604->338223->338603->339126->338348->338347->338346->339296->338349->338341->338728->339266->338343->338313->338707->338314->338315->338345->340097->339563->338317->338620->338318->338330->338358->339151->562874->338352->338619->338618->338351->338350->339575->338326->338328->338327->338207->340157->340158->338207->340157->340158->338206->338776->339001->338727->338621->338256->339580->613775->338232->338908->338255->338246->338248->339715->339720->339718->339716
rl_signal_attention,t1_seonjeongneung_daechi,long,off_peak,7.0,12,2889.347,2180.1316,709.2154,2556.8335,1885.1203,17353.9,28,False,200,24,84,92,341608->341553->341563->341561->341568->341735->341564->342639->563096->342115->343710->341560->342648->563067->342115->343710->341560->342648->563067->342115->343710->341560->342648->563067->342636->342147->341996->341571->340229->562951->338222->338198->338199->338224->342071->341571->341521->342613->341535->344530->344529->341533->344530->341535->342613->341521->341571->342071->338224->338199->342636->342147->341996->341571->340229->562951->338222->338198->338199->338224->342071->341571->341521->342613->341535->344530->341533->344529->344530->341535->342613->341521->341571->340229->562951->338222->338198->562865->339135->338197->338925->587845->563046->587845->338925->338197->338597->338605->338223->338604->646056->646055->646056->338604->338223->338603->339126->338348->338347->338346->339296->338349->338341->338728->339266->338343->338313->338707->338314->338315->338345->340097->339563->338317->613780->613779->338340->338363->587871->338351->338350->339575->338326->338327->338207->340157->340158->338207->340157->340158->338207->340157->340158->338207->340157->340158->338207->340157->340158->338207->340157->340158->338207->340157->340158->338207->340157->340158->338207->340157->340158->338207->340157->340158->338207->340157->340158->338207->340157->340158->338207->340157->340158->338207->340157->340158->338206->338776->339001->338727->338621->338256->339580->613775->338232->338908->338255->338246->338248->339715->339720->339718->339716->339720->339719->339720->339716->339718->339715->339720->339718->339716->339720->339715->339718->339716->339720->339715->339718->339716->339720
rl_signal_attention,t1_seonjeongneung_daechi,long,off_peak,7.0,13,2969.1873,2214.4619,754.7254,2782.691,2006.0875,18097.8,30,False,200,31,60,109,341608->341553->341563->341561->341568->341736->341555->340705->341572->339293->338651->562919->562884->613773->339003->613772->613773->339003->339662->341549->342639->563096->342115->343710->341560->342648->563067->342636->342147->341996->341571->340229->562951->338222->338198->338199->338224->342071->341571->341996->342147->342648->563067->342636->342147->341996->341571->340229->562951->338222->338198->338199->338224->342071->341571->341521->342613->341535->344530->344529->341533->344530->341535->342613->341521->341571->340229->562951->338222->338198->338199->338224->342071->341571->341521->342613->341535->344530->344529->341533->344530->341535->342613->341521->341571->340229->562951->338222->338198->562865->339135->338197->338925->587845->563046->587845->338925->338197->338597->338605->338223->338604->646056->646055->646056->338604->338223->338605->338597->338197->338925->587845->563046->587845->338925->338197->338597->338605->338223->338602->339123->339120->339123->338790->339152->339153->562882->562895->562882->339153->339152->338733->646265->338311->339297->339000->339664->338312->338343->339266->338728->338341->338349->339296->338346->338347->338348->646202->338348->339126->646201->646200->646201->339126->338348->338347->338346->339296->338349->338341->338728->339266->338343->338313->338707->338314->338315->338345->340097->339563->338317->613780->613779->338340->338363->587871->338351->338350->339575->338326->338327->338207->340157->340158->338207->340157->340158->338207->340157->340158->338207->340157->340158->338207->340157->340158->338207->340157->340158->338207->340157
rl_signal_attention,t1_seonjeongneung_daechi,long,off_peak,7.0,14,2442.5887,1877.3798,565.2089,2103.2108,1502.3457,15191.2,24,False,200,64,48,88,341608->341553->341563->341561->341568->341736->341555->340705->341572->339293->338651->562919->562884->613773->339003->613772->613773->339003->613772->613773->339003->613772->613773->339003->613772->613773->339003->613772->613773->339003->613772->613773->339003->613772->613773->339003->613772->613773->339003->613772->613773->339003->613772->613773->339003->613772->613773->339003->613772->613773->339003->613772->613773->339003->613772->613773->339003->339662->341549->342639->563096->342115->343710->341560->342648->563067->342115->343710->341560->342648->563067->342636->342147->341996->341571->340229->562951->338222->338198->338199->338224->342071->341571->341996->342147->342648->563067->342636->342147->341996->341571->340229->562951->338222->338198->338199->338224->342071->341571->341521->342613->341535->344530->344529->343940->339229->338324->338769->338311->646265->338733->339152->339153->562882->562895->562882->339153->339152->338733->646265->338311->339265->338310->343919->343726->341535->342613->341521->341571->340229->562951->338222->338198->562865->339135->338197->338925->587845->563046->587845->338925->338197->338597->338605->338223->338604->646056->646055->646056->338604->338223->338603->339126->338348->338347->338346->339296->338349->338341->338728->339266->338343->338313->338707->338314->338315->338345->340097->339563->338317->613780->613779->338340->338363->587871->338351->338350->339575->338326->338327->338207->340157->340158->338207->340157->340158->338207->340157->340158->338207->340157->340158->338207->340157->340158->338207->340157->340158->338207->340157->340158
rl_signal_attention,t1_seonjeongneung_daechi,long,off_peak,7.0,15,2916.1007,2226.1116,689.9891,2633.144,1834.0161,17463.1,30,False,200,29,75,96,341608->341553->341563->341561->341568->341736->341555->340705->341572->339293->338651->562919->562884->613773->339003->613772->613773->339003->613772->613773->339003->339662->341549->342639->563096->342115->343710->341560->342648->563067->342636->342147->341996->341571->340229->562951->338222->338198->338199->338224->342071->341571->341521->342613->341535->344530->344529->341533->344530->341535->342613->341521->341571->340229->562951->338222->338726->338837->339122->339135->562865->338198->338199->338224->342071->341571->341521->342613->341535->344530->344529->343940->339229->338324->338769->338311->646265->646264->646265->338733->339152->339153->562882->562895->562882->339153->339152->338733->646265->338311->339265->338310->343919->343726->341535->342613->341521->341571->340229->562951->338222->338198->562865->339135->339122->646056->338604->338223->338603->339126->338348->338347->338346->339296->338349->338341->338728->339266->338343->338313->338707->338314->338315->338345->340097->339563->338317->613780->613779->338340->338363->587871->338351->338350->339575->338326->338327->338207->340157->340158->338207->340157->340158->338207->340157->340158->338207->340157->340158->338207->340157->340158->338207->340157->340158->338207->340157->340158->338207->340157->340158->338207->340157->340158->338207->340157->340158->338207->340157->340158->338207->340157->340158->338207->338327->338326->339575->338350->338351->339714->339716->339718->339715->339720->339718->339716->339720->339715->339718->339716->339720->339715->339718->339716->339720->339715->339718->339716->339720->339715->339718
rl_signal_attention,t1_seonjeongneung_daechi,long,off_peak,7.0,16,3043.1342,2233.3413,809.7929,2682.6062,2152.4589,18159.2,32,False,200,25,73,102,341608->341553->341563->341561->341568->341736->341555->340705->341572->339293->338651->562919->562884->613773->339003->613772->613773->339003->339662->341549->342639->563096->342115->343710->341560->342648->563067->342636->342147->341996->341571->340229->562951->338222->338198->338199->338224->342071->341571->340229->562951->338222->338198->338199->338224->342071->341571->341521->342613->341535->344530->344529->341533->344530->341535->342613->341521->341571->340229->562951->338222->338198->338199->338224->342071->341571->341521->342613->341535->344530->344529->343940->339229->338324->338769->338311->339297->339000->339664->338312->338343->339266->338728->338341->338349->339296->338346->338347->338348->646202->338348->339126->338603->338223->338604->646056->646055->646056->338604->338223->338605->338597->338197->338925->587845->563046->587845->338925->338197->338597->338605->338223->338604->646056->646055->646056->338604->338223->338603->339126->338348->338347->338346->339296->338349->338341->338728->339266->338343->338313->338707->338314->340271->340280->338887->338342->562898->338342->338328->338327->338207->340157->340158->338207->340157->340158->338207->340157->340158->338207->340157->340158->338207->340157->340158->338207->340157->340158->338207->340157->340158->338206->338776->339001->338727->338621->338256->339580->613775->338232->338908->338255->338246->338248->339715->339720->339718->339716->339720->339715->339718->339716->339720->339715->339718->339716->339720->339715->339718->339716->339720->339715->339718->339716->339720->339715->339718->339716->339720->339715->339718
rl_signal_attention,t1_seonjeongneung_daechi,long,off_peak,7.0,17,2573.7154,1957.1662,616.5492,2107.581,1638.8101,14632.4,27,False,200,18,105,77,341608->341553->341563->341561->341568->341566->341549->339128->339093->338226->646291->646290->646291->338226->338252->338251->646070->338648->338209->339659->338210->613623->645958->613623->338210->613615->338596->338197->338597->338605->338223->338604->646056->646055->646056->338604->338223->338603->339126->338348->338347->338346->339296->338349->646052->338349->338341->338728->339266->338343->338313->338707->338314->338315->338345->340097->339563->338317->613780->613779->338340->338363->587871->338351->338350->339575->338326->338327->338207->340157->340158->338207->340157->340158->338207->340157->340158->338207->340157->340158->338207->340157->340158->338207->340157->340158->338207->338327->338326->339575->338350->338351->339714->339716->339718->339715->339720->339718->339716->339720->339715->339718->339716->339720->339715->339718->339716->339720->339715->339718->339716->339720->339715->339718->339716->339714->338351->587871->338363->338340->338330->338318->338319->338320->340305->338764->338763->563047->338319->338318->338620->338317->613780->613779->338340->338363->587871->338351->338350->339575->338326->338327->338207->340157->340158->338207->340157->340158->338207->340157->340158->338207->340157->340158->338207->340157->340158->338207->340157->340158->338207->340157->340158->338207->340157->340158->338207->340157->340158->338207->340157->340158->338207->340157->340158->338207->340157->340158->338207->340157->340158->338207->340157->340158->338207->340157->340158->338207->340157->340158->338207->340157->340158->338207->340157->340158->338207->340157->340158->338207->340157
rl_signal_attention,t1_seonjeongneung_daechi,long,off_peak,7.0,18,2819.342,2126.382,692.96,2498.5144,1841.9128,16493.6,28,False,200,40,60,100,341608->341553->341563->341561->341568->341736->341555->341556->342153->343109->613772->613773->339003->613772->613773->339003->613772->613773->339003->613772->613773->339003->613772->613773->339003->613772->613773->339003->613772->613773->339003->339662->341549->342639->563096->342115->343710->341560->342648->563067->342636->342147->341996->341571->340229->562951->338222->338198->338199->338224->342071->341571->340229->562951->338222->338198->338199->338224->342071->341571->341521->342613->341535->344530->344529->343940->339229->338324->338769->338311->646265->338733->339152->339153->562882->562895->562882->339153->339152->338733->646265->338311->339265->338310->343919->343726->341535->342613->341521->341571->340229->562951->338222->338726->338837->339122->339135->562865->338198->338199->338224->342071->341571->341521->342613->341535->344530->344529->343940->339229->338324->338769->338311->646265->338733->339152->339153->562882->562895->562882->339153->339152->338733->646265->338311->339265->338310->343919->343726->341535->342613->341521->341571->340229->562951->338222->338198->562865->339135->339122->646056->338604->338223->338603->339126->338348->338347->338346->339296->338349->338341->338728->339266->338343->338313->338707->338314->338315->338345->340097->339563->338317->613780->613779->338340->338363->587871->338351->338350->339575->338326->338327->338207->340157->340158->338207->340157->340158->338207->340157->340158->338207->340157->340158->338207->340157->340158->338207->340157->340158->338207->340157->340158->338207->340157->340158->338207->340157->340158->338207->340157
rl_signal_attention,t1_seonjeongneung_daechi,long,off_peak,7.0,19,2998.2288,2239.3383,758.8905,2829.9447,2017.1586,18720.1,31,False,200,43,49,108,341608->341553->341563->341561->341568->341736->341555->340705->341572->339293->338651->562919->562884->613773->339003->613772->613773->339003->613772->613773->339003->613772->613773->339003->613772->613773->339003->613772->613773->339003->613772->613773->339003->613772->343109->342153->341556->341555->342643->341561->341562->341564->342639->563096->342115->343710->341560->342648->563067->342636->342147->341996->341571->342071->338224->338199->342636->342147->341996->341571->340229->562951->338222->338198->338199->338224->342071->341571->341521->342613->341535->344530->344529->341533->344530->341535->342613->341521->341571->340229->562951->338222->338198->338199->338224->342071->341571->341521->342613->341535->344530->344529->343940->339229->338324->338769->338311->646265->338733->339152->339153->562882->562895->562882->339153->339152->338733->646265->338311->339265->338310->343919->343726->341535->342613->341521->341571->340229->562951->338222->338198->562865->339135->339122->646056->338604->338223->338602->339123->338790->339152->339153->562882->562895->562882->339153->339152->338733->646265->338311->339297->339000->339664->338312->338343->339266->338728->338341->338349->339296->338346->338347->338348->646202->338348->339126->646201->646200->646201->339126->338348->338347->338346->339296->338349->338341->338728->339266->338343->338313->338707->338314->338315->338345->340097->339563->338317->613780->613779->338340->338363->587871->338351->339714->339716->339720->339715->339718->339716->339720->339715->339718->339716->339720->339715->339718->339716->339714->338351->587871->338363
rl_signal_attention,t1_seonjeongneung_daechi,long,off_peak,7.0,20,2798.7567,1908.8854,889.8713,2228.9801,2365.3102,15066.2,36,False,200,12,100,88,341608->341553->341554->341565->341777->341608->563168->342694->344353->341593->341778->343103->341595->341605->341907->341906->343105->341598->342684->341601->343106->343943->342693->341607->588038->563143->338261->339538->338258->339132->338586->338262->338587->338588->339119->338589->338205->338992->338592->338259->338590->338805->339504->339505->339506->339503->339477->339480->340320->339728->339312->613624->338622->338256->339580->613775->338232->338908->338255->338246->338248->339715->339720->339718->339716->339720->339715->339718->339716->339720->339715->339718->339720->339719->339720->339718->339716->339720->339715->339718->339720->339719->339720->339718->339716->339720->339715->339718->339720->339719->339720->339718->339716->339720->339715->339718->339716->339720->339715->339718->339720->339719->339720->339718->339717->339718->339715->339720->339718->339716->339720->339715->339718->339720->339719->339720->339718->339716->339720->339715->339718->339716->339720->339715->339718->339716->339720->339715->339718->339716->339720->339715->339718->339720->339719->339720->339718->339716->339720->339715->339718->339716->339720->339715->339718->339716->339720->339715->339718->339716->339720->339715->339718->339716->339720->339715->339718->339716->339720->339715->339718->339716->339720->339715->339718->339716->339720->339715->339718->339716->339720->339715->339718->339716->339720->339715->339718->339716->339720->339715->339718->339716->339720->339715->339718->339716->339720->339715->339718->339716->339720->339715->339718->339716->339720->339715->339718->339716->339720->339715->339718
rl_signal_attention,t1_seonjeongneung_daechi,long,off_peak,7.0,21,2680.1794,2152.8351,527.3442,2550.6062,1401.7001,16390.8,22,False,200,28,77,95,341608->341553->341563->341561->341568->341736->341555->340705->341572->339293->338651->562919->562884->613773->339003->613772->613773->339003->613772->343109->342153->341556->341555->341736->341568->341735->341564->342639->563096->342115->343710->341560->342648->563067->342636->342147->341996->341571->340229->562951->338222->338198->338199->338224->342071->341571->341521->342613->341535->344530->344529->341533->344530->341535->342613->341521->341571->340229->562951->338222->338198->338199->338224->342071->341571->341521->342613->341535->344530->344529->343940->339229->338324->338769->338311->646265->338733->339152->339153->562882->562895->562882->339153->339152->338733->646265->338311->339265->338310->343919->343726->341535->342613->341521->341571->340229->562951->338222->338198->562865->339135->338197->338925->587845->563046->587845->338925->338197->338597->338605->338223->338604->646056->646055->646056->338604->338223->338603->339126->338348->338347->338346->339296->338349->338341->338728->339266->338343->338313->338707->338314->338315->338345->340097->339563->338317->613780->613779->338340->338363->587871->338351->338350->339575->338326->338327->338207->340157->340158->338207->340157->340158->338207->340157->340158->338207->340157->340158->338207->340157->340158->338207->340157->340158->338207->340157->340158->338207->340157->340158->338207->340157->340158->338207->340157->340158->338207->340157->340158->338207->340157->340158->338207->340157->340158->338207->340157->340158->338207->340157->340158->338207->340157->340158->338207->340157->340158->338206->338776->339001->338727
rl_signal_attention,t1_seonjeongneung_daechi,long,off_peak,7.0,22,3127.2394,2309.297,817.9424,2782.7381,2174.1205,18804.5,34,False,200,28,64,108,341608->341553->341563->341561->341568->341736->341555->340705->341572->339293->338651->562919->562884->613773->339003->613772->613773->339003->613772->613773->339003->339662->341549->342639->563096->342115->343710->341560->342648->342147->342636->563067->342115->343710->341560->342648->342147->341996->341571->340229->562951->338222->338198->338199->338224->342071->341571->341521->342613->646707->563094->342114->342113->342112->341739->341535->342613->341521->341571->340229->562951->338222->338198->338199->338224->342071->341571->341521->342613->341535->344530->344529->343940->339229->338324->338769->338311->646265->338733->339152->339153->562882->562895->562882->339153->339152->338733->646265->338311->339265->338310->343919->343726->341535->342613->341521->341571->340229->562951->338222->338198->562865->339135->338197->338925->587845->563046->587845->338925->338197->338597->338605->338223->338604->646056->646055->646056->338604->338223->338603->339126->338348->338347->338346->339296->338349->338341->338728->339266->338343->338313->338707->338314->338315->338345->340097->339563->338317->613780->613779->338340->338363->587871->338351->338350->339575->338326->338327->338207->340157->340158->338207->340157->340158->338207->338327->338326->339575->338350->338351->339714->339716->339718->339715->339720->339718->339716->339720->339715->339718->339716->339720->339715->339718->339716->339720->339715->339718->339716->339720->339715->339718->339716->339720->339715->339718->339716->339720->339715->339718->339716->339720->339718->339716->339720->339715->339718->339716->339720->339715->339718
rl_signal_attention,t1_seonjeongneung_daechi,long,off_peak,7.0,23,2608.9824,2133.1187,475.8637,2573.3288,1264.863,16426.7,25,False,200,53,58,89,341608->341553->341563->341561->341568->341736->341555->340705->341572->339293->338651->562919->562884->613773->339003->613772->613773->339003->613772->613773->339003->613772->613773->339003->613772->613773->339003->613772->613773->339003->613772->613773->339003->613772->613773->339003->613772->613773->339003->613772->613773->339003->613772->613773->339003->339662->341549->342639->563096->342115->343710->341560->342648->563067->342636->342147->341996->341571->341521->342613->341535->344530->344529->341533->344530->341535->342613->341521->341571->340229->562951->338222->338198->338199->338224->342071->341571->341521->342613->341535->344530->344529->341533->344530->341535->342613->341521->341571->340229->562951->338222->338198->338199->338224->342071->341571->341521->342613->341535->344530->344529->343940->339229->338324->338769->338311->646265->338733->339152->339153->562882->562895->562882->339153->339152->338733->646265->338311->339265->338310->343919->343726->341535->342613->341521->341571->340229->562951->338222->338198->562865->339135->339122->646056->338604->338223->338603->339126->338348->338347->338346->339296->338349->338341->338728->339266->338343->338313->338707->338314->338315->338345->340097->339563->338317->613780->613779->338340->338363->587871->338351->338350->339575->338326->338327->338207->340157->340158->338207->340157->340158->338207->340157->340158->338207->340157->340158->338207->340157->340158->338207->340157->340158->338207->340157->340158->338207->340157->340158->338207->340157->340158->338207->340157->340158->338207->340157->340158->338207->340157->340158
rl_signal_attention,t1_seonjeongneung_daechi,long,off_peak,7.0,24,2710.4139,2259.7744,450.6395,2667.8969,1197.8162,17367.8,23,False,200,24,78,98,341608->341553->341563->341561->341562->341564->342639->563096->342115->343710->343711->343710->342115->563067->342636->342147->341996->341571->340229->562951->338222->338198->338199->338224->342071->341571->341521->342613->341535->344530->344529->341533->344530->341535->342613->341521->341571->341996->342147->342648->563067->342636->342147->341996->341571->342071->338224->338199->342636->342147->341996->341571->340229->562951->338222->338198->338199->338224->342071->341571->341521->342613->341535->344530->344529->341533->344530->341535->342613->341521->341571->340229->562951->338222->338726->338837->339122->339135->562865->338198->338199->338224->342071->341571->341521->342613->341535->344530->344529->343940->339229->338324->338769->338311->646265->338733->339152->339153->562882->562895->562882->339153->339152->338733->646265->338311->339265->338310->343919->343726->341535->342613->341521->341571->340229->562951->338222->338198->562865->339135->339122->646056->338604->338223->338603->339126->338348->338347->338346->339296->338349->338341->338728->339266->338343->338313->338707->338314->338315->338345->340097->339563->338317->613780->613779->338340->338363->587871->338351->338350->339575->338326->338327->338207->340157->340158->338207->340157->340158->338207->340157->340158->338207->340157->340158->338207->340157->340158->338207->340157->340158->338207->340157->340158->338207->340157->340158->338207->340157->340158->338207->340157->340158->338207->340157->340158->338207->340157->340158->338207->340157->340158->338207->340157->340158->338207->340157->340158->338207->340157->340158
rl_signal_attention,t1_seonjeongneung_daechi,long,off_peak,7.0,25,2780.9528,2234.4846,546.4682,2660.8807,1452.5322,17166.1,26,False,200,17,80,103,341608->341553->341563->341561->341568->341566->341549->339128->339093->338226->646291->646290->646291->338226->338252->338199->338224->342071->341571->341521->342613->341535->344530->344529->341533->344530->341535->342613->341521->341571->340229->562951->338222->338198->338199->338224->342071->341571->341521->342613->341535->344530->344529->343940->339229->338324->338769->338311->646265->338733->339152->339153->562882->562895->562882->339153->339152->338733->646265->338311->339265->338310->343919->343726->341535->342613->341521->341571->340229->562951->338222->338198->338199->338224->342071->341571->341521->342613->341535->344530->344529->343940->339229->338324->338769->338311->646265->338733->339152->339153->562882->562895->562882->339153->339152->338733->646265->338311->339297->339000->339664->338312->338343->339266->338728->338341->338349->339296->338346->338347->338348->646202->338348->339126->338603->338223->338604->646056->646055->646056->338604->338223->338603->339126->338348->338347->338346->339296->338349->338341->338728->339266->338343->338313->338707->338314->338315->338345->340097->339563->338317->613780->613779->338340->338363->587871->338351->338350->339575->338326->338327->338207->340157->340158->338207->340157->340158->338207->340157->340158->338207->340157->340158->338207->340157->340158->338207->340157->340158->338207->340157->340158->338207->340157->340158->338207->340157->340158->338207->340157->340158->338207->340157->340158->338207->340157->340158->338207->340157->340158->338207->340157->340158->338207->340157->340158->338207->340157->338234->339582->338232
rl_signal_attention,t1_seonjeongneung_daechi,long,off_peak,7.0,26,1474.2902,1183.2665,291.0237,1351.6344,773.5514,9618.9,13,True,108,34,22,52,341608->341553->341563->341561->341568->341736->341555->340705->341572->339293->338651->562919->562884->613773->339003->613772->613773->339003->613772->613773->339003->613772->613773->339003->613772->613773->339003->613772->613773->339003->613772->613773->339003->613772->613773->339003->613772->613773->339003->339662->341549->342639->563096->342115->343710->341560->342648->563067->342115->343710->341560->342648->563067->342636->342147->341996->341571->340229->562951->338222->338198->338199->338224->342071->341571->341521->342613->341535->341739->342112->342612->342112->341739->341535->342613->341521->341571->340229->562951->338222->338198->338199->338224->342071->341571->341521->342613->341535->344530->344529->343940->339229->338324->338769->338311->339297->339000->339664->338312->338343->339266->338728->338341->338349->339296->338346->338347->338706->338354
rl_signal_attention,t1_seonjeongneung_daechi,long,off_peak,7.0,27,2876.0402,2208.0267,668.0135,2653.6751,1775.6042,17518.6,28,False,200,69,41,90,341608->341553->341563->341561->341568->341736->341555->340705->341572->339293->338651->562919->562884->613773->339003->613772->613773->339003->613772->613773->339003->613772->613773->339003->613772->613773->339003->613772->613773->339003->613772->613773->339003->613772->613773->339003->613772->613773->339003->613772->613773->339003->613772->613773->339003->613772->613773->339003->613772->613773->339003->613772->613773->339003->613772->613773->339003->613772->613773->339003->339662->341549->342639->563096->342115->343710->341560->342648->563067->342636->342147->341996->341571->340229->562951->338222->338198->338199->338224->342071->341571->341521->342613->341535->344530->344529->341533->344530->341535->342613->341521->341571->340229->562951->338222->338198->338199->338224->342071->341571->341521->342613->341535->344530->344529->343940->339229->338324->338769->338311->646265->338733->339152->339153->562882->562895->562882->339153->339152->338733->646265->338311->339265->338310->343919->343726->341535->342613->341521->341571->340229->562951->338222->338198->562865->339135->339122->646056->646055->646056->338604->338223->338603->339126->338348->338347->338346->339296->338349->338341->338728->339266->338343->338313->340271->338314->338315->338345->340097->339563->338317->613780->613779->338340->338363->587871->338351->338350->339575->338326->338327->338207->340157->338234->339582->338232->338908->338255->338246->338248->338245->646015->339318->338246->338248->339715->339720->339718->339716->339720->339715->339718->339716->339720->339715->339718->339716->339720->339715->339718->339716
rl_signal_attention,t1_seonjeongneung_daechi,long,off_peak,7.0,28,3202.6027,2407.0051,795.5976,2919.4801,2114.7273,19321.7,33,False,200,25,68,107,341608->341553->341563->341561->341568->341566->341549->339128->339093->338226->646291->646290->646291->338226->338252->338199->338224->342071->341571->341521->342613->341535->344530->344529->341533->344530->341535->342613->341521->341571->340229->562951->338222->338726->338837->339122->339135->562865->338198->338199->338224->342071->341571->341521->342613->341535->344530->344529->343940->339229->338324->338769->338311->646265->338733->339152->339153->562882->562895->562882->339153->339152->338733->646265->338311->339265->338310->343919->343726->341535->342613->341521->341571->340229->562951->338222->338198->562865->339135->338197->338925->587845->563046->587845->338925->338197->338597->338605->338223->338604->646056->646055->646056->338604->338223->338603->339126->338348->338347->338346->339296->338349->338341->338728->339266->338343->338313->338707->338314->338315->338345->340097->339563->338317->613780->613779->338340->338330->338318->338319->338320->340305->338763->563047->338319->338318->338620->338317->613780->613779->338340->338363->587871->338351->338350->339575->338326->338327->338207->340157->340158->338207->340157->340158->338207->340157->340158->338207->340157->340158->338207->340157->340158->338207->340157->340158->338207->340157->340158->338207->340157->338234->339582->338232->338908->338255->338246->338248->339715->339720->339718->339716->339720->339715->339718->339716->339720->339719->339720->339718->339716->339720->339715->339718->339716->339720->339715->339718->339716->339720->339715->339718->339716->339720->339715->339718->339716->339720->339715->339718->339716
rl_signal_attention,t1_seonjeongneung_daechi,long,off_peak,7.0,29,2773.6979,2178.6093,595.0886,2687.538,1581.767,17120.3,27,False,200,39,48,113,341608->341553->341563->341561->341568->341566->341549->339128->339093->338226->646291->646290->646291->338226->338252->338199->338224->342071->341571->341521->342613->341535->344530->344529->341533->344530->341535->342613->341521->341571->340229->562951->338222->338198->338199->338224->342071->341571->341521->342613->341535->344530->344529->341533->344530->341535->342613->341521->341571->340229->562951->338222->338198->338199->338224->342071->341571->341521->342613->341535->344530->344529->343940->339229->338324->339669->338324->338769->338311->646265->338733->339152->339153->562882->562895->562882->339153->339152->338733->646265->338311->339265->338310->343919->343726->341535->342613->341521->341571->340229->562951->338222->338198->562865->339135->338197->338925->587845->646128->587905->587904->587905->646128->646127->646128->587905->587904->587905->646128->646127->646128->587905->587904->587905->646128->646127->646128->587905->587904->587905->646128->646127->646128->587905->587904->587905->646128->646127->646128->587905->587904->587905->646128->646127->646128->587905->587904->587905->646128->646127->646128->587905->587904->587905->646128->646127->646128->587905->587904->587905->646128->587845->338925->338197->338597->338605->338223->338604->646056->646055->646056->338604->338223->338603->339126->338348->338347->338346->339296->338349->338341->338728->339266->338343->338313->338707->338314->338315->338345->340097->339563->338317->613780->613779->338340->338363->587871->338351->338350->339575->338326->338327->338207->340157->340158->338207->340157->340158->338207->340157->340158
rl_signal_attention,t1_seonjeongneung_daechi,long,off_peak,7.0,30,2749.4353,2138.4088,611.0265,2328.7603,1624.1307,15478.5,24,False,200,20,101,79,341608->341553->341563->341561->341568->341566->341549->339128->339093->338226->646291->646290->646291->338226->338252->338199->338224->342071->341571->341521->342613->341535->344530->344529->341533->344530->341535->342613->341521->341571->340229->562951->338222->338198->338199->338224->342071->341571->341521->342613->341535->344530->344529->343940->339229->338324->338769->338311->646265->338733->339152->339153->562882->562895->562882->339153->339152->338733->646265->338311->339265->338310->343919->343726->341535->342613->341521->341571->340229->562951->338222->338198->562865->339135->339122->646056->646055->646056->338604->338223->338603->339126->338348->338347->338346->339296->338349->338341->338728->339266->338343->338313->338707->338314->338315->338345->340097->339563->338317->613780->613779->338340->338363->587871->338351->338350->339575->338326->338327->338207->340157->340158->338207->340157->340158->338207->340157->340158->338207->340157->340158->338207->340157->340158->338207->340157->340158->338207->340157->340158->338207->340157->340158->338207->340157->340158->338207->340157->340158->338207->340157->340158->338207->340157->340158->338207->340157->340158->338207->340157->340158->338207->340157->340158->338207->340157->340158->338207->340157->340158->338207->340157->340158->338207->340157->340158->338207->340157->340158->338207->340157->340158->338207->340157->340158->338207->340157->340158->338207->340157->340158->338207->340157->340158->338207->340157->340158->338207->340157->338234->339582->338232->338908->338255->338246->338248->339715->339720->339718->339716->339720
rl_signal_attention,t1_seonjeongneung_daechi,long,peak,8.0,1,2834.5143,2204.9397,629.5746,2978.7206,1673.4321,17488.4,25,False,200,31,79,90,341608->341553->341563->341561->341568->341736->341555->340705->341572->339293->338651->562919->562884->613773->339003->613772->613773->339003->613772->613773->339003->613772->613773->339003->339662->341549->342639->563096->342115->343710->341560->342648->563067->342115->343710->341560->342648->563067->342636->342147->341996->341571->340229->562951->338222->338198->338199->338224->342071->341571->341521->342613->341535->344530->344529->341533->344530->341535->342613->341521->341571->340229->562951->338222->338198->338199->338224->342071->341571->341521->342613->341535->344530->344529->343940->339229->338324->338769->338311->646265->338733->339152->339153->562882->562895->562882->339153->339152->338733->646265->338311->339265->338310->343919->343726->341535->342613->341521->341571->340229->562951->338222->338198->562865->339135->339122->646056->338604->338223->338603->339126->338348->338347->338346->339296->338349->338341->338728->339266->338343->338313->338707->338314->338315->338345->340097->339563->338317->613780->613779->338340->338363->587871->338351->338350->339575->338326->338327->338207->340157->340158->338207->340157->340158->338207->340157->340158->338207->340157->340158->338207->340157->340158->338207->340157->340158->338207->340157->340158->338207->340157->340158->338207->340157->340158->338207->340157->340158->338207->340157->340158->338207->340157->340158->338207->340157->338234->339582->338232->338908->338255->338246->338248->339715->339720->339718->339716->339720->339715->339718->339716->339720->339715->339718->339716->339720->339718->339716->339720->339715->339718
rl_signal_attention,t1_seonjeongneung_daechi,long,peak,8.0,2,2963.2298,2348.8538,614.376,3315.0424,1633.0337,19361.6,31,False,200,30,57,113,341608->341553->341563->341561->341568->341736->341555->340705->341572->339293->338651->562919->562884->613773->339003->613772->613773->339003->339662->341549->342639->563096->342115->343710->341560->342648->563067->342636->342147->341996->341571->340229->562951->338222->338198->338199->342636->342147->341996->341571->340229->562951->338222->338198->338199->338224->342071->341571->341521->342613->341535->344530->344529->341533->344530->341535->342613->341521->341571->340229->562951->338222->338198->338199->338224->342071->341571->341521->342613->341535->341739->342112->342612->342112->341739->341535->342613->341521->341571->340229->562951->338222->338198->562865->339135->338197->338925->587845->563046->587845->338925->338197->338597->338605->338223->338604->646056->646055->646056->338604->338223->338603->339126->338348->338347->338346->339296->338349->338341->338728->339266->338343->338313->338707->338314->338315->338345->340097->339563->338317->339562->338296->645999->646000->338362->339695->339697->338278->338955->646038->339700->339701->339700->646038->646039->646038->338955->338308->339871->338321->339710->338320->340305->338764->338763->563047->338319->338318->338620->338317->339563->339562->338317->613780->613779->338340->338363->587871->338351->338350->339575->338326->338327->338207->340157->340158->338207->340157->340158->338207->340157->340158->338207->340157->340158->338207->340157->340158->338207->340157->340158->338207->340157->340158->338206->338776->339001->338727->338621->338256->339580->613775->338232->338908->338255->338246->338248->339715->339720->339718->339716
rl_signal_attention,t1_seonjeongneung_daechi,long,peak,8.0,3,1699.0353,1300.4197,398.6156,1867.7391,1059.5348,10820.0,18,True,102,19,20,63,341608->341553->341563->341561->341568->341736->341555->340705->341572->339293->338651->562919->562884->613773->339003->339662->341549->342639->563096->342115->343710->341560->342648->563067->342636->342147->341996->341571->340229->562951->338222->338198->338199->338224->342071->341571->341521->342613->341535->344530->344529->341533->344530->341535->342613->341521->341571->340229->562951->338222->338198->338199->338224->342071->341571->341521->342613->341535->344530->344529->343940->339229->338324->338769->338311->646265->338733->339152->339153->562882->562895->562882->339153->339152->338733->646265->338311->339265->338310->343919->343726->341535->342613->341521->341571->340229->562951->338222->338198->562865->339135->339122->646056->646055->646056->338604->338223->338603->339126->338348->338347->338346->338354
rl_signal_attention,t1_seonjeongneung_daechi,long,peak,8.0,4,2496.941,1915.0623,581.8787,2527.575,1546.6548,15312.5,28,False,200,16,94,90,341608->341553->341563->341561->341568->341566->341549->342639->563096->342115->343710->341560->342648->563067->342636->342147->341996->341571->340229->562951->338222->338198->338199->342636->342147->341996->341571->340229->562951->338222->338198->338199->338224->342071->341571->340229->562951->338222->338198->338199->338224->342071->341571->341521->342613->341535->344530->344529->343940->339229->338324->338769->338311->646265->338733->339152->339153->562882->562895->562882->339153->339152->338733->646265->338311->339265->338310->343919->343726->341535->342613->341521->341571->340229->562951->338222->338198->562865->339135->338197->338925->587845->563046->587845->338925->338197->338597->338605->338223->338604->646056->646055->646056->338604->338223->338603->339126->338348->338347->338346->339296->338349->338341->338728->339266->338343->338313->338707->338314->338315->338345->340097->339563->338317->613780->613779->338340->338363->587871->338351->338350->339575->338326->338327->338207->340157->340158->338207->340157->340158->338207->340157->340158->338207->340157->340158->338207->340157->340158->338207->340157->340158->338207->340157->340158->338207->340157->340158->338207->340157->340158->338207->340157->340158->338207->340157->340158->338207->340157->340158->338207->340157->340158->338207->340157->340158->338207->340157->340158->338207->340157->340158->338207->340157->340158->338207->340157->340158->338207->340157->340158->338207->340157->338234->339582->338232->613775->339580->338256->338621->338727->339001->338776->338206->340158->338207->340157->340158->338207->340157->340158
rl_signal_attention,t1_seonjeongneung_daechi,long,peak,8.0,5,3061.0036,2242.6257,818.3779,3154.9228,2175.2781,18493.5,35,False,200,32,69,99,341608->341553->341563->341561->341568->341736->341555->340705->341572->339293->338651->562919->562884->613773->339003->613772->613773->339003->613772->613773->339003->613772->613773->339003->613772->613773->339003->339662->341549->342639->563096->342115->343710->341560->342648->563067->342636->342147->341996->341571->340229->562951->338222->338198->338199->338224->342071->341571->341521->342613->341535->344530->344529->341533->344530->341535->342613->341521->341571->340229->562951->338222->338198->338199->338224->342071->341571->341521->342613->341535->344530->344529->343940->339229->338324->338769->338311->646265->338733->339152->339153->562882->562895->562882->339153->339152->338733->646265->338311->339265->338310->343919->343726->341535->342613->341521->341571->340229->562951->338222->338198->562865->339135->339122->646056->338604->338223->338603->339126->338348->338347->338346->339296->338349->338341->338728->339266->338343->338313->338707->338314->338315->338345->340097->339563->338317->613780->613779->338340->338363->587871->338351->339714->339716->339718->339715->339720->339718->339716->339720->339715->339718->339716->339720->339715->339718->339716->339720->339715->339718->339716->339720->339715->339718->339716->339720->339715->339718->339716->339720->339715->339718->339716->339720->339715->339718->339716->339720->339715->339718->339716->339720->339715->339718->339716->339720->339715->339718->339716->339720->339715->339718->339716->339720->339715->339718->339716->339720->339715->339718->339716->339720->339715->339718->339716->339720->339715->339718->339716->339720->339715
rl_signal_attention,t1_seonjeongneung_daechi,long,peak,8.0,6,2611.8194,2124.5163,487.3031,2867.6227,1295.2694,16703.6,20,False,200,21,86,93,341608->341553->341563->341561->341568->341736->341555->340705->341572->339293->338651->562919->562884->613773->339003->339662->341549->342639->563096->342115->343710->341560->342648->563067->342115->343710->341560->342648->563067->342115->343710->341560->342648->563067->342636->342147->341996->341571->340229->562951->338222->338198->338199->338224->342071->341571->341521->342613->341535->344530->344529->341533->344530->341535->342613->341521->341571->340229->562951->338222->338726->338837->339122->339135->562865->338198->338199->338224->342071->341571->341521->342613->341535->344530->344529->343940->339229->338324->338769->338311->646265->338733->339152->339153->562882->562895->562882->339153->339152->338733->646265->338311->339265->338310->343919->343726->341535->342613->341521->341571->340229->562951->338222->338198->562865->339135->339122->646056->338604->338223->338603->339126->338348->338347->338346->339296->338349->338341->338728->339266->338343->338313->338707->338314->338315->338345->340097->339563->338317->613780->613779->338340->338363->587871->338351->338350->339575->338326->338327->338207->340157->340158->338207->340157->340158->338207->340157->340158->338207->340157->340158->338207->340157->340158->338207->340157->340158->338207->340157->340158->338207->340157->340158->338207->340157->340158->338207->340157->340158->338207->340157->340158->338207->340157->340158->338207->340157->340158->338207->340157->340158->338207->340157->340158->338207->340157->340158->338207->340157->340158->338207->340157->340158->338207->340157->340158->338206->338776->339001->338727->338621
rl_signal_attention,t1_seonjeongneung_daechi,long,peak,8.0,7,2589.851,2057.5832,532.2678,3076.8497,1414.7871,16068.3,25,False,200,26,69,105,341608->341553->341563->341561->341568->341736->341555->340705->341572->339293->338651->339651->613662->613661->613662->339651->338651->339293->341572->340705->341555->341556->342153->343109->613772->613773->339003->613772->613773->339003->339662->341549->339128->339093->338226->646291->646290->646291->338226->338252->338199->338224->342071->341571->341521->342613->341535->341739->342112->342612->342112->341739->341535->342613->341521->341571->340229->562951->338222->338198->338199->338224->342071->341571->341521->342613->341535->341739->342112->342612->342112->341739->341535->342613->341521->341571->340229->562951->338222->338198->562865->339135->338197->338925->587845->563046->587845->338925->338197->338597->338605->338223->338604->646056->646055->646056->338604->338223->338603->339126->338348->338347->338346->339296->338349->338341->338728->339266->338343->338312->338709->338313->338343->339266->338728->338341->338349->339296->338346->338347->338348->646202->338348->339126->338603->338223->338604->646056->646055->646056->338604->338223->338603->339126->338348->338347->338346->339296->338349->338341->338728->339266->338343->338313->338707->338314->338315->338345->340097->339563->338317->613780->613779->338340->338363->587871->338351->338350->339575->338326->338327->338207->340157->340158->338207->340157->340158->338207->340157->340158->338207->340157->340158->338207->340157->340158->338207->340157->340158->338207->340157->340158->338207->340157->340158->338207->340157->340158->338207->340157->340158->338207->340157->340158->338207->340157->340158->338207->340157->340158->338207
rl_signal_attention,t1_seonjeongneung_daechi,long,peak,8.0,8,2742.7998,2098.7919,644.0079,3018.2885,1711.7964,16669.8,25,False,200,23,85,92,341608->341553->341563->341561->341568->341736->341555->340705->341572->339293->338651->562919->562884->613773->339003->339662->341549->342639->563096->342115->343710->341560->342648->563067->342636->342147->341996->341571->340229->562951->338222->338198->338199->338224->342071->341571->341521->342613->341535->344530->344529->341533->344530->341535->342613->341521->341571->340229->562951->338222->338198->338199->338224->342071->341571->341521->342613->341535->344530->344529->341533->344530->341535->342613->341521->341571->340229->562951->338222->338198->562865->339135->338197->338925->587845->563046->587845->338925->338197->338597->338605->338223->338604->646056->646055->646056->338604->338223->338603->339126->338348->338347->338346->339296->338349->338341->338728->339266->338343->338313->338707->338314->338315->338345->340097->339563->338317->613780->613779->338340->338363->587871->338351->338350->339575->338326->338327->338207->340157->340158->338207->340157->340158->338207->340157->340158->338207->340157->340158->338207->340157->340158->338207->340157->340158->338207->340157->340158->338207->340157->340158->338207->340157->340158->338207->340157->340158->338207->340157->340158->338207->340157->340158->338207->340157->340158->338207->340157->340158->338207->340157->340158->338207->340157->340158->338207->340157->340158->338207->340157->340158->338207->340157->340158->338206->338776->339001->338727->338621->338256->339580->613775->338232->338908->338255->338246->338248->339715->339720->339718->339716->339720->339715->339718->339716->339720->339715->339718->339716->339720->339715
rl_signal_attention,t1_seonjeongneung_daechi,long,peak,8.0,9,3203.3496,2318.5108,884.8388,3197.2584,2351.9337,19120.8,36,False,200,27,62,111,341608->341553->341563->341561->341568->341736->341555->340705->341572->339293->338651->562919->562884->613773->339003->339662->341549->342639->563096->342115->343710->341560->342648->563067->342636->342147->341996->341571->340229->562951->338222->338198->338199->338224->342071->341571->341521->342613->341535->344530->344529->341533->344530->341535->342613->341521->341571->340229->562951->338222->338726->338837->339122->339135->338197->338925->587845->563046->587845->338925->338197->338597->338605->338223->338602->339123->338790->339152->339153->562882->562895->562882->339153->339152->338733->646265->338311->339265->338310->343919->343726->341535->342613->341521->341571->340229->562951->338222->338198->562865->339135->338197->338925->587845->563046->587845->338925->338197->338597->338605->338223->338604->646056->646055->646056->338604->338223->338603->339126->338348->338347->338346->339296->338349->338341->338728->339266->338343->338313->338707->338314->338315->338345->340097->339563->338317->613780->613779->338340->338363->587871->338351->338350->339575->338326->338327->338207->340157->340158->338207->340157->340158->338207->340157->340158->338207->340157->340158->338206->338776->339001->338727->338621->338256->339580->613775->338232->338908->338255->338246->338248->339715->339720->339718->339716->339720->339715->339718->339716->339720->339715->339718->339716->339720->339715->339718->339716->339720->339715->339718->339716->339720->339715->339718->339716->339720->339715->339718->339716->339720->339715->339718->339716->339720->339715->339718->339716->339720->339715->339718->339716
rl_signal_attention,t1_seonjeongneung_daechi,long,peak,8.0,10,3027.8452,2199.1488,828.6964,2994.8674,2202.7052,17511.4,32,False,200,26,67,107,341608->341553->341563->341561->341568->341736->341555->340705->341572->339293->338651->339651->613662->613661->613662->339651->338651->339293->341572->340705->341555->341736->341568->341735->341564->342639->563096->342115->343710->341560->342648->563067->342636->342147->341996->341571->340229->562951->338222->338198->338199->338224->342071->341571->341521->342613->646707->563094->342114->342113->342112->341739->341535->343726->343919->338310->339265->338311->338769->338324->338779->338324->338769->338311->646265->338733->339152->339153->562882->562895->562882->339153->339152->338733->646265->338311->339265->338310->343919->343726->341535->342613->341521->341571->340229->562951->338222->338198->562865->339135->338197->338925->587845->563046->587845->338925->338197->338597->338605->338223->338604->646056->646055->646056->338604->338223->338603->339126->338348->338347->338346->339296->338349->338341->338728->339266->338343->338313->338707->338314->338315->338345->340097->339563->338317->613780->613779->338340->338363->587871->338351->338350->339575->338326->338327->338207->340157->340158->338207->340157->340158->338207->340157->340158->338207->340157->340158->338207->340157->340158->338207->340157->340158->338207->340157->340158->338207->340157->340158->338206->338776->339001->338727->338621->338256->339580->613775->338232->338908->338255->338246->338248->339715->339720->339718->339716->339720->339715->339718->339716->339720->339715->339718->339716->339720->339715->339718->339716->339720->339715->339718->339716->339720->339715->339718->339716->339720->339715->339718->339716->339720
rl_signal_attention,t1_seonjeongneung_daechi,long,peak,8.0,11,3296.885,2495.5899,801.2952,3544.1456,2129.8717,20115.2,37,False,200,28,63,109,341608->341553->341563->341561->341568->341566->341549->339128->339093->338226->646291->646290->646291->338226->338252->338199->338224->342071->341571->341521->342613->341535->344530->344529->341533->344530->341535->342613->341521->341571->340229->562951->338222->338198->338199->338224->342071->341571->341521->342613->341535->344530->344529->341533->344530->341535->342613->341521->341571->340229->562951->338222->338198->562865->339135->338197->338925->587845->563046->587845->338925->338197->338597->338605->338223->338604->646056->646055->646056->338604->338223->338603->339126->338348->338347->338346->339296->338349->338341->338728->339266->338343->338313->338707->338314->338315->338345->340097->339563->338317->339562->338296->645999->646000->338362->338318->338620->338317->339563->339562->338317->613780->613779->338340->338363->587871->338351->338350->339575->338326->338327->338207->340157->340158->338207->340157->340158->338207->338327->338326->339575->338350->338351->339714->339716->339718->339715->339720->339718->339716->339720->339715->339718->339720->339719->339720->339718->339716->339720->339715->339718->339716->339714->338351->587871->338363->338340->338330->338318->338319->338323->338763->563047->338319->338318->338620->338317->613780->613779->338340->338363->587871->338351->338350->339575->338326->338327->338207->340157->340158->338207->340157->340158->338207->340157->340158->338207->340157->340158->338207->340157->340158->338207->340157->340158->338207->340157->340158->338207->338327->338326->339575->338350->338351->339714->339716->339718->339715->339720->339718->339716
rl_signal_attention,t1_seonjeongneung_daechi,long,peak,8.0,12,2698.281,2026.79,671.491,2726.967,1784.8474,16348.8,29,False,200,29,76,95,341608->341553->341563->341561->341568->341736->341555->340705->341572->339293->338651->562919->562884->613773->339003->613772->613773->339003->613772->613773->339003->339662->341549->342639->563096->342115->343710->341560->342648->563067->342636->342147->341996->341571->340229->562951->338222->338198->338199->338224->342071->341571->341521->342613->341535->343726->343919->338310->339265->338311->338769->338324->338779->338324->338769->338311->646265->338733->339152->339153->562882->562895->562882->339153->339152->338733->646265->338311->339265->338310->343919->343726->341535->342613->341521->341571->340229->562951->338222->338198->562865->339135->338197->338925->587845->563046->587845->338925->338197->338597->338605->338223->338604->646056->646055->646056->338604->338223->338603->339126->338348->338347->338346->339296->338349->338341->338728->339266->338343->338313->338707->338314->338315->338345->340097->339563->338317->613780->613779->338340->338363->587871->338351->338350->339575->338326->338327->338207->340157->340158->338207->340157->340158->338207->340157->340158->338207->340157->340158->338207->340157->340158->338207->340157->340158->338207->340157->340158->338207->340157->340158->338207->340157->340158->338207->340157->340158->338207->340157->340158->338207->338327->338326->339575->338350->338351->339714->339716->339718->339715->339720->339718->339716->339720->339715->339718->339716->339720->339715->339718->339716->339720->339715->339718->339716->339720->339715->339718->339716->339720->339715->339718->339716->339720->339715->339718->339720->339715->339718->339716->339720
rl_signal_attention,t1_seonjeongneung_daechi,long,peak,8.0,13,1632.3645,1294.968,337.3966,1819.8982,896.8123,10864.2,15,True,109,19,23,67,341608->341553->341563->341561->341568->341736->341555->340705->341572->339293->338651->562919->562884->613773->339003->613772->613773->339003->613772->613773->339003->339662->341549->342639->563096->342115->341559->341985->341569->344767->341558->341518->341517->341516->341515->342114->563094->646707->342613->341521->341571->340229->562951->338222->338198->338199->342636->342147->341996->341571->340229->562951->338222->338198->338199->338224->342071->341571->341521->342613->341535->344530->344529->341533->344530->341535->342613->341521->341571->340229->562951->338222->338198->562865->339135->338197->338925->587845->563046->587845->338925->338197->338597->338605->338223->338602->339123->338790->339152->339153->562882->562895->562882->339153->339152->338733->646265->338311->339297->339000->339664->338312->338343->339266->338728->338341->338349->339296->338346->338354
rl_signal_attention,t1_seonjeongneung_daechi,long,peak,8.0,14,2456.8858,1975.7491,481.1368,2766.9303,1278.879,15424.7,21,False,200,31,82,87,341608->341553->341563->341561->341568->341736->341555->340705->341572->339293->338651->562919->562884->613773->339003->613772->613773->339003->613772->613773->339003->613772->613773->339003->613772->613773->339003->339662->341549->342639->563096->342115->343710->341560->342648->563067->342636->342147->341996->341571->340229->562951->338222->338198->338199->338224->342071->341571->341521->342613->341535->344530->344529->341533->344530->341535->342613->341521->341571->340229->562951->338222->338198->338199->338224->342071->341571->341521->342613->341535->344530->344529->343940->339229->338324->338769->338311->646265->338733->339152->339153->562882->562895->562882->339153->339152->338733->646265->338311->339265->338310->343919->343726->341535->342613->646707->563094->342114->342113->342112->341739->341535->342613->341521->341571->340229->562951->338222->338198->562865->339135->339122->646056->338604->338223->338603->339126->338348->338347->338346->339296->338349->338341->338728->339266->338343->338313->338707->338314->338315->338345->340097->339563->338317->613780->613779->338340->338363->587871->338351->338350->339575->338326->338327->338207->340157->340158->338207->340157->340158->338207->340157->340158->338207->340157->340158->338207->340157->340158->338207->340157->340158->338207->340157->340158->338207->340157->340158->338207->340157->340158->338207->340157->340158->338207->340157->340158->338207->340157->340158->338207->340157->340158->338207->340157->340158->338207->340157->340158->338207->340157->340158->338207->340157->340158->338207->340157->340158->338207->340157->340158
rl_signal_attention,t1_seonjeongneung_daechi,long,peak,8.0,15,3217.9634,2432.1761,785.7873,3391.6541,2088.6512,19464.2,34,False,200,23,68,109,341608->341553->341563->341561->341568->341736->341555->340705->341572->339293->338651->562921->562923->342153->343109->613772->613773->339003->339662->341549->342639->563096->342115->343710->341560->342648->563067->342636->342147->341996->341571->340229->562951->338222->338198->338199->338224->342071->341571->340229->562951->338222->338198->338199->338224->342071->341571->341521->342613->341535->344530->344529->341533->344530->341535->342613->341521->341571->340229->562951->338222->338198->338199->342636->342147->341996->341571->340229->562951->338222->338198->338199->338224->342071->341571->341521->342613->341535->344530->344529->343940->339229->338324->338769->338311->646265->338733->339152->339153->562882->562895->562882->339153->339152->338733->646265->338311->339265->338310->343919->343726->341535->342613->341521->341571->340229->562951->338222->338198->562865->339135->339122->646056->338604->338223->338603->339126->338348->338347->338346->339296->338349->338341->338728->339266->338343->338313->338712->338344->340271->338314->338315->338345->340097->339563->338317->613780->613779->338340->338363->587871->338351->338350->339575->338326->338327->338207->340157->340158->338207->340157->338234->338233->339581->338232->613774->613775->338232->338908->338255->338246->338248->339715->339720->339718->339716->339720->339715->339718->339716->339720->339715->339718->339716->339720->339715->339718->339716->339720->339715->339718->339716->339720->339715->339718->339716->339720->339715->339718->339716->339720->339715->339718->339716->339720->339715->339718->339716->339720->339715->339718
rl_signal_attention,t1_seonjeongneung_daechi,long,peak,8.0,16,2560.1743,1773.3335,786.8408,2381.7044,2091.4515,14596.6,33,False,200,10,101,89,341608->341553->341554->341565->341777->341608->563168->342694->344353->341593->341778->343103->341595->341605->341907->341906->343105->341598->342684->341601->343106->343943->342693->341607->588038->563143->338261->339538->338258->339132->338586->338262->338587->338588->339119->338589->338205->338992->338592->338259->338590->338805->339504->339505->339506->339503->339477->339480->340320->339728->339312->613624->338622->338256->339580->613775->338232->613774->613775->338232->338908->338255->338246->338248->339715->339720->339718->339716->339720->339715->339718->339720->339719->339720->339718->339716->339720->339715->339718->339720->339719->339720->339718->339716->339720->339715->339718->339720->339719->339720->339718->339716->339720->339715->339718->339720->339719->339720->339718->339716->339720->339715->339718->339720->339719->339720->339718->339716->339720->339715->339718->339720->339719->339720->339718->339716->339720->339715->339718->339716->339720->339715->339718->339720->339719->339720->339718->339716->339720->339715->339718->339716->339720->339715->339718->339716->339720->339715->339718->339716->339720->339715->339718->339716->339720->339715->339718->339716->339720->339715->339718->339720->339719->339720->339718->339716->339720->339715->339718->339716->339720->339715->339718->339716->339720->339715->339718->339716->339720->339715->339718->339716->339720->339715->339718->339716->339720->339715->339718->339716->339720->339715->339718->339716->339720->339715->339718->339716->339720->339715->339718->339716->339720->339715->339718->339716->339720->339715->339718->339716->339720
rl_signal_attention,t1_seonjeongneung_daechi,long,peak,8.0,17,3286.7863,2521.9114,764.8748,3515.5389,2033.0651,20462.0,30,False,200,31,45,124,341608->341553->341563->341561->341568->341736->341555->340705->341572->339293->338651->339651->613662->613661->613662->339651->338651->339293->341572->340705->341555->341736->341568->341735->341564->342639->563096->342115->343710->341560->342648->563067->342636->342147->341996->341571->340229->562951->338222->338198->338199->338224->342071->341571->341521->342613->341535->344530->344529->341533->344530->341535->342613->341521->341571->340229->562951->338222->338198->338199->338224->342071->341571->341521->342613->341535->344530->344529->343940->339229->338324->338769->338311->646265->338733->339152->339153->562882->562895->562882->339153->339152->338733->646265->338311->339265->338310->343919->343726->341535->342613->341521->341571->340229->562951->338222->338726->338837->339122->339135->562865->338198->338199->338224->342071->341571->341521->342613->341535->344530->344529->343940->339229->338324->338769->338311->646265->338733->339152->339153->562882->562895->562882->339153->339152->338733->646265->338311->339265->338310->343919->343726->341535->342613->341521->341571->340229->562951->338222->338198->562865->339135->339122->646056->338604->338223->338603->339126->338348->338347->338346->339296->338349->338341->338728->339266->338343->338313->338707->338314->338315->338345->340097->339563->338317->613780->613779->338340->338363->587871->338351->338350->339575->338326->338327->338207->340157->340158->338207->340157->340158->338207->340157->340158->338206->338776->339001->338727->338621->338256->339580->613775->338232->338908->338255->338246->338248->339715->339720->339718->339716
rl_signal_attention,t1_seonjeongneung_daechi,long,peak,8.0,18,2272.6766,1784.1125,488.5641,2370.7191,1298.621,14450.6,21,False,200,17,103,80,341608->341553->341563->341561->341568->341736->341555->340705->341572->339293->338651->562919->562884->613773->339003->339662->341549->342639->563096->342115->343710->341560->342648->563067->342636->342147->341996->341571->340229->562951->338222->338198->338199->338224->342071->341571->341521->342613->341535->344530->344529->341533->344530->341535->342613->341521->341571->340229->562951->338222->338198->338199->338224->342071->341571->341521->342613->341535->344530->341533->344529->344530->341535->342613->341521->341571->340229->562951->338222->338198->562865->339135->338197->338925->587845->563046->587845->338925->338197->338597->338605->338223->338604->646056->646055->646056->338604->338223->338603->339126->338348->338347->338346->339296->338349->338341->338728->339266->338343->338313->338707->338314->338315->338345->340097->339563->338317->613780->613779->338340->338363->587871->338351->338350->339575->338326->338327->338207->340157->340158->338207->340157->340158->338207->340157->340158->338207->340157->340158->338207->340157->340158->338207->340157->340158->338207->340157->340158->338207->340157->340158->338207->340157->340158->338207->340157->340158->338207->340157->340158->338207->340157->340158->338207->340157->340158->338207->340157->340158->338207->340157->340158->338207->340157->340158->338207->340157->340158->338207->340157->340158->338207->340157->340158->338207->340157->340158->338207->340157->340158->338207->340157->340158->338207->340157->340158->338207->340157->340158->338207->340157->340158->338207->340157->340158->338207->340157->340158->338207->340157->340158
rl_signal_attention,t1_seonjeongneung_daechi,long,peak,8.0,19,2527.0266,1759.6483,767.3783,2332.1441,2039.7193,14281.4,34,False,200,6,104,90,341608->563168->342694->344353->341593->341778->343103->341595->341594->343104->341601->343106->343943->342693->341607->588038->563143->338261->339538->338258->339132->338586->338262->338587->338588->339119->338589->338205->338992->338592->338259->338590->338805->339504->339505->339506->339503->339477->339480->340320->339728->339312->613624->338622->338256->339580->613775->338232->338908->338255->338246->338248->339715->339720->339718->339716->339720->339718->339716->339720->339715->339718->339720->339719->339720->339718->339716->339720->339715->339718->339720->339719->339720->339718->339716->339720->339715->339718->339720->339719->339720->339718->339716->339720->339715->339718->339720->339719->339720->339718->339716->339720->339715->339718->339720->339719->339720->339718->339716->339720->339715->339718->339720->339719->339720->339718->339716->339720->339715->339718->339720->339719->339720->339718->339716->339720->339715->339718->339716->339720->339715->339718->339720->339719->339720->339718->339716->339720->339715->339718->339716->339720->339715->339718->339720->339719->339720->339718->339716->339720->339715->339718->339716->339720->339715->339718->339716->339720->339715->339718->339716->339720->339715->339718->339716->339720->339715->339718->339716->339720->339715->339718->339716->339720->339715->339718->339716->339720->339715->339718->339716->339720->339715->339718->339716->339720->339715->339718->339716->339720->339715->339718->339716->339720->339715->339718->339716->339720->339715->339718->339716->339720->339715->339718->339716->339720->339715->339718->339716->339720->339715
rl_signal_attention,t1_seonjeongneung_daechi,long,peak,8.0,20,2765.9554,2182.8371,583.1183,3105.9425,1549.9497,16538.0,27,False,200,24,77,99,341608->341553->341563->341561->341568->341566->341549->339128->339093->338226->646291->646290->646291->338226->338252->338199->338224->342071->341571->341521->342613->341535->344530->344529->341533->344530->341535->343726->343919->338310->339265->338311->338769->338324->338779->338324->338769->338311->646265->646264->646265->338311->339265->338310->343919->343726->341535->342613->341521->341571->340229->562951->338222->338198->338199->338224->342071->341571->341521->342613->341535->344530->344529->343940->339229->338324->338779->338324->338769->338311->646265->338733->339152->339153->562882->562895->562882->339153->339152->338733->646265->338311->339265->338310->343919->343726->341535->342613->341521->341571->340229->562951->338222->338198->562865->339135->339122->646056->338604->338223->338603->339126->338348->338347->338346->339296->338349->338341->338728->339266->338343->338313->338707->338314->338315->338345->340097->339563->338317->339562->338296->645999->646000->338362->338318->338620->338317->339563->339562->338317->613780->613779->338340->338363->587871->338351->338350->339575->338326->338327->338207->340157->340158->338207->340157->340158->338207->340157->340158->338207->340157->340158->338207->340157->340158->338207->340157->340158->338207->340157->340158->338207->340157->340158->338207->340157->340158->338207->340157->340158->338207->340157->340158->338207->340157->340158->338207->340157->340158->338207->340157->340158->338207->340157->340158->338207->340157->340158->338207->340157->340158->338207->340157->340158->338207->340157->340158->338206->338776->339001->338727
rl_signal_attention,t1_seonjeongneung_daechi,long,peak,8.0,21,3183.7892,2504.6184,679.1707,3444.9867,1805.2605,20831.8,30,False,200,29,59,112,341608->341553->341563->341561->341568->341736->341555->340705->341572->339293->338651->562919->562884->613773->339003->339662->341549->342639->563096->342115->343710->341560->342648->563067->342115->343710->341560->342648->563067->342115->343710->341560->342648->563067->342115->343710->341560->342648->563067->342636->342147->341996->341571->340229->562951->338222->338198->338199->338224->342071->341571->341521->342613->341535->344530->344529->341533->344530->341535->342613->341521->341571->340229->562951->338222->338198->338199->338224->342071->341571->341521->342613->341535->344530->344529->343940->339229->338324->338769->338311->646265->338733->339152->339153->562882->562895->562882->339153->339152->338733->646265->338311->339265->338310->343919->343726->341535->342613->341521->341571->340229->562951->338222->338198->562865->339135->339122->646056->338604->338223->338603->339126->338348->338347->338346->339296->338349->338341->338728->339266->338343->338313->338707->338314->338315->338345->340097->339563->338317->613780->613779->338340->338363->587871->338351->338350->339575->338326->338327->338207->340157->340158->338207->340157->340158->338207->340157->340158->338207->340157->340158->338207->340157->340158->338207->338327->338326->339575->338350->338351->339714->339716->339718->339715->339720->339718->339716->339720->339715->339718->339716->339714->338351->587871->338363->338340->338330->338318->338319->338323->338763->563047->338319->338318->338620->338317->613780->613779->338340->338363->587871->338351->338350->339575->338326->338327->338328->338342->338887->340280->562957
rl_signal_attention,t1_seonjeongneung_daechi,long,peak,8.0,22,3136.8899,2410.3529,726.5369,3322.2765,1931.1615,19874.3,30,False,200,22,72,106,341608->341553->341563->341561->341568->341566->341549->339128->339093->338226->646291->338922->339657->338655->340247->340245->338921->340159->339654->338999->338649->339127->338226->339093->339128->341549->342639->563096->342115->343710->341560->342648->563067->342636->342147->341996->341571->340229->562951->338222->338198->338199->338224->342071->341571->341521->342613->341535->344530->344529->341533->344530->341535->342613->341521->341571->340229->562951->338222->338726->338837->339122->339135->562865->338198->338199->338224->342071->341571->341521->342613->341535->344530->344529->341533->344530->341535->342613->341521->341571->340229->562951->338222->338198->562865->339135->339122->646056->338604->338223->338603->339126->338348->338347->338346->339296->338349->338341->338728->339266->338343->338313->338707->338314->338315->338345->340097->339563->338317->339562->338296->645999->646000->338362->338318->338620->338317->339563->339562->338317->613780->613779->338340->338363->587871->338351->338350->339575->338326->338327->338207->340157->340158->338207->340157->340158->338207->340157->340158->338207->340157->340158->338207->340157->340158->338207->340157->340158->338207->340157->340158->338207->340157->340158->338207->338327->338326->339575->338350->338351->339714->339716->339718->339715->339720->339718->339716->339720->339715->339718->339716->339720->339715->339718->339716->339720->339715->339718->339716->339720->339715->339718->339716->339720->339715->339718->339716->339720->339715->339718->339716->339720->339715->339718->339716->339714->338351->587871->338363->338340->338330
rl_signal_attention,t1_seonjeongneung_daechi,long,peak,8.0,23,3223.7461,2418.078,805.6681,3418.4887,2141.4949,19934.0,35,False,200,25,68,107,341608->341553->341563->341561->341568->341736->341555->340705->341572->339293->338651->562919->562884->613773->339003->339662->341549->342639->563096->342115->343710->341560->342648->563067->342636->342147->341996->341571->340229->562951->338222->338198->338199->338224->342071->341571->341521->342613->341535->344530->344529->341533->344530->341535->342613->341521->341571->340229->562951->338222->338198->338199->338224->342071->341571->341521->342613->341535->344530->344529->341533->344530->341535->342613->341521->341571->340229->562951->338222->338198->562865->339135->338197->338925->587845->563046->587845->338925->338197->338597->338605->338223->338604->646056->646055->646056->338604->338223->338603->339126->338348->338347->338346->339296->338349->338341->338728->339266->338343->338313->338707->338314->338315->338345->340097->339563->338317->339562->338296->645999->646000->338362->338318->338620->338317->339563->339562->338296->645999->646000->338362->338318->338620->338317->339563->339562->338317->613780->613779->338340->338363->587871->338351->338350->339575->338326->338327->338207->340157->340158->338207->340157->340158->338207->340157->340158->338207->340157->340158->338207->340157->340158->338207->340157->340158->338206->338776->339001->338727->338621->338256->339580->613775->338232->338908->338255->338246->338248->339715->339720->339718->339716->339720->339715->339718->339716->339720->339715->339718->339716->339720->339715->339718->339716->339720->339715->339718->339716->339720->339715->339718->339716->339720->339715->339718->339716->339720->339715->339718->339716->339720
rl_signal_attention,t1_seonjeongneung_daechi,long,peak,8.0,24,3235.4682,2415.9225,819.5457,3417.4863,2178.3822,20040.2,37,False,200,19,78,103,341608->341553->341563->341561->341568->341736->341555->340705->341572->339293->338651->562921->562923->342153->343109->613772->613773->339003->339662->341549->342639->563096->342115->343710->341560->342648->563067->342636->342147->341996->341571->340229->562951->338222->338198->338199->338224->342071->341571->341521->342613->341535->344530->344529->341533->344530->341535->342613->341521->341571->340229->562951->338222->338198->338199->338224->342071->341571->341521->342613->341535->344530->344529->341533->344530->341535->342613->341521->341571->342071->338224->338199->342636->342147->341996->341571->340229->562951->338222->338198->562865->339135->338197->338925->587845->563046->587845->338925->338197->338597->338605->338223->338603->339126->338348->338347->338346->339296->338349->338341->338728->339266->338343->338313->338707->338314->338315->338345->340097->339563->338317->339562->338296->645999->646000->338362->338318->338620->338317->339563->339562->338317->613780->613779->338340->338363->587871->338351->338350->339575->338326->338327->338207->340157->340158->338207->340157->340158->338207->340157->338234->339582->338232->338908->338255->338246->338248->339715->339720->339718->339716->339720->339715->339718->339716->339720->339715->339718->339716->339720->339715->339718->339716->339720->339715->339718->339716->339720->339715->339718->339716->339720->339715->339718->339720->339715->339718->339716->339720->339715->339718->339716->339720->339715->339718->339716->339720->339715->339718->339716->339720->339715->339718->339716->339720->339715->339718->339716->339720->339715->339718
rl_signal_attention,t1_seonjeongneung_daechi,long,peak,8.0,25,1314.413,1084.8205,229.5925,1489.2196,610.2652,8876.1,14,True,84,11,20,53,341608->341553->341563->341561->341568->341736->341555->340705->341572->339293->338651->562919->562884->613773->339003->339662->341549->342639->563096->342115->343710->341560->342648->563067->342115->343710->343711->343710->342115->563067->342648->342147->341996->341571->340229->562951->338222->338198->338199->338224->342071->341571->341521->342613->341535->344530->344529->341533->344530->341535->342613->341521->341571->340229->562951->338222->338198->338199->338224->342071->341571->341521->342613->341535->344530->344529->343940->339229->338324->338769->338311->339297->339000->339664->338312->338343->339266->338728->338341->338349->339296->338346->338347->338706->338354
rl_signal_attention,t1_seonjeongneung_daechi,long,peak,8.0,26,3402.4853,2600.9337,801.5517,3591.6703,2130.5534,21004.8,32,False,200,28,48,124,341608->341553->341563->341561->341568->341736->341555->342643->341561->341562->341564->342639->563096->342115->343710->341560->342648->563067->342636->342147->341996->341571->340229->562951->338222->338198->338199->338224->342071->341571->341521->342613->341535->344530->344529->341533->344530->341535->342613->341521->341571->340229->562951->338222->338198->338199->342636->342147->341996->341571->340229->562951->338222->338726->338837->339122->339135->562865->338198->338199->338224->342071->341571->341521->342613->341535->344530->344529->343940->339229->338324->338769->338311->646265->338733->339152->339153->562882->562895->562882->339153->339152->338733->646265->338311->339265->338310->343919->343726->341535->342613->341521->341571->340229->562951->338222->338726->338837->339122->339135->562865->338198->338199->338224->342071->341571->341521->342613->341535->344530->344529->343940->339229->338324->338769->338311->646265->338733->339152->339153->562882->562895->562882->339153->339152->338733->646265->338311->339265->338310->343919->343726->341535->342613->341521->341571->340229->562951->338222->338198->562865->339135->339122->646056->338604->338223->338603->339126->338348->338347->338346->339296->338349->338341->338728->339266->338343->338313->338707->338314->338315->338345->340097->339563->338317->613780->613779->338340->338363->587871->338351->338350->339575->338326->338327->338207->340157->340158->338207->340157->340158->338206->338776->339001->338727->338621->338256->339580->613775->338232->338908->338255->338246->338248->339715->339720->339718->339716->339720->339715->339718
rl_signal_attention,t1_seonjeongneung_daechi,long,peak,8.0,27,2600.3707,1983.8491,616.5216,2743.5849,1638.7368,16296.0,31,False,200,35,90,75,341608->341553->341563->341561->341568->341736->341555->340705->341572->339293->338651->562919->562884->613773->339003->613772->613773->339003->613772->613773->339003->613772->613773->339003->613772->613773->339003->613772->613773->339003->613772->613773->339003->339662->341549->341566->341568->341735->341564->342639->341549->339128->339093->338226->646291->646290->646291->338226->339127->338649->338999->339654->339136->645956->338227->339819->646028->646027->646028->646026->646025->646026->339934->339811->340231->339724->339314->339317->338256->339580->613775->338232->338908->338255->338246->338248->339715->339720->339718->339716->339714->338351->587871->338363->338340->338330->338318->338319->338320->340305->338763->563047->338319->338318->338620->338317->339563->339562->338317->613780->613779->338340->338363->587871->338351->338350->339575->338326->338327->338207->340157->340158->338207->340157->340158->338207->340157->340158->338207->340157->340158->338207->340157->340158->338207->340157->340158->338207->340157->340158->338207->340157->340158->338207->338327->338326->339575->338350->338351->339714->339716->339718->339715->339720->339718->339716->339720->339715->339718->339720->339719->339720->339718->339716->339720->339715->339718->339716->339720->339715->339718->339716->339720->339715->339718->339716->339720->339715->339718->339716->339720->339715->339718->339716->339720->339715->339718->339716->339720->339715->339718->339716->339720->339715->339718->339716->339720->339715->339718->339716->339720->339715->339718->339716->339720->339715->339718->339716->339720->339715->339718
rl_signal_attention,t1_seonjeongneung_daechi,long,peak,8.0,28,2891.2487,2283.7224,607.5264,3222.038,1614.8271,18668.0,32,False,200,28,64,108,341608->341553->341563->341561->341568->341736->341555->340705->341572->339293->338651->562919->562884->613773->339003->339662->341549->342639->563096->342115->343710->341560->342648->563067->342115->343710->341560->342648->563067->342636->342147->341996->341571->340229->562951->338222->338198->338199->338224->342071->341571->341521->342613->341535->344530->344529->341533->344530->341535->342613->341521->341571->340229->562951->338222->338198->338199->338224->342071->341571->341521->342613->341535->344530->344529->341533->344530->341535->342613->341521->341571->340229->562951->338222->338198->562865->339135->338197->338925->587845->563046->587845->338925->338197->338597->338605->338223->338604->646056->646055->646056->338604->338223->338603->339126->338348->338347->338346->339296->338349->338341->338728->339266->338343->338313->338707->338314->338315->338345->340097->339563->338317->613780->613779->338340->338363->587871->338351->338350->339575->338326->338327->338207->340157->340158->338207->340157->340158->338207->340157->340158->338207->340157->340158->338207->340157->340158->338207->340157->340158->338207->340157->340158->338207->340157->340158->338207->338327->338326->339575->338350->338351->339714->339716->339718->339715->339720->339718->339716->339720->339715->339718->339716->339720->339715->338248->338246->338255->338908->338232->613774->339740->562885->339311->340296->339735->339734->339733->339734->339736->338760->339730->339731->338755->340115->339735->340296->339311->562885->339740->613774->613775->338232->338908->338255->338246->338248->339715->339720->339718->339716
rl_signal_attention,t1_seonjeongneung_daechi,long,peak,8.0,29,2904.401,2307.8323,596.5687,3262.6818,1585.7012,19441.3,25,False,200,36,61,103,341608->341553->341563->341561->341568->341736->341555->340705->341572->588040->341557->343102->344213->341607->342685->341600->342074->338219->338218->339571->338261->341734->341572->340705->341555->341556->342153->343109->613772->613773->339003->613772->613773->339003->613772->613773->562884->562919->338651->339651->613662->613661->613662->339651->338651->339293->341572->340705->341555->342643->341561->341562->341564->342639->563096->342115->343710->341560->342648->563067->342636->342147->341996->341571->340229->562951->338222->338198->338199->338224->342071->341571->341521->342613->341535->344530->344529->341533->344530->341535->342613->341521->341571->340229->562951->338222->338198->562865->339135->338197->338925->587845->563046->587845->338925->338197->338597->338605->338223->338604->646056->646055->646056->338604->338223->338603->339126->338348->338347->338346->339296->338349->338341->338728->339266->338343->338313->338707->338314->338315->338887->340280->562957->340280->338887->338342->338328->338327->338207->340157->340158->338207->340157->340158->338207->340157->340158->338207->340157->340158->338207->340157->338234->339582->338232->338908->338255->338246->338248->338245->646015->339318->338246->338248->339715->339720->339718->339716->339720->339715->339718->339716->339720->339715->339718->339716->339714->338351->587871->338363->338340->338330->338318->338319->338323->338763->563047->338319->338318->338620->338317->613780->613779->338340->338363->587871->338351->338350->339575->338326->338327->338207->340157->340158->338207->340157->340158->338207->340157->340158->338207
rl_signal_attention,t1_seonjeongneung_daechi,long,peak,8.0,30,1878.0269,1419.2542,458.7728,1992.7284,1219.4347,11757.6,19,True,117,23,26,68,341608->341553->341563->341561->341568->341736->341555->340705->341572->339293->338651->562919->562884->613773->339003->613772->613773->339003->613772->343109->342153->341556->341555->341736->341568->341735->341564->342639->563096->342115->343710->341560->342648->563067->342115->343710->341560->342648->563067->342636->342147->341996->341571->340229->562951->338222->338198->338199->338224->342071->341571->341521->342613->341535->344530->344529->341533->344530->341535->342613->341521->341571->340229->562951->338222->338198->338199->338224->342071->341571->341521->342613->341535->344530->344529->343940->339229->338324->338769->338311->646265->338733->339152->339153->562882->562895->562882->339153->339152->338733->646265->338311->339265->338310->343919->343726->341535->342613->341521->341571->340229->562951->338222->338198->562865->339135->339122->646056->646055->646056->338604->338223->338603->339126->338348->338347->338706->338354
rl_signal_attention,t2_yeoksam_hakyeoul,long,off_peak,7.0,1,3571.4788,2808.7844,762.6943,3224.0719,2027.2692,23199.1,38,False,200,33,48,119,338267->338584->338254->338767->338768->587842->338583->338268->338582->339138->339116->338705->338269->338581->340332->339979->338631->338933->340139->339308->338988->338629->338270->338628->338624->338238->338625->339478->339477->339480->340320->339728->339312->613624->338622->338256->339580->613775->338232->338908->338255->338246->338248->339715->339718->339716->339714->338351->587871->338363->338340->338330->338358->339151->562874->338352->338619->338618->338351->338350->339575->338326->338327->338207->340157->340158->338207->338327->338326->338328->338327->338326->339575->338350->338351->587871->338363->562875->338358->339151->562874->338352->338619->338618->338351->338350->339575->338326->338327->338207->340157->340158->338207->338327->338326->339575->338350->338351->587871->338363->338340->338330->338318->338319->338323->338763->563047->338319->338318->338330->338358->562875->338363->338340->338330->338318->338319->338323->338763->563047->338319->338318->338620->338317->613780->613779->338340->338363->587871->338351->338350->339575->338326->339713->339712->339884->338601->338354->338346->338347->338706->338354->338601->339884->339712->339944->339712->339713->338326->338327->338207->340157->340158->338207->338327->338326->339575->338350->338351->587871->338363->338340->338330->338318->338319->338323->338763->563047->338319->338318->338620->338317->613780->613779->338340->338363->587871->338351->338350->339575->338326->338327->338207->340157->340158->338207->338327->338326->339575->338350->338351->587871->338363->562875->338358->339151->562874->338352->338619->338618->338351
rl_signal_attention,t2_yeoksam_hakyeoul,long,off_peak,7.0,2,3297.4088,2669.2488,628.16,3230.9827,1669.6721,23012.6,29,False,200,33,46,121,338267->338584->338254->338767->338768->587842->338583->338268->338582->339138->339116->338705->338269->338581->340332->339979->338631->338933->340139->339308->338988->338629->338270->338628->338624->338238->338625->339478->339477->339480->340320->339728->339312->613624->338622->338256->339580->613775->338232->338908->338255->338246->338248->339715->339718->339716->339714->338351->587871->338363->338340->338330->338358->339151->562874->338352->338619->338618->338351->338350->339575->338326->338327->338207->340157->340158->338207->338327->338326->339575->338350->338351->587871->338363->562875->338358->339151->562874->338352->338619->338618->338351->338350->339575->338326->338327->338207->340157->340158->338207->338327->338328->338326->339713->339712->339884->338601->338354->338346->338347->338706->338354->338601->339884->339712->339944->339712->339713->338326->338327->338207->340157->340158->338207->338327->338326->339575->338350->338351->587871->338363->562875->338358->339151->562874->338352->338619->338618->338351->338350->339575->338326->338327->338207->340157->340158->338207->338327->338326->339575->338350->338351->587871->338363->338340->338330->338358->562875->338363->338340->338330->338318->338319->338323->338763->563047->338319->338318->338620->338317->613780->613779->338340->338363->587871->338351->338350->339575->338326->338327->338207->340157->340158->338206->339125->339124->587841->338206->340158->338207->338327->338326->339575->338350->338351->587871->338363->562875->338358->339151->562874->338352->338619->338618->338351->338350->339575->338326->338327->338207->340157
rl_signal_attention,t2_yeoksam_hakyeoul,long,off_peak,7.0,3,3511.936,2662.0249,849.9111,3201.95,2259.0946,22468.3,36,False,200,29,48,123,338267->338584->338254->338767->338768->587842->338583->338268->338582->339138->339116->338705->338269->338581->340332->339979->338631->338933->340139->339308->338988->338629->338270->338628->338624->338238->338625->339478->339477->339480->340320->339728->339312->613624->338622->338256->339580->613775->338232->338908->338255->338246->338248->339715->339718->339716->339714->338351->587871->338363->338340->338330->338358->339151->562874->338352->563055->562874->339151->338358->338330->338318->338319->338323->646119->338099->338100->646221->338353->338099->646119->338322->338743->338323->338319->563047->338763->340305->338764->338763->338323->338319->563047->338763->340305->338764->338763->563047->338319->338318->338620->338317->613780->613779->338340->338363->587871->338351->338350->339575->338326->338328->338327->338326->339575->338350->338351->587871->338363->562875->338358->339151->562874->338352->338619->338618->338351->339714->339716->339720->339715->339718->339716->339714->338351->587871->338363->338340->338330->338318->338319->338323->338763->563047->338319->338318->338620->338317->613780->613779->338340->338363->587871->338351->338350->339575->338326->338327->338207->340157->340158->338207->338327->338326->339575->338350->338351->587871->338363->562875->338358->339151->562874->338352->338619->338618->338351->338350->339575->338326->338327->338207->340157->340158->338207->338327->338326->339575->338350->338351->587871->338363->562875->338358->339151->562874->338352->338619->338618->338351->338350->339575->338326->338327->338207->340157->340158->338207->338327->338326->339575
rl_signal_attention,t2_yeoksam_hakyeoul,long,off_peak,7.0,4,3560.5346,2736.5669,823.9677,3445.6548,2190.136,23716.0,39,False,200,33,44,123,338267->338584->338254->338767->338768->587842->338583->338268->338582->339138->339116->338705->338269->338581->340332->339979->338631->338933->340139->339308->338988->338629->338270->338628->338624->338238->338625->339478->339477->339480->340320->339728->339312->613624->338622->338256->339580->613775->338232->338908->338255->338246->338248->339715->339718->339716->339714->338351->587871->338363->338340->338330->338358->339151->562874->338352->338619->338618->338351->338350->339575->338326->338327->338207->340157->340158->338207->338327->338326->339575->338350->338351->587871->338363->562875->338358->339151->562874->338352->338619->338618->338351->338350->339575->338326->338327->338207->340157->340158->338207->338327->338326->339575->338350->338351->587871->338363->338340->338330->338318->338319->338323->338763->563047->338319->338318->338620->338317->613780->613779->338340->338363->587871->338351->338350->339575->338326->338327->338207->340157->340158->338207->338327->338326->339575->338350->338351->587871->338363->338340->338330->338318->338319->338323->338763->563047->338319->338318->338620->338317->613780->613779->338340->338330->338318->338319->338323->338763->563047->338319->338318->338620->338317->613780->613779->338340->338363->587871->338351->338350->339575->338326->338327->338207->340157->340158->338207->338327->338326->339575->338350->338351->339714->339716->339720->339715->339718->339716->339714->338351->587871->338363->562875->338358->339151->562874->338352->563055->562874->338352->338619->338618->338351->339714->339716->339720->339715->339718->339716->339714->338351
rl_signal_attention,t2_yeoksam_hakyeoul,long,off_peak,7.0,5,3129.0018,2169.5664,959.4353,2728.1263,2550.2139,18009.2,40,False,200,54,31,115,338267->338584->338254->338767->338768->587842->338583->338268->338582->339138->339116->338705->338269->338581->340332->339979->338631->338933->340139->339308->339893->339307->338934->338933->338631->339979->340332->338581->338269->338775->339117->339088->646103->338250->338815->338133->338658->339021->338163->338633->339027->338133->338658->339021->338163->338633->339027->338133->338658->339021->338163->338633->339027->338133->338658->339021->338163->338633->339027->338133->338658->339021->338163->338633->339027->338133->338658->339021->338163->338633->339027->338133->338658->338657->338132->339053->339056->338162->338132->338156->339090->339091->339088->340328->340327->340328->340330->339087->338934->338933->338631->339979->340332->338581->338269->338580->339112->339947->339096->338710->338991->339115->338205->338998->339653->645973->339653->338998->338205->339115->338991->338710->339096->339947->339112->339113->339112->339947->339096->338710->338991->339115->338205->338998->340121->338997->339119->338588->338587->338262->339922->340140->339002->338922->339657->338655->339656->339807->339810->338999->338649->339127->338226->338252->338199->338224->342071->341571->341521->342613->646707->563094->342114->342113->342112->341739->341535->343726->343919->338310->339265->338311->646265->338733->339152->339153->562882->562895->562882->339153->339152->338733->646265->646264->646265->338311->339265->338310->343919->343726->341535->342613->646707->563094->342114->342113->341519->341515->341516->341517->341518->341558->563191->563189->341512->341517->341516->341515->341519->341513->341520
rl_signal_attention,t2_yeoksam_hakyeoul,long,off_peak,7.0,6,3647.2123,2734.5044,912.7079,3353.1149,2426.0107,23222.0,39,False,200,33,47,120,338267->338584->338254->338767->338768->587842->338583->338268->338582->339138->339116->338705->338269->338581->340332->339979->338631->338933->340139->339308->338988->338629->338270->338628->338624->338238->338625->339478->339477->339503->338839->338840->340290->339504->339505->339506->339503->339477->339480->340320->339728->339312->613624->338622->338256->339580->613775->338232->613774->613775->338232->338908->338255->338246->338248->339715->339718->339716->339714->338351->587871->338363->562875->338358->339151->562874->338352->338619->338618->338351->338350->339575->338326->338327->338207->340157->340158->338207->338327->338326->339575->338350->338351->587871->338363->338340->338330->338358->562875->338363->338340->338330->338318->338319->338323->338763->563047->338319->338318->338620->338317->613780->613779->338340->338363->587871->338351->338350->339575->338326->338327->338207->340157->340158->338207->338327->338326->339575->338350->338351->587871->338363->562875->338358->339151->562874->338352->338619->338618->338351->338350->339575->338326->338327->338207->340157->340158->338207->338327->338326->339575->338350->338351->587871->338363->338340->338330->338318->338319->338323->338763->563047->338319->338318->338620->338317->613780->613779->338340->338363->587871->338351->338350->339575->338326->338327->338207->340157->340158->338207->338327->338326->339575->338350->338351->587871->338363->562875->338358->339151->562874->338352->338619->338618->338351->339714->339716->339720->339715->339718->339716->339714->338351->338350->339575->338326->338327->338207->340157->340158->338207
rl_signal_attention,t2_yeoksam_hakyeoul,long,off_peak,7.0,7,3519.1333,2682.5699,836.5634,3341.9658,2223.6158,23058.1,32,False,200,38,47,115,338267->338584->338254->338767->338768->587842->338583->338268->339090->338156->339066->339741->338250->646103->339088->339117->338775->338269->338580->339112->339947->339096->338710->338991->339115->338205->338998->339653->645973->339653->338998->338205->338992->338592->338259->338590->338805->339504->339505->339506->339503->339477->339480->340320->339728->339312->613624->338622->338256->339580->613775->338232->338908->338255->338246->338248->339715->339718->339716->339714->338351->587871->338363->338340->338330->338358->339151->562874->338352->338619->338618->338351->338350->339575->338326->338327->338207->340157->340158->338206->587841->339124->339125->338206->340158->338207->338327->338326->339575->338350->338351->587871->338363->562875->338358->339151->562874->338352->338619->338618->338351->338350->339575->338326->338327->338207->340157->340158->338207->338327->338326->338328->338327->338326->339575->338350->338351->587871->338363->338340->338330->338318->338319->338323->338763->563047->338319->338323->338763->563047->338319->338318->338620->338317->613780->613779->338340->338363->587871->338351->338350->339575->338326->338327->338207->340157->340158->338207->338327->338326->339575->338350->338351->587871->338363->562875->338358->339151->562874->338352->338619->338618->338351->338350->339575->338326->338327->338207->340157->340158->338207->338327->338326->339575->338350->338351->587871->338363->562875->338358->339151->562874->338352->338619->338618->338351->338350->339575->338326->338327->338207->340157->340158->338207->338327->338326->339575->338350->338351->587871->338363
rl_signal_attention,t2_yeoksam_hakyeoul,long,off_peak,7.0,8,3404.4384,2605.9853,798.453,2967.2402,2122.3171,22213.9,36,False,200,31,43,126,338267->338584->338254->338767->338768->587842->338583->338268->338582->339138->339116->338705->338269->338581->340332->339979->338631->338933->340139->339308->338988->338629->338270->338628->338624->338238->338625->339478->339477->339480->340320->339728->339312->613624->338622->338256->339580->613775->338232->338908->338255->338246->338248->339715->339718->339716->339714->338351->587871->338363->338340->338330->338358->339151->562874->338352->338619->338618->338351->338350->339575->338326->338327->338207->340157->340158->338207->338327->338326->339575->338350->338351->587871->338363->562875->338358->339151->562874->338352->338619->338618->338351->338350->339575->338326->338327->338207->340157->340158->338207->338327->338326->339575->338350->338351->587871->338363->338340->338330->338318->338319->338323->338763->563047->338319->338318->338620->338317->613780->613779->338340->338363->587871->338351->338350->339575->338326->338327->338207->340157->340158->338207->338327->338326->339575->338350->338351->587871->338363->338340->338330->338318->338319->563047->338763->338323->338319->563047->338763->340305->338764->338763->563047->338319->338318->338620->338317->613780->613779->338340->338363->587871->338351->338350->339575->338326->338327->338328->338342->338887->338315->338314->338707->338313->338343->339266->338728->338341->338349->339296->338346->338347->338706->338354->338601->339884->339712->339944->339712->339713->338326->338327->338207->340157->340158->338207->338327->338326->339575->338350->338351->587871->338363->562875->338358->339151->562874->338352->338619->338618->338351
rl_signal_attention,t2_yeoksam_hakyeoul,long,off_peak,7.0,9,3320.0173,2613.0663,706.9511,3089.7841,1879.1016,21655.1,29,False,200,46,39,115,338267->338584->338254->338767->338768->587842->338583->338268->338582->339138->339116->338705->338269->338581->340332->339979->338631->338933->340139->339308->338988->338629->338270->338628->338624->338238->338625->339478->339477->339480->340320->339728->339312->613624->338622->338256->339580->613775->338232->338908->338255->338246->338248->339715->339718->339716->339714->338351->587871->338363->338340->338330->338358->339151->562874->338352->338619->338618->338351->338350->339575->338326->338327->338207->340158->340157->338207->340158->340157->338207->340158->340157->338207->340158->340157->338207->340158->340157->338207->340158->340157->338207->338327->338326->339575->338350->338351->587871->338363->338340->338330->338358->339151->562874->338352->338619->338618->338351->338350->339575->338326->338327->338207->340157->340158->338207->338327->338326->339575->338350->338351->587871->338363->562875->338358->339151->562874->338352->338619->338618->338351->338350->339575->338326->338327->338207->340157->340158->338207->338327->338326->339575->338350->338351->587871->338363->338340->338330->338318->338319->338323->338763->563047->338319->338318->338620->338317->613780->613779->338340->338363->587871->338351->338350->339575->338326->338327->338328->338342->338887->338315->338314->338707->338313->338343->339266->338728->338341->338349->339296->338346->338347->338706->338354->338601->339884->339712->339944->339712->339713->338326->338327->338207->340157->340158->338207->338327->338326->339575->338350->338351->587871->338363->338340->338330->338318->338319->338323->338763->340304->338743
rl_signal_attention,t2_yeoksam_hakyeoul,long,off_peak,7.0,10,3275.3097,2572.1305,703.1791,3071.1641,1869.0757,21006.4,31,False,200,33,44,123,338267->338584->338254->338767->338768->587842->338583->338268->338582->339138->339116->338705->338269->338581->340332->339979->338631->338933->340139->339308->339893->339307->338934->338933->338631->339979->340332->338581->338269->338580->339112->339947->339096->338710->338991->339115->338205->338998->339653->645973->339653->338998->338205->338992->338592->338259->338590->338805->339504->339505->339506->339503->339477->339480->340320->339728->339312->613624->338622->338256->339580->613775->338232->338908->338255->338246->338248->338245->646015->339318->338246->338255->338908->338232->613774->613775->338232->338908->338255->338246->338248->339715->339718->339716->339714->338351->587871->338363->562875->338358->339151->562874->338352->338619->338618->338351->338350->339575->338326->338327->338207->340157->340158->338207->338327->338326->339575->338350->338351->587871->338363->562875->338358->339151->646188->339151->338358->338330->338318->338319->338323->338763->563047->338319->338318->338620->338317->613780->613779->338340->338363->587871->338351->338350->339575->338326->338327->338207->340157->340158->338207->338327->338326->339575->338350->338351->587871->338363->562875->338358->339151->562874->338352->338619->338618->338351->338350->339575->338326->338327->338207->340157->340158->338207->338327->338326->339575->338350->338351->338618->338619->338352->563055->562874->339151->338358->338330->338318->338319->338323->338763->563047->338319->338318->338620->338317->613780->613779->338340->338363->587871->338351->338350->339575->338326->338327->338207->340157->340158->338207->338327
rl_signal_attention,t2_yeoksam_hakyeoul,long,off_peak,7.0,11,3617.8706,2755.5681,862.3025,3288.5351,2292.0315,23625.9,34,False,200,39,55,106,338267->338585->562917->338230->646176->339098->340484->338229->338218->339094->338258->339132->338586->338262->338587->338588->339119->338589->338205->338992->338592->338259->338590->338805->339504->339505->339506->339503->339477->339480->340320->339728->339312->613624->338622->338256->339580->613775->613774->338232->613775->339580->338256->338621->338727->339001->338776->338206->340158->338207->338327->338326->339575->338350->338351->587871->338363->338340->338330->338358->562875->338363->338340->338330->338358->339151->646188->339151->338358->338330->338318->338319->338323->338763->563047->338319->338318->338620->338317->613780->613779->338340->338363->587871->338351->338350->339575->338326->338327->338207->340157->340158->338207->338327->338326->339575->338350->338351->587871->338363->562875->338358->339151->562874->338352->338619->338618->338351->338350->339575->338326->338327->338207->340157->340158->338207->338327->338326->339575->338350->338351->587871->338363->338340->338330->338318->338319->338323->338763->563047->338319->338318->338362->339695->340050->339695->338362->338318->338330->338358->562875->338363->338340->338330->338318->338319->338323->338743->338316->338764->338763->563047->338319->338318->338620->338317->613780->613779->338340->338363->587871->338351->338350->339575->338326->338327->338207->340157->340158->338207->338327->338326->339575->338350->338351->587871->338363->562875->338358->339151->562874->338352->338619->338618->338351->338350->339575->338326->338327->338207->340157->340158->338207->338327->338326->339575->338350->338351->339714->339716->339720
rl_signal_attention,t2_yeoksam_hakyeoul,long,off_peak,7.0,12,3285.611,2718.1358,567.4752,3210.3406,1508.3696,22651.4,32,False,200,34,45,121,338267->338584->338254->338767->338768->587842->338583->338268->338582->339138->339116->338705->338269->338581->340332->339979->338631->338933->340139->339308->338988->338629->338270->338628->338624->338238->338625->339478->339477->339480->340320->339728->339727->339728->339312->613624->338622->338256->339580->613775->338232->338908->338255->338246->338248->339715->339718->339716->339714->338351->587871->338363->338340->338330->338358->339151->562874->338352->338619->338618->338351->338350->339575->338326->338327->338207->340157->340158->338207->338327->338326->339575->338350->338351->587871->338363->562875->338358->339151->562874->338352->338619->338618->338351->338350->339575->338326->338327->338207->340157->340158->338207->338327->338326->339575->338350->338351->587871->338363->338340->338330->338318->338319->338323->338763->563047->338319->338318->338620->338317->613780->613779->338340->338363->587871->338351->338350->339575->338326->338327->338207->340157->340158->338207->338327->338326->339575->338350->338351->587871->338363->562875->338358->339151->562874->338352->338619->338618->338351->338350->339575->338326->338327->338207->340157->340158->338207->338327->338326->339575->338350->338351->587871->338363->562875->338358->339151->562874->338352->338619->338618->338351->338350->339575->338326->338327->338207->340157->340158->338207->338327->338326->339575->338350->338351->587871->338363->562875->338358->339151->562874->563055->338352->338619->338618->338351->338350->339575->338326->338327->338207->340157->340158->338207->338327->338326->339575->338350->338351->587871->338363
rl_signal_attention,t2_yeoksam_hakyeoul,long,off_peak,7.0,13,3353.7012,2588.9312,764.77,3174.529,2032.7863,21914.3,31,False,200,30,47,123,338267->338584->338254->338767->338768->587842->338583->338268->338582->339138->339116->338705->338269->338581->340332->339979->338631->338933->340139->339308->338988->340118->339746->338630->338270->338629->338988->339308->339893->339307->338934->338933->338631->339979->340332->338581->338269->338580->339112->339947->339096->338710->338991->339115->338205->338998->339653->645973->339653->338998->340121->338997->645954->339806->646068->338655->339656->339807->339810->338999->339654->339136->645956->338227->339819->646028->646026->339934->339811->340231->339724->339314->339317->338256->338622->613624->339312->339728->340320->339480->339477->338842->338841->339480->339479->339478->338625->338238->338624->338628->338270->338630->339746->340118->338988->338629->338270->338628->338624->338238->338625->339478->338623->338841->339480->339479->339478->339477->339480->340320->339728->339312->613624->338622->338256->339580->613775->338232->338908->338255->338246->338248->339715->339718->339716->339714->338351->587871->338363->338340->338330->338358->562875->338363->338340->338330->338318->338362->339695->340050->339695->338362->338318->338330->338358->562875->338363->338340->338330->338318->338319->338323->338763->563047->338319->338318->338620->338317->613780->613779->338340->338363->587871->338351->338350->339575->338326->338327->338207->340157->338234->339582->338232->338908->338255->338246->338248->339715->339718->339716->339714->338351->587871->587870->587871->338351->338350->339575->338326->338327->338207->340157->340158->338207->338327->338326->339575->338350->338351->587871->587870
rl_signal_attention,t2_yeoksam_hakyeoul,long,off_peak,7.0,14,3474.6963,2731.5133,743.183,3322.1191,1975.4075,22830.8,39,False,200,29,43,128,338267->338584->338254->338767->338768->587842->338583->338268->338582->339138->339116->338705->338269->338581->340332->339979->338631->338933->340139->339308->338988->340118->339746->338630->338270->338629->338988->339308->339893->339307->338934->339087->340330->340328->339088->339091->339090->338268->338582->339138->339116->338705->338269->338581->340332->339979->338631->338933->340139->339308->338988->338629->338270->338628->338624->338238->338625->339478->339477->339480->340320->339728->339312->613624->338622->338256->339580->613775->338232->338908->338255->338246->338248->339715->339718->339716->339714->338351->587871->338363->562875->338358->339151->562874->338352->338619->338618->338351->338350->339575->338326->338327->338207->340157->340158->338207->338327->338326->339575->338350->338351->587871->338363->562875->338358->339151->562874->338352->338619->338618->338351->338350->339575->338326->338327->338207->340157->340158->338207->338327->338326->339575->338350->338351->339714->339716->339720->339715->339718->339716->339714->338351->587871->338363->338340->338330->338318->338319->338323->338763->563047->338319->338318->338620->338317->613780->613779->338340->338363->587871->338351->338350->339575->338326->338327->338207->340157->340158->338207->338327->338326->339575->338350->338351->587871->338363->562875->338358->339151->562874->338352->338619->338618->338351->338350->339575->338326->338327->338207->340157->340158->338207->338327->338326->339575->338350->338351->587871->338363->562875->338358->339151->562874->338352->338619->338618->338351->339714->339716->339720->339715
rl_signal_attention,t2_yeoksam_hakyeoul,long,off_peak,7.0,15,3421.0488,2716.8969,704.1519,3365.5456,1871.6612,23341.8,33,False,200,36,44,120,338267->338584->338254->338767->338768->587842->338583->338268->338582->339138->339116->338705->338269->338581->340332->339979->338631->338933->340139->339308->338988->338629->338270->338628->338624->338238->338625->339478->339477->339480->340320->339728->339727->339728->339312->613624->338622->338256->339580->613775->338232->338908->338255->338246->338248->339715->339718->339716->339714->338351->587871->338363->338340->338330->338358->339151->562874->338352->338619->338618->338351->338350->339575->338326->338327->338207->340157->340158->338207->338327->338326->339575->338350->338351->587871->338363->338340->338330->338358->339151->562874->338352->338619->338618->338351->338350->339575->338326->338327->338207->340157->340158->338207->338327->338326->339575->338350->338351->587871->338363->562875->338358->338330->338318->338319->338323->338763->563047->338319->338318->338620->338317->613780->613778->613780->613779->338340->338363->587871->338351->338350->339575->338326->338327->338207->340157->340158->338207->338327->338326->339575->338350->338351->587871->338363->338340->338330->338318->338319->338323->338763->563047->338319->338318->338620->338317->613780->613779->338340->338363->587871->338351->338350->339575->338326->338327->338207->340157->340158->338207->338327->338326->339575->338350->338351->587871->338363->562875->338358->339151->562874->338352->338619->338618->338351->338350->339575->338326->338327->338207->340157->340158->338207->338327->338326->339575->338350->338351->587871->338363->562875->338358->339151->562874->338352->338619->338618->338351->339714->339716->339720
rl_signal_attention,t2_yeoksam_hakyeoul,long,off_peak,7.0,16,3119.5353,2514.6031,604.9322,2873.8195,1607.9318,20400.0,24,False,200,43,46,111,338267->338584->338254->339133->338229->340484->339098->646176->338230->562917->562916->562917->338230->646176->339098->340484->338229->338218->339571->338261->341734->341572->339293->338651->562919->562884->613773->339003->613772->343109->342153->341556->341555->342643->341561->341562->341564->342639->563096->342115->343710->341560->341518->341517->341516->341515->342114->563094->646707->342613->341535->343726->343919->338310->339265->338311->646265->646264->646265->338311->338769->338324->338779->338324->338769->338311->339297->339000->339664->339665->339664->338312->338709->338313->338343->339266->338728->338341->338349->339296->338346->338347->338706->338354->338601->339884->339712->339944->339712->339713->338326->338327->338207->340157->340158->338207->338327->338326->339575->338350->338351->587871->338363->562875->338358->339151->562874->563055->338352->338619->338618->338351->338350->339575->338326->338327->338328->338326->338327->338207->340157->340158->338207->338327->338326->339575->338350->338351->587871->338363->338340->338330->338318->338319->338323->338763->563047->338319->338318->338620->338317->613780->613779->338340->338363->587871->338351->338350->339575->338326->338327->338207->340157->340158->338207->338327->338326->339575->338350->338351->587871->338363->338340->338330->338318->338319->338323->338763->563047->338319->338318->338620->338317->613780->613779->338340->338363->587871->338351->338350->339575->338326->338327->338207->340157->340158->338207->338327->338326->339713->339712->339884->338601->338354->338346->338347->338348->646202->338348->339126->338603
rl_signal_attention,t2_yeoksam_hakyeoul,long,off_peak,7.0,17,3482.3761,2683.7981,798.578,3238.2928,2122.6493,22739.8,35,False,200,36,48,116,338267->338584->338254->338767->338768->587842->338583->338268->338582->339138->339116->338705->338269->338581->340332->339979->338631->338933->340139->339308->338988->338629->338270->338628->338624->338238->338625->339478->339477->339480->340320->339728->339727->339728->339312->613624->338622->338256->339580->613775->338232->338908->338255->338246->338248->339715->339720->339718->339716->339720->339715->339718->339716->339714->338351->587871->338363->338340->338330->338358->339151->562874->338352->338619->338618->338351->338350->339575->338326->338327->338207->340157->340158->338207->338327->338326->339575->338350->338351->587871->338363->338340->338330->338358->339151->562874->338352->338619->338618->338351->338350->339575->338326->338327->338207->340157->340158->338207->338327->338326->339575->338350->338351->587871->338363->338340->338330->338318->338319->338323->338763->563047->338319->338318->338620->338317->613780->613779->338340->338330->338318->338319->338323->338763->563047->338319->338318->338620->338317->613780->613779->338340->338363->587871->338351->338350->339575->338326->338327->338207->340157->340158->338207->338327->338328->338342->338887->338315->338314->338707->338313->338343->338312->339664->339665->339664->338312->338343->339266->338728->338341->338349->339296->338346->338347->338706->338354->338601->339884->339712->339944->339712->339713->338326->338327->338207->340157->340158->338207->338327->338326->339575->338350->338351->339714->339716->339720->339715->339718->339716->339714->338351->587871->338363->338340->338330->338318->338319->338323->338763->563047
rl_signal_attention,t2_yeoksam_hakyeoul,long,off_peak,7.0,18,3555.3569,2707.7006,847.6563,3317.8608,2253.1012,22623.5,37,False,200,34,36,130,338267->338584->338254->338767->338768->587842->338583->338268->338582->339138->339116->338705->338269->338581->340332->339979->646073->339979->340332->338581->338269->338580->339112->339947->339096->338710->338991->339115->338205->338998->339653->645973->339653->338998->338205->338992->338592->338259->338590->338805->339504->339505->339506->339503->339477->339480->340320->339728->339312->613624->338622->338256->339580->613775->338232->338908->338255->338246->338248->339715->339718->339716->339714->338351->587871->338363->338340->338330->338358->339151->562874->338352->338619->338618->338351->338350->339575->338326->338327->338207->340157->340158->338207->338327->338326->339575->338350->338351->587871->338363->338340->338330->338358->339151->562874->338352->339883->338329->338100->338099->646119->338322->338743->338316->338764->338763->563047->338319->338318->338620->338317->613780->613779->338340->338363->587871->338351->338350->339575->338326->338327->338207->340157->340158->338207->338327->338326->339575->338350->338351->587871->338363->338340->338330->338318->338319->338323->338763->563047->338319->338318->338620->338317->613780->613779->338340->338363->587871->338351->338350->339575->338326->338327->338207->340157->340158->338207->338327->338326->339575->338350->338351->587871->338363->562875->338358->339151->562874->338352->338619->338618->338351->338350->339575->338326->338327->338207->340157->340158->338206->338776->339001->338727->338621->338256->339580->613775->338232->338908->338255->338246->338248->339715->339718->339716->339714->338351->587871->338363->562875->338358
rl_signal_attention,t2_yeoksam_hakyeoul,long,off_peak,7.0,19,3611.0989,2750.9935,860.1054,3447.5257,2286.1913,23708.3,43,False,200,28,41,131,338267->338584->338254->338767->338768->587842->338583->338268->338582->339138->339116->338705->338269->338581->340332->339979->338631->338933->340139->339308->338988->338629->338270->338628->338624->338238->338625->339478->339477->339480->340320->339728->339312->613624->338622->338256->339580->613775->338232->338908->338255->338246->338248->339715->339718->339716->339714->338351->587871->338363->338340->338330->338358->339151->562874->338352->338619->338618->338351->338350->339575->338326->338327->338207->340157->338234->338233->339581->338232->613774->613775->338232->338908->338255->338246->338248->339715->339718->339716->339714->338351->587871->338363->338340->338330->338318->338319->338323->338763->338764->340305->338763->563047->338319->338318->338620->338317->613780->613779->338340->338363->587871->338351->338350->339575->338326->338327->338207->340157->340158->338207->338327->338326->339575->338350->338351->587871->338363->562875->338358->339151->562874->338352->338619->338618->338351->338350->339575->338326->338327->338207->340157->340158->338206->339125->339124->587841->587903->587841->587844->646223->339001->338727->338621->338256->339580->613775->338232->338908->338255->338246->338248->339715->339718->339716->339714->338351->587871->338363->562875->338358->339151->562874->338352->338619->338618->338351->338350->339575->338326->338327->338207->340157->340158->338207->338327->338326->339575->338350->338351->587871->338363->562875->338358->339151->562874->338352->338619->338618->338351->339714->339716->339720->339718->339716->339714->338351->587871->338363->562875->338358
rl_signal_attention,t2_yeoksam_hakyeoul,long,off_peak,7.0,20,3348.9968,2563.7739,785.2229,3189.7266,2087.1509,21523.6,34,False,200,29,53,118,338267->338584->338254->338767->338768->587842->338583->338268->338582->339138->339116->338705->338269->338581->340332->339979->338631->338933->340139->339308->338988->338629->338270->338630->339746->340118->338988->338629->338270->338630->339746->340118->338988->338629->338270->338628->338624->338238->338625->339478->339477->339480->340320->339728->339312->613624->338622->338256->339580->613775->338232->338908->338255->338246->338248->339715->339718->339716->339714->338351->587871->338363->562875->338358->339151->562874->338352->338619->338618->338351->338350->339575->338326->338327->338207->340157->340158->338207->338327->338326->339575->338350->338351->587871->338363->338340->338330->338358->562875->338363->338340->338330->338358->562875->338363->338340->338330->338318->338319->338323->338763->563047->338319->338318->338362->339695->340050->339695->338362->338318->338620->338317->613780->613779->338340->338363->587871->338351->338350->339575->338326->339713->339712->339884->338601->338354->338346->338347->338348->646202->338348->339126->646201->646200->646201->339126->338603->338223->338604->646056->339122->339135->562865->338198->338199->342636->342147->341996->341571->340229->562951->338222->338198->338199->338224->342071->341571->341521->342613->646707->563094->342114->342113->342112->341739->341535->343726->343919->338310->339265->338311->646265->338733->339152->339153->562882->562895->562882->339153->339152->338733->646265->646264->646265->338311->339265->338310->343919->343726->341535->342613->646707->563094->342114->342113->341519->341515->341516->341517->341518->341558
rl_signal_attention,t2_yeoksam_hakyeoul,long,off_peak,7.0,21,3283.6712,2606.152,677.5192,3141.9873,1800.8706,21818.9,32,False,200,48,40,112,338267->338584->338254->338767->338768->587842->338583->338268->338582->339138->339116->338705->338269->338581->340332->339979->338631->338933->340139->339308->338988->338629->338270->338628->338624->338238->338625->339478->339477->339480->340320->339728->339312->613624->338622->338256->339580->613775->338232->338908->338255->338246->338248->339715->339718->339716->339714->338351->587871->338363->338340->338330->338358->339151->562874->338352->338619->338618->338351->338350->339575->338326->338327->338207->340157->340158->338207->338327->338326->339575->338350->338351->587871->338363->562875->338358->339151->562874->338352->338619->338618->338351->338350->339575->338326->338327->338207->340157->340158->338207->338327->338326->339575->338350->338351->587871->338363->338340->338330->338318->338319->338323->338763->563047->338319->338318->338620->338317->613780->613779->338340->338363->587871->338351->338350->339575->338326->338327->338207->340157->340158->338207->338327->338328->338326->338327->338207->340157->340158->338207->338327->338326->339575->338350->338351->587871->338363->562875->338358->339151->562874->338352->338619->338618->338351->338350->339575->338326->338327->338207->340157->340158->338207->338327->338326->339575->338350->338351->587871->338363->338340->338330->338318->338319->338323->338743->338316->338764->338763->563047->338319->338318->338620->338317->613780->613779->338340->338363->587871->338351->338350->339575->338326->338327->338207->340158->340157->338207->340158->340157->338207->340158->340157->338207->340158->340157->338207->340158->340157->338207->340158
rl_signal_attention,t2_yeoksam_hakyeoul,long,off_peak,7.0,22,3412.5594,2784.5426,628.0169,3392.9608,1669.2916,23216.9,31,False,200,41,48,111,338267->338584->338254->338767->338768->587842->338583->338268->338582->339138->339116->338705->338269->338581->340332->339979->338631->338933->340139->339308->338988->338629->338270->338628->338624->338238->338625->339478->339477->339480->340320->339728->339312->613624->338622->338256->338621->338727->339001->338776->338206->340158->338207->338327->338326->339575->338350->338351->587871->338363->338340->338330->338358->339151->562874->338352->338619->338618->338351->338350->339575->338326->338327->338207->340157->340158->338207->338327->338326->339575->338350->338351->587871->338363->338340->338330->338358->339151->562874->338352->338619->338618->338351->338350->339575->338326->338327->338207->340157->340158->338207->338327->338326->339575->338350->338351->587871->338363->562875->338358->339151->562874->338352->338619->338618->338351->338350->339575->338326->338327->338207->340157->340158->338207->338327->338326->339575->338350->338351->587871->587870->587871->338363->338340->338330->338318->338319->338323->338763->563047->338319->338318->338620->338317->613780->613779->338340->338363->587871->338351->338350->339575->338326->338327->338207->340157->340158->338207->338327->338326->339575->338350->338351->587871->338363->338340->338330->338318->338319->338323->338763->563047->338319->338318->338620->338317->613780->613779->338340->338363->587871->587870->587871->338351->338350->339575->338326->338327->338207->340157->340158->338207->338327->338326->339575->338350->338351->587871->338363->338340->338330->338318->338319->338323->338763->340304->338743->338316->338745->338764->340305
rl_signal_attention,t2_yeoksam_hakyeoul,long,off_peak,7.0,23,3498.1582,2696.906,801.2522,3211.0623,2129.7575,22616.8,35,False,200,37,46,117,338267->338803->613768->613766->613767->339070->339292->562936->338139->339054->338156->339066->339741->338250->646103->339088->339117->338775->338269->338580->339112->339947->339096->338710->338991->339115->338205->338998->339653->338204->340199->339804->340199->338204->338789->338923->340045->340479->587843->338594->338227->645956->339136->338209->338648->646070->646069->646070->338251->338252->338199->338224->342071->341571->341521->342613->646707->563094->342114->342113->342112->342612->342112->342113->342114->563094->646707->342613->341535->343726->343919->338310->339265->338311->646265->646264->646265->338311->339297->339000->339664->339665->339664->338312->338709->338313->340271->340280->338887->338342->338328->338326->338327->338207->340157->338234->339582->338232->338908->338255->338246->339318->646015->338245->338248->339715->339718->339716->339714->338351->587871->338363->562875->338358->339151->562874->338352->338619->338618->338351->338350->339575->338326->338327->338207->340157->340158->338207->338327->338326->339575->338350->338351->587871->338363->338340->338330->338318->338319->338323->338763->563047->338319->338318->338620->338317->613780->613779->338340->338363->587871->338351->338350->339575->338326->338327->338207->340157->340158->338207->338327->338326->339575->338350->338351->587871->338363->562875->338358->339151->562874->338352->338619->338618->338351->338350->339575->338326->338327->338207->340157->340158->338207->338327->338326->339575->338350->338351->587871->338363->562875->338358->339151->562874->338352->338619->338618->338351->338350->339575->338326
rl_signal_attention,t2_yeoksam_hakyeoul,long,off_peak,7.0,24,3328.97,2512.7778,816.1922,3200.9797,2169.4685,21079.5,33,False,200,33,39,128,338267->338584->338254->339133->338229->340484->339098->646176->338230->562917->338585->338267->338584->338254->338767->338768->587842->338583->338268->338582->339138->339116->338705->338269->338581->340332->340331->340332->338581->338269->338580->339112->339947->339096->338710->338991->339115->338205->338589->339119->338997->645954->339806->646068->338655->339656->339807->339810->338999->339654->339136->645956->338227->339819->646028->646026->339934->339811->340231->339724->339314->339317->338256->339580->613775->338232->338908->338255->338246->338248->339715->339718->339716->339714->338351->587871->338363->338340->338330->338358->339151->562874->338352->338619->338618->338351->338350->339575->338326->338327->338207->340157->340158->338207->338327->338326->339575->338350->338351->587871->338363->562875->338358->339151->562874->338352->338619->338618->338351->338350->339575->338326->338327->338207->340157->340158->338207->338327->338326->339575->338350->338351->587871->338363->338340->338330->338318->338319->338323->338763->563047->338319->338318->338620->338317->613780->613779->338340->338363->587871->338351->338350->339575->338326->338327->338207->340157->340158->338207->338327->338326->339575->338350->338351->587871->338363->562875->338358->339151->562874->338352->338619->338618->338351->338350->339575->338326->338327->338328->338342->338887->338315->338314->338707->338313->338343->339266->338728->338341->338349->339296->338346->338347->338348->646202->338348->339126->646201->646200->646201->339126->338348->338347->338346->338354->338600->587846->587910->339124->587841->338206
rl_signal_attention,t2_yeoksam_hakyeoul,long,off_peak,7.0,25,2787.3518,2228.7051,558.6467,2639.6817,1484.9033,19123.8,22,False,200,82,33,85,338267->340192->338229->340484->340483->340484->338229->338218->339094->338258->339132->338586->338262->338587->338588->339119->338589->338205->338992->338592->338259->338590->338805->339504->339505->339506->339503->339477->339480->340320->339728->339312->613624->338622->338256->339580->613775->338232->338908->338255->338246->339318->646015->338245->338248->339715->339718->339716->339714->338351->587871->338363->562875->338358->339151->562874->338352->338619->338618->338351->338350->339575->338326->338327->338207->340158->340157->338207->340158->340157->338207->340158->340157->338207->340158->340157->338207->340158->340157->338207->340158->340157->338207->340158->340157->338207->340158->340157->338207->340158->340157->338207->340158->340157->338207->340158->340157->338207->340158->340157->338207->340158->340157->338207->340158->340157->338207->340158->340157->338207->340158->340157->338207->340158->340157->338207->340158->338206->339125->339124->587841->338206->340158->338207->338327->338326->339575->338350->338351->587871->338363->338340->338330->338358->562875->338363->338340->338330->338358->339151->562874->338352->563055->562874->339151->338358->338330->338318->338319->338323->338763->563047->338319->338318->338620->338317->613780->613779->338340->338363->587871->338351->338350->339575->338326->338327->338207->340157->340158->338207->338327->338326->339575->338350->338351->587871->338363->338340->338330->338318->338319->338323->338763->563047->338319->338318->338620->338317->613780->613779->338340->338330->338318->338319->338323->338763->563047->338319->338320->340305->338763
rl_signal_attention,t2_yeoksam_hakyeoul,long,off_peak,7.0,26,3639.8299,2715.7373,924.0926,3418.083,2456.2717,23265.2,40,False,200,32,48,120,338267->338584->338254->338767->338768->587842->338583->338268->338582->339138->339116->338705->338269->338581->340332->339979->338631->338933->340139->339308->338988->338629->338270->338628->338624->338238->338625->339478->339477->339480->340320->339728->339312->613624->338622->338256->339580->613775->338232->338908->338255->338246->338248->339715->339718->339716->339714->338351->587871->338363->338340->338330->338358->339151->562874->563055->338352->338619->338618->338351->338350->339575->338326->338327->338207->340157->340158->338207->338327->338326->339575->338350->338351->587871->338363->562875->338358->339151->562874->338352->338619->338618->338351->338350->339575->338326->338327->338207->340157->340158->338207->338327->338326->339575->338350->338351->587871->338363->338340->338330->338318->338319->338323->338763->563047->338319->338318->338330->338358->562875->338363->338340->338330->338318->338319->338323->338763->563047->338319->338318->338620->338317->613780->613779->338340->338363->587871->338351->338350->339575->338326->338327->338207->340157->340158->338207->338327->338326->339575->338350->338351->587871->338363->562875->338358->339151->562874->338352->338619->338618->338351->338350->339575->338326->338327->338207->340157->340158->338207->338327->338326->339575->338350->338351->587871->338363->562875->338358->339151->562874->338352->338619->338618->338351->338350->339575->338326->338327->338207->340157->340158->338207->338327->338326->339575->338350->338351->339714->339716->339720->339715->339718->339716->339714->338351->338618->338619->338352->563055->562874->339151
rl_signal_attention,t2_yeoksam_hakyeoul,long,off_peak,7.0,27,3640.0343,2934.3807,705.6536,3699.6303,1875.6529,24740.8,40,False,200,33,42,125,338267->338584->338254->338767->338768->587842->338583->338268->338582->339138->339116->338705->338269->338581->340332->339979->338631->338933->340139->339308->338988->338629->338270->338628->338624->338238->338625->339478->339477->339480->340320->339728->339312->613624->338622->338256->339580->613775->338232->338908->338255->338246->338248->339715->339718->339716->339714->338351->587871->338363->338340->338330->338358->339151->562874->338352->338619->338618->338351->338350->339575->338326->338327->338207->340157->340158->338207->338327->338326->339575->338350->338351->587871->338363->338340->338330->338358->339151->562874->338352->338619->338618->338351->338350->339575->338326->338327->338207->340157->340158->338207->338327->338326->339575->338350->338351->587871->338363->338340->338330->338318->338319->338323->338763->563047->338319->338318->338620->338317->613780->613779->338340->338363->587871->338351->338350->339575->338326->338327->338207->340157->340158->338207->338327->338326->339575->338350->338351->587871->587870->587871->338363->338340->338330->338318->338319->338323->338763->340304->338743->338316->338764->338763->563047->338319->338318->338330->338358->562875->338363->338340->338330->338318->338620->338317->613780->613779->338340->338363->587871->338351->339714->339716->339720->339715->339718->339716->339714->338351->587871->338363->562875->338358->339151->562874->338352->338619->338618->338351->338350->339575->338326->338327->338207->340157->338234->339582->338232->338908->338255->338246->338248->339715->339718->339716->339714->338351->587871->338363->562875->338358
rl_signal_attention,t2_yeoksam_hakyeoul,long,off_peak,7.0,28,3619.0855,2628.0071,991.0784,3351.2433,2634.3222,22792.4,40,False,200,32,46,122,338267->338584->338254->338767->338768->587842->338583->338268->338582->339138->339116->338705->338269->338581->340332->339979->338631->338933->340139->339308->338988->338629->338270->338628->338624->338238->338625->339478->339477->339480->340320->339728->339312->613624->338622->338256->339580->613775->338232->338908->338255->338246->338248->339715->339718->339716->339714->338351->587871->338363->338340->613779->613780->338317->338620->338318->338330->338358->339151->562874->338352->338619->338618->338351->338350->339575->338326->338327->338207->340157->340158->338207->340157->340158->338207->338327->338326->339575->338350->338351->587871->338363->338340->338330->338318->338319->338323->338763->563047->338319->338318->338620->338317->613780->613779->338340->338363->587871->338351->338350->339575->338326->338327->338207->340157->340158->338207->338327->338326->339575->338350->338351->587871->338363->338340->338330->338318->338319->338323->338763->563047->338319->338318->338620->338317->613780->613779->338340->338363->587871->338351->338350->339575->338326->338327->338207->340157->340158->338207->338327->338326->339575->338350->338351->587871->338363->562875->338358->339151->562874->338352->338619->338618->338351->338350->339575->338326->338327->338207->340157->340158->338207->338327->338326->339575->338350->338351->587871->338363->562875->338358->339151->562874->338352->338619->338618->338351->338350->339575->338326->338327->338207->340157->340158->338207->338327->338326->339575->338350->338351->587871->338363->562875->338358->339151->562874->338352->338619->338618->338351->338350
rl_signal_attention,t2_yeoksam_hakyeoul,long,off_peak,7.0,29,3274.4785,2689.5104,584.968,3110.4741,1554.8663,22930.4,30,False,200,30,46,124,338267->338584->338254->338767->338768->587842->338583->338268->338582->339138->339116->338705->338269->338581->340332->339979->338631->338933->340139->339308->338988->338629->338270->338628->338624->338238->338625->339478->339477->339480->340320->339728->339312->613624->338622->338256->339580->613775->338232->338908->338255->338246->338248->338249->339110->338352->338619->338618->338351->338350->339575->338326->338327->338207->340157->340158->338207->338327->338326->339575->338350->338351->587871->338363->338340->338330->338358->339151->562874->338352->338619->338618->338351->338350->339575->338326->338327->338207->340157->340158->338207->338327->338326->339575->338350->338351->587871->338363->562875->338358->339151->562874->338352->338619->338618->338351->338350->339575->338326->338327->338207->340157->340158->338207->338327->338326->339575->338350->338351->587871->338363->562875->338358->339151->562874->338352->338619->338618->338351->338350->339575->338326->338328->338327->338207->340157->340158->338207->338327->338326->339575->338350->338351->587871->338363->562875->338358->339151->562874->338352->338619->338618->338351->338350->339575->338326->338327->338207->340157->340158->338207->338327->338326->339575->338350->338351->587871->338363->562875->338358->339151->562874->338352->339883->338329->338100->338099->338353->646221->338100->338329->339883->338352->338619->338618->338351->338350->339575->338326->338327->338207->340157->340158->338207->338327->338326->339575->338350->338351->587871->338363->562875->338358->339151->562874->338352->338619->338618->338351->338350->339575
rl_signal_attention,t2_yeoksam_hakyeoul,long,off_peak,7.0,30,3512.7146,2764.9847,747.7298,3151.7949,1987.493,22410.9,38,False,200,35,40,125,338267->338584->338254->338767->338768->587842->338583->338268->338582->339138->339116->338705->338269->338581->340332->339979->338631->338933->340139->339308->338988->338629->338270->338628->338624->338238->338625->339478->339477->339480->340320->339728->339312->613624->338622->338256->339580->613775->338232->338908->338255->338246->338248->339715->339718->339716->339714->338351->587871->338363->338340->338330->338358->339151->562874->338352->338619->338618->338351->338350->339575->338326->338327->338207->340157->340158->338207->338327->338326->339575->338350->338351->338618->338619->338352->563055->562874->339151->338358->338330->338318->338319->338323->646119->338099->338100->646221->338353->338099->646119->338322->338743->338323->646119->338099->338100->646221->338353->338099->646119->338322->338743->338323->338319->563047->338763->340305->338764->338763->563047->338319->338318->338620->338317->613780->613779->338340->338363->587871->338351->338350->339575->338326->338327->338207->340157->340158->338207->338327->338326->339575->338350->338351->587871->338363->338340->338330->338318->338319->338320->340305->338763->563047->338319->338318->338620->338317->613780->613779->338340->338363->587871->338351->338350->339575->338326->338327->338207->340157->340158->338207->338327->338326->339575->338350->338351->587871->338363->338340->338330->338318->338319->563047->338763->340305->338764->338763->563047->338319->338318->338620->338317->613780->613779->338340->338363->587871->338351->338350->339575->338326->338327->338207->340157->340158->338207->338327->338326->339575->338350->338351
rl_signal_attention,t2_yeoksam_hakyeoul,long,peak,8.0,1,3520.8692,2612.9057,907.9636,3647.2991,2413.4001,21955.3,40,False,200,31,44,125,338267->338584->338254->338767->338768->587842->338583->338268->338582->339138->339116->338705->338269->338581->340332->339979->338631->338933->340139->339308->338988->338629->338270->338628->338624->338238->338625->339478->339477->339480->340320->339728->339312->613624->338622->338256->339580->613775->338232->338908->338255->338246->338248->339715->339718->339716->339714->338351->587871->338363->338340->338330->338358->339151->562874->338352->338619->338618->338351->338350->339575->338326->338327->338207->340157->340158->338207->338327->338326->339575->338350->338351->587871->338363->338340->338330->338318->338319->338323->338763->563047->338319->338318->338620->338317->613780->613779->338340->338363->587871->338351->339714->339716->339720->339715->339718->339716->339714->338351->587871->338363->562875->338358->339151->562874->338352->338619->338618->338351->338350->339575->338326->338327->338207->340157->340158->338207->338327->338326->339575->338350->338351->587871->338363->562875->338358->339151->562874->338352->338619->338618->338351->338350->339575->338326->338327->338328->338342->338887->338315->338314->338707->338313->338343->339266->338728->338341->338349->339296->338346->338347->338348->646202->338348->339126->646201->646200->646201->339126->338603->338223->338602->339123->339120->339123->338790->339152->338733->646265->646264->646265->338311->339265->338310->343919->343726->341535->342613->646707->563094->342114->342113->341519->341515->341516->341517->341518->341558->563191->563189->341512->341517->341518->341558->563191->563189->341512->341517->341518->341558->563191
rl_signal_attention,t2_yeoksam_hakyeoul,long,peak,8.0,2,2866.8438,2088.8566,777.9872,2502.3329,2067.9183,14675.8,34,False,200,33,39,128,338267->338584->338254->338926->646136->338920->613766->613767->338253->339069->339134->338230->646176->339098->340484->338229->338218->339571->338261->341734->341572->339293->338651->562919->562884->613773->339003->613772->343109->342153->341556->341555->342643->341561->341562->341564->342639->563096->342115->343710->341560->341518->341517->341516->341515->341519->341513->341520->343933->343932->343939->343938->342836->343936->343935->343939->343932->343937->343934->341532->341533->344530->341535->343726->343919->338310->339265->338311->646265->646264->646265->338311->338769->338324->338779->338324->338769->338311->646265->646264->646265->338311->338769->338324->338779->338324->339669->338324->338779->338324->338769->338311->339297->339000->339664->338312->338709->338313->338343->339266->338728->338341->338349->339296->338346->338347->338348->646202->338348->339126->338603->338223->338604->646056->339122->339135->562865->338198->338199->338224->342071->341571->341521->342613->646707->563094->342114->342113->342112->341739->341535->343726->343919->338310->339265->338311->646265->646264->646265->338311->338769->338324->338779->338324->339669->338324->338769->338311->646265->646264->646265->338311->338769->338324->338779->338324->338769->338311->646265->646264->646265->338311->338769->338324->338779->338324->339669->338324->338769->338311->646265->646264->646265->338311->338769->338324->338779->338324->338769->338311->646265->646264->646265->338311->338769->338324->338779->338324->339669->338324->338769->338311->646265->338733->339152->339153->562882->562895->562882->339153->339152
rl_signal_attention,t2_yeoksam_hakyeoul,long,peak,8.0,3,3431.7276,2802.0392,629.6884,3687.5828,1673.7347,24073.4,32,False,200,28,49,123,338267->338584->338254->338767->338768->587842->338583->338268->338582->339138->339116->338705->338269->338581->340332->339979->338631->338933->340139->339308->338988->338629->338270->338628->338624->338238->338625->339478->339477->339503->338839->338840->340290->339504->339505->339506->339503->339477->339480->340320->339728->339312->613624->338622->338256->339580->613775->338232->338908->338255->338246->338248->339715->339718->339716->339714->338351->587871->338363->338340->338330->338358->339151->562874->338352->338619->338618->338351->338350->339575->338326->338328->338327->338326->339575->338350->338351->587871->338363->338340->338330->338358->562875->338363->338340->338330->338358->562875->338363->338340->338330->338318->338319->338323->338763->563047->338319->338318->338620->338317->613780->613779->338340->338363->587871->338351->338350->339575->338326->338327->338207->340157->340158->338207->338327->338326->339575->338350->338351->587871->338363->562875->338358->339151->562874->338352->338619->338618->338351->338350->339575->338326->338327->338207->340157->340158->338207->338327->338326->339575->338350->338351->587871->338363->562875->338358->339151->562874->338352->338619->338618->338351->338350->339575->338326->338327->338207->340157->340158->338207->338327->338326->339575->338350->338351->587871->338363->562875->338358->339151->562874->338352->338619->338618->338351->338350->339575->338326->338327->338207->340157->340158->338207->338327->338326->339575->338350->338351->587871->338363->562875->338358->339151->562874->338352->563055->562874->339151->338358->338330->338318
rl_signal_attention,t2_yeoksam_hakyeoul,long,peak,8.0,4,3434.2778,2710.9302,723.3476,3611.1638,1922.6841,22964.8,33,False,200,30,44,126,338267->338584->338254->338767->338768->587842->338583->338268->338582->339138->339116->338705->338269->338581->340332->339979->338631->338933->340139->339308->338988->338629->338270->338628->338624->338238->338625->339478->339477->339503->338839->338840->340290->339504->339505->339506->339503->339477->339480->340320->339728->339312->613624->338622->338256->339580->613775->338232->338908->338255->338246->338248->339715->339718->339716->339714->338351->587871->338363->562875->338358->339151->562874->338352->338619->338618->338351->338350->339575->338326->338327->338207->340157->340158->338207->338327->338326->339575->338350->338351->587871->338363->562875->338358->339151->562874->338352->338619->338618->338351->338350->339575->338326->338328->338327->338207->340157->340158->338207->338327->338326->339575->338350->338351->587871->338363->562875->338358->339151->562874->338352->338619->338618->338351->338350->339575->338326->338327->338207->340157->340158->338207->338327->338326->339575->338350->338351->587871->338363->562875->338358->339151->562874->338352->338619->338618->338351->338350->339575->338326->338327->338207->340157->340158->338207->338327->338326->339575->338350->338351->587871->338363->562875->338358->339151->562874->338352->338619->338618->338351->339714->339716->339720->339715->339718->339716->339714->338351->587871->338363->562875->338358->339151->562874->338352->338619->338618->338351->338350->339575->338326->338327->338207->340157->340158->338206->339125->339124->587841->338206->340158->338207->338327->338326->339575->338350->338351->587871->338363->562875->338358
rl_signal_attention,t2_yeoksam_hakyeoul,long,peak,8.0,5,3585.4608,2866.6798,718.781,3810.5982,1910.5461,23984.9,33,False,200,38,48,114,338267->338584->338254->338767->338768->587842->338583->338268->338582->339138->339116->338705->338269->338581->340332->339979->338631->338933->340139->339308->338988->338629->338270->338628->338624->338238->338625->339478->339477->339480->340320->339728->339312->613624->338622->338256->339580->613775->338232->338908->338255->338246->338248->339715->339718->339716->339714->338351->587871->338363->338340->338330->338358->339151->562874->338352->338619->338618->338351->338350->339575->338326->338327->338207->340157->340158->338207->338327->338326->339575->338350->338351->587871->338363->338340->338330->338358->562875->338363->338340->338330->338358->562875->338363->338340->338330->338318->338319->338323->338763->563047->338319->338323->338763->563047->338319->338318->338620->338317->613780->613779->338340->338363->587871->338351->338350->339575->338326->338327->338207->340157->340158->338207->338327->338326->339575->338350->338351->587871->338363->562875->338358->339151->562874->338352->338619->338618->338351->338350->339575->338326->338327->338328->338326->338327->338207->340157->340158->338207->338327->338326->339575->338350->338351->587871->338363->562875->338358->339151->646188->339151->338358->338330->338318->338319->338323->338763->563047->338319->338318->338620->338317->613780->613779->338340->338363->587871->338351->338350->339575->338326->338327->338207->340157->340158->338207->338327->338326->339575->338350->338351->587871->338363->562875->338358->339151->562874->338352->338619->338618->338351->338350->339575->338326->338327->338207->340157->340158->338207->338327->338326
rl_signal_attention,t2_yeoksam_hakyeoul,long,peak,8.0,6,3470.0415,2742.9004,727.1411,3675.8316,1932.7674,22886.4,34,False,200,31,44,125,338267->338584->338254->338767->338768->587842->338583->338268->338582->339138->339116->338705->338269->338581->340332->339979->338631->338933->340139->339308->338988->338629->338270->338628->338624->338238->338625->339478->339477->339480->340320->339728->339312->613624->338622->338256->339580->613775->338232->338908->338255->338246->338248->339715->339718->339716->339714->338351->587871->338363->562875->338358->339151->562874->338352->338619->338618->338351->338350->339575->338326->338327->338207->340157->340158->338207->338327->338326->339713->339712->339884->338601->338354->338346->338347->338706->338354->338601->339884->339712->339944->339712->339713->338326->338327->338207->340157->340158->338207->338327->338326->339575->338350->338351->587871->338363->562875->338358->339151->562874->338352->338619->338618->338351->338350->339575->338326->338327->338207->340157->340158->338207->338327->338326->339575->338350->338351->587871->338363->562875->338358->339151->562874->338352->339110->338249->338248->338246->338255->338908->338232->613774->613775->338232->338908->338255->338246->338248->339715->339718->339716->339714->338351->587871->338363->338340->338330->338318->338319->338323->338763->563047->338319->338318->338620->338317->613780->613779->338340->338363->587871->338351->338350->339575->338326->338327->338207->340157->340158->338207->338327->338326->339575->338350->338351->587871->338363->562875->338358->339151->562874->338352->338619->338618->338351->338350->339575->338326->338327->338207->340157->340158->338207->338327->338326->339575->338350->338351->587871->338363->562875
rl_signal_attention,t2_yeoksam_hakyeoul,long,peak,8.0,7,3329.7609,2708.0268,621.7341,3673.6864,1652.5917,23111.9,29,False,200,31,48,121,338267->338584->338254->338767->338768->587842->338583->338268->338582->339138->339116->338705->338269->338581->340332->339979->338631->338933->340139->339308->338988->338629->338270->338628->338624->338238->338625->339478->339477->339503->338839->338840->340290->339504->339505->339506->339503->339477->339480->340320->339728->339312->613624->338622->338256->339580->613775->338232->338908->338255->338246->338248->339715->339718->339716->339714->338351->587871->338363->338340->338330->338358->339151->562874->338352->338619->338618->338351->338350->339575->338326->338327->338207->340157->340158->338207->338327->338326->339575->338350->338351->587871->338363->338340->338330->338358->562875->338363->338340->338330->338318->338319->338323->338763->563047->338319->338318->338620->338317->339563->339562->338317->613780->613779->338340->338363->587871->338351->338350->339575->338326->338327->338207->340157->340158->338207->338327->338326->339575->338350->338351->587871->338363->562875->338358->339151->562874->338352->338619->338618->338351->338350->339575->338326->338327->338207->340157->340158->338207->338327->338326->339575->338350->338351->587871->587870->587871->338351->338350->339575->338326->338327->338207->340157->340158->338207->338327->338326->339575->338350->338351->587871->338363->562875->338358->339151->562874->338352->338619->338618->338351->338350->339575->338326->338327->338207->340157->340158->338207->338327->338326->339575->338350->338351->587871->338363->562875->338358->339151->562874->338352->338619->338618->338351->338350->339575->338326->338327->338207->340157->340158
rl_signal_attention,t2_yeoksam_hakyeoul,long,peak,8.0,8,3217.6884,2609.1406,608.5479,3244.791,1617.5423,21762.9,30,False,200,31,45,124,338267->338584->338254->338767->338768->587842->338583->338268->338582->339138->339116->338705->338269->338581->340332->339979->338631->338933->340139->339308->338988->338629->338270->338628->338624->338238->338625->339478->339477->339503->338839->338840->340290->339504->339505->339506->339503->339477->339480->340320->339728->339312->613624->338622->338256->339580->613775->338232->613774->613775->338232->338908->338255->338246->338248->339715->339718->339716->339714->338351->587871->338363->562875->338358->339151->562874->338352->338619->338618->338351->338350->339575->338326->338327->338207->340157->340158->338207->338327->338326->339575->338350->338351->587871->338363->562875->338358->339151->562874->338352->338619->338618->338351->338350->339575->338326->338327->338207->340157->340158->338207->338327->338326->339575->338350->338351->587871->338363->562875->338358->339151->562874->338352->338619->338618->338351->338350->339575->338326->338327->338207->340157->340158->338207->338327->338326->339575->338350->338351->587871->338363->562875->338358->339151->562874->338352->338619->338618->338351->338350->339575->338326->338327->338207->340157->340158->338207->338327->338326->339575->338350->338351->587871->587870->587871->338351->338350->339575->338326->338327->338207->340157->340158->338207->338327->338326->339575->338350->338351->587871->338363->562875->338358->339151->562874->338352->338619->338618->338351->338350->339575->338326->338327->338328->338342->338887->338315->338314->338707->338313->338343->339266->338728->338341->338349->339296->338346->338347->338348->646202->338348
rl_signal_attention,t2_yeoksam_hakyeoul,long,peak,8.0,9,3613.6632,2896.1125,717.5507,4157.9115,1907.2757,24488.9,35,False,200,40,43,117,338267->338584->338254->338767->338768->587842->338583->338268->338582->339138->339116->338705->338269->338581->340332->339979->338631->338933->340139->339308->338988->338629->338270->338628->338624->338238->338625->339478->339477->339503->339506->339505->339504->340290->339217->338805->339504->339505->339506->339503->339477->339480->340320->339728->339312->613624->338622->338256->339580->613775->338232->338908->338255->338246->338248->339715->339718->339716->339714->338351->587871->338363->562875->338358->339151->646188->339151->338358->338330->338318->338319->338323->338763->563047->338319->338318->338330->338358->562875->338363->338340->338330->338358->562875->338363->338340->338330->338318->338319->338323->338763->563047->338319->338318->338620->338317->613780->613779->338340->338363->587871->587870->587871->338351->338350->339575->338326->338327->338207->340158->340157->338207->340158->340157->338207->340158->338206->339125->339124->587841->338206->340158->338207->338327->338326->339575->338350->338351->587871->338363->562875->338358->338330->338318->338319->338323->338763->563047->338319->338318->338620->338317->613780->613779->338340->338363->587871->338351->338350->339575->338326->338327->338207->340157->338234->339582->338232->338908->338255->338246->338248->339715->339718->339716->339714->338351->587871->338363->562875->338358->339151->562874->338352->338619->338618->338351->338350->339575->338326->338327->338207->340157->340158->338207->338327->338326->339575->338350->338351->339714->339716->339720->339715->339718->339716->339714->338351->587871->338363->562875->338358
rl_signal_attention,t2_yeoksam_hakyeoul,long,peak,8.0,10,2713.5195,2173.027,540.4925,3073.181,1436.6487,18462.8,25,False,200,88,30,82,338267->338584->338254->338767->338768->587842->338583->338268->338582->339138->339116->338705->338269->338581->340332->339979->338631->338933->340139->339308->338988->338629->338270->338628->338624->338238->338625->339478->339477->339480->340320->339728->339312->613624->338622->338256->339580->613775->338232->338908->338255->338246->338248->339715->339718->339716->339714->338351->587871->338363->338340->338330->338358->339151->562874->338352->338619->338618->338351->338350->339575->338326->338327->338207->340157->340158->338207->338327->338326->339575->338350->338351->587871->338363->338340->338330->338358->562875->338363->338340->338330->338358->562875->338363->338340->338330->338318->338319->338323->338763->563047->338319->338318->338620->338317->613780->613779->338340->338363->587871->338351->338350->339575->338326->338327->338207->340157->340158->338207->338327->338328->338326->338327->338207->340158->340157->338207->340158->340157->338207->340158->340157->338207->340158->340157->338207->340158->340157->338207->340158->340157->338207->340158->340157->338207->340158->340157->338207->340158->340157->338207->340158->340157->338207->340158->340157->338207->340158->340157->338207->340158->340157->338207->340158->340157->338207->340158->340157->338207->340158->340157->338207->340158->340157->338207->340158->340157->338207->340158->340157->338207->340158->340157->338207->340158->340157->338207->340158->340157->338207->340158->340157->338207->340158->340157->338234->339582->338232->338908->338255->338246->338248->339715->339718->339716->339714->338351->587871->338363->562875->338358
rl_signal_attention,t2_yeoksam_hakyeoul,long,peak,8.0,11,3479.0928,2760.569,718.5237,3669.6548,1909.8621,23348.0,34,False,200,27,46,127,338267->338584->338254->338767->338768->587842->338583->338268->338582->339138->339116->338705->338269->338581->340332->339979->338631->338933->340139->339308->338988->338629->338270->338628->338624->338238->338625->339478->339477->339480->340320->339728->339312->613624->338622->338256->339580->613775->338232->338908->338255->338246->338248->339715->339718->339716->339714->338351->587871->338363->562875->338358->339151->562874->338352->338619->338618->338351->338350->339575->338326->338327->338207->340157->340158->338207->338327->338326->339575->338350->338351->587871->338363->562875->338358->339151->562874->338352->338619->338618->338351->338350->339575->338326->338327->338207->340157->340158->338207->338327->338326->339575->338350->338351->587871->338363->562875->338358->339151->562874->338352->339110->338249->338248->338246->338255->338908->338232->613774->613775->338232->338908->338255->338246->338248->339715->339718->339720->339716->339714->338351->587871->338363->562875->338358->339151->562874->338352->338619->338618->338351->338350->339575->338326->338327->338207->340157->340158->338207->338327->338326->339575->338350->338351->587871->338363->562875->338358->339151->562874->338352->338619->338618->338351->338350->339575->338326->338327->338207->340157->340158->338207->338327->338326->339575->338350->338351->587871->338363->562875->338358->339151->562874->338352->338619->338618->338351->338350->339575->338326->338327->338207->340157->340158->338207->338327->338326->339575->338350->338351->587871->338363->562875->338358->339151->562874->338352->338619->338618->338351->338350
rl_signal_attention,t2_yeoksam_hakyeoul,long,peak,8.0,12,3061.3235,2543.8147,517.5089,3298.9262,1375.5573,21190.4,28,False,200,37,45,118,338267->338584->338254->338767->338768->587842->338583->338268->338582->339138->339116->338705->338269->338581->340332->339979->338631->338933->340139->339308->338988->340118->339746->338630->338270->338629->338988->339308->339893->339307->338934->338933->338631->339979->340332->338581->338269->338580->339112->339947->339096->338710->338991->339115->338205->338998->339653->645973->339653->338998->338205->338992->338592->338259->338590->338805->339504->339505->339506->339503->339477->339480->340320->339728->339312->613624->338622->338256->339580->613775->338232->338908->338255->338246->338248->339715->339718->339716->339714->338351->587871->338363->562875->338358->339151->562874->338352->338619->338618->338351->338350->339575->338326->338327->338207->340157->340158->338207->338327->338326->339575->338350->338351->587871->338363->562875->338358->339151->562874->338352->338619->338618->338351->338350->339575->338326->338327->338207->340157->340158->338207->338327->338326->339575->338350->338351->587871->587870->587871->338351->338350->339575->338326->338327->338207->340157->340158->338207->338327->338326->339575->338350->338351->587871->338363->562875->338358->339151->562874->338352->338619->338618->338351->338350->339575->338326->338327->338207->340157->340158->338207->338327->338326->339575->338350->338351->587871->338363->338340->338330->338318->338319->338323->338763->563047->338319->338318->338620->338317->613780->613779->338340->338363->587871->338351->338350->339575->338326->338327->338207->340157->340158->338207->338327->338326->339575->338350->338351->587871->338363->562875
rl_signal_attention,t2_yeoksam_hakyeoul,long,peak,8.0,13,3410.6936,2672.0365,738.6571,3433.6922,1963.3773,22222.9,32,False,200,31,49,120,338267->338584->338254->338767->338768->587842->338583->338268->338582->339138->339116->338705->338269->338581->340332->339979->338631->338933->340139->339308->338988->338629->338270->338628->338624->338238->338625->339478->339477->339480->340320->339728->339312->613624->338622->338256->339580->613775->338232->338908->338255->338246->338248->339715->339718->339716->339714->338351->587871->338363->562875->338358->339151->562874->338352->338619->338618->338351->338350->339575->338326->338327->338207->340157->340158->338207->338327->338326->339575->338350->338351->587871->338363->562875->338358->339151->562874->338352->338619->338618->338351->338350->339575->338326->338327->338207->340157->340158->338207->338327->338326->339575->338350->338351->587871->338363->562875->338358->339151->562874->338352->338619->338618->338351->338350->339575->338326->338327->338207->340157->340158->338207->338327->338326->339575->338350->338351->587871->338363->562875->338358->339151->646188->339151->338358->338330->338318->338319->338323->338763->563047->338319->338318->338620->338317->339563->339562->338317->613780->613779->338340->338363->587871->338351->338350->339575->338326->338327->338207->340157->340158->338207->338327->338326->339575->338350->338351->587871->338363->562875->338358->339151->562874->338352->338619->338618->338351->338350->339575->338326->338327->338207->340157->340158->338207->338327->338326->339575->338350->338351->587871->338363->562875->338358->339151->562874->338352->338619->338618->338351->338350->339575->338326->338327->338207->340157->340158->338207->338327->338326->339575
rl_signal_attention,t2_yeoksam_hakyeoul,long,peak,8.0,14,3548.3031,2772.6508,775.6523,3828.9264,2061.712,23401.3,35,False,200,29,50,121,338267->338584->338254->338767->338768->587842->338583->338268->338582->339138->339116->338705->338269->338581->340332->339979->338631->338933->340139->339308->338988->338629->338270->338628->338624->338238->338625->339478->339477->339480->340320->339728->339312->613624->338622->338256->339580->613775->338232->338908->338255->338246->338248->339715->339718->339716->339714->338351->587871->338363->338340->338330->338358->339151->562874->338352->338619->338618->338351->338350->339575->338326->338327->338207->340157->340158->338207->338327->338326->339575->338350->338351->587871->338363->338340->338330->338358->562875->338363->338340->338330->338318->338319->338323->338763->563047->338319->338318->338620->338317->613780->613779->613777->613779->338340->338363->587871->338351->338350->339575->338326->338327->338207->340157->340158->338207->338327->338326->339575->338350->338351->587871->338363->562875->338358->339151->562874->338352->338619->338618->338351->338350->339575->338326->338327->338207->340157->340158->338207->338327->338326->339575->338350->338351->587871->338363->562875->338358->339151->562874->338352->338619->338618->338351->338350->339575->338326->338327->338207->340157->340158->338207->338327->338326->339575->338350->338351->587871->338363->562875->338358->339151->562874->338352->338619->338618->338351->338350->339575->338326->338327->338207->340157->340158->338207->338327->338326->339575->338350->338351->587871->338363->562875->338358->339151->562874->338352->338619->338618->338351->339714->339716->339720->339715->339718->339716->339714->338351->587871->338363->562875
rl_signal_attention,t2_yeoksam_hakyeoul,long,peak,8.0,15,3396.4841,2689.0399,707.4441,3485.6654,1880.4122,22617.1,29,False,200,54,39,107,338267->338584->338254->338767->338768->587842->338583->338268->338582->339138->339116->338705->338269->338581->340332->339979->338631->338933->340139->339308->338988->338629->338270->338628->338624->338238->338625->339478->339477->339480->340320->339728->339312->613624->338622->338256->339580->613775->338232->339582->338234->340157->338207->340158->340157->338207->340158->340157->338207->340158->340157->338207->340158->340157->338207->340158->338206->339125->339124->587841->338206->340158->338207->338327->338326->339575->338350->338351->587871->338363->338340->338330->338358->339151->562874->338352->338619->338618->338351->338350->339575->338326->338327->338207->340157->340158->338207->338327->338326->339575->338350->338351->587871->338363->562875->338358->339151->562874->338352->338619->338618->338351->338350->339575->338326->338327->338207->340157->340158->338206->339125->339124->587841->338206->340158->338207->338327->338326->339575->338350->338351->587871->338363->338340->338330->338318->338319->338323->338763->563047->338319->338318->338620->338317->613780->613779->338340->338363->587871->338351->338350->339575->338326->338327->338207->340157->340158->338207->338327->338326->339575->338350->338351->587871->338363->562875->338358->339151->562874->338352->338619->338618->338351->338350->339575->338326->338327->338207->340157->340158->338206->339125->339124->587841->338206->340158->338207->338327->338326->339575->338350->338351->587871->338363->562875->338358->339151->562874->338352->338619->338618->338351->338350->339575->338326->338327->338207->340157->340158->338207->338327
rl_signal_attention,t2_yeoksam_hakyeoul,long,peak,8.0,16,2982.756,2347.4848,635.2711,3345.4817,1688.5737,19347.9,27,False,200,34,45,121,338267->338584->338254->339133->338229->340484->339098->646176->338230->562917->562916->562917->338230->646176->339098->340484->338229->338218->339571->338261->339538->338258->339132->338586->338262->338587->338588->339119->338589->338205->338992->338592->338259->338590->338805->339504->339505->339506->339503->339477->339480->340320->339728->339312->613624->338622->338256->339580->613775->338232->338908->338255->338246->338248->339715->339718->339716->339714->338351->587871->338363->338340->338330->338358->339151->562874->338352->338619->338618->338351->338350->339575->338326->338327->338207->340157->340158->338207->338327->338328->338326->339713->339712->339884->338601->338354->338346->338347->338348->646202->338348->339126->646201->646200->646201->339126->338603->338223->338604->646056->339122->339135->562865->338198->338199->338224->342071->341571->341521->342613->646707->563094->342114->342113->342112->341739->341535->343726->343919->338310->339265->338311->646265->646264->646265->338311->338769->338324->338779->338324->339669->338324->338769->338311->646265->338733->339152->339153->562882->562895->562882->339153->339152->338790->339123->338602->338223->338603->339126->646201->646200->646201->339126->338603->338223->338604->646056->339122->339135->562865->338198->338199->342636->563067->342648->342147->342636->563067->342648->342147->342636->563067->342648->341560->341518->341517->341516->341515->341519->341513->341520->343933->343932->343937->343934->341532->341533->344530->341535->342613->646707->646706->646707->563094->342114->342113->341519->341515->341516->341517->341518
rl_signal_attention,t2_yeoksam_hakyeoul,long,peak,8.0,17,3398.0334,2690.2958,707.7376,3627.7148,1881.1921,23263.4,33,False,200,37,46,117,338267->338584->338254->338767->338768->587842->338583->338268->338582->339138->339116->338705->338269->338581->340332->339979->646073->339979->338631->338933->340139->339308->338988->338629->338270->338628->338624->338238->338625->339478->339477->339480->340320->339728->339312->613624->338622->338256->339317->339314->339315->339314->339317->338256->339580->613775->338232->338908->338255->338246->338248->339715->339718->339716->339714->338351->587871->338363->562875->338358->339151->562874->338352->338619->338618->338351->338350->339575->338326->338327->338207->340157->340158->338206->339125->339124->587841->338206->340158->338207->338327->338326->339575->338350->338351->587871->338363->338340->338330->338358->562875->338363->338340->338330->338318->338319->338323->338763->563047->338319->338318->338620->338317->613780->613779->338340->338363->587871->338351->338350->339575->338326->338327->338328->338326->338327->338207->340157->340158->338207->338327->338328->338326->338327->338207->340157->340158->338207->338327->338326->339575->338350->338351->587871->338363->562875->338358->339151->562874->338352->338619->338618->338351->338350->339575->338326->338327->338207->340157->340158->338207->338327->338326->339575->338350->338351->587871->338363->562875->338358->339151->562874->338352->338619->338618->338351->338350->339575->338326->338327->338207->340157->340158->338207->338327->338326->339575->338350->338351->587871->338363->562875->338358->339151->562874->338352->338619->338618->338351->339714->339716->339720->339715->339718->339716->339714->338351->587871->338363->562875->338358
rl_signal_attention,t2_yeoksam_hakyeoul,long,peak,8.0,18,3262.0006,2672.9716,589.0289,3609.6366,1565.6603,22986.0,27,False,200,30,46,124,338267->338584->338254->338767->338768->587842->338583->338268->338582->339138->339116->338705->338269->338581->340332->339979->646073->339979->340332->338581->338269->338580->339112->339947->339096->338710->338991->339115->338205->338998->339653->645973->339653->338998->338205->338992->338592->338259->338590->338805->339504->339505->339506->339503->339477->339480->340320->339728->339312->613624->338622->338256->339580->613775->338232->338908->338255->338246->338248->339715->339718->339716->339714->338351->587871->338363->338340->338330->338358->339151->562874->338352->339110->338249->338248->338246->338255->338908->338232->613774->613775->338232->613774->613775->338232->338908->338255->338246->338248->339715->339718->339716->339714->338351->587871->338363->562875->338358->339151->562874->338352->338619->338618->338351->338350->339575->338326->338327->338207->340157->340158->338207->338327->338326->339575->338350->338351->587871->338363->562875->338358->339151->562874->338352->338619->338618->338351->338350->339575->338326->338327->338207->340157->340158->338206->339125->339124->587841->338206->340158->338207->338327->338326->339575->338350->338351->587871->338363->562875->338358->339151->562874->338352->338619->338618->338351->338350->339575->338326->338327->338207->340157->340158->338207->338327->338326->339575->338350->338351->587871->338363->562875->338358->339151->562874->338352->338619->338618->338351->338350->339575->338326->338327->338207->340157->340158->338207->338327->338326->339575->338350->338351->587871->338363->562875->338358->339151->562874->338352->338619->338618
rl_signal_attention,t2_yeoksam_hakyeoul,long,peak,8.0,19,3360.3692,2648.4332,711.936,3397.0194,1892.3518,22132.6,33,False,200,29,47,124,338267->338584->338254->338767->338768->587842->338583->338268->338582->339138->339116->338705->338269->338581->340332->339979->338631->338933->340139->339308->338988->338629->338270->338628->338624->338238->338625->339478->339477->339480->340320->339728->339312->613624->338622->338256->339580->613775->338232->338908->338255->338246->338248->339715->339718->339716->339714->338351->587871->338363->562875->338358->339151->562874->563055->338352->338619->338618->338351->338350->339575->338326->338327->338207->340157->340158->338207->338327->338326->339575->338350->338351->587871->338363->562875->338358->339151->562874->338352->338619->338618->338351->338350->339575->338326->338327->338207->340157->340158->338207->338327->338326->339575->338350->338351->587871->338363->562875->338358->339151->562874->338352->338619->338618->338351->338350->339575->338326->338327->338207->340157->340158->338207->338327->338326->339575->338350->338351->587871->338363->562875->338358->339151->562874->338352->338619->338618->338351->338350->339575->338326->338327->338207->340157->340158->338207->338327->338326->339575->338350->338351->587871->338363->562875->338358->339151->562874->338352->338619->338618->338351->338350->339575->338326->338327->338207->340157->340158->338207->338327->338326->339575->338350->338351->587871->338363->562875->338358->339151->562874->338352->338619->338618->338351->338350->339575->338326->338327->338207->340157->340158->338207->338327->338326->339575->338350->338351->587871->338363->562875->338358->339151->562874->338352->338619->338618->338351->338350->339575->338326->338327
rl_signal_attention,t2_yeoksam_hakyeoul,long,peak,8.0,20,2993.9402,2484.2555,509.6847,3234.8787,1354.7604,20797.5,27,False,200,37,48,115,338267->340192->338229->340484->339098->646176->338230->562917->562916->562917->338230->339134->339069->338253->613768->338803->338267->340192->338229->340484->339098->646176->338230->562917->562916->562917->338230->646176->339098->340484->338229->338218->339094->338258->339132->338586->338262->338587->338588->339119->338589->338205->338992->338592->338259->338590->338805->339504->339505->339506->339503->339477->339480->340320->339728->339312->613624->338622->338256->339580->613775->338232->338908->338255->338246->338248->339715->339718->339716->339714->338351->587871->338363->562875->338358->339151->562874->338352->338619->338618->338351->338350->339575->338326->338327->338207->340157->340158->338207->338327->338326->339575->338350->338351->587871->338363->562875->338358->339151->562874->338352->338619->338618->338351->338350->339575->338326->338327->338207->340157->340158->338207->340157->340158->338207->338327->338326->339575->338350->338351->587871->338363->562875->338358->339151->562874->338352->338619->338618->338351->338350->339575->338326->338327->338207->340157->340158->338207->338327->338326->339575->338350->338351->587871->338363->562875->338358->339151->562874->338352->338619->338618->338351->338350->339575->338326->338327->338207->340157->340158->338207->338327->338326->339575->338350->338351->587871->338363->562875->338358->339151->562874->338352->338619->338618->338351->338350->339575->338326->338327->338207->340157->340158->338207->338327->338326->339575->338350->338351->587871->338363->562875->338358->339151->562874->338352->338619->338618->338351->338350->339575
rl_signal_attention,t2_yeoksam_hakyeoul,long,peak,8.0,21,2829.6899,2249.5762,580.1137,3060.4799,1541.9633,19084.3,28,False,200,54,41,105,338267->338584->338254->338767->338768->587842->338583->338268->338582->339138->339116->338705->338269->338581->340332->339979->338631->338933->340139->339308->338988->338629->338270->338628->338624->338238->338625->339478->338623->338841->338842->339477->339503->338839->338840->340290->339504->339505->339506->339503->339477->339480->340320->339728->339312->613624->338622->338256->339580->613775->338232->338908->338255->338246->338248->339715->339718->339716->339714->338351->587871->338363->562875->338358->339151->562874->338352->338619->338618->338351->338350->339575->338326->338327->338207->340157->340158->338207->340157->340158->338207->338327->338326->339575->338350->338351->587871->338363->338340->338330->338358->562875->338363->338340->338330->338318->338319->338323->338763->340305->338764->338763->563047->338319->338318->338620->338317->613780->613779->338340->338363->587871->338351->338350->339575->338326->338327->338207->340157->340158->338207->340157->340158->338207->338327->338326->339575->338350->338351->587871->338363->562875->338358->339151->562874->338352->338619->338618->338351->338350->339575->338326->338327->338207->340157->340158->338207->338327->338326->339575->338350->338351->587871->338363->562875->338358->339151->562874->338352->338619->338618->338351->338350->339575->338326->338327->338207->340158->340157->338207->340158->340157->338207->340158->340157->338207->340158->340157->338207->340158->340157->338207->340158->340157->338207->340158->340157->338207->340158->340157->338207->340158->340157->338207->340158->340157->338207->340158->340157->338207->340158
rl_signal_attention,t2_yeoksam_hakyeoul,long,peak,8.0,22,3490.5534,2751.0048,739.5486,3741.5065,1965.747,23174.4,34,False,200,30,48,122,338267->338584->338254->338767->338768->587842->338583->338268->338582->339138->339116->338705->338269->338581->340332->339979->338631->338933->340139->339308->338988->338629->338270->338628->338624->338238->338625->339478->339477->339503->338839->338840->340290->339504->339505->339506->339503->339477->339480->340320->339728->339312->613624->338622->338256->339580->613775->338232->338908->338255->338246->338248->339715->339718->339716->339714->338351->587871->338363->562875->338358->339151->562874->338352->338619->338618->338351->338350->339575->338326->338327->338207->340157->340158->338207->338327->338326->339575->338350->338351->587871->338363->338340->338330->338358->562875->338363->338340->338330->338318->338319->338323->338763->563047->338319->338318->338620->338317->613780->613779->338340->338363->587871->338351->338350->339575->338326->338327->338207->340157->340158->338207->338327->338326->339575->338350->338351->587871->338363->562875->338358->339151->562874->338352->338619->338618->338351->338350->339575->338326->338327->338207->340157->340158->338207->338327->338326->339575->338350->338351->587871->338363->562875->338358->339151->562874->338352->338619->338618->338351->338350->339575->338326->338327->338207->340157->340158->338207->338327->338326->339575->338350->338351->587871->338363->562875->338358->339151->562874->338352->338619->338618->338351->338350->339575->338326->338327->338207->340157->340158->338207->338327->338326->339575->338350->338351->339714->339716->339720->339715->339718->339720->339716->339714->338351->587871->338363->562875->338358->339151->562874
rl_signal_attention,t2_yeoksam_hakyeoul,long,peak,8.0,23,3610.5279,2790.9701,819.5578,3724.2008,2178.4143,23935.0,35,False,200,28,53,119,338267->338584->338254->338767->338768->587842->338583->338268->338582->339138->339116->338705->338269->338581->340332->339979->338631->338933->340139->339308->338988->338629->338270->338628->338624->338238->338625->339478->339477->339480->340320->339728->339312->613624->338622->338256->339580->613775->338232->338908->338255->338246->338248->339715->339718->339716->339714->338351->587871->338363->338340->338330->338358->339151->562874->338352->338619->338618->338351->338350->339575->338326->338327->338207->340157->340158->338207->338327->338326->339575->338350->338351->587871->338363->338340->338330->338358->562875->338363->338340->338330->338358->562875->338363->338340->338330->338318->338319->338323->338763->563047->338319->338318->338620->338317->613780->613779->338340->338363->587871->338351->338350->339575->338326->338327->338207->340157->340158->338207->338327->338326->339575->338350->338351->587871->338363->562875->338358->339151->562874->338352->338619->338618->338351->338350->339575->338326->338327->338207->340157->340158->338207->338327->338326->339575->338350->338351->587871->338363->562875->338358->339151->562874->338352->338619->338618->338351->587871->338363->562875->338358->339151->562874->338352->338619->338618->338351->338350->339575->338326->338327->338207->340157->340158->338207->338327->338326->339575->338350->338351->587871->338363->562875->338358->339151->562874->338352->338619->338618->338351->338350->339575->338326->338327->338207->340157->340158->338207->338327->338326->339575->338350->338351->587871->338363->562875->338358->339151->562874->338352->338619
rl_signal_attention,t2_yeoksam_hakyeoul,long,peak,8.0,24,2660.3093,2173.1847,487.1246,2941.2232,1294.7947,17469.1,20,False,200,20,60,120,338267->338584->338254->338767->338768->587842->338583->338268->338582->339138->339116->338705->338269->338581->340332->339979->338631->338933->340139->339308->338988->338629->338270->338628->338624->338238->338625->339478->339477->339503->338839->338840->340290->339504->339505->339506->339503->339477->339480->340320->339728->339727->339728->339312->613624->338622->338256->339580->613775->338232->338908->338255->338246->338248->339715->339718->339716->339714->338351->587871->338363->338340->338330->338358->339151->562874->563055->338352->338619->338618->338351->338350->339575->338326->339713->339712->339884->338601->338354->338346->338347->338706->338354->338601->339884->339712->339944->339712->339713->338326->338327->338328->338342->338887->338315->338314->338707->338313->338343->339266->338728->338341->338349->339296->338346->338347->338348->646202->338348->339126->646201->646200->646201->339126->338603->338223->338604->646056->339122->339135->562865->338198->338199->342636->342147->341996->341571->340229->562951->338222->338726->338837->339122->339135->562865->338198->338199->338224->342071->341571->341521->342613->646707->563094->342114->342113->342112->341739->341535->343726->343919->338310->339265->338311->646265->646264->646265->338311->338769->338324->338779->338324->339229->343940->344529->344530->341533->344529->344530->341533->344529->344530->341533->344529->344530->341533->344529->344530->341533->344529->344530->341533->344529->344530->341533->344529->344530->341533->344529->344530->341533->344529->344530->341533->344529->344530->341533->344529->344530->341533->344529
rl_signal_attention,t2_yeoksam_hakyeoul,long,peak,8.0,25,2799.1501,2043.1148,756.0352,2537.1432,2009.5691,15299.5,31,False,200,41,41,118,338267->338584->338254->338926->646136->338920->613766->613767->338253->339069->339134->338230->646176->339098->340484->338229->338218->339571->338261->341734->341572->339293->338651->562919->562884->613773->339003->613772->343109->342153->341556->341555->342643->341561->341562->341564->342639->563096->342115->343710->341560->341518->341517->341516->341515->341519->341513->341520->343933->343932->343939->343938->342836->343936->343935->343939->343932->343937->343934->341532->341533->344530->341535->343726->343919->338310->339265->338311->646265->646264->646265->338311->338769->338324->338779->338324->338769->338311->646265->646264->646265->338311->338769->338324->338779->338324->339669->338324->338779->338324->339669->338324->338779->338324->338769->338311->646265->646264->646265->338311->338769->338324->339229->343940->344529->344530->341535->343726->343919->338310->339265->338311->646265->646264->646265->338311->338769->338324->339669->338324->339229->343940->344529->341533->341532->343934->343937->341532->341533->344530->341535->343726->343919->338310->339265->338311->646265->646264->646265->338311->338769->338324->338779->338324->339669->338324->338769->338311->646265->646264->646265->338311->339265->338310->343919->343726->341535->342613->646707->563094->342114->342113->342112->341739->341535->343726->343919->338310->339265->338311->646265->646264->646265->338733->339152->339153->562882->562895->562882->339153->339152->338733->646265->646264->646265->338311->338769->338324->338779->338324->339669->338324->338769->338311->646265->338733->339152->339153->562882->562895->562882
rl_signal_attention,t2_yeoksam_hakyeoul,long,peak,8.0,26,2757.5379,2336.1494,421.3884,3122.6374,1120.0658,19196.9,22,False,200,62,25,113,338267->338584->338254->338767->338768->587842->338583->338268->338582->339138->339116->338705->338269->338775->339117->339088->646103->338250->338815->338133->338658->339021->338163->339052->340326->339026->338103->338104->338217->339014->339013->340554->339026->338103->338104->338217->339014->339013->340554->339026->338103->338104->338217->339014->339013->340554->339026->338103->338104->338217->339014->339013->340554->339026->338103->338104->338217->339014->339013->340554->339026->338103->338104->338217->340339->338734->338736->338735->339574->338272->339089->338990->340239->339744->339087->340330->340328->339088->339091->339090->338268->338582->339138->339116->338705->338269->338581->340332->339979->338631->338933->340139->339308->338988->338629->338270->338628->338624->338238->338625->339478->339477->339480->340320->339728->339312->613624->338622->338256->339580->613775->338232->338908->338255->338246->338248->339715->339718->339716->339714->338351->587871->338363->562875->338358->339151->562874->338352->563055->562874->339151->338358->338330->338318->338319->338323->338763->563047->338319->338318->338620->338317->613780->613779->338340->338363->587871->338351->338350->339575->338326->338327->338207->340158->340157->338207->340158->340157->338207->340158->340157->338207->340158->340157->338207->340158->338206->339125->339124->587841->338206->340158->338207->338327->338326->339575->338350->338351->587871->338363->562875->338358->339151->562874->338352->338619->338618->338351->338350->339575->338326->338327->338207->340157->340158->338207->338327->338326->339575->338350->338351
rl_signal_attention,t2_yeoksam_hakyeoul,long,peak,8.0,27,3302.0276,2738.3706,563.657,3647.7479,1498.2207,23178.2,31,False,200,31,50,119,338267->338584->338254->338767->338768->587842->338583->338268->338582->339138->339116->338705->338269->338581->340332->339979->338631->338933->340139->339308->338988->338629->338270->338628->338624->338238->338625->339478->339477->339480->339479->339478->339477->339480->340320->339728->339312->613624->338622->338256->339580->613775->338232->338908->338255->338246->338248->339715->339718->339716->339714->338351->587871->338363->338340->338330->338358->339151->562874->338352->338619->338618->338351->338350->339575->338326->338327->338207->340157->340158->338207->338327->338326->339575->338350->338351->587871->338363->562875->338358->339151->646188->339151->338358->338330->338318->338319->338323->338763->563047->338319->338318->338620->338317->613780->613779->338340->338363->587871->338351->338350->339575->338326->338328->338327->338326->339575->338350->338351->587871->338363->562875->338358->339151->646188->339151->338358->338330->338318->338319->338323->338763->563047->338319->338318->338620->338317->613780->613779->338340->338363->587871->338351->338350->339575->338326->338327->338207->340157->340158->338207->338327->338326->339575->338350->338351->587871->338363->562875->338358->339151->562874->338352->338619->338618->338351->338350->339575->338326->338327->338207->340157->340158->338207->338327->338326->339575->338350->338351->587871->338363->562875->338358->339151->562874->338352->338619->338618->338351->338350->339575->338326->338327->338207->340157->340158->338207->338327->338326->339575->338350->338351->587871->338363->562875->338358->339151->562874->338352->338619->338618
rl_signal_attention,t2_yeoksam_hakyeoul,long,peak,8.0,28,3395.089,2813.447,581.642,3775.3842,1546.0254,24030.7,30,False,200,27,53,120,338267->338584->338254->338767->338768->587842->338583->338268->338582->339138->339116->338705->338269->338581->340332->339979->338631->338933->340139->339308->338988->338629->338270->338628->338624->338238->338625->339478->339477->339503->338839->338840->340290->339504->339505->339506->339503->339477->339480->339479->339478->339477->339480->340320->339728->339312->613624->338622->338256->339580->613775->338232->338908->338255->338246->338248->339715->339718->339716->339714->338351->587871->338363->338340->338330->338358->339151->562874->338352->338619->338618->338351->338350->339575->338326->338327->338207->340157->340158->338207->338327->338326->339575->338350->338351->587871->338363->338340->338330->338358->562875->338363->338340->338330->338358->562875->338363->338340->338330->338318->338319->338323->338763->563047->338319->338318->338620->338317->613780->613779->338340->338363->587871->338351->338350->339575->338326->338328->338327->338326->339575->338350->338351->587871->338363->562875->338358->339151->562874->338352->338619->338618->338351->338350->339575->338326->338327->338207->340157->340158->338207->338327->338326->339575->338350->338351->587871->338363->562875->338358->339151->562874->338352->338619->338618->338351->338350->339575->338326->338327->338207->340157->340158->338207->338327->338326->339575->338350->338351->587871->338363->562875->338358->339151->562874->338352->338619->338618->338351->338350->339575->338326->338327->338207->340157->340158->338207->338327->338326->339575->338350->338351->587871->338363->562875->338358->339151->562874->338352->338619->338618
rl_signal_attention,t2_yeoksam_hakyeoul,long,peak,8.0,29,3259.3187,2380.3385,878.9802,3589.2489,2336.3612,18287.5,34,False,200,37,42,121,338267->338584->338254->338767->338768->587842->338583->338268->338262->339922->340140->339002->338922->646291->338226->338252->338199->338224->342071->341571->341521->342613->646707->563094->342114->342113->342112->341739->341535->343726->343919->338310->339265->338311->646265->646264->646265->338311->339265->338310->343919->343726->341535->342613->341521->341571->340229->562951->338222->338726->338837->339122->339135->562865->338198->338199->338224->342071->341571->341521->342613->646707->563094->342114->342113->342112->341739->341535->343726->343919->338310->339265->338311->646265->646264->646265->338311->339265->338310->343919->343726->341535->342613->646707->563094->342114->342113->342112->341739->341535->343726->343919->338310->339265->338311->646265->646264->646265->338311->338769->338324->338779->338324->339669->338324->338769->338311->646265->646264->646265->338311->339265->338310->343919->343726->341535->342613->646707->563094->342114->342113->341519->341515->341516->341517->341518->341558->563191->563189->341512->646737->341511->341516->341515->341519->341513->341520->343933->343932->343937->343934->341532->341533->344530->341535->343726->343919->338310->339265->338311->646265->646264->646265->338311->338769->338324->338779->338324->339669->338324->338769->338311->646265->338733->339152->339153->562882->562895->562882->339153->339152->338733->646265->646264->646265->338311->339265->338310->343919->343726->341535->342613->646707->646706->646707->563094->342114->342113->341519->341515->341516->341517->341518->341558->563191->563189->341512->341517->341518->341558->563191
rl_signal_attention,t2_yeoksam_hakyeoul,long,peak,8.0,30,3356.1112,2746.8505,609.2607,3701.9407,1619.4371,23772.7,30,False,200,32,51,117,338267->338584->338254->338767->338768->587842->338583->338268->338582->339138->339116->338705->338269->338581->340332->339979->338631->338933->340139->339308->338988->338629->338270->338628->338624->338238->338625->339478->339477->339480->340320->339728->339312->613624->338622->338256->339580->613775->338232->339581->339582->338232->338908->338255->338246->338248->339715->339718->339716->339714->338351->587871->338363->562875->338358->339151->562874->338352->338619->338618->338351->338350->339575->338326->338327->338207->340157->340158->338207->338327->338326->339575->338350->338351->587871->338363->338340->338330->338358->562875->338363->338340->338330->338358->562875->338363->338340->338330->338318->338362->339695->340050->339695->338362->338318->338620->338317->613780->613779->338340->338363->587871->338351->338350->339575->338326->338327->338207->340157->340158->338207->338327->338326->339575->338350->338351->587871->338363->562875->338358->339151->562874->338352->338619->338618->338351->338350->339575->338326->338327->338207->340157->340158->338207->338327->338326->339575->338350->338351->587871->338363->562875->338358->339151->562874->338352->338619->338618->338351->338350->339575->338326->338327->338207->340157->340158->338207->338327->338326->339575->338350->338351->587871->338363->562875->338358->339151->562874->338352->338619->338618->338351->338350->339575->338326->338327->338207->340157->340158->338207->338327->338326->339575->338350->338351->587871->338363->562875->338358->339151->562874->338352->338619->338618->338351->338350->339575->338326->338327->338207->340157
rl_signal_attention,t3_sinsa_daechi,long,off_peak,7.0,1,2895.2074,2303.4369,591.7704,2762.8689,1572.9473,18801.3,29,False,200,44,39,117,341904->341903->342155->342156->342157->342711->342712->342158->342157->342156->342710->342719->342117->341623->341905->341904->343064->341633->341903->341904->343064->341633->341903->341904->342719->342117->341623->341905->341904->341903->342155->342156->342710->343062->563071->340626->341619->563100->341780->341614->341779->341781->341617->341616->343068->341618->341782->341615->340584->341784->341889->341583->341611->342865->342652->342116->342672->340587->646667->646362->341982->342679->341983->342673->646784->646782->341597->341596->341598->342684->341601->343106->343943->342693->341607->588038->563143->338261->339538->338258->339132->338586->338262->339922->340140->339002->338922->339657->338655->340247->340245->338921->340159->339654->338999->338649->339127->338226->338252->338199->338224->342071->341571->341521->342613->341535->344530->344529->343940->339229->338324->338769->338311->646265->338733->339152->339153->562882->562895->562882->339153->339152->338733->646265->338311->339265->338310->343919->343726->341535->342613->341521->341571->340229->562951->338222->338198->562865->339135->339122->646056->338604->338223->338603->339126->338348->338347->338346->339296->338349->338341->338728->339266->338343->338313->338707->338314->338315->338345->340097->339563->338317->613780->613779->338340->338363->587871->338351->338350->339575->338326->338327->338207->340157->340158->338207->340157->340158->338206->338776->339001->338727->338621->338256->339580->613775->338232->338908->338255->338246->338248->339715->339720->339718->339716->339720->339715->339718->339716->339720->339715
rl_signal_attention,t3_sinsa_daechi,long,off_peak,7.0,2,2703.5369,2195.2897,508.2472,2420.513,1350.9396,16858.0,23,False,200,23,54,123,341904->341903->342155->342156->342157->342711->342712->342158->342157->342156->342710->343062->563071->340626->341619->563100->341780->341614->341779->341781->341617->341616->343068->341618->341782->341615->340584->341784->341889->341583->341786->341588->341785->342116->341788->341787->563170->341731->341603->341730->646623->341984->341732->342691->341733->341602->338230->646176->339098->342073->342687->341600->342685->341607->344213->343102->341557->342643->341555->341556->342153->343109->613772->613773->339003->339662->341549->342639->563096->342115->343710->341560->342648->563067->342636->342147->341996->341571->340229->562951->338222->338198->338199->342636->342147->341996->341571->342071->338224->338199->342636->342147->341996->341571->340229->562951->338222->338198->338199->338224->342071->341571->341521->342613->341535->344530->344529->343940->339229->338324->338769->338311->646265->338733->339152->339153->562882->562895->562882->339153->339152->338733->646265->338311->339265->338310->343919->343726->341535->342613->341521->341571->340229->562951->338222->338198->562865->339135->338197->338925->587845->563046->587845->338925->338197->338597->338605->338223->338604->646056->646055->646056->338604->338223->338603->339126->338348->338347->338346->339296->338349->338341->338728->339266->338343->338313->338707->338314->338315->338345->340097->339563->338317->613780->613779->338340->338363->587871->338351->338350->339575->338326->338327->338207->340157->340158->338207->340157->340158->338207->340157->340158->338207->340157->340158->338207->340157->340158->338207->340157->340158
rl_signal_attention,t3_sinsa_daechi,long,off_peak,7.0,3,2848.0052,2264.3578,583.6475,2658.8274,1551.3561,18274.7,27,False,200,20,81,99,341904->341903->342155->342156->342157->342711->342712->344670->342712->342714->342713->342076->341620->341621->342834->343100->342865->342652->342116->342672->340587->646667->646362->341982->342679->341983->342673->646784->646782->341597->341596->341598->342684->341601->343106->343943->342693->341607->588038->563143->338261->339538->338258->613662->339651->338651->339293->341572->340705->341555->341736->341568->341735->341564->342639->563096->342115->343710->341560->342648->563067->342115->343710->341560->342648->563067->342115->343710->341560->342648->563067->342636->342147->341996->341571->340229->562951->338222->338198->338199->338224->342071->341571->341521->342613->341535->344530->344529->343940->339229->338324->338769->338311->646265->338733->339152->338790->339123->338602->338223->338604->646056->646055->646056->338604->338223->338603->339126->338348->338347->338346->339296->338349->338341->338728->339266->338343->338313->338707->338314->338315->338345->340097->339563->338317->613780->613779->338340->338363->587871->338351->338350->339575->338326->338327->338207->340157->340158->338207->340157->340158->338207->340157->340158->338207->340157->340158->338207->340157->338234->339582->338232->338908->338255->338246->338248->339715->339720->339718->339716->339720->339715->339718->339716->339720->339715->339718->339720->339715->339718->339716->339720->339715->339718->339716->339720->339715->339718->339716->339720->339715->339718->339716->339720->339715->339718->339716->339720->339715->339718->339716->339720->339715->339718->339716->339720->339715->339718->339716->339720->339715
rl_signal_attention,t3_sinsa_daechi,long,off_peak,7.0,4,2804.2724,2166.976,637.2964,2531.0068,1693.9569,17161.0,29,False,200,21,80,99,341904->341903->342155->342156->342157->342711->342712->342158->342157->342156->342710->343062->563071->340626->341619->563100->341780->341614->341779->341781->341617->341616->343068->341618->341782->341615->340584->341784->341889->341583->342674->342671->340703->343777->341588->341785->342116->342672->340587->646667->646362->341982->342679->342651->342679->342669->563097->342673->646784->646782->341597->341596->341598->342684->341601->343106->343943->342693->341607->588038->563143->338261->339538->338258->339132->338586->338262->338587->338588->339119->338589->338205->338992->338592->338259->338590->338805->339504->339505->339506->339503->339477->339480->340320->339728->339312->613624->338622->338256->339580->613775->613774->338232->338908->338255->338246->338248->339715->339720->339718->339716->339720->339715->339718->339720->339719->339720->339718->339717->339718->339715->339720->339718->339716->339720->339715->339718->339716->339720->339715->339718->339720->339719->339720->339718->339716->339720->339715->339718->339720->339719->339720->339718->339716->339720->339715->339718->339716->339720->339715->339718->339716->339720->339715->339718->339716->339720->339715->339718->339716->339720->339715->339718->339716->339720->339718->339716->339720->339715->339718->339716->339720->339715->339718->339716->339720->339715->339718->339716->339720->339715->339718->339716->339720->339715->339718->339716->339720->339715->339718->339716->339720->339715->339718->339716->339714->338351->587871->338363->338340->338330->338318->338319->338323->338763->563047->338319->338318->338620->338317->613780
rl_signal_attention,t3_sinsa_daechi,long,off_peak,7.0,5,2527.8741,2031.4225,496.4516,2319.8598,1319.5864,15877.9,25,False,200,18,79,103,341904->341903->342155->342156->342157->342711->342712->342158->342157->342156->342710->343062->563071->340626->341619->563100->341780->341614->341779->341781->341617->341616->343068->341618->341782->341615->340584->341784->341889->341583->341786->341588->341785->342116->341788->341787->563170->341731->341603->341730->646623->341984->341732->342691->341733->341602->338230->646176->339098->340484->338229->338218->339094->338258->339132->338586->338262->338587->338588->339119->338589->338205->338992->338592->338259->338590->338805->339504->339505->339506->339503->339477->339480->340320->339728->339312->613624->338622->338256->339580->613775->338232->338908->338255->338246->338248->339715->339720->339718->339716->339720->339718->339716->339720->339715->339718->339716->339720->339715->339718->339720->339719->339720->339718->339716->339720->339715->339718->339720->339719->339720->339718->339716->339720->339715->339718->339716->339720->339715->339718->339720->339719->339720->339718->339716->339720->339715->339718->339716->339720->339715->339718->339716->339714->338351->587871->338363->338340->338330->338318->338319->338320->340305->338764->338763->563047->338319->338318->338620->338317->613780->613779->338340->338363->587871->338351->338618->338619->338352->563055->562874->338352->338619->338618->338351->338350->339575->338326->338327->338207->340157->340158->338207->340157->340158->338207->340157->340158->338207->340157->340158->338207->340157->340158->338207->340157->340158->338207->340157->340158->338207->340157->340158->338207->340157->340158->338207->340157->340158->338207->340157
rl_signal_attention,t3_sinsa_daechi,long,off_peak,7.0,6,2408.0135,2060.9371,347.0765,2185.7226,922.5418,15675.0,19,False,200,15,80,105,341904->341903->342155->342156->342157->342711->342712->342158->342157->342156->342710->343062->563071->340626->341619->563100->341780->341614->341779->341781->341617->341618->341782->341615->340584->341784->341889->341583->341611->342865->342652->342116->342672->340587->646667->646362->341982->342679->341983->342673->646784->646782->341597->341596->341598->342684->341601->343106->343943->342693->341607->588038->563143->338261->339538->338258->339132->338586->338262->338587->338588->339119->338589->338205->338992->338592->338259->338590->338805->339504->339505->339506->339503->339477->339480->340320->339728->339312->613624->338622->338256->339580->613775->338232->338908->338255->338246->338248->339715->339720->339719->339720->339718->339716->339720->339715->339718->339720->339719->339720->339718->339716->339720->339715->339718->339720->339719->339720->339718->339716->339720->339715->339718->339716->339720->339715->339718->339720->339719->339720->339718->339716->339720->339715->339718->339716->339720->339715->339718->339720->339719->339720->339718->339716->339720->339715->339718->339720->339719->339720->339718->339716->339720->339715->339718->339716->339714->338351->587871->338363->338340->338330->338318->338319->338320->340305->338764->338763->563047->338319->338318->338620->338317->613780->613779->338340->338363->587871->338351->338350->339575->338326->338327->338207->340157->340158->338207->340157->340158->338207->340157->340158->338207->340157->340158->338207->340157->340158->338207->340157->340158->338207->340157->340158->338207->340157->340158->338207->340157->340158->338207
rl_signal_attention,t3_sinsa_daechi,long,off_peak,7.0,7,2918.9253,2297.7612,621.1641,2908.8844,1651.0767,19038.4,28,False,200,23,70,107,341904->341903->342155->342156->342157->342711->342712->342158->342157->342156->342710->343062->563071->340626->341619->563100->341780->341614->341779->341781->341617->341616->343068->341618->341782->341615->340584->341784->341889->341583->341611->342865->342652->342116->342672->340587->646667->646362->341982->342679->341983->342673->646784->646782->341597->341596->341598->342684->341601->343106->343943->342693->341607->588038->563143->338261->339538->338258->339132->338586->338262->338587->338588->339119->338589->338205->338992->338592->338259->338590->338805->339504->340290->339217->338805->339504->339505->339506->339503->339477->339480->340320->339728->339312->613624->338622->338256->339580->613775->338232->338908->338255->338246->338248->338245->338244->338243->338900->338848->338849->338850->646267->338838->338853->338852->613786->613787->338686->646118->338772->338359->338357->338249->338248->338246->339318->646015->338245->338248->339715->339720->339718->339716->339720->339715->339718->339716->339720->339715->339718->339716->339720->339715->339718->339716->339720->339715->339718->339716->339720->339715->339718->339716->339720->339715->339718->339716->339720->339715->338248->338246->338255->338908->338232->613774->613775->338232->338908->338255->338246->338248->339715->339720->339718->339716->339720->339715->339718->339716->339720->339715->339718->339716->339720->339715->339718->339716->339720->339718->339716->339720->339715->339718->339716->339720->339715->339718->339716->339720->339715->339718->339716->339720->339715->339718->339716->339720->339715->339718->339716->339720
rl_signal_attention,t3_sinsa_daechi,long,off_peak,7.0,8,3064.8793,2269.1778,795.7015,2799.9591,2115.0034,18750.6,33,False,200,25,80,95,341904->341903->342155->342156->342157->342711->342712->342158->342157->342156->342155->342720->342715->342158->342712->342714->342713->342076->341620->341621->342834->343100->342865->340641->340704->341588->341785->342116->341788->341787->563170->341731->341603->341730->646623->341984->341732->342691->341733->341602->338230->646176->339098->340484->338229->338218->339094->338258->339132->338586->338262->338268->338582->339138->339116->338705->338269->338581->340332->339979->338631->338933->340139->339308->338988->338629->338270->338628->338624->338238->338625->339478->339477->339503->339506->339505->339504->340290->338840->338839->339503->339477->339480->340320->339728->339312->613624->338622->338256->339580->613775->338232->338908->338255->338246->338248->339715->339720->339718->339716->339720->339715->339718->339720->339719->339720->339718->339717->339718->339715->339720->339718->339716->339720->339718->339716->339720->339715->339718->339716->339720->339715->339718->339716->339720->339715->339718->339716->339720->339715->339718->339716->339720->339718->339716->339720->339715->339718->339716->339720->339715->339718->339716->339720->339715->339718->339716->339720->339715->339718->339716->339720->339715->338248->338246->338255->338908->338232->613774->613775->338232->338908->338255->338246->338248->339715->339720->339718->339716->339720->339715->339718->339716->339720->339715->339718->339716->339720->339715->339718->339716->339720->339715->339718->339716->339720->339715->339718->339716->339720->339715->339718->339716->339720->339715->339718->339716->339720->339715->339718->339716
rl_signal_attention,t3_sinsa_daechi,long,off_peak,7.0,9,2860.1745,2081.4564,778.7181,2478.8644,2069.861,16735.2,34,False,200,15,99,86,341904->341903->342155->342156->342157->342711->342712->342158->342715->343651->342716->342717->342718->340635->342718->342159->342700->343100->342865->340641->340704->341588->341785->342116->341788->341787->563170->341731->341603->341730->646623->341984->341732->342691->341733->341602->338230->646176->339098->340484->338229->338218->339094->338258->339132->338586->338262->338587->338588->339119->338589->338205->338992->338592->338259->338590->338805->339504->339505->339506->339503->339477->339480->340320->339728->339312->613624->338622->338256->339580->613775->338232->338908->338255->338246->339318->646206->339318->338246->338248->339715->339720->339718->339716->339720->339715->339718->339720->339719->339720->339718->339716->339720->339715->339718->339716->339720->339715->339718->339720->339719->339720->339715->339718->339720->339719->339720->339718->339716->339720->339715->339718->339716->339720->339715->339718->339716->339720->339715->339718->339716->339720->339715->339718->339716->339720->339719->339720->339718->339716->339720->339715->339718->339716->339720->339718->339716->339720->339715->339718->339716->339720->339715->339718->339716->339720->339715->339718->339716->339720->339715->339718->339716->339720->339715->339718->339716->339720->339715->339718->339716->339720->339715->339718->339716->339720->339715->339718->339716->339720->339715->339718->339716->339720->339715->339718->339716->339720->339715->339718->339716->339720->339715->339718->339716->339720->339715->339718->339716->339720->339715->339718->339716->339720->339715->339718->339716->339720->339715->339718->339716
rl_signal_attention,t3_sinsa_daechi,long,off_peak,7.0,10,2677.0687,2120.4882,556.5805,2501.4044,1479.4112,17355.7,28,False,200,17,74,109,341904->341903->342155->342156->342710->343062->563071->340626->341619->563100->341780->341614->341779->341781->341617->341616->343068->341618->341782->341615->340584->341784->341889->341583->341786->341588->341785->342116->341788->341787->563170->341731->341603->341730->646623->341984->341732->342691->341733->341602->338230->646176->339098->340484->338229->339133->338254->338767->338768->587842->338583->338268->338582->339138->339116->338705->338269->338581->340332->339979->338631->338933->340139->339308->338988->338629->338270->338628->338624->338238->338625->339478->339477->339503->338839->338840->340290->339504->339505->339506->339503->339477->339480->340320->339728->339312->613624->338622->338256->339580->613775->338232->338908->338255->338246->338248->339715->339720->339718->339716->339720->339715->339718->339720->339719->339720->339718->339716->339720->339715->339718->339720->339719->339720->339718->339716->339720->339715->339718->339720->339719->339720->339718->339716->339720->339715->339718->339716->339720->339715->339718->339716->339720->339715->339718->339716->339720->339715->339718->339716->339720->339715->339718->339716->339720->339715->339718->339716->339720->339715->339718->339716->339720->339715->339718->339716->339720->339715->338248->338246->338255->338908->338232->613774->613775->338232->338908->338255->338246->338248->339715->339720->339718->339716->339720->339715->339718->339716->339720->339715->339718->339716->339720->339715->339718->339716->339720->339715->339718->339720->339719->339720->339718->339716->339720->339715->339718->339716->339720->339715->339718
rl_signal_attention,t3_sinsa_daechi,long,off_peak,7.0,11,2926.4434,2340.5655,585.8779,2919.6745,1557.2847,19563.1,25,False,200,19,70,111,341904->341903->342155->342156->342157->342711->342712->342158->342157->342156->342710->343062->563071->340626->341619->563100->341780->341614->341779->341781->341617->341616->343068->341618->341782->341615->340584->341784->341889->341583->341611->342865->342652->342116->342672->340587->646667->646362->341982->342679->341983->342673->646784->646782->341597->341596->341598->342684->341601->343106->343943->342693->341607->588038->563143->338261->339538->338258->339132->338586->338262->338587->338588->339119->338589->338205->338992->338592->338259->338590->338805->339504->339505->339506->339503->339477->339480->340320->339728->339312->613624->338622->338256->339580->613775->338232->338908->338255->338246->338248->339715->339718->339716->339714->338351->587871->338363->338340->338330->338318->338319->338320->339710->339711->338745->338764->338763->563047->338319->338318->338620->338317->339563->339562->338296->645999->646000->338362->338318->338620->338317->339563->339562->338317->613780->613779->338340->338363->587871->338351->338350->339575->338326->338327->338207->340157->338234->339582->338232->338908->338255->338246->338248->339715->339720->339718->339716->339720->339715->339718->339716->339720->339715->339718->339716->339720->339715->339718->339716->339720->339715->339718->339716->339720->339715->339718->339716->339720->339715->339718->339716->339720->339715->339718->339716->339720->339715->339718->339716->339720->339715->339718->339716->339720->339715->339718->339716->339720->339715->339718->339716->339720->339718->339716->339720->339715->339718->339716->339720->339715->339718
rl_signal_attention,t3_sinsa_daechi,long,off_peak,7.0,12,2739.1895,2208.8563,530.3332,2681.3728,1409.6449,17775.9,28,False,200,18,72,110,341904->341903->342155->342156->342157->342711->342712->342158->342157->342156->342710->343062->563071->340626->341619->563100->341780->341614->341779->341781->341617->341616->343068->341618->341782->341615->340584->341784->341889->341583->341786->341588->341785->342116->341788->341787->563170->341731->341603->341730->646623->341984->341732->342691->341733->341602->338230->646176->339098->340484->338229->338218->339094->338258->339132->338586->338262->338587->338588->339119->338589->338205->338992->338592->338259->338590->338805->339504->339505->339506->339503->339477->339480->340320->339728->339312->613624->338622->338256->339580->613775->338232->338908->338255->338246->338248->339715->339720->339718->339716->339720->339715->339718->339720->339719->339720->339718->339716->339720->339715->339718->339720->339719->339720->339718->339716->339720->339715->339718->339720->339719->339720->339718->339716->339720->339715->339718->339720->339719->339720->339718->339716->339720->339715->339718->339716->339720->339715->339718->339716->339714->338351->587871->338363->338340->338330->338318->338319->338320->340305->338764->338763->563047->338319->338318->338620->338317->613780->613779->338340->338363->587871->338351->338350->339575->338326->338327->338207->340157->340158->338207->340157->340158->338207->340157->338234->339582->338232->338908->338255->338246->338248->339715->339718->339716->339720->339715->339718->339716->339720->339715->339718->339716->339720->339715->339718->339716->339720->339715->339718->339716->339720->339715->339718->339716->339720->339715->339718->339716->339720->339715
rl_signal_attention,t3_sinsa_daechi,long,off_peak,7.0,13,2508.2981,2007.5887,500.7094,2142.1071,1330.9037,15583.4,23,False,200,19,80,101,341904->341903->342155->342156->342157->342711->342712->342158->342157->342156->342710->343062->563071->340626->341619->563100->341780->341614->341779->341781->341617->341616->343068->341618->341782->341615->340584->341784->341889->341583->341786->341588->341785->342116->341788->341787->563170->341731->341603->341730->646623->341984->341732->342691->341733->341602->338230->646176->339098->340484->338229->338218->339094->338258->339132->338586->338262->338587->338588->339119->338589->338205->338992->338592->338259->338590->338805->339504->339505->339506->339503->339477->339480->340320->339728->339727->339728->339312->613624->338622->338256->339580->613775->338232->338908->338255->338246->338248->339715->339720->339718->339716->339720->339715->339718->339716->339720->339715->339718->339720->339715->339718->339720->339719->339720->339718->339716->339720->339715->339718->339720->339719->339720->339718->339716->339720->339715->339718->339716->339720->339715->339718->339720->339719->339720->339718->339716->339720->339715->339718->339716->339714->338351->587871->338363->562875->338358->339151->562874->338352->338619->338618->338351->338350->339575->338326->338327->338207->340157->340158->338207->340157->340158->338207->340157->340158->338207->340157->340158->338207->340157->340158->338207->340157->340158->338207->340157->340158->338207->340157->340158->338207->340157->340158->338207->340157->340158->338207->340157->340158->338207->340157->340158->338206->338776->339001->338727->338621->338256->339580->613775->338232->338908->338255->338246->338248->339715->339720->339718->339716->339720
rl_signal_attention,t3_sinsa_daechi,long,off_peak,7.0,14,2683.7351,2234.484,449.2511,2720.386,1194.1258,17842.9,20,False,200,33,49,118,341904->341903->342155->342156->342157->342711->342712->342158->342157->342156->342710->343062->563071->340626->341619->563100->341780->341614->341779->341781->341617->341618->341782->341615->340584->341784->341889->341583->341786->341588->341785->342116->341788->341787->563170->341731->341603->341730->646623->341984->341732->342691->341733->341602->338230->646176->339098->340484->338229->338218->339094->338258->339538->338261->341734->341572->340705->341555->341556->342153->343109->613772->613773->339003->613772->613773->339003->613772->613773->339003->613772->343109->342153->341556->341555->342643->341561->341562->341564->342639->563096->342115->343710->341560->342648->563067->342636->342147->341996->341571->340229->562951->338222->338198->338199->338224->342071->341571->341521->342613->341535->344530->344529->341533->344530->341535->342613->341521->341571->340229->562951->338222->338198->338199->338224->342071->341571->341521->342613->341535->344530->344529->343940->339229->338324->338769->338311->646265->338733->339152->339153->562882->562895->562882->339153->339152->338733->646265->338311->339265->338310->343919->343726->341535->342613->341521->341571->340229->562951->338222->338198->562865->339135->339122->646056->338604->338223->338603->339126->338348->338347->338346->339296->338349->338341->338728->339266->338343->338313->338707->338314->338315->338345->340097->339563->338317->613780->613779->338340->338363->587871->587870->587871->338351->338350->339575->338326->338327->338207->340157->340158->338207->340157->340158->338207->340157->340158->338207->340157->340158->338207
rl_signal_attention,t3_sinsa_daechi,long,off_peak,7.0,15,2660.7857,2113.1604,547.6252,2417.7626,1455.6077,16946.2,24,False,200,17,72,111,341904->341903->342155->342156->342157->342711->342712->342158->342157->342156->342710->343062->563071->340626->341619->563100->341780->341614->341779->341781->341617->341618->341782->341615->340584->341784->341889->341583->341611->342865->342652->342116->342672->340587->646667->646362->341982->342679->341983->342673->646784->646782->341597->341596->341598->342684->341601->343106->343943->342693->341607->588038->563143->338261->339538->338258->339132->338586->338262->338587->338588->339119->338589->338205->338992->338592->338259->338590->338805->339504->339505->339506->339503->339477->339480->340320->339728->339312->613624->338622->338256->339580->613775->338232->338908->338255->338246->338248->339715->339720->339718->339716->339720->339715->339718->339720->339719->339720->339718->339716->339720->339715->339718->339720->339719->339720->339715->339718->339720->339719->339720->339718->339716->339720->339715->339718->339720->339719->339720->339718->339716->339720->339715->339718->339720->339719->339720->339718->339716->339720->339715->339718->339720->339719->339720->339718->339716->339720->339715->339718->339716->339720->339715->339718->339720->339719->339720->339718->339716->339720->339715->339718->339716->339720->339715->339718->339716->339720->339715->339718->339716->339720->339715->339718->339716->339720->339715->339718->339716->339720->339715->339718->339716->339714->338351->587871->338363->338340->338330->338318->338319->338320->340305->338764->338763->563047->338319->338318->338620->338317->613780->613779->338340->338363->587871->338351->338350->339575->338326->338327->338207
rl_signal_attention,t3_sinsa_daechi,long,off_peak,7.0,16,2143.7353,1881.4329,262.3024,1909.9349,697.2094,13684.5,17,False,200,14,104,82,341904->341903->342155->342156->342157->342711->342712->344670->342712->342714->342713->342076->341620->341621->342834->343100->342865->342652->342116->342672->340587->646667->646362->341982->342679->341983->342673->646784->646782->341597->341596->341598->342684->341601->343106->343943->342693->341607->588038->563143->338261->339538->338258->339132->338586->338262->338587->338588->339119->338589->338205->338992->338592->338259->338590->338805->339504->339505->339506->339503->339477->339480->340320->339728->339312->613624->338622->338256->339580->613775->338232->338908->338255->338246->338248->339715->339720->339718->339716->339720->339715->339718->339720->339719->339720->339718->339716->339720->339715->339718->339720->339719->339720->339718->339716->339714->338351->587871->338363->338340->338330->338318->338319->338320->340305->338763->563047->338319->338318->338620->338317->339563->339562->338317->613780->613779->338340->338363->587871->338351->338350->339575->338326->338327->338207->340157->340158->338207->340157->340158->338207->340157->340158->338207->340157->340158->338207->340157->340158->338207->340157->340158->338207->340157->340158->338207->340157->340158->338207->340157->340158->338207->340157->340158->338207->340157->340158->338207->340157->340158->338207->340157->340158->338207->340157->340158->338207->340157->340158->338207->340157->340158->338207->340157->340158->338207->340157->340158->338207->340157->340158->338207->340157->340158->338207->340157->340158->338207->340157->340158->338207->340157->340158->338207->340157->340158->338207->340157->340158->338207->340157
rl_signal_attention,t3_sinsa_daechi,long,off_peak,7.0,17,2712.3502,1991.1567,721.1935,2270.7414,1916.9584,15687.6,31,False,200,14,88,98,341904->341903->342155->342156->342157->342711->342712->342158->342157->342156->342710->343062->563071->340626->341619->563100->341780->341614->341779->341781->341617->341616->343068->341618->341782->341615->340584->341784->341889->341583->341786->341588->341785->342116->341788->341787->563170->341731->341603->341730->646623->341984->341732->342691->341733->341602->338230->646176->339098->340484->338229->338218->339094->338258->339132->338586->338262->338587->338588->339119->338589->338205->338992->338592->338259->338590->338805->339504->339505->339506->339503->339477->339480->340320->339728->339312->613624->338622->338256->339580->613775->338232->339581->339582->338232->338908->338255->338246->338248->339715->339720->339718->339716->339720->339715->339718->339720->339719->339720->339718->339716->339720->339715->339718->339720->339719->339720->339718->339716->339720->339715->339718->339716->339720->339715->339718->339720->339719->339720->339718->339716->339720->339715->339718->339716->339720->339715->339718->339716->339720->339715->339718->339716->339720->339715->339718->339716->339720->339715->339718->339716->339720->339715->339718->339716->339720->339715->339718->339716->339720->339715->339718->339716->339720->339715->339718->339716->339720->339715->339718->339716->339720->339715->339718->339720->339719->339720->339718->339716->339720->339715->339718->339716->339720->339715->339718->339716->339720->339715->339718->339720->339719->339720->339718->339716->339720->339715->339718->339716->339720->339715->339718->339716->339720->339715->339718->339716->339720->339715->339718->339716
rl_signal_attention,t3_sinsa_daechi,long,off_peak,7.0,18,2801.0094,2189.8332,611.1762,2601.7612,1624.5285,17402.2,26,False,200,15,82,103,341904->341903->342155->342156->342157->342711->342712->342158->342157->342156->342710->343062->563071->340626->341619->563100->341780->341614->341779->341781->341617->341618->341782->341615->340584->341784->341889->341583->341611->342865->342652->342116->342672->340587->646667->646362->341982->342679->341983->342673->646784->646782->341597->341596->341598->342684->341601->343106->343943->342693->341607->588038->563143->338261->339538->338258->339132->338586->338262->338587->338588->339119->338589->338205->338992->338592->338259->338590->338805->339504->339505->339506->339503->339477->339480->340320->339728->339312->613624->338622->338256->339580->613775->338232->338908->338255->338246->338248->339715->339720->339718->339716->339720->339715->339718->339720->339719->339720->339718->339716->339720->339715->339718->339720->339719->339720->339718->339716->339720->339715->339718->339716->339720->339715->339718->339720->339719->339720->339718->339716->339720->339718->339716->339720->339715->339718->339720->339719->339720->339718->339716->339720->339718->339716->339720->339715->339718->339716->339720->339715->339718->339716->339720->339715->339718->339716->339720->339715->339718->339716->339720->339715->339718->339716->339720->339715->339718->339716->339720->339715->339718->339716->339720->339715->339718->339716->339720->339715->339718->339716->339720->339715->339718->339716->339720->339715->339718->339716->339720->339715->339718->339716->339714->338351->587871->338363->338340->338330->338318->338362->339695->339697->613782->339697->339695->338362->338318->338620->338317->613780->613779
rl_signal_attention,t3_sinsa_daechi,long,off_peak,7.0,19,2691.9982,2071.2863,620.7118,2424.0254,1649.8746,16681.4,26,False,200,17,78,105,341904->341903->342155->342156->342157->342711->342712->342158->342157->342156->342710->343062->563071->340626->341619->563100->341780->341614->341779->341781->341617->341616->343068->341618->341782->341615->340584->341784->341889->341583->341611->342865->342652->342116->342672->340587->646667->646362->341982->342679->341983->342673->646784->646782->341597->341596->341598->342684->341601->343106->343943->342693->341607->588038->563143->338261->339538->338258->339132->338586->338262->338587->338588->339119->338589->338205->338992->338592->338259->338590->338805->339504->339505->339506->339503->339477->339480->340320->339728->339312->613624->338622->338256->339580->613775->338232->338908->338255->338246->338248->339715->339720->339718->339716->339720->339715->339718->339720->339719->339720->339718->339716->339720->339715->339718->339720->339719->339720->339718->339716->339720->339715->339718->339720->339719->339720->339718->339717->339718->339715->339720->339718->339716->339720->339715->339718->339720->339719->339720->339718->339716->339720->339715->339718->339716->339720->339715->339718->339716->339720->339715->339718->339716->339720->339715->339718->339716->339720->339715->339718->339716->339720->339715->338248->338246->338255->338908->338232->613774->613775->338232->338908->338255->338246->338248->339715->339718->339716->339720->339715->339718->339716->339720->339715->339718->339720->339719->339720->339718->339716->339720->339715->339718->339716->339720->339715->339718->339716->339720->339715->339718->339716->339720->339715->339718->339716->339720->339715->339718->339716->339720
rl_signal_attention,t3_sinsa_daechi,long,off_peak,7.0,20,3023.807,2252.3196,771.4874,2662.6662,2050.6415,18484.0,34,False,200,26,73,101,341904->341903->342155->342156->342157->342711->343062->342710->342156->342155->342720->342715->342158->342712->342714->342713->342076->341620->341621->342834->343100->342865->340641->340704->341588->341785->342116->341788->341787->563170->341731->341603->341730->646623->341984->341732->342691->341733->341602->338230->646176->339098->340484->338229->338218->339094->338258->339132->338586->338262->338587->338588->339119->338589->338205->338992->338592->338259->338590->338805->339504->339505->339506->339503->339477->339480->340320->339728->339312->613624->338622->338256->339580->613775->338232->338908->338255->338246->338248->339715->339720->339718->339716->339720->339715->339718->339720->339719->339720->339718->339716->339720->339715->339718->339720->339715->339718->339720->339719->339720->339718->339716->339720->339718->339716->339720->339715->339718->339720->339719->339720->339718->339716->339720->339715->339718->339716->339720->339715->339718->339716->339720->339715->339718->339720->339719->339720->339718->339716->339720->339715->339718->339716->339720->339715->339718->339716->339720->339715->339718->339716->339720->339715->339718->339716->339720->339715->339718->339716->339720->339715->339718->339716->339720->339715->339718->339716->339720->339715->339718->339716->339714->338351->587871->338363->338340->338330->338318->338319->338323->338763->563047->338319->338318->338620->338317->613780->613779->338340->338330->338318->338319->338323->338763->563047->338319->338318->338620->338317->613780->613779->338340->338363->587871->338351->338350->339575->338326->338327->338207->340157
rl_signal_attention,t3_sinsa_daechi,long,off_peak,7.0,21,2969.031,2302.429,666.602,2838.7489,1771.8523,19306.5,31,False,200,27,70,103,341904->341903->342155->342156->342157->342711->342712->344670->342712->342714->342713->342076->341620->341621->342834->343100->342865->340641->340704->341588->341785->342116->341788->341787->563170->341731->341603->341730->646623->341984->341732->342691->341733->341602->338230->646176->339098->340484->338229->338218->339094->338258->339132->338586->338262->338587->338588->339119->338589->338205->338992->338592->338259->338590->338805->339504->339505->339506->339503->339477->339480->340320->339728->339312->613624->338622->338256->339580->613775->338232->338908->338255->338246->338248->339715->339720->339718->339716->339720->339715->339718->339720->339719->339720->339715->339718->339720->339719->339720->339718->339717->339718->339715->339720->339718->339716->339720->339715->339718->339716->339720->339715->339718->339720->339719->339720->339718->339716->339720->339715->338248->338246->338255->338908->338232->613774->613775->338232->338908->338255->338246->338248->339715->339720->339718->339716->339720->339715->339718->339716->339720->339715->339718->339716->339720->339715->339718->339716->339720->339715->339718->339716->339720->339715->339718->339716->339720->339715->339718->339716->339720->339719->339720->339718->339716->339720->339715->339718->339716->339714->338351->587871->338363->338340->338330->338318->338319->338323->338763->563047->338319->338318->338330->338358->339151->562874->563055->338352->338619->338618->338351->338350->339575->338326->338327->338207->340157->338234->339582->338232->338908->338255->338246->338248->339715->339720->339718->339716->339720->339715->339718
rl_signal_attention,t3_sinsa_daechi,long,off_peak,7.0,22,2697.6741,2064.3791,633.295,2420.5354,1683.3212,16571.5,29,False,200,18,82,100,341904->341903->342155->342156->342157->342711->342712->344670->342712->342714->342713->342076->341620->341621->342834->343100->342865->342652->342116->342672->340587->646667->646362->341982->342679->341983->342673->646784->646782->341597->341596->341598->342684->341601->343106->343943->342693->341607->588038->563143->338261->339538->338258->339132->338586->338262->338587->338588->339119->338589->338205->338992->338592->338259->338590->338805->339504->339505->339506->339503->339477->339480->340320->339728->339312->613624->338622->338256->339580->613775->338232->338908->338255->338246->338248->339715->339720->339718->339716->339720->339715->339718->339720->339719->339720->339718->339716->339720->339715->339718->339720->339719->339720->339718->339717->339718->339715->339720->339718->339716->339720->339715->339718->339720->339719->339720->339718->339716->339720->339715->339718->339716->339720->339715->339718->339720->339719->339720->339718->339716->339720->339718->339716->339720->339715->339718->339716->339720->339715->339718->339720->339719->339720->339718->339716->339720->339715->339718->339716->339720->339715->339718->339716->339720->339715->339718->339716->339720->339715->339718->339716->339720->339715->339718->339716->339720->339715->339718->339716->339720->339715->339718->339716->339714->338351->587871->338363->338340->338330->338318->338319->338320->340305->338764->338763->563047->338319->338318->338620->338317->613780->613779->338340->338363->587871->338351->338350->339575->338326->338327->338207->340157->340158->338207->340157->340158->338207->340157->340158->338207->340157
rl_signal_attention,t3_sinsa_daechi,long,off_peak,7.0,23,2835.0816,2156.7424,678.3392,2597.8041,1803.0503,17152.7,28,False,200,22,74,104,341904->341903->342155->342156->342157->342711->342712->342158->342157->342156->342710->343062->563071->340626->341619->563100->341780->341614->341779->341781->341617->341616->343068->341618->341782->341615->340584->341784->341889->341583->341786->341588->341785->342116->341788->341787->563170->341731->341603->341730->646623->341984->341732->342691->341733->341602->338230->646176->339098->340484->338229->338218->339094->338258->339132->338586->338262->338587->338588->339119->338589->338205->338992->338592->338259->338590->338805->339504->339505->339506->339503->339477->339480->340320->339728->339312->613624->338622->338256->339580->613775->338232->338908->338255->338246->338248->339715->339720->339718->339716->339720->339715->339718->339716->339720->339715->339718->339720->339719->339720->339718->339716->339720->339715->339718->339720->339719->339720->339718->339716->339720->339715->339718->339716->339720->339715->339718->339720->339719->339720->339718->339716->339720->339715->339718->339716->339720->339715->339718->339716->339720->339715->339718->339716->339720->339715->339718->339716->339720->339715->339718->339716->339720->339715->339718->339716->339720->339715->339718->339716->339720->339715->339718->339716->339720->339715->339718->339716->339720->339715->339718->339716->339720->339715->339718->339716->339714->338351->587871->338363->338340->338330->338318->338319->338323->338763->563047->338319->338318->338620->338317->613780->613779->338340->338363->587871->587870->587871->338351->338350->339575->338326->338327->338207->340158->340157->338207->340158->340157->338207->340158
rl_signal_attention,t3_sinsa_daechi,long,off_peak,7.0,24,2942.462,2201.8078,740.6542,2713.4089,1968.6857,17938.3,39,False,200,25,71,104,341904->341903->342155->342156->342157->342158->342712->342714->342713->342076->341620->341621->342834->343100->342865->340641->340704->341588->341785->342116->341788->341787->563170->341731->341603->341730->646623->341984->341732->342691->341733->341602->338230->646176->339098->340484->338229->338218->339094->338258->339132->338586->338262->338587->338588->339119->338589->338205->338992->338592->338259->338590->338805->339504->339505->339506->339503->339477->339480->340320->339728->339312->613624->338622->338256->339580->613775->338232->338908->338255->338246->338248->339715->339720->339718->339716->339720->339715->339718->339720->339719->339720->339718->339716->339720->339715->339718->339720->339719->339720->339718->339716->339720->339715->339718->339720->339719->339720->339718->339716->339720->339715->339718->339716->339720->339715->339718->339716->339720->339715->339718->339720->339719->339720->339718->339716->339720->339715->339718->339716->339720->339715->339718->339716->339714->338351->587871->338363->338340->338330->338318->338319->338320->340305->338764->338763->563047->338319->338318->338620->338317->613780->613779->338340->338330->338318->338319->338320->340305->338764->338763->563047->338319->338323->338763->563047->338319->338318->338620->338317->613780->613779->338340->338363->587871->338351->339714->339716->339718->339715->339720->339718->339716->339720->339715->339718->339716->339720->339715->339718->339716->339720->339715->339718->339720->339715->339718->339716->339720->339715->339718->339716->339720->339715->339718->339716->339720->339715->339718->339716->339720
rl_signal_attention,t3_sinsa_daechi,long,off_peak,7.0,25,2894.2672,2143.0063,751.2609,2595.9405,1996.8787,17319.1,30,False,200,13,86,101,341904->341903->342155->342156->342157->342711->342712->342158->342157->342156->342710->343062->342711->342712->342158->342157->342156->342710->343062->563071->340626->341619->563100->341780->341614->341779->341781->341617->341616->343068->341618->341782->341615->340584->341784->341889->341583->341786->341588->340704->340641->342865->341611->341583->342674->342671->342672->342116->341785->341588->343777->340703->342671->340702->341790->341589->340701->563070->342670->646668->646669->342669->563097->342673->646784->646782->341597->341596->341598->342684->341601->343106->343943->342693->341607->588038->563143->338261->339538->338258->339132->338586->338262->338587->338588->339119->338589->338205->338992->338592->338259->338590->338805->339504->339505->339506->339503->339477->339480->340320->339728->339312->613624->338622->338256->339580->613775->338232->338908->338255->338246->338248->339715->339720->339718->339716->339720->339715->339718->339716->339720->339715->339718->339716->339720->339715->339718->339716->339720->339715->339718->339716->339720->339715->339718->339716->339720->339715->339718->339716->339720->339715->339718->339716->339720->339715->339718->339716->339720->339715->339718->339716->339720->339715->339718->339716->339720->339715->339718->339716->339720->339715->339718->339716->339720->339715->339718->339716->339720->339715->338248->338245->646015->339318->338246->338248->339715->339720->339719->339720->339718->339716->339720->339715->339718->339716->339720->339715->339718->339716->339720->339715->339718->339716->339720->339715->339718->339716->339720->339715->339718
rl_signal_attention,t3_sinsa_daechi,long,off_peak,7.0,26,2736.4696,2097.2047,639.2648,2610.3033,1699.1892,17544.0,27,False,200,22,75,103,341904->341903->342155->342156->342157->342711->342712->342158->342157->342156->342710->343062->563071->340626->341619->563100->341780->341614->341779->341781->341617->341616->343068->341618->341782->341615->340584->341784->341889->341583->341786->341588->341785->342116->341788->341787->563170->341731->341603->341730->646623->341984->341732->342691->341733->341602->338230->646176->339098->340484->338229->338218->339094->338258->339132->338586->338262->338587->338588->339119->338589->338205->338992->338592->338259->338591->338204->339653->338998->338205->338992->338592->338259->338590->338805->339504->339505->339506->339503->339477->339480->339479->339478->339477->339503->338839->338840->340290->339504->339505->339506->339503->339477->339480->340320->339728->339312->613624->338622->338256->339580->613775->338232->338908->338255->338246->338248->339715->339720->339718->339716->339720->339715->339718->339716->339720->339715->339718->339720->339719->339720->339718->339716->339720->339715->339718->339716->339720->339715->339718->339716->339720->339715->339718->339720->339719->339720->339718->339716->339720->339715->339718->339716->339720->339715->339718->339716->339720->339715->339718->339716->339720->339715->339718->339716->339720->339715->339718->339716->339720->339715->339718->339716->339720->339715->339718->339716->339720->339715->339718->339716->339720->339715->339718->339716->339720->339715->338248->338246->338255->338908->338232->613774->613775->338232->338908->338255->338246->338248->339715->339720->339718->339716->339720->339715->339718->339716->339720->339715->339718->339716
rl_signal_attention,t3_sinsa_daechi,long,off_peak,7.0,27,2544.6436,2050.8324,493.8112,2210.9245,1312.5681,15927.7,21,False,200,20,76,104,341904->341903->342155->342156->342157->342711->342712->342158->342715->343651->342716->342717->342718->340635->342718->342159->344204->341621->341620->342076->342713->342714->342712->342158->342157->342156->342710->343062->563071->340626->341619->563100->341780->341614->341779->341781->341617->341616->343068->341618->341782->341615->340584->341784->341889->341583->341611->342865->342652->342116->342672->340587->646667->646362->341982->342679->341983->342673->646784->646782->341597->341596->341598->342684->341601->343106->343943->342693->341607->588038->563143->338261->339538->338258->339132->338586->338262->338587->338588->339119->338589->338205->338992->338592->338259->338590->338805->339504->339505->339506->339503->339477->339480->340320->339728->339312->613624->338622->338256->339580->613775->338232->338908->338255->338246->338248->339715->339720->339718->339716->339720->339715->339718->339716->339720->339715->339718->339720->339719->339720->339718->339716->339720->339715->339718->339716->339720->339715->339718->339716->339714->338351->587871->338363->338340->338330->338318->338319->338320->340305->338764->338763->563047->338319->338318->338620->338317->613780->613779->338340->338363->587871->338351->338350->339575->338326->338327->338207->340157->340158->338207->340157->340158->338207->340157->340158->338207->340157->340158->338207->340157->340158->338207->340157->340158->338207->340157->340158->338207->340157->340158->338207->340157->340158->338207->340157->340158->338207->340157->340158->338207->340157->340158->338207->340157->340158->338207->340157->340158->338207->340157
rl_signal_attention,t3_sinsa_daechi,long,off_peak,7.0,28,2631.3787,1995.854,635.5247,2263.8101,1689.2478,15410.6,26,False,200,11,91,98,341904->341903->342155->342156->342157->342711->342712->342158->342157->342156->342710->343062->563071->340626->341619->563100->341780->341614->341779->341781->341617->341618->341782->341615->340584->341784->341889->341583->341786->341588->341785->342116->341788->341787->563170->341731->341603->341730->646623->341984->341732->342691->341733->341602->338230->646176->339098->340484->338229->338218->339094->338258->339132->338586->338262->338587->338588->339119->338589->338205->338992->338592->338259->338590->338805->339504->339505->339506->339503->339477->339480->340320->339728->339312->613624->338622->338256->339580->613775->338232->338908->338255->338246->338248->339715->339720->339718->339716->339720->339715->339718->339720->339719->339720->339718->339716->339720->339715->339718->339720->339719->339720->339718->339716->339720->339715->339718->339720->339719->339720->339718->339716->339720->339715->339718->339720->339719->339720->339718->339716->339720->339715->339718->339716->339720->339715->339718->339720->339719->339720->339718->339716->339720->339715->339718->339716->339720->339715->339718->339716->339720->339715->339718->339716->339720->339715->339718->339716->339720->339715->339718->339716->339720->339719->339720->339718->339716->339720->339715->339718->339716->339720->339715->339718->339716->339720->339715->339718->339716->339720->339715->339718->339716->339720->339718->339716->339720->339715->339718->339716->339720->339715->339718->339716->339720->339715->339718->339716->339720->339715->339718->339716->339720->339715->339718->339716->339720->339715->339718->339716->339720
rl_signal_attention,t3_sinsa_daechi,long,off_peak,7.0,29,2847.6552,2075.9331,771.7222,2513.6603,2051.2655,16325.7,33,False,200,18,93,89,341904->341903->342155->342156->342157->342711->342712->344670->342712->342714->342713->342076->341620->341621->342834->343100->342865->340641->340704->341588->341785->342116->341788->341787->563170->341731->341603->341730->646623->341984->341732->342691->341733->341602->338230->646176->339098->340484->338229->338218->339094->338258->339132->338586->338262->338587->338588->339119->338589->338205->338992->338592->338259->338590->338805->339217->340290->338840->338839->339503->339477->339480->340320->339728->339312->613624->338622->338256->339580->613775->338232->338908->338255->338246->338248->339715->339720->339718->339716->339720->339715->339718->339716->339720->339715->339718->339720->339719->339720->339718->339716->339720->339715->339718->339720->339719->339720->339718->339716->339720->339715->339718->339716->339720->339715->339718->339720->339719->339720->339718->339716->339720->339715->339718->339716->339720->339715->339718->339716->339720->339715->339718->339716->339720->339715->339718->339716->339720->339715->339718->339716->339720->339715->339718->339716->339720->339719->339720->339718->339716->339720->339715->339718->339716->339720->339715->339718->339716->339720->339715->339718->339716->339720->339715->339718->339716->339720->339715->339718->339720->339719->339720->339718->339716->339720->339715->339718->339716->339720->339715->339718->339716->339720->339715->338248->338246->339318->646015->338245->338248->339715->339720->339718->339716->339720->339715->339718->339716->339720->339715->339718->339720->339715->339718->339716->339720->339715->339718->339716->339720->339719
rl_signal_attention,t3_sinsa_daechi,long,off_peak,7.0,30,2753.0717,2029.5073,723.5644,2352.0368,1923.2604,16316.6,32,False,200,20,88,92,341904->341903->342155->342156->342157->342711->342712->342714->342713->342076->341620->341621->342834->343100->342865->340641->340704->341588->341785->342116->341788->341787->563170->341731->341603->341730->646623->341984->341732->342691->341733->341602->338230->646176->339098->340484->338229->338218->339094->338258->339132->338586->338262->338587->338588->339119->338589->338205->338992->338592->338259->338591->338204->339653->338998->338205->338992->338592->338259->338590->338805->339504->339505->339506->339503->339477->339480->340320->339728->339312->613624->338622->338256->339580->613775->338232->338908->338255->338246->338248->339715->339720->339718->339716->339720->339715->339718->339720->339719->339720->339718->339716->339720->339715->339718->339720->339719->339720->339718->339716->339720->339715->339718->339720->339719->339720->339718->339716->339720->339715->339718->339716->339720->339715->339718->339720->339719->339720->339718->339716->339720->339719->339720->339718->339716->339720->339715->339718->339716->339720->339715->339718->339716->339720->339715->339718->339720->339719->339720->339718->339716->339720->339715->339718->339716->339720->339715->339718->339716->339720->339715->339718->339716->339720->339715->339718->339716->339720->339715->339718->339716->339720->339715->339718->339716->339720->339715->339718->339716->339720->339715->339718->339716->339720->339715->339718->339716->339720->339715->339718->339716->339720->339715->339718->339716->339720->339715->339718->339716->339720->339715->339718->339716->339720->339715->338248->338246->338255->338908->338232->339581
rl_signal_attention,t3_sinsa_daechi,long,peak,8.0,1,2610.0476,1927.5321,682.5154,2679.0541,1814.1508,16250.0,29,False,200,14,86,100,341904->341903->342155->342156->342157->342711->342712->342158->342157->342156->342710->343062->563071->340626->341619->563100->341780->341614->341779->341781->341617->341616->343068->341618->341782->341615->340584->341784->341889->341583->341786->341588->341785->342116->342672->340587->646667->646362->341982->342679->342669->563097->342673->646784->646782->341597->341596->341598->342684->341601->343106->343943->342693->341607->588038->563143->338261->339538->338258->339132->338586->338262->338587->338588->339119->338589->338205->338992->338592->338259->338590->338805->339504->339505->339506->339503->338839->338840->340290->339504->339505->339506->339503->339477->339480->340320->339728->339312->613624->338622->338256->339580->613775->338232->338908->338255->338246->338248->339715->339720->339718->339716->339720->339715->339718->339716->339720->339715->339718->339720->339719->339720->339718->339716->339720->339715->339718->339720->339719->339720->339718->339716->339720->339715->339718->339716->339720->339715->339718->339720->339719->339720->339718->339716->339720->339719->339720->339718->339716->339720->339715->339718->339716->339720->339715->339718->339716->339720->339715->339718->339716->339720->339715->339718->339716->339720->339715->339718->339716->339720->339715->339718->339716->339720->339715->339718->339716->339720->339715->339718->339716->339720->339715->339718->339716->339720->339715->339718->339716->339720->339715->339718->339716->339720->339715->339718->339716->339720->339715->339718->339716->339720->339715->339718->339716->339720->339715->339718->339716->339720->339715
rl_signal_attention,t3_sinsa_daechi,long,peak,8.0,2,1112.203,922.9608,189.2422,1254.5961,503.0125,7580.5,10,True,89,11,11,67,341904->341903->342155->342156->342157->342711->342712->342158->342157->342156->342710->343062->563071->340626->341619->563100->341780->341614->341779->341781->341617->341616->343068->341618->341782->341615->340584->341784->341889->341583->341786->341588->341785->342116->341788->341787->563170->341731->341603->341730->646623->341984->341732->342691->341733->341602->338230->646176->339098->340484->338229->338218->339094->338258->339132->338586->338262->338587->338588->339119->338589->338205->338992->338592->338259->338590->338805->339504->339505->339506->339503->339477->339480->340320->339728->339312->613624->338622->338256->338621->338727->339001->646223->587844->587841->339124->587910->587846->338600->338354
rl_signal_attention,t3_sinsa_daechi,long,peak,8.0,3,2794.6113,2051.7953,742.8161,2847.9187,1974.432,16764.9,29,False,200,17,78,105,341904->341903->342155->342156->342157->342711->342712->342158->342157->342156->342710->343062->342711->342712->342158->342157->342156->342710->343062->563071->340626->341619->563100->341780->341614->341779->341781->341617->341616->343068->341618->341782->341615->340584->341784->341889->341583->341786->341588->343777->340703->342671->340702->341790->341589->341789->340587->646667->646362->646363->646362->341982->342679->341983->342673->646784->646782->341597->341596->341598->342684->341601->343106->343943->342693->341607->588038->563143->338261->339538->338258->339132->338586->338262->338587->338588->339119->338589->338205->338992->338592->338259->338590->338805->339504->339505->339506->339503->339477->339480->340320->339728->339312->613624->338622->338256->339580->613775->338232->338908->338255->338246->338248->339715->339720->339718->339716->339720->339715->339718->339720->339719->339720->339718->339716->339720->339715->339718->339720->339719->339720->339718->339716->339720->339715->339718->339716->339720->339715->339718->339716->339720->339715->339718->339716->339720->339715->339718->339716->339720->339715->339718->339716->339720->339715->339718->339716->339720->339715->339718->339716->339720->339715->339718->339716->339720->339715->339718->339716->339720->339715->339718->339716->339720->339715->339718->339716->339720->339715->339718->339716->339720->339715->338248->338246->338255->338908->338232->613774->613775->338232->338908->338255->338246->338248->339715->339720->339718->339716->339720->339715->339718->339716->339720->339715->339718->339716->339720->339715->339718->339716
rl_signal_attention,t3_sinsa_daechi,long,peak,8.0,4,2505.558,2113.2003,392.3577,2766.8783,1042.9011,17063.4,23,False,200,20,74,106,341904->341903->342155->342156->342157->342711->342712->342158->342157->342156->342710->343062->563071->340626->341619->563100->341780->341614->341779->341781->341617->341616->343068->341618->341782->341615->340584->341784->341889->341583->341611->342865->342652->342116->342672->340587->646667->646362->341982->342679->341983->342673->646784->646782->341597->341596->341598->342684->341601->343106->343943->342693->341607->588038->563143->338261->339538->338258->339132->338586->338262->338587->338588->339119->338589->338205->338992->338592->338259->338590->338805->339504->339505->339506->339503->339477->339480->340320->339728->339312->613624->338622->338256->339580->613775->338232->338908->338255->338246->338248->339715->339720->339718->339716->339720->339715->339718->339720->339719->339720->339718->339716->339720->339715->339718->339720->339719->339720->339718->339716->339714->338351->587871->338363->338340->338330->338318->338319->563047->338763->340305->338764->338763->563047->338319->338318->338620->338317->339563->339562->338317->613780->613779->338340->338363->587871->338351->338350->339575->338326->338327->338207->340157->340158->338207->340157->340158->338207->340157->340158->338207->340157->340158->338207->340157->340158->338207->340157->340158->338207->340157->340158->338207->340157->340158->338207->340157->340158->338207->340157->340158->338207->340157->340158->338207->340157->340158->338207->340157->338234->339582->338232->338908->338255->338246->338248->339715->339720->339718->339716->339714->338351->587871->587870->587871->338351->338350->339575->338326->338327->338207
rl_signal_attention,t3_sinsa_daechi,long,peak,8.0,5,2750.789,2033.3433,717.4457,2830.7192,1906.9968,16823.0,33,False,200,12,83,105,341904->341905->341623->342117->342719->342710->343062->563071->340626->341619->563100->341780->341614->341779->341781->341617->341616->343068->341618->341782->341615->340584->341784->341889->341583->341786->341588->341785->342116->341788->341787->563170->341731->341603->341730->646623->341984->341732->342691->341733->341602->338230->646176->339098->340484->338229->339133->338254->338767->338768->587842->338583->338268->338582->339138->339116->338705->338269->338581->340332->339979->338631->338933->340139->339308->338988->338629->338270->338628->338624->338238->338625->339478->339477->339503->338839->338840->340290->339504->339505->339506->339503->339477->339480->340320->339728->339312->613624->338622->338256->339580->613775->338232->338908->338255->338246->338248->339715->339720->339718->339716->339720->339715->339718->339716->339720->339715->339718->339720->339719->339720->339718->339716->339720->339715->339718->339716->339720->339715->339718->339716->339720->339715->339718->339716->339720->339715->339718->339716->339720->339715->339718->339716->339720->339715->339718->339716->339720->339715->339718->339716->339720->339715->339718->339716->339720->339719->339720->339718->339716->339720->339715->339718->339716->339720->339715->339718->339716->339720->339715->339718->339716->339720->339715->339718->339716->339720->339715->339718->339716->339720->339715->339718->339716->339720->339715->339718->339716->339720->339715->339718->339716->339720->339715->339718->339716->339720->339715->339718->339716->339720->339715->339718->339716->339720->339715->339718->339716->339720->339715->339718
rl_signal_attention,t3_sinsa_daechi,long,peak,8.0,6,2793.7295,2277.0322,516.6973,3206.9709,1373.4,18503.6,24,False,200,27,55,118,341904->341903->342155->342156->342157->342711->343062->563071->340626->341619->563100->341780->341614->341779->341781->341617->341616->343068->341618->341782->341615->340584->341784->341889->341583->341786->341588->341785->342116->341788->341787->563170->341731->341603->341730->646623->341984->341732->342691->341733->341602->338230->646176->339098->340484->338229->339133->338254->338926->646136->338920->613766->613767->338253->613768->338803->338267->340192->338229->340484->339098->646176->338230->562917->562916->562917->338230->646176->339098->340484->338229->339133->338254->338926->646136->338920->613766->613767->338253->613768->338803->338267->338584->338254->338767->338768->587842->338583->338268->338582->339138->339116->338705->338269->338581->340332->339979->338631->338933->340139->339308->338988->338629->338270->338628->338624->338238->338625->339478->339477->339503->338839->338840->340290->339504->339505->339506->339503->339477->339480->340320->339728->339312->613624->338622->338256->339580->613775->338232->338908->338255->338246->338248->339715->339720->339718->339716->339720->339715->339718->339716->339720->339715->339718->339716->339720->339715->339718->339716->339720->339715->339718->339716->339720->339715->339718->339716->339720->339715->339718->339716->339720->339715->338248->338246->338255->338908->338232->613774->613775->338232->338908->338255->338246->338248->339715->339720->339718->339716->339720->339715->339718->339716->339720->339715->338248->338246->338255->338908->338232->613774->613775->338232->338908->338255->338246->338248->339715->339720->339718->339716
rl_signal_attention,t3_sinsa_daechi,long,peak,8.0,7,2849.1394,2134.5424,714.5969,3082.4621,1899.4246,17151.4,33,False,200,18,84,98,341904->341903->342155->342156->342157->342711->342712->342158->342157->342156->342710->343062->563071->340626->341619->563100->341780->341614->341779->341781->341617->341616->343068->341618->341782->341615->340584->341784->341889->341583->341786->341588->341785->342116->341788->341787->563170->341731->341603->563167->342692->343706->563224->563225->563226->563224->343706->342692->563167->341603->341729->341598->342684->341601->343106->343943->342693->341607->588038->563143->338261->339538->338258->339132->338586->338262->338587->338588->339119->338589->338205->338992->338592->338259->338590->338805->339504->339505->339506->339503->339477->339480->340320->339728->339312->613624->338622->338256->339580->613775->338232->338908->338255->338246->338248->339715->339720->339718->339716->339720->339715->339718->339716->339720->339715->339718->339720->339719->339720->339718->339716->339720->339715->339718->339716->339720->339715->339718->339716->339720->339715->339718->339716->339720->339715->339718->339716->339720->339715->339718->339716->339720->339715->339718->339716->339720->339715->339718->339716->339720->339715->339718->339716->339720->339719->339720->339718->339716->339720->339715->339718->339716->339720->339715->339718->339716->339720->339715->339718->339716->339720->339715->339718->339716->339720->339715->339718->339716->339720->339715->339718->339716->339720->339715->339718->339716->339720->339715->338248->338246->338255->338908->338232->613774->613775->338232->338908->338255->338246->338248->339715->339720->339718->339716->339720->339715->339718->339716->339720->339715->339718
rl_signal_attention,t3_sinsa_daechi,long,peak,8.0,8,2669.1983,2195.548,473.6503,2994.0696,1258.9796,17426.5,24,False,200,45,38,117,341904->341903->342155->342156->342157->342711->342712->342158->342157->342156->342710->343062->563071->340626->341619->563100->341780->341614->341779->341781->341617->341616->343068->341618->341782->341615->340584->341784->341889->341583->341786->341588->341785->342116->341788->341787->563170->341731->341603->341730->646623->341984->341732->342691->341733->341602->338230->646176->339098->340484->338229->338218->339094->338258->339538->338261->341734->341572->340705->341555->341556->342153->343109->613772->613773->339003->613772->613773->339003->613772->613773->339003->613772->613773->339003->613772->613773->339003->613772->613773->339003->613772->343109->342153->341556->341555->341736->341568->341735->341564->342639->563096->342115->343710->341560->342648->563067->342636->342147->341996->341571->340229->562951->338222->338198->338199->338224->342071->341571->341521->342613->341535->344530->344529->343940->339229->338324->338769->338311->646265->338733->339152->339153->562882->562895->562882->339153->339152->338733->646265->338311->339265->338310->343919->343726->341535->342613->341521->341571->340229->562951->338222->338198->338199->338224->342071->341571->341521->342613->341535->344530->344529->343940->339229->338324->338769->338311->646265->338733->339152->339153->562882->562895->562882->339153->339152->338733->646265->338311->339265->338310->343919->343726->341535->342613->341521->341571->340229->562951->338222->338198->562865->339135->339122->646056->338604->338223->338603->339126->338348->338347->338346->339296->338349->338341->338728->339266->338343->338313->338707->338314
rl_signal_attention,t3_sinsa_daechi,long,peak,8.0,9,2449.654,1962.5026,487.1514,2691.1958,1294.8661,16034.8,22,False,200,19,90,91,341904->341903->342155->342156->342157->342711->342712->342158->342157->342156->342710->343062->563071->340626->341619->563100->341780->341614->341779->341781->341617->341616->343068->341618->341782->341615->340584->341784->341889->341583->341611->342865->343100->342834->341621->344204->342159->342700->343100->342865->340641->340704->341588->341785->342116->341788->341787->563170->341731->341603->341730->646623->341984->341732->342691->341733->341602->338230->646176->339098->340484->338229->338218->339094->338258->339132->338586->338262->338587->338588->339119->338589->338205->338992->338592->338259->338590->338805->339504->339505->339506->339503->339477->339480->340320->339728->339312->613624->338622->338256->339580->613775->338232->338908->338255->338246->338248->339715->339720->339716->339718->339717->339718->339715->339720->339718->339716->339720->339715->339718->339716->339720->339715->339718->339716->339720->339715->339718->339716->339720->339715->339718->339716->339720->339715->339718->339716->339720->339715->339718->339716->339714->338351->587871->338363->562875->338358->339151->562874->338352->338619->338618->338351->338350->339575->338326->338327->338207->340157->340158->338207->340157->340158->338207->340157->340158->338207->340157->340158->338207->340157->340158->338207->340157->340158->338207->340157->340158->338207->340157->340158->338207->340157->340158->338207->340157->340158->338207->340157->340158->338207->340157->340158->338207->340157->340158->338207->340157->340158->338207->340157->340158->338207->340157->340158->338207->340157->338234->339582->338232->338908
rl_signal_attention,t3_sinsa_daechi,long,peak,8.0,10,2671.227,2000.1221,671.1049,2711.7966,1783.8212,16950.9,31,False,200,19,74,107,341904->341903->342155->342156->342157->342711->342712->342158->342157->342156->342710->343062->563071->340626->341619->563100->341780->341614->341779->341781->341617->341616->341585->341783->341618->341782->341615->340584->341784->341889->341583->341611->342865->342652->342116->342672->340587->646667->646362->341982->342679->341983->342673->646784->646782->341597->341596->341598->342684->341601->343106->343943->342693->341607->588038->563143->338261->339538->338258->339132->338586->338262->338587->338588->339119->338589->338205->338992->338592->338259->338590->338805->339504->339505->339506->339503->339477->339480->340320->339728->339312->613624->338622->338256->339580->613775->338232->338908->338255->338246->338248->339715->339720->339718->339716->339720->339715->339718->339720->339719->339720->339715->339718->339720->339719->339720->339718->339716->339720->339715->339718->339720->339719->339720->339718->339716->339720->339715->339718->339716->339720->339715->339718->339720->339719->339720->339718->339716->339720->339715->339718->339716->339720->339715->339718->339716->339720->339715->339718->339716->339720->339715->339718->339716->339720->339715->339718->339716->339720->339715->339718->339716->339720->339715->339718->339716->339720->339715->339718->339716->339720->339719->339720->339718->339716->339714->338351->587871->338363->338340->338330->338318->338319->338323->338763->338764->340304->338763->563047->338319->338318->338620->338317->613780->613779->338340->338363->587871->338351->338350->339575->338326->338327->338207->340157->340158->338207->340157->340158->338207->340157
rl_signal_attention,t3_sinsa_daechi,long,peak,8.0,11,2894.2645,2107.0707,787.1937,3029.6212,2092.3894,17746.5,34,False,200,23,82,95,341904->341903->341633->343064->341904->342719->342117->341623->341905->341904->341903->342155->342156->342710->343062->563071->340626->341619->563100->341780->341614->341779->341781->341617->341616->343068->341618->341782->341615->340584->341784->341889->341583->341786->341588->340704->340641->342865->341611->341583->342674->342671->342672->342116->341788->341787->563170->341731->341603->341730->646623->341984->341732->342691->341733->341602->338230->646176->339098->340484->338229->338218->339094->338258->339132->338586->338262->338587->338588->339119->338589->338205->338992->338592->338259->338590->338805->339504->339505->339506->339503->339477->339480->340320->339728->339312->613624->338622->338256->339580->613775->338232->338908->338255->338246->338248->339715->339720->339718->339716->339720->339715->339718->339720->339719->339720->339718->339716->339720->339715->339718->339716->339720->339715->339718->339716->339720->339715->339718->339716->339720->339715->339718->339716->339720->339715->339718->339716->339720->339715->339718->339716->339720->339715->339718->339716->339720->339715->339718->339716->339720->339715->338248->338246->338255->338908->338232->339581->339582->338232->338908->338255->338246->338248->339715->339720->339718->339716->339720->339715->339718->339720->339719->339720->339718->339716->339720->339715->339718->339716->339720->339715->339718->339716->339720->339715->339718->339716->339720->339715->339718->339716->339720->339715->339718->339716->339720->339715->339718->339716->339720->339715->339718->339716->339720->339715->339718->339716->339720->339715->339718
rl_signal_attention,t3_sinsa_daechi,long,peak,8.0,12,2652.3363,1927.7089,724.6274,2679.3813,1926.086,15752.0,33,False,200,13,89,98,341904->341903->342155->342156->342157->342711->342712->342158->342157->342156->342710->343062->563071->340626->341619->563100->341780->341614->341779->341781->341617->341616->343068->341618->341782->341615->340584->341784->341889->341583->341786->341588->341785->342116->341788->341787->563170->341731->341603->341730->646623->341984->341732->342691->341733->341602->338230->646176->339098->340484->338229->338218->339094->338258->339132->338586->338262->338587->338588->339119->338589->338205->338992->338592->338259->338590->338805->339504->339505->339506->339503->339477->339480->340320->339728->339312->613624->338622->338256->339580->613775->338232->338908->338255->338246->338248->339715->339720->339718->339717->339718->339715->339720->339718->339716->339720->339715->339718->339720->339719->339720->339718->339716->339720->339715->339718->339720->339719->339720->339718->339716->339720->339715->339718->339716->339720->339715->339718->339720->339719->339720->339718->339716->339720->339715->339718->339716->339720->339715->339718->339716->339720->339715->339718->339716->339720->339715->339718->339716->339720->339715->339718->339716->339720->339715->339718->339716->339720->339715->339718->339716->339720->339715->339718->339716->339720->339715->339718->339716->339720->339715->339718->339716->339720->339715->339718->339716->339720->339715->339718->339716->339720->339715->339718->339720->339719->339720->339718->339716->339720->339715->339718->339716->339720->339715->339718->339716->339720->339715->339718->339716->339720->339715->339718->339716->339720->339715->339718->339716->339720->339715
rl_signal_attention,t3_sinsa_daechi,long,peak,8.0,13,2533.7033,1992.9788,540.7246,2672.7253,1437.2655,16588.6,25,False,200,19,77,104,341904->341903->342155->342156->342157->342711->342712->342158->342157->342156->342710->343062->563071->340626->341619->563100->341780->341614->341779->341781->341617->341616->342655->341575->341584->342676->342653->342654->342657->646554->342069->646413->342660->341938->341981->342678->341791->341589->341789->340587->646667->646362->341982->342679->341983->342673->646784->646782->341597->341596->341598->342684->341601->343106->343943->342693->341607->588038->563143->338261->339538->338258->339132->338586->338262->339922->340140->339002->338922->339657->338655->646068->339806->645954->338997->340121->338998->338205->338992->338592->338259->338590->338805->339504->339505->339506->339503->339477->339480->340320->339728->339312->613624->338622->338256->339580->613775->338232->338908->338255->338246->338248->339715->339720->339718->339716->339720->339715->339718->339720->339719->339720->339718->339716->339720->339715->339718->339720->339719->339720->339718->339716->339720->339715->339718->339720->339719->339720->339718->339716->339720->339715->339718->339720->339719->339720->339718->339716->339720->339715->339718->339716->339720->339715->339718->339716->339720->339715->338248->338246->338255->338908->338232->613774->613775->338232->338908->338255->338246->338248->339715->339720->339718->339716->339720->339715->339718->339716->339720->339715->339718->339716->339720->339715->339718->339716->339720->339715->339718->339716->339720->339715->339718->339720->339719->339720->339718->339716->339720->339715->339718->339716->339720->339715->339718->339716->339720->339715->339718->339716->339720
rl_signal_attention,t3_sinsa_daechi,long,peak,8.0,14,2715.6597,2185.1686,530.4911,3139.5278,1410.0647,16925.8,28,True,188,31,23,134,341904->341903->342155->342156->342157->342711->342712->342158->342157->342156->342710->343062->563071->340626->341619->563100->341780->341614->341779->341781->341617->341616->343068->341618->341782->341615->340584->341784->341889->341583->341786->341588->341785->342116->341788->341787->563170->341731->341603->341730->646623->341984->341732->342691->341733->341602->338230->646176->339098->340484->338229->338218->339094->338258->339132->338586->338262->338587->338588->339119->338589->338205->338992->338592->338259->338590->338805->339504->339505->339506->339503->339477->339480->340320->339728->339312->613624->338622->338256->339580->613775->338232->338908->338255->338246->338248->338245->338244->338243->338900->338848->338849->338850->646267->338838->338853->338852->613786->613787->338686->646118->338772->338359->338357->338249->338248->338245->338244->338243->338900->338848->338849->646185->338849->338848->338900->338847->338846->339872->339722->338845->338844->338843->340291->340289->338994->339309->339479->339478->339477->339503->338839->338840->340290->339217->338805->338590->338259->338591->338204->339653->338998->338205->338589->339119->338997->340121->338998->339653->338204->340199->339804->340199->338204->338591->338259->338590->338805->339504->339505->339506->339503->339477->339480->340320->339728->339727->339728->339312->613624->338622->338256->338621->338727->339001->338776->338206->339125->338598->338208->339663->338208->338598->339125->339124->587910->587846->338600->338354
rl_signal_attention,t3_sinsa_daechi,long,peak,8.0,15,2483.1311,1983.6435,499.4876,2697.899,1327.6562,16128.5,24,False,200,26,80,94,341904->341903->342155->342156->342157->342711->342712->342714->342713->342076->341620->341621->342834->343100->342865->340641->340704->341588->341785->342116->341788->341787->563170->341731->341603->341730->646623->341984->341732->342691->341733->341602->338230->646176->339098->340484->338229->338218->339094->338258->339132->338586->338262->338587->338588->339119->338589->338205->338992->338592->338259->338591->338204->339653->338998->338205->339115->338991->338710->338593->338259->338590->338805->339504->339505->339506->339503->339477->339480->340320->339728->339312->613624->338622->338256->339580->613775->338232->338908->338255->338246->338248->339715->339720->339718->339716->339720->339715->339718->339720->339719->339720->339718->339716->339720->339715->339718->339720->339719->339720->339718->339716->339720->339715->339718->339720->339719->339720->339718->339716->339720->339715->339718->339720->339719->339720->339718->339716->339720->339715->339718->339716->339720->339715->339718->339720->339719->339720->339718->339716->339720->339715->339718->339716->339720->339715->339718->339716->339720->339715->339718->339716->339720->339715->339718->339716->339720->339715->338248->338246->338255->338908->338232->613774->613775->339580->338256->338621->338727->339001->338776->338206->340158->338207->340157->340158->338207->340157->340158->338207->340157->340158->338207->340157->340158->338207->340157->340158->338207->340157->340158->338207->340157->340158->338207->340157->340158->338206->338776->339001->338727->338621->338256->339580->613775->338232->338908->338255->338246->338248->339715
rl_signal_attention,t3_sinsa_daechi,long,peak,8.0,16,2922.3225,2201.4633,720.8593,3020.9227,1916.0702,17946.4,33,False,200,22,59,119,341904->341903->342155->342156->342157->342711->342712->342158->342157->342156->342710->343062->563071->340626->341619->563100->341780->341614->341779->341781->341617->341616->343068->341618->341617->341616->343068->341618->341782->341615->340584->341784->341889->341583->341786->341588->341785->342116->341788->341787->563170->341731->341603->341730->646623->341984->341732->342691->341733->341602->338230->339134->339069->338253->613768->338803->338267->340192->338229->340484->339098->646176->338230->562917->338585->338267->338584->338254->338767->338768->587842->338583->338268->338582->339138->339116->338705->338269->338581->340332->339979->338631->338933->340139->339308->338988->338629->338270->338628->338624->338238->338625->339478->339477->339503->338839->338840->340290->339504->339505->339506->339503->339477->339480->340320->339728->339312->613624->338622->338256->339580->613775->338232->338908->338255->338246->338248->339715->339720->339718->339716->339720->339719->339720->339718->339716->339720->339715->339718->339716->339720->339715->339718->339716->339720->339715->339718->339716->339720->339718->339716->339720->339715->339718->339716->339720->339715->339718->339716->339720->339715->339718->339716->339720->339715->339718->339716->339720->339715->339718->339716->339720->339715->339718->339716->339720->339715->339718->339716->339720->339715->339718->339716->339720->339715->339718->339716->339714->338351->587871->338363->338340->338330->338318->338319->338323->338763->563047->338319->338318->338620->338317->613780->613779->338340->338363->587871->338351->338350->339575->338326
rl_signal_attention,t3_sinsa_daechi,long,peak,8.0,17,2557.9345,2009.2201,548.7144,2703.3281,1458.5028,16426.8,27,False,200,15,86,99,341904->341903->342155->342156->342157->342711->342712->342158->342157->342156->342710->343062->563071->340626->341619->563100->341780->341614->341779->341781->341617->341616->343068->341618->341782->341615->340584->341784->341889->341583->341786->341588->341785->342116->341788->341787->563170->341731->341603->341730->646623->341984->341732->342691->341733->341602->338230->646176->339098->340484->338229->338218->339094->338258->339132->338586->338262->338587->338588->339119->338589->338205->338992->338592->338259->338590->338805->339504->339505->339506->339503->339477->339480->340320->339728->339312->613624->338622->338256->339580->613775->338232->338908->338255->338246->338248->339715->339720->339718->339716->339720->339715->339718->339720->339719->339720->339718->339716->339720->339715->339718->339720->339719->339720->339718->339716->339720->339715->339718->339720->339719->339720->339718->339716->339720->339715->339718->339720->339719->339720->339718->339716->339720->339715->339718->339716->339720->339715->338248->338246->338255->338908->338232->613774->613775->338232->338908->338255->338246->338248->339715->339720->339718->339716->339720->339715->339718->339716->339720->339715->339718->339716->339720->339715->339718->339716->339720->339718->339716->339720->339715->339718->339720->339719->339720->339718->339716->339720->339715->339718->339716->339720->339715->339718->339716->339720->339715->339718->339716->339720->339715->339718->339716->339720->339715->339718->339716->339720->339715->339718->339716->339720->339715->339718->339716->339720->339718->339716->339720->339715->339718
rl_signal_attention,t3_sinsa_daechi,long,peak,8.0,18,2594.1433,2058.9515,535.1918,2829.6457,1422.5592,16738.4,29,False,200,22,77,101,341904->341903->342155->342156->342157->342711->342712->342158->342157->342156->342710->343062->563071->340626->341619->563100->341780->341614->341779->341781->341617->341616->343068->341618->341782->341615->340584->341784->341889->341583->341611->342865->342652->342116->342672->340587->646667->646362->341982->342679->341983->342673->646784->646782->341597->341596->341598->342684->341601->343106->343943->342693->341607->588038->588037->588038->563143->338261->339538->338258->339132->338586->338262->338587->338588->339119->338589->338205->338992->338592->338259->338590->338805->339504->339505->339506->339503->339477->339480->340320->339728->339312->613624->338622->338256->339580->613775->338232->338908->338255->338246->338248->339715->339720->339718->339716->339720->339715->339718->339720->339719->339720->339718->339716->339720->339715->339718->339720->339719->339720->339718->339716->339720->339715->339718->339720->339719->339720->339718->339716->339720->339715->339718->339716->339720->339715->339718->339720->339719->339720->339718->339716->339720->339715->339718->339716->339720->339715->339718->339716->339720->339715->339718->339716->339720->339715->338248->338246->338255->338908->338232->613774->613775->338232->338908->338255->338246->338248->339715->339720->339716->339718->339715->339720->339718->339716->339720->339715->339718->339716->339720->339715->339718->339716->339720->339719->339720->339718->339716->339720->339715->339718->339716->339720->339715->339718->339716->339720->339715->339718->339716->339720->339715->339718->339716->339720->339715->339718->339716->339720->339715
rl_signal_attention,t3_sinsa_daechi,long,peak,8.0,19,2331.077,1882.8617,448.2153,2445.9956,1191.3726,15255.9,25,False,200,17,78,105,341904->341903->342155->342156->342157->342711->342712->342158->342157->342156->342710->343062->563071->340626->341619->563100->341780->341614->341779->341781->341617->341616->343068->341618->341782->341615->340584->341784->341889->341583->341786->341588->341785->342116->342672->340587->646667->646362->341982->342679->341983->342673->646784->646782->341597->341596->341598->342684->341601->343106->343943->342693->341607->588038->563143->338261->339538->338258->339132->338586->338262->338587->338588->339119->338589->338205->338992->338592->338259->338590->338805->339504->339505->339506->339503->339477->339480->340320->339728->339312->613624->338622->338256->339580->613775->338232->338908->338255->338246->338248->339715->339718->339716->339720->339715->339718->339720->339719->339720->339718->339717->339718->339715->339720->339718->339716->339720->339715->339718->339720->339719->339720->339718->339716->339720->339715->339718->339720->339719->339720->339718->339716->339720->339715->339718->339716->339714->338351->587871->338363->338340->338330->338318->338319->338320->340305->338764->338763->563047->338319->338318->338620->338317->339563->339562->338317->338620->338318->338330->338358->339151->562874->338352->338619->338618->338351->338350->339575->338326->338327->338207->340157->340158->338207->340157->340158->338207->340157->340158->338207->340157->340158->338207->340157->340158->338207->340157->340158->338207->340157->340158->338207->340157->340158->338207->340157->340158->338207->340157->340158->338207->340157->340158->338207->340157->340158->338207->340157->340158->338207->340157
rl_signal_attention,t3_sinsa_daechi,long,peak,8.0,20,2744.6664,2091.3251,653.3413,2895.2641,1736.605,17163.9,30,False,200,16,86,98,341904->341903->342155->342156->342157->342711->342712->342158->342157->342156->342710->343062->563071->340626->341619->563100->341780->341614->341779->341781->341617->341616->343068->341618->341782->341615->340584->341784->341889->341583->341611->342865->342652->342116->342672->340587->646667->646362->341982->342679->341983->342673->646784->646782->341597->341596->341598->342684->341601->343106->343943->342693->341607->588038->563143->338261->339538->338258->339132->338586->338262->338587->338588->339119->338589->338205->338992->338592->338259->338590->338805->339504->339505->339506->339503->339477->339480->340320->339728->339312->613624->338622->338256->339580->613775->338232->338908->338255->338246->338248->339715->339720->339718->339716->339720->339715->339718->339720->339715->339718->339720->339719->339720->339718->339716->339720->339715->339718->339720->339719->339720->339718->339716->339720->339715->339718->339716->339720->339715->339718->339720->339719->339720->339718->339716->339720->339715->339718->339716->339720->339715->339718->339716->339720->339715->339718->339716->339720->339718->339716->339720->339715->339718->339716->339720->339715->339718->339716->339720->339715->338248->338246->338255->338908->338232->613774->613775->338232->338908->338255->338246->338248->339715->339720->339718->339716->339720->339715->339718->339716->339720->339715->339718->339716->339720->339715->339718->339716->339720->339715->339718->339716->339720->339715->339718->339716->339720->339715->339718->339716->339720->339715->339718->339716->339720->339715->339718->339716->339720->339715->339718
rl_signal_attention,t3_sinsa_daechi,long,peak,8.0,21,2447.266,1995.2394,452.0266,2539.0434,1201.503,15897.4,18,False,200,37,56,107,341904->341903->342155->342156->342157->342711->342712->342158->342157->342156->342710->343062->342711->342712->342158->342157->342156->342710->343062->563071->340626->341619->563100->341780->341614->341779->341781->341617->341616->343068->341618->341782->341615->340584->341784->341889->341583->341786->341588->341785->342116->341788->341787->563170->341731->341603->341730->646623->341984->341732->342691->341733->341602->338230->646176->339098->340484->338229->338218->339094->338258->613662->339651->338651->562921->562923->342153->343109->613772->613773->339003->613772->613773->339003->613772->613773->339003->613772->613773->339003->613772->613773->339003->613772->613773->339003->339662->341549->342639->563096->342115->343710->341560->342648->563067->342636->342147->341996->341571->340229->562951->338222->338198->338199->338224->342071->341571->341521->342613->341535->344530->344529->343940->339229->338324->338769->338311->646265->338733->339152->339153->562882->562895->562882->339153->339152->338733->646265->338311->339265->338310->343919->343726->341535->342613->341521->341571->340229->562951->338222->338198->562865->339135->339122->646056->338604->338223->338603->339126->338348->338347->338346->339296->338349->338341->338728->339266->338343->338313->338707->338314->338315->338345->340097->339563->338317->613780->613779->338340->338363->587871->338351->338350->339575->338326->338327->338207->340157->340158->338207->340157->340158->338207->340157->340158->338207->340157->340158->338207->340157->340158->338207->340157->340158->338207->340157->340158->338207->340157->340158->338207
rl_signal_attention,t3_sinsa_daechi,long,peak,8.0,22,2285.9779,1810.658,475.3199,2430.1526,1263.4176,14414.0,21,False,200,20,94,86,341904->341903->342155->342156->342157->342711->342712->342714->342713->342076->341620->341621->342834->343100->342865->340641->340704->341588->341785->342116->341788->341787->563170->341731->341603->341730->646623->341984->341732->342691->341733->341602->338230->646176->339098->340484->338229->338218->339094->338258->339132->338586->338262->338587->338588->339119->338589->338205->338992->338592->338259->338590->338805->339504->339505->339506->339503->339477->339480->340320->339728->339312->613624->338622->338256->339580->613775->338232->338908->338255->338246->338248->339715->339720->339718->339716->339720->339715->339718->339720->339719->339720->339718->339716->339720->339715->339718->339720->339719->339720->339718->339716->339720->339715->339718->339720->339719->339720->339718->339716->339714->338351->338618->338619->338352->562874->563055->338352->338619->338618->338351->338350->339575->338326->338327->338207->340157->340158->338207->340157->340158->338207->340157->340158->338207->340157->340158->338207->340157->340158->338207->340157->340158->338207->340157->340158->338207->340157->340158->338207->340157->340158->338207->340157->340158->338207->340157->340158->338207->340157->340158->338207->340157->340158->338207->340157->340158->338207->340157->340158->338207->340157->340158->338207->340157->340158->338207->340157->340158->338207->340157->340158->338207->340157->340158->338207->340157->340158->338206->338776->339001->338727->338621->338256->339580->613775->338232->338908->338255->338246->338248->339715->339720->339718->339716->339720->339715->339718->339716->339714->338351
rl_signal_attention,t3_sinsa_daechi,long,peak,8.0,23,2829.6936,2031.997,797.6966,2807.1038,2120.3064,16952.3,35,False,200,21,73,106,341904->341903->342155->342156->342157->342711->343062->563071->340626->341619->563100->341780->341614->341779->341781->341617->341616->343068->341618->341782->341615->340584->341784->341889->341583->341786->341588->341785->342116->341788->341787->563170->341731->341603->341730->646623->341984->341732->342691->341733->341602->338230->646176->339098->340484->338229->338218->339094->338258->339132->338586->338262->338587->338588->339119->338589->338205->338992->338592->338259->338590->338805->339504->339505->339506->339503->339477->339480->340320->339728->339312->613624->338622->338256->339580->613775->338232->338908->338255->338246->338248->339715->339720->339718->339716->339720->339715->339718->339720->339719->339720->339718->339716->339720->339715->339718->339720->339719->339720->339718->339716->339720->339715->339718->339720->339719->339720->339718->339716->339720->339715->339718->339720->339719->339720->339718->339716->339720->339715->339718->339720->339719->339720->339716->339718->339715->339720->339718->339717->339718->339715->339720->339718->339716->339720->339715->339718->339716->339720->339715->339718->339716->339720->339715->339718->339716->339720->339715->339718->339716->339720->339715->339718->339716->339720->339715->339718->339716->339720->339715->339718->339716->339720->339715->339718->339716->339720->339715->339718->339716->339720->339715->339718->339716->339720->339715->339718->339716->339714->338351->587871->338363->338340->338330->338318->338319->338323->338763->563047->338319->338318->338620->338317->613780->613779->338340->338363->587871->338351->338350->339575
rl_signal_attention,t3_sinsa_daechi,long,peak,8.0,24,2681.2085,2052.5088,628.6997,2706.16,1671.1066,16924.3,28,False,200,15,92,93,341904->341903->342155->342156->342157->342711->342712->342158->342157->342156->342710->343062->563071->340626->341619->563100->341780->341614->341779->341781->341617->341616->343068->341618->341782->341615->340584->341784->341889->341583->341786->341588->341785->342116->341788->341787->563170->341731->341603->341730->646623->341984->341732->342691->341733->341602->338230->646176->339098->340484->338229->338218->339094->338258->339132->338586->338262->338587->338588->339119->338589->338205->338992->338592->338259->338590->338805->339504->339505->339506->339503->339477->339480->340320->339728->339312->613624->338622->338256->339580->613775->338232->338908->338255->338246->338248->338249->339110->338352->338619->338618->338351->338350->339575->338326->338327->338207->340157->340158->338207->340157->340158->338207->340157->340158->338207->340157->340158->338207->340157->340158->338207->340157->340158->338207->340157->340158->338207->340157->340158->338207->340157->340158->338207->340157->340158->338207->340157->338234->339582->338232->338908->338255->338246->338248->339715->339720->339718->339716->339720->339715->339718->339716->339720->339715->339718->339716->339720->339715->339718->339716->339720->339715->339718->339716->339720->339715->339718->339716->339720->339715->339718->339716->339720->339715->339718->339716->339720->339715->339718->339716->339720->339715->339718->339716->339720->339715->339718->339716->339720->339715->339718->339716->339720->339715->339718->339716->339720->339715->339718->339716->339720->339715->339718->339716->339720->339715->339718->339716->339720->339715
rl_signal_attention,t3_sinsa_daechi,long,peak,8.0,25,2686.6012,1950.4044,736.1968,2796.295,1956.8378,16200.9,33,False,200,12,93,95,341904->341903->342155->342156->342157->342711->342712->342158->342157->342156->342710->343062->563071->340626->341619->563100->341780->341614->341779->341781->341617->341616->343068->341618->341782->341615->340584->341784->341889->341583->341786->341588->341785->342116->341788->341787->563170->341731->341603->341730->646623->341984->341732->342691->341733->341602->338230->646176->339098->340484->338229->338218->339094->338258->339132->338586->338262->338587->338588->339119->338589->338205->338992->338592->338259->338590->338805->339504->339505->339506->339503->339477->339480->340320->339728->339312->613624->338622->338256->339580->613775->338232->338908->338255->338246->338248->339715->339720->339718->339716->339720->339715->339718->339720->339719->339720->339718->339716->339720->339715->339718->339716->339720->339715->339718->339720->339719->339720->339715->339718->339720->339719->339720->339718->339716->339720->339715->339718->339716->339720->339715->339718->339716->339720->339715->339718->339716->339720->339715->339718->339716->339720->339715->339718->339716->339720->339715->339718->339716->339720->339715->339718->339716->339720->339715->339718->339716->339720->339715->339718->339716->339720->339715->339718->339716->339720->339715->339718->339716->339720->339715->339718->339716->339720->339715->339718->339716->339720->339715->339718->339716->339720->339715->339718->339716->339720->339715->339718->339716->339720->339715->339718->339716->339720->339715->339718->339720->339715->339718->339716->339720->339715->339718->339716->339720->339715->339718->339716->339720->339715->339718
rl_signal_attention,t3_sinsa_daechi,long,peak,8.0,26,2389.8973,1920.8218,469.0755,2592.7413,1246.8197,15611.0,24,False,200,18,82,100,341904->341903->342155->342156->342157->342711->342712->342158->342157->342156->342710->343062->563071->340626->341619->563100->341780->341614->341779->341781->341617->341616->343068->341618->341782->341615->340584->341784->341889->341583->341786->341588->341785->342116->341788->341787->563170->341731->341603->341730->646623->341984->341732->342691->341733->341602->338230->646176->339098->340484->338229->338218->339094->338258->339132->338586->338262->338587->338588->339119->338589->338205->338992->338592->338259->338590->338805->339504->339505->339506->339503->339477->339480->340320->339728->339312->613624->338622->338256->339580->613775->338232->338908->338255->338246->338248->339715->339720->339718->339717->339718->339715->339720->339718->339716->339720->339715->339718->339720->339719->339720->339718->339716->339720->339715->339718->339720->339719->339720->339718->339716->339720->339715->339718->339716->339720->339715->339718->339720->339719->339720->339718->339716->339720->339715->339718->339716->339720->339715->339718->339716->339720->339715->339718->339716->339714->338351->587871->338363->338340->338330->338318->338319->338320->340305->338764->338763->563047->338319->338318->338620->338317->613780->613779->338340->338363->587871->338351->338350->339575->338326->338327->338207->340157->340158->338207->340157->340158->338207->340157->340158->338207->340157->340158->338207->340157->340158->338207->340157->340158->338207->340157->340158->338207->340157->340158->338207->340157->340158->338207->340157->340158->338207->340157->340158->338207->340157->340158->338207->340157->338234
rl_signal_attention,t3_sinsa_daechi,long,peak,8.0,27,2537.9943,1855.129,682.8653,2540.8586,1815.0807,15711.4,32,False,200,13,90,97,341904->341903->342155->342156->342157->342711->342712->342158->342157->342156->342710->343062->563071->340626->341619->563100->341780->341614->341779->341781->341617->341616->343068->341618->341782->341615->340584->341784->341889->341583->341786->341588->341785->342116->341788->341787->563170->341731->341603->341730->646623->341984->341732->342691->341733->341602->338230->646176->339098->340484->338229->338218->339094->338258->339132->338586->338262->338587->338588->339119->338589->338205->338992->338592->338259->338590->338805->339504->339505->339506->339503->339477->339480->340320->339728->339312->613624->338622->338256->339580->613775->338232->338908->338255->338246->338248->339715->339720->339718->339716->339720->339715->339718->339720->339719->339720->339718->339716->339720->339715->339718->339720->339719->339720->339718->339716->339720->339715->339718->339720->339719->339720->339718->339716->339720->339715->339718->339716->339720->339715->339718->339716->339720->339715->339718->339716->339720->339715->339718->339716->339720->339715->339718->339716->339720->339715->339718->339716->339720->339719->339720->339718->339716->339720->339715->339718->339716->339720->339715->339718->339716->339720->339715->339718->339716->339720->339715->339718->339716->339720->339715->339718->339716->339720->339718->339716->339720->339715->339718->339716->339720->339715->339718->339716->339720->339715->339718->339716->339720->339715->339718->339716->339720->339715->339718->339716->339720->339715->339718->339716->339720->339715->339718->339716->339720->339715->339718->339716->339720->339719->339720
rl_signal_attention,t3_sinsa_daechi,long,peak,8.0,28,2519.7616,2061.3853,458.3763,2872.2749,1218.3807,16480.6,25,False,200,22,89,89,341904->341903->342155->342156->342157->342711->342712->344670->342712->342714->342713->342076->341620->341621->342834->343100->342865->340641->340704->341588->341785->342116->341788->341787->563170->341731->341603->341730->646623->341984->341732->342691->341733->341602->338230->646176->339098->340484->338229->338218->339094->338258->339132->338586->338262->338587->338588->339119->338589->338205->338992->338592->338259->338590->338805->339504->339505->339506->339503->339477->339480->340320->339728->339312->613624->338622->338256->339580->613775->338232->339581->339582->338232->338908->338255->338246->338248->339715->339720->339718->339716->339714->338351->587871->338363->338340->338330->338318->338319->338320->340305->338763->563047->338319->338318->338620->338317->339563->339562->338317->613780->613779->338340->338363->587871->338351->338350->339575->338326->338327->338207->340157->340158->338207->340157->340158->338207->340157->340158->338207->340157->340158->338207->340157->340158->338207->340157->340158->338207->340157->340158->338207->340157->340158->338207->340157->340158->338207->340157->340158->338207->340157->340158->338207->340157->340158->338207->340157->340158->338207->340157->340158->338207->340157->340158->338207->340157->340158->338207->340157->340158->338207->340157->340158->338207->340157->340158->338207->338327->338326->339575->338350->338351->339714->339716->339718->339715->338248->338246->338255->338908->338232->613774->613775->338232->338908->338255->338246->338248->339715->339720->339718->339716->339720->339715->339718->339716->339720->339715->339718->339720
rl_signal_attention,t3_sinsa_daechi,long,peak,8.0,29,2446.9809,1860.6067,586.3742,2536.5513,1558.604,15020.3,28,False,200,16,85,99,341904->341903->341633->343064->341904->342719->342117->341623->341905->341904->341903->342155->342156->342710->343062->563071->340626->341619->563100->341780->341614->341779->341781->341617->341616->343068->341618->341782->341615->340584->341784->341889->341583->341786->341588->341785->342116->341788->341787->563170->341731->341603->341730->646623->341984->341732->342691->341733->341602->338230->646176->339098->340484->338229->338218->339094->338258->339132->338586->338262->338587->338588->339119->338589->338205->338992->338592->338259->338590->338805->339504->339505->339506->339503->339477->339480->340320->339728->339312->613624->338622->338256->339580->613775->338232->338908->338255->338246->338248->339715->339720->339718->339716->339720->339715->339718->339720->339719->339720->339718->339716->339720->339715->339718->339720->339719->339720->339718->339716->339720->339715->339718->339720->339719->339720->339718->339716->339720->339715->339718->339720->339719->339720->339718->339716->339720->339715->339718->339720->339719->339720->339718->339716->339720->339715->339718->339720->339719->339720->339718->339716->339720->339715->339718->339716->339720->339715->339718->339716->339720->339715->339718->339716->339720->339715->339718->339716->339720->339719->339720->339718->339716->339720->339718->339716->339720->339715->339718->339716->339720->339715->339718->339716->339720->339715->339718->339716->339720->339715->339718->339716->339720->339715->339718->339716->339720->339715->339718->339716->339720->339715->339718->339716->339720->339715->339718->339716->339720->339715->339718->339716
rl_signal_attention,t3_sinsa_daechi,long,peak,8.0,30,2881.0399,2241.1546,639.8853,3033.4415,1700.8384,17781.3,28,False,200,22,71,107,341904->341903->342155->342156->342157->342711->342712->342158->342157->342156->342710->343062->563071->340626->341619->563100->341780->341614->341779->341781->341617->341616->343068->341618->341782->341615->340584->341784->341889->341583->341786->341588->341785->342116->341788->341787->563170->341731->341603->341730->646623->341984->341732->342691->341733->341602->338230->646176->339098->340484->338229->338218->339094->338258->339132->338586->338262->338587->338588->339119->338589->338205->338992->338592->338259->338590->338805->339504->339505->339506->339503->339477->339480->340320->339728->339312->613624->338622->338256->339580->613775->338232->338908->338255->338246->338248->339715->339720->339718->339716->339720->339715->339718->339720->339719->339720->339718->339716->339720->339715->339718->339716->339720->339715->339718->339720->339719->339720->339715->339718->339720->339719->339720->339718->339716->339720->339715->339718->339716->339714->338351->587871->338363->338340->338330->338318->338319->338320->340305->338764->338763->563047->338319->338318->338620->338317->339563->339562->338317->613780->613779->338340->338363->587871->338351->338350->339575->338326->338327->338207->340157->340158->338207->340157->340158->338207->340157->340158->338207->340157->338234->339582->338232->338908->338255->338246->338248->339715->339720->339716->339718->339715->339720->339718->339716->339720->339715->339718->339716->339720->339715->339718->339716->339720->339715->339718->339716->339720->339715->339718->339716->339720->339715->339718->339716->339720->339715->339718->339716->339720->339715
